Date,Symbol,Close,D_k,M_k,B_k,Return_5d,Return_10d,Return_20d
2021-03-30,AAAU,16.75,1,0.3108663273003256,-0.048092393437926664,0.032835820895522394,0.03164179104477616,0.059104477611940265
2021-03-30,ABR,15.9,1,0.32795984210824636,-0.04738827181941599,-0.0012578616352201255,0.03396226415094339,0.1182389937106918
2021-03-30,ACGL,39.16,1,0.29705471645291,-0.04947829840252043,0.02834525025536272,0.02425944841675176,0.008426966292135019
2021-03-30,ACGLO,26.29,1,0.32679319080635677,-0.04818255425282385,0.01787751996957021,0.009128946367440216,0.0036135412704452197
2021-03-30,ACIO,28.15,1,0.3242710593915649,-0.04737164039724255,0.02486678507992912,0.03712255772646533,0.052930728241563196
2021-03-30,ACR,15.0,1,0.32119095188505925,-0.049732618802577025,0.055333333333333234,0.03266666666666662,0.05466666666666664
2021-03-30,ACTG,6.11,1,0.3023186892934988,-0.04769285116089021,0.018003273322422242,-0.03109656301145669,0.0016366612111291534
2021-03-30,ACV,30.79,1,0.312719726390186,-0.04746398065181788,0.0503410198116272,0.08119519324455982,0.10003247807729787
2021-03-30,ACWI,94.96,1,0.29554459849110754,-0.049351534260580254,0.02348357203032858,0.03580454928390897,0.051811288963774293
2021-03-30,ADC,67.09,1,0.31243763481453785,-0.04700506881566422,0.017141153674168796,0.0058130868981964845,0.05008197943061554
2021-03-30,ADT,8.29,1,0.31233280332286456,-0.047350255074726164,0.07840772014475283,0.12424607961399281,0.15681544028950545
2021-03-30,ADV,11.85,1,0.3077527260389326,-0.04783691530866392,0.059071729957806074,0.07763713080168766,0.07932489451476799
2021-03-30,ADX,18.13,1,0.31336446125899875,-0.047132458420966784,0.031439602868174266,0.04853833425262022,0.05681191395477114
2021-03-30,AFYA,19.0,1,0.3245171315501944,-0.04854198772325511,0.0831578947368421,0.13315789473684214,0.26210526315789484
2021-03-30,AGNC,16.89,1,0.33206282729709413,-0.04968269795545929,0.013025458851391392,0.027531083481349805,0.06335109532267613
2021-03-30,AGRO,7.9,1,0.33055976457326564,-0.047007321718861,0.02405063291139231,0.0974683544303796,0.2088607594936709
2021-03-30,AGZ,117.83,1,0.32940604460140527,-0.04677657766907008,0.0012730204531954392,0.0015276245438344827,0.0027157769668166853
2021-03-30,AIO,26.14,1,0.33025670844200006,-0.04925659236291445,0.0520275439938791,0.05967865340474354,0.06426931905126243
2021-03-30,AIQ,28.05,1,0.31198752756573633,-0.04895682344369939,0.04991087344028511,0.05240641711229932,0.06452762923351152
2021-03-30,AIV,6.23,1,0.3039312647937806,-0.04999044720275121,0.03049759229534499,-0.0048154093097914075,0.0690208667736758
2021-03-30,ALLT,15.5,1,0.29858207957737104,-0.04825672201461126,0.24709677419354836,0.11999999999999988,0.1832258064516128
2021-03-30,AM,8.82,1,0.35316932003455764,-0.045628083980509146,0.01473922902494329,-0.019274376417233507,0.02947845804988658
2021-03-30,AMLP,30.01,1,0.325347537997436,-0.0497786222811802,0.04298567144285226,0.04931689436854381,0.10763078973675433
2021-03-30,AMPH,18.0,1,0.2980145627888432,-0.04866576791676426,-0.014444444444444482,-0.03333333333333344,-0.03388888888888886
2021-03-30,AMSF,64.65,1,0.30333745919644833,-0.048501531043038185,-0.02165506573859255,0.0,-0.03542150038669767
2021-03-30,AMX,13.79,1,0.33108367257771754,-0.04569716997489909,0.008701957940536742,0.019579405366207503,0.039158810732414784
2021-03-30,AMZA,23.37,1,0.31318505392128987,-0.04878369761023625,0.047154471544715415,0.06161745827984588,0.12623020967051768
2021-03-30,AOA,66.76,1,0.3087518125112813,-0.04822923801379972,0.01767525464349906,0.027561414020371267,0.04149191132414609
2021-03-30,APH,32.795,1,0.28944353335777395,-0.049684924959254625,0.02591858515017531,0.03232200030492449,0.029425217258728376
2021-03-30,AQN,15.67,1,0.31016776551919323,-0.04860307854895439,0.04020421186981493,0.03126994256541171,0.03318442884492678
2021-03-30,ARI,14.21,1,0.32681422930252607,-0.049491968188043606,-0.006333567909922677,0.04574243490499641,0.07318789584799434
2021-03-30,ARKO,9.95,1,0.3121201348961533,-0.04744982488447429,0.0030150753768845018,0.024120603015075348,0.039195979899497635
2021-03-30,ARKR,20.15,1,0.3210634834070903,-0.047831138221896836,0.06550868486352357,-0.009429280397022177,0.05062034739454102
2021-03-30,ARLP,5.59,1,0.33826091164376426,-0.045397340066075244,0.051878354203935606,0.0375670840787119,0.05545617173524153
2021-03-30,ASC,4.41,1,0.3153132997669139,-0.04928822811436186,-0.02947845804988658,-0.10430839002267578,-0.08843537414965996
2021-03-30,ASGI,19.6879,1,0.32677007780601414,-0.04769884798201053,0.016868228709004063,0.0011225168758477455,0.028042604848663277
2021-03-30,ASPCU,9.9,1,0.28917879075751396,-0.0494100602065225,0.01414141414141401,0.02020202020202011,0.011111111111111072
2021-03-30,ASX,7.78,1,0.32735339959786114,-0.04805322243540498,0.007712082262210762,-0.024421593830334265,0.10025706940874035
2021-03-30,ASYS,11.46,1,0.30331710245107535,-0.04931342738249771,0.15881326352530523,-0.002617801047120505,-0.03664921465968596
2021-03-30,ATMP,13.5932,1,0.3324905686061727,-0.04693443081486335,0.02845540417267456,0.036047435482447154,0.08228378895330035
2021-03-30,AUTL,5.49,1,0.3206383247327811,-0.049804461369467326,0.051001821493624755,0.02003642987249532,0.05828779599271394
2021-03-30,AWP,17.79,1,0.3179849540220756,-0.04821447516533385,0.006745362563237878,0.042158516020236014,0.062394603709949426
2021-03-30,AXR,10.55,1,0.3084457765833779,-0.04896342175707459,-0.04075829383886265,-0.07582938388625604,0.033127962085307994
2021-03-30,BAM,45.35,1,0.29408254897542624,-0.0493929905917798,-0.002425578831312003,0.0008820286659316778,0.007717750826901959
2021-03-30,BAR,16.72,1,0.3104239922267347,-0.04799186039622902,0.03289473684210531,0.0322966507177036,0.0592105263157896
2021-03-30,BATRA,28.42,1,0.34014474230671654,-0.04900672702299631,0.015130190007037303,-0.0007037297677693344,-0.015482054890921915
2021-03-30,BATRK,27.66,1,0.34620121508806073,-0.047905554278214274,0.021330441070137374,0.009761388286334105,-0.002169197396963085
2021-03-30,BATT,15.19,1,0.35279788099479387,-0.04856311752587229,0.019091507570770272,0.03949967083607642,0.06978275181040172
2021-03-30,BBAX,56.82,1,0.31799635466013965,-0.047276311182516774,0.010559662090813049,0.02974304822245677,0.05350228792678635
2021-03-30,BBCA,58.84,1,0.3116544566703643,-0.04894725061922342,0.021414004078857962,0.03144119646498966,0.05999320190346702
2021-03-30,BBIN,57.645,1,0.3109366626422103,-0.04800417222286873,0.014832162373145996,0.024373319455286646,0.03637782982045268
2021-03-30,BBJP,57.54,1,0.31001381716239784,-0.049962911847067776,-0.002085505735140769,0.0024330900243310083,-0.018769551616266922
2021-03-30,BBN,24.3,1,0.33647497023396533,-0.04808837323282819,0.01563786008230439,0.014814814814814836,0.04238683127572007
2021-03-30,BBVA,5.28,1,0.30710574909504623,-0.048126288761905424,0.024621212121212155,0.01325757575757569,0.03409090909090895
2021-03-30,BCD,26.585,1,0.30638478721591356,-0.04961802953128489,0.025390257664096305,0.044197855933797214,0.0912168516080496
2021-03-30,BCH,23.21,1,0.32547344024321234,-0.046243480210377816,0.009478672985781866,0.03274450667815598,-0.030159414045669908
2021-03-30,BCOR,16.34,1,0.3134967590905743,-0.04774064758284494,0.02080783353733162,-0.007343941248470043,-0.0973072215422277
2021-03-30,BCS,10.36,1,0.3286628572384971,-0.04934402320182815,0.0,-0.004826254826254761,0.026061776061776287
2021-03-30,BCSF,14.98,1,0.3231251671312927,-0.049614996376228404,0.03805073431241657,0.03938584779706278,0.06208277703604814
2021-03-30,BDCX,36.4222,1,0.31184187434477884,-0.04845053886706405,0.054521692813723543,0.019960353850124513,0.04684231045900589
2021-03-30,BDN,13.16,1,0.36759537649838675,-0.04791944064319567,-0.01747720364741645,-0.015957446808510745,0.02659574468085113
2021-03-30,BFST,23.96,1,0.3166457000340053,-0.04733439713428673,-0.01043405676126874,-0.0075125208681134925,-0.027128547579298945
2021-03-30,BGLD,18.71,1,0.29397101332478426,-0.04907677439735663,0.018172100481026243,0.018706574024585754,0.04088722608230899
2021-03-30,BGSF,13.66,1,0.33762695800461007,-0.04932210792228192,0.051244509516837455,-0.019033674963396807,0.06661786237188871
2021-03-30,BHFAL,27.09,1,0.322773479001192,-0.0480162510769592,0.0055370985603542255,0.001107419712070845,0.0036913990402362984
2021-03-30,BHFAN,26.05,1,0.32041122938044153,-0.04687935537044709,0.023800383877159437,0.018809980806141935,0.015355086372360827
2021-03-30,BHFAO,27.92,1,0.3106210560613681,-0.04874916711598662,0.012893982808023008,0.01611747851002865,0.026146131805157458
2021-03-30,BIP,35.3,1,0.3263660386471292,-0.04953649113412236,0.0370169971671388,0.03456090651558097,0.02322946175637397
2021-03-30,BIPC,50.2667,1,0.3115333231871471,-0.048929844014226884,-0.025199585411415537,-0.026259929535855764,-0.03262597305969961
2021-03-30,BKD,6.19,1,0.30874413225508957,-0.049439211081514195,0.0856219709208399,0.0920840064620354,0.04038772213247177
2021-03-30,BKHY,55.97,1,0.3126872219018578,-0.04759400968022104,0.004682865820975657,0.004288011434697259,0.008186528497409196
2021-03-30,BKIE,70.1403,1,0.3075234801945662,-0.04841596848414351,0.008733923293741341,0.019423926045369244,0.034095947693408846
2021-03-30,BKR,21.73,1,0.3036484185022512,-0.04972551345828587,-0.013805798435342909,-0.06350667280257705,-0.06810860561435805
2021-03-30,BLDG,30.1805,1,0.3518946404583714,-0.04748226364601178,0.016977849936217204,0.018859859843276316,0.04765991285763982
2021-03-30,BLX,15.22,1,0.3087338361654167,-0.04992837318816662,-0.005913272010512505,-0.01905387647831802,-0.0223390275952694
2021-03-30,BMAR,30.9442,1,0.3068697369123385,-0.0484181417878934,0.022359602122530298,0.02766592770212184,0.037548231978852264
2021-03-30,BND,84.76,1,0.34376168800608076,-0.04556652738708326,0.0012977819726285311,0.0038933459178858154,0.005309108069844193
2021-03-30,BNL,18.18,1,0.3344318921605958,-0.0463607158193975,0.03245324532453253,0.03575357535753576,0.07590759075907583
2021-03-30,BNS,63.0,1,0.3165631509252131,-0.04752510524729849,-0.017301587301587373,-0.015396825396825409,0.009206349206349218
2021-03-30,BP,24.88,1,0.3161953178075599,-0.048060037463071525,0.019694533762057986,0.026527331189710512,0.030546623794212246
2021-03-30,BPYPN,23.92,1,0.31322032180109444,-0.04770338994300655,0.018394648829431315,-0.0071070234113712605,0.024205685618728934
2021-03-30,BRF,19.1924,1,0.3477465018248987,-0.049670497586990194,0.04207915633271497,0.04937371042704419,0.12259540234676236
2021-03-30,BRT,17.01,1,0.3384623237412768,-0.04826912635527656,-0.0005878894767784582,0.011169900058788818,0.09817754262198686
2021-03-30,BSBR,7.04,1,0.3493142337674935,-0.048196007381134345,-0.021306818181818232,-0.01846590909090906,0.08238636363636354
2021-03-30,BSM,8.5,1,0.3390508621364554,-0.04839010932206353,0.049411764705882266,0.16470588235294126,0.2329411764705882
2021-03-30,BTG,4.22,1,0.3159997680682993,-0.04867678168283171,0.07109004739336489,0.1090047393364928,0.1872037914691944
2021-03-30,BUFF,33.996,1,0.3038131529476932,-0.04806192894320834,0.008648076244264002,0.009089304624073424,0.014384045181786043
2021-03-30,BUG,24.58,1,0.32597491284298225,-0.04730893575651221,0.043124491456468794,0.08868999186330373,0.11920260374288061
2021-03-30,BUI,24.83,1,0.3430589555930874,-0.049921870835372154,0.012082158679017407,0.03141361256544517,0.046717680225533575
2021-03-30,BUR,8.56,1,0.3177591068897441,-0.04846351389306432,0.17523364485981308,0.15654205607476634,0.4591121495327102
2021-03-30,BXMT,31.38,1,0.34034001260106517,-0.04795770125962992,-0.0009560229445505497,0.03473550031867423,0.031230082855321806
2021-03-30,CAAP,4.97,1,0.30639457805518533,-0.04809143306609048,-0.014084507042253391,-0.03621730382293753,0.18511066398390352
2021-03-30,CABA,10.53,1,0.2985727360330495,-0.04820816981898085,0.0018993352326686086,0.06837606837606836,0.07407407407407418
2021-03-30,CARE,13.99,1,0.32608317391370795,-0.04978452613859523,0.01786990707648317,-0.0035739814152967453,-0.056468906361687
2021-03-30,CBAN,15.69,1,0.32079138754454173,-0.04770406964395977,-0.028680688336520044,-0.03824091778202676,-0.0216698534098152
2021-03-30,CBON,23.5509,1,0.298110087109918,-0.04826622553456553,0.011740527962837977,0.013761682143782261,0.02076778382142508
2021-03-30,CCD,31.6,1,0.3257272611757045,-0.04687483629865147,0.0246835443037976,0.017088607594936578,0.019620253164556845
2021-03-30,CCOR,28.97,1,0.31680080785423004,-0.04762678480640105,0.0010355540214015413,0.011045909561615552,0.019330341732827216
2021-03-30,CCU,17.81,1,0.34674243163618446,-0.045505824693265556,0.01628298708590692,0.07636159460976999,0.05783267827063465
2021-03-30,CDC,62.49,1,0.3156643238507833,-0.049247197343255486,0.008001280204832817,0.014082253160505598,0.026564250280044943
2021-03-30,CDE,8.65,1,0.30525874909709505,-0.049712607549613264,0.07976878612716765,0.09942196531791891,0.11098265895953752
2021-03-30,CEF,17.05,1,0.2963613598309214,-0.049869176571247384,0.036950146627565905,0.05395894428152492,0.10322580645161272
2021-03-30,CEFS,20.9,1,0.3170053667896011,-0.04712180993085238,-0.00047846889952141147,0.001913875598086312,0.007655502392344582
2021-03-30,CEMB,52.11,1,0.3166257451759146,-0.04863097454474133,-0.0036461331798118835,-0.003930147764344638,0.0
2021-03-30,CET,37.552,1,0.32376751821288996,-0.04632728844158379,0.03110353642948449,0.03855986365573072,0.032701320835108794
2021-03-30,CEV,13.51,1,0.30068112621805043,-0.04983630787214535,-0.00962250185048108,-0.0007401924500369805,-0.0037009622501850137
2021-03-30,CFBK,19.5,1,0.3224741305355745,-0.04711451673523257,0.017948717948718107,0.006153846153846176,0.02205128205128193
2021-03-30,CFFN,13.58,1,0.34826917252777934,-0.04730114978692403,-0.028350515463917536,-0.03608247422680411,-0.038291605301914555
2021-03-30,CFO,67.09,1,0.30953324150039296,-0.047529272299674755,0.017290207184379236,0.02966164853182285,0.05157251453271705
2021-03-30,CGBD,13.3,1,0.3267256403879351,-0.046960703906006915,0.02556390977443601,0.017293233082706694,0.045864661654135386
2021-03-30,CGO,14.65,1,0.32169802938026165,-0.04753792124461052,0.0887372013651877,0.09283276450511946,0.09283276450511946
2021-03-30,CGW,48.9,1,0.33567891082491436,-0.04863310347534701,0.02515337423312891,0.04539877300613493,0.07034764826175888
2021-03-30,CHCI,5.27,1,0.29939266751588783,-0.04843812168874265,-0.05502846299810227,-0.1138519924098671,-0.13662239089184058
2021-03-30,CHMI,9.67,1,0.3119733407972106,-0.0477469165253174,-0.0175801447776629,-0.00413650465356763,0.06514994829369192
2021-03-30,CHSCM,27.43,1,0.32114204513886596,-0.04772121433307389,0.01932191031717112,0.017863652934743124,0.019686474662777842
2021-03-30,CHSCP,29.99,1,0.32026614887734833,-0.04981306471851454,0.0006668889629877217,0.004001333777926108,-0.00633544514838269
2021-03-30,CHW,10.0,1,0.29728268337690517,-0.04842692664947788,0.07699999999999996,0.07499999999999996,0.050999999999999934
2021-03-30,CLIX,81.9859,1,0.3046610668671903,-0.04980280485180931,0.02639600223940941,0.04260000805016473,0.040877760688118325
2021-03-30,CLLS,18.81,1,0.29703233598272716,-0.04952124080888844,0.03349282296650724,0.0372142477405637,0.0031897926634769647
2021-03-30,CLMT,5.89,1,0.31736897223439353,-0.046569168896812965,0.025466893039049365,-0.02037351443123936,0.022071307300509213
2021-03-30,CLPR,7.95,1,0.31550805993468417,-0.047715666821967644,0.12955974842767293,0.028930817610062887,0.03647798742138364
2021-03-30,CLPS,4.97,1,0.2942740284871285,-0.04953455401874083,0.04024144869215296,-0.06237424547283699,-0.10865191146881292
2021-03-30,CMCSA,54.98,1,0.30821266728205243,-0.04822402618046236,-0.00691160421971615,-0.03055656602400869,-0.01600582029829023
2021-03-30,CMPS,35.3,1,0.3014815307343073,-0.04920584304435023,0.04815864022662897,0.018413597733711207,0.017563739376770693
2021-03-30,CMSD,27.34,1,0.3220773821610853,-0.046542775112440815,0.022311631309436697,0.014630577907827291,0.016825164594001407
2021-03-30,CNDT,6.83,1,0.3539126951918773,-0.04938734305801251,-0.002928257686676483,0.004392386530014614,-0.014641288433382083
2021-03-30,CNXN,46.79,1,0.29984927570141545,-0.04823327216717112,-0.015601624278691939,-0.04082068818123519,-0.03376789912374434
2021-03-30,CODA,8.18,1,0.30662910994454323,-0.04795570265451116,0.12102689486552576,0.04645476772616153,-0.013447432762836109
2021-03-30,COM,27.25,1,0.3000095565700474,-0.048396340294963536,0.019449541284403793,0.042568807339449455,0.08036697247706437
2021-03-30,COO,96.2225,1,0.29389519100138595,-0.04946060231185652,-0.005715918833952505,0.01600457273506728,0.057600872976694584
2021-03-30,CORN,16.38,1,0.3300118051132039,-0.04640678611516999,0.057997557997558014,0.12271062271062272,0.2124542124542126
2021-03-30,COTY,9.15,1,0.31665081733739076,-0.0468486375292238,-0.050273224043715925,-0.05464480874316935,0.12349726775956271
2021-03-30,CPER,24.55,1,0.30346949844250654,-0.049046982472647174,0.02077393075356415,0.03380855397148674,0.13238289205702647
2021-03-30,CRMD,8.99,1,0.3127506023466314,-0.04777163904546118,0.08676307007786432,-0.11790878754171308,-0.025583982202447175
2021-03-30,CSM,45.3204,1,0.3029298987393175,-0.048669623134852444,0.032599006187059354,0.04582263175082302,0.06089090122770324
2021-03-30,CSPI,4.285,1,0.30018855151306134,-0.04919417132608739,0.029171528588098017,0.004667444574095514,0.10851808634772464
2021-03-30,CSR,69.42,1,0.3016774102877659,-0.04854819798069381,-0.019590895995390323,-0.030826851051570126,0.025064822817631782
2021-03-30,CSX,32.1233,1,0.3299010113132419,-0.049500714687346334,0.006020552060342466,0.0206516765089515,0.053232388951321985
2021-03-30,CTO,17.6467,1,0.32272699426183504,-0.047662249015924044,-0.0026463871432050867,0.005666781891231931,-0.0028333909456159656
2021-03-30,CTRE,23.28,1,0.3171911343103171,-0.04802478860279777,0.04037800687285209,0.021907216494845283,0.04939862542955331
2021-03-30,CTSO,8.41,1,0.3057187295431347,-0.04964131391242044,0.04399524375743158,0.09988109393579081,0.07491082045184294
2021-03-30,CUT,36.24,1,0.3533968982255961,-0.04477958505028637,0.017345474613686518,0.025424944812362016,0.06263796909492259
2021-03-30,CVGI,9.88,1,0.3245832258281131,-0.04872553868022304,-0.027327935222672184,0.023279352226720507,0.07591093117408909
2021-03-30,CVU,4.47,1,0.3206725820350231,-0.04883888805005206,0.031319910514541416,0.024608501118568382,-0.02237136465324374
2021-03-30,CVV,4.42,1,0.3002650358013057,-0.0487797310041375,-0.004524886877827927,-0.03619909502262442,0.040723981900452344
2021-03-30,CVY,23.27,1,0.3286154394821108,-0.046266549280389604,0.010107434464976306,0.021396648044692768,0.03902019767941556
2021-03-30,CWEN,27.81,1,0.32446193284569375,-0.0485481632732829,0.021934555915138487,0.02445163610212142,0.04494786048184096
2021-03-30,CWK,16.5,1,0.36851844356444696,-0.04947113913238178,-0.018181818181818188,0.01939393939393952,0.006666666666666599
2021-03-30,CX,7.19,1,0.3418335365868255,-0.04936382646375293,-0.01251738525730195,0.016689847009735637,0.06258692628650886
2021-03-30,CYH,12.95,1,0.30808435642753595,-0.047388537874385225,-0.10347490347490351,-0.21235521235521237,-0.18532818532818518
2021-03-30,CZNC,24.15,1,0.3390365131355476,-0.04850928126538102,-0.022774327122153104,-0.0165631469979296,0.027743271221532195
2021-03-30,DBA,16.62,1,0.31960795142479875,-0.04641095617884759,0.0306859205776171,0.05234657039711177,0.1052948255114321
2021-03-30,DBB,18.7,1,0.3277339043493118,-0.04681492284835696,0.013903743315508033,0.028342245989304793,0.08823529411764719
2021-03-30,DBC,16.52,1,0.3348843648058396,-0.047089610881489635,0.013922518159806385,0.05084745762711873,0.08595641646489116
2021-03-30,DBEF,36.45,1,0.3101264439292776,-0.047358589014047714,0.007681755829903825,0.009327846364883374,0.013168724279835287
2021-03-30,DBEZ,36.0893,1,0.3055235317370012,-0.04824571230028536,0.01359682786864802,0.014062339807089597,0.030285985042658004
2021-03-30,DBL,19.92,1,0.3212981353458485,-0.04825603031959167,0.008032128514056103,-0.009538152610441886,-0.010291164658634666
2021-03-30,DBMF,27.2724,1,0.31733668535138543,-0.04832615742789015,0.012785820096507639,0.021435590560419993,0.03205805136328288
2021-03-30,DBO,10.64,1,0.32040639415851535,-0.04689012168687424,0.007518796992481258,0.05545112781954886,0.06390977443609014
2021-03-30,DD,32.7699,1,0.30927917083178813,-0.04907390719221195,-0.03473004189820539,-0.022343675140906738,-0.016216100750994
2021-03-30,DDLS,33.578,1,0.3392442902632926,-0.04554616242056574,0.018881410447316727,0.019340044076478602,0.02535290964321857
2021-03-30,DEI,32.35,1,0.35311537733272746,-0.04720708421360089,0.005564142194744992,-0.0037094281298301057,0.026275115919629055
2021-03-30,DFAU,28.03,1,0.3187755917138182,-0.04640051031264075,0.02818408847663223,0.039957188726364556,0.05708169818052089
2021-03-30,DFE,69.31,1,0.3151481524887073,-0.047591278420217105,0.03550425624008069,0.04804501514932902,0.07493579570047615
2021-03-30,DGICA,15.06,1,0.32374121320183713,-0.04645789731218731,0.007968127490039834,0.043824701195219085,0.025232403718459473
2021-03-30,DGRE,29.76,1,0.3344935825702115,-0.04577256542576765,-0.0015120967741936164,-0.0020161290322581182,0.018817204301075252
2021-03-30,DGS,50.96,1,0.32688951951549755,-0.04980977571643725,0.01491365777080067,0.014324960753532068,0.06043956043956045
2021-03-30,DHCNI,22.96,1,0.3163656553097409,-0.04699463721535174,0.008710801393728262,0.0013066202090590284,0.005239547038327519
2021-03-30,DHS,76.5,1,0.30405576503571924,-0.04907610043915949,0.006143790849673092,0.011111111111111072,0.018692810457516362
2021-03-30,DHT,5.88,1,0.32113563992165794,-0.04963650783085906,0.06462585034013602,-0.017006802721088343,0.020408163265306145
2021-03-30,DIVO,34.48,1,0.3253476988599725,-0.04640534706888,0.0124709976798143,0.01740139211136893,0.019721577726218076
2021-03-30,DIVZ,27.3903,1,0.3277054037507792,-0.04627483063880475,0.007922512714354957,0.009076205810085947,0.017612074347487905
2021-03-30,DJD,43.3088,1,0.32358466511490447,-0.04802122209586085,0.007185606620363494,0.005338406975025967,0.003953007241022544
2021-03-30,DJP,23.32,1,0.31689781927190075,-0.049348623515449164,0.01758147512864494,0.045454545454545414,0.10891938250428823
2021-03-30,DLB,98.5,1,0.2965486376117356,-0.048416041209316335,0.032588832487309594,0.020101522842639552,0.027715736040609285
2021-03-30,DLHC,10.28,1,0.3060626885873838,-0.04900001466395872,0.029182879377432025,0.031128404669260812,0.031128404669260812
2021-03-30,DLS,72.32,1,0.31872554993841123,-0.04977596635143522,0.019496681415929418,0.026272123893805288,0.04175055309734521
2021-03-30,DLY,19.08,1,0.32106244646505755,-0.04752929228623577,0.015199161425576646,0.02515723270440251,0.027253668763102867
2021-03-30,DMXF,65.02,1,0.30543175700616043,-0.04927523507435238,0.0181482620732083,0.029990772070132232,0.04058904952322351
2021-03-30,DNOW,10.16,1,0.34619055464386805,-0.04990727915482722,-0.03149606299212604,-0.032480314960629975,-0.021653543307086687
2021-03-30,DNP,9.83,1,0.30270674651898366,-0.04805854577102166,0.011190233977619535,0.033570701932858604,0.04170905391658186
2021-03-30,DOC,17.95,1,0.30830959996054647,-0.04842361895452266,0.027855153203342642,0.012256267409470833,0.04791086350974938
2021-03-30,DRH,10.56,1,0.3786216336531864,-0.04830072167680193,-0.006628787878787956,-0.04356060606060619,-0.005681818181818232
2021-03-30,DRN,16.04,1,0.3189069794505015,-0.04887580332023533,0.057356608478803084,0.059226932668329235,0.1882793017456359
2021-03-30,DSACU,10.3917,1,0.3009914948727364,-0.04962086063150416,0.10761473098723018,-0.005937430834223489,-0.028070479324845854
2021-03-30,DSI,75.94,1,0.29720303919838925,-0.04864940896387689,0.03094548327627078,0.04516723729259953,0.05978404003160409
2021-03-30,DSTL,39.53,1,0.31185530219158575,-0.04744518318439839,0.016443207690361783,0.023526435618517638,0.03338983050847455
2021-03-30,DTB,24.71,1,0.3222636029468823,-0.047365966085090486,0.02063941723998375,0.02144880615135558,0.025495750708215192
2021-03-30,DUKB,26.86,1,0.3171402482517737,-0.04687954159979604,0.007446016381235987,0.003350707371556183,0.006329113924050667
2021-03-30,DUKH,26.06,1,0.3028411631536509,-0.047832695793676466,0.016116653875671627,0.00038372985418266836,0.010360706062931602
2021-03-30,DWM,52.91,1,0.3149272853963579,-0.04844561452837472,0.007182007182007233,0.015309015309015406,0.02778302778302799
2021-03-30,DXR,12.4,1,0.32387020192237853,-0.04769526198698967,-0.06451612903225812,-0.1201612903225806,-0.20564516129032262
2021-03-30,E,24.41,1,0.3288330170845282,-0.04745847164223902,0.020073740270381002,0.021302744776730886,0.019254403932814412
2021-03-30,EARN,12.43,1,0.3184061536321985,-0.04797810810403193,-0.02091713596138378,-0.0193081255028158,0.008849557522123908
2021-03-30,EASG,29.85,1,0.3431502357448317,-0.04660375610860375,0.01742043551088779,0.02646566164154107,0.03818090452261291
2021-03-30,EBND,25.87,1,0.3087831322944642,-0.04736745590542388,0.013142636258214102,0.02241979126401228,0.02899110939311944
2021-03-30,ECH,33.885,1,0.31899507784393877,-0.048110027632142505,0.010476612070237756,0.024937287885494985,-0.026117751217352714
2021-03-30,EDOW,29.5641,1,0.3196221499514785,-0.0489641372033697,0.014575109676939313,0.017450218339134294,0.01609722602751318
2021-03-30,EEMO,18.9473,1,0.3472039276112936,-0.0495219894094173,0.02149646651501813,0.014735608767476371,0.05630353665166021
2021-03-30,EEMX,39.6617,1,0.32856869495245383,-0.0484416814141417,0.007395043581087002,0.011303095933860474,0.037217265018897105
2021-03-30,EFAD,43.72,1,0.3465532165470177,-0.04708089855249011,0.010413998170173855,0.02881976212259829,0.03272415370539794
2021-03-30,EFC,16.18,1,0.31857121483657047,-0.047111672574553,0.08529048207663781,0.09085290482076624,0.1266996291718172
2021-03-30,EFIV,36.6692,1,0.3051788959576978,-0.04964995229385957,0.03530210639992171,0.04610954152258584,0.06470280235183767
2021-03-30,EFNL,45.4702,1,0.3213736719315495,-0.04791284165199901,0.0214360174355952,0.03314258569348727,0.0801579935870087
2021-03-30,EGO,10.44,1,0.3058035464665846,-0.04861818746080793,0.06992337164750961,0.03544061302682011,0.04789272030651337
2021-03-30,EIDO,22.01,1,0.33366509866731353,-0.049466292420004415,-0.01590186278964112,-0.01726487960018186,-0.012267151294866108
2021-03-30,ELA,4.86,1,0.3017520033061909,-0.04810036671316787,0.006172839506172645,-0.1440329218106996,-0.2098765432098766
2021-03-30,ELD,31.69,1,0.3261037314642335,-0.046672807427637575,0.02082675923004107,0.02871568318081419,0.033600504891132976
2021-03-30,ELDN,9.85,1,0.31041586374364116,-0.049367102118750686,0.18680203045685273,0.16040609137055828,0.044670050761421276
2021-03-30,ELSE,4.6,1,0.31324165977108126,-0.04727971282837291,0.15217391304347827,-0.08260869565217388,0.008695652173912993
2021-03-30,ELTK,6.38,1,0.304794458450922,-0.0481386353123572,-0.03626959247648898,-0.061128526645767955,-0.11128526645768022
2021-03-30,EMCB,75.24,1,0.3276463252648274,-0.04806413989781253,0.0018607123870282294,0.0035885167464115852,0.0014619883040936088
2021-03-30,EMF,19.03,1,0.3293020115946274,-0.0484214194138924,0.01576458223857058,0.016290068313189687,0.04308985811875976
2021-03-30,EMHY,44.31,1,0.3144078879671828,-0.04798858202561983,0.006808846761453324,0.014540735725569798,0.01918302866170163
2021-03-30,EMLC,30.43,1,0.3211894259164325,-0.04758877780697511,0.017088399605652338,0.025303976339138945,0.031219191587249506
2021-03-30,EMO,18.41,1,0.31288511513786355,-0.04825402831397517,0.0412819120043455,0.03476371537208034,0.09016838674633343
2021-03-30,EMTY,17.3723,1,0.34657296687493977,-0.049282051803597744,-0.010510985879820245,-0.028810232381434764,-0.04100205499559639
2021-03-30,ENFR,17.15,1,0.3329828755556069,-0.045435602674390174,0.023206997084548098,0.024122448979591926,0.06355685131195332
2021-03-30,ENO,25.26,1,0.3156349663547013,-0.04736266610309092,0.008313539192398967,0.004750593824227822,0.013460015835312644
2021-03-30,ENTX,3.3,1,0.29498670647130315,-0.048820311835922475,0.09393939393939399,-0.003030303030302939,0.11515151515151523
2021-03-30,EOLS,11.75,1,0.34128820868599274,-0.04905847418938111,0.18553191489361698,-0.002553191489361617,-0.19148936170212771
2021-03-30,EOS,21.3,1,0.3159421116488235,-0.047542474619106864,0.04835680751173688,0.06666666666666665,0.0596244131455399
2021-03-30,EOSE,18.31,1,0.29573896334528665,-0.04826740974149831,-0.07373020207536851,-0.14800655379574001,-0.22009830693610044
2021-03-30,EPAC,26.26,1,0.3104271327515269,-0.04956175364895096,-0.020944402132521023,0.0026656511805025485,0.013328255902513186
2021-03-30,EPD,22.36,1,0.3404611973288959,-0.04902672827164582,0.00939177101967803,0.03488372093023262,0.05724508050089461
2021-03-30,EPHE,29.27,1,0.3443237331241673,-0.04962453826860955,0.01879057055005129,0.0058079945336522165,-0.0027331738981891673
2021-03-30,EQL,31.1648,1,0.3266299171696628,-0.04622115118598354,0.020888951637745068,0.02964562583427477,0.04661669575931837
2021-03-30,EQNR,19.59,1,0.31391154129187665,-0.048265153490311366,0.010719754977029039,0.009188361408882129,0.07248596222562531
2021-03-30,EQX,7.82,1,0.31774532469050576,-0.048140725849503435,0.07544757033248084,0.09846547314577991,0.07289002557544766
2021-03-30,ERC,12.45,1,0.3031309094394196,-0.04914827677887784,0.0072289156626506035,0.010441767068273267,0.02048192771084345
2021-03-30,ESGU,90.45,1,0.294551563581825,-0.04910779923466704,0.031066887783305797,0.04444444444444451,0.059038142620232215
2021-03-30,ESI,18.45,1,0.3200574189804496,-0.048727528434821483,0.022222222222222143,0.048238482384823866,0.1192411924119241
2021-03-30,ETX,21.94,1,0.3125412659576354,-0.04827682476190638,0.005013673655423823,0.01185050136736554,0.005396536007292507
2021-03-30,EUFN,19.42,1,0.32542033331094644,-0.0497175591135335,0.01853759011328515,0.018022657054582725,0.03810504634397516
2021-03-30,EUO,24.44,1,0.33966862593559943,-0.04487220850920225,-0.02782324058919805,-0.04275777414075288,-0.06751227495908352
2021-03-30,EWA,24.73,1,0.34170316526907984,-0.04465874481948224,0.023453295592397838,0.041245450869389355,0.06995551961180757
2021-03-30,EWJV,28.39,1,0.3344466087112614,-0.046943172213754214,-0.013737231419513884,-0.00804156393096167,-0.02647411060232474
2021-03-30,EWL,44.62,1,0.32927670992876756,-0.04557557050100722,0.01815329448677727,0.027790228597041722,0.046839982070820296
2021-03-30,EWM,27.42,1,0.34066867758747954,-0.04601605836948457,-0.001094091903720007,0.0007293946024800047,0.02188183807439814
2021-03-30,EWUS,45.32,1,0.32744353769331486,-0.04766711383650214,0.030008826125331067,0.04148278905560465,0.06722859664607239
2021-03-30,EWW,44.26,1,0.30120007650788677,-0.0482941308942731,0.021690013556258547,0.03908721192950759,0.049932218707636755
2021-03-30,EWX,55.1,1,0.3228525012774787,-0.046834123973079976,0.019600725952813036,0.019600725952813036,0.0729582577132486
2021-03-30,EWZS,15.22,1,0.38364349910509105,-0.04961535618882222,0.053876478318002574,0.07424441524310121,0.13863337713534807
2021-03-30,EXK,4.76,1,0.30218465519222726,-0.048672863097676655,0.07983193277310918,0.12184873949579833,0.19327731092436973
2021-03-30,EYEG,4.72,1,0.28781167803849766,-0.04981545433064873,0.057203389830508655,-0.11016949152542366,-0.09110169491525422
2021-03-30,EZA,48.92,1,0.29803250579697854,-0.04946675601834491,0.027596075224856964,0.03679476696647588,0.05335241210138997
2021-03-30,EZU,46.435,1,0.3088501769166798,-0.04974933081623752,0.025950253041886473,0.03521050931409486,0.0638526973188327
2021-03-30,FCA,29.7168,1,0.3237115711277911,-0.04793023428041239,0.017616297851720253,0.029636434609379148,0.01554003122812686
2021-03-30,FCCO,20.89,1,0.3235360249875603,-0.04822972163654043,-0.0933460986117759,-0.08472953566299668,-0.13355672570607946
2021-03-30,FCG,12.78,1,0.3279567909350107,-0.04911730027264932,0.014866979655712154,0.008607198748043832,0.05086071987480434
2021-03-30,FCO,8.44,1,0.30351574048627283,-0.04787768870627854,0.0011848341232227888,0.0035545023696683664,0.02251184834123232
2021-03-30,FCOM,48.97,1,0.30333292764182607,-0.04978255311761471,0.05554421074127025,0.04594649785583016,0.06077598529712058
2021-03-30,FCOR,54.2,1,0.3410654950854723,-0.04715543215055661,0.005276752767527482,0.010020295202952001,0.008118081180811698
2021-03-30,FCPI,27.2698,1,0.3151899167258139,-0.04919675997563423,0.03480406897006949,0.03683562035658494,0.056846768219788846
2021-03-30,FCPT,27.43,1,0.35106959037560453,-0.04778244313771622,0.025884068538096994,0.023332118118847944,0.03609187021509297
2021-03-30,FDEM,27.4102,1,0.3248789600448096,-0.046943723414605565,0.004925173840395258,0.012156058693479022,0.03851850770880927
2021-03-30,FDP,28.67,1,0.3068448781416572,-0.04851172663036212,-0.014300662713637946,0.008371119637251345,-0.010812696198116534
2021-03-30,FDTS,45.4,1,0.30301627128658404,-0.04865186542209976,0.021365638766519757,0.03557268722466955,0.040308370044052744
2021-03-30,FDUS,15.67,1,0.3232096596745168,-0.047746305747989055,0.07530312699425656,0.06126356094447982,0.06509253350350996
2021-03-30,FEMB,33.85,1,0.3488507264037024,-0.04677761907347007,0.030723781388478644,0.03633677991137363,0.03737075332348594
2021-03-30,FENC,6.45,1,0.30647692789987035,-0.04875065001358753,-0.006201550387596955,0.0,0.0356589147286821
2021-03-30,FEZ,44.5,1,0.30770633917624834,-0.0486918234644772,0.026516853932584183,0.0352808988764044,0.06292134831460672
2021-03-30,FFA,18.53,1,0.32377670898946376,-0.0465392520918607,0.024824608742579413,0.04910955207771184,0.05558553696708035
2021-03-30,FFEB,34.3297,1,0.30903007378470093,-0.0475367252015945,0.020297293597089316,0.027276672968304272,0.039187642187376914
2021-03-30,FGBI,16.7727,1,0.3254671414602394,-0.0484517413807833,-0.023305728952404903,-0.027097605036756178,-0.050945882296827616
2021-03-30,FHI,31.49,1,0.3275944706164494,-0.04788746642046593,-0.012702445220704961,-0.007621467132422954,-0.043823436011432126
2021-03-30,FHLC,58.48,1,0.3121305992695345,-0.048944046926937386,0.004616963064295598,0.024110807113543187,0.05899452804377581
2021-03-30,FJAN,31.1793,1,0.3010443540282759,-0.04843597825620316,0.018303810540967858,0.024096115050690647,0.03177428614497435
2021-03-30,FKU,41.575,1,0.31084583337965277,-0.04952366687144954,0.02369212266987364,0.03415514131088382,0.0644618159951893
2021-03-30,FLAU,29.0938,1,0.32835717380752216,-0.046212792188852464,0.023726704658724396,0.04035911431301509,0.0679801194756271
2021-03-30,FLAX,28.7706,1,0.3246469300555484,-0.047934942019592225,0.0009210791571951926,0.005540378024789128,0.028991400944019308
2021-03-30,FLBR,20.3076,1,0.33242495612106354,-0.047259241220709826,0.030599381512339985,0.04897181350824309,0.12094979219602497
2021-03-30,FLC,24.08,1,0.3086736548448485,-0.04805743643231549,0.014950166112956964,0.05024916943521607,0.02200996677740874
2021-03-30,FLIN,27.858,1,0.32975228041158006,-0.048009439383340444,-0.004418838394716129,-0.02164907746428324,-0.005312657046449787
2021-03-30,FLJP,30.5981,1,0.341783430808233,-0.045385836801309504,6.209535886214645e-05,0.005944813566855611,-0.01693242390867411
2021-03-30,FLLA,22.2167,1,0.3339826048237798,-0.04609781703665444,0.0264575747073148,0.04195942691758914,0.08625943546971415
2021-03-30,FLMX,22.3586,1,0.3212481459487542,-0.04617772977228053,0.0217366024706378,0.0369343339922894,0.04812465896791385
2021-03-30,FLO,24.24,1,0.3280908843930932,-0.049289794044764176,-0.0024752475247524774,-0.022277227722772297,-0.015676567656765616
2021-03-30,FLSA,29.3132,1,0.3386354726350609,-0.04685193928134768,0.05344691128911205,0.03878457486729525,0.12341880108620007
2021-03-30,FLTW,41.5938,1,0.3125043768595608,-0.047297161506246535,0.006339887194726224,0.014413205814328034,0.08988118421495495
2021-03-30,FLYT,46.7723,1,0.29021919565650517,-0.04913459708849952,0.01564815072168768,0.023894484556029827,0.030759659028955166
2021-03-30,FMAR,29.96,1,0.29830875819408326,-0.04811456393154068,0.02102803738317749,0.026598798397863943,0.035380507343124146
2021-03-30,FMNB,16.46,1,0.344044020721356,-0.04951629482173563,0.030984204131227155,0.0018226002430132837,-0.01640340218712022
2021-03-30,FNDB,17.16,1,0.3257757766768289,-0.04677237208267969,0.012237762237762295,0.01844988344988341,0.0343822843822843
2021-03-30,FNDC,37.55,1,0.3463844839810655,-0.04651234442974474,0.019174434087882997,0.028761651131824273,0.04207723035952071
2021-03-30,FNDF,32.31,1,0.33358923120345296,-0.047422515519850945,0.010832559579077472,0.016094088517486727,0.02537913958526783
2021-03-30,FNF,40.86,1,0.3094456640904519,-0.04791510760610219,0.05506607929515428,0.08565834557023977,0.12383749388154675
2021-03-30,FPF,23.9,1,0.3126436191610794,-0.048019026247753414,0.003765690376569042,0.015062761506276168,0.03054393305439329
2021-03-30,FRBA,12.38,1,0.34983503389852966,-0.049287867691151926,-0.06946688206785145,-0.08077544426494343,-0.046042003231017814
2021-03-30,FRI,25.3882,1,0.34456305449603014,-0.0468241519340188,0.01838649451319907,0.018225002166360582,0.05700679843391798
2021-03-30,FSM,6.01,1,0.31738709250020597,-0.04997074790557829,0.15640599001663902,0.19966722129783698,0.021630615640598982
2021-03-30,FSZ,61.995,1,0.301104203263353,-0.048850691099601426,0.029276554560851764,0.04153560771029907,0.05234293088152264
2021-03-30,FTF,9.19,1,0.29208020726541867,-0.048719012732900864,-0.0043525571273121955,0.0010881392818280489,0.015233949945593128
2021-03-30,FTSL,47.69,1,0.302512535341525,-0.0480474843362614,0.007968127490039834,0.006080939400293639,0.003774376179492611
2021-03-30,FTXG,26.24,1,0.32775080945880725,-0.0498450522636571,-0.019054878048780477,-0.018292682926829174,-0.01051829268292681
2021-03-30,FTXH,25.19,1,0.33333178021598747,-0.04662665863297592,0.00992457324335061,0.022032552600238287,0.034934497816593746
2021-03-30,FTXN,15.51,1,0.326534154669192,-0.04897493967304197,0.05802707930367501,0.005480335267569414,0.029548678272082407
2021-03-30,FULTP,26.18,1,0.30693626777615696,-0.048434572113220054,-0.013368983957219305,-0.007639419404125269,-0.009965622612681413
2021-03-30,FVAL,44.74,1,0.3051127637158315,-0.04852621930834563,0.02346893160482777,0.03366562360303971,0.05051408135896285
2021-03-30,FVD,38.11,1,0.3364928718714176,-0.04743405602593613,0.006035161374967402,0.015219102597743284,0.027814221988979426
2021-03-30,FXA,75.5514,1,0.3243934584322288,-0.049069668527157786,0.002099233104879472,0.018247180065491975,0.026321153545798115
2021-03-30,FXB,132.4834,1,0.31911409944583413,-0.04838874209682417,0.0004272233351498844,0.0040503187569160826,0.015976341186895837
2021-03-30,FXC,77.76,1,0.334965664386326,-0.045664771006184234,0.001286008230452662,0.009130658436213857,0.025483539094650176
2021-03-30,FXE,109.82,1,0.34321772798737615,-0.04695038629583611,0.012839191404115935,0.021853942815516447,0.034146785649244116
2021-03-30,FXF,96.4107,1,0.3133844367163068,-0.048790990660999,0.013269274053606006,0.02104849358006944,0.035569703362801075
2021-03-30,FXU,29.7,1,0.34154329746014267,-0.0499400255311624,0.015824915824915964,0.02760942760942764,0.022558922558922667
2021-03-30,FXY,85.45,1,0.330398338637089,-0.04779281614792688,0.0050321825629022765,0.012521942656524176,0.015330602691632667
2021-03-30,GAA,30.685,1,0.37029642722818273,-0.048711053360692785,0.012325240345445687,0.020697409157568902,0.03843897669871277
2021-03-30,GAIA,11.57,1,0.323174819357676,-0.04923305568070428,-0.025929127052722656,-0.08210890233362156,-0.0942091616248919
2021-03-30,GBAB,23.18,1,0.325495191849323,-0.046427075314172235,0.011647972389991379,0.011647972389991379,0.023727351164797295
2021-03-30,GBDC,14.83,1,0.32159936422743074,-0.046815990630212544,0.02764666217127454,0.028320971004720086,0.05731625084288594
2021-03-30,GBF,120.1221,1,0.3702562478635343,-0.049364994264378764,0.003145965646621285,0.0051522575779143764,0.0067256566443643084
2021-03-30,GCC,19.83,1,0.31007726548272824,-0.048307949873897915,0.02521432173474536,0.04790721129601638,0.09228441754916794
2021-03-30,GCMG,12.19,1,0.3494241862200771,-0.049878521223629874,0.020508613617719496,-0.005742411812961423,0.08695652173913038
2021-03-30,GEG,2.44,1,0.2925116240473799,-0.04983842912286553,-0.012295081967213073,0.14344262295081966,0.09426229508196715
2021-03-30,GEM,39.23,1,0.3201618499942161,-0.048775730671963294,0.00994137139943918,0.016314045373438724,0.04104002039255694
2021-03-30,GF,19.54,1,0.29578207442808674,-0.049941297307255356,0.042476970317298024,0.04042988741044007,0.09672466734902763
2021-03-30,GGAL,7.7,1,0.29412264309063024,-0.04880323039869798,0.009090909090909038,-0.04675324675324677,0.011688311688311748
2021-03-30,GGRW,21.7365,1,0.32928853918777035,-0.0464606076125076,0.06553953028316428,0.08444781818600045,0.11722218388424999
2021-03-30,GIGB,53.2502,1,0.3346239040621843,-0.047678803518606344,0.004818761244089309,0.008869450255585942,0.008604662517699424
2021-03-30,GLAD,19.92,1,0.3313737287862143,-0.04587183068936551,0.04417670682730912,0.06626506024096379,0.09638554216867457
2021-03-30,GLBS,4.58,1,0.296487699131615,-0.048955049586698884,-0.013100436681222849,-0.09825327510917037,0.05458515283842802
2021-03-30,GLRE,8.99,1,0.320554129136309,-0.04765969506108907,-0.0022246941045606095,0.005561735261401468,-0.00444938820912133
2021-03-30,GLW,43.6,1,0.28999746232093865,-0.04951226738770498,0.01582568807339446,0.03761467889908254,0.017431192660550376
2021-03-30,GNL,18.36,1,0.3313158184135667,-0.048420836209702736,0.039760348583878,0.014705882352941124,0.034313725490195957
2021-03-30,GNR,50.45,1,0.31279682975670675,-0.04843680224851289,0.013478691774033713,0.022200198216055345,0.05629335976214067
2021-03-30,GNW,3.38,1,0.3193274745986647,-0.04653985822891475,0.0,0.047337278106508895,0.3017751479289943
2021-03-30,GOODN,26.08,1,0.31223461488687704,-0.04818151052643277,0.005751533742331283,0.008435582822085896,0.01418711656441718
2021-03-30,GOVZ,19.269,1,0.35348352483774215,-0.04887917219255965,0.007307073537806907,0.01898386008614872,0.02602107011261623
2021-03-30,GPJA,26.6,1,0.31754162394109897,-0.04726658109767887,0.018996240601503622,0.016165413533834494,0.008646616541353236
2021-03-30,GPK,18.58,1,0.31466906138544126,-0.04746237836103861,-0.0010764262648008671,-0.026372443487621022,-0.006458557588804981
2021-03-30,GPMT,12.59,1,0.3152991661974925,-0.04800057272484229,-0.031771247021445626,0.01350277998411431,0.05718824463860206
2021-03-30,GPRK,15.48,1,0.32543725536287893,-0.047016919099785004,0.07881136950904377,0.08204134366925064,0.06589147286821695
2021-03-30,GRF,8.405,1,0.32188855340798717,-0.048931660169904564,-0.0005948839976203102,0.0065437239738252995,0.03688280785246878
2021-03-30,GRFS,16.84,1,0.3183293902134796,-0.04915503097700548,0.016033254156769594,0.06057007125890723,0.06294536817102125
2021-03-30,GSBD,19.52,1,0.32881193863976077,-0.04686753992995755,0.0322745901639343,-0.006659836065573743,0.011782786885246033
2021-03-30,GSG,13.94,1,0.32016983104556784,-0.047841629898199525,0.0057388809182210565,0.0394548063127691,0.07890961262553797
2021-03-30,GSIT,6.67,1,0.2975323910688081,-0.048998407927385856,0.08095952023988007,0.010494752623688264,-0.06146926536731634
2021-03-30,GSJY,38.2286,1,0.32538254679421663,-0.047179337720641035,-0.002605379218700188,0.0024745870892473043,-0.02203324212762181
2021-03-30,GSLC,78.62,1,0.29538763446192506,-0.048976038541977726,0.03192571864665461,0.04515390485881454,0.0604171966420759
2021-03-30,GSPY,21.2728,1,0.3153260993096112,-0.04691941857994711,0.032605016734985615,0.04315369861983376,0.05864296190440377
2021-03-30,GTE,6.767,1,0.318526368995365,-0.0490742454585752,0.010196542042263834,0.028372986552386514,0.018176444510122458
2021-03-30,GTIP,56.55,1,0.32510523658529655,-0.04630733128440451,-0.00035366931918645594,0.0031830238726791027,0.01379310344827589
2021-03-30,GTO,56.04,1,0.3252716560146278,-0.04616396795548629,0.00471092077087798,0.006959314775160541,0.008565310492505418
2021-03-30,GWRS,16.15,1,0.32756264663597306,-0.04966742904571578,0.033436532507740147,0.08606811145510851,0.04582043343653264
2021-03-30,GWX,37.23,1,0.35020572135963574,-0.047141573627909855,0.02363685200107457,0.03464947622884784,0.044050496911093306
2021-03-30,GYLD,14.2055,1,0.3140705492810427,-0.047671860242384685,0.020731406849459733,0.022139312238217412,0.03903417690331201
2021-03-30,HAUZ,27.5417,1,0.342097503730632,-0.045417326592510736,0.012152481509855928,0.023357309098566814,0.03749223904116317
2021-03-30,HBM,6.66,1,0.3175661693004697,-0.04767060016394937,0.18768768768768762,0.18468468468468457,0.1426426426426426
2021-03-30,HDGE,25.51,1,0.3278972161671453,-0.046774112745776725,-0.020580164641317178,-0.03528028224225799,-0.0638965111720895
2021-03-30,HDLB,14.55,1,0.3292294110411921,-0.048034168440722294,0.014432989690721598,0.010996563573883122,0.053264604810996374
2021-03-30,HDMV,31.2404,1,0.33901911115529865,-0.046923739894911644,0.003828376077130935,0.005268818581068091,0.011654780348523186
2021-03-30,HEEM,32.16,1,0.33025788310238824,-0.04983547049838172,0.004664179104477695,0.007462686567164312,0.022388059701492713
2021-03-30,HEFA,33.08,1,0.30575104431356603,-0.047645480400666386,0.007557436517533267,0.0096735187424426,0.013603385731559836
2021-03-30,HERO,31.02,1,0.35444026189571565,-0.044247030689508395,0.04480980012894897,0.06576402321083186,0.062217923920051765
2021-03-30,HEWJ,39.18,1,0.29496410385455757,-0.04895581090526844,-0.005615109749872338,-0.007912200102092926,-0.03318019397651861
2021-03-30,HEZU,34.26,1,0.3045181090600504,-0.0482508467731807,0.013426736719206023,0.013426736719206023,0.029772329246935403
2021-03-30,HFFG,7.22,1,0.3104079362753114,-0.04775075084312076,-0.01939058171745145,-0.03185595567867028,-0.09972299168975063
2021-03-30,HIW,43.84,1,0.33336138654149106,-0.04989234369359895,-0.011633211678832245,-0.01049270072992703,0.018248175182481674
2021-03-30,HL,5.47,1,0.309169672406339,-0.04873969085172575,0.09689213893967108,0.12248628884826318,0.17915904936014626
2021-03-30,HLAL,34.88,1,0.30934128695789354,-0.04877108395118568,0.02711009174311929,0.042717889908256756,0.053899082568807266
2021-03-30,HLX,4.84,1,0.3290638912939484,-0.04790863837197393,0.04132231404958686,0.026859504132231482,-0.08471074380165289
2021-03-30,HMC,30.33,1,0.3154036678529284,-0.04958685357703315,-0.013517969007583175,0.001978239366963397,0.002307945928123889
2021-03-30,HPF,20.44,1,0.3263822623670004,-0.049516795025184815,0.039138943248532065,0.045988258317025243,0.03033268101761233
2021-03-30,HPI,20.41,1,0.3201881561830188,-0.046853579690406835,0.014698677119059367,0.011268985791278885,0.009309162175404229
2021-03-30,HPS,17.99,1,0.3216736257016457,-0.0465782494497926,0.022234574763757786,0.017231795441912334,0.029460811561978995
2021-03-30,HQH,23.96,1,0.3419200112661514,-0.04757447331735833,0.007929883138564131,0.015859766277128484,0.03839732888146896
2021-03-30,HQL,19.51,1,0.33235374520893596,-0.04639093869441864,0.00871348026652985,0.01025115325474113,0.053305996924653876
2021-03-30,HRTG,11.29,1,0.31010600730059235,-0.047481057015966846,-0.03985828166519034,-0.04605845881310888,-0.1558901682905226
2021-03-30,HST,17.3,1,0.3754192245218152,-0.04980414692428421,0.012716763005780285,0.007803468208092301,0.05664739884393066
2021-03-30,HTBK,12.13,1,0.33027390012395563,-0.04852219264746955,0.014014839241549781,-0.002473206924979432,-0.007419620774938296
2021-03-30,HTD,23.08,1,0.32264569648438335,-0.04846716668584551,0.02816291161178519,0.031195840554592902,0.048526863084922045
2021-03-30,HTGC,16.16,1,0.3261365330139673,-0.047603415031235156,0.04146039603960383,0.04641089108910901,0.07178217821782185
2021-03-30,HTLD,19.75,1,0.34363793218187066,-0.04551361895219817,-0.0010126582278481289,-0.010126582278480956,-0.0698734177215189
2021-03-30,HTUS,30.3093,1,0.30369873550847715,-0.04835565375038629,0.02573797481301132,0.04021537943799425,0.05581455196919749
2021-03-30,HYG,86.76,1,0.30980393107495907,-0.04868358505745678,0.00541724296911017,0.004264638082065453,0.007146150299677245
2021-03-30,HYHG,62.805,1,0.3215143281406855,-0.0495225588246993,0.007642703606400625,-0.001194172438500174,0.004060186290900436
2021-03-30,HYLS,48.49,1,0.31130988213394784,-0.048156497666381456,0.007011755001031128,0.00536193029490617,0.0024747370591873263
2021-03-30,HYS,98.79,1,0.3163120370487937,-0.04902506645257504,0.004048992813037611,0.0033404190707562176,0.006478388500860355
2021-03-30,HYT,11.54,1,0.3023411285749202,-0.047839060047807504,0.02859618717504331,0.020797227036395194,0.03466204506065851
2021-03-30,HYUP,48.048,1,0.3059679863545596,-0.04762681522276688,0.0035173160173158635,0.0010822510822510178,0.004541292041291944
2021-03-30,IBN,16.19,1,0.33263658777030847,-0.049656360991186095,-0.03705991352686855,-0.08832612723903654,0.035824583075972694
2021-03-30,ICF,58.1,1,0.3153252471766179,-0.04701458768118881,0.020826161790017172,0.020137693631669507,0.06247848537005152
2021-03-30,ICL,5.9,1,0.3101634257845682,-0.047383175308376976,0.05932203389830493,0.09152542372881367,0.0610169491525423
2021-03-30,IDEV,64.84,1,0.3082190960601131,-0.04956913689685396,0.017427513880320822,0.02776064157927194,0.04164096236890802
2021-03-30,IDLV,30.65,1,0.3228260489284313,-0.0474915472019544,-0.0009787928221859366,0.004241435562805984,0.0035889070146819524
2021-03-30,IDMO,32.1909,1,0.32249247327235486,-0.0479460078964124,0.037731160048336765,0.05316409295794777,0.07104802910139218
2021-03-30,IDX,19.355,1,0.34212162971975757,-0.04757195003255779,-0.013691552570395227,-0.014724877292689231,-0.014022216481529348
2021-03-30,IDYA,22.9,1,0.3058251247761453,-0.0482260298483484,-0.08777292576419204,-0.1794759825327511,-0.11135371179039288
2021-03-30,IEF,113.09,1,0.35266759554593896,-0.04838070330085131,0.0038022813688212143,0.0068971615527455565,0.008842514811212343
2021-03-30,IEUR,54.03,1,0.30947225968641046,-0.04964407211534104,0.02461595409957429,0.03590597816028129,0.06033684989820465
2021-03-30,IEV,50.35,1,0.3147054007332972,-0.048849689842082426,0.021648460774577938,0.030784508440913516,0.05660377358490565
2021-03-30,IFGL,27.78,1,0.3775759173805103,-0.047174469423316864,0.01331893448524113,0.030957523398128073,0.043196544276457916
2021-03-30,IFN,21.24,1,0.3267529270581394,-0.047309323445699984,0.01318267419962349,-0.013182674199623268,-0.017419962335216477
2021-03-30,IFV,22.86,1,0.34050546909852625,-0.04887939587545124,0.024496937882764858,0.0209973753280841,0.053368328958879996
2021-03-30,IGE,27.71,1,0.3173750287381274,-0.047933443805483006,0.007939372067845563,0.016600505232768015,0.04330566582461204
2021-03-30,IGHG,76.29,1,0.33764032847128567,-0.046332914689164714,0.001441866561803673,0.003145890680298802,0.0007209332809017255
2021-03-30,IGLD,19.69,1,0.31899600160920444,-0.04749706563245634,0.01980700863382423,0.021838496698831866,0.044195022854240484
2021-03-30,IGM,59.1517,1,0.2927698569261799,-0.04983764663302021,0.06350789580012073,0.07787772794357561,0.09275473063327011
2021-03-30,IGOV,51.9499,1,0.35345243984612706,-0.04547509451373618,0.01058904829460694,0.016941322312458817,0.028105925131713283
2021-03-30,IGRO,65.1,1,0.31534186782093543,-0.04943379555091784,0.010368663594470195,0.019585253456221308,0.035023041474654404
2021-03-30,IHAK,37.9,1,0.31604341141067416,-0.04764295343372034,0.03139841688654377,0.0651715039577836,0.09313984168865441
2021-03-30,IHI,54.6717,1,0.3063804110647181,-0.04893961023892945,0.019388458745566606,0.048928421834331104,0.10117848905375171
2021-03-30,IIF,23.48,1,0.3128373178586152,-0.04986146419274353,-0.01959114139693363,-0.03151618398637146,-0.01831345826235098
2021-03-30,ILCB,55.6036,1,0.3007065592160378,-0.04814233627641411,0.03395103914135045,0.04795372961462929,0.06324050960729166
2021-03-30,ILCG,56.888,1,0.2981908595945783,-0.04853384597886665,0.05150471101110954,0.07342497539024051,0.0939038109970467
2021-03-30,ILF,27.32,1,0.3385387040257446,-0.0487639275598119,0.02342606149341142,0.04172767203513916,0.07576866764275247
2021-03-30,ILTB,68.525,1,0.3448936811772873,-0.048906535081944674,0.0063480481576065895,0.014958044509303159,0.017584823057278376
2021-03-30,IMAX,20.18,1,0.3115689853790703,-0.048313926482643446,0.08424182358771048,0.042616451932606436,0.09910802775024785
2021-03-30,IMMP,2.88,1,0.3025283592618947,-0.04819030815835918,0.10416666666666674,0.20833333333333348,0.17013888888888906
2021-03-30,IMOM,32.93,1,0.33757263162120615,-0.04626902044062478,0.0506954145156393,0.07375948982690561,0.09079866383237167
2021-03-30,IMTM,37.32,1,0.32867833575152994,-0.04590635663346607,0.030546623794212246,0.048231511254019255,0.0685959271168275
2021-03-30,IMTX,11.68,1,0.3693191356975743,-0.04866242665011068,-0.012842465753424737,0.03339041095890405,0.08304794520547953
2021-03-30,INDS,39.13,1,0.32667112076751476,-0.0480007920886926,0.018655762841809365,0.024022489138768144,0.06031178124201375
2021-03-30,INN,10.39,1,0.35372804597854396,-0.047418659660903716,-0.004812319538017418,-0.029836381135707413,0.0
2021-03-30,INOV,27.7,1,0.2906514626179304,-0.04961359577082617,0.08122743682310474,0.0750902527075814,0.05595667870036114
2021-03-30,INSE,9.24,1,0.3199869754545615,-0.04915735436083033,0.0,-0.05519480519480513,-0.10930735930735924
2021-03-30,INVH,32.25,1,0.3200212945531819,-0.046778227473375684,0.008372093023255811,0.01023255813953483,0.058914728682170514
2021-03-30,IPOS,34.3,1,0.31110070064936135,-0.04773457011157395,0.029023323615160246,0.037172011661807725,0.07163265306122457
2021-03-30,IRT,15.58,1,0.3419857509326063,-0.047932630763533594,-0.007702182284980652,0.028883183568677806,0.07637997432605892
2021-03-30,IRWD,10.95,1,0.2946597291697656,-0.04945801317943418,-0.05114155251141539,-0.029223744292237286,0.03561643835616435
2021-03-30,ISCF,34.89,1,0.344148890966103,-0.04637599202173258,0.023743192891946263,0.04044998566924618,0.056414445399828095
2021-03-30,ISHG,81.6,1,0.3325623278676813,-0.04700761764559228,0.009677696078431497,0.019393382352941302,0.02904411764705883
2021-03-30,ISTR,20.93,1,0.3192855188696573,-0.04899098045860972,-0.022455805064500622,-0.00191113234591489,0.04395604395604402
2021-03-30,ITP,6.4,1,0.29095902096658993,-0.048807022239712526,0.0078125,-0.1468750000000001,-0.11171875000000009
2021-03-30,ITRG,6.875,1,0.29737292400819604,-0.0494047410965429,0.047272727272727355,0.16909090909090896,0.10545454545454547
2021-03-30,IUSV,69.2,1,0.29991659668333703,-0.04941050852782902,0.009826589595375523,0.01589595375722541,0.030130057803468224
2021-03-30,IVAL,28.8369,1,0.3520052679477352,-0.04428634280639061,0.01605928515201005,0.021260953847327624,0.017446396804094766
2021-03-30,IVLU,25.49,1,0.326274211799795,-0.04699576381782492,0.004707728520988663,0.00588466065123594,0.01137701059238938
2021-03-30,IXC,24.8,1,0.32010978310643057,-0.04684788599501047,0.0008064516129031585,0.0012096774193548487,0.016532258064516192
2021-03-30,IYE,26.42,1,0.31112020406746926,-0.04977242938028567,-0.003406510219530756,-0.0026495079485238104,0.016654049962149697
2021-03-30,IYH,50.184,1,0.31704421807556227,-0.049456916361221806,0.0024310537223020123,0.024071417184760246,0.056830862426271445
2021-03-30,IZRL,30.82,1,0.37073627015352517,-0.04743507761640341,0.0428293316028554,0.0360155743024011,0.049643088903309485
2021-03-30,JHEM,30.53,1,0.33828835040620775,-0.04654053894855132,0.0065509335080249365,0.008522764493940294,0.0382836554208974
2021-03-30,JHML,50.66,1,0.3051053099719761,-0.04783502361360165,0.025463876825898346,0.0371101460718517,0.05586261350177657
2021-03-30,JMOM,38.7102,1,0.3072119689184203,-0.047873288573798835,0.041327608743948696,0.06306864857324435,0.08453585876590664
2021-03-30,JNK,108.38,1,0.31397509577407035,-0.04941294448399404,0.005167004982469026,0.0035984498985053293,0.00710463185089516
2021-03-30,JPEM,56.17,1,0.3283581192008065,-0.04593023461117397,0.009845113049670617,0.014420509168595164,0.0454815737938401
2021-03-30,JPIN,61.12,1,0.3243868790734794,-0.048966038016713634,0.011125654450261813,0.01799738219895297,0.02650523560209428
2021-03-30,JPMB,48.5341,1,0.31805112337565244,-0.048601551789986555,0.0051571987530416585,0.009195596498132286,0.013473001456707712
2021-03-30,JQUA,37.5,1,0.3073242203399749,-0.048109192682120785,0.0285333333333333,0.03839999999999999,0.05253333333333332
2021-03-30,JSM,24.16,1,0.3087670964315024,-0.0478766895362675,0.01407284768211925,0.007450331125827825,0.007864238410596025
2021-03-30,JUST,57.45,1,0.298574261580335,-0.04925613205194304,0.03194081810269789,0.04181897302001736,0.05775108790252381
2021-03-30,KBWD,19.73,1,0.3407066574140552,-0.049224782300834075,0.015205271160669165,0.022807906741003414,0.032437911809427344
2021-03-30,KBWY,22.65,1,0.374650370901908,-0.047931208202775896,-0.0026490066225165476,-0.006181015452538463,0.01236203090507737
2021-03-30,KF,43.0138,1,0.2988088111893325,-0.04870376601237174,0.03780647141150051,0.04524594432484452,0.04640836196755438
2021-03-30,KGC,6.44,1,0.3017631847704108,-0.049503882135724285,0.11335403726708071,0.11180124223602483,0.12422360248447206
2021-03-30,KNG,51.19,1,0.3255756860651203,-0.04741062384930744,0.00703262355928902,0.012111740574330954,0.03320961125219779
2021-03-30,KNOP,17.96,1,0.30741931100212216,-0.04826192624072645,0.013363028953229383,0.025612472160356337,0.06904231625835178
2021-03-30,KOF,46.55,1,0.30001558915524384,-0.048055558333342255,0.007733619763695021,0.029860365198711047,0.04704618689581097
2021-03-30,KOKU,74.94,1,0.2970427546408691,-0.04852659026651228,0.029681078195890054,0.04231518548171875,0.06120096076861481
2021-03-30,KOS,3.06,1,0.33853188899678505,-0.04924099086471161,-0.009803921568627527,-0.06209150326797386,-0.045751633986928164
2021-03-30,KRBN,28.53,1,0.2972785153857084,-0.04889816730229189,0.02874167542937256,0.03673326323168591,0.12618296529968465
2021-03-30,KREF,18.66,1,0.3097023667748856,-0.04902194752165631,0.009110396570203516,0.05519828510182223,0.12968917470525176
2021-03-30,KRMD,3.49,1,0.33985706882214234,-0.048745979703049,-0.017191977077363862,-0.0659025787965617,0.02865329512893977
2021-03-30,KRNY,12.34,1,0.3608135376156949,-0.049587346147557804,-0.013776337115072979,-0.0008103727714748876,0.020259319286871857
2021-03-30,KSA,34.69,1,0.3301544710570549,-0.048483724104501275,0.0481406745459787,0.034015566445661616,0.1124243297780343
2021-03-30,KSTR,21.05,1,0.3008439086814133,-0.04956469791973761,0.03325415676959609,0.002375296912114022,0.08218527315914481
2021-03-30,KT,12.2,1,0.33338317508433607,-0.04553776187698655,0.012295081967213184,0.014754098360655776,0.05655737704918051
2021-03-30,KTH,33.25,1,0.31793282582074095,-0.04891260607600801,0.015037593984962516,0.016541353383458635,0.006012030075188024
2021-03-30,KVHI,12.5,1,0.31182648279095143,-0.04962898133318011,0.06400000000000006,0.06879999999999997,0.11840000000000006
2021-03-30,KWT,28.5746,1,0.33044712728878056,-0.048653964034145375,0.03623497791745112,0.04415109922798566,0.0922322622188938
2021-03-30,LADR,11.66,1,0.33537297206611544,-0.046029613333831265,-0.012864493996569526,-0.007718696397941649,0.018867924528301883
2021-03-30,LDP,25.84,1,0.3184731188764861,-0.0479069912155272,0.02089783281733748,0.033668730650154854,0.039086687306501666
2021-03-30,LEGH,17.7,1,0.3141544161551199,-0.048639616949278666,0.041807909604519855,0.053672316384180796,-0.008474576271186307
2021-03-30,LEMB,42.26,1,0.32802655942586434,-0.049404365581263404,0.017747278750591677,0.0265026029342168,0.032181732134406005
2021-03-30,LILAK,13.23,1,0.3482467841025731,-0.04969845347390277,0.042705971277399835,0.05139833711262276,0.049886621315192725
2021-03-30,LIQT,63.6,1,0.2929308072424949,-0.04967414980118278,-0.002515723270440362,-0.0062893081761006275,0.046540880503144644
2021-03-30,LKOR,57.2071,1,0.35105731824759046,-0.04939486596059184,0.01211213293454838,0.018908492127725385,0.017709340274196794
2021-03-30,LNSR,7.26,1,0.30825351548429647,-0.04811494355818655,-0.02066115702479332,-0.05371900826446274,-0.03994490358126723
2021-03-30,LOOP,7.72,1,0.2956132559034413,-0.04819276897921577,0.07512953367875652,0.13601036269430056,0.1023316062176165
2021-03-30,LPL,9.83,1,0.32318139704241505,-0.04929489477872103,0.14343845371312303,0.10885045778229907,0.20854526958290953
2021-03-30,LQDH,96.13,1,0.3139439973835342,-0.04983796212138819,0.002080515967959995,0.002080515967959995,-0.003536877145531969
2021-03-30,LRGF,40.44,1,0.30549201375485485,-0.04944434050659712,0.02546983184965379,0.034371909000989076,0.04698318496538101
2021-03-30,LSAT,32.8365,1,0.2977523605524207,-0.049073928563383995,0.013265725640674297,0.022197859089732264,0.03337444611940987
2021-03-30,LTC,42.39,1,0.32913450599772603,-0.047255086031084886,0.02712903986789339,0.01816466147676321,0.0033026657230479373
2021-03-30,LTRX,4.52,1,0.31308713481431477,-0.04914893645023059,0.006637168141592875,-0.019911504424778736,0.05752212389380551
2021-03-30,LXU,3.6846,1,0.31841734495295404,-0.047230303108385,0.045920859794821745,0.2025185908918199,0.33194919394235467
2021-03-30,MANU,15.8,1,0.31050482514827477,-0.04786446547021596,0.06075949367088618,0.015822784810126667,0.08860759493670867
2021-03-30,MDIA,3.25,1,0.2891597500829156,-0.0494801611098262,0.10153846153846158,0.003076923076922977,0.06461538461538452
2021-03-30,MEC,14.2,1,0.31878761131928435,-0.047943182979225826,0.054225352112676095,0.05774647887323936,0.16901408450704247
2021-03-30,MEXX,13.1984,1,0.29476815211146956,-0.049925811263827044,0.06250757667596085,0.12134804218693196,0.14938931991756577
2021-03-30,MFC,21.58,1,0.32497240907193614,-0.048685411061937967,0.004170528266913998,0.0004633920296570615,0.007414272474513428
2021-03-30,MGV,95.58,1,0.29561430959138574,-0.04922758732715679,0.006382088302992361,0.012554927809165228,0.0242728604310527
2021-03-30,MHD,16.1,1,0.30944872463098166,-0.048610704886831245,0.011490683229813614,0.019875776397515477,0.017391304347825987
2021-03-30,MIST,5.79,1,0.30838710638723427,-0.04949299601520798,-0.0345423143350605,-0.06735751295336778,0.02763385146804831
2021-03-30,MITK,14.32,1,0.3249062961439394,-0.048308151329489527,0.05865921787709505,0.0244413407821229,0.16550279329608952
2021-03-30,MIY,14.92,1,0.30235004060300286,-0.04785149562718411,0.018766756032171594,0.01950402144772112,0.004691689008042843
2021-03-30,MKC,89.9,1,0.2985530575349583,-0.04832339336625422,-0.008231368186874422,-0.022135706340378314,-0.006451612903225934
2021-03-30,MLPA,32.51,1,0.33290599393896975,-0.04872649718219017,0.039372500768994234,0.0482928329744694,0.10366041218086752
2021-03-30,MLSS,3.27,1,0.2922772018993755,-0.049819063668514775,0.006116207951070374,-0.07339449541284415,-0.24159021406727832
2021-03-30,MMD,22.06,1,0.3002369847882189,-0.04848209870532731,0.013145965548504224,0.014505893019038929,0.002266545784224805
2021-03-30,MMLG,23.4899,1,0.3231403783802031,-0.04744781468037472,0.05957028339839687,0.07774405169881526,0.10632229170835128
2021-03-30,MNSBP,26.24,1,0.31507444908337423,-0.04665413076519899,0.039253048780487854,0.0041920731707318915,0.019435975609756184
2021-03-30,MOAT,69.25,1,0.2980876149798958,-0.04866006483153358,0.01862815884476543,0.030469314079422327,0.0476534296028881
2021-03-30,MOS,31.34,1,0.2978720916230946,-0.04858551790748604,-0.01723037651563497,0.06349712827058074,0.15379706445437136
2021-03-30,MOTI,35.8651,1,0.32330886053520563,-0.04720758852467145,0.005158217877546667,0.00961380283339519,0.01784185740455224
2021-03-30,MPLX,25.32,1,0.3232252713718768,-0.04960235695769312,0.03988941548183256,0.04265402843601884,0.07543443917851511
2021-03-30,MPV,12.828,1,0.31427630692340813,-0.049498196025132106,0.007171811661989436,0.028999064546304965,0.0723417524165888
2021-03-30,MQY,15.74,1,0.29945138662019966,-0.048566972628951946,0.013341804320203154,0.023506988564167663,0.010165184243964509
2021-03-30,MSTB,28.4734,1,0.3349615439265176,-0.04693867536936186,0.03570349870405343,0.047194925790386755,0.06546109702388891
2021-03-30,MTA,8.29,1,0.32592274633998486,-0.04790686781924793,0.11700844390832343,0.043425814234017146,0.18455971049457198
2021-03-30,MTG,13.63,1,0.3171526332543898,-0.04951724816245206,0.0249449743213499,0.031548055759354376,0.13279530447542176
2021-03-30,MTUL,20.4569,1,0.3150728862431602,-0.04867439497367787,0.134262767085922,0.20756810660461733,0.24287159833601368
2021-03-30,MUA,15.16,1,0.30600728053629545,-0.04947211628638179,0.0026385224274405594,0.0019788918205805306,0.0032981530343008103
2021-03-30,MUB,116.07,1,0.32763699021255954,-0.04681654250168635,0.0007753941586974289,0.004824674765227854,0.007840096493495485
2021-03-30,MUX,10.4,1,0.3179089438652525,-0.04643138038990362,0.03846153846153855,0.08653846153846168,0.13461538461538458
2021-03-30,MWA,13.81,1,0.3141737504183314,-0.049397737129003055,0.020999275887038316,0.025343953656770335,0.05937726285300515
2021-03-30,NANR,38.5102,1,0.30937260092499397,-0.04956781190585698,0.019470166345539663,0.03271341099241254,0.071404459078374
2021-03-30,NATR,18.95,1,0.31321506109888314,-0.04932274043210142,0.037467018469657054,0.07968337730870712,0.056464379947229526
2021-03-30,NCV,22.24,1,0.3494243361401706,-0.04881213939525389,0.043165467625899234,0.043165467625899234,0.04856115107913683
2021-03-30,NCZ,19.6,1,0.343893884398808,-0.04729731940440969,0.03877551020408143,0.05102040816326525,0.05306122448979589
2021-03-30,NERD,31.54,1,0.3323044125198066,-0.047844514252184486,0.029486366518706397,0.03460367786937213,0.05389980976537734
2021-03-30,NESR,12.09,1,0.31407341381333076,-0.04895922694092647,0.07113316790736146,0.06286186931348214,0.043010752688172005
2021-03-30,NETL,27.4332,1,0.3429711177875474,-0.04803822972529669,0.029405975241677984,0.027222489538223815,0.060116938599944714
2021-03-30,NFBK,16.1,1,0.3368047023190637,-0.04974641147725604,-0.006211180124223725,0.003726708074534013,0.004968944099378758
2021-03-30,NFTY,42.0203,1,0.3157349143610037,-0.04887828623174958,-0.00011185070073271852,-0.010068942868089903,0.007110848804030345
2021-03-30,NGVC,17.73,1,0.2921113778457284,-0.04936052177798063,-0.03271291596164705,-0.0682459108855048,-0.0941906373378456
2021-03-30,NIQ,14.66,1,0.295032408070906,-0.04826571143132563,0.0013642564802183177,-0.007503410641200525,0.003410641200545683
2021-03-30,NJAN,38.52,1,0.29636771307084636,-0.048546182527033875,0.01947040498442365,0.026188992731048577,0.03179646936656266
2021-03-30,NKSH,35.98,1,0.3088018658816307,-0.04891736982032669,-0.041133963312951605,-0.01222901612006666,-0.028349082823790894
2021-03-30,NMFC,12.6,1,0.31365569928957765,-0.0475513589881792,0.02063492063492056,0.02063492063492056,0.04444444444444451
2021-03-30,NMRK,10.24,1,0.3521189440209164,-0.046632546864917676,0.0166015625,0.0341796875,0.0693359375
2021-03-30,NOBL,86.61,1,0.3044358821443614,-0.047768963790983526,0.0050802447754301205,0.011776931070315078,0.03302159104029556
2021-03-30,NQP,14.33,1,0.30030028322389823,-0.048405152331831194,0.004187020237264472,0.005582693649685888,0.008374040474528943
2021-03-30,NRT,4.38,1,0.30403185429220575,-0.047663728474966235,0.08447488584474883,0.09360730593607314,0.2442922374429224
2021-03-30,NSPR,9.603,1,0.30105995136784475,-0.04891837339131426,-0.008903467666354192,-0.13495782567947512,-0.3220868478600437
2021-03-30,NSSC,17.145,1,0.29019563076765065,-0.04997195827447189,0.017789442986293258,-0.021580635753864152,0.002624671916010568
2021-03-30,NTST,18.24,1,0.3521125261532904,-0.04777024217793278,0.04824561403508776,0.1217105263157896,0.14747807017543857
2021-03-30,NUEM,34.85,1,0.3436030485505252,-0.04998277094901783,0.009756097560975396,0.011621233859397506,0.040746054519368746
2021-03-30,NULG,57.03,1,0.299712409047491,-0.04807876657305345,0.04822023496405392,0.07136594774679983,0.08784850078905837
2021-03-30,NVDA,12.8718,1,0.2884111807284874,-0.04969943806541724,0.09879737099706332,0.18685809288522193,0.18684255504280678
2021-03-30,NVS,87.02,1,0.29872616792984263,-0.04969402467548105,-0.008273960009193226,-0.0031027350034474876,-0.002298322224775995
2021-03-30,NWG,5.8154,1,0.31633162339588755,-0.048337662097482165,0.009251298276988562,-0.001857137944079601,0.04629088282835214
2021-03-30,OBOR,28.9359,1,0.32937443962306545,-0.04616784874189529,0.013764907951713923,0.009154717841850513,0.041820022878154894
2021-03-30,OFS,9.08,1,0.3301902595728434,-0.04835598015440179,-0.0011013215859030367,0.006607929515418665,-0.028634361233480177
2021-03-30,OHI,37.14,1,0.3194901844425932,-0.04782300951270941,0.054388799138395116,0.0,0.03796445880452337
2021-03-30,ORC,29.75,1,0.30376241128898834,-0.04805054205168575,0.010084033613445342,0.031932773109243584,-0.06218487394957983
2021-03-30,ORLA,3.62,1,0.30027525200100225,-0.0484053546461954,0.058011049723756924,0.04143646408839774,0.046961325966850875
2021-03-30,ORMP,10.11,1,0.29187765116065983,-0.0497126320422773,-0.02571711177052416,-0.08209693372898119,0.08506429277942651
2021-03-30,OSG,2.14,1,0.2989561346801101,-0.04823372309579729,0.05607476635513997,0.12149532710280364,0.04205607476635498
2021-03-30,OTEX,47.39,1,0.3070115128625067,-0.049165418076109635,0.03038615741717665,0.04410213125131879,0.006752479426039182
2021-03-30,OUNZ,16.39,1,0.31133171349762756,-0.04785291898773951,0.031726662599145694,0.031726662599145694,0.05918242830994491
2021-03-30,OVL,33.9965,1,0.3054668912666566,-0.048129326108203495,0.025005515273631262,0.03782742341123346,0.05610577559454666
2021-03-30,PAA,8.88,1,0.33915565548417637,-0.047079869086069065,0.054054054054053946,0.028153153153153143,0.06644144144144137
2021-03-30,PAGP,9.05,1,0.33831015881451715,-0.04689695045867162,0.0707182320441988,0.04198895027624294,0.0707182320441988
2021-03-30,PAWZ,70.81,1,0.315869450000019,-0.04773403333380591,0.01807654286117777,0.052534952690298065,0.09883349809348974
2021-03-30,PAX,17.04,1,0.34357351631301464,-0.04504939065459701,-0.073943661971831,-0.07863849765258213,-0.17253521126760563
2021-03-30,PAYS,4.13,1,0.30246520525539405,-0.04802999755720355,0.02421307506053272,-0.004842615012106477,-0.03389830508474567
2021-03-30,PBA,28.54,1,0.3249658547990577,-0.04660862151620487,0.02417659425367913,0.03784162578836736,0.07428170988086902
2021-03-30,PBYI,9.38,1,0.32041931665471274,-0.049640499192252274,-0.002132196162047073,0.08635394456289958,0.08742004264392311
2021-03-30,PCYO,13.06,1,0.3333969164378976,-0.046642521350717316,0.0,0.24272588055130173,0.1852986217457886
2021-03-30,PDBC,17.2,1,0.3038417553396932,-0.048303600673529234,0.01104651162790704,0.04883720930232549,0.086046511627907
2021-03-30,PDI,28.06,1,0.30782732600117835,-0.04773175985445591,0.03349964362081259,0.031361368496079844,0.03563791874554534
2021-03-30,PDM,17.75,1,0.36077394993287615,-0.048470928042268414,0.0005633802816902289,0.013521126760563273,0.04169014084507028
2021-03-30,PDT,14.58,1,0.31684254260084055,-0.04879243101656747,0.034979423868312765,0.054869684499314175,0.08161865569272964
2021-03-30,PEBK,24.22,1,0.3089719932834911,-0.04825079857112703,-0.05037159372419486,-0.01940545004128813,-0.026837324525185724
2021-03-30,PESI,7.33,1,0.32080060414996514,-0.04891670163861645,0.009549795361528002,0.006821282401091366,-0.012278308321964526
2021-03-30,PEX,35.1068,1,0.34255122779833475,-0.0468335487941056,0.034682739526245454,0.03956213611038306,0.06594164093565902
2021-03-30,PFM,34.61,1,0.3215920053082037,-0.04699622567003136,0.01502455937590308,0.021381103727246442,0.032938457093325546
2021-03-30,PFX,33.1345,1,0.3141928187507162,-0.04709267438369426,0.017821304078830202,0.0330622161191505,0.04422882494077163
2021-03-30,PHDG,33.5,1,0.323412693282544,-0.04652378722963719,0.028656716417910566,0.036716417910447774,0.04925373134328348
2021-03-30,PHG,47.7236,1,0.3069761669752659,-0.04844808214263716,0.03806921523103868,0.054635442422616975,0.004758651903879807
2021-03-30,PHI,26.34,1,0.30400550309794455,-0.04816338905107613,-0.006454062262718274,-0.028853454821564206,0.0
2021-03-30,PHYS,13.26,1,0.30480741409980033,-0.04795101068536879,0.02790346907993979,0.03092006033182515,0.06561085972850678
2021-03-30,PIE,23.92,1,0.34659844318516825,-0.04823652890231301,0.02341137123745818,0.01086956521739113,0.08297658862876256
2021-03-30,PIO,36.0999,1,0.325054989173724,-0.04929941973685324,0.019393405521898943,0.03850703187543458,0.0709170939531687
2021-03-30,PIZ,33.795,1,0.32428156120563123,-0.0481415605118172,0.03891108152093503,0.06228732060955755,0.08803077378310409
2021-03-30,PJP,78.59,1,0.31136771544071734,-0.049727670434689925,-0.0034304618908257423,0.002544853034737171,0.0008906985621579544
2021-03-30,PKBK,20.05,1,0.3332423739046343,-0.046168844258288905,-0.02294264339152119,-0.03790523690773073,0.04987531172069826
2021-03-30,PLTM,11.4,1,0.3064380291996967,-0.047970625558184224,0.05964912280701751,0.014912280701754321,0.056140350877192935
2021-03-30,PNI,11.14,1,0.2895845072754667,-0.04931394219957516,0.030359066427289028,0.03026032315978444,0.05206463195691202
2021-03-30,PNNT,5.6,1,0.3164006791824057,-0.04864830271906019,0.07321428571428568,0.12857142857142878,0.19999999999999996
2021-03-30,PNQI,45.29,1,0.30764124382231195,-0.048758179135831595,0.060587326120556506,0.07767719143298746,0.09900640317950993
2021-03-30,PPC,24.36,1,0.29969455561008934,-0.049762005702969125,-0.009236453201970307,-0.002873563218390829,0.013546798029556717
2021-03-30,PPL,29.07,1,0.335269806162692,-0.047242147446286645,-0.002407980736154114,-0.011351909184726616,-0.002407980736154114
2021-03-30,PPTY,31.9582,1,0.34941682029325255,-0.04886147615786021,0.014562772621737219,0.014378156466885006,0.04261191180980162
2021-03-30,PRAA,37.63,1,0.29995083512918674,-0.04803506050677122,-0.03002923199574814,-0.028434759500398643,-0.0026574541589158285
2021-03-30,PROV,16.96,1,0.330203561219455,-0.04753289569761236,0.002358490566037652,0.002358490566037652,-0.052476415094339646
2021-03-30,PSCU,61.969,1,0.3186016793277895,-0.04717257934383712,0.01913860155884395,0.04907292355855364,0.04255514854201281
2021-03-30,PSEC,7.81,1,0.3012713981037357,-0.04795594762076108,0.019206145966709443,0.019206145966709443,0.04609475032010257
2021-03-30,PSLV,8.69,1,0.2946299115730662,-0.049603441629557606,0.0333716915995399,0.04948216340621392,0.08975834292290008
2021-03-30,PSQ,70.6,1,0.30305729270215664,-0.049077583847665064,-0.05311614730878189,-0.06657223796033984,-0.07436260623229463
2021-03-30,PTEU,23.25,1,0.2943886954175751,-0.04919171067160219,0.01806451612903226,0.032223655913978355,0.05827956989247318
2021-03-30,PWS,30.8611,1,0.31846941288319125,-0.04822866085895049,0.016561302092277908,0.024435292325937885,0.04208858401029114
2021-03-30,PXE,14.79,1,0.31903001626613436,-0.04946652106568947,0.005409060175794567,0.008789722785666143,0.04056795131845847
2021-03-30,PXF,46.42,1,0.31787129540595693,-0.0489772223254582,0.013140887548470426,0.016803102111158985,0.031451960361913
2021-03-30,QARP,36.8855,1,0.31254024707595063,-0.04835973714014877,0.02734678938878421,0.03405945425709289,0.0465819902129565
2021-03-30,QAT,18.78,1,0.32223320758320917,-0.047069599457193856,0.008594249201278048,0.03966986155484542,0.04579339723109688
2021-03-30,QDEC,20.25,1,0.299972235311394,-0.04795804144639737,0.03506172839506183,0.041975308641975406,0.047130864197530764
2021-03-30,QDF,53.29,1,0.30488029972750563,-0.04804958390284,0.017826984424845316,0.024957778194783176,0.033214486770501095
2021-03-30,QEFA,72.44,1,0.30912269624428856,-0.047791102246652145,0.00924903368304797,0.01815295416896734,0.03048868028713425
2021-03-30,QLC,43.1709,1,0.3028486787097855,-0.049433801590008083,0.033314107419581074,0.04495852530292388,0.05764762837930171
2021-03-30,QLD,28.46,1,0.2937283303511137,-0.04981655802935746,0.11129655657062543,0.14371047083626132,0.15750175685172185
2021-03-30,QMAR,20.1421,1,0.2982968573191364,-0.048416437556949965,0.028701078834878047,0.03337288564747465,0.03987171148986457
2021-03-30,QPX,25.235,1,0.3211683179000372,-0.04640748405582972,0.04957796710917384,0.06515950069348131,0.07660788587279566
2021-03-30,RBBN,8.21,1,0.3489757023276533,-0.04959877729483917,-0.0024360535931792215,0.029232643118148438,-0.008526187576126665
2021-03-30,RBKB,10.42,1,0.30559079740780337,-0.04794962812862934,0.007677543186180413,0.013915547024951902,0.007677543186180413
2021-03-30,RCMT,3.35,1,0.29985106249862253,-0.04862794722942078,0.07164179104477597,0.029850746268656803,0.09253731343283578
2021-03-30,RDI,5.77,1,0.302959530583226,-0.04927073128113099,0.11611785095320637,0.11438474870017323,0.0433275563258233
2021-03-30,REET,25.68,1,0.34128243761166654,-0.047276772078268414,0.01791277258566981,0.02141744548286617,0.054127725856697895
2021-03-30,RELL,6.45,1,0.31030368870480096,-0.048037475653990205,0.16279069767441867,0.14108527131782944,0.23875968992248064
2021-03-30,RES,5.21,1,0.32287900887366594,-0.04637234275670131,0.04798464491362764,0.06333973128598847,-0.011516314779270509
2021-03-30,RFFC,40.8501,1,0.31139476625215834,-0.04885363329734588,0.029706169629939883,0.04223979867858341,0.06029850600120934
2021-03-30,RFM,22.1,1,0.34818557108254944,-0.04760732628284996,0.022628959276018046,0.035067873303167296,0.02941176470588225
2021-03-30,RGP,13.54,1,0.31039499657823266,-0.049447429687550115,0.008124076809453484,0.06203840472673572,0.03101920236336797
2021-03-30,RIG,3.43,1,0.33248182283769506,-0.04758368479417439,0.0,0.03790087463556846,-0.005830903790087438
2021-03-30,RILYP,26.8,1,0.2992037288352485,-0.04790134029053668,-0.003731343283582156,-0.005597014925373234,0.014925373134328401
2021-03-30,RISN,26.7469,1,0.29907561945938316,-0.04856258914474347,0.018951728985415084,0.03171582501149661,0.045242626248275464
2021-03-30,RLJ,15.75,1,0.33214831909849707,-0.04534950432776514,0.010158730158730256,0.0019047619047618536,0.017142857142857126
2021-03-30,RMBI,13.64,1,0.3438597223113215,-0.049136768887660054,-0.016862170087976525,0.027126099706744844,0.009530791788856297
2021-03-30,RNGR,5.205,1,0.31818146884520343,-0.04922502670678419,0.07473583093179648,0.0566762728146013,0.05859750240153683
2021-03-30,ROKT,40.01,1,0.3047516749328725,-0.04771892895122408,0.017995501124718816,0.025896025993501715,0.02816795801049743
2021-03-30,ROL,33.92,1,0.2997169290171506,-0.04927453641231979,0.01650943396226401,0.022995283018867996,0.07340801886792447
2021-03-30,RPRX,43.63,1,0.3237144066997248,-0.049504186203436384,-0.047215218886087595,-0.03460921384368565,0.03346321338528546
2021-03-30,RVSB,7.02,1,0.32365350955112304,-0.048742804391055605,-0.014245014245014231,-0.031339031339031265,-0.005698005698005604
2021-03-30,RVT,17.91,1,0.35350308205887804,-0.047714740078019804,0.021775544388609847,0.042434394193188174,0.06867671691792299
2021-03-30,RWL,69.81,1,0.30185336316151457,-0.04783468952866406,0.013033949290932378,0.020186219739292355,0.03383469416988971
2021-03-30,RWT,10.46,1,0.35009569295561227,-0.04926408579985631,-0.006692160611854736,-0.015296367112810683,0.040152963671128195
2021-03-30,RWX,34.65,1,0.35739476088891625,-0.04751228031267887,0.018470418470418526,0.034054834054834116,0.048484848484848575
2021-03-30,RXD,17.9242,1,0.33631763665751285,-0.04934723387749587,-0.008323941933252255,-0.05026723647359432,-0.11148056817040641
2021-03-30,RY,92.71,1,0.29777077218737275,-0.049461533103664086,-0.0036673498004529126,0.011433502319059485,0.030741020386150453
2021-03-30,RYN,29.395,1,0.3268772116825747,-0.048697813660445746,0.028705562170437293,0.08333390032318433,0.1240755230481374
2021-03-30,SAMG,14.05,1,0.32186894380215064,-0.04734497263501136,0.02491103202846978,0.06548042704626345,0.02206405693950164
2021-03-30,SCC,43.2324,1,0.30192396366333724,-0.04809168097238101,-0.07313033743211106,-0.08625012721940029,-0.1030245834142911
2021-03-30,SCHC,39.36,1,0.34379926817586337,-0.04658620143199256,0.030487804878048808,0.04395325203252032,0.0602134146341462
2021-03-30,SCHQ,47.5,1,0.39383871999587855,-0.04828756497483696,0.0052631578947368585,0.012842105263157988,0.018526315789473724
2021-03-30,SD,3.73,1,0.31594231271519146,-0.04911174128408025,0.03753351206434319,0.04289544235924936,0.1608579088471851
2021-03-30,SDCI,17.745,1,0.3163215348847724,-0.046854636699875926,0.02507748661594822,0.04789518174133556,0.11608903916596214
2021-03-30,SEMR,11.5,1,0.29140618175746485,-0.049578063697990976,0.10521739130434793,0.3095652173913044,0.43739130434782614
2021-03-30,SFBC,42.0,1,0.31292358109242896,-0.04747506377873931,-2.3809523810314204e-06,-0.015211904761904704,-0.07952380952380955
2021-03-30,SFL,8.15,1,0.3160516665513231,-0.04685861342991238,-0.012269938650306678,-0.09079754601226997,-0.042944785276073705
2021-03-30,SGOL,16.16,1,0.3121111997281809,-0.04779220037450022,0.03217821782178221,0.03217821782178221,0.05878712871287117
2021-03-30,SGRP,1.43,1,0.29286043949669105,-0.04854538646436658,0.12587412587412605,0.18881118881118875,0.1748251748251748
2021-03-30,SGU,10.6,1,0.3161340739460149,-0.04905057300100556,0.04245283018867929,0.04716981132075482,0.04245283018867929
2021-03-30,SH,67.36,1,0.303657057995697,-0.04831474947633568,-0.029691211401425166,-0.04216152019002384,-0.05522565320665085
2021-03-30,SHO,12.73,1,0.3512811204626699,-0.04884938750485275,-0.004713275726630051,-0.00628436763550666,0.04006284367635504
2021-03-30,SID,6.42,1,0.30183386942007495,-0.04820208884969607,0.09657320872274155,0.2741433021806854,0.48442367601246095
2021-03-30,SILJ,13.91,1,0.3048464464335487,-0.049749002530531335,0.09058231488138024,0.09705248023005031,0.13012221423436388
2021-03-30,SIXA,31.7615,1,0.318130432746498,-0.04974789305763633,0.01560064858397725,0.02422429671142745,0.02954835256521271
2021-03-30,SIXH,28.5295,1,0.31842221189685543,-0.04846121451765984,0.004924727036926813,0.007378327695893638,0.004479573774514023
2021-03-30,SMFG,7.45,1,0.31690369377026983,-0.04922450112117369,-0.02684563758389269,-0.046979865771812124,-0.05234899328859066
2021-03-30,SMHB,11.2,1,0.3528797062914467,-0.048792125468082925,0.051785714285714324,-0.0017857142857142794,0.05982142857142847
2021-03-30,SMN,31.6,1,0.312222201026596,-0.04746366001402628,-0.0035822784810127795,-0.03707594936708869,-0.10224050632911397
2021-03-30,SMTI,28.99,1,0.2995462007463585,-0.04915521482208257,0.1038289065194895,0.026215936529838002,-0.054846498792687104
2021-03-30,SOJE,24.8,1,0.33899158612288893,-0.049050527101771275,0.02016129032258074,0.014516129032257963,0.01693548387096766
2021-03-30,SOYB,20.46,1,0.3273238718856532,-0.0464493496721892,0.04643206256109478,0.04203323558162264,0.1026392961876832
2021-03-30,SPD,28.06,1,0.309851641627368,-0.047834844558521425,0.029935851746258013,0.04205274411974336,0.056664290805416906
2021-03-30,SPDV,29.0957,1,0.3440116819627045,-0.048488578832845866,0.008740123110975162,0.013335303842148427,0.03279866097052131
2021-03-30,SPEM,43.56,1,0.3325431924853621,-0.04876985050266079,0.00665748393021115,0.00688705234159781,0.037878787878787845
2021-03-30,SPGM,52.18,1,0.30806099750130284,-0.04769654792390206,0.022702184745113207,0.03430433116136444,0.050402453047144524
2021-03-30,SPHD,42.94,1,0.33329550663558116,-0.045883617306893956,0.007918025151374186,0.00931532370749899,0.023521192361434684
2021-03-30,SPLB,30.08,1,0.34102219503529224,-0.04764954082876479,0.008311170212766061,0.0166223404255319,0.015625
2021-03-30,SPOK,10.64,1,0.30707556128282665,-0.047319162282260394,-0.0009398496240601295,0.007518796992481258,-0.00375939849624074
2021-03-30,SPTL,39.12,1,0.37605315508648407,-0.047901329191645844,0.004856850715746486,0.012781186094069641,0.01866053169734161
2021-03-30,SPTM,48.99,1,0.3041579777345915,-0.047771224079106084,0.029393753827311686,0.040824658093488564,0.057766891202286175
2021-03-30,SPUC,28.2927,1,0.30677478497355787,-0.04830360819164921,0.041883595415071584,0.06089910118157693,0.07931374524170542
2021-03-30,SPUS,25.81,1,0.31437087770081185,-0.04722705678788702,0.04339403332041858,0.06121658271987607,0.06974041069352976
2021-03-30,SPXE,42.7078,1,0.30409283414628496,-0.04885834821886424,0.03297992404197836,0.046684680550157065,0.060223191079849636
2021-03-30,SPYC,28.2236,1,0.30393692560784646,-0.04889558804235931,0.03707535537635165,0.051956518658144324,0.0650661148825804
2021-03-30,SQFT,18.85,1,0.29188026407623374,-0.04939103404441027,-0.01591511936339529,-0.021220159151193796,-0.10344827586206906
2021-03-30,SREA,27.3,1,0.3194115480608737,-0.04787770475954187,0.011355311355311315,0.009890109890109855,0.00879120879120876
2021-03-30,SRET,28.74,1,0.35017679860191375,-0.048908269440859395,0.010438413361169019,0.019832985386221358,0.04175365344467652
2021-03-30,SRVR,35.94,1,0.3416806974789996,-0.04758608386138259,0.02114635503617146,0.02058987200890372,0.06204785754034514
2021-03-30,STAG,33.92,1,0.32020176361125285,-0.048889985267459274,0.018573113207547065,0.0347877358490567,0.06751179245283012
2021-03-30,STK,30.33,1,0.3283790596897429,-0.04675954479283329,0.076162215628091,0.09132871744147719,0.11638641608968014
2021-03-30,SU,21.08,1,0.31340394377736996,-0.04996068098187224,-0.002846299810246644,0.016603415559772294,0.02324478178368139
2021-03-30,SUB,107.81,1,0.3101447287656013,-0.04771878235162842,-0.00018551154809387516,0.0003710230961877503,0.0013913366107038971
2021-03-30,SVM,4.64,1,0.30807494542544944,-0.04731668179112934,0.12284482758620707,0.13146551724137945,0.1724137931034484
2021-03-30,SXC,6.82,1,0.32350887770477144,-0.046274332917196834,-0.030791788856304958,0.0014662756598240456,0.045454545454545414
2021-03-30,T,30.73,1,0.31166649356836373,-0.0485157434279859,0.006508298080051933,-0.03254149040026033,0.0074845427920597896
2021-03-30,TAGS,21.65,1,0.3337175894314208,-0.046177988686299375,0.04110854503464201,0.07621247113163987,0.16212471131639727
2021-03-30,TAK,18.35,1,0.3328988531794808,-0.04874117879901378,-0.05504087193460494,-0.07029972752043612,-0.08555858310626707
2021-03-30,TAYD,11.1001,1,0.2940814149269298,-0.04960647360434979,0.0414320591706383,0.08107134169962449,0.09008026954712123
2021-03-30,TBB,26.3,1,0.3135628546319317,-0.04832297647107174,0.0163498098859316,0.017110266159695797,0.01444866920152088
2021-03-30,TBF,18.04,1,0.3439805831573744,-0.0464006256307503,-0.006651884700665023,-0.014966740576496607,-0.021064301552106368
2021-03-30,TCPC,14.02,1,0.3229440991112769,-0.047053850128912236,0.029243937232525052,0.024964336661911446,0.04636233951497859
2021-03-30,TECB,34.71,1,0.30662031064957224,-0.04758256398599063,0.05675597810429278,0.07951598962834905,0.09449726303658901
2021-03-30,TEQI,33.4096,1,0.322776346917411,-0.04785310268238653,0.010508955509793694,0.019733848953594313,0.03622910780135058
2021-03-30,TEVA,11.33,1,0.3183819703646318,-0.049195176245219616,0.0008826125330978485,-0.03971756398940862,-0.10679611650485443
2021-03-30,TFSL,20.66,1,0.3663923346299706,-0.049694848104533895,-0.011616650532429773,-0.030977734753146247,-0.031461761858664006
2021-03-30,THG,131.29,1,0.29297617955417155,-0.049151088437647414,0.023307182572930074,0.034503770279533885,0.024830527839134975
2021-03-30,THNQ,38.68,1,0.3061556978775807,-0.04831190869739253,0.052456049638055946,0.0747156153050672,0.09711478800413653
2021-03-30,THQ,21.64,1,0.3479424375629124,-0.049695505237188964,0.007855822550831615,0.031885397412199534,0.06515711645101674
2021-03-30,TIMB,11.13,1,0.33757517282891075,-0.04570267169460093,0.0026954177897573484,-0.03054806828391754,0.017969451931715952
2021-03-30,TIP,125.47,1,0.3289178440369859,-0.04849342115857849,-0.000956403921256066,0.0029489120905397126,0.013230254244042339
2021-03-30,TK,3.28,1,0.3440497348265665,-0.048871860922881,0.0,-0.030487804878048697,0.03963414634146356
2021-03-30,TLSA,2.82,1,0.29354672926046893,-0.04913229963990488,0.0035460992907803135,-0.08865248226950351,-0.04255319148936154
2021-03-30,TLTE,61.1483,1,0.31638123894940984,-0.04733020013103406,0.014551508382080858,0.01837827053245955,0.05472596948729547
2021-03-30,TMDV,45.8895,1,0.33254339118696175,-0.04626423149248489,0.006060209851926901,0.0135259699931356,0.029908802667276913
2021-03-30,TOK,87.63,1,0.29984370695991514,-0.048517508753127256,0.03160903800068482,0.04347826086956519,0.06036745406824151
2021-03-30,TR,28.6905,1,0.3217291899226863,-0.046116924392427754,-0.01864728742963695,-0.05051497882574374,-0.047507014517000345
2021-03-30,TRC,16.46,1,0.3371455333731859,-0.04764718106284083,-0.00486026731470246,-0.034629404617253945,-0.057108140947752184
2021-03-30,TRTX,11.32,1,0.33769409230216596,-0.0476518742092323,-0.0008833922261484162,0.022084805653710182,0.10070671378091878
2021-03-30,TRV,154.03,1,0.28987941107970827,-0.0495495875301435,-0.011296500681685417,0.00908913847951709,-0.0015581380250601073
2021-03-30,TSLX,21.16,1,0.32805337709428056,-0.047099684127293304,0.041587901701323204,0.042060491493383756,0.05529300567107742
2021-03-30,TTI,2.55,1,0.333810785549155,-0.04975973496788863,0.027450980392156987,0.05882352941176494,0.11372549019607847
2021-03-30,TUR,22.68,1,0.310265322847668,-0.04759711402189504,0.041887125220458454,0.04761904761904767,0.030423280423280463
2021-03-30,TWN,28.06,1,0.2985369859989689,-0.04962841456433842,0.017106200997861754,0.04454739843193156,0.1422843905915896
2021-03-30,UBFO,8.26,1,0.3309392775743334,-0.0484794828356359,-0.05447941888619856,-0.06537530266343827,0.004842615012106588
2021-03-30,UCIB,16.775,1,0.31245441229087734,-0.047121960484783884,0.01728763040238457,0.048131147540983577,0.09716840536512694
2021-03-30,UEVM,48.3173,1,0.3224598887964217,-0.04951934978440513,0.015156062114397795,0.02393138689454899,0.05883399941635803
2021-03-30,UG,15.101,1,0.30468396094180117,-0.048866124357185306,-0.021919078206741327,0.02311105224819543,-0.008012714389775577
2021-03-30,ULH,26.05,1,0.2938847008172229,-0.04872281713392415,0.009596928982725572,0.014587332053742852,-0.0786948176583494
2021-03-30,UMI,24.8171,1,0.31485993204790086,-0.04798933831516318,0.028552892964931464,0.02883898602173507,0.06666774119457952
2021-03-30,UNB,29.8,1,0.3198520971926355,-0.04980099296435802,0.007046979865771741,0.03993288590604016,0.1312080536912752
2021-03-30,UNIT,10.97,1,0.3123702346478065,-0.047772022672208994,-0.009571558796718338,-0.030993618960802216,0.018231540565177617
2021-03-30,URA,18.61,1,0.30876257434939647,-0.047293473071733094,0.07630306286942523,0.02901665771090811,0.06448146157979573
2021-03-30,URTH,118.08,1,0.29364978740488507,-0.04895027431753371,0.02633807588075876,0.03904132791327908,0.05394647696476973
2021-03-30,USAI,21.37,1,0.31977440903195187,-0.047285497403773996,0.019288722508189027,0.015610669162377189,0.06145531118390268
2021-03-30,USD,7.1013,1,0.295514211625082,-0.04925790700808254,0.14864883894498182,0.12682184952051023,0.08880064213594707
2021-03-30,UST,65.5017,1,0.3565111281005533,-0.04917711995701815,0.007973838846930814,0.014242378442086201,0.01803006639522331
2021-03-30,UTF,27.3,1,0.33988271426151945,-0.04892582872288745,0.07179487179487176,0.06813186813186811,0.05860805860805862
2021-03-30,UTSI,5.8,1,0.30559537207228304,-0.04788798365559932,0.01379310344827589,0.1103448275862069,-0.02758620689655178
2021-03-30,UUU,6.59,1,0.29859376057146414,-0.048815102089089873,0.11077389984825503,0.0743550834597877,-0.12139605462822456
2021-03-30,UVE,14.52,1,0.31174238859073966,-0.04994306140737359,-0.039256198347107474,-0.04132231404958675,-0.04269972451790627
2021-03-30,UXI,29.51,1,0.3059473132037323,-0.047544172946943894,0.030081328363266602,0.06439850898000676,0.10123009149440865
2021-03-30,UYM,22.1375,1,0.3183847963030895,-0.047037188278008624,-0.0010118577075097779,0.03228910220214565,0.10208921513269353
2021-03-30,VALE,17.02,1,0.33326936885552016,-0.046968921439056954,0.09576968272620445,0.11104582843713273,0.2314923619271445
2021-03-30,VBF,19.8,1,0.3150370317573073,-0.04695410910142436,-0.015151515151515138,-0.02626262626262621,-0.0121212121212122
2021-03-30,VEGI,40.06,1,0.33185540309968564,-0.04920080925778768,0.0017473789316027055,0.014727908137793122,0.03719420868696943
2021-03-30,VICI,28.21,1,0.3474815407757034,-0.04673145738144019,0.03332151719248477,0.0219780219780219,0.11556185749734138
2021-03-30,VIGI,82.96,1,0.30351802320273075,-0.048578336487482304,0.008558341369334643,0.01820154291224685,0.03206364513018345
2021-03-30,VMD,9.77,1,0.32370587072247936,-0.04783118008617167,0.05117707267144311,-0.0020470829068577334,-0.01228249744114629
2021-03-30,VNCE,10.99,1,0.30447596525855813,-0.048873381477717845,0.0555050045495904,0.031847133757961776,0.061874431301182975
2021-03-30,VNDA,14.88,1,0.3145266338903561,-0.04910867225308823,0.09341397849462352,0.105510752688172,0.12499999999999978
2021-03-30,VNSE,29.6756,1,0.30728210505022413,-0.04817885074605137,0.031018749410290036,0.035359015487471224,0.04887517017347598
2021-03-30,VOC,3.52,1,0.3042424637224792,-0.0497541992843422,-0.014204545454545414,0.022727272727272707,0.08238636363636354
2021-03-30,VRRM,13.87,1,0.3263922545707906,-0.04793520091124874,-0.017303532804614163,0.010814708002883977,-0.007930785868781487
2021-03-30,VSDA,41.5669,1,0.3205666079414872,-0.048630378871224754,0.01258453240438917,0.01932066139163613,0.0347175276482008
2021-03-30,VSMV,36.0107,1,0.3266930933205532,-0.0491920089721511,0.016172970811453302,0.023884567642395327,0.03710563804646938
2021-03-30,VTC,89.26,1,0.3607170064543612,-0.046379914622515,0.005265516468742959,0.009522742549854302,0.009858839345731507
2021-03-30,VTV,132.06,1,0.29299458040112786,-0.049795504974504134,0.007269422989550245,0.01317582916855975,0.027033166742389758
2021-03-30,VYM,101.43,1,0.297481298441525,-0.048799700400022857,0.007690032534752866,0.010844917677215848,0.017647638765651008
2021-03-30,WBIY,26.91,1,0.31607419347411647,-0.04865828971070978,0.0007617985878853872,0.005771088814567005,0.009877369007803782
2021-03-30,WCBR,20.5815,1,0.33272603308727144,-0.04803833033766483,0.049486189053276064,0.1082768505696865,0.1337463255836553
2021-03-30,WDIV,66.4295,1,0.33543313559776616,-0.04874057107452935,0.0036203795000715466,0.011220918417269354,0.02524631376120534
2021-03-30,WES,18.11,1,0.3184155157774138,-0.04743026774399499,0.08006626173384856,0.058531198233020554,0.12479293208172293
2021-03-30,WIP,55.26,1,0.3322717945458654,-0.046906814900270696,0.011219688744118717,0.01755338400289541,0.02442996742671011
2021-03-30,WLDR,25.76,1,0.31620215157482295,-0.049313569248808406,0.010675465838509313,0.01843944099378869,0.03998447204968936
2021-03-30,WLKP,24.4,1,0.33009432352778084,-0.04898347590304874,0.004508196721311641,0.05204918032786909,0.11803278688524599
2021-03-30,WSR,9.63,1,0.3519428909961679,-0.04834869558408804,-0.0010384215991694479,-0.004153686396677125,0.015576323987538832
2021-03-30,WTBA,24.56,1,0.33225234404065535,-0.04849430290538048,-0.00122149837133545,0.01791530944625408,0.01669381107491863
2021-03-30,WTMF,38.72,1,0.3073343259480689,-0.048351196892712334,0.005994318181818281,0.02453512396694224,0.047262396694214726
2021-03-30,WWJD,32.8217,1,0.31097815504446547,-0.049147060288277415,0.01792411727607024,0.021662497676841808,0.05125877087414743
2021-03-30,XDAT,22.7041,1,0.33990084983955604,-0.04747221487247717,0.07832506023141184,0.10336899502732977,0.11690399531362172
2021-03-30,XERS,4.21,1,0.30593162961281495,-0.04970852989132846,-0.004750593824227933,-0.03325415676959609,-0.04275534441805218
2021-03-30,XLE,24.7,1,0.31321120825546506,-0.049048463916363305,-0.005060728744939236,-0.004251012145748967,0.01437246963562755
2021-03-30,XLG,29.431,1,0.30720763642138393,-0.04951673766184192,0.041520845367129855,0.05266555672590134,0.06615473480343859
2021-03-30,XLSR,40.621,1,0.3053897119549916,-0.04801894571811092,0.04329533984884648,0.05222175721917233,0.0676743556288617
2021-03-30,XMLV,52.55,1,0.32446920232577736,-0.04845881218162616,0.008943862987630835,0.019410085632730834,0.03177925784966695
2021-03-30,XSHD,22.9657,1,0.36496175340199255,-0.04984229609424658,0.0032004249816031116,0.014121058796378927,0.015161741205362844
2021-03-30,XTLB,13.16,1,0.30842411314042084,-0.049144880163118625,0.012158054711246313,-0.015197568389057725,0.1306990881458967
2021-03-30,XVV,30.1032,1,0.31340764603590493,-0.04778220039094719,0.03610247415557155,0.04727736586143649,0.06388689574530293
2021-03-30,YCL,52.144,1,0.3332494567449034,-0.048765890107987785,0.009391301012580566,0.026196686100030675,0.030879871126112235
2021-03-30,YLDE,37.5702,1,0.32504257198476955,-0.047466337894832816,0.019755018605170926,0.04710648332987333,0.05336144071631255
2021-03-30,YRD,5.09,1,0.3007863227448775,-0.04854191678206385,-0.23772102161100195,-0.25343811394891946,-0.19842829076620816
2021-03-30,ZTR,9.19,1,0.297630253402811,-0.049556247847723424,0.031556039173014305,0.017410228509249226,0.06202393906420034
2021-03-31,ABUS,3.33,1,0.3056652153551047,-0.03985298241204739,-0.012012012012012074,-0.03903903903903905,0.054054054054053946
2021-03-31,ACCO,8.44,1,0.3183723832012004,-0.037475646324849114,-0.0082938388625593,0.04976303317535535,0.0331753554502372
2021-03-31,ACRE,13.72,1,0.3104151732202543,-0.037943618124548675,0.013119533527696792,0.05612244897959173,0.07653061224489788
2021-03-31,ACSI,46.2525,1,0.31595725020290316,-0.036849148202304484,0.03211502080968609,0.04794767850386461,0.06074266255878058
2021-03-31,ACVF,29.6723,1,0.3179147446144227,-0.039332873582854574,0.02325401131695215,0.04487687169514998,0.050130930194154155
2021-03-31,ADME,36.449,1,0.3259083512716736,-0.03836033058457848,0.03459628522044511,0.06011138851546005,0.07053691459299305
2021-03-31,AEFC,25.95,1,0.31853860781607024,-0.03777453097186589,0.024277456647398887,0.024662813102119374,0.016955684007707195
2021-03-31,AEG,4.3644,1,0.31407668385491827,-0.038188596188535234,0.0,-0.029580240124644885,-0.008431857758225525
2021-03-31,AFGB,27.45,1,0.3111189311245999,-0.03807112657757507,0.031693989071038375,0.04298724954462663,0.025865209471766848
2021-03-31,AFGE,26.51,1,0.3199310342757028,-0.047371768525246424,0.012825348924933921,0.015088645794040012,0.022632968691059796
2021-03-31,AFLG,23.8117,1,0.31820112268813905,-0.0371769936365639,0.027402495411919414,0.04675012703838877,0.053393919795730715
2021-03-31,AGNCM,25.59,1,0.30650015878729253,-0.03930060593904172,0.0058616647127782695,0.0058616647127782695,0.0027354435326298887
2021-03-31,AGNCN,25.36,1,0.3272958600413,-0.03962773788876646,0.012223974763406975,0.02011041009463721,0.021293375394321634
2021-03-31,AGNCO,24.63,1,0.309822728534185,-0.03969666897635356,0.00568412505075111,0.01542833942346733,0.023954526999593995
2021-03-31,AGNCP,23.66,1,0.3156783244042995,-0.03916155463327756,0.010566356720202785,0.01014370245139462,0.02493660185967883
2021-03-31,ALTS,38.685,1,0.2896376478556749,-0.03905671017251801,-0.0002067985007109252,0.0006462453147213498,0.016543880056869575
2021-03-31,AMRX,6.73,1,0.3315936511366479,-0.03637530221649646,-0.09063893016344726,-0.12332838038632987,-0.1575037147102527
2021-03-31,AOR,53.56,1,0.32745431995137936,-0.037790947379157745,0.016803584764749857,0.026138909634055185,0.0315533980582523
2021-03-31,ARCC,18.71,1,0.3207455129874806,-0.0378853868139414,0.03099946552645627,0.04168893639764826,0.04810261892036327
2021-03-31,ARMP,4.78,1,0.3059715082979607,-0.03895582650943778,-0.03765690376569053,-0.13598326359832646,-0.12133891213389125
2021-03-31,AUGZ,29.1052,1,0.3172174205893889,-0.03858607852669421,0.02450077649354765,0.04004095488091486,0.048427772356829824
2021-03-31,AUSF,28.5981,1,0.3225153567783912,-0.03675304250279674,0.013528870799109027,0.02417992803717728,0.04250282361415625
2021-03-31,AVK,17.67,1,0.3176011573660993,-0.03720468467768502,0.032823995472552214,0.03904923599320864,0.046972269383135146
2021-03-31,AWX,3.67,1,0.2986969076321603,-0.03945533470043372,0.0681198910081744,0.013623978201634968,-0.03542234332425065
2021-03-31,BBCP,7.41,1,0.3174579541062976,-0.036903126804841625,-0.014844804318488558,0.006747638326585648,0.07287449392712553
2021-03-31,BDEC,31.85,1,0.298411983735139,-0.04021316571161801,0.01384615384615362,0.019601255886970037,0.0244678178963893
2021-03-31,BLW,16.75,1,0.299473079196169,-0.039509575717109474,0.0029850746268658135,0.012537313432835928,-0.0029850746268657025
2021-03-31,BPYPO,25.71,1,0.33194141084303697,-0.03768624623565496,-0.027226760015558127,-0.030723453908984788,-0.010307273434461361
2021-03-31,BRN,2.57,1,0.30263981806163986,-0.03972587745131854,0.12451361867704303,-0.1089494163424124,-0.19066147859922167
2021-03-31,BSAC,24.83,1,0.32275864460108594,-0.036686891702454545,0.004430124848973094,0.028594442207007686,-0.09424083769633507
2021-03-31,BVN,10.03,1,0.31325736535461185,-0.03740868817982394,0.046859421734795736,0.061814556331007076,-0.024925224327018936
2021-03-31,CDZI,9.59,1,0.30118063863088945,-0.03922479755740377,0.016684045881126153,0.09280500521376434,0.20020855057351405
2021-03-31,CEE,24.08,1,0.2959361594393087,-0.04026530997712002,0.011212624584717723,0.00996677740863805,0.01661129568106312
2021-03-31,CEFA,31.19,1,0.334960910179613,-0.0454671019202421,0.04200064123116376,0.03638986854761139,0.07181789034947084
2021-03-31,CEFD,30.6746,1,0.31473714652969964,-0.037780443989976834,0.022158398153520942,0.027658062370821357,0.03570706708481941
2021-03-31,CEW,17.8929,1,0.30481986061237,-0.03838624975980775,0.00598561440571399,0.01221713640606037,0.01719676519736879
2021-03-31,CHSCO,28.73,1,0.3226270793112518,-0.03651612023799514,0.0006961364427426897,-0.0006961364427428007,-0.00522102332057095
2021-03-31,CIA,5.79,1,0.3161305632504293,-0.03792880943071949,0.05354058721934374,0.006908462867012188,-0.006908462867012077
2021-03-31,CLWT,2.0667,1,0.29586262457179696,-0.04001424580637415,0.03546716988435672,-0.10644989596941978,0.03222528668892455
2021-03-31,CRK,5.54,1,0.31619275777819034,-0.03718381208838931,-0.05054151624548742,-0.10469314079422387,-0.0072202166064981865
2021-03-31,CRT,8.46,1,0.30444470725856976,-0.03828704911608033,0.06501182033096908,0.028368794326240954,0.18676122931442052
2021-03-31,CSQ,17.23,1,0.3163105869933909,-0.03852706675150698,0.05571677307022638,0.06558328496807886,0.04236796285548472
2021-03-31,CSWC,22.16,1,0.3341491779376636,-0.03725023452595219,0.06498194945848379,0.055505415162454996,0.12274368231046928
2021-03-31,CXDO,5.8,1,0.316336443175242,-0.03728351311926044,0.08275862068965534,0.09482758620689657,0.01379310344827589
2021-03-31,DAX,32.55,1,0.32650395417458244,-0.03634936504452703,0.026574500768049125,0.037889400921659044,0.04531490015360995
2021-03-31,DBEU,32.418,1,0.31798964637740723,-0.03770620217312985,0.021037695107656296,0.027515577765439003,0.031217224998457693
2021-03-31,DBJP,49.8709,1,0.30268200425582215,-0.03814259431649152,-0.004990886468862588,0.0019871307716523567,-0.024485220840209432
2021-03-31,DDT,25.35,1,0.32445925911271134,-0.03800736761522414,0.012623274161735809,0.011834319526627057,0.017948717948717885
2021-03-31,DDWM,29.76,1,0.334556604711859,-0.03634962128945158,0.012368951612903079,0.019489247311827995,0.020567876344085967
2021-03-31,DECZ,26.6613,1,0.3177342438326423,-0.03780522934931972,0.023168412643044478,0.03703495328434858,0.04472024995030255
2021-03-31,DEW,46.865,1,0.32732586162254623,-0.03570244953557626,0.008074255841246103,0.015619332124186425,0.030636935879654326
2021-03-31,DGRO,48.27,1,0.3150330531521251,-0.038045866698091915,0.01802361715351153,0.03148953801533039,0.03915475450590411
2021-03-31,DGZ,10.9762,1,0.33570556830209863,-0.037326821657882064,-0.03381862575390393,-0.03992274193254497,-0.04521601282775456
2021-03-31,DHCNL,24.36,1,0.30707424160655106,-0.038191437699127195,0.004515599343185572,0.008140394088669956,0.009852216748768461
2021-03-31,DIAX,16.25,1,0.31436366468627286,-0.03794905146818367,0.014153846153846183,0.03076923076923066,0.02153846153846173
2021-03-31,DMLP,13.66,1,0.3229455934857643,-0.03741484583640674,0.03367496339677878,0.04904831625183026,0.13030746705710095
2021-03-31,DNL,38.8152,1,0.3299800262851109,-0.03919625919205966,0.02833426080504542,0.036740761351223394,0.04780859044910257
2021-03-31,DOL,47.33,1,0.3245926585466625,-0.03625321784855645,0.019909148531586762,0.03128037185717303,0.037762518487217456
2021-03-31,DOO,42.45,1,0.28805016702566605,-0.03976123124030257,0.012603062426383982,0.022190812720848108,0.027797408716136562
2021-03-31,DSACW,1.2,1,0.3159754699533321,-0.037594551153935334,0.41666666666666674,0.016666666666666607,-0.11666666666666659
2021-03-31,DSTX,26.36,1,0.32712583824329766,-0.03586538443620603,0.02314112291350523,0.033611532625189566,0.0330652503793627
2021-03-31,DTH,39.3064,1,0.33087827642681394,-0.03632594155956276,0.015160381006655399,0.02270877007306704,0.027112633057212232
2021-03-31,DVOL,24.72,1,0.33365108504034785,-0.037200985476376014,0.029967637540453174,0.05501213592233012,0.08284789644012958
2021-03-31,DVYA,40.838,1,0.3290173579622148,-0.03969375734910427,0.0037220236054655853,0.01540966746657535,0.013658847152162146
2021-03-31,DYAI,5.49,1,0.295750520374445,-0.03941265870601964,-0.04553734061930781,-0.07285974499089254,-0.18214936247723135
2021-03-31,DYNF,33.9342,1,0.30911399214082735,-0.03911400072065292,0.025186979507399565,0.0394086202120576,0.048328824607623
2021-03-31,EC,12.82,1,0.3240179454330092,-0.03771623177634781,-0.017940717628705194,-0.0015600624024960652,-0.024180967238689566
2021-03-31,ECF,13.52,1,0.3212913020592823,-0.03731080237187895,0.02440828402366857,0.043639053254437954,0.05991124260355041
2021-03-31,ECOW,25.5099,1,0.3543228537753732,-0.04731633899662724,-0.0018345818682157233,0.030078518535941123,0.02234818639038183
2021-03-31,EDD,6.02,1,0.2995163444829845,-0.03917028366870496,0.006644518272425293,0.019933554817275656,0.00996677740863805
2021-03-31,EDF,8.42,1,0.29588472823221085,-0.03911868909615582,0.030878859857482066,0.05819477434679343,-0.03206650831353919
2021-03-31,EPOL,18.1,1,0.32678275156794717,-0.03825945046423559,0.05414364640883962,0.08784530386740319,0.12320441988950259
2021-03-31,EPS,43.3507,1,0.30852309363557173,-0.03805061122934035,0.025358298712592875,0.039429582451955714,0.05073274479996859
2021-03-31,ETON,7.32,1,0.2998294354362229,-0.0401941808125825,-0.012295081967213073,0.1693989071038251,0.1885245901639343
2021-03-31,EWC,34.05,1,0.3339075508993391,-0.03718935626687828,0.026725403817914994,0.03671071953010285,0.05726872246696035
2021-03-31,EWH,26.58,1,0.3309641407150777,-0.039681525895356326,0.015425131677953452,0.02332580887885638,0.048532731376975224
2021-03-31,EWK,20.36,1,0.3317668338145532,-0.036453598722994474,0.027504911591355707,0.03438113948919441,0.0795677799607073
2021-03-31,EWP,27.39,1,0.3201433570336204,-0.03640453905192553,0.023366192040890965,0.02117561153705716,0.06681270536692208
2021-03-31,EWQ,34.83,1,0.3247575494620325,-0.03712460029444979,0.033591731266150004,0.05196669537754817,0.08010335917312661
2021-03-31,EWS,23.42,1,0.32521186609961855,-0.03761633291155682,0.00853970964987183,0.013663535439794927,0.027327070879589854
2021-03-31,FAAR,28.8615,1,0.3196591181501831,-0.038312316145930725,0.008263603762798333,0.011381944805363586,0.03424977911750959
2021-03-31,FAF,56.65,1,0.3062644727257756,-0.03787783131137725,0.05119152691968232,0.07360988526037082,0.1542806707855251
2021-03-31,FAN,22.56,1,0.33901643554534333,-0.038113534961535384,0.007978723404255206,-0.010195035460992874,-0.009751773049645363
2021-03-31,FAX,24.54,1,0.34065598872655933,-0.03784304081936804,0.046454767726161306,0.041564792176039145,0.0488997555012225
2021-03-31,FBCV,26.73,1,0.3147119356252951,-0.037753552214591285,0.01608679386457168,0.034418256640478706,0.05424616535727633
2021-03-31,FCEF,23.85,1,0.31891582472781704,-0.037606583880507825,0.0213962264150942,0.028930817610062887,0.039412997903563785
2021-03-31,FDEV,27.8359,1,0.3398699123535862,-0.03630113034440524,0.023139183572293387,0.032120391293257944,0.03553325022722453
2021-03-31,FDHY,55.14,1,0.3201414514892802,-0.0404044623852805,0.005622052956111734,0.006891548784911272,0.004898440333696019
2021-03-31,FEM,26.3834,1,0.33721974641659386,-0.03633498285993135,0.035476852869607445,0.0277295572215861,0.06457848495644969
2021-03-31,FEMS,43.5248,1,0.3197081128569483,-0.0367706404102295,0.022405617027533742,0.018155166709554083,0.061923317281182166
2021-03-31,FFC,23.43,1,0.31064810738408416,-0.037165885308656166,-0.005121638924455829,0.0034144259496373675,-0.0046948356807511304
2021-03-31,FINS,17.42,1,0.2959418225636445,-0.038524078031463585,0.014064293915039938,0.02640642939150384,0.03673938002296184
2021-03-31,FITBO,26.52,1,0.31465352022401416,-0.037727143131588384,0.023378582202111753,0.042986425339366585,0.02714932126696823
2021-03-31,FLCA,30.3108,1,0.3312377139803967,-0.038042028353379054,0.02081106404317934,0.03064254325191018,0.051070905419850376
2021-03-31,FLN,18.1081,1,0.3328081521910495,-0.04803636270693955,0.03379150766783923,0.061127340803286856,0.055328830744252544
2021-03-31,FLQL,40.06,1,0.30794311100400745,-0.04015416056278805,0.021467798302546193,0.03765851223165262,0.04692960559161241
2021-03-31,FLRG,22.7868,1,0.31783664608523393,-0.03700174041733714,0.02657240156581886,0.04567556655607641,0.06026295925711378
2021-03-31,FLSW,30.18,1,0.35206709279343906,-0.035173687920151006,0.04169980119284289,0.04772365805168999,0.0595990722332671
2021-03-31,FMAG,20.03,1,0.3307598117863467,-0.039396227851842575,0.04543185222166746,0.0708936595107339,0.07528706939590601
2021-03-31,FSBW,33.6,1,0.3131158436882395,-0.0381708764594286,0.008928571428571397,0.0031249999999998224,-0.0001488095238095788
2021-03-31,FSK,19.83,1,0.3331092842847567,-0.0362668920512592,0.05295007564296528,0.032778618255169034,0.05295007564296528
2021-03-31,FTAG,30.254,1,0.3219429940416782,-0.038864436281412264,0.0029979506842070514,0.018708269980828973,0.03027698816685409
2021-03-31,FTLS,45.44,1,0.331712012992301,-0.037330464142903044,0.021014524647887445,0.031029929577464976,0.03654709507042275
2021-03-31,FTSD,95.1935,1,0.30787949104035317,-0.03835745028268196,-0.00014181640553179164,0.0012238230551455676,0.0011187738658626767
2021-03-31,FYLD,27.0029,1,0.34191140719786156,-0.03467920098725932,0.024897325842779816,0.03372600720663321,0.04044380418399496
2021-03-31,GAIN,12.23,1,0.3243529788501476,-0.036839803894886676,0.08094848732624693,0.12837285363859374,0.17825020441537198
2021-03-31,GALT,2.17,1,0.3064466117298139,-0.038021987232257984,0.15668202764976957,0.02764976958525356,0.9539170506912444
2021-03-31,GEL,9.34,1,0.33470534726966417,-0.03988534147634373,0.043897216274090045,0.021413276231263323,0.036402569593147804
2021-03-31,GGZ,14.59,1,0.33148639728928103,-0.03771125447042432,0.007539410555174708,0.02334475668265945,0.039753255654557895
2021-03-31,GHYB,50.05,1,0.3166137264718075,-0.04047905522421294,-0.0019800199800199536,0.0011988011988013358,0.0010689310689311338
2021-03-31,GHYG,50.1946,1,0.31934758205619984,-0.03967126123132934,0.0066819936805950775,0.006040490411319155,0.013455630685372366
2021-03-31,GORO,2.64,1,0.29704302146804346,-0.03957670103654714,0.10227272727272729,0.10227272727272729,0.022727272727272707
2021-03-31,GTIM,4.0,1,0.3112744776560996,-0.03815445892703276,0.13749999999999996,0.10749999999999993,0.12749999999999995
2021-03-31,GUNR,36.19,1,0.32928957761875743,-0.03582235931369316,0.020447637468914204,0.04421110804089534,0.0624481901077647
2021-03-31,GVI,114.86,1,0.32450245793590615,-0.036677035082086945,0.0035695629461953704,0.0072261884032736035,0.004091938011492324
2021-03-31,HEDJ,36.38,1,0.31571289602680425,-0.036587572014841,0.013606377130291225,0.017317207256734246,0.02212754260582739
2021-03-31,HNDL,24.74,1,0.31439253253785626,-0.03779697726565197,0.01859337105901382,0.021827000808407604,0.024656426839126944
2021-03-31,HTRB,40.218,1,0.31065930961656435,-0.03713191835804007,0.0080063653090654,0.01422248744343313,0.007757720423690717
2021-03-31,HYBB,51.5503,1,0.3130238669461954,-0.03858927298760281,0.0025159892376960258,0.005749724055922112,0.0053151970017633055
2021-03-31,HYDW,50.48,1,0.3069562383755461,-0.03802413581513102,0.0016719492868462194,0.0025752773375595783,0.001582805071315363
2021-03-31,HYGV,49.5255,1,0.3154064105344495,-0.038919960282475165,-0.00011105390152543748,0.0030691260057951197,0.004300814731804881
2021-03-31,HYLB,39.992,1,0.30918346648553535,-0.03850065088813129,0.0014002800560113382,0.003700740148029791,0.003700740148029791
2021-03-31,HYXF,52.0,1,0.30410634494821565,-0.03895036035039947,0.003076923076922977,0.004465384615384593,0.004423076923076863
2021-03-31,IBHF,25.56,1,0.30458030200404407,-0.037940743785187164,-0.0007824726134585402,0.0011815336463223414,0.0027856025039123544
2021-03-31,IBKR,18.26,1,0.30017891681453923,-0.039280490549300974,0.008077765607885867,0.049561883899233106,0.002875136911281384
2021-03-31,IBND,35.83,1,0.35062119188503615,-0.035980684336074466,0.020094892548143894,0.02232765838682682,0.03293329612056928
2021-03-31,IGI,21.41,1,0.30771834641253687,-0.03829421023785869,-0.006539000467071454,-0.0018682858477346853,0.03783278841662763
2021-03-31,IHF,50.354,1,0.31149943575375727,-0.037993939973199053,-0.01175676212416088,0.032807721332962725,0.04746395519720381
2021-03-31,IJAN,26.045,1,0.30799645029891665,-0.038098873065021674,0.013822230754463316,0.018057208677289216,0.018045690151660576
2021-03-31,IMRN,6.0,1,0.3025625272005843,-0.04009357257193428,0.0,-0.06833333333333336,-0.07666666666666666
2021-03-31,IQDG,37.08,1,0.3353231042089718,-0.03643008706256727,0.029126213592232997,0.04962243797195254,0.06175836030204951
2021-03-31,IRS,4.0651,1,0.31510193641636197,-0.037679464325278966,0.03082334997909042,0.002533763007060097,-0.036013874197436846
2021-03-31,IVOL,28.58,1,0.3140137500847149,-0.038381572064416,-0.0017494751574527179,-0.0017494751574527179,-0.002799160251924393
2021-03-31,IWX,63.6936,1,0.3067192044463834,-0.03775021679465322,0.014544632427747839,0.02518934398432493,0.04092090885112465
2021-03-31,IYK,58.9967,1,0.32390538324640383,-0.03670556526560101,0.015650027882915474,0.034120552505479296,0.02197750043646507
2021-03-31,JANZ,26.4482,1,0.31875819433140584,-0.037738253263715396,0.023328619717031707,0.037711451062832246,0.045209125762811775
2021-03-31,JHX,30.58,1,0.295542565862125,-0.0398554927680804,0.05395683453237399,0.10300850228907787,0.1121648136036626
2021-03-31,JRSH,6.2999,1,0.30422086536009085,-0.03996410069978096,0.06668359815235148,0.06350894458642209,0.06350894458642209
2021-03-31,JSTC,16.25,1,0.320977497011598,-0.03660211404737303,0.020615384615384702,0.038492307692307604,0.051409230769230874
2021-03-31,JULZ,30.5196,1,0.3099068001259522,-0.03772461299673899,0.025147773889566016,0.039636823549456635,0.048172322048781746
2021-03-31,KFS,4.65,1,0.3067078779475511,-0.0391839603150807,-0.04086021505376347,-0.006451612903225823,0.08172043010752694
2021-03-31,KTN,32.365,1,0.3205801978667438,-0.04791312363301417,0.0035346825274213955,-0.009850146763479173,-0.008963386374169713
2021-03-31,KYN,7.17,1,0.32704545153297376,-0.037246817407197,0.0069735006973501434,0.02649930264993028,0.0557880055788007
2021-03-31,LCAP,9.82,1,0.2885257779661018,-0.03967407611253364,0.011201629327902252,0.004073319755600657,0.008146639511201537
2021-03-31,LEGR,40.23,1,0.32373527996135854,-0.03825767125037059,0.022247079294059224,0.024359930400198904,0.043002734277902244
2021-03-31,LXRX,5.87,1,0.31108293218741145,-0.03983850818739284,-0.07495741056218064,-0.11243611584327085,-0.141396933560477
2021-03-31,MBCC,25.1756,1,0.3280852120904972,-0.03841124186434822,0.03634471472378009,0.06343046441792843,0.06702124279063848
2021-03-31,MGRB,25.29,1,0.3106501809605832,-0.03869253746984479,0.02609727164887299,0.02767892447607756,0.013444049031237748
2021-03-31,MLPB,14.14,1,0.33836989549817886,-0.03953938978920865,0.03111739745403108,0.021216407355021172,0.0808486562942008
2021-03-31,MNKD,3.92,1,0.3138429596359928,-0.03837211430155529,0.10204081632653073,0.09693877551020402,0.22959183673469408
2021-03-31,MPRO,25.1956,1,0.32550347139942487,-0.03814318051849993,0.018165870231310333,0.03184286145199966,0.03949896013589682
2021-03-31,MRGR,39.7659,1,0.3074997794600847,-0.03750556407511775,0.00601771869868406,0.008527406647403701,0.019592163134745988
2021-03-31,MRSK,29.2353,1,0.3143455244771133,-0.03998675563949587,0.020923335830314915,0.032180275215236476,0.03465331294701968
2021-03-31,MXI,86.77,1,0.3063584852219116,-0.03775821436474781,0.025008643540394226,0.05266797280165969,0.07214475048980074
2021-03-31,NACP,30.4642,1,0.31441517211322173,-0.040193891617953954,0.025794210909854787,0.04581114882386528,0.05234340635893919
2021-03-31,NBB,22.59,1,0.31907225568346703,-0.03707094797903445,-0.004648074369189903,0.003984063745019917,0.0026560424966799445
2021-03-31,NEXA,10.25,1,0.31016991881233064,-0.04018077013546798,0.0204878048780488,0.05756097560975615,0.023414634146341484
2021-03-31,NHTC,6.75,1,0.3296981358968536,-0.038210384891689014,0.053333333333333455,0.03111111111111109,0.07111111111111112
2021-03-31,NOCT,36.9093,1,0.2935233706209037,-0.04053858896747731,0.014107555548330541,0.022306031271251303,0.021693719469076944
2021-03-31,NOV,13.72,1,0.34470500938452603,-0.03689322920379893,-0.024052478134110822,-0.020408163265306256,0.11078717201166177
2021-03-31,NTSX,37.33,1,0.31450559789308186,-0.040007383330147875,0.03053844093222602,0.05143316367532824,0.05973747656040729
2021-03-31,NXP,17.39,1,0.30252656456017685,-0.03805806972235206,0.035652673950546276,0.035077630822311745,-0.01552616446233468
2021-03-31,OCCI,13.2537,1,0.31812172349254864,-0.03727448459373731,0.01430543923583616,0.008171303107811445,-0.011589216596120444
2021-03-31,OCTZ,28.4243,1,0.3223806056449012,-0.038023935527523624,0.023715623603747682,0.03861836527196805,0.046615044169953324
2021-03-31,ONOF,25.9465,1,0.31277608566334764,-0.040252703200012396,0.029040525697107578,0.05097411982348299,0.061800242807315
2021-03-31,OPRA,10.0,1,0.3015398536767142,-0.03853414266757135,0.05800000000000005,0.04600000000000004,0.10199999999999987
2021-03-31,ORLY,33.8167,1,0.3064207452145269,-0.03846406721933346,0.0019102987577146457,0.02905664952523468,0.07869780315642871
2021-03-31,OSUR,11.67,1,0.31249075361389117,-0.04078716596054225,-0.10454155955441313,-0.14224507283633248,-0.21765209940017127
2021-03-31,PBJ,40.01,1,0.33314861165959425,-0.03858474019436975,0.017745563609097736,0.03149212696825798,0.03974006498375404
2021-03-31,PBR,8.48,1,0.325844910893111,-0.038333921607789576,-0.012971698113207641,-0.044811320754717054,0.009433962264151052
2021-03-31,PBUS,40.3253,1,0.30540903644953526,-0.038878974844836996,0.03161042819272275,0.05186074251152517,0.0626083376937061
2021-03-31,PCB,15.0,1,0.3402454433773083,-0.03468095174803132,-0.005333333333333301,-0.006666666666666599,0.057333333333333236
2021-03-31,PDN,36.595,1,0.34186957748451796,-0.037129572628268714,0.024730154392676562,0.03566060937286508,0.0465910643530536
2021-03-31,PFFA,24.07,1,0.3184378343526942,-0.036738549460030114,0.02118820108018271,0.017449106771915135,0.012879102617366023
2021-03-31,PFIG,26.64,1,0.30156103127871625,-0.03882685365331226,0.0050675675675675436,0.008445945945945832,0.003941441441441373
2021-03-31,PHAR,12.83,1,0.3100023556027091,-0.048411332239436076,0.033343725643024014,0.01870615744349191,0.000389711613406174
2021-03-31,PICB,28.635,1,0.354490759020888,-0.03633511208200353,0.015016588091496308,0.021127990221756487,0.028636284267504752
2021-03-31,PRS,27.5,1,0.3158234053140347,-0.03728825709059558,0.01200000000000001,0.016363636363636358,0.0036363636363636598
2021-03-31,PSTL,17.18,1,0.3326947342277385,-0.03842545965505721,0.028521536670547354,0.07334109429569269,0.12863795110593723
2021-03-31,PTLC,34.74,1,0.29565119671564694,-0.039597860209274284,0.030368451352907222,0.04864709268854339,0.059873344847438004
2021-03-31,PXS,4.12,1,0.3106359626847821,-0.03848798989821929,0.06796116504854366,-0.17951456310679614,-0.12689320388349523
2021-03-31,QVCC,25.05,1,0.3065169380369319,-0.03871263275259954,0.017564870259480836,0.021556886227544814,0.02594810379241519
2021-03-31,RA,20.7,1,0.2990612008099332,-0.03986430343870857,0.03623188405797095,0.05362318840579716,0.05942028985507242
2021-03-31,RAAX,24.0143,1,0.3422754225393166,-0.03624191104968852,0.013770961468791532,0.03156452613651051,0.04479414348950428
2021-03-31,RECS,26.6905,1,0.3039343819280082,-0.03970088860679871,0.029924504973679822,0.04896873419381431,0.06006256907888585
2021-03-31,RGCO,22.18,1,0.3271405436439075,-0.03678831704988594,-0.0036068530207393756,0.015329125338142457,-0.01803426510369699
2021-03-31,RLGT,6.95,1,0.32905734271666953,-0.03726187085194374,0.012949640287769792,0.004316546762589857,-0.015827338129496438
2021-03-31,RLY,26.65,1,0.3303814938002758,-0.03696880892458661,0.013133208255159623,0.03339587242026276,0.054409005628518026
2021-03-31,RMI,21.97,1,0.32728212676763124,-0.0375243454098351,0.007737824305871666,0.020118343195266286,0.01502048247610377
2021-03-31,RMM,18.6,1,0.3213396846270008,-0.036404289976820325,0.024193548387096753,0.02956989247311803,0.07258064516129026
2021-03-31,RNP,24.39,1,0.323658598003984,-0.03685417311631134,0.018860188601885985,0.01845018450184499,0.06191061910619089
2021-03-31,ROAM,24.32,1,0.3404698023406388,-0.0355705099465332,0.009128289473684159,0.015127467105263026,0.030731907894736787
2021-03-31,ROMO,26.2279,1,0.3134934933089413,-0.03724416558646012,0.024870462370224056,0.038870820767198166,0.048067134616191165
2021-03-31,RPAY,23.48,1,0.32694007187935814,-0.03784503003196353,0.042589437819420706,0.0072402044293014,-0.008091993185689983
2021-03-31,SCHG,16.2225,1,0.32480784088097814,-0.03808935729747776,0.05378332562798582,0.08298967483433506,0.08414239482200636
2021-03-31,SEPZ,27.7779,1,0.3224954356323695,-0.038052471829158524,0.024983890070883863,0.04094261985247272,0.04922618340479312
2021-03-31,SHYG,45.81,1,0.30931440066771265,-0.03768169631625721,-0.0008731717965509977,0.0015280506439641073,0.0026195153896528822
2021-03-31,SIEB,4.05,1,0.3085820475227844,-0.03714621082208016,-0.004938271604938205,-0.024691358024691246,-0.014814814814814725
2021-03-31,SIXL,32.867,1,0.32973025153808416,-0.03646408145155938,0.012173304530380014,0.028390178598594495,0.022493686676605673
2021-03-31,SJT,3.96,1,0.3034298710494212,-0.038161351029212434,0.05808080808080818,0.05303030303030298,0.21717171717171735
2021-03-31,SMMT,5.87,1,0.2958686448215865,-0.038707572163635316,-0.0732538330494037,-0.04599659284497448,0.06473594548551964
2021-03-31,SNFCA,7.3261,1,0.320519004076593,-0.03809765343209569,-0.07488295273064804,-0.07809066215312388,-0.09950724123339838
2021-03-31,SNPE,34.77,1,0.30933642515516846,-0.038949136165113994,0.03221167673281555,0.05207075064710942,0.06614897900488925
2021-03-31,SPXX,16.53,1,0.3090181103279146,-0.037990096569135844,0.024803387779794406,0.041742286751361046,0.04053236539624905
2021-03-31,SPYV,37.9,1,0.31227815322998387,-0.03773040232300727,0.013456464379947075,0.025329815303430037,0.04300791556728245
2021-03-31,SPYX,32.7367,1,0.3097832432402095,-0.038832202179660213,0.03135930011271748,0.049687353948321134,0.06088884951751394
2021-03-31,SSL,14.49,1,0.3100472089442596,-0.0382479927195482,0.03657694962042779,0.13871635610766053,0.21808143547273962
2021-03-31,SSPY,62.1568,1,0.3011737867534976,-0.03983613159190799,0.018678567751235553,0.03345410317133446,0.04883938684102129
2021-03-31,SSUS,30.8808,1,0.3147350442768366,-0.03897153735010257,0.03170902308230361,0.04887179088624638,0.05880676666407614
2021-03-31,SZK,16.657,1,0.32889114080745463,-0.03629963277804879,-0.029921354385543664,-0.06645854595665479,-0.046863180644773905
2021-03-31,TBPH,20.41,1,0.3092821048477652,-0.03915543648028671,0.06663400293973543,0.05340519353258211,-0.027927486526212686
2021-03-31,TDVG,29.6566,1,0.3293558039208031,-0.037822337586693955,0.020009036774276234,0.038554655624717604,0.058449046755191025
2021-03-31,TPVG,14.45,1,0.32505449843716533,-0.03700208295770546,0.06782006920415218,0.08235294117647074,0.10242214532871974
2021-03-31,TRND,29.0298,1,0.31603585378877563,-0.03718134577085437,0.018842706460257874,0.029672956754783097,0.03332782175557525
2021-03-31,TS,22.69,1,0.30851509356603535,-0.03843038665901064,-0.026884089907448394,-0.038783605112384434,-0.07360070515645667
2021-03-31,TV,8.86,1,0.30598758360558237,-0.039215358520670845,0.13882618510158018,0.38036117381489865,0.47968397291196396
2021-03-31,TWIN,9.56,1,0.32394696770428727,-0.037982250250947355,0.06694560669456062,0.07217573221757312,0.04811715481171541
2021-03-31,UEC,2.86,1,0.3077555525732904,-0.038782679342832985,0.1573426573426575,-0.01748251748251739,0.027972027972027913
2021-03-31,UGE,21.466,1,0.32162331542526534,-0.03775981642678437,0.027662349762414884,0.06629087859871419,0.04106493990496585
2021-03-31,UMH,19.17,1,0.329617356944895,-0.038827004628134446,0.02712571726656221,0.03077725612936888,0.11632759520083447
2021-03-31,UNMA,26.68,1,0.3327299069206479,-0.03930612237376371,0.01724137931034475,0.011994002998500841,0.004685157421289388
2021-03-31,USAS,5.625,1,0.29591968866523616,-0.038754670078650515,0.02666666666666684,0.01333333333333342,-0.03555555555555556
2021-03-31,USHY,41.19,1,0.30921339661761627,-0.038609441355237875,0.0014566642388929019,0.004127215343530111,0.004855547462976562
2021-03-31,USSG,36.47,1,0.3092724359706283,-0.038639579268686844,0.02851658897724163,0.04853304085549781,0.05538799012887319
2021-03-31,UWMC,7.93,1,0.3221375238759852,-0.036405102597387926,-0.013871374527112179,-0.044136191677175196,0.04665825977301408
2021-03-31,VCTR,25.56,1,0.30272340591241437,-0.038104005959004074,0.05633802816901423,0.07902973395931134,0.10093896713615025
2021-03-31,VNM,18.1,1,0.32146700057744343,-0.03761548683571497,0.02707182320441981,0.059668508287292754,0.05524861878453047
2021-03-31,VNQI,55.76,1,0.3311607110225291,-0.0400363760650262,0.01990674318507879,0.03371592539454804,0.0347919655667146
2021-03-31,VRAI,24.8874,1,0.3315242020579099,-0.036043934370364954,0.01799705875262192,0.029987061726014064,0.05045926854552918
2021-03-31,WOMN,30.5461,1,0.3183633934354564,-0.03864689937014629,0.020729323874406402,0.03791646069383647,0.04850046323425916
2021-03-31,XLB,39.4,1,0.320113248823958,-0.03619561661788766,0.007106598984771617,0.03642131979695429,0.0651015228426397
2021-03-31,XYLD,47.82,1,0.30099290926421585,-0.03897697951709321,0.0058552906733584376,0.006900878293600865,0.002091175240485077
2021-03-31,YCS,19.4375,1,0.32769230088783624,-0.03671918761676616,-0.026042443729903497,-0.03713440514469457,-0.03411961414790998
2021-03-31,ZIG,25.2496,1,0.3179077180219606,-0.036677935750851376,0.021006273366706907,0.03470550028515307,0.04126005956529988
2021-04-01,ABEQ,26.4487,1,0.328510075140734,-0.03759213616251221,0.011917409929410594,0.033219023997398844,0.03519265597174903
2021-04-01,AFGC,26.81,1,0.31973826887752876,-0.03783685482314956,0.018836255128683366,0.02648265572547559,0.0029839612085043044
2021-04-01,AFK,21.36,1,0.32654863871097994,-0.03880690373243155,0.002808988764045006,0.018258426966292207,0.013108614232209881
2021-04-01,AOM,43.8,1,0.31799675586885623,-0.03757222908403079,0.007534246575342518,0.01598173515981749,0.01324200913242013
2021-04-01,APAM,52.52,1,0.33228044220604813,-0.18695514810765984,0.015993907083015957,0.07197258187357192,-0.030464584920030457
2021-04-01,ARKX,20.91,1,0.3279213267811592,-0.047478116658024025,0.0057388809182210565,0.002869440459110306,-0.015303682448589151
2021-04-01,ARTW,3.28,1,0.2985662407377096,-0.0391409871248782,0.04573170731707332,-0.09756097560975607,-0.047256097560975596
2021-04-01,ASUR,8.0,1,0.31108430339917587,-0.03937378685383279,-0.018750000000000044,-0.011249999999999982,0.0012499999999999734
2021-04-01,BAB,32.19,1,0.32436138944568954,-0.03674132780740745,0.004349176762969975,0.012115563839701693,0.008698353525939728
2021-04-01,BANX,19.61,1,0.3154613254033219,-0.03824921309885719,0.01427842937276913,0.009688934217236156,0.015298317185109767
2021-04-01,BAPR,30.24,1,0.2984655628309835,-0.03866550544640742,0.015873015873015817,0.02281746031746046,0.024024470899471018
2021-04-01,BBDC,10.16,1,0.3161467154055497,-0.03739273158751367,0.009842519685039353,0.0167322834645669,0.021653543307086576
2021-04-01,BBSC,65.263,1,0.3184765209816014,-0.18092787758220452,-0.0015169391538850663,0.010771800254355313,0.011445995433859935
2021-04-01,BDCZ,18.85,1,0.31929944747947353,-0.03900382074942034,0.001061007957559701,0.014917771883289133,0.021750663129973535
2021-04-01,BFEB,29.3,1,0.30228201316690007,-0.03860708019728616,0.014334470989761039,0.0216484641638226,0.01945392491467568
2021-04-01,BJAN,34.49,1,0.30105002406047005,-0.039811213430910715,0.00956799072194836,0.015656712090460934,0.013627138300956743
2021-04-01,BKSE,94.8195,1,0.30713052754528125,-0.19328013177583336,0.005522070882044261,0.019261860693211785,0.026996556615463962
2021-04-01,BNOV,30.87,1,0.2992743301010181,-0.038108750869549346,0.011658568189180318,0.012847424684159447,0.013122772918691128
2021-04-01,BOUT,33.42,1,0.3363219374315031,-0.1691496604185263,0.026929982046678624,0.035008976660682256,0.03141831238779158
2021-04-01,BPOPM,26.02,1,0.31103800408225224,-0.037379728122022976,-0.0188316679477325,-0.0188316679477325,-0.01502690238278237
2021-04-01,BSJS,25.3654,1,0.3036853906908427,-0.038734547373149,0.0047150843274696985,0.004912203237480872,0.0021525384973231088
2021-04-01,CAF,22.9,1,0.31452117530838614,-0.03806713387620413,-0.01441048034934489,-0.013973799126637543,-0.0017467248908296096
2021-04-01,CHD,86.53,1,0.30907485199285767,-0.16667298249923632,0.003004738241072502,0.016294926615046723,-0.009129781578643303
2021-04-01,CHY,15.06,1,0.31991449554408136,-0.03745088157808631,0.061088977423638724,0.050464807436918946,0.04116865869853914
2021-04-01,CLS,8.71,1,0.2864663753395438,-0.04038816165723403,-0.009184845005740572,-0.029850746268656914,-0.04362801377726755
2021-04-01,COCP,17.16,1,0.29355247021357206,-0.1653037306874845,-0.013986013986013845,-0.16083916083916083,-0.1748251748251748
2021-04-01,CRF,13.01,1,0.30484146615808894,-0.0380817676039588,0.030661029976940757,-0.0876249039200615,-0.1314373558800922
2021-04-01,CTDD,26.32,1,0.2955082923570794,-0.03974995012050728,-0.006079027355623157,-0.003039513677811634,-0.006458966565349611
2021-04-01,DBAW,32.95,1,0.3231240435106731,-0.037384169777070694,0.0024279210925644,0.01179362670713191,-0.0009104704097117056
2021-04-01,DEM,44.23,1,0.3370051018765061,-0.03722432284267555,-0.0031652724395205833,0.020122089079810168,0.020122089079810168
2021-04-01,DEMZ,24.83,1,0.3374750403019441,-0.04538237612889978,0.04712041884816753,0.06451469995972614,0.05235602094240832
2021-04-01,DEUS,42.39,1,0.3153004294807498,-0.03963812916946395,0.013349846661948606,0.03192026421325789,0.03373437131398904
2021-04-01,DFAE,28.32,1,0.32710600310399457,-0.036053568232256694,-0.0007062146892655718,0.014477401129943557,0.017655367231638408
2021-04-01,DFAI,28.24,1,0.3375360870451159,-0.0392225353025328,0.01487252124645888,0.03045325779036845,0.01628895184135981
2021-04-01,DIVB,37.25,1,0.3132915163393216,-0.039432320731000566,0.01986577181208049,0.03221476510067123,0.030604026845637566
2021-04-01,DSAC,9.92,1,0.3011610655440014,-0.039827273482489184,0.027217741935483764,0.013104838709677491,-0.013104838709677491
2021-04-01,DWX,38.39,1,0.3471708357591958,-0.03771662340606727,0.009778588174003566,0.02109924459494672,0.02031779109143006
2021-04-01,EAOR,29.992,1,0.3190306334745427,-0.03724739421674082,0.01003600960256068,0.020872232595358753,0.01714123766337683
2021-04-01,ECC,12.23,1,0.31777576259561935,-0.03717100624077159,-0.006541291905151292,0.005723630417007408,0.022076860179885527
2021-04-01,EFZ,19.2292,1,0.32762591180600614,-0.03815022103557353,-0.015190439539866318,-0.031680985168389575,-0.0165321490233602
2021-04-01,EPSN,3.69,1,0.3110184368341454,-0.03728423740376409,0.03252032520325199,0.046070460704606964,0.07588075880758804
2021-04-01,ESRT,11.37,1,0.36015516468927544,-0.03663718551067118,-0.0158311345646438,0.0008795074758136678,0.0017590149516271136
2021-04-01,ET,7.85,1,0.31608212426134463,-0.038326641286781885,0.02420382165605095,0.002547770700636942,0.0968152866242038
2021-04-01,ETG,18.89,1,0.3299944900382597,-0.03806668737847628,0.04817363684489151,0.057702488088935855,0.06352567496029637
2021-04-01,ETO,26.47,1,0.3247083307841955,-0.035840539328926974,0.06120136003022303,0.06762372497166624,0.08953532300717804
2021-04-01,EWG,33.95,1,0.3222929850592078,-0.0396803910488162,0.019145802650957222,0.042415316642120615,0.019734904270986675
2021-04-01,EWI,31.82,1,0.3151028850317053,-0.03862236931117497,-0.004085480829666865,0.018227529855436853,-0.006599622878692646
2021-04-01,EWU,31.67,1,0.340283463602746,-0.03947667454509964,0.013893274392169142,0.035996210925165695,0.02715503631196725
2021-04-01,EZPW,5.14,1,0.3133921228844238,-0.03837254582231933,0.04474708171206232,0.017509727626459304,0.095330739299611
2021-04-01,FDL,32.86,1,0.3193800773974249,-0.037201332226808825,0.009433962264151052,0.023128423615337734,0.033475349969567914
2021-04-01,FID,17.62,1,0.30658755440079466,-0.03788511303407166,0.015039727582292883,0.026674233825198623,0.02724177071509648
2021-04-01,FITBP,27.0,1,0.31659906325585074,-0.03723441552216643,0.014444444444444482,0.01185185185185178,-0.014814814814814725
2021-04-01,FLGR,26.41,1,0.33362259354955753,-0.03772673307795417,0.017985611510791477,0.04029912911775835,0.01855357819007941
2021-04-01,FN,91.36,1,0.2889265717003415,-0.19117332550726407,-0.021125218914185506,-0.021453590192644367,-0.06282837127845875
2021-04-01,FPRO,21.2616,1,0.32966990566702115,-0.03834419113893177,0.005803890582082305,0.03237761974639719,0.07248278586747947
2021-04-01,GAINN,25.775,1,0.3143816785275002,-0.036741138329725434,0.0032977691561590916,0.0029097963142581396,0.010669253152279401
2021-04-01,GAM,40.09,1,0.3060198123565596,-0.0381984203216544,0.031429284110750855,0.044400099775504964,0.05786979296582673
2021-04-01,GFL,35.42,1,0.3330261788345376,-0.15853521960126496,0.02625635234330881,-0.07142857142857151,-0.07029926595143987
2021-04-01,GGB,4.0555,1,0.32802838004295387,-0.03910691416906993,0.07242017013931679,0.1389471088645049,0.20157810380964114
2021-04-01,GIS,60.92,1,0.31682708514587266,-0.1758251893723235,-0.012967826657911963,0.006237688772160244,-0.000984898227183173
2021-04-01,GSEU,34.6085,1,0.32560597262695556,-0.04003815918930283,0.02171431873672658,0.04383027290983432,0.02978459049077542
2021-04-01,GSSC,63.42,1,0.3192871358536471,-0.18317871158306295,-0.0031535793125198053,0.007726269315673218,0.002838221381267658
2021-04-01,GVAL,22.36,1,0.31976224497419625,-0.03667040969968932,0.013434704830053601,0.03913237924865842,0.02397584973166378
2021-04-01,HDEF,23.98,1,0.33702850498511316,-0.03723725896563143,0.01209341117597984,0.030863219349457793,0.011676396997498006
2021-04-01,HFXI,24.13,1,0.31936713601876027,-0.03780790379997466,0.011603812681309611,0.024036469125569893,0.008288437629506706
2021-04-01,HWKN,33.9,1,0.2917236911658104,-0.1638740693364723,-0.018289085545722616,0.0008849557522123686,-0.016224188790560423
2021-04-01,HYD,62.0,1,0.30564149494249726,-0.03908932717595743,0.0024193548387096975,0.008387096774193692,0.010967741935483888
2021-04-01,HYDB,51.2998,1,0.3183040313399329,-0.03886265095021014,0.0035126842599775276,0.005851874666178203,0.006826537335428151
2021-04-01,IAGG,54.99,1,0.3042542070694909,-0.03827146288061678,-0.0007274049827241669,-0.0018185124568103062,-0.0027277686852155147
2021-04-01,IDHQ,29.55,1,0.3434389409622608,-0.03681246403007905,0.015566835871404505,0.025549915397631073,0.02368866328257191
2021-04-01,IDOG,27.54,1,0.32560893137366903,-0.03840411140996659,0.008714596949891185,0.02106027596223692,0.01125635439360928
2021-04-01,IDV,31.67,1,0.33466275590474626,-0.036374105157580786,0.010735712030312428,0.025260498894853045,0.02336596147773906
2021-04-01,IGA,9.38,1,0.3071853389467342,-0.038569544465241974,0.006396588486140553,0.013859275053304865,0.005330490405117239
2021-04-01,IHDG,41.67,1,0.3097749699467898,-0.040281299867143794,0.014878809695224371,0.032877369810415,0.021598272138228847
2021-04-01,IIIV,31.65,1,0.33643270490578037,-0.17940891023485825,0.025908372827804227,0.06666666666666665,0.049605055292259115
2021-04-01,IQDF,25.88,1,0.3298082848338794,-0.03693839819275205,0.0103245749613603,0.023183925811437467,0.014683153013910433
2021-04-01,IQDY,30.5784,1,0.3403436350051594,-0.03597063823911767,0.009536143159877719,0.023147058054051373,0.0107723098657877
2021-04-01,IQSI,28.8578,1,0.33216076444730896,-0.03896925829090203,0.013975424322020258,0.02962457290576559,0.01204527025622193
2021-04-01,ISCB,57.0766,1,0.31454127684529876,-0.16436368271938712,0.0020533808951479493,0.01381301619227493,0.020926264003111594
2021-04-01,ISCG,50.88,1,0.324077609628132,-0.16716022793743515,-0.0008195754716981973,0.011267688679245103,0.013364779874213806
2021-04-01,ITUB,4.2101,1,0.3243886988319255,-0.036571083848635985,-0.012588774613429554,0.039809030664354816,0.04821738200992853
2021-04-01,IWML,26.1549,1,0.3457078688706437,-0.16550491043140547,-0.006671789989638688,0.009699903268603594,0.012957419068702292
2021-04-01,IYZ,32.62,1,0.32915462664665934,-0.039410213523891235,0.005518087063151489,0.013182096873084026,0.007050889025138174
2021-04-01,JCE,15.08,1,0.30804819229858793,-0.03850401722415782,0.03315649867374004,0.04774535809018565,0.0683023872679045
2021-04-01,JHI,18.29,1,0.3034018012217026,-0.038839940449403865,0.004209950792783079,0.0071077091306726015,0.010524876981957476
2021-04-01,JHMD,32.8488,1,0.32845309108343274,-0.040678897315788914,0.014499768636906163,0.030935681059886644,0.011546844938019163
2021-04-01,JOB,1.38,1,0.28946020443307513,-0.04021755184904742,-0.1376811594202898,-0.586231884057971,-0.5310869565217391
2021-04-01,JRI,15.07,1,0.31696833297931254,-0.03843622547476528,0.007299270072992581,0.023224950232249464,0.01857996018579966
2021-04-01,KTCC,8.07,1,0.33319194310538736,-0.04067192340257915,0.019826517967781898,-0.0371747211895912,-0.137546468401487
2021-04-01,LRMR,14.65,1,0.3241312987035026,-0.16999851682266032,-0.02866894197952219,-0.22662116040955638,-0.09146757679180884
2021-04-01,MBB,108.19,1,0.3111220356738203,-0.039642884614989105,0.0017561697014512045,0.0036971993714760565,0.006192808947222517
2021-04-01,MCN,7.75,1,0.304726777215849,-0.039262439534027915,0.019354838709677358,0.020645161290322678,0.02580645161290329
2021-04-01,MHNC,23.641,1,0.3151156521181858,-0.03768702886826175,-0.003849244955797082,-0.003849244955797082,0.015185482847595244
2021-04-01,MRCC,10.27,1,0.32631415298091904,-0.03786662631341555,0.04089581304771173,0.049659201557935795,0.049659201557935795
2021-04-01,MXF,14.35,1,0.333280158325624,-0.03621332143607779,0.014285714285714235,0.03205574912891995,0.013240418118466879
2021-04-01,NAPR,36.0158,1,0.3021023949880425,-0.038498750196831535,0.012747183180715105,0.01746178066293136,0.013607916525524955
2021-04-01,NHS,12.97,1,0.30415458047647537,-0.03798076873541957,-0.0065535851966076475,-0.016962220508866643,-0.010023130300694016
2021-04-01,NJUL,45.6494,1,0.2980398568322434,-0.03809013334326937,0.0013275092334181782,0.005055926255328691,0.004860962027978477
2021-04-01,NRUC,26.64,1,0.3127869145208953,-0.03797886367765228,0.0026276276276275823,0.009009009009008917,-0.0037537537537537524
2021-04-01,NTIP,3.36,1,0.29366199913211827,-0.03944825853602996,-0.008928571428571397,-0.011904761904761862,-0.029761904761904767
2021-04-01,NUDM,30.6143,1,0.3342830005653845,-0.03959654040337673,0.012262243461388822,0.028114312592481427,0.010201115165135333
2021-04-01,NULV,36.47,1,0.3352543540202484,-0.03868879726719826,0.011516314779270731,0.02248423361667129,0.0238552234713465
2021-04-01,OPRT,20.97,1,0.3348544970873657,-0.16159336402103966,0.009060562708631537,-0.03814973772055308,0.03528850739151168
2021-04-01,OVF,26.1337,1,0.3334755881931301,-0.03828508068791338,0.005433597232691767,0.016599256898181203,0.0075879037411463734
2021-04-01,PBT,4.12,1,0.30819025826742036,-0.03989610145670716,-0.058252427184466105,-0.03883495145631066,-0.08980582524271852
2021-04-01,PEO,14.392,1,0.3394774146180489,-0.037496631090589455,-0.01737770983879927,-0.012034463590883782,0.0093593663146192
2021-04-01,PFD,17.86,1,0.3040288306268132,-0.0384484230211181,0.03527435610302354,0.01903695408734607,0.03303471444568862
2021-04-01,PID,16.86,1,0.3208895037275574,-0.03710183847273846,0.013226571767496864,0.019572953736654908,0.023724792408066575
2021-04-01,PSET,49.3341,1,0.30367786133110225,-0.04791515059067548,0.019933474006822882,0.041875700580328745,0.03660551221163466
2021-04-01,PWV,42.85,1,0.3143528802921021,-0.04005801363089864,0.013768961493582088,0.030805134189031413,0.03173862310385056
2021-04-01,QLVD,26.87,1,0.33282817736673814,-0.03655132998734509,0.01321176032750282,0.022422776330480065,0.012281354670636402
2021-04-01,QLVE,27.5974,1,0.32809524710028914,-0.03557495427069818,-0.0018987295904686619,0.010102400950814161,-0.0020799060781088174
2021-04-01,QQQX,27.47,1,0.3347066085220829,-0.03581710989181992,0.027120495085547924,0.03421914816163096,0.028758645795413207
2021-04-01,RDY,12.544,1,0.322883839747776,-0.03701208866250286,0.01913265306122458,0.03651147959183665,0.1004464285714286
2021-04-01,REK,20.6388,1,0.33125888448612495,-0.03697323642008522,-0.007345388297769206,-0.033684128922224166,-0.0590538209585828
2021-04-01,RFI,14.98,1,0.32826034573771584,-0.03684851593801647,-0.008010680907877266,-0.002670226969292422,0.08144192256341776
2021-04-01,RODM,30.02,1,0.35001498612082943,-0.03905776208496212,0.011325782811459018,0.024983344437041977,0.013990672884743649
2021-04-01,SAA,30.48,1,0.3243285148967838,-0.1731749839498708,-0.009055118110236182,0.01056430446194212,0.0050885826771653875
2021-04-01,SBS,7.0218,1,0.3282060927850693,-0.037065882564383125,0.052564869406704906,0.06777464467800276,0.08714289783246465
2021-04-01,SCHD,24.44,1,0.3308378178272826,-0.03681081122316236,0.0128191489361702,0.025503273322422304,0.01650163666121096
2021-04-01,SCHF,19.075,1,0.3347271931433229,-0.0376696155016254,0.014154652686762859,0.030930537352555687,0.015465268676277955
2021-04-01,SCHH,20.92,1,0.34671086611661267,-0.03936243619759802,0.0035850860420649777,0.02939770554493304,0.060946462715105065
2021-04-01,SCHK,19.945,1,0.3239010143383966,-0.03679478886180348,0.026071697167209695,0.0416144397092002,0.040862371521684704
2021-04-01,SCHX,16.205,1,0.3184131193496267,-0.03671817075299763,0.027361925331687686,0.04257945078679426,0.040937982104289006
2021-04-01,SFB,26.15,1,0.32408252513907293,-0.03743948419386818,0.011854684512428326,0.025621414913957974,0.014149139579350045
2021-04-01,SIJ,32.4444,1,0.31292088459348943,-0.038533235612562604,-0.04882198468765031,-0.0682891346426503,-0.07399736164022142
2021-04-01,SLRC,18.12,1,0.3440509533692628,-0.04008588314197977,0.04635761589403975,0.02593818984547447,0.019315673289183044
2021-04-01,SMMD,63.845,1,0.30886690894214364,-0.17524186529052066,0.004150677421881133,0.017464171039235588,0.022163051139478585
2021-04-01,SOJC,26.35,1,0.3338032021818832,-0.037135572314874576,0.002277039848197271,0.021252371916508528,0.01366223908918407
2021-04-01,SOJD,26.58,1,0.3201431213731223,-0.03717584879901864,0.0022573363431153126,0.01015801354401824,-0.0007524454477050302
2021-04-01,SPH,15.03,1,0.312412532534015,-0.04046196578836265,-0.0006653359946773296,-0.003326679973386537,0.011310711909514382
2021-04-01,SPNT,10.32,1,0.3213450305783141,-0.03807327182595739,0.004844961240309864,0.027131782945736482,0.025193798449612448
2021-04-01,SWX,68.24,1,0.3012895457504098,-0.18372481583529046,0.01406799531066838,0.06066822977725672,0.021688159437280197
2021-04-01,TDAC,12.24,1,0.2924069443600074,-0.03964126831047264,0.08496732026143783,-0.005718954248365993,0.08986928104575154
2021-04-01,TDACW,2.12,1,0.2961808220844895,-0.038651125293758984,0.25,0.004716981132075304,0.2986792452830189
2021-04-01,TDC,38.93,1,0.2944760728330504,-0.169864078426109,0.02517338813254555,0.01695350629334702,0.2707423580786026
2021-04-01,TPHD,29.2,1,0.3210688000631159,-0.0376664442452811,0.001712328767123239,0.017801369863013727,0.023972602739726012
2021-04-01,TPIF,28.22,1,0.32427745861305174,-0.039886674765377925,0.008681785967399103,0.02662650602409644,0.009510985116938375
2021-04-01,TVE,25.5,1,0.3194624467263105,-0.036738740051248116,-0.0018549019607843054,0.029019607843137285,0.007843137254901933
2021-04-01,TY,32.66,1,0.32210218539951146,-0.03633273660564969,0.024494794856093183,0.030006123698714138,0.0339865278628293
2021-04-01,UGP,3.66,1,0.3290713605132134,-0.03724844299970253,-0.010928961748633892,0.04918032786885229,0.060109289617486183
2021-04-01,USVM,68.9973,1,0.31458609017190375,-0.17982934965504166,-0.001527596007379839,0.012503387813726174,0.008880057625443305
2021-04-01,VIDI,27.5245,1,0.3429489338498218,-0.03586987650867528,0.006892041635633728,0.024541771875965068,0.019818706970153865
2021-04-01,VINP,12.85,1,0.33581804456075953,-0.03956455702914911,-0.028015564202334642,-0.046692607003890996,-0.13618677042801552
2021-04-01,VTRS,13.9,1,0.32886021317694003,-0.036242521547670443,-0.036330935251798646,-0.03597122302158273,-0.043165467625899234
2021-04-01,VWID,28.7774,1,0.3410088177764341,-0.03709664265759738,0.014337639953574621,0.026531236317387963,0.01641218456149618
2021-04-01,WBIF,30.4121,1,0.324343714526844,-0.038378282938939856,0.019696107799198392,0.03782376093725848,0.04190766175305227
2021-04-01,WBIG,25.43,1,0.3362691495176444,-0.03592869389129488,0.014935116004718862,0.02718442784113262,0.031207235548564638
2021-04-01,XSMO,52.9,1,0.3234322528559929,-0.17100111472565385,-0.027977315689981075,-0.024956521739130433,-0.03289224952741021
2021-04-01,YMAR,20.2325,1,0.30526365595064475,-0.03853530275021974,0.009163474607685629,0.020882243914494003,0.009796120103793493
2021-04-01,ZIONP,25.3,1,0.3193900012131871,-0.04007696814858927,-0.011067193675889375,-0.009782608695652284,-0.005640316205533624
2021-04-05,AESR,12.9079,1,0.30864303822314465,-0.03732221063274807,0.013983684410322494,0.020305394370889074,0.026588368363560155
2021-04-05,AFGD,27.86,1,0.3208058763198687,-0.03655154812706112,0.011486001435750293,0.017229002153625217,0.016511127063890907
2021-04-05,AKAM,103.86,1,0.2913342309667944,-0.24356371366190827,0.0035624879645677066,0.018101290198343944,0.0304255728865781
2021-04-05,ALTY,12.73,1,0.3085665312551519,-0.037540086104004444,0.01885310290651998,0.030180675569520865,0.057344854673998524
2021-04-05,AMPY,2.81,1,0.3226991237121494,-0.03859848902224518,-0.12811387900355864,-0.053380782918149405,-0.01067615658362997
2021-04-05,BNDC,25.9809,1,0.30548022947278475,-0.0380413800504631,0.0015049517145286906,0.0038143405347774717,0.005646455665508254
2021-04-05,BOCT,31.56,1,0.29974251863986584,-0.038037340534560024,0.0015779467680607784,0.004635614702154678,0.005069708491761693
2021-04-05,BOE,11.75,1,0.30462809575915634,-0.0377165907335265,0.018723404255319265,0.02127659574468077,0.030638297872340292
2021-04-05,BSCS,22.59,1,0.29491327571147113,-0.03878236253055554,0.004869411243913158,0.005949535192563138,0.00951748561310306
2021-04-05,BSCT,20.71,1,0.2944003653653709,-0.03851045503287784,0.00532110091743121,0.006933848382423946,0.01014002897151145
2021-04-05,BSCU,19.08,1,0.3011635057064611,-0.038933584611015586,0.006551362683438144,0.007337526205450695,0.010220125786163603
2021-04-05,BSEP,30.8491,1,0.30036512361040896,-0.03811818583144036,0.005134671675997016,0.007808979840578711,0.01105056549461736
2021-04-05,BUFR,22.41,1,0.30642165261464593,-0.03764233471757151,0.002030343596608697,0.0058009817045960865,0.007362784471218076
2021-04-05,BYLD,24.92,1,0.2970329365753516,-0.038758501883158214,0.0032102728731941976,0.007740770465489488,0.008523274478330567
2021-04-05,CHI,14.49,1,0.32636500311320016,-0.03601051681376895,0.05244996549344383,0.03864734299516903,0.03450655624568677
2021-04-05,CLM,13.52,1,0.30919940437568477,-0.039501346364973995,0.011094674556213047,-0.16124260355029585,-0.13091715976331353
2021-04-05,CMBS,53.87,1,0.3420602800080074,-0.0364751905972892,0.0012994245405606453,0.005940226471134125,0.005383330239465467
2021-04-05,DAIO,5.52,1,0.3196331492475644,-0.03757092957265401,-0.03623188405797084,0.0,-0.03985507246376807
2021-04-05,DFEB,33.59,1,0.3034388074929491,-0.03870364378438153,0.0017862459065196568,0.004763322417385973,0.006847275974992462
2021-04-05,DFP,29.94,1,0.3255926556999629,-0.04002956744643398,0.024382097528390156,0.03774215096860378,0.013694054776219211
2021-04-05,ECCW,25.25,1,0.31449819211636076,-0.03728683042696631,0.005940594059405946,0.004752475247524757,0.005940594059405946
2021-04-05,EFAS,16.0016,1,0.32868526137808357,-0.036082644921618806,-0.010098990100989913,0.008024197580241976,0.006774322567743241
2021-04-05,EPM,3.33,1,0.32041912350352897,-0.04038647461318383,-0.048048048048048075,-0.04504504504504503,0.08708708708708701
2021-04-05,FDD,14.56,1,0.32815416186582974,-0.03655701618477109,-0.006181318681318659,0.012815934065934176,0.008241758241758212
2021-04-05,FIGB,49.5616,1,0.34310535284500787,-0.03622635943436656,0.0026088746126033957,0.007029635847107363,0.006323443956611552
2021-04-05,FISR,30.7549,1,0.30789512435385175,-0.03758135861450733,0.003111699273936841,0.0043115080848905585,0.005761683504091897
2021-04-05,FLCO,25.55,1,0.32022629812907377,-0.037641431016591335,0.005870841487279899,0.006262230919765077,0.008219178082191858
2021-04-05,GCOR,48.2951,1,0.32336183564248966,-0.037107466753547355,0.0034144250658969533,0.00755563193781561,0.006106209532644291
2021-04-05,GDV,24.35,1,0.3260813999781353,-0.037058082768285885,0.017659137577002104,0.021765913757700206,0.04188911704312104
2021-04-05,GLU,19.78,1,0.3215499794771696,-0.03818752295650649,0.009711830131445831,0.01567239635995943,0.05055611729019205
2021-04-05,GOF,21.35,1,0.3113080666247052,-0.03765511382763646,0.022482435597189543,0.022950819672131084,-0.040749414519906324
2021-04-05,GUT,7.26,1,0.306124281089339,-0.03754529431276915,-0.03581267217630846,-0.044077134986225786,0.01377410468319562
2021-04-05,HCRB,40.5527,1,0.346879933074844,-0.036615877140108284,0.00323776222051797,0.005605052191345994,0.007331201128408127
2021-04-05,HNRG,2.18,1,0.3037799706190802,-0.03767028036218432,-0.0825688073394496,-0.06422018348623859,0.032110091743119185
2021-04-05,HRZN,14.99,1,0.3141664995447472,-0.03874228175954818,0.07204803202134746,0.06137424949966652,0.09806537691794537
2021-04-05,IBD,25.87,1,0.30562746407723085,-0.03806542733505064,0.004638577502898977,0.0067645921917278695,0.008504058755314903
2021-04-05,IBDU,26.095,1,0.3061630089736297,-0.03789892349992897,0.00498562943092562,0.010090055566200462,0.009771986970684043
2021-04-05,IBDV,24.71,1,0.3066297869674339,-0.03800370299695721,0.007717523269931137,0.009712666936462888,0.011732092270335892
2021-04-05,IBTJ,24.78,1,0.3011791609160366,-0.038438763279088364,0.004237288135593209,0.009483454398708568,0.008841807909604427
2021-04-05,IDE,12.28,1,0.31984390821934505,-0.038747742427153425,0.0073289902280129215,0.01140065146579805,0.018729641693811194
2021-04-05,IHY,25.59,1,0.33487456928658166,-0.03770798740544955,-9.378663540449139e-05,0.004689331770222793,0.008304025009769456
2021-04-05,IPHA,4.61,1,0.2982657612498981,-0.03959384006402544,-0.07158351409978314,-0.08459869848156198,-0.09110629067245113
2021-04-05,IUSB,52.74,1,0.3308206201781624,-0.03605109288805003,0.0024649222601440535,0.005688282138794021,0.005688282138794021
2021-04-05,JHCB,25.1548,1,0.31591801230250927,-0.047865905409524914,0.003816369042886514,0.005390621273077212,0.009143384165248625
2021-04-05,KVLE,23.3246,1,0.32357008371457957,-0.03693777971807673,0.005989384598235503,0.01978168971815175,0.03939617399655293
2021-04-05,LQDI,28.28,1,0.35593257079516927,-0.03614824501825631,0.00477369165487973,0.009193776520509234,0.021216407355021172
2021-04-05,LSBK,14.72,1,0.3045274370198987,-0.03932490470818835,-0.012907608695652217,-0.016644021739130488,-0.00815217391304357
2021-04-05,LTL,11.8991,1,0.3222871260382296,-0.03721650226607174,-0.01797614945668169,-0.00734509332638611,-0.004504542360346697
2021-04-05,MAMB,25.017,1,0.3065098091544871,-0.03795744336535402,0.004117200303793478,0.006359675420714028,0.008881960267018485
2021-04-05,MBBB,24.5363,1,0.30646987826238076,-0.03768270193054505,0.004723613584770359,0.006671747574002573,0.008534294086720351
2021-04-05,MFIN,7.53,1,0.3307445555505373,-0.03677899695011901,0.009296148738379806,0.02921646746347939,0.19787516600265587
2021-04-05,MIG,24.415,1,0.3114381061443639,-0.03713428489694734,0.004833094409174787,0.005898013516280942,0.007175916444808639
2021-04-05,NXE,4.23,1,0.3219810879968534,-0.038171292688510716,-0.099290780141844,-0.14893617021276606,0.014184397163120366
2021-04-05,NZF,16.16,1,0.30780460629929973,-0.038201523331388515,0.010519801980197974,0.023514851485148425,0.029084158415841443
2021-04-05,OVM,25.6951,1,0.3067544457338068,-0.03923470175161344,0.005623640304960986,0.01128230674330899,0.011360142595280731
2021-04-05,OVT,24.8045,1,0.29576592266053836,-0.039033206635845225,0.0036485315164587195,0.005664294785220347,0.010098973976496062
2021-04-05,PCN,17.62,1,0.3055933764626642,-0.03741995976127634,0.0017026106696933496,0.011350737797956922,0.020431328036322416
2021-04-05,PDEC,30.06,1,0.29762986914513595,-0.040066557484939105,0.001663339986693213,0.0009980039920161055,0.003992015968063978
2021-04-05,PIFI,98.5232,1,0.3211507015082332,-0.03829132068078682,0.0018878802150152918,0.003673246504376504,0.006920197476330436
2021-04-05,PMAR,29.895,1,0.3001587098867995,-0.03832221376171851,0.003345040976751923,0.005532697775547879,0.007867536377320627
2021-04-05,PMO,13.38,1,0.30038201112296337,-0.038205375237791064,0.01718983557548559,0.04035874439461873,0.038863976083707064
2021-04-05,PSFD,22.2249,1,0.30277520776654915,-0.03815223997530254,0.006726689433923294,0.010564726950402559,0.01520366795801098
2021-04-05,RAVE,1.62,1,0.2986029052964511,-0.03884566595525072,-0.16049382716049387,-0.21604938271604945,-0.19753086419753085
2021-04-05,RDFI,28.5712,1,0.3299100344287199,-0.03819517540965238,0.005386543092344764,0.01184409475275805,0.019558156465251608
2021-04-05,ROAD,30.12,1,0.2936123710254925,-0.24296303120728957,0.0033200531208499307,0.0026560424966799445,0.07104913678618852
2021-04-05,SCHB,16.5067,1,0.31485398856288405,-0.03789931378621768,0.012116292172269505,0.020088812421622748,0.02806739081706211
2021-04-05,SELF,4.97,1,0.3066678947574272,-0.03933243130418372,-0.024144869215291798,-0.026156941649899346,0.00201207243460777
2021-04-05,SPDN,16.8,1,0.3111015886326712,-0.0380567126053953,-0.01309523809523827,-0.023214285714285743,-0.029166666666666785
2021-04-05,SQLV,36.5809,1,0.32075051951922484,-0.04927075593685762,-0.01082805507792306,-0.026478298784338383,0.015959148080008978
2021-04-05,SUSC,26.94,1,0.3074868360888179,-0.03839337386452569,0.0051967334818112665,0.006310319227913919,0.00890868596881944
2021-04-05,TBX,25.23,1,0.31407372805564804,-0.03833515568000983,-0.0047562425683710385,-0.01132382084819672,-0.01189060642092754
2021-04-05,VPC,23.79,1,0.3216278659274461,-0.0370791907881966,0.022698612862547263,0.017654476670870167,0.031815889029003896
2021-04-05,WB,49.55,1,0.31292979758013506,-0.24446538570469914,-0.008678102926337083,-0.00787083753784057,-0.01816347124117046
2021-04-05,WHF,15.52,1,0.3177420288552834,-0.038311275633860276,0.05992268041237114,0.020618556701030855,-0.0019329896907216426
2021-04-05,YPF,4.15,1,0.3044829449586455,-0.038952055889137194,-0.055421686746988,-0.055421686746988,-0.09397590361445796
2021-04-05,ZTS,158.41,1,0.29492191271169377,-0.26749874221622627,0.025882204406287412,0.061170380657786794,0.10624329272141919
2021-04-06,AGNG,27.9203,1,0.32622067943474553,-0.047302721886337926,0.014226208171115529,0.030612135256426143,0.025597862487150902
2021-04-06,AIZ,143.4,1,0.29019473836063725,-0.3469138241819895,0.034100418410041744,0.07412831241283113,0.09909344490934457
2021-04-06,APXTU,12.6,1,0.2971356860504703,-0.04961291871234019,0.0,-0.04444444444444451,-0.10270634920634925
2021-04-06,BBAR,2.79,1,0.3103227414653602,-0.03722383048444346,-0.07526881720430101,-0.06451612903225812,-0.08602150537634412
2021-04-06,BSCR,21.72,1,0.292528760781768,-0.0391490344349961,0.002532228360957678,0.002071823204419898,0.005064456721915356
2021-04-06,CANG,8.49,1,0.30136627896670476,-0.03970310719777522,-0.07538280329799774,-0.25323910482921086,-0.26383981154299174
2021-04-06,CUB,74.7,1,0.2891161700836453,-0.2511415932788713,0.0016064257028112205,0.0021419009370815534,0.0014725568942435263
2021-04-06,DSL,18.18,1,0.3193741879163766,-0.03846501202458885,-0.0016501650165017256,-0.024752475247524663,-0.007700770077007757
2021-04-06,GRNB,27.1678,1,0.3006169443269283,-0.03818947898959031,0.0020575828738433888,0.003485744153004733,0.0028379184181273054
2021-04-06,HWCPZ,27.32,1,0.32536418797689076,-0.03637518593414853,0.00036603221083453263,-0.0025622254758418395,-0.0036603221083455484
2021-04-06,IAF,17.88,1,0.32354360715066277,-0.03624172702561164,0.010067114093959662,0.03020134228187943,0.06711409395973145
2021-04-06,IBDR,26.41,1,0.29170280456882164,-0.039262183432715377,0.0030291556228700944,0.0030291556228700944,0.004165088981446408
2021-04-06,IBDS,26.79,1,0.3025849027105089,-0.038741769417393934,0.0026129152668905586,0.0037327360955581312,0.005225830533781339
2021-04-06,IBDT,28.4,1,0.2995881732468712,-0.03829859754767496,0.0035211267605634866,0.004577464788732444,0.004225352112676051
2021-04-06,IBTH,25.25,1,0.29536948286837966,-0.03835898487385115,0.0025742574257425765,0.005940594059405946,0.005148514851485153
2021-04-06,IHD,7.91,1,0.30164386021502765,-0.03996025704539756,-0.007585335018963413,-0.013906447534766109,0.005056890012642201
2021-04-06,ITM,51.25,1,0.3133180001063778,-0.03782018483052024,0.0039024390243902474,0.010536585365853668,0.005853658536585371
2021-04-06,JVA,5.28,1,0.2961495347597995,-0.03898988585233533,-0.03409090909090917,-0.12121212121212133,-0.08522727272727271
2021-04-06,KFFB,7.21,1,0.33211698424000125,-0.039720127256989146,-0.011359223300970833,-0.01386962552011095,-0.026962552011095653
2021-04-06,KOCT,26.61,1,0.3068989760345246,-0.039596237287622224,-0.0009394964299135333,0.0001315295001877992,0.001315295001879102
2021-04-06,KORP,51.8449,1,0.3285264251729061,-0.037817155431991475,0.002412966366990732,0.0032828687103263476,0.00482400390395199
2021-04-06,LANDO,25.925,1,0.31055063238864467,-0.039963301628458237,-0.0025072324011572444,-0.005593056894889092,-0.011606557377049298
2021-04-06,MMLP,2.63,1,0.30678950890948475,-0.037553019648801714,-0.15969581749049433,-0.14448669201520914,-0.1749049429657794
2021-04-06,NUHY,24.7,1,0.3081004849760801,-0.03756680770012912,0.0028663967611337604,0.002226720647773295,0.0012145748987855143
2021-04-06,OXLCL,25.18,1,0.30675680780663467,-0.03760509550396114,0.007148530579825341,0.0003971405877680745,0.01211278792692605
2021-04-06,PFH,25.73,1,0.31566249859471945,-0.037125076056008344,-0.001554605518849561,0.0025262339681306756,0.003109211037699122
2021-04-06,SCHI,25.7858,1,0.30282686573299994,-0.038838643146418,0.003649295348602699,0.0040409837972839036,0.005037656384521805
2021-04-06,SKOR,53.57,1,0.3180030651532473,-0.038115007017857444,0.002895277207392244,0.0035672951278700182,0.004480119469852495
2021-04-06,SPAB,29.76,1,0.3070708914566147,-0.037562060182588876,0.0013440860215052641,0.003024193548387011,0.0023521505376342677
2021-04-06,SPIB,36.33,1,0.30237949540299325,-0.0389936665005738,0.0022020368841177973,0.0024772914946327163,0.003578309936691504
2021-04-06,TEO,5.75,1,0.31118186239727846,-0.038429175562235754,-0.13391304347826083,-0.1965217391304348,-0.21739130434782605
2021-04-06,UJAN,30.5331,1,0.3063258351532239,-0.03806911948862912,0.0032947850038156368,0.003337361748397605,0.004483658717916006
2021-04-06,ULCC,19.74,1,0.34186662777340104,-0.04846397549322504,-0.003039513677811523,-0.020770010131712313,0.019250253292806718
2021-04-06,VEON,43.75,1,0.29476691612404143,-0.2426304192658531,-0.03428571428571425,0.0,0.02857142857142847
2021-04-06,VLGEA,24.45,1,0.3228348504657638,-0.23793021233422784,0.02290388548057276,0.037627811860940774,0.004907975460122671
2021-04-06,WEA,13.83,1,0.3042520316349537,-0.03730567048861658,0.005061460592914013,0.014461315979754197,0.04772234273318876
2021-04-06,YDEC,20.9548,1,0.3305377574539284,-0.038598161852514384,0.007654570790463389,0.005464141867257188,0.005020329471052021
2021-04-07,BC,97.35,1,0.29983568470894556,-0.4814210063738865,0.05300462249614801,0.05875706214689269,0.15582948125321017
2021-04-07,CEPU,2.2,1,0.2984711500984461,-0.0383480700678758,-0.027272727272727337,-0.03181818181818197,-0.07727272727272738
2021-04-07,CTOS,9.3,1,0.32255512997716074,-0.04718938704565166,0.010752688172043001,0.06989247311827951,0.13440860215053752
2021-04-07,EAPR,25.0996,1,0.3136257637236253,-0.03957183095014131,0.0015896667675980858,0.004996095555307667,0.0018087937656376951
2021-04-07,EDN,3.52,1,0.29882067109129834,-0.03860157466586514,0.022727272727272707,0.04261363636363624,0.0
2021-04-07,EDOG,23.4851,1,0.31913614167349497,-0.036902464913964574,0.0035043495663207302,0.023201945063040075,0.009576284537855972
2021-04-07,FR,47.1,1,0.3136524441897306,-0.2544829202561519,-0.0014861995753715496,0.05987261146496814,0.025902335456475578
2021-04-07,FTHI,21.1513,1,0.31395339573313746,-0.03792990001962937,0.011758142525518434,0.004855493515765197,0.027979367698439228
2021-04-07,FTXG,25.74,1,0.34278911474718743,-0.2660197123597018,0.0007770007770009357,0.022144522144522227,0.015881895881896035
2021-04-07,GNMA,50.27,1,0.31081674223250966,-0.037216327457665996,0.001591406405410778,0.00208872090710166,0.001193554804058028
2021-04-07,HDSN,1.97,1,0.3171768345656679,-0.038483787268308395,0.025380710659898442,-0.06598984771573602,-0.025380710659898553
2021-04-07,INBKZ,26.5,1,0.30787974850861793,-0.04772746324880856,0.015094339622641506,0.01132075471698113,-0.018867924528301883
2021-04-07,JOF,9.39,1,0.32619465224029887,-0.03781739622775959,0.005324813631522707,-0.007454739084132078,-0.028753993610223794
2021-04-07,JPIB,51.38,1,0.3128516349460556,-0.037220867877780325,-0.0005838847800700986,0.003892565200467102,-0.0007785130400933538
2021-04-07,KAPR,26.999,1,0.3134810142221639,-0.03745763116663252,0.004111263380125241,0.004344605355753872,0.005963183821622975
2021-04-07,MNA,33.04,1,0.3162450169452881,-0.03780703610931627,0.0003026634382565785,0.020581113801452666,0.012711864406779627
2021-04-07,MTGP,50.8056,1,0.3121357998783754,-0.03870578272522222,-0.00011022406978755672,0.002842206370951228,0.004023178547246653
2021-04-07,NHI,74.17,1,0.32017205609424215,-0.3396929138498585,-0.007819873264122923,0.004988539840906192,-0.05460428744775514
2021-04-07,NHICU,11.1499,1,0.310936946422632,-0.03878802391965369,-0.07174055372693933,-0.026681853648911735,-0.026897102216163482
2021-04-07,OXLCP,24.52,1,0.3075630173231424,-0.03777332959413887,0.003466557911908641,0.006117455138662464,0.021615008156606885
2021-04-07,QAI,31.78,1,0.32192663082624307,-0.037423940482193635,0.006293266205160464,0.00786658275645058,0.005191944619257427
2021-04-07,SANA,32.03,1,0.3241714947702141,-0.28540925752482976,-0.2182329066500157,-0.24758039338120508,-0.4795504214798626
2021-04-07,TOTL,48.29,1,0.32027228618638237,-0.03786213745136298,0.00041416442327602,0.003934562021122412,0.002070822116380322
2021-04-07,USDU,25.6397,1,0.3115853507595517,-0.03749880190213417,-0.0077887026759283495,-0.011298884152310618,-0.014255236995752707
2021-04-08,AWRE,3.77,1,0.29942164077741956,-0.03870136805855463,-0.039787798408488007,-0.10344827586206895,-0.11936339522546424
2021-04-08,BKT,18.27,1,0.30984940813068906,-0.037732429303336854,0.006568144499178974,0.008210180623973828,0.01313628899835817
2021-04-08,BWZ,31.91,1,0.4778457958957555,-0.0382241763105422,0.003760576621748779,0.007521153243497336,0.009244750861798767
2021-04-08,DOV,138.52,1,0.2937777738885279,-0.3986261754836057,0.006208489748772639,0.06518914236211382,0.10215131388969079
2021-04-08,GGM,21.43,1,0.4628070874411481,-0.04893793004378946,0.0009332711152589823,-0.054596360242650355,-0.0312645823611758
2021-04-08,GPAC,9.96,1,0.2918274687153799,-0.03944826606379242,-0.011044176706827447,-0.014056224899598457,-0.009036144578313365
2021-04-08,III,4.39,1,0.32894707653102917,-0.03796407287929263,0.006833712984054774,-0.002277904328018221,0.09339407744874717
2021-04-08,MAGS,4.13,1,0.29054646641234866,-0.03941606569443384,0.009685230024213176,-0.007263922518159882,0.19128329297820823
2021-04-08,MCHX,2.92,1,0.30071085815268606,-0.03875884840753005,-0.017123287671232834,0.03767123287671237,-0.04109589041095896
2021-04-08,MNDO,2.99,1,0.2919799905746433,-0.0388879281461766,-0.04013377926421413,-0.06020066889632114,-0.010033444816053616
2021-04-08,PG,137.26,1,0.29887760908160677,-0.47708519089761814,-0.0001457088736702694,-0.019160716887658413,-0.015445140609063102
2021-04-08,PXH,22.56,1,0.33054439449957057,-0.038780533209681556,0.0066489361702128935,0.006205673758865382,0.022606382978723527
2021-04-08,RCS,7.61,1,0.3007679483222989,-0.03782679928066843,-0.02365308804205002,-0.031537450722733285,0.007884362680683266
2021-04-08,SPSK,20.051,1,0.2992695090045765,-0.038504754053744705,0.0039349658371155005,0.004438681362525676,-6.982195401705749e-05
2021-04-09,APAM,53.36,1,0.32335239774825175,-0.4338196242747566,0.05509745127436272,0.030172413793103425,0.058470764617691184
2021-04-09,BGX,14.24,1,0.3307516636790857,-0.03727002789861583,0.004915730337078594,0.000702247191011196,0.008426966292134797
2021-04-09,BJRI,59.63,1,0.3125828967089717,-0.6259623479986092,-0.015763877242998547,-0.044105316116049065,-0.00419252054335062
2021-04-09,ENZL,63.09,1,0.36056676758903,-0.30554488992746687,0.022190521477254643,0.022983040101442365,0.04121096845775862
2021-04-09,ERH,13.5,1,0.30927071351282964,-0.038374556036022765,-0.0073703703703704715,0.002962962962962834,0.023703703703703782
2021-04-09,ETW,10.64,1,0.30629845051349425,-0.03740322814323713,-0.0028195488721806106,-0.006578947368421129,0.017857142857142794
2021-04-09,FUSE,10.15,1,0.2924445516137252,-0.038770265308210546,-0.017733990147783207,-0.019704433497537033,-0.02364532019704435
2021-04-09,IGR,7.94,1,0.3085325752466096,-0.03797834369659807,0.032745591939546514,0.0176322418136019,0.030226700251889005
2021-04-09,IOR,11.85,1,0.30925684648705937,-0.04999224182756022,0.04641350210970474,0.06412658227848111,0.021097046413502074
2021-04-09,MXE,10.612,1,0.3301596383088538,-0.037569937037894116,0.03562005277044866,0.044101017715793445,0.1044101017715795
2021-04-09,NAN,14.38,1,0.302769807399964,-0.038224882799949574,0.004172461752433909,0.0027816411682892728,0.020862308762169546
2021-04-09,NAZ,15.2748,1,0.3106018732543539,-0.03888808506184159,0.008196506664571723,0.001649776101814826,0.028033100269725164
2021-04-09,PYT,23.695,1,0.33636192408896987,-0.04837036669885249,0.012871913905887267,0.01076176408524998,0.025570795526482337
2021-04-09,SPIP,30.44,1,0.3042038792656537,-0.03791954306235136,0.008869908015768813,0.011498028909329827,0.0206964520367936
2021-04-09,TME,19.22,1,0.3541857364042522,-0.33502175476233276,-0.06139438085327786,-0.013007284079084247,-0.16389177939646193
2021-04-09,VKI,11.73,1,0.30019859174574953,-0.0387575003671601,0.026427962489343537,0.0315430520034099,0.04603580562659837
2021-04-12,CANE,7.2848,1,0.3379891177500665,-0.03609471005224259,0.05150450252580718,0.11190423896332091,0.1393586646167364
2021-04-12,CPHC,13.634,1,0.3028490263933369,-0.03782574143526014,0.003373918145811894,0.008508141411177839,0.0055742995452545685
2021-04-12,DMB,14.5,1,0.304059273601552,-0.037206382043398684,0.01724137931034475,0.020000000000000018,0.024137931034482696
2021-04-12,LCTD,46.5746,1,0.31875326577672974,-0.04982683704153917,0.01603663799581745,0.018303968257376457,0.03357194694103649
2021-04-12,PBP,21.84,1,0.30730511492234575,-0.0379735726924409,-0.007097069597069683,-0.001831501831501825,0.001831501831501825
2021-04-12,WIT,3.19,1,0.3023700439111088,-0.038835759332094585,0.09090909090909083,0.12695924764890298,0.19122257053291536
2021-04-13,BATRA,28.64,1,0.34801534632505116,-0.34964248467400527,-0.026885474860335212,-0.012918994413407825,-0.04888268156424591
2021-04-13,BOX,21.21,1,0.323473030206263,-0.37483249116892825,0.028288543140028155,0.04196133899104204,0.07402168788307395
2021-04-13,FTRI,13.56,1,0.5105780285721638,-0.03590528660760366,0.019174041297935096,0.04865044247787598,0.12684365781710905
2021-04-13,MLACU,10.4,1,0.2977637436544859,-0.039176688479314103,-0.02019230769230773,-0.009615384615384581,-0.014423076923076983
2021-04-13,SPE,14.3485,1,0.31134176580936823,-0.03825703687187361,-0.0039934487925566975,0.000662090113949354,-0.0016656793393037272
2021-04-13,SRTS,3.53,1,0.29982265399066277,-0.038408502877329415,-0.0028328611898016387,0.13031161473087827,-0.06798866855524077
2021-04-13,USA,8.22,1,0.3100486491816707,-0.0374078363397128,0.027980535279805263,-0.008515815085158196,-0.027980535279805374
2021-04-14,BJUL,31.1648,1,0.30236841901686334,-0.03828405328098581,-0.00031445733648216567,-0.00015401991990959818,-0.004004517917650663
2021-04-14,CPSR,10.0,1,0.2880794039682956,-0.039750323177613726,-0.009000000000000008,-0.0119999999999999,-0.018999999999999906
2021-04-14,IFF,140.95,1,0.29598619531847226,-0.6229594719678586,0.02064561901383488,0.020078041858815343,-0.04015608371763035
2021-04-14,JGH,15.62,1,0.3152428734001751,-0.03807262079008983,0.001280409731114096,0.008962868117797784,0.008322663252240847
2021-04-14,JQC,6.59,1,0.2925921437357662,-0.039321182782093844,-0.0015174506828528056,0.009104704097116834,0.007587253414264028
2021-04-14,NKX,15.61,1,0.3111272189543932,-0.0369737648067454,-0.0011082639333759303,0.0,0.003523382447149226
2021-04-15,ACP,12.21,1,0.30478810580530524,-0.038231813048422034,0.008190008190008147,0.018837018837018826,-0.020475020475020478
2021-04-15,ARCO,5.176,1,0.31971389802860817,-0.03781333867123458,0.0076120556414218665,0.08380989180834608,0.17333848531684692
2021-04-15,CAG,37.58,1,0.3272561960668279,-0.40234266105629,0.015699840340606785,-0.016498137307078165,0.014635444385311391
2021-04-15,CMSA,26.875,1,0.46860468138365247,-0.0389831573185916,0.0017860465116279478,0.0042195348837208435,-0.008000000000000007
2021-04-15,ELC,25.8,1,0.32714559635234997,-0.039053198429777905,-0.006589147286821806,-0.005038759689922401,-0.011162790697674452
2021-04-15,EMHC,30.5775,1,0.32358852507439595,-0.03791598373060161,-0.0031526449186493055,-0.007404137028861113,-0.008254435450903541
2021-04-15,ETY,13.43,1,0.4581433649461798,-0.0390974372875733,-0.008935219657483229,-0.0037230081906179935,-0.011913626209977712
2021-04-15,FFIU,26.2327,1,0.49068469427602246,-0.0368198587397966,-0.0006747303937452154,-0.0048679701288849575,-0.008298802639453817
2021-04-15,HEQ,12.35,1,0.3093434348490256,-0.03765658299895243,-0.011336032388663875,-0.0016194331983805377,0.0008097165991902688
2021-04-15,HGBL,2.98,1,0.30165651999812715,-0.03832684818357886,-0.02348993288590595,0.06711409395973167,0.02684563758389258
2021-04-16,DIV,19.69,1,0.4343426552578018,-0.040256521294049025,0.000507872016251909,0.002539360081259323,0.022854240731335684
2021-04-16,ETN,141.15,1,0.2893713311217926,-0.7152764734505004,0.012894084307474296,0.012610697839178231,0.0496634785688983
2021-04-16,FWRD,89.24,1,0.29069945033140565,-0.6960655742815575,-0.01199013895114287,-0.010645450470640805,0.09502465262214255
2021-04-16,IHRT,19.25,1,0.32273996682036105,-0.4571475645100471,0.0202597402597402,-0.005714285714285672,0.1761038961038961
2021-04-16,MHLA,21.91,1,0.4649902358412001,-0.038174547191985264,0.0011410314924691356,0.010953902327704101,0.0004655408489275814
2021-04-16,OSK,121.02,1,0.291426217742701,-0.7411211267144387,0.02892083953065616,0.028177160799867984,0.1184928111056025
2021-04-16,SYF,41.39,1,0.2987146256516451,-0.5171472887815078,-0.017153901908673608,0.0567769992751872,0.1307079004590479
2021-04-19,CGAU,9.35,1,0.3207272044281142,-0.04848716031145839,-0.002139037433155022,0.03208556149732633,-0.2310160427807486
2021-04-19,FMB,57.05,1,0.3236271997208891,-0.07078159687692007,-0.0007011393514461117,-0.0029798422436457805,-0.0008764241893075564
2021-04-19,KMPR,82.71,1,0.3026226435319632,-0.6062684958417325,0.0010881392818280489,-0.04691089348325472,-0.06395840889856119
2021-04-19,PAB,50.1985,1,0.3292406428248703,-0.045892172182526406,0.0022171977250315944,0.0011972469296890331,0.0002769007042042748
2021-04-20,PCF,9.23,1,0.3038344669375883,-0.039538412746569516,0.006500541711809138,0.029252437703141787,0.04658721560130008
2021-04-20,SAN,3.42,1,0.31343032995510645,-0.03764443887134593,0.07017543859649122,0.10818713450292394,0.19590643274853803
2021-04-21,DAPR,30.0218,1,0.2955194874096965,-0.04898663277329983,0.0016121618290709794,-1.6654564349849466e-05,-0.005552631754258575
2021-04-21,DOCT,31.8548,1,0.30098696557593263,-0.03833045736761212,0.0006309881085424518,-0.00015068372741311453,-0.004074739128796856
2021-04-21,EQS,1.9,1,0.3012024472079431,-0.037996946975167735,0.010526315789473717,0.0052631578947368585,0.010526315789473717
2021-04-21,FAPR,30.04,1,0.29745522452278744,-0.04991922197802284,0.0026631158455392434,-0.00033288948069232216,-0.007656458055925408
2021-04-21,NML,4.36,1,0.3119630840862758,-0.03704568417902279,0.022935779816513735,0.06192660550458706,0.07568807339449535
2021-04-21,NRP,17.5,1,0.29820609868666903,-0.5395594062677264,-0.011428571428571344,0.008571428571428452,0.03771428571428581
2021-04-21,SMCI,3.85,1,0.29158896196717404,-0.038693527800363794,-0.009350649350649332,-0.05818181818181822,-0.07012987012987015
2021-04-21,YLD,20.6428,1,0.3050838963547852,-0.038061621748534,0.003376479934892318,0.002649834324800926,-0.005367488906543705
2021-04-22,CMBS,54.23,1,0.3595070405283025,-0.12997138533654037,-0.0001843997787202012,0.0007375991148812489,0.0011063986723216512
2021-04-22,IGAC,9.75,1,0.2936210756550229,-0.0384937529521339,0.02358974358974364,0.01025641025641022,-0.006153846153846176
2021-04-22,NYF,58.23,1,0.44850683145385245,-0.04943898202420563,-0.0006869311351537233,-0.0005151983513651537,-0.0009634209170529262
2021-04-22,SREA,27.58,1,0.3169457112123444,-0.18403634235204966,-0.0018129079042783491,-0.013052936910804891,-0.0050761421319796
2021-04-23,BEDZ,25.3167,1,0.3211313557436444,-0.04689853269884496,0.011980234390738032,-0.004214609329019958,-0.026689892442538055
2021-04-23,CZWI,13.22,1,0.32618913078977574,-0.5597274251503264,-0.016641452344931973,-0.009833585476550777,0.009833585476550555
2021-04-23,FISK,10.9,1,0.3335241623170929,-0.036716430888225,0.0768256880733944,0.0541284403669724,0.1463302752293576
2021-04-23,NWN,55.26,1,0.3297220844023637,-0.6476956025508583,-0.024249004705030663,-0.0030763662685485693,-0.039630836047774065
2021-04-26,INMB,11.88,1,0.31054426479252406,-0.8700511184366038,0.005892255892255838,-0.132996632996633,0.0824915824915824
2021-04-27,AUBN,36.25,1,0.3359506227888093,-0.8229000145004914,-0.027310344827586208,-0.026206896551724257,0.053517241379310354
2021-04-27,BLUWW,0.6999,1,0.29846853808154944,-0.03827383336953286,-0.1284469209887127,-0.09987141020145729,-0.18559794256322337
2021-04-27,CMII,12.27,1,0.37391144049342023,-0.0497764847047894,-0.017114914425427785,-0.1442542787286063,0.01140994295028519
2021-04-27,LUV,62.4,1,0.31094718703453766,-0.892321279259646,-0.02532051282051284,-0.04198717948717945,-0.029647435897435903
2021-04-27,NAC,15.1,1,0.4358740036132924,-0.040392864286264984,0.015231788079470121,0.015894039735099286,0.023178807947019875
2021-04-27,THR,18.47,1,0.311568576499219,-0.634029632834168,0.05305901461829987,0.02219815917704393,0.026529507309150047
2021-04-27,VNO,45.89,1,0.3264310140828002,-0.8145768685565112,0.03355850947918926,0.0026149487905862134,-0.004794072782741354
2021-04-28,EGBN,53.97,1,0.3044038889707921,-0.9995516526344969,0.0005558643690939391,-0.01519362608856778,0.023531591624976977
2021-04-28,FBNC,42.73,1,0.3101184163765163,-0.8729675777311355,0.03440205944301433,-0.0018722209220687347,0.01684998829861928
2021-04-28,HFWA,28.11,1,0.3227664118130809,-0.6873316923928666,0.005336179295624355,-0.020988971896122366,0.012806830309498363
2021-04-28,ITUB,4.5985,1,0.33347571712946716,-0.13421778330282072,-0.024986408611503697,-0.013460911166684686,0.0594759160595848
2021-04-28,MUST,22.48,1,0.3052783127376282,-0.03752097226118114,0.000889679715302405,0.0013345195729537185,0.0022241992882563455
2021-04-28,QABA,57.8,1,0.3038214964030778,-0.929225008735718,0.016435986159169635,-0.013494809688581189,0.006429065743944751
2021-04-28,SMLV,114.1417,1,0.2958085216924077,-0.9998972377680444,0.0019405703612265235,-0.02360574619091882,0.0021902600013843365
2021-04-28,TCBK,45.72,1,0.3203274967832652,-0.9618308695386087,0.024496937882764858,-0.007874015748031482,0.016841644794400867
2021-04-29,LGOV,27.05,1,0.3487742504878828,-0.22039646197473295,0.010536044362292163,0.0025878003696857554,0.007948243992606185
2021-04-30,CAS,9.96,1,0.2870738016049539,-0.04026840714350032,-0.004016064257028162,-0.010040160642570406,-0.010040160642570406
2021-04-30,CNF,36.7,1,0.30092185956445067,-0.8348727765072999,-0.049782016348773994,-0.07261580381471411,-0.10095367847411463
2021-04-30,FSEC,50.1,1,0.46228246570080933,-0.03827604762553739,-0.0023952095808383866,-0.006387225548902253,-0.005389221556886259
2021-04-30,RFMZ,20.11,1,0.31172398981796734,-0.07821244111266784,0.010939830929885597,0.0009945300845350946,0.013426156141223222
2021-04-30,SSNC,74.22,1,0.3026250074644343,-0.9996410006630961,-0.011721907841552248,0.0005389382915657048,-0.004715710051199085
2021-04-30,UROY,3.52,1,0.31073563028653317,-0.04761294879113284,0.0,-0.048295454545454475,-0.16761363636363635
2021-05-03,IBEX,23.22,1,0.30582613579251344,-0.996738438322515,0.024117140396210157,-0.006029285099052539,-0.027993109388458115
2021-05-03,ISD,16.13,1,0.5025619677422938,-0.03586955371096556,0.0055796652200867936,-0.022318660880347174,0.0037197768133914177
2021-05-03,SCHY,25.0653,1,0.36796221853718447,-0.04821881790944646,0.02851352267876317,0.028713001639717017,0.03888642864837033
2021-05-04,AVAH,11.75,1,0.30992464027433597,-0.03808919172898284,-0.04595744680851055,-0.07829787234042551,0.0034042553191488967
2021-05-04,BGY,6.22,1,0.29579859527365354,-0.03895907640768464,0.004823151125401992,0.019292604501607746,0.04983922829581999
2021-05-04,BMAY,30.295,1,0.29885615466524973,-0.039278517551327594,-0.0014853936293117709,-0.003046707377455049,0.011259283710183032
2021-05-04,EOD,5.48,1,0.29491539430246877,-0.03833355365126957,-0.005474452554744547,0.007299270072992581,0.06021897810218957
2021-05-04,FORH,24.8509,1,0.3554193986412037,-0.049013524550802406,0.0030944553315976897,0.01807178009649557,0.05000221319952192
2021-05-04,GAU,1.29,1,0.29025440222707116,-0.03956801918796406,-0.015503875968992276,-0.015503875968992276,0.03875968992248069
2021-05-04,NPCT,19.68,1,0.3088062178495784,-0.05948368246915238,-0.020325203252032464,-0.02286585365853655,0.0055894308943089666
2021-05-05,AIRG,22.72,1,0.3400755515267494,-0.8199105104085327,-0.20598591549295775,-0.12323943661971815,-0.13732394366197176
2021-05-05,EVTC,41.15,1,0.32416537379049165,-0.9894058130676662,0.02916160388821387,0.04349939246658563,0.06707168894289173
2021-05-05,GBLI,29.62,1,0.3203694674532279,-0.8192345118115946,-0.009453072248480798,0.0354490209318028,0.04760297096556387
2021-05-05,GTX,6.05,1,0.31851518854838956,-0.04893109724768631,-0.046280991735537236,0.024793388429752206,0.340495867768595
2021-05-05,LAUR,13.39,1,0.3127480549318478,-0.7200352601179562,0.0657206870799103,0.08140403286034359,0.13592233009708732
2021-05-05,PFL,12.545,1,0.29760486967936933,-0.03875131428517101,-0.0530091669988042,-0.028298126743722674,0.019529693104822554
2021-05-06,ABM,52.28,1,0.30105219717241305,-0.9997920534763021,0.005355776587605332,-0.04724560061208871,-0.0501147666411631
2021-05-06,BUFD,20.5978,1,0.4761557558820676,-0.0377462261778793,-0.007175523599607714,-0.00134965870141468,-0.0018351474429307846
2021-05-06,SGC,25.94,1,0.32703360665418324,-0.9185962354685266,-0.005782575173477356,-0.008481110254433433,-0.03816499614494995
2021-05-06,VLT,14.06,1,0.3058387322715744,-0.03776624491241351,-0.006472261735419704,-0.003911806543385521,0.032005689900426626
2021-05-07,ATFV,19.4288,1,0.3321968809867235,-0.037433303239414156,-0.027562175739108907,-0.01900786461335746,0.025287202503500028
2021-05-07,CRWS,7.84,1,0.4532340468395626,-0.03902014750321619,-0.008928571428571508,-0.010841836734693855,0.04591836734693877
2021-05-07,ESGG,138.7934,1,0.2987564134660525,-0.9982227655329191,-0.01192491862004974,-0.009765594041215242,0.012257787474044157
2021-05-07,FLTB,52.49,1,0.3037255741059216,-0.038845181348703864,-0.0007620499142693138,-0.0003810249571347679,-0.0005715374357020409
2021-05-07,FPE,20.43,1,0.29759778973361656,-0.038579401798378585,-0.0034263338228096574,-0.006363191385217792,0.001468428781204123
2021-05-07,IAE,9.45,1,0.43567075301435687,-0.040315528605064946,-0.010582010582010581,0.0,0.012698412698412875
2021-05-07,MBOX,25.6019,1,0.3193740108911037,-0.04738406437776546,-0.005116807736925799,-0.015686335779766414,-0.005433190505392149
2021-05-07,MUC,15.3,1,0.3135298660932464,-0.07929874675288859,0.010457516339869244,0.025490196078431282,0.035947712418300526
2021-05-07,SABR,12.97,1,0.35672546929837706,-0.8476890550137655,0.025443330763299965,-0.013107170393215073,0.08018504240555124
2021-05-07,VAL,22.05,1,0.2890270696030692,-0.16965068467931277,-0.02539682539682553,-0.05034013605442178,0.19909297052154207
2021-05-10,ALTY,13.51,1,0.30706881008474124,-0.15719616581275045,-0.011843079200592133,0.0,0.014803849000740277
2021-05-10,ASM,1.33,1,0.29076865161842685,-0.03887528234337676,0.037593984962405846,-0.007518796992481258,-0.03759398496240607
2021-05-10,CIM,40.41,1,0.33100569305364236,-0.8049961772631649,0.009651076466221209,0.027468448403860535,0.1314031180400892
2021-05-10,ELLO,31.33,1,0.33697680458016327,-0.915230632217467,-0.034471752314075954,-0.04851579955314389,-0.07277369932971589
2021-05-10,HYIN,24.773,1,0.3213796142096488,-0.04951380972271982,-0.0024058450732652448,0.006430387922334857,0.05128567391918626
2021-05-11,GHY,15.45,1,0.46221097317892,-0.03851425835812851,-0.021359223300970842,-0.01035598705501617,0.01553398058252431
2021-05-11,NMI,11.66,1,0.44193741320811686,-0.03991428872803253,-0.00857632933104624,-0.006003430531732468,0.006003430531732468
2021-05-12,AWF,11.79,1,0.29760760385705876,-0.039375117132544754,0.01781170483460559,0.029686174724342873,0.05089058524173051
2021-05-12,BWMN,13.75,1,0.29907621606728124,-0.038072852485580566,0.0072727272727273196,0.0072727272727273196,-0.05309090909090908
2021-05-12,CMT,14.0,1,0.30623341436180324,-0.8693921443715872,-0.018714285714285794,-0.018642857142857072,-0.06285714285714294
2021-05-12,DBL,19.47,1,0.31850236671611376,-0.31605317738956407,0.011813045711350778,0.006163328197226647,0.024653312788905923
2021-05-12,EAD,8.49,1,0.29336288364477986,-0.038893023509348264,0.008244994110718551,0.018845700824499323,0.044758539458185975
2021-05-12,FJUL,34.0731,1,0.45754492023528537,-0.03878648063925388,0.0054030892404859365,0.0107680252163731,0.012822431771690956
2021-05-12,FT,7.7,1,0.3001112765352602,-0.03853724950760197,0.024675324675324628,0.03571428571428559,0.05584415584415603
2021-05-12,GLPI,44.3,1,0.37427383403115533,-0.9966951104502026,0.023024830699774235,0.04898419864559833,0.0799097065462755
2021-05-12,GOVT,26.215,1,0.5380018401575027,-0.03349840732217799,0.0009536524890330078,0.007057028418844036,0.013923326339881692
2021-05-12,HYAC,10.1,1,0.29347849688268907,-0.03937888787820172,-0.037623762376237546,-0.03465346534653457,-0.03405940594059398
2021-05-12,OPRT,19.75,1,0.3728529673032867,-0.9951162018313267,-0.025316455696202556,0.013164556962025342,0.03645569620253153
2021-05-12,RCAT,3.5,1,0.2909427176137937,-0.04028726364006485,-0.21714285714285708,-0.2371428571428572,-0.07714285714285718
2021-05-12,TMTSU,10.23,1,0.3114511323865382,-0.03740165464495292,-0.003910068426197566,0.024437927663734094,0.04105571847507328
2021-05-13,AFCG,22.61,1,0.3411288630382967,-0.9979966856584656,0.006191950464396356,0.017249004865103945,0.06545776205218923
2021-05-13,NAD,15.3,1,0.44623463157333615,-0.03941128151318378,0.013071895424836555,0.02287581699346397,0.03790849673202623
2021-05-13,NEA,14.93,1,0.4478713410618599,-0.03942586900151421,0.014735432016075078,0.02076356329537843,0.03482920294708647
2021-05-13,XELB,18.2,1,0.2967538769622739,-0.9998527311381022,0.32417582417582436,0.5219780219780219,0.3131868131868132
2021-05-14,WALDW,1.1,1,0.29660059063850785,-0.0380015541218114,-0.008363636363636462,-0.23636363636363644,-0.09090909090909094
2021-05-17,DJUL,32.36,1,0.30456795476490633,-0.0777971902461903,0.004789864029666191,0.007725587144622903,0.006022867737948134
2021-05-17,EWZ,37.9,1,0.34502506044737213,-0.9959543201418489,-0.005804749340369342,0.06411609498680737,0.08153034300791573
2021-05-17,HPQ,33.04,1,0.31193812340174304,-0.9994867135219812,-0.022094430992736003,-0.09624697336561738,-0.10441888619854722
2021-05-18,ARR,60.2,1,0.3221171446418116,-0.9993008837974865,-0.011627906976744207,0.0016611295681061566,-0.04318936877076418
2021-05-18,D,77.16,1,0.32412356087210326,-0.9956029370026588,-0.014904095386210403,-0.009979263867288646,-0.008553654743390315
2021-05-18,HFWA,28.52,1,0.323012995320592,-0.9998594394312839,-0.02524544179523136,0.01051893408134652,-0.033660589060308554
2021-05-18,HMN,38.38,1,0.33666717341573005,-0.9998044581068629,0.007816571130797145,0.028400208441896613,0.02162584679520574
2021-05-18,MRLN,22.38,1,0.29974472842218364,-0.9968475817073962,0.0008936550491509543,0.006702412868632823,0.014745308310992078
2021-05-18,SO,64.16,1,0.3266465609834712,-0.9984541221725375,-0.0012468827930174342,-0.004052369077306661,-0.018391521197007488
2021-05-18,SRCE,48.85,1,0.30624444169353837,-0.998831985227262,-0.03336745138178099,0.019242579324462605,0.01535312180143289
2021-05-18,WMK,54.36,1,0.3053223819212056,-0.99664780802579,-0.07671081677704195,-0.07137601177336284,-0.036239882266372314
2021-05-19,ALTG,14.62,1,0.36967969219250585,-0.9922463525429037,-0.015047879616962967,-0.04240766073871405,-0.09302325581395343
2021-05-19,DWSH,8.92,1,0.44249058350700676,-0.03971905789261362,-0.014573991031390232,-0.015695067264574036,-0.03811659192825112
2021-05-19,PUK,42.1,1,0.324489108034482,-0.9964321887582474,0.008076009501187587,-0.001662707838479771,-0.02256532066508321
2021-05-20,GCOR,48.545,1,0.3232127127077209,-0.23270744639405078,0.002515192089813434,0.004016891543928258,0.008136780306931657
2021-05-20,GLDB,24.9826,1,0.31312624016664936,-0.04713763627554575,0.019081280571277448,0.01930943936980123,-0.02898017019845811
2021-05-20,IGA,9.67,1,0.30735868238386455,-0.13577178911939522,-0.0031023784901756946,0.004136504653567741,0.008273009307135482
2021-05-20,SKOR,53.9,1,0.3176799596540633,-0.22885635917729202,0.0012059369202226389,0.0012059369202226389,0.002389610389610386
2021-05-20,UGI,44.18,1,0.3311607544959023,-0.9959737599529153,0.026708918062471776,0.0543232231779085,0.025577184246265317
2021-05-21,CGABL,25.31,1,0.3216713055877298,-0.04691006635097973,-0.00079020150138287,0.00039510075069149053,0.0035559067562227487
2021-05-21,VOD,18.37,1,0.3318588503639397,-0.8716969619951451,0.005443658138268859,0.015786608600979912,-0.0021774632553077655
2021-05-24,HYZD,22.002,1,0.46424564376031763,-0.03884361345329981,0.0033178801927098434,0.0062721570766295365,0.010135442232524383
2021-05-24,LQDB,100.7196,1,0.33186753560383775,-0.045940034450839176,0.0012361049885027953,0.007515915472261714,0.0161130504886835
2021-05-24,NEWP,5.55,1,0.30202949594887946,-0.04820778832432729,0.028828828828828756,-0.04504504504504503,-0.18018018018018023
2021-05-24,NTSI,40.3657,1,0.3386450937528164,-0.04512116675880756,0.00595307402076517,0.0181267759508692,0.004451799423768277
2021-05-24,VEON,43.75,1,0.2938782271319938,-0.999933173637885,0.02857142857142847,0.0,-0.017142857142857126
2021-05-24,WALD,10.0395,1,0.29499562974783655,-0.03897384577440105,-0.008715573484735284,-0.029832162956322517,-0.026843966332984803
2021-05-25,BATL,12.25,1,0.2957072770746755,-0.9983355780703702,0.03265306122448974,-0.002448979591836653,0.1942857142857144
2021-05-25,HRL,49.01,1,0.3252234846443667,-0.9980797250806464,0.0038767598449296337,-0.014894919404203177,-0.03223831871046723
2021-05-25,LEGO.U,10.97,1,0.3164395912741526,-0.07175048575930591,0.030091157702825777,0.06289881494986327,0.08021877848678205
2021-05-26,OXSQG,25.0,1,0.3080136081716036,-0.03821603939256976,0.0031999999999998696,0.006000000000000005,0.010999999999999899
2021-05-27,HRB,24.76,1,0.31324377051639174,-0.9975472697364097,0.021405492730209863,0.05775444264943452,-0.02988691437802915
2021-05-28,FRD,13.25,1,0.36701056449179237,-0.9936275888061967,0.04150943396226414,-0.0030188679245282124,0.035471698113207495
2021-05-28,SPBC,24.8535,1,0.3187249794354568,-0.03796621631897226,0.0032993340978131336,0.020797875550727207,0.016641519303116192
2021-05-28,WB,50.84,1,0.30917669579667145,-0.9981890589780712,-0.06726986624704956,-0.030881195908733283,0.028520849724626096
2021-06-01,BGX,14.54,1,0.31835432222943943,-0.25829908579500144,-0.004814305364511551,0.01375515818431916,0.03507565337001384
2021-06-01,NMTC,7.245,1,0.2967786329673118,-0.03972304035627762,-0.011111111111111072,0.0006901311249136732,-0.10835058661145625
2021-06-01,PFUT,25.0978,1,0.33796768807018907,-0.03665993838560523,0.01166237678202875,0.029273482137876616,0.08505924822095978
2021-06-02,PGRO,25.0747,1,0.3139580271028596,-0.03738159699003801,0.011709013467758433,0.02387665655022797,0.0693368215771275
2021-06-03,ILDR,20.2316,1,0.32208178062962967,-0.03682178819816884,0.039571759030427645,0.05547756974238305,0.0948911603629965
2021-06-03,ISTB,51.29,1,0.4493157846961795,-0.03916421313272987,0.0023396373562096784,-0.0003899395593681687,-0.001559758237473119
2021-06-03,JUNZ,25.028,1,0.3167198697284053,-0.046935837573284636,0.006225027968675301,0.004514943263544735,0.019737893559213626
2021-06-04,HITI,8.53,1,0.3001685053885795,-0.048796855692027345,-0.06213364595545123,-0.1207502930832356,-0.10668229777256732
2021-06-04,PJUN,30.83,1,0.2975105407737001,-0.038431456625489246,0.002757054816737048,-0.006811547194291223,0.012591631527732794
2021-06-04,PLDR,25.0009,1,0.3421184855355906,-0.03790702026787633,0.01064361682979409,0.0023719146110738887,0.045558359899043666
2021-06-07,BEPH,24.97,1,0.33735412741732473,-0.3703363141909557,0.0008009611533841277,0.0032038446135362886,0.021225470564677718
2021-06-07,FBNC,42.52,1,0.31251284312362554,-0.9976957554162432,-0.01763875823142047,0.018344308560677147,-0.06984948259642532
2021-06-07,ORGO,15.98,1,0.3378249224900771,-0.9989818185896288,-0.001877346683354264,0.0419274092615769,0.056946182728410566
2021-06-07,SIBN,31.32,1,0.3242479268364491,-0.9979557192458642,-0.0006385696040868138,0.0025542784163472554,-0.06449553001277142
2021-06-07,WDNA,25.7887,1,0.3709029697161108,-0.04993589764483779,0.030784801095053327,0.010047036104960716,0.02282782769197378
2021-06-08,FNKO,23.94,1,0.3035280724171558,-0.9979607099371752,-0.06349206349206349,-0.07059314954051799,-0.14369256474519632
2021-06-08,HTHT,56.89,1,0.30078044899083,-0.9996830369940186,-0.011425558094568466,-0.05115134470029892,-0.09562313236069608
2021-06-08,RYAAY,46.024,1,0.30000244959355715,-0.9999181975513419,-0.018512080653572127,-0.03702416130714414,-0.06605249435077354
2021-06-08,VPG,36.21,1,0.30852843130011975,-0.9974006063500893,-0.019331676332504877,-0.06103286384976525,-0.05164319248826288
2021-06-09,FLMI,26.965,1,0.4594523792591432,-0.038547256623002485,0.004817355831633563,-0.004264787687743299,0.002781383274615301
2021-06-09,GDDY,81.14,1,0.28960389601425895,-0.9992987031267376,0.03783583929011569,0.05348779886615729,0.0756716785802316
2021-06-10,CHRW,99.17,1,0.2895049774373094,-0.9996293182299892,-0.04184733286276099,-0.048603408288797056,-0.06050216799435315
2021-06-10,IDYA,21.66,1,0.31942535119076315,-0.9983898038356057,0.049861495844875314,0.0027700831024930483,-0.18651892890120036
2021-06-10,JBI,14.34,1,0.32426542435582606,-0.047267408433244285,-0.06415620641562059,-0.04532775453277549,-0.07740585774058573
2021-06-11,DTSTW,1.2,1,0.29557953282695154,-0.03888383464117474,-0.12499999999999989,-0.1416666666666666,0.41666666666666674
2021-06-11,KTEC,24.9325,1,0.31449321332357083,-0.04706892213548783,-0.00130351950265728,0.0398395668304421,-0.05855409605936035
2021-06-14,CBNK,20.34,1,0.353399196323237,-0.999283850058102,0.01868239921337267,-0.001966568338249708,-0.019174041297935096
2021-06-14,NE,24.66,1,0.3067504298948154,-0.0404864536919966,0.0020275750202758402,0.017842660178426728,-0.04055150040551503
2021-06-14,VIRT,28.89,1,0.3234738829474304,-0.9967992104168109,-0.0010384215991693369,-0.04257528556593981,-0.09691934925579793
2021-06-15,APAM,53.75,1,0.3280817648215529,-0.9976884541867383,-0.07199999999999995,-0.0597209302325582,-0.05860465116279068
2021-06-15,IBBQ,25.19,1,0.33769051169282105,-0.047622515181368445,0.005498213576816013,0.02540690750297725,-0.008733624454148603
2021-06-16,DFAC,26.6201,1,0.31847591783960355,-0.047128629886001985,-0.007516876345317947,0.013519859053872763,0.005631083279176163
2021-06-16,DFAS,58.8357,1,0.3051285004682382,-0.04845100435323342,-0.017215738063794617,-0.007405367829396159,-0.03935875667324429
2021-06-16,DFUS,46.36,1,0.30516753400189983,-0.04765985897977025,0.003084555651423626,0.01649482312338213,0.025964193270060276
2021-06-16,GOOS,39.18,1,0.31492822146061467,-0.9974953530125047,0.043134252169474196,0.11638591117917318,0.029606942317508933
2021-06-16,IIM,16.26,1,0.5331377091364063,-0.0738505154651483,0.0036900369003689537,0.014145141451414212,0.02398523985239831
2021-06-16,PBTP,26.4875,1,0.2938763607246983,-0.03867813939148404,-0.0006606890042473168,0.0008494572911750264,0.0079169419537517
2021-06-16,VMBS,53.21,1,0.5392543190667087,-0.03290134951690557,0.001691411388836661,0.003006953580154015,0.004510430370231244
2021-06-17,BSMQ,26.075,1,0.2908162540670464,-0.03986880042157148,-0.0047938638542665,-0.0034515819750718935,0.00153403643336536
2021-06-17,XPND,20.0752,1,0.32459282165967984,-0.04948005785050558,0.017539053160118057,0.03341436199888426,0.02952398979835813
2021-06-18,FID,18.34,1,0.3082359480388451,-0.6717841465811769,0.005179934569247591,-0.004907306434023928,-0.035441657579062036
2021-06-18,MOGU,19.8,1,0.30739672464663786,-0.9971567418545616,-0.018181818181818188,-0.0060606060606061,-0.20000000000000007
2021-06-18,SHUS,39.2727,1,0.34500741291071285,-0.04830123069180328,0.023209506858453688,0.02752038948175195,-0.0069819492930203175
2021-06-18,TSPA,24.7155,1,0.3131371373970349,-0.03854100827460527,0.02529991301005463,0.0427869150937672,0.019012360664360628
2021-06-21,FLIA,25.05,1,0.296594863060671,-0.038306952517857554,0.001996007984031989,0.0043912175648701535,0.010379241516965898
2021-06-21,GRX,13.36,1,0.33530224781292217,-0.4374652125042713,0.011976047904191711,0.0052395209580837765,-0.007485029940119681
2021-06-21,JFR,9.79,1,0.29452167826125986,-0.03889284439792057,0.00306435137895833,0.021450459652706977,-0.016343207354443168
2021-06-21,PGF,19.17,1,0.5031984934090179,-0.12635577410020546,0.0,0.008346374543557467,-0.0046948356807513525
2021-06-22,EDUC,13.21,1,0.3102167389296049,-0.9990272231770474,-0.034065102195306673,-0.08402725208175632,-0.12944738834216507
2021-06-23,ALRS,32.18,1,0.349262628823938,-0.9985899565300479,-0.09850839030453695,-0.11808576755748912,-0.10130515848353006
2021-06-23,ARKQ,84.1,1,0.30101397582057987,-0.9994112057074409,0.025089179548156926,-0.025089179548156926,-0.03472057074910806
2021-06-23,BITF,4.3,1,0.303815766214914,-0.04768167907091959,-0.08372093023255811,-0.09581395348837207,-0.22093023255813948
2021-06-23,DWUS,36.532,1,0.3179447855522368,-0.9970925369144182,0.018441366473229026,0.02865433045001664,0.040914814409285016
2021-06-23,EIM,13.67,1,0.3000277631032578,-0.07796996213126925,0.000731528895391298,0.007315288953913646,-0.003657644476956934
2021-06-23,JGH,15.91,1,0.30858353712600595,-0.1882790358373093,0.018856065367693242,0.013199245757385292,-0.010056568196103122
2021-06-24,DRN,21.76,1,0.3217431133278512,-0.9999647911963351,0.00045955882352921584,0.08226102941176472,0.10340073529411753
2021-06-24,EJUL,26.862,1,0.5740009698221135,-0.03041491997603093,-0.010628396992033329,-0.01980492889583796,-0.027823691460055033
2021-06-24,FBNC,43.39,1,0.31388319253625235,-0.9982339473984357,-0.051624798340631495,-0.08873012214796039,-0.11753860336483068
2021-06-24,FR,52.56,1,0.31182148137017196,-0.9996006903955799,-0.006659056316590584,0.02739726027397249,0.040144596651445985
2021-06-24,ICF,65.46,1,0.32325502228127045,-0.998915968491599,0.0019859456156432476,0.03513596089214799,0.04613504430186399
2021-06-24,IJAN,26.79,1,0.31343816280842207,-0.5421182116239777,-0.003471444568868942,0.00037700634565140945,-0.0011198208286673506
2021-06-24,MSBI,27.16,1,0.31523768496453325,-0.9992702794133812,-0.023932253313696528,-0.05081001472754043,-0.11340206185567014
2021-06-24,MYPS,8.0,1,0.29909280489197754,-0.048397950277897644,-0.015000000000000013,-0.11624999999999996,-0.17125
2021-06-24,NJR,41.43,1,0.36796146028509713,-0.997901140525584,-0.021964759835867653,-0.030171373400917245,-0.051894762249577564
2021-06-24,OFG,22.99,1,0.30978043106008174,-0.9996638477583902,-0.02957807742496732,-0.05524140930839494,-0.0469769464984775
2021-06-24,TRNO,65.63,1,0.31456353521239516,-0.998913239846475,-0.016912997104982508,0.01797958250799958,0.03641627304586326
2021-06-24,USRT,58.73,1,0.3201320638167241,-0.99877235670047,-0.0018729780350758007,0.02622169249106099,0.03728928997105396
2021-06-25,FA,20.52,1,0.3238181794064825,-0.04898868553339433,-0.025341130604288442,-0.02729044834307981,-0.07602339181286544
2021-06-25,TALK,8.86,1,0.2977120465206602,-0.04873532447736449,-0.11399548532731374,-0.21557562076749426,-0.28216704288939043
2021-06-28,ENTX,6.07,1,0.32545185873514904,-0.997640563707864,-0.0329489291598023,-0.0675453047775948,-0.15321252059308077
2021-06-28,JRE,25.015,1,0.33561456833385805,-0.03773385241330806,0.00925044973016198,0.02410153907655399,0.059772136717969326
2021-06-28,KMDA,5.93,1,0.37629529579528803,-0.541520131679965,-0.013490725126475533,-0.03204047217537931,-0.08263069139966261
2021-06-28,PEP,147.04,1,0.3009921880576294,-0.9970359815454439,0.014213819368879221,0.04026115342763892,0.0741294885745376
2021-06-29,CBRE,85.99,1,0.2949607168618977,-0.9993076392876504,-0.009884870333759621,-0.029073148040469787,0.058262588673101634
2021-06-29,DHF,3.52,1,0.28744960710666506,-0.03990232846221876,0.0028409090909089496,-0.005681818181818232,-0.011363636363636354
2021-06-29,MNPR,30.3,1,0.29099645534253676,-0.9993229344277393,-0.050957095709570965,-0.15841584158415845,-0.1254125412541255
2021-06-29,RVNU,29.47,1,0.304302181779737,-0.11884521501445357,0.0062775704105870744,0.009840515778758219,0.008652867322701097
2021-06-29,TFJL,23.53,1,0.30505870177191163,-0.18392246159756154,-0.01057798555036138,-0.008287292817679592,-0.0016914577135571651
2021-06-29,TVACW,1.05,1,0.3061789144523981,-0.1452645559416366,0.33333333333333326,0.2857142857142858,0.09523809523809512
2021-06-30,BFC,69.77,1,0.29268434870145893,-0.9997705634585179,-0.004586498495055102,-0.006306435430700863,0.00028665615594114513
2021-06-30,MDEV,25.48,1,0.3308397779365805,-0.037165179304864314,0.008284929356357829,-0.0026648351648351776,0.039493720565149104
2021-06-30,RRBI,50.51,1,0.30920019001690324,-0.9987037325457976,-0.02831122549990106,0.0075232627202534985,0.018610176202732198
2021-07-01,EPR,52.79,1,0.30802825075407303,-0.9983991628380607,-0.0028414472437960914,0.013260087137715537,-0.04716802424701649
2021-07-01,IGSB,54.705,1,0.5140907279915304,-0.0345429235116832,0.0019193857965451588,0.0011881912073852252,0.003930170916735198
2021-07-01,LKFN,61.61,1,0.3041076542033028,-0.9982369603310898,-0.02045122545041389,-0.04074013958772926,0.08537575068982317
2021-07-01,PAYO,10.04,1,0.32033120722676695,-0.03755628235991418,0.03784860557768943,-0.055776892430278724,-0.05976095617529875
2021-07-01,SJNK,27.5,1,0.599372178651104,-0.02874706746231646,0.001454545454545375,-0.0018181818181818299,-0.0018181818181818299
2021-07-02,ITAN,25.3154,1,0.32919602654747937,-0.03569580578504537,0.002504404433664842,-0.03389241331363524,-0.0006517771791083593
2021-07-02,MCW,22.74,1,0.33747721301447314,-0.27286165215651936,-0.00659630606860151,-0.11961301671064195,-0.04969217238346524
2021-07-02,QVMM,25.134,1,0.3309396009186871,-0.047482654151931314,0.002713455876502069,-0.04922017983607874,-0.0035370414577862164
2021-07-02,QVMS,24.9329,1,0.3329807303025619,-0.04857468110124799,-0.0026551263591478858,-0.06862017655387054,-0.023154145727131703
2021-07-02,TBLA,10.48,1,0.31075691793162846,-0.04811205254868299,-0.029580152671755733,-0.18511450381679406,-0.09446564885496189
2021-07-06,LEXI,25.1177,1,0.3217459284925446,-0.047814576505449624,0.003531374289843292,-0.0024285663098133625,0.017561321299322863
2021-07-07,GK,25.11,1,0.33801329830806687,-0.0449733537155291,-0.0031859816806052432,0.010641178813221686,0.03727200318598167
2021-07-07,PJUL,29.79,1,0.297945043422924,-0.11033985699644114,-0.00011413225914735925,-0.0010406176569318637,0.004665995300436432
2021-07-08,ALIT,9.0,1,0.31432637000335567,-0.0487375626972163,-0.010000000000000009,0.02444444444444449,0.10111111111111115
2021-07-08,NSYS,8.93,1,0.3529200321692804,-0.9950636081118415,0.06382978723404253,0.12543113101903702,0.2541993281075028
2021-07-08,PLSE,18.56,1,0.3137936163267334,-0.9962170585307017,-0.0231681034482758,0.0867456896551726,0.20959051724137945
2021-07-08,PSFJ,20.5028,1,0.303147041728566,-0.038122878621268536,0.005716292408841639,0.008642721969682077,0.017909748912343648
2021-07-08,THY,25.35,1,0.47987034051949334,-0.03675514694636067,-0.002564102564102666,-0.007491124260355142,-0.009250493096646939
2021-07-09,PIFI,99.3801,1,0.3192750036271084,-0.6271102717526118,0.0011058551963623042,0.002625274073984718,0.0017951279984624868
2021-07-09,PSCJ,20.5845,1,0.3083120319002706,-0.038565726882992334,-0.0032597342660739548,0.0029391046661322306,0.005853919211056935
2021-07-09,PSMJ,20.615,1,0.31085260939098397,-0.03843311180295743,-0.0031530439000726496,0.00339558573853993,0.006320640310453651
2021-07-09,ZHDG,20.0812,1,0.3622989164504755,-0.046611549273222495,-0.007096189470748637,0.0051690138039559574,0.0066181303906140965
2021-07-12,FTHY,20.4,1,0.326431170089873,-0.6882792091550244,-0.01911764705882335,-0.007843137254901933,-0.004411764705882337
2021-07-14,CRH,49.72,1,0.2973876119257161,-0.9992358030779608,-0.01749798873692676,0.011464199517296825,0.07320997586484324
2021-07-14,DXJ,61.1,1,0.3002748355982955,-0.9975166067726721,-0.010474631751227537,-0.010474631751227537,0.008674304418985201
2021-07-14,IAUM,18.263,1,0.3119066031920447,-0.03729426557182958,-0.01181624048622909,-0.00899085582872483,-0.040409571264305
2021-07-14,WMG,36.76,1,0.3310709616808919,-0.9945048341725524,0.007616974972796564,0.020674646354733595,-0.04216539717083778
2021-07-15,NWPX,27.35,1,0.30678319644127827,-0.9991539537137124,0.009506398537477034,0.013528336380255856,-0.015356489945155483
2021-07-15,QDPL,34.5066,1,0.32229595100938785,-0.04656172751883685,0.0018112477033378482,0.012452690209988848,0.02155239867155867
2021-07-16,BSJQ,25.79,1,0.5358135702685763,-0.032972033540909766,-0.0019387359441643826,-0.0023264831329972147,-0.004652966265994429
2021-07-16,BSJR,25.625,1,0.6398430192893922,-0.02579425867264486,0.00019512195121951237,-0.0017560975609757223,-0.00409756097560976
2021-07-16,CDZIP,24.9,1,0.3013891484455436,-0.037939431485033995,0.0036144578313253017,0.00040160642570286065,0.0031646586345381866
2021-07-16,CLSM,24.648,1,0.3051763657363186,-0.037642879989204,0.025028399870172136,0.015502271989613847,0.02654982148653029
2021-07-16,KRC,70.38,1,0.3161251778478112,-0.9978558013158038,-0.018044899119067814,-0.01577152600170506,-0.053708439897698246
2021-07-19,IPB,30.9999,1,0.3219316559549596,-0.997231023696303,-0.02031942038522705,-0.022345233371720452,-0.020964583756721722
2021-07-19,ORIC,19.43,1,0.30606685575849807,-0.9973620495336913,-0.14101904271744714,-0.14513638703036547,-0.02779207411219764
2021-07-19,PFFA,25.0,1,0.3165551281768646,-0.649455334718186,0.0048000000000001375,0.008799999999999919,0.016000000000000014
2021-07-19,PGX,15.11,1,0.618567786871481,-0.027211370059011513,0.0006618133686300265,0.008603573792190566,0.0059563203176704604
2021-07-20,FVCB,15.2,1,0.3743119587975682,-0.9969853722632642,-0.002105263157894721,0.013157894736842257,0.04631578947368431
2021-07-20,HYLB,40.09,1,0.32894365069204473,-0.4760475470530772,0.002494387627837158,-0.001247193813918801,-0.0032427039161886384
2021-07-20,MGYR,10.69,1,0.33088754527197994,-0.9988706710223769,-0.019644527595883865,-0.034705332086061635,-0.027128157156220634
2021-07-20,MPRO,26.6301,1,0.32062405648354164,-0.8830584201538397,0.00427335984468713,0.007067190885501784,0.0009350321628533997
2021-07-22,EFT,14.23,1,0.3039669773811263,-0.3276664850297496,-0.0007027406886858101,0.02881236823612099,0.04146170063246668
2021-07-22,SMN,29.1688,1,0.3427240719426965,-0.9993764935359146,-0.06749677737856896,-0.04040618743314772,-0.024299936918899645
2021-07-23,AMLP,33.75,1,0.3451575920937011,-0.9942738858873785,0.004740740740740712,-0.03525925925925921,-0.066962962962963
2021-07-23,APT,9.88,1,0.329999618853695,-0.9976439265290588,0.2155870445344128,-0.10931174089068829,-0.2014170040485831
2021-07-23,EVLVW,1.5399,1,0.3058549032336658,-0.03902061221185819,-0.10383791155269828,0.03902850834469773,-0.07786219884408085
2021-07-23,GIW,10.01,1,0.2936100703082617,-0.039220732291474304,-0.020979020979020935,-0.023976023976024052,-0.020479520479520508
2021-07-23,MLPA,35.77,1,0.35651751357683614,-0.9930254699882803,0.012021246854906353,-0.052837573385518644,-0.07072966172770478
2021-07-23,VCTR,30.21,1,0.3163951312768464,-0.9981502905790387,0.00926845415425337,0.12280701754385959,0.15028136378682544
2021-07-26,LEXX,6.77,1,0.3290962241362698,-0.999920479731459,-0.05317577548005903,-0.12998522895125553,-0.07828655834564247
2021-07-26,ZVIA,13.77,1,0.3043123756182028,-0.04786899943151958,-0.010167029774872827,0.015250544662309462,-0.058097312999273676
2021-07-27,AUB,35.65,1,0.3147567399964293,-0.9989297895210452,0.0008415147265077305,0.04880785413744748,0.054698457223001595
2021-07-27,BATL,12.56,1,0.29472454682168375,-0.9986826039425538,0.0031847133757960666,0.07484076433121012,-0.052547770700636987
2021-07-27,IQI,13.68,1,0.31197785617458934,-0.2944082551260525,0.015350877192982448,0.01754385964912286,0.0
2021-07-27,TRST,33.4,1,0.3102367992870294,-0.9997183353122566,0.012275449101796454,0.02754491017964078,-0.01916167664670665
2021-07-27,XPOF,12.11,1,0.29558232670436374,-0.04952958330103651,-0.05037159372419486,-0.009909165978530088,-0.019818331957060287
2021-07-28,EVLV,8.21,1,0.3879930930259451,-0.2799464652497284,-0.11571254567600497,0.1705237515225333,-0.07917174177831932
2021-07-30,BPYPM,24.95,1,0.3243034206922455,-0.038599572204612104,-0.011222444889779415,-0.01002004008016033,0.014829659318637223
2021-07-30,ELC,25.65,1,0.3096940287232985,-0.585820871761014,-0.01208576998050681,-0.01208576998050681,-0.008187134502923854
2021-07-30,INDL,52.26,1,0.3005361852815302,-0.999840856244989,0.04314006888633748,0.0677382319173363,0.12992728664370445
2021-08-02,AUPH,13.48,1,0.30815940210169684,-0.9985174684287904,0.16394658753709201,0.07270029673590517,0.2626112759643917
2021-08-02,IDNA,50.26,1,0.3350921481428649,-0.9988146379703873,0.09311579785117385,0.02606446478312785,0.06307202546756874
2021-08-02,MDLZ,63.46,1,0.31286147467094194,-0.9986048278985237,-0.022691459186889307,0.0036243302867948746,-0.020485345099275243
2021-08-02,MUSI,50.085,1,0.5476650362428804,-0.03238082148766212,-0.001804931616252392,-0.0009983028850953923,0.0026954177897573484
2021-08-02,RDWR,32.19,1,0.31933882207824393,-0.9963423882617093,-0.015222118670394469,0.004970487729108575,0.0621310966138553
2021-08-02,VIPS,16.9,1,0.32673741212250607,-0.9973441343048082,0.047337278106508895,-0.0840236686390532,-0.15384615384615374
2021-08-03,ISWN,26.125,1,0.32383620211660546,-0.9980171687041925,-0.012191387559808642,-0.007927272727272783,-0.007506220095693794
2021-08-03,VRP,26.43,1,0.30626223353751,-0.1454163553509533,-0.002270147559591318,-0.00037835792659846046,-0.0018917896329928574
2021-08-03,WDI,20.2,1,0.3279843390520967,-0.1479076337606853,-0.011386138613861396,-0.014851485148514865,-0.008910891089108919
2021-08-03,XOMA,32.55,1,0.3067501297740959,-0.9976389188340401,-0.027649769585253448,-0.16405529953917042,-0.04393241167434703
2021-08-04,EPU,26.5,1,0.3001278624157422,-0.9997694212182668,-0.006415094339622729,-0.050943396226415194,0.005283018867924483
2021-08-04,LODE,29.0,1,0.3316109851336114,-0.9964497656049437,0.04137931034482767,-0.04137931034482756,0.034482758620689724
2021-08-04,NWL,24.83,1,0.3592424696131366,-0.99900349636016,0.03987112364075718,-0.01127668143374938,0.011276681433749491
2021-08-05,KHYB,38.04,1,0.3075973006209997,-0.03981641198882635,0.005173501577287132,0.00814931650893791,0.010778128286014876
2021-08-05,KONG,25.2526,1,0.33472355647141117,-0.33820004165670864,0.0001108796717961269,0.00415006771579951,0.02386288936584746
2021-08-05,MBINN,27.42,1,0.30691893684859706,-0.9984095001773269,-0.017140773158278666,-0.027111597374179452,-0.009846827133479286
2021-08-05,STGW,5.77,1,0.3131864689014689,-0.04767929315319748,0.14384748700173322,0.1542461005199307,0.25649913344887354
2021-08-05,TDI,25.28,1,0.34544986902353225,-0.9955512044842929,-0.0003955696202532222,0.0,0.02059731012658217
2021-08-09,EVTC,46.0,1,0.3284676531565393,-0.9987428587201685,0.009347826086956612,0.014999999999999902,-0.002826086956521756
2021-08-09,GLRE,8.71,1,0.3636359909962841,-0.9965663264203913,-0.01148105625717577,-0.04133180252583246,-0.07577497129735933
2021-08-09,KHC,37.31,1,0.3187996561971087,-0.9983977343799002,0.018761726078799112,-0.017957652103993582,-0.04422406861431272
2021-08-09,NDVG,25.1127,1,0.32868604802989654,-0.04695705566853188,0.01773206385613646,0.01920542195781416,0.019822639540949316
2021-08-09,UTL,50.7,1,0.3057699816384546,-0.9998994178923012,-0.02209072978303761,-0.013412228796844228,-0.024063116370808824
2021-08-09,VCLN,25.8127,1,0.32803095924142145,-0.03972779413844186,-0.02131896314604831,0.002994649920388115,0.01597275759606709
2021-08-10,AGYS,56.34,1,0.2935155933725799,-0.9981261446465299,-0.08395456159034442,-0.06620518281860144,-0.04579339723109699
2021-08-10,CCB,31.33,1,0.2975690356209249,-0.9986560226704426,-0.0466007022023619,-0.009256303862112958,-0.09000957548675381
2021-08-10,LEGO,10.62,1,0.560447894988646,-0.10389317599136184,0.08286252354048962,0.053672316384180796,0.09227871939736354
2021-08-11,GMAB,44.88,1,0.34028768528966186,-0.9973089526834603,0.035650623885917776,0.04523172905525841,-0.0006684491978610207
2021-08-11,NWLG,24.8325,1,0.32384099261781646,-0.03636090232603008,-0.004840430886942526,0.031108426457263638,0.03892076915332732
2021-08-11,PRTS,18.48,1,0.3165707835027681,-0.99939435605864,-0.10389610389610393,-0.0492424242424242,-0.04274891774891765
2021-08-12,SGC,25.09,1,0.3189852152988517,-0.9996563937853458,-0.08290155440414504,-0.08569151056197688,-0.049023515344758906
2021-08-13,BLND,18.0,1,0.31903978126748256,-0.7478712817180768,0.002777777777777768,-0.11555555555555552,-0.0955555555555555
2021-08-13,CAL,23.53,1,0.3066201655423448,-0.9978691137218038,0.01359966000849977,0.05312367190820222,-0.05567360815979605
2021-08-13,CRDL,2.7878,1,0.2989236604530016,-0.038064668898438014,0.0386326135303825,0.2626443790802784,0.3200373054021093
2021-08-13,JBI,14.66,1,0.35458982371007497,-0.9960509113529266,0.02046384720327432,0.0300136425648021,-0.04092769440654842
2021-08-13,KPLTW,0.67,1,0.2939467810526811,-0.9981471705994887,-0.07462537313432838,0.007537313432835813,1.6567164179104474
2021-08-13,LEGH,18.61,1,0.31931201857168573,-0.9980601508522905,-0.015045674368619033,0.0424502955400321,-0.0005373455131648663
2021-08-13,OFIX,39.97,1,0.3222128057865534,-0.9971951463124844,0.028771578684013033,0.0482862146609957,0.005504128096071925
2021-08-13,PFGC,46.52,1,0.31421292784157884,-0.9958359197376523,-0.07287188306104897,0.055245055889939776,-0.025580395528804867
2021-08-13,STXS,6.75,1,0.34493293987919965,-0.998052781804209,0.001481481481481417,-0.07851851851851854,-0.14222222222222225
2021-08-16,CMSD,27.25,1,0.342991110563079,-0.9969857762156401,-0.0029357798165137172,-0.0014678899082568586,-0.004011009174311964
2021-08-16,DTW,26.13,1,0.3295957145555387,-0.5423458783216208,-0.0026789131266743427,-0.003444316877152742,-0.0022962112514350874
2021-08-16,THW,16.92,1,0.3268934298263515,-0.9958874782843087,0.002955082742316595,0.007092198581560183,0.010047281323877
2021-08-17,CELC,20.26,1,0.2916473498134355,-0.9995039627315186,0.10167818361303049,0.08588351431391894,0.0039486673247777215
2021-08-17,GMAB,46.58,1,0.34388395678205014,-0.9973193239656546,0.014383855732073902,0.017389437526835527,-0.07986260197509654
2021-08-17,NOVZ,31.7246,1,0.3287583275670857,-0.03752445899097501,0.006685663491422966,0.014008056839172056,0.00585980595500013
2021-08-17,TMTSU,10.6,1,0.3097106169459595,-0.3739056553236095,0.028301886792452935,0.013207547169811429,0.08019811320754733
2021-08-18,DUOT,5.296,1,0.3418441112193928,-0.9962651363102547,0.19146525679758297,0.20538141993957693,0.1348187311178246
2021-08-18,NSYS,10.95,1,0.33458170471541293,-0.9992088143856757,-0.015525114155251152,0.16894977168949787,0.12323287671232896
2021-08-18,OXLCO,24.7996,1,0.29915856829724286,-0.03944732232105033,0.0028387554637978596,0.003241987773996202,0.00807674317327689
2021-08-19,ARDC,16.12,1,0.32501018403502924,-0.855071446435855,-0.013647642679900818,0.024193548387096753,0.02481389578163773
2021-08-19,OBT,17.11,1,0.31138175982136373,-0.038053269506502285,0.008182349503214503,0.03711279953243718,-0.0061367621274108775
2021-08-19,OGI,9.4,1,0.3096059464999883,-0.9989112824365197,0.0851063829787233,0.16595744680851077,0.02127659574468077
2021-08-20,BWBBP,26.2073,1,0.30845872021272813,-0.04830892019783627,0.0008661708760535625,0.011168643851140692,0.020707970679925136
2021-08-20,MDIA,6.39,1,0.29663735367549776,-0.9986282373599895,0.3724569640062598,0.2237871674491394,0.2738654147104853
2021-08-25,BOH,84.95,1,0.2962655769469555,-0.9984573579892647,-0.028134196586227178,-0.05673925838728677,-0.04355503237198355
2021-08-25,LIDRW,1.3534,1,0.2913211979554644,-0.03970888317043496,0.03435791340328054,-0.1355105659819713,0.10093098862125016
2021-08-25,VERA,17.0,1,0.29926361611084806,-0.9996993653600057,-0.0505882352941176,0.5141176470588233,0.020000000000000018
2021-08-26,ALRS,28.75,1,0.3443164921239812,-0.9974774648445868,0.0083478260869565,-0.030956521739130438,0.029565217391304355
2021-08-26,FFND,25.16,1,0.32969395682700814,-0.04850115231407124,0.018994435612082583,0.006875993640699463,0.01828298887122415
2021-08-26,RNW,9.19,1,0.30762821508087684,-0.04749920326404961,0.14689880304678993,0.057671381936888144,0.1838955386289447
2021-08-27,BLUWW,0.82,1,0.30918783848786424,-0.1274812297612309,-0.13878048780487795,-0.6951219512195121,-0.8536585365853658
2021-08-27,EAOK,28.1069,1,0.3063876528685739,-0.6698021458937775,0.002732425134041927,-0.0009570603659599941,-0.00766715646335947
2021-08-27,FDNI,41.847,1,0.3143866609931567,-0.9984556373827295,0.0512103615551891,0.0169856859512032,-0.009964872033837557
2021-08-27,PHYL,41.3,1,0.3202118526980326,-0.5996465384316945,0.0013317191283293006,0.0026634382566586012,0.002179176755447987
2021-08-27,ZECP,25.145,1,0.3246782961037773,-0.03743650715012576,0.008550407635712798,-0.009345794392523366,-0.018305826207993592
2021-08-30,FPFD,25.365,1,0.45977387563207395,-0.03834886705794884,0.0025625862408831246,0.0053222945002957545,-0.005716538537354654
2021-08-30,QCLR,25.545,1,0.3113514092894339,-0.04823834946851046,0.0033274613427283217,-0.00666666666666671,-0.03562340966921118
2021-08-30,XTR,27.5796,1,0.3059457481865045,-0.04840501058196593,-0.0025199785348589687,-0.019329504416307652,-0.03674455031980162
2021-08-31,CMSA,26.68,1,0.3190266543596336,-0.9999816552845767,0.0003748125937033109,0.004497751124437732,-0.012368815592203819
2021-08-31,GDEVW,0.6292,1,0.29322936438088143,-0.04966841214507129,0.3030832803560075,0.20788302606484432,0.43038779402415783
2021-08-31,TD,64.94,1,0.32276606249072554,-0.9993997118215711,0.001231906375115388,0.0066214967662459046,0.02540806898675707
2021-09-01,AMSF,57.37,1,0.3105757474227666,-0.9973793631549237,-0.007669513683109641,-0.05909011678577658,-0.021091162628551485
2021-09-01,B,47.09,1,0.2930100405184118,-0.9989446887617343,-0.037375238904226005,-0.0732639626247612,-0.11382459120832467
2021-09-01,CENT,36.496,1,0.342668226778702,-0.9964364386474042,-0.02761946514686553,-0.009206488382288658,0.0521701008329678
2021-09-01,DFAS,59.16,1,0.31039353131822794,-0.9989726203326923,-0.0177484787018255,-0.02417173766058145,-0.028059499661933662
2021-09-01,GSSC,65.39,1,0.3134701436784252,-0.9992585282999507,-0.018657287046949023,-0.029668144976295996,-0.036397002599785955
2021-09-01,GVA,40.01,1,0.3231965577057646,-0.9948491669250059,-0.017245688577855467,-0.009247688077980487,-0.011497125718570422
2021-09-01,HALO,42.01,1,0.29869903806521564,-0.9978173151665494,-0.017138776481790075,0.0009521542489883128,-0.03165912877886212
2021-09-01,MTDR,28.51,1,0.2987696257318482,-0.9998567065891096,0.005261311820413894,0.0925990880392844,0.33426867765696233
2021-09-01,MUR,20.68,1,0.3185912888975078,-0.9973098516218845,-0.018858800773694395,0.042553191489361764,0.20744680851063824
2021-09-01,PSCM,66.105,1,0.3098723296058302,-0.9987968892524776,-0.013806822479388914,-0.037798956206035905,-0.04238106043415779
2021-09-01,QMOM,51.0138,1,0.31845622820674496,-0.9994134264432236,0.012982761527272846,0.023227048367304493,-0.0340515703593931
2021-09-01,SAA,31.4764,1,0.3237828116508905,-0.999565831091598,-0.039169028224320446,-0.059174492635752474,-0.05503170629423959
2021-09-01,SHOO,39.94,1,0.32288372072444427,-0.9965220019930323,-0.0070105157736605195,-0.03279919879819715,0.0055082623935902575
2021-09-01,SMMD,66.83,1,0.31149692956019637,-0.9981747662305599,-0.012269938650306678,-0.01930270836450687,-0.039353583719886176
2021-09-01,USVM,72.8262,1,0.30972176646838634,-0.9985258557958164,-0.018207732931280085,-0.029787356747983607,-0.036442928506498995
2021-09-02,ADTN,20.72,1,0.33311331356641727,-0.9965380896206616,-0.054054054054053946,-0.08059845559845547,-0.09218146718146725
2021-09-02,GJS,21.11,1,0.329614112301178,-0.7372649052202535,0.016579819990525824,0.027944102321174835,0.02273803884414982
2021-09-02,PGR,96.35,1,0.2912395188558608,-0.9984821237005898,-0.03352361183186292,-0.038816813700051855,-0.05614945511157232
2021-09-02,RNWWW,1.75,1,0.29633173292616555,-0.039395189578328826,-0.12577142857142853,-0.04571428571428571,0.10000000000000009
2021-09-02,SMIG,25.4234,1,0.4785465680522542,-0.04884819529395099,-0.032474019997325354,-0.03982158169245653,-0.048325558343887964
2021-09-02,SOTK,3.3386,1,0.31375964200707784,-0.03956918574974472,0.0303420595459174,0.060324686994548626,0.3763254058587431
2021-09-03,FTDR,43.8,1,0.2982853166482226,-0.9985340325649797,0.044520547945205546,0.01621004566210038,-0.061415525114155156
2021-09-03,SPOK,10.59,1,0.33729128333755737,-0.9978554115244169,-0.0632672332389046,-0.032105760151085905,-0.03493862134088754
2021-09-07,PWZ,27.93,1,0.5595829501767731,-0.111663468567968,0.0039097744360903075,0.0014321518080915308,-0.007160759040458209
2021-09-08,BUFD,20.9,1,0.31053162693723935,-0.4336453688547387,0.0004784688995216335,-0.00191387559808609,-0.002870813397129135
2021-09-08,CMF,62.5,1,0.32536948434975144,-0.6654145040274688,0.0009600000000000719,0.0014400000000001079,-0.008000000000000007
2021-09-08,ITM,51.75,1,0.32207421002980574,-0.5356116618526099,0.0001932367149757308,0.0001932367149757308,-0.01140096618357489
2021-09-08,PSFF,22.31,1,0.3093841213669537,-0.6676081222098426,-0.0006275212909009342,-0.009220080681308862,-0.011089197669206574
2021-09-09,ARQQW,1.395,1,0.29093350477472646,-0.04896269620916717,0.24014336917562717,0.9068100358422939,0.39784946236559127
2021-09-10,CCEL,12.99,1,0.3350794904572169,-0.3382195493159578,-0.08730561970746731,-0.049268668206312594,-0.07621247113163976
2021-09-10,ECCC,25.68,1,0.30928690296805644,-0.9111226020724063,0.00255841121495326,-0.007788161993769416,-0.005841121495327006
2021-09-10,FDP,30.31,1,0.3103310572534547,-0.9987983066048782,0.023094688221709125,0.025074232926427076,0.10161662817551975
2021-09-10,FUL,65.23,1,0.3063757935019116,-0.998448703550718,-0.0691399662731873,0.007511881036332824,-0.01640349532423746
2021-09-10,HURC,32.59,1,0.3376183473271886,-0.9947519328216763,-0.050322184719239105,-0.01810371279533607,0.0
2021-09-10,SMRT,12.44,1,0.3063446742188455,-0.41456171270295306,0.1012861736334405,0.04260450160771723,0.02411575562700974
2021-09-10,TFI,51.96,1,0.3120962323626993,-0.5061714531759257,0.0005773672055426893,-0.0021170130869899717,-0.01058506543495008
2021-09-10,TYO,8.3,1,0.31904635021091493,-0.9961251469145529,0.0072289156626503814,0.026506024096385472,0.056626506024096246
2021-09-10,XCLR,27.168,1,0.4490774290412546,-0.04946213570645584,-0.008178739693757375,-0.006161660777385225,-0.01880521201413421
2021-09-13,AMSF,56.05,1,0.3160050731190176,-0.9995905991716625,-0.035682426404995526,0.014094558429973425,0.022658340767172325
2021-09-13,LNT,59.43,1,0.35388282355659567,-0.9992289280108277,-0.025744573447753716,-0.054349655056368795,-0.08026249369005556
2021-09-14,NML,4.79,1,0.4730460341804548,-0.6707641622293207,-0.012526096033402823,0.03131524008350728,0.10229645093945727
2021-09-14,VICI,29.92,1,0.36629013427358625,-0.996011435150388,-0.020053475935828957,-0.043114973262032175,-0.0076871657754010725
2021-09-14,YLD,21.095,1,0.30612949253408905,-0.36949508078227705,-0.006399620763213987,-0.007821758710594873,-0.015406494429959672
2021-09-15,DFIV,33.6599,1,0.3276329058375059,-0.049040655318459775,-0.02883549862001955,-0.021981645815941198,-0.009206800970888218
2021-09-15,WPC,76.27,1,0.3094600122538778,-0.9978979381525905,0.0043267339714172515,-0.03041825095057027,0.012193523010358032
2021-09-16,CHY,16.36,1,0.3232387952087614,-0.9962000932614175,-0.0018337408312959491,-0.04462102689486547,-0.022004889975550057
2021-09-16,DFH,19.48,1,0.3106958888961991,-0.9993927809359441,-0.06314168377823415,-0.11036960985626298,-0.12063655030800824
2021-09-16,SIFY,19.86,1,0.34030796470449814,-0.9951973678769465,0.045317220543806824,0.021148036253776592,0.1178247734138973
2021-09-17,LBRDP,28.28,1,0.3503744602603521,-0.9984967013814132,-0.005304101838755404,-0.01202263083451205,-0.008840169731258785
2021-09-20,AGD,11.68,1,0.3286872762473434,-0.9037825229347267,0.03082191780821919,-0.014554794520547976,0.028253424657534332
2021-09-20,BKLN,22.1,1,0.4674710982392683,-0.03760814711065351,0.0013574660633484115,0.0009049773755656076,-0.0009049773755657187
2021-09-20,NFG,50.58,1,0.3302935307452144,-0.9951178468169346,0.07236061684460271,0.10142348754448394,0.13780150257018575
2021-09-20,PDEC,30.66,1,0.30428503548391483,-0.5645131215274187,0.006686236138290891,0.0035877364644487653,0.00913894324853226
2021-09-20,PFEB,28.5312,1,0.301640451530779,-0.5984134971282263,0.00890253476895464,0.0008727288021534996,0.012750953342306026
2021-09-20,PGHY,21.74,1,0.5229804531528613,-0.0738806207708364,0.0004599816007360147,-0.00045998160073590366,-0.008279668813247487
2021-09-20,QRMI,24.205,1,0.31373990010279207,-0.03861597927040407,-0.005907870274736493,-0.014141706259037323,-0.007643048956827103
2021-09-20,SLB,27.25,1,0.31627292174118127,-0.9998651450822054,0.10788990825688072,0.13321100917431195,0.2535779816513761
2021-09-20,UAUG,28.5089,1,0.29828366085737207,-0.1184190047597703,0.007755472852337242,-0.003567307051482227,0.010936935483305099
2021-09-20,ZHDG,20.03,1,0.3364956820950672,-0.48915581496574706,0.006989515726410378,-0.01897154268597112,0.010983524712930626
2021-09-22,IBD,26.3748,1,0.3045321471379909,-0.33630595542766184,-0.010419036352882216,-0.010039886558381506,-0.015727133475893607
2021-09-22,PRTH,7.35,1,0.3308071768622364,-0.9993274616793851,-0.09387755102040807,-0.17414965986394548,-0.25578231292517006
2021-09-22,QSPT,20.2019,1,0.29736242264136115,-0.04909542598694734,-0.020983174849890318,-0.021592028472569358,0.005845984783609648
2021-09-23,CASS,42.7,1,0.316279048107952,-0.9974977502522124,-0.01990632318501173,-0.00796252927400476,-0.011709601873536313
2021-09-23,CCB,30.73,1,0.30145020473653505,-0.99690405629965,0.036771884152294154,0.08753660917670025,0.12203058900097608
2021-09-23,CENT,38.392,1,0.3328237528582136,-0.9977214127541276,0.00020837674515505888,0.01500312565117734,0.03125651177328592
2021-09-23,CG,48.67,1,0.31550970633007175,-0.9959759840384702,-0.028559687692623847,0.005753030614341403,0.11752619683583321
2021-09-23,FEIG,49.7642,1,0.3466963662947805,-0.049028126270656086,-0.011839836669734538,-0.014954525542458241,-0.018973478926617937
2021-09-23,FORA,10.74,1,0.301589810926842,-0.999667651715341,-0.03910614525139666,-0.03724394785847307,-0.04003724394785846
2021-09-23,IHG,65.58,1,0.29862715590227545,-0.9992249295582138,-0.01967063129002733,0.02287282708142735,0.060231777981091916
2021-09-23,IOVA,25.6,1,0.29957815908379104,-0.9989689770145237,-0.03671875000000002,0.04218749999999982,0.016796875000000044
2021-09-23,ITEQ,70.02,1,0.3218778687128036,-0.9991446141716044,-0.05826906598114823,-0.05784061696658094,-0.005569837189374427
2021-09-23,LGOV,27.8235,1,0.33745146253747016,-0.9958537924437952,-0.00941650044027531,-0.010368932736715353,-0.018275917839236544
2021-09-23,LRN,35.03,1,0.28642556280804493,-0.9996922468569397,0.02597773337139575,0.04653154439052232,-0.02026834142163858
2021-09-23,MHH,18.8,1,0.3229656485794836,-0.997854095216786,-0.09521276595744677,-0.10362765957446807,-0.09202127659574466
2021-09-23,NNOX,24.27,1,0.3094825469083639,-0.9961717742109834,-0.07292954264524099,-0.06674907292954269,-0.023897816234033753
2021-09-23,PTH,58.1933,1,0.3456128829000362,-0.9967446434947059,-0.07772887944144768,-0.0821400401764465,-0.08477436405909278
2021-09-23,SHIP,14.0,1,0.37501361726869425,-0.9914956557318252,0.03571428571428581,-0.014285714285714235,-0.1357142857142858
2021-09-24,NNVC,5.08,1,0.3325309623111654,-0.9972877861679285,-0.13385826771653542,-0.13976377952755903,-0.049212598425196874
2021-09-24,PAY,24.7,1,0.3046694229031053,-0.9988019235078878,-0.002834008097166052,-0.051012145748987825,0.039271255060728816
2021-09-24,RIET,15.09,1,0.34275607604583896,-0.04735727797380909,-0.00017229953611663795,0.004638833664678543,0.029430086149768053
2021-09-27,AVLV,51.5624,1,0.30508806269933525,-0.04816595147435263,-0.03167230384931652,-0.020604161171706492,0.03215327447907779
2021-09-27,FMN,15.53,1,0.2999321546566736,-0.9975777626638503,-0.015453960077269846,-0.033483580167417926,-0.054732775273663825
2021-09-27,GERN,1.45,1,0.2987799587310402,-0.2872836648817348,-0.07586206896551717,-0.07586206896551717,0.01379310344827589
2021-09-27,OSUR,10.94,1,0.34619545209759334,-0.995855260239859,-0.017367458866544783,-0.00457038391224851,-0.00822669104204754
2021-09-28,BSMT,25.97,1,0.29362729879661,-0.1100417964233841,-0.0017327685791297398,-0.0040431266846361336,-0.005390835579514808
2021-09-28,LQDI,30.1,1,0.34623254516719726,-0.9957098801504009,0.0013887043189368953,0.0023255813953488857,0.022591362126245906
2021-09-29,UFEB,27.6025,1,0.3077538585436216,-0.4112227591057857,-0.00048546327325427185,0.0008187664160854702,0.007155148990127813
2021-09-30,EIM,13.38,1,0.2962461292258491,-0.25168346031006916,-0.015695067264574036,0.0097159940209266,-0.017189835575485812
2021-09-30,FMQQ,25.18,1,0.31440266451229326,-0.049629981820544275,-0.009968228752978647,-0.0016481334392374203,0.007772041302620991
2021-09-30,FTSD,94.725,1,0.3110388627499293,-0.43044368327195304,-0.0005278437582475481,-0.001372393771443603,-0.0031142781736605007
2021-10-01,AIRTP,24.75,1,0.31312084542339846,-0.9988619862880082,-0.005656565656565693,-0.011111111111111072,-0.0036363636363636598
2021-10-01,GFAIW,0.9,1,0.29357938536731,-0.04855613022138648,-0.011111111111111072,-0.3222222222222223,-0.19977777777777783
2021-10-01,NUGO,24.3386,1,0.31654644270968746,-0.040256255009760634,-0.0004355221746525917,0.02329221894439293,0.07013139621835274
2021-10-01,PLAG,13.9,1,0.31739072227123355,-0.9983782148217407,-0.09352517985611519,-0.02877697841726623,0.1007194244604317
2021-10-01,THM,0.8099,1,0.4546465555133701,-0.038731130381498884,-0.04778367699716013,0.034078281269292576,-0.04293246079762936
2021-10-01,TYA,25.3945,1,0.3245119766466978,-0.03647000381400384,-0.023804367087361444,-0.026954655535647465,-0.035224162712398366
2021-10-04,AVIV,49.7354,1,0.3114025386229211,-0.0494805291879782,0.014770163706333994,0.03304889475102257,0.041204051842349765
2021-10-04,ECAT,20.02,1,0.31749475681100686,-0.037037561874755265,-0.0004995004995004271,-0.0004995004995004271,-0.018981018981018893
2021-10-04,NFGC,6.54,1,0.320427459427503,-0.0370267692566758,-0.03822629969418956,0.10856269113149852,0.21406727828746175
2021-10-04,UOCT,27.82,1,0.30390349223884966,-0.17114973221030866,0.003953989935298274,0.012030913012221367,0.018864126527677882
2021-10-05,EOCT,24.9699,1,0.34492286998408767,-0.04789588497609068,0.005002022435011799,0.026231582825722244,0.012819434599257606
2021-10-05,IOCT,25.041,1,0.3199852455440865,-0.04758214172381349,6.788866259332949e-05,0.01433648815941857,0.020518349906153865
2021-10-05,NTRB,5.4086,1,0.30929060988675783,-0.04781912647387376,0.5372369929371741,0.03644196279998524,0.07606404614872608
2021-10-05,NTRBW,1.21,1,0.3113257225227033,-0.04725664234445866,1.4504958677685953,0.5702479338842974,0.615702479338843
2021-10-05,RISR,24.305,1,0.34000454676113645,-0.04796793055715791,0.05821847356511012,0.04478090927792633,0.040115202633203006
2021-10-05,SHOO,41.19,1,0.3126379657816246,-0.9982504259201094,0.014566642388929463,0.044671036659383434,0.08837096382617138
2021-10-06,AACIU,9.965,1,0.3023227678504623,-0.03788131530032003,-0.007526342197691882,-0.008529854490717415,-0.004515805318615174
2021-10-06,BFS,45.75,1,0.3273127392639073,-0.9975021036125297,0.030819672131147557,0.02841530054644803,0.07759562841530054
2021-10-06,EPR,51.64,1,0.3220418728735701,-0.9956748777177779,0.02091402013942667,0.010263361735089127,0.03718048024786991
2021-10-06,IVOV,80.92,1,0.3016342587071753,-0.9992033151093362,0.010237271379139878,0.038000494315373334,0.07087246663371238
2021-10-06,JOE,43.33,1,0.30275001186054556,-0.9984695740460304,0.017770597738287597,0.05700438495268867,0.08723747980613905
2021-10-06,OMF,57.0,1,0.3108497763676964,-0.9975777194545267,0.0008771929824560321,0.05771929824561406,-0.06000000000000005
2021-10-06,PEJ,51.8,1,0.31364572719533346,-0.9995656369493061,0.0028957528957529455,-0.004247104247104172,-0.004440154440154331
2021-10-07,AMPY,3.4,1,0.365853109362506,-0.9989174856232456,0.10882352941176476,0.18235294117647038,0.0117647058823529
2021-10-07,CION,11.8,1,0.31741940131834073,-0.04786034315462975,0.012711864406779627,0.0016949152542371504,0.09999999999999987
2021-10-07,DAT,40.66,1,0.3090412003259901,-0.22385097912940563,0.041072306935563185,0.06422774225282857,0.07738809640924749
2021-10-07,MCW,18.2,1,0.32547341328567597,-0.9965119576260276,-0.025274725274725296,-0.006593406593406681,0.0483516483516484
2021-10-07,SIBN,21.92,1,0.31923952086230567,-0.99794109740514,0.03239051094890488,0.013686131386861256,0.08439781021897796
2021-10-07,SOPH,16.73,1,0.3280550561112534,-0.997115358848111,-0.07949790794979084,0.01972504482964732,-0.05917513448894207
2021-10-07,TPAY,45.5121,1,0.2930076006301464,-0.9981475455933306,0.0003471604254694505,0.025445980299744653,-0.04398610479410969
2021-10-11,FCLD,25.255,1,0.3251282913658412,-0.04998891457110323,0.06021381904573353,0.07998416155216792,0.08493367649970307
2021-10-11,HESM,26.17,1,0.32348539673197063,-0.9983486948343484,0.009170806266717513,0.008024455483377713,-0.029423003439052464
2021-10-11,RVNU,28.89,1,0.3017710337129388,-0.349407110374352,0.002769124264451417,-0.0013845621322257085,0.008307372793354029
2021-10-11,SHAG,50.815,1,0.639736586655194,-0.025768513827582454,0.0001967922857424309,-0.0014759421430678987,0.0009288595887042561
2021-10-12,FDNI,40.683,1,0.3115776374946513,-0.9993935270387292,0.08595727945333431,0.05621512671140283,0.03950052847626773
2021-10-12,FDRV,25.69,1,0.34862607141495705,-0.035289134445513674,0.06033476060723997,0.07558193849746964,0.15648112105877776
2021-10-12,GIL,35.29,1,0.3214408264316846,-0.9961145333843976,0.05468971379994336,0.05100595069424774,0.18900538396146227
2021-10-12,KROP,65.73,1,0.3359985778019974,-0.9967637366234188,0.010953902327704323,-0.022592423550889973,0.009082610680054781
2021-10-12,NIO,35.51,1,0.31939461902721045,-0.9989993583570179,0.12728808786257395,0.13967896367220511,0.14446634750774434
2021-10-12,PINK,24.92,1,0.36267530535681836,-0.046718729021812955,0.01635634028892441,0.046805778491171735,0.061252006420545735
2021-10-12,RKLB,13.5,1,0.30381724057595383,-0.9969721396863938,-0.08444444444444443,-0.020740740740740726,0.09925925925925916
2021-10-13,GCC,21.06,1,0.31762594435831515,-0.9965916404061587,0.03418803418803429,-0.0009496676163343043,0.006647673314339908
2021-10-14,OFS,10.84,1,0.332695901050287,-0.9972697709541672,0.012915129151291671,0.017527675276752808,0.037822878228782386
2021-10-15,DEED,25.81,1,0.2967569672907179,-0.07879363328823097,-0.0011623401782253628,-0.0019372336303756788,-0.00038744672607504693
2021-10-15,KOSS,17.37,1,0.2990591875397759,-0.9981700088726836,-0.04605641911341396,-0.0685089234312033,-0.08232584916522745
2021-10-15,NTRB,6.8057,1,0.3320709550132234,-0.40143536388890466,-0.3828702411214129,-0.21158734590122974,-0.22417973169549055
2021-10-15,RIGS,24.69,1,0.31493787808355606,-0.4958615907144994,-0.0022276225192385812,-0.0004050222762252975,-0.0010571081409477268
2021-10-18,KC,28.76,1,0.32327988996888135,-0.9978957938153531,-0.006258692628650975,-0.14777468706536856,-0.19089012517385262
2021-10-19,DOW,59.19,1,0.3078169902131979,-0.9987842486116806,-0.008109477952356725,-0.012164216928535199,-0.005575266092245235
2021-10-20,CRSR,25.46,1,0.3264444589117827,-0.9993539088385018,-0.04595443833464263,0.031029065200314232,0.01217596229379403
2021-10-20,ISTR,18.68,1,0.3509294319426256,-0.9968569228562916,-0.013383297644539605,-0.008565310492505307,-0.03372591006423975
2021-10-20,LUCD,9.53,1,0.3083825791417482,-0.18915290619481145,-0.023084994753410193,0.0010493179433368471,-0.03567681007345225
2021-10-20,MARB,19.6632,1,0.30666559566818763,-0.19659814352235236,-0.00270556165832625,-0.0043990805158875546,-0.0033972089995525367
2021-10-21,GSIG,49.805,1,0.6395919121300215,-0.025875398421030746,0.0009035237425960574,0.0021082220660575413,-0.0023090051199678996
2021-10-21,MMSC,20.8308,1,0.4493086601743517,-0.04981994565929422,0.01997042840409402,0.07112544885458072,0.062465195767805515
2021-10-22,ALRS,30.43,1,0.32795404670378003,-0.9957853858302385,0.03187643772592841,0.21261912586263554,0.06769635228393045
2021-10-22,ASTL,11.54,1,0.36748814235047433,-0.04998198913110835,-0.017331022530329254,-0.01559792027729634,-0.06845753899480067
2021-10-22,IESC,48.95,1,0.2905692582848071,-0.9979509743114152,0.018386108273748647,0.08702757916241066,0.08641470888661895
2021-10-22,OCCIO,25.2502,1,0.3056969620375277,-0.7256445750896776,0.0039524439410381085,0.00989695131127677,0.00632866274326549
2021-10-22,SEATW,2.79,1,0.30262767194840134,-0.03803802158100954,0.30824372759856633,0.29032258064516125,0.1792114695340501
2021-10-25,MIR,10.5,1,0.3099387264834529,-0.048077944254728014,0.02190476190476187,0.06571428571428561,0.053333333333333455
2021-10-27,HYAC.U,9.99,1,0.4684159281580249,-0.11778873511182092,-0.009009009009009028,0.0010010010010010895,-0.00800800800800805
2021-10-27,VALU,31.96,1,0.2925818246431157,-0.9990174109318012,0.07790988735919901,0.25782227784730916,0.36420525657071345
2021-10-28,IBN,21.29,1,0.3590172957111714,-0.9966554582532977,-0.03381869422263972,-0.032409581963362966,-0.11601690934711129
2021-10-29,NSYS,10.395,1,0.3214328149329012,-0.9998655948226421,0.020683020683020636,-0.040885040885040747,0.019721019721019806
2021-10-29,SMIN,60.105,1,0.3278534138809164,-0.9949523600718467,0.03718492637883708,0.04700108144081194,-0.033025538640712115
2021-11-01,AX,53.92,1,0.29603362939066846,-0.9993607226234907,0.11628338278931749,0.10979228486646897,0.04988872403560829
2021-11-01,MINO,49.37,1,0.3151832694386738,-0.14565552745072397,0.00506380392951189,0.009317399230301726,0.011140368644926069
2021-11-01,NYF,57.55,1,0.45993558729031747,-0.6130100872949567,0.00486533449174642,0.005777584708948735,0.007124239791485687
2021-11-01,PREF,20.46,1,0.5115560342144966,-0.034691462778867053,0.0029325513196480912,-0.0009775171065493637,-0.01319648093841641
2021-11-01,SHY,85.8,1,0.6398751751585453,-0.025587192259973513,0.0010489510489510856,-0.00034965034965039887,-0.00011655011654998493
2021-11-01,SNFCA,7.4454,1,0.3155039416583634,-0.9960895189437815,0.06299191447067987,-0.014357858543530333,-0.018776694334757038
2021-11-01,WSBC,35.31,1,0.3255146406786216,-0.9998437036614977,0.014443500424808686,0.011611441517983545,-0.07816482582837736
2021-11-02,NOA,16.65,1,0.3159106531827484,-0.9984512044669219,-0.023423423423423295,-0.06006006006005993,-0.1711711711711711
2021-11-02,SLQD,51.38,1,0.2967256206015132,-0.11908922295789663,0.0011677695601399751,-0.00321136629038532,-0.006617360840794118
2021-11-03,ECC,14.59,1,0.3305082768523912,-0.9987965130116441,0.0006854009595613775,0.042494859492803405,0.03838245373543536
2021-11-04,BTBT,11.58,1,0.3029714073082597,-0.9993063095378001,0.025043177892918767,-0.15975820379965455,-0.2884283246977547
2021-11-04,CMPX,3.5,1,0.34929389879310213,-0.04982444643809465,0.02571428571428558,0.10571428571428565,-0.07428571428571418
2021-11-04,CNK,20.43,1,0.3185096528460423,-0.9996801009674192,0.0401370533529124,-0.06558981889378368,-0.24522760646108666
2021-11-04,LTC,32.46,1,0.33221606876218196,-0.9973859446843951,0.06592729513247075,0.057917436845348114,-0.01201478743068396
2021-11-04,NFG,57.74,1,0.31678866929924204,-0.9996826668738062,0.04450987183927957,0.030135088326982862,0.04849324558365087
2021-11-04,SURG,3.49,1,0.3083590915571292,-0.049837646595898205,-0.11461318051575942,-0.3237822349570202,-0.3610315186246419
2021-11-04,TKC,4.38,1,0.30804270076387685,-0.7316500139237548,0.011415525114155223,-0.06621004566210043,-0.1552511415525114
2021-11-04,YMM,14.32,1,0.33740696509792545,-0.9972820863663957,0.1515363128491618,0.0460893854748603,-0.24371508379888274
2021-11-05,ACIW,32.35,1,0.3190423204311734,-0.9954121770794064,0.08655332302936625,0.01731066460587316,-0.021020092735703266
2021-11-05,SKE,11.05,1,0.3128046564491601,-0.03746314527395295,0.05339366515837107,-0.057013574660633504,-0.1701357466063349
2021-11-08,KROP,67.02,1,0.3417237234104142,-0.9938271742294493,-0.026911369740376,-0.06266786034019689,-0.10061772605192476
2021-11-08,MRCC,10.5,1,0.32595106595660756,-0.9970868035308771,0.02571428571428558,0.11523809523809536,0.07619047619047636
2021-11-08,PFIG,26.74,1,0.3016748442969345,-0.34610975019538026,-0.008975317875841382,-0.012902019446522028,-0.009349289454001486
2021-11-09,AVSF,49.74,1,0.6397575480640354,-0.025707935084949195,-0.005327704061117822,-0.007539203860072341,-0.007038600723763611
2021-11-09,CXE,5.19,1,0.445441169014988,-0.03953482877902747,-0.013487475915221592,-0.026974951830443294,-0.04238921001926799
2021-11-09,DSACW,1.285,1,0.32850891126604326,-0.8577142394732085,0.04280155642023353,0.12840466926070038,0.08949416342412442
2021-11-09,IBDR,26.34,1,0.2919025328463061,-0.1278678710172229,-0.009491268033409272,-0.012908124525436548,-0.012908124525436548
2021-11-09,IBTH,25.3328,1,0.29520629150528654,-0.42362981506233377,-0.009979157455946464,-0.013334491252447345,-0.00859754942209312
2021-11-09,IMMR,7.06,1,0.3473140771060532,-0.9961542004458186,0.03966005665722383,-0.18130311614730865,-0.1841359773371105
2021-11-09,UFCS,22.68,1,0.3054759190728989,-0.9991468694959204,-0.03791887125220461,0.003527336860670305,0.013668430335096904
2021-11-10,AAOI,5.75,1,0.292038956621321,-0.9984952677290968,0.045217391304347876,0.04869565217391303,0.03130434782608682
2021-11-10,ACGL,41.76,1,0.30648403763549387,-0.9991163476137925,0.009339080459770166,0.04861111111111116,0.04094827586206895
2021-11-10,CCL,23.49,1,0.34779956826246716,-0.9952029368051726,-0.09195402298850575,-0.14176245210727967,-0.18305661983822896
2021-11-10,CNTY,14.93,1,0.3107586149629918,-0.9970160398111613,0.023442732752846585,-0.016075016744809156,-0.08707300736771595
2021-11-10,CUK,21.65,1,0.33574192837988914,-0.99778619119445,-0.09237875288683606,-0.1418013856812933,-0.18706697459584287
2021-11-10,CVRX,18.54,1,0.3049927560637357,-0.9982169593498015,-0.1903991370010787,-0.28748651564185534,-0.39104638619201726
2021-11-10,DEI,36.07,1,0.35469459693830196,-0.9990442257492489,-0.00249514832270592,-0.016911560853895224,-0.06515109509287498
2021-11-10,DIAL,21.33,1,0.29726144795617765,-0.25065108679181797,-0.0046882325363336586,-0.01312705110173451,-0.004922644163150358
2021-11-10,GOGO,15.08,1,0.31545238281326543,-0.9990278543285975,-0.05371352785145889,-0.12002652519893897,-0.10543766578249336
2021-11-10,HTAB,21.5081,1,0.302536051592893,-0.1663156128913593,0.00221776911954108,0.00032080936949352434,-0.002468837321753181
2021-11-10,IBD,25.95,1,0.3105553629160541,-0.4245779529941788,-0.003468208092485492,-0.007321772639691582,-0.005394990366088703
2021-11-10,MLKN,39.6,1,0.3234323559387604,-0.3888615474634874,0.03686868686868694,0.03888888888888897,0.01717171717171717
2021-11-10,MNR,21.04,1,0.31388640594669903,-0.9973746822698147,-0.008555133079847899,-0.009505703422053147,-0.005703422053231821
2021-11-10,NCLH,26.73,1,0.34649676824702746,-0.9985218847306527,-0.10213243546576878,-0.15338570894126458,-0.19902731013842123
2021-11-10,NXDT,14.27,1,0.33226085994526094,-0.0462821424532746,0.010511562718990897,-0.02452697967764539,-0.07217939733707068
2021-11-10,OHI,28.76,1,0.35987860831732565,-0.999639512344313,0.023991655076495144,0.014603616133518793,-0.01356050069541026
2021-11-10,OVB,25.905,1,0.33091251944931177,-0.9463283785843138,-0.0005790387955992848,-0.0045242231229492,0.0005520169851378487
2021-11-10,PBYI,3.6,1,0.33325470484941044,-0.9965516000205188,-0.025000000000000133,-0.033333333333333326,-0.13055555555555565
2021-11-10,PEJ,51.79,1,0.3178332671733646,-0.9973326763591747,-0.02761150801312995,-0.05908476539872565,-0.08631009847460902
2021-11-10,SIFI,49.2435,1,0.4994265645873931,-0.2800984661809262,-0.0033405424066119682,-0.00941240975966362,-0.004804695035892981
2021-11-11,CMTG,16.64,1,0.3140417488045866,-0.03879899754099625,0.07271634615384626,0.02524038461538458,0.03425480769230771
2021-11-11,FNWD,46.59,1,0.32996577635890717,-0.26965891842694056,0.030264005151319884,-0.021978965443228193,0.06782571367246182
2021-11-11,REAX,2.94,1,0.31237541123219814,-0.3235270803913995,0.15646258503401356,0.2755102040816326,0.20068027210884343
2021-11-11,SLNHP,24.9,1,0.3077246501515438,-0.038048247014679015,-0.014056224899598346,-0.01987951807228905,-0.1193855421686747
2021-11-11,SREA,27.47,1,0.33274379080791605,-0.9977644864382049,-0.005824535857298918,-0.021842009464870693,-0.007280669821623564
2021-11-12,HFGO,19.9014,1,0.31869512232722863,-0.04754512332575102,-0.01152682725838372,-0.039665551167254565,-0.08523018481111866
2021-11-12,JPIE,50.46,1,0.31839485743134577,-0.03719176425190175,-0.0015854141894570128,-0.008422512881490318,-0.0068370986920333054
2021-11-12,MWA,14.66,1,0.3301516644574705,-0.9965184796003868,-0.0034106412005457942,-0.044338335607094104,-0.05525238744884042
2021-11-12,RCEL,16.55,1,0.31488577503940607,-0.9999375152025469,-0.09425981873111788,-0.16072507552870086,-0.25377643504531733
2021-11-12,RMAX,31.37,1,0.329892858453919,-0.9955036574478525,-0.022314313037934297,-0.13324832642652218,-0.06853681861651262
2021-11-15,BAK,17.82,1,0.32139746694050314,-0.9980546633445863,-0.0572390572390572,-0.00729517396184054,0.02413019079685741
2021-11-15,GDOC,38.8144,1,0.33943239421302773,-0.04616568913697276,-0.0228909889113319,-0.05370171894966824,-0.07373552083762736
2021-11-15,NIM,10.65,1,0.29567918178612235,-0.6804293899558939,0.030516431924882514,0.032863849765258246,-0.012206572769953072
2021-11-15,USO,56.07,1,0.29229230444553717,-0.9997663396324318,-0.028892455858748,-0.14553237025147148,-0.09184947387194575
2021-11-15,USOI,111.6,1,0.2975084060352932,-0.9987944873756064,-0.048387096774193505,-0.1577060931899641,-0.10573476702508955
2021-11-16,BTBD,4.08,1,0.3131940521637549,-0.04960771665960348,0.014705882352941124,0.026960784313725616,0.002450980392156854
2021-11-16,CHAU,39.1544,1,0.3092321673076853,-0.9969590954390584,0.005251006272602776,-0.024375293709008483,0.043305477800706926
2021-11-16,ECNS,53.165,1,0.31892438407388335,-0.9970629387753578,-0.02482836452553372,-0.045780118499012534,-0.13497601805699244
2021-11-16,OMAB,51.14,1,0.2907509990472577,-0.9999080426277226,-0.028157997653500133,-0.10422369964802503,0.0005866249511146115
2021-11-16,SD,13.72,1,0.33309140708893364,-0.9962881625485109,-0.11880466472303208,-0.26895043731778434,-0.2696793002915453
2021-11-16,SMRT,10.9,1,0.3462497674091621,-0.9962724538680294,-0.1403669724770643,-0.007339449541284404,0.04954128440366956
2021-11-17,CET,41.52,1,0.3408733170191185,-0.9963979979532079,-0.009874759152215917,-0.0329961464354529,0.012283236994219626
2021-11-17,GAM,43.88,1,0.3121087664395992,-0.9972722803210269,-0.010255241567912576,-0.03350045578851424,-0.0216499544211487
2021-11-17,GJH,11.0,1,0.3246836486994857,-0.7320447544942157,-0.006490909090909103,-0.009090909090909038,-0.040909090909090895
2021-11-17,HEPS,3.29,1,0.30342833023471366,-0.9975411802187681,-0.1306990881458967,-0.28875379939209733,-0.3799392097264438
2021-11-17,KRT,20.96,1,0.3206163442893816,-0.9993427167868002,0.025286259541984712,0.014312977099236734,-0.13692748091603058
2021-11-18,SAEF,24.6181,1,0.3396013793900987,-0.04581339427405359,-0.03253297370633801,-0.04913864189356609,-0.04041335440184246
2021-11-18,TKNO,24.72,1,0.32220949842961777,-0.9992866571899826,-0.15129449838187692,-0.21885113268608414,-0.22330097087378642
2021-11-19,CUBE,54.82,1,0.3216179390628575,-0.9991812955071434,0.0023713973002554845,-0.007661437431594309,0.019700839109813906
2021-11-19,FENG,7.2,1,0.33390765612139517,-0.9957045714194173,-0.1166666666666667,-0.2416666666666667,-0.3028333333333334
2021-11-19,TDUP,19.44,1,0.2996902858467434,-0.9973981790073841,-0.048353909465020606,-0.19855967078189307,-0.3369341563786008
2021-11-22,DFCF,49.9749,1,0.3431604328971457,-0.03828258245175084,0.007505767895483517,0.005304662940796456,0.0036118131301914325
2021-11-22,EFSCP,25.5,1,0.32393822669487565,-0.04681432298266319,-0.01176470588235301,-0.009019607843137267,-0.009015686274509882
2021-11-22,MSMR,24.99,1,0.3156798722696526,-0.03906241316447307,-0.013453381352540927,-0.01394957983193268,-0.012993197278911572
2021-11-22,WFCF,15.0,1,0.35484318588923636,-0.9969615018292878,0.024666666666666615,0.03333333333333344,0.015333333333333421
2021-11-23,QGEN,58.162,1,0.31923056320708193,-0.9970135851524661,-0.011667411712114384,-0.0016402462088648262,0.011667411712114495
2021-11-24,ADX,19.3,1,0.33674976450981037,-0.9971274644186955,-0.025906735751295318,-0.00984455958549224,-0.0015544041450777923
2021-11-24,BGH,16.89,1,0.33650839774764557,-0.9961728977695559,-0.01657785671995271,-0.01657785671995271,-0.011841326228537508
2021-11-24,MEGI,20.18,1,0.317296557703055,-0.07824362795116166,-0.00594648166501488,-0.008919722497522264,-0.061446977205153575
2021-11-24,NMAI,18.15,1,0.3489972643244874,-0.04953656609827983,0.02975206611570269,0.007162534435261936,0.006611570247933907
2021-11-26,ATLCL,25.0,1,0.3048165797157063,-0.04760649910366998,0.028000000000000025,0.018199999999999994,0.016000000000000014
2021-11-26,BBU,47.31,1,0.30277628392298794,-0.9978967206207975,-0.05094060452335669,-0.008666243923060701,-0.02874656520820118
2021-11-26,BUFG,19.92,1,0.30842809455671716,-0.03943718181006428,-0.010773092369477988,0.014558232931726867,0.02259036144578319
2021-11-26,BUFT,19.9217,1,0.2944753871476095,-0.03901260734089418,-0.005606951214002898,0.006691196032466928,0.009953969791734574
2021-11-26,DNOV,34.81,1,0.3029710798597406,-0.9998318681057042,-0.008330939385234104,0.00854639471416263,0.015512783682849696
2021-11-26,EAI,25.33,1,0.4896500541738464,-0.998977053776472,-0.001973943939991951,0.0,-0.001973943939991951
2021-11-26,SCD,14.47,1,0.32625653819212386,-0.9988635535185797,-0.029025570145127855,0.0027643400138215313,0.01520387007601931
2021-11-29,DFEB,34.99,1,0.32003654487547545,-0.9995138350290613,-0.004572735067162159,0.0014289797084880984,0.00657330665904543
2021-11-29,IGA,10.28,1,0.3170743416951604,-0.7427148085966778,-0.02237354085603105,-0.024319066147859947,0.023346303501945442
2021-11-29,JOF,8.11,1,0.33530330267543706,-0.9955913763394326,0.0036991368680643344,0.01233045622688067,-0.025893958076448675
2021-11-29,PSCW,21.75,1,0.31829591452440575,-0.6154676189332541,-0.0013333333333332975,0.0052735632183906755,0.011264367816091969
2021-11-29,UAPR,26.0874,1,0.30922186530203005,-0.7138834031079542,-0.00322761179726605,0.0025222904543955593,0.006807884265967568
2021-11-29,UCON,26.37,1,0.29803657293670066,-0.07836542562559903,-0.0011376564277588708,-0.0003792188092529569,0.0
2021-11-29,UJUL,27.4799,1,0.30736977599858384,-0.4956455817941184,-0.004505111008409779,0.0009170339047812615,0.005527676592709474
2021-11-29,YSEP,19.5232,1,0.404676529524969,-0.5156856884221884,0.0002612276675955094,0.003928659236190901,0.02201483363383061
2021-11-30,AGZD,23.275,1,0.2934447391692621,-0.11264838179252003,0.0038668098818475105,0.003222341568206444,0.0038668098818475105
2021-11-30,BHFAM,25.24,1,0.33565537347666824,-0.03489013436170787,0.006339144215530945,-0.007923930269413626,0.0
2021-11-30,BXMX,14.62,1,0.31682627631244603,-0.9978252711014982,-0.001367989056087482,-0.01983584131326943,0.024623803009576006
2021-11-30,ECCC,25.0,1,0.30837556938382876,-0.9972169388871819,0.007200000000000095,0.010772000000000004,0.010000000000000009
2021-11-30,ELC,25.34,1,0.3342743274786204,-0.9881227213356685,-0.0013812154696132284,-0.003551696921862635,-0.0047355958958169575
2021-11-30,RXRX,19.12,1,0.3166045863411269,-0.9953307654936006,0.08368200836820061,-0.026150627615062705,-0.11506276150627615
2021-11-30,SZZLU,10.21,1,0.2912925230880878,-0.038938747139413483,-0.0009794319294810228,-0.01175318315377094,-0.007835455435847183
2021-12-01,EEMS,59.74,1,0.3239197856221958,-0.9987052975978161,0.03063274188148646,-0.011550050217609686,0.011215266153330905
2021-12-01,HBCP,40.51,1,0.3221963206763404,-0.999501837187827,0.011848926191063924,0.036781041718094265,0.025425820784991338
2021-12-01,IMOS,33.1,1,0.311397506739699,-0.9990857461506992,0.02447129909365553,-0.007250755287009136,0.06314199395770381
2021-12-01,KFFB,7.25,1,0.3210547592706606,-0.995966941142994,0.0041379310344829,0.05517241379310356,0.04137931034482767
2021-12-01,NFTY,47.68,1,0.3422608063355444,-0.9967171096808157,0.010171979865771785,-0.01992449664429541,0.006082214765100735
2021-12-01,NSSC,23.405,1,0.2989456308558398,-0.9964013395033696,0.05041657765434726,0.07840205084383656,0.04828028199102752
2021-12-01,OFG,23.84,1,0.31726323819245034,-0.9989596923208435,0.05159395973154357,0.023909395973154446,0.12625838926174504
2021-12-01,QGEN,57.4834,1,0.3167292229702586,-0.9998042984085979,0.01014553766826598,0.03135861831415676,0.023243231959139354
2021-12-01,RVI,5.98,1,0.292259420987287,-0.9983433415407809,0.03678929765886285,0.013377926421404451,0.0852842809364549
2021-12-01,WAFD,32.06,1,0.3322448206883078,-0.9991758976180974,0.040860885839051564,0.031191515907673217,0.037117903930131035
2021-12-02,ITUB,3.5834,1,0.32985921150534736,-0.9964371173200655,-0.04434336105374781,-0.05665010883518451,-0.07635206786850479
2021-12-02,SPFF,11.68,1,0.44544866632530394,-0.0793727685187881,-0.0042808219178080975,-0.0008561643835616195,0.0034246575342467
2021-12-02,WOMN,35.0832,1,0.3374788350705684,-0.9999274723915377,0.018427623477903943,0.014160623888356927,0.002189081953755556
2021-12-02,XFLT,45.8,1,0.3275519618461163,-0.9990398585970278,-0.012008733624454093,-0.07205240174672478,-0.026200873362445365
2021-12-03,CDROW,1.08,1,0.2918383436721094,-0.04911082260399395,0.11111111111111094,-0.07407407407407418,-0.02777777777777779
2021-12-03,FDEC,34.04,1,0.2989736715949177,-0.9978878412832857,0.007911280846063518,0.007931844888366735,0.03055522914218578
2021-12-03,GIG,9.75,1,0.3014645105916398,-0.1420949238529671,0.017948717948718107,0.017435897435897463,0.019487179487179374
2021-12-03,HHS,7.7,1,0.30160438622511,-0.048428908911763976,0.060389610389610215,0.045454545454545414,0.006272727272727208
2021-12-03,STRRP,9.8997,1,0.3077992956499813,-0.9978267430154346,0.020586482418659235,0.020232936351606723,0.020232936351606723
2021-12-03,XEL,65.17,1,0.3135353292233139,-0.9957727281317564,0.02056160810188734,0.0280804050943686,0.04250421973300589
2021-12-06,ROIV,9.0,1,0.3295901263518075,-0.9964418061561302,-0.0822222222222222,0.5022222222222221,0.05666666666666664
2021-12-07,SBGI,25.06,1,0.34644377509687363,-0.9966952491667751,0.032322426177174846,0.07781324820430968,0.036711891460494916
2021-12-07,TWLVU,9.94,1,0.29485157399303663,-0.07009260892123348,-0.005030181086518981,-0.004024144869215207,-0.011921529175050183
2021-12-08,FTXO,33.41,1,0.32724345524427756,-0.9988078636116353,-0.02334630350194533,-0.027835977252319677,0.07152948219096089
2021-12-08,HBCP,40.99,1,0.3170200042837998,-0.9990830124392257,0.024640156135642854,0.017077335935594018,0.0724566967553062
2021-12-08,OBT,19.25,1,0.31688478380641016,-0.9984465792916868,0.001948051948051921,0.02467532467532485,0.05194285714285707
2021-12-08,PIIIW,1.32,1,0.29040423055390024,-0.049888734358017425,0.18181818181818188,-0.1742424242424242,-0.5075757575757576
2021-12-09,OGCP,8.6702,1,0.4096930200751975,-0.9961205846425347,-0.021937210214297176,0.04380521787271352,-0.0011764434499780263
2021-12-09,UBSI,36.04,1,0.33236779646534215,-0.9981799175717018,-0.028301886792452713,0.0,0.07907880133185352
2021-12-09,UTL,44.06,1,0.31572622197181155,-0.9967419027685689,0.03381752156150686,0.02246935996368582,0.0680889695869269
2021-12-09,WLTG,25.5748,1,0.33115395502839284,-0.04581163302251777,-0.0006060653455745024,0.005055758011792921,-0.007921860581509899
2021-12-10,BZFDW,0.7898,1,0.29312826404935505,-0.03973569258660792,-0.2655102557609521,-0.3152696885287415,-0.492149911369967
2021-12-10,CRGY,16.0,1,0.3547915875677003,-0.047668552340820416,-0.17000000000000004,-0.1975,-0.15125
2021-12-10,CVGW,40.08,1,0.3090554715002255,-0.9968078503170795,0.038922155688622784,0.0706087824351298,0.07185628742514982
2021-12-10,FLNG,21.4,1,0.3395570616835675,-0.9955696930724687,-0.03317757009345779,0.06915887850467284,0.10747663551401865
2021-12-10,FNWD,49.8,1,0.33237552527364006,-0.9974826422643644,-0.08253012048192765,-0.0172690763052209,-0.08634538152610438
2021-12-13,NRSNW,1.148,1,0.30439753116659,-0.049103369294118064,-0.259581881533101,-0.41637630662020897,-0.2600174216027874
2021-12-13,RITA,25.3599,1,0.3342187993990755,-0.04523448192943028,-0.0017468523140864445,0.02731477647782521,-0.013769770385529956
2021-12-13,VRA,8.49,1,0.34284304179539254,-0.9947664309011764,-0.0624263839811543,-0.012956419316843326,-0.04711425206124853
2021-12-13,WTAI,24.4588,1,0.3298609724217285,-0.0474949815227451,-0.03265900207696204,0.011075768230657257,-0.02570853844015253
2021-12-14,HOFT,23.18,1,0.33229156127525195,-0.9978545344460189,-0.0371009490940466,-0.0172562553925798,-0.00690250215703192
2021-12-14,IINN,3.17,1,0.30333684336350947,-0.9966824581691025,0.06624605678233442,0.18296529968454256,0.05047318611987395
2021-12-14,LION,9.85,1,0.29079723240231464,-0.0391215937238517,-0.0020304568527917954,0.0030456852791880262,0.0030456852791880262
2021-12-14,MOTG,38.6898,1,0.3040481498258638,-0.048307299067997286,-0.04945489508862788,-0.025836266923065065,-0.0137788254268566
2021-12-15,VNAM,26.1862,1,0.326602573104888,-0.03603163124165442,0.009692127914703308,0.015802216434610772,0.009692127914703308
2021-12-16,EWZ,28.62,1,0.3268421171401772,-0.9986441046303727,-0.03039832285115307,-0.019217330538085275,0.01712089447938503
2021-12-16,IEMG,59.11,1,0.3318601620597766,-0.9964772970856629,0.00744374894264932,0.012688208424970426,0.035019455252918386
2021-12-16,ILF,23.45,1,0.3432597302273199,-0.9963851436438251,-0.01364605543710018,0.0004264392324093702,0.0579957356076759
2021-12-16,KWT,32.65,1,0.3568656069895877,-0.9948824250639348,0.018725880551301755,0.015313935681470214,0.07274425727411948
2021-12-17,BWX,28.34,1,0.3398052563049559,-0.9954682951440704,-0.0028228652081861982,-0.014467184191954807,-0.019760056457304165
2021-12-17,MBND,29.74,1,0.292746559015725,-0.11986233666511953,0.0005043712172159154,-0.0010087424344316087,-0.013281775386684624
2021-12-17,TDTT,26.16,1,0.3011513768434638,-0.4796794334718189,0.00248470948012236,0.006498470948012258,-0.00420489296636084
2021-12-20,AHG,1.94,1,0.2901224083737469,-0.04976872812619598,-0.015463917525773252,-0.09278350515463918,-0.27835051546391754
2021-12-20,AROW,32.463,1,0.33734775469100503,-0.9985246231247232,0.027874811323660653,0.03397098234913609,0.040070233804639255
2021-12-20,AVNS,32.25,1,0.32842126323116605,-0.9998228254170028,0.05953488372093019,0.1091472868217056,-0.018604651162790753
2021-12-20,GFGF,24.1487,1,0.32730868845762046,-0.04781110868686402,0.05471516065046966,0.05637156451485992,-0.011321520413107189
2021-12-20,IIGD,26.17,1,0.29275029028166466,-0.07925403967286576,0.00038211692777978534,-0.0019105846388994818,-0.013374092472296595
2021-12-20,QULL,35.1988,1,0.3176498959745482,-0.9977310380248008,0.09222473493414562,0.08148005045626561,-0.05962703273975245
2021-12-20,SOR,41.54,1,0.3518161693407629,-0.998090834248768,0.030572941742898596,0.05440539239287423,0.03273952816562353
2021-12-21,JHPI,25.3,1,0.31791223554595716,-0.03906787584745006,-0.0017786561264823142,-0.0026640316205532866,-0.002584980237154144
2021-12-21,SSSSL,25.49,1,0.3013594560272121,-0.049167984209999634,-0.0001765398195370249,0.0035307963907413864,-0.0003923107100822776
2021-12-22,IDNA,45.4159,1,0.34782287248801275,-0.9973541731017828,-0.022148630765877253,-0.12497605464165629,-0.23396872020591908
2021-12-23,CMC,35.08,1,0.3032576918361885,-0.9993006634012052,0.03449258836944136,0.015108323831242831,0.0048460661345497424
2021-12-23,IPKW,39.54,1,0.3311848513001119,-0.9962767928982007,0.00758725341426425,0.026277187658067858,-0.015174506828528056
2021-12-23,LOPP,29.4885,1,0.3416657267068652,-0.9934384659421973,0.0008918731030742588,-0.01394441901080068,-0.06883361310341318
2021-12-23,NBN,35.15,1,0.2988980064197433,-0.999096475104005,0.016500711237553256,0.05547652916073975,0.029871977240398362
2021-12-23,SMBK,27.8,1,0.32303165108610526,-0.9985625672765897,-0.015827338129496438,0.016906474820143735,0.012230215827338187
2021-12-23,SPFI,26.9,1,0.3102396594425887,-0.9980900931007353,0.03382899628252778,0.07174721189591082,0.08884758364312262
2021-12-27,B,46.41,1,0.29035229453110944,-0.9993654119656966,0.019392372333548957,0.016591251885369696,-0.014436543848308392
2021-12-27,COM,29.34,1,0.3283584443162857,-0.9961318737503184,-0.00749829584185413,-0.004089979550102263,0.02862985685071573
2021-12-27,CTMX,4.23,1,0.315518598673188,-0.9974296619839795,0.06146572104018899,-0.07092198581560294,0.033096926713947816
2021-12-27,JMIA,11.96,1,0.3228194684098273,-0.9963212068750336,0.0008361204013378476,-0.1429765886287626,-0.3369565217391305
2021-12-27,LPCN,17.68,1,0.30584829785931844,-0.9981572294599758,0.04807692307692313,-0.019230769230769273,-0.09778846153846155
2021-12-27,NXGL,3.15,1,0.3656366571405561,-0.04878778527171075,-0.10952380952380947,-0.12253968253968262,-0.14920634920634912
2021-12-27,STWD,24.99,1,0.34572017710733083,-0.9954941414476108,-0.0100040016006403,-0.003201280512204807,-0.0356142456982792
2021-12-27,YELP,37.21,1,0.3159737434063888,-0.9997801171698232,-0.007793603869927446,-0.039505509271701156,-0.11233539371136791
2021-12-28,BLDG,31.5238,1,0.36111367231884195,-0.9945233296377546,0.01488399241208227,-0.0024806654020137486,-0.049461042133245425
2021-12-28,BPACU,10.25,1,0.30726749876739157,-0.039339037188125286,-0.023414634146341484,-0.024390243902439046,-0.024390243902439046
2021-12-28,MCBS,27.59,1,0.32261357031847004,-0.9964432760530166,0.0344327654947445,0.024284160927872556,-0.06777818050018125
2021-12-29,AIO,24.67,1,0.34710232279187037,-0.9946098692659248,-0.008917713822456541,0.05350628293473836,-0.13133360356708557
2021-12-30,BEPI,25.91,1,0.3176956683722824,-0.03948953825740184,-0.006947124662292525,-0.01813971439598605,-0.07950598224623695
2021-12-30,OLMA,9.4,1,0.29409155746928384,-0.9999171533327336,-0.19042553191489364,-0.3021276595744682,-0.37446808510638296
2021-12-30,TGTX,19.35,1,0.3036555460679673,-0.9981115796070569,-0.07183462532299745,-0.20361757105943157,-0.4971576227390181
2021-12-31,AURA,16.98,1,0.3219387696918016,-0.9973922498340437,-0.002944640753828054,-0.034157832744405314,0.0747938751472319
2021-12-31,EMP,25.38,1,0.3431660294947943,-0.997061870308762,-0.008668242710795804,0.00039401103230907175,-0.0011820330969266601
2021-12-31,ICAP,30.3443,1,0.32454568888381014,-0.046566909466789666,0.024093487079945852,0.03622756168374286,0.0009326298514054088
2021-12-31,IGIB,59.27,1,0.32071485645687847,-0.9989803897483844,-0.015016028344862486,-0.017884258478150894,-0.024464315842753548
2021-12-31,RLY,27.0,1,0.34082772646867004,-0.9949184426067421,0.018148148148148024,0.03962962962962968,0.03037037037037038
2022-01-03,CALM,37.7,1,0.29032722572865727,-0.9997948377778856,0.06259946949602124,0.10875331564986723,0.038992042440318286
2022-01-03,CVAR,25.7543,1,0.3348990297646378,-0.03848037985599874,0.01704958007012425,0.017336910729470523,0.0025898587808637075
2022-01-03,HCRB,40.4177,1,0.33406026927422905,-0.9961393038930102,-0.009978301585691463,-0.018677460617501862,-0.01746017215229967
2022-01-03,MLAC,10.03,1,0.3027577976704592,-0.07137593364642669,0.0,0.0,0.003988035892323216
2022-01-03,PTIN,29.03,1,0.30030520215093875,-0.9965172993985353,-0.016190148122631864,-0.015845676885980042,-0.04133654839820888
2022-01-03,RAAX,24.8494,1,0.3467663734967583,-0.9936467334326943,-0.003195248175006271,0.010889598944038958,0.01048717474063765
2022-01-03,SSFI,24.7255,1,0.30742442669533254,-0.3308836027776916,-0.010106974580898265,-0.01649713858162627,-0.014721643647246818
2022-01-03,TSI,5.68,1,0.2906070898841286,-0.20226688868173617,-0.021126760563380254,-0.014084507042253502,-0.04401408450704225
2022-01-04,FPI,12.05,1,0.32635824800101304,-0.9979187581947493,-0.014937759336099754,-0.025726141078838194,-0.053941908713692976
2022-01-04,PPI,12.905,1,0.3265673820182504,-0.03644349306533669,0.026733824099186343,0.012398295234405277,0.018597442851608026
2022-01-04,TMFS,36.115,1,0.32371823378613995,-0.047863672840022305,-0.04744842863076282,-0.11564723798975496,-0.1250145368960266
2022-01-04,TMFX,19.63,1,0.3370761001909853,-0.04528577399464721,-0.031074885379521078,-0.0983188996434029,-0.09626082526744772
2022-01-05,EFSI,34.95,1,0.3027673750768599,-0.04968691211908185,0.008583690987124415,0.0,0.030042918454935563
2022-01-05,OBTC,12.285,1,0.3079811094938131,-0.03986356173979634,-0.01505901505901508,-0.0752950752950754,-0.20227920227920226
2022-01-05,OZKAP,24.75,1,0.31075101787700066,-0.27545138189812507,0.016161616161616044,0.008711111111111114,-0.0515151515151514
2022-01-05,TMFE,19.2976,1,0.32306489309330155,-0.03932910545050342,-0.009602230329159966,-0.05988827626233306,-0.06416860127684265
2022-01-05,TPCS,8.02,1,0.31820655405515663,-0.03765174858012074,-0.03990024937655856,-0.1271820448877805,-0.11720698254364081
2022-01-05,XBJA,24.528,1,0.2970943055660952,-0.049525842382586435,0.004317514677103729,-0.027539954337899575,-0.029553979125896856
2022-01-06,CMSD,26.73,1,0.34741596768594635,-0.9958055649521415,0.005237560793116325,0.0037411148522259463,-0.021324354657688005
2022-01-06,EAI,25.44,1,0.3274050501131418,-0.9962608250938557,-0.0015723270440252124,-0.0033411949685534514,-0.009827044025157217
2022-01-06,MDRR,16.96,1,0.31070432193844044,-0.9972407811600262,-0.037735849056603765,-0.037735849056603765,-0.05660377358490576
2022-01-06,WSR,10.37,1,0.36999713351340846,-0.9954526669355992,-0.0067502410800384105,-0.005785920925747257,-0.03182256509161041
2022-01-07,ACFN,9.688,1,0.298655873739612,-0.0382740401431576,-0.008257638315441795,-0.025598678777869588,0.007431874483897483
2022-01-07,FCNCO,26.98,1,0.32358739398261904,-0.047902605863126786,-0.009080800593031957,-0.02186805040770945,-0.06708673091178641
2022-01-10,DAVEW,0.6501,1,0.2941267080566378,-0.04960725479409941,-0.24626980464543924,-0.07429626211352103,0.6382095062298108
2022-01-10,LFACU,10.1,1,0.3059989469113097,-0.037437301405046,0.0,-0.008910891089108919,-0.00544554455445545
2022-01-10,VERI,19.72,1,0.32197382352635656,-0.997638514217524,-0.13032454361054768,-0.2444219066937119,-0.10243407707910746
2022-01-11,ATHE,9.001,1,0.3066335321818987,-0.9993842909572535,-0.09676702588601249,-0.11643150761026544,0.07760248861237651
2022-01-11,JMSB,20.2,1,0.3154666968272468,-0.03754429217985125,0.08910891089108919,0.06435643564356441,0.06435643564356441
2022-01-11,TGEN,1.32,1,0.2964678606598882,-0.0387431823825691,-0.1287878787878789,-0.20454545454545459,-0.16666666666666663
2022-01-13,CABA,3.37,1,0.29503534584476565,-0.9998825948687344,-0.1543026706231454,-0.18100890207715148,-0.10089020771513357
2022-01-14,ESIX,30.0496,1,0.32751615306971965,-0.03649905181321579,-0.05286260050050595,-0.06329202385389499,-0.062190511687343575
2022-01-14,REAL,10.67,1,0.3124809626697604,-0.9996623167748832,-0.09184629803186506,-0.11433926897844426,-0.1387066541705717
2022-01-18,FHYS,25.075,1,0.2976350816219925,-0.03816530927665608,-0.005583250249252214,-0.011573280159521415,-0.028267198404785643
2022-01-18,JMBS,51.85,1,0.3125195699110777,-0.436419717927727,0.004821600771456103,0.0019286403085825299,-0.01369334619093543
2022-01-18,LFACW,0.43,1,0.29385001551346246,-0.03913926525631781,-0.11627906976744184,-0.20930232558139528,-0.3023255813953488
2022-01-18,NEOV,6.78,1,0.3155117711374288,-0.038436592321170665,-0.02286135693215341,-0.05604719764011801,-0.03392330383480835
2022-01-18,VTN,12.78,1,0.3138845748208996,-0.997056565729074,-0.01173708920187777,0.0046948356807512415,-0.06103286384976525
2022-01-19,MGF,4.22,1,0.2893465583150701,-0.03965479361521577,-0.0462085308056871,-0.01421800947867291,-0.08056872037914686
2022-01-19,QFIN,20.41,1,0.30467018633403686,-0.9987521939550502,-0.049975502204801514,-0.05193532582067606,0.036746692797648306
2022-01-19,SHYD,24.76,1,0.29541672023595,-0.0788902297171164,-0.010904684975767465,-0.011308562197092087,-0.028271405492730328
2022-01-20,AIVI,42.399,1,0.33482246204501004,-0.04687068875600795,-0.017146630816764596,0.0035897073044175443,0.006813839949055378
2022-01-20,CCOM,1.8,1,0.290499080020047,-0.039571797475842975,-0.05555555555555558,-0.09444444444444455,0.4666666666666668
2022-01-20,FMHI,55.45,1,0.3121902320129082,-0.995964921776372,-0.015509467989179404,-0.014788097385031618,-0.033543733092876504
2022-01-21,BKT,16.05,1,0.3143575173843934,-0.9957648632287485,0.005607476635514086,-0.007476635514018781,-0.04299065420560755
2022-01-21,BMEA,7.1,1,0.2915323386167264,-0.9997617887361464,-0.035211267605633756,-0.08169014084507042,-0.12253521126760558
2022-01-21,MYGN,26.53,1,0.32711183341621414,-0.9970409223384068,-0.054655107425556126,-0.052016584998115456,-0.0316622691292876
2022-01-21,VATE,37.8,1,0.3109361080825044,-0.9971071652471486,-0.010582010582010581,0.002645502645502784,0.00793650793650813
2022-01-24,CORZW,1.6,1,0.2955534594991985,-0.04902782698816957,0.7499999999999998,1.03125,0.18749999999999978
2022-01-24,RING,26.53,1,0.2981977401336161,-0.999688013177221,-0.039200904636260914,-0.013569543912551829,0.08254805880135696
2022-01-24,SEA,19.1717,1,0.3314520624902173,-0.04962248978487477,0.038280382021416814,0.05624436017671863,0.08649728506079257
2022-01-24,SGDM,26.63,1,0.2996543164510625,-0.9999568322065524,-0.02328201276755526,0.01576793090499451,0.10401802478407807
2022-01-25,KF,31.4601,1,0.3161775685298551,-0.9975565650635855,0.012390297551501783,-0.0009567674610061472,-0.014624874046808567
2022-01-25,MINO,49.08,1,0.3160017374841842,-0.4204294576072675,-0.011120619396903009,-0.00974531377343113,-0.02098003259983694
2022-01-25,NSTS,12.35,1,0.3044030802595452,-0.03905928146296549,-0.005668016194331993,0.011336032388663986,0.00809716599190291
2022-01-25,TAXF,54.26,1,0.31258750551921666,-0.9449761205630802,-0.009214891264283098,-0.008477699963140406,-0.018335790637670546
2022-01-25,VZLA,2.205,1,0.2950881267223456,-0.04936329956833979,-0.12925170068027214,-0.08390022675736963,-0.061224489795918435
2022-01-26,MUNI,55.27,1,0.3077197031619082,-0.7422115179516136,-0.0032567396417586547,-0.005066039442735648,-0.01103672878595996
2022-01-27,FNLC,32.45,1,0.33042087944352294,-0.9967661353264634,-0.034206471494607205,-0.04930662557781207,-0.05762711864406789
2022-01-27,HIG,69.87,1,0.3050977940891466,-0.9983051007510624,0.03320452268498619,0.04422498926577911,0.012451696006869684
2022-01-27,SAGP,24.2407,1,0.3383923924297785,-0.04689969039763048,0.03495773636899924,0.047193356627490024,0.048930105153728976
2022-01-27,SAMT,24.6244,1,0.34490268364356375,-0.04765829389296218,0.034218092623576446,0.058571985510306845,0.05226117184581147
2022-01-28,BIPI,24.87,1,0.3390183669471905,-0.04975853158444124,-0.08363490148773634,-0.09328508242862887,-0.0526739043023724
2022-01-28,FGIWW,0.86,1,0.3100022237284535,-0.03953774082530036,-0.2186046511627906,-0.22093023255813948,-0.2590697674418605
2022-01-28,HMOP,40.79,1,0.3079154183633526,-0.6057227502784994,0.0031870556508948322,-0.0046580044128462506,-0.008335376317724852
2022-01-28,KRBN,51.7,1,0.3090093299677217,-0.9960537752520573,0.08297872340425538,0.031721470019342446,-0.0522243713733076
2022-01-28,MAIN,42.98,1,0.32254132700186045,-0.9962806213276731,0.016751977664029916,-0.01372731503024649,0.01535597952536083
2022-01-31,FMNY,29.225,1,0.30805136555103135,-0.35012338196035375,0.0025868263473052266,-0.01095295124037643,-0.00923524379811802
2022-02-01,BPAC,9.81,1,0.31448396759476094,-0.040217522187219454,0.0020387359836899765,0.0020387359836899765,0.00917431192660545
2022-02-01,CORZ,9.91,1,0.3235877682953258,-0.3719494809609546,0.0978809283551969,0.06357214934409683,-0.2230070635721494
2022-02-01,EFSC,50.14,1,0.30501689127372084,-0.9978938789832247,0.023733546071001088,0.0005983246908656259,-0.013960909453530124
2022-02-01,SHM,48.33,1,0.29471728347031795,-0.14739880952496298,-0.00041382164287184775,-0.006414235464514695,-0.003724394785847296
2022-02-02,METV,13.11,1,0.322538257017001,-0.04682269753578442,0.016018306636155666,-0.0389016018306636,-0.1205186880244089
2022-02-02,OBE,7.35,1,0.34126970216479946,-0.049374949295711776,-0.01224489795918371,0.1183673469387756,0.09523809523809534
2022-02-02,SIM,24.5,1,0.329436004647587,-0.9972506315356124,0.06938775510204076,0.11428571428571432,0.22448979591836737
2022-02-03,TCHI,24.3946,1,0.3139261491798616,-0.04894094150471186,0.009239749780689088,0.005956236216211774,-0.12374459921458025
2022-02-04,JSCP,48.99,1,0.43658037509321723,-0.14671434363797908,-0.006225760359257038,-0.007042253521126751,-0.014496836088997767
2022-02-04,NCRA,7.875,1,0.31348550356400234,-0.47702129913070257,-0.04761904761904767,-0.1428571428571429,-0.1428571428571429
2022-02-07,DTE,119.6,1,0.29188062326699066,-0.9999631429496457,-0.02968227424749159,-0.01061872909698991,0.054933110367892946
2022-02-09,REYN,28.44,1,0.37883607281859644,-0.9953456056268829,0.028129395218002617,0.021800281293952173,-0.005977496483825617
2022-02-10,EMNT,99.7498,1,0.4438762658704832,-0.03950718654153168,0.00045313374061906053,-0.000549374535086744,-0.0033574002153387017
2022-02-10,FET,18.75,1,0.3089307732652038,-0.9994808580359054,0.026666666666666616,0.03839999999999999,0.32906666666666684
2022-02-10,FLMI,25.79,1,0.30482901938615675,-0.34309494730022494,-0.00385808452888714,-0.002004652966265952,-0.018425746413338384
2022-02-10,JBBB,50.1053,1,0.3074895813406922,-0.03779562001528289,0.0012912805631339896,-0.0034986318812580963,-0.02265828165882655
2022-02-11,BUFB,24.532,1,0.31252255720403666,-0.04939064219077267,-0.010272297407467712,-0.006359041252241959,-0.03783221914234469
2022-02-11,SCHJ,24.76,1,0.2944420285787598,-0.08006576938453408,-0.0020193861066236662,-0.000306946688206744,-0.019991922455573574
2022-02-11,SPSB,30.54,1,0.29566706739284865,-0.07975009045959794,-0.0009823182711197198,-0.00032743942370649926,-0.013752455795677743
2022-02-11,SUSB,25.13,1,0.2938484398265448,-0.08033837907215577,-0.0019896538002387443,-0.00019896538002384112,-0.020294468762435236
2022-02-14,GABC,39.13,1,0.30942803921347617,-0.9997076897741024,-0.05826731408126762,-0.023766930743674974,0.020444671607462217
2022-02-14,HGER,20.39,1,0.3220068505104813,-0.04619217066993356,0.006375674350171501,0.07356547327121143,0.05800392349190786
2022-02-14,MNSBP,26.25,1,0.33426494321785516,-0.9966567112912796,0.01904761904761898,0.017142857142857126,-0.009908571428571489
2022-02-14,VABS,24.42,1,0.29310529198209123,-0.07061982368308188,0.0,0.00306715806715796,-0.007358722358722369
2022-02-16,CVGW,41.25,1,0.30873963356201667,-0.9982441976853589,-0.012848484848484887,0.05818181818181811,-0.12630303030303036
2022-02-16,IEF,110.27,1,0.3807921875374619,-0.9961667235942135,0.005622562800398967,0.014691212478461946,-0.013784347510655603
2022-02-16,UST,62.375,1,0.38357329151802944,-0.9930507569244842,0.014106613226452902,0.032022444889779456,-0.02416993987975946
2022-02-17,APA,32.39,1,0.30957590345422303,-0.99691108772233,0.039518369867243,0.21889472059277537,0.20747144180302568
2022-02-17,ENB,41.51,1,0.33732172911324165,-0.9995738486313391,0.026258732835461318,0.0780534810888942,0.08022163334136367
2022-02-17,HYRM,24.655,1,0.3128803689180819,-0.03786762440746981,0.010241330358953471,7.300750354888308e-05,0.00011762320016228678
2022-02-18,RIGL,24.1,1,0.3034929118618557,-0.9995285515417712,0.04149377593361003,0.2821576763485476,0.34024896265560156
2022-02-22,FSYD,50.0997,1,0.32831984629704697,-0.047544493497563595,0.007686672774487757,-0.008882288716299702,-0.0031477234394616804
2022-02-22,GEMD,49.3668,1,0.32348002756122823,-0.04848393815234154,-0.054625780889180575,-0.08521516484763036,-0.08240760997269414
2022-02-22,NOAH,29.74,1,0.3239543055617254,-0.9971747611950961,-0.09078681909885677,-0.21755211835911226,-0.09213180901143236
2022-02-22,NVTS,9.1,1,0.3200213036314559,-0.9982551516810049,0.030769230769230882,-0.09340659340659341,0.06813186813186833
2022-02-22,XHYT,39.54,1,0.312060428578176,-0.0472807554535721,0.010103692463328429,-0.01163378856853825,-0.005058168942842611
2022-02-23,DGIN,35.28,1,0.34108445246707364,-0.03655729647312307,-0.008886054421768597,0.01806122448979597,0.01984126984126977
2022-02-23,KMDA,5.77,1,0.336048503475719,-0.9949404189209087,-0.0121317157712304,-0.01906412478336217,-0.0121317157712304
2022-02-23,PBT,12.97,1,0.3192538973936228,-0.9983046225556826,0.02775636083269073,-0.020817270624518214,0.057825751734772446
2022-02-23,RDVT,26.69,1,0.31019044704695986,-0.9999930091422834,0.004121393780442073,-0.1202697639565381,0.09104533533158476
2022-02-23,WMT,45.0167,1,0.30886719976678223,-0.998923732400253,0.008219171996170171,0.032654548201001,0.051092150246464074
2022-02-24,CLSE,15.1973,1,0.32273358375641437,-0.047244138866148117,0.032755818467754105,0.014219631118685516,0.05316075881900062
2022-02-25,GABC,39.93,1,0.327921973329821,-0.996176425530175,0.0067618332081142984,-0.0020035061357375206,0.0007513148009015147
2022-02-25,VRDN,18.7,1,0.3152039977293882,-0.9988087099206364,-0.09037433155080199,0.07379679144385021,0.08449197860962587
2022-02-25,XHYD,40.02,1,0.3108922180443034,-0.03789298267956476,-0.010377311344327844,-0.03324087956021993,-0.03348325837081467
2022-02-25,XHYF,40.09,1,0.3123002531046027,-0.03776763176602514,-0.007735096033923861,-0.02694936393115499,-0.02319780493888768
2022-02-25,XHYH,40.24,1,0.3137514737392067,-0.03808728679202794,-0.0060959244532803325,-0.023618290258449304,-0.020377733598409553
2022-02-25,XHYI,40.12,1,0.319252956292503,-0.037104182713404994,-0.0067347956131603715,-0.025690428713858293,-0.02043868394815551
2022-02-28,CGCP,25.641,1,0.29805659679253604,-0.0487817972550208,-0.006489606489606503,-0.02187902187902191,-0.01973401973401956
2022-02-28,FLRT,48.4449,1,0.3069220790985976,-0.5096972539935447,-0.0046423875371813805,-0.01207557451867991,-0.014653761283437428
2022-02-28,PAXS,19.77,1,0.3087542503526388,-0.03827891983161093,-0.06727364693980775,-0.11482043500252903,-0.09559939301972686
2022-03-01,BFIX,24.9833,1,0.30041032529295114,-0.03928578980613211,-0.014941981243470681,-0.02414813095147561,-0.021546392990517638
2022-03-01,FFIU,24.9696,1,0.3286015779467959,-0.9963328319571776,-0.018406382160707335,-0.03604382929642436,-0.03241942201717285
2022-03-01,JHMB,24.0599,1,0.5053406077810948,-0.0351708792521828,-0.005195366564283321,-0.01766009002531177,-0.03220711640530505
2022-03-01,MYGN,23.5,1,0.33396657867853663,-0.999760448992983,0.029787234042553123,0.02297872340425533,0.11021276595744678
2022-03-01,PLAB,17.75,1,0.2998006741432184,-0.9991957942522167,-0.040000000000000036,-0.07774647887323938,0.02985915492957747
2022-03-01,TRVI,0.8711,1,0.29903115544295444,-0.9979057593636991,0.8252783836528528,0.6760417862472736,1.8469750889679717
2022-03-02,BMY,68.85,1,0.32228297372477077,-0.9967618348025314,-0.010457516339869244,0.0117647058823529,0.07073347857661583
2022-03-02,FSTA,45.48,1,0.3601377822706736,-0.9994076578346924,-0.02968337730870696,-0.02110817941952492,0.010334212840809265
2022-03-02,HISF,48.86,1,0.3494520507102259,-0.046860481947657955,-0.008084322554236523,-0.015042979942693435,-0.015349979533360592
2022-03-02,KXI,61.86,1,0.38388646121909437,-0.9999484477731209,-0.0342709343679275,-0.023601681215648207,0.012932428063368917
2022-03-02,WFCF,12.98,1,0.3440752405384129,-0.996545894133309,-0.07781201848998454,-0.10400616332819723,-0.08012326656394464
2022-03-04,ONTF,12.91,1,0.29832103081083444,-0.9993123145482196,-0.0441518202943455,0.12083656080557703,-0.010844306738962084
2022-03-07,AVSC,46.2162,1,0.33242608858811895,-0.997619674207649,-0.004124095014302442,0.04314288063492877,0.04003790878523117
2022-03-07,CAC,50.57,1,0.31391036393006555,-0.9987411928406975,-0.022938501087601426,-0.033616768835277866,-0.07356140003954914
2022-03-07,CALF,39.3,1,0.3493271728549143,-0.9992132793328576,0.011450381679389388,0.060559796437659186,0.022900763358778775
2022-03-07,DGRS,43.715,1,0.33936122459140344,-0.9980024231061891,0.007892027908040777,0.037980098364405857,0.02001601281024823
2022-03-07,EES,46.51,1,0.3372183560333474,-0.9999099492607469,0.0012900451515802658,0.04622661793162752,0.03655127929477531
2022-03-07,F,15.97,1,0.3661545287897893,-0.995380078598509,-0.01440200375704448,0.03193487789605509,0.04320601127113344
2022-03-07,FYT,50.25,1,0.33022511356334255,-0.9990461730469478,0.00855721393034825,0.03933532338308443,0.018308457711442738
2022-03-07,GASS,2.61,1,0.3155450474961553,-0.9975833924659601,-0.1762452107279694,-0.08812260536398464,-0.08045977011494254
2022-03-07,HPE,15.77,1,0.3502193466829523,-0.9953192842719883,0.034876347495244264,0.0811667723525682,0.034876347495244264
2022-03-07,IWML,19.3608,1,0.36812247521080155,-0.9941554075842101,-0.012747407131936672,0.128300483451097,0.16119168629395464
2022-03-07,MVBF,39.61,1,0.32316011150972623,-0.9991215338492705,-0.010603382984095022,0.02549861146175214,0.07599091138601355
2022-03-07,PJP,76.4487,1,0.32232247869861813,-0.9964785371925269,0.0018208288695555908,0.03990911552452814,0.05809516708590201
2022-03-07,RCI,54.32,1,0.32686110269026636,-0.9985474589945733,-0.01491163475699564,-0.01491163475699564,0.04694403534609726
2022-03-07,RPAY,14.86,1,0.36126479966019387,-0.9960375033790996,-0.12516823687752354,-0.0020188425302826163,0.013458950201884257
2022-03-07,SAA,26.6085,1,0.36067327976773256,-0.9958517820000713,-0.0015107954225153097,0.09363549241783642,0.08525471184020139
2022-03-07,SDD,25.2102,1,0.31917546464389546,-0.9992414569273735,-0.0017215254143164715,-0.09163751180077917,-0.09560416022086293
2022-03-07,TK,3.4,1,0.3267260050275543,-0.9971844253094692,-0.09999999999999998,-0.026470588235294024,-0.061764705882352944
2022-03-07,VUSE,43.4774,1,0.3300543170833822,-0.9996860617841546,0.0037168735940971143,0.061592919539806834,0.03815085538693652
2022-03-08,HYBL,29.8238,1,0.3074596740165981,-0.03782076554100108,-0.009680188305983717,0.0013814470322359718,-0.00012741501753632534
2022-03-08,PRT,10.5,1,0.32633806078224437,-0.9978271736569069,-0.15714285714285714,-0.09523809523809523,-0.1428571428571429
2022-03-08,RSI,7.96,1,0.3321517879224638,-0.9986134877350877,-0.021356783919597944,0.1419597989949748,-0.051507537688442184
2022-03-09,E,29.73,1,0.3463863287376694,-0.9985576732562415,-0.05314497140935093,-0.01782711066263043,-0.02287251934073331
2022-03-09,OPXS,1.95,1,0.4756319503490847,-0.03749285441579968,0.05128205128205132,0.11794871794871797,0.15384615384615397
2022-03-10,SHEN,20.45,1,0.29094523264880084,-0.9995663570124347,0.05721271393643046,0.10562347188264054,0.1819070904645479
2022-03-11,CKX,11.3,1,0.31921537562739233,-0.9996487055061604,-0.004424778761062065,-0.02920353982300883,0.11327433628318584
2022-03-11,JAAA,50.05,1,0.29514753623532286,-0.26121824421224316,-0.0007992007992008165,0.0,0.0051948051948051965
2022-03-14,AVGO,56.78,1,0.2946439813149248,-0.9974190383361909,0.05898203592814366,0.11461782317717506,0.02256076083127856
2022-03-14,BNS,72.12,1,0.33294926085688975,-0.9954386986275828,0.022878535773710462,0.018441486411536312,-0.04589572933998898
2022-03-14,CSTM,16.53,1,0.3611557680264623,-0.9940956962947561,0.09013914095583786,0.07562008469449477,0.01270417422867487
2022-03-14,FIW,79.84,1,0.31629905654693574,-0.9981870517221962,0.05573647294589179,0.04972444889779548,0.03882765531062127
2022-03-14,IBHH,24.4402,1,0.30868820954817006,-0.04835791852227675,0.022491632638030667,0.018404104712727465,0.0032651123967888385
2022-03-14,IBHI,24.4,1,0.31723848109544384,-0.04779256537911381,0.02273770491803284,0.017622950819672134,-0.004098360655737654
2022-03-14,LCUT,13.38,1,0.35868115850375193,-0.9996777250148715,0.004484304932735439,-0.0022421524663678305,-0.07997010463378174
2022-03-14,LDSF,19.41,1,0.4394494498935366,-0.03969888469654644,0.002060793405461059,-0.0005151983513653757,-0.0030911901081915882
2022-03-14,PHO,50.13,1,0.32786255999006236,-0.9989935097009726,0.05864751645721111,0.05844803510871732,0.046080191502094525
2022-03-14,PSET,51.6809,1,0.31484236771396357,-0.9996993552083625,0.05895988653448381,0.07118877573726468,0.06170751670346286
2022-03-14,PTH,41.59,1,0.3627186386755592,-0.9977024412383129,0.07341428227939417,0.07573936042317864,0.07998797787929779
2022-03-15,CAAS,2.56,1,0.2997923723599616,-0.998138688746781,0.19140625,0.24609375,0.16796875
2022-03-16,KMPB,24.28,1,0.309083027377873,-0.04906969858916603,0.010708401976935678,0.029242174629324325,0.03377265238879734
2022-03-16,MGLD,2.32,1,0.32470843873708966,-0.18848561546773385,-0.14655172413793094,-0.18534482758620685,-0.3232758620689654
2022-03-16,MVST,7.29,1,0.31269954217725965,-0.9994031625077004,0.012345679012345734,-0.06172839506172845,-0.2414266117969821
2022-03-21,AOMR,16.23,1,0.35505059242494397,-0.9929787143531953,-0.0006161429451633227,0.03512014787430684,-0.012939001848428888
2022-03-21,GDE,26.3038,1,0.3057734532465024,-0.04776728660748403,0.022856013199613834,0.026152114903550183,-0.011732145165337271
2022-03-23,BANFP,27.9501,1,0.3438984771705683,-0.9967101108585649,0.019316567740365942,-0.0017924801700173187,0.04185673754297836
2022-03-24,TEN,18.18,1,0.3017533309882825,-0.9979622760210862,0.007700770077007757,-0.024752475247524663,-0.02915291529152919
2022-03-25,BSET,16.76,1,0.3208613316034461,-0.9990636022412598,0.011336515513126422,0.016706443914080937,0.03341288782816232
2022-03-25,EKG,20.1064,1,0.34113280235684174,-0.049108615593673084,0.07077348505948344,-0.008788246528468546,-0.1598645207496121
2022-03-25,TACK,25.3885,1,0.3166837233650032,-0.04761930200175111,0.000452960986273343,0.01384485101522337,-0.02002875317565045
2022-03-28,DFIC,24.93,1,0.3401680328577539,-0.04518147691385757,0.010990774167669581,-0.025270758122743597,-0.07139991977537108
2022-03-28,DISV,24.73,1,0.34337308967785457,-0.046139807324704324,0.011322280630812864,-0.026081682167408027,-0.06510311362717347
2022-03-29,YMAR,20.23,1,0.315282766376262,-0.9993640053808367,-0.01584280771131974,-0.03806228373702425,-0.06920415224913501
2022-03-31,HCMA,9.97,1,0.2933596239995221,-0.03846992670947477,-0.0020060180541626726,-0.0030090270812438424,0.008024072216650024
2022-04-01,HNI,37.02,1,0.3148608129631777,-0.9998365642978545,-0.055105348460291914,-0.03430578065910328,-0.04159913560237727
2022-04-01,SEMI,19.3449,1,0.3242061279912922,-0.0481127456188473,-0.06848833542690835,-0.07831004554171905,-0.08132892907174505
2022-04-01,VVV,31.83,1,0.32675287266895525,-0.9989508657108914,-0.028903550109959153,-0.03393025447690856,-0.05686459315111525
2022-04-04,CTBI,41.15,1,0.29923843249681675,-0.9979211517397568,-0.03742405832320772,-0.0021871202916159405,-0.025273390036452015
2022-04-04,FIBK,36.17,1,0.3311833132272727,-0.9967335701433379,-0.03787669339231414,-0.014376555156206838,-0.01990599944705551
2022-04-04,OACP,24.99,1,0.3022374005564429,-0.04808760349149857,-0.02451780712284901,-0.03421368547418957,-0.045226090436174426
2022-04-04,WABC,60.89,1,0.316324928515912,-0.9970764695639852,-0.030054196091312213,-0.02463458696009202,-0.04138610609295457
2022-04-05,STRT,36.54,1,0.2998964526155678,-0.9991685329865152,-0.06568144499178974,-0.056923918992884515,-0.036945812807881784
2022-04-06,PSCU,64.9818,1,0.3400051885415736,-0.9957321065616074,-0.006635704151008448,-0.04659920162260833,-0.11175129036130127
2022-04-06,SLS,3.73,1,0.33582744401154696,-0.9960127615421166,0.0,-0.18498659517426275,-0.2841823056300268
2022-04-08,LAB,3.8,1,0.3011132833343745,-0.04969352787843871,-0.12368421052631573,-0.26315789473684215,-0.33289473684210524
2022-04-11,BHV,17.6,1,0.32453691338434454,-0.9977595207123847,-0.03863636363636358,-0.08465909090909096,-0.2875000000000001
2022-04-11,NBDS,23.2171,1,0.32300138254508104,-0.0498459906566379,0.00702930167850413,-0.09069608176731803,-0.2005849137058462
2022-04-12,CXM,13.81,1,0.3197503872104752,-0.9953155343269162,-0.02606806661839256,-0.013758146270818394,-0.20130340333091967
2022-04-13,INQQ,15.9031,1,0.3308582814963554,-0.03600679761292903,-0.03775364551565419,-0.058906754029088626,-0.22906225830184046
2022-04-14,ODDS,19.17,1,0.35082256515440297,-0.04540527052437128,-0.07161711006781435,-0.07213354199269706,-0.09076682316118945
2022-04-14,VNET,6.59,1,0.30838046107378647,-0.99808110750034,-0.16540212443095592,-0.09408194233687406,-0.09104704097116834
2022-04-18,DH,24.04,1,0.3176898720412771,-0.9997106107040941,0.011647254575707144,0.047004991680532626,-0.3074043261231282
2022-04-18,EVI,21.36,1,0.3265733369027782,-0.9967225983132249,-0.17883895131086147,-0.29962546816479396,-0.4592696629213483
2022-04-18,LMAT,45.82,1,0.2945407913994755,-0.9989840458587451,-0.0002182453077258506,-0.04823221300742031,-0.04845045831514616
2022-04-21,FTAI,24.39,1,0.2869110753969132,-0.9998812543500846,-0.005740057400574039,-0.20008200082000815,-0.2587125871258713
2022-04-22,APAM,36.82,1,0.33991233753672323,-0.9995912417853795,-0.12710483432916897,-0.08039109179793591,-0.034220532319391594
2022-04-22,CNNE,22.92,1,0.35453980086700176,-0.9964659524623597,-0.022687609075043746,-0.061518324607329866,-0.16492146596858648
2022-04-22,EFSCP,22.5899,1,0.36109989844296053,-0.998545961672409,-0.04116441418510042,-0.07480776807334255,-0.10225366203480313
2022-04-22,GDRX,15.98,1,0.30758149100644405,-0.9976823373792488,-0.1520650813516896,-0.20275344180225285,-0.5012515644555695
2022-04-22,ZETA,10.55,1,0.3056075349783939,-0.9990080654846761,0.026540284360189403,-0.181042654028436,-0.2654028436018958
2022-04-25,AAA,24.6,1,0.29687873462078135,-0.07944483447472124,0.006504065040650486,0.003252032520325132,-0.003658536585365857
2022-04-25,HCSG,18.27,1,0.3502841988345758,-0.9996935049798842,-0.07827038861521618,-0.08702791461412152,-0.08429118773946354
2022-04-26,ACONW,0.401,1,0.2909922288551811,-0.04862752911780152,0.8177057356608477,0.2468827930174562,0.12169576059850362
2022-04-26,XRX,11.64,1,0.3405165572591663,-0.9981817829107291,0.014321305841924259,-0.006297250859106485,-0.009733676975945071
2022-04-27,FMCX,24.5412,1,0.39750083151735116,-0.04904182186453403,0.012990399817449871,-0.0778772024187897,-0.06076312486756963
2022-04-27,INLX,5.048,1,0.3363708622542266,-0.9973348101561839,-0.08874801901743268,-0.09320522979397794,-0.15808240887480196
2022-04-29,DFEM,25.37,1,0.31626450975649867,-0.04756889961832672,-0.028900275916436735,-0.04335829720141904,-0.013795821836815159
2022-04-29,DFEV,25.2335,1,0.3603152647198238,-0.04959085186121472,-0.020413339409911413,-0.04412784591911545,-0.00964987021221797
2022-04-29,EVMT,29.5713,1,0.32319881470998163,-0.049515697703815975,-0.04028568240151775,-0.09540669500495413,-0.07324669527548666
2022-04-29,UG,21.54,1,0.33487575853012436,-0.9955575424949706,-0.08890436397400181,-0.21634168987929436,-0.062209842154131834
2022-05-02,CNOBP,23.5,1,0.31135646406005507,-0.9994218056568561,-0.14468085106382977,-0.13404255319148928,-0.10880000000000001
2022-05-02,IINNW,0.4946,1,0.2974468798159112,-0.9980805500077726,-0.4136676101900526,-0.3764658309745248,-0.433885968459361
2022-05-03,SGRP,1.16,1,0.29355447812261554,-0.998539713688794,-0.09758620689655173,0.0,0.1293103448275863
2022-05-04,CALF,40.38,1,0.33438059068097953,-0.9978878925661223,-0.09782070331847459,-0.08692421991084709,-0.03392768697374948
2022-05-04,CET,39.17,1,0.32953926924706234,-0.9999560103570294,-0.03625223385243814,-0.06127138115905029,-0.010722491702833792
2022-05-04,DXJ,64.95,1,0.30072045763568706,-0.9974995203892815,-0.04988452655889153,-0.039568899153194725,0.014472671285604255
2022-05-04,GFL,29.49,1,0.33922186540024274,-0.9981836219346457,-0.07697524584604953,-0.05798575788402838,0.07460155985079697
2022-05-04,NGL,2.05,1,0.3091520737030214,-0.9964171383447235,-0.07317073170731703,-0.03414634146341455,0.0
2022-05-04,OZK,41.23,1,0.3074477798192858,-0.9986349239916149,-0.07737084647101622,-0.06451612903225801,0.012369633761823984
2022-05-04,PEB,24.11,1,0.37282971918043945,-0.99179678451626,-0.0962256325176275,-0.06926586478639563,-0.030692658647863857
2022-05-04,PNR,53.79,1,0.3023707248856071,-0.9994557330266776,-0.0949990704591932,-0.10596765197992186,-0.04536159137386131
2022-05-04,USFD,38.87,1,0.30415521298792114,-0.9972268043095518,-0.1263184975559557,-0.16130692050424478,-0.15075894005659896
2022-05-04,YELP,33.95,1,0.31486412267725816,-0.9982415394290037,-0.16524300441826223,-0.13136966126656857,-0.09278350515463918
2022-05-05,FLDR,49.8302,1,0.2923289072054493,-0.07897565269527813,0.001501097727883982,0.0012000754562495608,0.0007987124274033697
2022-05-06,SAT,24.94,1,0.3221880975704626,-0.03796567770812511,-0.004611066559743415,-0.0043865276663993535,-0.013632718524458687
2022-05-09,CMTV,23.0,1,0.30616041290759366,-0.9963032782698618,-0.021739130434782594,-0.09782608695652173,-0.12173913043478268
2022-05-09,CRTO,24.97,1,0.3107795551650557,-0.9995763017567929,0.0,0.029235082098518328,0.05566680016019232
2022-05-09,GDOT,25.09,1,0.3413591766292252,-0.999147254289735,0.06656038262255892,0.15424471901155834,0.1562375448385811
2022-05-10,ACI,30.3,1,0.31750954296317974,-0.9985520441770209,-0.03498349834983505,-0.03333333333333344,-0.034653465346534684
2022-05-10,BEN,24.53,1,0.3327907040232656,-0.9953405245608596,0.053403995108030955,0.058295964125560484,0.05503465144720732
2022-05-10,EVTC,37.93,1,0.3420395691858402,-0.9945114722274832,0.014236751911415713,-0.03190087002372799,-0.0039546533087265745
2022-05-10,INDB,76.64,1,0.30358271156023353,-0.9990493231927857,0.033794363256784976,0.047755741127348594,0.07580897703549061
2022-05-10,PKB,40.61,1,0.31462887737085243,-0.9967841434663681,0.03718295986210296,-0.03324304358532382,0.03053435114503822
2022-05-11,CMPX,1.84,1,0.3147524111538756,-0.9959902762750497,0.34239130434782616,0.6413043478260869,0.3695652173913042
2022-05-11,KTCC,5.08,1,0.3122175589477727,-0.9964390566912525,0.003937007874015741,0.009842519685039353,-0.023622047244094557
2022-05-12,FCG,23.45,1,0.34002024049831453,-0.996323038777795,0.05884861407249464,0.19402985074626877,0.2533049040511728
2022-05-12,FENY,21.05,1,0.34812396362618686,-0.9941416367922777,0.0437054631828977,0.12161520190023745,0.1486935866983372
2022-05-12,FTXN,25.66,1,0.34024320043224093,-0.9951417286742289,0.04949337490257211,0.1410756040530008,0.1773187840997661
2022-05-12,FVC,34.3879,1,0.363112974440311,-0.9927565805455062,0.02066133727270336,0.05996586008450655,0.05502226073706162
2022-05-12,GABF,24.7695,1,0.3141159760133024,-0.04718980174384187,0.012535578029431171,0.06057853408425684,0.007380044005732778
2022-05-12,GPRK,14.32,1,0.3517764269515,-0.9950350946980787,0.0460893854748603,0.1222067039106145,0.17248603351955305
2022-05-12,IEZ,17.33,1,0.3640792011889896,-0.9936034781043313,0.05828043854587439,0.17599538372764,0.164454702827467
2022-05-12,LBRT,14.04,1,0.3324734040791866,-0.9974669272201189,0.056980056980056926,0.1737891737891739,0.2015669515669518
2022-05-12,MLPX,40.5,1,0.32216087433372853,-0.9979024400968519,0.030864197530864113,0.0713580246913581,0.06938271604938273
2022-05-12,MNST,42.84,1,0.3075236185650426,-0.9974488681745814,0.012605042016806678,0.03559757236227812,0.015873015873015817
2022-05-12,NOV,17.07,1,0.3672330158778941,-0.9937413811475329,0.04979496192149968,0.15875805506736973,0.17164616285881662
2022-05-12,PTEN,14.3,1,0.36056279768311583,-0.9963965363627456,0.10419580419580399,0.36293706293706274,0.27202797202797213
2022-05-12,SEIX,23.84,1,0.3070584210314371,-0.4458918950238214,0.0023070469798658344,-0.007017617449664448,-0.000419463087248384
2022-05-12,TLK,29.63,1,0.35458195333136633,-0.9964533022313878,-0.037124535943300674,-0.0242996962537968,-0.07121160985487685
2022-05-12,TNK,15.94,1,0.3066672272486627,-0.9972648756774443,0.1951066499372649,0.30865746549560846,0.29611041405269756
2022-05-12,UMI,33.3808,1,0.329268891705457,-0.9958070632877932,0.033237669558548566,0.06122082155011266,0.06468389014044007
2022-05-13,AMST,7.3032,1,0.3036646418915374,-0.9967997334299578,-0.04699309891554393,-0.048471902727571514,-0.1395004929346041
2022-05-13,BVFL,22.5,1,0.30804312327564887,-0.9992178349245437,0.022222222222222143,-0.053333333333333344,-0.03555555555555556
2022-05-13,GIS,73.1,1,0.31881870505610327,-0.9994201396099868,-0.0833105335157317,-0.043912448700410334,-0.08262653898768801
2022-05-13,HDB,26.56,1,0.3393087095687016,-0.9985815865005703,0.012801204819277157,0.10956325301204828,-0.008847891566265087
2022-05-16,ANAB,20.97,1,0.3042731569093398,-0.9973127599038725,-0.020982355746304138,-0.09442060085836912,-0.008106819265617515
2022-05-16,GCBC,25.32,1,0.31731880376238314,-0.9954868342190294,0.03080568720379162,0.10564770932069512,-0.11749605055292267
2022-05-16,XNCR,23.62,1,0.3172550324501793,-0.9994108682795249,-0.036833192209991594,-0.05461473327688415,-0.15325994919559693
2022-05-17,BKE,33.39,1,0.3171371049340301,-0.9983063030733043,-0.18628331835878997,-0.029350104821803003,-0.09224318658280928
2022-05-17,CHMG,45.74,1,0.3017941151581174,-0.9984550126455479,-0.022623524267599615,-0.041010056843025944,-0.08745080891998247
2022-05-20,HYAC,10.0,1,0.30109999533589793,-0.5108379863003111,0.016999999999999904,0.016999999999999904,0.018999999999999906
2022-05-20,SEIM,24.775,1,0.3193004386841725,-0.04640913275488325,0.07464379414732614,0.07607669021190722,-0.03842179616548935
2022-05-20,SEIQ,24.8725,1,0.33268474061830466,-0.04622811805864141,0.05200120615137216,0.04368278218916477,-0.024030555834757217
2022-05-20,SEIV,24.7208,1,0.3284957145847616,-0.04670594635802973,0.06845247726610793,0.05020064075596253,-0.05252661726157737
2022-05-20,SELV,24.562,1,0.33845318201837904,-0.04800448388338348,0.05243058382867827,0.04275303314062384,-0.03709388486279619
2022-05-20,SSYS,18.67,1,0.31093796572169435,-0.9999873318536037,0.08355650776647017,-0.0016068559185860032,0.006427423674343791
2022-05-23,ACWX,48.65,1,0.33320067251526214,-0.9977100914378387,0.020554984583761593,0.024049331963001075,-0.08324768756423429
2022-05-23,BKCI,42.39,1,0.3474326394921409,-0.9958612808135072,0.023949044585987345,0.01981599433828718,-0.0768742627978296
2022-05-23,BYRE,25.5366,1,0.33583323147280236,-0.046171527837242834,0.029913927460977652,0.04044782782359446,-0.061684014316706226
2022-05-23,CUT,34.3434,1,0.3870184116514006,-0.9966127760690875,0.031056913409854392,0.04532457473633933,-0.09851674557556911
2022-05-23,EFU,24.429,1,0.3508282068508829,-0.9980000913713615,-0.0314789799009374,-0.03795488968029792,0.1612837201686521
2022-05-23,FGMCU,10.1,1,0.2955726495246753,-0.03839280731991143,-0.001980198019801982,-0.008415841584158312,0.005940594059405946
2022-05-23,GSID,49.14,1,0.3234467188596415,-0.9999913709232945,0.016076516076516167,0.017094017094017033,-0.07747659747659752
2022-05-23,MAKX,31.0438,1,0.32301104127203706,-0.9999413203254967,0.040214149041032377,0.052728725220494876,-0.06519176131787996
2022-05-23,MOTO,37.1935,1,0.3177928411683683,-0.9993084568114503,0.04304515573957812,0.05479989783161021,-0.05418957613561515
2022-05-23,PSC,40.01,1,0.3296568970603606,-0.9975695831901568,0.0404898775306175,0.06698325418645346,-0.05536115971007238
2022-05-23,PSI,36.4567,1,0.3074512923658479,-0.9974343305360485,0.06473432866935291,0.06573825935973354,-0.09527466830513998
2022-05-23,RPG,31.244,1,0.3252978722432697,-0.9989301997157992,0.05031366022276296,0.07086160542824227,-0.06292408142363337
2022-05-23,SUPL,39.3293,1,0.34398398839940936,-0.9986486369869125,0.015192235814011301,0.03452642177714815,-0.09691502264215246
2022-05-23,TMDV,45.7887,1,0.3596017883219724,-0.9995607109309356,0.031730536136645116,0.035587382913251586,-0.05498954982342796
2022-05-23,VVV,29.88,1,0.3237528706652185,-0.997526090590667,0.11981258366800551,0.1609772423025435,-0.044511378848728245
2022-05-24,MNBD,25.37,1,0.2984463436162476,-0.04905228190904466,0.01774536854552622,0.020299566417028014,0.0
2022-05-24,NNOX,9.19,1,0.30534900745603083,-0.9993311047055005,0.0761697497279652,0.17192600652883572,0.2589771490750816
2022-05-26,FHTX,12.1,1,0.3204169613056825,-0.9952367655316465,0.05371900826446274,0.1322314049586777,0.150413223140496
2022-05-26,MOLN,6.97,1,0.3043685921349192,-0.9988666425791594,0.06312769010043051,0.03299856527977041,0.07604017216642767
2022-05-27,FCOM,39.21,1,0.32185474558852034,-0.9982046368715659,-0.0035705177250701103,-0.10124968120377453,-0.08110175975516454
2022-05-27,GDIV,13.2924,1,0.3209226500883352,-0.03693892308925653,-0.009719839908519212,-0.08477024465107885,-0.08596641689988271
2022-05-31,MOOD,25.2772,1,0.31714059503541603,-0.03825561789300169,0.0034734859873719603,-0.041456332188691825,-0.03955738768534489
2022-05-31,XB,41.57,1,0.3187788824170364,-0.04971826543317112,-0.00938176569641569,-0.06615347606446953,-0.07144575414962706
2022-06-02,GBTG,8.77,1,0.352716885495028,-0.048880265972194956,-0.17217787913340932,-0.2976054732041048,-0.3021664766248574
2022-06-02,WHLRL,30.0,1,0.2895222125836316,-0.9986138950800371,0.0,-0.033333333333333326,0.0
2022-06-03,CNM,24.44,1,0.3011641023935031,-0.9969719973089479,-0.08346972176759426,-0.15261865793780693,-0.09328968903436996
2022-06-03,FRO,10.4,1,0.32335236150284763,-0.9999673075298525,-0.10384615384615381,-0.19807692307692315,-0.15000000000000002
2022-06-09,KDP,35.71,1,0.3574627869306024,-0.9931037863385941,-0.03556426771212551,0.0014001680201622957,0.012041444973396764
2022-06-09,MNST,44.65,1,0.3169531417363545,-0.997357142308527,-0.015789473684210464,0.05912653975363935,0.08465845464725641
2022-06-09,ZTO,26.09,1,0.32597020152753964,-0.9994153255136955,-0.0820237638942124,0.025297048677654255,-0.008432349559218011
2022-06-10,GVLU,18.881,1,0.3451163059208998,-0.047702258898646224,-0.0753879561463906,-0.03711138181240403,-0.06112494041629146
2022-06-10,PECO,33.09,1,0.3706116030992557,-0.9952598567692015,0.003022061045632851,0.03173164097914771,0.06165004533091567
2022-06-10,UDI,23.8432,1,0.34515950992800754,-0.04807859289765575,-0.04728392162125883,0.010678096899745082,-0.009474399409475254
2022-06-13,LONZ,49.3383,1,0.3212486199346529,-0.04992689587878095,-0.007667471315387808,-0.013950622538676849,-0.01658549240650764
2022-06-13,SCHO,24.405,1,0.47995195617099307,-0.03697506665856756,0.0024585125998770607,0.0049170251997541214,0.0051219012497438765
2022-06-13,SHPP,22.9682,1,0.3793856245329991,-0.048204684640644146,0.011132783587743056,0.023885197795212587,-0.010649506709276224
2022-06-13,SMB,16.85,1,0.2909823903955576,-0.07900350150312675,0.007715133531157159,0.010682492581602254,0.010682492581602254
2022-06-15,FLXS,19.99,1,0.2954588986156023,-0.9986318098433367,0.029014507253626975,-0.09954977488744365,-0.08604302151075538
2022-06-16,SMTI,19.5,1,0.31114674891548866,-0.9997993021789919,0.07794871794871794,0.10717948717948711,0.3533333333333333
2022-06-17,JOF,6.33,1,0.3234754221687597,-0.9960379854575324,-0.003159557661927437,-0.006319115323854652,0.004739336492890933
2022-06-17,MNST,44.06,1,0.30963390367363175,-0.9966835746204893,0.0691103041307306,0.09067181116659095,0.0923740354062641
2022-06-21,ADC,69.4,1,0.3215396745735093,-0.9993567343993649,0.05835734870316989,0.05345821325648403,0.09798270893371752
2022-06-21,BUFQ,20.4,1,0.3057087139092762,-0.04926643614921201,0.00588235294117645,0.018857843137255026,0.055156862745098234
2022-06-21,RSSS,1.84,1,0.29972928423948203,-0.9975686831764863,-0.02717391304347827,-0.02717391304347827,-0.03804347826086962
2022-06-22,GREEL,17.0,1,0.3379811402746954,-0.9983547535851468,-0.024705882352941244,-0.17823529411764705,-0.21764705882352942
2022-06-22,MCFT,20.93,1,0.34165519620560236,-0.9973351144444017,0.008600095556617227,0.04921165790731008,0.10750119445771622
2022-06-22,OXLCN,24.25,1,0.31220280206004075,-0.04808714861791043,0.007628865979381283,0.018144329896907285,0.007835051546391858
2022-06-23,HNVR,20.16,1,0.31837624167443435,-0.8750297135622779,0.01388888888888884,-0.024801587301587324,-0.029761904761904878
2022-06-27,ALVOW,0.91,1,0.31494441031913606,-0.03868822326184357,-0.08934065934065938,-0.23076923076923084,-0.1208791208791209
2022-06-27,INTR,3.19,1,0.3212119007392898,-0.04618103345637789,-0.053291536050156685,-0.20062695924764895,-0.09090909090909094
2022-06-29,INBK,36.8,1,0.32200141604917437,-0.9956769751574619,-0.005434782608695565,-0.040760869565217406,-0.041576086956521596
2022-06-30,FISI,26.02,1,0.3319670810492711,-0.9966045799247245,-0.008070714834742532,-0.025365103766333608,0.0188316679477325
2022-06-30,HTFC,25.13,1,0.30564746539545506,-0.03893853682001908,-0.005173099880620757,-0.005571030640668551,-0.003183446080381902
2022-06-30,SIGA,11.58,1,0.30722506114386355,-0.9990293561670276,0.09585492227979264,0.2918825561312608,0.48445595854922296
2022-06-30,SWBI,13.13,1,0.30910174830934717,-0.9989789444289543,0.009139375476009182,0.0015232292460014563,0.10814927646610806
2022-06-30,USNZ,24.25,1,0.31778691173114026,-0.04941508082848645,0.0386556701030929,0.026639175257731962,0.09054845360824726
2022-07-05,CPII,19.975,1,0.306853039539216,-0.03925059527961032,-0.0035043804755945374,0.01076345431789738,0.0077546933667083096
2022-07-05,SILO,5.5,1,0.30830713851902153,-0.9958748186312529,0.044545454545454666,0.27181818181818174,0.18181818181818188
2022-07-05,XEMD,40.125,1,0.35175313480047576,-0.04965235249980754,-0.019855451713395644,-0.02110404984423675,0.004087227414330208
2022-07-08,BANFP,28.74,1,0.33861287591852635,-0.9971704727042938,-0.028173277661795337,-0.04453723034098811,-0.029575504523312368
2022-07-08,CNP,29.37,1,0.3564928298760876,-0.9992535131185802,0.008171603677221695,0.011235955056179803,0.07150153217568933
2022-07-08,FTS,46.05,1,0.3652705670369092,-0.9969814101587305,0.022149837133550454,0.010857763300760048,0.0017372421281216521
2022-07-08,FXU,32.04,1,0.36611557839546577,-0.9994325794338745,0.0006242197253434334,0.0018726591760300781,0.0699126092384521
2022-07-08,OMER,4.08,1,0.31233404521797,-0.9974951433622272,-0.007352941176470673,-0.03676470588235292,0.6740196078431373
2022-07-11,AFRIW,0.3105,1,0.2955764998948455,-0.03876122802467938,0.3916264090177133,0.04927536231884044,0.12721417069243146
2022-07-12,HFBL,20.76,1,0.34452886213422407,-0.9965858941040711,-0.048651252408477896,-0.036608863198458685,-0.03010597302504814
2022-07-12,OVBC,29.0,1,0.32585476271268504,-0.9955351017578307,0.01965517241379322,0.01172413793103444,0.043793103448275916
2022-07-12,TEN,19.16,1,0.3078088845328482,-0.9997696954833845,0.0010438413361169019,-0.018267223382046005,-0.02035490605427981
2022-07-14,ARKQ,49.56,1,0.2981530757724965,-0.9997964214452129,0.10855528652138813,0.11380145278450371,0.18886198547215494
2022-07-14,CARZ,45.11,1,0.30952675668838103,-0.9964824152413317,0.09099977831966322,0.10328308579029044,0.12835291509643088
2022-07-14,PROK,8.77,1,0.3059174859126639,-0.04756705112543636,0.013683010262257822,0.21208665906499435,-0.09007981755986305
2022-07-14,TRFM,23.3617,1,0.3077823337349359,-0.04980165857583059,0.11294126711669095,0.09390583733204338,0.18715675657165365
2022-07-15,AMS,2.26,1,0.30426866520150275,-0.9964548737965472,0.008849557522123908,0.026548672566371723,0.25221238938053103
2022-07-15,SPCZ,25.025,1,0.2973453652051747,-0.04034122611271337,0.00019980019980025965,0.0009990009990010762,0.0019980019980019303
2022-07-18,MEM,25.207,1,0.3230953107424811,-0.04799113014224428,0.015590907287658107,0.03838219542190657,0.08122346967112315
2022-07-18,MINV,25.1745,1,0.33136899803575165,-0.04887290865766738,0.010943613577230948,-0.008862142247115123,0.022340066336967945
2022-07-18,RDVT,20.02,1,0.320938284553888,-0.9973029705331621,0.09140859140859159,0.15684315684315697,0.1108891108891108
2022-07-19,GLNG,22.44,1,0.31277047244995093,-0.9999741557253145,0.008021390374331583,0.002228163992869847,0.26693404634581097
2022-07-20,PLUG,18.1,1,0.31125784738760764,-0.9971776137575347,-0.05082872928176807,0.30165745856353565,0.5729281767955798
2022-07-21,BEATW,0.46,1,0.3150050546772758,-0.6451193861124652,-0.034782608695652195,-0.14130434782608692,-0.23391304347826092
2022-07-21,KRT,19.45,1,0.32537734952266545,-0.9975385069111578,-0.0452442159383033,-0.07455012853470433,-0.0359897172236503
2022-07-22,MRTN,19.64,1,0.3795487376668869,-0.9942544020159405,0.09775967413441955,0.10539714867617112,0.13187372708757628
2022-07-22,MTX,63.87,1,0.3020756497945148,-0.9984413290696551,0.04603100046970421,-0.00313136057617025,0.01706591514012823
2022-07-22,PCAR,56.4867,1,0.30325183939453637,-0.9975132869449913,0.08013567795604981,0.0755328245409983,0.09795757231348268
2022-07-22,SEF,52.944,1,0.34643955428687345,-0.9992881057434926,-0.03294046539740103,-0.031429434874584494,-0.05654276216379572
2022-07-22,SMDV,59.47,1,0.3155342749396566,-0.9964876681492785,0.05246342693795203,0.046241802589541026,0.09147469312258272
2022-07-25,TVTX,23.52,1,0.3037399614502496,-0.9979218327982281,-0.02593537414965985,0.21726190476190466,0.13520408163265296
2022-07-27,JOF,6.54,1,0.3250183952075859,-0.9964120799609496,0.0,-0.001529051987767538,-0.015290519877675823
2022-07-27,OPER,100.115,1,0.4734348015718607,-0.037055823758142176,0.0003995405283923059,0.0009489087549319208,0.0017479898117165327
2022-07-28,OPAL,9.77,1,0.32881402825118056,-0.18132315647962355,0.010235414534288667,0.0491299897645856,0.0020470829068577334
2022-07-28,PLUR,8.4,1,0.31800709235130786,-0.04836911037778008,0.04771428571428582,0.03809523809523818,-0.04761904761904767
2022-07-28,SIO,25.445,1,0.3048146276509882,-0.03790930343699181,0.007270583611711512,0.00786009039103952,-0.0016270387109451612
2022-07-29,UBS,16.24,1,0.33046970109646595,-0.9944643539324795,-0.0012315270935960854,0.05972906403940903,-0.03633004926108363
2022-08-01,BALY,21.8,1,0.3055179554473535,-0.9987589315342693,0.09587155963302751,0.18165137614678906,0.10550458715596323
2022-08-01,ENIC,1.44,1,0.3075672959572272,-0.9992023517794518,0.09722222222222232,0.13194444444444442,0.1875
2022-08-01,FDBC,40.7,1,0.31279720530325134,-0.9997095812137466,-0.02211302211302224,-0.020884520884520863,0.0029484029484028174
2022-08-01,PINS,19.99,1,0.29519904316618034,-0.9998896422837483,0.1455727863931966,0.16958479239619817,0.1460730365182592
2022-08-01,SOCL,32.79,1,0.31645687567844444,-0.9967649960981075,0.03598658127477883,0.06129917657822492,-0.016163464470875355
2022-08-01,TDC,38.25,1,0.29708974325503795,-0.999813228441438,-0.08078431372549033,-0.0643137254901961,-0.14901960784313728
2022-08-02,CYH,2.85,1,0.3208859767796096,-0.9970669320070875,0.21754385964912282,0.16140350877192988,-0.007017543859649145
2022-08-02,SNN,24.84,1,0.3302842032330906,-0.9997857665376331,0.052334943639291476,0.05434782608695654,-0.041867954911433136
2022-08-02,UVSP,24.81,1,0.32295627467623256,-0.9969015486352865,0.012091898428053138,0.058041112454655375,0.00886739218057242
2022-08-03,NTRB,4.1057,1,0.32743305452851823,-0.9974731727659928,0.017877584821102355,0.1593638112867477,-0.062279270282777466
2022-08-03,NXGLW,0.1985,1,0.3012030749379091,-0.49562892663962144,0.33501259445843834,0.2594458438287153,1.015617128463476
2022-08-03,SPCX,27.34,1,0.30601484581700256,-0.9997709270402023,-0.002560351133869765,-0.002560351133869765,-0.004937820043891761
2022-08-04,BWBBP,23.52,1,0.31476953994478213,-0.9999392933631752,0.0002083333333333659,-0.011479591836734637,-0.0663265306122448
2022-08-04,RITM,9.87,1,0.32690249279973876,-0.04646158159326827,0.014184397163120588,0.020263424518743856,-0.07396149949341424
2022-08-05,ACB,15.0,1,0.30052054450411997,-0.9978712351906198,0.16666666666666674,0.020000000000000018,0.006666666666666599
2022-08-05,GLDD,9.82,1,0.33595389657776,-0.9978319246462375,0.062118126272912466,0.04073319755600813,-0.03971486761710796
2022-08-05,OSS,4.025,1,0.30969174287497164,-0.999147999482232,0.01863354037267073,-0.01739130434782621,-0.06832298136645976
2022-08-05,UNB,27.17,1,0.36267125515233634,-0.9955305163611987,-0.022819285977180748,-0.02629002576370998,-0.03202061096797937
2022-08-08,DIEM,24.0001,1,0.45075992370987966,-0.049902595721366114,0.016012433281527905,-0.009949958541839443,-0.03993316694513782
2022-08-08,FIP,2.8,1,0.319669428630121,-0.03829610341500528,-0.06428571428571417,-0.12499999999999989,0.06071428571428594
2022-08-08,KN,16.64,1,0.34145613745869685,-0.9960138207954681,0.011418269230769162,-0.01742788461538458,-0.17548076923076927
2022-08-09,ALCO,32.2,1,0.3253012514487177,-0.9995339605021726,0.07267080745341592,0.05093167701863366,0.0183229813664596
2022-08-09,BCRX,14.45,1,0.3116790760482734,-0.9998022688561028,0.012456747404844482,0.0,-0.04290657439446366
2022-08-09,ECVT,9.18,1,0.3236613047322712,-0.996566914975753,0.10021786492374729,0.04030501089324634,0.025054466230936878
2022-08-09,NSPR,1.93,1,0.3053507408826428,-0.9974872243551175,-0.03621761658031075,-0.08290155440414504,-0.0984455958549223
2022-08-11,UTEN,49.3924,1,0.34691431399743583,-0.04829109757565793,0.0016176577773097112,-0.011117094937682759,-0.03446076724354352
2022-08-12,CRMD,4.15,1,0.33435588810595496,-0.9957371299801031,-0.05783132530120483,-0.10120481927710856,-0.09879518072289162
2022-08-12,EDSA,14.42,1,0.29090962927566105,-0.998651212461326,-0.029126213592232997,-0.13592233009708732,-0.11650485436893199
2022-08-12,METC,10.5328,1,0.29849543677683665,-0.9987974149429902,0.08560876500075953,0.06961111955035704,-0.05362296825155699
2022-08-12,NEWT,21.89,1,0.2998538890610116,-0.9993598428316164,0.012791228871630977,-0.011420740063956103,-0.002740977615349527
2022-08-12,ZUMZ,29.48,1,0.3171411650513816,-0.9970099124403715,-0.0071234735413839845,-0.07089552238805974,-0.09226594301221158
2022-08-15,ALTG,13.41,1,0.36266145478981526,-0.9948693134780406,-0.07531692766592091,-0.10887397464578674,-0.03579418344519014
2022-08-15,AUBN,28.2,1,0.32922030726927065,-0.9991627158718338,-0.007092198581560294,-0.0787234042553191,-0.12234042553191482
2022-08-15,FJP,43.4784,1,0.31362665480062946,-0.9997682511826094,-0.029729704864944417,-0.03492308824611756,-0.08304353426069033
2022-08-15,HMC,27.23,1,0.3234570879444465,-0.9964622190524832,-0.020932794711715053,-0.015791406536907804,-0.07491737054719061
2022-08-15,NUS,46.54,1,0.3137505411830633,-0.9997148204373444,-0.0575848732273313,-0.0889557370004298,-0.16888697894284488
2022-08-16,CNOBP,22.56,1,0.30996035361677726,-0.9960420410953426,-0.04432624113475181,-0.03590425531914887,-0.06081560283687948
2022-08-16,RRGB,9.05,1,0.316857280820063,-0.9966223692952859,-0.1182320441988951,-0.16464088397790066,-0.15580110497237576
2022-08-17,EFSI,37.79,1,0.3347598995785005,-0.9958550118886395,-0.02143424186292675,-0.023021963482402708,-0.03413601481873507
2022-08-17,LZ,11.74,1,0.3322543034875636,-0.9960784232202139,-0.09795570698466782,-0.12265758091993184,-0.1286201022146507
2022-08-17,MFIC,13.31,1,0.31886223509364015,-0.04716156255307448,0.009015777610818843,-0.010518407212622094,-0.050338091660405704
2022-08-18,WHG,14.34,1,0.3358420109275466,-0.9992345045611889,-0.04253835425383534,-0.11645746164574611,-0.22175732217573219
2022-08-22,AZTD,19.5796,1,0.34786054749302225,-0.04676117106019871,-0.0067059592637234156,-0.0420029009785694,-0.03444912051318716
2022-08-22,RYLD,20.55,1,0.32239186479175896,-0.9971449218279279,-0.009732360097323589,-0.05206812652068127,-0.06326034063260344
2022-08-24,TLTW,39.1193,1,0.31816493782659416,-0.046845374524855946,0.005741411528324747,-0.03474755427627807,-0.05417530477283594
2022-08-25,CGV,12.8999,1,0.5296289632735448,-0.03385581081158043,-0.01981410708610154,-0.010465197404631033,-0.053093434832828246
2022-08-25,HYGW,39.9324,1,0.3176899978859571,-0.03796294340484583,-0.024932135308671777,-0.02184692129699184,-0.05851639270366926
2022-08-25,LQDW,39.9402,1,0.32655610292271653,-0.03891141758572582,-0.022593777697658024,-0.03549556587097702,-0.062150414870230875
2022-08-26,ECBK,14.06,1,0.5282647806872606,-0.0342579849498872,0.004978662873399653,0.009957325746799306,0.020625889046941515
2022-08-30,IBRN,23.9955,1,0.3566612074318803,-0.04515082009752229,0.016148861244816626,0.028630368194036526,0.042316267633514704
2022-08-30,ONFO,1.75,1,0.30881458521912875,-0.04948712790560507,-0.10285714285714287,-0.20285714285714285,-0.3142857142857143
2022-08-30,SNFCA,6.6948,1,0.3370938617343122,-0.9972689463740598,-0.06001672940192382,-0.09549202366015408,-0.1961373005915038
2022-08-30,WILC,16.97,1,0.34061252940759723,-0.9945318265765336,-0.03241013553329386,-0.004124926340601132,-0.20683559222156733
2022-08-31,DGRW,58.75,1,0.31934288619678886,-0.9996367220790968,0.00834042553191483,-0.017702127659574463,-0.06876595744680847
2022-08-31,EIRL,42.2395,1,0.3165664521490431,-0.997928128593384,-0.01371938588288224,-0.017209010523325352,-0.13138176351519315
2022-08-31,LEAD,50.07,1,0.33196456040913147,-0.9970686528289894,0.016558817655282443,-0.01928899540643103,-0.08490313561014584
2022-08-31,LRGE,44.1901,1,0.3176771897906596,-0.9986411574032196,0.010633603454167195,-0.017426980251232682,-0.08531548921591037
2022-08-31,MEI,40.46,1,0.30216092796860117,-0.9997608642693147,-0.03682649530400395,-0.06129510627780532,-0.06969846762234311
2022-08-31,MSBIP,25.7,1,0.3102996553563525,-0.04740807411875779,0.01024124513618685,0.005836575875486361,-0.0038910505836574627
2022-08-31,TSCO,37.03,1,0.3369556888576506,-0.9960670027593871,0.07907102349446382,0.015176883607885383,0.01263840129624616
2022-09-01,BNDI,49.3844,1,0.33245374540806427,-0.04697463016200443,-0.0014336511124970475,-0.011831671540000421,-0.045222782903103
2022-09-01,NEAR,49.27,1,0.5660471428940712,-0.030776775042162516,0.0010148163182464032,0.0006088897909477531,-0.00020296326364943607
2022-09-01,SPYI,48.8884,1,0.3132995578177755,-0.049765888895846946,0.021403850402140545,-0.012620580751262045,-0.08742564698374256
2022-09-02,GSL,18.64,1,0.3451709676975953,-0.9959757300860017,0.05901287553648049,-0.07349785407725329,-0.13143776824034326
2022-09-02,MEAR,49.73,1,0.2907295954987861,-0.07949982308636444,0.0004021717273277048,-0.0008043434546550765,-0.0030162879549567867
2022-09-06,UTWO,49.74,1,0.3078089609794903,-0.03826040317529095,-0.004240048250904738,-0.007639726578206774,-0.010052271813429825
2022-09-07,PR,7.56,1,0.34078722628630764,-0.048235884398356785,0.07804232804232814,-0.0714285714285714,0.13756613756613767
2022-09-08,PWS,30.8692,1,0.32148864486896406,-0.998062882355027,-0.006715431562852259,-0.02167856633796794,-0.06152410817254739
2022-09-09,CPHC,22.0,1,0.3012862872576574,-0.9996112120814871,0.08772727272727265,0.010000000000000009,0.07013636363636366
2022-09-12,BSBK,11.02,1,0.3070167231362052,-0.9980657335746849,0.006352087114337657,0.005444646098003769,0.011796733212341204
2022-09-12,BSJU,25.5338,1,0.3153130938689459,-0.046846228944646434,-0.023255449639301595,-0.07240598735793347,-0.0744033398867383
2022-09-13,IGIC,7.55,1,0.30565333520626625,-0.9987278817642667,-0.02384105960264893,-0.0066225165562913135,-0.031774834437086064
2022-09-15,SCCG,24.74,1,0.31610091369049603,-0.03690257588318958,-0.02849636216653184,-0.04971705739692789,-0.08043654001616807
2022-09-15,THLV,24.0728,1,0.3214742455155153,-0.0496793520278732,-0.03798477950217671,-0.05847678707919324,-0.03038283872254166
2022-09-16,ALSN,35.11,1,0.29640137381831966,-0.9982671567487251,-0.0475647963543151,-0.03845058387923672,0.026488180005696416
2022-09-16,AVTR,22.48,1,0.34730502091128074,-0.9979784806753779,-0.08362989323843417,-0.12811387900355864,-0.12900355871886127
2022-09-16,BBAX,46.57,1,0.3347584992599295,-0.9969211208998996,-0.06484861498818983,-0.0913678333691218,-0.10027914966716778
2022-09-16,BEN,24.14,1,0.33514248186480056,-0.9972514970776409,-0.03024026512013256,-0.10853355426677713,-0.10066280033140018
2022-09-16,BKE,33.62,1,0.3115736817630775,-0.9982327935092553,-0.04104699583581184,-0.05829863176680539,0.01487209994051164
2022-09-16,CG,30.89,1,0.3086251467359782,-0.9996328054616966,-0.1275493687277437,-0.16348332793784404,-0.17675623179022337
2022-09-16,COWZ,43.99,1,0.333341236922324,-0.9966310215139405,-0.07183450784269163,-0.06751534439645368,-0.019322573312116398
2022-09-16,DSTL,39.59,1,0.3395335185890235,-0.9962783665743895,-0.050012629451881896,-0.06794645112402131,-0.060116190957312465
2022-09-16,ENZL,45.98,1,0.35629953505060746,-0.9956007459808951,-0.06328838625489341,-0.10439321444106131,-0.13397129186602863
2022-09-16,FCOM,34.23,1,0.3179417291050262,-0.9986858585196702,-0.06222611744084128,-0.08618171194858304,-0.08997955010224945
2022-09-16,FDRR,38.55,1,0.3222530148557478,-0.9999914111631432,-0.045136186770427855,-0.0798962386511024,-0.06459143968871583
2022-09-16,FLV,56.781,1,0.3346756287598439,-0.9976006750695856,-0.04791215371339008,-0.06752434793328754,-0.04545534597840817
2022-09-16,FTDS,42.2724,1,0.3353267550223924,-0.9976920534622443,-0.05647183505076603,-0.0745734805688818,-0.05561548433493246
2022-09-16,IGRO,54.61,1,0.34060384654958664,-0.9980890551661293,-0.055667460172129646,-0.07269730818531406,-0.08789598974546786
2022-09-16,IUS,35.85,1,0.3252944476786464,-0.9999520568573448,-0.051603905160390595,-0.07391910739191065,-0.05941422594142265
2022-09-16,IYH,53.288,1,0.34546180650566427,-0.9980195574209288,-0.03651854075964567,-0.050442876444978135,-0.031714457288695375
2022-09-16,JAVA,49.3059,1,0.3239743052211774,-0.9967700819605041,-0.05402801693103665,-0.07171149902952789,-0.05011976254363071
2022-09-16,PECO,31.86,1,0.3375823411228697,-0.9988621382109295,-0.07470182046453233,-0.11958568738229747,-0.11299435028248583
2022-09-16,PFGC,48.59,1,0.3177925993349365,-0.9971858858512633,-0.07738217740275788,-0.11607326610413671,-0.08293887631199837
2022-09-16,RDVY,42.31,1,0.320536531603602,-0.997801226446109,-0.06050579059324046,-0.08106830536516185,-0.060033089104230664
2022-09-16,RVLV,24.59,1,0.2945044615384528,-0.9995218527696259,-0.03863359089060592,-0.11793411956079702,-0.15534770231801542
2022-09-16,SAR,25.5,1,0.3751626245313515,-0.9936060233356326,-0.10784313725490191,-0.18549019607843142,-0.17803921568627445
2022-09-16,SEF,53.4,1,0.33917024737141166,-0.9968706939208547,0.06067415730337089,0.08764044943820215,0.0801498127340825
2022-09-16,SPHD,43.24,1,0.36991710247394544,-0.9948935193533784,-0.05550416281221093,-0.09551341350601306,-0.08325624421831646
2022-09-16,SPMD,41.8,1,0.32838256967014273,-0.9974284823281875,-0.0633971291866029,-0.07751196172248798,-0.05933014354066979
2022-09-16,SPYD,39.18,1,0.3658354383229294,-0.9953033767571794,-0.057427258805513026,-0.09469116896375707,-0.07912200102092903
2022-09-16,VALQ,45.7837,1,0.33780755927448586,-0.9958754992367544,-0.05990559959112096,-0.08286136769199526,-0.057306421280936326
2022-09-16,WDIV,59.0394,1,0.36371792023520017,-0.99605223867924,-0.0597804178226744,-0.0963881746765719,-0.11345135621296976
2022-09-16,XMLV,52.05,1,0.3471259083767919,-0.995522956499358,-0.047262247838616545,-0.07704130643611906,-0.0635926993275695
2022-09-19,AGNCL,21.69,1,0.3203520640036563,-0.0482637203552348,-0.06177962194559705,-0.0779160903642232,-0.08298755186721996
2022-09-19,OAIM,24.8551,1,0.3232186042819602,-0.048192433728387316,-0.0644254096744733,-0.054519997907874096,-0.06144815349767252
2022-09-19,STRV,24.771,1,0.32209730813205734,-0.04948503739008009,-0.06180614428161968,-0.05542771789592671,-0.05575067619393648
2022-09-19,VNOM,30.69,1,0.32890435041833177,-0.9986064161508924,-0.1590094493320301,-0.01564027370478982,0.036493971977842765
2022-09-19,XSVN,49.4606,1,0.3367845396973979,-0.0459891558803438,-0.02917878068604096,-0.012171304027852381,-0.03549087556560171
2022-09-20,CPRX,12.8,1,0.31830646794020834,-0.9978174467743484,-0.030468750000000044,-0.00390625,0.009374999999999911
2022-09-20,XTEN,49.1085,1,0.3607069887529313,-0.03506660529592791,-0.03609558426748927,-0.00777869411608989,-0.03896270503069743
2022-09-21,ALHC,12.43,1,0.33397263142463435,-0.9989977840737296,-0.006436041834271933,-0.01528559935639573,-0.10136765888978272
2022-09-21,HFBL,21.0,1,0.3176052029936993,-0.9982665910981667,-0.1004761904761905,-0.0876190476190476,-0.12857142857142856
2022-09-21,SJ,2.96,1,0.2961469694139807,-0.9984225533856892,-0.1317567567567568,-0.5337837837837838,-0.42229729729729726
2022-09-22,CCSO,18.9206,1,0.36095567250058375,-0.045178245614967236,-0.05193281396995875,-0.04398380601038021,-0.10526093252856683
2022-09-22,VEON,9.25,1,0.2950212938292197,-0.9994431862287712,-0.09162162162162168,-0.005135135135135083,-0.10270270270270265
2022-09-23,F,12.31,1,0.3510883676680796,-0.9964062572027271,-0.09017059301381003,-0.008935824532900205,-0.009748172217709294
2022-09-23,RUMBW,3.3,1,0.32927588441860023,-0.1686474270280745,-0.045454545454545414,0.06060606060606055,-0.36363636363636354
2022-09-23,SPSK,17.75,1,0.30122278621583914,-0.8139013007883884,-0.019718309859155014,-0.014647887323943731,-0.034366197183098524
2022-09-27,VIRT,21.93,1,0.33186072232225156,-0.9951475956807692,0.011855905152758917,-0.028271773825809476,0.026903784769721772
2022-09-27,XTWO,49.425,1,0.3094367900833982,-0.03743530722715281,0.005369752149721796,0.0017197774405666166,0.0012180070814364896
2022-09-28,TRMD,20.33,1,0.32488745876130287,-0.994900807092687,-0.057550418101327994,0.008853910477127469,0.34530250860796863
2022-09-30,ALPS,5.1,1,0.29979226162116895,-0.04904859062742819,0.1098039215686275,0.05882352941176494,0.02350980392156865
2022-09-30,PFS,19.5,1,0.3631090508935296,-0.997084945827802,-0.012820512820512775,0.04205128205128217,0.14871794871794863
2022-10-03,NXTE,30.2,1,0.32090014199265293,-0.04981039812107439,-0.0500993377483443,-0.06593377483443708,-0.004135761589403986
2022-10-04,AIHS,9.3,1,0.29147986371093015,-0.9990156484349637,-0.05387096774193556,-0.032258064516129115,-0.032258064516129115
2022-10-04,ANIK,24.56,1,0.3136347008494724,-0.9954216093274685,0.008143322475570258,0.031351791530944695,0.22271986970684043
2022-10-04,FBRT,11.67,1,0.36220330328094874,-0.9967681522478044,0.0017137960582689349,0.10796915167095111,0.16709511568123392
2022-10-04,NRSNW,0.35,1,0.31101908659405475,-0.9976553116210648,-0.21714285714285708,-0.34371428571428575,-0.2857142857142857
2022-10-04,RA,18.0,1,0.32972292805870773,-0.9948840351846933,-0.0722222222222223,-0.03222222222222215,-0.028888888888888853
2022-10-06,AURA,13.77,1,0.325117860400247,-0.9975370648907665,0.05228758169934644,-0.10457516339869277,-0.10893246187363836
2022-10-06,EWZ,32.86,1,0.3494698416715809,-0.9949556104261313,-0.038953134510042675,0.0,0.0057821059038343225
2022-10-06,HWBK,22.2885,1,0.341280546572931,-0.9963421578165979,-0.01726002198443133,-0.0077663369001951255,-0.02221773560356244
2022-10-06,LVWR,9.28,1,0.35754723350583395,-0.25855993347736766,-0.1293103448275862,-0.22521551724137923,-0.20150862068965514
2022-10-06,TUR,24.67,1,0.3283805179254691,-0.9954669280801884,0.006485610052695545,0.09282529387920557,0.1268747466558573
2022-10-07,SRHQ,24.8254,1,0.3349054743742212,-0.04832919188151269,-0.013280752777397264,0.023435674752471325,0.05164065835797205
2022-10-10,BHM,22.5,1,0.3461949249490066,-0.049437267928445494,0.08400000000000007,0.07911111111111113,-0.0048888888888888316
2022-10-10,OAIM,23.1806,1,0.3747773064752218,-0.5842346139067398,0.006350137615074747,0.029645479409506237,0.06602935213066119
2022-10-12,ACAD,15.65,1,0.31315468818808134,-0.996548505160181,-0.0031948881789137795,0.023003194888179035,-0.04408945686900956
2022-10-12,GBCI,50.28,1,0.31035721092005714,-0.9964172405569458,0.04832935560859197,0.06085918854415273,0.1296738265712012
2022-10-12,IVA,5.29,1,0.34519075331938065,-0.9954958215972952,0.09073724007561434,0.1795841209829867,-0.27221172022684303
2022-10-12,MOV,30.96,1,0.3214125428420698,-0.9989157580860112,-0.004521963824289377,0.06395348837209291,0.039405684754521886
2022-10-14,CREG,30.15,1,0.2938335831657133,-0.9986434599698079,-0.031509121061359835,-0.0679933665008291,-0.019668325041459322
2022-10-14,HFND,19.9621,1,0.3340000452487787,-0.037804296254970365,0.014171855666488042,0.020423702917027775,0.04047169385986438
2022-10-17,HFBL,19.45,1,0.3245675699787216,-0.9950526499559754,-0.019280205655527016,-0.06889460154241644,-0.06889460154241644
2022-10-17,SDCI,20.12,1,0.35281560593317796,-0.9996428851787933,0.0016302186878727198,-0.011436381709741594,0.043240556660039564
2022-10-18,DFLIW,0.275,1,0.29085785562813754,-0.03965140123809316,-0.040000000000000036,-0.09090909090909094,-0.254909090909091
2022-10-19,ACI,27.2,1,0.32127293757620506,-0.995733211825906,-0.24889705882352942,-0.24816176470588236,-0.23235294117647065
2022-10-19,AVIE,53.6648,1,0.3274329364763978,-0.6021420050802552,0.04989303975790471,0.052852148894619866,0.08141276963670796
2022-10-19,BYND,13.55,1,0.29390920666806525,-0.9978631801995415,0.09225092250922518,0.088560885608856,0.06937269372693722
2022-10-19,PBJ,44.1,1,0.3659940171851088,-0.9969896100385228,0.04195011337868482,0.041269841269841345,0.05646258503401369
2022-10-19,WMB,30.88,1,0.31895418619744853,-0.9971619729780952,0.04112694300518127,0.06994818652849744,0.09358808290155451
2022-10-20,BITS,25.5,1,0.2941754067627442,-0.9987296807108353,0.11676862745098027,0.016470588235294237,-0.1435294117647059
2022-10-20,MARA,10.92,1,0.2947961901078223,-0.9984880276544492,0.25,-0.03754578754578752,-0.2646520146520147
2022-10-20,OPAL,9.11,1,0.3380028239508045,-0.9959524607017637,0.019758507135016368,-0.006586169045005308,-0.12184412733260153
2022-10-20,OPRX,15.04,1,0.2986366332721045,-0.9984532817865573,0.018617021276595924,-0.05984042553191482,0.4315159574468086
2022-10-20,UHT,44.39,1,0.325499276302764,-0.9979168772305285,0.0824510024780356,0.06533002928587517,0.13584140572200942
2022-10-20,WRBY,13.67,1,0.31021267773077144,-0.9989147313391809,0.15874177029992675,0.07022677395757149,0.20629114850036556
2022-10-20,Z,28.53,1,0.2892533382754802,-0.9997159647182704,0.0736067297581493,0.14300736067297581,0.3077462320364528
2022-10-20,ZG,28.64,1,0.29116066052089495,-0.9994384888540873,0.07192737430167595,0.13198324022346375,0.2873603351955305
2022-10-25,GABC,37.97,1,0.31534426868101884,-0.9987535361777276,0.03818804319199365,0.03450092178035291,0.04951277324203329
2022-10-27,CPF,19.65,1,0.3281495482270425,-0.9997307298306011,-0.01984732824427471,0.0758269720101783,0.07531806615776082
2022-10-27,GRNT,9.1,1,0.3973673884934561,-0.049463691031187126,-0.05054945054945048,0.007692307692307665,0.03956043956043964
2022-10-27,MMS,59.47,1,0.29600844962162143,-0.9989999625970896,-0.021187153186480567,0.05179081890028581,0.17336472170842443
2022-10-27,PBR,13.69,1,0.3829477228025705,-0.9958690026380369,-0.046749452154857485,-0.19576333089846598,-0.24762600438276106
2022-10-28,AMRX,2.34,1,0.33156462761534566,-0.9955419836977173,-0.0940170940170939,0.05128205128205132,0.03418803418803429
2022-10-28,CONL,14.3259,1,0.29493444319499584,-0.9984645600388179,-0.2593833546234443,-0.30266161288296023,-0.5679154538283808
2022-10-28,FR,47.76,1,0.3116058074387442,-0.999321711967469,-0.022194304857621305,0.04229480737018432,0.018425460636515956
2022-10-28,HOTH,5.685,1,0.291677771002216,-0.9993541610407912,-0.2295514511873351,-0.26824978012313094,-0.2717678100263853
2022-10-28,IQSM,26.1642,1,0.32076380059719456,-0.03956285851732695,-0.020550981875998575,0.04549346053003722,0.03600339395051244
2022-10-28,MISL,21.5125,1,0.3275212211553581,-0.04910557978526014,-0.0029889599070307415,0.009524694944799572,0.013564206856478966
2022-10-28,THYF,50.9484,1,0.31403778211985045,-0.04965770972569228,-0.017570718609416613,0.00048676700347805024,-0.006991387364470691
2022-10-28,VVOS,18.375,1,0.2913988720394146,-0.9980844732820352,-0.08843537414965985,-0.18367346938775508,-0.2108843537414966
2022-10-31,CGMS,25.2357,1,0.32072975767098666,-0.048681657951292506,-0.001216530549974948,0.016131908367907455,0.027710743113921854
2022-10-31,JFBRW,0.21,1,0.296049788045813,-0.03845000466070429,-0.04761904761904756,-0.04761904761904756,0.10190476190476194
2022-10-31,NAVI,15.14,1,0.3327607656979249,-0.9985561549909597,0.017833553500660404,0.05548216644649928,0.08784676354029042
2022-11-01,BW,4.34,1,0.30912603178356696,-0.99817338459551,-0.018433179723502335,0.20046082949308763,0.05069124423963123
2022-11-01,ETD,26.3,1,0.326499721392575,-0.9983973847812037,0.0874524714828897,0.13574144486692008,0.08174904942965777
2022-11-01,KNX,48.79,1,0.3131092398287633,-0.999095962848552,0.0,0.1604837056773929,0.13609346177495385
2022-11-01,NNBR,2.545,1,0.3178243431220734,-0.9956924341022415,-0.21414538310412568,-0.2298624754420432,-0.24950884086444014
2022-11-01,YEAR,49.56,1,0.5053258512061832,-0.03543546330777049,0.000605326876513379,0.006154156577885317,0.009497578692494013
2022-11-02,APRW,25.7168,1,0.2990223469974435,-0.048779705706046686,-0.00045495551546059776,0.019279226031232444,0.030843650843028758
2022-11-02,DVAL,12.67,1,0.314723661598827,-0.047721988103499216,-0.00196527229676402,0.037150749802683514,0.06598263614838196
2022-11-02,JANW,25.33,1,0.29970913231358176,-0.04868507498713861,0.00019739439399923953,0.02258191867350967,0.03454401894986181
2022-11-02,JULW,26.43,1,0.30079968606693214,-0.04890961741290492,-0.00037835792659846046,0.020809685962920987,0.03858872493378729
2022-11-02,KALV,5.3,1,0.3033356483024843,-0.99749261472688,-0.01886792452830177,0.005660377358490676,0.007547169811320753
2022-11-02,KDP,36.98,1,0.37018321819473415,-0.9948661433067637,0.015954570037858495,-0.007842076798269315,0.04678204434829647
2022-11-04,HIGH,25.14,1,0.30169561948144163,-0.038727286513609196,0.0006006364359585348,0.0029037390612569602,-0.009745425616547343
2022-11-04,OABI,2.16,1,0.3473284480535023,-0.04871741618955609,0.3657407407407407,0.28703703703703676,0.8055555555555554
2022-11-07,EFRA,25.0973,1,0.3574107119042677,-0.04989495817357577,0.06513051204711262,0.06893968673921091,0.07297199300323132
2022-11-08,IPAY,39.3352,1,0.32356679577635933,-0.9946653951548894,0.06647481136488453,0.02096849641033982,0.00978258658911102
2022-11-08,MBI,11.86,1,0.30688451021885677,-0.99697404749673,0.00337268128161905,-0.004215851602023535,0.019392917369308593
2022-11-08,RVRB,19.7984,1,0.3435384948295025,-0.04510056898381659,0.04238726361726197,0.04467027638597054,0.026204137708097486
2022-11-08,SATS,17.78,1,0.2893030112138068,-0.9996416101913198,0.007311586051743424,-0.0230596175478065,-0.08155230596175489
2022-11-09,CMDY,56.87,1,0.3154130333259236,-0.9986636280534521,0.018639001230877472,0.01775980305960978,-0.015382451204501546
2022-11-10,BMN,25.38,1,0.3220147751460134,-0.03844797801682304,0.005516154452324784,0.004921197793538168,-0.009456264775413614
2022-11-10,CGMU,25.705,1,0.29899956640324493,-0.039093173322879315,0.00941451079556499,0.015561174868702565,0.027621085391947187
2022-11-10,MFG,2.3,1,0.29323656848180557,-0.33874434141228255,0.0,0.0565217391304349,0.07391304347826111
2022-11-10,UYLD,50.385,1,0.3081335617468417,-0.03871991526952884,-0.0020839535576063772,-0.002679368859779707,-0.002687307730475319
2022-11-11,SPRY,6.16,1,0.3125486919184206,-0.047989199483400836,-0.0357142857142857,-0.004870129870129913,0.1558441558441559
2022-11-14,BSM,18.69,1,0.3562833692219214,-0.9935260724940237,-0.03210272873194231,-0.015516318887105585,-0.06688068485821297
2022-11-14,STXV,25.4533,1,0.3274439031791947,-0.04910093171441489,0.0004243064749953618,0.009220808303834982,0.006105298723544594
2022-11-15,ALRS,23.03,1,0.33484574385482174,-0.9993906039634205,0.02257924446374293,0.027355623100303816,0.005210594876248198
2022-11-15,AMTB,30.15,1,0.3546159494594205,-0.9964583536492271,-0.0066334991708125735,-0.022885572139303423,-0.12669983416252073
2022-11-15,CRNX,18.24,1,0.29544173929904555,-0.9994794260560969,0.0010964912280704286,-0.020285087719298156,-0.10690789473684204
2022-11-15,DSGN,14.26,1,0.308852585791539,-0.9967149685655964,0.007012622720897532,-0.018232819074333828,-0.37727910238429163
2022-11-15,ERO,12.25,1,0.33066296111979754,-0.9957138073788734,-0.0106122448979592,0.03183673469387749,0.139591836734694
2022-11-15,EVTC,34.71,1,0.3317876464168721,-0.9946105572606931,-0.0538749639873235,-0.02708153269951019,-0.08441371362719674
2022-11-15,FAST,25.815,1,0.34160532946626376,-0.993916376265812,0.014720123958938514,-0.0023242300987799114,-0.039705597520821256
2022-11-15,FDLO,46.71,1,0.3300540039106136,-0.9981728769766658,0.01755512738171694,0.03189895097409545,0.02140869192892314
2022-11-15,FDMO,44.3889,1,0.30738936927141475,-0.9997332798483215,0.014893362980384683,0.029987226536363876,0.004922401771614071
2022-11-15,FLQS,34.4095,1,0.3487047432062236,-0.9983035327449301,0.0035745942254319374,0.013781077899998495,-0.012874351559888919
2022-11-15,FMF,48.7859,1,0.314811675558457,-0.9992160833431931,-0.0017607546442721667,-0.015494230915079954,-0.02307838945269025
2022-11-15,FRPH,29.35,1,0.35831281901803436,-0.999604942381171,-0.07172061328790458,0.03747870528109032,-0.017035775127768327
2022-11-15,FSMD,32.6292,1,0.3394051882159817,-0.9987514717211746,0.006766944945018727,0.017800007355375014,-0.014388952226839669
2022-11-15,LINK,4.2369,1,0.3014623203713281,-0.9991028789366468,-0.047534754183483297,-0.06193207297788483,-0.04647265689537172
2022-11-15,OMFL,43.88,1,0.33264082034465026,-0.996236675802795,0.017092069279854183,0.030537830446672576,0.007976298997265152
2022-11-15,OMFS,36.3,1,0.354560914463669,-0.9996193105436619,0.005234159779614389,0.013223140495867813,-0.02837465564738273
2022-11-15,OSCV,32.4443,1,0.3616030578700436,-0.9953242465125985,0.004389060636228903,0.010963404974063229,-0.021726466590433424
2022-11-15,PIO,33.29,1,0.3577304969200348,-0.9992380295482912,0.00030039050765995334,0.009011715229798822,0.030639831781315907
2022-11-15,QLV,50.9287,1,0.3340297971080069,-0.9971234256001474,0.019293639931904805,0.036148576343004946,0.0254100340279646
2022-11-15,ROSC,37.8927,1,0.3617172364855183,-0.9981680075252717,0.004602469604963577,0.011912584745874533,-0.026670044626009637
2022-11-15,RYN,32.3889,1,0.36025886720521544,-0.9962943603110843,0.010645622420026646,0.005044938235012619,-0.0075612323975189355
2022-11-15,SKT,19.47,1,0.36155419694051494,-0.9969978608156301,-0.0015408320493065508,-0.0010272213662043672,-0.02670775552131477
2022-11-15,STXD,25.7497,1,0.33951743100697934,-0.037318377423907714,0.016066206596581756,0.03181396288112093,0.026808079317429012
2022-11-15,TDSB,21.79,1,0.3014204309761317,-0.9980651213503291,0.009265718219366725,0.023864157870582714,0.017512620468104645
2022-11-15,TELA,8.1,1,0.3424636707396871,-0.9961275652106094,-0.00987654320987652,0.03580246913580254,0.3209876543209875
2022-11-15,TPLC,34.3,1,0.3579624633133417,-0.9978898649695427,0.004956268221574467,0.02246064139941706,0.010434402332361481
2022-11-15,TPSC,32.1704,1,0.3549143441467438,-0.997181559699566,-0.0038264988933927047,0.005753736353915295,-0.02829930619451415
2022-11-15,TYG,33.55,1,0.31986675188816066,-0.9994852702531055,-0.008643815201192173,-0.0002980625931444658,-0.00804769001490302
2022-11-15,USML,27.8338,1,0.33441497597710484,-0.9971477414592199,0.04084242898921464,0.07234728998555706,0.055400268738009295
2022-11-15,VTC,74.0514,1,0.43451636519947495,-0.9977270171414745,0.007543409037506388,0.018076633257440022,0.03590208962963559
2022-11-15,XCOR,51.006,1,0.3161927605188999,-0.7292214170583168,0.01570011371211244,0.023771713131788497,0.0038034741010861683
2022-11-15,YRD,1.53,1,0.3076831164272973,-0.9979565408975104,0.006535947712418277,-0.2941176470588235,-0.14379084967320255
2022-11-16,BATRA,31.45,1,0.34472158238565886,-0.9954060179748474,0.06041335453100172,0.04515103338632742,0.054372019077901346
2022-11-16,BATRK,30.89,1,0.35140618813854463,-0.9953744158836204,0.06830689543541602,0.05276788604726468,0.052120427322758234
2022-11-16,FLO,28.44,1,0.37762493341245124,-0.9963421513316826,0.04043600562587901,0.05098452883263005,0.007032348804500765
2022-11-16,FSCO,4.22,1,0.3119262502045254,-0.047749410762028835,0.17535545023696697,0.1800947867298579,0.16322274881516607
2022-11-17,ENB,40.32,1,0.35118837713896256,-0.9945140715309331,0.035218253968253954,0.007192460317460236,-0.048363095238095344
2022-11-17,LFCR,8.85,1,0.31656948524372075,-0.04821225128872509,-0.05423728813559325,-0.08135593220338966,-0.25762711864406773
2022-11-17,TUA,24.836,1,0.305819792259354,-0.04826670218946882,-0.005073280721533124,0.016669350942180694,0.025326139474955767
2022-11-18,ENR,32.05,1,0.3411625130355688,-0.9940697667624487,0.02839313572542923,0.08767550702028082,0.039937597503900246
2022-11-18,FDV,25.195,1,0.33023702263975685,-0.04742264814422137,0.011113316134153672,0.015122048025401957,-0.005437586822782281
2022-11-18,LAW,7.94,1,0.29659287812811147,-0.9996546121825277,-0.0667506297229219,-0.09571788413098248,-0.18387909319899243
2022-11-18,POCI,5.83,1,0.32375778116728315,-0.04665822595102837,-0.020583190394511175,0.012006861063464935,-0.01804459691252147
2022-11-18,TUSK,5.56,1,0.3434448213811098,-0.9962031986497115,0.0,0.0125899280575541,0.2877697841726621
2022-11-21,ERET,24.8136,1,0.3413810925991765,-0.0466083486409882,0.00951091337008747,0.004219460295966648,-0.027549408388948038
2022-11-21,HDUS,40.0099,1,0.307995740196866,-0.048802055998144266,0.002821801604102836,-0.00020744865645749844,-0.027935585942479246
2022-11-21,LE,10.71,1,0.3031353511874359,-0.9984278172774486,0.05042016806722671,-0.2306255835667601,-0.3221288515406163
2022-11-21,NNOX,10.84,1,0.30690308725835236,-0.9979690275742834,-0.05719557195571945,-0.08671586715867152,-0.2140221402214022
2022-11-21,SMWB,4.65,1,0.3127128270074737,-0.9973687804127546,0.047311827956989294,0.13118279569892466,0.2451612903225806
2022-11-21,TFLR,49.895,1,0.3053160474903104,-0.04843328523762399,-0.001643451247619998,-0.0015031566289207543,0.00309249423789959
2022-11-22,BATRK,32.91,1,0.3627509231755394,-0.9969370498582008,-0.010027347310847756,-0.012762078395624266,-0.025524156791248753
2022-11-25,TYLG,25.2354,1,0.31299244474394317,-0.049629883147562656,0.00953422573052154,-0.010465457254491661,-0.04146159759702639
2022-11-28,CENTA,30.584,1,0.3299115456508231,-0.9966357242524806,0.013863458017263852,-0.020664399686110335,-0.05257651059377455
2022-11-28,MSGM,5.23,1,0.2906367882376008,-0.9997851503602134,-0.015296367112810683,-0.06883365200764824,-0.5544933078393881
2022-11-28,SHEL,56.49,1,0.3071525678053636,-0.9994175310973163,0.016109045848822667,-0.0023012922641175715,0.02442910249601682
2022-11-28,WRN,1.48,1,0.29607854455663024,-0.9976574937091682,0.17567567567567566,0.277027027027027,0.22972972972972983
2022-11-29,SVRA,1.64,1,0.3020424923687033,-0.9978979902280576,-0.0060975609756097615,-0.07926829268292679,-0.08536585365853655
2022-11-30,AREBW,4.55,1,0.2938440083106328,-0.9985987077390934,-0.1208791208791209,0.29670329670329676,-0.6637362637362637
2022-12-01,CFFI,55.87,1,0.30349137448980595,-0.9993505810643126,0.10076964381600151,-0.004474673348845548,0.042956864148917306
2022-12-01,XHLF,50.03,1,0.479268844854622,-0.03671095413789495,0.001099340395762427,0.002198680791525076,0.000599640215870556
2022-12-05,DECT,24.6706,1,0.3036504073757159,-0.048451633124252116,-0.0034129692832763903,-0.03242320819112632,-0.02500141869269501
2022-12-05,DECW,24.8119,1,0.3026004590205269,-0.048279708992842486,-0.00012897037308712278,-0.019019099706189424,-0.013961042886679431
2022-12-05,DMAC,1.31,1,0.31557502416576383,-0.9990233798633429,0.13740458015267176,0.1564885496183206,0.10687022900763354
2022-12-05,IGTR,24.8337,1,0.31858997726201466,-0.037848429415419174,0.004948920217285435,-0.02169229716071297,-0.009036108191691095
2022-12-05,NYT,35.03,1,0.3071662386016146,-0.9999308082830273,-0.0157008278618328,-0.08506994005138468,-0.04367684841564379
2022-12-06,FIAX,19.715,1,0.2929033174545225,-0.0394113082636732,0.015470453969059106,0.012680699974638499,0.01166624397666749
2022-12-06,HIDE,24.645,1,0.2959259463275471,-0.03899710296296466,0.012781497261107777,0.006581456684926046,-0.05579224994927978
2022-12-06,KWT,34.63,1,0.3402061700999617,-0.9982728801687563,-0.03003176436615651,-0.05942824140918279,-0.07565405717585916
2022-12-06,LZB,24.45,1,0.3171423397252256,-0.9978141698436037,-0.0044989775051124115,-0.06053169734151331,-0.03803680981595092
2022-12-06,PRLB,25.23,1,0.2954724946697466,-0.999472385206718,0.030915576694411362,-0.028141101862861673,0.0328973444312326
2022-12-06,SSL,15.93,1,0.3168268392090026,-0.9993802215258503,-0.026993094789704908,-0.039548022598870025,-0.015065913370998163
2022-12-06,TFINP,25.0,1,0.3346765852387868,-0.045965429462750784,0.06120000000000014,-0.05920000000000003,-0.06000000000000005
2022-12-06,UDEC,27.7,1,0.30513611824671383,-0.9989573666229672,0.01046931407942231,-0.01335740072202174,-0.014801444043321288
2022-12-07,GHI,18.5159,1,0.3438508484561169,-0.04929346498940644,-0.0331066812847336,-0.0047364697368207365,-0.03729227312742023
2022-12-07,HAWX,26.2319,1,0.341303165413432,-0.9982048658827226,0.00602701291176011,-0.0065530899401111675,0.012507671956663469
2022-12-08,ABCB,50.32,1,0.30218759490389496,-0.9984823242853631,-0.06955484896661368,-0.06339427662957076,-0.059022257551669344
2022-12-08,CATY,43.7,1,0.3074812241229891,-0.9995459524441797,-0.06796338672768887,-0.06178489702517165,-0.04965675057208241
2022-12-08,CCBG,32.99,1,0.3181712857244772,-0.9991445495265381,-0.03728402546226128,-0.010912397696271614,-0.04334646862685676
2022-12-08,COLB,31.04,1,0.3080877592533015,-0.9998317190855511,-0.03801546391752575,-0.03994845360824739,-0.05315721649484528
2022-12-08,NXGL,1.36,1,0.37023220960159886,-0.9956823079282227,0.15441176470588225,0.04411764705882337,-0.018529411764706016
2022-12-08,PSCM,66.078,1,0.31522174797950886,-0.9960640845320966,-0.0484442628408851,-0.05539665244105463,-0.011351735827355602
2022-12-08,SUPN,35.58,1,0.3104688061289003,-0.9955433061602862,-0.0028105677346824676,0.05536818437324342,0.08347386172006743
2022-12-08,XSMO,48.6144,1,0.32435594443534826,-0.9981071659421303,-0.026767788967877904,-0.028069872301211274,-0.03166551474460244
2022-12-09,DFLV,24.6077,1,0.32963055856427625,-0.04685569769208894,-0.014357294667929232,-0.007331038658631384,0.028336658850684815
2022-12-09,KOF,65.72,1,0.3131365268439036,-0.9993199557467958,0.021606816798539263,0.06755934266585517,0.041692026780279834
2022-12-09,QVOY,25.0238,1,0.315294743943327,-0.047879047779498626,-0.014538159671992346,-0.004459754313893338,0.03636538015808943
2022-12-12,BK,44.85,1,0.30094672846794057,-0.9983301358465027,-0.015161649944258615,-0.0006688963210702559,0.07424749163879585
2022-12-12,CRNT,1.9,1,0.47873761332990394,-0.9971804624565391,0.026315789473684292,-0.015789473684210464,0.12631578947368438
2022-12-12,DBAW,27.95,1,0.3416253902193582,-0.9974212629818796,-0.03327370304114485,-0.02075134168157422,0.017173524150268404
2022-12-12,IHDG,37.05,1,0.3277105157829434,-0.9998292499374131,-0.02780026990553286,-0.029959514170040502,0.019973009446693668
2022-12-12,JILL,25.4,1,0.31343851331675127,-0.9999664285164735,-0.10944881889763769,-0.11614173228346458,0.026771653543307128
2022-12-13,BJRI,29.4,1,0.3182554516877111,-0.9973170319751958,-0.06666666666666654,-0.10170068027210877,0.0418367346938775
2022-12-13,NAMSW,0.77,1,0.29763569033782356,-0.0387307078944199,-0.025974025974025983,0.09077922077922063,0.20779220779220786
2022-12-13,RNWZ,25.2936,1,0.3522840196019166,-0.046060611912764865,-0.027247999493943298,-0.03662981940095522,0.007159913970332221
2022-12-14,BNH,16.5,1,0.32557052376945617,-0.04881652765075441,-0.014545454545454417,-0.06286666666666663,0.06848484848484837
2022-12-14,BNJ,15.21,1,0.3354862077622778,-0.049218223866691516,0.014464168310322156,-0.012163050624589111,0.12623274161735698
2022-12-14,EQTY,16.3763,1,0.3305193409079107,-0.04850754613127485,-0.03941061167663029,-0.03763365351147696,0.018545092603335256
2022-12-14,SPCX,24.59,1,0.3067966063720047,-0.9969416010458189,0.0003904026026839702,0.0,0.0061000406669378116
2022-12-14,STK,25.75,1,0.33026954752941695,-0.9953149599242074,-0.07339805825242718,-0.1099029126213592,-0.017864077669902945
2022-12-15,DLHC,12.81,1,0.3160737215203536,-0.9952750500155061,-0.0039032006245121043,-0.07377049180327866,-0.09055425448868071
2022-12-15,KOF,66.5,1,0.3042318896182636,-0.9979137054043532,0.03383458646616533,0.020751879699248077,0.0854135338345865
2022-12-15,NVDL,3.9556,1,0.28942050553738874,-0.04928067298808102,-0.14437759126301952,-0.20998078673273335,0.04492365254322994
2022-12-19,NTWK,3.2,1,0.3104403258849462,-0.9992446705391392,-0.042187500000000044,-0.15000000000000002,-0.09375000000000011
2022-12-19,QGRW,23.6406,1,0.3072739860426892,-0.04913352087024374,-0.0179944671455039,-0.010591947750903108,0.028489124641506658
2022-12-20,ASTE,41.49,1,0.2950438560943849,-0.9994337877478257,-0.0363943118823814,0.006989636056881077,-0.0706194263677995
2022-12-20,AVES,40.93,1,0.32990879192839934,-0.9974404202687397,-0.00342047397996581,0.026142193989738605,0.09271927681407277
2022-12-20,FTGC,23.93,1,0.3340790821674402,-0.9997268966733637,0.018386961972419513,-0.017969076473046353,0.026326786460509677
2022-12-20,IIIV,25.14,1,0.34413778291296354,-0.9955898537235331,-0.09148766905330152,-0.013922036595067633,0.1527446300715991
2022-12-20,NUMV,29.44,1,0.3702564603694212,-0.9964290211332953,-0.0006793478260869179,0.01596467391304346,0.056046195652173836
2022-12-20,SY,1.1,1,0.2981834875028869,-0.9978225017765914,0.06363636363636349,0.5181818181818181,1.1999999999999997
2022-12-21,DDEC,30.71,1,0.3022337562607104,-0.9980390775130692,-0.0029306414848583318,0.0026082709215238253,0.023119505047215938
2022-12-21,FLIA,19.32,1,0.322406157885342,-0.9996805159174099,-0.0033643892339545456,0.008540372670807317,0.012422360248447228
2022-12-22,NEXA,5.41,1,0.31388951670015025,-0.9968987954129732,0.1146025878003698,0.16266173752310542,0.3382624768946396
2022-12-23,FXY,70.18,1,0.3595947307106589,-0.9964360928690874,0.0155314904531203,0.006269592476489061,0.02536335138216006
2022-12-23,LEE,17.525,1,0.309635239609628,-0.996715476385168,0.08131241084165475,0.07731811697574886,0.2268188302425107
2022-12-23,WMG,35.62,1,0.3179099232837454,-0.997081557449152,-0.007580011229646133,0.07916900617630551,0.011510387422796198
2022-12-23,YCL,33.7877,1,0.34933001431205946,-0.9980947743742373,0.027000950049870243,0.0050994888672504235,0.04252435057728099
2022-12-23,YCS,27.4307,1,0.33451723194187455,-0.9962224646705242,-0.02445070668994953,-0.004491318121666588,-0.04256909229440009
2022-12-27,AIMD,15.71,1,0.2910956781592069,-0.9975424301167393,0.11234882240611088,0.03437301082113309,0.19350732017823047
2022-12-27,ARKR,16.33,1,0.3361141050558283,-0.9996890939478662,0.040416411512553596,0.03104102878138404,0.11941212492345388
2022-12-27,COWG,19.8605,1,0.3218257798526087,-0.0476670699993484,-0.006324110671936722,0.017124442989854494,0.03593061604692749
2022-12-27,DVA,73.9,1,0.29231564104108865,-0.9983548149104339,0.04397834912043308,0.07929634641407302,0.07726657645466828
2022-12-27,INTR,1.98,1,0.34459281484530435,-0.9953818368237706,0.0,0.20707070707070718,0.26262626262626254
2022-12-28,HQI,15.57,1,0.3227191504496245,-0.9978984810364003,0.1027617212588312,0.21901091843288367,0.3776493256262041
2022-12-29,ARP,25.0111,1,0.3062196064431246,-0.03805500637041717,0.008752114061356897,0.02147846356217853,0.02315771797321986
2022-12-29,SEA,13.9682,1,0.37419325988112623,-0.9971509155975017,-0.0030712618662389612,0.013015277559027094,0.009084921464469264
2022-12-30,CORZW,0.0225,1,0.4667466660656116,-0.9999600638510197,51.888888888888886,69.22222222222223,58.111111111111114
2022-12-30,TFINP,22.7001,1,0.36008079350346656,-0.8149387960018377,0.09030356694463904,0.05726406491601366,0.07488513266461383
2023-01-03,DBMF,29.04,1,0.3266320632324964,-0.997669624578885,-0.015151515151515027,-0.025826446280991733,-0.026170798898071612
2023-01-03,KMLM,30.74,1,0.3472073684597011,-0.9983145410949356,-0.018867924528301883,-0.05595315549772284,-0.037735849056603765
2023-01-03,LVS,49.33,1,0.3092937718737161,-0.9978918087561113,0.09061423069126295,0.1023717818771539,0.19440502736671395
2023-01-03,TTC,113.19,1,0.29969062793494977,-0.9988446875615027,0.0186412227228554,-0.0018552875695732052,-0.008039579468150815
2023-01-04,ALRM,49.31,1,0.30483251582696536,-0.9977927370183067,0.05475562766173181,0.03224498073413096,0.181099168525654
2023-01-04,BBLU,8.1,1,0.3316748417420282,-0.997044882794005,0.030864197530864113,0.01014814814814824,0.08765432098765435
2023-01-04,MGRC,97.71,1,0.30528704465238055,-0.9975527289091627,0.019342953638317395,0.017807798587657464,0.07706478354313795
2023-01-04,TSCO,44.298,1,0.33491130294313737,-0.9941271317574785,0.0004966364169940451,-0.06605264346020145,0.0424849880355771
2023-01-05,UJAN,29.63,1,0.3145432257281467,-0.9983882726715706,0.023624704691191267,0.02564967937900775,0.04522443469456627
2023-01-06,DINO,50.9,1,0.3072022501972665,-0.998113885551538,0.02180746561886049,0.13614931237721017,0.02946954813359537
2023-01-06,GCAD,25.2843,1,0.3221328603568623,-0.048980398162750086,0.046396380362517364,-0.009266619997389758,0.009994344316433423
2023-01-06,JUCY,25.12,1,0.3108450244778059,-0.07724528392606664,0.0007961783439489611,0.004179936305732435,-0.005402070063694309
2023-01-06,MUR,41.44,1,0.3037815143717797,-0.9992458310840736,0.020028957528957614,0.027027027027027195,-0.0012065637065636903
2023-01-06,TUSK,7.32,1,0.3274310491662972,-0.9984856209888462,0.10519125683060104,-0.07377049180327866,-0.139344262295082
2023-01-06,VET,15.07,1,0.33460963654662823,-0.997340860549608,0.031187790311877794,0.06436629064366284,-0.07431984074319842
2023-01-10,BHVN,15.74,1,0.28624789479980917,-0.9995585258848367,0.0692503176620074,0.21601016518424387,0.14930114358322744
2023-01-10,BTCS,0.745,1,0.2986728784395033,-0.9968466465877917,0.033557046979865834,0.033557046979865834,0.25838926174496635
2023-01-10,GOSS,2.36,1,0.2931465203154674,-0.9989064916675156,-0.1610169491525424,-0.029661016949152463,0.016949152542372836
2023-01-10,NOMD,17.11,1,0.3640587517444147,-0.9981048746083022,-0.009935710111046103,0.0192869666861486,0.02630040911747522
2023-01-10,OTEX,30.94,1,0.31480966452936876,-0.9980048379736224,0.04427925016160317,0.06755009696186165,0.14447317388493852
2023-01-10,SMPL,36.14,1,0.31567875060062,-0.9999864323816756,-0.029607083563918057,-0.007470946319867222,0.026840066408411634
2023-01-10,VHI,23.94,1,0.2996574757611657,-0.9988625139218119,0.007101086048454386,0.05137844611528819,0.03049289891395146
2023-01-11,ES,85.81,1,0.3080793441601464,-0.9969250997249247,-0.07027153012469411,-0.06397855727770663,-0.08880083906304637
2023-01-11,ESQ,41.04,1,0.3046447394035684,-0.9999120730882103,-0.009990253411305994,0.0721247563352827,0.0757797270955165
2023-01-11,EVRG,64.41,1,0.32036015215919894,-0.9997494158884783,-0.08011178388448992,-0.04673187393261913,-0.0659835429281167
2023-01-11,SIJ,28.8,1,0.32317494663003365,-0.998229321155806,0.06875000000000009,0.002083333333333215,-0.01666666666666672
2023-01-11,WCEO,26.1493,1,0.3290554172268658,-0.04848343316560057,-0.010248840313125007,0.022788372920116373,0.03940449648747779
2023-01-12,BITF,1.01,1,0.30689139293560974,-0.9991591421372612,0.13861386138613851,0.08910891089108919,-0.1087128712871287
2023-01-12,CCLD,3.32,1,0.306415889771646,-0.04866812807171764,0.04216867469879526,0.08734939759036142,0.2319277108433735
2023-01-12,CWT,62.28,1,0.31523350247517473,-0.9999521800061241,-0.02488760436737325,-0.00578034682080919,-0.03580603725112397
2023-01-12,DFEN,20.81,1,0.2967700334668248,-0.9986153176078885,-0.11436809226333489,-0.005766458433445365,0.0360403652090342
2023-01-12,IXJ,84.89,1,0.3124470876683385,-0.9999334870628186,0.0007067970314524885,-0.00895276239839804,-0.012840146071386505
2023-01-12,MET,71.39,1,0.29645125678407847,-0.9993459468559095,-0.016809076901526887,0.009104916654993689,0.00014007564084606017
2023-01-12,PPA,80.09,1,0.2998629357828096,-0.9980847326976643,-0.036084405044325085,-0.006742414783368789,0.008365588712698324
2023-01-12,TFINP,24.015,1,0.3700195093170245,-0.9984538907521006,0.026441807203830825,0.02019571101394968,0.025763064751197273
2023-01-13,COMT,28.14,1,0.29899652952993255,-0.9997955897491566,0.013859275053304865,-0.012082444918265822,-0.009950248756218971
2023-01-17,GOOD,17.06,1,0.35007111317836886,-0.9993579055663779,-0.029308323563892125,-0.004103165298944944,-0.03692848769050405
2023-01-19,INKT,23.8,1,0.290911252915513,-0.9980182514230559,-0.0714285714285714,-0.09663865546218486,-0.11764705882352944
2023-01-20,CMCL,14.49,1,0.3174318336044153,-0.9973698378568912,-0.0897170462387854,-0.07936507936507942,-0.12353347135955839
2023-01-20,GSAT,19.5,1,0.29622484795409654,-0.9982483170814743,0.030769230769230882,0.04615384615384599,-0.0461538461538461
2023-01-23,HRL,44.65,1,0.312656959656635,-0.9969500881974156,0.002911534154535378,0.022172452407614784,0.018589025755878952
2023-01-23,ICLO,25.345,1,0.30642813124868673,-0.03752961680380143,0.0021700532649437942,0.0043401065298875885,0.008680213059775177
2023-01-23,OII,19.08,1,0.3381249993895658,-0.9956255448464605,0.08700209643605872,0.08438155136268355,0.029350104821803003
2023-01-24,PCRB,49.9427,1,0.3250018976890921,-0.048253047519764086,7.60871959264442e-05,-0.009046367136738676,-0.02518285955705235
2023-01-25,EU,2.5,1,0.31112319968068625,-0.04737349551304952,0.02400000000000002,-0.04399999999999993,-0.040000000000000036
2023-01-26,AACIU,10.5,1,0.3045875466460315,-0.32643608037708693,-0.01666666666666672,0.0028571428571428914,0.09619047619047616
2023-01-30,FTBD,49.9329,1,0.33448015346363524,-0.04646260088819807,0.0013438033841415287,-0.006616879852762381,-0.021861337915482615
2023-01-30,GJAN,30.389,1,0.30247768457985647,-0.03981707152938865,0.009417881470268785,0.013162657540557454,-0.0036526374675046602
2023-01-30,PPIE,20.316,1,0.47366306967430116,-0.048541576607731174,-0.0049665288442606315,0.0029090372120497143,-0.026053356960031415
2023-01-31,GNLX,5.7272,1,0.2975250728801784,-0.038546407012488806,0.0004888950970807215,0.04588629696885049,1.9508311216650367
2023-01-31,LYTS,13.73,1,0.31432983692998495,-0.9994380158679306,0.008011653313911182,0.06846321922796794,0.09104151493080836
2023-01-31,MATH,0.45,1,0.3054016700231934,-0.03791890900811093,0.6446666666666665,0.911111111111111,1.1155555555555554
2023-01-31,OBIL,50.289,1,0.46876919678195694,-0.03751532508875947,-0.004653105052794926,-0.004553679731153948,-0.006840462128894997
2023-01-31,TFINP,24.4,1,0.3355268307164216,-0.998015919762855,0.004102459016393389,0.007377049180327777,0.004098360655737654
2023-02-01,BTO,38.2,1,0.3261979661182935,-0.9959282508709345,-0.040575916230366604,-0.03874345549738234,-0.08350785340314149
2023-02-01,CRGOW,0.6351,1,0.2876987784804887,-0.04948730002115905,-0.21272240592032754,-0.5236970555817981,-0.5260588883640371
2023-02-01,MSBI,25.54,1,0.3285601184382192,-0.9996887729651734,0.03797963978073615,0.023884103367266984,0.03249804228660924
2023-02-02,SRAD,13.27,1,0.3450786496061594,-0.9963356461356738,-0.03165033911077619,-0.047475508666164234,-0.04634513941220797
2023-02-03,BBAG,47.2,1,0.36339845354420314,-0.046879275623517305,-0.015434322033898384,-0.019703389830508455,-0.03283898305084754
2023-02-03,BBCB,46.3252,1,0.3455383522882266,-0.04872697479307557,-0.01969338502586071,-0.025560602004956245,-0.0363776087313169
2023-02-03,BFS,43.14,1,0.3388267872004897,-0.9976176683610937,-0.025730180806675884,-0.034538711172925396,-0.08437644877144179
2023-02-03,CDZIP,16.9,1,0.3164184119427542,-0.9999165935690433,0.0,-0.042011834319526487,-0.056218934911242524
2023-02-03,CLOA,50.86,1,0.3217400375043576,-0.038511466800098364,0.0019661816751868066,0.005800235941801013,-0.006881635863153823
2023-02-06,EGUS,25.9832,1,0.3238865576062319,-0.04857623238426246,0.0028787832137688874,-0.034064318482711964,-0.02660180424274139
2023-02-06,LITP,19.44,1,0.3380165501679132,-0.04878644510578538,0.0005144032921808872,-0.08350308641975313,-0.10434156378600834
2023-02-07,MEDX,31.2051,1,0.4642303271118861,-0.04904015303985786,-0.003669272010024094,-0.029719500979006663,-0.06746012671005697
2023-02-07,SLM,15.92,1,0.3147638359744068,-0.9982057018048754,-0.042713567839196,-0.09736180904522618,-0.12625628140703515
2023-02-07,UNM,42.78,1,0.30440540173092057,-0.9991930833010828,-0.0032725572697522853,-0.01706404862085098,0.028517999064983535
2023-02-08,AVTR,24.4,1,0.32981040795739835,-0.9978472185978943,0.0180327868852459,0.0077868852459017646,-0.07950819672131137
2023-02-08,FLWS,10.74,1,0.31439805335606774,-0.9973216430793442,-0.03165735567970207,-0.02420856610800748,-0.08752327746741151
2023-02-08,GALT,1.74,1,0.34403470458588026,-0.9978619579453465,-0.1724137931034483,0.011494252873563315,0.2068965517241379
2023-02-08,GEN,21.49,1,0.3668499405387886,-0.999378061797461,0.0018613308515589289,-0.041879944160074345,-0.17449976733364359
2023-02-08,MPU,1.65,1,0.3138631200286992,-0.04960194416418866,-0.042424242424242364,-0.05454545454545445,-0.09696969696969693
2023-02-08,QVCC,15.81,1,0.32950449315163705,-0.9943119978777208,-0.046805819101834345,-0.05819101834282103,-0.23213156230234033
2023-02-08,SKYW,19.17,1,0.291702655267293,-0.9999738450906568,0.0787689097548252,0.045905059989566954,0.0558163797600415
2023-02-08,SNYR,0.2975,1,0.2961971211761501,-0.039573579490893955,-0.6,-0.6,29.252100840336137
2023-02-09,AIRTP,23.295,1,0.3388660711268587,-0.999047414586158,0.023824855119124244,-0.0057952350289762755,-0.02983472848250701
2023-02-09,NANC,24.88,1,0.32828539780530525,-0.04862731343217987,-0.000803858520900258,-0.03228295819935689,-0.0598432475884243
2023-02-09,UNIY,49.43,1,0.353097533506028,-0.04525480057259802,-0.010714141209791639,-0.01800525996358493,-0.01213837750354041
2023-02-10,CCNEP,26.25,1,0.30733468184378965,-0.9972014709851722,-0.003809523809523818,-0.00952380952380949,-0.21904761904761905
2023-02-10,DD,31.7197,1,0.32640498207576235,-0.9992909232990835,-0.009631238630882333,-0.03667121694089159,-0.0865329747759278
2023-02-10,MXI,83.77,1,0.32164747229335094,-0.9958403440163203,0.00023874895547337793,-0.022537901396681326,-0.044407305718037526
2023-02-13,ACT,24.62,1,0.32341488913270233,-0.9970295161843334,-0.01624695369618201,-0.01502843216896832,-0.10438667749796915
2023-02-13,VSH,20.98,1,0.3338894265609545,-0.9971223088411671,-0.0014299332697808032,0.011916110581506212,0.04766444232602485
2023-02-14,BLFS,22.57,1,0.30379290986138324,-0.997521330272235,-0.005759858218874592,0.010190518387239722,-0.048294195835179465
2023-02-14,QNST,17.0,1,0.3377093268148879,-0.9981229864150541,0.03176470588235292,0.00764705882352934,-0.13
2023-02-14,SPCZ,25.72,1,0.30301815482034794,-0.13250936881075723,0.0015629860031105558,0.007760497667185007,0.0009720062208398161
2023-02-14,SURI,24.751,1,0.313545078044375,-0.03833741262960663,-0.004080643206335166,-0.035469273968728565,-0.13788533796614277
2023-02-15,CP,79.32,1,0.3099092505543685,-0.9993575665033096,-0.030131114473020526,-0.01323751891074132,0.004286434694906749
2023-02-15,MANU,24.46,1,0.31707174132107935,-0.9979154910051221,-0.0654129190515127,-0.13614063777596086,-0.11161079313164346
2023-02-15,OVBC,26.04,1,0.3308514019279117,-0.9950580374244962,0.004224270353302639,0.004224270353302639,-0.07834101382488479
2023-02-15,PRCT,36.82,1,0.29560572541906044,-0.9977201280871814,0.005703422053231932,-0.06002172732210753,-0.12764801738185771
2023-02-17,NRUC,24.04,1,0.4576135190168291,-0.9999674944400618,-0.022878535773710462,-0.019966722129783676,-0.03993344425956746
2023-02-21,CCLDO,25.13,1,0.45546428674040657,-0.04880453657333707,-0.006171906088340506,-0.014273776362912827,-0.044966175885395865
2023-02-22,AREBW,5.97,1,0.2933229519559502,-0.9992218657370326,-0.29983249581239535,-0.3634840871021776,-0.576214405360134
2023-02-22,COUR,12.7,1,0.30685415568682534,-0.9975890631503922,-0.13149606299212602,-0.057480314960629775,-0.15748031496062997
2023-02-23,BUCK,24.9765,1,0.3037391459862851,-0.16799520568236942,0.0033751726623025835,0.00394370708465952,0.006145777030408528
2023-02-23,CLOZ,25.646,1,0.3115649233028379,-0.03843006243077035,-0.010177025657022498,-0.007642517351633793,-0.024604226780004734
2023-02-23,DBX,21.02,1,0.3074192922532186,-0.998829045606027,-0.016650808753567947,-0.06707897240723126,0.004281636536631828
2023-02-23,NGG,60.2914,1,0.30353765007317524,-0.9976370307803666,-0.032510440958412046,-0.032354531492053695,0.004844803736519632
2023-02-24,CMCO,36.62,1,0.2934864849968942,-0.999818945616323,0.0587110868377938,0.0038230475150191623,-0.03850354997269245
2023-02-24,CSB,55.6,1,0.31894469495940697,-0.999051660731928,0.010971223021582821,-0.06133093525179867,-0.09442446043165464
2023-02-24,CWH,23.46,1,0.316115352685474,-0.9962282692704645,-0.019607843137254943,-0.06138107416879801,-0.18329070758738275
2023-02-24,DCI,62.94,1,0.2932792088200128,-0.9993796791707029,0.06275818239593267,0.01843025103272944,0.003972036860502071
2023-02-24,EIG,43.66,1,0.3145514088754946,-0.997237400950578,0.0006871278057718477,-0.04214383875400818,-0.034127347686669585
2023-02-24,GFEB,28.93,1,0.305326514419962,-0.03913766467808811,0.010369858278603594,-0.015858969927410982,0.003045281714483261
2023-02-24,LRN,43.37,1,0.2878678701065712,-0.9991755022088612,-0.014065021904542285,-0.07562831450311258,-0.10813926677426788
2023-02-24,NUS,40.87,1,0.31291758834715155,-0.9990000046314433,0.024712503058478275,-0.039882554440910045,-0.04722290188402256
2023-02-24,REGL,74.09,1,0.3174792437075793,-0.9960576979409342,0.007423403968146891,-0.05628289917667706,-0.07801322715616144
2023-02-24,SCVL,26.64,1,0.313358522645932,-0.9967888399504509,-0.011636636636636721,-0.03828828828828823,-0.08933933933933935
2023-02-27,BCRX,9.03,1,0.3127400675995651,-0.9984453398648445,-0.021040974529346612,-0.07973421926910285,-0.06312292358803973
2023-02-27,FET,30.13,1,0.30409013123574546,-0.9983128733099511,0.021905077995353572,-0.06306007301692662,-0.20511118486558244
2023-02-27,TILE,8.91,1,0.3163443551204572,-0.998370462740039,-0.010101010101010055,-0.10213243546576878,-0.09988776655443332
2023-02-28,AX,47.39,1,0.2979710224635572,-0.998328436274605,-0.04030386157417187,-0.23422663009073652,-0.20573960751213338
2023-02-28,BEMB,50.455,1,0.323511666262283,-0.04737954924381525,-0.002544841938360909,0.00031909622435843943,0.0004717074620950168
2023-02-28,BTE,3.87,1,0.3373311204873818,-0.04034664510565663,0.012919896640826822,-0.09819121447028423,-0.05684754521963831
2023-02-28,CVSB,50.005,1,0.31059448202666656,-0.03794215121250863,0.00029997000299974985,0.0014998500149983052,9.999000099991662e-05
2023-02-28,EVH,35.01,1,0.30223534386396755,-0.9986624908253257,-0.016281062553556103,-0.11996572407883466,-0.12882033704655804
2023-02-28,EVTC,36.81,1,0.3234771296113847,-0.999372680374846,-0.022548220592230495,-0.09073621298560186,-0.09942950285248586
2023-02-28,HFBL,17.32,1,0.33453473092732644,-0.9982351792506254,-0.10681293302540418,-0.049653579676674386,-0.006351039260969915
2023-03-01,CDIOW,0.45,1,0.2916466005358781,-0.039531873267031545,-0.04444444444444451,-0.13488888888888895,-0.18977777777777782
2023-03-01,TBIL,49.85,1,0.2984494189534154,-0.07855455975619689,0.0010030090270811698,0.002407221664994852,0.0044132397191574135
2023-03-03,GLOF,33.3944,1,0.31648830558345487,-0.04875411266009043,-0.04053374218431838,-0.03832678532927669,0.007091009271015469
2023-03-03,MART,25.3155,1,0.3030567310523246,-0.04803696259629561,-0.03221741620746188,-0.01925697695087991,0.013995378325531771
2023-03-03,SIBN,20.34,1,0.31917169264806966,-0.9995910116722082,-0.06440511307767938,-0.03687315634218291,-0.03294001966568327
2023-03-03,TWI,13.39,1,0.33037741809997484,-0.9972790356675306,-0.08737864077669899,-0.24122479462285285,-0.2173263629574309
2023-03-06,DRSK,25.41,1,0.3283257822886562,-0.9958766624873303,0.01928374655647369,0.015348288075560879,0.0267611176702085
2023-03-06,PULT,50.1,1,0.5030222676298507,-0.035249480724495214,0.001996007984031989,9.980039920143291e-05,-9.980039920165495e-05
2023-03-06,RRGB,11.5,1,0.323142442414855,-0.9979383053369264,-0.05130434782608695,0.08608695652173926,0.2834782608695652
2023-03-07,CLMB,12.3725,1,0.3148183838218567,-0.9997750069567264,-0.015154576682158027,0.0040412204485753556,0.04404930288947262
2023-03-07,EMDM,19.774,1,0.3265462414666782,-0.04739299580094405,-0.011727520987154794,-0.015454637402650073,0.018650753514716234
2023-03-07,SKYH,7.65,1,0.29918872968177007,-0.9993034193851404,0.09411764705882342,0.1424836601307189,-0.1633986928104575
2023-03-07,SRI,19.97,1,0.34653297967103536,-0.9993713027682837,-0.10165247871807703,-0.09964947421131687,-0.10615923885828726
2023-03-08,DMRC,21.37,1,0.2952796100296978,-0.9995638560559407,-0.12119794103883952,-0.13991576977070663,-0.1151146467009827
2023-03-08,ECH,29.04,1,0.362145710994655,-0.9999906110086534,-0.06921487603305776,-0.04373278236914602,-0.05096418732782371
2023-03-08,SENS,19.596,1,0.2921378120727551,-0.999593903172974,-0.036231884057971064,-0.22422943457848543,-0.38650745050010205
2023-03-08,SLN,9.9,1,0.3295298059530175,-0.9988249923589216,-0.07474747474747478,-0.10404040404040416,-0.37323232323232325
2023-03-09,CRVL,59.1433,1,0.29031177510061906,-0.9996844747439795,0.05111990707315961,0.0343809019787531,0.07935641061624898
2023-03-09,ENR,34.39,1,0.3135532864696329,-0.9998084598941585,-0.03983716196568765,-0.05030532131433563,-0.056411747601046724
2023-03-09,POCI,6.8,1,0.33479371112775874,-0.8307681626839228,-0.010294117647058787,-0.11764705882352944,-0.020588235294117574
2023-03-09,RMT,9.13,1,0.3387228611142624,-0.9944609696249174,-0.07228915662650603,-0.07776560788608988,-0.07776560788608988
2023-03-10,ASLE,16.64,1,0.3177012128927415,-0.9995966531944956,-0.060096153846153855,-0.02644230769230782,0.05889423076923084
2023-03-13,AESI,15.99,1,0.3437474245429239,-0.04863839500817314,0.0068792995622264375,0.03314571607254524,0.11257035647279534
2023-03-13,EU,1.83,1,0.3180289537545184,-0.24734931038735833,0.0983606557377048,0.13114754098360648,0.11475409836065564
2023-03-13,IDCC,73.41,1,0.28855460228227064,-0.9992840845589481,0.002043318348998957,-0.002451982018798482,-0.021795395722653543
2023-03-13,VTES,100.701,1,0.33084032895571325,-0.04837392746473893,0.0033664015253076496,0.006544125678990431,0.009821153712475494
2023-03-14,CGSD,25.4718,1,0.30453661769219287,-0.11029547430330337,0.003121098626716501,0.004082946631176476,0.0054256079271979285
2023-03-14,GMUN,50.2561,1,0.32031681874936935,-0.038310203321359135,0.0032055810140461105,0.009471487043363869,0.01798587634137938
2023-03-14,HUBCZ,0.3,1,0.29478299093550114,-0.04915718796285646,1.1333333333333333,1.0,-0.5599999999999999
2023-03-15,BWXT,61.73,1,0.290516632775694,-0.9989614642007012,-0.011663696743884677,0.01733354932771758,0.04908472379718143
2023-03-15,CIK,2.53,1,0.29076133139211663,-0.33983232769211813,-0.02371541501976271,0.013557312252964415,0.07114624505928857
2023-03-16,GNE,10.66,1,0.3102321586006834,-0.9990653051999464,0.018761726078799112,0.27861163227016883,0.5084427767354596
2023-03-16,IRM,52.08,1,0.2964804129326413,-0.9991499959856104,-0.04877112135176653,-0.0055683563748080145,0.013056835637480724
2023-03-16,NNAVW,0.6701,1,0.31028806582051294,-0.9981074580901782,-0.14922996567676472,-0.10461125205193267,-0.0598418146545292
2023-03-16,PSFM,22.8992,1,0.30113762264503197,-0.998992740576107,0.003218453046394565,0.0052752934600335255,0.01126240217998875
2023-03-20,ENZL,48.47,1,0.35662696593742815,-0.9999369886919921,-0.0037136373014236,0.030328037961625753,0.0203218485661234
2023-03-21,ESPO,50.19,1,0.30911450797575873,-0.9990512848413025,0.025104602510460428,0.05877664873480781,0.03466826060968331
2023-03-21,FISK,6.5,1,0.3495807698510827,-0.9959339278206879,-0.10615384615384627,-0.1530769230769231,0.07230769230769218
2023-03-21,IVOL,22.72,1,0.3677264749649931,-0.9996446852054275,0.015404929577464754,0.0255281690140845,-0.024207746478873138
2023-03-22,AENT,3.5,1,0.30216281588558,-0.04914686150876772,-0.05714285714285716,-0.0714285714285714,-0.02857142857142858
2023-03-22,CYCN,10.4,1,0.29232350823452463,-0.9997068421222393,-0.1346153846153847,-0.40384615384615385,-0.3846153846153846
2023-03-22,HTFC,22.7062,1,0.327254934646803,-0.9964824447945895,0.05477358606900329,0.054337581805850466,0.05565880684570734
2023-03-22,UTZ,16.55,1,0.3373506871307763,-0.9968441389648799,-0.0006042296072508169,0.03746223564954687,0.07794561933534738
2023-03-22,WALD,7.98,1,0.313235233706347,-0.9972906247659159,0.013784461152882121,0.003759398496240518,0.14035087719298245
2023-03-22,XMAR,29.8,1,0.30245610341155127,-0.04970692400857634,0.009530201342281774,0.016778523489932917,0.022147651006711344
2023-03-27,DLB,83.44,1,0.30063036095272244,-0.9986297437785921,0.02456855225311605,0.009947267497603107,-0.01210450623202286
2023-03-27,IRMD,38.585,1,0.30388594733527613,-0.9969449967217254,0.009977970714007967,0.06543993779966306,0.041596475314241266
2023-03-27,UDOW,25.82,1,0.30491539102363663,-0.9989360900645498,0.1065065840433772,0.11425251742835019,0.0954686289697908
2023-03-27,XLY,70.935,1,0.30169856867785927,-0.999368279859267,0.04440685134277844,0.02770141679001914,0.018044688799605302
2023-03-28,FTXL,61.4,1,0.2975865103415877,-0.9996885923745935,0.024755700325733043,-0.0011400651465798273,-0.04674267100977192
2023-03-28,LOWV,49.8038,1,0.3103897382594244,-0.038813423429657566,0.030883185620374398,0.036645798111790695,0.031483541416518435
2023-03-29,BKH,62.96,1,0.3110165815634064,-0.9989486026195179,0.033989834815755904,0.04415501905972041,0.042407878017789
2023-03-29,CWT,57.39,1,0.31999075517302494,-0.9967804307577388,0.041993378637393164,0.06499390137654637,-0.010803275832026449
2023-03-29,KRBN,38.91,1,0.3019928576640192,-0.9992153491480169,0.053199691595990695,0.04883063479825256,-0.003341043433564561
2023-03-29,POR,48.08,1,0.33126353128735486,-0.9989594269319986,0.03535773710482526,0.05178868552412652,0.0640599001663893
2023-03-30,UTHY,50.2333,1,0.3362808655922132,-0.047813845652415525,0.03807235439439571,0.0022415409698348654,0.018043807593767447
2023-03-30,UTWY,50.165,1,0.3519513383683841,-0.046006947807336177,0.03188478022525665,0.005631416326123739,0.01573009070068765
2023-03-31,HARD,24.915,1,0.3096175891553412,-0.03802773239801576,0.004619707003812978,-0.003411599438089552,0.010435480634156225
2023-03-31,HLP,3.47,1,0.30062123212241465,-0.04834151755184815,-0.023054755043227737,0.06340057636887608,0.0922190201729105
2023-04-03,DYTA,25.4321,1,0.30585237021720146,-0.049593969102898275,-0.0018519902013596212,0.00031063105288220427,-0.007569174389845834
2023-04-03,FLUD,24.46,1,0.2925947525882024,-0.07867226612218467,0.0014309076042517965,0.002452984464431651,0.002452984464431651
2023-04-04,UFIV,50.4973,1,0.3595668716960667,-0.03406862012609668,-0.002802130014872062,-0.01284227077487321,0.002249625227487284
2023-04-04,UHGWW,0.4,1,0.3031443629141876,-0.04813602431280681,-0.07500000000000007,-0.043500000000000094,0.2687499999999998
2023-04-05,ANGO,9.53,1,0.3428870102164582,-0.9966802048784715,-0.01049317943336825,-0.0713536201469045,-0.11017838405036717
2023-04-05,DIVY,25.7034,1,0.3393071889984357,-0.04529149654702933,0.010632834566633331,-0.004415758226538058,-0.04879121050133439
2023-04-05,UTRE,50.38,1,0.31547324048467573,-0.03740796510014108,-0.0033545057562525127,-0.006673283048828971,0.0011770543866613803
2023-04-06,DMBS,50.4167,1,0.3461809281658859,-0.04673976286311947,-0.011095529854195041,-0.013223792909888954,-0.0054882608342077255
2023-04-06,USCA,24.9579,1,0.31968514008847393,-0.046883328006797176,0.008125683651268645,0.00538106170791619,0.007244199231505988
2023-04-10,PLUS,50.99,1,0.2954419698190329,-0.999280979614117,-0.009021376740537379,-0.08236909197881948,-0.1702294567562267
2023-04-11,COSO,16.1,1,0.301560114848323,-0.999260017575561,-0.006211180124223725,-0.0434782608695653,-0.09937888198757772
2023-04-11,CRTO,31.8,1,0.30942597071618555,-0.9960441809883377,-0.025786163522012573,-0.04056603773584899,-0.0018867924528302993
2023-04-11,IBOT,34.4533,1,0.30950215255116476,-0.04889777716953521,0.013255624279822298,-0.0062838683086959835,0.013098890382053474
2023-04-12,NIOBW,0.705,1,0.299932909239214,-0.03905848015087055,-0.07092198581560272,-0.14822695035460987,-0.17730496453900713
2023-04-17,BHFAL,23.53,1,0.3706776633185851,-0.9964378837993846,0.01487462813429663,0.01997450063748407,-0.05779855503612408
2023-04-17,XRT,62.5,1,0.3102560092507689,-0.9973642464752138,0.0019199999999999218,-0.022720000000000073,-0.019360000000000044
2023-04-18,BIPC,45.18,1,0.3229996593314428,-0.9969087464925168,-0.05356352368304562,-0.08012394864984496,0.025011066843736218
2023-04-18,BTDR,6.7,1,0.305846611907896,-0.047461119684942515,0.032835820895522394,0.07313432835820888,-0.18507462686567167
2023-04-18,PAWZ,51.2675,1,0.3293149610561832,-0.9992128583976213,-0.002877066367581782,0.004601355634661353,-0.0012054420441800495
2023-04-21,CBSH,47.1396,1,0.319368464041624,-0.9974420475167752,0.023455863011141442,-0.05570900050064065,-0.10884903563034054
2023-04-21,FCAP,24.9,1,0.30363043058920214,-0.9990477503947084,-0.027710843373493832,-0.06987951807228909,-0.004016064257028051
2023-04-21,INBKZ,22.25,1,0.33114539544178,-0.998591838814942,0.0,-0.11056179775280905,-0.1685393258426966
2023-04-24,AX,37.66,1,0.29582959284232707,-0.9991976630565813,0.06266595857673951,0.03133297928836987,0.0844397238449286
2023-04-24,BBIB,100.1603,1,0.3944099100933387,-0.04599432259492024,-0.003664126405372281,0.003906737499787649,-0.008318665179716911
2023-04-24,BBSB,99.805,1,0.31394288903289946,-0.04726407886988482,-0.0016442062020941561,0.0017534191673762578,-0.0023245328390362197
2023-04-24,CUBI,19.09,1,0.3026257181858908,-0.9971854988424999,0.09586170770036673,-0.0691461498166579,0.2682032477737035
2023-04-24,FBK,29.66,1,0.31187533805218176,-0.9954436713006849,-0.021915037086985834,-0.14699932569116658,-0.05192178017532023
2023-04-24,KRE,42.71,1,0.3024744638568441,-0.9995459257665309,-0.029267150550222443,-0.1201123858581129,-0.05268087099040042
2023-04-24,PB,60.66,1,0.30788637681457254,-0.9996437540284555,0.011045169798878929,-0.015331355093966326,0.006594131223211397
2023-04-25,BSR,24.8854,1,0.30305291605183843,-0.0386218948994716,0.007767606709154773,0.0038255362582075847,0.002254333866443803
2023-04-25,QRMI,17.8797,1,0.30663481259843695,-0.9983698093631896,0.011202648814018001,0.01597342237285848,0.007533683451064643
2023-04-26,BCAT,14.76,1,0.32837502758835574,-0.9952043446645834,0.027100271002709952,0.015582655826558378,-0.004065040650406582
2023-04-26,KLTR,1.75,1,0.3025525473501657,-0.9974542432398054,0.0,0.05714285714285716,0.05714285714285716
2023-04-26,NML,6.42,1,0.3103747614178287,-0.9982271312908181,-0.034267912772585674,-0.009345794392523255,-0.0031152647975076775
2023-04-27,FDAT,19.8385,1,0.3067479841441481,-0.03884746872289976,-0.006986415303576354,-0.003704917206441949,-0.0004284598129900008
2023-04-27,USGOW,1.04,1,0.30397974265388583,-0.03860100695673858,0.39423076923076916,0.9230769230769229,1.5961538461538463
2023-04-28,AIRTP,20.31,1,0.34263878084776234,-0.9998699863837144,-0.0766765140324962,-0.03249630723781394,0.03447070408665698
2023-04-28,AREBW,2.52,1,0.2975628149691983,-0.9966034278080294,-0.31746031746031744,-0.16666666666666663,0.33730158730158744
2023-04-28,CRED,20.2514,1,0.34881717748742724,-0.048049166797913184,-0.0037824545463522874,-0.018304907315049745,-0.04990272277472174
2023-04-28,HTH,31.02,1,0.3355415500566279,-0.9973468352877808,0.01740812379110257,-0.009671179883945835,-0.007736943907156624
2023-04-28,MDIV,14.7302,1,0.3136984282751565,-0.9990286227983427,-0.02377428683928251,-0.03463632537236416,-0.03832941847361204
2023-04-28,MDLV,24.8785,1,0.3249722642328092,-0.04723971913956211,-0.018811423518298898,-0.031292079506401005,-0.05433607331631718
2023-04-28,MLTX,21.3,1,0.2926617179878449,-0.9973777771993406,0.2633802816901407,0.3014084507042252,0.28262910798122065
2023-04-28,TBI,15.15,1,0.3146484860012663,-0.9993399303680116,0.001980198019801982,0.01650165016501659,0.1260726072607259
2023-05-01,ALKS,28.64,1,0.30889926370432225,-0.9990727757471018,0.07925977653631278,0.08240223463687157,0.0188547486033519
2023-05-01,DOGG,20.3701,1,0.3434752951159732,-0.04623380388821052,-0.0251005149704715,-0.038787242085213225,-0.05464381618156022
2023-05-01,GSOL,4.2,1,0.28830441071029805,-0.04926886602167828,-0.28047619047619055,-0.16666666666666674,0.1428571428571428
2023-05-01,YLD,18.25,1,0.30518585682375643,-0.9975429177502411,-0.0008383561643835469,0.001369863013698458,-0.0046575342465753344
2023-05-02,INTT,19.38,1,0.3366514273850172,-0.9983697037161243,0.0732714138286894,0.07739938080495357,0.0629514963880291
2023-05-02,IR,57.1,1,0.30013017370798073,-0.9988125225201706,0.03274956217162872,0.025043782837127937,-0.007705779334501006
2023-05-02,TDSB,21.09,1,0.3077134586551884,-0.9981025272860983,-0.0037932669511615558,-0.0014224751066856944,0.003869132290184929
2023-05-02,TDSC,22.19,1,0.3046277592547626,-0.9991619248995747,-0.0038305543037404632,-0.004055881027489883,-0.0045065344749888325
2023-05-03,BKTI,13.87,1,0.2905741306958242,-0.9998417991698372,-0.02307137707281892,-0.03821196827685647,-0.05191059841384271
2023-05-03,CUBB,16.17,1,0.36338217378879234,-0.9952878143052093,0.020408163265305923,0.05782312925170063,0.058132343846629464
2023-05-03,GFL,36.65,1,0.3267293856627775,-0.9978521247234565,0.026466575716234564,0.019645293315143197,0.007094133697135074
2023-05-03,THRM,59.46,1,0.29794135788448023,-0.9988936000628813,-0.024890682811974485,-0.034645139589640106,-0.07029936091490074
2023-05-04,ATXG,8.821,1,0.2892316677308263,-0.9981445192974865,-0.148735970978347,-0.14340777689604345,-0.18376601292370476
2023-05-04,IEF,100.23,1,0.37057357222005183,-0.9990099096319265,-0.0015963284445775772,-0.022248827696298545,-0.029033223585752888
2023-05-04,TDC,41.09,1,0.2986903225429341,-0.9991465280517635,0.07495741056218064,0.12922852275492813,0.18422973959600863
2023-05-04,VLY,7.14,1,0.33804014563174223,-0.9964669538237433,-0.0672268907563025,0.06162464985994398,0.1204481792717087
2023-05-05,BKHY,46.7225,1,0.32445495328965107,-0.9981386294346062,-0.0032639520573598535,-0.007041575258173172,-0.017175878859221894
2023-05-05,CYH,3.66,1,0.32309619242439525,-0.996994378824104,-0.04371584699453557,-0.051912568306010876,0.09289617486338786
2023-05-05,VCYT,23.28,1,0.3014293863734807,-0.9985891971363943,0.010309278350515427,0.04768041237113407,0.11340206185567014
2023-05-08,HHS,5.83,1,0.32028325930445917,-0.999641689011845,-0.00857632933104624,-0.015437392795883298,0.07204116638078895
2023-05-09,APCB,29.8151,1,0.3123485734245277,-0.036913029579469514,-0.002673142132677775,-0.009273824337332481,-0.010313565944772951
2023-05-09,CARS,18.13,1,0.3249925688750732,-0.9968471366255739,0.031439602868174266,0.004412575841147293,0.05956977385548834
2023-05-09,MTW,15.5,1,0.3195419210028993,-0.9991804083381765,-0.03483870967741931,-0.01677419354838705,0.1619354838709679
2023-05-09,SRTS,2.88,1,0.30203034456558026,-0.9991930085595925,0.00868055555555558,-0.003472222222222099,0.07291666666666674
2023-05-10,ASTE,40.04,1,0.30574688560269925,-0.9971625424280562,-0.023226773226773245,-0.049700299700299766,0.0874125874125875
2023-05-10,BBMC,73.6318,1,0.30376890209785157,-0.9984675200983331,0.004593124166460738,-0.0077697407913427385,0.0482984254085872
2023-05-10,BEP,31.62,1,0.335287800498924,-0.9971702102925788,0.0022137887413029578,-0.028779253636938673,0.007273877292852671
2023-05-10,BEPC,35.24,1,0.3273536077251567,-0.9979748859696256,-0.0034052213393871433,-0.04143019296254258,-0.006242905788876207
2023-05-10,BY,17.27,1,0.34047694263586825,-0.995781032614071,0.053850607990735266,0.052113491603937634,0.12680949623624782
2023-05-10,CNQ,28.295,1,0.32953676683709393,-0.9961289433082576,-0.009895741297048954,0.006184838310655527,-0.007245096306768062
2023-05-10,DFAT,42.25,1,0.32190662107084106,-0.9963842830052897,0.020355029585798823,0.01538461538461533,0.0871005917159764
2023-05-10,DXD,42.4,1,0.31625315659987613,-0.9950020588349213,0.0070754716981134,0.04575471698113209,-0.01580188679245287
2023-05-10,FDM,50.8,1,0.31947187574539426,-0.9972539826379088,0.02755905511811041,0.04448818897637796,0.12276771653543306
2023-05-10,FNKO,11.09,1,0.3014673536438559,-0.9974223579783636,0.08836789900811537,0.13074842200180337,0.17493237150586105
2023-05-10,FTA,63.6356,1,0.32374486612435116,-0.9953660748034473,0.0006977226583861906,-0.008399386506923734,0.031106801853050925
2023-05-10,FTC,92.515,1,0.3027974749375481,-0.9973075263856247,0.00624331189536842,-0.01248446197913855,0.040912284494406315
2023-05-10,GRID,97.53,1,0.29859442229333955,-0.9995704109159216,0.0041013021634368485,-0.01404695990977145,0.0482928329744694
2023-05-10,ISCV,49.9558,1,0.31739386785520196,-0.9966158516424698,0.011494160838180889,0.003687259537431098,0.0689449473334427
2023-05-10,IVOV,76.01,1,0.3070078149599046,-0.9981664047965828,0.008814629653992823,-0.009623733719247629,0.054861202473358794
2023-05-10,IWS,104.04,1,0.3055046320737959,-0.9979249690091538,-0.002499038831218825,-0.017685505574778992,0.02402921953094972
2023-05-10,IYG,49.2467,1,0.3141675852103134,-0.9964025119142258,0.021185175859499195,0.0038581265343669013,0.050898841952861984
2023-05-10,IYJ,98.18,1,0.30141909394413907,-0.9981634143176618,0.006824200448156237,-0.014870645752699252,0.032491342432267256
2023-05-10,JPUS,94.4538,1,0.3074888561216602,-0.9979960997072841,-0.005333824578788726,-0.02200970209774522,0.01201116312948769
2023-05-10,MDYV,63.87,1,0.31080334770132184,-0.9993191504419168,0.008454673555659875,-0.009237513699702493,0.053859401910129945
2023-05-10,MYFW,15.53,1,0.340116231157238,-0.9940222099931485,0.06632324533161627,0.13650998068254983,0.24661944623309728
2023-05-10,ONEO,91.961,1,0.3083712844572408,-0.9966488917458628,0.00220202042170059,-0.009907460771414023,0.02826415545720473
2023-05-10,PKW,83.98,1,0.30345891439487993,-0.9971362684006237,0.006906406287211286,-0.006708740176232464,0.030900214336746723
2023-05-10,RWK,87.47,1,0.3005347617387487,-0.999221226162112,0.013033039899394083,-0.0036583971647421443,0.058534354635875196
2023-05-10,SDRL,37.02,1,0.31876583551357074,-0.9975913592893553,-0.028363047001620845,0.0280929227444624,-0.011615343057806538
2023-05-10,UDOW,28.075,1,0.3067551399968787,-0.9959355609065934,-0.010507569011576123,-0.06429207479964383,0.022617987533392725
2023-05-10,VTOL,22.13,1,0.318157463564119,-0.9985499198619561,0.021690013556258547,0.08133755083596927,0.0980569362855852
2023-05-10,XMVM,41.4,1,0.3143557094032538,-0.9980261924115912,0.021980676328502424,0.01815458937198078,0.0879227053140097
2023-05-11,BSX,53.39,1,0.29304827064659106,-0.9991582797245506,0.0009365049634761924,-0.03465068364862334,-0.039520509458700115
2023-05-12,CMDT,24.56,1,0.34283183605416323,-0.04603223292788856,0.00037459283387630826,0.006921824104234586,-0.005252442996742546
2023-05-12,HLIT,16.23,1,0.34181979509284766,-0.9985387458095056,0.028342575477510845,0.05237215033887854,0.1115218730745533
2023-05-12,UFCS,24.53,1,0.30529236486025935,-0.9995856272103746,-0.04525071341214837,-0.09580105992662047,-0.056461475743986966
2023-05-15,RSHO,25.3076,1,0.3183704181958873,-0.04680720690242876,0.015323460146359213,0.009021005547740657,0.10193380644549466
2023-05-16,KROP,39.42,1,0.32487072484746093,-0.9994181313357984,-0.009893455098934578,-0.08751902587519034,-0.03120243531202449
2023-05-16,PHAR,11.83,1,0.32117856768983405,-0.9991100502825666,0.0777683854606932,0.014370245139475823,0.04057480980557915
2023-05-17,AIRS,7.29,1,0.32006050029433114,-0.999329064313421,0.057613168724279795,0.13031550068587117,0.08230452674897104
2023-05-17,AREBW,2.19,1,0.295389393924752,-0.9977960186744541,0.6210045662100456,-0.2100456621004566,0.36986301369863006
2023-05-18,BILI,18.25,1,0.29818861464818175,-0.9979001531474319,-0.0931506849315068,-0.16054794520547944,-0.042739726027397285
2023-05-18,FXI,28.05,1,0.3138837529108815,-0.9961154038472125,-0.05918003565062391,-0.022103386809269154,0.030659536541889354
2023-05-18,JCHI,46.1046,1,0.3131692657793894,-0.9977051519309001,-0.03645189417108052,-0.015417116730217839,0.03351943190050455
2023-05-18,PRE,13.6005,1,0.28991344690345255,-0.9991392410878361,-0.018418440498511157,-0.02944744678504474,-0.026359325024815194
2023-05-18,XPP,19.944,1,0.30170334974272783,-0.9980245092779964,-0.11940433212996382,-0.05412655435218605,0.057987364620938786
2023-05-18,YXI,34.4736,1,0.3040866861381922,-0.9968327235608624,0.06255221386800347,0.022811658776570987,-0.03477443609022557
2023-05-22,CWCO,19.29,1,0.3180167208538036,-0.9998575118890063,0.005702436495593544,0.04458268532918619,0.2441679626749611
2023-05-22,DAL,35.46,1,0.29864726742853503,-0.9999794372465177,0.023124647490129657,0.06147772137619856,0.20671178793006195
2023-05-22,ECML,25.3185,1,0.33895560613126796,-0.047740523230845544,-0.026111341509173158,0.026470762485929278,0.05912277583585124
2023-05-22,EQBK,22.89,1,0.3275858157619455,-0.9999425951709399,-0.005679335954565268,0.06422018348623859,0.08256880733944949
2023-05-22,PEMX,40.5663,1,0.31434541369505514,-0.04712645850617979,0.02151786088452723,0.03605209250042529,0.04921326322587971
2023-05-22,TFSA,22.44,1,0.3083257262054315,-0.9981503439233158,0.0628342245989304,0.08511586452762931,0.06060606060606055
2023-05-23,NGG,65.5874,1,0.29945613167597046,-0.9996363067239504,-0.003592153370921891,-0.04037513302859996,-0.03649481455279524
2023-05-24,FGDL,26.2066,1,0.3021338566356776,-0.03920320975246342,0.008906153411736062,0.001713308861126528,-0.02104813291308294
2023-05-24,OBK,29.58,1,0.32037991757548867,-0.049323710062226994,-0.026707234617985076,0.05747126436781613,0.0023664638269100813
2023-05-24,PSCD,85.3,1,0.303122552301368,-0.998562957679614,-0.025087924970691677,0.054851113716295474,0.02927198124267294
2023-05-25,BLCV,24.5038,1,0.3441855293577939,-0.04574865921686111,0.021686432308458237,0.0312849435597744,0.04566230543834027
2023-05-25,CNVS,5.522,1,0.30344221679402095,-0.04872686904483903,0.1408909815284316,-0.26838102136906916,-0.626946758420862
2023-05-25,DXR,9.68,1,0.34527889101543346,-0.9948732236594009,0.004132231404958775,-0.0010433884297520457,0.0010330578512396382
2023-05-25,TAN,70.62,1,0.3100928861621989,-0.996819578316936,0.020532427074482884,-0.0032568677428490567,-0.031294250920419264
2023-05-26,ELVN,19.62,1,0.30344489309012473,-0.9983269488819987,0.1748216106014271,0.04994903160040787,-0.021916411824668636
2023-05-26,EMBC,26.9,1,0.33394146218534076,-0.9985280047263898,-0.025650557620817804,-0.07360594795539022,-0.13494423791821564
2023-05-26,SFBC,37.56,1,0.3152623865317205,-0.9981996879916141,-0.029952076677316253,-0.07854100106496276,-0.05670926517571895
2023-05-26,SMAY,20.1201,1,0.33190497101195504,-0.037881997805854696,0.009885636751308269,0.02634181738659347,0.02424938245833763
2023-05-30,WOOF,7.88,1,0.30508794317635,-0.9997300878321194,0.03680203045685282,0.12690355329949243,0.11167512690355319
2023-06-01,CHGG,9.02,1,0.2912319070521984,-0.9984589372221249,0.14855875831485577,0.1330376940133038,-0.015521064301551979
2023-06-01,CNTX,1.06,1,0.3043059639831385,-0.9986356146856593,0.23584905660377364,0.15094339622641506,0.509433962264151
2023-06-01,EQS,1.5,1,0.3013311372301114,-0.9974497366741919,0.03333333333333344,0.046666666666666634,0.006666666666666599
2023-06-01,SSII,8.15,1,0.3074642713561433,-0.0397936782787269,0.7791411042944785,0.8588957055214723,0.9018404907975459
2023-06-02,DHC,1.69,1,0.30561742276685233,-0.9966689697861623,0.5739644970414202,0.5207100591715976,0.3727810650887573
2023-06-06,CTEC,73.4,1,0.30542855960037163,-0.9971367393717142,0.028610354223433054,-0.013623978201634857,-0.04155313351498657
2023-06-07,CGEN,1.21,1,0.3017664116501522,-0.9984315382401856,0.09917355371900838,-0.13223140495867758,-0.07438016528925606
2023-06-07,DD,29.7197,1,0.33030424849872325,-0.9961854200717865,-0.01534672288078276,-0.044912970184759704,-0.008728217310403519
2023-06-08,BINC,50.6785,1,0.3366249114494757,-0.08714906698351854,0.0004242430221890192,-0.001450319168878389,-0.006679361070276224
2023-06-08,BSVN,25.48,1,0.31104281702910674,-0.999006273298392,-0.04199372056514916,-0.11695447409733128,-0.037284144427001564
2023-06-08,CLW,33.07,1,0.2990186283102215,-0.9995108785277964,-0.05019655276685819,-0.11097671605684911,-0.015119443604475369
2023-06-08,HPQ,30.04,1,0.3100616703768473,-0.9967726995128181,0.035286284953395475,-0.014314247669773628,0.049933422103861425
2023-06-08,PDSB,5.82,1,0.31013635541063705,-0.9982080591516237,0.06872852233676974,-0.06357388316151202,-0.09450171821305853
2023-06-08,SCKT,1.4,1,0.29693210431813066,-0.9997740037268461,-0.02142857142857124,0.06428571428571428,-0.02142857142857124
2023-06-09,QTWO,27.91,1,0.3003756862060439,-0.9983740620621757,0.0673593694016481,0.04944464349695443,0.14618416338230023
2023-06-09,RSPC,27.7739,1,0.33210934914639856,-0.046505056161603706,0.014322799462805014,-0.0011089548100915447,0.04448420999571523
2023-06-09,RSPF,51.03,1,0.30331146578428875,-0.04923906295712263,0.00855379188712524,-0.0240799529688418,0.023999608073682177
2023-06-09,RSPM,31.286,1,0.3305106191203669,-0.04734753646175492,0.028830786933452757,0.00978073259604928,0.03757910886658555
2023-06-09,RSPN,38.384,1,0.3128234485020805,-0.047497484171723475,0.03381617340558574,0.026263547311379698,0.0829512296790329
2023-06-09,RSPT,28.283,1,0.3136097085328901,-0.04755988505863101,0.04048368277764025,0.00024749849733041174,0.04447901566311918
2023-06-12,BBJP,52.03,1,0.32271608044960315,-0.996782256920113,-0.0048049202383240175,-0.021526042667691758,-0.0038439361906592584
2023-06-12,EWJ,62.61,1,0.31842257951526814,-0.9975670724825003,-0.006069318000319512,-0.023478677527551506,-0.005749880210828895
2023-06-12,EZJ,36.3114,1,0.30984820235869004,-0.9980072393707479,-0.020481171202432202,-0.05484228093656529,-0.027120959257974087
2023-06-12,IPAC,57.94,1,0.3145114359387239,-0.9973618602679767,0.004487400759406457,-0.018294787711425564,0.0018985157059026037
2023-06-12,JPXN,67.06,1,0.3188079118905541,-0.9977330569314466,-0.007903370116313813,-0.027288994929913435,-0.010660602445571099
2023-06-12,RUNN,25.335,1,0.33632462548244285,-0.045993960685539695,0.016514702980066964,0.025908821788040104,0.050590092757055505
2023-06-12,SCJ,69.4759,1,0.3217097182017328,-0.9955854781404432,-0.0035393568129379327,-0.022970555257290637,0.004377057368094572
2023-06-12,VPL,71.09,1,0.31318556659929553,-0.9976149878831406,-0.005908003938669304,-0.025038683359122293,-0.004220002813335122
2023-06-13,ANGI,32.6,1,0.2951542427050591,-0.9977398413106108,-0.0030674846625767804,0.06134969325153383,0.18404907975460127
2023-06-13,ELSE,4.3101,1,0.45532946802698054,-0.9987082460866167,0.006148349226235972,0.014268810468434534,0.02201805062527562
2023-06-13,RSPH,29.152,1,0.3536475985984375,-0.03378268033719098,0.006757683863885866,0.0009399012074642332,0.01973449506037306
2023-06-14,CMCM,2.27,1,0.3045958451661177,-0.9975002296722751,0.004405286343612147,0.03524229074889873,0.1013215859030836
2023-06-14,FBOT,26.07,1,0.3333744779268692,-0.04773772511219125,-0.010698120444955883,-0.024549290372075205,-0.014576141158419653
2023-06-14,FDCF,25.7404,1,0.3155528873367597,-0.049362769084166785,-0.01731519323709041,-0.011670370312815592,0.051654208947801816
2023-06-14,FDFF,25.3975,1,0.3203410085296676,-0.04781545093876751,-0.008823703120385828,-0.0002953046559700523,0.04025986809725368
2023-06-14,FDTX,25.77,1,0.3160998251309841,-0.04816704456207752,-0.011641443538998875,-0.014357780364765316,0.04911136980985642
2023-06-15,FDAT,20.3057,1,0.3060432547297687,-0.1373545949808967,-0.01505981079204366,0.006515411928670112,0.019418192921199395
2023-06-15,PFXNZ,21.5,1,0.32526036071949194,-0.9961768140687473,0.02325116279069772,-0.012386046511628002,-0.037209302325581395
2023-06-16,BEPC,32.89,1,0.3292852898174255,-0.9952814451381264,-0.03131650957737919,-0.04560656734569779,-0.03618121009425357
2023-06-20,SNCY,19.98,1,0.32286290639915793,-0.9979469608669803,0.04954954954954949,0.10960960960960975,0.1551551551551551
2023-06-20,TCAF,25.12,1,0.33311002220476515,-0.0476826171266862,0.0,0.012547770700636729,0.03742038216560495
2023-06-20,TGRT,25.135,1,0.31676016413525354,-0.04835488173101762,-0.002784961209468917,0.012321464093892898,0.050121344738412565
2023-06-20,TOUS,24.9462,1,0.3326223763821387,-0.04725538461042571,-0.012110060850951232,-0.01207398321187203,0.029014439072884812
2023-06-20,TVAL,25.085,1,0.3223671930736304,-0.046943173094353335,0.0019254534582417993,0.012537372932031055,0.037006178991429106
2023-06-20,TW,70.33,1,0.30338930062807923,-0.9963686929706277,-0.022181146025878062,-0.06497938290914251,0.02815299303284524
2023-06-21,BANR,45.26,1,0.31150001535376576,-0.9976149599413209,-0.028943879805567674,-0.032920901458241114,0.009721608484313027
2023-06-21,BOF,4.36,1,0.3002084634195508,-0.048287312524635334,-0.1330275229357799,-0.27293577981651385,-0.3142201834862385
2023-06-21,MITT,6.22,1,0.33076221069886663,-0.9967771304034164,0.012861736334405238,-0.030546623794212135,0.06109324758842449
2023-06-22,BWG,8.0,1,0.30649127727459025,-0.9975487068921446,0.0,0.006250000000000089,0.03249999999999997
2023-06-22,DPG,9.54,1,0.3375100476912969,-0.9975862644277964,-0.0031446540880502027,0.04507337526205468,0.04507337526205468
2023-06-22,FDIF,24.6558,1,0.33181651262959844,-0.04910313793123741,-0.0022631591755285507,-0.008955296522522138,0.031197527559438498
2023-06-22,TMSL,24.8634,1,0.32311300691024086,-0.03633037421445492,0.02115157219044872,0.019667463017930098,0.05816179605363714
2023-06-23,AVIE,53.6042,1,0.31717009619794817,-0.9999077847944497,0.023731349409188196,0.016897929639841713,0.05971547005645084
2023-06-23,FFLS,19.688,1,0.32899264275847195,-0.04852476890526701,0.005688744412840396,-0.007263307598536994,-0.0028138967899227207
2023-06-23,NVRI,9.03,1,0.3255107437527205,-0.036716140363597764,0.09302325581395343,0.04097452934662238,0.03875968992248069
2023-06-26,HCMT,24.5546,1,0.32777426057083603,-0.049171094850510536,0.05811131111889423,0.04709097277088592,0.10391128342550893
2023-06-26,VFLO,24.8425,1,0.3224220614879159,-0.04784181140091931,0.027364395692865084,0.036658951393780725,0.07607929958740067
2023-06-27,ARDC,12.1,1,0.3223743591882204,-0.9954904413351097,0.016528925619834878,0.016528925619834878,0.04380165289256199
2023-06-27,COCO,26.99,1,0.31407330528924665,-0.9993738644597983,-0.04075583549462758,-0.11596887736198591,-0.03445720637273064
2023-06-27,CXT,55.49,1,0.3049501973901576,-0.9990541840626407,-0.0021625518111372255,0.02883402414849523,0.04433231212831146
2023-06-27,ICOP,24.855,1,0.3025716332722538,-0.04980725373247076,-0.008432910883122147,0.034854154093743706,0.08152886743110033
2023-06-27,ILIT,24.5176,1,0.34012903272150585,-0.045484372440375655,0.027833066858093725,0.05312102326491974,-0.015062648872646744
2023-06-27,LALT,19.74,1,0.29813319553451745,-0.11116802015519209,0.005319148936170137,0.009690982776089152,0.024316109422492405
2023-06-28,CNBS,44.508,1,0.2933029285197338,-0.9979744463112884,0.021191695874898775,0.09832839040172536,0.028579131841466765
2023-06-29,IBHJ,25.035,1,0.3159375134088615,-0.03752673536954555,-0.0017974835230677444,0.01253045735969649,0.014232075094867236
2023-06-29,TRP,39.88,1,0.3196439543384666,-0.9980908788532098,-0.018806419257773266,-0.020310932798395243,-0.14317953861584753
2023-06-30,AMAX,7.7474,1,0.3201743148612017,-0.9987073155381565,-0.00868678524408184,0.003562485478999511,-0.0009551591501664181
2023-06-30,APLD,9.35,1,0.3002256726240915,-0.9997866841569895,-0.11336898395721928,-0.19465240641711223,0.024598930481283476
2023-06-30,BOAT,26.1,1,0.3367362975669933,-0.9986550102054689,0.02326053639846748,0.05258620689655169,0.10727969348658983
2023-06-30,IBDY,25.12,1,0.3270538575451479,-0.036730071235285426,-0.015019904458598798,0.0021894904458599207,0.0011942675159235527
2023-06-30,INCM,25.232,1,0.4781576979334303,-0.037436323748611604,-0.010581800887761506,0.003983037412809143,0.007308180088776206
2023-06-30,QFIN,17.28,1,0.30570220688257727,-0.9981535623592684,0.07812499999999978,0.08738425925925908,0.15509259259259256
2023-06-30,UHAL,55.32,1,0.30257108668864235,-0.999170699979763,0.030549530007230707,0.09182935647143897,0.10014461315979761
2023-07-03,INTT,26.21,1,0.34501931262916374,-0.9971258474083058,-0.0980541777947348,-0.14994276993513922,-0.1987790919496376
2023-07-06,BBLB,95.5607,1,0.3491569129530366,-0.9979828996632382,0.02077527686590841,0.019629408323714737,-0.04961349173875873
2023-07-06,BGC,4.31,1,0.38026085751977023,-0.04854558310289061,0.06960556844547572,0.10904872389791209,0.18561484918793525
2023-07-06,IBTO,24.465,1,0.3209061899886032,-0.03711213868707884,0.024320457796852546,0.018050275904353263,-0.011555283057428922
2023-07-06,PULT,50.24,1,0.5173136196771541,-0.2533185065489981,-0.0023885350318472165,-0.0011942675159236638,0.0013933121019107375
2023-07-06,TLH,107.42,1,0.34402053431409413,-0.9976036461993727,0.02541426177620565,0.020666542543287925,-0.032768571960528736
2023-07-10,ELVA,5.39,1,0.31286391913027645,-0.04856257457162552,-0.05936920222634501,-0.06493506493506485,-0.23747680890538025
2023-07-10,HDB,33.09,1,0.3258158271259499,-0.9988111181537289,0.06603203384708345,0.0586279842852826,0.011786038077969074
2023-07-10,OR,14.41,1,0.3022748085697011,-0.9986265180915176,0.044413601665510116,0.02359472588480216,-0.022900763358778664
2023-07-10,WNC,24.03,1,0.3347894722747364,-0.9978563753544277,0.020807324178110598,0.019975031210986316,0.0216396171452351
2023-07-11,DFH,24.0,1,0.3127878336297743,-0.9980801587467423,0.11958333333333337,0.06833333333333336,0.2704166666666665
2023-07-11,EPV,49.7,1,0.3032757137392963,-0.9990063542371955,-0.07847082494969826,-0.07142857142857151,-0.02917505030181089
2023-07-11,OBDC,13.79,1,0.3211776660173162,-0.03798273972302503,0.026105873821610004,0.015228426395939243,0.015953589557650583
2023-07-11,SLYV,78.13,1,0.31587530955687887,-0.9962404548282848,0.026110328938947935,0.03059004223729689,0.029694099577627142
2023-07-11,VIOV,83.29,1,0.31058793011616653,-0.9984317208085323,0.02305198703325706,0.026413735142273742,0.027674390683155137
2023-07-12,LMB,25.84,1,0.28963232537097816,-0.99977986924616,0.0824303405572755,-0.00696594427244579,0.06965944272445834
2023-07-13,MOBBW,0.3,1,0.30160785834856063,-0.20870258895712485,0.0,-0.16666666666666663,-0.2666666666666666
2023-07-13,OTLK,35.2,1,0.29222737353659345,-0.9992363396278401,-0.045454545454545525,-0.06250000000000011,-0.08522727272727271
2023-07-13,SCYB,25.5207,1,0.3111916890902762,-0.04756316500358483,-0.007080526788058372,-0.011649366984447962,-0.005697335888122268
2023-07-14,BGX,11.37,1,0.45152246228183074,-0.9993703577867319,0.007915567282322122,0.012313104661389573,0.014072119613016687
2023-07-14,ITP,0.4202,1,0.29114922691942946,-0.9992338315299207,0.04712041884816753,0.11803902903379337,0.09471680152308415
2023-07-14,RPHS,8.95,1,0.30003546956273364,-0.9971781979566994,0.00893854748603351,0.01787709497206702,-0.004469273743016644
2023-07-17,BANL,2.09,1,0.29411153426000514,-0.9979793143206419,-0.0574162679425837,-0.1722488038277511,-0.2727272727272727
2023-07-17,TXS,24.92,1,0.3338279737186911,-0.04767716420090341,0.01623194221508828,0.015453451043338617,0.0010232744783305048
2023-07-18,NEXT,6.39,1,0.3285244463642472,-0.9966995603506679,-0.08763693270735518,-0.13928012519561817,-0.07511737089201875
2023-07-18,TFPN,25.56,1,0.32875662815666545,-0.03757663684120965,-0.013693270735524177,-0.006259780907668211,-0.02431142410015641
2023-07-19,BAOS,9.16,1,0.2893533623854107,-0.9995163834440712,-0.12445414847161573,-0.15829694323144106,-0.13755458515283836
2023-07-19,BCHP,25.5709,1,0.3259576678869531,-0.036947516998607995,-0.0005748722180290988,-0.016362349389345,-0.0181690906460078
2023-07-19,BFS,38.23,1,0.34615154578042545,-0.9936733792591282,0.017525503531258257,-0.003400470834423075,-0.02615746795710172
2023-07-19,C,47.52,1,0.30508042048649747,-0.9992549533177733,-0.0006313131313131493,-0.02546296296296302,-0.10269360269360273
2023-07-19,GLW,33.6,1,0.29657977039178524,-0.9969407413481496,0.023809523809523725,0.006250000000000089,-0.055059523809523836
2023-07-20,JMHI,49.82,1,0.3304597417754499,-0.03689944454141125,-0.0032115616218386656,-0.021979124849458076,-0.018867924528301883
2023-07-20,MKOR,25.89,1,0.30555780178755987,-0.0396449604215203,0.0008767864040171158,-0.005098493626882972,-0.06674391657010437
2023-07-21,ATRO,21.52,1,0.30219314938227665,-0.9992066079534591,-0.059479553903345805,-0.2091078066914498,-0.21747211895910779
2023-07-21,JMSI,50.2204,1,0.3204959177642859,-0.03664215993531239,-0.0031939211953707636,-0.012552667840160514,-0.015738624144769786
2023-07-21,LIXT,4.2,1,0.29764292205113024,-0.9989827090062057,-0.17619047619047623,-0.23809523809523814,-0.4119047619047619
2023-07-24,AVDS,50.0691,1,0.3188711835626248,-0.04764299438976987,0.009706585498840736,-0.006644816863095149,-0.049643392831107414
2023-07-24,BGB,10.95,1,0.302957802989517,-0.9981516396472777,0.01735159817351617,0.01552511415525104,0.009132420091324311
2023-07-24,BUCK,25.125,1,0.3077535228584724,-0.29527981537965853,-0.0021890547263681004,-0.0021890547263681004,0.0
2023-07-24,FNWD,24.49,1,0.3543985657279387,-0.9940314708454093,0.004491629236423211,-0.0200081665986116,-0.08615761535320532
2023-07-25,FSS,62.28,1,0.2928693131888,-0.9995400253853547,-0.006262042389210021,-0.03869621066152862,-0.04303147077713554
2023-07-25,MDT,88.96,1,0.30475370781046524,-0.999614419199366,-0.014388489208632893,-0.07553956834532372,-0.05890287769784164
2023-07-25,TENX,25.52,1,0.288275294855955,-0.9985683498790934,-0.025078369905956133,-0.08934169278996873,0.13542319749216292
2023-07-27,AMZY,19.9318,1,0.32593073975888576,-0.046211925184705654,0.006928626616763189,0.0951695280907896,0.04857564294243377
2023-07-27,IVVM,25.6013,1,0.43682821391514404,-0.0403845826995603,-0.0028123571849866247,-0.006343427872803287,-0.01756551425122943
2023-07-27,RMIF,25.125,1,0.30081472841606627,-0.038634440074896484,-0.0019900497512438386,0.003383084577114559,0.003383084577114559
2023-07-27,TMCI,22.8,1,0.31085986471059157,-0.9971585209980632,-0.07280701754385965,-0.2456140350877194,-0.3236842105263158
2023-07-28,ASPI,1.21,1,0.30021792462350205,-0.9981396692180072,0.4132231404958677,0.18181818181818188,0.03305785123966953
2023-07-28,DYLG,25.8694,1,0.3102508035335352,-0.048575492216242334,-0.004031790455132245,-0.002203375416515163,-0.026498488561775613
2023-07-28,GJUL,31.0,1,0.30663656164126624,-0.04049616554533105,-0.012903225806451535,-0.014193548387096855,-0.020967741935483786
2023-07-28,MPA,11.65,1,0.32219662317995307,-0.9967168904435602,-0.017167381974249052,-0.036909871244635184,-0.06180257510729614
2023-07-28,PNNT,6.57,1,0.3127725859986139,-0.9968357330189064,0.00913242009132409,0.041095890410958846,-0.007610350076103556
2023-07-28,SCI,66.84,1,0.31483277055027115,-0.9971125620862782,-0.02408737283064033,-0.04892280071813293,-0.054009575104727814
2023-07-28,SSBI,17.43,1,0.3647520738761907,-0.9970387570427677,0.03557085484796341,-0.05335628227194489,-0.12220309810671248
2023-07-28,XJUL,30.95,1,0.3002942093590655,-0.039369561614947375,-0.011389337641356967,-0.011470113085621958,-0.01550888529886918
2023-07-31,HCSG,12.61,1,0.3245414172517355,-0.9963617208184432,0.010309278350515427,0.020618556701030855,-0.07137192704202999
2023-07-31,TGB,1.52,1,0.4975681728046219,-0.995382503556945,-0.10526315789473684,-0.10526315789473684,-0.11842105263157887
2023-07-31,USFI,24.8919,1,0.30102807004063503,-0.04795263457896187,-0.01638685676866769,-0.022372739726577717,-0.02064125277700779
2023-07-31,XBIL,50.14,1,0.5300561769369803,-0.28918013856923247,-0.0035899481451934223,-0.0021938571998404433,-0.0003988831272437876
2023-08-01,CCLD,3.5,1,0.3097999837466303,-0.9983226873955502,-0.27428571428571424,-0.4542857142857143,-0.5171428571428571
2023-08-01,CMCSA,45.31,1,0.3255348364170339,-0.9984130669786971,0.0019863164864266647,0.03796071507393517,0.03244316927830493
2023-08-01,EOLS,10.17,1,0.37043035036783656,-0.9947032385970787,-0.07571288102261553,0.002949852507374562,-0.020648967551622377
2023-08-01,FBY,20.6043,1,0.3561488393056167,-0.049041527054248066,-0.02416000543575847,-0.05141159854981714,-0.07386807608120627
2023-08-01,SWX,65.89,1,0.3046738357880341,-0.9975701802328719,-0.03065715586583706,-0.025497040522082348,-0.03521019881620879
2023-08-01,ULBI,8.42,1,0.33877502756846134,-0.9993935267313973,0.05463182897862251,-0.02137767220902609,0.10807600950118768
2023-08-01,XEL,62.85,1,0.3123718832697597,-0.9978679173219724,-0.05107398568019095,-0.07525855210819421,-0.07796340493237863
2023-08-02,BBP,53.9081,1,0.33225194433074423,-0.9962163721734536,-0.025547181221374782,-0.028318564371587862,-0.012614059853714
2023-08-02,BGC,5.17,1,0.35722858936342416,-0.2083088965596796,-0.027079303675048294,-0.04255319148936165,-0.05996131528046411
2023-08-02,CMRE,11.25,1,0.32718473230152023,-0.9991080733313962,0.02488888888888874,-0.052444444444444405,-0.06933333333333325
2023-08-02,ELDN,1.37,1,0.30477555636517634,-0.9978513724621627,-0.11678832116788329,-0.13868613138686148,0.0875912408759123
2023-08-02,GOOY,19.9363,1,0.346222327186533,-0.03708429017176976,0.011220738050691459,0.0057031645791847385,0.040814995761500494
2023-08-02,PBHC,14.65,1,0.3519445618010525,-0.9956332315220686,-0.02320819112627981,-0.10819112627986349,-0.09624573378839596
2023-08-02,PLSE,7.24,1,0.3151442636454956,-0.999029747278917,0.0013812154696133394,0.09116022099447507,-0.35220994475138123
2023-08-03,DFCA,49.8592,1,0.3054383710240782,-0.03924165342950006,0.0011973717989859356,0.00041717476413594134,-0.0005856491881137682
2023-08-03,FLEU,23.5393,1,0.36449139916128526,-0.0496924599820504,0.011487172515750155,-0.027804565131503534,-0.011567888594818054
2023-08-03,FSMB,19.63,1,0.4988812574774323,-0.07552039295713403,0.0025471217524197787,0.0015282730514518672,0.0
2023-08-04,APMU,24.495,1,0.2964108193482477,-0.038849788393434184,-0.0014288630332720542,-0.00347009593794656,-0.006740151051235044
2023-08-04,GFI,13.36,1,0.3036188811410725,-0.9981488043096145,-0.02020958083832336,-0.14221556886227538,-0.05464071856287411
2023-08-04,MATV,17.55,1,0.3225257058723514,-0.9988702677188726,0.009116809116809232,-0.02962962962962956,-0.05356125356125363
2023-08-07,CGMU,26.28,1,0.2966561923004877,-0.7623803537790695,0.004946727549467234,-0.002092846270928428,-0.0042922374429223975
2023-08-07,ETW,8.19,1,0.3098102850878954,-0.9963940114160147,-0.012210012210012167,-0.03785103785103783,-0.02564102564102555
2023-08-07,HF,20.0328,1,0.30094898565555783,-0.04819677748159176,-0.009314723852881346,-0.028782796214208872,-0.014151791062657293
2023-08-08,ELBM,4.56,1,0.31050773043663926,-0.9985723773030126,-0.28429824561403505,-0.3833333333333333,-0.39473684210526316
2023-08-08,RGR,55.4,1,0.3039142459431331,-0.997281326340395,-0.03231046931407944,-0.06570397111913362,-0.09079422382671487
2023-08-09,CETY,21.45,1,0.2890380778521334,-0.9996887120882312,0.027972027972028135,-0.020979020979020935,0.14685314685314688
2023-08-09,GLP,30.87,1,0.3226013275285963,-0.9968174086829199,0.02688694525429214,0.019112406867508813,0.01814058956916087
2023-08-09,GPRE,33.85,1,0.3190405540494001,-0.9996827244840132,-0.07474150664697199,-0.06706056129985238,-0.031314623338257075
2023-08-09,GTN,8.88,1,0.32082299303232187,-0.9989618253257193,-0.08445945945945943,-0.10472972972972983,-0.22860360360360377
2023-08-09,IZM,7.4905,1,0.2888985063594434,-0.9997615615347849,0.3016621053334223,0.3336893398304519,0.28295841399105526
2023-08-09,SND,1.92,1,0.4624758511072508,-0.999664003231283,0.02083333333333326,-0.05208333333333326,0.11979166666666674
2023-08-10,ALEC,7.63,1,0.30194319420095495,-0.9966706319775352,-0.07601572739187423,-0.22739187418086504,-0.25294888597640885
2023-08-10,LZM,12.18,1,0.3287926781199862,-0.9995702946842895,0.03530377668308704,0.2331691297208538,-0.039408866995073955
2023-08-10,NFLY,19.69,1,0.3562280286846138,-0.04810456956780121,-0.05863890299644503,-0.04895378364652114,-0.019172168613509455
2023-08-11,NNI,95.34,1,0.30346482969161176,-0.999251520440873,-0.02873924900356628,-0.024019299349695933,-0.04279421019509122
2023-08-11,REPX,34.92,1,0.29391563329109704,-0.9995398222630973,-0.029209621993127266,-0.06844215349369986,-0.10022909507445588
2023-08-11,ZSC,29.8849,1,0.3414174470328366,-0.04646325844579586,-0.0269333342256457,-0.03580068864209007,-0.056881568952882544
2023-08-14,AVD,15.06,1,0.3160277816121333,-0.9993714093902086,0.010624169986719778,-0.035192563081009376,-0.13745019920318724
2023-08-14,KVHI,5.64,1,0.3345660459301605,-0.998582795448634,-0.04078014184397161,-0.028368794326240954,-0.04255319148936154
2023-08-14,LPRO,8.24,1,0.3070154453493336,-0.9997400588911883,0.009708737864077666,0.020631067961164984,-0.021844660194174748
2023-08-14,LZ,12.31,1,0.3147649499040501,-0.9989877725108263,-0.034118602761982086,-0.09341998375304628,-0.1844029244516654
2023-08-14,MAMA,3.54,1,0.3190709413175541,-0.0383003946145621,0.024011299435028333,-0.01412429378531066,0.21468926553672318
2023-08-14,NOM,10.01,1,0.30264319756558483,-0.9982919264445989,-0.01098901098901095,-0.007992007992008054,-0.04595404595404584
2023-08-14,TDVI,19.9117,1,0.33486593084303246,-0.04728643739818809,-0.015232250385451729,-0.004198536538818964,0.0007734146255717889
2023-08-14,ZIP,16.73,1,0.32282889588876446,-0.9985230629122025,-0.004184100418410108,-0.02869097429766887,-0.10699342498505682
2023-08-15,AKA,4.3344,1,0.2901603689611436,-0.9997487242949589,0.24252491694352174,0.22923588039867138,0.4424141749723145
2023-08-15,ASYS,8.75,1,0.3090219328292585,-0.9993587512784237,-0.013714285714285679,-0.013714285714285679,-0.0605714285714285
2023-08-15,BXSL,27.22,1,0.32315755536092716,-0.9966744265690066,-0.010286554004408477,0.015062454077883869,0.02828802351212345
2023-08-15,GHI,15.5351,1,0.3255892873732149,-0.9963557846512665,0.010164080050981239,0.028599751530405282,0.059755006404850874
2023-08-15,QNST,9.79,1,0.3119231624138865,-0.9994633435877328,0.0020429009193054792,0.0040858018386109585,-0.06537282941777312
2023-08-15,SDVD,19.5352,1,0.33047036945378805,-0.03695856495102935,-0.023920922232687603,0.004847659609320543,-0.027621933740120452
2023-08-16,APT,4.08,1,0.30230121671049015,-0.9992939786399065,0.26960784313725483,0.125,0.0490196078431373
2023-08-17,CANC,24.4741,1,0.35811944898957854,-0.04653935475620195,0.011743026301273662,0.024617861330958002,-0.01237226292284499
2023-08-17,VOXR,2.0,1,0.2999792263727459,-0.9981458080423438,0.1299999999999999,0.10000000000000009,0.1299999999999999
2023-08-18,DCTH,5.01,1,0.3504393264804704,-0.9998788110347466,0.019960079840319445,-0.029940119760478945,-0.12175648702594799
2023-08-18,VIR,12.28,1,0.2966868594781466,-0.9988389296453699,0.04967426710097733,0.018729641693811194,-0.21579804560260574
2023-08-21,ARHS,9.96,1,0.34978842006031874,-0.9977743012802639,-0.04216867469879537,0.012048192771084265,-0.04016064257028118
2023-08-21,IMMX,1.97,1,0.301927265887093,-0.9992308843684806,0.0,0.24365482233502544,0.6700507614213198
2023-08-21,JPLD,49.77,1,0.3118623420318507,-0.03830792217381065,0.003918022905364582,0.0008016877637129216,0.0034157122764717496
2023-08-22,BBCP,7.52,1,0.31527007992036427,-0.99657765416029,-0.003989361702127603,-0.005319148936170137,0.13563829787234027
2023-08-22,KULR,5.5272,1,0.30076269110619275,-0.9973659294841546,-0.09263279779997102,-0.024750325662179717,-0.3195831524099001
2023-08-22,NDIA,25.195,1,0.34712121912095795,-0.048734060444153196,0.0174717205794801,0.01726533042270284,0.0240285770986306
2023-08-23,ATAT,20.7,1,0.3087859378778346,-0.9963022832743215,-0.05797101449275355,-0.11884057971014494,-0.12125603864734291
2023-08-23,BCDA,12.8295,1,0.292475872418912,-0.9989015665164157,-0.043610429089208425,-0.4107330761136443,-0.5557114462761603
2023-08-23,GAUG,29.9683,1,0.2976804974796631,-0.04919607887626947,0.010067304451703896,0.004394643673481635,-0.010621223092400989
2023-08-23,KE,28.78,1,0.3086300365777303,-0.9976336114073346,0.035441278665740095,0.01459346768589298,-0.05767894371091031
2023-08-23,SAUG,20.1,1,0.3233385515817395,-0.047018892274528004,0.00905970149253732,-0.003980099502487677,-0.025860696517412962
2023-08-24,CVV,7.54,1,0.30979816835162455,-0.9984590609820424,-0.050397877984084904,0.021220159151193574,-0.07161803713527848
2023-08-24,IHY,19.7724,1,0.3439764784624614,-0.9959236893745499,0.009482915579292372,0.001395885173271827,-0.003661669802350831
2023-08-24,POWW,2.12,1,0.31051428606168163,-0.9970145461322022,0.08018867924528306,-0.02358490566037752,-0.061320754716981174
2023-08-24,XAUG,29.77,1,0.3030833455079752,-0.0396678118234232,0.012556264696002684,0.010094054417198572,-0.001048034934497788
2023-08-25,CHI,10.42,1,0.3382858499051271,-0.9973938787987716,0.03646833013435713,0.042226487523992384,0.016314779270633295
2023-08-25,CMCI,25.3614,1,0.335467613108533,-0.04714561147039757,0.011414984977170084,0.01833889296332214,0.008887521982224866
2023-08-25,IOBT,1.98,1,0.29412460055324735,-0.9990125834047543,-0.08585858585858586,-0.15626262626262621,-0.2828282828282829
2023-08-25,ULBI,9.24,1,0.33947909831474793,-0.9997810182675747,0.08225108225108224,0.11255411255411252,0.03896103896103886
2023-08-28,CRDT,25.2899,1,0.5160985740014279,-0.03451661999042524,0.007710588021304865,0.0063305904728765405,0.007714542169008132
2023-08-29,DISO,20.4698,1,0.33431025874581577,-0.04658946135745256,-0.038940292528505394,-0.015183343266666038,-0.04707911166694345
2023-08-29,FCFY,20.4122,1,0.3277777773478432,-0.03616445253987069,-0.011375549916226468,-0.0199292579927689,-0.046545693261872745
2023-08-29,FTV,59.2238,1,0.31090296577588156,-0.9999936774386633,-0.011578115554895074,-0.03524596530448898,-0.06362138194442091
2023-08-29,MSFO,20.51,1,0.33417844875742586,-0.04702257643155579,0.00953681131155526,0.0235202340321794,-0.03901511457825457
2023-08-29,PSTG,36.32,1,0.28956852021193324,-0.9992522290590452,0.09168502202643158,0.02725770925110127,-0.05038546255506604
2023-08-30,AHG,0.8791,1,0.2912223135565041,-0.9993694710618932,0.1944033670799683,0.12626549880559668,0.18302809691730193
2023-08-30,TSEC,25.2,1,0.30187411206020565,-0.039064157877116805,0.0001984126984126977,0.002777777777777768,-0.002777777777777768
2023-08-31,APOS,25.7,1,0.36812192776626235,-0.04786914124064699,0.004280155642023331,0.009727626459143934,0.019066147859922333
2023-08-31,DRVN,15.05,1,0.2975185415951024,-0.9996245995101385,-0.08837209302325577,-0.09302325581395354,-0.16345514950166118
2023-08-31,DT,48.2,1,0.3017554344390627,-0.9982063930053107,-0.01742738589211623,-0.03692946058091284,-0.030497925311203433
2023-09-01,AMS,2.58,1,0.30398530275548663,-0.9979987192099794,0.011627906976744207,0.019379844961240345,-0.015503875968992276
2023-09-01,BGR,13.03,1,0.32372682650611107,-0.9961948906262327,-0.002302379125095899,0.013814274750575617,-0.007674597083653034
2023-09-01,CALY,50.05,1,0.29000684959543926,-0.039050917117328394,-0.00019980019980014863,0.00019980019980025965,-0.006893106893106848
2023-09-01,CHSCN,25.635,1,0.3687654746338664,-0.996345872294024,-0.005590013653208548,-0.007021650087770781,-0.011507704310513067
2023-09-01,USSE,25.2058,1,0.3249677808974064,-0.04667696479918956,-0.01075546104468017,-0.01722619397122882,-0.048036563013274636
2023-09-05,AHLT,25.8806,1,0.34640696942819404,-0.047601576235218004,-0.005436504563263722,0.012175142771033043,0.06247923154795476
2023-09-05,BVFL,9.92,1,0.2957410890152546,-0.9988449857240882,0.008064516129032251,0.008064516129032251,0.011088709677419262
2023-09-05,FTWO,25.07,1,0.32544835424018426,-0.04996496903727084,-0.007786198643797371,-0.0031950538492222513,-0.06612684483446352
2023-09-06,INVZW,0.9,1,0.29561969395949694,-0.9975043009580039,-0.22222222222222232,-0.24111111111111105,-0.37488888888888894
2023-09-06,LE,7.47,1,0.3031980987597641,-0.9985831430790778,-0.07362784471218209,-0.05622489959839361,-0.01740294511378848
2023-09-06,UGI,24.99,1,0.3350490195901082,-0.9977032210054834,-0.053221288515406084,-0.0100040016006403,-0.14045618247298908
2023-09-08,ANDE,50.34,1,0.29426570389618617,-0.9989345088928955,0.003178386968613278,0.02026221692491048,-0.01032975764799371
2023-09-08,CASH,49.13,1,0.29951475950018247,-0.9985929202356075,0.013026663952778295,-0.06554040301241615,-0.024628536535721612
2023-09-08,ESNT,49.63,1,0.3070465604001525,-0.9989688366059039,-0.006246222043119087,-0.02498488817247635,-0.042111626032641625
2023-09-08,FDP,25.22,1,0.31648134191235133,-0.9988992102135889,0.009119746233148263,0.02180808881839802,0.015860428231562418
2023-09-08,IYJ,105.3862,1,0.30713414868426825,-0.9965762721925935,-0.0064163998701918246,-0.03440867969430528,-0.04551070253980116
2023-09-08,PIPR,36.525,1,0.29948247766504305,-0.9984188894818312,0.03949349760438059,-0.013347022587268942,-0.013483915126625612
2023-09-08,RSST,20.095,1,0.3390816206556048,-0.048600716610530656,-0.002239363025628216,-0.030604628016919544,-0.018661358546902207
2023-09-08,RUSHB,43.08,1,0.3124784636009449,-0.9998412423400682,0.028551532033426197,0.03551532033426197,0.05199628597957284
2023-09-08,TYGO,8.78,1,0.2934689502892907,-0.9991920650094235,-0.08314350797266501,-0.18564920273348506,-0.15148063781321175
2023-09-11,AER,61.79,1,0.30005450046252957,-0.9983477890666581,0.029454604304903764,0.018287748826671058,-0.027836219452985866
2023-09-12,PCGG,9.92,1,0.3225141049133706,-0.037180720785607635,-0.004032258064516014,-0.04737903225806461,-0.035282258064516125
2023-09-13,NMAI,11.79,1,0.4490179111143471,-0.9991158550657481,-0.02968617472434265,-0.0593723494486853,-0.06700593723494475
2023-09-13,QCRH,49.38,1,0.3024458945433076,-0.9986860476678938,-0.018428513568246374,-0.017213446739570704,0.018428513568246263
2023-09-14,GAB,5.34,1,0.3074771928486919,-0.9984056644870188,-0.014981273408239737,-0.0337078651685393,-0.05056179775280889
2023-09-14,MDAI,4.13,1,0.3337959669227428,-0.049719985671744224,-0.022929782082324324,-0.24213075060532685,-0.3269491525423729
2023-09-14,NBB,14.99,1,0.3284492255892946,-0.9957437072133387,-0.020680453635757212,-0.048032021347565124,-0.052034689793195366
2023-09-14,SPDG,30.3269,1,0.3233079123403679,-0.048931780358806465,-0.03162538868133569,-0.0390049757805776,-0.0448974342910089
2023-09-15,CLOX,25.155,1,0.2965528852808265,-0.03848470284350532,0.001391373484396663,0.006161796859471158,0.0017889087656528524
2023-09-15,ECC,10.1,1,0.32065571930915776,-0.9974306509923192,-0.004950495049504844,0.004950495049504955,-0.03069306930693072
2023-09-15,GDIV,12.51,1,0.3308234910926935,-0.9964689637155616,-0.01758593125499608,-0.02877697841726612,-0.020055955235811274
2023-09-15,SGHT,3.45,1,0.3215326265856291,-0.9987874850856165,-0.11594202898550732,-0.023188405797101463,0.09565217391304337
2023-09-18,JIVE,48.6091,1,0.3146973272926486,-0.04794075171009324,-0.00554834382862468,-0.029790718198855703,-0.01540040856547431
2023-09-18,TBLL,105.29,1,0.3232231930386018,-0.04017138433449295,0.001092221483521616,0.001994491404691656,0.00417893437173511
2023-09-19,BHP,57.84,1,0.3088969001675275,-0.9986652902988211,-0.049100968188105165,-0.050656984785615644,0.009508990318118915
2023-09-19,CDP,25.23,1,0.36096722417645155,-0.04373807534683266,-0.061831153388822724,-0.09235037653587008,-0.021799445105033732
2023-09-19,ELUT,1.65,1,0.30891684078802734,-0.039769795845932154,-0.24242424242424243,-0.1575757575757576,-0.1454545454545455
2023-09-19,GDEN,35.55,1,0.30696592885016727,-0.9998755478380629,-0.052039381153305087,-0.0661040787623065,-0.02812939521800284
2023-09-19,GMAB,37.36,1,0.34841504464128414,-0.9992699540924577,-0.02221627408993576,-0.0867237687366168,-0.145610278372591
2023-09-19,IYR,83.54,1,0.318834535472833,-0.997519655087814,-0.070146037826191,-0.0997127124730669,-0.05673928656930827
2023-09-19,MXI,80.9554,1,0.31271549195473813,-0.9991013055159852,-0.04190208435755982,-0.06063215054215043,-0.026466424722748627
2023-09-20,NC,33.31,1,0.295606322951798,-0.9998163432293896,0.05854097868507946,0.006004202942059278,0.07175022515761031
2023-09-20,PKB,51.73,1,0.3049658517931033,-0.999357622954976,-0.027836845157548806,-0.04368838198337521,-0.06765899864682001
2023-09-20,SDY,119.28,1,0.30997516442971823,-0.9964428820201789,-0.03512743125419182,-0.050469483568075124,-0.04493628437290409
2023-09-20,VECO,26.55,1,0.3080822232179041,-0.9989525329902762,0.029378531073446235,0.019209039548022444,0.004896421845574261
2023-09-21,BGIG,24.14,1,0.33996024990558615,-0.03728337352088339,-0.010480530240265074,-0.03961474730737358,-0.026611433305716692
2023-09-21,GLBS,1.29,1,0.29637867736413614,-0.9984002499222856,0.28682170542635643,0.6666666666666665,0.3410852713178294
2023-09-21,GSEP,29.72,1,0.3034499769368423,-0.03841445131801015,-0.0023553162853297005,-0.008075370121130465,-0.005047106325706596
2023-09-21,OPP,8.04,1,0.3017976091886739,-0.997744056370509,-0.02985074626865658,-0.05721393034825861,-0.07587064676616906
2023-09-21,TRDA,13.61,1,0.3048207190909273,-0.9995154543099855,0.18883174136664227,0.07274063188831748,0.07641440117560627
2023-09-22,BAB,25.48,1,0.36546407427573335,-0.9947049009013543,-0.007456828885400335,-0.026295133437990614,-0.03806907378335944
2023-09-22,BSCX,19.905,1,0.3142783147524443,-0.04881513049108749,-0.015373021853805624,-0.0296407937704094,-0.040190906807334836
2023-09-22,BTTC,4.886,1,0.2911389271410809,-0.9995897507910942,0.29713467048710585,0.15257879656160456,-0.10888252148997135
2023-09-22,HISF,43.025,1,0.3572227817154751,-0.9943385866640352,-0.006856478791400389,-0.01917489831493313,-0.026145264381173705
2023-09-22,SRBK,9.15,1,0.3317572488275081,-0.04823004058013795,-0.0530054644808744,-0.06994535519125689,-0.10928961748633881
2023-09-22,VTN,9.45,1,0.31025377251229586,-0.9982469970864628,-0.035978835978836,-0.05714285714285705,-0.09100529100529098
2023-09-25,DESK,32.4977,1,0.3248424480162675,-0.04797680286888295,-0.02424171556756327,-0.04090443323681381,-0.08932939869590772
2023-09-25,HCOW,24.6814,1,0.33733979750744414,-0.0383374618954745,-0.012750492273533864,-0.014958632816614914,-0.034989911431280274
2023-09-25,IBIG,24.74,1,0.29826426905646786,-0.04962858854515328,-0.00947049312853665,-0.006063055780113125,-0.008003233629749307
2023-09-25,LQDI,24.8561,1,0.3633799575659745,-0.9955496551486976,-0.015935726039081,-0.020755468476551076,-0.027482187471083663
2023-09-25,VTVT,18.004,1,0.2881069600284539,-0.9999223034342369,0.1041990668740278,0.025994223505887648,-0.044656742946012074
2023-09-26,ADVE,29.7825,1,0.33700512562875173,-0.04674915289024349,-0.020925039872408235,0.0060975405019725315,-0.026156299840510377
2023-09-26,ASIA,24.9109,1,0.33155980231356763,-0.04682652439740935,-0.014391290559554348,0.0115933185874455,-0.019706233014463503
2023-09-26,EXOD,2.51,1,0.2889747927976731,-0.9996022877296584,0.01195219123505975,0.2948207171314743,0.019920318725099806
2023-09-26,INDE,24.805,1,0.3384285065557571,-0.04556649013914088,-0.005031243700866828,0.007857286837331223,-0.010534166498689768
2023-09-26,INDS,35.04,1,0.335613611969362,-0.9978193998397422,-0.0365296803652968,0.003139269406392753,-0.07648401826484019
2023-09-26,JPAN,24.6474,1,0.33166366635684247,-0.04829362779850317,-0.036206658714509565,-0.012492189845582091,-0.05479685484067287
2023-09-26,VCV,8.5,1,0.31690343945321797,-0.9954663467930928,-0.027058823529411802,-0.012941176470588123,-0.04117647058823526
2023-09-26,VGM,8.65,1,0.3050322568902834,-0.9959305931217081,-0.021965317919075078,-0.003468208092485714,-0.042774566473988584
2023-09-26,VNO,21.61,1,0.32669393452237727,-0.9988199719886761,-0.032392410920869974,0.003239241092086953,-0.06200832947709389
2023-09-26,XISE,29.8848,1,0.3079359019280826,-0.03837321793946799,-0.00016061676839063121,0.008743575329264397,0.005527893778777271
2023-09-27,BGH,12.7,1,0.3186419700866585,-0.9957367499816092,-0.019685039370078705,-0.010236220472440882,-0.05905511811023623
2023-09-27,CPII,20.16,1,0.3037640424907868,-0.9970791786208901,-0.004712301587301515,-0.004960317460317554,0.01314484126984139
2023-09-27,EMSF,25.17,1,0.3386373978276348,-0.03764267050960121,-0.015097338100913849,0.007397695669447701,-0.051819626539531205
2023-09-27,NYAX,22.8489,1,0.32145993958731206,-0.9976175418328733,-0.030885513088157457,-0.10280144777210287,-0.1093663152274289
2023-09-27,PHAR,12.85,1,0.32238288064409015,-0.9994238397071311,-0.11805447470817121,-0.09223346303501945,-0.19066147859922178
2023-09-28,MDBH,11.33,1,0.3364295995862552,-0.25709042327125,-0.06531332744924978,-0.06178287731685783,-0.030008826125330956
2023-09-28,NEWTI,24.325,1,0.32524991558144944,-0.0778826387980762,-0.005960945529290829,0.006372045220966127,0.019938335046248756
2023-09-29,GGM,24.54,1,0.3425957814372989,-0.9985119780211958,-0.012493887530562353,-0.01792991035044811,-0.03463732681336584
2023-09-29,PRH,24.43,1,0.3329105605642816,-0.9971529971363446,-0.04379860826852233,-0.025787965616045794,-0.008186655751125649
2023-09-29,PSDM,50.0961,1,0.3145631266069142,-0.23088414136718108,-0.006016436409221448,-0.0051121744008015835,-0.003974361277624405
2023-09-29,ULE,10.8526,1,0.3340372320764516,-0.9973209574167596,0.008974807880139268,-0.009914674824466174,0.001603302434439513
2023-09-29,XBIL,50.15,1,0.5312304268568303,-0.42778394659360136,-0.0036889332003987585,-0.00269192422731801,-0.0003988035892322772
2023-10-02,BAMV,24.6963,1,0.3360308158592133,-0.03643225625930657,0.007705607722614305,0.020679211055907087,-0.012544389240493503
2023-10-02,CGCB,24.8305,1,0.30190278707557994,-0.04838195582695547,0.004011195908258047,-0.00022955639234012448,-0.00867884255250606
2023-10-02,CGDG,24.524,1,0.32255821436730286,-0.047109893999960586,0.011486706899363819,0.024302723862339004,-0.008318381993149604
2023-10-02,CGIE,24.5643,1,0.3424021205792711,-0.04623402825312705,0.011813892518818037,0.019772596817332566,-0.011476003794124057
2023-10-02,CLB,23.33,1,0.3240693081930486,-0.9965481480302999,0.014573510501500353,0.033861980282897663,-0.07758251178739817
2023-10-02,ERIC,4.76,1,0.3120026584017104,-0.9970253853727177,0.021008403361344685,0.0,-0.08403361344537807
2023-10-02,IAE,5.61,1,0.30287351341008756,-0.9980627218600505,-0.005347593582887722,0.007130124777183555,-0.033868092691622165
2023-10-02,JFR,8.04,1,0.29613310090981687,-0.9976613210728886,0.003731343283582156,-0.01243781094527352,-0.03482587064676612
2023-10-02,PMTU,24.2,1,0.32108656106632094,-0.04788245446304594,-0.007438016528925617,-0.00041322314049574427,0.0012396694214875659
2023-10-03,BALI,24.4865,1,0.3190965452276527,-0.03840720769201329,0.027913340003675513,0.03295693545423006,-0.0016294692994098803
2023-10-03,BAMA,24.7767,1,0.32207804706933557,-0.03727816783493039,0.02074933304273774,0.02045470139284089,-0.00346293089878813
2023-10-03,BAMO,24.8725,1,0.30699835339908366,-0.03884097821140975,0.018546587596743436,0.020613126947431892,-0.0018092270579956882
2023-10-03,CGBL,24.57,1,0.3321616257400665,-0.03616354607779846,0.026739926739926645,0.02778998778998787,-0.005698005698005715
2023-10-03,EARN,5.77,1,0.3175534355388312,-0.998898520009217,0.03812824956672456,-0.005199306759098632,-0.08492201039861336
2023-10-03,JBBB,46.91,1,0.30676462598065946,-0.9997110454245309,0.007461095715199262,0.007354508633553802,0.0009273076103175626
2023-10-04,CPS,12.6,1,0.3073268837769237,-0.9962457044507863,0.11111111111111116,-0.050793650793650724,-0.02857142857142858
2023-10-04,PSCQ,22.5559,1,0.3013743103299136,-0.9998164524000938,0.014027371995797067,0.006831915374691411,-0.0017911056530665048
2023-10-04,REGCO,22.52,1,0.3558011261217174,-0.8907549197796827,0.001332149200710564,-0.02975133214920067,-0.031971580817051426
2023-10-04,XBOC,26.09,1,0.3061435434518035,-0.9995461163858973,0.013177462629359926,0.007497125335377497,0.0028669988501341948
2023-10-04,ZALT,25.5653,1,0.3082456197439225,-0.04940978510025687,0.009986192221487666,0.005081106030439653,0.0017484637379572288
2023-10-05,LOAN,4.76,1,0.30289295303409125,-0.9992525864069777,-0.03279411764705875,-0.019117647058823573,-0.027310924369747913
2023-10-05,SMIZ,24.6529,1,0.33026414074509286,-0.047479206011771455,0.011848504638399593,-0.008907674147868971,-0.0016833719359587995
2023-10-05,VIRC,6.98,1,0.3199275932846073,-0.9976370314957396,0.05730659025787954,0.04727793696275051,-0.10028653295128942
2023-10-06,RMNI,2.16,1,0.30414832904047895,-0.9972510505913046,-0.06944444444444464,-0.05555555555555558,0.30555555555555536
2023-10-06,RSVRW,1.45,1,0.3409513363313965,-0.9968983680008866,-0.034482758620689724,-0.2551724137931034,-0.206896551724138
2023-10-06,SWKHL,24.68,1,0.33010385087031363,-0.04644773959569147,0.0020259319286872746,0.001215559157212276,0.008914100486223653
2023-10-09,BINV,25.4787,1,0.3268350476476423,-0.04850037008380753,0.00515332414919123,-0.017261477233924682,0.01813279327438222
2023-10-09,BUSA,25.4358,1,0.3440457052430437,-0.04467362581397083,0.006172402676542621,-0.03086594484938554,0.0010379072016606372
2023-10-09,GILD,75.06,1,0.2949561122020128,-0.9992017443639776,0.05515587529976029,0.03330668798294689,0.08100186517452701
2023-10-09,INKT,12.0,1,0.29046165860303835,-0.998158762299012,-0.08333333333333337,-0.1668333333333334,0.008333333333333304
2023-10-10,BSMC,25.4951,1,0.33493939733778816,-0.03571343449607904,0.002388694298119942,-0.03559899745441286,-0.009390039654678772
2023-10-10,CRNX,26.97,1,0.30017875548077205,-0.9987908080851328,0.06377456433073792,0.10196514645902854,0.09454949944382651
2023-10-10,FBYDW,0.565,1,0.3158150083992446,-0.04836983595030618,-0.26991150442477874,-0.1504424778761061,0.3805309734513276
2023-10-10,HZO,32.18,1,0.29636310557838064,-0.9988848889655796,-0.04443753884400248,-0.0845245494095711,-0.11311373523927903
2023-10-11,ELVN,13.22,1,0.3055125240113903,-0.9991978089975919,-0.016641452344931973,-0.07715582450832081,-0.050680786686838064
2023-10-11,MBNE,28.35,1,0.3012677202384538,-0.9974018797382822,-0.00846560846560851,-0.012698412698412764,0.00864197530864197
2023-10-11,WHLRD,12.0,1,0.30431226405383566,-0.9992557474423941,0.008333333333333304,0.10416666666666674,0.1875
2023-10-12,CRUS,72.56,1,0.2958597954196135,-0.9981369988307783,-0.06050165380374861,-0.07166482910694605,-0.043687982359426725
2023-10-12,SHLD,25.698,1,0.30431244977465916,-0.9989344947129947,-0.006638648922095092,-0.010242042182271094,0.01923495991905977
2023-10-13,IZEA,2.21,1,0.3002545204448781,-0.9981598733232283,0.0,-0.05882352941176461,0.02714932126696845
2023-10-16,JBND,49.755,1,0.4201204488094563,-0.04601283868733655,-0.00793890061300373,-0.00592905235654706,0.008340870264295086
2023-10-17,FAST,30.03,1,0.3404632010957679,-0.9963377226866845,-0.04129204129204134,-0.028638028638028667,0.015651015651015676
2023-10-17,KZR,10.6,1,0.2887239964303454,-0.9990038925739799,-0.17150943396226415,-0.3197169811320755,-0.2616037735849056
2023-10-18,CMTL,10.75,1,0.30490647151692396,-0.999981339695791,0.028837209302325695,0.14604651162790705,0.1497674418604651
2023-10-18,NBCE,23.9797,1,0.3109334204865937,-0.04993557638130604,-0.027302259828104636,-0.002990029066251898,0.029625057861441206
2023-10-18,QUVU,21.7604,1,0.3346668846627674,-0.0474695748858523,-0.03126780757706671,-0.028510505321593382,0.01417253359313242
2023-10-18,XTWY,37.2372,1,0.38868630151938044,-0.9946775098335938,-0.015232079748208727,0.005177618080843827,0.057351250899637884
2023-10-18,ZLAB,24.57,1,0.28906606808634355,-0.9995615254155719,-0.020757020757020794,0.0073260073260073,0.1265771265771265
2023-10-19,ACU,28.05,1,0.31221207492812386,-0.9984380616066444,0.07165775401069507,0.20427807486631022,0.33012477718360067
2023-10-19,ADV,2.45,1,0.30563709664619126,-0.999025593937518,-0.061224489795918546,-0.03673469387755113,0.008163265306122547
2023-10-19,MANU,17.5,1,0.31750249348039034,-0.9987857856498048,0.013142857142857123,0.02400000000000002,0.05314285714285716
2023-10-19,WPP,42.37,1,0.3067429886736684,-0.9975676829664154,-0.024309653056407643,0.05569978758555583,0.02666981354732134
2023-10-23,ITDD,24.2357,1,0.3437701383755759,-0.046297030945828994,-0.005306221813275558,0.03638846825138109,0.07469146754581035
2023-10-23,ITDE,24.1384,1,0.330407870189972,-0.04791596654606016,-0.006185165545355087,0.0383952540350645,0.07941288569250649
2023-10-23,ITDF,24.108,1,0.3248804406198259,-0.048793973269778995,-0.006582877053260328,0.03877965820474527,0.08079890492782482
2023-10-23,ITDG,24.1164,1,0.3339031599461767,-0.04854290498140186,-0.007870163042576817,0.03786220165530518,0.0800077955250369
2023-10-23,ITDH,24.0875,1,0.32238007818356984,-0.04916475252463011,-0.006679813181110439,0.03911572392319673,0.08130358069538146
2023-10-23,ITDI,24.0875,1,0.322541152025241,-0.04915519441246299,-0.006679813181110439,0.03911157239231966,0.08130358069538146
2023-10-23,NDAQ,49.82,1,0.3133122998081668,-0.9961100427469957,-0.01826575672420727,0.01826575672420705,0.08671216378964264
2023-10-23,NVDX,2.5877,1,0.3023814216834101,-0.049497929160142264,-0.08521080496193523,0.11867681725084056,0.3544846775128492
2023-10-23,OTIS,76.91,1,0.3022392755337355,-0.9988790915229944,-0.004810817839032477,0.04433753738135482,0.10258743986477703
2023-10-23,PAPI,24.3243,1,0.33928154818212963,-0.04638231309715757,-0.0024502246724469323,0.020169131280242336,0.01873024095246323
2023-10-23,PHO,50.82,1,0.3223923327676983,-0.9990574382518276,-0.01397087760724125,0.038567493112947604,0.08854781582054305
2023-10-23,SELF,4.47,1,0.30348340672980134,-0.9974942589774239,0.0,0.006711409395973256,0.07158836689038028
2023-10-24,EVHY,49.87,1,0.31965857868963715,-0.036900190329793824,0.002991778624423569,0.029452576699418476,0.03691397633848004
2023-10-24,EVN,8.77,1,0.49740575801031445,-0.996114566460403,0.004561003420752607,0.05929304446978323,0.08551881413911055
2023-10-24,NFLY,17.7795,1,0.36140369971928027,-0.9922637706971151,0.00396524086729122,0.03264996203492787,0.05458533704547386
2023-10-25,IRTR,24.49,1,0.3410443015327484,-0.037800956206198395,0.013715802368313712,0.03644344630461416,0.059399755002041754
2023-10-25,RF,14.06,1,0.33354130251115494,-0.9978608487649709,0.03413940256045511,0.08463726884779521,0.14082503556187764
2023-10-26,EVIM,50.065,1,0.31008012010310354,-0.03801273323325363,0.005388994307400363,0.014181563966843225,0.03095975232198156
2023-10-27,BATRA,37.69,1,0.36289699483100296,-0.9934656145168796,0.0432475457681083,-0.0185725656672856,0.06314672326877169
2023-10-27,DAIO,3.12,1,0.3189122881278644,-0.996967592982812,-0.03205128205128205,-0.02564102564102566,-0.044871794871794934
2023-10-27,HSTM,24.64,1,0.31768176595845343,-0.9999010216880992,0.038961038961039085,0.018262987012986898,0.04788961038961048
2023-10-30,ATEC,8.89,1,0.3322803449453462,-0.9981639649812304,0.15973003374578165,0.11811023622047223,0.31721034870641174
2023-10-30,BUFZ,19.7761,1,0.30197172672547573,-0.04893317130784604,0.02932833066175844,0.037363281941333204,0.056325564696780406
2023-10-30,LI,35.12,1,0.3055219344006322,-0.9987765833712763,0.12243735763097963,0.12357630979498868,0.14749430523917995
2023-10-30,MNR,18.74,1,0.3216158013129831,-0.9982504671445569,-0.031483457844183604,-0.04642475987193151,-0.06670224119530421
2023-10-30,TRDA,15.37,1,0.30085706494519027,-0.9996540051056013,0.017566688353936266,0.06636304489264822,-0.17241379310344818
2023-10-30,XFLT,34.3,1,0.32087224745491016,-0.9964495904427967,0.005830903790087438,0.03498542274052485,0.001457725947521915
2023-10-31,AAPY,25.3132,1,0.33369457386150914,-0.046956101265157035,0.04326596400297089,0.05618412527851091,0.0494248060300555
2023-10-31,ARMK,26.93,1,0.3040659229569003,-0.9974915138165135,0.04047530634979579,-0.027478648347567747,0.03156331229112519
2023-10-31,BHYB,50.42,1,0.3149441697386055,-0.046930060109314956,0.025934153113843728,0.03429789765965885,0.04760809202697347
2023-10-31,CWT,48.68,1,0.3150616182858697,-0.9984972149038797,0.04622021364009865,0.06614626129827439,0.029991783073130662
2023-10-31,FLEX,25.72,1,0.3082080456504545,-0.9985131293955161,-0.0007776049766717863,0.04199066874028001,-0.0015552099533436836
2023-10-31,FTI,21.52,1,0.32434857115724236,-0.997560103562648,-0.01951672862453524,0.0009293680297397522,-0.05994423791821557
2023-10-31,PAAA,50.5069,1,0.5037261215252897,-0.11099208902607803,-0.003997473612516345,-0.0018195533679556952,0.0026352834959184612
2023-10-31,SGHT,1.585,1,0.3134523774905913,-0.9990219957375909,0.3249211356466877,0.2996845425867509,1.32807570977918
2023-10-31,SMTK,4.65,1,0.2873684668015689,-0.9995897627477481,0.07526881720430101,0.07311827956989236,0.22580645161290325
2023-11-01,BJRI,26.22,1,0.3110935509520594,-0.9991749813181752,0.03585049580472921,0.17391304347826098,0.1414950419527079
2023-11-01,BTU,23.33,1,0.32365131012957515,-0.996989754249687,-0.040720102871838804,-0.00385769395627944,0.02186026575225042
2023-11-01,GNTX,29.07,1,0.3477573812374989,-0.9948433230495433,0.024767801857585203,0.05538355693154462,0.046095631234950085
2023-11-01,MRK,102.85,1,0.29748520335413914,-0.9986584801203832,0.015070491006319964,-0.014584346135148252,-0.003597472046669825
2023-11-02,GOOP,25.5197,1,0.33536171384111624,-0.048519239714860773,0.017351301151659282,0.047006822180511554,0.02345638859390986
2023-11-03,HEQ,9.67,1,0.31508073006724946,-0.9972503404537747,-0.020682523267838593,-0.0031023784901756946,0.04446742502585321
2023-11-03,PULT,50.27,1,0.5424943261225427,-0.49138269345433755,-0.003381738611497931,-0.001989258006763528,0.001989258006763306
2023-11-06,GPRE,27.89,1,0.31777696084379936,-0.9982226587418909,-0.0745787020437434,-0.06991753316600935,-0.1269272140552169
2023-11-06,PSDM,49.95,1,0.32990111566138175,-0.4068863802260705,0.0008948948948948043,0.006806806806806787,0.012212212212212137
2023-11-06,STIM,1.295,1,0.29458029322134066,-0.9997628899011849,-0.03474903474903468,0.04247104247104261,0.5057915057915059
2023-11-07,AUDC,9.8,1,0.34343802382296973,-0.9954698979499558,0.047959183673469186,0.09081632653061211,0.18367346938775508
2023-11-07,DBRG,15.65,1,0.3075542502461511,-0.9980009669067771,0.07731629392971251,0.03642172523961662,0.054952076677316386
2023-11-07,ENGNW,0.5,1,0.30353558217382004,-0.038853697801801965,0.8,0.3799999999999999,0.5800000000000001
2023-11-08,AVT,45.54,1,0.30745091260093327,-0.9993865624145926,0.06938954765041738,0.038427755819060216,0.029424681598594793
2023-11-08,FFOG,26.14,1,0.30978978893251513,-0.04927221794476465,0.035960214231063325,0.053267023718439166,0.051641162968630416
2023-11-08,KN,15.46,1,0.34866492990677134,-0.994030403063851,0.03169469598965069,0.042043984476067164,0.038163001293661125
2023-11-08,OHI,30.89,1,0.3417296529785259,-0.9976010920379028,0.019100032372936226,0.028164454516024673,-0.011654257041113558
2023-11-08,PAYS,2.35,1,0.30686890385612187,-0.9970853081881232,0.042553191489361764,-0.004255319148936287,0.0
2023-11-08,SPB,77.9,1,0.2927904674905708,-0.9997807239452798,-0.0012836970474968679,-0.15712451861360732,-0.061103979460847335
2023-11-08,TLSIW,0.325,1,0.615821096079344,-0.027465289506483283,-0.1384615384615384,-0.19999999999999996,1.6153846153846154
2023-11-08,TRAK,9.95,1,0.33172001211581614,-0.03648029186762043,-0.07437185929648227,-0.03919597989949741,-0.004020100502512447
2023-11-09,MTBA,49.92,1,0.34783986788470256,-0.04693150572561452,0.011027644230769296,0.011818910256410131,0.02423878205128216
2023-11-10,ALTO,2.09,1,0.30644744436639204,-0.9986981395242588,0.12440191387559829,0.16746411483253598,0.27272727272727293
2023-11-10,BTM,18.13,1,0.30072566411761426,-0.9995843514161771,-0.19691119691119685,-0.12355212355212353,0.04633204633204624
2023-11-10,DFGX,50.255,1,0.33823249334331146,-0.046054557571906254,0.013530991941100412,0.014866182469405853,0.03084270221868457
2023-11-10,DGCB,50.17,1,0.38728825316263893,-0.04579949064427598,0.014694040263105501,0.021255730516244853,0.0374646202910105
2023-11-10,TBG,24.8573,1,0.3288997411402969,-0.03958361314416531,0.019873437581716447,0.024447546595969927,0.05667550377555086
2023-11-13,AVEE,50.1968,1,0.32935528476379106,-0.045793799793976867,0.05046536831033044,0.05026017594747079,0.029717033755139566
2023-11-13,NWGL,11.5001,1,0.29832328559790494,-0.9994985543703396,-0.009573829792784316,-0.17392022678063668,-0.3687011417292023
2023-11-14,CSPI,11.835,1,0.3044466334209821,-0.9999821488487777,0.05090832277144064,0.0561892691170256,-0.17870722433460073
2023-11-14,HG,15.25,1,0.3303694804073505,-0.04689636526843034,0.022950819672131084,0.006557377049180246,0.009180327868852478
2023-11-14,INSE,8.45,1,0.3526633921475249,-0.9962014219534016,-0.029585798816568087,-0.06982248520710044,0.03313609467455625
2023-11-14,JSI,50.23,1,0.31890539094956644,-0.03836424252414414,0.004280310571371793,0.009556042205853155,0.01781803702966367
2023-11-14,NOMD,16.44,1,0.35768344258286044,-0.9980948112646709,-0.020681265206812682,-0.03588807785888093,0.006082725060827077
2023-11-14,PAHC,10.17,1,0.2990526465040169,-0.999737256416326,0.0068829891838742,-0.041297935103244865,0.14060963618485744
2023-11-15,CGRO,20.8908,1,0.2974688257625094,-0.9989883898929327,-0.02429299021578879,-0.019884351006184464,-0.04489057384111661
2023-11-15,GOSS,0.8107,1,0.2933224813987083,-0.9983414252012922,-0.09954360429258668,-0.0351548044899469,0.2705069692858024
2023-11-16,KRT,21.11,1,0.32349375651972695,-0.9951677660140532,0.035054476551397595,0.0487920416864045,0.11274277593557547
2023-11-16,MNTK,9.13,1,0.3086091484446276,-0.9987551588338351,-0.004381161007667167,0.050383351588170866,-0.027382256297918905
2023-11-17,ABM,41.07,1,0.30359907800882135,-0.9995528153910793,-0.008035062089116085,0.04480155831507182,0.11516922327733137
2023-11-17,ACIC,8.12,1,0.34122349707009736,-0.999225830432817,0.032019704433497775,0.06403940886699533,0.023399014778325178
2023-11-17,AVRE,39.27,1,0.363064085094404,-0.9956247267882165,0.012732365673542079,0.05118411000763934,0.07970460911637378
2023-11-17,EVRG,50.39,1,0.32123409791336677,-0.9993465221463846,0.006548918436197537,0.0011907124429451077,0.02123437189918631
2023-11-17,FUTY,39.95,1,0.33117493207764226,-0.9980871016775863,0.006257822277847325,0.016770963704630715,0.019774718397997493
2023-11-17,GFL,30.14,1,0.3419136908713468,-0.9984233716881263,-0.054080955540809494,-0.03583278035832782,0.08991373589913731
2023-11-17,HUN,24.95,1,0.31957409497119366,-0.9961648238788253,0.00040080160320643543,0.010420841683366877,0.01002004008016022
2023-11-17,JPRE,40.93,1,0.34258175943138097,-0.9960394955285478,0.01576349865624249,0.060503298314194875,0.09481065233325192
2023-11-17,LVS,49.08,1,0.3087996329403244,-0.9970495607377036,-0.010594947025264756,-0.0702933985330072,-0.027506112469437682
2023-11-17,NPWR,11.02,1,0.34757657900688993,-0.9965203421909986,-0.05444646098003625,-0.15245009074410165,-0.06805807622504534
2023-11-17,ONFO,0.5698,1,0.30236345881821686,-0.9982233476341948,-0.01632151632151624,-0.043524043524043377,0.053001053001052956
2023-11-17,POR,41.31,1,0.33846319859075513,-0.9952854064022795,0.00411522633744843,0.022028564512224458,0.04212055192447339
2023-11-17,QLTY,25.4391,1,0.32949408511811157,-0.046329052034617055,0.011042057305486352,0.014100341600135291,0.038165658376279055
2023-11-17,RSPU,53.62,1,0.3391890282551064,-0.997438458636158,0.006527415143603221,0.01735546437896307,0.011189854531891141
2023-11-17,RWO,39.43,1,0.3659520533071854,-0.9947120941112533,0.008876489982247104,0.052751711894496456,0.09206188181587627
2023-11-17,SDP,26.4432,1,0.3466692018754867,-0.9961411209767932,-0.012940945120106573,-0.028861862406970418,-0.04516094875052956
2023-11-17,SPFI,27.14,1,0.3127471692596572,-0.9999320160427847,-0.037582903463522443,0.01179071481208549,0.08953574060427405
2023-11-17,UDR,32.82,1,0.334256729529077,-0.9971922809111915,0.014015843997562394,0.054539914686166924,0.15204143814747106
2023-11-17,WTRG,35.57,1,0.35263038045816636,-0.9958835888311424,-0.009277481023334255,0.01939836941242623,0.014337925217880132
2023-11-17,WY,31.92,1,0.3517958745597823,-0.9947500322591438,-0.009398496240601517,-0.0106516290726818,0.051065162907268036
2023-11-17,XLRE,35.97,1,0.35839705824422574,-0.9944501922061856,0.01334445371142623,0.06255212677231037,0.09730330831248257
2023-11-20,CRTC,25.3183,1,0.3184600547054161,-0.0465674314512558,0.0030926247022904363,0.007275369989296232,0.05496814557059526
2023-11-21,MNOV,1.86,1,0.31517582582445614,-0.9992653088286911,-0.010752688172043001,-0.09677419354838723,-0.18817204301075274
2023-11-22,APGE,17.23,1,0.2963341467856634,-0.9987156581600063,0.1323273360417876,0.26175275681950083,0.48287869994196164
2023-11-22,BRC,53.25,1,0.3108395120793566,-0.9990048210592499,0.05671361502347416,0.07154929577464797,0.1136150234741784
2023-11-22,CIG,1.7538,1,0.29456917849680114,-0.9982287785303333,-0.03067624586611928,-0.03067624586611928,0.01756186566313156
2023-11-22,FENI,24.9674,1,0.342379940653121,-0.04734571249881525,0.008495077581165855,0.01412241562998151,0.04936837636277702
2023-11-22,MLPR,49.9332,1,0.30396600938012713,-0.9983725306188939,0.03346871420217412,-0.018242371808736446,0.010415915663326114
2023-11-22,SCVL,23.63,1,0.3119168808587821,-0.9979809301497543,0.027930596699111243,0.14388489208633093,0.2344477359289041
2023-11-22,SU,32.9,1,0.3364344710420598,-0.993507897277077,0.0027355623100304705,-0.08085106382978724,-0.027963525835866254
2023-11-24,HRTS,26.89,1,0.33070422791465726,-0.046677180708963734,0.015619189289698632,0.026403867608776554,0.12123465972480463
2023-11-24,SDCP,25.3589,1,0.3041758055672503,-0.03847616535171888,0.007141476956808113,0.007338646392391013,0.01345089889545692
2023-11-24,USNA,47.16,1,0.3005721728084514,-0.9992453040048692,0.019083969465649053,0.05237489397794759,0.12086513994910941
2023-11-27,FELC,25.1656,1,0.3260294032454561,-0.03664137830638737,0.007327462885844183,0.020158470292780617,0.0583256508885146
2023-11-27,RCEL,10.85,1,0.33556802182190315,-0.9951483756138589,0.07188940092165907,0.1806451612903226,0.2589861751152074
2023-11-27,XNCR,18.69,1,0.3194592698724459,-0.9980413764518015,0.023006955591225342,0.05029427501337591,0.13429641519529145
2023-11-28,PDX,20.35,1,0.31253410114429503,-0.03779399015213182,0.0014742014742012977,-0.032432432432432434,-0.0009828009828011242
2023-11-28,TCOM,35.4,1,0.29419184783254604,-0.9999691689357103,-0.06949152542372883,-0.04293785310734455,-0.03276836158192076
2023-11-29,GRNT,6.13,1,0.33019738089257183,-0.9955482246077122,-0.037520391517128826,-0.004893964110929905,-0.013050570962479635
2023-11-29,NMFCZ,25.68,1,0.31032044704076794,-0.04753660745292023,0.01830218068535827,0.002725856697819218,0.015186915887850594
2023-11-30,CGSM,25.56,1,0.2962572420901631,-0.0393213952147224,0.0056729264475743335,0.009780907668231587,0.0107589984350549
2023-11-30,RVMDW,0.55,1,0.2999759141370915,-0.03780845574570689,-0.39981818181818185,-0.4,-0.4
2023-12-01,BILD,25.397,1,0.3498679841946607,-0.04716886159791422,0.00630389416072763,0.016592510926487503,0.015734141827774994
2023-12-01,CLSM,20.3065,1,0.30489194758088045,-0.9973087507429794,-0.0010390761578804586,0.01987048482013143,0.008051609090685252
2023-12-01,CPAI,25.5942,1,0.3215288703329746,-0.04941696527638387,-0.0011486977518343489,0.018535449437763196,0.04078267732533147
2023-12-01,CWEN,25.23,1,0.3627385500440184,-0.9969232626513844,-0.01387237415774878,0.055489496630994894,0.07768529528339285
2023-12-01,NXGL,2.09,1,0.3156190269961785,-0.9963704810825793,0.03349282296650724,0.052631578947368585,0.07655502392344515
2023-12-01,RSBT,17.2799,1,0.44941546859990433,-0.9997780544370583,0.0034780293867440193,0.02489019033674955,-0.021406373879478524
2023-12-01,SCWO,11.4,1,0.301039584918833,-0.9974848922752565,-0.04385964912280704,-0.0921052631578948,0.3157894736842104
2023-12-01,SMCO,20.6837,1,0.32758573973071636,-0.047712925727728235,-0.0016728148252005415,0.03211224297393578,0.039944497357822684
2023-12-04,INOV,26.305,1,0.2926179379795693,-0.9993113644557703,0.0057023379585630085,0.01558639042007215,0.017871127162136347
2023-12-04,LQDW,30.08,1,0.3409997404106022,-0.9993887333709542,0.0001728723404255117,-0.0008311170212765839,-0.018284574468084958
2023-12-04,NRSH,20.9777,1,0.3713424150428748,-0.048897437522164716,-0.021270205980636447,0.018629306358657116,0.035189749114536095
2023-12-04,QETAR,1.5,1,0.359747665969395,-0.04569030799161853,-0.20000000000000007,-0.18666666666666665,-0.2666666666666666
2023-12-04,WYY,1.98,1,0.30460835696368566,-0.9977228042325952,0.010101010101010166,-0.07070707070707061,0.18181818181818166
2023-12-05,MHLA,16.925,1,0.35754335189876013,-0.9986715739825928,0.015066469719350106,-0.013293943870014813,-0.005022156573116776
2023-12-05,SPTE,20.0,1,0.3240518042105676,-0.048878542768589855,0.02964499999999992,0.057435000000000125,0.012829999999999897
2023-12-06,ACTG,3.76,1,0.3060666041418122,-0.9979234232375247,0.02393617021276606,0.013297872340425565,0.02127659574468077
2023-12-06,LSEQ,23.9317,1,0.3459642999994177,-0.04982674561490967,0.007922546246192486,-0.0036228099132114,0.013237672208827655
2023-12-08,VMAX,40.0005,1,0.3124370085102923,-0.04842986364433695,0.04301946225672171,0.05322933463331703,0.05558430519618507
2023-12-11,ALKT,22.7,1,0.3063220529417706,-0.9983846822013376,0.033039647577092435,0.08061674008810571,0.08546255506607925
2023-12-11,CARK,30.5859,1,0.3155822600775561,-0.048602305658290774,0.021421635459476507,0.027761157919171886,0.04013287168270363
2023-12-11,QOWZ,24.4475,1,0.3242303226690554,-0.037816292082892236,0.03342264035177411,0.038920134983127186,0.033688516208201236
2023-12-12,GGLL,29.64,1,0.3019763697199407,-0.9988702411864737,0.045883940620782715,0.07827260458839413,0.09379217273954121
2023-12-12,KVUE,20.75,1,0.33816151966493857,-0.9953723677779339,0.03469879518072294,0.03855421686746996,0.05686746987951796
2023-12-12,SPAM,25.6821,1,0.3329197784166731,-0.046736679102150874,0.043723060030137706,0.04233688055104534,0.04151919040888408
2023-12-13,NSI,25.4927,1,0.32593484296146835,-0.037792255055047304,0.003008704452647226,0.033040831296802686,0.0008747602254763898
2023-12-13,RBBN,2.5,1,0.31887200034532864,-0.9968235637673875,0.040000000000000036,0.17200000000000015,0.15999999999999992
2023-12-13,RSSB,20.7317,1,0.33449673991906903,-0.03853438352007831,0.011581298205164181,0.028405774731449895,0.017818123935808394
2023-12-13,SHRT,8.0799,1,0.2962791901753922,-0.03904217000230203,-0.004505006250077437,-0.03314397455414053,0.0024752781593830875
2023-12-13,SMTH,25.6248,1,0.3120921696227984,-0.03791335442020617,0.014263525959226975,0.017202085479691487,0.011715213387031298
2023-12-13,VGSR,9.885,1,0.322548330229277,-0.03875331785317049,0.00758725341426425,0.008598887202832639,-0.0022053616590792524
2023-12-14,FGN,25.8,1,0.32043217480877884,-0.04794114441359468,0.013565891472868241,0.00038759689922462925,0.005038759689922401
2023-12-14,MTNB,11.02,1,0.2950587744153076,-0.9966746180663075,-0.01814882032667875,-0.019056261343012637,-0.008620689655172264
2023-12-15,ACHV,3.18,1,0.3287832389686828,-0.9978990946078006,0.15408805031446526,0.31132075471698095,0.35849056603773577
2023-12-15,CZAR,25.4147,1,0.32505866071512257,-0.04701082492641671,0.019909737278031914,0.017619724017989613,0.002596922253656375
2023-12-15,ESHAR,0.15,1,0.29379749665949445,-0.039317231781102455,-0.2659999999999999,-0.19999999999999996,0.06466666666666687
2023-12-18,GMAB,30.6,1,0.3531335088599762,-0.9967961597881347,0.034967320261438006,0.018300653594771177,-0.06143790849673214
2023-12-18,GNSS,1.74,1,0.3082328021175704,-0.9972720959387527,0.08620689655172398,0.1206896551724137,-0.028735632183908066
2023-12-18,GQI,50.9,1,0.3145994357761044,-0.037707659632717556,0.0009567779960708567,-0.014483300589390957,0.009229862475442108
2023-12-18,RSPU,54.22,1,0.3700244988056761,-0.9929327636541379,0.0005588343784581618,0.02268535595721133,-0.032436370343046805
2023-12-18,SMPL,39.25,1,0.33973748657622105,-0.9962793627831447,0.012229299363057278,0.008662420382165692,0.07617834394904466
2023-12-18,VCRB,76.7505,1,0.3757678251256557,-0.044405516226029604,0.0066383932352231945,0.005120487814411545,-0.0054136455137101525
2023-12-19,AIXI,21.15,1,0.29175886742903945,-0.9985483983670344,-0.05957446808510625,-0.11063829787234047,-0.3148510638297872
2023-12-19,ASRV,2.98,1,0.30683300547342757,-0.9988527095309694,0.046979865771812124,0.09395973154362403,0.05369127516778538
2023-12-19,GSIB,24.94,1,0.3198251016051892,-0.04908693315875219,0.01601443464314345,0.011972734562951004,-0.014033680834001694
2023-12-19,IAGG,49.62,1,0.30767754269245673,-0.9974415664887492,0.00806126561870224,-0.0028214429665457397,-0.0074566706972993835
2023-12-19,IIF,21.489,1,0.3274267483608959,-0.9953109309682238,-0.0008841732979665284,0.009818977151100583,0.043324491600353676
2023-12-19,RGS,6.43,1,0.2909178216567659,-0.9989276002342247,0.5520995334370142,0.19751166407465015,0.45256609642301715
2023-12-20,BUXX,20.13,1,0.46332227193286796,-0.03798237878306081,0.0029806259314457684,0.003477396920019915,0.00695479384003983
2023-12-20,CLOD,25.2117,1,0.33139611456298407,-0.04038684068781395,0.011006794464474723,-0.03628077440236077,0.05528782271723043
2023-12-20,GDEC,29.9788,1,0.3015888531990739,-0.04964469189340741,0.009713530895165912,0.0020414426194510504,0.020054171614607652
2023-12-21,IVVD,3.75,1,0.3188457171756379,-0.999572518445624,0.05066666666666664,0.07199999999999984,0.18933333333333335
2023-12-21,PRAE,30.3838,1,0.3341154575035039,-0.04799133521783843,-0.005641164041364166,-0.008596686392090547,0.002830455703368262
2023-12-21,QDEC,23.56,1,0.3102296780177396,-0.9992454533502036,0.004244482173174857,-0.001697792869269965,0.026740237691001756
2023-12-21,RCMT,28.76,1,0.30813111941556887,-0.9988159342307206,0.009735744089012455,0.10952712100139084,0.042767732962447624
2023-12-22,ABCS,25.2676,1,0.3340054875801934,-0.04885405862731079,0.0010566891988157412,-0.01053523088856878,-0.01567620193449326
2023-12-22,CDLR,18.14,1,0.32322993675122086,-0.049128640851041135,-0.018743109151047377,-0.009922822491730932,-0.02149944873208387
2023-12-22,PSH,50.31,1,0.3335540067809872,-0.03754431866317281,-0.002186444046909153,0.0007811568276683278,0.0023852116875371365
2023-12-22,SPWO,19.9743,1,0.3587729718445573,-0.049579571163398554,0.001256614749953755,-0.008225569857266635,0.003814902149261723
2023-12-26,AWR,81.77,1,0.30672256749973004,-0.9980437602153278,-0.02751620398679222,-0.035465329582976546,-0.07203130732542495
2023-12-26,CMDY,47.6,1,0.3084760393919923,-0.9981757835254595,-0.0124033613445379,-0.023319327731092465,-0.013766806722689151
2023-12-26,EWZ,35.15,1,0.332058078084844,-0.9969091655313682,-0.020483641536273134,-0.03300142247510662,-0.055761024182076846
2023-12-26,IAK,99.33,1,0.3019064893706822,-0.9974205895671888,0.017416691835296483,0.023557837511325896,0.07610993657505283
2023-12-26,IDU,79.5,1,0.3114245030735271,-0.9973870535648659,0.018993710691823873,0.01849056603773591,-0.025660377358490694
2023-12-26,IGF,47.21,1,0.32390888449535327,-0.9997496181425152,-0.007201864011861958,0.0,-0.03643295911883071
2023-12-26,INTA,38.56,1,0.3096837391822128,-0.9958341919981489,-0.05471991701244816,0.03397302904564303,0.14393153526970948
2023-12-26,IWX,70.05,1,0.3118576644052057,-0.9997241753713697,0.003711634546752496,0.0031406138472518386,0.013133476088508234
2023-12-26,JXI,58.4131,1,0.32285225694861786,-0.9955516794058988,0.004055597117769816,0.01467307847041166,-0.03932165901142037
2023-12-26,KXI,58.83,1,0.3285136601002903,-0.9971060773956218,0.00577936426993042,0.009858915519292744,-0.001189869114397446
2023-12-26,LMND,17.02,1,0.2921104556742865,-0.9984399325543187,-0.047003525264394885,0.027027027027026973,-0.021151586368977626
2023-12-26,MATH,2.0,1,0.30402269692509337,-0.7534654513852794,-0.06000000000000005,-0.19999999999999996,-0.22499999999999998
2023-12-26,MDLZ,71.71,1,0.3177213376847829,-0.9998765098685739,0.021893738669641616,0.019104727374146036,0.038906707572165855
2023-12-26,MET,66.24,1,0.30833267532898934,-0.9966533160193409,0.013285024154589431,0.04619565217391308,0.06265096618357502
2023-12-26,MO,40.34,1,0.31178863519857497,-0.9963436188683775,0.02627664848785316,0.01784828953891915,-0.0032226078334159913
2023-12-26,NSTS,9.41,1,0.32202682706175684,-0.9979655781145307,0.010626992561105109,0.014877789585547418,0.022316684378320906
2023-12-26,SFLO,25.752,1,0.3321859086538185,-0.045972449830819245,-0.03138785337061201,-0.03852127990059018,-0.024541783162472686
2023-12-26,XBIL,50.14,1,0.4884629048732603,-0.6431803403767203,-0.0031910650179498568,-0.0023932987634622815,-0.0001994415636218383
2023-12-27,ALCYU,10.49,1,0.3202276834527302,-0.14044944856563232,0.013346043851286904,0.02764537654909427,0.04861773117254531
2023-12-27,MSAI,3.84,1,0.33744164167050084,-0.19193823180132913,-0.16927083333333337,-0.21354166666666663,-0.43229166666666663
2023-12-27,PULT,50.43,1,0.46434762038288363,-0.634185186412704,-0.0035693039857227493,-0.0025778306563554176,9.914733293681088e-05
2023-12-27,WLDSW,16.8,1,0.28775934700383393,-0.9993583505538388,0.1885714285714286,0.1428571428571428,0.14142857142857124
2023-12-28,SOCL,40.315,1,0.30613675842920496,-0.9998714036535695,-0.02120798710157501,-0.003100582909587035,-0.010045888627061905
2023-12-29,PRSO,11.184,1,0.28930216388500435,-0.9997642286774873,-0.39871244635193126,-0.49213161659513593,-0.5296852646638055
2024-01-02,BCUS,24.8939,1,0.33538021132384743,-0.03650444383222802,-0.0034506445354082205,0.0048003727820873365,0.03190339802120201
2024-01-02,BUR,15.1,1,0.3466167567155905,-0.9954842459080281,-0.013245033112582738,-0.050331125827814516,-0.003973509933774877
2024-01-02,CIK,3.0,1,0.2936881611359844,-0.6271552617335383,0.006666666666666599,0.0033333333333331883,0.010000000000000009
2024-01-02,FEBZ,30.4196,1,0.3283779651869172,-0.9952353806205659,0.0019329642730345764,-0.000394482504700977,0.014392036713171796
2024-01-02,MARZ,27.659,1,0.31842359064576925,-0.9958898924255163,0.0049423334176941225,0.0026899020210420233,0.02130951950540516
2024-01-02,PBL,25.5702,1,0.3346186207579089,-0.9946382529491202,0.0005044935119788985,-0.0020805468866101906,0.015126983754526702
2024-01-03,ELPC,7.75,1,0.35056719951320936,-0.047201823729811736,-0.01935483870967747,-0.05935483870967739,-0.04258064516129034
2024-01-03,TTE,67.61,1,0.31318783026992414,-0.998826015031464,-0.038307942612039736,-0.05383818961692055,-0.03194793669575502
2024-01-05,ELTX,7.1,1,0.3344945687542753,-0.9979048242777335,-0.2619718309859155,-0.4140845070422535,-0.3746478873239436
2024-01-08,CRDF,1.75,1,0.30848100675760937,-0.9982736016728619,-0.06857142857142862,-0.12571428571428567,0.03428571428571425
2024-01-08,FSBC,25.7,1,0.3261536690098868,-0.9973449050157939,-0.03968871595330736,-0.02684824902723726,-0.12568093385214008
2024-01-08,IVVB,25.9516,1,0.3064779892536688,-0.9978173640729913,0.0006011190061498972,0.01586800043157255,0.029007845373695718
2024-01-09,AJAN,24.29,1,0.2944092778394187,-0.038862863529381425,0.001506792918896771,0.00946891724989718,0.014207492795389243
2024-01-09,LFMD,5.92,1,0.3113757795844927,-0.9988991784948693,0.0033783783783785104,0.027027027027026973,-0.035472972972972916
2024-01-09,MYLD,24.9117,1,0.34631452789480494,-0.03681448429095453,-0.01851740346905273,0.011127301629354935,0.004712645062360243
2024-01-09,SAN,4.18,1,0.31078843040758297,-0.9966418695223334,-0.05980861244019131,-0.04306220095693769,-0.05023923444976064
2024-01-10,AXR,21.675,1,0.3151270782532307,-0.9968129809244207,0.008073817762399127,-0.014071510957324063,-0.03483275663206453
2024-01-10,FLR,37.92,1,0.30093318368076094,-0.9970380945728764,-0.01608649789029537,0.0018459915611814814,0.05669831223628696
2024-01-10,PBH,59.79,1,0.2975815333695513,-0.9995442830023525,-0.01722696103027266,0.04783408596755301,0.15069409600267591
2024-01-10,VYGR,8.41,1,0.32729435362143616,-0.9994088819348964,-0.1343638525564803,-0.09512485136741966,-0.11058263971462545
2024-01-11,EWCZ,15.58,1,0.3094495129317465,-0.9986048398674121,-0.03722721437740695,-0.009627727856225898,-0.08279845956354304
2024-01-11,RNA,11.25,1,0.29119915164047694,-0.9980699791174217,-0.09688888888888891,0.07022222222222219,0.18666666666666654
2024-01-12,BAYAU,10.42,1,0.3073146935031258,-0.03811692710539347,-0.018234165067178454,-0.018234165067178454,-0.011516314779270509
2024-01-12,DYFI,25.1556,1,0.30399591538950044,-0.04793911008282092,-0.009365707834438353,-0.003999109542209278,-0.008570656235589613
2024-01-12,ELTX,5.24,1,0.3225932538474443,-0.9984024732730457,-0.20610687022900764,-0.11259541984732824,-0.1622137404580154
2024-01-12,HPE,15.89,1,0.3275060910978461,-0.9985377983362171,-0.024543738200125897,-0.005663939584644395,-0.017621145374449365
2024-01-12,RDCM,7.79,1,0.31513903649347463,-0.9954774352610363,0.07958921694480114,0.245186136071887,0.2875481386392811
2024-01-16,RMR,26.54,1,0.30378357538085293,-0.9990883768528627,-0.028636021100226006,-0.007535795026375247,-0.08214016578749062
2024-01-16,SANA,6.36,1,0.33175380287837053,-0.9971063096576517,-0.158805031446541,-0.1116352201257862,-0.014150943396226578
2024-01-16,SAR,23.15,1,0.3766033414589325,-0.9975446476015686,0.0017278617710583255,0.010799136069114423,-0.01641468682505398
2024-01-16,SDHC,24.15,1,0.31415990635798496,-0.04878775641590467,0.0020703933747412417,0.11801242236024856,0.13457556935817805
2024-01-16,ZTEN,50.0271,1,0.36064948056255897,-0.04789553914213308,-0.0029883802978785123,0.005005287134373315,-0.01351267612953766
2024-01-18,LGHT,10.0348,1,0.3400747331403518,-0.03609256829235679,-0.00046837007214906023,0.0075238171164349055,0.021445370112010087
2024-01-18,SYNX,3.54,1,0.30608595783015097,-0.038901231802488404,-0.15536723163841804,-0.1497175141242939,-0.039548022598870136
2024-01-18,TBFG,24.9036,1,0.3305610857394486,-0.047549539725317495,0.0171541463884739,0.019069532115838506,0.03844825647697525
2024-01-19,AVA,33.66,1,0.3663679740808807,-0.9979657370387853,0.0035650623885918886,0.013368983957219305,-0.00267379679144375
2024-01-19,LEG,22.85,1,0.3169799231656824,-0.9996417356938833,0.054704595185995686,0.01619256017505455,-0.1334792122538293
2024-01-19,SM,35.68,1,0.30182084710120494,-0.9996423459082704,0.042320627802690636,0.0022421524663676085,0.10790358744394624
2024-01-22,AIRTP,17.05,1,0.32648231983817305,-0.9970761630915643,0.10366568914955998,0.11436950146627556,0.046926686217008795
2024-01-22,PSBD,16.26,1,0.3258664130473248,-0.04845742110532172,0.005535055350553542,-0.019065190651906705,0.019680196801967753
2024-01-23,PABD,50.01,1,0.3156645544822614,-0.048854420933525614,0.01771445710857833,0.012509498100379934,0.03035992801439713
2024-01-23,URGN,15.11,1,0.3025081894068211,-0.9990224213615939,0.04765056254136346,0.05956320317670438,0.17074784910655216
2024-01-24,ALCY,10.51,1,0.2969099522763982,-0.038992793703792744,0.0028544243577544037,0.0028544243577544037,0.0038058991436726863
2024-01-24,VATE,9.889,1,0.3028190340777179,-0.9999457660996093,-0.0858529679441804,-0.08979674385681058,-0.16675093538274843
2024-01-25,AFYA,20.63,1,0.35488185329375993,-0.9986615802030457,-0.0019389238972370437,-0.011633543383422151,-0.03102278235579259
2024-01-25,BHR,2.4,1,0.3123530833153881,-0.9972859484166063,-0.02083333333333326,-0.10416666666666663,-0.008333333333333304
2024-01-25,FFLS,20.2054,1,0.33825374449393153,-0.997248708401752,-0.0014995991170677625,0.026893800667148193,0.05317885317786342
2024-01-25,SZZL,11.04,1,0.4692698614562482,-0.037435178941998486,0.0126811594202898,0.005434782608695787,-0.1032608695652173
2024-01-25,TILL,22.27,1,0.2971321429801724,-0.9985222098458827,-0.011674898967220404,-0.017471935339021027,-0.06174225415356982
2024-01-26,MSDL,20.45,1,0.3277733671077465,-0.04656961429707439,0.0014669926650368037,0.005867970660146771,-0.03129584352078241
2024-01-26,NUKZ,25.44,1,0.30107903727820556,-0.048552451422223475,0.034799528301886706,0.018875786163522035,0.033411949685534514
2024-01-29,BBBI,50.2841,1,0.33666924567492523,-0.04665747971133821,-0.004655547180918096,-0.004327411647021662,-0.009480133879297803
2024-01-29,BBBL,50.0192,1,0.34043383356278734,-0.047616714492379766,-0.007942949907235652,-0.015456064871089525,-0.02137579169598869
2024-01-29,NNVC,1.17,1,0.4791372973703328,-0.9972600647152244,-0.04273504273504258,-0.0512820512820511,0.13675213675213693
2024-01-29,ODVWZ,2.35,1,0.3508143105394812,-0.7569632737462636,-0.41276595744680855,-0.21276595744680848,-0.44680851063829785
2024-01-29,QFLR,25.1052,1,0.35381353797264553,-0.04530179524539533,0.004497076302917291,0.012877810174784399,0.020904035817280953
2024-01-29,QMID,25.3302,1,0.3358521854006149,-0.04596154093651049,-0.016727068874308193,0.02708229702094722,0.04286188028519322
2024-01-29,QSML,25.2579,1,0.3310406031265616,-0.04874143748630137,-0.030639918599725147,0.022242545896531407,0.015622834835833599
2024-01-30,AMJB,26.8146,1,0.3282055583744233,-0.04667939509984864,-0.023759444481737613,-0.0169310748622018,0.00964399991049647
2024-01-30,FSBW,37.3,1,0.32466639332054337,-0.9969508340912845,-0.12359249329758715,-0.1310991957104558,-0.12466487935656834
2024-01-30,HDV,104.67,1,0.3099017689420979,-0.9973103341529647,-0.0071653768988249045,-0.01585936753606565,0.007069838540173734
2024-01-30,NCDL,17.93,1,0.3284440333907286,-0.03613805995577302,-0.015058561070831034,-0.018404907975460016,-0.07306190741773555
2024-01-30,YIBO,2.66,1,0.30465357811311794,-0.038365330630799215,-0.1729323308270676,-0.07894736842105265,0.06390977443609014
2024-01-31,LVO,14.3,1,0.32428290788536956,-0.9959804979203045,0.027972027972027913,-0.013986013986014068,0.1328671328671327
2024-01-31,REAI,19.1895,1,0.33966541582858345,-0.04553894021207539,-0.011443758305323182,-0.008890278537742047,0.00944266395685145
2024-01-31,XJAN,30.95,1,0.3002556829389846,-0.03866747206988111,0.00873667205169637,0.008316639741518639,0.015579967689822283
2024-02-01,MFAN,25.05,1,0.30727028312367466,-0.038123037579105803,-0.0043912175648702645,-0.006387225548902253,0.0023952095808381646
2024-02-01,VTEI,101.055,1,0.3445487985800105,-0.049305991681863254,-0.0056899708079758415,-0.005788926822027696,-0.005096234723665383
2024-02-01,XIDE,30.2902,1,0.48683402379516716,-0.03659497962197249,0.002310978468283542,0.0026312140560313946,0.0016705072927878373
2024-02-02,BBBS,50.3,1,0.3033186833782268,-0.03935145109508251,-0.001986083499005975,-0.003874751491053652,-0.0065606361829025905
2024-02-02,MUST,20.59,1,0.31282336763679874,-0.9973682553436327,0.0,-0.0019426906265176402,0.004371053909664857
2024-02-02,MVPA,24.8299,1,0.31920644616785177,-0.04997326465397377,0.03524379880708328,0.06792616965835552,0.21103991558564483
2024-02-02,NBOS,25.605,1,0.31902238326092164,-0.03973428948053065,0.0041163835188440245,0.004491310290958728,0.01581722319859402
2024-02-05,DFVE,25.0542,1,0.33495750017755554,-0.0469020220264325,0.02498583071900118,0.016312634209034726,0.04570092040456286
2024-02-05,GOLY,19.995,1,0.30311549034410123,-0.049300587832893636,-0.007751937984496138,-0.015503875968992387,0.03985996499124789
2024-02-05,OFG,36.44,1,0.3201029475006501,-0.9959897495472528,0.010976948408342624,-0.024423710208562044,0.037596048298573104
2024-02-05,RSPG,71.49,1,0.3030767497634599,-0.9990980123038948,0.016505805007693386,0.025737865435725427,0.0657434606238636
2024-02-05,THFF,37.78,1,0.3238573091015209,-0.997928280439454,0.0198517734250927,0.0023822128110109198,-0.0034409740603494887
2024-02-05,VLYPP,20.3,1,0.3186381410260336,-0.9981383148875721,-0.005172413793103514,-0.021674876847290747,0.019211822660098576
2024-02-05,WASH,26.21,1,0.32602718772642136,-0.9995811179324805,0.05036245707745146,0.018695154521175095,0.0011446012972147201
2024-02-06,ARQ,3.1,1,0.3295838547790409,-0.03865010374542807,0.006451612903225712,0.08064516129032251,0.1064516129032258
2024-02-06,IFEB,25.05,1,0.3139203316337173,-0.038025202621977526,-0.00878243512974064,0.006546906187624657,0.025952095808383202
2024-02-06,NPCT,10.62,1,0.31560016185683,-0.9971237258658039,-0.014124293785310549,-0.02354048964218458,-0.03295668549905839
2024-02-06,RYN,30.0664,1,0.3368057026615806,-0.9969535777999272,-0.014484607402282967,0.0036186573716838755,0.05521778463667082
2024-02-06,XLP,73.88,1,0.3357882106300462,-0.9993640739757905,-0.014076881429344823,0.005955603681645938,0.019626421223605917
2024-02-07,NGG,62.6283,1,0.2997880238587567,-0.9995922166006064,-0.03671343466132726,-0.00646832182894963,0.034006990450004215
2024-02-07,NOV,17.19,1,0.37047700031321196,-0.9980144797133597,0.005235602094240788,0.012798138452588592,0.027923211169284423
2024-02-07,SD,12.32,1,0.3164529394800796,-0.9982734688996545,-0.0024350649350650677,0.0535714285714286,0.1071428571428572
2024-02-08,EVSB,50.4286,1,0.31664978886837075,-0.2060568200428883,0.0020107637332782424,0.0030994316717098958,0.0006226625367351524
2024-02-08,FDIS,79.27,1,0.30177477400658886,-0.9989865634228163,0.010596694840418808,0.015516588873470516,0.014381228711996874
2024-02-09,BP,36.36,1,0.3263013107623934,-0.9980288574978449,-0.025027502750274988,-0.028602860286028542,0.003575357535753554
2024-02-09,BRTX,1.35,1,0.3165321824498449,-0.9973185612144931,0.10370370370370363,-0.007407407407407418,-0.05185185185185193
2024-02-12,ADNT,34.72,1,0.29980523745023113,-0.9995911052892766,-0.010368663594470084,-0.01497695852534553,-0.007488479262672709
2024-02-12,EXEL,20.39,1,0.30704100140931256,-0.9974184387395066,0.011770475723393847,0.06473761647866594,0.1128003923491907
2024-02-12,KBUF,25.1303,1,0.3402511581672072,-0.04530584714300631,-0.0021846137929113496,0.014233813364743053,0.025666227621636173
2024-02-12,KYTX,29.93,1,0.3033088021890601,-0.04948797091291236,-0.057467423989308375,-0.08085532910123616,-0.031072502505846922
2024-02-12,LOVE,25.79,1,0.29694823363305106,-0.9988536105746583,-0.0891818534315626,-0.08065141527723918,-0.14385420705699892
2024-02-12,PBE,64.71,1,0.3069258138125395,-0.9985071894240092,-0.010346159789831555,0.030213259156235628,0.011658167207541315
2024-02-12,TIPT,16.79,1,0.33505475005572355,-0.9994207540125299,-0.001191185229303171,0.057176891006551545,0.019058963668850515
2024-02-13,AIG,70.09,1,0.3093662994574993,-0.9977229976384987,-0.02011699243829357,0.03338564702525337,0.07704380082750739
2024-02-13,BDVG,10.5515,1,0.31136710758501773,-0.6957533174575699,0.018215419608586414,0.025446618964128254,0.04035445197365295
2024-02-13,EXG,7.84,1,0.30619131466012767,-0.9973869804617863,0.007653061224489832,0.010204081632652962,0.03571428571428559
2024-02-13,KPRO,24.86,1,0.3127567626273632,-0.03905740001035217,0.005442477876106189,0.005623491552695148,0.021580852775543002
2024-02-13,NWS,26.95,1,0.3399952287348623,-0.9964812687753807,0.010389610389610393,0.019666048237476863,0.012987012987013102
2024-02-13,REXR,51.58,1,0.3114266044276147,-0.9994295744477445,0.01822411787514544,-0.01667312911981389,0.028499418379216657
2024-02-15,CANQ,24.8456,1,0.33394367400055586,-0.046071122539257284,0.0023344173616253183,0.017983063399555688,0.006504169752390654
2024-02-15,MGIH,2.02,1,0.3218628013082976,-0.9966821416208241,-0.054455445544554504,-0.07920792079207917,-0.21287128712871284
2024-02-15,MPAA,9.7,1,0.3186383609757121,-0.9982426255156392,-0.04948453608247405,-0.07319587628865976,-0.1989690721649484
2024-02-16,CZNC,19.47,1,0.3787883445574575,-0.9960540374489735,-0.054442732408834016,-0.08500256805341544,-0.08525937339496659
2024-02-16,FGN,26.39,1,0.33357364352912655,-0.3958288667375209,0.007957559681697646,-0.015536187949981017,-0.014778325123152691
2024-02-16,HASI,26.24,1,0.3092087066116551,-0.9988586537825531,-0.06364329268292679,-0.02820121951219512,-0.03429878048780488
2024-02-16,MIRM,29.28,1,0.29522313203293055,-0.9992564929091006,-0.007513661202185884,-0.020491803278688603,-0.11270491803278693
2024-02-16,MITN,24.9,1,0.30302173220747064,-0.03881200185765404,0.014457831325301429,0.004819277108433884,0.011646586345381627
2024-02-16,MPX,10.64,1,0.32989952893330615,-0.9995107805630657,-0.001879699248120481,0.012218045112781795,-0.024436090225563922
2024-02-16,NATR,18.06,1,0.321600231809755,-0.9959290656087839,0.013289036544850585,-0.0033222591362125353,0.09136212624584727
2024-02-16,NEOG,17.64,1,0.32470415103933037,-0.999214235315349,-0.04421768707482998,-0.02267573696145142,-0.14569160997732422
2024-02-16,OCGN,0.9491,1,0.2942848914149891,-0.9972527372099171,-0.05173322094615951,-0.07280581603624492,0.08523864713939511
2024-02-16,PSCC,37.71,1,0.38141362334765794,-0.9968097518587582,-0.016441262264651257,-0.01670644391408116,-0.03739061256961029
2024-02-16,SBGI,16.03,1,0.34745527054048314,-0.9963576486180187,-0.12538989394884603,-0.14160948222083602,-0.2782283218964442
2024-02-16,UBR,30.0324,1,0.3064147577170645,-0.9979327007797072,0.008460862268749869,-0.012799509862681635,-0.07400007991369317
2024-02-20,AVTR,24.05,1,0.3389077964550367,-0.9999742230969928,0.01496881496881497,0.03950103950103956,0.058627858627858576
2024-02-20,FLGT,24.82,1,0.29541075894846325,-0.9992775494961875,0.02659145850120881,-0.06446414182111204,-0.12288477034649481
2024-02-20,UFCS,23.78,1,0.3147775094562239,-0.9988231800734769,0.002102607232968845,-0.042472666105971446,-0.08704793944491174
2024-02-21,APAM,41.62,1,0.3185874700878561,-0.9981411321189632,0.0067275348390196665,0.07592503604036538,0.052859202306583475
2024-02-21,MNTN,10.95,1,0.4758636584706352,-0.037214881811184514,0.016438356164383716,0.019178082191780854,0.020091324200913308
2024-02-21,ODYS,3.125,1,0.322941909593786,-0.04783353057262352,0.28639999999999977,0.5840000000000001,1.4
2024-02-21,OGN,18.53,1,0.32083821937535045,-0.998599404217103,-0.037776578521316884,-0.030221262817053507,-0.020507285483000626
2024-02-21,SEIX,23.9799,1,0.30604804290349796,-0.9972146591067458,0.0037573134166530853,0.004591345251648171,0.010012552179116563
2024-02-22,GFEB,33.86,1,0.30444953039181755,-0.9982853568235509,0.0005906674542233148,0.006497341996456019,0.01476668635558176
2024-02-22,LYG,2.28,1,0.29145639499152676,-0.9987116406429899,0.026315789473684292,0.07894736842105265,0.14035087719298267
2024-02-22,NEN,70.5,1,0.30591895783015305,-0.998018150029259,0.007092198581560183,0.011702127659574568,-0.014775886524822757
2024-02-22,TYLD,25.45,1,0.2978819598971598,-0.04000411157421539,-0.009626719056974542,-0.008251473477406734,-0.012573673870334034
2024-02-22,XFEB,30.17,1,0.29666597093687114,-0.04853125802890852,0.001988730527013649,0.005634736493205006,0.011259529333775165
2024-02-23,FWONA,61.84,1,0.3054638539569907,-0.9992041984062408,0.06630012936610608,0.034282018111254864,-0.04236739974126791
2024-02-26,BUG,30.04,1,0.3293209775693105,-0.9973478554001505,0.006990679094540653,0.017310252996005415,-0.013315579227696328
2024-02-26,MEOH,44.58,1,0.30736276999578316,-0.9970657379285206,-0.026917900403768402,-0.049349484073575534,-0.010094212651413081
2024-02-26,MFIN,8.07,1,0.3791752195833137,-0.9963563671158772,0.013630731102850069,-0.0384138785625775,-0.03469640644361838
2024-02-26,SMTK,6.75,1,0.2873441812005782,-0.9997019057468884,-0.11111111111111116,-0.07407407407407407,0.6296296296296295
2024-02-27,ESGV,90.64,1,0.30359096604293,-0.9996245445416052,-0.00044130626654903526,0.017762577228596532,0.018865842894969065
2024-02-27,ESPO,61.59,1,0.3178611884005249,-0.9971803379563711,0.01574930995291446,0.04010391297288529,0.013800941711316739
2024-02-27,FDMO,58.1941,1,0.3150490905023462,-0.9955949870348798,0.0034591135527486383,0.021325185886541753,0.03395361385432549
2024-02-27,FNGS,43.43,1,0.3202505844245218,-0.996104315604773,-0.02809118121114429,-0.01197329035229111,0.0025328114206768504
2024-02-27,IETC,69.01,1,0.30571517608442167,-0.9977508924691845,0.00883929865236932,0.031879437762643015,0.025793363280683934
2024-02-27,IGPT,43.53,1,0.3108236351112074,-0.9999006662907362,0.02618883528600957,0.053296577073282725,0.04112106593154152
2024-02-27,ILCG,73.95,1,0.30909763304034366,-0.9973115336694552,-0.005814739688979165,0.016497633536173062,0.01956321839080455
2024-02-27,IWFL,34.9388,1,0.3013986933935313,-0.9988106533132067,-0.014399464205983148,0.022539411771440365,0.030762361615166878
2024-02-27,IXN,73.05,1,0.3053179297659685,-0.996903710255044,0.002737850787132068,0.030937713894592767,0.02381930184804948
2024-02-27,KNCT,92.102,1,0.3010556469689303,-0.9977413831313149,0.008046513647912201,0.024402293109813122,0.013082234913465385
2024-02-27,LRNZ,40.79,1,0.3189765510077921,-0.9994901095902474,-0.050012257906349555,-0.014067173326795746,-0.04094140720764894
2024-02-27,MTUL,24.125,1,0.3289490292914783,-0.996227698964311,0.030308808290155476,0.06469637305699494,0.07761658031088081
2024-02-27,NULG,73.8,1,0.3103707067555127,-0.9972417803817171,0.0024390243902439046,0.023035230352303593,0.03197831978319776
2024-02-27,NVDX,7.889,1,0.31881352680426195,-0.996151256206474,0.1850678159462542,0.3371783496007097,0.34579794650779583
2024-02-27,ONEQ,63.1,1,0.30753847975263815,-0.9973779859828048,-0.004754358161648264,0.016006339144215564,0.01870047543581621
2024-02-27,OUT,14.459,1,0.3360224175941642,-0.9989139853648288,0.04424925651843159,0.10959264126149826,0.10892177882287846
2024-02-27,QGRO,82.26,1,0.30505105334168525,-0.9970743675801866,-0.0023097495745200147,0.018599562363238453,0.031607099440797315
2024-02-27,QID,46.75,1,0.2905157997709353,-0.9999855409015405,0.00855614973262031,-0.0267379679144385,-0.039572192513368964
2024-02-27,QLD,42.775,1,0.3020680791330277,-0.9987911222334914,-0.009234365867913374,0.023728813559322104,0.020689655172413834
2024-02-27,QQH,53.86,1,0.3101209452608858,-0.9995447060827862,-0.009097660601559587,0.017452655031563236,0.016524322317118534
2024-02-27,REW,28.2436,1,0.29673517659652976,-0.9972934433894453,0.0041212876545482224,-0.05111246441671746,-0.02420371340763927
2024-02-27,SNPX,5.025,1,0.28785034719811947,-0.9990694473152293,-0.0432835820895523,-0.12935323383084585,-0.014925373134328401
2024-02-27,SPYG,71.43,1,0.30683908523941483,-0.9989260309868775,-0.003639927201456006,0.01833963320733578,0.02379952400951968
2024-02-27,TQQQ,29.955,1,0.30384181790053666,-0.998761558869969,-0.014521782674010941,0.03288265731931239,0.025037556334501776
2024-02-27,XNAV,62.2319,1,0.31702104210170773,-0.9961926250389851,-0.00023621326040190738,0.017958635362249842,0.021122607537291893
2024-02-28,AP,2.48,1,0.31254117132139464,-0.9964714910114921,0.008064516129032251,-0.004032258064516014,-0.14919354838709686
2024-02-28,BLX,27.69,1,0.33756049120298953,-0.9995041800044652,0.006861682918020806,0.029252437703141787,0.05994944023113047
2024-02-28,COLD,24.99,1,0.3516277973419858,-0.9971038993659478,0.03721488595438194,0.029611844737895243,-0.00880352140856333
2024-02-28,FFLV,20.12,1,0.32958233471274,-0.04589602909678668,0.01391650099403563,0.030511928429423296,0.0544781312127236
2024-02-28,FFSM,24.8138,1,0.33456880257194094,-0.045821129148535755,0.012750969218741082,0.016821284930159885,0.05264006319064385
2024-02-28,IBRX,4.55,1,0.31310293337522577,-0.999243547436816,0.11648351648351651,0.11648351648351651,0.19999999999999996
2024-02-28,IMOS,27.79,1,0.3104294332777089,-0.9979907604138541,0.06549118387909325,0.10687297589060818,0.1234256926952142
2024-02-28,NPCE,16.74,1,0.31416659654291196,-0.9998346172751138,-0.16487455197132606,-0.2007168458781361,-0.18578255675029853
2024-02-29,BILZ,101.11,1,0.5063612412662954,-0.5424247396976125,-0.002769261200672557,-0.0017802393432894137,0.00039560874295330173
2024-02-29,CALX,34.87,1,0.2962285063757173,-0.9983089971245739,0.04703183252079146,-0.035560653857183655,-0.049039288786922874
2024-02-29,FFLG,21.26,1,0.3294303099843683,-0.03784912218444832,0.023047977422389287,0.016251175917215255,0.02822201317027262
2024-02-29,FSCO,5.75,1,0.31223769895826853,-0.9970872034207853,-0.012173913043478257,0.008695652173912993,0.03130434782608682
2024-02-29,NRES,25.1046,1,0.3404700704533094,-0.046954603266394876,0.03048843638217691,0.04758490475849042,0.08761342542800898
2024-02-29,PODC,1.87,1,0.3216326388665307,-0.9966336904987568,0.06951871657753994,0.22994652406417093,0.11764705882352922
2024-02-29,SHG,32.58,1,0.30858821704189154,-0.9982199666079744,0.06844689993861275,0.15837937384898715,0.08931860036832417
2024-02-29,WEAV,12.53,1,0.32974869127821077,-0.9965296378119478,-0.05347166799680769,-0.07661612130885864,-0.08379888268156421
2024-02-29,XHLF,50.32,1,0.4819855035689242,-0.6851026389685144,-0.0033783783783783994,-0.0023847376788552754,-0.0001987281399046248
2024-03-01,KLIP,44.07,1,0.307703262678197,-0.9987662325970268,-0.008168822328114334,0.018379850238257278,-0.000680735194009574
2024-03-01,MVPL,25.7382,1,0.3291869436205431,-0.04734841837454305,-0.0053694508551490605,-0.011819008322260238,0.03584943780062333
2024-03-01,SCLZ,50.2955,1,0.30925172340325785,-0.03995028246866332,-0.008974957998230448,-0.007046356035828261,0.008799992047002325
2024-03-04,BMBL,11.28,1,0.2952290766259204,-0.999811366115529,-0.007978723404255317,-0.04078014184397161,-0.012411347517730431
2024-03-04,METC,18.3507,1,0.30010609483163,-0.9976769240501914,0.05129504596554901,-0.1090748581797969,-0.11609366400191812
2024-03-04,ZHDG,18.455,1,0.5035266750047728,-0.998374435413377,-0.0029802221620156555,0.0013546464372800049,0.011649959360606976
2024-03-05,AISPW,0.330051,1,0.30390154056180824,-0.0381726281670344,0.37100023935694804,3.029680261535339,2.0295317996309663
2024-03-05,GEF,62.61,1,0.3131779243829385,-0.997962392187045,0.016131608369269967,0.0237981153170419,0.0980674013735825
2024-03-05,KRMD,2.04,1,0.4593861900269886,-0.9983837303028348,0.02941176470588247,0.009803921568627416,0.19117647058823528
2024-03-05,LQDI,25.94,1,0.34589166527433357,-0.9958469786341153,0.0011565150346952713,-0.005011565150347064,-0.003469545104086369
2024-03-05,MNST,57.89,1,0.31696097936684514,-0.999789045687648,0.033339091380203856,0.04577647262048701,-0.03351183278631886
2024-03-05,PULT,50.475,1,0.5130634042278557,-0.7563027181525246,-0.005151064883605727,-0.003962357602773747,-0.0008915304606240682
2024-03-06,BIAFW,0.4495,1,0.3091572617453945,-0.9977745925885823,0.17908787541713012,0.37864293659621806,0.49054505005561744
2024-03-06,IMAR,25.47,1,0.3142716329819166,-0.037983332987857985,0.006992540243423662,0.010993325480957994,-0.00047114252061253303
2024-03-06,MCRI,69.24,1,0.29671397677737377,-0.9978245621174079,0.04159445407279039,0.037117273252455396,0.04390525707683435
2024-03-06,UMAR,32.1287,1,0.31429810989943385,-0.9986206725177461,0.006498862387833926,0.011892793670456703,0.0053316816428923275
2024-03-07,CLMB,16.8075,1,0.32626756101841825,-0.9984393138514618,-0.02127026625018602,0.05949724825226843,0.022757697456492698
2024-03-07,EPOW,0.89,1,0.30225386409182076,-0.9986038400713949,0.022471910112359605,0.03910112359550566,-0.050561797752809
2024-03-07,GABC,33.5,1,0.31785683770689893,-0.9967747888076584,-0.04805970149253724,-0.01552238805970163,-0.007761194029850649
2024-03-07,GIC,45.22,1,0.31170915933630844,-0.9963115453229408,-0.02122954444935876,0.030296329057938998,0.0019902697921274637
2024-03-07,OMF,48.55,1,0.3136419045858253,-0.9976920561215581,-0.006385169927909273,0.05190525231719878,0.011328527291452284
2024-03-07,QTI,1.4,1,0.2939802150056496,-0.04910174098739767,-0.1071428571428571,-0.2499999999999999,-0.2571428571428571
2024-03-08,ABCB,47.5,1,0.3070124715914133,-0.9975283020769555,-0.04021052631578936,-0.010736842105263156,0.0014736842105262937
2024-03-08,AVBP,19.61,1,0.3400668764867666,-0.9970288300986484,-0.006119326874043929,-0.06782253952065265,-0.10810810810810811
2024-03-08,CBU,47.22,1,0.29950846558211663,-0.9995687472448839,-0.05781448538754763,-0.037484116899618725,-0.02414231257941546
2024-03-08,FSTR,23.29,1,0.3202201465799024,-0.9986175566503499,0.02103907256333204,0.12365822241305291,0.17475311292400164
2024-03-08,IDA,89.35,1,0.31130520687485985,-0.9982751138568308,0.016228315612758948,0.006379406827084599,0.04297705651930617
2024-03-08,IOPP,25.2752,1,0.34285041124639903,-0.035282571670216964,-0.04435573210103194,-0.026318288282585423,0.022899917705893502
2024-03-08,IRET,20.4,1,0.33222942411817524,-0.04670506741089793,-0.028431372549019507,-0.017872549019607775,-0.010367647058823426
2024-03-08,SKRE,25.45,1,0.3272836971478065,-0.9945162100463284,0.07277013752455797,0.03143418467583503,-0.006286836935166962
2024-03-08,SLS,1.26,1,0.3024859925364656,-0.9974509486283575,-0.12698412698412687,-0.1507936507936507,0.14682539682539697
2024-03-08,TPGXL,25.95,1,0.33729789887919664,-0.03515750218589023,0.005009633911367883,0.01387283236994219,0.005780346820809301
2024-03-08,WBS,48.69,1,0.3065125435645648,-0.9963624690531142,-0.013555144793591989,0.017868145409735137,0.0020538098172109276
2024-03-11,ARGT,49.53,1,0.2935144228087904,-0.999780085637683,0.05612759943468615,0.09549767817484356,0.1520290732889158
2024-03-11,EWCZ,14.56,1,0.3149881860315191,-0.9984120238105259,-0.11813186813186816,-0.13049450549450547,-0.14217032967032972
2024-03-11,MDPL,25.7,1,0.3340244617394766,-0.04587051499645768,-0.006571984435797651,0.008171206225680905,0.01754863813229579
2024-03-11,MSSS,25.05,1,0.31546125231501043,-0.04751224934919359,-0.007121756487025954,0.004083832335329385,0.006578842315369204
2024-03-12,HDSN,11.35,1,0.3480430839878581,-0.9970374225828494,0.06784140969163,-0.002643171806167355,-0.07577092511013206
2024-03-12,IMRN,2.99,1,0.3401809412477219,-0.9982329541147269,-0.11036789297658867,-0.0767224080267559,0.0
2024-03-12,SPYT,20.14,1,0.321009300505431,-0.03791763579928119,0.0016434955312811805,0.006454816285997866,-0.01787487586891756
2024-03-13,MVFD,25.3,1,0.3394023682751234,-0.03467845967650485,0.01383399209486158,0.022588932806324014,-0.008754940711462544
2024-03-13,NYAX,25.8,1,0.3384533997608035,-0.99460363640406,0.04302325581395339,0.009689922480620172,-0.016666666666666607
2024-03-13,PSF,19.79,1,0.320733155811561,-0.9972500943447423,-0.001010611419908991,0.005558362809499728,-0.024254674077817118
2024-03-13,RILYL,17.2878,1,0.30266310712556577,-0.99947824929613,-0.0744918381748979,-0.017226020661969876,0.0915211883524798
2024-03-13,RWAY,11.67,1,0.32388622821681984,-0.9985350631445327,0.023993144815766865,0.03856041131105403,0.07283633247643517
2024-03-13,SVV,19.22,1,0.32380172824234865,-0.9987458472173487,-0.09365244536940676,-0.015608740894901052,-0.09105098855359006
2024-03-13,VRME,1.21,1,0.31514749969123657,-0.9996394260517998,0.0950413223140496,0.1900826446280992,0.2975206611570249
2024-03-14,ANTX,3.04,1,0.29004746217532024,-0.9990153061684095,0.08881578947368429,0.06907894736842102,-0.09868421052631571
2024-03-14,DVAL,13.17,1,0.3202654103128432,-0.996415512194512,0.025816249050873097,0.03898253606681856,-0.0018602885345482267
2024-03-14,ELVA,3.9,1,0.31351879748250155,-0.9972460583196265,-0.015384615384615441,-0.06153846153846143,-0.16410256410256419
2024-03-14,EMLC,24.79,1,0.3219706186708069,-0.995858494013561,-0.006454215409439246,-0.011294876966518652,-0.029447357805566732
2024-03-14,TDC,37.75,1,0.2961570492427102,-0.9987975118667127,0.012980132450331139,0.02437086092715246,-0.0381456953642384
2024-03-14,VVR,4.15,1,0.2923155999863606,-0.5114052458273217,0.01927710843373487,0.031325301204819356,0.033734939759036076
2024-03-15,ENGN,16.85,1,0.3036358511344425,-0.9983377197430601,0.06706231454005929,0.002373887240356032,-0.06290801186943629
2024-03-15,QQQU,25.0813,1,0.30162416707527123,-0.2339692933104174,0.09152635628934713,0.0636769226475502,0.029452221376085053
2024-03-19,ASPN,15.35,1,0.29829802841257713,-0.9984169305370959,0.051465798045602584,0.11140065146579792,-0.018241042345276792
2024-03-19,IVVW,50.09,1,0.30941829077478844,-0.048733440483842524,0.005619884208424741,-0.005476142942703155,-0.030089838291076143
2024-03-19,LYB,99.83,1,0.30001898553326434,-0.9980860293500156,0.013122307923469911,0.06040268456375841,-0.001302213763397786
2024-03-20,CION,10.89,1,0.3130217631307649,-0.9968382200191315,0.018365472910927494,0.011937557392102782,0.018365472910927494
2024-03-20,MSFU,46.72,1,0.3082053503650424,-0.9979356473360187,-0.014982876712328674,-0.03617294520547942,-0.10359589041095885
2024-03-20,NEN,71.5,1,0.30523835383652587,-0.9989432855950195,-0.03356643356643363,-0.011188811188811099,-0.020979020979020935
2024-03-20,OTLK,6.78,1,0.29335298583649605,-0.9989349284587954,0.38200589970501464,0.4041297935103243,0.22271386430678453
2024-03-20,XELB,8.5,1,0.2958238486941411,-0.9994320556180932,-0.09388235294117653,-0.0011764705882352233,-0.21176470588235297
2024-03-21,DCRE,51.205,1,0.46293632132540846,-0.038439896402653884,0.00091397324480047,-0.0017576408553851008,-0.002050580997949303
2024-03-21,SLN,22.69,1,0.330888391400514,-0.997122819910497,-0.04803878360511238,-0.0678713089466727,-0.002203613926840098
2024-03-22,IQQQ,40.9,1,0.3264725335918054,-0.048411199913179506,-0.0031784841075793713,-0.013826405867970681,-0.06110024449877738
2024-03-22,WZRD,25.02,1,0.3049415613709441,-0.04956792109355991,0.002597921662669922,0.0011990407673860837,0.016786570743405393
2024-03-22,XTWO,49.1,1,0.33912783933788326,-0.9990127698839383,-0.005498981670061132,-0.006211812627291202,-0.007942973523421548
2024-03-25,AVXC,50.4,1,0.314552731203976,-0.04774320842311594,0.0007876984126984343,0.016650793650793583,-0.019642857142857184
2024-03-25,EWW,67.59,1,0.3100026366362913,-0.99779057455956,0.023524189968930465,0.032845095428317705,-0.01627459683385124
2024-03-25,IBAT,25.7566,1,0.3327716876145836,-0.04735425496012122,-0.03134730515673645,-0.03331185016655924,-0.07982031789910149
2024-03-25,LFCR,5.4,1,0.32949214200692306,-0.997441253818766,0.022222222222222143,0.13888888888888884,0.19444444444444442
2024-03-25,SMPL,33.2,1,0.32662562516230403,-0.9950038866840676,0.00030120481927697895,-0.012048192771084487,0.018373493975903488
2024-03-25,UDN,18.05,1,0.3125336666851313,-0.9957999268403629,-0.007756232686980669,0.0008310249307479367,-0.013296398891966876
2024-03-26,AUID,7.39,1,0.2895739702986921,-0.9988833482945413,0.041948579161028565,0.03518267929634655,0.0
2024-03-26,TPTA,13.895,1,0.31121628130696055,-0.9977912864236105,-0.11982727599856058,-0.11188916876574306,-0.11478949262324567
2024-03-27,DMAR,34.8499,1,0.30328963272005177,-0.9974307023264934,-0.009179366368339603,-0.003296996548053155,-0.01922243679321889
2024-03-27,NBSM,25.6096,1,0.32942839643091953,-0.03832882431265128,-0.02242518430588536,-0.028684555791578137,-0.03782175434212176
2024-03-27,PSH,50.75,1,0.3230820545330986,-0.8301184078532953,-0.010863054187192023,-0.010752709359605817,-0.00886699507389166
2024-03-28,EVTR,49.75,1,0.39874902712593063,-0.03503084411983707,-0.007437185929648149,-0.01595778894472366,-0.020301507537688446
2024-03-28,FMAO,22.29,1,0.32414951472047027,-0.9972972453253194,-0.047554957379990936,-0.09959623149394348,-0.025572005383580065
2024-03-28,IVVD,4.44,1,0.3194206369781549,-0.9956445879788688,-0.2567567567567569,-0.3355855855855856,-0.5157657657657658
2024-03-28,SPHY,23.46,1,0.3105482970009206,-0.9973841096353894,-0.012787723785166238,-0.01747655583972718,-0.014919011082694
2024-03-28,TH,10.87,1,0.3159139286610674,-0.9989795733993676,-0.0018399264029438367,-0.014719411223550916,0.022999080036798514
2024-04-01,BDVG,11.19,1,0.3216869443723862,-0.8239970896219242,-0.010723860589812229,-0.03842716711349414,-0.02538873994638058
2024-04-01,CCM,5.2,1,0.29607069521933366,-0.9988812816475624,0.20192307692307687,0.21769230769230763,0.46788461538461523
2024-04-01,EVSM,49.9813,1,0.3273808214541899,-0.037513334986567295,-0.0033272443894016845,-0.003627356631380141,-0.003627356631380141
2024-04-01,GDS,6.99,1,0.2939261419534696,-0.9988751957684779,-0.03290414878397718,-0.12446351931330468,0.2160228898426324
2024-04-01,GRPZ,25.195,1,0.34346617951113023,-0.0495908636354944,-0.005901964675530946,-0.04340146854534621,-0.02104782694979168
2024-04-01,IBDU,22.62,1,0.30518506350931546,-0.9972361389579455,-0.002210433244915988,-0.012820512820512886,-0.00839964633068091
2024-04-01,IGSB,50.99,1,0.30808782300850823,-0.997692961888427,-0.000784467542655376,-0.0060796234555795525,-0.0029417532849578265
2024-04-01,SJNK,25.0,1,0.3057802857170702,-0.9973516257015803,0.0,-0.010000000000000009,-0.0008000000000000229
2024-04-01,TOTR,40.1322,1,0.3359182755634954,-0.9962394348755098,-0.003889644724186403,-0.016228863605782906,-0.019017148324786515
2024-04-02,AUB,33.73,1,0.3241540577257016,-0.9999783220656682,0.013044767269493107,-0.057219092795730675,-0.05810850874592344
2024-04-02,BAPR,39.79,1,0.30055041991367154,-0.9976665806710304,0.00025131942699174736,-0.020356873586328317,-0.020608193013319953
2024-04-02,BRLN,52.35,1,0.3780382195650052,-0.9986161747821125,0.004393505253104113,0.0034383954154728613,0.0040114613180515235
2024-04-02,FDND,20.2228,1,0.3207135202691859,-0.03696436276112801,0.014355084360227144,-0.023280653519789585,-0.046422849457048554
2024-04-02,INRO,24.8549,1,0.33148712096157806,-0.04654320599403066,0.002168586475906009,-0.032331652913510034,-0.03651191515556296
2024-04-02,LGHT,10.3981,1,0.3283429996291827,-0.7181238583120607,0.01685884921283698,-0.02658177936353745,-0.019051557496081006
2024-04-02,MVAL,30.2018,1,0.3344180204948347,-0.04668812426038142,-0.001844260938089759,-0.040288989397982866,-0.028203617002960035
2024-04-02,PTCT,28.4,1,0.30314671112443503,-0.9987986803845067,-0.028169014084506894,-0.10950704225352115,0.13204225352112675
2024-04-03,APRP,24.892,1,0.3047664616868251,-0.04833085511090381,-0.004097702072955234,-0.0213442069741282,-0.0206050136590068
2024-04-03,ARLU,24.87,1,0.31631247018392117,-0.04743773798852799,-0.006537997587454769,-0.02378769601930031,-0.026537997587454787
2024-04-03,ATS,33.55,1,0.32609184894265647,-0.9981975269977604,-0.06289120715350216,-0.09716840536512661,-0.040834575260804695
2024-04-03,DTCR,15.3619,1,0.3504974476310042,-0.04531440449610889,-0.033101374178975185,-0.07758805876877206,-0.08800343707484104
2024-04-03,EAFG,20.03,1,0.3453777153866652,-0.0869021996154927,-0.023949076385421875,-0.05164253619570647,-0.06179231153270093
2024-04-03,FLAO,24.9235,1,0.3081548581127846,-0.04732136493525484,-0.005159788954199995,-0.019423435713282755,-0.022424619335165707
2024-04-03,PMEC,0.8885,1,0.33276519734138155,-0.9964849367436266,-0.2318514350028137,-0.27957118739448505,-0.2301631963984242
2024-04-04,IOR,17.0,1,0.3374431211711128,-0.996327349412359,-0.012900000000000023,-0.01764705882352946,-0.044117647058823484
2024-04-04,PAPR,33.24,1,0.30135301992226665,-0.9981002330228785,0.004813477737665384,-0.014741275571600543,-0.006946450060168585
2024-04-04,PSCW,23.51,1,0.30505489278909065,-0.9974385216420404,0.0075712462781794,-0.01486176095278613,-0.009783071033602764
2024-04-04,PSFM,26.58,1,0.30156540150517286,-0.9986049587895055,0.009405568096312988,-0.013261851015801351,-0.006395786305492757
2024-04-04,PSMR,25.21,1,0.3031734142339388,-0.997810786593171,0.008302261007536726,-0.012054740182467327,-0.007536691788972649
2024-04-04,SND,1.95,1,0.4933505220491425,-0.9976240359543608,0.08717948717948731,0.025641025641025772,0.10256410256410264
2024-04-05,SMTH,25.44,1,0.31101890115562925,-0.7331514771166382,-0.005845125786163585,-0.011595911949685567,-0.004760220125786252
2024-04-05,UAPR,28.06,1,0.31515069244421745,-0.9980758892551459,-0.008945117605131725,-0.026372059871703435,-0.008909479686386335
2024-04-08,SAN,4.98,1,0.3116652877741348,-0.9962834551501732,-0.0682730923694781,-0.02409638554216864,-0.016064257028112428
2024-04-08,ZNTL,14.62,1,0.2947965223005648,-0.9986316328144336,-0.09233926128590975,-0.11080711354309158,-0.19835841313269487
2024-04-09,CTNM,15.21,1,0.3221732498835552,-0.046686648677506035,0.02235371466140701,0.046022353714661346,-0.026298487836949436
2024-04-09,NBB,15.19,1,0.31955060739014035,-0.9966493571668547,-0.03423304805793281,-0.028308097432521384,-0.019749835418038098
2024-04-10,AMLX,2.46,1,0.29403761163353614,-0.9982866379880364,-0.1869918699186992,-0.2357723577235773,-0.21544715447154472
2024-04-10,AMZU,36.06,1,0.3121281874826336,-0.996200556761958,-0.05407653910149757,-0.10482529118136441,0.005823627287853572
2024-04-10,CAAA,20.05,1,0.29875846283199037,-0.03841266443769906,0.0,-0.007730673316708292,0.0009975062344138586
2024-04-10,DFNM,47.75,1,0.3057020344327369,-0.9977831760422005,-0.00041884816753934295,-0.00041884816753934295,0.00356020942408386
2024-04-10,EPRX,2.9254,1,0.3160055240105198,-0.03829257921871711,-0.08901346824365886,-0.0018459014151910313,-0.00868257332330613
2024-04-10,EVLN,50.59,1,0.4561296215473487,-0.0795012934748394,0.001976675232259195,0.003755682941292804,0.0017790077090333867
2024-04-10,GRIN,13.6,1,0.3026042743559259,-0.9994880207830286,0.026617647058823524,0.0,0.013235294117647012
2024-04-10,IBTI,21.55,1,0.3043004085272678,-0.9981303699093114,0.0016241299303945134,0.00046403712296982924,0.005568445475638173
2024-04-10,LND,4.95,1,0.3197470818985909,-0.9978310903704501,-0.042424242424242364,0.008080808080808133,0.028282828282828243
2024-04-10,NKX,11.93,1,0.31674290359202395,-0.9972150037385245,-0.0025146689019278634,-0.009220452640402277,0.0025146689019279744
2024-04-10,PJFG,81.1597,1,0.30341585235291535,-0.9973162492886944,-0.026577229832047133,-0.03462186282107993,0.004590948463338407
2024-04-10,PMTU,25.43,1,0.350829546303309,-0.9956542313136828,-0.0019268580416830217,-0.0003932363350372947,0.002752654345261618
2024-04-10,PWB,88.43,1,0.2997796631818381,-0.9991736289612244,-0.027896641411285894,-0.032907384371819615,-0.0017629763654868347
2024-04-10,RAYJ,25.36,1,0.33375223375333574,-0.0400783300497624,-0.037066246056782215,-0.03509463722397477,-0.026222397476340698
2024-04-10,SPMO,79.25,1,0.299277100190933,-0.9992573985186205,-0.027003154574132493,-0.03192429022082022,-0.00025236593059929646
2024-04-10,SSFI,20.835,1,0.3117108888396465,-0.9981577649944521,-0.0032493400527958682,-0.004319654427645814,0.008380129589632634
2024-04-10,TAFM,25.005,1,0.3074519861813363,-0.3535521414309354,0.0019996000799840097,0.0031993601279745043,0.010397920415916806
2024-04-10,YLD,18.88,1,0.3049380821712866,-0.9974147529765864,-0.0068855932203388814,0.0021186440677967155,0.007150423728813582
2024-04-11,ALAI,20.3174,1,0.31654852143375456,-0.04013030941366634,-0.05848189236811785,-0.06874403220884562,-0.0050055617352614545
2024-04-11,CNEQ,20.3003,1,0.32053339996018737,-0.038108060501190685,-0.04974310724472042,-0.05926513401279776,-0.00952202676807734
2024-04-11,HAFN,7.55,1,0.3475284534619847,-0.046054812739675904,-0.03178807947019868,0.0,0.08211920529801331
2024-04-11,SUPN,32.0,1,0.3000724778904138,-0.9994702837417283,-0.09781249999999997,-0.08406250000000004,-0.0625
2024-04-11,ZALT,27.34,1,0.3051964062222026,-0.6203547146053269,-0.012070226773957526,-0.008046817849305055,0.002926115581565636
2024-04-12,AVK,11.62,1,0.3199849011683932,-0.9975041620865795,-0.022375215146299476,-0.004302925989672857,0.03786574870912229
2024-04-12,CLM,7.54,1,0.3111823891567343,-0.9979117410962713,-0.049071618037135334,-0.03183023872679047,0.009283819628647327
2024-04-12,EMD,9.12,1,0.30967388236460547,-0.9959100664694137,-0.01754385964912264,-0.015350877192982337,0.02083333333333348
2024-04-12,EXG,7.97,1,0.3060889075095207,-0.997859203811123,-0.02258469259723961,0.008782936010037545,0.04140526976160608
2024-04-12,HLIT,10.56,1,0.3247815575771784,-0.9981341938221444,-0.08333333333333337,-0.1287878787878789,0.07859848484848486
2024-04-12,MDST,24.5464,1,0.3309554534445462,-0.03570714181252074,0.01277580419124602,0.010979206726851931,0.02113548218883432
2024-04-15,AEE,71.58,1,0.31361278986354535,-0.9960343208300333,0.03911707180776758,0.03869796032411288,0.040374406258731454
2024-04-15,APAM,42.98,1,0.34597415282166677,-0.9939258978120047,-0.010004653327128854,-0.028617961842717476,0.04420660772452312
2024-04-15,CATY,35.07,1,0.30958987462046816,-0.9993775138490201,0.044197319646421374,-0.008839463929284364,0.06330196749358419
2024-04-15,CTBI,39.91,1,0.3040447154353265,-0.9983567016025813,0.05512402906539715,0.05311951891756461,0.08895013781007277
2024-04-15,DEA,28.2,1,0.318420628667468,-0.998508985758009,0.043439716312056786,0.03546099290780136,0.07092198581560294
2024-04-15,DUK,94.13,1,0.30854694349200096,-0.9991329492740274,0.04238818655051535,0.048868585998087744,0.09306278550940195
2024-04-15,FBUF,24.5975,1,0.3103002032097349,-0.047563893639861674,-0.008029271267405269,-0.0001341599756072842,0.012749263136497602
2024-04-15,FF,5.9,1,0.3187742902849003,-0.9984531521975079,-0.045762711864406835,-0.05254237288135599,-0.14745762711864407
2024-04-15,FHEQ,24.559,1,0.3360359882124766,-0.046593434338250486,-0.012097398102528634,-0.0032248870067999036,0.01409666517366337
2024-04-15,FIBK,24.86,1,0.319152052226296,-0.9995298360725708,0.050281576830249364,0.08970233306516495,0.10659694288012878
2024-04-15,FYEE,24.4671,1,0.3150154635894515,-0.048475669119476594,-0.00842355653101512,0.007025761124121788,0.02480882491182057
2024-04-15,GLPI,42.81,1,0.34620850573925394,-0.9961683253056454,0.003971034804951978,0.009110021023125414,0.03994393833216536
2024-04-15,NBTB,33.51,1,0.31292443466929654,-0.9976505588096749,0.03819755296926286,0.05252163533273668,0.11727842435093994
2024-04-15,NWE,48.46,1,0.3241943997473965,-0.9983004120946778,0.040033016921172004,0.04168386297977711,0.07016095749071405
2024-04-15,O,51.65,1,0.31990964522375265,-0.9992097304016451,0.03252662149080354,0.05150048402710561,0.06408518877057112
2024-04-15,OZK,42.42,1,0.31044321242139533,-0.9979144669887573,0.06506364922206509,0.08085808580858078,0.13625648279113634
2024-04-15,PECO,32.59,1,0.3546850277348743,-0.9982733236296921,0.020865296103099062,0.0027615833077629937,0.008591592513040647
2024-04-15,PNW,72.11,1,0.30693735357893104,-0.9986986596495561,0.03591734849535433,0.03882956594092346,0.06725835529052837
2024-04-15,POR,40.87,1,0.32985568251262826,-0.9981138828220579,0.05921213604110598,0.06116956202593582,0.09542451676046015
2024-04-15,RCMT,19.06,1,0.31557589080471404,-0.9983972141621339,0.0010493179433368471,-0.006295907660020861,0.13273871983210928
2024-04-15,RKT,11.67,1,0.33977557131348585,-0.9969915604882383,0.02570694087403602,0.06341045415595548,0.23564695801199664
2024-04-15,RNST,28.85,1,0.31034578137167546,-0.9991621026331576,0.04020797227036388,0.021490467937608226,0.06343154246100524
2024-04-15,SR,58.39,1,0.3124054301598663,-0.9982879689066031,0.051207398527145065,0.055146429183079215,0.06525089912656279
2024-04-15,STXM,23.7326,1,0.34710189203812236,-0.0477596413476514,-0.00432316728887705,0.012531286079064285,0.03263443533367605
2024-04-15,TCBK,32.54,1,0.3182632404792012,-0.9973725483299534,0.050092194222495445,0.06883835279655814,0.15703749231714803
2024-04-15,USB,41.44,1,0.31559870129051754,-0.9980475270681347,-0.009411196911196962,-0.003619691119691071,0.0012065637065639123
2024-04-15,WEC,78.89,1,0.31507916112660267,-0.9987392671290274,0.03904170363797688,0.04956268221574334,0.07592850804918228
2024-04-15,XLRE,36.59,1,0.34394007659883435,-0.9988015424627044,-0.011478546050833649,0.007652364033888803,0.036075430445476675
2024-04-16,CLFD,28.85,1,0.2960285104173775,-0.9977955189519674,0.02010398613518194,0.044020797227036335,0.2790294627383014
2024-04-16,GGB,3.5583,1,0.31808812373587386,-0.9978648363718304,0.028581063991231836,-0.022004889975550168,0.05106371019869038
2024-04-16,ULS,34.83,1,0.29316885398807147,-0.049620340990039896,-0.03387884008039044,0.007751937984496138,0.053689348262991876
2024-04-17,SFM,62.42,1,0.2908428807794656,-0.9987520797491513,0.050785004806152,0.029958346683755188,0.23101570009612304
2024-04-17,XENE,41.63,1,0.29075853874713353,-0.9996045079088558,-0.05116502522219557,0.02065817919769386,-0.028344943550324242
2024-04-19,ESCA,13.68,1,0.37733088333107445,-0.9934184473665766,-0.0007309941520468044,-0.028508771929824595,-0.01388888888888884
2024-04-22,TBLL,105.35,1,0.3269496228465055,-0.967142759890292,0.0008542952064547471,0.0018984337921215122,-0.00023730422401513351
2024-04-23,ELLO,15.16,1,0.3229641828634063,-0.9975193438867163,-0.02902374670184693,-0.01319261213720313,0.04013192612137195
2024-04-23,LAC,4.68,1,0.30372897253880393,-0.9980240312196288,-0.0576923076923076,-0.029914529914529808,-0.09188034188034178
2024-04-23,LXEH,4.046,1,0.2870047622935211,-0.9993290843857892,0.23267424616905585,0.17276322293623325,0.030894710825506655
2024-04-24,DAPR,33.81,1,0.3010684047091416,-0.9976003241072345,-0.005675835551612107,0.012126589766341178,0.02607512570245496
2024-04-24,NTIP,1.87,1,0.2958187868729824,-0.997939398809966,0.021390374331550666,0.016042780748662944,-0.042780748663101664
2024-04-26,GAPR,34.33,1,0.30089591329520116,-0.9991305308569166,0.0034954849985435743,0.012525487911447808,0.022426449169822282
2024-04-26,OPTZ,25.428,1,0.32793418475863945,-0.037772120531950046,0.006559697970740963,0.027139373918514842,0.049689318861098064
2024-04-26,XAPR,30.13,1,0.30198529976097316,-0.03862728218601645,0.002987056090275386,0.01046133421838702,0.018586126783936452
2024-04-29,CNDT,3.3,1,0.3216905253097223,-0.9962649292215032,0.16969696969696968,0.19393939393939408,0.030303030303030276
2024-04-29,CPHC,23.63,1,0.3033126336390063,-0.9988439316922981,0.0012695725772324806,-0.026661024121878873,-0.05078290308929323
2024-04-29,EVO,5.2,1,0.33068983048309797,-0.9974811715394436,0.0,0.028846153846153744,-0.06538461538461537
2024-04-29,MRX,19.34,1,0.3059700730009727,-0.049834073701673365,-0.009824198552223384,-0.010341261633919352,0.18924508790072392
2024-04-29,PGC,22.89,1,0.31547958427899814,-0.9979998204115912,0.014853647881170717,0.01747487986020091,-0.05242463958060284
2024-04-29,REX,28.6,1,0.3098482099546769,-0.999007946158938,0.006818181818181834,0.012237762237762073,-0.05769230769230771
2024-04-29,RILYG,19.4,1,0.29589870276817154,-0.9989967676341177,-0.017525773195876337,-0.002577319587628746,-0.018041237113401998
2024-04-30,EGBN,18.49,1,0.3162245504899665,-0.9982194163322278,0.06868577609518667,0.0843699296917253,-0.07517577068685766
2024-04-30,SNY,49.23,1,0.30410449325590005,-0.9986129687769828,0.0069063579118424645,0.005484460694698434,-0.03371927686370091
2024-05-01,BWLP,14.85,1,0.32416700130821063,-0.04805860613442135,0.07205387205387215,0.1333333333333333,0.4579124579124578
2024-05-01,GOOP,29.3772,1,0.36420854454689444,-0.9948891037700703,0.03133382350938829,0.05081491769127089,0.04127010062225134
2024-05-01,NSTS,9.52,1,0.3042392674209651,-0.9976172463009818,0.010504201680672232,0.01680672268907557,0.019957983193277462
2024-05-01,TAXX,49.82,1,0.4531297514092025,-0.038741203618092704,0.004114813327980693,0.00592131674026497,0.002408671216378888
2024-05-02,PSTR,24.7402,1,0.3202219299716194,-0.04825865388184511,0.027635184840866245,0.04293821391904662,0.03234007809152706
2024-05-03,GDXJ,40.73,1,0.28898076862025396,-0.9998431888989622,0.06653572305425981,0.13798183157377863,0.10630984532285792
2024-05-03,GFI,16.45,1,0.29489748381912206,-0.9999782997689667,0.029787234042553346,-0.007902735562309915,-0.052887537993920875
2024-05-03,IMAY,25.2059,1,0.32322712878180504,-0.046937085617875865,0.013258800518926028,0.024200683173384085,0.022181314692195198
2024-05-03,MAYP,25.2881,1,0.30316194754775094,-0.047712898890785505,0.011305712963805226,0.020677710069162858,0.021187831430593773
2024-05-03,MAYU,25.3609,1,0.3349424391361411,-0.045663121535251594,0.01368247972272263,0.02582321605305804,0.021485830550177498
2024-05-03,RND,20.1832,1,0.3311351448635844,-0.04708777516174215,0.018173530460977583,0.03533631931507397,0.04691525625272508
2024-05-03,SHMD,4.04,1,0.31326560929239455,-0.04977360045434395,-0.15841584158415845,-0.1089108910891089,0.12623762376237613
2024-05-03,UMAY,30.71,1,0.29379724750600567,-0.9996719820113905,0.01107131227613145,0.019703679583197742,0.02116574405731031
2024-05-06,COCO,26.37,1,0.3066453409111627,-0.9988880104989796,0.04778156996587013,0.01858172165339389,0.0659840728100114
2024-05-06,DD,32.8577,1,0.3170929043505286,-0.99841281389746,0.0043307961299785536,0.01706449325424475,0.023050913484510493
2024-05-06,EM,0.95,1,0.29706711447904616,-0.997914972998722,0.11578947368421066,0.14736842105263182,0.09473684210526323
2024-05-06,MSOS,9.4,1,0.32023396258014664,-0.9986191231108564,0.006382978723404209,-0.043617021276595724,-0.16276595744680855
2024-05-06,NCLH,16.2,1,0.32673074938142366,-0.9979170050828059,-0.022222222222222143,0.04567901234567917,0.10308641975308652
2024-05-06,PBMY,25.34,1,0.30520792759896487,-0.037608416490856125,0.00513022888713488,0.013417521704814472,0.013220205209155456
2024-05-06,SIXZ,25.37,1,0.30420468112629895,-0.037745931097633786,0.004729996058336461,0.012041781631848547,0.01360268033109957
2024-05-06,WEEI,24.4652,1,0.3400840005946284,-0.035257545537579635,0.003891241436816406,0.011493877017150878,-0.040490165623007446
2024-05-07,AQNB,24.92,1,0.4781116384283687,-0.9987463792944656,0.00561797752808979,0.010032102728732006,0.015549759229534388
2024-05-07,CLMB,14.22,1,0.31883079766701183,-0.9979187268225282,-0.04711673699015473,-0.035337552742616074,-0.0012306610407876173
2024-05-07,HRTG,8.04,1,0.31457695803314456,-0.9974201820519142,0.12189054726368176,0.07835820895522394,0.012437810945273853
2024-05-07,MNSO,24.09,1,0.3307768942932661,-0.9977929765171978,0.00249066002490661,-0.04939809049398092,-0.09464508094645085
2024-05-07,PERI,12.71,1,0.3048541658608983,-0.9973456294985543,-0.025177025963807997,-0.07081038552321006,-0.024390243902439046
2024-05-07,TOGA,25.8664,1,0.32103349162213474,-0.04875951506535681,-0.005273250239693161,0.003425293044258204,-0.017690904029938448
2024-05-07,TROX,19.21,1,0.35722354878891127,-0.9977531557484284,0.001561686621551095,0.014055179593961409,0.04737116085372195
2024-05-07,UGI,24.55,1,0.3337580964915139,-0.9950567270565805,0.007331975560081361,0.005702647657841231,0.0004073319755599769
2024-05-07,XRAY,28.25,1,0.3150099977380121,-0.996879141179403,-0.004601769911504405,-0.0017699115044248481,-0.021592920353982303
2024-05-08,TBMC,10.7603,1,0.29450558696792906,-0.1190374076583933,0.0018400973950538635,0.0024534631934052253,0.004618830330009427
2024-05-09,AIFD,25.55,1,0.3250159623311614,-0.03672470838296599,0.03448923679060667,0.03136203522504877,0.03946771037181995
2024-05-09,OVLY,23.9,1,0.3634639233323324,-0.9983811356748719,0.03389121338912138,0.008368200836820217,-0.02761506276150627
2024-05-10,CLRO,13.6155,1,0.29230635637105434,-0.9999156848264771,-0.008482978957805476,-0.16591384818772725,-0.22220998127134517
2024-05-10,ECC,10.12,1,0.32078169775682525,-0.9968621572749574,0.008893280632411127,0.006916996047430901,0.014822134387351804
2024-05-10,GRW,32.5624,1,0.3191597177340668,-0.03658848055203634,0.011365869837604237,0.025722919686509638,0.028179741051028273
2024-05-13,APWC,1.4324,1,0.30134315414766955,-0.998105534261416,0.012287070650656373,0.06066741133761533,0.08880201061156123
2024-05-13,III,2.95,1,0.34329243574884494,-0.9962381830817878,0.06779661016949134,0.06779661016949134,0.07118644067796609
2024-05-13,VVV,41.82,1,0.3116629476324826,-0.9992383332931896,-0.009803921568627527,-0.03443328550932567,-0.02917264466762315
2024-05-14,CTMX,1.94,1,0.336937266768272,-0.9945708196651959,-0.036082474226803996,-0.09793814432989689,-0.2319587628865979
2024-05-15,DNP,8.86,1,0.3125575708093966,-0.9978204441823539,-0.011286681715575564,-0.03160270880361171,-0.06772009029345372
2024-05-15,IMOS,27.06,1,0.3059578507669054,-0.9991551583161887,0.035846267553584665,0.010716925351071716,0.003325942350332678
2024-05-15,IOVA,10.68,1,0.3031369802750926,-0.9975110096193844,-0.03277153558052426,-0.1573033707865168,-0.2106741573033708
2024-05-15,JLQD,41.2848,1,0.32926156737573403,-0.046575741734045786,-0.0018723598031235023,-0.00917044529705846,0.007327151881564298
2024-05-15,LIVE,25.68,1,0.2950240111057227,-0.9971409139602622,-0.017133956386292892,-0.03621495327102797,-0.08761682242990654
2024-05-15,LXEO,13.96,1,0.3238406780327122,-0.9995769950716156,0.08595988538681953,0.14971346704871058,0.3438395415472779
2024-05-16,BTTC,12.04,1,0.3026118119725701,-0.9968349437666545,0.05232558139534893,-0.0174418604651162,-0.09302325581395343
2024-05-16,CPSM,25.39,1,0.30069856391854694,-0.038412774615777065,0.0003308389129577094,0.0014887751083103584,0.00945254037022436
2024-05-16,LE,14.07,1,0.3008079559053401,-0.9991226420634649,-0.00781805259417201,0.01563610518834402,0.02487562189054726
2024-05-16,NTIC,17.66,1,0.3452371857110037,-0.9988550726904352,0.043601359003397455,0.04303510758776907,-0.00962627406568528
2024-05-16,SRG,6.21,1,0.3100464760330433,-0.9998149261677381,-0.08373590982286627,-0.1529790660225443,-0.21900161030595822
2024-05-17,IZM,2.02,1,0.2868667922025813,-0.9998525774758892,0.02970297029702973,0.0,0.024752475247524774
2024-05-20,ANSCU,10.34,1,0.5330726922208084,-0.03313886548687749,0.0,0.013539651837524147,0.013539651837524147
2024-05-20,ASMF,25.7147,1,0.3659976789503402,-0.04766931016250754,-0.005137139457197626,-0.03751550669461434,-0.030126736847017388
2024-05-20,MDAI,1.84,1,0.3064605733627167,-0.9996145459539054,-0.125,-0.15760869565217395,-0.13586956521739135
2024-05-21,ETV,13.14,1,0.3149262708755872,-0.9957064264844409,-0.019786910197869045,0.006849315068493178,0.00913242009132409
2024-05-21,JADE,47.8231,1,0.3134310976978244,-0.048028879239794986,-0.02459899086424744,-0.02199982853474569,-0.001166800144699942
2024-05-21,OAKUR,0.29,1,0.4552129958289974,-0.03870462982025143,-0.3789655172413793,-0.31034482758620685,-0.31034482758620685
2024-05-21,SCIO,20.16,1,0.5751386164942917,-0.030185866945807598,-0.00347222222222221,0.00694444444444442,0.007688492063492092
2024-05-21,SDRL,52.12,1,0.3319115040595367,-0.9955076294056971,-0.025326170376055224,-0.04988488104374511,-0.06293169608595539
2024-05-21,UCIB,27.298,1,0.32278882127476655,-0.9964350402579303,-0.011649205069968471,-0.05743644223019995,-0.029635870759762484
2024-05-22,CNH,11.02,1,0.33715972847258097,-0.046161189835801135,-0.038112522686025385,-0.06442831215970957,-0.08620689655172409
2024-05-22,SCKT,1.36,1,0.29508047548203287,-0.9982433475649705,-0.05875000000000008,-0.1250000000000001,-0.15441176470588247
2024-05-23,GBLI,30.95,1,0.31430056509399323,-0.9983746783903367,0.030371567043618874,0.00943780290791607,-0.013570274636510393
2024-05-23,MLPD,24.5918,1,0.30538143424013253,-0.038428573140365505,0.010145658308867267,0.011198854902853883,0.020157125545913646
2024-05-23,OZEM,24.92,1,0.3367905653500583,-0.0460051708424815,0.0024598715890851164,0.04085473515248794,0.0682182985553772
2024-05-24,DMAY,37.68,1,0.3016332274156599,-0.9991383281694464,-0.0018577494692144647,0.006369426751592355,0.020169851380042347
2024-05-24,IDE,10.54,1,0.3315983401670377,-0.9994783695007854,-0.01423149905123322,-0.01992409867172662,-0.020872865275142205
2024-05-24,THNR,25.3224,1,0.35216251410378246,-0.03410814792907724,0.007957381606798819,0.02568871828894581,0.038843079644899525
2024-05-24,WEEL,20.0288,1,0.30245689079223587,-0.03812190326254939,-0.002686131969963146,-0.00018972679341755505,0.008043417478830639
2024-05-28,BKHAR,1.1,1,0.3536105063148175,-0.08442240744623276,0.4181818181818182,0.09090909090909083,0.04545454545454519
2024-05-28,NDMO,10.72,1,0.3127650398322467,-0.9980774223865071,0.025186567164179108,0.01585820895522394,-0.000932835820895539
2024-05-29,BILI,13.65,1,0.2922640976760175,-0.9995528480409557,0.12014652014652016,0.05421245421245424,0.17069597069597076
2024-05-29,INDB,49.53,1,0.30708342016445683,-0.9984181862668104,0.0048455481526348265,-0.016959418534221782,-0.034928326266909004
2024-05-29,LENZ,15.49,1,0.3040814993742732,-0.9998169636345509,0.04131697869593287,0.20787604906391222,0.1497740477727565
2024-05-29,LRGG,25.2961,1,0.3195094755682381,-0.036754965993329655,0.019485217088800244,0.03687920272294942,0.04788485181510205
2024-05-29,NKX,11.4,1,0.31399524845900606,-0.9984671412634708,0.04035087719298236,0.05701754385964919,0.08245614035087723
2024-05-29,PFX,44.825,1,0.3350117212507746,-0.9988413653888568,0.007919687674288856,0.00033686558839929326,0.04339319576129386
2024-05-30,DVAL,12.9924,1,0.32813227201892003,-0.9963394423568689,0.004825898217419411,-0.0011468242972815235,0.006873248976324575
2024-05-30,EVSB,50.63,1,0.4872603148965273,-0.3823439524108867,-0.002765158996642314,-0.001777602212127305,-0.004345249851866573
2024-05-30,IBDZ,24.9458,1,0.33010858219274675,-0.03774960392453193,0.01784669162744823,0.0228375117254207,0.015802259298158372
2024-05-30,IMTX,11.28,1,0.36106048738860785,-0.9926133572504245,0.19592198581560294,0.14804964539007082,0.03014184397163122
2024-05-30,OKYO,1.3901,1,0.3018887893828681,-0.9986903978362935,-0.036040572620674616,-0.021581181209984757,-0.14394647867059918
2024-05-31,CIMN,24.8484,1,0.30915399883236555,-0.038999605887081124,0.01393651100272053,0.014149804413966294,0.008113198435311775
2024-05-31,GHM,27.05,1,0.29892172403740924,-0.9992986132286046,0.02218114602587784,0.06913123844731972,0.05767097966728274
2024-05-31,QETAU,10.35,1,0.3656466465154031,-0.07214355720942425,-0.007729468599033784,0.010628019323671634,0.02512077294685988
2024-05-31,USO,74.82,1,0.2972822845223706,-0.9999083912190682,-0.024057738572574094,0.016840417000802077,0.08981555733761049
2024-05-31,UZD,23.05,1,0.3454935034784875,-0.9965447086928803,0.0,-0.006507592190889477,-0.030368763557483747
2024-05-31,UZE,21.34,1,0.33163655996697067,-0.9984736119566252,0.00046860356138722636,0.007966260543580184,-0.041705716963448936
2024-05-31,UZF,21.24,1,0.35166174995629823,-0.9957442052866665,0.0070621468926554964,0.012241054613935987,-0.03672316384180785
2024-06-03,RSSY,19.83,1,0.34074633781281627,-0.036217350003429946,0.03378719112455886,0.057992939989914394,0.0766515380736259
2024-06-03,SQM,46.42,1,0.2915118996633423,-0.9994034953639214,-0.012063765618268052,-0.09133993968117193,-0.1264541146057735
2024-06-03,TSEC,25.705,1,0.29973852941303736,-0.536716228793546,0.005446411204045987,0.012059910523244621,0.00408480840303449
2024-06-03,WS,33.29,1,0.301137656642407,-0.9997282003266439,-0.05857614899369179,-0.08410934214478827,-0.034244517873235236
2024-06-04,BOSC,2.9,1,0.30698198890547124,-0.9971367469372114,-0.01379310344827589,0.006896551724137945,-0.031000000000000028
2024-06-04,MFUT,19.7,1,0.31659029536841476,-0.03717419838882331,-0.005583756345177604,-0.022335025380710527,-0.007837563451776552
2024-06-04,MKZR,55.0,1,0.2923037875151776,-0.19347222989283244,-0.4545454545454546,-0.4363636363636364,-0.3745454545454546
2024-06-04,TGS,17.8,1,0.319998778672514,-0.9972496780144532,-0.008988764044943864,0.034269662921348365,0.030898876404494402
2024-06-05,BUFS,20.0099,1,0.33024289369405635,-0.03809822123786231,-0.0008245918270454178,-0.011489312790168738,-0.007391341286063446
2024-06-05,EQIN,43.97,1,0.32852339315054413,-0.04605955078780084,-0.004775983625199043,0.00952922447123039,-0.0035274050488969255
2024-06-05,ETR,55.44,1,0.3000906465536406,-0.9994365943462837,-0.031746031746031744,-0.04139610389610382,-0.04969336219336207
2024-06-05,IHD,5.34,1,0.3018075189695868,-0.9982303154558629,-0.009363295880149725,0.001872659176029856,0.013108614232209881
2024-06-05,IJUN,25.32,1,0.3269475478546661,-0.04627613677877221,-0.00750394944707744,-0.0165876777251186,-0.0017772511848341832
2024-06-05,JNEU,25.2555,1,0.32582890463169517,-0.04613494421258077,0.010472966284571505,0.018237611609352333,0.032404822711884496
2024-06-05,KJUN,25.3,1,0.33266427532764387,-0.04926614742674576,-0.0012450592885375755,-0.011067193675889375,-0.006470355731225341
2024-06-05,MFAO,25.66,1,0.31656718995905486,-0.07734678930802841,-0.0054598597038192365,-0.008183943881527656,-0.004286827747466804
2024-06-05,NAMSW,8.01,1,0.30037491978230935,-0.9977761239698579,0.18220973782771543,-0.07615480649188511,0.19975031210986272
2024-06-05,NJUN,25.44,1,0.30512249214679266,-0.047800018782467785,0.010676100628930874,0.014335691823899266,0.02948113207547176
2024-06-05,SIFY,5.6982,1,0.34233561656200345,-0.995298460485223,-0.5303604647081535,-0.5847109613562178,-0.5459618826997998
2024-06-05,SRBK,9.01,1,0.32061972765767466,-0.9969605712424838,-0.0011098779134295356,0.02441731409544956,0.01942286348501665
2024-06-06,CHSCP,31.695,1,0.3378158621652394,-0.9949404412094228,-0.00615238996687173,-0.06294368196876488,-0.04309197034232526
2024-06-06,CRWS,5.05,1,0.3038643688798918,-0.9977551416785165,0.004950495049504955,-0.035643564356435564,-0.03069306930693072
2024-06-06,KTCC,4.0,1,0.31318112526335673,-0.9971933953069084,0.03750000000000009,-0.06999999999999995,-0.07499999999999996
2024-06-06,QQQY,43.74,1,0.3240945134895662,-0.9953238625863875,0.021947873799725626,0.026063100137174278,0.004801097393690057
2024-06-06,TAFL,25.315,1,0.30876266678566755,-0.7546396815888863,0.006857594311672877,0.005727829350187674,0.003950227138060258
2024-06-06,VNOM,36.46,1,0.31378434498655,-0.9992273856193692,0.026878771256171108,-0.013165112452002248,0.07515085024684587
2024-06-07,DBI,7.67,1,0.34612783992998186,-0.9974420470598274,-0.06649282920469357,-0.0325945241199479,-0.10299869621903524
2024-06-07,INN,5.99,1,0.3293195347609684,-0.9961836402057246,-0.030050083472454192,-0.016694490818030094,-0.05342237061769617
2024-06-07,PNW,75.69,1,0.3213785767478159,-0.9975967588449609,0.010569427929713271,0.000528471396485708,0.023252741445369374
2024-06-07,VLGEA,26.88,1,0.3449910072013528,-0.9989354071414174,-0.016741071428571397,-0.0691964285714286,-0.05431547619047605
2024-06-10,BGRO,30.8224,1,0.31450509448792,-0.03869689070778176,0.04069118563122931,0.031233778031561465,0.07344982869601346
2024-06-10,BWMN,29.69,1,0.31517461977383654,-0.9963981562564146,0.05557426743011118,0.06433142472212872,0.06736274840013468
2024-06-10,ECC,10.27,1,0.3185737579955381,-0.9965269424368894,-0.0165530671859786,-0.01850048685491723,-0.0029211295034079487
2024-06-10,GHRS,12.01,1,0.304954704206005,-0.9977941303220618,0.032472939217318864,-0.004995836802664466,-0.05328892589508749
2024-06-10,HPE,20.59,1,0.3386741495972152,-0.9984258729101929,0.05196697425934915,0.02574065080136001,0.03691112190383694
2024-06-10,JSMD,66.27,1,0.3143603650609092,-0.999600376640778,0.0035174287007697647,0.0031688546853780863,0.008676625924249226
2024-06-10,JUNW,28.41,1,0.30421305209922833,-0.998025035927788,0.005983808518127409,0.007039774727208625,0.01814149947201682
2024-06-10,RCG,1.7099,1,0.29430960551755375,-0.9983322776618829,-0.023334697935551763,-0.02918299315749462,0.011755073396104931
2024-06-10,RDIB,12.61,1,0.3038255462712316,-0.999009467057165,0.05868358445678035,0.0318001586042822,0.1102299762093577
2024-06-10,XSMO,59.87,1,0.3205588039156849,-0.9984808719187135,0.007015199599131439,-0.0060130282278269,0.004008685485217933
2024-06-11,FLDB,50.21,1,0.3124371419536774,-0.1175706786915188,0.0020912168890658833,0.0026887074287988977,0.0020912168890658833
2024-06-11,GIII,27.07,1,0.3070309322522733,-0.9989622861698118,0.01366826745474703,0.002955301071296601,-0.008865903213890025
2024-06-11,MGNX,4.93,1,0.2950416888692257,-0.9993617127282035,-0.16430020283975655,-0.17444219066937106,-0.05679513184584162
2024-06-12,PAAS,20.29,1,0.3006996105396512,-0.998378058427036,0.020206998521439035,-0.003942828979792923,0.16904879250862503
2024-06-12,SYFI,35.1282,1,0.3237452344613669,-0.047147668663770834,-0.0019414601374393436,0.0003359124577975159,0.008876059689935767
2024-06-13,AXIL,10.985,1,0.3575801556326206,-0.9987712489999327,-0.23896222121074195,-0.30723714155666815,-0.36094674556213013
2024-06-13,GDL,7.7898,1,0.4946230960377568,-0.9955257549437353,-0.0012580554057869398,0.006444324629643949,0.019281624688695542
2024-06-13,UONEK,14.9,1,0.2929698263825419,-0.9994536586579523,-0.006711409395973145,0.006711409395973034,-0.1610738255033557
2024-06-14,BOLT,15.2,1,0.2866286716878988,-0.9994587776684798,-0.02763157894736845,-0.03697368421052627,-0.013026315789473553
2024-06-14,CVGW,25.22,1,0.3092602810913862,-0.9983569153627669,-0.0785091197462332,-0.11221252973830287,-0.05908009516256929
2024-06-14,IBGA,25.5801,1,0.3777586339337379,-0.044390028627767475,-0.001176695947240236,-0.035762174502836364,0.002642679270213888
2024-06-14,IBGK,25.81,1,0.38243763389608776,-0.04515099204698748,-0.004242541650522957,-0.04610616040294446,-0.0020108485083301098
2024-06-14,IBTP,25.4,1,0.3219556181766363,-0.04712453356850432,-0.0019685039370077595,-0.019291338582677064,0.006692913385826893
2024-06-14,ICMB,3.55,1,0.30038221203943466,-0.9981336903909942,-0.06338028169014076,-0.04788732394366191,-0.08450704225352113
2024-06-14,NXG,41.64,1,0.30882148717806535,-0.9982831461418294,-0.036383285302593715,0.0014409221902018654,-0.05595581171950048
2024-06-14,PXLW,12.24,1,0.2891170874266285,-0.9996744196719772,-0.07480392156862736,-0.05529411764705883,0.07843137254901955
2024-06-14,VTSI,8.15,1,0.3080831552508932,-0.9992954978665931,-0.07484662576687118,-0.07116564417177917,0.1361963190184048
2024-06-17,DFH,26.77,1,0.3240293805777184,-0.9985916114174912,-0.06611878968995144,-0.07620470676129998,0.1400821815465072
2024-06-17,DGICA,12.91,1,0.3254960543217631,-0.9960351769006577,-0.03795507358636718,-0.013168086754453912,0.12858249419055
2024-06-17,NMFC,12.31,1,0.35475844452759897,-0.9972336221636531,-0.008123476848091005,0.002437043054427157,0.009748172217709072
2024-06-18,NAN,11.22,1,0.30414375935432514,-0.9994196206655589,0.0017825311942958333,0.0053475935828875,0.009803921568627416
2024-06-18,NAZ,11.235,1,0.30724189972533056,-0.9973587003114339,-0.009345794392523255,-0.004005340453938633,0.009345794392523477
2024-06-20,CLRO,10.1235,1,0.29209958893002963,-0.999237179722738,0.007556675062972307,0.019410283004889672,0.04148762779671067
2024-06-21,EVSD,50.005,1,0.3185954969910254,-0.037826199384254265,-0.004453554644535562,-3.999600039938933e-06,0.004599540045995276
2024-06-21,OVID,0.78,1,0.3077818166094396,-0.9985784472068976,-0.013846153846153841,0.07153846153846155,0.3205128205128205
2024-06-25,ATRC,21.28,1,0.3270529813495654,-0.9953424011409041,0.05216165413533824,0.04276315789473695,0.12734962406015016
2024-06-25,KR,49.82,1,0.31294240740318613,-0.9971970392221068,0.01224407868325983,0.06362906463267759,0.08751505419510242
2024-06-25,RECT,3.575,1,0.3080631376981011,-0.04815203333931633,-0.09930069930069929,-0.08296503496503504,-0.06293706293706292
2024-06-26,AVBP,16.95,1,0.3366974554916634,-0.9965064482513356,0.07787610619469021,0.0861356932153392,0.24719764011799428
2024-06-26,DDT,25.76,1,0.3217337239610111,-0.9967450628443182,0.008152173913043459,0.007375776397515521,-0.004763198757764098
2024-06-26,SWBI,14.74,1,0.29722475535035536,-0.9999711287010712,-0.035278154681139706,-0.034599728629579385,0.0678426051560379
2024-06-26,VSTM,3.07,1,0.29758181471128975,-0.9989807077515972,-0.04234527687296419,-0.02931596091205202,-0.032573289902280034
2024-06-27,CALM,60.48,1,0.297052815964384,-0.9980454474933114,0.030753968253968367,0.04398148148148162,0.17113095238095233
2024-06-27,DUG,38.48,1,0.2951807158104017,-0.997118207588777,0.017671517671517645,0.008316008316008316,-0.023908523908523716
2024-06-27,OXY,62.69,1,0.307773221981405,-0.9971335128724677,-0.014356356675705784,-0.023767746052001826,-0.034295740947519526
2024-06-27,VLTO,97.61,1,0.3101517190449512,-0.9983855870828098,-0.020592152443397294,0.011781579756172667,0.07437762524331526
2024-06-28,ADM,60.45,1,0.2970991029166406,-0.9974216536867266,0.048469809760132376,0.048800661703887416,0.04714640198511155
2024-06-28,CLOI,52.94,1,0.4854609665469767,-0.9990700138161696,-0.0026445032111824807,-0.0019833774083868327,0.0010389119758216214
2024-06-28,FLXR,38.1825,1,0.3107418533605417,-0.03734282189230168,0.0011025993583448912,0.008315327702481667,0.01839848097950636
2024-06-28,LAPR,25.01,1,0.5086101091164287,-0.03502845050250687,0.0029988004798080503,0.005397840863654357,0.004642143142742805
2024-06-28,LYB,95.66,1,0.29696210793481725,-0.9995967979255589,-0.012648965084674835,-0.00010453690152611994,0.01808488396403929
2024-06-28,NBSD,49.97,1,0.3172289569958053,-0.03841648637070485,0.009769861917150235,0.01160896537922751,0.012617570542325263
2024-06-28,NVDY,29.31,1,0.3382803853704031,-0.9994968537631956,-0.041282838621630735,-0.0242238143978164,-0.1310133060388946
2024-06-28,PAAA,51.105,1,0.4868671879456157,-0.7459704184341334,-0.002445944623813756,-0.002348106838861108,0.00029351335485761076
2024-06-28,SURI,22.0784,1,0.32645397803035947,-0.998509626834972,0.00024005362707457678,0.11907565765635209,0.06984654685122127
2024-06-28,XBIL,50.08,1,0.523677857673828,-0.9960683165994507,-0.0028953674121404704,-0.0013977635782748132,0.0003993610223642641
2024-07-01,CGNG,25.042,1,0.3546610874688443,-0.045073684561944605,0.014100311476719085,0.02128424247264582,-0.028915422090887266
2024-07-01,RSJN,29.9801,1,0.31844623038864656,-0.038016451255748596,0.004332874139846066,0.03735477866985115,0.03435278734894154
2024-07-02,CGIC,25.07,1,0.35789324207928486,-0.03414238883222976,0.022895891503789345,0.01316314319904266,0.001204627044276041
2024-07-02,CTSO,0.8218,1,0.47926415671532774,-0.9983333493958056,0.20455098564127527,0.33852518861036773,0.4602092966658555
2024-07-02,EMO,40.91,1,0.34035394374162986,-0.994173036298934,-0.0068442923490588115,0.02346614519677348,-0.01857736494744555
2024-07-02,LSH,4.09,1,0.30945646289253964,-0.049136914556544425,-0.08312958435207818,-0.25183374083129584,-0.07090464547677267
2024-07-03,AIOT,4.58,1,0.3418736827189673,-0.04893227015725386,0.017467248908296984,0.09170305676855883,-0.0327510917030569
2024-07-03,OPTT,0.3971,1,0.29469354625746835,-0.9996931456593098,-0.042810375220347585,-0.0606900025182574,-0.47166960463359364
2024-07-03,STXI,25.45,1,0.3436534083437785,-0.034885653297602556,0.014554027504911637,0.007170923379174798,-0.013147347740667947
2024-07-05,BRHY,50.7,1,0.31532287023586814,-0.03888229145291407,0.006739644970414016,0.008773175542406086,0.0036489151873766446
2024-07-05,CGGE,25.4198,1,0.32630923820992763,-0.0366845136610229,0.012163746370939199,-0.010900951226996192,-0.023969504087364868
2024-07-05,DCOMG,25.73,1,0.3369802937389384,-0.047913346314431185,0.0038865137971237917,0.006603186941313677,-0.004663816556548794
2024-07-05,EOCT,25.4699,1,0.3413653038540718,-0.9951667165111002,0.013506138618526231,-0.014507320405655277,-0.036454795660760375
2024-07-05,KLMT,25.5613,1,0.33534560766726523,-0.035772820101055564,0.012487627781059718,-0.010922762144335407,-0.04318637940949788
2024-07-05,NDOW,25.1981,1,0.32501649399220683,-0.30097003363399344,0.010167433258856828,-0.005258332969549251,-0.011405621852441317
2024-07-05,TOYO,1.72,1,0.3147322246321997,-0.04759744851085541,0.5697674418604652,0.2325581395348839,1.1511627906976747
2024-07-08,ARDX,5.45,1,0.29880026869137916,-0.9979262751396828,0.09174311926605494,0.04587155963302747,0.06972477064220173
2024-07-08,FTHY,14.33,1,0.31971147978918,-0.9965516668555019,0.03000697836706201,0.017445917655268595,0.002791346824842833
2024-07-08,OBT,24.11,1,0.32861430228282185,-0.9975349877845159,0.1364579012857734,0.18954790543343014,0.07279137287432591
2024-07-08,PEPG,16.78,1,0.29907776993050256,-0.9987648302575036,-0.014898688915375491,0.0125148986889152,-0.44755661501787847
2024-07-10,ARLU,26.3671,1,0.31776240373996684,-0.9247344745261582,-0.004820401181775846,-0.02874415464726876,-0.05559200670532605
2024-07-10,COFS,26.6,1,0.32488344039861444,-0.9979985976628858,0.06710526315789478,0.1187969924812029,-0.0015037593984963404
2024-07-10,FCTE,24.8261,1,0.337515829433475,-0.03760993961946592,0.046906280084266117,0.028026955502475248,0.019153229866954558
2024-07-10,FHEQ,26.532,1,0.3332890567618246,-0.9347462366618928,-0.007044323835368682,-0.02807553143374042,-0.04778757726518923
2024-07-10,FLJJ,27.2681,1,0.3164057395614043,-0.9044154284957997,-0.0030548516398282155,-0.01718858299624848,-0.03377206332674443
2024-07-10,HDB,30.18,1,0.3465259473528457,-0.9976674983953632,0.0,-0.011100066269052355,-0.015076209410205377
2024-07-10,IMNN,17.478,1,0.2912399600758723,-0.999257457966792,0.08213182286302767,-0.0976656368005493,-0.20151047030552705
2024-07-10,JULT,37.7576,1,0.3084273872949325,-0.9957901796953831,-0.0049685361357711955,-0.022411382079369324,-0.05107580990317184
2024-07-10,NVDY,28.98,1,0.33234972576892424,-0.9950286118563761,-0.09040717736369919,-0.10697032436162879,-0.2525879917184265
2024-07-10,QIG,44.3,1,0.33834905366214196,-0.04516466876655441,0.008440180586907653,-0.0016659142212189781,0.008957110609481012
2024-07-10,SNOV,21.93,1,0.3169587344321394,-0.9964393365224812,0.02757865937072501,0.021190150478796133,-0.010031919744642015
2024-07-10,SPMC,19.9,1,0.46036587975599463,-0.038365208241516846,-0.009547738693467256,-0.013567839195979925,-0.04271356783919589
2024-07-10,VABK,31.8,1,0.31746178314691503,-0.9982314853103885,0.16352201257861632,0.20440251572327028,0.0776729559748428
2024-07-10,WSC,36.39,1,0.30845359486037566,-0.9984931888449092,0.09837867546029133,0.12640835394339112,-0.07969222313822477
2024-07-11,AKA,15.61,1,0.29111607946786705,-0.9992087929775618,0.05701473414477909,0.0006406149903908087,0.08263933376040988
2024-07-11,BDGS,29.0849,1,0.29393976662580407,-0.9991763866273407,0.023410773287857234,0.020804609952243203,0.010538114279230903
2024-07-11,BUFP,25.4972,1,0.3093894852138052,-0.03720665565835991,-0.0025022355395887264,-0.011977785796087326,-0.020845426164441627
2024-07-11,CPRJ,24.665,1,0.30029538827393837,-0.03807776752093265,0.007703223190756114,0.010338536387593855,0.0006324751672410756
2024-07-11,GGZ,11.64,1,0.329210882976759,-0.9963955491242844,0.03264604810996552,0.021477663230240474,-0.017173539518900438
2024-07-11,GJUN,34.49,1,0.30829815025296275,-0.9977478551889052,-0.0028993911278631934,-0.01580168164685425,-0.02145549434618732
2024-07-11,JULP,25.8421,1,0.3105923418733607,-0.0785858884413885,-0.004330143448094348,-0.018969046633206976,-0.027927296930203016
2024-07-11,PBJL,25.7309,1,0.3126467274558836,-0.07728074611432009,-0.002973079060584749,-0.013135957156570455,-0.019175388346307276
2024-07-11,PSCJ,25.4932,1,0.31030409389525543,-0.9969456566834327,-0.004044215712425303,-0.018954074027583867,-0.02758382627524214
2024-07-11,QBUF,25.09,1,0.31787441807627204,-0.037426392083665105,-0.006911119968114776,-0.02207253886010363,-0.03145874850538066
2024-07-11,QBUL,25.19,1,0.3084851756863368,-0.038332711192437294,9.924573243336177e-05,-0.003580786026201044,-0.003969829297340244
2024-07-11,RBUF,25.4098,1,0.30796116975932275,-0.037565797786097324,0.005434910939873472,0.0082723988382436,-0.006379428409511334
2024-07-11,XBJL,32.6652,1,0.30268837582362695,-0.9985926736386798,-0.0035052594198107245,-0.018221226259138135,-0.02373167774879681
2024-07-12,BIPJ,25.49,1,0.3096201706618122,-0.0701722942533256,0.0003923107100824996,-0.0035307963907414974,-0.008238524911729939
2024-07-12,DRAI,25.2,1,0.42527740466118114,-0.04660312689059136,-0.04274603174603164,-0.06864285714285723,-0.06908730158730159
2024-07-12,EPRX,2.81,1,0.3237687385421389,-0.548935405271947,-0.08896797153024916,-0.07117437722419939,-0.03202846975088958
2024-07-12,NNBR,3.42,1,0.3273399508075475,-0.9986577210352118,0.07894736842105265,0.19298245614035103,-0.020467836257309857
2024-07-12,PFD,10.815,1,0.3050834578522726,-0.9975493100293885,-0.009708737864077555,0.006010171058714819,-0.010171058714747994
2024-07-15,CCNR,25.775,1,0.34649135298305456,-0.04860492086191272,-0.016085354025218268,-0.02342967992240541,-0.05892531522793398
2024-07-15,DUKQ,25.5739,1,0.3309913843366144,-0.045876867539258695,-0.007777460614141751,-0.014768963669991586,-0.04983596557427694
2024-07-15,DUKX,25.3504,1,0.34453328688887863,-0.048545499651489334,-0.015202915930320637,-0.02919480560464538,-0.039257763191113404
2024-07-15,DUKZ,25.2152,1,0.3088086462054261,-0.04742146340956066,-0.0006028110028871714,0.0005869475554427517,0.004326755290459783
2024-07-15,MEOH,51.82,1,0.31081591686179333,-0.9962930951858695,-0.042840602084137425,-0.08220764183712848,-0.17059050559629496
2024-07-15,OXLCI,25.67,1,0.3007190539434037,-0.03924493272382869,-0.00038955979742894,0.0019477989871443668,-0.002726918582002358
2024-07-15,ZKH,3.66,1,0.2936172037876015,-0.9993613911287879,-0.08469945355191255,-0.20491803278688525,-0.23497267759562845
2024-07-16,LYLD,25.8325,1,0.33060198245347117,-0.04861446474022694,-0.016312784283363913,0.02106261492306194,-0.01962643956256649
2024-07-16,ONEQ,72.97,1,0.3158160190056665,-0.9956787820291737,-0.029190078114293527,-0.07468822803892017,-0.07263258873509659
2024-07-16,XCOR,68.5209,1,0.31675167609842214,-0.996710638751096,-0.02649118736035294,-0.07133735838262478,-0.06112149723660942
2024-07-16,XNAV,70.8189,1,0.3117304732521106,-0.9989085525504082,-0.03483250940073912,-0.08596857618517095,-0.08134269241685477
2024-07-17,ABR,13.49,1,0.34754800504057665,-0.99847205113878,-0.03409933283914013,0.000741289844329085,0.008154188287620379
2024-07-17,BURU,5.668,1,0.2862992748607708,-0.9993698849307405,2.7856386732533522,1.0512879322512347,0.05206422018348622
2024-07-17,IGR,5.85,1,0.3087041462021811,-0.9969810055858461,-0.052991452991452914,-0.01538461538461533,-0.017094017094017033
2024-07-17,ILOW,34.7,1,0.3448884651877737,-0.045548456438455176,-0.004034582132564912,0.01066282420749265,0.004752161383285269
2024-07-17,KOOL,10.6887,1,0.328473931386439,-0.49353130065185474,-0.015521064301552201,-0.006941910615884117,-0.03640293019731122
2024-07-17,MAXJ,25.3242,1,0.29341352104290613,-0.03904669068656784,-0.006483916569921311,0.00022902993974138752,0.0029931843848964856
2024-07-17,SDSTW,0.67,1,0.2921869062069959,-0.039707341888213746,-0.34328358208955223,-0.15111940298507476,-0.32089552238805974
2024-07-18,CNP,28.82,1,0.34462137539502646,-0.9961179815127356,0.002081887578070818,-0.023247744621790467,-0.10235947258848022
2024-07-18,GAUZ,10.9,1,0.35145743173504773,-0.99284683548656,-0.1183486238532111,-0.0431192660550459,-0.004587155963302836
2024-07-19,CMBT,16.47,1,0.3515955495925172,-0.03437721455668767,0.023072252580449426,0.0558591378263511,0.02671523982999391
2024-07-19,EFAA,49.372,1,0.34111330486144026,-0.04755023850997499,-0.0028639714818115003,-0.02571700559021306,0.003469577898403964
2024-07-19,FLNC,15.96,1,0.30575473172742584,-0.9987198381029506,0.025689223057644206,-0.08082706766917302,0.0802005012531326
2024-07-19,FXD,59.7083,1,0.32721604640247526,-0.9983883842568093,-0.000808932761442005,-0.03045305259067832,0.0057228224551695295
2024-07-19,HALO,54.04,1,0.30434588360038134,-0.9975898456015844,0.040525536639526294,0.0009252405625463922,0.09955588452997777
2024-07-19,IART,31.34,1,0.3053054034658052,-0.9998280194891382,0.002871729419272384,-0.23292916400765795,-0.31206126356094455
2024-07-19,NEWTG,25.25,1,0.3142906507222818,-0.12680602473239705,-0.0051445544554454825,0.0,0.0011881188118811892
2024-07-19,QQA,48.2516,1,0.3100643645025356,-0.04908616268453058,-0.021373384509529303,-0.04603992406469437,-0.0022486300972404116
2024-07-19,RSPA,49.96,1,0.32020339266071707,-0.04970649890028418,0.0051140912730183175,-0.008096477181745332,0.01320456365092082
2024-07-22,ATS,32.04,1,0.3187741769234562,-0.997200576911319,-0.04837702871410743,-0.15106117353308368,-0.14544319600499378
2024-07-22,BMN,24.7085,1,0.35700389525247767,-0.9959730419892783,0.0020883501628994328,-0.0027723253131513026,0.011797559544286296
2024-07-22,BUFD,24.52,1,0.309916520118554,-0.9965084056610818,-0.005301794453507314,-0.030179445350734024,0.006933115823817282
2024-07-22,EBUF,25.1551,1,0.31163321909632286,-0.03737328592471166,-0.004973146598502898,-0.024253531093098357,0.009735600335518457
2024-07-22,JUNM,30.7599,1,0.29808637512948594,-0.03818544061758571,-0.0035728334617473045,-0.008914203232129991,0.006794560450456677
2024-07-22,KRO,11.37,1,0.33314115302973085,-0.9953643210345445,0.0598065083553212,-0.0949868073878628,0.005277044854881341
2024-07-22,KSPY,24.9785,1,0.30865886512200974,-0.039197159668791115,-0.006313429549412608,-0.04560321876814055,-0.007350321276297644
2024-07-22,MARW,29.77,1,0.3052170480989502,-0.996368955497941,-0.004984884111521648,-0.03023177695666779,0.00738998992274098
2024-07-22,QBER,24.99,1,0.3064746264762143,-0.03762665516244458,0.0056022408963585235,0.054421768707483054,-0.0012004801920767472
2024-07-22,XIJN,30.757,1,0.3079869059511532,-0.037517976639544884,-0.0021621094385018136,-0.02428715414377214,0.0014858406216471387
2024-07-23,BAMY,26.62,1,0.3038646486900386,-0.9979227065624389,-0.009015777610818954,-0.023666416228399823,0.0026296018031555235
2024-07-23,BUFC,37.79,1,0.30651852917950007,-0.9991671172202334,-0.006880127017729554,-0.01561259592484776,0.007673987827467643
2024-07-23,DJUL,40.1694,1,0.3076074207633478,-0.9974540206342135,-0.01096605874123091,-0.027866983325616212,0.008451707020766808
2024-07-23,MLSS,1.07,1,0.29402543869419867,-0.9980536390132151,-0.093551401869159,-0.15467289719626176,-0.13084112149532712
2024-07-23,OCTP,25.6601,1,0.30402843863649986,-0.19775289168867888,-0.0064497020666326454,-0.01974271339550504,0.009723266861781488
2024-07-23,PDEC,37.72,1,0.29595262695145047,-0.9992217149923042,-0.0034464475079531987,-0.014316012725344662,0.005302226935312904
2024-07-23,SIXP,26.5101,1,0.3013461180584609,-0.8997424027484922,-0.007140674686251791,-0.026008955077498896,0.0103696327060252
2024-07-23,UFEB,31.9166,1,0.30431155115844954,-0.998286837077075,-0.005721160775270406,-0.02102040944210848,0.007218814034076315
2024-07-23,XRMI,18.85,1,0.31736321383252064,-0.995825520000538,-0.013161803713527931,-0.03289124668435017,0.002923076923076806
2024-07-24,CATF,50.0115,1,0.32551612288840376,-0.03697385737854719,0.005866650670345974,0.00980574467872386,0.011667316517200987
2024-07-24,DSU,10.89,1,0.30872391811068095,-0.9980535211517979,0.010101010101009944,-0.0045913682277319845,-0.01377410468319562
2024-07-24,GJUL,34.67,1,0.3054015679630883,-0.9991220456742602,0.009841361407556981,-0.021632535333141023,0.02249783674646677
2024-07-24,JANW,32.25,1,0.30513832517107947,-0.9966530273173918,0.0046511627906975495,-0.013953488372092981,0.011782945736434236
2024-07-24,PSFD,31.4109,1,0.3045795383669053,-0.9980575261716609,0.007981305852426956,-0.019767023549150164,0.016844471186753696
2024-07-24,QCJL,19.7837,1,0.30852023624261077,-0.04863553796938257,0.00945222582226779,-0.023145316599018306,0.023064441939576463
2024-07-24,SEPT,29.03,1,0.3033614965343766,-0.9982642791362367,0.009362728212194193,-0.020940406476059326,0.018263864967275056
2024-07-24,SHRT,8.15,1,0.2965841772830146,-0.3352993037682197,0.017079754601226904,0.04253987730061359,0.009815950920245342
2024-07-24,XJUL,33.7996,1,0.30042095972140076,-0.9984138835834484,0.00941135398052051,-0.01833157788849571,0.020130415744564978
2024-07-25,ARTW,1.55,1,0.3003021272504929,-0.9980821628516756,-0.032258064516129115,-0.08387096774193559,0.28387096774193554
2024-07-25,BOTJ,13.0,1,0.3619908749323793,-0.9985565957294955,0.01538461538461533,0.0015384615384614886,0.03230769230769237
2024-07-25,BSSX,26.0,1,0.3070212918727855,-0.9976459745911861,0.009615384615384581,0.006538461538461604,0.006538461538461604
2024-07-25,QSPT,25.7927,1,0.3039462512265975,-0.9983147278938237,0.0016904007723115289,-0.00803715780046288,0.018520744241587783
2024-07-25,RA,12.91,1,0.29827155886455836,-0.9986186226793302,0.005422153369481153,0.00929512006196731,0.01936483346243212
2024-07-25,RWAYL,25.0,1,0.3056455388286769,-0.9972528785419232,0.0023999999999999577,0.0027999999999999137,-0.010004000000000013
2024-07-26,BEATW,0.5045,1,0.31053591776828277,-0.9976492422513319,-0.18671952428146676,-0.018830525272547027,0.0901883052527257
2024-07-26,ITRG,1.08,1,0.4635542169544997,-0.9977167237027871,-0.19444444444444453,-0.24314814814814822,-0.09879629629629627
2024-07-29,BCX,9.28,1,0.3288423868613473,-0.9955399005813963,-0.053879310344827624,-0.0387931034482758,0.0053879310344828735
2024-07-29,BXMT,18.02,1,0.35111735288553875,-0.994314669936872,-0.04605993340732506,-0.05160932297447285,0.013318534961154427
2024-07-29,CON,22.8,1,0.3646728706381237,-0.04877535420998952,-0.02412280701754388,-0.004385964912280715,0.03684210526315779
2024-07-29,ICL,4.32,1,0.31682032673084487,-0.9978319495613464,-0.11111111111111116,-0.12037037037037046,0.0347222222222221
2024-07-29,MAT,19.27,1,0.32048261334897793,-0.9994622355571108,-0.04929942916450436,-0.035806953814219056,0.014011416709911684
2024-07-29,SFL,11.78,1,0.3337829019478131,-0.9954312829526516,-0.0721561969439728,-0.03395585738539886,-0.015280135823429464
2024-07-30,CLPS,0.8799,1,0.29777520925089535,-0.9972741381322281,-0.12728719172633252,-0.10217070121604721,0.28423684509603353
2024-07-30,F,10.84,1,0.3488289739230763,-0.997066972269994,-0.0977859778597786,-0.06457564575645747,0.027675276752767486
2024-07-31,BRLN,52.57,1,0.322091904312181,-0.9960284569569428,-0.008464903937607016,-0.005518356477078212,0.0008350770401370777
2024-07-31,NWL,8.59,1,0.34780882917373235,-0.9952913133698074,-0.15948777648428403,-0.19324796274738065,-0.16996507566938301
2024-07-31,TEN,25.91,1,0.3032261476922632,-0.9997922097898013,-0.08722500964878432,-0.07178695484368969,-0.05827865688923206
2024-08-01,CEW,17.885,1,0.3093685660197063,-0.9975946330716716,0.008023483365949158,0.020128599384959367,0.025658372938216267
2024-08-01,NAMSW,6.84,1,0.30033433488658656,-0.9992421669030239,0.11695906432748537,0.20175438596491246,0.018318713450292456
2024-08-01,OCTT,36.9115,1,0.3013381016957539,-0.9976410680638012,-0.005610717527057885,0.00727686493369295,0.01052246589816197
2024-08-01,SRBK,9.71,1,0.32216399459105527,-0.9957590907574123,0.009268795056642576,0.006179196704428236,0.029866117404737214
2024-08-02,BDIV,18.5654,1,0.32350173507337643,-0.046649518116751346,-0.0012065455093884792,0.02484191022008675,0.0513320477878203
2024-08-02,EQS,1.35,1,0.4852679505678384,-0.9962071834291892,-0.05185185185185193,0.0007407407407407085,0.007407407407407307
2024-08-02,FLCC,24.7132,1,0.3414566210752435,-0.04771718666761565,0.008772639722901099,0.044506579479792086,0.06843711053202339
2024-08-02,FLCG,24.1895,1,0.3348287872534157,-0.049644975911576655,0.00939663903759902,0.05800864011244555,0.07443725583414307
2024-08-02,FLCV,24.8062,1,0.34905362840956927,-0.04637608078407218,0.007667437979214986,0.03383428336464256,0.07053075440817214
2024-08-02,GCAL,50.655,1,0.30915010542932336,-0.03728247770863674,-0.0024676734774454756,-0.0004935346954890729,0.0011844832691738638
2024-08-02,GMNY,50.595,1,0.31417028807796027,-0.036914893625156736,-0.002865895839509802,-0.0023717758671805145,-0.0008894159501927623
2024-08-02,GMUB,50.555,1,0.30979385945036725,-0.03688001432411846,-0.0015824349718128738,0.00019780437147653984,-9.890218573838094e-05
2024-08-02,IBDS,24.12,1,0.3012331898079974,-0.9977312740778695,-0.0029021558872305286,-0.0008291873963515162,0.004145936981757803
2024-08-02,JBBB,48.41,1,0.318367299821944,-0.9983265241966023,0.0008262755629002694,0.0030985333608759547,0.011774426771328228
2024-08-02,JOJO,14.97,1,0.3102528358948469,-0.9972605209322145,-0.016700066800267255,-0.007501670006680117,0.0005811623246492204
2024-08-02,JPIE,45.74,1,0.33178709605679735,-0.9972082101612503,-0.0004372540445999329,0.0028421512898992862,0.00830782684739817
2024-08-02,KCSH,25.08,1,0.29672312108886606,-0.03976983259790756,0.0009330143540671187,0.001993620414673103,-0.00039872408293450956
2024-08-02,LTC,36.0,1,0.34559511134882026,-0.9956367952065655,-0.0005555555555556424,-0.008333333333333304,0.020277777777777617
2024-08-02,SAWG,18.5404,1,0.3342910115121833,-0.04579061368719653,-0.002189812517529366,0.0312884295915945,0.04515544432698326
2024-08-02,SAWS,17.89,1,0.3720205726374417,-0.04749036103589546,0.01827836780324188,0.047618781442146485,0.08449972051425392
2024-08-02,SIXF,26.331,1,0.2980143160493988,-0.7183437729139088,0.0014621548744824242,0.023322319699213834,0.03427139113592337
2024-08-05,AEF,4.9,1,0.30268577272716124,-0.9970823505753081,0.061224489795918435,0.1020408163265305,0.07755102040816331
2024-08-05,AUGU,23.99,1,0.36134122235918636,-0.046310359198384526,0.01870779491454777,0.052426010837849146,0.04264276781992504
2024-08-05,AUGW,27.32,1,0.3193268608114892,-0.9959098717980533,0.01683748169838939,0.03733528550512433,0.03288433382137623
2024-08-05,CGHM,25.735,1,0.30507806408476396,-0.07836905030487605,-0.00854866912764718,-0.00563435010685831,-0.00446862249854274
2024-08-05,DOCT,37.9149,1,0.306123068627802,-0.9995173427061772,0.015838100588422943,0.020970647423572242,0.022286752701444534
2024-08-05,GPRF,49.84,1,0.3382971489425116,-0.04645638575376619,0.006922150882824996,0.014747191011236005,0.022973515248795984
2024-08-05,GSEP,33.2969,1,0.3074630114623131,-0.9983621545403564,0.01771035742066074,0.025927338581069215,0.027371917505833787
2024-08-05,HTCR,0.5702,1,0.2984717644667081,-0.9980596879017887,0.08505787443002455,0.1048754822869169,0.15748860049105584
2024-08-05,HYGW,32.15,1,0.32718572605514223,-0.999611697092576,0.009993779160186733,0.01650699844479009,0.0183981337480561
2024-08-05,IAUG,23.9871,1,0.33323700665436795,-0.04643823436734121,0.01616702310825402,0.048067502949501906,0.04983928861763198
2024-08-05,JMHI,50.695,1,0.35800343448854116,-0.9958258391210919,-0.007791695433474799,-0.002268468290758552,-0.004241049413157172
2024-08-05,JMSI,51.03,1,0.33528143337351957,-0.9970015943901299,-0.005486968449931462,-0.009014305310601656,-0.005486968449931462
2024-08-05,KAUG,23.54,1,0.3398873640053811,-0.04859419009714504,0.011045029736618694,0.040734919286321114,0.039507221750212373
2024-08-05,NAUG,23.34,1,0.3121580152036404,-0.04918725669118622,0.024635818337617854,0.057712082262210807,0.036550985432733496
2024-08-05,NBCR,23.8415,1,0.3505780473643189,-0.049500335001789214,0.03087473523058537,0.08242769959943796,0.06706792777300086
2024-08-05,PBAU,24.9621,1,0.31566167261381084,-0.06818718985156727,0.0171059325938121,0.041579033815263955,0.03757296060828219
2024-08-05,UOCT,33.8701,1,0.30090885857780814,-0.9991414137787415,0.016073173684163722,0.021402357831833863,0.022595150294802746
2024-08-06,AOMN,24.73,1,0.35654379117703633,-0.036393815263514456,-0.0054913061059441715,-0.009300444803881924,0.019813991103922346
2024-08-06,BTG,2.82,1,0.31921744461975093,-0.9964016048454363,-0.07446808510638292,0.007092198581560183,-0.06028368794326244
2024-08-06,CEV,11.22,1,0.31638147919007925,-0.9989346844209374,-0.009803921568627527,-0.018716577540107027,-0.019607843137254943
2024-08-06,FDSB,10.2,1,0.34419843437250064,-0.03734334516739039,0.02941176470588247,0.007843137254901933,0.02941176470588247
2024-08-06,GAUG,33.7438,1,0.3172967659949042,-0.9996975375063599,0.005962576828928645,0.011445065463877802,0.006703453671489168
2024-08-06,JMM,6.26,1,0.29111479128498685,-0.9991401284886103,-0.01118210862619795,-0.014376996805111841,-0.012779552715655007
2024-08-06,MIY,11.75,1,0.308251652442207,-0.9977838850402109,0.004255319148936287,0.0017021276595743373,0.0
2024-08-06,OCTW,34.4464,1,0.32831542974912853,-0.9996689019552434,0.008384040131915071,0.01113614194807,0.012474453063310076
2024-08-06,PFL,8.3,1,0.30746259150190725,-0.9986189254595084,-0.01686746987951815,0.00120481927710836,0.018072289156626287
2024-08-06,PFN,7.21,1,0.30056620721440064,-0.9994661215810255,-0.002773925104022079,0.01109570041608876,0.026352288488210807
2024-08-06,PSMO,26.6064,1,0.333923031014456,-0.99856501355057,0.008967767153767348,0.011786637801431299,0.015639094353238292
2024-08-06,RWTO,24.7098,1,0.33008976162547543,-0.06782308964388162,0.0028409780734768297,0.0008174894171542046,0.0081020485799157
2024-08-06,SEPW,27.7321,1,0.337586082019388,-0.998690564141816,0.01129737740740877,0.013991006811601148,0.006526732559020143
2024-08-07,FLDDW,0.16,1,0.3084964801614576,-0.03737977906467407,0.1875,0.21875,0.006250000000000089
2024-08-08,AFB,11.28,1,0.2966443897150864,-0.9977875190421495,0.01684397163120588,0.012854609929078054,0.015514184397163122
2024-08-08,BBGI,12.904,1,0.302000589645613,-0.9966726752226618,0.008989460632361945,0.020458772473651576,-0.07470551766893985
2024-08-08,CPSA,24.195,1,0.29725914915585366,-0.03836829866788862,0.009047323827237053,0.012266997313494565,0.00826617069642488
2024-08-08,IYK,68.79,1,0.3503455164496109,-0.9946153729505967,0.0017444395987786798,0.015263846489315336,0.0386684111062654
2024-08-08,PDO,13.32,1,0.31346762643725745,-0.9973956670315277,0.006006006006006093,0.009009009009008917,0.04204204204204198
2024-08-08,TXNM,40.42,1,0.310222965107103,-0.03998065903114202,0.011875309252844968,0.00841167738743187,0.0185551707075704
2024-08-08,YORW,38.09,1,0.3219202556576079,-0.9967939154712014,0.015227093725387109,-0.0007876082961407738,-0.003938041480703758
2024-08-09,FOX,36.6,1,0.31133280983689077,-0.9983432566466072,0.0043715846994534235,0.042076502732240506,0.013387978142076484
2024-08-09,MAIN,48.57,1,0.33001435061346474,-0.9949360145880536,0.014618077002264807,0.023059501750051448,0.0037059913526868993
2024-08-09,XVOL,20.548,1,0.3263054516610962,-0.9966303532336307,0.02289273895269628,0.03976056063850497,0.019028615923690984
2024-08-12,VERA,35.84,1,0.29342662297853134,-0.9992782346269682,0.09933035714285698,0.0803571428571428,0.04771205357142838
2024-08-13,BABO,20.574,1,0.3343989955859751,-0.03544313021694145,0.012442889083308817,-0.01283658987071068,-0.011883931175269868
2024-08-13,BRCC,3.74,1,0.29401955481791714,-0.9991129301787647,0.07486631016042766,0.1711229946524062,-0.09090909090909094
2024-08-13,OSCR,18.28,1,0.32670106377406394,-0.998670673117485,-0.05579868708971547,-0.035010940919037226,0.13074398249452956
2024-08-14,ALKT,30.45,1,0.3110801599395388,-0.9995050423415818,0.04072249589490973,0.07093596059113305,-0.027257799671592697
2024-08-14,TBRG,12.47,1,0.3556806940980577,-0.9940703981305452,0.017642341619887647,-0.046511627906976716,-0.041700080192461964
2024-08-15,ALTS,1.81,1,0.2884429118089016,-0.9995551718523169,0.41436464088397784,0.2762430939226519,0.20441988950276246
2024-08-15,GRAB,3.12,1,0.29945493740181445,-0.9983573048420155,0.025641025641025772,0.025641025641025772,0.11217948717948723
2024-08-15,JGRW,25.8,1,0.3232526835933647,-0.04693459848005872,0.008523255813953412,0.015108527131783012,0.023678294573643344
2024-08-16,JEMB,50.25,1,0.32888585849776275,-0.04580160044653689,0.017404975124378108,0.016218905472636713,0.03353233830845781
2024-08-16,TME,10.53,1,0.3631477208610243,-0.9955077326467708,-0.02754036087369416,-0.008547008547008517,-0.09971509971509962
2024-08-19,AIFF,6.31,1,0.2991220377398915,-0.17423746739070425,-0.2007923930269413,-0.3581616481774961,-0.3787638668779715
2024-08-19,HNNA,9.67,1,0.3354262504661308,-0.9946002323924391,0.04653567735263686,0.028955532574974185,0.04343329886246128
2024-08-19,PFX,47.245,1,0.3357635030639274,-0.9991333944425496,0.004339083500899621,0.004233252195999571,0.008043179172399162
2024-08-19,TSPY,24.7352,1,0.34018907354566075,-0.04509022586540158,0.007471134254018574,-0.008700152010090889,0.007551990685339183
2024-08-19,YQQQ,19.3811,1,0.3086559904633276,-0.04777520069794241,0.016371619773903445,0.03938372950967706,-0.014245837439567421
2024-08-20,CUBWU,10.3,1,0.2983962365776118,-0.03947338911798924,-0.026213592233009786,0.019019417475728106,-0.028155339805825297
2024-08-20,GAMB,10.05,1,0.32262080334875803,-0.9977147889003904,0.0019900497512437276,0.004975124378109319,0.012935323383084452
2024-08-20,GANX,1.36,1,0.31242769874899545,-0.9975335818652287,-0.03676470588235292,-0.23529411764705888,0.08823529411764697
2024-08-20,VBF,16.69,1,0.3165427168888199,-0.9960012073247121,0.0,0.0017974835230676334,0.015578190533253267
2024-08-21,AMCR,54.65,1,0.32361680268468623,-0.9964321909866983,0.02836230558096986,0.02653247941445569,0.01646843549862753
2024-08-21,VLYPN,24.9,1,0.3326750722538429,-0.037845834308577436,0.014457831325301429,0.031726907630522216,0.05622489959839361
2024-08-22,QHDG,24.8226,1,0.3078760349251503,-0.04982886064142647,-0.005821308001579206,-0.03354201413228275,0.011175299928291249
2024-08-22,QMAG,19.9129,1,0.30922311950246884,-0.03838511291292258,-0.0012303582100046118,-0.023246237363719002,0.013920624318908947
2024-08-23,AUGM,31.2691,1,0.3077038450037093,-0.03809658493641721,0.0014647047724429818,-0.0034123143934426947,0.009303113936761864
2024-08-26,CIMO,25.42,1,0.32173261993336716,-0.04711463095143795,-0.007081038552321117,0.016522423288748866,0.02281667977970092
2024-08-26,GBLI,32.273,1,0.31826100369239263,-0.9983992412749259,-0.016205496854956203,-0.020543488364887175,0.052892510767514445
2024-08-26,IOR,17.34,1,0.34242694774489935,-0.9955156609659761,-0.019607843137254943,-0.04532871972318342,-0.021337946943483344
2024-08-27,BDL,25.25,1,0.30330556043276014,-0.9999840637365113,0.05346534653465351,0.040000000000000036,0.03366336633663369
2024-08-27,RSBY,19.94,1,0.3342171920450061,-0.0356990217744346,0.010030090270812364,0.013144433299899783,-0.01391675025075223
2024-08-28,EGBN,21.75,1,0.3169113203101602,-0.9971824695025719,-0.025287356321839094,-0.04091954022988509,0.016091954022988464
2024-08-28,FCCO,21.97,1,0.3490224389696455,-0.9990575595615349,-0.03368229403732359,-0.03004096495220754,-0.014565316340464318
2024-08-28,NWFL,25.84,1,0.3339050823047167,-0.99916147431568,-0.01934984520123839,0.06269349845201244,0.06269349845201244
2024-08-28,WIMI,7.65,1,0.30698118290306703,-0.9965107736354123,-0.00039215686274507444,0.036601307189542354,0.2155555555555555
2024-08-29,CCEC,16.86,1,0.34201717032675216,-0.038101569137747225,0.02491103202846978,0.029655990510083052,0.10913404507710567
2024-08-29,PEPG,9.25,1,0.2964560814651419,-0.9999819101369101,-0.045405405405405386,0.024864864864864833,-0.046486486486486456
2024-08-30,HBIO,28.8,1,0.3069275055880268,-0.997682446305896,-0.06944444444444442,0.01736111111111116,-0.06597222222222232
2024-08-30,KCAI,25.175,1,0.2951288231524015,-0.04956769930920053,-0.03853028798411129,-0.0450486593843098,0.1507050645481629
2024-08-30,SPAI,4.25,1,0.3348917347971707,-0.04685264305579037,-0.2752941176470588,-0.3290823529411765,-0.31999999999999995
2024-08-30,TCX,21.41,1,0.3013737895714953,-0.9983465372280574,0.017748715553479677,0.07379729098552068,-0.02428771602055113
2024-09-03,IPAV,24.4755,1,0.3484409391478588,-0.04059312647430177,-0.012890441461870017,0.012240812240812193,0.036591693734550734
2024-09-03,NPFI,25.72,1,0.49309792305685063,-0.27565598312525097,0.0036936236391913457,0.009914463452566302,0.012247278382581772
2024-09-03,PUSH,50.3395,1,0.5615972136748522,-0.031202038044292203,0.001499816247678254,0.002393746461526236,0.00030790929588087046
2024-09-03,RMCA,25.2258,1,0.30929934033913636,-0.03838137552583768,0.004328901362890436,0.005498339002132813,0.0073932243972441025
2024-09-03,SMLL,19.4283,1,0.3508756332082019,-0.04877207473616646,-0.010659707745917069,0.04177926015142841,0.04689550809901033
2024-09-03,XOVR,15.1378,1,0.333554708368977,-0.04813675232570562,-0.022314999537581426,0.037766386132727314,0.05299316941695609
2024-09-04,LI,18.77,1,0.311596221024165,-0.9980945180204488,0.04315396909962699,0.10602024507192342,0.5929675013319127
2024-09-04,NAMSW,6.97,1,0.29795338407668986,-0.9992184557654078,-0.0028694404591104172,-0.07460545193687229,0.18364418938307026
2024-09-05,RZLV,8.7,1,0.36150540624978367,-0.5607269549359135,-0.25172413793103443,-0.1954022988505747,-0.17471264367816086
2024-09-05,SPYM,23.6558,1,0.28762091966061,-0.04937399262204596,0.034896304500376285,0.0785473330007862,0.07119607030833874
2024-09-06,GIFT,2.88,1,0.30259514269919274,-0.04941219736399438,0.23611111111111116,0.24305555555555558,-0.3506944444444444
2024-09-06,INSW,49.86,1,0.3081753225080002,-0.9992238708409086,-0.010830324909747224,0.007621339751303635,0.07300441235459276
2024-09-06,ISPY,41.96,1,0.34755608498726165,-0.9984550402920425,0.03932316491897048,0.05624404194470922,0.05695900857959968
2024-09-06,JOE,56.76,1,0.3064205320252019,-0.9975937880950819,0.036645525017618086,0.06236786469344602,0.031536293164200035
2024-09-06,KSEP,24.64,1,0.32856144360489603,-0.03594386534483664,0.02293831168831173,0.03571428571428559,0.0302840909090909
2024-09-06,LYB,93.49,1,0.30171473563356227,-0.9994443235175553,-0.003315862659107771,0.005882982137127124,0.03487003957642543
2024-09-06,NSEP,23.88,1,0.3050397377360762,-0.039229250112285355,0.03266331658291466,0.039912060301507735,0.042910385259631534
2024-09-06,RFG,45.59,1,0.326134863846959,-0.9997866065156872,0.042772537837244995,0.07766396139504272,0.08357095854354024
2024-09-06,SEPU,24.3493,1,0.3270651336123023,-0.036465688504437196,0.028366318538931345,0.03777110635624026,0.04323738259416077
2024-09-09,CERY,24.81,1,0.3634686846661408,-0.048790988501031654,0.02397823458282966,0.04307537283353491,0.08686416767432492
2024-09-09,EMEQ,24.8467,1,0.308387108901805,-0.04801901113041305,0.02278370970792909,0.039083661009309045,0.11625688723250982
2024-09-09,EVI,15.6,1,0.32001854559053283,-0.9990689027860499,0.191025641025641,0.23397435897435903,0.26217948717948736
2024-09-09,KHPI,24.8974,1,0.33018167346009,-0.04977298533441407,0.014965418075782999,0.018781077542233238,0.01219806084169428
2024-09-09,KONG,28.1489,1,0.34004475660254063,-0.9962061597875247,0.019681053256077385,0.0340617217724315,0.029841308186110194
2024-09-09,NESR,9.6,1,0.3236508457445488,-0.9954883521360827,-0.01041666666666663,-0.012499999999999956,-0.11458333333333326
2024-09-09,QMMM,6.47,1,0.28705132820091717,-0.5880868935884959,-0.1282843894899537,-0.14992272024729514,0.05255023183925811
2024-09-09,VLLU,19.9676,1,0.3510403194802972,-0.04861395912342135,0.019151024659949112,0.03186662393076767,0.03741561329353549
2024-09-10,CPRT,49.51,1,0.30698980222521777,-0.9990368949526617,0.02443950717026855,0.05938194304180988,0.09957584326398705
2024-09-11,AMZZ,25.67,1,0.316913701896647,-0.9997663134133364,0.015971951694585096,0.0833657966497856,-0.004285157771718118
2024-09-12,ASTC,8.0064,1,0.2910722836881144,-0.999361160365636,0.026678657074340695,0.014188649080735471,0.005445643485211926
2024-09-12,EVLU,24.3657,1,0.33726400160485703,-0.03627590418725661,0.029007990741082734,0.10404379927521057,0.08264076139819498
2024-09-12,NIXT,25.1516,1,0.3386421300825797,-0.045350262152040195,0.04764706817856523,0.04367117797674913,0.020511617551169703
2024-09-12,RDTE,42.5956,1,0.3328036846436573,-0.04733159860423111,0.06120115692700656,0.04024828855562568,0.02193653804618334
2024-09-12,SSII,3.97,1,0.3249759285699676,-0.9943955362201883,-0.007556675062972307,0.007556675062972307,-0.11838790931989929
2024-09-13,AVO,13.18,1,0.35857886106349074,-0.9961290544498148,0.009104704097116834,-0.017450682852807264,-0.0796661608497723
2024-09-13,LLDR,50.4385,1,0.39201708860415735,-0.033234983180328456,-0.01065059428809334,-0.014915193750805411,-0.054184799310050824
2024-09-13,QNST,19.18,1,0.3273651643334322,-0.9949144967348132,0.04066736183524511,-0.009384775808133461,0.010427528675703845
2024-09-16,CTEC,38.9955,1,0.3021778851025123,-0.9985296798514877,0.02447718326473569,0.07191855470503006,-0.017835391263094524
2024-09-16,CTO,19.53,1,0.33061700361515767,-0.9967050767957655,-0.029185867895545337,-0.02611367127496167,-0.029185867895545337
2024-09-16,DTAN,25.3445,1,0.3434199892103819,-0.034904686228344334,0.014109570123695514,0.033226143739272684,0.02340547258774084
2024-09-16,DXIV,51.2146,1,0.3153378116592062,-0.048510044171962516,0.009032580553201663,0.02119317538358212,0.004371800228841094
2024-09-16,ELVA,2.181,1,0.3140054187841866,-0.995852460628214,0.04080696928014671,0.06831728564878503,0.0774873911049978
2024-09-16,HWAY,25.8614,1,0.33973097793408213,-0.04664892249592609,0.03324645997509812,0.046760809546273485,0.06970620306711939
2024-09-16,NBJP,25.2927,1,0.35332993800076645,-0.04737354857930948,0.013549364045752466,0.010963637729463516,-0.00808533687585744
2024-09-16,ROL,50.91,1,0.3099742060447218,-0.9980403771915668,-0.00805342761736394,-0.006482027106658794,-0.014731879787860946
2024-09-16,SEI,11.99,1,0.2957495419144339,-0.049088736510266476,0.1542952460383653,0.06422018348623859,0.15596330275229353
2024-09-16,SQM,38.17,1,0.29820708178500616,-0.9975421245290855,-0.007597589730154564,0.09195703432014657,0.05449305737490162
2024-09-17,GV,3.3,1,0.31401044523450317,-0.9999491305489157,-0.2666666666666666,-0.296969696969697,-0.5742424242424242
2024-09-17,WNW,16.8,1,0.28596482682921737,-0.9994612226644992,-0.051547619047619175,-0.04166666666666663,-0.06904761904761902
2024-09-17,ZBIO,17.63,1,0.2901742609175541,-0.0498949671224325,0.09075439591605217,-0.03346568349404422,0.11968235961429374
2024-09-18,MAYS,43.5,1,0.3009026631977381,-0.9998172384426859,0.011940229885057496,-0.034480459770114824,0.011494252873563315
2024-09-18,NVAX,12.56,1,0.2881823448073375,-0.999300069232019,-0.04140127388535042,0.1687898089171973,-0.19187898089171973
2024-09-19,PATN,20.5116,1,0.34088689428760044,-0.04885782730578926,0.05199496870063758,0.021032001404083456,0.00906316425827347
2024-09-19,RFLR,25.5312,1,0.33709471014750086,-0.04629832914969256,-0.0063373441123018015,-0.014405903365294237,0.01662671554803552
2024-09-20,BOW,28.3,1,0.3512655947457593,-0.9938066782111118,-0.02155477031802122,0.028975265017667784,0.10106007067137801
2024-09-23,XPL,0.727,1,0.28775275531494765,-0.1202932179163078,-0.037138927097661645,-0.030261348005502064,-0.023383768913342484
2024-09-24,MNSB,18.68,1,0.3676533633758057,-0.9936669296390763,-0.04443254817987141,-0.025160599571734443,-0.03907922912205575
2024-09-25,BSVN,38.5,1,0.31131109071380386,-0.9983838766596259,-0.030909090909090886,-0.029090909090909056,0.11428571428571432
2024-09-25,PBF,30.68,1,0.31740143082847044,-0.9957534368445348,0.0172750977835725,0.05573663624511083,0.048565840938722404
2024-09-25,PEBO,29.68,1,0.3347392104932162,-0.9953451001061273,-0.02088948787061995,-0.0026954177897573484,0.043126684636118684
2024-09-25,SOJC,24.89,1,0.3288200353191897,-0.9955019893716759,-0.004419445560466029,-0.019284853354760934,-0.023704298915226962
2024-09-25,TSEP,20.2551,1,0.36505654579385516,-0.049524095719167334,0.01951607249532228,0.00604785955142173,0.0019698742538918346
2024-09-26,CAAA,20.695,1,0.48994285904471035,-0.13342789849751632,-0.0007248127567045515,-0.01159700410727238,-0.01836192316984775
2024-09-26,CVR,19.01,1,0.3351023950218436,-0.9981463787931469,-0.05312993161493962,-0.03419253024723845,-0.056023145712782774
2024-09-26,GJH,9.95,1,0.30917137562000896,-0.999455103967731,-0.007035175879396838,-0.015075376884421954,-0.007035175879396838
2024-09-26,LX,2.05,1,0.295229662925229,-0.99853732060327,0.6585365853658538,0.5121951219512197,0.5365853658536586
2024-09-26,QSIX,32.1724,1,0.32597118442900375,-0.046440378751034635,-0.011360669393641887,0.008923798038069641,0.008501075455980889
2024-09-26,ROMA,0.7201,1,0.5165303657026146,-0.9940982750207141,0.09706985140952651,0.2776003332870436,0.41646993473128746
2024-09-26,SUN,53.09,1,0.3294221426900625,-0.9947823699217146,-0.00018835938971561994,0.01601054812582392,-0.015822188736108522
2024-09-27,EURKU,10.22,1,0.47380903613009073,-0.06548316011768408,0.003913894324853118,0.02544031311154593,0.024461839530332652
2024-09-30,BILZ,101.22,1,0.5194597003373539,-0.9997845646049495,-0.0029490219324244116,-0.0019758940920766577,-0.000341829677929284
2024-09-30,BKV,18.29,1,0.3239883898796221,-0.046682166431350536,-0.015308911973756056,-0.014762165117550574,-0.03171131765992341
2024-09-30,DNTH,27.38,1,0.2986775885832431,-0.9979422985563077,-0.032870708546384186,-0.07121986851716577,0.027027027027027195
2024-09-30,FTRE,20.0,1,0.3106456160989566,-0.9993754177280464,-0.07750000000000001,-0.07850000000000001,-0.119
2024-09-30,HBB,30.43,1,0.3140735382913697,-0.9980942395808273,-0.05257969109431482,-0.009858692080184084,-0.009201445941505182
2024-09-30,HISF,45.465,1,0.3340539269962959,-0.9955471880203741,-0.012757065874848927,-0.011650720334323239,-0.024319806444517922
2024-09-30,LGCY,4.6001,1,0.3389986528652902,-0.04829667361771059,0.1021499532618857,0.25432055824873356,0.06302036912241027
2024-09-30,MDAI,1.06,1,0.31851014430586577,-0.9968786259459943,0.06603773584905648,0.08490566037735836,0.44339622641509435
2024-09-30,PAAA,51.24,1,0.5144470708041279,-0.9451392722763787,-0.004098360655737765,-0.0023419203747073736,-0.00019516003122566072
2024-09-30,RBRK,32.15,1,0.2957696412560716,-0.9977469809948931,0.024883359253499382,0.2211508553654744,0.26220839813374797
2024-09-30,USDX,26.02,1,0.5166923628389336,-0.03422195503697019,-0.003843197540353449,-0.0019215987701768356,0.0034588777863182596
2024-10-01,AVNV,60.4731,1,0.34425659155551847,-0.9954017971521384,-0.011869740430042519,-0.024197535763835543,-0.036889129216130856
2024-10-01,BUD,66.55,1,0.3104186559535994,-0.9979709479687169,-0.034861006761833124,-0.016829451540195217,-0.0389181066867017
2024-10-01,COPA,28.0907,1,0.31382115057403714,-0.22080465009831107,-0.028290501838686755,-0.06442701677067497,-0.04665957060521797
2024-10-01,DFE,62.7012,1,0.3246892086381654,-0.9993226538133109,-0.021071367055175982,-0.02772674207192205,-0.04881724751679384
2024-10-01,DIM,65.95,1,0.33435891742736445,-0.9945653051956141,-0.014241091736163725,-0.02049279757391964,-0.035475360121304034
2024-10-01,FRO,23.28,1,0.317250552554992,-0.9996260132754451,0.07517182130584188,-0.05841924398625431,-0.1516323024054983
2024-10-01,IEFA,77.42,1,0.3175431917903726,-0.9990700646500543,-0.013304055799534975,-0.02182898475846029,-0.03590803409971588
2024-10-01,INSW,51.39,1,0.3245323210697415,-0.9951257814639249,0.033469546604397715,-0.05584744113640783,-0.14399688655380416
2024-10-01,JIRE,65.6,1,0.3275247678600045,-0.9975462058142768,-0.013109756097560932,-0.020884146341463294,-0.03399390243902434
2024-10-01,JUCY,23.34,1,0.31172896908201175,-0.9968080158362599,-0.007082262210796886,-0.006855184233076295,-0.007660668380462643
2024-10-01,VEU,62.86,1,0.3419232351586537,-0.9957561468693891,-0.00922685332484885,-0.022271714922048935,-0.0308622335348393
2024-10-01,VSGX,61.34,1,0.3412389858570569,-0.9945884666270769,-0.010433648516465666,-0.017443756113465936,-0.028203456146071115
2024-10-01,VXUS,64.57,1,0.34012948040262053,-0.9954502214336971,-0.010840947808579804,-0.022301378349078416,-0.03081926591296258
2024-10-01,VYMI,73.11,1,0.3329752205851814,-0.9943878133953025,-0.01176309670359732,-0.016276843113117168,-0.023799753795650358
2024-10-02,BBJP,58.995,1,0.3141056864645242,-0.9999051576429318,-0.005169929655055472,-0.01635731841681487,-0.04008814306297137
2024-10-02,HYBI,52.45,1,0.32035240040242635,-0.04670645308057547,-0.006196377502383221,0.0,-0.013822688274547246
2024-10-02,NFG,60.32,1,0.3125498331746873,-0.9996569534393006,-0.018401856763925695,0.03050397877984068,0.008952254641909851
2024-10-03,CNAV,24.8683,1,0.3363707001363232,-0.045904960883253604,0.013374456637566645,0.0221647639766287,0.008637502362445426
2024-10-03,NIXX,2.2001,1,0.31048552746260116,-0.04963084760336142,0.18176446525157952,0.22721694468433262,0.3181219035498386
2024-10-03,PULT,50.7594,1,0.5206220925860153,-0.9964099402858976,-0.0041253442712089194,-0.00294329720209463,-0.00176125013298023
2024-10-03,SBC,8.31,1,0.38990665698045074,-0.4030492488931054,-0.06859205776173283,-0.09747292418772568,-0.19494584837545126
2024-10-03,STLA,13.08,1,0.3400782840757779,-0.9974049732645154,0.016819571865443583,-0.006116207951070374,0.041284403669724634
2024-10-04,ELCV,25.6244,1,0.35513500146706745,-0.03437672926817502,-0.0010575857385929366,0.005486957743400689,-0.02586597149591796
2024-10-04,IGI,17.33,1,0.33161968886199755,-0.9973393992659972,-0.004039238315060367,-0.008655510675129707,-0.030005770340450044
2024-10-04,IWMY,34.75,1,0.3299110921267254,-0.998479729130293,-0.007194244604316502,-0.0089208633093526,-0.05266187050359705
2024-10-04,MNA,32.93,1,0.3243914482019692,-0.9972327423362748,-0.001248102034618892,-0.0003036744609777875,-0.003036744609778319
2024-10-04,OCTU,25.0,1,0.33246547937211046,-0.03732052962416055,0.007411999999999974,0.013400000000000079,-0.0038240000000000496
2024-10-04,QQQY,34.67,1,0.32107117052607936,-0.9964991379079612,-0.004038073262186304,-0.011825785982117254,-0.04066916642630525
2024-10-04,SMBC,55.16,1,0.3030986343013311,-0.9970368824635564,0.06290790427846282,0.09880348078317636,0.06381435823060189
2024-10-04,VTEB,50.84,1,0.3097335310201879,-0.9966586657444427,-0.002950432730133845,-0.0015735641227381247,-0.011801730920535047
2024-10-04,WASH,31.08,1,0.31341307381563793,-0.9989706937728218,0.046653796653796764,0.06499356499356512,0.0987773487773489
2024-10-04,WDTE,42.4341,1,0.3658356170759054,-0.22872221107481214,-0.004977129242755174,-0.008116114162902033,-0.03239611538833165
2024-10-07,CAFX,25.12,1,0.30502437675515914,-0.04029549317746868,-0.011146496815286677,-0.013809713375796284,-0.0207006369426751
2024-10-07,CURB,23.82,1,0.43812832163104204,-0.16771934526663218,-0.019731318219983196,-0.03988245172124261,-0.03694374475230899
2024-10-07,EDGU,24.9022,1,0.34222047229620417,-0.04895360075313487,0.02743532699922091,0.024809053015396154,-0.003220598983222467
2024-10-07,FPEI,18.89,1,0.48011885085614286,-0.9999510428853775,0.004764425622022284,0.0063525674960296374,-0.006881948120698755
2024-10-07,FTCE,20.0838,1,0.3356088625410908,-0.048442114698057814,0.03127396209880606,0.024118941634551305,-0.012637050757326906
2024-10-07,GQQQ,24.9594,1,0.33777521294158847,-0.03903500547395393,0.03187576624438093,0.021522953276120527,-0.007468128240262106
2024-10-07,HYAC,10.75,1,0.29440991478790596,-0.8168079149471105,-0.007441860465116301,-0.007441860465116301,-0.0046511627906977715
2024-10-07,SSFI,21.58,1,0.3080438412486808,-0.9970675712534913,-0.0007414272474512984,-0.0056997219647820785,-0.010301204819276988
2024-10-07,TSMZ,23.8644,1,0.3156230754434649,-0.04887551122460564,-0.03705938552823451,-0.09530514071168772,-0.049081477011783226
2024-10-08,EDGH,24.8284,1,0.3234062088106955,-0.03724943835742614,0.006508675548968057,0.03087190475423318,0.0218137294388685
2024-10-08,HTLM,4.25,1,0.2977808820173638,-0.03977221425018837,-0.0235294117647058,0.04705882352941182,-0.04705882352941182
2024-10-08,VETZ,20.325,1,0.3100628510644545,-0.99652976604231,-0.0004920049200490828,-0.010824108241082375,-0.019188191881918892
2024-10-09,AREC,1.08,1,0.29922177364909636,-0.9976626280148284,-0.05555555555555558,-0.06481481481481488,-0.05555555555555558
2024-10-09,CGMS,27.62,1,0.31760611360726965,-0.9976220065011665,0.004344677769732019,-0.005068790731354134,-0.010499637943519269
2024-10-09,INGR,133.55,1,0.29416482064702787,-0.9993278662954646,0.014751029576937524,0.018120554099588126,0.12706851366529381
2024-10-09,WCMI,15.89,1,0.33486757581499926,-0.04903094193099673,0.0,-0.010075519194461924,-0.013731906859660192
2024-10-10,AIG,76.53,1,0.31495699563307833,-0.9965665506599478,0.03475761139422451,0.015026786880961707,0.0007840062720501084
2024-10-10,BUYO,25.1191,1,0.3292503773465307,-0.048758648905085855,0.02908941801258802,0.00019108964891256797,0.05989864286538937
2024-10-10,CON,19.81,1,0.4018909645512261,-0.99478905408938,0.06663301362948015,0.06713780918727918,0.01211509338717831
2024-10-10,TARS,35.5,1,0.309058775788766,-0.9968419138725952,0.044225352112676086,0.09549295774647892,0.3180281690140845
2024-10-10,TENB,42.46,1,0.298896668842914,-0.999365828886654,-0.002943947244465339,-0.03626943005181349,-0.0068299576071596535
2024-10-10,VFC,20.25,1,0.30828535858796213,-0.9978243568939735,-0.022716049382716097,-0.18172839506172833,0.06814814814814807
2024-10-11,DOGG,21.0,1,0.34032177174799233,-0.9957017684020253,0.02059523809523811,-0.03809523809523818,-0.039966666666666706
2024-10-11,HSBH,48.6316,1,0.3069197206097539,-0.16918955975195016,0.010904432508903827,0.007016014278781624,0.03370853519111039
2024-10-11,JCTC,4.89,1,0.31210693162888836,-0.048001591884684,-0.11656441717791399,-0.11451942740286292,-0.15541922290388543
2024-10-11,MOTI,34.715,1,0.35722594814719716,-0.9943870856883061,-0.021028373901771702,-0.04148638916894731,-0.06366124153823993
2024-10-11,RYDE,0.6528,1,0.29320956058753184,-0.9973625060505882,0.0447303921568627,-0.03615196078431382,-0.1881127450980392
2024-10-11,ZJK,4.46,1,0.2996866051500184,-0.31229953651282644,0.04484304932735439,0.10538116591928248,-0.006726457399103158
2024-10-14,SEEM,25.2431,1,0.34670967916832107,-0.04471573205272415,-0.016099448958329154,-0.01981531586849472,-0.043294999425585456
2024-10-14,SEIS,25.9593,1,0.3430246082161219,-0.04953989136410673,-0.010362374948477027,-0.008209004094871464,0.07795664752131226
2024-10-14,THRO,33.5126,1,0.327143059794925,-0.047125331969190505,0.0003759779903678151,-0.009709780798863754,0.028043183757750834
2024-10-14,XENE,41.76,1,0.29496531811836557,-0.9990373383195216,0.058668582375478895,-0.00047892720306508263,0.05531609195402298
2024-10-15,IBTL,20.445,1,0.30724866485198865,-0.9962710978625345,-0.00880410858400582,-0.01247248716067495,-0.026412325752017574
2024-10-15,IDR,14.45,1,0.3124006991418665,-0.9980808421486531,0.22906574394463686,0.21660899653979238,-0.22491349480968859
2024-10-15,NATO,25.58,1,0.333817246491589,-0.0463502938148885,0.011231430805316744,-0.00599296325254095,0.04973416731821745
2024-10-15,OCCIM,24.95,1,0.3375335951974406,-0.03621856744794337,0.005547094188376844,-0.0010020040080159776,0.0
2024-10-15,SEIE,25.1183,1,0.3537249609591373,-0.036289732742241176,-0.008380344211192603,-0.012998491139926016,-0.0408825438027256
2024-10-15,TAFL,25.655,1,0.3150189620058188,-0.997109851016592,-0.008770220229974757,-0.01185733775092579,-0.013248879360748367
2024-10-16,BAC,42.8,1,0.32435374027156894,-0.9990708576913693,-0.010747663551401776,-0.011448598130840981,0.07172897196261685
2024-10-16,CLOB,50.63,1,0.30060069328929745,-0.039083155737781365,-0.0030614260319968833,-0.0016768714201067514,-0.0013825794983212125
2024-10-16,FAST,38.885,1,0.33863072273277944,-0.99829923115873,-0.023659508808023477,0.007329304359007471,0.07522180789507527
2024-10-16,NXL,1.05,1,0.3152717080278186,-0.9982792149367353,0.30000000000000004,1.1714285714285713,2.733333333333333
2024-10-16,UROY,2.85,1,0.31220094285328664,-0.9969059937710228,0.007017543859649145,0.024561403508771784,-0.11929824561403524
2024-10-16,VBIX,4.6,1,0.2930873199713115,-0.9987008502527573,-0.02608695652173898,0.5652173913043479,0.5217391304347827
2024-10-17,CICB,25.8,1,0.3260020955457521,-0.036348447269692226,-0.006201550387596955,-0.005813953488372214,-0.016666666666666607
2024-10-17,FDSB,10.93,1,0.35704417539090194,-0.46504989857488477,0.029277218664226945,0.025617566331198605,0.13407136322049418
2024-10-18,CHPS,32.1549,1,0.31472344417205034,-0.9970580659668717,0.0007992561009364518,-0.0280081729378725,-0.06732721917965845
2024-10-18,DSU,10.88,1,0.3053560709350982,-0.9968772711105256,-0.006893382352941235,0.004595588235293935,-0.0018382352941177516
2024-10-18,FWD,80.61,1,0.3015918386008125,-0.9991552590448061,-0.01699540999875948,-0.031773973452425275,-0.006159285448455454
2024-10-18,GECCH,25.255,1,0.32488749659096783,-0.03718771630646948,-0.005345476143337913,-0.002181746188873457,-0.0005979014056622933
2024-10-18,IOO,100.68,1,0.3003445985179484,-0.9988753517314438,-0.00864123957091778,-0.025427095748907447,-0.020162892332141413
2024-10-18,JHHY,26.1111,1,0.4367199073724079,-0.8279074410725037,-0.005786810973111067,-0.012240005208512872,-0.00571787477356378
2024-10-18,JTEK,70.3,1,0.3026281114369339,-0.9984354745534328,0.005974395448079761,-0.008819345661450817,0.033001422475106734
2024-10-18,QQQA,44.25,1,0.3045684498020895,-0.9997775267849642,0.002485875706214724,-0.007231638418079056,0.01197740112994361
2024-10-18,RSMC,25.3161,1,0.45712785216198837,-0.049094003515843074,-0.014307101014769175,-0.024399492812874013,0.018324307456519806
2024-10-18,SOXQ,40.98,1,0.30846503716915696,-0.9993608766216611,0.0012201073694486642,-0.039531478770131745,-0.07149829184968282
2024-10-18,TBBB,33.22,1,0.3428322286457082,-0.9953548694869223,0.031005418422636932,-0.0421432871763997,-0.03130644190246834
2024-10-18,TBLL,105.85,1,0.5244799746684641,-0.9996473987243255,-0.0037789324515823397,-0.0023665564478033696,-0.0007557864903164901
2024-10-18,TDV,77.6089,1,0.2989479002477011,-0.9997700184157875,-0.015453124577207045,-0.027431132254161605,-0.02575606663668739
2024-10-21,BCHT,3.825,1,0.3275784271396063,-0.048122295609417144,-0.07189542483660138,-0.06862745098039225,-0.10881045751634
2024-10-21,IDR,18.0,1,0.30089467405844816,-0.9993817239731964,-0.04611111111111099,-0.25611111111111107,-0.35944444444444446
2024-10-21,KMID,24.8564,1,0.3325767825778035,-0.03699838764927393,-0.004457604480133881,-0.007153087333644503,0.017041888608165356
2024-10-21,NEWTG,25.43,1,0.3222129893525041,-0.6255504785375282,-0.011010617381046028,-0.0035391270153362075,0.01258356272119543
2024-10-21,RUSHA,51.59,1,0.32127172008368277,-0.9970690363247937,0.07210699748013183,0.12579957356076754,0.1730955611552627
2024-10-22,BEAM,22.74,1,0.29359545748314614,-0.9995719557750782,-0.02506596306068587,0.05233069481090591,0.11213720316622688
2024-10-22,HNVR,19.39,1,0.31414348977523665,-0.9994669123087381,-0.0072202166064981865,0.023207839092315607,0.15523465703971118
2024-10-22,KNX,52.79,1,0.3220470885654201,-0.996679604616509,0.016480394014017685,0.022921007766622425,0.07008903201363892
2024-10-22,WLDSW,2.4,1,0.289062141725211,-0.9988767226087555,-0.19999999999999996,-0.30000000000000004,0.49950000000000006
2024-10-23,ATRO,18.46,1,0.30570063783250573,-0.9965501500135918,-0.007042253521126862,0.11430119176598041,-0.06933911159263273
2024-10-23,DHDG,30.2453,1,0.30448880451662197,-0.04911579065460609,0.0022218328136933696,0.01238870171563855,0.013185519733644568
2024-10-23,JMSI,50.27,1,0.333307009549062,-0.995686296625319,0.002784961209468806,-0.008454346528744883,0.00507260791724673
2024-10-23,LXEO,9.79,1,0.3424959519622932,-0.9947841974891051,-0.154749744637385,-0.16241062308478038,-0.37487231869254334
2024-10-23,MLP,21.41,1,0.3372726253509109,-0.9940888485605698,0.030826716487622585,0.19149929939280708,0.08827650630546469
2024-10-23,UXOC,29.9895,1,0.3264172882615799,-0.048339401954508865,0.004908384601277183,0.026759365778022293,0.02255456076293383
2024-10-24,AUB,37.1,1,0.3209505808668658,-0.99633913457959,0.01886792452830166,0.12991913746630734,0.12911051212938007
2024-10-24,CCEP,77.9,1,0.3010038027011485,-0.9979538201830821,-0.024390243902439046,-0.008215661103979421,0.0026957637997431227
2024-10-24,GORO,0.1991,1,0.29550229277744133,-0.9989585609595909,-0.377197388247112,-0.19487694625816177,-0.25464590657960817
2024-10-24,HUHU,3.76,1,0.3270121085130442,-0.04657481925566627,0.21010638297872353,0.13829787234042556,0.10372340425531923
2024-10-24,MGA,42.11,1,0.2985607873802561,-0.9979358572635553,-0.06269294704345763,0.02493469484682964,0.04820707670387092
2024-10-25,FBLA,11.66,1,0.348522190020163,-0.04481664971182377,0.005145797598627766,0.045454545454545414,0.046312178387650116
2024-10-25,LBGJ,3.81,1,0.3020587666405994,-0.048144469721201955,0.08136482939632539,0.044619422572178546,-0.028897637795275655
2024-10-25,MDLZ,69.23,1,0.33383497262085626,-0.9973549224294436,-0.010400115556839507,-0.04376715296836631,-0.06976744186046513
2024-10-25,MYN,10.3899,1,0.30251038632296695,-0.9972766847664123,-0.009615106978893118,0.0009720979027709742,0.0009720979027709742
2024-10-28,AMZU,32.82,1,0.305635912433435,-0.9977880547645623,0.07038391224862894,0.19104204753199272,0.1200487507617305
2024-10-28,ESI,26.67,1,0.3281864851332539,-0.9967302507404098,0.027746531683539466,0.07761529808773893,0.09973753280839892
2024-10-28,FBL,33.05,1,0.29790062989513205,-0.9993429796092526,-0.06505295007564293,0.009682299546142303,-0.056883509833585366
2024-10-28,INGM,24.01,1,0.3140228301145293,-0.04971581053269633,-0.01790920449812594,0.02498958767180337,-0.07705122865472724
2024-10-28,METU,33.84,1,0.29926366004358007,-0.999146404948007,-0.06589834515366444,0.008274231678486732,-0.05998817966903092
2024-10-28,PODC,1.44,1,0.32373821822147186,-0.9989137360814745,-0.06249999999999989,0.04166666666666674,0.3055555555555556
2024-10-28,QTOP,25.0,1,0.32919122527578426,-0.046962769539633895,-0.022399999999999975,0.03839999999999999,0.015600000000000058
2024-10-28,TTEQ,25.3751,1,0.32394929392535654,-0.04905922019663697,-0.023452124326603596,0.023306312093351433,0.01987381330516924
2024-10-29,BTZ,10.69,1,0.4655689888857577,-0.9981225536859069,0.01122544434050532,0.021515434985968307,0.019644527595884087
2024-10-30,FLG,10.4,1,0.36997298569063053,-0.04805614517423711,0.12115384615384617,0.05576923076923079,0.14711538461538454
2024-10-30,GRCE,3.1,1,0.3262756663334698,-0.046187455416047976,-0.019774193548387164,-0.016129032258064613,0.08709677419354844
2024-10-30,QNXT,24.8598,1,0.3156753245923278,-0.04012989838166291,0.02736144297218801,0.03259076903273561,0.03782009509328321
2024-10-30,TOPT,24.99,1,0.33815074240194787,-0.0351383904549883,0.010004001600640189,0.02200880352140855,0.015206082432973389
2024-10-31,BGY,5.49,1,0.45655936193031865,-0.9983625978721958,0.0,-0.00910746812386154,0.014571948998178597
2024-10-31,EVSB,50.64,1,0.5475427979723904,-0.6547075299189056,0.0017772511848339612,0.002270932069510234,0.0007898894154818592
2024-10-31,EVSD,50.41,1,0.3121384729689345,-0.9455984955594265,0.002610593136282535,0.0011426304304702484,0.001983733386232922
2024-10-31,GMOI,24.6511,1,0.3525347285055913,-0.043888199470210394,0.018615802134590353,-0.017488063412991695,-0.00924502354864487
2024-10-31,GMOV,24.5704,1,0.3447367903786094,-0.04663548280412982,0.04551004460651842,0.0380335688470681,0.0622537687624134
2024-10-31,NFJ,12.59,1,0.3192324383426674,-0.9955609283194344,0.02223987291501195,0.02859412231930092,0.05083399523431309
2024-10-31,QLTI,24.2919,1,0.36588511125887185,-0.044721661257647295,0.005890852506390987,-0.031776024106801026,-0.02301590242014817
2024-10-31,RGEF,24.6545,1,0.3400854010963116,-0.03607572293439901,0.03267557646677077,0.012265509339066005,0.028335597963860648
2024-10-31,SLX,67.1732,1,0.32260553051124463,-0.9969113553033323,0.09721436525280924,0.011713004591116682,0.061584084128789573
2024-11-01,BRLN,52.425,1,0.33397659044672157,-0.9970778659695033,0.002384358607534498,0.0029566046733429108,0.004253695755841891
2024-11-01,JBI,7.35,1,0.34413744786206646,-0.9962967490141735,-0.004081632653061162,-0.024489795918367308,0.027210884353741527
2024-11-01,MGX,2.11,1,0.31050070756910614,-0.9983296240495054,-0.04265402843601884,-0.13744075829383873,-0.01421800947867291
2024-11-01,TLTP,24.8798,1,0.35642635852166604,-0.036701184105310466,0.018496933255090386,-0.006016929396538528,0.014075675849484437
2024-11-01,XBIL,50.03,1,0.5788645277542344,-0.9896962940615569,0.00079952028782726,0.00119928043174089,-0.000499700179891982
2024-11-01,XHLF,50.19,1,0.5462786804889396,-0.9919190922705479,0.000796971508268518,0.001195457262402888,-0.000398485754134259
2024-11-04,ALRS,20.08,1,0.3458101817791211,-0.9980346099871003,0.15388446215139462,0.08665338645418341,0.08565737051792843
2024-11-04,CPF,26.87,1,0.32489023537843376,-0.9987790689122693,0.18570896911053203,0.1522143654633421,0.16114625976925923
2024-11-04,KLIP,34.41,1,0.3116267438127125,-0.9967136051834725,0.007846556233653157,-0.0165649520488228,-0.05492589363557088
2024-11-04,SPRO,1.29,1,0.2937192927042072,-0.998275381702409,0.03100775193798455,-0.11627906976744196,-0.10077519379844968
2024-11-04,THRY,14.87,1,0.3120760953731367,-0.999990694441702,0.0020174848688636615,-0.08809683927370537,0.11163416274377957
2024-11-04,UNM,64.08,1,0.3052572750081993,-0.9981793684336535,0.0958177278401997,0.13264669163545562,0.18664169787765306
2024-11-04,XPAY,57.2858,1,0.31406014178902125,-0.04875738389868313,0.0365570525330885,0.01485184810197282,0.04281863917410589
2024-11-05,ATEC,8.58,1,0.32643165900884313,-0.9985364468409019,0.0815850815850816,0.11538461538461542,0.17132867132867147
2024-11-05,BNOV,38.71,1,0.2981606680099101,-0.9994308911387234,0.01937483854301214,0.015499870834409846,0.03242572978558522
2024-11-05,FOXXW,0.17,1,0.3048753259232653,-0.04013595760857991,0.1758764705882352,-0.08411764705882352,0.0588235294117645
2024-11-05,GRNT,6.07,1,0.3181246356299289,-0.9995121460170262,0.08566721581548586,0.07084019769357486,0.02471169686985175
2024-11-05,KNOV,25.48,1,0.3317914540074894,-0.046264986087459645,0.024195447409733006,0.013406593406593448,0.03297095761381463
2024-11-05,MRNO,9.7857,1,0.2956772762413437,-0.9987988051754841,0.03722779157341827,-0.044391305680738236,0.09031546031454041
2024-11-05,NBET,31.1422,1,0.3218966702068462,-0.04960979290896402,0.040154517021918856,0.07242262910134789,0.07710759034364956
2024-11-05,NNOV,25.24,1,0.30079390707487436,-0.04898693036210339,0.018474643423137982,0.01176703645007926,0.030301109350237665
2024-11-05,NVBU,25.28,1,0.32769608619374657,-0.04807422850466643,0.027689873417721556,0.018591772151898667,0.04134098101265815
2024-11-05,NVRI,6.88,1,0.3517885109903314,-0.9976791914321149,0.03052325581395343,0.0014534883720929148,0.10610465116279078
2024-11-05,PNNT,6.72,1,0.3300868283734516,-0.996415510040823,0.0401785714285714,0.04613095238095255,0.008928571428571397
2024-11-05,RVMDW,0.6,1,0.29793543277190526,-0.5646517685310704,-0.10299999999999998,-0.21649999999999991,-0.44166666666666665
2024-11-05,SIM,26.79,1,0.31482623866385334,-0.9985268192247747,0.007838745800671898,0.0035460992907803135,-0.022023142963792486
2024-11-05,SRI,7.21,1,0.328361750145866,-0.9981742381848281,-0.001386962552011095,-0.16782246879334262,-0.06657420249653256
2024-11-06,GAEM,25.715,1,0.6394458643878137,-0.026025235370165517,0.008749756951195842,0.011471903558234464,0.025860392766867468
2024-11-06,NVBT,32.6852,1,0.30471792822478355,-0.9985971435986053,0.005396938063710888,-0.0009270250755695209,0.015009851553608344
2024-11-06,PTON,7.93,1,0.2928148336828301,-0.9980583265043517,0.047919293820933184,0.05422446406052961,0.21689785624211866
2024-11-06,SND,2.34,1,0.48931942601996853,-0.9978220319968361,-0.07264957264957261,-0.02136752136752129,0.012820512820512997
2024-11-06,UNOV,34.63,1,0.2985302441250363,-0.99949414573442,0.003465203580710341,-0.0014438348252960864,0.010395610742131023
2024-11-06,VMO,9.83,1,0.3072127184104926,-0.9963621367453123,0.012207527975584886,0.004069175991861629,0.020345879959308144
2024-11-07,FPAS,25.0035,1,0.30750314059504835,-0.03877816643570128,-0.00936668866358703,-0.0073629691843141165,0.006103145559621659
2024-11-07,IBDT,25.11,1,0.30398317194166236,-0.9971076484471642,-0.005177220230983659,-0.0035842293906810374,0.0031859816806054653
2024-11-07,KLTR,1.89,1,0.30532370498252565,-0.9987543144996277,0.06349206349206349,0.16402116402116418,0.18518518518518534
2024-11-07,MYCH,24.695,1,0.30727988749557883,-0.07721835234862376,-0.005369507997570411,-0.0034784369305527196,0.003239522170479736
2024-11-07,XTLB,7.44,1,0.316682756548346,-0.9974397845247511,-0.005376344086021501,0.010752688172043001,-0.06989247311827962
2024-11-08,HFSP,19.69,1,0.3170510836763329,-0.03883971915733157,-0.006094464195022908,-0.009649568308786272,0.00406297613001505
2024-11-08,KVACU,10.88,1,0.30765111232263,-0.9586845221989219,0.010110294117646967,0.02113970588235281,0.037683823529411686
2024-11-11,ADUR,4.58,1,0.3238766987912687,-0.04771121850259813,0.3406113537117903,0.1899563318777293,0.18777292576419224
2024-11-11,CLF,12.52,1,0.3337958757685239,-0.9950375200400674,-0.10303514376996803,-0.0023961661341852514,-0.023961661341852958
2024-11-11,CTEX,21.8555,1,0.3145804676999084,-0.9987169124702605,-0.036398160646061606,0.05002859692068351,0.008734643453592872
2024-11-11,CXT,56.36,1,0.316393000993922,-0.9967961602137911,-0.005855216465578406,0.10361958836053953,0.09616749467707608
2024-11-11,FAST,42.175,1,0.34027721055802174,-0.999301275210613,-0.030231179608772973,-0.007113218731475968,-0.054297569650266775
2024-11-11,FLQS,45.55,1,0.34777094915185275,-0.9992770556228946,-0.04075521405049387,0.008346871569703707,-0.016465422612513714
2024-11-11,FXZ,65.65,1,0.32375364408764973,-0.9976626509159453,-0.03305407463823318,0.003960396039603742,-0.041888804265042046
2024-11-11,GRNY,20.67,1,0.34488018751638033,-0.04671753350509278,-0.027092404450895113,-0.0019351717464926033,0.002418964683115421
2024-11-11,RDTE,46.51,1,0.3545753653299806,-0.9987686319585669,-0.05095678348742205,-0.018060632122124165,-0.043216512577940236
2024-11-12,CPER,26.06,1,0.3094551563775138,-0.9994385089128983,0.003453568687643793,-0.014198004604758174,0.020337682271680757
2024-11-12,EOLS,12.44,1,0.3953871926470208,-0.9941323035964637,-0.004019292604501512,0.031350482315112504,-0.025723472668810365
2024-11-12,FEMY,1.03,1,0.300158754319537,-0.9975102948969621,-0.13980582524271845,0.029126213592232997,0.20388349514563098
2024-11-12,FLTW,48.59,1,0.3450948573126299,-0.9975065201879253,-0.003087054949578172,-0.015468203334019437,0.003087054949578061
2024-11-12,MEOH,42.33,1,0.3040230081129167,-0.9985879934773984,0.050555161823765626,0.09355067328136069,0.11244979919678721
2024-11-12,SHEN,12.93,1,0.2916237417928072,-0.9988503736678296,-0.010827532869296275,-0.0007733952049496784,0.05336426914153125
2024-11-12,SPMA,24.82,1,0.330748843879042,-0.04759424805427526,-0.003626107977437565,0.00040290088638195165,0.00966962127316684
2024-11-12,TCI,27.98,1,0.2989759133738991,-0.9997223588284175,0.0007147962830593713,0.02501786990707644,-0.0042887776983560055
2024-11-13,ALFUU,10.08,1,0.3433152280202901,-0.06874634029125096,0.0029761904761904656,0.014880952380952328,0.012896825396825573
2024-11-13,ASPCU,9.9998,1,0.2976376430865014,-0.9963162437978682,-0.0004800096001921217,0.0001700034000680084,0.006020120402407958
2024-11-13,CPZ,15.53,1,0.3177540127625399,-0.9966486106694241,-0.010946555054732743,0.0006439150032195862,-0.0057952350289761645
2024-11-13,INDI,4.73,1,0.35498691756350753,-0.9950645130145258,-0.038054968287526525,0.06342494714587743,-0.059196617336152224
2024-11-13,SNT,2.34,1,0.3147837463576222,-0.9992635546442206,0.2350427350427351,0.1923076923076923,0.2777777777777779
2024-11-13,SOLV,70.04,1,0.3156283861811006,-0.9984632822984628,-0.023557966876070924,0.03483723586521981,-0.00042832667047398854
2024-11-13,UEIC,10.53,1,0.30722026363320415,-0.9991714625437543,0.11111111111111116,0.08641975308641969,0.09211775878442552
2024-11-14,BHST,5.85,1,0.31832158978706837,-0.04958228353736484,0.05641025641025643,0.05128205128205132,0.05128205128205132
2024-11-14,EVER,18.81,1,0.3403124000510308,-0.9948594531396319,0.029239766081871288,0.020202020202020332,-0.03987240829346095
2024-11-14,OCCIM,25.087,1,0.32647705083361633,-0.1869749979259327,-0.0062582213895643335,-0.006198429465460231,0.0005181966755691825
2024-11-14,OEC,17.29,1,0.33442042046401244,-0.9981877135787823,0.04106419895893576,0.06535569693464449,0.005205320994794649
2024-11-14,OUST,8.7,1,0.29513899277247685,-0.9988455477250198,0.031034482758620863,0.1356321839080461,0.04367816091954024
2024-11-14,PEPS,24.9324,1,0.340389772027697,-0.03561034219240797,0.002226019155797232,0.018213248624280087,0.024770980731898984
2024-11-14,ZTEK,0.9675,1,0.2953364880557548,-0.9976880716947157,0.17312661498708004,0.22997416020671824,0.16795865633074913
2024-11-15,ACOG,5.3697,1,0.3391403879377625,-0.03619109487803075,0.06523641916680623,0.13600387358697863,-0.10795761401940518
2024-11-15,DGT,134.7994,1,0.30288389280885225,-0.9972762168233086,0.015770099866913245,0.024188534963805575,0.01534576563397172
2024-11-15,ITDJ,24.5959,1,0.32600568744844516,-0.04595876394070508,0.017153265381628646,0.030192023873897744,0.02908614850442559
2024-11-15,MOS,26.38,1,0.3006831235131127,-0.9973018865659311,-0.013267626990143944,0.04548900682335111,-0.020470053070507976
2024-11-15,POLEU,10.1,1,0.33586496877884586,-0.06952589250381362,-0.008910891089108919,-0.01089108910891079,-0.007920792079207928
2024-11-15,RMTI,2.355,1,0.31235116466006374,-0.9964448729033359,-0.04458598726114649,-0.048832271762207946,-0.14649681528662428
2024-11-15,SIM,27.0,1,0.31458445351863656,-0.9988072240331032,-0.004074074074074008,-0.026296296296296373,-0.022222222222222254
2024-11-15,YXI,28.6396,1,0.2979503767349991,-0.9996219716333302,0.01886897861701975,-0.008366038631824613,-0.020132962750876504
2024-11-18,DEXC,49.67,1,0.3158981232491026,-0.047814365129878786,0.016206965975437804,0.013889671834105055,0.009553050130863605
2024-11-18,ELSE,4.315,1,0.32318266321438327,-0.998137309859311,0.005793742757821407,0.05907300115874836,0.1703360370799536
2024-11-18,ETON,10.03,1,0.3335242225032572,-0.9978719596914963,0.19940179461615148,0.17846460618145565,0.2602193419740779
2024-11-18,GENK,8.68,1,0.31397859507537773,-0.9987798853911692,-0.06105990783410131,0.0,-0.08986175115207362
2024-11-18,RDWR,23.02,1,0.3270936271128122,-0.9978715729326122,-0.006081668114682914,0.017376194613379692,0.003909643788010397
2024-11-18,SSYS,9.13,1,0.31603374072982604,-0.99725154470556,0.06900328587075566,0.02957283680175249,0.0941949616648412
2024-11-18,TLX,14.8807,1,0.33528941092949716,-0.04914648300980792,0.018097266929647304,0.08798645225023027,0.07521823570127761
2024-11-18,VCICU,10.16,1,0.32013022339507335,-0.0720376117884364,-0.009842519685039353,-0.008858267716535417,-0.004921259842519787
2024-11-19,AOHY,11.16,1,0.4868738075002851,-0.03628897160856358,-0.0035842293906810374,-0.0017921146953404632,-0.012544802867383575
2024-11-19,BV,15.8,1,0.367676912557228,-0.9927679497807735,0.08354430379746836,0.12658227848101267,0.019620253164556845
2024-11-19,CLSKW,0.38,1,0.2972186705431075,-0.038302085303931865,1.8684210526315792,2.289473684210526,1.1342105263157896
2024-11-19,HP,33.4,1,0.3160889627480802,-0.9967815330082492,0.029940119760478945,0.050000000000000044,-0.08353293413173646
2024-11-19,JIII,50.285,1,0.3286025030574439,-0.03769279304015563,-0.0004971661529282745,0.007222829869742542,-0.0007556925524510039
2024-11-20,CCEP,75.99,1,0.29976854493400173,-0.9988628089174801,0.021581787077247006,0.03158310303987366,-0.016844321621265923
2024-11-20,CET,46.23,1,0.3441082658560901,-0.9962238852662676,0.012764438676184264,0.02195544019035256,-0.01795370971230803
2024-11-20,HYBX,30.8008,1,0.3175698987531623,-0.04686405166866788,-0.000509727020077344,-0.002623308485493858,-0.018694319628061562
2024-11-20,PGHY,19.85,1,0.3069658887115577,-0.9985821687593391,0.00654911838790917,0.004785894206549068,-0.001007556675063137
2024-11-20,POWW,1.19,1,0.3066669129925501,-0.9978285159898369,0.025210084033613578,-0.04201680672268915,-0.17537815126050416
2024-11-20,SLNZ,47.61,1,0.3427176540111733,-0.047016251472986284,0.001890359168241984,-0.005883217811384123,-0.004723797521529072
2024-11-21,ANRO,4.09,1,0.3021128614196593,-0.9972394581826033,0.07823960880195613,-0.044009779951100225,-0.048899755501222386
2024-11-21,BAFE,25.415,1,0.3251618887043696,-0.03689972872341385,0.017127680503639553,0.01908321857170958,-0.010013771394845605
2024-11-21,BIDD,24.95,1,0.36002323038081546,-0.03445932475577522,0.020440881763527097,0.04048096192384776,-0.01002004008016033
2024-11-21,ELPC,5.78,1,0.3262939390001873,-0.9963581814642573,-0.01107266435986165,-0.06055363321799312,-0.05536332179930803
2024-11-21,FMCE,25.2379,1,0.32513082712870817,-0.036775962591215156,0.02125374932145707,0.0058602340131310715,-0.030743445373822675
2024-11-21,KNOW,11.1549,1,0.4595480854145766,-0.9997429167326357,0.015697137580794163,0.008964670234605343,-0.03405678222126596
2024-11-22,PDYNW,0.285,1,0.29513266567583163,-0.038650356132798394,-0.3157894736842104,-0.44561403508771924,-0.2978947368421052
2024-11-25,EVTR,50.71,1,0.3720371542831569,-0.9935557001110412,0.00019719976336030065,0.0025635969236836864,-0.019962532044961567
2024-11-25,FEMR,25.3005,1,0.32586924575806364,-0.04757288089569839,-0.006833857038398339,0.006489990316396854,-0.008719195272820723
2024-11-25,FFEM,24.9897,1,0.32386692309540166,-0.04638768456015301,-0.004157712977746808,0.011984937794371264,-0.007391045110585526
2024-11-25,LWAY,24.115,1,0.3132443939524543,-0.997401895406645,0.04789550072568938,-0.008915612689197605,-0.048724860045614604
2024-11-25,PFX,46.75,1,0.33768697696484185,-0.9999265791575467,0.02673796791443861,0.009625668449197988,0.05552941176470583
2024-11-25,SMBS,25.3687,1,0.3257791436598412,-0.036527674542943284,5.124424980396114e-05,0.003993109619333968,-0.021431922014135574
2024-11-25,UCIB,25.5768,1,0.3243157619508313,-0.9955803626359171,0.016534515654812232,-0.003002721216102011,-0.009844859403834727
2024-11-25,USAF,25.1355,1,0.3125724176887082,-0.03819830468430973,0.00017902965924698755,0.00403015655149086,-0.00041773587157611924
2024-11-25,VCRM,75.48,1,0.3223793502419556,-0.04736784656562566,0.007154213036565826,0.006359300476947327,-0.015765765765765716
2024-11-26,AGGS,41.3975,1,0.43265269554991753,-0.9905655605091058,0.005374720695694002,0.0013672323207922776,-0.021692131167341144
2024-11-26,ARQQW,0.3224,1,0.29297894492228427,-0.999939365937044,0.4423076923076923,0.6522952853598012,7.994727047146402
2024-11-26,CCEP,77.94,1,0.305442011619372,-0.9979692710241771,-0.007441621760328476,0.011932255581216467,-0.019117269694636785
2024-11-26,CIIT,28.0,1,0.29877258901704584,-0.9970002878496529,0.0,0.0,-0.485
2024-11-26,FFDI,25.1354,1,0.3496425808536643,-0.034440738841105226,0.0340436197554046,0.028728406947969853,-0.012090517755834473
2024-11-26,FFGX,25.1,1,0.3511575254620449,-0.03554379576828758,0.023350597609561596,0.023211155378485948,-0.01617928286852599
2024-11-26,UCL,1.17,1,0.30016963983878786,-0.9993744088442053,0.14529914529914545,0.11111111111111116,0.7094017094017095
2024-11-26,UPSD,25.5311,1,0.33270802983249537,-0.035903871939726634,0.0028631747163263555,-0.010406915487385926,-0.02771130111902742
2024-11-26,VSTS,16.33,1,0.30557538830566416,-0.9996692014425861,0.001837109614207133,0.009185548071034999,-0.038579301898346574
2024-11-27,ADX,20.37,1,0.32565442068683703,-0.996714068138818,0.01767304860088359,0.009327442317133006,0.006381934216985741
2024-11-27,FEAC,25.5866,1,0.3436887816122842,-0.03545056107458179,0.018752003001571094,0.005874168510079381,-0.015383052066315961
2024-11-27,FRD,14.8,1,0.33073641301337586,-0.9972968253558342,0.145945945945946,0.07364864864864873,0.052027027027027106
2024-11-27,TRVG,2.18,1,0.29661754654052247,-0.9985148183847702,0.10091743119266039,0.09174311926605494,0.05504587155963292
2024-11-27,YHNAU,10.1302,1,0.31439406767957045,-0.037114755838409036,-1.9742946832157493e-05,0.006890288444453052,0.00787743578606559
2024-11-29,CLOI,53.15,1,0.49167250146927244,-0.9976925343115094,-0.003386641580432781,-0.002257761053621743,-0.007619943555973729
2024-11-29,NPFI,25.93,1,0.43911140560126843,-0.46354941425289287,-0.0005784805244890556,0.00019282684149635188,-0.01330505206324717
2024-11-29,WYHG,3.93,1,0.2916821558931675,-0.049501250911046055,0.24936386768447827,0.14249363867684472,0.5063613231552162
2024-12-02,ATRO,16.57,1,0.2972566854453441,-0.9998409446078972,-0.02051901025950509,0.0018105009052504784,-0.03681351840675917
2024-12-02,CCIXU,10.4,1,0.4736031875508612,-0.03746906564346904,0.024038461538461453,0.009615384615384581,0.05192307692307674
2024-12-02,CSV,40.47,1,0.3051168888084323,-0.9985953392305652,-0.014578700271806189,0.008401284902396888,-0.015319990116135385
2024-12-02,GGT,5.07,1,0.5705111679368259,-0.9904349613877061,0.0039447731755424265,-0.0808678500986193,-0.12031558185404345
2024-12-02,UBRL,24.21,1,0.3163249055858888,-0.9985114939005674,-0.20239570425444042,-0.3345724907063198,-0.3362247005369682
2024-12-03,ACLO,50.2886,1,0.31578886364610553,-0.0374546518461195,-0.002159535163039017,-0.0009604562465450606,-0.00345008610301345
2024-12-03,BRIA,3.77,1,0.3033161094843374,-0.03768509298877881,0.04244031830238737,0.023872679045092715,0.04244031830238737
2024-12-03,JBK,26.08,1,0.30867242278020873,-0.9966378058523226,0.01418711656441718,0.00025306748466258355,0.004984662576687171
2024-12-03,TILE,26.29,1,0.31535828007161265,-0.9995054181281137,-0.021681247622670208,-0.02054012932674021,-0.08862685431723083
2024-12-04,HBB,20.07,1,0.3107601717449098,-0.9994098890974081,-0.12007972097658193,-0.17090184354758342,-0.1738913801694072
2024-12-04,PULT,50.7,1,0.49705985202071457,-0.9982855896060533,-0.002958579881656931,-0.002564102564102666,-0.004733727810650956
2024-12-05,BETR,12.99,1,0.29042700838453084,-0.9992627849297298,-0.06312548113933802,-0.20708237105465743,-0.241724403387221
2024-12-05,IGLD,18.89,1,0.3321032553036407,-0.9955715624994934,0.012705134992059275,-0.012705134992059386,-0.007411328745367984
2024-12-06,FBK,56.51,1,0.30746811406828156,-0.9984182345255922,-0.024774376216598837,-0.08901079454963723,-0.1067067775614936
2024-12-06,FG,46.75,1,0.3119950032623874,-0.997466066554383,-0.04513368983957222,-0.10652406417112292,-0.09497326203208556
2024-12-06,GFLW,25.515,1,0.3356374963794874,-0.04884623057927259,-0.027054673721340405,-0.046893983931020955,-0.054681559866745055
2024-12-06,KDEC,24.91,1,0.33834422401566394,-0.035879709926822906,-0.013247691690084329,-0.035327177840224766,-0.03331995182657577
2024-12-06,QBIG,31.2422,1,0.31445219665169555,-0.0494933196106444,0.038019089564755415,0.02777653302264249,0.020094615616057743
2024-12-06,XFLT,34.25,1,0.3076770298530801,-0.9993688971827999,-0.007299270072992692,-0.033576642335766405,-0.026277372262773713
2024-12-06,ZION,59.16,1,0.30117768596333144,-0.9968244093427059,-0.025185936443542833,-0.09279918864097358,-0.06355645706558477
2024-12-09,ADC,74.46,1,0.32711959842998106,-0.9968206624298509,-0.0055063121138866356,-0.056003223207090946,-0.06406124093472998
2024-12-09,BOX,32.56,1,0.32687707892550055,-0.9978580628445819,-0.013206388206388198,-0.018120393120393263,-0.03808353808353815
2024-12-09,CPB,43.11,1,0.3292594230677874,-0.9971637749795885,-0.012758060774762159,-0.03920204128972393,-0.09000231964741368
2024-12-09,GROZ,25.2124,1,0.3332123353115747,-0.04961712710197991,0.027454744490806204,0.010371880503244446,-0.008360965239326612
2024-12-09,MFSG,25.3799,1,0.33284389094427796,-0.04890670028606211,0.015874767040059412,-0.0003900724589143145,-0.009251415490210801
2024-12-09,PCMM,50.41,1,0.3308200326197323,-0.03759648280273001,-0.002479666732791097,0.000297560007934905,0.005455266812140591
2024-12-09,PDEC,38.88,1,0.30574473935540836,-0.9960675334064524,0.0018004115226337714,-0.004886831275720316,-0.010802469135802517
2024-12-09,QQLV,24.6007,1,0.33185065193278573,-0.03696596495895964,-0.010946842976012894,-0.03812493140439088,-0.045738535895320065
2024-12-09,SATLW,0.646,1,0.29583292295441654,-0.9979911585931249,-0.19195046439628483,-0.33436532507739936,-0.3798761609907121
2024-12-09,WCME,13.6615,1,0.3289855641625929,-0.4676805907344944,-0.02557552245361061,-0.045953958203711176,-0.05443033341873149
2024-12-10,AAL,17.49,1,0.38360910541538235,-0.9958244558617464,-0.04402515723270439,-0.008004574042309698,0.05088622069754156
2024-12-10,BFRGW,0.3885,1,0.3012830118440788,-0.9976814168088083,0.41570141570141583,0.287001287001287,0.32200772200772176
2024-12-10,INTJ,20.552,1,0.2914180888864963,-0.9990663643615865,-0.1238808875048657,-0.09488127676138569,-0.21954067730634486
2024-12-10,MFSI,25.23,1,0.3410431932348886,-0.03570511335597418,-0.016119698771304036,-0.028933808957590235,-0.04320253666270313
2024-12-10,STRW,10.2,1,0.3202090568502982,-0.9992214891677448,0.014705882352941124,0.04117647058823537,0.09215686274509816
2024-12-10,UDEC,35.489,1,0.30441996218361705,-0.9980264216847037,0.002141508636478884,0.0007523457972895553,-0.01717433570965643
2024-12-11,NAMI,4.22,1,0.302691027968804,-0.038023192060494565,0.2582938388625593,0.03791469194312791,-0.007109004739336289
2024-12-12,BLCN,29.01,1,0.3328182454589227,-0.9989789654009656,-0.089279558772837,-0.09962082040675635,-0.10375732506032409
2024-12-12,BUFI,34.81,1,0.3347037607543665,-0.04623239125903578,-0.01458776213731694,-0.008761850043091046,-0.011490950876185124
2024-12-12,BUFM,35.0248,1,0.31063831165293077,-0.04911921990807873,-0.016002946483634428,-0.005273406272127135,-0.013556108814325896
2024-12-12,MGX,3.86,1,0.3339946749318771,-0.9975741661438896,0.0,-0.031088082901554293,-0.2849740932642487
2024-12-12,RENT,8.9,1,0.29079653116336507,-0.9983618162365404,-0.06853932584269673,0.050561797752809,-0.10000000000000009
2024-12-12,REXR,40.31,1,0.3183218874162913,-0.9966808350960155,-0.058050111634830204,-0.039692384023815475,-0.03845199702307134
2024-12-13,AIA,71.0,1,0.30408853047887763,-0.9983189646275651,-0.03746478873239434,-0.03929577464788736,-0.046197183098591554
2024-12-13,AIRJW,1.24,1,0.3154936026587367,-0.9558854368045862,0.20967741935483875,-0.040322580645161366,-0.07258064516129037
2024-12-13,ASHR,27.08,1,0.30538368481264244,-0.9998910351407561,-0.012186115214180115,-0.002584933530280553,-0.04985228951255527
2024-12-13,ASHS,29.45,1,0.3030926392149219,-0.9991626194575732,-0.017657045840407504,-0.029874363327674014,-0.08556876061120544
2024-12-13,BRKU,24.5,1,0.3157776149664815,-0.04889520016903762,-0.021632653061224527,-0.029795918367346963,-0.00897959183673469
2024-12-13,CQQQ,40.99,1,0.3006086292803261,-0.9985523844692541,0.0007318858258111849,-0.0226884606001464,-0.06586972432300564
2024-12-13,HWH,3.385,1,0.3076042044424261,-0.9995688888879909,-0.31580502215657313,-0.11373707533234856,-0.42333825701624817
2024-12-13,LBTYA,13.0,1,0.3009366512117014,-0.9981176652921249,-0.041538461538461524,-0.0361538461538462,-0.09923076923076912
2024-12-13,LBTYK,13.7,1,0.29972605614443937,-0.9997645069718034,-0.0540145985401459,-0.05036496350364961,-0.12043795620437947
2024-12-13,SFBC,54.39,1,0.3244343115684954,-0.9951316022038347,0.011215296929582674,-0.031991174848317705,-0.00763007905865043
2024-12-13,TLTI,48.5409,1,0.4038140243120381,-0.046655727588931134,-0.017315294936847025,-0.028917881621478014,-0.0401063845128542
2024-12-16,BGDV,25.2484,1,0.34759644348660396,-0.04856022030958766,-0.025165951109773266,-0.034081367532200146,-0.01105812645553772
2024-12-16,EMPB,25.54,1,0.35095411660840575,-0.045057222156231876,0.0028935003915426805,-0.008300704776820655,-0.015751761942051745
2024-12-16,HIPS,13.06,1,0.3128138871860119,-0.996357724190068,-0.011868300153139444,-0.015957120980091943,-0.004218989280245111
2024-12-16,LUCK,10.52,1,0.39050054099604964,-0.044725110205973986,-0.025665399239543696,-0.048479087452471425,0.0066539923954371805
2024-12-16,MUSE,50.55,1,0.4404804660926318,-0.04026036315651297,-0.015825914935707175,-0.01483877349159246,-0.0107774480712165
2024-12-16,PRCS,24.9306,1,0.3312450155615086,-0.04693152978853461,-0.0182265970333646,-0.03411871354881146,-0.020516955067266696
2024-12-16,SCDV,24.81,1,0.33261906655062623,-0.04598942337381233,-0.060056428859330824,-0.06071342200725516,-0.0393430068520757
2024-12-17,ABLD,30.7241,1,0.3469115771326619,-0.046899449515941626,-0.022597895463170592,-0.08429864503760887,-0.044596912521440824
2024-12-17,ABLG,29.5361,1,0.3362761188088175,-0.04504802663948407,-0.02052065099996281,-0.030823297591760723,-0.017964457054248872
2024-12-17,AVR,5.66,1,0.33375174594627605,-0.04701541237942206,-0.024734982332155542,-0.019434628975265045,0.05830388692579502
2024-12-17,IBIC,25.615,1,0.5015628540391048,-0.2990421282933079,-0.008588717548311475,-0.006246340035135689,-0.001366386882685977
2024-12-17,PLAB,26.23,1,0.30042191686408126,-0.998858873223165,-0.07777354174609219,-0.08463591307662977,-0.06328631338162405
2024-12-17,SCM,13.25,1,0.34748039845067047,-0.9997889711331864,0.030188679245283012,0.04830188679245295,0.0792452830188679
2024-12-17,WXET,23.78,1,0.3380970251099473,-0.04679199689288751,-0.038448275862069003,0.0006307821698907645,0.05025231286795617
2024-12-18,BBDO,1.73,1,0.29921715576708147,-0.9978567768579348,0.040462427745664886,0.023121387283236983,0.07514450867052025
2024-12-18,CCIX,10.525,1,0.299991064377433,-0.07837039730828124,-0.02077909738717343,0.00047505938242276,-0.019477434679334937
2024-12-18,CGIB,25.4978,1,0.44914238607060936,-0.20786468606483827,-0.00854191341998134,-0.00854191341998134,-0.007365341323565255
2024-12-18,DMX,50.075,1,0.311822484898379,-0.037395742188326406,-0.0003694458312532012,0.00030154767848222797,0.004593110334498274
2024-12-18,EFFI,18.8551,1,0.33723863710510105,-0.03911200373675785,0.01360374646647311,0.00574380406362196,0.03660017714040231
2024-12-18,ETX,18.055,1,0.31705731170649853,-0.9965175026652553,-0.021683744115203574,-0.01578510108003328,-0.004707837164220519
2024-12-18,FFIC,14.27,1,0.36279952787071235,-0.998003201481436,0.01261387526278912,0.03083391730903995,0.05466012613875271
2024-12-18,KOOL,11.0221,1,0.32580928586081703,-0.9963024106998862,0.027027517442229643,0.009299498280726848,0.02612024931728074
2024-12-19,BSJU,25.66,1,0.3514702883703543,-0.9951331525840359,0.000389711613406174,0.0077942322681214815,0.006625097427903182
2024-12-19,NTCL,5.45,1,0.29234630966829916,-0.03915598729246644,-0.00917431192660545,-0.009155963302752257,0.35412844036697244
2024-12-19,RIET,9.99,1,0.3684959776996233,-0.9938613382289435,0.0,0.011011011011010874,0.006006006006006093
2024-12-19,RSSE,19.72,1,0.3679895731909072,-0.47010435808128076,0.010152129817444289,0.008123732251521298,0.030425963488843966
2024-12-19,VSDM,74.8643,1,0.3267867258326153,-0.07644287681752683,-0.0023482487647650263,0.0016122504317812592,0.003281938120038408
2024-12-19,XRMI,19.15,1,0.32684784814642615,-0.9966511747635015,0.02297650130548301,0.015143603133159322,0.014543080939947828
2024-12-20,BOXA,100.14,1,0.33955728880892927,-0.04572713577444579,-0.0005482324745357259,-0.006754543638905597,-0.0023996405032954415
2024-12-20,ETW,8.46,1,0.30585593306438974,-0.9969917668876562,-0.005910165484633634,-0.0035460992907803135,0.01891252955082723
2024-12-20,FOWF,24.4349,1,0.3501901179481009,-0.044791852831288094,-0.006470253612660515,-0.014949928176501537,0.044211353432999534
2024-12-20,FXED,18.3923,1,0.3300575810612518,-0.9953239458502033,-0.016969057703495327,-0.011260146909304436,-0.0012070268536288342
2024-12-20,GAINI,25.34,1,0.3007044245716179,-0.04849629089488475,-0.0023677979479084232,0.00039463299131803353,-0.0015785319652722452
2024-12-20,GSM,3.87,1,0.31188393095024625,-0.9966785111632592,-0.023255813953488413,0.02067183462532296,0.023255813953488413
2024-12-20,JHCP,24.7877,1,0.3165938358270799,-0.04784501253375999,-9.682221424345272e-05,-0.008177442844636618,-0.0033363321324690887
2024-12-20,JHCR,24.805,1,0.3136972387379813,-0.04776049290026691,0.00040717597258632665,-0.008062890546260859,-0.0036283007458173255
2024-12-20,LSVD,24.5546,1,0.33870880538116793,-0.047723961097138834,-0.0013235809176285196,0.007868179485717608,0.036486035203179945
2024-12-20,MILK,24.5326,1,0.3292201478082102,-0.04778613282828243,0.000843775221541998,-0.009509795129745702,-0.002531325664625772
2024-12-20,NBTR,49.7,1,0.44090866460725764,-0.04267822947384379,-6.639839034205952e-05,-0.005213279678068505,0.0006881287726356877
2024-12-20,PPSI,4.03,1,0.299409015750764,-0.999175229693897,0.02977667493796532,0.027295285359801413,0.004962779156327368
2024-12-20,ROPE,24.4153,1,0.331949038618216,-0.04681363479004137,-0.004206378787071974,-0.002682744017071248,0.034662691017517844
2024-12-20,TAX,24.6251,1,0.33455458587737,-0.04725417319738527,-0.003865974148328233,-0.0013563396696866237,0.025778575518474955
2024-12-20,TSYY,23.8696,1,0.3185232246288521,-0.04697730501028704,0.04274893588497508,0.06486493280155514,0.09218420082447976
2024-12-20,USA,6.96,1,0.3088882478692269,-0.9971149545205206,0.004310344827586299,0.012931034482758674,0.04885057471264376
2024-12-20,ZAP,24.4096,1,0.3733482522650876,-0.043213249141757726,-0.0010979286837965452,0.009848584163607566,0.05941924488725747
2024-12-23,ADVE,32.2523,1,0.353549297728242,-0.9949635370053878,-0.007348313143558549,-0.018243660142067242,0.000449580340006861
2024-12-23,CCBG,36.58,1,0.3328514844760917,-0.9996735088806613,0.001913613996719521,-0.04729360306178232,-0.0054674685620556
2024-12-23,CLMB,30.7375,1,0.3248451088764971,-0.9992489923977145,0.030906872712484823,0.011142740951606278,0.07921919479463191
2024-12-23,CUZ,30.15,1,0.34951126824082934,-0.9982703195718893,0.01625207296849096,-0.018242122719734577,0.014925373134328401
2024-12-23,EDC,30.26,1,0.29787096427252785,-0.997492905271879,-0.04923992068737615,-0.055849306014540634,0.016523463317911435
2024-12-23,FDAT,21.1403,1,0.3312736651210445,-0.997278172940033,-0.004985738139950735,-0.001906311641745817,0.014626093291012943
2024-12-23,FTLS,66.58,1,0.33541789988649384,-0.9945309843193266,-0.011565034544908315,0.002328026434364583,0.022379092820666857
2024-12-23,IAGG,49.95,1,0.3292498863627675,-0.9968168635976364,-0.0006006006006006315,-0.004004004004004025,-0.0002002002002002845
2024-12-23,LND,3.6,1,0.3103484003968685,-0.9963532842640381,0.002777777777777768,0.009722222222222188,0.06663888888888891
2024-12-23,MCHS,25.8647,1,0.32177267200862125,-0.9954310174104898,-0.00849806879646775,-0.0327048061643862,0.017216515173189784
2024-12-23,MEM,29.4196,1,0.34438032661198065,-0.9964259077995964,-0.016641966580103085,-0.021349712436606882,-0.0007036125576145302
2024-12-23,MPV,17.37,1,0.30682567892923096,-0.9988482678162647,-0.016119746689694958,-0.03339090385722521,-0.06447898675877961
2024-12-23,MSFL,24.88,1,0.3217851908053989,-0.9989084588900505,-0.06591639871382637,-0.053456591639871265,0.02934083601286175
2024-12-23,NBGX,24.7005,1,0.33331699345627275,-0.045838797809471477,-0.021428716017894534,-0.011153620372057249,0.026375984291815868
2024-12-23,QEMM,57.9033,1,0.3245393902212329,-0.9976239877745864,-0.01454148554572876,-0.01181797928615469,0.004958266627290486
2024-12-23,RSBA,19.97,1,0.312413765874932,-0.037695868386939016,0.0022533800701052265,-0.0024636955433149366,0.0024236354531799176
2024-12-23,USMC,60.89,1,0.3121608778540715,-0.9982607710357235,-0.014123829857119352,-0.014780752176055123,0.014123829857119352
2024-12-23,WIW,8.23,1,0.2959096139406138,-0.9980960220641351,0.004860267314702238,0.004860267314702238,0.03888213851761857
2024-12-24,AGGH,20.38,1,0.34491138074568006,-0.9959998190420285,0.007850834151128527,0.0014720314033367377,0.02257114818449457
2024-12-24,BRIF,25.6587,1,0.344271292158836,-0.04491762176624474,-0.020230954802854306,-0.030332791606745402,-0.004135049710234706
2024-12-24,FLCE,25.6481,1,0.32995141710868214,-0.04617791503812038,-0.023615784405082607,-0.02927312354521383,0.005045208027105286
2024-12-24,MHH,15.08,1,0.3309761829191882,-0.9952581338671581,-0.0954907161803713,-0.09151193633952259,-0.09748010610079583
2024-12-24,PDPA,24.89,1,0.3443964945576529,-0.04495014562486679,0.004419445560466029,0.005624748895138643,0.007231820008035239
2024-12-24,SLDPW,0.495,1,0.29322475317577396,-0.9974649453497081,-0.09090909090909083,-0.3939393939393939,-0.5313131313131313
2024-12-26,AIRT,20.62,1,0.31113050071947695,-0.9978685160023645,-0.032977691561590694,-0.07468477206595547,-0.006304558680892414
2024-12-26,AVO,14.45,1,0.3489390624694669,-0.9935283450833536,-0.02422145328719716,-0.1522491349480969,-0.16332179930795843
2024-12-26,BRC,75.64,1,0.3080705910258688,-0.9978942940458716,-0.02696985721840306,-0.052221047065044934,0.003305129561078868
2024-12-26,DRTSW,0.2152,1,0.288609539325474,-0.5522818153353688,-0.11710037174721188,0.39405204460966536,0.974907063197026
2024-12-26,FUN,49.64,1,0.3052391770623024,-0.9984730065100172,-0.05539887187751813,-0.06909750201450438,-0.08662369057211916
2024-12-26,SEDG,14.58,1,0.2880736039442449,-0.9991022466739311,0.0480109739368999,-0.008230452674897082,-0.08161865569272975
2024-12-27,DRIO,13.9,1,0.28763324754662184,-0.9993443563844691,0.22589928057553954,-0.004316546762589968,-0.057266187050359796
2024-12-27,EWX,59.07,1,0.33296574458587885,-0.99828930773424,-0.019468427289656365,-0.04418486541391564,-0.031826646351786114
2024-12-27,FEGE,35.1842,1,0.3328732327768778,-0.03706257923511542,0.0013557221707471978,-0.007318625974158888,0.04265551014375779
2024-12-27,HF,20.5433,1,0.3326357138189395,-0.9971172147927372,-0.0045659655459443504,-0.011152054441107229,-0.0011390575029327499
2024-12-27,HYSD,19.89,1,0.306666091876798,-0.1582232387695141,0.004218200100553071,0.0008798391151332297,0.011814982403217655
2024-12-27,MOTG,36.5616,1,0.3131281842355122,-0.9992791892818434,-0.0029128922147826364,-0.01628758041223577,0.040802371887444844
2024-12-27,NFE,14.45,1,0.3129774485345505,-0.9963550388501955,0.07889273356401394,0.0034602076124568004,0.04290657439446366
2024-12-30,FEOE,34.6608,1,0.33114874972383196,-0.035869475070209905,0.009163089138161773,0.003961247288002401,0.0648715551862622
2024-12-30,GDEC,33.99,1,0.30416182853703183,-0.9981428121938384,-0.005995881141512283,0.0002942041776992088,0.011179758752574154
2024-12-30,MMLP,3.61,1,0.31273529856948085,-0.9988578299011549,-0.11080332409972293,0.011080332409972415,0.024930747922437657
2024-12-30,SEA,12.9532,1,0.33983139712046273,-0.9957602402504785,0.005164746935120146,-0.013363493190871822,-0.0352654170398049
2024-12-31,COOT,1.19,1,0.4570927047265867,-0.8270448881058557,-0.03361344537815125,-0.0252941176470588,0.008403361344537785
2024-12-31,ECCU,24.73,1,0.3351605347999391,-0.03651142738713639,0.0048524059846339895,0.0179943388596846,0.00909826122118873
2024-12-31,EGGS,38.6833,1,0.32974698416090187,-0.0493176141602463,0.00858768512510566,0.0012149945842261367,-0.0019155552913014962
2024-12-31,EGGY,39.1701,1,0.3224020082706661,-0.0472024666786848,0.010541203622150608,0.004837873786383007,-0.020183762614851553
2024-12-31,IDVZ,24.6377,1,0.376417562770363,-0.04651033975697641,0.021665983431895075,0.028099213806483503,0.051721548683521634
2024-12-31,NEUP,3.43,1,0.30820494662784825,-0.1725522008493358,-0.061195335276967966,-0.12244897959183687,0.5451895043731778
2024-12-31,OACCW,0.8788,1,0.35734952388666086,-0.03661059751422991,-0.1807009558488849,-0.14656349567592175,-0.16363222576240333
2024-12-31,XLO,13.37,1,0.287466091370972,-0.9992050259298709,0.17277486910994777,0.19371727748691114,-0.26178010471204194
2025-01-02,AUGZ,38.6024,1,0.34167674011589505,-0.9975466022014717,-0.005849377240793263,0.01707406793359989,0.030505875282365924
2025-01-02,BOAT,28.54,1,0.33655055957332425,-0.9971145986751702,-0.004555010511562707,-0.034337771548703544,-0.04791871058163977
2025-01-02,JANJ,24.5645,1,0.31528463512339777,-0.33603357179930515,-0.001200920026868002,0.004498361456573674,0.0067332939811517445
2025-01-02,PBL,28.0493,1,0.3519029449532012,-0.9954248288284313,-0.006395881537150538,0.016656387146916307,0.019576246109528572
2025-01-02,PJAN,42.21,1,0.3004739756941757,-0.997801261031444,-0.004027481639422015,0.00971333807154684,0.011371712864250094
2025-01-02,QVOY,25.2195,1,0.35678156093311286,-0.9985560777339295,-0.003683657487261849,0.023501655465017146,0.006364123000059507
2025-01-03,ABT,113.83,1,0.2955361979446602,-0.9989635257230569,-0.005622419397346978,0.026003689712729594,0.13414741280857423
2025-01-03,MI,3.34,1,0.3181248062676575,-0.9961310549413652,-0.1796407185628741,-0.16766467065868262,-0.04529940119760478
2025-01-03,TDEC,19.9566,1,0.3118612865716322,-0.037213929206499144,-0.02413236723690404,0.0056823306575266574,0.013434152110078701
2025-01-06,AAMI,25.74,1,0.30084580531864846,-0.04798916945807602,-0.05011655011655014,-0.013209013209013243,-0.061771561771561734
2025-01-06,CRBD,25.19,1,0.3327406406892311,-0.12686097369268654,-0.047637951568082704,-0.015879317189360975,-0.015085351329892971
2025-01-06,JANU,25.3058,1,0.33866312578701824,-0.04583798867865522,-0.016826182140062818,0.014328730962862135,0.010768282370049453
2025-01-06,JANW,33.8524,1,0.3063550010411369,-0.9984088705661129,-0.008637496898299735,0.008495704883553223,0.007904904822110037
2025-01-06,NHPAP,14.525,1,0.3787461282736171,-0.047585271610505575,-0.002843373493975898,0.02375215146299481,-0.03958691910499146
2025-01-06,PBQQ,25.2527,1,0.3052583528905959,-0.048184237475782134,-0.01368962526779316,0.009199016342806843,0.008343662261857121
2025-01-06,PQJA,25.3047,1,0.3117843290379649,-0.048522146080795914,-0.016483103929309628,0.010634388078103907,0.008445071468936582
2025-01-06,PQJL,25.2505,1,0.3165162133865307,-0.04722669316922381,-0.01340567513514579,0.009088928932100337,0.008296865408605747
2025-01-06,PQOC,25.2759,1,0.3059740565474535,-0.04862218655950418,-0.016446496465012173,0.010053054490641422,0.008470519348470207
2025-01-06,RILA,10.2644,1,0.3260120214258881,-0.046240684838711923,-0.026411675304937487,0.030259927516464558,0.03854097657924482
2025-01-06,UJAN,39.23,1,0.3025489522834898,-0.9993227376286422,-0.011215906194239067,0.008307417792505767,0.008363497323477187
2025-01-06,XBJA,29.01,1,0.30226511225655994,-0.9989497858529819,-0.010189589796621878,0.011720096518441858,0.009996552912788559
2025-01-07,JANP,28.9499,1,0.30620501226322716,-0.998830450942048,0.004165817498505975,0.021070884528098466,0.018915436668174967
2025-01-07,PQAP,25.0856,1,0.3030210831985328,-0.038270159482586205,0.0035637975571642944,0.01183148898172659,0.013728991931626133
2025-01-07,QSI,3.495,1,0.34088896643867694,-0.9970937481145626,-0.32761087267525035,-0.3104434907010014,-0.45636623748211735
2025-01-07,TJAN,25.4262,1,0.30388418811475226,-0.03892287370599608,0.0052622885055571,0.012133153990765422,0.013521485711588843
2025-01-08,ASPC,9.97,1,0.2957712807555685,-0.6812066520691888,0.0020060180541623396,0.0020060180541623396,0.006018054162487241
2025-01-08,GBXA,24.9998,1,0.3106756968571386,-0.03740417251919551,0.003084024672197261,0.016648133185065417,0.01323610588884705
2025-01-08,LDDR,90.42,1,0.31925248230643866,-0.04969037808365283,0.0042700729927007686,0.004817518248175112,-0.03360539703605403
2025-01-08,MVSTW,0.32,1,0.29330042938392314,-0.9981833749888426,0.24750000000000005,0.171875,-0.1853125000000001
2025-01-08,PBJA,28.08,1,0.30358763693270524,-0.9987255065370506,0.002603276353276396,0.012464387464387494,0.010149572649572614
2025-01-08,RIVN,14.21,1,0.29721904396817705,-0.9966833596648945,0.016185784658691027,-0.1013370865587615,-0.12174524982406754
2025-01-08,TSYY,25.635,1,0.3291357871572937,-0.4964355129081545,0.012092841817827216,-0.010142383460113202,-0.017335673883362657
2025-01-10,BTTC,9.163,1,0.29206754052580397,-0.9995266535374453,0.016042780748663166,0.023682200152788546,-0.3441012768743862
2025-01-10,CIIT,27.93,1,0.2981892391515294,-0.9970538416318526,-0.12280701754385959,0.0025062656641603454,-0.3007518796992481
2025-01-10,EOCT,25.6507,1,0.3270760616971643,-0.9946392097485619,0.014397267910817302,0.015804636910493608,0.03583917787818658
2025-01-10,GSKH,50.0402,1,0.3081776536015417,-0.04729942225931208,0.011820496320958052,0.04834313212177399,0.08279743086558411
2025-01-10,INVN,19.8354,1,0.3323053891116375,-0.046126705613484795,0.01895600794539054,0.037175958135454934,0.0279349042620769
2025-01-10,QIDX,9.9901,1,0.3260006025786364,-0.036104073764793174,0.038027647370897144,0.046976506741674307,0.062051430916607364
2025-01-10,TBCH,17.3,1,0.3400869702802949,-0.04849514315292412,0.05664739884393066,0.04971098265895946,0.027167630057803427
2025-01-10,UROY,2.35,1,0.31381149752967924,-0.9968507195376318,-0.01276595744680864,0.008510638297872353,0.03404255319148941
2025-01-10,VOD,8.05,1,0.3174329561561557,-0.9968724008903547,0.05341614906832293,0.06459627329192541,0.06459627329192541
2025-01-13,BIOA,4.7,1,0.2972531662054931,-0.9978541826169457,0.13404255319148928,0.129787234042553,-0.07659574468085117
2025-01-13,CRMD,11.12,1,0.33022314613353637,-0.999621971799765,0.12320143884892087,0.09352517985611519,-0.09622302158273366
2025-01-13,EICC,25.05,1,0.30261589542030476,-0.5269788225212257,-0.0007984031936127955,0.0007984031936127955,0.001992015968063976
2025-01-13,NAMS,24.58,1,0.3138051822069503,-0.9970405010439197,-0.03580146460537015,-0.1273393002441009,-0.22335231895850283
2025-01-13,NAT,3.0,1,0.3111922097634623,-0.9967813089753198,-0.11333333333333329,-0.11333333333333329,-0.09999999999999998
2025-01-14,CRVO,2.13,1,0.30162755299009414,-0.9976065031961151,0.023474178403755985,0.07042253521126751,0.023474178403755985
2025-01-14,LPBBU,10.1596,1,0.3128135092671413,-0.06946702543932477,-0.009803535572266542,-0.007834954132052374,-0.0038977912516240387
2025-01-14,SEDG,14.25,1,0.2936705904946205,-0.9969154485104731,-0.0842105263157894,-0.09052631578947368,-0.06736842105263163
2025-01-15,APOC,25.5701,1,0.43492164226177477,-0.04004753528900837,0.005080152209025357,0.004998025037054932,0.008693747775722516
2025-01-15,DBJP,74.18,1,0.3048425722672117,-0.9976879057463444,0.021939875977352363,0.031221353464545576,0.025934214073874307
2025-01-15,DXJ,108.0,1,0.2979212665471829,-0.9985825348760481,0.01722222222222225,0.028611111111111143,0.023055555555555607
2025-01-15,JHG,41.57,1,0.3133650932022712,-0.999697544769456,0.047630502766418115,0.050276641808996825,0.05244166466201583
2025-01-15,QTTB,3.2,1,0.2899580253707159,-0.9996095378062276,0.05312499999999987,0.018749999999999822,-0.16249999999999998
2025-01-15,WEC,95.57,1,0.31058115183902996,-0.9985914841937222,0.018206550172648495,0.04059851417808957,0.08590561891807069
2025-01-15,ZDEK,23.985,1,0.4532506440105884,-0.03902951114721674,0.0068792995622264375,0.005628517823639934,0.008547008547008517
2025-01-15,ZOCT,25.36,1,0.553020092412208,-0.032045632934707156,0.004731861198738141,0.004731861198738141,0.007097791798107211
2025-01-16,AVS,18.23,1,0.31327355088403214,-0.9986870145085875,-0.06061437191442676,0.0027427317608337276,-0.04772353263850804
2025-01-16,PENG,20.12,1,0.3163252808651906,-0.9967760990353555,0.0248508946322068,0.007952286282306265,0.07057654075546704
2025-01-17,ARDT,14.1,1,0.3205800938843792,-0.9989990993224597,0.07801418439716312,0.07234042553191489,0.06312056737588656
2025-01-17,FSUN,39.49,1,0.3101785205627574,-0.998729734112341,0.04583438845277277,0.038237528488224815,0.06406685236768794
2025-01-17,KCCA,17.45,1,0.31726035174069844,-0.9987872536310591,-0.0584527220630372,-0.05157593123209159,-0.04324928366762171
2025-01-21,BNDS,50.63,1,0.3137088881212761,-0.037552180461547985,0.002765158996642425,-0.0049377839225756,-0.0013825794983212125
2025-01-21,CGMM,26.57,1,0.3364021303566466,-0.049778718622107476,-0.009032743695897683,-0.018441851712457713,-0.00978547233722249
2025-01-21,FLOC,30.25,1,0.3156821278615656,-0.04875785583018225,-0.06842975206611568,-0.056198347107437985,-0.10776859504132241
2025-01-21,IBUF,26.11,1,0.4639608272885301,-0.8678717307652362,0.002680965147453085,0.0022673305247031816,0.008617387973956392
2025-01-21,IJUN,24.985,1,0.46525834309700875,-0.9977922656868039,0.005203121873123884,0.007272363418050709,0.025047028216930167
2025-01-21,LDRC,25.1,1,0.4521957102423031,-0.03896285820641793,-0.0035458167330678636,-0.00617529880478096,-0.0031872509960160222
2025-01-21,TBCH,18.73,1,0.3774442103525433,-0.2754352189759658,-0.052856380138814885,-0.0774159103043246,0.02829684997330495
2025-01-21,TMET,22.62,1,0.30799328011831245,-0.9979290005024102,-0.02298850574712641,0.006631299734747964,0.03492484526967288
2025-01-22,GEND,10.46,1,0.3306111612702718,-0.03556419616514645,0.009378585086041946,0.004741873804971375,0.025879541108986492
2025-01-23,CAPNU,10.35,1,0.30363264672877927,-0.03864918297371203,-0.01159420289855062,0.01449275362318847,
2025-01-23,CRMLW,0.4204,1,0.2909235339546333,-0.14762182272538463,0.07040913415794492,-0.17935299714557573,-0.6378734538534728
2025-01-23,RANGU,10.29,1,0.31661898033012403,-0.03724349564472753,-0.013605442176870652,-0.010689990281826933,-0.007288629737609242
2025-01-23,UXJA,30.5527,1,0.33121166600761276,-0.04664516269601344,-0.008270954776500972,-0.0056721664533740945,-0.01777584305151436
2025-01-24,EDGE,40.3399,1,0.33103906674316536,-0.048452334844774195,-0.008304433079903584,-0.007538442088354191,-0.009925656731920474
2025-01-24,TOI,0.7605,1,0.2961787960825955,-0.9983452862292832,0.3149243918474689,0.07823800131492442,0.11768573307034846
2025-01-27,ICF,61.57,1,0.3204708776439435,-0.9974317141136831,-0.01689134318661689,0.001786584375507605,0.021276595744680993
2025-01-27,NFLP,35.9812,1,0.3732699829464252,-0.991291919469414,0.008946338643513796,0.051362933976632386,0.010527720031572096
2025-01-27,USSH,50.415,1,0.48844778746312945,-0.9962703893663151,-0.0036040860854904544,-0.0031736586333431793,-0.00019835366458387238
2025-01-27,XJAN,33.87,1,0.29961603650571583,-0.9980242311736002,0.001446708001181074,0.005459108355476916,0.00029524653085344355
2025-01-27,ZNOV,25.2885,1,0.44216201270528777,-0.03976074868970115,-0.0007315578227257147,0.001245625481938406,0.001941594005180125
2025-01-28,NDAA,20.005,1,0.3649222779284716,-0.9937523644286059,0.0007348162959259774,0.00474881279680095,-0.0009747563109222535
2025-01-28,NOEMU,10.25,1,0.41623535406605594,-0.06617365344142503,-0.012682926829268415,-0.00487804878048792,-0.011707317073170631
2025-01-28,QCJA,19.9,1,0.3270789830459323,-0.038796803695416514,0.0015678391959799143,0.0060301507537690036,-0.003140703517587995
2025-01-28,XIDV,25.6605,1,0.36403316483986164,-0.0343466663039879,0.0016679332047309092,0.019594318115391474,0.051222696362113185
2025-01-29,AAPG,17.33,1,0.30698307159412563,-0.04788301381103616,0.041546451240623394,0.030005770340450377,0.14252740911713802
2025-01-29,FEMY,1.17,1,0.30042517847001127,-0.9975536780905984,0.025641025641025772,0.12820512820512842,0.35897435897435903
2025-01-29,NTRBW,1.96,1,0.33083464139133123,-0.9976930210974119,-0.005051020408163298,-0.13265306122448983,0.15306122448979576
2025-01-29,ONEZ,24.8859,1,0.3267151958910711,-0.04792238902373506,0.0015792075030438557,-0.000466127405478467,-0.017515942762769243
2025-01-29,QETA,10.63,1,0.2981771423251404,-0.07983275440371387,0.005644402634054524,0.0065851364063969076,0.011288805268109048
2025-01-30,AIS,24.4959,1,0.33581469225130534,-0.9974223435219337,0.016206793789981244,0.03679391245065511,-0.01485962957066278
2025-01-30,AVAL,2.9,1,0.3010526864155904,-0.9973777376882358,-0.06206896551724128,-0.006896551724137945,-0.01379310344827589
2025-01-30,BITQ,18.36,1,0.32578177825587656,-0.998257398491712,-0.023965141612200314,-0.0016339869281046804,-0.18191721132897598
2025-01-30,BKV,24.92,1,0.34503833987935234,-0.9982124588530736,-0.03731942215088291,-0.036918138041733606,-0.1898073836276084
2025-01-30,BOUT,40.7653,1,0.3511597213908819,-0.9996194054099661,0.004388536328691295,0.004383630195288646,-0.06428015984182633
2025-01-30,CBSE,35.0943,1,0.3428497389401111,-0.9968576653516903,-0.00196898071766638,0.012227056815494297,-0.053863447910344364
2025-01-30,DAPP,15.41,1,0.32010767590025246,-0.9990158976347656,-0.03179753406878649,-0.01687216093445809,-0.23101881894873466
2025-01-30,HNRG,11.05,1,0.3298594835685672,-0.9958105105893875,-0.02714932126696834,0.03167420814479627,-0.1257918552036199
2025-01-30,LANDP,20.77,1,0.3617017210529847,-0.9987683334383777,-0.027924891670678798,-0.02220510351468452,-0.022628791526239755
2025-01-30,LQPE,19.9652,1,0.3561225831804793,-0.04610406733287621,-0.020796185362530695,-0.0005359325225893219,-0.04077595015326663
2025-01-30,OWL,25.81,1,0.36101166830005627,-0.9978561834621633,-0.04029445951181709,-0.08872530027121273,-0.16582719876017038
2025-01-30,TAC,11.54,1,0.3533223922490749,-0.997988940213486,-0.058058925476603074,-0.09705372616984398,-0.10398613518197564
2025-01-30,WULF,5.01,1,0.3001053096410344,-0.9978972221918812,0.027944111776447178,-0.02395209580838331,-0.16367265469061865
2025-01-31,EVLN,50.3481,1,0.32487199939035794,-0.9971926811320462,-0.0005581144074950917,-0.00016087995376190545,-0.0061193967597585885
2025-01-31,EVSM,49.955,1,0.3254578391427667,-0.9961348986572746,0.002502252026824081,0.0027024321889701497,0.004303873486137588
2025-01-31,JBLU,6.58,1,0.3376096125803919,-0.9952661848048003,0.013677811550151908,0.03039513677811545,-0.01823708206686936
2025-01-31,MSIF,16.28,1,0.3548160047606954,-0.04846888229082111,0.03746928746928746,0.05343980343980337,0.042383292383292304
2025-01-31,PJBF,61.7225,1,0.3216726422758052,-0.9982377242223663,0.015725221758678076,0.03027259103244373,-0.056261492972578875
2025-02-03,CSHP,100.3557,1,0.31168768313694784,-0.49123018059781154,0.0009396576377824761,0.0014887046774623158,0.00014249315185899114
2025-02-03,FGMCU,9.83,1,0.3031188839695842,-0.874267031687156,0.0020345879959307034,-0.0010172939979653517,-0.005696846388606458
2025-02-03,MYCF,24.9426,1,0.4791730223950514,-0.036727062764788265,0.0008980619502378939,0.002301283747484284,0.002702204260983221
2025-02-03,VRNS,45.9,1,0.29297683103534045,-0.9978839188924876,-0.06274509803921557,-0.036601307189542465,-0.0936819172113289
2025-02-04,AAVM,25.975,1,0.3431050930259355,-0.04766966715961414,0.002309913378248263,0.00523195380173247,-0.03965351299326281
2025-02-04,BCLO,50.41,1,0.30672472202498335,-0.03805851658429203,0.001686173378298017,-0.001289426701051366,-0.007196984725252875
2025-02-05,KFEB,25.41,1,0.3388159952346677,-0.04673654241576544,-0.013140495867768553,-0.009051554506099957,-0.055714285714285716
2025-02-05,VSTS,13.57,1,0.3073296921717482,-0.9984532345232935,0.012527634487840889,-0.008843036109064228,-0.159174649963154
2025-02-05,XIFR,9.29,1,0.36140745199989127,-0.04431831803997757,-0.08396124865446708,0.006458557588805203,-0.08611410118406881
2025-02-06,BEN,20.59,1,0.33295891474322187,-0.9972587521862704,-0.016998542982030185,-0.0029140359397765714,-0.013113161728994682
2025-02-06,BEP,22.65,1,0.34686862030063387,-0.9964556979104711,-0.01103752759381893,0.03487858719646808,-0.006181015452538463
2025-02-06,FOXY,25.195,1,0.3444403803917207,-0.04979732312250172,-0.012740623139511853,0.004159555467354581,0.038797380432625594
2025-02-07,CM,62.28,1,0.32036028389515336,-0.9971299834632333,-0.00337186897880537,-0.0200706486833655,-0.10677585099550413
2025-02-07,CSNR,24.6991,1,0.36373094833977615,-0.04719310464772848,0.008478041710021866,-0.00927564162256933,-0.029737925673405163
2025-02-07,D,54.63,1,0.3097283313077914,-0.997558666924044,0.0175727622185613,0.0410031118433094,0.03496247483067916
2025-02-07,DC,3.08,1,0.32103912585640937,-0.9990891946912396,-0.016233766233766267,0.009740259740259605,-0.038961038961038974
2025-02-07,EEMA,73.08,1,0.31120570521476065,-0.9982283798030873,0.028188286808976448,0.028188286808976448,0.008347016967706677
2025-02-07,FEBU,25.18,1,0.3368503339984119,-0.03699259317302314,0.00966640190627488,-0.005957108816521006,-0.045274027005559936
2025-02-07,FEBW,31.22,1,0.3057060909011859,-0.9969310581557614,0.006085842408712461,-0.0024151185137731845,-0.02978859705317105
2025-02-07,IAC,41.6,1,0.2858379666159991,-0.9999648523770303,0.13028846153846163,0.11153846153846159,0.05673076923076925
2025-02-07,JXX,25.1256,1,0.3417086682744932,-0.046633753494029775,0.020158722577769295,-0.0321783360397363,-0.11643901041169169
2025-02-07,LPL,3.23,1,0.32522724225689714,-0.9978341458881125,0.049535603715170407,0.07430340557275539,-0.021671826625386914
2025-02-07,SHEL,65.89,1,0.3102076058193894,-0.9993643531417308,0.018819244194870244,0.015176809834572813,0.013659128851115643
2025-02-07,SUPN,38.4,1,0.3119715045450033,-0.9968306492411079,0.018489583333333393,-0.1489583333333333,-0.14479166666666654
2025-02-10,BSJT,21.5997,1,0.3275900047348448,-0.9962875620279388,0.0011713125645265166,-0.0018379884905809218,-0.013875192711009787
2025-02-10,CBTJ,25.0405,1,0.3562581853578561,-0.03622637997414872,-0.019188913959385934,-0.044348155987300686,-0.06751063277490466
2025-02-10,CBXJ,25.0505,1,0.340487887986367,-0.03616103135861025,-0.012371010558671403,-0.026167142372407692,-0.03851420131334704
2025-02-10,JRSH,3.65,1,0.3232690994072794,-0.9982833143725284,0.03287671232876721,-0.008219178082191747,-0.019178082191780743
2025-02-10,JSPR,5.98,1,0.28782559152074394,-0.9992214644193366,0.0016722408026754731,-0.07023411371237476,-0.10535117056856202
2025-02-10,MNSO,23.24,1,0.3121579749215462,-0.9987789105445657,-0.043459552495696996,-0.11015490533562822,-0.14285714285714268
2025-02-10,PLUT,4.01,1,0.33245706346331416,-0.03691262449182596,0.012468827930174564,0.025785536159601108,-0.24189526184538646
2025-02-10,QBF,25.41,1,0.36449913419230046,-0.04877852216448672,-0.03079102715466353,-0.08497048406139307,-0.1223927587563951
2025-02-11,RCI,27.39,1,0.32163923179174003,-0.9997327430955898,0.025191675794085322,0.030303030303030276,0.02117561153705716
2025-02-11,WRD,15.9,1,0.30115539562917465,-0.9977673638330925,1.1389937106918238,0.4679245283018867,0.042767295597484045
2025-02-12,HIMU,49.8499,1,0.31838482063503765,-0.04879472423032205,0.0032979002966906368,0.016451387063966205,-0.0026058226796843442
2025-02-12,JFIN,9.93,1,0.31576567390544397,-0.9986592607644479,0.04431017119838865,-0.012084592145015005,-0.010070493454179208
2025-02-12,RFM,15.51,1,0.34122055055764455,-0.9962911965160874,0.011605415860735047,-0.0006447453255963298,-0.026434558349451964
2025-02-12,VREX,13.44,1,0.34136554901534305,-0.9990536379934329,-0.043898809523809534,-0.043898809523809534,-0.0691964285714286
2025-02-13,ELM,25.191,1,0.33376295384911847,-0.04704127191715082,-0.004731848676114425,-0.013056250248104417,-0.015521416378865394
2025-02-13,PAL,11.06,1,0.33529153609543894,-0.9945751097066132,-0.03345388788426773,-0.054249547920434016,-0.11211573236889694
2025-02-13,PBFB,28.0491,1,0.30615809493012464,-0.9970259956898773,-0.005807672973464406,-0.008756074169937733,-0.02945905572727825
2025-02-13,SCCR,25.115,1,0.32292984148692616,-0.03889246711235685,0.006107903643241208,0.018415289667529366,0.012741389607804132
2025-02-13,TMB,25.05,1,0.30605895836535996,-0.038480099589959724,0.004495009980040043,0.012534930139720624,0.008982035928143617
2025-02-13,TPLS,25.015,1,0.3457397917009011,-0.03689698700834847,0.007107735358784728,0.017237657405556606,0.011593044173495937
2025-02-14,AMDD,24.5712,1,0.2950729410567176,-0.049577214328138344,0.04625740704564674,0.14859266132708204,0.07167741095265989
2025-02-14,DAO,10.27,1,0.30724007877513365,-0.9978066148840989,-0.057448880233690325,-0.14313534566699115,-0.14216163583252184
2025-02-14,VSAT,9.17,1,0.2959357672963125,-0.9999428376036698,-0.009269356597600753,-0.08942202835332613,0.0992366412213741
2025-02-18,BCHI,25.53,1,0.3610022242103657,-0.04888101119813147,-0.02541323932628281,-0.05110458284371333,-0.03447316882099505
2025-02-18,DCOM,31.75,1,0.3126278829955627,-0.9974420647555672,-0.0343307086614173,-0.07370078740157482,-0.111496062992126
2025-02-18,FGMC,9.59,1,0.31969114298753554,-0.8267996094555375,1.0427528675638342e-05,-0.0031282586027110426,-0.002085505735140769
2025-02-18,JFLI,49.7042,1,0.31901910913552833,-0.0482156894669631,-0.00945996515385017,-0.02512262545217503,-0.036143826879821095
2025-02-18,KBE,59.05,1,0.29944774263319646,-0.9993169142027094,-0.04674005080440302,-0.07620660457239625,-0.10076206604572391
2025-02-18,LPAAU,10.22,1,0.32003294426484,-0.07868548254853794,0.003913894324853118,0.008806262230919737,0.03718199608610551
2025-02-18,LTTI,20.0522,1,0.3817773548090869,-0.04408510546621083,0.03163742631731181,0.03503854938610229,0.028929494020606406
2025-02-18,NBTB,48.22,1,0.3006748356725079,-0.9997586195241286,-0.016798009124844526,-0.0603484031522189,-0.1003732890916631
2025-02-18,RWTN,24.93,1,0.38861825040815706,-0.9962451039089317,-0.00039711191335733975,-0.0020056157240273542,-0.015238668271159161
2025-02-18,UCB,33.55,1,0.3082648410702144,-0.9996290561988043,-0.06467958271236951,-0.0923994038748136,-0.146348733233979
2025-02-18,WTID,17.1816,1,0.30639739196213156,-0.9985000096330187,0.03772640499138613,0.15225590166224334,-0.02091772593937702
2025-02-19,CRSR,12.51,1,0.35573025330295577,-0.9976286548989481,-0.0383693045563549,-0.0839328537170263,-0.17905675459632298
2025-02-19,FAX,15.77,1,0.43818010610347574,-0.9997633518802478,-0.0012682308180088642,0.0019023462270133518,0.01965757767913745
2025-02-19,IWL,151.73,1,0.29672304354925005,-0.9989416045315874,-0.03282145917089563,-0.051341198180979375,-0.08310815263955706
2025-02-19,LGCF,32.2577,1,0.33519730741967635,-0.04806360380270014,-0.027348509038152113,-0.04270298254370275,-0.03493739479256108
2025-02-19,NXXT,2.74,1,0.38662105738003527,-0.04982897809118827,0.13503649635036474,-0.04379562043795626,0.029197080291970767
2025-02-19,PMTV,25.53,1,0.3090339184513177,-0.04751419568927197,0.0027418723070897766,-0.004308656482569506,-0.00039169604387001566
2025-02-20,AFSC,28.9568,1,0.33665968565091087,-0.04936225056518882,-0.0551752956127749,-0.08671192949497175,-0.09209581169189973
2025-02-20,ENB,41.98,1,0.35614022989160504,-0.9939772641748859,-0.005955216769890415,-0.009051929490233368,0.05359695092901373
2025-02-20,GECCH,25.0,1,0.3399266808110721,-0.9712671573895418,0.004004000000000119,0.0031999999999998696,0.0
2025-02-20,KBWP,113.42,1,0.3032337787329527,-0.9986225185827757,0.04293775348263096,0.04743431493563732,0.07388467642391117
2025-02-20,PJP,86.8712,1,0.3164582464687387,-0.9979618798420216,-0.02022189172015576,-0.010152962086399264,-0.01246673235778939
2025-02-20,PMMF,100.27,1,0.3379272938867048,-0.03714416950919021,0.00024932681759248787,-0.00134636481499939,9.973072703695074e-05
2025-02-20,TDACW,0.19,1,0.31688215773442163,-0.9971913683186373,0.13157894736842102,0.010526315789473717,-0.10473684210526313
2025-02-20,TGB,2.24,1,0.3063238832174328,-0.9981105355002492,-0.06696428571428592,-0.0625,0.10714285714285698
2025-02-20,THW,12.05,1,0.36730206598945037,-0.9945905938514837,-0.009958506224066466,-0.003319502074688896,-0.014107883817427336
2025-02-20,TIC,12.75,1,0.35410041538972925,-0.04647736162048724,0.018039215686274535,-0.05882352941176472,-0.08078431372549011
2025-02-20,UDMY,9.8,1,0.32085209419477345,-0.9995961982634534,-0.020408163265306256,-0.044897959183673564,-0.13163265306122462
2025-02-21,ABLS,23.8589,1,0.3421883649556158,-0.04929612547098423,-0.02149302775903328,-0.059910557485885696,-0.06646157199200298
2025-02-21,AMTM,20.0,1,0.31657544141181715,-0.9988412730396617,-0.018000000000000016,-0.000500000000000056,-0.08399999999999996
2025-02-21,ESP,28.15,1,0.30332302234968145,-0.9999092998508001,-0.04724689165186491,-0.07637655417406741,-0.0522202486678508
2025-02-21,NNNN,5.77,1,0.2915305005036302,-0.04956569044508448,0.15944540727902967,0.20103986135181984,0.3102253032928943
2025-02-21,PULM,8.92,1,0.30656744221125365,-0.9987952445365873,-0.09417040358744388,-0.19730941704035876,-0.16255605381165916
2025-02-24,FGM,43.5509,1,0.3179246716159934,-0.9985972301014348,0.03396255875309118,0.08539662785384472,0.1007809253080878
2025-02-24,PIPE,24.431,1,0.3665908786948643,-0.04572720253304456,0.007502762883222047,-0.030637305063239362,0.04571241455527808
2025-02-24,TCPB,50.475,1,0.35500305463641013,-0.034571364565674154,0.010321941555225367,0.006888558692421887,0.003368003962357591
2025-02-25,COCO,38.16,1,0.30811670478214404,-0.9976443649844995,-0.12578616352201255,-0.07416142557651983,-0.07101677148846941
2025-02-25,DLTH,2.79,1,0.30482434096583694,-0.9965297650891305,-0.08243727598566308,0.06093189964157708,-0.31182795698924737
2025-02-25,LUNG,8.68,1,0.30487503027663654,-0.999746892236139,-0.0011520737327188613,-0.1589861751152074,-0.2073732718894009
2025-02-25,OXLCZ,24.0899,1,0.3050724284651145,-0.9973689155947784,-0.0008260723373696433,-0.0004109606100483054,-0.009958530338440519
2025-02-25,TSPX,23.8982,1,0.34461815350280095,-0.04671215844348224,0.008025709049217067,-0.007674218141952016,0.00865337138361899
2025-02-26,AACG,0.8921,1,0.304293860153262,-0.9982587111457937,-0.07588835332361843,0.10962896536262745,0.10974106041923548
2025-02-26,HTB,36.54,1,0.33419382489805516,-0.046336038875474585,-0.03503010399562123,-0.07772304324028456,-0.05747126436781613
2025-02-26,MD,15.0,1,0.32046043139302843,-0.9999190633341866,-0.02733333333333332,-0.07199999999999995,-0.01733333333333331
2025-02-26,NU,11.48,1,0.345594628020769,-0.9945864114505367,-0.05313588850174222,-0.05139372822299648,-0.04878048780487809
2025-02-26,QMFE,19.8146,1,0.3089632857937174,-0.04773300769875377,-0.011143298375944855,-0.03606431621127837,-0.024456713736335844
2025-02-26,WKC,30.11,1,0.33998492709511474,-0.9975325296698484,-0.05878445699103285,-0.07871139156426443,-0.047824642975755505
2025-02-27,ARMK,36.46,1,0.3040682307220257,-0.9978176787439522,-0.025233132199670938,-0.055677454744926025,-0.05759736697750961
2025-02-27,GJO,24.8,1,0.3450212264012149,-0.9962802972988166,0.006048387096774244,-0.0040322580645162365,-0.0002016129032257341
2025-02-27,PLMKU,10.06,1,0.3032985491013948,-0.037968977941623065,0.004970178926441138,0.005964214711729587,0.012922465208747402
2025-02-27,SAIHW,0.219,1,0.46144094362178506,-0.038823584202998675,-0.5429223744292238,-0.5040867579908677,-0.6137031963470321
2025-02-27,YOKE,24.5469,1,0.33495320832098713,-0.036491546336896,-0.014291010270135907,-0.048551955644093536,-0.02041805686257736
2025-02-28,CPSY,23.6581,1,0.2959215299304307,-0.03841454903086153,-0.005499173644544664,-0.011061750520963254,-0.011835269949826976
2025-02-28,FEBM,28.7539,1,0.30052445016249024,-0.03822221359721302,-0.004528081408087359,-0.008134548704697542,-0.010047332709649859
2025-02-28,HYEM,19.9,1,0.31396140326927124,-0.9970580809788376,-0.007537688442211032,-0.009547738693467256,-0.012060301507537563
2025-02-28,LDRI,25.3777,1,0.5780778815856727,-0.0300281473278491,-0.0020766263294152987,-0.0016825795875906602,0.006789425361636292
2025-02-28,NHICU,10.02,1,0.3049169554105555,-0.9963923086604759,0.0009980039920158834,0.0029940119760480943,0.0029940119760480943
2025-02-28,PMJA,25.2115,1,0.30095881884985576,-0.038118447122252125,-0.005406263014894108,-0.010987049560716389,-0.012240445828292756
2025-02-28,TAVIU,11.39,1,0.34174257870714514,-0.07206879740278735,-0.10535557506584736,-0.1009657594381036,-0.10623353819139603
2025-02-28,XBIL,50.2,1,0.5023770402439992,-0.9975274056825915,-0.0026892430278885326,-0.0020916334661355007,-0.0005976095617530319
2025-02-28,XFEB,32.95,1,0.30729646389203175,-0.9991394453890613,-0.014264036418816572,-0.021311077389984945,-0.024731411229135136
2025-02-28,ZFEB,23.93,1,0.2995431924312992,-0.038498698167305126,-0.006000835770998747,-0.0117300459674049,-0.013564563309653166
2025-03-03,AIV,9.08,1,0.3090946541509171,-0.997702240756756,-0.04625550660792954,-0.03524229074889873,-0.03083700440528625
2025-03-03,GMMF,100.085,1,0.32787479302882067,-0.03744758591501096,0.0006994055053206605,0.0015986411550183988,0.0030973672378478145
2025-03-03,NFJ,12.64,1,0.3374642620967964,-0.9975522387994205,-0.019778481012658222,-0.041930379746835555,-0.04034810126582278
2025-03-03,PRCH,6.92,1,0.309711485637026,-0.9996155194339236,-0.16112716763005785,-0.09104046242774566,0.053468208092485536
2025-03-03,SHYM,23.0326,1,0.30015446782037375,-0.03912737411835007,-0.0018495523735921893,-0.012269565745942623,-0.015742903536726027
2025-03-03,SYFI,35.92,1,0.3399530297109873,-0.9961766629895454,-0.004732739420935439,-0.006403118040089195,-0.010579064587973308
2025-03-03,WETO,3.8,1,0.30413574588575676,-0.04827874691421832,-0.03947368421052633,0.013157894736842257,0.023684210526315974
2025-03-04,ARKO,4.08,1,0.3588467167059352,-0.9981798961770285,-0.05882352941176472,-0.06127450980392157,-0.01225490196078427
2025-03-04,FUSI,50.6225,1,0.4750383705361536,-0.9995550031386115,0.0003456960837571188,0.000543236703046901,-0.006568225591387256
2025-03-04,JRS,8.74,1,0.31855895063112616,-0.9961677895002323,-0.04919908466819223,-0.06178489702517176,-0.05720823798627006
2025-03-04,LGDX,19.7437,1,0.33378532936405714,-0.04749473279977627,-0.038543940598773196,-0.03310929562341414,-0.026884525190313813
2025-03-04,PBMR,27.7284,1,0.3044510451822919,-0.9992622415909502,-0.014818741795415535,-0.011122170770762052,-0.008348840899583099
2025-03-04,SMDX,19.3913,1,0.36256845754588907,-0.04818928060012559,-0.02741435592250141,-0.015022200677623498,-0.008318163300036652
2025-03-05,ENIC,3.44,1,0.3054825389236726,-0.9978260381208599,-0.029069767441860517,0.0029069767441860517,-0.026162790697674354
2025-03-05,KMAR,25.2072,1,0.32197280975497294,-0.048652113034215086,-0.01674918277317594,-0.00211844234980485,-0.009699609635342221
2025-03-05,LUD,4.12,1,0.3039259179017501,-0.040594936394518916,0.016990291262136026,0.14563106796116498,-0.05339805825242727
2025-03-05,MARU,24.6671,1,0.3456568799038262,-0.04809729216761038,-0.02565765736547887,-0.017768606767718964,-0.017488881952073765
2025-03-05,NMAR,26.22,1,0.3027257096924338,-0.04856557285609189,-0.027116704805491887,-0.021376811594202794,-0.026697177726926036
2025-03-05,PBA,37.71,1,0.34800218889412243,-0.9945448262979585,0.02704852824184556,0.046406788650225295,0.0840625828692656
2025-03-05,POLEU,10.17,1,0.33442138959707485,-0.21616217600158083,0.002949852507374562,0.019665683382497523,0.032448377581120846
2025-03-05,WMB,56.22,1,0.34194056860489735,-0.9956072198483753,0.0014229811454997687,0.05514051938811804,0.095695482034863
2025-03-05,ZMAR,25.95,1,0.2997448044162194,-0.04834556283587145,-0.010019267822735989,-0.006747591522157981,-0.0038535645472060898
2025-03-05,ZSEP,25.185,1,0.47048935489996996,-0.1592454705316944,-0.01059360730593606,-0.007587849910661082,-0.006690490371252689
2025-03-06,BAMY,26.49,1,0.30267456569726114,-0.9983914711125093,-0.011287278218195529,-0.006753491883729645,-0.020007550018874998
2025-03-06,CPNM,24.3308,1,0.2958205682527914,-0.038603968105105205,-0.006193795518437573,-0.0028934519210218612,-0.008252914002005673
2025-03-06,CPSF,23.9804,1,0.29559580439727967,-0.03868469971930024,-0.008273423295691473,-0.004203432803456142,-0.010454371069706814
2025-03-06,IBD,23.82,1,0.3194612115574329,-0.9982512999916575,-0.007976490344248632,0.0008396305625524292,0.0016792611251048584
2025-03-06,IVOL,18.34,1,0.3161408191438252,-0.9972763331408525,0.0070883315158123406,0.0021810250817884125,0.0441657579062158
2025-03-06,NABL,7.46,1,0.3421875995628058,-0.9967166707328755,0.05093833780160861,0.02144772117962468,-0.04825737265415553
2025-03-06,RC,5.0,1,0.31740158509967414,-0.99729521362773,0.01200000000000001,0.016000000000000014,-0.026000000000000023
2025-03-06,RDGT,1.02,1,0.30448925488679185,-0.04869110308803385,-0.06862745098039225,-0.12490196078431381,0.0490196078431373
2025-03-06,TAYD,32.0,1,0.29711463488305734,-0.9980882010217257,-0.043749999999999956,0.008437500000000098,0.0
2025-03-06,TE,1.38,1,0.3145929172261457,-0.03828675371333058,0.007246376811594235,0.13768115942029002,-0.20289855072463758
2025-03-07,MASS,2.76,1,0.3081528806047086,-0.9973815438939408,0.48913043478260887,0.6413043478260871,0.3804347826086958
2025-03-07,OMAH,19.9081,1,0.3228757345932974,-0.0491367983366394,-0.016983037055269046,-0.0037120569014622573,-0.09992917455708983
2025-03-07,TLCI,24.9171,1,0.3395683959056801,-0.04676173665515962,-0.007910230323753709,-0.012734226695723105,-0.08311159805916424
2025-03-10,ALLW,24.7,1,0.3298572438871644,-0.04662193157222845,0.016599190283400844,0.01538461538461533,-0.04777327935222675
2025-03-10,CTVA,60.24,1,0.31491123973860824,-0.9971602800827336,0.022244355909694535,0.030378486055776754,-0.07752324037184599
2025-03-10,EBUF,26.21,1,0.313019587725466,-0.9957464160476784,0.0074780618084699935,0.00920640976726439,-0.04365890881343004
2025-03-10,EHC,99.11,1,0.300280469052818,-0.9987902574445764,-0.013722126929674117,0.00857632933104635,-0.024215518111189605
2025-03-10,EVNT,10.72,1,0.45034757656245994,-0.9986037930674658,0.014244402985074567,0.020055970149253755,-0.023740671641791056
2025-03-10,NN,10.18,1,0.34613694735090467,-0.9939490984646885,0.11787819253438125,0.25343811394891946,0.20726915520628686
2025-03-10,OCTJ,23.8997,1,0.29992069429296553,-0.627346483099016,0.004619304844830863,0.01169052331200815,-0.04300053975572915
2025-03-10,SPBU,24.3744,1,0.3558338617101893,-0.04915151632474103,0.006794013391098863,0.015901929893658906,-0.05659216226860975
2025-03-10,SURG,1.21,1,0.308985883945861,-0.9977990465955843,0.0,0.08264462809917372,0.9338842975206612
2025-03-10,SWIM,7.05,1,0.3170057512089232,-0.998812167402352,-0.04680851063829783,-0.05390070921985812,-0.2539007092198582
2025-03-11,CELZ,3.82,1,0.29293344412822087,-0.9999928425137494,-0.2172774869109947,-0.4240837696335078,-0.4869109947643979
2025-03-11,GVAL,24.1124,1,0.33745679659613803,-0.9986773932272377,0.047179044806821446,0.03556676232975553,-0.07972661369253997
2025-03-11,LQTI,20.3706,1,0.3085851396858966,-0.03842099761870088,0.004177589270811799,0.004319951302367286,-0.030465474752830013
2025-03-11,MCRP,2.91,1,0.33178055647113286,-0.048683177319969156,0.2520618556701031,0.10652920962199319,-0.2405498281786942
2025-03-11,NFLY,16.08,1,0.40356950146692816,-0.9980604113062022,0.034825870646766344,0.09825870646766188,-0.05472636815920395
2025-03-11,PN,3.74,1,0.31163472953910426,-0.039324180556539065,0.005695187165775328,-0.010695187165775444,-0.18655080213903752
2025-03-12,IROC,51.2148,1,0.3237933307995441,-0.12124971592712784,0.001171536352773117,-0.008591266587002155,-0.025748416473363123
2025-03-12,SAGT,3.25,1,0.31488226109851764,-0.038508070250596764,-0.039999999999999925,-0.012307692307692353,-0.2153846153846154
2025-03-12,TJUL,27.8586,1,0.29928041464529803,-0.9975735710661303,0.006163267357297331,0.00794727660399297,-0.0035393020467646696
2025-03-13,DABS,50.165,1,0.3480570250912274,-0.03565242429307369,-0.0012957241104355477,-0.0015947373666899134,-0.005778929532542554
2025-03-13,DFE,60.6129,1,0.31368464931114187,-0.9999639491859844,0.03478962399093266,0.021894679185453736,-0.041652849475936726
2025-03-13,EPOW,0.87,1,0.30334482670084606,-0.9990525895753066,0.07965517241379305,0.14942528735632177,0.034482758620689724
2025-03-13,IEUS,57.68,1,0.3054570734784432,-0.9999095990329432,0.03242024965325929,0.01282940360610274,-0.0530513176144245
2025-03-13,IEV,58.69,1,0.3227447439875499,-0.9996221650434965,0.022661441472141775,0.005111603339580828,-0.06287272107684438
2025-03-13,JHI,13.48,1,0.30308174224911105,-0.9991085742125412,0.004451038575667532,0.008160237388723957,-0.07010385756676563
2025-03-13,MBINL,25.26,1,0.3189396351727715,-0.5780790884484088,-0.005146476642913789,-0.005146476642913789,-0.04869358669833734
2025-03-13,MXI,82.4599,1,0.30812536054568923,-0.9971952281064396,0.021070847769643075,0.007883832020169734,-0.07821862505290444
2025-03-13,RMI,15.4138,1,0.3188596886929855,-0.9964562840777601,-0.022304688006851037,-0.02619730371485296,-0.0969066680507078
2025-03-14,BVS,9.61,1,0.3314879039346808,-0.9978774852934471,0.0041623309053071544,-0.060353798126951075,-0.2216441207075962
2025-03-14,DTSQU,10.33,1,0.3154744270931084,-0.07111269284183183,0.05227492739593398,,
2025-03-14,SWKHL,24.7805,1,0.342051218435053,-0.9958434729573122,0.010068400556889623,0.006840055688948965,0.009866629002643235
2025-03-14,VSHY,21.7903,1,0.3029976849078251,-0.9965272566074114,-0.0052913452315938025,-0.006695639803031561,-0.030761393831200023
2025-03-17,CIMN,25.0,1,0.31648842172170544,-0.9981357785127171,0.0023999999999999577,-0.0008400000000000629,-0.022600000000000064
2025-03-17,ECCU,24.7,1,0.4154932123361668,-0.2944338675496726,-0.0072874493927125306,-0.004858299595141724,-0.031983805668016174
2025-03-18,SPUT,25.2476,1,0.3132671993184203,-0.04829340257216652,0.012924000697095872,-0.004808377826011068,-0.04413488806856891
2025-03-19,FLHY,23.98,1,0.30653074141714726,-0.9961226613754139,-0.0033361134278566684,-0.007923269391159393,-0.028773978315262738
2025-03-19,NWTG,2.24,1,0.3415472497588802,-0.048187745462526896,-0.1830357142857143,-0.2321428571428572,-0.1830357142857143
2025-03-19,UCIB,26.7351,1,0.3287045528861432,-0.9955740318315897,-0.005427322134572088,0.018810477611828746,-0.013977879267330184
2025-03-20,INLF,2.29,1,0.2883050521273357,-0.9999387555592208,-0.3013100436681222,-0.3013100436681222,-0.44978165938864634
2025-03-20,LMUB,50.465,1,0.32618152712193793,-0.0463669651747588,-0.0193203210145646,-0.0015852571088874612,-0.031705142177747
2025-03-20,NVG,12.39,1,0.31725934028545866,-0.9964329030466639,-0.015334947538337418,0.004842615012106366,-0.06376109765940285
2025-03-21,HBTC,24.8259,1,0.32869260272426887,-0.0467602040452933,-0.006251535694577037,-0.00495047510865676,0.01927825375917891
2025-03-21,IMF,49.9769,1,0.3359107401369062,-0.045964029470800256,-0.011523323775584293,-0.06479993757115787,-0.11715012335699082
2025-03-21,KEN,32.12,1,0.30542987121571774,-0.9976620743221263,-0.014632627646326224,-0.044520547945205324,-0.11892901618929008
2025-03-21,KLRS,11.0,1,0.334189545858902,-0.04776565512017644,-0.21818181818181825,-0.3563636363636363,-0.39909090909090905
2025-03-21,MIGI,11.8,1,0.28709376487528077,-0.9990751435016717,-0.14406779661016955,-0.30508474576271194,-0.33305084745762714
2025-03-21,NAGE,7.75,1,0.33077476986691456,-0.04663350036046156,-0.12645161290322582,-0.2238709677419355,-0.1574193548387096
2025-03-21,TAXM,49.74,1,0.318772902839519,-0.03669436352723216,-0.0032669883393646737,0.0021029352633694653,-0.022310012062726203
2025-03-21,TBLL,105.81,1,0.5203670789765991,-0.9992519095966974,-0.0027407617427465114,-0.001606653435403116,-0.0034968339476419974
2025-03-21,WHWK,2.05,1,0.31969461790344134,-0.04655649555447122,-0.06829268292682922,-0.19024390243902434,-0.24390243902439013
2025-03-24,FMTM,25.4949,1,0.3579713927514605,-0.048766846803727906,0.0003216329540416396,-0.07843921725521574,-0.03466967903384599
2025-03-24,PBTP,25.8,1,0.2921372841447964,-0.9993694823099281,0.006290697674418588,0.005298449612403111,0.007945736434108452
2025-03-24,TXXI,49.85,1,0.32208695209819455,-0.03725047539753736,-0.0010651955867603258,-0.011576730190571705,-0.017017051153460416
2025-03-24,VYLD,25.3764,1,0.31069226774268505,-0.04901942703809229,-0.021673681057990946,-0.10397061836982391,-0.10315095915890349
2025-03-25,BKT,11.74,1,0.30766789374794984,-0.9965482557246852,0.01192504258943794,-0.034923339011925014,-0.02470187393526413
2025-03-25,CNXC,45.18,1,0.2888543420834841,-0.9997881786772984,0.19588313413014613,0.012173528109783005,0.06485170429393539
2025-03-25,CSPF,25.135,1,0.31410936151775765,-0.07678750987810247,-0.00457529341555607,-0.02574099860751944,-0.012031032424905552
2025-03-25,YRD,6.75,1,0.3172254128546408,-0.9966332519296581,0.07111111111111112,-0.202962962962963,-0.0637037037037037
2025-03-25,ZTO,19.82,1,0.3151604266106349,-0.9957457868564252,0.0005045408678101548,-0.16700302724520677,-0.040867810292633644
2025-03-26,BGM,11.63,1,0.3190803022637204,-0.997940588259607,-0.048151332760103194,-0.06835769561478933,-0.009458297506448887
2025-03-26,FLD,7.35,1,0.32091255320963963,-0.9948564133525262,-0.22176870748299315,-0.41768707482993195,-0.46122448979591835
2025-03-26,USSH,50.44,1,0.31039268394275493,-0.9969714663482662,0.0026764472640763426,0.003711340206185687,0.006740681998413933
2025-03-27,AIVL,110.4516,1,0.31663263772593675,-0.9962883730499298,-0.03874547765718195,-0.0888633573438502,-0.05004907126741487
2025-03-27,BLBD,33.96,1,0.30391204455957055,-0.9992558277156405,-0.060070671378091856,-0.009128386336866967,0.05388692579505294
2025-03-27,CTS,43.04,1,0.3046451014560965,-0.9996678247364648,-0.13150557620817838,-0.13684944237918217,-0.06830855018587356
2025-03-27,EQBK,40.38,1,0.3337962948615002,-0.9970624011729033,-0.0894006934125805,-0.1324913323427439,-0.05547300643883113
2025-03-27,FORM,29.72,1,0.30225899647939025,-0.9982841370656067,-0.15040376850605652,-0.11742934051144005,-0.04643337819650062
2025-03-27,GAP,21.23,1,0.32107975624886653,-0.9977546458309047,-0.15967969853980224,-0.10504003768252479,-0.01036269430051806
2025-03-27,JAKK,25.48,1,0.30440795536945536,-0.9994035295101968,-0.16169544740973318,-0.2676609105180534,-0.21664050235478804
2025-03-27,MARA,13.64,1,0.2937749046322886,-0.9995910585837572,-0.1766862170087976,-0.13929618768328444,0.048387096774193505
2025-03-27,SCSC,35.44,1,0.3085837635883879,-0.997200924975404,-0.10863431151241532,-0.12443566591422117,-0.0699774266365688
2025-03-27,VTS,24.71,1,0.344905956336101,-0.9944604392615637,-0.030352084176446747,-0.2011331444759208,-0.13840550384459738
2025-03-28,ELIS,25.9697,1,0.3130695392338896,-0.04713110185810523,0.10666276468345792,0.11399053512362478,-0.09124864746223471
2025-03-28,IBCA,25.1863,1,0.32113518080874154,-0.04715558572359958,0.005502991705808258,-0.027395846154456893,0.0013658218952368184
2025-03-28,IBGB,25.1387,1,0.3756875878182155,-0.044839922623839464,0.028629165390414046,-0.03314809437242183,-0.004841141347802447
2025-03-28,IBGL,25.0839,1,0.38333755473108344,-0.04506741811654567,0.03635399598945943,-0.03075279362459582,-0.003966687795757373
2025-03-28,IBIL,25.16,1,0.30692987838822305,-0.04813197868212386,0.007519872813990469,-0.025834658187599335,0.0003974562798092496
2025-03-28,IBTQ,25.1205,1,0.31508844640705425,-0.047939289932560775,0.021675523974443056,-0.013952747755817008,0.007069922971278508
2025-03-28,TMAR,19.6902,1,0.3126525156861112,-0.040480477688766975,-0.050334684259174534,-0.03759230480137332,-0.0026764583396817754
2025-03-28,WPP,38.43,1,0.2983550934923148,-0.9993902103963438,-0.0975800156128025,-0.08170699973978668,-0.020036429872495543
2025-03-31,AIRJ,4.61,1,0.30844727564166957,-0.9993692855824986,0.07375271149674623,0.11496746203904551,0.09978308026030369
2025-03-31,AMRC,12.08,1,0.29331949934263485,-0.9999366010137795,-0.16390728476821192,-0.16473509933774833,-0.10099337748344372
2025-03-31,DGXX,1.14,1,0.3289138694510657,-0.03701534335695731,-0.16491228070175434,-0.0964912280701753,0.13157894736842124
2025-03-31,DRDBU,10.22,1,0.3748337390922981,-0.07058820612591167,-0.004892367906066619,-0.0009784735812132794,0.02739726027397249
2025-03-31,GLCR,24.0425,1,0.4713363438606699,-0.04801609619670054,-0.09945305188728304,-0.04064469169179574,-0.018404907975460127
2025-03-31,JULH,24.8239,1,0.3023676425103148,-0.9997106829982372,-0.03872880570740289,-0.009615733224835665,0.0036779071781629646
2025-03-31,NCLO,25.08,1,0.6396604613529366,-0.025661763448035703,-0.018345295055821276,-0.019186602870813307,-0.004186602870813294
2025-03-31,OSRH,1.88,1,0.3124091720224822,-0.9983674163179425,-0.18617021276595735,-0.15957446808510634,-0.27127659574468077
2025-03-31,RSMR,20.1581,1,0.3320240487040653,-0.0373490419082489,-0.06915334282496877,-0.0343832007976943,-0.018012610315456312
2025-03-31,TCAL,25.2617,1,0.34471292663439973,-0.047302319964541956,-0.061820859245419024,-0.013526405586322343,-0.023026953847128273
2025-03-31,THEQ,24.798,1,0.35119444110818165,-0.049374858846002595,-0.06532784902008215,-0.02759899991934822,-0.007839341882409756
2025-03-31,WFF,4.0,1,0.2965286955413853,-0.04854200031874701,-0.15000000000000002,-0.097325,-0.08750000000000002
2025-04-01,BINC,52.21,1,0.3206174833011639,-0.9960715008458836,-0.018770350507565703,-0.014748132541658743,0.0003830683777052979
2025-04-01,FRD,14.39,1,0.3368511400184715,-0.9990518975539006,-0.047255038220986756,0.11813759555246683,0.19596942321056288
2025-04-01,ISMF,25.305,1,0.4621828821511125,-0.048637350962666824,-0.033483501284331196,-0.03319502074688796,-0.028650464335111647
2025-04-02,DBD,44.74,1,0.2919544101389025,-0.9993261737806673,-0.07443004023245425,-0.06012516763522591,0.014081358962896529
2025-04-02,EEMA,74.17,1,0.3098633260255184,-0.9971254257753974,-0.06323311311851154,-0.05635701766212764,-0.008224349467439662
2025-04-02,HWSM,24.969,1,0.33067934648980224,-0.04772159843118311,-0.08268653129881065,-0.11461011654451525,-0.07492891185069495
2025-04-02,IBID,25.985,1,0.3066202833871377,-0.8659249527651878,0.0017048297094477416,0.0015393496247835259,0.008658841639407333
2025-04-02,OACC,10.25,1,0.3001900927319601,-0.038252825919401226,-0.014634146341463428,-0.01719024390243895,0.01658536585365855
2025-04-02,RZC,25.49,1,0.3336741302687665,-0.9972376735120976,-0.009807767752059604,-0.011769321302471436,0.010984699882306881
2025-04-02,SMBC,51.91,1,0.3004371199711221,-0.9990554312908301,-0.040261991909073314,-0.05413215180119424,0.014640724330572175
2025-04-02,TQQY,20.09,1,0.3623863125740064,-0.9335790455474325,-0.05126928820308618,-0.0741662518666002,-0.07565953210552512
2025-04-02,USAF,25.9993,1,0.309806200894277,-0.2837257185376402,-0.014396541445346633,0.006423249856726931,0.00713096121818646
2025-04-02,YSPY,21.6596,1,0.34661500990008953,-0.7497052647427418,-0.05728637647971335,-0.0686439269423259,-0.06912870043768138
2025-04-03,CFIT,24.8843,1,0.32548893230385173,-0.03765034846147128,-0.02511221935115715,-0.021672299401630735,-0.01946207046209869
2025-04-03,CPSP,24.58,1,0.2935089637348413,-0.048966008267131864,-0.003425549227013769,-0.0020382424735556626,0.00954027664768109
2025-04-03,ENGS,4.6,1,0.2939029885830902,-0.0495633552529583,0.037108695652174006,0.10978260869565237,1.0
2025-04-03,FOPC,25.44,1,0.46430967303657034,-0.03802708795758523,-0.01926100628930827,-0.012578616352201255,-0.004323899371069251
2025-04-03,GLV,5.37,1,0.30110830980165393,-0.9975279730918845,-0.03910614525139666,-0.03594040968342649,0.013035381750465591
2025-04-03,MMAX,24.95,1,0.2928618120321729,-0.049313630643398845,-0.004581162324649335,-0.004200400801603221,0.00921843687374757
2025-04-03,ODV,1.56,1,0.44177870887249626,-0.9994104083398867,0.0064102564102563875,0.08333333333333326,0.04487179487179471
2025-04-03,PMAP,24.8444,1,0.29070516222088594,-0.04966683818055953,0.001018338136562047,-0.0011511648500266425,0.011902078536813132
2025-04-03,PULT,50.7,1,0.5035044231722896,-0.9973712794842001,-0.005522682445759375,-0.00356607495069039,-0.0013806706114398715
2025-04-03,SJB,16.24,1,0.3016668290024669,-0.998441670639253,0.018472906403940836,0.003694581280788256,-0.010467980295566393
2025-04-03,TAPR,24.128,1,0.2941395344773624,-0.04986660247384911,-0.003759118037135356,-0.0011604774535808327,0.015210543766578377
2025-04-03,USDU,26.75,1,0.3160787784099126,-0.9993105692061193,-0.0037383177570093906,-0.020560747663551426,-0.017570093457943914
2025-04-03,VRRM,23.31,1,0.34589397251688747,-0.9968899883866263,-0.06778206778206775,-0.0858000858000858,-0.02531102531102536
2025-04-04,BWG,7.85,1,0.3065582357556463,-0.9999105668981333,-0.036305732484076314,-0.001273885350318471,0.03439490445859872
2025-04-04,DUKZ,24.8013,1,0.3087698688000047,-0.997022779898203,-0.020748912355400773,-0.018571607133497148,-0.017236999673404307
2025-04-04,EDD,4.46,1,0.300136823755327,-0.9973153075083965,0.0022421524663676085,0.03139013452914785,0.10089686098654704
2025-04-04,FLXR,39.11,1,0.3147358137402362,-0.9972493811911268,-0.013807210432114525,-0.009204806954743017,-0.005625159805676239
2025-04-04,GDL,7.87,1,0.2995755313242044,-0.9994331731549032,0.0025921219822109265,0.008894536213468918,0.022884371029225026
2025-04-04,GLDY,19.7126,1,0.3419685765026327,-0.04913259966718268,0.018637825553199372,0.04095857471870801,-0.014082363564420719
2025-04-04,GUT,4.95,1,0.30234021233543384,-0.9989193604644174,0.06262626262626259,0.04444444444444429,0.06262626262626259
2025-04-04,HIO,3.6,1,0.2903959437988976,-0.6232718825535706,0.02499999999999991,0.03611111111111098,0.06944444444444442
2025-04-04,NEA,11.03,1,0.30542390568544003,-0.9979809806884402,-0.0380779691749773,-0.04261106074342691,-0.005439709882139487
2025-04-04,PGF,14.07,1,0.30715859507484994,-0.9982982469665362,-0.026297085998578607,-0.023454157782516027,-0.003553660270078196
2025-04-04,SJCP,24.7519,1,0.30149778018807505,-0.1557747526245402,-0.007954944872918812,-0.00023432544572343783,0.010298199330152302
2025-04-04,TEI,5.09,1,0.3032967714307988,-0.9979405377393575,-0.023575638506876273,0.009823182711198308,0.06286836935167006
2025-04-04,ZAPR,24.13,1,0.29236842207621166,-0.03924123810158767,0.00968918358889348,0.002486531288852234,0.01906340654786587
2025-04-07,CPLB,20.8948,1,0.30422660821381675,-0.2596502117096976,-0.005972777916036565,-0.0026513773761892567,0.00120604169458427
2025-04-07,EVF,5.15,1,0.2933567690011431,-0.9999871115092769,0.058252427184465994,0.0737864077669903,0.09708737864077666
2025-04-07,IBDU,22.83,1,0.3079007948400702,-0.9974809148163211,0.00043802014892690977,0.004380201489268654,0.010074463425317592
2025-04-07,MYMI,24.3,1,0.2989582348518622,-0.3759035093127447,-0.007407407407407418,-0.01049382716049374,-0.0012345679012346622
2025-04-07,NDMO,9.77,1,0.30910948966984647,-0.9981718621953336,-0.01228249744114629,-0.03377686796315249,0.02763561924257929
2025-04-07,UBND,21.77,1,0.31652040523438657,-0.997367096871727,-0.01607717041800638,-0.015617822691777694,-0.007119889756545761
2025-04-07,VSDB,74.9599,1,0.3236505778143698,-0.04894020241891024,-0.0028255107063911433,0.0002041091303484066,0.002069106282158728
2025-04-08,ACNB,38.55,1,0.3031733726279382,-0.9993630746936872,0.04020752269779515,0.08067444876783392,0.09649805447470827
2025-04-08,BHB,27.92,1,0.31198556560386453,-0.9998025548542218,0.005014326647564404,0.04548710601719197,0.05766475644699143
2025-04-08,CCBG,33.76,1,0.3364064167921413,-0.9989376254008189,0.008590047393364886,0.09004739336492884,0.0873815165876779
2025-04-08,FACTU,10.4523,1,0.3518521968612165,-0.06963357797450828,-0.02796513685982982,-0.014570955674827357,-0.014570955674827357
2025-04-08,FFAI,1.0,1,0.48598404432874054,-0.03689843467517198,0.020000000000000018,-0.10240000000000005,0.1399999999999999
2025-04-08,GIND,23.9414,1,0.46147104595142246,-0.08508146466306088,0.05528498751117317,0.0942969082843943,0.08776846800938953
2025-04-08,HNVR,19.19,1,0.34338973897626385,-0.9978336226907191,0.03908285565398639,0.1438249088066701,0.17769671704012513
2025-04-08,HTB,31.91,1,0.3643997774255204,-0.9944568811243479,0.037919147602632375,0.0943277969288625,0.09840175493575676
2025-04-08,HTH,28.21,1,0.32076308091067274,-0.9977867744646893,0.019496632399858216,0.026231832683445422,0.06309819213045009
2025-04-08,LEVI,12.42,1,0.35596849159921873,-0.9998133500638718,0.15539452495974238,0.26328502415458943,0.33252818035426746
2025-04-08,LPRE,21.6905,1,0.38543292871845164,-0.0486445457071536,0.06306447523109182,0.09172218252230246,0.13674189161153505
2025-04-08,MYCG,24.775,1,0.4300387379255412,-0.040342674805172674,0.0005045408678103769,0.001816347124117046,0.0032290615539860568
2025-04-08,NMS,11.86,1,0.31500802111748905,-0.9978671698794198,-0.026981450252951067,-0.011804384485666009,-0.01770657672849907
2025-04-08,NXJ,11.35,1,0.3059572906999863,-0.9982129975888451,0.0017621145374449032,-0.005286343612334821,0.01585903083700435
2025-04-08,OCCIN,23.605,1,0.3141550021015036,-0.9998044352179765,0.0044482101249736505,0.007574666384240647,0.025206524041516687
2025-04-08,OXLCG,24.15,1,0.35502731437390483,-0.11811342382294357,0.0017805383022775345,0.005797101449275477,0.01573084886128373
2025-04-08,PEBO,27.11,1,0.3151379158354229,-0.9996185684371784,0.014754703061600871,0.050534857985983006,0.07598672076724466
2025-04-08,PML,7.44,1,0.3098599429787219,-0.998046482145471,0.006720430107526765,0.0013440860215052641,0.04166666666666652
2025-04-08,SAY,25.38,1,0.3263141097428511,-0.9981137406303948,-0.0013553979511425895,0.002068557919621794,0.0063041765169424835
2025-04-08,SBSI,26.61,1,0.31734225605815997,-0.9985219176115603,0.02668169860954528,0.07440811724915442,0.06426155580608794
2025-04-08,SFST,30.74,1,0.31517951600348143,-0.9993934671870746,0.026675341574495803,0.09629147690305806,0.17404033832140553
2025-04-08,TRST,27.94,1,0.32027120622082295,-0.9978615859927278,0.008231925554760267,0.08804581245526122,0.11453113815318527
2025-04-08,TYLD,25.3645,1,0.30093534343016604,-0.45336911486219705,0.004159356581048268,0.003370852963787918,0.0027794752508427667
2025-04-08,UVSP,25.99,1,0.32913231708159296,-0.999529673222847,0.02462485571373607,0.09465178914967298,0.15736821854559446
2025-04-08,WTPI,28.2,1,0.3203575262170233,-0.047986131619991906,0.08421985815602828,0.08014184397163127,0.10177304964539013
2025-04-09,CBXA,25.6565,1,0.33866048162298085,-0.0470753093534539,0.008329273283573357,0.037939703389004764,0.06898446787363821
2025-04-09,CLYM,1.205,1,0.31616991400674793,-0.9976087330696658,0.04564315352697079,0.07883817427385886,-0.012448132780083054
2025-04-09,FMUB,48.7546,1,0.4671528959147761,-0.04362135461771484,0.01692968458360844,0.01282750755826112,0.014058160665865183
2025-04-09,PAMT,13.59,1,0.37246218074117543,-0.9983344316142786,0.01839587932303166,0.03679175864606332,0.23325974981604136
2025-04-09,SPMC,18.61,1,0.34451197899132946,-0.9974177346488221,-0.03277807630306284,0.02901665771090811,0.05104782375067174
2025-04-09,WIMI,6.058,1,0.3037978029074933,-0.9981161628244559,-0.2208649719379333,-0.06239683063717405,-0.3017497523935291
2025-04-10,ATIIW,0.39,1,0.2999968546308386,-0.03847709462190944,-0.3846153846153847,-0.3846153846153847,-0.3258974358974359
2025-04-10,LFT,2.33,1,0.3048397317939473,-0.9982357619620713,0.1287553648068669,0.15021459227467804,0.1373390557939913
2025-04-10,MSTI,20.345,1,0.30422164485821174,-0.7890553792111846,0.005898255099533012,0.011059228311624647,0.006881297616121884
2025-04-11,SLSN,1.76,1,0.32403202786106705,-0.0363485519994277,0.27840909090909083,0.7727272727272727,0.9318181818181817
2025-04-14,AHR,29.92,1,0.32517910925530324,-0.9999656585955525,0.008355614973261982,0.06784759358288772,0.15741978609625673
2025-04-14,BATRA,42.07,1,0.37554274248791186,-0.9913625097120653,0.016876634181126615,0.04658901830282858,0.05371999049203713
2025-04-14,BTSG,17.1,1,0.332829838077358,-0.9989479919949606,-0.05906432748538015,0.02514619883040936,0.35906432748538
2025-04-14,DGIN,38.0856,1,0.36654836326650514,-0.9994191247453106,0.053332493120759494,0.07194057596571923,0.1021961056147207
2025-04-14,ELFY,27.015,1,0.34776737441500216,-0.04838805570657663,0.0003553581343698209,0.04863964464186554,0.12733666481584294
2025-04-14,ENDW,24.6858,1,0.42489680552685005,-0.04461249622592586,-0.01389462768069094,0.037547902032747604,0.08851647505853566
2025-04-14,FWRG,17.74,1,0.32705820574218425,-0.9967472291849738,0.12063134160090194,0.03438556933483672,-0.04284103720405852
2025-04-14,HSPTU,10.25,1,0.31422625639154816,-0.07279582971041845,0.0009756097560975618,0.0009756097560975618,0.006829268292682933
2025-04-14,LGPS,3.27,1,0.3356900098485358,-0.6026691004373261,0.24464831804281362,0.23547400611620795,0.8960244648318043
2025-04-14,LQDT,29.68,1,0.31518071153586313,-0.999021449847658,0.03504043126684642,0.07917789757412397,-0.1613881401617251
2025-04-14,PCSC,10.38,1,0.30670821120166697,-0.07842788864617495,-0.0009633911368016612,-0.0009633911368016612,0.028930635838150254
2025-04-15,AAL,9.85,1,0.3559030819790039,-0.9952453639768128,-0.05380710659898469,0.010152284263959421,0.20203045685279197
2025-04-15,ALIL,26.9061,1,0.4232700270250005,-0.14619887050139177,0.0011595883461372747,0.014669535904497488,0.054478352492557613
2025-04-15,ANNAW,0.272,1,0.4336969096352089,-0.04024367801505167,0.30755514705882336,0.28639705882352917,-0.11764705882352955
2025-04-15,AREC,0.6051,1,0.2992147539658068,-0.99874067253041,0.8178813419269544,0.6037018674599242,0.487357461576599
2025-04-15,AVTR,15.4,1,0.3330766365480248,-0.9982503953911166,0.00454545454545463,-0.15649350649350646,-0.1655844155844156
2025-04-15,BCML,25.87,1,0.33672635461535516,-0.9983584332734525,0.02435253189022024,0.005411673753382251,0.03478933127174333
2025-04-15,BKCG,29.7717,1,0.3515003497925175,-0.4979018259855738,-0.010805563672883989,0.028533808952797557,0.09841896834913699
2025-04-15,BLV,68.2,1,0.33748682963783105,-0.9972555527140116,-0.0042521994134898655,0.01715542521994129,-0.01832844574780057
2025-04-15,BMRC,20.52,1,0.3308975853654638,-0.9992560944176491,0.02729044834307981,0.0,0.051169590643274976
2025-04-15,BWFG,28.82,1,0.32841062391839654,-0.9991143666605847,0.054823039555863984,0.17661346287300472,0.23525329632199865
2025-04-15,DAPR,35.99,1,0.3303992101674769,-0.998452302449948,-0.011669908307863297,0.003612114476243322,0.025315365379271926
2025-04-15,DXC,14.82,1,0.3168936503950542,-0.996419422465573,0.022941970310391246,0.047233468286099756,0.11740890688259098
2025-04-15,EFSI,31.1,1,0.3364975538652929,-0.9949345620800784,0.036977491961414755,-0.03440514469453382,0.02154340836012847
2025-04-15,ERET,24.91,1,0.3717821085129005,-0.9941472837231526,0.021276595744680993,0.03982336411079901,0.0347771979124849
2025-04-15,GRW,32.6332,1,0.3383023646423695,-0.998576803183313,0.005436181557432196,0.02360173075273031,0.05327703075395607
2025-04-15,HEQQ,48.6617,1,0.3504453049517996,-0.5741451641789262,-0.0018597788404434157,0.021509729417591217,0.06372773659777597
2025-04-15,IGLB,48.59,1,0.3687015262791156,-0.9920330584364919,-0.0028812512862729234,0.013377238114838486,-0.00967277217534479
2025-04-15,JEMB,49.2901,1,0.3581028666934978,-0.9980157380278922,0.014605367000675606,0.017459895597696118,0.017887973447000327
2025-04-15,JPY,26.255,1,0.37045410737448464,-0.2523314681722368,0.028120358027042602,0.045705579889544934,0.053669777185298084
2025-04-15,LFVN,14.475,1,0.2997700181547581,-0.9997407922767875,-0.12193436960276327,-0.14542314335060458,-0.13229706390328144
2025-04-15,MCBS,26.59,1,0.32668671194126814,-0.9952108315737636,0.06844678450545327,0.03685596088755183,0.10379842045881915
2025-04-15,OXLC,22.75,1,0.34055827129467203,-0.9948768068362837,-0.015384615384615441,0.0219780219780219,0.08351648351648344
2025-04-15,PEBK,26.36,1,0.3187651975780985,-0.9959929627783826,0.0056904400606980765,0.04779969650986349,0.12708649468892275
2025-04-15,PRG,25.69,1,0.3005890787028135,-0.9975203795145235,-0.03736862592448431,0.026080186843129516,0.11599844297391981
2025-04-15,RPRX,32.45,1,0.34418324361481245,-0.9986234226387734,-0.023420647149460794,0.011402157164869031,-0.004930662557781296
2025-04-15,SOR,40.65,1,0.3338185929118537,-0.9996055881332722,0.011313653136531432,0.01205412054120547,0.04993849938499384
2025-04-15,TFLR,50.44,1,0.33333257128187005,-0.9944334955856162,0.008326724821570153,0.008128469468675625,0.018735130848532844
2025-04-15,TLTI,46.5584,1,0.4045669604276525,-0.9896273945071212,-0.010367624316986901,0.01705599848792061,-0.027563232413484906
2025-04-15,TTAM,11.93,1,0.37523022357702196,-0.998874510682405,0.09974853310980714,0.10896898575020963,0.1844090528080471
2025-04-15,VICI,32.05,1,0.3793814599585299,-0.9973232890457815,0.02090483619344785,-0.0009360374414975059,-0.029641185647425794
2025-04-15,XYZG,15.1597,1,0.3183315197534588,-0.38635568104507867,0.01549502958501825,0.11079374921667329,0.021003054150148026
2025-04-16,CNX,30.88,1,0.3497010800142093,-0.9941340132209604,-0.05893782383419688,-0.04209844559585496,0.06573834196891193
2025-04-16,LUCY,1.84,1,0.2911998615986642,-0.9979952248169677,0.1032608695652173,0.059782608695652106,0.5163043478260869
2025-04-17,HXHX,2.1,1,0.33810991723022465,-0.04907642944156744,-0.014285714285714457,-0.19523809523809532,-0.30952380952380953
2025-04-17,MB,3.08,1,0.3172143055208898,-0.23125573362047974,-0.009740259740259827,0.038961038961039085,0.26948051948051943
2025-04-17,SBAR,24.939,1,0.37265023851602885,-0.04664200875016129,0.019287060427443103,0.03492521753077504,0.04292874614058295
2025-04-17,TRPA,38.665,1,0.3263875966884215,-0.04667854809974395,0.0016811069442648208,0.0014224751066855834,0.007500323289796995
2025-04-17,XV,25.0951,1,0.347722363213879,-0.04950036035886482,0.020900494518850232,0.0392467055321557,0.04800937234758984
2025-04-17,ZTOP,50.7524,1,0.32750737815639525,-0.04586338082816081,0.010691120025851042,0.011676295111167079,0.01564852105516179
2025-04-21,HFGM,25.3537,1,0.31738477164684575,-0.038508403768871616,0.017602953415083444,0.019930029936459093,0.03279205796392626
2025-04-21,SWZ,6.15,1,0.3275453868144617,-0.9990548785088537,0.01300813008130075,0.03252032520325199,0.024390243902439046
2025-04-21,TOPC,24.0303,1,0.379414758342386,-0.048198204969247455,0.06864250550346851,0.0903775649908658,0.1457285177463452
2025-04-23,DVS,2.76,1,0.3949340030186,-0.04471315330869769,-0.010869565217391242,-0.018115942028985477,-0.010869565217391242
2025-04-23,FTLF,13.42,1,0.33493348175284493,-0.9975126007433001,0.1251862891207154,0.18554396423248876,0.03576751117734722
2025-04-23,GENVR,4.69,1,0.3316889254050537,-0.04774035825518662,0.11940298507462677,0.4392324093816631,0.46055437100213203
2025-04-23,LPAA,10.4,1,0.2938266496258485,-0.03905242403463445,-0.010519230769230892,-0.008173076923077005,-0.0019230769230769162
2025-04-23,OACCW,0.66,1,0.34945038267086004,-0.3882325929283529,0.07575757575757569,0.303181818181818,0.3257575757575757
2025-04-23,QSEAU,10.05,1,0.31230303013260885,-0.03703326278977113,0.005970149253731183,0.01691542288557213,0.02487562189054726
2025-04-23,UXAP,30.0338,1,0.40896083627182683,-0.048801444035197636,0.03633572841265509,0.047493157708981215,0.09292197457531182
2025-04-24,BEAG,10.37,1,0.28821179484524545,-0.9996499025203827,0.004821600771456103,0.0029797492767600353,-0.0009643201542911539
2025-04-24,SOR,41.52,1,0.3466067623404868,-0.9935570418687701,0.0014450867052022698,0.003131021194604955,0.017581888246628097
2025-04-24,XCUR,11.135,1,0.28627932423285546,-0.9997966110818111,-0.10462505612932194,0.022002694207454043,-0.05632689717108219
2025-04-25,BOED,22.7602,1,0.3639514065952101,-0.049560994574022785,-0.040799289988664444,-0.08503879579265561,-0.11974850836108641
2025-04-25,GELS,1.9,1,0.32793042310384174,-0.9956660780191228,-0.02631578947368407,-0.2789473684210525,-0.05263157894736836
2025-04-25,MAGY,53.1,1,0.3419209661811265,-0.04873773268989815,0.035216572504708,0.028887005649717468,0.027981167608286173
2025-04-25,OBT,23.22,1,0.31815221152467,-0.9989366657203278,0.14771748492678727,0.11111111111111116,0.08311800172265293
2025-04-28,NTWOU,10.4,1,0.30643697287602367,-0.0783556580050643,-0.019230769230769384,-0.018269230769230704,0.008653846153846123
2025-04-29,AMTB,17.06,1,0.33819808297307896,-0.9977438738626808,0.022274325908558268,0.07327080890973048,0.0205158264947245
2025-04-29,BEAGU,10.75,1,0.30074609370635164,-0.22241220202529438,-0.0009302325581395099,0.021395348837209394,-0.012093023255814073
2025-04-29,SWKH,14.45,1,0.32723650061930143,-0.9991230987342786,-0.04186851211072651,-0.05536332179930792,-0.02076124567474036
2025-04-29,VIVS,1.71,1,0.31528410403685597,-0.03715090953991862,0.12280701754385959,0.09941520467836251,0.12280701754385959
2025-04-30,SSII,10.89,1,0.3219472202925282,-0.9984716959209221,-0.06795224977043157,-0.07713498622589532,-0.44628099173553715
2025-05-01,GRPN,18.37,1,0.30353142728283933,-0.9973508312117367,0.3179096352749047,0.41861731083287945,0.5857376156777352
2025-05-01,HVIIU,10.15,1,0.29776545416674116,-0.03946153175723376,0.004926108374384119,0.012945812807881651,0.034482758620689724
2025-05-01,LITL,25.1742,1,0.38978996764961754,-0.04484987116807411,0.03339927385974528,0.06360082942059742,0.04869270920227842
2025-05-01,SPCB,5.58,1,0.28760711409927925,-0.9998864409560452,0.17562724014336917,0.23655913978494625,0.6594982078853047
2025-05-01,UYSCU,10.08,1,0.3218312869117311,-0.03637105038527311,0.0009920634920634885,0.009920634920634885,0.008928571428571397
2025-05-02,ACVT,25.3914,1,0.32796003583186967,-0.04771821678536663,0.0031112896492513364,0.016930929369786574,0.004170703466527925
2025-05-02,AGAE,1.46,1,0.29260461005585764,-0.9998664284622294,-0.047945205479452135,0.2191780821917808,0.773972602739726
2025-05-02,LEG,9.53,1,0.31541547397826925,-0.9991482695700283,-0.011542497376705096,0.0020986358866736943,-0.08394543546694633
2025-05-02,TRS,24.75,1,0.3201502257673893,-0.9992243139244542,-0.021818181818181737,0.0072727272727273196,0.04646464646464632
2025-05-05,BLCO,11.37,1,0.34842093414398834,-0.9940741541445512,0.04573438874230451,0.03518029903254183,0.011433597185576128
2025-05-05,FMST,1.11,1,0.3156064698855266,-0.9982389590418295,0.4414414414414414,1.2072072072072073,2.9549549549549545
2025-05-05,MBSX,25.2504,1,0.3098559557911213,-0.04901864937741523,0.005528625289104472,0.014241358552735894,0.0021821436492095447
2025-05-05,MDLZ,67.8,1,0.3320228791462574,-0.9953596524731024,-0.0290560471976401,-0.03067846607669611,-0.011209439528023446
2025-05-05,NOEMR,0.175,1,0.3170545668731454,-0.03793218351320016,-0.08514285714285708,0.14285714285714302,0.040000000000000036
2025-05-05,TZOO,14.71,1,0.3290195329516284,-0.9985154000902486,-0.03331067301155677,-0.07138001359619306,-0.08361658735554045
2025-05-06,DARE,2.9,1,0.2971737518626281,-0.9976641539493598,-0.0034482758620688614,-0.0034482758620688614,0.06896551724137945
2025-05-06,LVO,6.942,1,0.3142488046142883,-0.9992815424007714,0.07836358398156151,0.20498415442235673,0.1672428694900605
2025-05-07,CEPT,10.95,1,0.31826111494493975,-0.03671785830208515,0.037442922374429255,0.02374429223744312,0.0365296803652968
2025-05-07,CHGX,24.03,1,0.2963601654388941,-0.9999173693758038,0.030794839783603756,0.028714107365792607,0.04827299209321678
2025-05-07,EPMV,20.1641,1,0.35185422799084437,-0.03574499875404194,0.04192599719303103,0.022540058817403175,0.034491993195828075
2025-05-07,EPSB,20.0583,1,0.3705698638455211,-0.03405877944629089,0.042431312723411274,0.026029125100332617,0.04942093796582969
2025-05-07,EPSV,20.3044,1,0.35699775877278106,-0.034860474231494666,0.06262681980260432,0.03134788518744691,0.04314828313074992
2025-05-07,LDRX,26.7692,1,0.3972450455877525,-0.043793101733591605,0.03552590290333657,0.029227619801861726,0.045051775921581605
2025-05-07,PPIH,12.8,1,0.32047650199443783,-0.9978619329077748,0.09609374999999987,-0.007031249999999933,0.125
2025-05-08,RANG,10.125,1,0.3234875560228446,-0.06947316334648374,0.0004938271604939537,0.012345679012345734,0.011358024691358048
2025-05-08,RFLR,24.0348,1,0.33539120491943664,-0.9949258890977853,0.009785810574666653,0.006590443856408168,0.030089703263600942
2025-05-08,UMAC,5.42,1,0.29768058446289264,-0.9977791437364625,0.011070110701107083,-0.09040590405904059,0.3690036900369005
2025-05-09,ALDFU,10.5,1,0.43985526446014245,-0.039567182990523905,0.006666666666666599,0.04761904761904767,0.0
2025-05-09,ASPSZ,0.4103,1,0.30458128987438404,-0.04847900662328482,-0.14623446258834993,-0.02510358274433333,0.9010480136485499
2025-05-09,CSTK,25.0423,1,0.36995028062207647,-0.044567277477418024,0.037077265267168036,0.012906162772588825,0.050219029402251314
2025-05-09,LIMNW,0.0701,1,0.2964601336138908,-0.038740761430277756,0.283166904422254,0.21255349500713283,3.4893009985734667
2025-05-09,QQHG,50.0327,1,0.36214988635783035,-0.045253529324901516,0.040323628347060936,0.029214893459677427,0.05500402736610255
2025-05-09,QQWZ,20.0855,1,0.35905240934024174,-0.04495538362538157,0.06925891812501561,0.04456946553483854,0.08775484802469435
2025-05-09,TDUP,6.23,1,0.29577801246678387,-0.9988353091834107,0.1476725521669342,0.18459069020866758,0.2295345104333868
2025-05-12,LCOW,20.5581,1,0.39573108982069605,-0.03792973445406797,0.023474932021928074,0.01701519109256222,0.039322700054966075
2025-05-13,APUS,1.75,1,0.34787763061494553,-0.04907489575399364,0.05714285714285716,-0.06285714285714294,0.04571428571428582
2025-05-13,BKH,57.76,1,0.32131637858649503,-0.9959398695900303,0.02648891966759015,-0.0020775623268697307,-0.004501385041551176
2025-05-13,GNT,6.13,1,0.30958574473805617,-0.9984195000890542,-0.00815660685154973,0.006525285481239873,0.05220228384991854
2025-05-13,MGIH,1.63,1,0.3066685314438964,-0.9984708662216022,0.06754601226993873,-0.06687116564417173,-0.04907975460122693
2025-05-13,OPCH,31.56,1,0.3057751317006691,-0.9985897394236933,0.04784537389100141,0.005703422053231932,0.004119138149556445
2025-05-13,QVCGA,6.36,1,0.31628137040800547,-0.9986363526801005,-0.18317610062893086,-0.28616352201257866,-0.5125786163522013
2025-05-14,GDOT,10.1,1,0.33317802387211437,-0.9972064344140578,-0.10693069306930691,-0.07326732673267333,0.01881188118811883
2025-05-14,MTRX,12.81,1,0.3426104745205666,-0.9980354404963577,-0.05308352849336451,-0.03669008587041378,-0.040593286494925995
2025-05-14,ORGO,3.01,1,0.32062504227631,-0.9978512954548002,0.0,-0.0531561461794019,0.05315614617940212
2025-05-14,PBA,37.42,1,0.3252559632751205,-0.997027086161522,-0.0029396044895777518,-0.0037413148049171285,0.017103153393907
2025-05-15,ALFUW,0.422832,1,0.3075841356084979,-0.07066504722988434,-0.18407310704960844,-0.29073485450486247,-0.2904983539561812
2025-05-15,BSRR,29.0,1,0.315608993976268,-0.99728746209,-0.061724137931034484,-0.05620689655172406,-0.055517241379310356
2025-05-15,CAL,17.53,1,0.3049032366549316,-0.9986795280622448,-0.05818596691386191,-0.23274386765544786,-0.29777524244152886
2025-05-15,DRD,14.29,1,0.32304671204583413,-0.9991143932167126,0.05108467459762078,0.05038488453463974,0.0
2025-05-15,GSAT,18.66,1,0.29506448747008823,-0.9988005638436324,-0.009110396570203738,-0.010718113612004254,0.1763129689174705
2025-05-15,GTM,10.06,1,0.3738039710549547,-0.045875463549412465,-0.050695825049701715,-0.050695825049701715,-0.03976143141153088
2025-05-15,HMY,14.48,1,0.33315721048372315,-0.9988728708435362,0.04834254143646399,0.007596685082872812,0.036602209944751385
2025-05-15,JAPN,25.6192,1,0.3470355502456826,-0.046809263432185944,0.007599768923307604,0.03291281538845858,0.06699662752935298
2025-05-15,KINS,17.2,1,0.3148333573269896,-0.9986538985312866,-0.09127906976744182,-0.05232558139534871,-0.13720930232558137
2025-05-15,SUPL,37.967,1,0.35152381885672424,-0.9967722754467758,-0.010535465009086753,-0.010295783180130136,-0.0011694366160085456
2025-05-15,TFPM,19.93,1,0.33510306714548116,-0.9993651937005198,0.06021073758153528,0.09934771700953338,0.2609131961866533
2025-05-15,USAU,10.31,1,0.32085659861473353,-0.9965299729102476,0.012609117361784605,0.12221144519883609,0.29776915615906896
2025-05-15,VECO,21.26,1,0.31142554850602555,-0.9996738252553611,-0.08607714016933221,-0.09172154280338674,-0.03904045155221081
2025-05-15,XBTY,25.615,1,0.3477516453396181,-0.046285925242968366,0.03376927581495215,-0.017032988483310585,-0.022057388249072774
2025-05-16,RIFR,24.9504,1,0.4048151975279106,-0.045392712206873354,-0.004332595870206402,0.007623124278568705,-0.0014148069770424376
2025-05-16,RINT,25.5671,1,0.37388759421803447,-0.044765148628123475,0.008769082140719808,0.030707432598926054,0.031294124089161546
2025-05-16,SEMG,25.4906,1,0.35215673376237,-0.04656044681366915,-0.017386801409146946,0.003868092551764235,0.014558307768353762
2025-05-19,CLPT,13.12,1,0.29914625401058886,-0.9994894752681275,-0.044207317073170715,-0.03506097560975607,-0.14862804878048774
2025-05-19,EGLE,27.2216,1,0.29095752182610884,-0.9984570639670294,-0.01134025920592463,-0.003214359185352733,-0.0004922561495281919
2025-05-19,RTACU,11.63,1,0.3228498074287767,-0.048324528054190866,-0.004299226139295009,0.05932932072227004,0.05932932072227004
2025-05-19,TXO,15.2,1,0.34993012544865665,-0.9977239907403957,0.0052631578947368585,-0.009868421052631526,0.03223684210526323
2025-05-19,WFG,75.91,1,0.3022881965797149,-0.9973906077116339,-0.01883809774733225,-0.03187985772625479,-0.04057436437886974
2025-05-20,ARTW,1.99,1,0.30008596227158996,-0.9992122599985317,-0.10050251256281406,-0.14070351758793975,-0.045226130653266416
2025-05-20,AVGG,14.8158,1,0.2993360356678609,-0.048956695360818286,0.06492393255848494,0.26060691963984395,0.14944856167064913
2025-05-20,BSR,27.9,1,0.3127275496073984,-0.9973079492371064,-0.008695340501792104,-0.0008422939068100099,-0.0040716845878135954
2025-05-20,GAMB,12.48,1,0.3108145169853067,-0.9979407366481146,-0.03125,-0.04727564102564097,-0.0657051282051282
2025-05-20,LFWD,15.12,1,0.29196150629671164,-0.9999310986242715,-0.023809523809523725,-0.023809523809523725,-0.1507936507936508
2025-05-20,NRSN,1.63,1,0.29563516471435636,-0.9980566628434409,-0.030674846625766805,0.042944785276073594,0.5030674846625769
2025-05-20,NVYY,25.6424,1,0.34598997090937234,-0.03450354378050824,-0.005163323245873874,0.05118865628802305,0.05879324868187075
2025-05-20,REE,0.8157,1,0.2872087165110266,-0.9992942580075241,-0.031874463650852,-0.03138408728699271,-0.242491111928405
2025-05-20,RMSG,2.05,1,0.31270156760411,-0.9966862995292581,-0.02682926829268284,-0.14146341463414625,0.06585365853658542
2025-05-20,VNIE,25.8407,1,0.3392006528024166,-0.03529699421275302,-0.006675515756152106,0.004961165912688248,-0.006307878656537813
2025-05-21,ECO,23.25,1,0.33316303969946137,-0.998857309213527,-0.010752688172043001,-0.04215053763440857,0.017204301075268713
2025-05-21,MPLY,24.7052,1,0.3706149263077072,-0.0338334902920938,0.012531774687110309,0.02101986626297281,0.02479235140780056
2025-05-21,OVBC,35.7,1,0.315503689693867,-0.9977450931616497,-0.06862745098039225,-0.12492997198879563,-0.1778711484593838
2025-05-22,TXNM,56.38,1,0.3447283138603571,-0.9978781039752059,0.005498403689251363,0.0065626108549130535,0.003902092940759161
2025-05-22,USNG,24.7011,1,0.4600827337021978,-0.04383716519222037,0.023031362975737935,0.05147948876770658,0.03804284019740001
2025-05-23,DRDBW,0.5,1,0.5179561602858501,-0.03432307950872619,-0.18000000000000005,0.0,0.0
2025-05-23,GNL,7.73,1,0.32976280122860213,-0.9964617347050482,-0.0038809831824062613,0.001293661060802087,-0.028460543337645583
2025-05-23,OFAL,4.79,1,0.30723074888665763,-0.04756956497662163,0.09812108559498944,-0.5845511482254697,-0.6722338204592901
2025-05-27,AACBU,10.5,1,0.32372100796658154,-0.07752416124957098,-0.018095238095238053,-0.0161904761904762,-0.018095238095238053
2025-05-27,BOBP,24.7778,1,0.3702735969201226,-0.035478253239018626,0.00198968431418467,0.007042594580632722,0.0032811629765354677
2025-05-27,COLAR,0.29999,1,0.30101674045154403,-0.03826873473802174,-0.3999799993333111,-0.26664222140738014,-0.23464115470515678
2025-05-27,IDEF,25.9687,1,0.3691619082986935,-0.039989311696052646,0.02147200283418127,0.019458039871075528,0.0501103251221664
2025-05-27,MBNKO,24.31,1,0.3252180589795971,-0.04748812404681055,-0.011929247223364858,-0.010695187165775333,-0.020979020979020935
2025-05-27,MUNY,100.215,1,0.3181968861748703,-0.048801032407930975,-0.004928403931547143,-0.005127974854063799,0.0031432420296362285
2025-05-27,RVMDW,0.1275,1,0.3019015197566634,-0.8376808901814549,0.4901960784313726,1.10078431372549,0.8745098039215686
2025-05-27,TWOD,25.64,1,0.3527105795394868,-0.03729402661548194,-0.012090483619344838,-0.013650546021840904,0.004290171606864179
2025-05-27,VTEL,100.138,1,0.34107827674888225,-0.04719795952441681,-0.008368451536879151,-0.007878128183107291,-0.0014280293195390037
2025-05-28,ALDFW,0.3861,1,0.30007265138474626,-0.06943724874478727,0.528101528101528,0.16550116550116556,0.08857808857808869
2025-05-28,BLCN,20.58,1,0.35327195256079374,-0.9957633374185851,0.08503401360544216,0.09329446064139946,0.10641399416909625
2025-05-28,NFGC,1.46,1,0.3211009022561191,-0.9963676871759238,0.041095890410958846,0.013698630136986356,0.027397260273972712
2025-05-28,RFM,14.075,1,0.3231474789074984,-0.9956641435486338,0.0011296625222025902,0.001776198934280604,-0.016696269982237943
2025-05-29,LOKVW,0.7,1,0.3393662604890859,-0.03629890761694992,0.0387142857142857,-0.07142857142857129,-0.2142857142857142
2025-05-30,AOMD,24.6,1,0.3394903311449845,-0.03654190059706043,0.00040650406504050274,-4.065040650425011e-06,-0.0044715447154473065
2025-05-30,DAAQU,10.48,1,0.6126568260713318,-0.027919158489466037,0.04770992366412208,0.06202290076335881,0.030543893129771016
2025-05-30,EMA,45.86,1,0.38798705584242793,-0.048728036735549464,-0.03968600087221985,-0.015918011338857285,-0.0008722197993894509
2025-05-30,FOA,21.96,1,0.2934173052461354,-0.9990683755173189,0.002732240437158362,-0.016848816029143898,0.06193078324225865
2025-05-30,HMY,14.59,1,0.31144678726168984,-0.9994577866609674,-0.0020562028786840214,0.028786840301576522,-0.04249485949280318
2025-05-30,LOGO,19.9981,1,0.35136314228237836,-0.0451824502748939,0.018636770493196675,-0.006765642736059951,0.03662347923052689
2025-05-30,LOKVU,11.23,1,0.3432888855437406,-0.06998003525476709,0.04630454140694562,-0.056099732858415075,-0.07390917186108636
2025-05-30,PLAY,21.96,1,0.3129255878026773,-0.9969219540859071,0.08629326047358843,0.3738615664845173,0.3697632058287794
2025-05-30,PRTA,4.59,1,0.2913845411009374,-0.9987633065239196,0.17864923747276684,0.10675381263616557,0.3224400871459696
2025-05-30,VERX,39.57,1,0.30565250425687734,-0.9967429654699984,0.037907505686125775,-0.06696992671215563,-0.10702552438716195
2025-05-30,VGUS,75.5,1,0.5238548940553278,-0.14369122329525985,-0.0024503311258278204,-0.0014569536423840734,0.00033112582781469335
2025-05-30,WRD,9.9,1,0.30019009403145563,-0.9993331354006938,-0.10909090909090913,-0.20707070707070718,-0.20404040404040413
2025-06-02,CAPT,1.27,1,0.31066658466794494,-0.9976772301424928,-0.20472440944881887,0.007874015748031482,-0.11023622047244108
2025-06-02,EIC,13.22,1,0.32980904591339966,-0.9962714569500442,-0.0007564296520423675,0.00302571860816947,0.038577912254160296
2025-06-02,HYPR,0.85,1,0.3015460024928363,-0.9980067306986573,-0.0891764705882353,-0.15800000000000003,-0.19129411764705884
2025-06-02,KIE,59.65,1,0.3179928006909175,-0.9993193486205305,-0.018273260687342807,-0.022129086336965642,-0.0005029337803855727
2025-06-02,L,89.67,1,0.31133418562024606,-0.997879075566937,-0.01460912233745959,-0.01193264190922283,0.029552804728448567
2025-06-02,LUXE,9.31,1,0.2968643392056372,-0.9986881172637088,-0.0032223415682063328,-0.12137486573576806,-0.15252416756176168
2025-06-02,WRB,75.17,1,0.3216387347457614,-0.9969265195362521,-0.03232672608753506,-0.027271517892776376,-0.03073034455234802
2025-06-02,WTFCN,25.45,1,0.3179585483852118,-0.036677838359838455,0.003929273084479323,0.003929273084479323,0.012180746561886169
2025-06-03,AMBR,9.77,1,0.3464581310578445,-0.9996751773045527,0.05220061412487209,0.20061412487205743,-0.05629477993858745
2025-06-03,DABS,49.9951,1,0.36539475373040936,-0.5604751845251829,0.0017681732809815554,0.006398627065452356,0.007698754477938774
2025-06-03,RDAGU,10.55,1,0.51617288893172,-0.0346431523047237,0.004265402843601995,0.006635071090047351,0.0018957345971564177
2025-06-03,TACOU,10.78,1,0.3030741499398959,-0.03929798837334672,-0.017625231910946115,0.0009276437847867136,-0.01298701298701288
2025-06-03,WENNU,10.69,1,0.44017042489181324,-0.04999902476959908,-0.007483629560336769,0.016838166510757757,-0.017773620205799756
2025-06-04,DAAQW,0.97,1,0.31325976636751324,-0.04764665459381795,-0.010309278350515427,0.08247422680412386,-0.2371134020618556
2025-06-04,DMAAU,10.28,1,0.3321270838803907,-0.10914481946610845,0.0009727626459143934,0.0038910505836575737,0.01070038910505855
2025-06-04,MMA,1.34,1,0.31866665396720684,-0.9969155200783797,-0.14925373134328368,-0.23880597014925375,-0.0671641791044777
2025-06-04,OPPE,46.5239,1,0.3543784747246213,-0.047277241488678866,0.0037830018549607214,0.0013047057533870365,0.0020634555572514035
2025-06-05,CIB,43.57,1,0.31184369594324346,-0.9972979584464964,-0.02111544640807894,-0.008951113151250856,0.031214138168464522
2025-06-05,RARE,36.91,1,0.2978007081386976,-0.9973714414826886,0.06448117041452184,0.006231373611487401,0.07315090761311316
2025-06-05,SPYA,25.4131,1,0.36798534643527214,-0.04542889580193889,0.003136177798064743,0.0014165922299915756,0.02899292097382844
2025-06-05,TBPH,10.77,1,0.32520886318368086,-0.9957691591378027,-0.014856081708449431,-0.0129990714948931,0.050139275766016844
2025-06-06,CMPX,2.5,1,0.31415375720444455,-0.9974193255646252,-0.03599999999999992,0.016000000000000014,0.06000000000000005
2025-06-06,PHO,69.31,1,0.3185230928103489,-0.9983378332125583,-0.01298513922954847,-0.0011542345981820912,0.026403116433415086
2025-06-06,RGLO,25.8581,1,0.3680301020685076,-0.03517970004649331,-0.00746767937319448,-0.009207946446181281,0.027144299078431855
2025-06-06,VVV,36.64,1,0.32521267630882855,-0.9969849434926306,-0.03438864628820959,0.01091703056768556,0.06359170305676853
2025-06-09,ACIW,47.79,1,0.323512436525191,-0.9961809981202514,-0.04666248169073017,-0.03661853944339821,-0.04938271604938271
2025-06-09,SBXD,10.75,1,0.2990764243701426,-0.07888942426558188,0.0009302325581395099,0.037209302325581506,-0.0037209302325580396
2025-06-09,SR,73.84,1,0.31962034747846674,-0.9981078351939872,-0.024377031419284934,0.008938244853737842,0.0023022751895991345
2025-06-09,VOR,4.458,1,0.28864338428771624,-0.9986575534254896,-0.0053835800807536804,0.427097353073127,10.395244504262
2025-06-09,YEXT,8.75,1,0.32902868742461366,-0.9976814484896005,-0.04114285714285704,-0.04571428571428571,-0.058285714285714274
2025-06-10,AUBN,22.0563,1,0.319897918612428,-0.997389084771024,-0.015338021336307572,0.12258175668629834,0.16315973214002355
2025-06-10,EPEM,20.565,1,0.34654126383727524,-0.03502678983243043,-0.00805737904206183,0.01561876975443699,0.029652321906151302
2025-06-10,TACO,10.255,1,0.2989471735576058,-0.9986038177350649,0.013164310092637743,0.009263773768893202,0.0082886396879569
2025-06-10,TSL,13.06,1,0.32172248115598706,-0.996709771670393,-0.03905053598774888,0.0007656967840734552,-0.07120980091883611
2025-06-11,AAUC,14.26,1,0.34113331225300214,-0.04961188224290096,-0.032258064516129004,-0.044179523141654964,-0.048387096774193505
2025-06-11,BLFS,23.74,1,0.30159502874163696,-0.9983423031685522,-0.09351305812973876,-0.09519797809604036,-0.0754001684919966
2025-06-11,FLDDW,0.8036,1,0.3091521220180703,-0.9062223045903015,0.04517172722747631,-0.005226480836236891,-0.08561473369835737
2025-06-11,HUT,18.52,1,0.2980362178662414,-0.9979658645361492,-0.08045356371490275,0.008639308855291628,0.1787257019438444
2025-06-11,RTACW,2.4,1,0.33263948613318983,-0.047561173598869244,-0.11458333333333326,-0.3125,-0.07916666666666661
2025-06-12,GPZ,25.5688,1,0.48918637226142136,-0.04868133248120786,-0.024658959356715915,0.03869168674321832,0.08232298739088262
2025-06-12,IBKR,51.245,1,0.3025494436481741,-0.9988586722616827,0.001853839398965773,0.052980778612547574,0.16304029661430386
2025-06-12,KNRG,25.61,1,0.30657039106218775,-0.037989856565421434,-0.006052323311206642,-0.006399843811011219,-0.003978914486528762
2025-06-12,MPAA,10.85,1,0.32065904813060886,-0.9981993785325272,-0.10046082949308754,-0.06912442396313367,0.060829493087557696
2025-06-12,RIBBU,10.27,1,0.33797317989823905,-0.07664637903554822,0.012658227848101333,0.017526777020447915,0.02142161635832518
2025-06-13,CBOA,25.975,1,0.484961459479759,-0.08706851528212536,0.0009624639076033503,0.008662175168431041,0.016361886429258732
2025-06-13,EPIN,20.0501,1,0.3540116675727326,-0.03776735193208775,0.00010473763223117771,0.033865167754774106,0.03159585238976348
2025-06-13,FFOX,24.7689,1,0.3529216254157849,-0.03682098586035758,0.018333474639568248,0.046473601976672496,0.037054532094683346
2025-06-13,FMKT,19.88,1,0.47548153775917223,-0.049997458442162766,0.021091549295774614,0.052590543259557476,0.06690140845070425
2025-06-13,FTBI,20.2228,1,0.3145472103976255,-0.03726886900442161,0.009256878374903632,0.015472634847795597,0.015660541566944186
2025-06-13,FTRI,14.53,1,0.34006037597544386,-0.993813475017063,-0.007570543702684063,-0.020646937370956575,-0.015898141775636643
2025-06-13,HGRO,24.7911,1,0.408215109225551,-0.04236675987522949,0.014464868440690282,0.05567320530351605,0.05642750825901244
2025-06-13,IHY,21.7118,1,0.3247869872281623,-0.9957736727472003,0.004292596652511582,0.015576783131753258,0.007056070892325739
2025-06-13,INVG,25.173,1,0.3180817111276857,-0.03800604831721588,0.005891232669924307,0.015373614587057549,0.0020657053191912578
2025-06-13,MTRA,24.8388,1,0.4118362625521063,-0.04495166707156373,-0.005914134338212751,0.02174823260382963,0.009867626455384304
2025-06-13,RTAC,11.2,1,0.3265736643780846,-0.03731406616620776,0.07857142857142874,0.0535714285714286,0.06517857142857153
2025-06-16,CHY,10.55,1,0.3334532760327984,-0.9955440557578327,0.0142180094786728,0.041706161137440745,0.027488151658767723
2025-06-16,COPY,11.48,1,0.34164612116322773,-0.9958995393462096,0.0034843205574912606,0.030487804878048808,0.029616724738676048
2025-06-16,OTF,15.94,1,0.43461731816089966,-0.04605932957978322,-0.008782936010037545,-0.023839397741530655,-0.02258469259723961
2025-06-16,TEAD,2.6,1,0.3112553619674563,-0.03844718594593319,-0.07307692307692304,-0.015384615384615441,-0.023076923076923106
2025-06-16,TFNS,24.7258,1,0.4741718902785872,-0.04698833918919833,0.02091337792912662,0.045935824118936486,0.03278761455645518
2025-06-16,TMED,24.855,1,0.3639096553226455,-0.04384065754086551,-0.006147656407161528,0.012070006035002967,0.002349627841480517
2025-06-16,TURF,25.6451,1,0.344868214273118,-0.04635248725576744,-0.024456913796397695,-0.014942425648564406,-0.013230597658032028
2025-06-16,WYHG,1.53,1,0.2941714784795849,-0.9990188636607152,-0.2124183006535948,-0.09150326797385633,-0.16732026143790846
2025-06-17,BAYA,10.9,1,0.3085139778070754,-0.19445202252900892,0.031192660550458662,0.022935779816513735,0.020183486238531945
2025-06-17,DDI,8.895,1,0.33102265865201247,-0.9987979388931455,0.06464305789769553,0.07925801011804379,0.1174817313097245
2025-06-18,UNTY,43.91,1,0.31161106156120755,-0.9981252582247218,0.06558870416761553,0.19016169437485764,0.19836028239580972
2025-06-20,AMDD,19.07,1,0.30195826773506007,-0.9993692555624931,-0.12113266911379128,-0.0644992134242266,-0.2003408495018354
2025-06-20,AMDG,13.36,1,0.2953154214354418,-0.9998144427466393,0.24850299401197606,0.09131736526946121,0.46257485029940115
2025-06-20,BJRI,45.99,1,0.3185898196549444,-0.9971162299530789,-0.028701891715590344,-0.031746031746031744,-0.12328767123287676
2025-06-20,BTMWW,0.5999,1,0.2922714874319747,-0.07949054583549162,-0.30238373062177026,-0.06651108518086335,0.012668778129688363
2025-06-20,CIMN,24.95,1,0.31684747681116204,-0.9972091437523858,0.008016032064128265,0.012825651302605268,0.015631262525050094
2025-06-20,EDU,46.61,1,0.2933364211520194,-0.9980529259012358,0.16155331473932644,0.0873203175284274,0.0025745548165629906
2025-06-20,FIXT,37.78,1,0.32747125398378785,-0.9951133166821333,0.009264160931709897,0.002117522498676472,0.003970354685018496
2025-06-20,IPAY,56.64,1,0.3089841656891184,-0.9991046270517788,0.046963276836158085,0.06762005649717517,0.061897951977401
2025-06-20,QGRO,103.99,1,0.31373121407080556,-0.9957048806032848,0.04135012982017505,0.04837003558034425,0.04683142609866331
2025-06-20,QULL,45.473,1,0.31738339186788467,-0.9965806348736778,0.06252061662964836,0.08315703824247356,0.09042288830734724
2025-06-20,VNRX,0.92,1,0.2983198293492157,-0.997663243458588,-0.08945652173913043,-0.2680434782608696,-0.15760869565217395
2025-06-20,WEBL,25.3,1,0.29977978571623326,-0.9987696228807469,0.1620553359683794,0.18023715415019748,0.191699604743083
2025-06-23,APPS,5.13,1,0.29817175731489637,-0.9994591490787625,0.15009746588693962,0.10136452241715399,0.050682261208576884
2025-06-23,BASG,25.1572,1,0.3944554358382064,-0.033125719455957554,0.04233380503394657,0.04511630865120142,0.0498584898160368
2025-06-23,BGM,13.12,1,0.33311438695403683,-0.9971698236894205,-0.19283536585365846,-0.24314024390243905,-0.2347560975609756
2025-06-23,BRKW,50.4313,1,0.32411780781330796,-0.0489477939622355,-0.012397062935121661,-0.03492275630412067,-0.045434085577805816
2025-06-23,BTCI,58.74,1,0.3129397554707132,-0.9972077675126726,0.01634320735444339,0.028430371127000198,0.10776302349336042
2025-06-23,EMOP,35.1695,1,0.3270095657334036,-0.04845351275305111,0.028081149859963794,0.029849727747053523,0.03793343664254545
2025-06-23,EXUS,25.0066,1,0.3492120816230473,-0.04650253349669591,0.04316060560012147,0.03372709604664381,0.02732878520070714
2025-06-23,FOX,51.4,1,0.3161018474990329,-0.9960174880099132,0.00447470817120621,-0.016926070038910446,-0.0005836575875486361
2025-06-23,FOXA,56.08,1,0.3094368916426244,-0.9981176480681916,-0.0007132667617688604,-0.017653352353780183,-0.0030313837375178787
2025-06-23,LIAE,220.2456,1,0.3037034906218321,-0.9986392133499716,0.008963175654814304,-0.005065254425060006,0.004223466893322758
2025-06-23,LIAM,243.1554,1,0.3083514589557711,-0.9992587497571455,0.010131792261245387,-0.00485409742082632,0.004358118306235559
2025-06-23,MPU,0.93,1,0.31081169141374543,-0.9979681602114542,0.24731182795698903,1.6344086021505375,1.6236559139784945
2025-06-23,NYT,54.72,1,0.30303429902925116,-0.9982739015348023,0.023026315789473673,0.030884502923976598,-0.023209064327485263
2025-06-23,RFIX,47.54,1,0.32831466036981305,-0.9984403845464838,0.0227177114009256,-0.04669751787968024,-0.045645771981489336
2025-06-23,RW,25.2699,1,0.3411397296922722,-0.04744320915560263,0.027309170198536625,0.015765792504125464,0.031266447433507816
2025-06-23,WTIP,29.875,1,0.3214419457671083,-0.04774420506436847,0.0013389121338911458,0.01774058577405868,0.0338075313807531
2025-06-24,CHACU,10.5,1,0.3030754257355859,-0.07824577529334525,-0.0028571428571427804,-0.02285714285714291,0.32852380952380966
2025-06-24,CTWO,16.575,1,0.3366587255280209,-0.04651724998094149,-0.0015082956259425684,-0.006033182503770607,-0.018099547511312264
2025-06-24,MARPS,4.96,1,0.30881849819364426,-0.9974995585516558,-0.07560483870967738,-0.08064516129032262,-0.05443548387096764
2025-06-24,PMTRW,0.62,1,0.34383405875318185,-0.048047358832707235,0.048387096774193505,0.0903225806451613,0.20967741935483875
2025-06-24,TACHU,10.45,1,0.3314238725824125,-0.06978020723867132,-0.022009569377990257,-0.024880382775119614,-0.022009569377990257
2025-06-25,BINT,25.379,1,0.39724288748473935,-0.045014362625325294,0.023680996099137097,0.02838567319437324,0.04160132392923277
2025-06-25,BLGR,25.6985,1,0.4120278933894643,-0.044566658344621035,0.018892153238516007,0.02982664357841891,0.050582718835729734
2025-06-25,BLUC,25.5225,1,0.38961623676240464,-0.04432739444635926,0.021028504260946157,0.02928788324027809,0.045685179743363724
2025-06-25,BLUI,25.0379,1,0.3123460478145608,-0.04834859664694177,0.007324895458484804,0.006074790617424108,0.009425710622696037
2025-06-25,BLUX,25.4607,1,0.37802911674641715,-0.046443572904120586,0.02921365084227845,0.038938442383752214,0.045788214778069714
2025-06-25,BVAL,25.3239,1,0.37905214010045785,-0.045337597701641835,0.026011001465019445,0.03301624157416527,0.03932648604677813
2025-06-25,COLO,29.72,1,0.3312965326736664,-0.046197468066425995,-0.00302826379542398,-0.019515477792732105,-0.014131897711978425
2025-06-25,DBJP,74.444,1,0.3027485125102294,-0.9994267676639191,0.018523991188007072,0.017114878297781022,0.07369700714631122
2025-06-25,FXED,17.915,1,0.3263637591939665,-0.9946782871056966,0.017862126709461412,0.024560424225509525,0.026234998604521387
2025-06-25,INLX,11.5,1,0.3685920535136278,-0.9914127307521691,0.037391304347826004,0.13043478260869557,0.13478260869565228
2025-06-25,IPCX,10.3,1,0.3003204676297969,-0.03840225151489362,-0.01650485436893201,-0.014563106796116498,-0.011165048543689382
2025-06-25,MTR,5.25,1,0.3040053373440856,-0.9996643944487148,0.07238095238095243,0.05716190476190475,0.05714285714285716
2025-06-25,RDAG,10.33,1,0.2990774963719932,-0.049982041000959085,-0.006776379477250738,-0.0058083252662149976,0.0029816069699901693
2025-06-25,RDAGW,0.7501,1,0.34898440795345187,-0.04862373788221447,-0.047993600853219576,-0.00013331555792561733,0.03986135181975747
2025-06-25,SWBI,8.59,1,0.30737601585141083,-0.9965606260356396,0.04074505238649584,0.006984866123399325,-0.04190919674039573
2025-06-26,CHI,10.41,1,0.47425616290201966,-0.9987666796093043,0.016330451488952846,0.00672430355427478,0.0028818443804032867
2025-06-26,CRDT,24.61,1,0.33063749236497186,-0.9965039452915335,-0.02786265745631855,-0.027224705404307104,-0.024786672084518457
2025-06-26,HTO,51.64,1,0.405575006822134,-0.993431582880199,0.02517428350116191,-0.01355538342370266,-0.058675445391169645
2025-06-26,PFFL,8.3665,1,0.3187999833709536,-0.9968113399818965,0.029331261578915857,0.03497280822327142,-0.015119823104045915
2025-06-26,TEXN,25.1447,1,0.4201335008361383,-0.04449080927519575,0.024072667401082493,0.025910032730555477,0.030742064928195534
2025-06-27,ABXB,19.501,1,0.30800291176221173,-0.040163405497058643,0.0004615147941131603,-0.0014306958617508192,0.0018973385980205482
2025-06-27,AFRI,7.76,1,0.3069559217273441,-0.997054417116852,-0.003865979381443174,-0.002577319587628857,-0.0012886597938144284
2025-06-27,CAIE,25.4017,1,0.34016397233586176,-0.04630605883709425,0.0158926371069652,0.027096611644102486,0.05740954345575289
2025-06-27,CMSC,22.49,1,0.3222021827596353,-0.9945678586527524,-0.009337483325922546,-0.00044464206313910015,0.0004446420631392112
2025-06-27,CSCS,24.74,1,0.3472793074714504,-0.04896763445037859,-0.007679870654809906,0.008286176232821463,0.009737267582861753
2025-06-27,CTIF,50.1588,1,0.37682197140442175,-0.045697896967824225,0.012466406692345222,0.01045080823305189,0.024051612080033813
2025-06-30,AFOS,25.6002,1,0.3631450000344216,-0.044267548232462844,0.007316349091022634,0.024312310060077724,0.0539839532503652
2025-06-30,ALF,10.52,1,0.2915749402001254,-0.9980628297025573,-0.000950570342205248,0.001901140684410496,0.001245247148288886
2025-06-30,BBUC,31.2,1,0.3257101732389447,-0.9978348899027227,-0.033012820512820396,-0.04487179487179482,0.024038461538461453
2025-06-30,BGLWW,0.19,1,0.3227744022521593,-0.0497206919808601,0.8678947368421053,1.2105263157894735,1.7894736842105265
2025-06-30,BTCC,35.7,1,0.3310774982330398,-0.9949525355415814,0.015700280112044718,0.02376470588235291,-0.013445378151260567
2025-06-30,CLIP,100.42,1,0.5104675136670048,-0.9993297111153271,-0.002788289185421289,-0.0020414260107548543,-0.0003485361481776472
2025-06-30,CNX,33.68,1,0.3402757060609509,-0.9971311975217316,-0.037707838479810074,0.004156769596199483,-0.10005938242280288
2025-06-30,DFE,70.1221,1,0.3234655741272019,-0.9994617784297767,0.007207428185978415,-0.006313273561402211,-0.003596583673335485
2025-06-30,DIVN,25.1322,1,0.35548365353692835,-0.04351679566970505,0.02298246870548537,0.004229633697010016,0.030415164609544743
2025-06-30,DOL,59.567,1,0.3299595803266857,-0.9971119197195448,0.0007554518441419411,-0.014573505464435033,0.0052545872714757635
2025-06-30,DWM,63.56,1,0.32292722283068004,-0.9987009969383362,0.0005679672750156239,-0.01210195091252364,0.004441472624292064
2025-06-30,ETR,83.12,1,0.30467345913123206,-0.9969313604606177,-0.026347449470644824,-0.003007699711260803,0.061597690086621526
2025-06-30,EVSB,50.81,1,0.4942513157556171,-0.9974769679951087,0.000787246604998959,0.0017713048612477689,0.0029521747687462074
2025-06-30,GBND,50.2265,1,0.3723836980465956,-0.044450176099895655,-0.007388529959284407,-0.009785670910774202,-0.0001632604302510554
2025-06-30,HUMN,25.1,1,0.3380798635130212,-0.047713043348919244,-0.029980079681274918,-0.004382470119522086,0.02452589641434244
2025-06-30,KKRT,25.72,1,0.3277191022549708,-0.11851690251080288,-0.005443234836702948,-0.010108864696733999,0.004276827371695102
2025-06-30,LXRX,0.9457,1,0.30766141325146645,-0.9982672196153246,-0.030770857565824317,0.21603045363222995,0.13143703077085767
2025-06-30,NOBL,100.7,1,0.30675741754078634,-0.9987575475638453,0.01757696127110231,0.005759682224429019,0.026415094339622636
2025-06-30,QB,40.3266,1,0.32544700480304534,-0.046443621960706116,8.431159582000802e-05,-0.0015275277360352613,-0.0006596142496516633
2025-06-30,QQXT,98.8,1,0.3035761094560786,-0.9991928469619739,0.005161943319838214,-0.007186234817813664,0.01570141700404859
2025-06-30,SFTY,25.5024,1,0.35340599821857377,-0.04584702712302466,-0.0015880858272163678,0.002219398958529295,0.02077059414015925
2025-06-30,STOX,25.7075,1,0.3620883425068753,-0.04479292394302897,-0.008487795390450192,-0.004084411164057222,0.015419624623164374
2025-06-30,TGLB,25.607,1,0.3541852366112614,-0.04555234075349281,0.0020697465536767545,-0.004569063146795838,0.007150388565626553
2025-07-01,AKAF,26.031,1,0.3594557313968597,-0.03376990549696223,0.010429872075602198,0.004045176904460046,0.001932311474780013
2025-07-01,BDMD,3.86,1,0.3067413985286773,-0.9996512443627509,-0.06476683937823835,-0.18652849740932642,-0.45854922279792754
2025-07-01,CGGG,25.9403,1,0.3953541797295488,-0.03606866400913977,0.024853220664371678,0.035839986430380444,0.06970235502287947
2025-07-01,CGVV,25.77,1,0.36431143595598087,-0.03408490813668695,0.0011641443538998875,-0.008218859138533152,-0.010477299185098987
2025-07-01,EQR,67.26,1,0.3014915783086164,-0.9995116432275911,-0.010853404698186186,-0.004608980077311919,-0.02914064823074647
2025-07-01,GROW,2.46,1,0.295409487730775,-0.9986006228902271,-0.020325203252032464,-0.012195121951219412,-0.03658536585365846
2025-07-01,IQHI,26.235,1,0.32422892144971627,-0.9957548631011659,-0.0013340956737183385,-0.0009529254812272736,0.0047188869830379065
2025-07-01,LINE,43.25,1,0.3127533729803784,-0.9982130066276612,-0.009017341040462479,-0.05549132947976876,0.006936416184970984
2025-07-01,METCZ,24.94,1,0.33100349228346576,-0.9965728320346995,0.002405773857257376,0.01724137931034475,0.012413793103448256
2025-07-01,PCFI,24.75,1,0.356011828187767,-0.8162676247958937,-0.0022222222222222365,0.00484848484848488,0.002626262626262754
2025-07-01,TNGY,8.97,1,0.3104410260441104,-0.037753633349402446,0.0068784838350055555,0.00557413600891854,0.01783723522853964
2025-07-02,AOUT,10.54,1,0.3051732441609488,-0.9963742479293546,-0.07969639468690703,-0.0863377609108158,-0.10721062618595811
2025-07-02,FBDC,21.2,1,0.376264358064891,-0.04475690615337035,0.021226415094339535,0.054245283018867996,0.002358490566037874
2025-07-02,JMTG,50.21,1,0.3762057626784825,-0.04304506289379248,-0.005178251344353679,-0.010555666201951808,-0.0055765783708424665
2025-07-02,PVEX,25.3458,1,0.32951445852097494,-0.048528286537483825,0.01842514341626611,0.02553874803715006,0.026327833408296586
2025-07-02,RB,40.3707,1,0.3451125291156244,-0.03563150154834867,0.008508646122063812,0.011572749543604655,0.007703606823760811
2025-07-02,UMBFO,25.97,1,0.378632853416731,-0.12261896759878115,0.0026954177897573484,0.016942626107046665,0.008856372737774398
2025-07-03,CSPF,25.5601,1,0.34472528017741677,-0.6078769884217504,0.001521903278938641,0.0009741745924312095,0.0007785572043927935
2025-07-03,FGSI,20.525,1,0.44889194136261107,-0.04046421189245522,-0.007654080389768558,0.0014616321559075551,-0.011259439707673513
2025-07-03,GRAN,5.12,1,0.3761746353662182,-0.04315629177442003,0.0185546875,0.025390625,-0.11718750000000011
2025-07-03,ODYS,4.85,1,0.32289850543876103,-0.9960760315348588,-0.010103092783505074,-0.010309278350515427,-0.08041237113402055
2025-07-03,OPPJ,36.875,1,0.33794228377071833,-0.046808045378491925,-0.019661016949152565,-0.03783050847457636,0.005966101694915293
2025-07-03,RFIX,46.56,1,0.35913117116485727,-0.9936396786490029,-0.042734106529209615,-0.04982817869415812,-0.0068728522336769515
2025-07-07,EMPG,3.21,1,0.34204986213847255,-0.049525611406146655,-0.10591900311526481,0.15264797507788175,0.8691588785046729
2025-07-07,MACIW,0.377244,1,0.5406563114405384,-0.032525545373950235,-0.20422856294599778,-0.47514075770588793,-0.5949809672254562
2025-07-07,OS,26.47,1,0.30614882890978096,-0.9990499773482631,-0.041178692859841326,-0.05251227805062342,-0.1008689081979599
2025-07-07,SSK,25.16,1,0.31692942143231484,-0.0498328422193145,0.0671701112877583,0.21661367249602548,0.0679650238473768
2025-07-07,TIER,25.2896,1,0.3394912053332874,-0.03643453745387097,0.004365430849044616,0.014448627103631484,0.004578957357965319
2025-07-08,BEGS,28.9567,1,0.30268714646214123,-0.9997327050538233,0.10012535958862712,0.20440865153833143,0.12893043751532463
2025-07-08,CRPT,23.09,1,0.349768356940589,-0.9975243369320029,0.04114335210047626,0.06929406669553928,-0.07145950627977471
2025-07-08,GXIG,25.21,1,0.3229472633538873,-0.037236626349438716,-0.005950019833399489,0.010313367711225707,0.013486711622372027
2025-07-08,NTWK,3.54,1,0.3083050612724979,-0.9973835609560854,0.062146892655367214,0.1723163841807911,0.22598870056497167
2025-07-08,ONCHU,10.3,1,0.2971844003864535,-0.03934316764377291,0.007281553398058138,0.011650485436893065,0.02135922330097073
2025-07-08,ULTY,62.3,1,0.29160595989245197,-0.9992493669843352,0.011235955056179803,0.009630818619582593,-0.019261637239165297
2025-07-09,CAPN,10.32,1,0.31738845167195234,-0.07943992575191988,0.0009689922480620172,0.005813953488372103,0.018410852713178327
2025-07-09,TCPC,7.73,1,0.32830187267416927,-0.9962631168580102,0.009055627425614388,-0.011642949547218673,-0.06856403622250973
2025-07-10,AWRE,2.25,1,0.29978321466779834,-0.9972484894102975,0.057777777777777706,0.11555555555555541,-0.04444444444444451
2025-07-10,CBTY,25.455,1,0.35471021469478997,-0.047922112812631694,0.024278137890394902,0.023374582596739524,0.021520329994107357
2025-07-10,CBXY,25.2904,1,0.3672519543525519,-0.04471638057507096,0.015333881630974489,0.015072913042103009,0.018172903552335917
2025-07-10,CGTX,0.6997,1,0.2969230728086408,-0.9986268149395299,-0.028154923538659338,0.23138487923395745,-0.03244247534657707
2025-07-10,EVG,11.21,1,0.32351954287805573,-0.9970222229026112,-0.01873327386262269,-0.01605709188224813,0.005352363960749118
2025-07-10,FMAO,26.48,1,0.3347889883218626,-0.9964384298652893,-0.020581570996978882,-0.022469788519637435,-0.1061178247734138
2025-07-10,TBJL,19.6548,1,0.3022305865927256,-0.998753140880546,-0.017573315424222136,-0.009911064981582118,0.0071229419785496795
2025-07-11,ASCE,24.7533,1,0.4044220590890868,-0.03516144881124675,0.00018987367340916883,0.015448445257804089,0.024037199080526594
2025-07-11,CAEP,10.57,1,0.30230738724438705,-0.03798850716068322,0.018921475875118166,0.016083254493850507,-0.0028382213812678803
2025-07-11,LGHT,10.3,1,0.34371247741184013,-0.9956514450870505,-0.0037087378640777713,0.03034951456310675,-0.009708737864077777
2025-07-11,VGVT,75.095,1,0.3501278857069855,-0.044895682253315916,-0.0005992409614488103,0.002596710832944993,0.008589120447433096
2025-07-11,VTG,74.9703,1,0.37310081545886525,-0.044344424504078966,0.00010003961568783026,0.0034320257488631434,0.00873279151877493
2025-07-11,XOEF,24.9069,1,0.35073653291283957,-0.045139185256578854,0.0005219437184071918,0.017601548165367964,-0.0062392349108079115
2025-07-14,ABVEW,0.2296,1,0.32483270271368553,-0.06945892067060117,0.11062717770034847,-0.20470383275261317,-0.17378048780487798
2025-07-14,EVTL,5.0,1,0.28740925953982294,-0.9999965146462741,0.3599999999999999,0.3580000000000001,0.040000000000000036
2025-07-14,GEOA,29.7349,1,0.3644935688495367,-0.033621422959126096,-0.0025189255723072623,-0.006689109430332629,-0.014380408207190776
2025-07-14,HFRO,5.3,1,0.3087375687030344,-0.9971333038853325,-0.026415094339622636,-0.01886792452830177,0.1301886792452831
2025-07-14,NEWTI,25.25,1,0.32997697160024425,-0.996927051230675,-0.005940594059405835,0.0007920792079207928,-0.013465346534653477
2025-07-14,RIV,12.33,1,0.31996283308434814,-0.9962699433124199,-0.012976480129764822,0.0,0.005677210056772131
2025-07-14,RNAC,13.06,1,0.30127573640844507,-0.9994388423451568,-0.0773353751914242,0.04900459418070424,-0.15007656967840743
2025-07-14,RNEM,54.8,1,0.32829321108599,-0.9996324562535736,0.005200729927007375,-0.007755474452554645,-0.011587591240875827
2025-07-14,VTP,75.185,1,0.3635310573295578,-0.03412814963749059,0.005406663563210623,0.0029926182084192288,0.011614018753740796
2025-07-15,AKAN,20.1563,1,0.29331170295855397,-0.9965422685903864,0.03875711316064945,0.0775191875493022,0.031007675019720793
2025-07-15,HOLX,63.26,1,0.3251688720858148,-0.9970604285267046,0.033354410369902165,0.043945621245653044,0.07413847613025615
2025-07-15,YNOT,25.745,1,0.36402674375446353,-0.0357022749555632,-0.005208778403573477,0.016725577782093604,0.0406991648863857
2025-07-16,ALM,4.87,1,0.32862448784811016,-0.04587325832979939,-0.07392197125256683,-0.2813141683778234,-0.028747433264887046
2025-07-16,GQGU,25.04,1,0.38294223579453535,-0.04387114914424802,-0.003833865814696469,-0.011733226837060573,0.006038338658146847
2025-07-16,HOLA,49.7635,1,0.3996951872733215,-0.04944937340479354,0.0216323208777518,-0.002911772684799141,0.02216483969174199
2025-07-16,LEVI,20.97,1,0.35283161154567527,-0.9994908102500719,0.005722460658083017,-0.05817835002384353,0.0
2025-07-16,MNY,1.62,1,0.30420190138566605,-0.9983107879565525,0.20987654320987637,0.03703703703703698,0.22839506172839497
2025-07-16,PRMB,28.64,1,0.3255396060744931,-0.9984618509102303,-0.0006983240223463749,-0.02304469273743015,-0.14769553072625696
2025-07-16,TDTH,0.869,1,0.31250231671013895,-0.9977331746471754,1.0828538550057538,0.6110471806674338,0.1150747986191023
2025-07-17,GUT,6.08,1,0.30945923778466433,-0.9962231013794031,0.016447368421052655,-0.009868421052631637,0.0
2025-07-17,HFEQ,20.1784,1,0.3350446534966871,-0.04586017806699568,0.012627363913888079,0.005862704674305164,0.03983963049597583
2025-07-17,NMS,11.15,1,0.3010818056726571,-0.9978692762055432,0.007174887892376747,0.013452914798206317,0.021524663677130018
2025-07-17,PYPG,19.9564,1,0.3409290518673239,-0.9994168430059999,0.10603615882624129,-0.1499017858932472,-0.14463530496482324
2025-07-18,CDRE,32.64,1,0.30261437172128997,-0.9991729819152861,0.03829656862745101,-0.009191176470588203,-0.10386029411764708
2025-07-18,CNX,34.19,1,0.3424988678356199,-0.9929716123991968,-0.09066978648727697,-0.1544311202105878,-0.15794091839719215
2025-07-18,HTO,50.24,1,0.3571753472526547,-0.9969391301073128,-0.032444267515923664,-0.014928343949044631,-0.00437898089171973
2025-07-18,KIE,57.6,1,0.3287418738136127,-0.9981679839344857,0.001388888888888884,-0.03281250000000002,0.004513888888888928
2025-07-18,OTGL,9.1971,1,0.3372844108681545,-0.03530127280577336,-0.01429798523447623,-0.033075643409335775,0.0024899152993878015
2025-07-18,TBBB,26.02,1,0.34730552360183214,-0.9937929440618993,-0.015757109915449652,-0.019984627209838624,0.002305918524212025
2025-07-21,ASMG,12.62,1,0.31621918753037787,-0.9976881275666717,0.02456418383518222,-0.061014263074484876,0.06180665610142633
2025-07-21,IHE,66.89,1,0.32871895486429037,-0.9977673226431893,0.026252055613694036,0.015679473762894247,0.0390192853939304
2025-07-21,MRGR,42.412,1,0.44390388258835006,-0.9991578906063703,0.0034825049514288775,0.0042275771008204455,0.013680090540413081
2025-07-21,NEXM,5.9,1,0.3936406923475606,-0.08905394943506784,-0.023728813559322104,-0.0474576271186441,-0.05423728813559325
2025-07-21,TCV,24.975,1,0.3745975388917856,-0.04531020942958896,0.00745545545545534,-0.06294694694694702,-0.02562962962962967
2025-07-22,APUS,1.99,1,0.35172805251256267,-0.30915923868576245,-0.05829145728643215,-0.16080402010050254,-0.045226130653266416
2025-07-22,IHY,22.23,1,0.323407066596165,-0.9956843399415558,-0.013045434098065689,-0.015294646873594275,-0.0080971659919028
2025-07-22,OCCI,6.08,1,0.3366577484853542,-0.9958229813621077,-0.008223684210526327,-0.01726973684210531,-0.07730263157894735
2025-07-22,OYSEU,10.14,1,0.30460642006204347,-0.03948646894534141,0.004930966469427922,0.004930966469427922,0.0039447731755424265
2025-07-22,TLTX,25.403,1,0.3537027574395314,-0.035209092126765096,-0.002676849191040387,0.02163523993229144,-0.012860685745778033
2025-07-23,AAAA,25.439,1,0.465615695090291,-0.049424084891344006,-0.00033413263099968393,-0.00015330791304690727,0.008121388419356279
2025-07-23,NVG,11.51,1,0.3117268421664985,-0.9967951244146248,0.0,0.023457862728062606,0.006081668114682914
2025-07-23,UXJL,30.4133,1,0.3518800475510089,-0.044131879055112566,0.0009338019879461257,-0.002577819572358142,0.0054811546264299515
2025-07-24,BKV,20.23,1,0.3530619867007973,-0.9969818098694003,0.02026693030153237,-0.022244191794364765,0.09985170538803745
2025-07-24,FTHF,26.8767,1,0.3219533958168362,-0.9992951895748717,-0.018893688585280177,0.0219520997741538,0.0032518873224762768
2025-07-24,FVN,10.45,1,0.5018974796793323,-0.03530998412879101,-0.002870813397129135,0.009569377990430672,0.009569377990430672
2025-07-24,GTEN,10.42,1,0.2957510797165721,-0.03912781689770203,-0.0019193857965450478,-0.019193857965451033,-0.023512476007677474
2025-07-24,GTENW,1.3,1,0.33816822946881026,-0.03875048874146962,-0.03846153846153855,-0.4,-0.4307692307692308
2025-07-24,NBH,9.69,1,0.3035716698306334,-0.997683156174798,0.011351909184726727,0.01754385964912286,0.007223942208462342
2025-07-24,NCL,1.516,1,0.28681634360895136,-0.9994032275921692,-0.12031662269129295,-0.16781002638522424,-0.30554089709762533
2025-07-25,AAUS,50.5921,1,0.3472630325376646,-0.045650188043196954,-0.027800783126219364,0.01252567100397095,0.02202320125078816
2025-07-25,CLCV,25.3388,1,0.37986137881083143,-0.045036117863737915,-0.03448466383569859,-0.02481569766524061,0.0018311837971807243
2025-07-25,DOUG,3.03,1,0.32729984547401186,-0.9975349771891285,-0.3003300330033003,-0.26072607260726066,-0.12211221122112204
2025-07-25,DVIN,26.2965,1,0.36936670305037955,-0.04755110778505839,-0.06673511684064426,-0.05645998516912898,-0.025915996425379895
2025-07-25,DVXC,24.8175,1,0.38907462546294175,-0.04858238493445455,-0.0271340787750578,-0.0009428830462374638,0.06108189785433682
2025-07-25,DVXF,25.717,1,0.3592395811540237,-0.044705075307498426,-0.07665746393436246,-0.06254228720301747,-0.004358984329431825
2025-07-25,DVXK,25.5997,1,0.3256512270329552,-0.04784368393440211,-0.03770356683867382,0.025562799564057492,-0.004191455368617536
2025-07-25,DVXP,24.9656,1,0.382604283475707,-0.04246483586456218,-0.032600858781683506,0.019394687089435036,0.015441247156086746
2025-07-25,DVXV,25.7174,1,0.36482511386968663,-0.04464724914394954,-0.048978512602362745,-0.05736583013834995,0.002231951908046703
2025-07-25,GTENU,11.32,1,0.33159961298424057,-0.07049792003151108,-0.06095406360424027,-0.08215547703180204,-0.08745583038869265
2025-07-25,GXPE,25.4653,1,0.39091513779500764,-0.044095042201227425,-0.013492870690704595,-0.02363215827027365,0.01323369447836864
2025-07-25,KVAC,11.49,1,0.292557549742625,-0.1410672903185654,-0.003481288076588429,0.011314186248912117,0.009573542210617791
2025-07-25,REG,71.18,1,0.30915340926732426,-0.9993302135063775,-0.009834223096375383,0.010396178701882475,0.016437201461084294
2025-07-28,AVXL,11.57,1,0.3225834513945359,-0.995004206953596,-0.06482281763180642,-0.019014693171996555,-0.18755401901469315
2025-07-28,CCBG,40.48,1,0.3430684795033607,-0.9989277663874756,-0.03853754940711451,-0.03680830039525684,0.0518774703557312
2025-07-28,GRIN,25.3681,1,0.2965765534588955,-0.9991663206723869,0.004828899286899668,0.009732695787228796,0.026486019843819708
2025-07-28,GXPS,24.6681,1,0.35113668339459697,-0.0352713294033484,0.003080902055691448,0.03148600824546688,0.00970889529392216
2025-07-28,JOJO,15.12,1,0.30846303892303073,-0.9971166966245034,0.024563492063492065,0.019841269841269993,0.013525132275132412
2025-07-28,MBSX,25.9052,1,0.3158790539604968,-0.9969892896513542,0.0030959035251609812,0.007446381421490678,0.006554668560752264
2025-07-28,MH,16.58,1,0.3425944140841452,-0.04520210820375997,-0.08082026537997578,-0.21531966224366705,-0.1278648974668274
2025-07-28,UBOT,23.8329,1,0.3175554104558657,-0.9972864274692502,-0.01900314271448289,-0.0586542132933886,-0.040821721234092334
2025-07-28,VWAVW,0.385,1,0.3109691985926789,-0.03897443924095155,-0.5148051948051948,-0.5766233766233766,-0.4545454545454546
2025-07-29,AALG,11.42,1,0.3372266841886147,-0.45235323576047265,0.031164623467600627,0.26308231173380037,0.2832749562171628
2025-07-29,FWRG,16.88,1,0.3216300186662148,-0.9984660979515474,0.05746445497630348,0.05450236966824651,0.13566350710900488
2025-07-29,JABS,50.09,1,0.32472510677791605,-0.03654765482595031,0.004691555200638797,0.005689758434817227,0.008185266520263523
2025-07-29,MAT,17.41,1,0.32129061097219325,-0.9996160086075103,-0.02412406662837463,0.0304422745548536,0.06433084434233205
2025-07-29,MBUU,35.34,1,0.3058051503368737,-0.9986707699588632,-0.04810413129598201,0.001697792869269854,0.083474816072439
2025-07-29,MPB,27.32,1,0.327802702035654,-0.9977203010454242,-0.008418740849194695,0.042093704245973695,0.0980966325036603
2025-07-29,TIIV,24.656,1,0.4321458383105034,-0.04479577766076683,-0.01273523685918232,0.02378731343283591,0.03341985723556129
2025-07-29,TPH,31.28,1,0.3003975580998177,-0.9997946947122206,0.06713554987212289,0.09079283887468015,0.12148337595907921
2025-07-29,TTE,61.46,1,0.3129879568651581,-0.997133852989456,-0.019199479336153624,0.0032541490400259665,0.0074845427920597896
2025-07-30,AIPO,20.6234,1,0.36639324115866373,-0.036627270833216874,-0.0025989894973670324,0.0010376562545457713,-0.013838649301279093
2025-07-30,BESS,6.2,1,0.31640830923306096,-0.9967440345647874,0.048387096774193505,-0.34838709677419355,0.048387096774193505
2025-07-30,BFIX,24.96,1,0.2981975022383777,-0.9983570523159884,0.00594150641025637,0.00961137820512814,0.00560897435897445
2025-07-30,BLST,25.039,1,0.29635527167214665,-0.038712567401954556,0.006829346219896948,0.008227165621630173,0.01042373896721105
2025-07-30,CGCTU,10.27,1,0.36901731603834365,-0.06906907900275536,-0.009737098344693274,-0.0019474196689386325,0.04186952288218104
2025-07-30,COLB,23.88,1,0.3111531024445575,-0.9980734266594926,-0.00041876046901168085,0.0942211055276383,0.14363484087102174
2025-07-30,EGHA,10.04,1,0.30695318662175863,-0.0374350040290429,0.0,-0.0009960159362549792,-0.0029880478087648266
2025-07-30,FMC,41.33,1,0.2983184732619054,-0.9980079361476369,-0.11178320832325184,-0.09170094362448578,-0.038470844422937245
2025-07-30,GXPC,24.9814,1,0.4852347080788416,-0.04723601698756705,0.02920572906242236,0.04956487626794326,0.051234118183928645
2025-07-30,IVOG,117.44,1,0.305315252288466,-0.9982700556954369,-0.019327316076294343,0.006249148501362489,0.011239782016348787
2025-07-30,NCNA,9.34,1,0.28512693779473236,-0.999780495635952,-0.13490364025695933,-0.512847965738758,-0.6531049250535332
2025-07-30,VRME,0.686199,1,0.4993894984069389,-0.9972707205218805,0.48644926617497264,0.3560206295841293,0.32935198098510776
2025-07-31,AXR,22.25,1,0.31738458244313605,-0.9958901801638094,-0.011235955056179803,0.0004494382022472987,0.0022471910112360494
2025-07-31,OFSSO,25.03,1,0.3623254604698549,-0.03440797107772123,-0.0007990411506192396,0.004794246903715438,0.0067918497802637035
2025-07-31,SGVT,100.41,1,0.5301093519511632,-0.03332114098881664,-0.0016930584603127574,-0.0007967333930882781,0.0007917538093815679
2025-08-01,BENJ,51.03,1,0.3141105234374597,-0.07108986763256345,0.0004899078973152893,0.0011757789535566943,0.0029394473838917357
2025-08-01,BSAAU,10.309,1,0.32346051246346424,-0.03709208940175278,-0.019303521195072282,-0.019303521195072282,-0.019303521195072282
2025-08-01,DAK,24.4949,1,0.35136929047279275,-0.04505831931081364,0.02085332048712174,0.03368048042653782,0.0396204924290362
2025-08-01,FR,47.88,1,0.3213703489799953,-0.9976550656998459,0.003550543024227082,0.02130325814536338,0.09857978279030899
2025-08-01,SEMG,26.06,1,0.3747545712405678,-0.9959221271588377,0.0038372985418266836,0.012279355333844943,0.016116653875671627
2025-08-01,SSFI,21.4609,1,0.30872010809328065,-0.9971070236520085,-0.0016728096212180743,-0.0023717551454038865,0.0031778723166315803
2025-08-01,TBHC,1.23,1,0.3080446166321047,-0.03779600397857803,0.008130081300812941,0.21138211382113825,0.2195121951219512
2025-08-01,USRT,55.74,1,0.3489846594889926,-0.9997547175999673,0.003946896304269698,0.012199497667743087,0.05023322569070676
2025-08-01,USSH,50.755,1,0.31191415266542316,-0.9970985978184845,-0.000886612156437816,0.0,0.000886612156437705
2025-08-01,XLBI,23.9601,1,0.34896193852945134,-0.04596664917150395,0.01782129456888737,0.03689884432869639,0.058948001051748466
2025-08-01,XLCI,24.7987,1,0.36429325437226234,-0.04538117488135557,0.013968474153887023,0.025477141946956827,0.027243363563412615
2025-08-01,XLEI,24.5116,1,0.3539191737205163,-0.04527301238806991,-0.005548393413730701,0.0025538928507318204,0.03493448000130539
2025-08-01,XLFI,24.2968,1,0.3670104312515432,-0.044703098158642915,0.00870896578973368,0.02256264199400726,0.04522817819630576
2025-08-01,XLII,24.3412,1,0.34294705217230326,-0.04604295947787288,0.0075509835176572615,0.009485974397318131,0.02039340706292192
2025-08-01,XLKI,24.4913,1,0.3848254538975162,-0.04344856029168895,0.031443818825460434,0.03501651606897149,0.029071547855769264
2025-08-01,XLRI,24.7849,1,0.3913384767604152,-0.04579734399707801,0.0008271165104558609,0.0019245589048169087,0.017111224979725614
2025-08-01,XLYI,24.0352,1,0.36446957293356996,-0.04610572806988547,0.034316336040473905,0.05489448808414332,0.06889062708028226
2025-08-04,AEMS,10.07,1,0.34069486290137985,-0.11682931570581868,0.010873882820258363,0.020854021847070303,0.018828202581926634
2025-08-04,ANIK,8.77,1,0.31061495765682023,-0.999391038017704,-0.06385404789053573,-0.009122006841505104,0.04332953249714944
2025-08-04,BCLO,49.76,1,0.3348311997133814,-0.9985067620738171,0.00040192926045024,0.005225080385852232,0.0029943729903536553
2025-08-04,BILT,25.5948,1,0.35883801059297366,-0.044171838493622245,-0.005106506009033174,-0.0015550033600575386,-0.010775626299092012
2025-08-04,BRHY,51.5705,1,0.3441992296475164,-0.9964849237790434,0.0006689871147262938,0.0029958988181226776,0.0028019895095063863
2025-08-04,BRRWW,1.71,1,0.29999217993031974,-0.0482748355301417,0.023391812865497075,-0.15198830409356723,-0.3099415204678363
2025-08-04,BUFX,20.45,1,0.3103980445920523,-0.03802450064123007,0.0024449877750611915,0.006356968215158965,0.0068459657701711585
2025-08-04,CHARU,10.25,1,0.31524729939823815,-0.03856445123520446,0.024390243902439046,0.04292682926829272,
2025-08-04,DDFL,19.85,1,0.30781273288924194,-0.038560344664088295,0.0014710327455920158,0.005652392947103069,0.006065491183879113
2025-08-04,DHDG,32.11,1,0.32671148214376206,-0.9990593425764643,0.0029803799439427348,0.009137340392401105,0.010277172220491959
2025-08-04,EMPD,9.04,1,0.37779028645175394,-0.046875228998367754,0.1393805309734515,-0.200221238938053,-0.20796460176991138
2025-08-04,EQ,0.5633,1,0.31331690758790504,-0.9995064702136652,0.5725190839694656,1.378838984555299,2.0534351145038165
2025-08-04,FGMCU,10.218,1,0.2959306020541118,-0.9990514456811926,0.002299862986886003,-0.005676257584654509,-0.0007829320806419515
2025-08-04,JBGS,20.56,1,0.40378152432370257,-0.9891207565679873,-0.05642023346303504,-0.032101167315175094,0.036478599221789976
2025-08-04,JHHY,25.8178,1,0.32315307353006695,-0.9951989272990858,0.0010535367072330715,0.004830001007057216,0.004508517379482546
2025-08-04,LCOW,22.29,1,0.4245772847099474,-0.9938423738323064,0.0020637056976222645,0.012754598474652434,0.009075818752803944
2025-08-04,MRNOW,0.2899,1,0.4472220698353517,-0.07909204981907231,-0.18799586064160057,-0.24974129010003443,-0.275612280096585
2025-08-04,NAUG,28.04,1,0.32775578784120674,-0.9988045030190217,0.008202567760342339,0.011883024251069907,0.003933666191155538
2025-08-04,PCGG,12.1082,1,0.3484807947429412,-0.9962147976040818,-0.0015361490560115154,0.00996845113229039,-0.003980773360202194
2025-08-04,QBSF,25.27,1,0.3087618658741423,-0.03823169366944795,0.0017807677087455787,0.005089038385437172,0.006276216857934225
2025-08-04,XIJN,30.89,1,0.32754089667521974,-0.9968833703555492,0.0005471026222079178,0.0034023955972806164,-0.001233408870184527
2025-08-05,CMRC,4.41,1,0.402732365514345,-0.047898039216383755,-0.02267573696145142,0.04761904761904767,0.009070294784580435
2025-08-05,ICU,7.484,1,0.2888068906338085,-0.9983414818976022,-0.02458578300374137,0.06894708711918751,0.15446285408872273
2025-08-05,QCML,16.5412,1,0.31610208243742866,-0.9983890615903204,0.09401978091069574,0.12716127004086775,0.13730563683408703
2025-08-05,RILA,11.1736,1,0.34833274093567257,-0.9975036733713387,0.016861172764373045,0.006837545643302079,0.008851220734588772
2025-08-05,SKBL,0.585,1,0.3025476746551201,-0.9961805816540555,-0.17948717948717952,-0.20700854700854698,0.8632478632478635
2025-08-06,CNO,36.88,1,0.31683831207705476,-0.997240571807767,0.03877440347071581,0.049349240780911074,0.09571583514099768
2025-08-06,FRDU,25.0024,1,0.3084502793868673,-0.39404529880660255,0.0626419863693084,0.07106517774293653,0.09939445813201919
2025-08-06,GPMT,2.72,1,0.3174347850989582,-0.996097542895334,0.05514705882352944,0.022058823529411686,0.09191176470588225
2025-08-06,HCMAU,10.12,1,0.3222897200548337,-0.994731156860621,0.0029644268774704496,0.0039525691699606735,-0.0009881422924901129
2025-08-06,MIR,21.54,1,0.33033430445612777,-0.9998657611778383,0.02739090064995353,-0.060352831940575724,-0.02553389043639742
2025-08-06,NATR,15.4,1,0.3258962188366373,-0.9990020238604245,0.08831168831168834,0.07045454545454533,0.12597402597402585
2025-08-06,NVST,19.71,1,0.3343769546005282,-0.994061529619598,0.09386098427194312,0.05124302384576351,0.054287163876205025
2025-08-06,TRIB,0.83015,1,0.29364138388372835,-0.9982465959319895,0.21700897428175625,1.096006745768837,0.385291814732277
2025-08-06,UMBFO,26.08,1,0.4905525731270064,-0.34059830993201795,0.00805214723926384,0.0076687116564417845,0.019938650306748684
2025-08-06,VCIC,10.7175,1,0.307092379704333,-0.07887694859184118,-0.022327968276183774,-0.019360858409143922,-0.006298110566829829
2025-08-07,ASGM,25.165,1,0.3715039746203392,-0.04425458428485465,0.02315120206636201,0.011134512219352244,0.026624279753626245
2025-08-07,BFOR,77.587,1,0.30352802262496825,-0.9997094543044768,0.021849021098895527,0.013275419851263681,0.04146442058592292
2025-08-07,BHE,38.32,1,0.31280881069721006,-0.9963477399084119,0.04097077244258873,0.0020876826722338038,0.05375782881002089
2025-08-07,BKMC,103.5143,1,0.3066468442359629,-0.9967749709520721,0.018789674470097273,0.013418435906922932,0.052423674796622244
2025-08-07,CPS,24.73,1,0.29862042366712815,-0.999903918654354,0.17104731095835013,0.3873837444399515,0.5527699150828951
2025-08-07,EUSA,99.89,1,0.29942554550789824,-0.9999817589220897,0.014315747322054095,0.010211232355591182,0.027530283311642867
2025-08-07,FNY,83.4556,1,0.30147833844672783,-0.9992796644686791,0.023092518656627092,0.014951662920163589,0.06329952693408214
2025-08-07,HAS,77.35,1,0.2987039714162129,-0.9989754738170331,0.04137039431157086,0.02663219133807382,0.030769230769230882
2025-08-07,IVOG,114.6922,1,0.3050520198009992,-0.9979438774834702,0.014468289909863152,0.007296049774962787,0.04830930089404517
2025-08-07,IWR,93.16,1,0.31010483068215894,-0.9966151005442426,0.013417775869471793,0.009124087591241059,0.03434950622584809
2025-08-07,NTB,44.77,1,0.32579251377110285,-0.9973450859807983,0.004020549475094892,-0.01362519544337737,-0.0022336385972749895
2025-08-07,PKW,124.73,1,0.3027578638503016,-0.9976181326007312,0.03255030866672004,0.030305459793153133,0.05115048504770314
2025-08-07,PMAU,25.0537,1,0.3056504579998494,-0.039207889646161245,0.004442457601072869,0.0014488877890292962,0.007879075745299113
2025-08-07,VIK,56.96,1,0.3210409412016224,-0.9972914648120346,0.053721910112359605,0.022998595505618002,0.10305477528089879
2025-08-08,FLGT,20.36,1,0.2977994310055793,-0.9988709042146477,0.04420432220039294,0.0692534381139489,0.09381139489194501
2025-08-08,FTLF,14.52,1,0.3354085842673518,-0.9972145922835711,0.14393939393939403,0.1707988980716253,0.31749311294765836
2025-08-08,LMTS,25.1618,1,0.3822651412474787,-0.042663612455347326,-0.027267524580912306,-0.04342694083889076,-0.07560269932993668
2025-08-08,NXDR,2.08,1,0.3109728068356499,-0.03778834254512407,-0.11057692307692302,-0.009615384615384581,-0.033653846153846256
2025-08-08,TMUSI,23.05,1,0.33163887922757285,-0.04549721698179601,0.00563991323210411,0.0351409978308026,-0.014750542299349245
2025-08-08,TMUSL,25.52,1,0.3206699824418166,-0.0493718935991268,-0.004702194357366851,-0.006269592476489061,-0.027037617554859006
2025-08-08,TMUSZ,23.0,1,0.37695831452797995,-0.04419779542529159,0.006956521739130528,0.02086956521739136,-0.011304347826087024
2025-08-11,ARKF,54.26,1,0.31824996617692625,-0.9979463933713936,0.005528934758569859,-0.011242167342425335,0.0011057869517139274
2025-08-11,CFND,9.35,1,0.4382140124608131,-0.046214030642865694,-0.09304812834224596,-0.09625668449197866,-0.11336898395721928
2025-08-11,CRON,2.67,1,0.30307136260259515,-0.9989357010034797,-0.05243445692883897,-0.029962546816479474,-0.0449438202247191
2025-08-11,EOLS,5.77,1,0.3682001916881324,-0.9968026398558807,0.15944540727902967,0.2876949740034662,0.28076256499133456
2025-08-11,EXTR,20.08,1,0.33260295804744605,-0.997522958743217,-0.01045816733067717,0.030378486055776976,0.09960159362549792
2025-08-11,GRAF,10.52,1,0.4843040315764613,-0.03645199500007401,-0.0038022813688212143,-0.0019011406844106071,-0.002851711026615855
2025-08-11,IDYN,25.5716,1,0.3583956671702067,-0.044506799533313414,0.024777487525223352,0.014801576749206014,0.026548984029157285
2025-08-11,KYN,12.29,1,0.3214781525342407,-0.9961506180101946,-0.01301871440195268,-0.006509357200976229,-0.005695687550854256
2025-08-11,LOUP,64.0936,1,0.31526588480545226,-0.9972849147100472,0.0035526167979329504,0.0008628006540434274,0.08621297602256695
2025-08-11,MEC,13.68,1,0.3592360342010532,-0.9981403498504827,0.04312865497076013,0.04897660818713456,0.05263157894736836
2025-08-11,OMDA,19.06,1,0.33066669225962253,-0.999674407688718,0.09706190975865692,0.10178384050367262,0.2329485834207765
2025-08-11,TCAI,25.12,1,0.33170679045593077,-0.03599795738432986,0.009737261146496756,0.001990445859872736,0.05175557324840763
2025-08-11,WHFCL,25.47,1,0.30790404853107883,-0.9972607006296557,-0.0007852375343541107,0.002748331370239443,-0.013859442481350515
2025-08-12,DGLO,20.2961,1,0.380495350862772,-0.037066940139151607,-0.0003990914510668686,0.01658446696656002,0.00021679041786359932
2025-08-12,EFTY,5.0,1,0.32847539004793713,-0.04905770962995888,0.31999999999999984,0.44999999999999996,0.42599999999999993
2025-08-12,ELAN,17.43,1,0.3142859804341058,-0.9999938251744147,0.005163511187607606,0.02696500286861725,0.05163511187607561
2025-08-12,JDVL,25.3237,1,0.37397156111085905,-0.033573464232559136,-0.0019704861453894162,0.015961332664658157,0.029525701220595835
2025-08-12,RSBY,15.91,1,0.3294556807151834,-0.9960529998518751,0.0021998742928974746,0.00691389063482073,0.05185417976115647
2025-08-12,RUN,11.42,1,0.3077136660073067,-0.9969526804564693,0.35639229422066543,0.45446584938704015,0.4185639229422067
2025-08-13,JMTG,50.32,1,0.3569579056258719,-0.4745418884670055,-0.001788553259141512,0.004769475357710773,0.0170906200317964
2025-08-13,MAIN,67.54,1,0.3201677286621376,-0.9993300626542465,-0.031832987859046535,-0.04160497482973058,-0.005478235119928954
2025-08-13,MTW,9.84,1,0.3493309941959483,-0.9980875045960688,-0.05081300813008127,0.027439024390243816,0.04065040650406515
2025-08-13,NBTR,50.67,1,0.3585961663452121,-0.9930450086627204,-0.002565620682849823,-0.002565620682849823,0.01343003749753291
2025-08-13,NEMD,50.513,1,0.34081323329015506,-0.0457256577828795,-0.006895254686912211,-0.009918238869201956,0.018165620731296794
2025-08-13,XPOF,8.52,1,0.30310591224255756,-0.9997335552185214,0.06455399061032874,0.0023474178403755097,0.02699530516431925
2025-08-14,AD,76.09,1,0.2900451706254023,-0.04935763290331275,-0.26626363516887896,-0.2897884084636615,-0.3297410960704429
2025-08-14,BBOT,9.99,1,0.34321857233873737,-0.044589502195203586,-0.033033033033033066,-0.05405405405405417,0.040040040040040026
2025-08-14,CPAG,100.0774,1,0.40464784244730656,-0.048023464691507874,-0.0022222799553145434,0.004873228121434092,0.01711974931403093
2025-08-14,CPHY,50.125,1,0.34130741518873614,-0.046776023627779176,-0.0023940149625935048,0.007281795511221878,0.011084289276807935
2025-08-14,DADS,20.24,1,0.48421504768969614,-0.037029417690403944,-0.015810276679841695,-0.0014822134387351138,0.0254446640316206
2025-08-14,GDE,49.47,1,0.30756830483661074,-0.9985928899759404,-0.02445926824337985,0.02486355366889037,0.09581564584596736
2025-08-14,MFICL,25.602,1,0.3163139317474708,-0.9969375531841043,0.0007030700726506911,0.003046636981485884,-0.012577142410749143
2025-08-14,UNIY,48.8569,1,0.38874148510964335,-0.9921855351040217,-0.002269894324036126,0.0006590676035522769,0.013879308756797881
2025-08-14,WENN,10.17,1,0.30539824944849153,-0.037684658663610746,-0.0034414945919371,-0.002949852507374562,0.000983284169124854
2025-08-15,APWC,1.795,1,0.311354091164293,-0.998620789984929,-0.005571030640668551,0.01671309192200554,0.11420612813370479
2025-08-15,COIO,19.777,1,0.30042224329545264,-0.04992220202851087,0.012084744905698441,-0.042953936390757064,0.029736562673813083
2025-08-15,ETX,18.66,1,0.33592194587911095,-0.9963613337636845,0.000535905680600246,0.017148981779206984,0.02143622722400851
2025-08-15,FWD,93.34,1,0.30830016892674333,-0.9993620682720598,-0.00985643882579823,-0.0017141632740518276,0.06020998500107133
2025-08-15,GRID,143.4562,1,0.30475043656742323,-0.9983149227784077,0.007694334577383222,-0.0038422877505468467,0.04080548627385916
2025-08-15,JPLD,52.23,1,0.3183778203212976,-0.9977048622406018,0.0026804518475971317,0.004212138617652794,0.004786521156423529
2025-08-15,MYSE,1.865,1,0.3381542451568571,-0.03561571287343332,0.10991957104557626,0.07774798927613924,0.15281501340482562
2025-08-15,NSRX,8.1,1,0.33875058577689976,-0.047188136567135816,0.006172839506172867,0.0,0.0037037037037037646
2025-08-15,NVDO,19.7097,1,0.3246274121268426,-0.04696452136739532,-0.009487714171194983,-0.03530748819109386,-0.008559237329842762
2025-08-15,PLBL,10.6,1,0.35163674430705416,-0.24048406376899817,0.0641509433962264,-0.057547169811320686,-0.06603773584905659
2025-08-15,PLOO,19.0258,1,0.32071048148318476,-0.04870067435344109,-0.1035330971627999,-0.11502275856994193,-0.04347780382428079
2025-08-15,SUUN,1.9,1,0.3069797022358134,-0.9969764459627319,0.17368421052631589,0.04210526315789487,-0.06842105263157894
2025-08-15,TSLO,19.4337,1,0.31659706863597475,-0.047735945329690256,0.03737322280368627,0.007754570668477845,0.11999259019126551
2025-08-15,VTES,101.46,1,0.4478638261488957,-0.9990327225853304,0.0016755371575005729,0.0022669032130888667,0.007983441750443632
2025-08-15,VTSI,5.38,1,0.31046700007292705,-0.9985810417047731,0.06691449814126393,0.11152416356877337,0.06505576208178443
2025-08-18,EVI,24.64,1,0.3202760044116677,-0.9997532575775235,0.08685064935064934,0.1116071428571428,0.1258116883116882
2025-08-18,FCRX,24.9671,1,0.3111588319871453,-0.9959088895899202,0.004125429064649078,-0.003488590985737172,-0.0010854284238056566
2025-08-18,JHS,11.44,1,0.300960636521556,-0.99848589768909,0.009615384615384803,0.0056381118881119185,0.03146853146853168
2025-08-18,OGI,1.53,1,0.3046476849494812,-0.9982146918458861,0.065359477124183,0.07189542483660127,0.15032679738562083
2025-08-18,RAAQ,10.18,1,0.42996402683094354,-0.07117700883915079,-0.005893909626719096,-0.005893909626719096,-0.0029469548133594925
2025-08-18,RDNW,3.27,1,0.3618966162886561,-0.03565048186481683,0.051987767584097844,0.12844036697247696,0.2844036697247707
2025-08-19,ACOG,8.09,1,0.38078022819734136,-0.9974041219591382,-0.01977750309023485,0.008652657601977864,0.046971569839307836
2025-08-19,BSBR,4.77,1,0.33159197337034474,-0.9968011293733091,0.0733752620545074,0.08595387840670865,0.16561844863731667
2025-08-19,BUUU,4.16,1,0.31280915173328416,-0.0380710316095806,0.7740384615384615,0.6730769230769229,0.8894230769230769
2025-08-19,EQS,1.84,1,0.30703706836375244,-0.9964354669336102,0.1032608695652173,0.2472826086956521,0.3370108695652174
2025-08-19,KYIVW,5.1,1,0.4048514919229879,-0.04844268789290945,-0.36078431372549025,-0.28627450980392144,-0.34509803921568627
2025-08-19,RYOJ,2.47,1,0.30500137890459467,-0.038760433775253594,-0.14570850202429153,-0.22064777327935226,-0.1659919028340081
2025-08-19,SNOA,5.23,1,0.28704785918195563,-0.999613077510145,-0.07839388145315485,-0.11854684512428304,-0.21988527724665397
2025-08-20,OFSSO,25.3296,1,0.3438281304473998,-0.17807455670732455,-0.00442960015160121,0.004753332069989291,0.01659718274272004
2025-08-20,ORIS,2.28,1,0.2912706261429426,-0.9973581568971976,-0.0350877192982455,0.007017543859649145,0.33859649122807034
2025-08-20,STRZ,13.5,1,0.3145633346615837,-0.99808449534177,0.004444444444444473,-0.040740740740740744,0.03555555555555556
2025-08-20,USBC,1.12,1,0.33215699862031106,-0.19236156989606631,-0.0625,-0.3360714285714286,-0.20553571428571438
2025-08-21,ELTX,11.43,1,0.3323255156932434,-0.9992889971487668,-0.09536307961504809,0.004374453193350947,-0.00962379702537175
2025-08-21,LWACW,0.18,1,0.30462071994486206,-0.769883526362219,0.11111111111111116,-0.16666666666666663,0.03333333333333344
2025-08-21,QUIZ,25.045,1,0.35991414815629225,-0.04358074756360672,0.0007386703932921179,-0.00867238969854267,0.00756238770213602
2025-08-21,WTGUU,10.22,1,0.4722968151607651,-0.03781297222536158,-0.007827788649706457,-0.004892367906066619,0.007827788649706457
2025-08-21,XHYC,37.25,1,0.5006399296167252,-0.9973833875707929,0.007645637583892473,0.008456375838926222,0.011559731543624219
2025-08-22,CEFZ,8.11,1,0.31554415934483115,-0.0371940005806258,-0.002466091245376001,0.007398273736128225,0.028976572133169176
2025-08-22,GPRF,51.1048,1,0.3402213958571578,-0.9954974640268787,-0.00253987883721285,0.004895821918880383,0.012535026064087962
2025-08-22,JHAI,25.205,1,0.3720284003223646,-0.0481878862879753,0.0004879984130135018,0.026582027375520845,0.08600674469351333
2025-08-22,JLS,18.85,1,0.3304870020576134,-0.9972989778799495,-0.0026525198938992522,0.002122015915119402,0.007957559681697646
2025-08-22,JMSI,49.27,1,0.3324953968566052,-0.9956551773722832,0.0016237061091941563,0.012989648873553694,0.02070225289222649
2025-08-22,JOYT,50.22,1,0.415058145987169,-0.037354196214083826,0.0007646356033452761,0.007279968140183168,0.027279968140183186
2025-08-22,JXG,15.45,1,0.29339624843333983,-0.9999399342587503,-0.05825242718446588,-0.12514563106796106,-0.20407766990291254
2025-08-22,KOD,10.2,1,0.2873569666837218,-0.9998612556052046,-0.11372549019607847,-0.04019607843137252,0.4715686274509805
2025-08-22,MUNC,100.29,1,0.338648113788886,-0.036205275572423215,0.0009402732076975173,0.013261541529564269,0.020989131518595938
2025-08-22,MUND,100.0959,1,0.30804449488239466,-0.03984467028455148,0.00018482275497810896,0.016525152378868757,0.02691518833438744
2025-08-22,PAXS,15.81,1,0.31341562012777757,-0.9979906062167486,0.017077798861479865,0.02719797596457929,0.024667931688804545
2025-08-22,PTBD,19.9,1,0.30421307813488874,-0.9975910248933321,-0.0048090452261304595,-0.0012010050251255455,0.0010050251256283893
2025-08-22,SGRT,20.407,1,0.35692674368557714,-0.0456339736078564,0.011182437398931766,0.04130935463321417,0.12941637673347373
2025-08-22,TAXT,50.19,1,0.31701283990959345,-0.03731152827448071,-0.00014743972902964142,0.012651922693763806,0.020820880653516616
2025-08-22,TIPA,100.6,1,0.3846983602051661,-0.035994579132741136,0.003373757455268578,0.003078528827037852,0.0006938369781313014
2025-08-22,TIPB,100.8212,1,0.3963907017573142,-0.03784525166486512,0.0036897001821045716,0.006801148964701742,0.0023546635033107055
2025-08-22,VSHY,21.895,1,0.30019190464921364,-0.9976861298844892,0.00045672527974427446,0.003877597625028706,0.0036355332267641316
2025-08-22,WCPB,25.17,1,0.3163584471823285,-0.03725162354263052,0.0014739769566944894,0.015844259038537922,0.013110846245530272
2025-08-25,FMY,12.17,1,0.31892150267582453,-0.9957018549614952,0.007395234182415722,0.013147082990961456,0.0024650780608053147
2025-08-25,NUTR,4.53,1,0.4704693083723968,-0.04874180036384138,0.028697571743929284,0.13024282560706402,0.3465783664459159
2025-08-25,PMBS,49.1958,1,0.4041392147856467,-0.9922512524789875,-0.0033702063997332887,0.009029226072144514,0.009634968838803326
2025-08-25,QUSA,19.916,1,0.4066164316370647,-0.9924942153971055,-0.005824462743522774,-0.0038160273147218593,0.00020084354288019135
2025-08-25,RTX,156.27,1,0.2954877692613595,-0.9990728258997184,0.011134574774428696,-0.028924297689895795,0.027324502463684563
2025-08-25,TRUD,25.3213,1,0.4823788612645162,-0.048135709404428864,-0.013032506229933016,0.018885286300466264,0.021223238933230082
2025-08-26,AXINU,10.13,1,0.35966798456234206,-0.06630431770403036,-0.0029615004935835687,-0.000987166831194597,0.010858835143139123
2025-08-26,EGHAU,10.05,1,0.3233497497370304,-0.06901614784395094,0.013930348258706315,0.027860696517412853,0.04179104477611939
2025-08-26,LEXX,0.929,1,0.30708043877106683,-0.9991076518784213,-0.0452099031216362,0.08719052744886979,0.5285252960172226
2025-08-26,NBSD,51.08,1,0.3176642818411268,-0.9968918338896291,0.0004894283476899464,0.003719655442443237,0.0048942834768990195
2025-08-26,PMTU,25.575,1,0.32266858666504716,-0.995440012474408,-0.0021505376344086446,-0.00839882697947214,-0.010752688172043001
2025-08-27,AOMN,25.6001,1,0.3433779054808217,-0.9944214664627145,-0.01250385740680704,-0.01562884519982355,-0.020156171264956058
2025-08-27,BHE,41.17,1,0.3082900879469942,-0.9975299431674322,-0.022346368715083886,-0.025746903084770567,-0.06703910614525155
2025-08-27,ETS,1.145,1,0.33063613911429385,-0.1721748443115759,-0.134235807860262,-0.1537117903930132,-0.23144104803493448
2025-08-27,FIBK,32.2,1,0.3232209136524781,-0.998650050740582,0.01940993788819867,0.008695652173912771,0.015217391304347627
2025-08-27,HKPD,1.57,1,0.3258406965895799,-0.9990612375216946,-0.33757961783439494,-0.13375796178343946,0.10828025477707004
2025-08-27,KAT,54.6569,1,0.35591946912237776,-0.04441013607951404,-0.002270527600357841,0.024456198576940924,0.014556259136540906
2025-08-27,MGIH,1.8206,1,0.3147364336163132,-0.9991940905395953,-0.12666154015159836,0.5379545204877512,0.2852905635504779
2025-08-27,QCLN,38.2,1,0.31514330341603924,-0.997831266081897,-0.019371727748691114,0.006020942408376806,0.0979057591623036
2025-08-27,RSPD,58.77,1,0.326017061567237,-0.9978468251672638,0.006806193636208935,0.011114514207929194,-0.028351199591628462
2025-08-27,SBCF,31.19,1,0.31010867141323045,-0.9995019436998351,0.014748316768194769,-0.008015389547932017,-0.022122475152292487
2025-08-27,TRUT,24.6338,1,0.5007170745307062,-0.048185622868121836,-0.006178502707661848,0.018381248528444694,0.04456072550722978
2025-08-28,ARKB,37.2,1,0.32095356235900746,-0.997791552550188,-0.0026881720430107503,0.04462365591397832,-0.02473118279569897
2025-08-28,BRRR,31.65,1,0.325731588441231,-0.9970018339472672,-0.0036777251184834103,0.04360189573459716,-0.025276461295418606
2025-08-28,BTGD,38.0,1,0.3099755362236256,-0.9969628631436963,0.04026315789473678,0.10078947368421054,0.05500000000000016
2025-08-28,BTRN,38.6289,1,0.31110348096234874,-0.9977565015886889,-0.0012063506856266892,0.018310125320679438,-0.037655744792111534
2025-08-28,EVMO,50.37,1,0.5095033926117688,-0.11869897699168803,0.000794123486202114,0.004963271788763102,0.002382370458606342
2025-08-28,EZPZ,30.2683,1,0.32382088940498843,-0.9985873355881132,-0.008173567725970665,0.04423770082892009,-0.038855832669822954
2025-08-28,HODL,31.67,1,0.3256760999480428,-0.9969507174676475,-0.002841806125671087,0.04452162930217862,-0.02494474265866764
2025-08-28,IJK,95.96,1,0.3077141274852214,-0.9977639941622398,0.007503126302626173,0.00458524385160497,0.00041684035014588616
2025-08-28,INEO,1.25,1,0.30710730580771,-0.5034808623364019,-0.32599999999999996,-0.26791999999999994,-0.1519999999999999
2025-08-28,NCIQ,30.8254,1,0.3281271612768675,-0.9965652011043763,-0.008820647907245238,0.0434479357932096,-0.040158440766380976
2025-08-28,SLGN,46.8,1,0.29834786568991367,-0.9997500918551497,-0.034829059829059705,-0.060256410256410264,-0.09188034188034178
2025-08-28,UNM,69.32,1,0.29897906521629114,-0.9994507090642712,0.06405077899596101,0.08540103866128113,0.12896710905943465
2025-08-29,AIIO,1.62,1,0.31292995543116775,-0.03809448986107425,-0.13580246913580263,-0.06790123456790131,0.191358024691358
2025-08-29,AXGN,16.14,1,0.3328418286164017,-0.9953805910001123,-0.00619578686493194,0.014250309789343163,0.06939281288723675
2025-08-29,CLIP,100.43,1,0.4951748397613261,-0.9993697963321608,-0.002588867868166922,-0.0015931494573335758,-0.00019914368216678024
2025-08-29,DCRE,52.152,1,0.526740170643445,-0.9934765187626747,-0.0010239300506212912,-0.000732474305875197,-0.0019941708851051176
2025-08-29,DGZ,6.785,1,0.3221530992546533,-0.9956708953367783,-0.0420044215180545,-0.0641120117907149,-0.11790714812085479
2025-08-29,ETHM,10.88,1,0.30253935869104254,-0.04901435687836235,-0.014705882352941235,0.0009191176470588758,-0.03860294117647056
2025-08-29,HYEM,20.16,1,0.31034756930303176,-0.9967077592192725,-0.0029761904761904656,-0.0009374999999999245,-0.00347222222222221
2025-08-29,RNTX,1.39,1,0.3185477425978828,-0.9963319521741386,-0.03597122302158262,-0.20143884892086317,-0.17266187050359716
2025-08-29,XRPI,17.305,1,0.34608596791121626,-0.9973740765131589,0.05749783299624389,0.05691996532793997,0.014157757873447085
2025-09-02,BLTD,25.14,1,0.5361729995115371,-0.6797419858254224,0.029657915672235413,0.03898170246618937,0.027844073190135266
2025-09-02,GMMF,100.195,1,0.3301102117538323,-0.4741319142764118,0.0008483457258348093,0.0015469833824042212,0.0029901691701184063
2025-09-02,IBDS,24.23,1,0.4646069445460581,-0.9977132993828388,0.0024762690879074345,0.004539826661163815,0.004539826661163815
2025-09-02,IFRX,1.75,1,0.3101326025215695,-0.9986201845336691,-0.12571428571428567,-0.34857142857142864,-0.2342857142857142
2025-09-02,JRI,13.51,1,0.32103772081439,-0.9969874976424399,0.01998519615099914,0.030347890451517312,0.05477424130273878
2025-09-02,MCOW,20.0838,1,0.3478774636267991,-0.04452477462046405,0.009520110736016107,0.021081667811868376,0.020474213047331657
2025-09-02,MUA,10.65,1,0.3104129069876369,-0.9965141872382938,0.06197183098591541,0.08732394366197171,0.04225352112676051
2025-09-02,MULT,25.22,1,0.297812689203087,-0.0492599623533642,0.006542426645519628,0.0077319587628865705,0.003017446471054619
2025-09-02,TETH,21.33,1,0.34457394424730126,-0.04946591374414269,0.006094702297233967,0.05203938115330531,-0.024847632442569045
2025-09-02,URSP,39.5345,1,0.34374613889585126,-0.03834608164612849,0.0065082396387965424,0.0051979916275657345,0.031251185673272674
2025-09-02,XTWO,49.42,1,0.30751043277012813,-0.9978490314469198,0.002420072845001897,0.003986240388506479,0.002917847025495801
2025-09-03,CSPF,25.65,1,0.33063032752070404,-0.7737531964900515,0.010428849902534232,0.014424951267056674,0.01403508771929829
2025-09-03,LRNZ,43.5432,1,0.3267807546831522,-0.9994400525246631,0.0323563725220013,0.022676330632567243,0.0662078120119789
2025-09-03,PMIO,49.995,1,0.3624398968628635,-0.9949969139431002,0.014101410141014181,0.020202020202020332,0.01650165016501659
2025-09-03,SCOW,19.9306,1,0.3897557615291942,-0.031060861993727158,0.005348559501470174,0.016151044123107416,0.03639127773373607
2025-09-03,TIME,23.45,1,0.32603940426193073,-0.9969416533362392,0.01338592750533052,0.03756076759061844,0.0537313432835822
2025-09-03,YDESW,1.16,1,0.33585598104804504,-0.04909659088421879,0.051724137931034475,1.0689655172413794,0.7241379310344829
2025-09-04,BBT,26.5,1,0.3440718261673995,-0.04508397487120494,-0.01584905660377367,-0.024150943396226476,-0.09999999999999998
2025-09-04,EIM,9.8,1,0.29843740743549746,-0.9979613445256664,0.02989795918367344,0.019387755102040716,0.01632653061224487
2025-09-04,EIX,54.67,1,0.30597828244740377,-0.9977686282794501,0.02835192976038048,0.016645326504481472,-0.003292482165721644
2025-09-04,ESUM,26.76,1,0.3870587979039099,-0.04611927487284119,0.02189835575485799,0.01678998505231677,0.02139760837070237
2025-09-04,JMTG,50.67,1,0.4629462246521116,-0.6456114020336358,0.010065127294256904,0.00611801855141092,0.00749950661140697
2025-09-04,MUNB,100.455,1,0.5282145004159231,-0.034078236735348114,0.010950176696033154,0.011116420287690998,0.0047782589219054206
2025-09-04,RB,41.0215,1,0.38580888941974245,-0.5834688848872837,0.006667235474080657,0.012910303133722545,0.008278585619735823
2025-09-04,SYSB,89.3602,1,0.35486924906998774,-0.04686246851810188,0.012085917444231375,0.00872536095487697,0.007309741920899837
2025-09-05,ADAML,22.325,1,0.33340614970475857,-0.04619526445258858,0.010526315789473717,0.022172452407614784,-0.007614781634938339
2025-09-05,ADAMZ,18.0,1,0.3300686145408849,-0.046178439485141796,0.06267777777777783,0.08333333333333326,0.10722222222222211
2025-09-05,AGRH,25.95,1,0.3020038698887134,-0.9602309415142158,0.0025048169556840527,0.004431599229287153,0.003468208092485492
2025-09-05,BESS,5.9,1,0.31046173857398296,-0.9998606598717018,0.03491525423728814,0.05932203389830493,0.3627118644067795
2025-09-05,FRIZ,24.9321,1,0.3783846745199703,-0.03379294769875704,0.022978409359821317,0.020303143337304208,0.02283802808427704
2025-09-05,IDEQ,27.52,1,0.36721503231098485,-0.03262691375025365,0.022892441860465018,0.03270348837209314,0.05486918604651159
2025-09-05,REZ,85.11,1,0.310216771854498,-0.9999629438894742,-0.002467395135706707,-0.025966396428151683,-0.009282105510515892
2025-09-08,AAPB,26.45,1,0.31189794561946,-0.9991144179245417,-0.012854442344045314,0.15047258979206046,0.1512287334593574
2025-09-08,AAPX,24.76,1,0.3072559267279285,-0.9990524385964378,-0.013327948303715753,0.14903069466882068,0.1478190630048466
2025-09-08,ADAMH,25.5276,1,0.3103330862510366,-0.03913175998337885,-0.016358764631222655,-0.016358764631222655,-0.014008367414092948
2025-09-08,ETCO,34.594,1,0.31848366083926155,-0.04809589122208459,0.03857605365092209,-0.020460195409608528,-0.06893970052610288
2025-09-08,FPWR,31.925,1,0.3518731653077788,-0.0344555012389949,0.02151918559122956,0.0204072043852781,0.05511354737666396
2025-09-08,NEWTP,23.6549,1,0.3345496731186295,-0.03677820476186058,0.012052471158195521,0.01247521655132755,0.015011688910120169
2025-09-09,ABTC,9.31,1,0.3645065269822856,-0.1806793593377698,-0.1697099892588615,-0.2545649838882922,-0.2696025778732546
2025-09-09,BBB,30.0816,1,0.4739706044400248,-0.048571097509211444,0.022239508536779917,0.01612281261635018,0.043285596510823865
2025-09-09,IRMD,71.89,1,0.3026662135222487,-0.9983706270062718,-0.005981360411740244,-0.0044512449575742075,0.03449714842119911
2025-09-09,VSTD,1.25,1,0.30734281649032075,-0.03937663057238157,0.23199999999999998,0.552,0.08000000000000007
2025-09-09,WAFU,1.49,1,0.2934251679438249,-0.9982177253711012,0.2214765100671141,0.24161073825503365,0.34899328859060397
2025-09-10,BCIC,12.31,1,0.4799948179206605,-0.03716581595068931,-0.020308692120227456,-0.01543460601137292,-0.0584890333062551
2025-09-10,CPB,33.49,1,0.32607123296940443,-0.995079603149637,-0.01672140937593314,0.007166318303971186,-0.08957897879964183
2025-09-10,MPA,11.25,1,0.3120756048430757,-0.9975117012822737,0.010666666666666602,0.011555555555555541,0.007111111111111068
2025-09-10,NAD,11.83,1,0.30109243065083097,-0.9987665700751676,-0.006762468300929858,-0.01606086221470837,-0.0076077768385460764
2025-09-11,ACKY,20.1994,1,0.36197959456547324,-0.045667400588373125,0.007752705525906789,-0.002613939027891976,-0.00987158034397062
2025-09-11,ADAMI,25.06,1,0.3127030674818627,-0.039643065862110534,0.0,-0.009477254588986295,-0.012769353551476459
2025-09-11,BCAB,0.7741,1,0.29004775574075714,-0.9986935451700156,-0.10735047151530819,-0.18628084226844077,0.31765921715540624
2025-09-11,EIPI,19.8,1,0.3144053979450663,-0.9975869004224778,0.0005050505050503418,0.0013383838383838054,-0.005555555555555536
2025-09-11,ISD,14.49,1,0.4664156220053379,-0.9996911736771079,0.012422360248447228,-0.0020703933747411307,-0.009661835748792313
2025-09-11,METCZ,25.45,1,0.3838602871477128,-0.9956719691437654,0.003143418467583592,0.0019646365422396617,0.014538310412573807
2025-09-11,SEPI,25.3884,1,0.3546967697723531,-0.03368973763677133,0.004494178443698704,0.003856091758440927,0.019835830536780508
2025-09-11,SRTA,4.21,1,0.3627604446283721,-0.07471370131356248,0.38479809976247026,0.21140142517814708,0.1900237529691211
2025-09-12,ADAM,7.13,1,0.4507498727391579,-0.040002837705319,0.036465638148667656,-0.015427769985974837,-0.04628330995792429
2025-09-12,BMHL,3.91,1,0.34288456817890883,-0.48404725990617,-0.035140664961636814,-0.06905370843989767,-0.1048593350383632
2025-09-12,CIMO,25.38,1,0.33516013130889477,-0.9961032232380029,0.0011820330969267712,-0.0023640661938534313,0.005516154452324784
2025-09-12,MCGAW,1.39,1,0.3006212462221895,-0.03951600176368261,-0.043093525179855985,-0.028776978417266008,-0.09352517985611508
2025-09-12,METL,20.09,1,0.3216299689782092,-0.04989788828228921,0.04181184668989557,0.0846192135390742,0.1299153807864608
2025-09-12,NVDB,27.7936,1,0.3084396177069844,-0.04805623784092454,-0.01748603995164355,-0.006990818030050194,0.040527315641010864
2025-09-12,SMOM,25.4231,1,0.40596792197676224,-0.04371261880877121,0.016201800724537918,0.013055056228390649,-0.013491667027231147
2025-09-15,ACTU,7.0,1,0.40410051633068955,-0.9940769517720983,0.0128571428571429,-0.03285714285714292,0.1557142857142857
2025-09-15,AGNCZ,25.45,1,0.3261085939636291,-0.03620635174464361,-0.0011787819253437082,0.002750491159135615,-0.007072691552062804
2025-09-15,APA,22.91,1,0.3082092437554044,-0.9979581713640837,0.030554343081623747,0.06241815800960282,-0.003928415539065866
2025-09-15,AXIL,6.81,1,0.34665474379754807,-0.9946927273637026,0.03524229074889873,-0.06607929515418487,-0.20704845814977968
2025-09-15,BYRN,20.03,1,0.31029371641768655,-0.9994061344890709,0.10234648027958038,0.08287568647029464,0.22765851223165234
2025-09-15,CCSB,20.565,1,0.3055903595419596,-0.9966392406589129,-0.002674446875759795,-0.018721128130318565,-0.017019207391198665
2025-09-15,LITS,2.91,1,0.37204682919870335,-0.04470768165695814,-0.11340206185567014,-0.12714776632302405,-0.26116838487972516
2025-09-15,NAMSW,12.69,1,0.31160900969348665,-0.9974867833700849,0.18991331757289198,0.5051221434200159,0.9688731284475967
2025-09-15,TDAQ,25.679,1,0.5105949758967305,-0.03656931158142659,0.021461116087075016,0.016394719420538273,0.023014914911016815
2025-09-16,BGMSP,6.0,1,0.38781685177190806,-0.048082782316810006,0.0,-0.06866666666666665,-0.06333333333333335
2025-09-16,BRLN,52.17,1,0.4807617643969952,-0.998200165723593,-0.001840138010350878,-0.0014376078205865506,-0.014280237684493047
2025-09-16,BULX,23.203,1,0.32913213337990205,-0.5182159685521158,0.14473559453518936,0.2613282765159679,-0.23505150196095337
2025-09-16,EVER,24.01,1,0.3215625396120325,-0.9953057985480968,-0.018325697625989235,-0.04748021657642654,-0.13494377342773856
2025-09-16,EXLS,42.33,1,0.3154620332437915,-0.9959397809319768,0.019607843137254832,0.04016064257028118,-0.031183557760453562
2025-09-16,GGT,4.24,1,0.5626168137509481,-0.9909888389559833,0.011792452830188704,0.014150943396226356,-0.044811320754717054
2025-09-16,KOP,28.63,1,0.30802962062468703,-0.9966113544795147,0.004191407614390519,-0.022004889975550057,-0.06776108976597961
2025-09-16,LGLV,176.09,1,0.31724532817585244,-0.9967854496719812,-0.0010789936964051838,0.011755352376625616,0.001987619967062315
2025-09-16,LOVE,17.95,1,0.2962515705381727,-0.9980672642525089,-0.01114206128133699,-0.056824512534818905,-0.18050139275766008
2025-09-16,OBK,35.08,1,0.3437528475664482,-0.9973088535649339,0.015963511972634015,-0.015963511972633793,-0.015393386545039855
2025-09-16,POWA,89.2472,1,0.31858080826838286,-0.9972695010874771,0.00720246685610304,0.01428504199571523,0.008995240186806974
2025-09-16,QQXT,97.999,1,0.3080187898694642,-0.996752146285641,0.003752079102848027,0.009528668659884332,0.005232706456188341
2025-09-16,ROL,55.23,1,0.3356717761298038,-0.995727036849553,0.0030780372985697024,0.06355241716458448,0.030056128915444624
2025-09-16,SEAT,17.06,1,0.2878008848137099,-0.9999814362217934,-0.08177022274325907,-0.02579132473622492,-0.31946072684642435
2025-09-16,STEX,6.31,1,0.4496568920809432,-0.04622740964200105,-0.08716323296354989,-0.08716323296354989,-0.07527733755942945
2025-09-16,VMO,9.5,1,0.3059948571429971,-0.9965741483095857,0.006315789473684275,0.017894736842105186,0.028421052631578902
2025-09-16,VPV,10.31,1,0.30363865248028166,-0.9970090303295714,0.02133850630455858,0.0019398642095052043,0.012609117361784605
2025-09-16,WDAF,31.5275,1,0.3245427922223495,-0.04898188568215335,-0.009277614780746957,-0.009740702561256032,-0.053048925541194225
2025-09-16,WDGF,31.0788,1,0.3639814056988761,-0.047423820481980156,0.005669459567293478,0.03639780171692597,0.020792308583343022
2025-09-17,ACVT,26.8987,1,0.3191011561196878,-0.8716049981873982,0.002844003613557522,-0.0010744013651217132,0.0011747779632471644
2025-09-17,BDVL,25.0477,1,0.35393961593639817,-0.04469945340261679,-0.008308148053513875,-0.0023036047221900446,-0.005098272496077416
2025-09-17,BKT,11.59,1,0.3117635543613906,-0.9966604083881254,-0.03106125970664364,-0.029335634167385716,-0.02761000862812768
2025-09-17,CUPR,1.4,1,0.29769664328723244,-0.9965293012221179,-0.2571428571428571,-0.2499999999999999,-0.2857142857142857
2025-09-17,FFC,16.93,1,0.3136148706527294,-0.9964853612177442,-0.005316007088009389,-0.005906674542232815,-0.012994683992911926
2025-09-17,MLCI,7.8,1,0.3340150474398622,-0.04581693295499337,0.0064102564102563875,-0.0012820512820512775,-0.03717948717948716
2025-09-17,MOAT,98.08,1,0.299579691474528,-0.9981660193436688,0.004282218597063681,0.02436786296900495,0.01967781402936386
2025-09-17,RMCF,1.72,1,0.3224893299305957,-0.9982803996981039,-0.04069767441860472,-0.08139534883720922,-0.03488372093023262
2025-09-17,SDHIU,10.4,1,0.308803900620294,-0.06925057838508941,0.005769230769230749,0.024038461538461453,0.019230769230769162
2025-09-17,THRM,35.54,1,0.29485969336534973,-0.9987880554682655,-0.01660101294316252,-0.03826674169949351,-0.03460889138998302
2025-09-17,ZGM,3.52,1,0.3328792215133802,-0.22699131846828124,0.058948863636363535,0.03409090909090917,-0.014204545454545414
2025-09-18,ADAMM,25.16,1,0.4426349782776338,-0.0403217296785377,0.002774244833068318,-0.0178855325914149,-0.006359300476947549
2025-09-18,AMYY,24.5553,1,0.3531888985808975,-0.0438041500558078,-0.009610959752069825,0.0037425728865052577,0.04162848753629578
2025-09-18,DUNK,25.2774,1,0.34265563002454413,-0.0463203087659448,-0.008754856116530929,0.008964529579782887,-0.0060409694034987416
2025-09-18,FXED,18.71,1,0.32611731966261864,-0.9958243301170954,-0.0085515766969535,-0.012560128273650384,-0.030224478888295048
2025-09-18,ICMB,2.89,1,0.30224235278080125,-0.9974924380112677,-0.02768166089965396,-0.02422145328719738,0.01384083044982698
2025-09-18,RCEL,5.54,1,0.3330512241833941,-0.9949189299645989,-0.03790613718411551,-0.01263537906137191,-0.028880866425992857
2025-09-18,RVLV,24.09,1,0.2995409194162689,-0.9971895529703368,-0.08426733084267335,-0.11000415110004147,-0.13657119136571183
2025-09-18,STRD,78.68,1,0.30897909500039544,-0.998109562670579,-0.0022877478393493744,0.052109811896288605,0.0036858159633959
2025-09-18,STRF,111.85,1,0.2989649838230145,-0.9976903029909661,-0.0162717925793473,0.025480554313813242,-0.01475189986589176
2025-09-18,SYZ,25.433,1,0.37104813369249817,-0.037780928780966644,-0.02404356544646713,-0.017603114064404513,-0.03777769040223333
2025-09-18,UX,28.9689,1,0.3570187920342622,-0.9967063513012521,0.08163237126711742,0.07810444994459576,0.008329622457186714
2025-09-19,IGGY,30.3907,1,0.3810140510398817,-0.04700095611273772,-0.016653120856051307,0.008999463651709227,-0.013546907442079315
2025-09-19,NIHI,49.9198,1,0.32748272464268957,-0.0488121469411492,-0.010272477053193452,0.008617822988072898,0.0042107540494953355
2025-09-19,ONCH,10.36,1,0.2993437618219943,-0.038201606991321524,-0.008687258687258725,0.0038610038610038533,0.0004150579150579148
2025-09-19,PELIU,10.34,1,0.5172524104918693,-0.034357950486051385,0.025145067698259194,0.030947775628626717,0.009671179883945724
2025-09-22,COTG,14.4563,1,0.36963664031893545,-0.04278774049849838,-0.06411737443190857,-0.07765472492961545,-0.034836023048774645
2025-09-22,HVII,10.19,1,0.3248749660807468,-0.07015004532360346,0.0029440628066732533,0.012757605495584023,0.03042198233562332
2025-09-22,IRD,1.71,1,0.3003526691003411,-0.6328497006846564,0.04678362573099415,0.18128654970760238,0.1578947368421053
2025-09-22,PZG,1.2,1,0.45193125558747466,-0.1593026496320732,0.10833333333333339,0.04166666666666674,-0.09999999999999987
2025-09-22,QLDY,51.25,1,0.3357789757247237,-0.047690160201506224,-0.008181463414634105,-0.0008585365853658322,-0.01429853658536584
2025-09-22,STRN,21.7327,1,0.29107966845992633,-0.999030440455459,-0.0005659674131608394,0.016242804621606988,0.021304301812476112
2025-09-22,TUSB,50.59,1,0.5081125856458931,-0.5663649190543723,-0.003953350464518723,-0.00306384661000203,-0.001976675232259417
2025-09-22,WRB,73.41,1,0.311636308070911,-0.9990955753692872,0.035553739272578655,0.048630976706171,0.0009535485628662244
2025-09-23,EFSC,59.36,1,0.3088943832238202,-0.9994211539518096,-0.023247978436657712,-0.03183962264150941,-0.06890161725067379
2025-09-23,GIPR,1.17,1,0.31104278696448623,-0.9971749839693286,-0.21316239316239316,0.13675213675213693,0.4358974358974359
2025-09-23,IIIV,31.44,1,0.34114949960908825,-0.9949562226631864,0.03244274809160297,0.017493638676844725,-0.014949109414758355
2025-09-23,METCB,16.6882,1,0.3344161691206045,-0.9959644030808708,-0.018641914646276958,0.05824474778586075,-0.04659579822868842
2025-09-23,PFO,9.77,1,0.3031957587126374,-0.9971419271378705,-0.0020470829068577334,-0.010235414534288556,-0.004094165813715356
2025-09-23,RAAQW,0.47,1,0.639599924970876,-0.02574815293912498,-0.1468085106382978,0.0,0.6593617021276597
2025-09-23,SLDE,14.67,1,0.3294200654137516,-0.9971102150580786,0.07600545330606678,0.0967961826857533,0.017723244717109843
2025-09-23,WNTR,34.08,1,0.29954484330851705,-0.9994549269053187,-0.11854460093896713,-0.14319248826291076,-0.12852112676056338
2025-09-24,EPAC,40.46,1,0.3215859525780136,-0.9963120407238741,0.01211072664359869,-0.016559565002471577,0.03509639149777555
2025-09-24,FSHP,10.58,1,0.30467057657198315,-0.07844229168770514,0.001890359168241984,0.002835538752362865,0.013232514177693888
2025-09-24,NBN,107.63,1,0.3021661899134453,-0.9989795931517486,-0.08482765028337824,-0.11260800891944611,-0.11813620737712527
2025-09-24,PLBC,43.14,1,0.3053716518977682,-0.999425943908568,-0.0076495132127955,-0.024571163653222095,-0.04242002781641163
2025-09-24,RRBI,66.38,1,0.3151134663812834,-0.9962294699258587,-0.02862307924073504,-0.020789394395902328,-0.0025610123531184525
2025-09-24,XLRI,24.8391,1,0.3585515786277533,-0.6336057342900673,-0.0003663578793112743,-0.01629688676320795,0.008321557544355596
2025-09-25,ELM,27.08,1,0.3302081652705833,-0.9953312103522705,0.015140324963072382,0.01350443131462331,0.01846381093057614
2025-09-25,PCR,24.9229,1,0.40789443407152426,-0.043678968869414705,8.425985740023734e-05,-0.04844540563096589,-0.02224460235365855
2025-09-25,PLYY,25.1812,1,0.3350878790686005,-0.04698586670957458,0.019411306847965992,-0.032758565914253523,-0.03644782615602116
2025-09-25,SCI,80.83,1,0.3154910476961592,-0.9964239281904759,0.029073363850055767,-0.0029691946059631213,0.00581467277001102
2025-09-26,BLZRU,10.34,1,0.2959505220403975,-0.039666265123678796,-0.011121856866537772,-0.0009671179883945502,-0.004835589941972973
2025-09-26,MMID,24.965,1,0.4152039602051728,-0.04475702085338444,0.008612056879631513,-0.02288403765271385,0.00879631484077703
2025-09-26,NXUS,25.035,1,0.32818818596552907,-0.04902116400320246,0.0027960854803275037,0.005592170960655007,0.010385460355502252
2025-09-26,PMM,6.06,1,0.2989722237184082,-0.9974794603434602,0.004950495049504955,0.008250825082508406,0.011551155115511635
2025-09-26,POLE,10.46,1,0.3133706013794658,-0.07159604513394562,0.003824091778202643,0.008604206500955947,0.027724665391969383
2025-09-26,RYLD,15.01,1,0.31193183837402727,-0.9968414603616393,0.013324450366422491,-0.004663557628247883,0.029980013324450328
2025-09-26,TVA,10.65,1,0.3639005811271827,-0.07514821968807589,0.00892018779342707,0.05727699530516417,0.03755868544600949
2025-09-26,VGHY,75.0403,1,0.3457336822291365,-0.08619380328991044,0.00412711569649904,-0.005334466946427474,0.007058873698532642
2025-09-26,XLVI,25.0153,1,0.42051929538078386,-0.7210333829226148,0.019775897150943633,0.017665188904390616,0.04496448173717682
2025-09-29,ACEI,24.9003,1,0.3694877932182567,-0.04622848791218746,-0.0068513230764287725,0.0004176656506145182,0.021674437657377643
2025-09-29,DTK,25.52,1,0.311372919007453,-0.03783012855246748,-0.012147335423197458,-0.018025078369905967,-0.012931034482758563
2025-09-29,GDFN,26.2089,1,0.3500620284480357,-0.047164094734676865,0.013785393511364541,-0.029146587609552466,-0.04650710254913415
2025-09-29,GEW,50.1693,1,0.36131758755508775,-0.046059636538787835,0.013536166540095262,0.000849124863213202,0.022015455667111272
2025-09-29,KDK,7.35,1,0.38380017560895585,-0.049055766337051346,0.10068027210884356,0.2585034013605443,0.18367346938775508
2025-09-29,QCLS,4.08,1,0.3434365294690769,-0.0492904619422378,0.20098039215686292,-0.04656862745098034,0.01225490196078427
2025-09-30,BGMSP,5.88,1,0.37288767006388884,-0.2801493378442794,-0.14965986394557818,0.054421768707483054,0.020408163265306145
2025-09-30,BITC,45.3166,1,0.2905292392922662,-0.999363294446622,0.006297912906087388,-0.0717088219328017,-0.07057237303769492
2025-09-30,CGMU,27.29,1,0.2988684388852222,-0.9979279554519668,-0.002565042139977991,0.0029314767314034818,0.007328691828508482
2025-09-30,JEDI,26.1333,1,0.35082924238583757,-0.049177219061356914,0.057654410273482615,0.027520443265871553,0.006761488216183942
2025-09-30,SGVT,100.62,1,0.5304464175078772,-0.17255150868388847,-0.0017889087656530744,-0.0011926058437686793,0.0003975352812561894
2025-10-01,CFND,8.28,1,0.3758270521858294,-0.7473966298204702,-0.0024154589371979673,0.013285024154589431,-0.07608695652173902
2025-10-01,ERH,12.49,1,0.31137697897588007,-0.9978472671310051,0.03971176941553245,0.022417934347477964,0.019215372297838318
2025-10-01,FGMCR,0.545001,1,0.5234649044948902,-0.033663911961652374,-0.06660721723446361,-0.08257049069634725,-0.11504749532569658
2025-10-01,LGCY,9.66,1,0.40484544965095026,-0.9948727521910065,-0.008281573498964856,0.04554865424430643,-0.052795031055900554
2025-10-01,MKTN,24.637,1,0.35045548432181733,-0.03621690755792059,-0.015505134553720046,-0.012209278727117745,0.009051426715914968
2025-10-01,NUAIW,0.44,1,0.3229756718664054,-0.06779355368390555,-0.1388636363636363,0.5897727272727273,2.840909090909091
2025-10-01,PCAP,10.45,1,0.4645096762206025,-0.03812630160893775,-0.013397129186602741,-0.008612440191387516,-0.013397129186602741
2025-10-02,EASY,25.4958,1,0.3875397074241666,-0.042277053260839886,0.008703394284548915,0.0025337506569711454,-0.003000494199044468
2025-10-02,LOTI,25.255,1,0.36187497279318237,-0.043888216174303114,0.0023005345476143635,0.006002771728370604,0.0008038012274798056
2025-10-02,MCHB,12.95,1,0.2900039033332603,-0.9978317372404601,0.039382239382239614,0.009266409266409426,0.05173745173745181
2025-10-02,MGN,3.52,1,0.3605438851390287,-0.16443762361820013,-0.18181818181818188,-0.3806818181818181,-0.5369318181818182
2025-10-02,PDT,13.35,1,0.31706534537695896,-0.9979315687348151,-0.0074906367041198685,-0.020224719101123556,-0.025468164794007486
2025-10-02,RCS,7.94,1,0.3007595393415818,-0.9976333898469664,-0.03400503778337538,-0.08564231738035266,-0.10327455919395467
2025-10-02,SCOR,8.3,1,0.29578303439588255,-0.9985881359929789,-0.030120481927710885,-0.06385542168674707,-0.10000000000000009
2025-10-03,AAUM,24.8825,1,0.35663531314597025,-0.04550397042965795,-0.059407213905355194,-0.057257108409524804,-0.06099467497237021
2025-10-03,AGRZ,2.77,1,0.30934871167195666,-0.04958151859688159,1.0541516245487368,0.743682310469314,0.42599277978339356
2025-10-03,ARKT,20.6792,1,0.3873963497241499,-0.04331091974414131,-0.002616155363843964,-0.01882084413323548,-0.004830941235637876
2025-10-03,BCARU,10.075,1,0.337086530786199,-0.06926329621970212,0.01439205955334999,0.012406947890818865,0.053101736972704705
2025-10-03,ESLV,25.2958,1,0.3671590696267084,-0.034014681562625076,-0.02798488286593026,-0.02075048031689053,-0.030835158405743246
2025-10-03,NNY,8.37,1,0.2958854193832576,-0.9996291611864483,-0.007168458781361853,-0.002389486260453988,0.002389486260454099
2025-10-03,OEFA,33.9401,1,0.36792554127574245,-0.043930577507434516,-0.03742770351295366,-0.00857687514179395,-0.022984611123715193
2025-10-03,TBXU,26.7053,1,0.32953621358215573,-0.04622417368888555,-0.015734704347077244,0.050746481035599755,0.07769618764814479
2025-10-03,TTXD,24.4818,1,0.32107396917045544,-0.04797824457630773,0.041422607814784795,-0.002863351550948079,-0.06799336650082921
2025-10-03,TTXU,25.5559,1,0.33008966095012204,-0.04857329479763432,-0.042033346507068914,-0.00982160675225685,0.053682319933948675
2025-10-06,AEXA,11.11,1,0.44450253354860314,-0.04081508613846207,0.025202520252025407,0.045904590459045824,0.02880288028802891
2025-10-06,BGSF,4.12,1,0.3714304346881943,-0.9947458461042139,-0.09466019417475735,-0.11165048543689315,-0.17961165048543692
2025-10-06,BRSP,5.12,1,0.31748521048904255,-0.9976996769613797,0.0234375,0.03515625,0.009765625
2025-10-06,CBK,24.75,1,0.3678160953180126,-0.04518167558386753,0.0,-0.00848484848484854,-0.010101010101010055
2025-10-06,CHCI,14.08,1,0.33679029292910845,-0.9962550761557722,-0.025568181818181768,0.02840909090909083,0.0035511363636364646
2025-10-06,DLAG,30.75,1,0.46972435023337733,-0.038383257304980156,-0.006452032520325224,0.00032520325203266864,0.005408130081300699
2025-10-06,GIWWU,10.02,1,0.3053494526640602,-0.44609987386551475,0.011976047904191711,0.024950099800399306,0.029940119760479167
2025-10-06,LXP,46.6,1,0.3050758760137764,-0.9963927527039811,-0.037553648068669565,0.04077253218884125,0.023605150214592197
2025-10-06,NWS,31.81,1,0.3496224692100094,-0.993374760272615,-0.0710468406161584,-0.058786545111600086,-0.055014146494812954
2025-10-06,PULT,50.68,1,0.5421506812531216,-0.9921006390053118,-0.00039463299131814455,0.001775848460931373,0.0007892659826360671
2025-10-06,RITR,2.49,1,0.3320498808471271,-0.998683324840322,-0.3012048192771085,-0.33333333333333337,-0.2730923694779117
2025-10-06,RSF,14.7759,1,0.3035930613483443,-0.9975292661047289,0.0036613674970729093,-0.005813520665407856,0.002984589771181545
2025-10-06,SDSI,51.59,1,0.31311761090878865,-0.99674446756534,9.691800736577605e-05,0.0026167861988757313,-0.0010660980810235365
2025-10-06,VEXC,76.8267,1,0.31482449439005084,-0.04829905937518842,0.0017988537839057628,0.022404971188402012,0.027116874732352025
2025-10-07,CEPF,10.3,1,0.3022422209219053,-0.03775377448755534,0.02572815533980566,0.02038834951456292,0.01941747572815533
2025-10-07,DRES,25.1391,1,0.3744411623678052,-0.036785559630513706,0.009300253390137403,0.020589440353871113,0.0002744728331562918
2025-10-07,ESLG,25.143,1,0.3934073074369746,-0.034987205769028695,-0.0016068090522213252,0.010149942329872985,0.012245953147993482
2025-10-07,GGB,3.19,1,0.4843800823992146,-0.9964433888461927,0.012539184952978122,0.056426332288401326,0.07210031347962387
2025-10-07,GIG,10.8,1,0.2939060846250055,-0.3992268328656467,0.07685185185185195,0.011111111111111072,-0.0185185185185186
2025-10-07,ICPY,10.1383,1,0.5569068749766326,-0.03207290355872847,-0.009695905625203394,-0.012477437045658513,-0.02251856820176945
2025-10-07,NJUN,30.845,1,0.30887502953463125,-0.9959771735300822,-0.002755714054141545,0.0050218836116064924,0.005994488571891887
2025-10-07,NOEMR,0.1908,1,0.31475191499567284,-0.20910992726461272,0.15303983228511542,0.19436058700209657,0.14831761006289312
2025-10-07,SSFI,21.595,1,0.32025867898195665,-0.9981016195945412,0.0060199120166706255,0.010868256540865984,0.0041768927992591465
2025-10-08,CHY,11.5,1,0.4404991211678799,-0.9999901463823841,0.004347826086956497,-0.016521739130434754,0.020000000000000018
2025-10-08,DGLO,20.7446,1,0.39159008136144036,-0.797207535999223,-0.02619958929070687,-0.021711674363448674,-0.03298207726348046
2025-10-08,EMBX,49.845,1,0.35221945609831107,-0.04649189447584283,0.0007282575985556594,0.0021707292607082707,0.0024275253285184206
2025-10-08,ETB,15.18,1,0.5035950535235244,-0.9955030797964949,-0.017786561264822143,-0.008563899868247682,0.0039525691699604515
2025-10-08,FINW,18.99,1,0.3579192459120294,-0.9962602426439376,-0.0337019483938914,-0.0447604002106371,0.011058451816745807
2025-10-08,HYPR,2.09,1,0.3083178488130833,-0.997432195074089,0.052631578947368585,-0.4114832535885167,-0.4593301435406699
2025-10-08,KOYNW,0.47,1,0.31538707506489994,-0.03810531952318093,0.06382978723404253,0.06382978723404253,0.1063829787234043
2025-10-08,NHS,7.61,1,0.30657433065844786,-0.9992792922719111,-0.042049934296977676,-0.03547963206307492,-0.03285151116951379
2025-10-08,OCTP,29.81,1,0.3094705731803178,-0.9970739247587926,-0.007359946326735978,-0.0024857430392485336,0.003334451526333604
2025-10-08,PLYY,24.2844,1,0.3301955513847621,-0.3927739784309173,-0.008301625735039897,-0.02497076312365143,-0.029871028314473524
2025-10-08,PQOC,28.155,1,0.3092315380389301,-0.9976758914277615,-0.007501331912626585,-0.0025750310779613095,0.009493873201917857
2025-10-08,QAI,33.81,1,0.32027533125616947,-0.9968532870691623,-0.00011830819284253113,-0.0016267376515823884,0.0005915409642116565
2025-10-08,RBUF,28.87,1,0.31216061312050525,-0.9975577190974114,0.003948735711811535,-0.0026809837201247078,0.0022653273294077625
2025-10-08,RJDI,24.98,1,0.3648848706644723,-0.034010596965138834,-0.005684547638110438,-0.010756605284227394,-0.01420336269015221
2025-10-08,SPYA,27.8761,1,0.3726428028691259,-0.9937908650210313,-0.011809399449707825,-0.0078059699886282585,0.009072287730349737
2025-10-08,STRS,19.93,1,0.3175352573952525,-0.9965698951531624,-0.014049172102358343,-0.01655795283492212,-0.031610637230305993
2025-10-08,TIPB,100.9287,1,0.3638045964954441,-0.6678226474969434,0.0021728210112681445,0.006164747985458963,-0.0063747972578661605
2025-10-08,TOT,21.0671,1,0.28952464384757204,-0.9994264374118158,-0.011819377133065245,-0.009189684389403374,0.004661296523963854
2025-10-08,TWOX,27.23,1,0.3057184123596173,-0.9980236603642787,-0.011017260374586835,-0.0042306279838414396,0.009034153507161191
2025-10-08,WHWK,2.13,1,0.32530918795096997,-0.900096351612173,-0.014084507042253391,0.11267605633802824,0.05633802816901423
2025-10-09,CBTO,24.881,1,0.3489336837084519,-0.045390606230521796,-0.04307704674249424,-0.03700815883605968,-0.07718339295044419
2025-10-09,CRAQU,10.2,1,0.3187135405621785,-0.07655115141428415,0.012745098039215863,0.011764705882353121,
2025-10-09,GBXA,26.8041,1,0.31192572413402364,-0.9969264327792947,-0.00810323793747969,0.0021265403427088714,0.0008095776392418319
2025-10-09,GLIX,25.0882,1,0.34539671196643873,-0.03446360770801571,0.013261214435471569,0.022014333431653155,-0.0005221578271857874
2025-10-09,PBQQ,28.205,1,0.30374814828135,-0.9978850566362136,-0.008218400992731745,0.0030136500620456808,0.0025633752880696026
2025-10-09,PCLG,25.4356,1,0.4574475003279206,-0.04037024630955839,-0.014833540392206301,-0.006215697683561672,-0.023828806869112595
2025-10-09,SIXO,34.0378,1,0.30379690833735734,-0.9966504774749457,-0.008414174829160515,0.0024149621890956485,0.0009460070862394865
2025-10-09,SPCT,25.0961,1,0.3562377995294739,-0.03383027181874979,0.003570275859595684,0.012906387845123435,0.005498862373038094
2025-10-09,TRBF,49.985,1,0.35685864155694297,-0.043811251057569625,0.008982694808442604,0.009302790837251163,0.003701110333099944
2025-10-09,ZALT,31.99,1,0.30289204264623126,-0.9982407011012555,-0.007189746795873586,0.002031884964051267,0.0025007814942170636
2025-10-10,ALTY,11.6573,1,0.5844505122918725,-0.989308425280932,0.014385835485060783,0.026018031619671866,0.01959287313528857
2025-10-10,BBAG,46.73,1,0.33358245778982304,-0.9951147055516812,0.0043933233468864685,0.006847849347314305,-0.0028760967258719683
2025-10-10,BFLB,49.39,1,0.4025671191686462,-0.04678747998676462,0.009412836606600639,0.020801781737193714,0.014308564486738229
2025-10-10,BLTD,26.03,1,0.34642395484802146,-0.9935886306545267,0.008451786400307304,0.011525163273146344,-0.008067614291202507
2025-10-10,BSJU,25.84,1,0.4814670937922498,-0.9969343968903286,0.008320433436532548,0.009481424148606754,0.005359907120743079
2025-10-10,DDTO,20.9892,1,0.3329991359282932,-0.037104994922249536,0.00812322527776188,0.020524841346978517,0.010996131343738558
2025-10-10,DRKY,19.6196,1,0.4026986465276643,-0.047022508553537276,0.014669004464922919,0.039909070521315426,0.07830944565638442
2025-10-10,NMAY,27.1,1,0.32227558671942386,-0.9967969265224466,0.0062619926199261045,0.012915129151291449,0.009014760147601386
2025-10-10,PAYR,49.3482,1,0.39349343160829564,-0.041195129599337826,0.012705630600508222,0.017852728164350573,0.00775306900758288
2025-10-10,PICB,23.68,1,0.36940618411131027,-0.9937461277548914,0.00823479729729737,0.004222972972973027,-0.004856418918918859
2025-10-10,RMIF,24.7751,1,0.48816876910083434,-0.9959894775620549,0.006789074514331084,0.010692186913473734,0.0022159345471863823
2025-10-10,SENS,8.4,1,0.2911760923140953,-0.9992916235926139,-0.02857142857142858,-0.16547619047619055,-0.2845238095238096
2025-10-10,TEND,24.7755,1,0.33714364004178515,-0.04678589408352672,0.007442836673326569,0.016524389013339746,0.014138967932029622
2025-10-10,THY,22.4718,1,0.48635249315195406,-0.9984201413188222,-0.0009701047535134455,0.00364011783657725,-0.00295036445678587
2025-10-10,TIPA,100.6148,1,0.35870184538450767,-0.43971639672405455,0.0010465657139904216,0.001645881122856574,-0.0026318195732636385
2025-10-10,TLNCW,0.51,1,0.3770181055716853,-0.045653506822898815,0.6466666666666667,0.5490196078431373,0.6666666666666665
2025-10-10,TLTP,22.9822,1,0.3445955204200076,-0.9944715007380213,0.004725396176171293,0.008824220483678591,-0.013540914272785032
2025-10-13,ALH,25.4,1,0.3259778960019758,-0.04782276285297682,-0.013779527559054983,0.03622047244094495,0.052755905511810974
2025-10-13,APRP,29.031,1,0.3199867706678421,-0.9982459441184794,0.004422858323860801,0.00892149770934525,0.009131617925665747
2025-10-13,BAMO,32.07,1,0.3251120384291437,-0.998390707237055,0.005924540068599882,0.014599314000623753,0.011711880261926932
2025-10-13,BOE,11.59,1,0.3223081173679696,-0.9974999067374669,-0.0008628127696289623,0.007765314926660993,-0.0017256255392579245
2025-10-13,BUFG,26.8357,1,0.3425586851298559,-0.9989901749733426,0.00873090696348533,0.016220929582608345,0.014693114023483611
2025-10-13,BUFP,29.3071,1,0.33475588665619727,-0.9985935537964412,0.007595429093973705,0.015112378911594782,0.013433604826134316
2025-10-13,DDFO,21.21,1,0.37403630489031314,-0.03499648757977669,0.00497878359264492,0.013201320132013139,0.00868929750117875
2025-10-13,DVAL,14.11,1,0.33461270693469003,-0.9959832967172003,0.017363571934797983,0.03186392629340884,0.014174344436569841
2025-10-13,ETW,9.08,1,0.3164894093099896,-0.9987460117232809,0.0033039647577091102,0.0,0.006607929515418665
2025-10-13,FLAO,27.9201,1,0.3430966859557179,-0.9966708387150434,0.005684077062761306,0.0126432211919012,0.010734202241395874
2025-10-13,FLJJ,31.2539,1,0.354805401844207,-0.9956964595133493,0.004674616607847293,0.009253245194999593,0.009154057573614649
2025-10-13,HYTI,19.7889,1,0.32787675618180273,-0.9962113306644842,0.0005609205160468367,0.007337446750451004,-0.0030168427754955207
2025-10-13,IAE,7.24,1,0.3307639443522777,-0.9990259616527173,0.055248618784530246,0.08149171270718236,0.01933701657458564
2025-10-13,IBHI,23.59,1,0.3293581992598914,-0.9974476149535751,0.005086901229334417,0.010173802458668835,0.0016956337431115465
2025-10-13,JUNP,29.8364,1,0.33470163825005433,-0.9985237479280027,0.005483235242857765,0.01089943827003248,0.009954284028904414
2025-10-13,KSPY,28.395,1,0.3405919385987597,-0.9992196304999319,0.009332628983976132,0.014076421905264924,0.02412396548688145
2025-10-13,MAYP,30.2156,1,0.31859195922911526,-0.998693885710519,0.004262698738400017,0.009137663988138645,0.00874713724036602
2025-10-13,MAYT,35.9857,1,0.3146856581238984,-0.9995235018825359,0.007622472259814161,0.013166341074371202,0.012338234354201782
2025-10-13,MHY,25.18,1,0.3132930770160073,-0.0386866922844305,0.005210484511517066,0.009138204924543203,0.007942811755361268
2025-10-13,NAMMW,0.34,1,0.30723642011573676,-0.06918300539867857,-0.47029411764705886,-0.5285294117647059,-0.7647058823529411
2025-10-13,NBFC,51.55,1,0.3528452219957647,-0.9960895001594297,0.004170708050436511,0.015712900096993332,0.0007759456838023482
2025-10-13,NHYB,24.9,1,0.31889482440695016,-0.037604031858792464,0.005421686746988064,0.011044176706827447,0.006425702811244882
2025-10-13,NMAR,28.7741,1,0.32765593991413794,-0.9989722366610161,0.0045075258652746975,0.011802280523109276,0.01063803906985794
2025-10-13,NOVP,29.8998,1,0.3253570807180105,-0.9986394873447361,0.004187318978722265,0.007699048154168331,0.009371300142476002
2025-10-13,PBFR,28.59,1,0.3284745921317643,-0.9969234105057644,0.0038509968520461513,0.012591815320041944,0.008401538999650349
2025-10-13,PBJN,29.33,1,0.3273588970605323,-0.9973630808725024,0.004091374019774996,0.008694169792021977,0.007620184111830852
2025-10-13,PBMR,29.7853,1,0.32847891904695486,-0.9973908143291932,0.004616371162956101,0.008625060012825259,0.009044730118548339
2025-10-13,PBOC,28.595,1,0.33189472936558845,-0.9983258326943062,0.005749256863087915,0.01346389228886169,0.009795418779506848
2025-10-13,PQAP,27.955,1,0.3125590075724639,-0.998616135078996,0.004292613128241918,0.009300661777857266,0.00894294401717044
2025-10-13,QCJA,21.4593,1,0.3338242359517074,-0.9967152373179867,0.0037606072891473996,0.01094164301724665,0.01028458523810194
2025-10-13,QCJL,23.2743,1,0.33542090338890446,-0.9975601872114954,0.006040998010681253,0.01350846212345802,0.009912220775705416
2025-10-13,QMFE,21.6697,1,0.3355978578624805,-0.9977191510745078,0.005763808451432206,0.013636552421122605,0.012695145756517201
2025-10-13,QMNV,22.3401,1,0.32080404287414876,-0.9973563845588916,0.005138741545472003,0.01004024153875771,0.013316860712351275
2025-10-13,RIG,3.2,1,0.3572080966110287,-0.9949757919170739,0.028124999999999956,0.20624999999999982,0.3125
2025-10-13,RPAR,21.39,1,0.3378208376600884,-0.9944344753934652,0.02103786816269282,0.018232819074333717,0.008256194483403423
2025-10-13,SCYB,26.45,1,0.33234126623403004,-0.9979634467464368,0.0052930056710776,0.009829867674858273,-0.0003780718336483524
2025-10-13,SKYX,1.26,1,0.29765324758111744,-0.9976968735964863,0.25396825396825395,0.20634920634920628,0.19841269841269837
2025-10-13,SPBW,26.8695,1,0.321883495418546,-0.9977015038251611,0.004157129831221296,0.009304229702822964,0.0086008299372895
2025-10-13,SPBX,26.8379,1,0.324357449727404,-0.997873612925137,0.004687401026160609,0.010883862001125122,0.010887588075072951
2025-10-13,SPDN,9.67,1,0.33290338665010427,-0.9972879160993842,-0.011375387797311176,-0.02998965873836601,-0.020682523267838593
2025-10-13,TAIL,11.96,1,0.3148381699969538,-0.9982448180007328,-0.0008361204013379586,-0.007525083612040295,-0.012541806020066937
2025-10-13,TDEC,23.2947,1,0.3604368868539594,-0.9967763685221318,0.005593547030011248,0.010105302922982506,0.012676703284438151
2025-10-13,THRV,24.91,1,0.31310328643963214,-0.038856520446360336,0.0,0.009233239662786108,0.005218787635487665
2025-10-13,WCAP,9.81,1,0.39576953961219036,-0.10634236629602618,0.006625891946992812,0.025484199796126372,0.010234454638124335
2025-10-13,XELLL,25.03,1,0.32706043232600185,-0.03643831256203171,0.0019976028765480436,0.005553335996803854,0.00019976028765467113
2025-10-14,GDXY,17.15,1,0.39090460460545495,-0.9960946348223916,-0.0798833819241982,-0.10437317784256561,-0.06472303206997077
2025-10-14,PCM,6.6,1,0.30284474870387046,-0.998103021090825,-0.039393939393939315,-0.042424242424242364,-0.037878787878787845
2025-10-15,AURE,6.901,1,0.4484277929865435,-0.04729263580236258,-0.3532821330241993,-0.39008839298652376,-0.3305318069844949
2025-10-15,BBJP,67.14,1,0.31977217123421026,-0.9986729997689582,0.011468573130771542,0.022341376228775633,0.03768245457253494
2025-10-15,BKV,21.39,1,0.3450922972688125,-0.9964712581496069,-0.050958391771856015,0.07386629266012146,0.2426367461430574
2025-10-15,COYY,15.1,1,0.3560468642863366,-0.9977297369848013,-0.09933774834437081,-0.05562913907284772,-0.19602649006622508
2025-10-15,EWV,26.9458,1,0.3052138278098411,-0.9990982563373104,-0.021743648360783463,-0.044737955451313316,-0.06779906330485641
2025-10-15,FJP,65.125,1,0.3189862027103611,-0.9982966785872041,0.008905950095969173,0.013358925143954092,0.0416890595009598
2025-10-15,HPE,25.04,1,0.3288458739731128,-0.9964033967619577,-0.07787539936102239,-0.03075079872204467,-0.06230031948881787
2025-10-15,IPAC,73.66,1,0.3124923374296108,-0.9988159690194338,0.006787944610372021,0.01615530817268529,0.025658430627206075
2025-10-15,IUSV,99.93,1,0.30650632878621686,-0.9988120598667136,0.007104973481437016,0.012408686080256137,0.02631842289602715
2025-10-15,IWDL,45.1415,1,0.31053083947136306,-0.9994061964488129,0.0038744835683350853,0.0056112446418483675,0.03767486680770471
2025-10-15,RWL,110.89,1,0.3103718496428517,-0.9986351232579125,0.0056813057985389825,0.01289566236811246,0.023897556136712073
2025-10-15,SAIL,22.85,1,0.2869042028268711,-0.9997355823161149,-0.03719912472647713,-0.061706783369803064,-0.11378555798687096
2025-10-15,SWKH,16.75,1,0.3129475921658722,-0.9974468645629287,-0.03402985074626863,-0.043582089552238856,0.011343283582089692
2025-10-15,XSMO,73.59,1,0.3222413560843923,-0.9988603495860937,-0.013045250713412226,-0.01589889930697108,-0.012773474656882722
2025-10-16,CBTL,24.0213,1,0.3444128063341784,-0.046427853726118434,0.009612302414939933,-0.009341709233055662,-0.054151940153114086
2025-10-16,CBXL,24.3802,1,0.3509703125676328,-0.04482893337987629,0.006378126512497806,-0.004027858672201123,-0.032575614638107986
2025-10-16,EHY,21.67,1,0.36405880839400473,-0.2686424777859384,-0.010281495154591758,-0.025842178126442183,-0.14500692201199827
2025-10-16,ETTY,21.59,1,0.3712465965467748,-0.2550379167202302,-0.010653080129689685,-0.03953682260305702,-0.15861973135710972
2025-10-16,FBLA,11.76,1,0.3401060274632075,-0.9936452528235916,0.020408163265306145,0.03401360544217691,0.04166666666666674
2025-10-16,FERA,10.26,1,0.3234760105835584,-0.07092074752684711,0.0009746588693957392,0.00877192982456143,0.011695906432748648
2025-10-16,FFUT,52.56,1,0.342587124707376,-0.9995293153569453,0.008656773211567659,0.010749619482496087,0.021974885844748826
2025-10-16,FUTG,14.1038,1,0.314803802496746,-0.04791330499786602,0.17844836143450693,0.43749202342631066,0.2671691317233653
2025-10-16,GRCE,3.21,1,0.48123384268473224,-0.9977119940227563,-0.01869158878504673,-0.006230529595015577,-0.034267912772585674
2025-10-16,MXI,93.06,1,0.3092515869665209,-0.9971557466317837,-0.010583494519664671,-0.02550934880722122,-0.009395013969482058
2025-10-16,NOWL,20.88,1,0.3244012492687817,-0.9987776791762532,0.08890325670498078,0.0823754789272031,-0.12314176245210717
2025-10-16,PKE,19.93,1,0.37116707757102985,-0.999353063084374,-0.009031610637230347,-0.0471650777722028,-0.04315102860010034
2025-10-16,QIDX,10.7693,1,0.3241240856257033,-0.9954433129539988,0.015850612388920382,0.0004921396933876832,-0.00736352409163088
2025-10-16,RDVT,53.25,1,0.3075395399800568,-0.9979068406331622,0.02366197183098584,-0.03737089201877941,0.08000000000000007
2025-10-16,RFAI,10.69,1,0.29714114095826843,-0.0786433973993112,0.0,0.001403180542563165,0.00280636108512633
2025-10-16,TETH,19.3,1,0.3887119762962992,-0.9920285476588164,-0.002072538860103612,-0.04637305699481864,-0.1808290155440414
2025-10-16,VNMEU,10.12,1,0.3376836656731122,-0.07199127821895886,0.0,0.0,0.006916996047430901
2025-10-16,YHGJ,5.52,1,0.3318704229047862,-0.998672548907241,-0.047101449275362306,-0.055253623188405765,0.0
2025-10-17,BNKK,8.5365,1,0.37423561691838203,-0.2853817511801945,-0.04264042640426413,-0.10988109881098818,-0.3124231242312423
2025-10-17,CNM,52.19,1,0.29942720660586913,-0.9978536953340537,0.046752251389155175,-0.00019160758766045838,-0.09657022418087757
2025-10-17,HEDG,28.8459,1,0.330102315088045,-0.03699124677033831,0.0072280636069597115,0.00950221695284248,0.007699534422569654
2025-10-17,NELS,25.0519,1,0.3735549548008414,-0.04462676258228351,0.02263700557642334,0.02840503115532167,0.01593891082113541
2025-10-17,NVII,31.0,1,0.34668577609221685,-0.9973762341436164,0.011290322580645107,0.07419354838709658,-0.013548387096774195
2025-10-17,PMTW,25.5,1,0.3160525074924784,-0.3697635675675448,0.006666666666666821,0.00941176470588223,0.007725490196078377
2025-10-17,TBLL,105.86,1,0.5085469067373938,-0.9991908045586468,-0.0026450028339316534,-0.0019837521254486568,-0.0006612507084828856
2025-10-17,TCPA,24.65,1,0.3632477541934868,-0.04789551406125851,0.005679513184584151,0.0040567951318459805,-0.006085192697768749
2025-10-20,ACSV,40.4685,1,0.3852700077146744,-0.04455842628864577,0.011023388561473668,-0.02512818612006873,-0.047592572000444866
2025-10-20,BDCIW,0.858137,1,0.33051235217388614,-0.04610562398650973,-0.009482168931068236,-0.04444162179232458,-0.12508142639228936
2025-10-20,CBOL,24.88,1,0.3312871806933028,-0.03623508011879924,0.005225080385852232,-0.003416398713826263,-0.01808681672025725
2025-10-20,EZMO,25.5125,1,0.3626010451160845,-0.04400907001335097,0.02454091131798153,0.02691229789318972,-0.0023361097501224393
2025-10-20,EZRO,25.2068,1,0.40575175522854867,-0.042000850624841865,0.03222146404938342,0.02600488757002073,-0.05244219813701079
2025-10-20,NAUT,1.11,1,0.30306297003791166,-0.9983381069748527,0.21621621621621623,0.6666666666666665,0.7117117117117115
2025-10-20,PBOT,25.3782,1,0.4096800528437637,-0.04339596563680498,0.03278798338731659,0.04081061698623234,-0.03012427989376698
2025-10-20,PCLN,25.4949,1,0.3681977177474762,-0.044067228363561944,0.01643073712781762,-2.7456471686559958e-05,-0.04874700430282142
2025-10-20,PFN,7.37,1,0.4760264878919085,-0.9988965854371028,0.012211668928086894,0.01763907734056991,0.0
2025-10-20,PQNT,20.4112,1,0.33421080596967084,-0.04601711759877726,0.007045151681429829,-0.008603119855765451,-0.013840440542447374
2025-10-20,SVACU,10.69,1,0.3182799071721779,-0.4614310140124599,-0.00093545369504211,-0.010289990645462987,-0.024321796071094415
2025-10-21,AIV,5.64,1,0.32904073906954845,-0.9965151957464528,-0.019503546099290725,-0.0585106382978724,0.00886524822695045
2025-10-21,BDCIU,10.47,1,0.45170339704334544,-0.04903142044772754,-0.015281757402101248,-0.014326647564469996,-0.02005730659025795
2025-10-21,CM,80.63,1,0.31698494097307806,-0.9999138025881177,0.039687461242713606,0.03323824879077275,0.06486419446856018
2025-10-21,HISF,45.415,1,0.34681971008801665,-0.9939760954849592,0.0016514367499724791,-0.005174501816580412,-0.004844214466585894
2025-10-21,LOB,34.77,1,0.2938966400992299,-0.9991870257369482,-0.07132585562266336,-0.10583836640782296,-0.13603681334483764
2025-10-21,NBHC,37.01,1,0.31496733145397765,-0.9985093227724926,0.0005403944879762701,-0.03026209132666835,-0.03701702242637117
2025-10-21,TD,80.36,1,0.3223731956307149,-0.997000201837302,0.029367844698855228,0.0022399203583873817,0.023643603782976585
2025-10-21,VERI,5.97,1,0.32029606406749767,-0.9960771923963507,0.11725293132328307,0.03350083752093802,-0.2864321608040201
2025-10-22,ARTV,4.48,1,0.36308559566076887,-0.9986563272511954,-0.02008928571428592,-0.2321428571428572,-0.2433035714285715
2025-10-22,GTERU,10.3825,1,0.47626401212694314,-0.03718253788699603,0.0016855285335901637,-0.011798699735131257,-0.011798699735131257
2025-10-22,KZR,6.17,1,0.2883031406094471,-0.9992902657545882,-0.0032414910858994395,-0.011345218800648316,0.004862236628849326
2025-10-22,SDHI,10.3,1,0.33142610731561795,-0.06969463833463833,-0.008737864077669855,-0.001941747572815622,-0.006796116504854344
2025-10-22,SLAI,2.13,1,0.33892664867726635,-0.046438078860536317,0.06572769953051649,-0.04694835680751175,-0.3474178403755869
2025-10-23,ASCI,34.7956,1,0.35555064692094374,-0.03492284118148299,-0.00044833254779341747,-0.016668774212831416,-0.04930508455092031
2025-10-23,BBYY,24.8425,1,0.36638738505974067,-0.044753655591304266,-0.010316997081614154,-0.05471671530643052,-0.15366810908724982
2025-10-23,KMTS,25.69,1,0.34401546582877884,-0.9954785452394357,0.08855585831062673,0.01595951732191514,-0.027247956403269824
2025-10-23,SNDX,14.68,1,0.3035210601448958,-0.9994515465670928,-0.08787465940054495,0.0006811989100816707,0.16144414168937327
2025-10-24,AAUC,18.11,1,0.3365886796553476,-0.9972432999827976,-0.15958034235229146,-0.14688017669795694,-0.10215350635008269
2025-10-24,BRCE,25.64,1,0.37340882210479287,-0.042823952820569125,0.008088923556942351,-0.010471918876755026,-0.031930577223088896
2025-10-24,BRIE,25.1786,1,0.34705020203055814,-0.04480022386661821,5.5602773784135806e-05,0.0031931878658861823,-0.004869214332806404
2025-10-24,BVN,22.47,1,0.3150875925429204,-0.9998744614633626,0.013351134846461887,-0.004450378282153888,0.02447708055184683
2025-10-24,CCIIU,10.52,1,0.310979154644391,-0.07006616510870622,0.000950570342205248,-0.004752851711026462,-0.016834600760456175
2025-10-24,CTGO,22.28,1,0.30944614322736663,-0.9994934912037587,-0.03680430879712748,-0.021992818671454306,-0.0650807899461402
2025-10-24,DTSQ,10.4811,1,0.3045910734108806,-0.07804518697838717,0.02565570407686213,0.035196687370600444,0.02947209739435741
2025-10-24,EDGH,29.13,1,0.343138883232313,-0.9965076336911359,-0.00720906282183309,-0.00720906282183309,0.008582217645039414
2025-10-24,FBYY,25.295,1,0.3479387979903942,-0.03532051616264019,-0.0687882980826251,-0.12994662976872906,-0.1801660407195098
2025-10-24,HL,12.95,1,0.3108792964562249,-0.9990936916410416,-0.00617760617760621,0.07181467181467194,0.033204633204633405
2025-10-24,HMY,17.49,1,0.32927395251820324,-0.9978858111602591,-0.056032018296169106,-0.06117781589479687,-0.04917095483133216
2025-10-24,JHLN,25.05,1,0.3174051021794131,-0.07728044914876939,-0.005988023952095856,-0.004790419161676662,-0.003792415169660779
2025-10-24,KGC,23.94,1,0.31676335837447367,-0.9979422835971824,-0.02923976608187151,0.016290726817042467,0.018796992481203034
2025-10-24,KGLD,29.3865,1,0.33190440858420484,-0.9966957241130701,-0.026423697956544756,-0.03765334422268729,-0.016214928623687785
2025-10-24,KKRT,25.57,1,0.31572424740147925,-0.9174819916196657,0.001955416503715224,0.012514665623777788,-0.010950332420805675
2025-10-24,LENS,34.5664,1,0.31969705635127027,-0.9997533737793527,-0.011580610072208897,-0.00889592205147205,-0.013744561192371885
2025-10-24,OEI,25.2699,1,0.37063420593704977,-0.04243255241231791,0.01266724442914291,0.0009932765859779202,-0.017605926418387097
2025-10-24,RJVI,25.185,1,0.30872067953254145,-0.037316746671290535,-0.0104665475481438,-0.010605519158229049,-0.006352987889616801
2025-10-24,SILJ,22.84,1,0.3129075963196732,-0.9982881086043948,-0.010507880910682998,-0.04816112084063051,-0.05560420315236425
2025-10-24,SKE,16.56,1,0.31833710195368736,-0.9972581529309338,-0.022342995169082003,-0.009661835748792313,0.06461352657004826
2025-10-24,SLJY,28.3658,1,0.30902380974917637,-0.9987346200986147,-0.026923266750805586,-0.051773614705032056,-0.03678373252296785
2025-10-24,SONM,12.6756,1,0.2891468195282028,-0.9982765509663327,-0.0844614850579064,-0.10023983085613308,-0.4414465587427814
2025-10-24,WHFCL,25.25,1,0.3085451453164304,-0.9996510120896467,0.0027722772277227747,0.004011881188118682,0.006732673267326739
2025-10-27,AMZZ,31.45,1,0.32361430392071416,-0.9951066744202541,0.23656597774244847,0.17901430842607313,-0.02914785373608897
2025-10-27,DT,50.51,1,0.3025335734279418,-0.9981268224431317,-0.0005939417937042002,-0.07503464660463277,-0.13145911700653334
2025-10-27,GFF,76.78,1,0.2963116356290744,-0.999347637001166,-0.02214118259963538,-0.06186506902839284,-0.06486064079187293
2025-10-27,GTPE,50.8341,1,0.35934319375319707,-0.045601931433937634,-0.008628066593094008,-0.00925559811229082,-0.03822237435107534
2025-10-27,HCSG,18.94,1,0.3380084457555321,-0.9997037214841875,-0.05596620908130956,-0.07127771911298841,-0.017951425554382228
2025-10-27,HVMCU,10.17,1,0.3864287649775336,-0.07079001704690083,-0.001966568338249708,-0.000983284169124854,0.000983284169124854
2025-10-27,IOT,39.91,1,0.3090717248875292,-0.9966657117604212,0.014532698571786629,-0.002004510147832539,-0.0909546479579052
2025-10-27,LFGY,36.98,1,0.31642697590378377,-0.9971961168269222,-0.04164413196322336,-0.12358031368307199,-0.24986479177934018
2025-10-27,PGRI,25.3939,1,0.3434616091038929,-0.04616737767433356,-0.016889883003398443,-0.015905394602640843,-0.04592835287214647
2025-10-27,SBIL,100.36,1,0.5094213372054904,-0.15068744126584555,-0.002590673575129543,-0.0015942606616181632,-0.0031885213232363263
2025-10-27,VRDN,22.54,1,0.3080834087936575,-0.998851280298376,0.0270629991126885,0.22670807453416142,0.42102928127772854
2025-10-28,DEFR,26.66,1,0.3498367931943982,-0.9954186027573191,-0.006189047261815461,-0.002051762940735169,0.00525881470367584
2025-10-28,ETHMW,2.2401,1,0.3247629796568224,-0.4430830665160672,-0.053613677960805295,-0.10271862863265047,-0.3214588634435962
2025-10-28,GECCG,25.05,1,0.3341159477720121,-0.07781256132807193,0.003992015968063756,0.010379241516965898,-0.006387225548902253
2025-10-28,HP,25.32,1,0.31479616930100274,-0.9979500410730399,0.03120063191153233,0.09873617693522907,0.08925750394944698
2025-10-28,HVIIU,11.75,1,0.3376844942921681,-0.5056598118964235,-0.07489361702127662,-0.09787234042553195,-0.09787234042553195
2025-10-28,SOFR,100.48,1,0.4043134912773414,-0.9960042027710773,-0.0027906050955414097,-0.0021397292993631245,-0.0003980891719745916
2025-10-28,TINS,25.2884,1,0.3540776338685092,-0.036106860105798,-0.024995650179528872,6.327011594242649e-05,-0.017739358757374868
2025-10-29,APLU,25.28,1,0.31841398897253215,-0.9966847033990036,-0.0059335443037975555,-0.0003955696202532222,0.0017800632911391112
2025-10-29,AUB,32.82,1,0.32856514777764273,-0.9964121660655921,-0.0006093845216332827,-0.003351614868982278,0.03686776355880572
2025-10-29,DYNB,40.1261,1,0.46682452817054215,-0.03800887454525108,-0.008251487186644035,-0.005629752206170124,-0.0036410216791565864
2025-10-29,EMKT,25.5893,1,0.36309054957998477,-0.04630751117728128,-0.016518623018214718,-0.01621380811511075,-0.038422309324600556
2025-10-29,FISR,26.22,1,0.3087365887665603,-0.9968357124455672,-0.009916094584286772,-0.004195270785659733,0.0017162471395881784
2025-10-29,GNTX,23.73,1,0.35365009456796814,-0.9941718860679313,-0.005478297513695662,-0.018120522545301276,-0.0421407501053519
2025-10-29,JHCR,25.605,1,0.31317029177684796,-0.9970195723204783,-0.004296035930482334,0.00019527436047650504,0.0023432923257176164
2025-10-29,KCHVU,10.3839,1,0.5772580570736827,-0.03014427585342233,0.005614460848043512,-0.0036498810658809333,0.04103467868527244
2025-10-29,MPG,12.2497,1,0.33141204306578953,-0.04729085265488576,-0.2776312889295248,-0.17385731895474998,-0.19289451986579276
2025-10-29,QSIG,48.98,1,0.3158253243030057,-0.9990038760254749,-0.0021437321355655126,0.0005104124132300214,0.0006124948958758925
2025-10-29,RNTX,1.55,1,0.32439654081597386,-0.9956513722499757,0.02580645161290329,-0.06451612903225812,-0.006451612903225823
2025-10-29,SIFI,44.5166,1,0.3298399020537082,-0.9958807281127585,-0.008796718527470548,-0.0032931535651868904,0.0028843173108459297
2025-10-29,SNY,50.68,1,0.3037706920966932,-0.9991940647200804,-0.03314917127071826,0.024467245461720744,-0.012825572217837422
2025-10-29,SPLB,23.41,1,0.3247881486036073,-0.9955279990014986,-0.02691157624946605,-0.018368218709952977,-0.009397693293464293
2025-10-30,AGGS,41.8514,1,0.34767853565089096,-0.9955360417354189,-0.004812264344800865,-0.004692794028395619,0.0009653201565540392
2025-10-30,BBP,73.0971,1,0.3292916908209048,-0.9999877830003909,0.015089517915211514,0.04389230215699391,0.095665901930446
2025-10-30,CRESY,11.6316,1,0.36167050472141393,-0.9974669898680205,-0.036658757178720136,-0.019610371745933608,0.02565425220949824
2025-10-30,GLNG,40.49,1,0.332769915189743,-0.9956822903029565,-0.03210669301061997,-0.06322548777475923,-0.08742899481353417
2025-10-30,LOMA,10.26,1,0.35471115157290584,-0.9985069619843561,0.04580896686159841,0.1169590643274856,0.2163742690058481
2025-10-30,QCMD,21.3023,1,0.34544332348672885,-0.9985042601473257,0.020077644198044364,0.012566718147805744,0.051609450622702946
2025-10-30,RAC,10.3,1,0.4717384119121495,-0.037393583103200914,0.008737864077669855,0.008737864077669855,0.005825242718446422
2025-10-30,TEO,10.65,1,0.34861807945480916,-0.9982292927031118,0.1483568075117372,0.1990610328638498,0.18497652582159607
2025-10-31,APXTU,10.12,1,0.32284479482897677,-0.9960889318295326,-0.0009782608695652062,-0.0019762845849802257,-0.006916996047430679
2025-10-31,CGMS,27.61,1,0.47123496576271795,-0.9996525863374973,-0.0010865628395508864,-0.002173125679101773,0.002173125679101773
2025-10-31,CLIK,7.06,1,0.28688662209938015,-0.9999389832861085,-0.021246458923512623,-0.15014164305949007,-0.1841359773371105
2025-10-31,EVMO,50.61,1,0.34721318331102613,-0.5841454317404363,0.0021734835012843234,0.0007903576368306631,0.002371072910491989
2025-10-31,EZA,63.77,1,0.3141307547257677,-0.9969294002636543,0.007370236788458495,0.05049396267837536,0.057707385918143395
2025-10-31,LNGX,34.2897,1,0.34001889475878866,-0.04876895197398197,0.036897377346550186,0.07014934513862747,0.09539016089379593
2025-10-31,POWR,25.5529,1,0.39862899296393606,-0.04536746825678492,0.00927879027429368,-0.002520261888083297,0.0008648724802271524
2025-10-31,TAXX,50.85,1,0.3317604046840963,-0.9964167736436164,-0.0011799410029499358,-0.0012782694198624212,-0.0034198623402164063
2025-11-03,AESI,12.65,1,0.3382831183378115,-0.9989081453387023,-0.15889328063241104,-0.3241106719367589,-0.3011857707509882
2025-11-03,ALRM,49.07,1,0.29845463178873793,-0.9987267994854699,0.02832687996739347,-0.01732219278581626,0.05054004483391061
2025-11-03,BHK,9.72,1,0.29902464283277574,-0.9980310888182042,-0.0010288065843621075,-0.012345679012345734,-0.018518518518518712
2025-11-03,BINC,53.01,1,0.32244235600235127,-0.9966901448593091,0.0020750801735520685,-0.00037728730428210344,-0.0011318619128465324
2025-11-03,BLX,43.18,1,0.33293715233188276,-0.9985706226799711,0.03473830477072726,0.016674386289948995,0.042149143121815724
2025-11-03,BUG,34.51,1,0.33009079485502,-0.9983200949096352,-0.019124891335844607,-0.07418139669660961,-0.08924949290060846
2025-11-03,FGNXP,19.11,1,0.32441659624386326,-0.9965967605772174,0.01936159079016231,-0.016221873364730466,0.05863422291993725
2025-11-03,IBDY,26.05,1,0.5036788615006577,-0.996038521474152,0.0019193857965451588,0.0,0.0057581573896352545
2025-11-03,MBVIW,0.5501,1,0.3194478927126112,-0.03682266415714645,-0.036538811125249926,-0.10925286311579718,-0.18196691510634433
2025-11-03,NBP,4.7,1,0.48030487889017126,-0.0428890521815982,-0.08723404255319156,-0.07021276595744685,-0.21702127659574466
2025-11-03,SPIP,26.22,1,0.3034779045327546,-0.9980425878864203,0.0,-0.0015255530129671957,-0.0038138825324178782
2025-11-03,ST,31.83,1,0.33805828143373406,-0.9994404690088832,-0.01790763430725717,-0.09487904492617028,0.011310084825636224
2025-11-03,VSDB,76.38,1,0.3227511275232576,-0.9978647769650806,0.002225713537575391,0.0007855459544383603,0.0026184865147944603
2025-11-03,XTWO,49.42,1,0.30403090562464846,-0.9975179367866827,0.0009105625252934235,0.0011129097531363819,0.000607041683528875
2025-11-04,ACR,21.59,1,0.34039248880977224,-0.9960129591636505,-0.005094951366373279,-0.011579434923575715,0.043075497915701755
2025-11-04,CCC,8.13,1,0.3572514271069327,-0.0462095645813999,-0.08487084870848716,-0.1156211562115621,-0.07011070110701123
2025-11-04,FBYY,22.845,1,0.39825795476017406,-0.2999170076709474,-0.02516962136134815,-0.07503173560954246,-0.08597942657036539
2025-11-04,MUNB,101.115,1,0.4088359822047677,-0.7549385802458054,0.0012856648370667134,-0.0002966918854769851,-0.0008900756564307333
2025-11-04,NMBL,19.6813,1,0.3766133140498093,-0.042838884581630876,0.011432171655327616,-0.014612855858098905,0.01619811699430418
2025-11-04,NPACU,10.44,1,0.30657549698862857,-0.3045793855455612,-0.00478927203065127,-0.007662835249042099,-0.0019157088122604415
2025-11-04,SFGV,30.7341,1,0.38047407685431456,-0.03166283717691555,0.02224239525478211,0.0035237732681288048,0.03712163362519161
2025-11-05,AHMA,4.68,1,0.29458031893693043,-0.3701085869473408,0.018162393162393098,0.14102564102564097,1.8205128205128207
2025-11-05,CGCB,26.55,1,0.3024693110919421,-0.9977178002321233,0.004896421845574261,0.0018832391713747842,0.001129943502824693
2025-11-05,DNP,10.1,1,0.3073167304510549,-0.9974555973432966,0.002970297029702973,0.006930693069306937,0.000990099009900991
2025-11-05,FEMB,29.3126,1,0.35234452161383745,-0.994973196896435,0.010145807604920787,0.012247292972987767,0.016286511602519038
2025-11-05,GDYN,8.97,1,0.30152029254394475,-0.9992162808424221,-0.05685618729096986,-0.09364548494983271,0.07692307692307687
2025-11-05,GOVT,23.05,1,0.48173428161455495,-0.9969772742184727,0.005856832971800285,0.0030368763557484524,0.002169197396963085
2025-11-05,GSRFU,10.48,1,0.47863373419840516,-0.037210009781070044,-0.005725190839694694,-0.016221374045801484,-0.012404580152671874
2025-11-05,LQDW,24.82,1,0.33827178029342386,-0.9960201088796614,0.005269943593875892,-0.00010475423045930299,-0.003626107977437565
2025-11-05,SIXZ,29.2704,1,0.31623229686018733,-0.998644271171189,0.0038742210560840373,-0.01190280966437074,0.007546873291789602
2025-11-06,ALVO,5.06,1,0.36436328101192594,-0.9976474251471069,0.09090909090909083,0.0,0.0810276679841897
2025-11-06,ASPSZ,0.53,1,0.3048371600413109,-0.6505466448706093,0.2075471698113207,-0.05660377358490576,-0.24905660377358485
2025-11-06,BACCU,10.24,1,0.33695569534825964,-0.07038309989641359,0.0400390625,0.0576171875,0.02734375
2025-11-06,BNDC,22.57,1,0.30730962786546595,-0.9971357890012491,-0.004474966770048661,-0.0040319007532122475,-0.007532122286220688
2025-11-06,CVEO,22.12,1,0.31322863396422906,-0.99941012704999,-0.000904159132007254,-0.02893309222423146,0.017179023508137492
2025-11-06,ESLAW,0.224,1,0.2940674823877622,-0.07160147414599977,-0.5316964285714286,-0.5598214285714287,-0.7321473214285714
2025-11-06,FLCB,21.705,1,0.3052367454966368,-0.9961196766112269,-0.0013821700069107656,0.00023036166781853495,-0.0025339783460032184
2025-11-06,FTCB,21.41,1,0.3099610765001257,-0.996954553477768,-0.0009341429238672871,-0.0007006071929005486,-0.00420364315740307
2025-11-06,IG,20.96,1,0.31080011635044075,-0.9952168418158448,-0.0028959923664122478,-0.0021040076335877567,-0.0004770992366412985
2025-11-06,IOYY,25.1145,1,0.35135416301067246,-0.04995518644725935,-0.06497043540584124,-0.15168528141113702,-0.15188436958729012
2025-11-06,MYCM,24.96,1,0.30530981589713496,-0.9959129900940288,-0.001358173076923097,-0.0008012820512820484,0.0016907051282051277
2025-11-06,MYCN,24.8375,1,0.30921622835083357,-0.9957222340896749,-0.001529944640161096,-0.0011716155007548412,0.0018117765475591519
2025-11-06,MYCO,24.83,1,0.31201288273898053,-0.07703114513138928,-0.002013693113169457,-0.0014176399516713234,0.002303664921466053
2025-11-06,QTPI,25.5239,1,0.3337338499153913,-0.9956162867081677,0.0024016705910929748,-0.0019158514176909058,0.0036749869729939544
2025-11-06,RINF,32.33,1,0.3114822552185957,-0.9985493495591399,0.0031920816579029676,-0.0013052892050726683,0.004958243117847205
2025-11-06,RLGT,6.07,1,0.3403749734469767,-0.9959475946795632,-0.011532125205930832,-0.03130148270181221,0.0494233937397035
2025-11-06,SCEC,25.47,1,0.30877843094934554,-0.9962452149346678,-0.0011778563015311105,-0.0015704750687082214,-0.002748331370239554
2025-11-06,SCHI,22.98,1,0.3065041538314883,-0.9957517360301849,-0.0013054830287206887,-0.0004351610095736369,0.0017406440382941035
2025-11-06,SPIB,33.79,1,0.3069009152166737,-0.9958630755672535,-0.00029594554601952705,0.0005918910920390541,0.0011837821840781082
2025-11-06,SUSC,23.475,1,0.3089688325616046,-0.9955472366887602,-0.0023429179978700088,-0.0021299254526091493,-0.0010649627263046302
2025-11-06,WMTI,25.0146,1,0.3735071255797247,-0.04460248656604393,0.012768543170788238,0.055443620925379467,0.1169477025417156
2025-11-07,ANPA,26.4,1,0.2874128343426313,-0.9994364244980039,0.13636363636363646,0.07954545454545459,-0.1477272727272727
2025-11-07,DAT,46.7602,1,0.3101858340160004,-0.9981795005740652,-0.015262980055688269,-0.10137253476246877,-0.009168053173425283
2025-11-07,ENHU,24.6947,1,0.43175461839963475,-0.04155832436552347,0.0016116818588602921,-0.018234681935800023,0.02087492457895812
2025-11-07,GIFT,1.1,1,0.30251951544764366,-0.9982871450828502,0.009090909090909038,-0.00909090909090915,0.009090909090909038
2025-11-07,IMNM,15.24,1,0.30793909220170007,-0.9993887155840436,0.12467191601049876,0.2158792650918635,0.28871391076115493
2025-11-10,ATTR,90.5501,1,0.3266857942120944,-0.039824924534646325,-0.005792373503728965,-0.004697951741632456,-0.0024306985856449304
2025-11-10,BILT,26.1845,1,0.3683574159115426,-0.9957252540846162,0.0017109358590003954,-0.002879566155549962,-0.01398537302602687
2025-11-10,CWEN,35.27,1,0.3499412547277437,-0.99698681462596,0.02977034306776294,0.02835270768358389,-0.06521122767224286
2025-11-10,KW,9.46,1,0.33793096515100973,-0.995649557165345,0.007399577167018778,0.01691331923890038,0.02854122621564481
2025-11-10,MBC,10.69,1,0.35596857873176646,-0.9963428252541163,-0.08138447146866223,-0.030869971936389184,0.029934518241347075
2025-11-10,MNRO,17.85,1,0.31103090071844647,-0.9981687824891835,-0.06722689075630273,0.03305322128851529,0.09355742296918756
2025-11-11,ARQ,3.47,1,0.3630705614798478,-0.9959825247456024,0.011527377521613813,0.040345821325648235,0.05475504322766578
2025-11-11,AVUV,98.99,1,0.30765032349253946,-0.9980072615551371,-0.033942822507323944,0.012122436609758536,0.06394585311647649
2025-11-11,BHFAO,17.05,1,0.3260466245414184,-0.9971727689853549,-0.032258064516129115,-0.03167155425219936,-0.07741935483870965
2025-11-11,BHFAP,16.7,1,0.34002508427617945,-0.9954836868931811,-0.035329341317365315,-0.03413173652694612,-0.08622754491017959
2025-11-11,COTY,3.57,1,0.32893472454075273,-0.9967461133272679,-0.07282913165266103,-0.09523809523809523,-0.056022408963585346
2025-11-11,DLX,20.63,1,0.32815808328662927,-0.9983184411203696,-0.08482792050412025,-0.007270964614638831,0.06349975763451288
2025-11-11,EUIG,50.167,1,0.3212269804868373,-0.036467115105158765,-0.0009368708513565194,5.9800267107945615e-05,-0.0021328761935136553
2025-11-11,GSSC,74.52,1,0.3177672826104929,-0.9975441772179199,-0.04374664519592042,0.006038647342995196,0.04373322597960283
2025-11-11,HDSN,7.01,1,0.3355488018649446,-0.9957410122827675,-0.03708987161198285,-0.02853067047075608,0.02567760342368053
2025-11-11,JBI,6.29,1,0.3627809903632773,-0.9973554466240132,-0.06200317965023838,-0.01748807631160576,0.044515103338632844
2025-11-11,LQTI,20.22,1,0.3076648171845664,-0.996926110645603,-0.006923837784371889,0.003956478733926794,-0.004945598417408381
2025-11-11,OXLCN,24.402,1,0.33608938217088985,-0.9963137542872046,-0.004995492172772731,-0.0047946889599213005,0.0019670518809933313
2025-11-11,SAA,25.5647,1,0.33227656605285394,-0.9965403890307867,-0.08544594695028696,0.009294065645206073,0.07296389161617389
2025-11-11,SPFI,37.81,1,0.3258493624933943,-0.9948954419833385,-0.034117958212113164,0.010050251256281229,0.06850039672044428
2025-11-11,TAC,15.53,1,0.3363749719578717,-0.9980093329107662,-0.07147456535737284,-0.09851899549259491,-0.06889890534449439
2025-11-11,WLY,37.12,1,0.30670161541255736,-0.9956471778406148,-0.08997844827586199,-0.028286637931034364,-0.14278017241379304
2025-11-11,XZO,19.0,1,0.3360422910179257,-0.17986916890255641,-0.1842105263157895,-0.09631578947368413,-0.052105263157894655
2025-11-12,ELDN,1.89,1,0.3206214526743126,-0.999224213916795,-0.17989417989417977,-0.17989417989417977,-0.10052910052910047
2025-11-12,ETR,96.54,1,0.3014343468320853,-0.9981614679115702,-0.025999585663973535,0.00010358400662924261,-0.03335405013465931
2025-11-12,EVCM,8.5,1,0.37048461675720407,-0.9964913816846978,-0.05529411764705894,0.012941176470588234,0.28117647058823536
2025-11-12,FSBW,40.05,1,0.33312944935764655,-0.9971589666864229,-0.028464419475655478,0.014731585518102497,0.06441947565543082
2025-11-12,GENW,12.895,1,0.3256200542941987,-0.9954013578405675,-0.029934082977898346,0.001155486622722135,0.030213260953858123
2025-11-12,LATAW,0.35,1,0.3467789106875321,-0.04585414174040092,0.0,0.14285714285714302,0.0714285714285714
2025-11-12,NWS,30.33,1,0.34192722050100127,-0.9946944463471974,-0.06495219254863172,-0.033300362677217255,-0.025387405209363667
2025-11-12,NWSA,26.82,1,0.3312785598319321,-0.9941864043747856,-0.06897837434750187,-0.04623415361670402,-0.02684563758389258
2025-11-12,WFC,86.26,1,0.30907201046358784,-0.9963764790639105,-0.02434500347785773,-0.008115001159285873,0.0733827961975424
2025-11-13,ATHS,25.31,1,0.3220770232217273,-0.9967641907218978,-0.0035559067562228597,-0.0035559067562228597,0.0
2025-11-13,DDX,24.2288,1,0.33265264430578473,-0.03574763914429865,-0.010244007132008237,0.00522518655484383,0.0052086772766295475
2025-11-13,HERE,5.63,1,0.4565444607888193,-0.04314098717901034,-0.13143872113676736,-0.10479573712255774,-0.0959147424511545
2025-11-13,HPI,17.01,1,0.3211917012137361,-0.996900394207468,-0.022927689594356315,-0.003527336860670305,-0.03057025279247516
2025-11-13,SHMDW,0.6,1,0.2906435428072898,-0.23982302533319377,-0.0781666666666666,0.41666666666666674,0.7833333333333334
2025-11-13,SWAGW,0.1501,1,0.2965150130123857,-0.35078523760023594,-0.4350433044636909,-0.42704863424383754,-0.4337108594270487
2025-11-14,ENGN,8.53,1,0.3114405454788852,-0.9985793146729344,-0.18405627198124264,-0.07268464243845241,-0.011723329425556872
2025-11-14,LOKVW,0.92,1,0.3342748754735212,-0.3876779638700112,0.018695652173913002,-0.0434782608695653,0.032608695652173836
2025-11-14,MKLYU,10.16,1,0.31960444338968763,-0.07651455381517444,-0.006889763779527547,-0.009842519685039353,-0.0029527559055116948
2025-11-14,MTBA,50.35,1,0.33722053225594495,-0.9942278067651472,-0.00019860973187679765,0.0004965243296921606,0.0009930486593843213
2025-11-14,SOMN,49.93,1,0.3553081290045248,-0.04434137386710214,-0.0022030843180452786,0.0018025235329461875,-0.018826356899659502
2025-11-17,DDXX,24.5208,1,0.34984345246818277,-0.04553302541377567,-0.0022878535773710462,0.018082607419007468,0.026561123617500293
2025-11-17,FSSL,13.55,1,0.40955908242546735,-0.04331336491267147,-0.013284132841328566,0.002952029520295163,0.005166051660516535
2025-11-17,LKSPR,1.61,1,0.38477328327806537,-0.033786866606397986,0.26708074534161486,0.08074534161490665,0.05590062111801242
2025-11-17,OTH,3.39,1,0.3619179249866586,-0.044214489266058955,-0.1032448377581121,0.03156342182890848,-0.18584070796460184
2025-11-17,PAL,6.91,1,0.3434665765896808,-0.9956070827126458,0.0738060781476122,0.30246020260492035,0.44573082489146154
2025-11-17,TPGXL,25.6801,1,0.45495116458889023,-0.9985153207106603,0.003111358600628611,-0.016358970564756325,-0.03232464048037187
2025-11-17,TSYW,49.4,1,0.41251281804869067,-0.04331176377015576,0.007161943319837993,-0.007285425101214549,-0.027510121457489878
2025-11-18,MBVIU,10.26,1,0.5666866175274496,-0.03094377749730388,0.0,0.0019493177387914784,-0.005847953216374324
2025-11-18,MRNA,24.92,1,0.2865065497866044,-0.9995860781619552,-0.006821829855537809,0.010433386837881198,0.2243178170144462
2025-11-18,NSYS,7.0001,1,0.34102319847666024,-0.9986587589822468,-0.007157040613705479,-0.011442693675804638,-0.002871387551606319
2025-11-18,PDPA,25.15,1,0.338507417375698,-0.9949302158939225,0.004174950298210689,0.00994035785288272,0.004373757455268468
2025-11-18,XAGG,50.1405,1,0.3817906866243024,-0.0334233433723438,0.009463407824014558,0.009148293295838661,0.006950469181599583
2025-11-19,ABNG,13.1898,1,0.3440462715298573,-0.04955025956642083,0.03693005200988653,0.10572563647667144,0.3501417762210193
2025-11-19,BACCR,0.39,1,0.3078619294733853,-0.03798287603662736,-0.10256410256410264,-0.1792307692307693,-0.16961282051282056
2025-11-19,BBHL,15.6557,1,0.3833875509066308,-0.04192799337835,0.02228581283494191,0.027517134334459792,0.019577534061076873
2025-11-19,CMGG,14.451,1,0.33717150960293285,-0.047542660792802255,0.19093488339907272,0.1923534703480727,0.4525292367310221
2025-11-19,CNXT,41.37,1,0.30068478458053677,-0.9971879600384517,-0.005801305293690939,0.009112883732173227,0.0372250423011844
2025-11-19,DURA,33.5964,1,0.33076743654787844,-0.9990582485144218,0.01976104582633842,0.013703849221940345,0.015585003155099697
2025-11-19,GSGO,39.4297,1,0.464753833582455,-0.046571576685895316,0.02092077799222425,0.02673365508740888,0.003289398600547333
2025-11-19,GUSE,39.3338,1,0.4644122558189729,-0.0427153525141867,0.03205131464541955,0.03631990806888741,0.025593764141781383
2025-11-19,GVLE,39.3496,1,0.3875167927342369,-0.043441551192321265,0.032917742492935,0.04224439384390166,0.038251977148433314
2025-11-19,KWIN,25.33,1,0.3045772096524272,-0.03889719257611029,-0.006316620607974555,-0.007106198183971513,-0.00573233320173705
2025-11-19,NEUP,4.42,1,0.295200233858339,-0.9998059475985117,-0.013574660633484115,-0.03393665158371051,-0.11990950226244335
2025-11-19,OKTG,13.609,1,0.3287187511147196,-0.047710116375492086,0.008847086486883704,0.13883459475347193,0.247380410022779
2025-11-19,PGACR,0.35,1,0.32071083064119876,-0.08695678870265314,-0.14271428571428568,-0.2499999999999999,-0.4285714285714285
2025-11-19,PTH,50.74,1,0.33956651316274256,-0.9966170365674281,0.07054394954670862,0.05615293653921949,-0.003464722112731633
2025-11-19,SBU,14.6109,1,0.33114261242852905,-0.04585957020030733,0.06402069687698897,0.029382173582736204,0.12652198016549265
2025-11-19,SVRN,1.39,1,0.3315568689980974,-0.04770577208818763,-0.021582733812949506,0.007194244604316502,-0.2446043165467625
2025-11-19,TNMG,6.19,1,0.2909683064815672,-0.997934950969783,0.07625201938610648,-0.035864297253634936,-0.35896607431340877
2025-11-19,TSCV,25.2981,1,0.37308357729706576,-0.04279406425098058,0.051837885058561683,0.060387934271743715,0.06424197864661774
2025-11-20,ALH,22.88,1,0.36310358749231225,-0.9215529148956239,0.03889860139860146,-0.03103146853146843,-0.10664335664335656
2025-11-20,APXT,9.89,1,0.315770583143156,-0.9961815877554457,-0.002022244691607833,-0.0010111223458038054,-0.0010111223458038054
2025-11-20,APXTW,0.31,1,0.32337091864737116,-0.9986695674579928,0.0,-0.10709677419354846,-0.06451612903225812
2025-11-20,AQEC,24.7827,1,0.35875740013994434,-0.04406824253374257,0.03599688492375752,0.03686039051435075,0.04194054723658036
2025-11-20,AVX,1.65,1,0.3511630541373576,-0.03604088984403889,0.19393939393939408,0.18787878787878798,-0.2545454545454545
2025-11-20,BZH,19.92,1,0.3120427810404751,-0.999465626778202,0.1480923694779115,0.12951807228915646,0.052208835341365445
2025-11-20,DAIO,2.63,1,0.32054890424449606,-0.9992901146210899,0.09505703422053235,0.12927756653992417,0.1368821292775666
2025-11-20,DLNG,3.76,1,0.30969229042532653,-0.998236794283668,-0.04255319148936165,-0.0026595744680850686,0.042553191489361764
2025-11-20,EFSC,52.6,1,0.29960240093864016,-0.9996231329144327,0.03821292775665386,0.049809885931558995,0.06064638783269949
2025-11-20,FRD,19.33,1,0.3566421480171414,-0.9935216769140396,0.049663735126745934,0.009829280910501836,0.107604759441283
2025-11-20,FWDI,8.04,1,0.36562683649292516,-0.03374906973263801,0.10696517412935336,0.01990049751243772,-0.12562189054726358
2025-11-20,GRNI,20.08,1,0.39196106797046804,-0.04469185652815953,0.017589641434262893,0.02788844621513964,0.02689243027888466
2025-11-20,PMFB,26.0975,1,0.4687623039068909,-0.5992425154366425,0.01031516428776702,0.012204234122042301,0.015239007567774632
2025-11-20,QABA,53.383,1,0.30342879409865153,-0.9995892798320016,0.05226757582001751,0.07499765843058648,0.10076428825656092
2025-11-20,TDAY,4.41,1,0.37143310644477756,-0.04368267696923017,0.1360544217687074,0.24943310657596363,0.24489795918367352
2025-11-20,VBF,15.52,1,0.31388406721170004,-0.9962628958127646,0.012242268041237292,0.0012886597938144284,-0.010953608247422641
2025-11-20,VDIG,59.08,1,0.38285767009538174,-0.047600881002799376,0.04140318212593086,0.03445328368314149,0.03876100203114419
2025-11-20,VUSV,58.71,1,0.36915762622778003,-0.047840834582191086,0.04931187191279163,0.06181400102197232,0.06404360415602106
2025-11-20,XXV,24.82,1,0.3948063506672738,-0.0447906056273773,0.022643029814665594,0.04049153908138603,0.047945205479452024
2025-11-21,AGNCL,24.47,1,0.31594990810463874,-0.9965544532254819,0.007764609726195415,0.022067838169186782,0.016383326522272146
2025-11-21,AIXC,2.54,1,0.41618775431948996,-0.0409142780129122,-0.07480314960629919,-0.10629921259842523,0.09055118110236227
2025-11-21,BBHM,10.9913,1,0.3867068832623104,-0.03472117834324184,0.038093765068736074,0.02798577056399143,0.03724764131631386
2025-11-21,DJIA,22.41,1,0.3125796200717705,-0.9985461605370656,0.0,0.0058009817045960865,0.007585899152164233
2025-11-21,ESBG,19.9615,1,0.3711745258433998,-0.04591849790257925,0.05493575132129336,0.04379931367883172,0.08884101896150076
2025-11-21,FUSE,1.67,1,0.2943749692453947,-0.9982573949245699,-0.0119760479041916,0.08383233532934131,0.1317365269461077
2025-11-21,GLOO,9.5,1,0.493603255724193,-0.04689655119549979,-0.07684210526315793,-0.19157894736842107,-0.3873684210526316
2025-11-21,MBSX,26.79,1,0.32858896088411715,-0.9991241274464534,0.010451661067562457,0.000925718551698429,-0.011758118701007736
2025-11-21,TMVE,14.4794,1,0.415785013683138,-0.03351528050391783,0.03004958769009769,0.03284666491705468,0.05699131179468764
2025-11-21,VLYPN,25.65,1,0.3306108566456942,-0.9963580717782511,0.007017543859649145,0.004678362573099504,0.010526315789473717
2025-11-24,BRSP,5.47,1,0.32086499194253637,-0.9967084326577105,0.03839122486288837,0.06946983546617913,0.07312614259597816
2025-11-24,BSJT,21.41,1,0.31561707587069804,-0.9963631224472417,0.0023353573096684954,0.0032695002335356715,0.0032695002335356715
2025-11-24,CAIQ,25.565,1,0.4446073920830893,-0.03888981928904075,0.017797770389203826,0.024682182671621256,0.010174066106004132
2025-11-24,CBC,24.43,1,0.44264242244629703,-0.04411113904065064,-0.057920589439214076,-0.040933278755628355,-0.006139991813344237
2025-11-24,CCIIW,0.6401,1,0.3336022470931215,-0.3597130608571634,-0.04702390251523203,0.11232619903140129,0.11701296672394923
2025-11-24,DMA,8.77,1,0.30689526705692843,-0.9972078616588974,-0.009122006841505104,0.03192702394526803,0.027366020524515422
2025-11-24,LOTI,25.4496,1,0.382568205666124,-0.3780996016361989,1.571733936867048e-05,-0.012864642273356042,-0.008275179177668734
2025-11-24,MKTN,25.16,1,0.36581205961374863,-0.4905899760567069,-0.0008267090620032169,0.011073131955484872,0.02344992050874395
2025-11-24,MUND,103.52,1,0.3193392127988574,-0.9953379260366861,-0.0037673879443586022,-0.004267774343122088,-0.005892581143740361
2025-11-24,NBSD,51.15,1,0.32140377281949456,-0.9974200331291753,-0.0004887585532746819,-0.0007820136852394466,0.0007820136852394466
2025-11-24,NHYM,25.11,1,0.45055208838963506,-0.9998508274588037,-0.01314217443249699,-0.011748307447232098,-0.012943050577459148
2025-11-24,NUVB,7.41,1,0.3236478891005932,-0.9990496223328333,0.008097165991902688,0.07962213225371118,0.26045883940620773
2025-11-24,XRMI,17.73,1,0.3349346367663258,-0.9972182937201934,0.005640157924421851,0.00879864636209815,0.012408347433727984
2025-11-25,ACEP,15.6688,1,0.38178026590956254,-0.04475191675217448,0.018578321249872465,0.045172572245481435,0.058153783314612406
2025-11-25,ATIIU,10.5,1,0.30999385704590654,-0.5928216891879091,0.03809523809523818,,
2025-11-25,LEMB,41.85,1,0.3096232472192722,-0.9975910982905128,0.007885304659498216,0.0028673835125447855,-0.006451612903225934
2025-11-26,CD,8.99,1,0.32064890627226766,-0.999780080043162,-0.1724137931034483,-0.15795328142380427,-0.36484983314794217
2025-11-26,GDOG,18.2875,1,0.3259070026332358,-0.04848786859797065,-0.04610252904989742,-0.10017771701982237,-0.21445249487354756
2025-11-26,MPU,1.25,1,0.30111250015925606,-0.9996374185251068,-0.040000000000000036,0.04400000000000004,-0.15999999999999992
2025-11-26,OPENZ,1.06,1,0.31128644400339384,-0.04879751134343588,-0.26415094339622647,-0.4075471698113208,-0.6433962264150943
2025-11-26,OXSQH,25.081,1,0.35061662338183863,-0.5695937654817987,0.0023483912124715456,0.011123958374865461,0.01351620748773974
2025-11-26,PFG,84.6,1,0.3017210892488902,-0.9981050438630888,0.015721040189125457,0.08203309692671401,0.05650118203309695
2025-11-26,POW,19.86,1,0.2901587397367582,-0.9994365312227753,0.015548841893252785,0.03103726082578051,0.0007099697885195599
2025-11-26,TII,2.69,1,0.35216102487578593,-0.035647483235581895,-0.044609665427509326,-0.08364312267657992,0.2007434944237918
2025-11-26,TROO,1.31,1,0.31028607096801164,-0.9971136304443928,0.1297709923664121,0.2748091603053433,0.4732824427480915
2025-11-26,WISD,101.3229,1,0.32419928440319373,-0.03934911638818606,0.002685473866223642,0.0027348210522990524,0.005646305030748255
2025-11-28,CHAR,10.42,1,0.30194864255617954,-0.07811381620179458,0.0019289827255277725,0.0028790786948176272,0.011516314779270509
2025-11-28,CHMG,52.67,1,0.30657979879464625,-0.9985167266037019,0.011961268274159886,0.09360167078033044,0.05942661856844489
2025-11-28,CSGS,78.77,1,0.2991074034682653,-0.9981878995190033,-0.022343531801447103,-0.02107401294909228,-0.023486098768566666
2025-11-28,DCRE,52.22,1,0.4924201640118227,-0.9976346590995259,-0.004212945231712006,-0.003448870164687756,-0.006319417847567954
2025-11-28,EVSD,51.4648,1,0.3133279881650899,-0.997252683935094,-0.00048188276258720464,-1.9430756555860462e-05,-0.00038472897980745824
2025-11-28,FER,65.81,1,0.3181270157332744,-0.9991094056482882,0.003342956997416824,0.014283543534417298,-0.012004254672542292
2025-11-28,GMMF,100.5129,1,0.5101981351473425,-0.6426907932715685,-0.0023668603731461513,-0.0016206874938441418,-0.0029637986765878033
2025-11-28,GMOC,50.0515,1,0.5509777876466483,-0.03196478551339835,0.0006693106100716939,0.0014684874579184992,0.0032626394813342063
2025-11-28,PBEU,26.495,1,0.35434762212473997,-0.04848057178645261,0.007650500094357415,0.037433478014719634,0.08057746744668792
2025-11-28,PBOG,25.245,1,0.3946302401342894,-0.04064590227056058,0.013384828678946192,0.0017825311942958333,-0.00489205783323432
2025-11-28,PBPH,25.1269,1,0.3975572621014615,-0.04369857722327114,-0.018772709725433656,-0.012898527076559252,0.010530546943713803
2025-11-28,PMMF,100.525,1,0.5270618224459571,-0.7609859294553992,-0.002357622481969801,-0.001591643869684245,-0.003233026610296008
2025-11-28,QBY,24.0305,1,0.33924379930869347,-0.04688392876640616,-0.04725245001144385,-0.10934021347870415,-0.1904038617590147
2025-11-28,RGYY,23.8459,1,0.3623730403657367,-0.04685785020369472,-0.03065097144582518,-0.09726619670467462,-0.18623327280580726
2025-11-28,TMNL,50.3015,1,0.34963428318521095,-0.034345894231536535,-0.003850779797819115,-0.004701649056191193,-0.0051986521276701225
2025-11-28,VCOB,50.4268,1,0.39272090399689785,-0.032555851787952325,-0.006381527283111477,-0.007075602655730706,-0.0005314634281771147
2025-11-28,VUSI,50.22,1,0.3423053459646112,-0.035663701827053945,-0.00039824771007557214,0.0012943050577458592,0.004082039028275641
2025-12-01,AVIG,42.0,1,0.33423068400027645,-0.995530066307782,-0.0016666666666667052,-0.0019047619047618536,0.0004761904761905189
2025-12-01,CENT,33.71,1,0.3268100065085827,-0.9996140809885602,-0.026401661228122264,0.0014832393948382983,-0.04242064669237611
2025-12-01,CENTA,30.5,1,0.33335025074619723,-0.9988473306010314,-0.02163934426229508,0.0026229508196720097,-0.03934426229508192
2025-12-01,DLNV,30.8767,1,0.3647208389005816,-0.033725710962185726,0.004641040007513864,0.004641040007513864,0.012553154967985591
2025-12-01,EVTR,51.6,1,0.3698286707637025,-0.9965305866005684,-0.0036821705426357543,-0.0013565891472868685,0.0
2025-12-01,GOVI,27.79,1,0.3426012026997107,-0.9950123137069069,-0.005937387549478146,-0.008276358402303008,-0.0041381792011514484
2025-12-01,IBGA,24.9834,1,0.3709408883013921,-0.9930002465229736,-0.007941273005275473,-0.010342867664128952,-0.005071367387945558
2025-12-01,IGA,9.69,1,0.3092819480784174,-0.9973023996965125,0.0010319917440659854,0.014447884416924683,0.009287925696594312
2025-12-01,IND,25.0704,1,0.37483458349160637,-0.03289655911769839,-0.02634182143085073,-0.023948560852638967,-0.011583381198544851
2025-12-01,IP,39.19,1,0.3063575393814532,-0.999982264254595,-0.01735136514416946,-0.015054860933911618,0.013779025261546396
2025-12-01,MIG,21.6251,1,0.4709469114834399,-0.9987891176154905,-0.000897105678124066,-0.0025479650961151012,0.00022658854756740787
2025-12-01,MMSD,25.37,1,0.5955366367311337,-0.06900097214319391,0.0011588490342924196,0.0015766653527788943,0.00039416633819455704
2025-12-01,NFLP,32.2875,1,0.34428448010878204,-0.9945009167090664,-0.11265969802555176,-0.13619821912504837,-0.15230352303523031
2025-12-01,NHPAP,19.02,1,0.34663074901690294,-0.9968487112508995,0.01778128286014713,0.01919032597266046,0.007886435331230457
2025-12-01,ODC,53.55,1,0.3154279788612138,-0.9991942902555662,-0.013258636788048395,-0.03492063492063491,-0.0881419234360411
2025-12-02,KMRK,1.19,1,0.3223237717931421,-0.9991158760874467,0.10924369747899165,0.025210084033613578,0.09243697478991608
2025-12-02,LODI,25.27,1,0.3068962344956349,-0.85090159650409,-0.0015789473684210131,0.0011871784724970524,-0.000791452314997998
2025-12-03,ADAMG,25.2189,1,0.3334663998181429,-0.7541762517667365,0.00242278608503943,-0.010662637942178366,-0.0019390219240331685
2025-12-03,GRDX,2.32,1,0.38026464086253353,-0.04419439634813916,0.12068965517241392,-0.06034482758620674,1.2155172413793105
2025-12-03,IPEXR,0.96,1,0.38754754808501796,-0.031933722577464414,-0.11458333333333337,-0.21875,-0.6248958333333333
2025-12-03,PKX,53.21,1,0.2953460933476961,-0.9974347697695278,0.023303890246194392,-0.006201841759067794,0.004510430370231244
2025-12-03,PLBL,10.2,1,0.3827337865841298,-0.9973571612780879,0.02941176470588247,0.0862745098039217,0.009803921568627638
2025-12-03,SMQ,49.6608,1,0.42861972632718315,-0.04395039177383163,-0.006318867195051259,0.03917174109156507,0.01583542754043421
2025-12-04,ABLV,0.9715,1,0.29975503173667084,-0.998627674903652,-0.1496654657745755,-0.14565105506948028,-0.31034482758620685
2025-12-04,CMS,71.7,1,0.3360916185946599,-0.9947650698726984,-0.02733612273361241,-0.015202231520223153,-0.031101813110181342
2025-12-04,D,59.84,1,0.31898637879710723,-0.9966354549046068,-0.02790775401069523,0.004344919786096302,-0.019217914438502737
2025-12-04,RTYY,25.1355,1,0.35222524519674225,-0.04744567571240662,-0.03331145193053642,-0.1443536034691969,-0.23733365160828301
2025-12-04,XEL,77.77,1,0.3257630690564034,-0.9960781626447613,-0.03973254468303955,-0.05349106339205345,-0.047576186190047665
2025-12-05,BALQ,50.2892,1,0.36288337280570415,-0.04626829729344567,-0.018153003030471737,-0.012430104276862641,-0.0035574238603914843
2025-12-05,BOED,19.3945,1,0.3435820820512107,-0.9980661009204181,-0.011833251695068325,-0.058944546134213294,-0.1266183711877079
2025-12-05,BOEG,13.21,1,0.3562448224224781,-0.9985902265077011,0.021574564723694012,0.120794852384557,0.27554882664648006
2025-12-05,PGACU,10.63,1,0.4266283576308816,-0.03263983762739401,-0.021636876763875823,-0.007525870178739402,-0.01128880526810927
2025-12-05,WVVIP,3.2479,1,0.30716385586372674,-0.9973611738069968,-0.04553711629052615,-0.0640105914590966,-0.04861602881862126
2025-12-08,BLCN,25.6,1,0.34859350690082885,-0.9972972403633606,-0.033203125,-0.033203125,-0.028515625000000044
2025-12-08,CCID,25.1701,1,0.45794908683883406,-0.03883538835334113,0.005160885336172649,0.0019825109951885356,0.006352775714041581
2025-12-08,CII,23.21,1,0.3361665916712757,-0.9972104929453494,0.005170185264971927,0.016803102111158985,0.005170185264971927
2025-12-08,GDEN,27.98,1,0.30837660229163033,-0.9991504251266297,0.010721944245889903,-0.0346676197283774,-0.033952823445318026
2025-12-08,HYNE,14.06,1,0.3941743003943674,-0.045460588278303966,-0.026315789473684292,-0.02204836415362732,0.007823613086771042
2025-12-08,INACU,10.24,1,0.529716398990676,-0.03336783529556163,-0.010742187499999889,-0.009765625,0.0029296875
2025-12-08,IPEXU,12.5,1,0.3340549511979384,-0.048668848205866866,-0.08719999999999994,-0.14400000000000002,-0.1512
2025-12-08,KPHO,24.684,1,0.4003726347154567,-0.04201325451564969,-0.04617566034678333,-0.0052463134013935875,0.013936152973585969
2025-12-08,NFG,81.47,1,0.31945485685104513,-0.9989615156107257,0.011415244875414343,0.008346630661593357,-0.03387750092058428
2025-12-08,PTRB,42.03,1,0.47651646639790946,-0.9983932767499873,0.0004758505829167703,0.004044729954794324,0.001427551748750977
2025-12-08,RDAGW,0.6201,1,0.3199070997224567,-0.29970772913076316,-0.14529914529914523,-0.06466698919529112,-0.19367843896145776
2025-12-08,SMOX,25.0551,1,0.353578755603483,-0.03461499337959559,0.014164780823066048,0.024474059173581475,0.03681885125184081
2025-12-08,SMXWW,0.1486,1,0.2983176160080472,-0.07910342295369159,-0.12516823687752354,-0.05787348586810226,-0.3889636608344549
2025-12-09,CITR,7.77,1,0.3711912881065487,-0.03344835440567209,0.09137709137709149,0.038610038610038755,0.016731016731016846
2025-12-09,IVSS,25.1915,1,0.390073467794965,-0.032997550744622,0.017275668380207554,0.01632693567274668,0.040855050314590136
2025-12-09,PAYX,112.74,1,0.3009831987822345,-0.997316889832462,0.0219975164094377,0.012063154160014244,0.013393649104133543
2025-12-09,RGNT,7.5,1,0.4047359030808207,-0.032565562239850285,-0.19333333333333336,-0.11333333333333329,-0.11733333333333329
2025-12-09,RNGTW,0.6,1,0.3355558342309793,-0.03565078721478715,-0.4956666666666667,-0.4666666666666667,-0.43333333333333324
2025-12-09,VUS,25.1781,1,0.4667396534110121,-0.0391120953864731,-0.008634487908142474,0.011422625217947235,0.028874299490430078
2025-12-10,AGIG,1.66,1,0.44150780357613695,-0.04438362509080457,0.08433734939759052,0.27108433734939763,0.24096385542168686
2025-12-10,BEDY,26.4807,1,0.44057534708094837,-0.04109965072374523,0.0007892540605045628,0.015600040784420344,0.035304957950507365
2025-12-10,BNDP,75.1396,1,0.3695835802135887,-0.0355600757062222,-0.0005323424665556464,-0.0003154129114342208,0.0010034655494572942
2025-12-10,BPH,56.7907,1,0.31262202681727075,-0.9991454955300155,-0.05385917060363765,-0.0666482364189912,-0.060390169517192116
2025-12-10,BRAZ,27.8816,1,0.35110896190266944,-0.9925262243956952,-0.02536081143119484,-0.007460117066452332,0.018374124870882635
2025-12-10,BZQ,15.8134,1,0.2973650834757055,-0.9992715159409058,0.04468362275032556,-0.008378969734529007,-0.10392451971113104
2025-12-10,DHLX,13.12,1,0.38225525603622373,-0.4553090026793228,0.011051829268292845,0.02096036585365857,0.017530487804878092
2025-12-10,DVGR,25.0653,1,0.46426822676681784,-0.029981705730718473,-0.02517424487239328,0.0040933082787757424,0.025186213610050467
2025-12-10,EWZ,32.77,1,0.323663800836121,-0.9980557736505439,-0.05401281660054935,-0.03722917302410744,0.008849557522123908
2025-12-10,FRGN,25.71,1,0.35336563995306397,-0.03701371638246154,-0.026196032672112013,-0.0007662388175807555,0.0383508362504863
2025-12-10,IMTX,10.06,1,0.35479890480977483,-0.9961151470819551,-0.013916500994035852,0.030815109343936165,-0.08846918489065614
2025-12-10,KDVD,25.43,1,0.34273755989692706,-0.04768988616145632,-0.007314195831694792,-0.0045222178529295,0.023039716869838633
2025-12-10,PURR,3.76,1,0.3911871644277651,-0.08404446946226116,-0.09308510638297862,-0.14627659574468077,-0.05585106382978722
2025-12-10,SFTX,25.6287,1,0.34842636839399505,-0.036571639642769674,-0.022751836807953563,0.0037575062332464437,0.042190981204665245
2025-12-10,THYM,50.24,1,0.5029903636081108,-0.036022637208770476,-0.0017316878980891959,-0.004578025477707137,0.004791003184713372
2025-12-10,VDI,30.9411,1,0.34740857425120586,-0.036847065966422225,-0.0028085620743929507,0.021941689209498128,0.04102310519018393
2025-12-11,ACEP,16.5203,1,0.3673839888137544,-0.1980854026350822,-0.01871636713619007,0.004176679600249589,0.046173495638699213
2025-12-11,CTAP,25.3811,1,0.38411200600155926,-0.041722318223101726,-0.0033686483249346644,0.03748064504690496,0.05415052933088016
2025-12-11,EVMO,50.7,1,0.3744399648478938,-0.8702772419308474,0.0037475345167652385,-0.0019723865877712132,0.0033530571992108626
2025-12-11,GTOP,40.1217,1,0.3812061314465375,-0.03610209158110922,-0.03592569606970775,0.0016873661883718416,0.006958827766520459
2025-12-11,MFVL,20.3882,1,0.35761171428754396,-0.043999861866178276,-0.006896145809831333,0.004257364554006715,0.015621781226395681
2025-12-11,PFX,41.5,1,0.31828682748342446,-0.9966226393348234,0.02554216867469883,0.0843373493975903,0.054216867469879526
2025-12-11,RSMR,21.9751,1,0.32706444841620086,-0.9961674451993283,-0.004395884432835451,0.003012500511943017,0.013192203903508837
2025-12-11,STEN,25.6801,1,0.37292907157261646,-0.8175720353782676,-0.009349652065217762,0.002815409597314744,0.008590309227767934
2025-12-11,WMSB,25.215,1,0.4395857434027434,-0.039966756180878735,-0.0019829466587348854,-0.00019829466587339972,0.006940313305572099
2025-12-11,WSGE,25.2699,1,0.3825824122826627,-0.04302250282283773,-0.01945001760988363,0.003367642926960457,0.014202667996311646
2025-12-11,XXI,11.99,1,0.4145724833370146,-0.04739163645073086,-0.11342785654712251,-0.21601334445371145,-0.23185988323603002
2025-12-12,CHSCM,25.02,1,0.3244086858506007,-0.9967290485504686,-0.012789768185451633,-0.01159072741806555,-0.005595523581135131
2025-12-12,EFAS,18.995,1,0.3536471718726313,-0.9943264857112178,0.014724927612529415,0.03106080547512513,0.03211371413529873
2025-12-12,LKSPU,10.23,1,0.6340642207748375,-0.026067409284296485,-0.002893450635386152,0.0,-0.009775171065493637
2025-12-12,MBAV,10.77,1,0.30660846674388886,-0.9985220488749754,0.012999071494893322,-0.01021355617455888,-0.01207056638811499
2025-12-12,MFIG,19.8916,1,0.3762482484395405,-0.03440433582520748,0.010547165637756706,0.016665326067284658,0.018037764684590396
2025-12-12,MFMO,19.6206,1,0.4730356548256001,-0.03247791841301104,0.007125164368062098,0.013929237637992697,0.04208841727572055
2025-12-12,MHD,11.66,1,0.30869171223865965,-0.9972499086560634,0.002572898799313883,-0.004288164665523175,0.01801029159519718
2025-12-12,NMBL,20.0691,1,0.39451381292152526,-0.5341769523600267,-0.004080900488811046,-0.008675027779023403,0.011276041277386684
2025-12-12,OZEM,34.5,1,0.3619708669674089,-0.9990153517741871,-0.00265507246376806,0.019895652173913092,0.03246376811594187
2025-12-12,PRMR,25.035,1,0.40230161455457036,-0.03320139621666711,-0.003143598961453997,0.0032314759336928844,-0.00037147992810060426
2025-12-12,SRXH,0.461,1,0.30793674293107254,-0.5349515532750484,-0.32321041214750545,-0.506941431670282,-0.5616052060737527
2025-12-12,TENJ,25.3598,1,0.3607579989490155,-0.5458485654254428,0.0024921332187162193,0.0069164583316903006,0.01278795574097602
2025-12-12,TENM,25.3698,1,0.33868701219122826,-0.45682831507170707,0.002365016673367526,0.004402872706919192,0.011612231866234612
2025-12-15,AQNB,25.51,1,0.3204781474524241,-0.9974416107173151,0.005292042336338509,0.0015680125441002168,0.0025558604468833845
2025-12-15,BPRN,36.53,1,0.33145732777449455,-0.9981191022973647,-0.022447303586093592,-0.020531070353134395,-0.028196003284971294
2025-12-15,CSIO,25.2725,1,0.3398310231318113,-0.03490112426252889,-0.013655158769413478,-0.0025244831338411267,0.006042140666732587
2025-12-15,FSML,25.0794,1,0.43651565332451014,-0.04113571182920797,0.00872827898594064,-0.012320868920309147,0.044307280078470734
2025-12-15,FTRK,0.9339,1,0.3001491359178092,-0.9966550198510388,-0.1579398222507763,-0.20344790662811862,-0.14658957061783906
2025-12-15,GNW,8.99,1,0.3346303320381191,-0.9957968344434363,0.027808676307007785,0.012235817575083408,-0.06451612903225812
2025-12-15,GRAG,14.02,1,0.3796263050386392,-0.049593405546892136,0.06911554921540675,0.012838801711840153,-0.16454350927246786
2025-12-15,HELS,24.84,1,0.4376331255187899,-0.04406507456707619,0.01152173913043475,-0.0016103059581320522,0.020531400966183666
2025-12-15,INDH,42.2391,1,0.3680546050801532,-0.996698050523112,0.005052190979447868,-0.006370874379425739,-0.009067428046525716
2025-12-15,IVSI,25.545,1,0.38345159419436275,-0.04590418924091244,-0.00039146604032103127,0.012139361910354252,0.0344020356234096
2025-12-15,JILL,13.83,1,0.3087023723320319,-0.9977273357952305,0.030368763557483636,0.013738250180766354,0.14750542299349245
2025-12-15,REFA,20.425,1,0.3784220800212439,-0.04448229167067444,0.0019485924112607744,0.008690330477356012,0.03912362301101591
2025-12-15,UPSG,15.1467,1,0.3382029017202881,-0.04790533790184824,0.006654914931965461,-0.016795737685436296,0.13567971901470277
2025-12-15,WABC,49.28,1,0.3076200622152588,-0.9987561981825536,0.006899350649350655,-0.014813311688311792,-0.015422077922077837
2025-12-15,XC,32.4659,1,0.3468729033057694,-0.9972652898973724,0.00474651865495801,-0.000643752367868955,0.0222356380078792
2025-12-16,AGPU,5.48,1,0.4257894360708118,-0.046979763876598385,0.12043795620437936,0.30474452554744524,0.2919708029197079
2025-12-16,BCKT,46.56,1,0.3324511328677786,-0.8047684846973153,-0.0004037800687285431,0.0012886597938144284,-0.016754725085910693
2025-12-16,CPZ,14.844,1,0.3116049020817196,-0.9972405993860741,-0.0056588520614389015,-0.015090272163837293,0.015225006736728774
2025-12-16,ENVB,5.24,1,0.2907963252005306,-0.9975247609142048,-0.10877862595419852,-0.3072519083969466,-0.22137404580152675
2025-12-16,FEED,3.55,1,0.36770176027447304,-0.04396667257720027,-0.19154929577464785,-0.3492957746478873,-0.5887323943661972
2025-12-16,MMU,10.54,1,0.5191973531252696,-0.9942024054572127,-0.01992409867172662,-0.009487666034155517,0.00189753320683117
2025-12-16,TWAV,2.175,1,0.34457931679048076,-0.03582257114971694,0.025287356321839205,-0.16781609195402292,-0.016091954022988353
2025-12-17,BCGD,24.71,1,0.4080751230282671,-0.04087380865759725,0.03399433427762033,0.02994738972076072,0.056454876568190926
2025-12-17,BCSM,24.16,1,0.3645666325624702,-0.04353571553871459,0.02132036423841055,0.0037251655629138014,0.04359271523178809
2025-12-17,BCTK,24.0814,1,0.396411424128299,-0.04637572592957168,0.06444808026111448,0.05034175753901371,0.05934870896210365
2025-12-17,FBGL,0.7001,1,0.3040697447698828,-0.9975891735878558,0.47121839737180427,0.2928153120982717,0.1928295957720325
2025-12-17,GGTL,31.6285,1,0.38264237837074155,-0.04366592697899635,0.021942235641905228,0.02122136680525477,0.03901228322557193
2025-12-17,HEDG,29.0022,1,0.3702038770622819,-0.4407303175118845,0.013371399411079343,0.011678424395390685,0.017884850114818995
2025-12-17,JANB,25.2207,1,0.31686387142826083,-0.25756289222498996,0.018805980801484434,0.017913856475038292,0.02559009067948148
2025-12-17,NMAY,27.5941,1,0.3218141756369222,-0.9960027303159056,0.009092523401741603,0.008733751055479244,0.012883188797605305
2025-12-17,QALT,25.2496,1,0.3722079801387456,-0.8426834260978462,0.013295260122932584,-0.008578353716494513,0.004507002091122203
2025-12-17,SEMY,20.7813,1,0.37640219473961356,-0.6763970443369614,0.04639267033342476,0.008599077054852078,0.02351633439678924
2025-12-17,TY,31.97,1,0.3358990490985114,-0.9958837755430675,0.024397873005943094,0.020644354081951866,0.03378167031592105
2025-12-17,TYLD,25.52,1,0.49249079484559694,-0.7157690065760297,-0.014498432601880884,-0.014498432601880884,-0.012343260188087846
2025-12-17,XCHG,24.6549,1,0.365591519805762,-0.04505619899061593,0.02792142738360326,0.016515986680132544,0.03508835971754087
2025-12-18,AGNCP,25.09,1,0.4474351903163248,-0.999181843046118,-0.0009964129135112687,-0.01235552012754082,-0.005181347150258975
2025-12-18,APOS,26.09,1,0.32838117086146196,-0.9947316235414819,0.00038328861632819233,0.003449597546952843,0.010348792640858528
2025-12-18,BLTD,25.7,1,0.45547631395312255,-0.9991283690912108,0.0007704280155642618,-0.008560311284046662,-0.01443579766536962
2025-12-18,DBSC,24.4,1,0.4807966023236695,-0.043615350218981525,0.020909836065573728,0.03524590163934449,0.0602459016393444
2025-12-18,IBID,26.055,1,0.4863602499550907,-0.9995012128939459,-0.009852235655344432,-0.00901938207637687,-0.00959508731529457
2025-12-18,RTACW,0.8231,1,0.32435870715193693,-0.9963678602451433,0.0856518041550236,0.14202405540031582,0.16656542339934388
2025-12-18,YBST,24.7834,1,0.4952274087244723,-0.04591570835159849,-0.010829829644035893,-0.04532872810026067,-0.10469507815715351
2025-12-18,YBTY,24.6634,1,0.4621325312478308,-0.04536565643978861,-0.020524339709853456,-0.06671018594354383,-0.12233106546542649
2025-12-19,FMF,46.89,1,0.31033646805499865,-0.9978359387152704,-0.0020686713584986416,0.01599488163787588,0.026231605886116283
2025-12-19,HEMI,40.2313,1,0.39357593680690417,-0.042913975038769384,0.007322656737416056,0.01289294653665185,0.008224939288563826
2025-12-19,ICPI,49.88,1,0.30115690948154666,-0.03866713732396983,0.000801924619085792,0.0021050521251002596,0.0029069767441860517
2025-12-19,MATE,25.6152,1,0.38329458698933344,-0.049193549378101734,0.01885989568693569,0.0642626253162184,0.0699350385708486
2025-12-19,MEMA,25.425,1,0.3604971900039542,-0.04482916539820651,0.012881022615535809,0.06470009832841694,0.08220255653883979
2025-12-19,MGLD,1.02,1,0.3004067565960233,-0.9977202779074082,-0.12745098039215685,-0.05990196078431376,0.0490196078431373
2025-12-19,RILYG,19.27,1,0.29566770240009593,-0.9995541398010424,0.006746237675142597,0.07161390762843789,0.18057602490918523
2025-12-19,RILYL,5.585,1,0.29738016158634206,-0.999915268501091,-0.09400179051029545,0.040286481647269445,1.177260519247986
2025-12-19,RONB,25.351,1,0.3458596285447009,-0.03552946974732601,-3.944617569318076e-05,-0.0032227525541398405,-0.027257307404047082
2025-12-19,SIOO,20.03,1,0.3613673395321061,-0.03445893446066546,-0.004493260109835195,-0.003494757863205189,-0.01169745381927112
2025-12-19,SPCX,22.2256,1,0.3222258770425266,-0.9992047692580308,-0.020498884169606213,-0.01802426031243254,-0.011500251961701902
2025-12-19,SPMA,25.1,1,0.3294533824018573,-0.9963495894749154,0.0,0.0039003984063745722,0.0063745019920318224
2025-12-19,TJGC,0.8878,1,0.3220281415264825,-0.03712619032237352,0.01621986933994135,0.1192836224374858,0.3854471727866635
2025-12-22,BCFN,25.2622,1,0.3501072661710778,-0.03575105278014287,-0.00488081006404828,-0.0040455700611981005,-0.027661882179699226
2025-12-22,DTCX,3.24,1,0.3558627846406433,-0.12376576173115637,-0.12962962962962976,-0.17592592592592604,-0.3858024691358025
2025-12-22,EMSF,28.1075,1,0.3657667544098711,-0.9942097337183963,0.015319754513919648,0.0671493373654719,0.09077292537578918
2025-12-22,EPAI,20.2263,1,0.34189754566237784,-0.04611316959972567,-0.003332295081156622,0.04608356446804418,0.10520460983966418
2025-12-22,FFF,25.47,1,0.38417809409800663,-0.0416352279482474,-0.01648998822143688,-0.019544562230074503,-0.0561523360816647
2025-12-22,IPSC,0.8589,1,0.28986996749357985,-0.9993827578729668,0.16311561299336352,0.5135638607521249,1.6894865525672373
2025-12-22,JABS,50.17,1,0.33609783339845767,-0.9218102380575716,0.0008969503687463742,1.3952561291441512e-05,-0.0003986446083317219
2025-12-22,MLPI,50.3,1,0.3770514659554877,-0.04523333043654064,-8.946322067593382e-05,-0.01968190854870766,0.017693836978131205
2025-12-22,PFFA,21.69,1,0.31626956236761083,-0.9964704610918645,-0.004610419548178979,-0.0013831258644537714,0.009220839096357736
2025-12-22,TNUK,25.5596,1,0.35029808459626377,-0.046530325469365766,-0.01742985023239796,0.05684752500039125,0.12700902987527196
2025-12-22,USEW,51.0975,1,0.38139776555324334,-0.04401105474296069,0.000628210773521376,0.006785067762610897,0.010204021723176249
2025-12-23,GANX,3.08,1,0.33333088074211636,-0.9977599512273889,0.045454545454545414,-0.20779220779220786,-0.3344155844155845
2025-12-23,INEQ,37.1777,1,0.3429252101545111,-0.9949523132643372,0.0024826710635676985,0.009836541797905607,0.027497666611974392
2025-12-23,MSOS,4.72,1,0.35093368058370683,-0.997092039204356,0.0,0.010593220338982912,0.02754237288135597
2025-12-23,RCLO,25.075,1,0.46337056232283474,-0.03797712530072761,0.0015952143569291088,0.003589232303090828,0.008773678963110765
2025-12-23,SNDA,32.32,1,0.30981219200884563,-0.9982781368239573,0.008972772277227703,0.0009282178217822068,-0.02413366336633671
2025-12-23,XOEX,36.8571,1,0.4332296513827035,-0.04180536525654391,-0.007385279905364417,0.009634507326946595,0.006929465421858794
2025-12-24,BPRN,35.31,1,0.32897359776706214,-0.9990477064104402,-0.043896913055791686,0.0002832058906825363,0.028037383177569986
2025-12-24,BSOL,16.1,1,0.3350125905154193,-0.9981473703876109,0.07763975155279512,0.11366459627329184,0.01801242236024847
2025-12-24,ETHE,24.08,1,0.310342638254129,-0.9971209203514888,0.06270764119601346,0.0423588039867111,-0.01661129568106301
2025-12-24,GAUD,25.0848,1,0.3817921837512116,-0.04316222508932216,-0.011939501211889358,0.008503157290470797,0.015973816813368957
2025-12-24,GDOG,15.0516,1,0.37500007952877923,-0.8227258672993252,0.09046214355948856,0.09290706635839374,-0.04993489064285528
2025-12-24,INFY,18.67,1,0.4315558801645697,-0.9929068643685084,-0.027852169255490278,-0.0449919657204072,-0.006427423674343902
2025-12-24,JMMF,100.17,1,0.3052327537898067,-0.037875844785316,-0.00024957572127393135,-0.0007986423080762473,-0.0008984725965858198
2025-12-24,NFRA,60.61,1,0.34278439324461846,-0.9961412201203188,0.0037947533410329637,-0.002385744926579725,0.007754495957762675
2025-12-24,ONEG,1.18,1,0.3110861709588312,-0.9988417825956387,0.22881355932203395,0.9830508474576272,1.7711864406779663
2025-12-24,PPIE,27.015,1,0.3479063209708442,-0.9938004023853465,0.0064778826577827076,0.019914862113640686,0.031834166203960734
2025-12-24,SOLM,18.7592,1,0.33144060795143554,-0.9983271269459612,0.033652821015821566,0.04108917224615127,-0.043104183547272745
2025-12-24,URNJ,26.11,1,0.32060545812834135,-0.9975414162759126,0.08655687476062823,0.12102642665645358,0.31597089237839904
2025-12-24,UTL,48.69,1,0.3085376338741521,-0.9986445009323263,0.006161429451632783,0.005750667488190642,0.017046621482850854
2025-12-24,VNQI,46.05,1,0.34222191824964465,-0.9961252416432723,-0.0006514657980454253,0.02366992399565704,0.03452768729641709
2025-12-24,VSOL,15.8851,1,0.33576290917048074,-0.9977906315472491,0.07486260709721693,0.11131185828228984,0.015404372651100617
2025-12-26,AGNCN,25.7,1,0.32120195987399186,-0.9959844716951334,-0.014396887159533134,-0.010116731517509692,-0.008560311284046662
2025-12-26,AOTS,25.3474,1,0.415643334998441,-0.0412829884217317,-0.016072654394533537,-0.014281543669173224,-0.050233949044083404
2025-12-26,BBHL,16.2518,1,0.4488968506417257,-0.43260539524955816,-0.0013413898768135368,0.023566620312826858,0.016428949408680893
2025-12-26,EVMT,16.485,1,0.31996374795026583,-0.9951548886647154,0.05520169851380041,0.09614801334546552,0.10024264482863199
2025-12-26,HYNE,13.85,1,0.3520716469555387,-0.1881831669419926,0.04404332129963917,0.02671480144404348,0.051985559566787076
2025-12-26,KMLI,13.7778,1,0.33412383223016373,-0.9955672698115783,0.129353017172553,0.13113124011090305,0.2724310122080451
2025-12-26,MOO,73.03,1,0.305746357332495,-0.9981156414160847,0.012323702587977658,0.029029166096125048,0.11118718334930855
2025-12-26,VMSB,50.395,1,0.6364995659845167,-0.0785538053464425,-0.006945133445778406,-0.008631808711181743,-0.008036511558686454
2025-12-26,XLCI,25.4764,1,0.4915248826672999,-0.9977939036518493,-0.009569640922579392,-0.007516760609819317,-0.007748347490226348
2025-12-29,AEXA,11.23,1,0.4116168950425049,-0.9912613964629908,0.019590382902938464,0.015138023152270641,0.048085485307212794
2025-12-29,BBJP,66.22,1,0.316189353908778,-0.9997667412213532,0.02295379039565071,0.040018121413470276,0.0478707339172455
2025-12-29,BESF,33.2778,1,0.35508900879307603,-0.994685590455627,0.027594973225393504,0.04185072330502604,0.0822890936299876
2025-12-29,IIM,12.17,1,0.3145688006642657,-0.9962208728263643,0.023829087921117598,0.03286770747740353,0.013968775677896561
2025-12-29,IPEXU,11.3,1,0.3563525073712858,-0.32411732207048616,-0.008849557522124019,-0.0513274336283186,
2025-12-29,QVOY,27.09,1,0.3244162601021091,-0.9984706621600623,0.03322259136212624,0.03590992986341823,0.08194905869324476
2025-12-29,SNTH,27.91,1,0.3460920040286713,-0.9989082894452984,0.007524184879971418,0.00967395198853449,0.010039412396990244
2025-12-29,SPUC,47.17,1,0.31981426242162553,-0.9989149474893471,0.009963960144159456,0.012348950604197606,0.015134619461522059
2025-12-29,STBQ,25.4209,1,0.33667141478660007,-0.03493268779011638,0.07157103013661992,0.06168152976487851,0.0029699971283472237
2025-12-30,BVC,1.19,1,0.29189052837362073,-0.04050316635610781,7.7142857142857135,7.806722689075631,6.983193277310924
2025-12-30,CORB,30.08,1,0.4400128702092678,-0.11255690876853601,-0.005319148936170137,-0.0033244680851063357,-0.005701462765957399
2025-12-30,GARA,25.4934,1,0.4773934909480584,-0.047848212741987445,0.005350404418398513,0.01130096417111881,0.04554904406630733
2025-12-30,HFEQ,21.0539,1,0.3609507429466745,-0.9938340489052505,0.027282356238036654,0.04259068391129439,0.06572653997596656
2025-12-30,HFSI,35.56,1,0.3395635449083301,-0.9967595040783481,0.0016872890888637304,0.003937007874015741,0.0057649043869516525
2025-12-30,OCCIO,25.0324,1,0.3178950167499189,-0.9978489101286253,-0.0013542448986113564,0.0013103018488040963,-0.001290327735255059
2025-12-30,OPLN,30.12,1,0.3520322123425813,-0.04806683876705979,0.021912350597609542,0.011288180610889764,0.0016600265604249653
2025-12-30,QBUL,23.765,1,0.32127730682213046,-0.9966052226054176,-0.0012413212707764743,-0.001308647170208399,0.0006606353881757343
2025-12-30,QDTE,32.82,1,0.34731844308636567,-0.9941165904422397,-0.04631322364411938,-0.05697745277269961,-0.051188299817184646
2025-12-30,RMME,100.03,1,0.3348338303968616,-0.03709609918922874,0.0008497450764770598,0.0013495951214637092,0.0027491752474257947
2025-12-30,SDFI,35.98,1,0.4303211152197591,-0.9999966995856716,-0.003613118399110493,-0.0033351862145635236,-0.002501389660922615
2025-12-30,WAR,23.39,1,0.35292043804674433,-0.9944514985074236,0.0410431808465157,0.07268063274903791,0.09619495510902087
2025-12-30,ZMUN,50.08,1,0.45575374026354415,-0.03839123654425531,0.0007987220447285281,0.0015974440894568342,-0.0008985623003194831
2025-12-31,AWP,11.52,1,0.3210440370486953,-0.9973668263090093,0.01302083333333326,0.02604166666666674,0.02604166666666674
2025-12-31,CLOC,25.065,1,0.613452565154964,-0.02746314025522674,0.002393776181927043,0.004388589666866061,0.002593257530420834
2025-12-31,DDFN,19.17,1,0.4454978607081834,-0.17081405178014822,0.003651538862806225,0.00657276995305156,0.0062597809076681
2025-12-31,DDX,24.1815,1,0.3740170720604412,-0.22652801444078857,0.008001984988524224,0.013998304488968882,0.016893079420218005
2025-12-31,ESIM,25.3894,1,0.5035845646278759,-0.037417547422901515,0.01800751494718278,0.02758237689744547,0.04171425870638923
2025-12-31,GARY,20.22,1,0.516115438196656,-0.03478616295687119,0.03234915924826898,0.06181998021760626,0.08603857566765583
2025-12-31,GBND,50.82,1,0.3683144632186939,-0.994456415517826,0.00028532073986609063,0.002951593860684776,0.0028532073986620166
2025-12-31,IPEXR,0.8,1,0.5058065049132797,-0.11198242253953232,-0.1875,-0.493625,
2025-12-31,KAMO,25.025,1,0.3134137712053455,-0.03747152848245684,0.002797202797202747,0.004547452547452702,0.005714285714285783
2025-12-31,PIEL,25.2676,1,0.4618022637046072,-0.038670184773755445,0.03361617248967064,0.04343902863746463,0.03721762256803163
2025-12-31,TKNQ,25.0262,1,0.3402372560615575,-0.03524232266550108,0.0475022176758757,0.061487561036034366,-0.01636285173138541
2025-12-31,TMLP,25.1512,1,0.3780171849892912,-0.032681702854810424,0.001646044721524298,0.027585164922548477,0.061917522821972826
2025-12-31,VACI,9.9,1,0.35032555129073045,-0.03706622172351487,-0.002020202020201922,0.003030303030302939,0.010101010101010166
2025-12-31,YLDW,25.0271,1,0.6049334478145686,-0.02860285838409611,0.010500617330813311,0.018436015359350355,0.01487587455198569
2026-01-02,AAAU,42.74,1,0.3240097537121065,-0.9993676654158322,0.040711277491810804,0.05802526906878791,0.07463734206831996
2026-01-02,AAUC,23.11,1,0.3583344261536201,-0.9988540672120066,0.08697533535266122,0.19515361315447866,0.3457377758546085
2026-01-02,ABX,7.92,1,0.4676872977380766,-0.04619567437886801,0.08838383838383823,0.08207070707070718,0.016414141414141437
2026-01-02,AGNCZ,25.3857,1,0.4816496265235551,-0.47716558522734137,0.008835683081419798,0.013562753833851415,0.01947159227439066
2026-01-02,BAR,42.67,1,0.32348763219518084,-0.9988715822804477,0.041012420904616764,0.05835481602999759,0.07452542770096082
2026-01-02,ESLV,25.54,1,0.42982931230033117,-0.9894437053217144,0.02136256851996876,0.0297298355520752,0.039545810493343936
2026-01-02,FDRS,24.1705,1,0.40853037822968674,-0.04116148241373993,0.012366314308764892,-0.009164063631286079,-0.05401212221509699
2026-01-02,FGSI,20.07,1,0.37824938579014733,-0.9920183335941674,0.026407573492775338,0.02491280518186345,0.014698555057299334
2026-01-02,GLIX,25.025,1,0.3604162145145111,-0.9793210203687817,0.00019980019980025965,0.020579420579420526,0.019436563436563414
2026-01-02,IALT,25.375,1,0.5587071269369215,-0.11508926860081486,0.016354679802955685,0.01811625615763557,0.022857142857142687
2026-01-02,IAUI,56.05,1,0.3328059162786949,-0.9982987008485946,0.033363068688671005,0.04638715432649421,0.027475468331846775
2026-01-02,IAUM,43.18,1,0.32180894442662233,-0.9994118200991469,0.040759610930986456,0.05789717461787869,0.07480314960629908
2026-01-02,ILAG,3.8,1,0.28967035283811626,-0.9993722726683992,0.06052631578947376,-0.02894736842105261,-0.1657894736842105
2026-01-02,MAGO,24.5989,1,0.3964811319210016,-0.04080466137668422,0.009158946131737622,-0.018647175280195438,-0.007894661956429072
2026-01-02,MREO,0.5104,1,0.30692602497812527,-0.9969742505935886,-0.03134796238244508,0.25391849529780575,-0.15262539184952972
2026-01-02,OAKG,25.8059,1,0.34215840195946995,-0.16721914614667607,0.036003394572558856,0.029039870727236794,0.02262660864375965
2026-01-02,OUNZ,41.68,1,0.32469030120853,-0.9991407012893289,0.04078694817658346,0.05782149712092144,0.07485604606525897
2026-01-02,PAYH,24.9958,1,0.3655746020320443,-0.04499203896983639,0.006141031693324583,0.009641619792124967,-0.009873658774674166
2026-01-02,PAYM,24.9509,1,0.3281604618481069,-0.04577182743654464,0.007562853444164297,0.008897474640193304,0.0019678648866372495
2026-01-02,PDX,18.96,1,0.31663085859075757,-0.9980727709549077,0.020569620253164667,0.04008438818565385,0.04746835443037978
2026-01-02,PHYS,33.13,1,0.3161050146614863,-0.9979945458116422,0.03863567763356457,0.05734983398732263,0.05644431029278585
2026-01-02,ROMO,31.8917,1,0.3427168708288515,-0.9970237314420465,0.018098752967072862,0.02126885678718904,0.03349774392710336
2026-01-02,RONB,24.74,1,0.36148769531833963,-0.14479362611817048,0.018265966046887794,0.006871463217461571,-0.027890056588520507
2026-01-02,SGOL,41.28,1,0.3259706062416479,-0.9989661043557099,0.04069767441860472,0.05789728682170536,0.0741279069767442
2026-01-02,TSCM,19.747,1,0.40714134053008355,-0.04058096889733335,0.022656606066744356,0.010158505089380654,-0.05691497442649507
2026-01-02,TSES,25.4395,1,0.4511300434802468,-0.04339388507085959,0.007504078303425921,0.03682855402032281,0.04758348237976384
2026-01-02,TSSD,24.6559,1,0.42465417834091046,-0.04095749625900712,0.07519903958079,0.09224566939353251,0.044374774394769556
2026-01-02,WTFCN,26.14,1,0.4019699404376589,-0.9964424712192814,0.007651109410864443,0.004590665646518888,0.01224177505738333
2026-01-02,XEML,25.3246,1,0.34796448385712886,-0.0369409619043427,0.021927295988880324,0.012533268047669077,0.03596897877952654
2026-01-05,ABLS,20.1742,1,0.3720268211487514,-0.9987382033428143,0.014330184096519316,-0.0033210734502483463,-0.033488316761011605
2026-01-05,ALISR,0.5277,1,0.33152987485884267,-0.07612407323351625,0.08015918135304156,0.09910934242941072,0.04225885920030348
2026-01-05,ALISU,10.9,1,0.3291343911867821,-0.07002706022796093,-0.032110091743119185,-0.03330275229357793,-0.04587155963302747
2026-01-05,BBHM,11.5913,1,0.3325423196350582,-0.4117331796761579,0.00678957493982546,-0.013052893118114528,-0.020817337140786707
2026-01-05,BFOC,18.6115,1,0.35987048939420085,-0.9939975191130331,-0.008602208312065152,-0.01201945033984364,-0.05472960266501892
2026-01-05,CMCI,24.375,1,0.3684966920666557,-0.9958309925172437,0.009013333333333318,0.009230769230769376,0.03435897435897428
2026-01-05,FSSL,14.15,1,0.4094143483217323,-0.5458884322529409,-0.011307420494699683,-0.023321554770318054,-0.053710247349823326
2026-01-05,KPRO,28.7647,1,0.3306851741413896,-0.9994452349881531,0.004050103077730682,-0.013207160165063514,-0.009678529586611417
2026-01-05,LOGO,21.2513,1,0.3502659196184338,-0.994535334074909,0.005336144141770083,-0.027645367577513014,-0.04802059168145012
2026-01-05,NVDO,18.9511,1,0.34694339424407605,-0.9949316289546813,-0.005899393702740174,-0.04410825756816217,-0.011028383576678902
2026-01-05,ONTF,7.99,1,0.2978079846409292,-0.9988035980629313,-0.0025031289111390187,0.0,0.0025031289111387967
2026-01-05,PFOE,25.7537,1,0.4477450694202582,-0.042058718808355613,0.021779394805406582,-0.014083413257124255,-0.04237837669927036
2026-01-05,QYLG,27.395,1,0.31693278467758323,-0.9998547972213988,0.012958569081949367,-0.015878810001825117,-0.0035626939222486165
2026-01-05,SLAI,0.8421,1,0.3365070853288257,-0.6419673103786133,0.36563353520959496,0.21125757035981474,0.16375727348295932
2026-01-05,XYLG,27.65,1,0.31085759153629733,-0.9980274114298977,0.006871609403255041,-0.015913200723327248,0.0014466546112117395
2026-01-06,ABXL,26.0205,1,0.3873297966498868,-0.03430413969277369,0.0026709709652006364,0.0003650967506390046,0.005361157548855688
2026-01-06,CTGO,27.31,1,0.3096176827004361,-0.9982157567186556,0.023068473086781394,0.12925668253387035,0.009886488465763454
2026-01-06,DDFO,21.715,1,0.5712933361188025,-0.31424087328990136,-0.0020723002532810897,-0.0039143449228644656,-0.003453833755468483
2026-01-06,GSRFR,2.25,1,0.36834172200071635,-0.3771360299163198,0.20000000000000018,0.14222222222222225,
2026-01-06,STEN,25.8035,1,0.3490693312948535,-0.9951161814172761,0.001856337318580925,-0.006065068692231668,-0.004569147596256262
2026-01-06,TSRS,25.1295,1,0.47065560171310583,-0.0480470881227886,0.010764241230426297,0.03113870152609488,0.03105911379056492
2026-01-06,VNDA,8.13,1,0.34635011517738445,-0.9989462742028777,-0.08487084870848716,-0.024600246002460135,-0.06519065190651918
2026-01-06,XDTE,40.18,1,0.34379616678818303,-0.9968809335081378,0.0007466401194624606,-0.011199601791936353,-0.013937282229965264
2026-01-06,XFLX,22.4436,1,0.31116471988018013,-0.9973209354911865,0.0025129658343581163,0.002067404516209459,0.0009535012208379268
2026-01-07,BRSP,5.74,1,0.31922901122916597,-0.9955263413549988,0.022648083623693305,0.04355400696864109,0.027874564459930307
2026-01-07,ESN,17.4334,1,0.3274855524655591,-0.9949473654664855,0.025915770876593358,0.0316404143770006,0.030355524453061333
2026-01-07,FGNX,15.75,1,0.2946317990730072,-0.9985717032294287,0.02857142857142847,-0.0444444444444444,-0.43492063492063493
2026-01-07,GOLS,24.869,1,0.34666444312027456,-0.03478828159675465,0.010378382725481528,0.001970324500381926,-0.022875869556475914
2026-01-07,HELP,7.28,1,0.3358195083354767,-0.047389020286219066,0.11813186813186816,0.05906593406593408,-0.19505494505494503
2026-01-07,IQ,2.13,1,0.30542737622779187,-0.9975923960805163,-0.05164319248826288,-0.018779342723004744,-0.0938967136150235
2026-01-07,NSRX,6.78,1,0.35710039188624165,-0.9991294235439114,0.0471976401179941,-0.02230088495575222,-0.1976401179941003
2026-01-08,BIXIW,0.26,1,0.31496729911507887,-0.0372206254784416,0.34615384615384603,0.26923076923076916,0.0923076923076922
2026-01-08,EZJ,54.495,1,0.31163030989598794,-0.9981449650398716,0.06067345628039278,0.03840352325901475,0.15368749426552886
2026-01-08,FER,67.46,1,0.3200199419883132,-0.9971321565112066,-0.0017788319003853026,-0.006225911651348781,0.05588496887044192
2026-01-08,MBSF,25.66,1,0.3053061740260208,-0.9965042502618592,-0.0009742790335151019,0.001574434918160561,-0.00019485580670297598
2026-01-08,PASW,0.6183,1,0.303368853164574,-0.1786773476919326,-0.6482290150412421,-0.6765324276241307,-0.6440239366003557
2026-01-09,AGGY,44.15,1,0.3498999300577224,-0.9941158179035042,-0.00022650056625139747,0.0006795016987541924,-0.0006795016987543034
2026-01-09,AMSC,30.67,1,0.291716029273941,-0.9994925177273738,0.04955983045321144,0.02869253342028033,-0.061297685034235494
2026-01-09,DDTD,19.3344,1,0.639471033450393,-0.02597684748459239,-0.0015309500165506806,-0.001779212181396761,0.001624048328368266
2026-01-09,KIQQ,25.13,1,0.3818446172115919,-0.04285813847462862,-0.006283326701153946,-0.0019737365698367926,-0.03183048149621959
2026-01-09,PELIR,0.38,1,0.30093091390134186,-0.07153502671444267,1.1094736842105264,1.2121052631578948,0.8455263157894737
2026-01-09,PQJL,29.275,1,0.31982133218535813,-0.9964189872000931,-0.003296327924850573,0.001366353543979626,-0.0045738684884713
2026-01-09,TDAX,24.017,1,0.4629658345571588,-0.04159739344342298,-0.009868010159470253,-0.010700753632843285,-0.04796602406628647
2026-01-09,TSYX,24.1232,1,0.37627432307949243,-0.04334364063153558,-0.007001558665516994,-0.005094680639384563,-0.010520992239835603
2026-01-09,ZCBG,50.2153,1,0.41110272274325044,-0.04199284924225499,-0.0035945219883183332,-0.0013939974469932004,0.000760724321073436
2026-01-12,AEE,100.2,1,0.3063829459014817,-0.9972866196997939,0.03522954091816377,0.03752495009980028,0.055688622754491046
2026-01-12,BRBI,13.725,1,0.3070165537782044,-0.9957654393353934,-0.041894353369763104,0.1380692167577413,0.032422586520947094
2026-01-12,BUDA,9.04,1,0.39975183644960427,-0.049930911859167794,-0.05973451327433621,0.07964601769911517,-0.0265486725663715
2026-01-12,CSGS,79.49,1,0.29949624509661776,-0.9992155556904965,0.000629009938357239,0.005283683482198986,0.0028934457164424554
2026-01-12,EUSA,106.718,1,0.30464606514592085,-0.9998332813850355,-0.013006240746640696,-0.0008246031597294312,0.011731854045240686
2026-01-12,INVH,26.64,1,0.3219863085528464,-0.9992751031287382,0.02439939939939939,0.0048798798798799226,0.02777777777777768
2026-01-12,KUST,2.14,1,0.35594937958929257,-0.04587037273913284,0.004672897196261516,-0.014018691588785215,-0.28037383177570097
2026-01-12,KYNB,9.07,1,0.44025052821949145,-0.03923506400759758,-0.05733186328555673,-0.07056229327453145,-0.1422271223814774
2026-01-12,LCO,26.0054,1,0.36250679079173675,-0.04816731876643314,0.02491021095618584,0.07910664708099069,0.028544071615895117
2026-01-12,NGEN,5.65,1,0.38800759881997965,-0.04244178145118899,-0.072566371681416,-0.18053097345132751,-0.2743362831858408
2026-01-12,OPTXW,0.640851,1,0.6399331589044174,-0.02543327402202677,-0.016776130488990404,0.5292166197758918,1.2548143016083304
2026-01-12,RSPU,74.67,1,0.3327549615305022,-0.998294618211689,0.016338556314450248,0.02812374447569299,0.04955135931431642
2026-01-12,URSP,43.47,1,0.36701971427206176,-0.9968627494303749,-0.017713365539452353,0.009776857602944666,0.05060961582700729
2026-01-12,ZHOG,52.075,1,0.321649384940562,-0.03643358086583119,-0.0018242918867019675,0.0002880460873739832,-0.0023043686989919765
2026-01-13,BKE,55.42,1,0.32142916841347274,-0.9968483785596015,-0.0001804402742693334,-0.135510645976182,-0.05900396968603394
2026-01-13,BYD,88.03,1,0.3044436178342192,-0.9995424892509901,-0.0326025218675452,-0.051459729637623575,-0.05248210837214595
2026-01-13,GERN,1.31,1,0.2991176838090384,-0.998437017495512,0.022900763358778553,0.01526717557251911,0.2290076335877862
2026-01-13,GLP,44.34,1,0.32495059087293865,-0.9957821348154999,0.016689219666215394,0.05435272891294529,0.0924672981506538
2026-01-13,MOO,75.4,1,0.30917921015419036,-0.9989201441295829,0.04363395225464184,0.0683023872679045,0.13580901856763927
2026-01-13,NEOG,9.19,1,0.3342758709325291,-0.9966606398803851,0.0739934711643091,0.12622415669205655,0.16974972796517962
2026-01-13,STKS,2.32,1,0.32598885832556407,-0.9997136745461225,-0.025862068965517238,-0.051724137931034364,-0.11206896551724133
2026-01-13,TGS,29.41,1,0.3097761675678049,-0.9993516577578375,0.04114246854811299,0.11866712002720159,0.051683100986059216
2026-01-13,THYM,50.42,1,0.4872692042153357,-0.2674101213692837,0.00017850059500190696,-0.0020825069416898767,0.0057516858389528025
2026-01-14,BCAR,10.51,1,0.31973618530333703,-0.07262308398855168,-0.02378686964795429,-0.026641294005708804,-0.03615604186489052
2026-01-14,BFJA,20.6148,1,0.349384290547527,-0.04585734626709148,-0.03127849894250734,-0.05224886974406728,-0.12001571686361256
2026-01-14,MBVIW,0.3201,1,0.32456550221909497,-0.1561185330681193,0.3745704467353952,0.3745704467353952,0.12464854732895958
2026-01-14,TBRG,21.95,1,0.3368667057696226,-0.9963443652214412,-0.0546697038724373,-0.1079726651480638,-0.1412300683371297
2026-01-14,ZCBC,50.2282,1,0.46061981463883994,-0.04916807882132165,-0.005795549113844389,-0.001855531354896356,0.007740671574931968
2026-01-14,ZCBE,50.2888,1,0.4645146094396102,-0.04918190341996691,-0.006631695327786735,-0.0027839200776316186,0.008892636133691623
2026-01-15,ADPT,17.78,1,0.3247301277721674,-0.9964657756123152,0.04330708661417315,0.040494938132733305,-0.0978627671541058
2026-01-15,CXRN,17.51,1,0.33878341193624983,-0.9971704311919324,0.04997144488863503,0.037121644774414486,0.05996573386636195
2026-01-15,DLNG,3.82,1,0.3175392136132959,-0.9972646861857838,0.054973821989528826,-0.010471204188481686,0.015706806282722585
2026-01-15,EURK,11.17,1,0.2996807318933746,-0.18348540852097386,0.0,0.009847806624887934,-0.006266786034019756
2026-01-15,FRWD,24.8126,1,0.4628880482075561,-0.04420181301405428,0.019812514609512943,0.01916365072584081,-0.031375188412338884
2026-01-15,GEF,72.01,1,0.30834119889002665,-0.9988959073377863,0.00027773920288853837,-0.019302874600749864,0.06679627829468116
2026-01-15,GELS,1.24,1,0.3114458630626488,-0.9987315638992372,-0.15322580645161288,-0.21766129032258064,-0.3588709677419355
2026-01-15,LONA,6.335,1,0.31970076929345065,-0.03816112635428599,-0.08287292817679559,-0.25177584846093126,-0.3149171270718232
2026-01-15,QFHD,25.3645,1,0.43303865977082767,-0.04164451660048715,0.0009974570758344292,0.01321926314336963,0.06175954582191645
2026-01-15,XHYF,38.045,1,0.32663170301964994,-0.997420532451002,0.0010513865159678115,-0.001314233144960042,-0.007622552240767466
2026-01-15,XPP,28.4937,1,0.30078693351067276,-0.9991931059131285,-0.03136482801461371,-0.02272432151668613,-0.08896001572277379
2026-01-15,ZCBF,50.1715,1,0.38539878931212623,-0.0830723562472491,-0.003539858286078834,-0.0023858166488943677,0.015213816609030983
2026-01-16,BCTXL,1.0,1,0.3362516959930991,-0.04783965759422965,0.27970000000000006,0.19999999999999996,0.0
2026-01-16,BSJU,26.28,1,0.5055669066394639,-0.9957019154163133,-0.004946727549467345,-0.004946727549467345,-0.005136986301369939
2026-01-16,CODA,11.31,1,0.332287215353234,-0.9968668132164814,-0.0725022104332449,-0.044208664898320094,0.21131741821396988
2026-01-16,COLA,10.5,1,0.4722110664289213,-0.03725082471642378,0.010952380952381047,0.006666666666666599,0.0033333333333334103
2026-01-16,DDNQ,19.82,1,0.437910886973811,-0.040219734680133366,0.0055499495459132575,0.004783047426841547,-0.012613521695257313
2026-01-16,DMIIU,10.05,1,0.3294022150051604,-0.06835614868685864,0.0,0.0009950248756218638,0.003980099502487455
2026-01-16,JANM,33.12,1,0.5822573822241959,-0.9898638250376742,-0.0006642512077293938,0.00015700483091785067,-0.0015006038647341624
2026-01-16,VISN,18.59,1,0.40278700465576933,-0.04597226370676956,-0.032813340505648214,0.005379236148467026,0.0274341043571813
2026-01-20,ABNG,16.6786,1,0.37078329138175325,-0.9967394900091788,0.022831652536783764,-0.13673209981653134,-0.11373856318875686
2026-01-20,BDBT,25.36,1,0.5117534508367065,-0.6820913085212651,0.004140378548895818,0.0033517350157727943,0.014195583596214423
2026-01-20,CABZ,24.0211,1,0.417126917618759,-0.036310494596683375,-0.0017109957495701211,-0.0636565352960522,-0.057128940806207895
2026-01-20,CGMS,27.66,1,0.46723519216416104,-0.9975174816161689,0.004338394793926392,0.0,0.005422993492407713
2026-01-20,DANA,25.55,1,0.500337834343482,-0.06889636064177038,-0.007013698630137011,-0.009972602739726,-0.007585127201565567
2026-01-20,DECM,32.8145,1,0.6123471971530936,-0.9875798646790205,0.005381767206570354,0.0036691096923615607,0.00534824544027801
2026-01-20,ETFT,9.975,1,0.4775007125948669,-0.07789874942277356,0.013243107769423723,-0.009022556390977376,-0.026616541353383427
2026-01-20,INFY,18.21,1,0.37545635028975605,-0.9948787125994585,0.0021965952773201902,-0.0488742449203734,-0.17353102690829214
2026-01-20,MENS,3.26,1,0.2919954377508966,-0.9990927886597527,-0.07668711656441718,-0.3282208588957055,-0.3711656441717791
2026-01-20,MMMA,25.2295,1,0.5174938844557889,-0.034796352609637454,0.003785251392219413,0.004363939039616183,0.014154065677084438
2026-01-20,MTBA,50.48,1,0.4748995707555983,-0.9989239579563777,-0.0008914421553088969,-0.0027733755942946914,0.003763866877971589
2026-01-20,ORLG,15.0234,1,0.36593515691939243,-0.04606708386529813,0.11653154412449918,0.03917222466285919,-0.06638310901660083
2026-01-20,PHYL,35.63,1,0.4775851889038538,-0.9984154163480341,0.003087285994948008,-0.0032276171765366346,-0.0007016559079429108
2026-01-20,PMIO,51.205,1,0.5134277685462315,-0.9961608314859509,0.002085733815057056,0.0014647007128210099,0.008223806268919054
2026-01-20,PWZ,24.07,1,0.30564877235959464,-0.9978298817536796,0.0037390943082675765,0.00581636892397186,0.0166181969256336
2026-01-20,RIV,11.8,1,0.31510962321937336,-0.9965968551093426,0.02033898305084736,0.01610169491525415,0.018644067796609987
2026-01-20,RMTI,1.26,1,0.301382257219799,-0.9988323311080827,-0.08730158730158732,-0.11111111111111105,-0.16666666666666663
2026-01-20,SJ,1.1,1,0.2924728010798547,-0.9988501040285275,0.3363636363636362,0.2909090909090908,0.1090909090909089
2026-01-21,ACCO,4.03,1,0.3316987355847953,-0.9953686039173775,-0.042183622828784184,0.00992555831265518,0.027295285359801413
2026-01-21,APRB,25.6991,1,0.3483253067878332,-0.4656273105615354,0.013265055974722717,0.001786054764563616,0.0018444225673273085
2026-01-21,CATF,50.4454,1,0.34676616998503457,-0.9967072096640203,-0.00020616349558133518,0.0032629337858358642,0.006930265197619745
2026-01-21,CJMB,2.8,1,0.36571644013452387,-0.9967359604201858,-0.3392857142857142,-0.3571428571428571,-0.4714285714285714
2026-01-21,DDTJ,19.07,1,0.38890873491215205,-0.06444190921594305,0.007341373885684455,-0.0007813319349764258,0.000524383848977239
2026-01-21,DDTN,19.245,1,0.3560744330500257,-0.3544570269702245,0.00961288646401659,-0.0012990387113537283,-0.00031696544557024975
2026-01-21,DDTS,21.427,1,0.3600652850363824,-0.8385685908616778,0.005740420964204018,0.0006067111588183849,0.0008353945956036668
2026-01-21,FIGXU,10.18,1,0.3420609747310214,-0.07076645559878586,0.0009823182711197198,,
2026-01-21,HEDG,29.475,1,0.3559880969666637,-0.5865983210757957,0.003901611535199301,0.00016963528413915796,0.003562340966920985
2026-01-21,LTAX,25.0272,1,0.3741809947408969,-0.03335933037898782,0.0003436261347653513,0.0006952435749902897,0.00970144482802704
2026-01-21,LXRX,1.56,1,0.30892221231958666,-0.9981569240951551,-0.03846153846153855,-0.1858974358974359,-0.02564102564102566
2026-01-21,MRCP,32.1566,1,0.3220987764465302,-0.9984749327067428,0.005544740426537631,0.0027583761964884435,0.007507012557297799
2026-01-21,NMAY,27.9302,1,0.3385761482185785,-0.9959656116663812,0.004088764133447054,-0.0020336410050768583,0.000694588653142425
2026-01-21,PBFR,29.31,1,0.3264739127432257,-0.9970268108789366,0.004094165813715467,0.0010235414534289777,0.000685772773797444
2026-01-21,PSMJ,32.3149,1,0.32751443362941113,-0.9981005775728061,0.004638727026851308,0.001011917103255655,0.0012594809205661583
2026-01-21,SGRW,20.3425,1,0.38751176515945146,-0.03312472793443775,-0.013916676907951397,-0.054044488140592484,-0.01908811601327276
2026-01-21,SRJN,24.96,1,0.3821160788509686,-0.0432809986139875,-0.0024038461538462563,-0.008413461538461564,0.0036057692307691624
2026-01-21,UDN,18.16,1,0.3218696246302567,-0.9966269377979435,0.025881057268722474,0.013215859030836885,0.01156387665198233
2026-01-21,ULE,13.0085,1,0.37498138380592033,-0.993589198053147,0.0505285005957643,0.018564784563938952,0.012983818272668035
2026-01-21,USA,6.31,1,0.31131361755351605,-0.9971485822612408,-0.033280507131537185,-0.045958795562599075,-0.03961965134706813
2026-01-21,VTP,75.87,1,0.41693560011321384,-0.9925046408809858,0.002833794648741117,0.0013180440226703283,0.01080796098589687
2026-01-21,XLII,25.4943,1,0.44566477073178334,-0.9910729814687329,-0.003969514754278314,0.003216405235680231,0.02198138407408723
2026-01-22,EGHAR,0.46,1,0.4408503313438507,-0.03956301617686797,-0.08695652173913049,-0.19565217391304357,-0.28260869565217395
2026-01-22,FDP,38.24,1,0.3245569573147754,-0.9965665181792034,0.025104602510460206,0.03347280334728042,0.08394351464435146
2026-01-22,PDC,6.825,1,0.4041288132514971,-0.042036111143515256,-0.24249084249084252,-0.4285714285714286,-0.29670329670329676
2026-01-22,PFFD,19.6,1,0.3195006034384778,-0.9982462528125233,-0.008163265306122436,-0.02448979591836742,-0.010204081632653184
2026-01-22,UGP,4.53,1,0.3283869123289207,-0.9956359348734773,0.07064017660044142,0.08830022075055166,0.18101545253863116
2026-01-23,BWZ,27.73,1,0.3353623799617624,-0.9950273867478061,0.006130544536602889,-0.0010818608005770392,0.0039668229354490325
2026-01-23,CM,92.68,1,0.32740167215661264,-0.9990776089423419,-0.00312904618040577,0.043159257660768224,0.06981009926629267
2026-01-23,EIX,60.77,1,0.29641398612651054,-0.9990706492947214,0.02484778673687682,0.053315780812901226,0.2284021721244036
2026-01-23,FDMO,86.5034,1,0.3092673771713452,-0.9979774042109474,-0.006445989406196673,-0.023044180922368263,-0.02651225269758184
2026-01-23,GXLC,82.9303,1,0.3447211687966893,-0.9984557654039935,0.0023055505647513463,-0.00011696569287711345,-0.014895641279484173
2026-01-23,HAKY,25.3881,1,0.37838327578780057,-0.044615022675758044,-0.016893741556083475,-0.04687629243622016,-0.11580228532265124
2026-01-23,IDGT,86.38,1,0.3093797733622561,-0.9988178433338708,0.014007872192637327,0.024774253299374882,0.11345218800648316
2026-01-23,KCAI,30.19,1,0.2962614091034701,-0.9987271451237996,0.006310036435905886,0.01333554157005623,0.025760185491884746
2026-01-23,LGH,62.4162,1,0.32482999488369085,-0.9992908895149816,0.004700702702183035,0.0006552785975435516,-0.020446614821152287
2026-01-23,NBIG,7.85,1,0.3285071855900814,-0.9995470470500061,-0.20509554140127384,-0.22675159235668785,0.017834394904458595
2026-01-23,NPFD,19.31,1,0.32380231879628557,-0.9966075528071251,0.00569653029518391,0.018643190056965464,0.015535991714137776
2026-01-23,PABU,71.9041,1,0.3139922424482225,-0.9980286965936348,-0.006838274868887773,-0.02596653042037933,-0.04498074518699213
2026-01-23,PCHI,25.24,1,0.35145279780100114,-0.994816243793367,-0.007923930269413626,-0.008038827258320058,-0.007923930269413626
2026-01-23,PLMKW,0.33,1,0.5170127534304676,-0.034276665983164735,0.4242424242424241,0.20454545454545459,0.33333333333333326
2026-01-23,SBTU,8.79,1,0.32462238976169266,-0.9983874139040483,-0.18998862343572231,-0.5199089874857793,-0.6018543799772469
2026-01-23,SPLS,49.7668,1,0.38458880682821817,-0.17607707791586522,0.0032672383998970655,0.003415931906411318,-0.00937974714066414
2026-01-23,STBQ,25.8106,1,0.34731904057374846,-0.5827953021340203,-0.07302813572718192,-0.16095325176477882,-0.2028236460988896
2026-01-23,TWIN,17.5,1,0.3391793517133608,-0.9996239069007602,-0.017714285714285682,-0.05142857142857138,-0.026285714285714357
2026-01-26,AVRY,26.0727,1,0.36969600896476495,-0.045036550348321894,-0.05971763568790356,-0.101358892634825,-0.1862177680102176
2026-01-26,BNAIW,0.5381,1,0.29747758809665553,-0.15597110952447066,-0.5543579260360527,-0.43876602861921576,-0.4149786285077123
2026-01-26,BWA,47.77,1,0.29875117683001895,-0.9994552557549924,0.007954783336822091,0.10404019258949138,0.23194473518944947
2026-01-26,CDRE,42.44,1,0.32049979259981615,-0.9976982852691344,-0.04052780395852962,0.00023562676720079168,-0.006833176248821848
2026-01-26,CLNE,2.2,1,0.29885766909810624,-0.9973312672366689,0.0,0.23636363636363633,0.15454545454545454
2026-01-26,NKSH,36.15,1,0.3169799843138794,-0.998541745787936,0.0334716459197788,0.07026279391424617,0.04149377593361003
2026-01-26,SMTI,21.25,1,0.32124414117261024,-0.9963192059478446,0.03764705882352937,-0.06258823529411761,-0.06258823529411761
2026-01-26,TDOG,24.5778,1,0.3082114715124796,-0.04985653468307029,-0.11796011034348075,-0.20828145725003866,-0.24302012385160587
2026-01-26,TEXX,25.405,1,0.4064922742861269,-0.0408667624884778,-0.0019681165124976197,0.04140523518992323,0.10450698681361925
2026-01-27,AHR,45.69,1,0.31644634303901664,-0.9996560846238549,0.05449770190413661,0.10461807835412573,0.15824031516743275
2026-01-27,GPAC,9.9,1,0.29594984405218294,-0.9987929122879158,0.003030303030302939,0.0,0.0
2026-01-27,GPGI,24.5,1,0.3290107349929528,-0.04696482427601492,-0.0395918367346938,0.014285714285714235,-0.05999999999999994
2026-01-27,KNRG,25.955,1,0.4799601461653851,-0.7129731179692278,-0.0005779233288382146,0.0015565401656714162,0.004045463301868724
2026-01-27,OLOX,1.42,1,0.3746816842799301,-0.03384570452416319,-0.16901408450704225,-0.25352112676056326,-0.323943661971831
2026-01-27,PLMKU,10.73,1,0.35095781168892526,-0.6012883412758238,,,
2026-01-27,PLSM,6.21,1,0.3774234817209714,-0.1507581955388278,-0.017713365539452575,-0.06763285024154586,-0.2592592592592593
2026-01-27,TMNS,50.305,1,0.31464326659370245,-0.14959251660892342,0.0014909054765928076,0.005601828844051138,0.005367259715734152
2026-01-28,CHSCL,25.83,1,0.4943819540565529,-0.9973672160153081,-0.0023228803716608404,-0.0030971738288810835,-0.006194347657762167
2026-01-28,FSBW,39.62,1,0.3319704611984019,-0.9976384544655263,0.07193336698637065,0.05275113579000523,0.03811206461383154
2026-01-28,FUNC,37.13,1,0.3150730312506353,-0.9984331105103446,0.05628871532453528,0.01642876380285485,-0.0312415836251011
2026-01-28,GHYG,46.585,1,0.3235562354678873,-0.9982262685361358,-0.012343028871954598,-0.009767092411720468,-0.00998175378340671
2026-01-28,MQY,11.67,1,0.3004000535020755,-0.9999230609935225,0.0025706940874035134,0.00428449014567267,0.006855184233076184
2026-01-28,PGC,29.23,1,0.3167008095928021,-0.9963819050932928,0.18405747519671567,0.17413616147793354,0.17447827574409835
2026-01-28,SECU,50.1101,1,0.4137018446569588,-0.042832752741786675,0.0019936100706243742,0.0073817453966364965,0.011153440124844982
2026-01-28,TOWN,36.04,1,0.33875588674490376,-0.9959989806066188,0.03301886792452824,-0.0086015538290789,-0.01720310765815758
2026-01-28,TRST,42.31,1,0.3416605913225741,-0.995044820001059,0.0796502008981328,0.06405105176081305,0.06050579059324024
2026-01-29,BMM,5.07,1,0.4034948772045665,-0.03627126343402885,-0.29585798816568054,-0.24852071005917165,0.007889546351084853
2026-01-29,CVI,22.28,1,0.3155659505695635,-0.9989459670338283,0.05924596050269293,0.023788150807899422,0.08438061041292633
2026-01-29,EVOXW,0.53,1,0.5458495248367069,-0.03262571918105535,-0.09037735849056616,-0.05660377358490576,-0.22924528301886804
2026-01-29,PSMR,30.0045,1,0.30607830106620026,-0.9975309139759384,-0.00283957406389046,-0.002149677548367701,0.003522804912596378
2026-01-29,SAY,25.561,1,0.32617802166235216,-0.9981041818674601,-0.0008215641015609787,0.003090645905872158,-0.016079183130550456
2026-01-30,AIXC,1.77,1,0.3893652402333483,-0.7984698623215889,-0.19774011299435035,-0.2655367231638418,-0.35593220338983056
2026-01-30,BGLD,17.85,1,0.2953472822851569,-0.9990614376946353,0.019271708683473276,0.020168067226890685,0.0364145658263304
2026-01-30,CUSD,19.15,1,0.4093202146751564,-0.044320790272758634,0.0018276762402089641,0.004903394255874716,0.006788511749347359
2026-01-30,DBND,46.54,1,0.44038397177043526,-0.9996895179890726,-0.0019338203695744571,0.005156854318865589,0.0021486892995272733
2026-01-30,FEMD,34.6168,1,0.36089996500402005,-0.034730424529973686,0.05356936516373567,0.04375332208638594,0.054973307758082735
2026-01-30,GECCI,25.245,1,0.3264452373440672,-0.9959252134555758,-0.0017825311942959443,0.0009902951079421296,0.006932065755595129
2026-01-30,PCMM,50.375,1,0.32852602462028213,-0.9956488608633539,-0.0020843672456575257,0.0015880893300248555,-0.008909181141439126
2026-01-30,SREA,22.5,1,0.31540444134425005,-0.996543483271413,0.011555555555555541,0.020444444444444487,0.010247511111111107
2026-01-30,TOS,24.9769,1,0.3669894284518906,-0.044226936686036875,0.004928553983881034,0.014165088541812532,0.07343985842918843
2026-01-30,USFE,34.8457,1,0.4026391711800157,-0.03340347901285637,0.016001974418651477,0.02728600659478797,0.020673999948343624
2026-02-02,BCPL,24.96,1,0.502663278699188,-0.03537970527672828,0.004006410256410131,0.012820512820512775,0.007612179487179294
2026-02-02,DDSQ,19.36,1,0.5978569417616287,-0.028994403973673373,-0.0005423553719008378,-0.004132231404958553,-0.004132231404958553
2026-02-02,FACTW,0.5499,1,0.2966343026638903,-0.07854251622687307,0.03655210038188739,-0.1816693944353519,-0.36352064011638485
2026-02-02,IDX,15.12,1,0.34467536893264533,-0.9988743447119157,0.041005291005291156,0.058201058201058364,-0.000661375661375696
2026-02-02,LONZ,49.95,1,0.3166422427176994,-0.9959050213490009,-0.000800800800800916,0.00040040040040034697,-0.020020020020020013
2026-02-02,MYCI,25.0054,1,0.5746567055689917,-0.9899540259580231,0.0025834419765329297,0.005382837307141619,0.0017836147392162882
2026-02-02,MYCJ,24.955,1,0.6072542046215145,-0.987709227233478,0.0026046884391905945,0.0072129833700662616,0.004007212983370145
2026-02-02,NAVI,9.98,1,0.3428669203050394,-0.9965444413577733,0.005010020040079999,-0.05010020040080165,-0.13827655310621245
2026-02-02,QLVE,31.246,1,0.3702619725758558,-0.9976510901660658,0.010951801830634489,0.014843499967996054,-0.027117070985085978
2026-02-02,TLK,20.91,1,0.34141143197680407,-0.9982667246836259,-0.012434241989478845,0.010521281683405048,-0.010043041606886738
2026-02-02,TNXT,24.745,1,0.5259811556494854,-0.038085243470590065,-0.016872095372802653,-0.0396686199232168,-0.051424530208122876
2026-02-03,ADV,0.9775,1,0.31242652196760545,-0.9969657489049127,-0.3635805626598466,-0.3862915601023018,-0.4154475703324808
2026-02-03,EEE,20.0103,1,0.45926282109631933,-0.04301406194293547,-0.02208362693212995,-0.03562165484775348,-0.03404246812891365
2026-02-03,LVLN,24.87,1,0.5954479958166405,-0.028785006969947548,-0.0012062726176116367,-0.00020104543626875415,-0.010570969039002898
2026-02-03,MSFY,19.97,1,0.3799498670239667,-0.9948057990597043,0.009013520280420684,-0.06359539308963447,-0.04306459689534303
2026-02-03,NFRX,25.4097,1,0.44887065931054143,-0.04213235334077542,0.03671432563155008,0.06372763157376893,0.0783283549195779
2026-02-03,QNCX,0.1454,1,0.31669768515980146,-0.9990849311717913,2.6292984869325995,0.22420907840440152,-0.28473177441540587
2026-02-03,SGMO,0.39,1,0.2935236374813674,-0.9984811707682157,0.0,-0.07025641025641038,0.013333333333333197
2026-02-03,SSS,20.0847,1,0.4263694145873432,-0.0430814241770552,-0.035305481286750706,-0.04471562930987283,-0.02136452125249577
2026-02-03,TNGY,9.5,1,0.33974819561464753,-0.9969281324308095,0.023157894736842266,0.04421052631578948,0.08842105263157896
2026-02-03,XHYD,38.3738,1,0.3088792048639159,-0.9981191252998464,0.004461377293882851,0.0049825662300839735,0.0015948381447759008
2026-02-03,XXX,20.3919,1,0.3590472507257806,-0.044797959647097686,-0.0263683129085569,-0.027947371260157228,-0.02609369406480022
2026-02-04,AVTM,49.4315,1,0.40144103638121287,-0.045694291267582676,0.014405793876374418,0.0037041157966075655,-0.012674104568948907
2026-02-04,AWP,11.88,1,0.3163647735077259,-0.9960877418751991,0.026094276094275948,0.05387205387205385,0.025252525252525082
2026-02-04,BBCA,94.79,1,0.3292691309324885,-0.996363526381606,0.025741111931638416,0.028695010022154133,0.032281886274923455
2026-02-04,BKIE,97.71,1,0.31749910755569066,-0.9984566138053032,0.03264763074403865,0.02384607512025405,-0.019138266298229345
2026-02-04,BLDX,25.5172,1,0.42864785495673385,-0.0394093283968242,0.04306115090997453,0.04325317824839714,0.04165033781135863
2026-02-04,CLMB,29.9675,1,0.3186970332362332,-0.9999316318249152,-0.030449653791607578,-0.009927421373154277,-0.2514390589805623
2026-02-04,EWC,55.01,1,0.3410089073336709,-0.994334364974757,0.028540265406289844,0.031630612615888065,0.03453917469550993
2026-02-04,FLCA,49.22,1,0.3437712908397558,-0.994903813547618,0.02783421373425443,0.0290349451442502,0.03210077204388462
2026-02-04,LARK,28.47,1,0.3857028007719402,-0.9943585079434242,-0.03477344573234975,-0.017913593256058902,-0.04917456972251488
2026-02-04,NVNO,9.39,1,0.29206519294582195,-0.9975822663962123,-0.009584664536741228,0.0638977635782747,0.2898828541001064
2026-02-04,SIMAW,0.4196,1,0.4546229521633734,-0.07876530365120932,-0.14204003813155386,-0.1263107721639657,-0.2850333651096282
2026-02-04,SRJN,24.75,1,0.36052365176511375,-0.14032652492160105,0.0,0.0121212121212122,0.009292929292929353
2026-02-04,TACHW,0.31,1,0.3063496230224924,-0.19299470827803142,0.12903225806451601,0.12903225806451601,-0.015967741935483892
2026-02-05,ABFL,71.0444,1,0.3295536605051227,-0.9960197358030813,0.021192381102521862,0.03836474092257802,0.010354088429207708
2026-02-05,ANV,24.3297,1,0.4174981212143017,-0.03975106310551837,0.025277746951257285,0.03227742224523933,0.003958125254318823
2026-02-05,BBCQ,9.925,1,0.3762511387670182,-0.033595664559077226,0.0025188916876572875,0.00453400503778334,0.0176322418136019
2026-02-05,BRAG,1.89,1,0.3075602290653616,-0.9972164608250892,-0.021164021164021052,-0.08465608465608465,-0.14814814814814803
2026-02-05,BTYB,24.2661,1,0.3816540905857242,-0.04548741779043172,0.006960327370281849,0.011493400257972963,0.009214500888070187
2026-02-05,DDFJ,19.02,1,0.6373607379496886,-0.02598901022609124,0.002103049421661396,0.005788643533122917,-0.006151419558359628
2026-02-05,DHX,1.92,1,0.3139681622919873,-0.9978540357623333,0.20833333333333326,0.3020833333333335,0.3958333333333335
2026-02-05,EXEL,42.37,1,0.31147785633506847,-0.9989451850754772,0.007788529620014195,0.029738022185508806,-0.019471324050035266
2026-02-05,FVNNU,10.8,1,0.3207673711078421,-0.9996319342256265,-0.009259259259259411,,
2026-02-05,JANI,24.93,1,0.3753619313540106,-0.034559948513907965,0.028880866425992746,0.03265944645006025,-0.011275571600481316
2026-02-05,JCPI,48.45,1,0.5065088347012322,-0.9949789027516682,0.004953560371516952,0.005572755417956543,0.002683178534571562
2026-02-05,LEAD,79.01,1,0.32273678428987385,-0.9997568595633257,0.01225287938235664,0.03225414504493096,-0.006933299582331465
2026-02-05,MBBA,50.285,1,0.5538641040856798,-0.032803394611821995,0.0051705279904545876,0.008537337178085025,-0.0019051406980211683
2026-02-05,ONEH,24.865,1,0.3661422418742346,-0.03463564950600124,0.005228232455258608,0.0,-0.004021717273275605
2026-02-05,QTPI,25.6991,1,0.3245367971916803,-0.9954428012731822,0.00314797016237911,0.010930343864181902,0.0004241393667481219
2026-02-05,SLAI,0.78,1,0.3319577136808289,-0.814331500294846,0.0641025641025641,0.0512820512820511,0.06782051282051271
2026-02-05,SLYG,99.06,1,0.3120184507006516,-0.9977486907440225,0.015243286896830188,0.03169796083181908,-0.01736321421360787
2026-02-05,SPHQ,77.91,1,0.32297905559791434,-0.9950308067264162,0.01052496470286246,0.03208830702092147,-0.007059427544602759
2026-02-05,SRLN,40.57,1,0.31441959565473054,-0.9957459122577405,0.0,0.0012324377618928573,-0.01996549174266704
2026-02-05,TLA,24.3198,1,0.4647150867196043,-0.03749427676918115,0.026118635844044613,0.02883247395126598,0.0028865368958626014
2026-02-05,TUA,21.92,1,0.3086968690848657,-0.9968759837203888,0.0009124087591241281,-0.0009124087591242391,-0.012773722627737238
2026-02-05,UNL,7.5243,1,0.3077803690853158,-0.9968904712404649,-0.048416463990005765,-0.06702284597902808,0.0020865728373402614
2026-02-05,WENNU,10.29,1,0.3379940844479463,-0.9965452249245316,0.00291545189504383,,
2026-02-05,XSPI,47.8377,1,0.4551159276260863,-0.048338242581027924,0.006841884120682984,0.022323397654987698,-0.021869780528746108
2026-02-06,AUGM,34.1888,1,0.3081754830927393,-0.9974566525491562,-0.0015736147510296838,-0.0011933732684387133,-0.0011407244477724676
2026-02-06,BUFX,21.3884,1,0.31130656714503124,-0.3143776776057829,-0.0044837388490958086,-0.00412373062033633,-0.0047549138785510925
2026-02-06,DDFF,19.3,1,0.33056331344896944,-0.036495175673388475,-0.007253886010362698,-0.002590673575129543,-0.005181347150259086
2026-02-06,DDFS,21.324,1,0.3090672690719256,-0.3238748319944764,-0.003897017445132378,-0.0029169011442506942,-0.0028887638341775768
2026-02-06,DGJA,30.5,1,0.40633290771378044,-0.12226436530935972,-0.004590163934426239,-0.0036000000000000476,-0.0075409836065574165
2026-02-06,DHLX,13.6002,1,0.3819202083573693,-0.9016989893312896,0.001735268598991091,-0.005896972103351383,-0.020955574182732528
2026-02-06,DUKZ,25.48,1,0.32042790936794735,-0.9983327757240194,0.005313971742543222,0.006671899529042236,-0.006930926216640487
2026-02-06,HEQ,11.27,1,0.312279866723554,-0.9977721919352006,0.012422360248447228,0.021295474711623852,-0.019520851818988327
2026-02-06,HFFG,1.7,1,0.3176447111668251,-0.9959120922816657,-0.12941176470588234,-0.09999999999999998,0.21470588235294108
2026-02-06,JAJL,29.24,1,0.2941333419282537,-0.9669053430623424,-0.0025581395348837077,-0.0016997264021887393,-0.0008481532147742721
2026-02-06,KBONW,0.6289,1,0.34991840022118126,-0.03438553036204837,-0.12529813960884084,0.03355064398155516,
2026-02-06,LZ,8.05,1,0.3133070055407343,-0.9975198594382585,-0.14658385093167703,-0.22608695652173916,-0.1975155279503107
2026-02-06,NPT,6.27,1,0.31049523581400984,-0.9965779963464748,-0.05901116427432207,-0.12280701754385959,1.944178628389155
2026-02-06,PMAU,25.8948,1,0.3001480283769634,-0.21942866468862474,-0.002054466533821464,-0.0014597525371889963,-0.0009577212413303116
2026-02-06,PRDO,31.71,1,0.3098507108733419,-0.997088630526804,-0.008830022075055233,0.002838221381267658,0.09176915799432339
2026-02-06,RWAYI,25.49,1,0.3864727293531085,-0.043775375469657804,-0.009807767752059604,0.005100039231071163,-0.007453903491565272
2026-02-06,TJAN,27.4302,1,0.30368550924329485,-0.9978039750704158,-0.002026962982406233,-0.0023988159036389956,-0.001866555839913575
2026-02-06,TOCT,26.63,1,0.3080577568626776,-0.19766406354974303,-0.0018700713481035747,0.0007510326699211589,-0.003567405182125394
2026-02-06,VEM,25.2737,1,0.4278972822935133,-0.04884737051695524,0.014212402616158304,0.03545187289553953,-0.027447504718343674
2026-02-09,BRES,25.6067,1,0.5333684496837297,-0.038411835717295985,-0.01487110795221569,-0.014511826982781861,-0.03242120226347012
2026-02-09,EIKN,14.55,1,0.3962660387062737,-0.04871383442253122,0.08041237113402055,0.02405498281786933,-0.036426116838488065
2026-02-09,HNST,2.21,1,0.2936151467185555,-0.9990523665114391,-0.013574660633484115,0.02262443438914019,0.31221719457013575
2026-02-09,LATA,10.02,1,0.3310283600184405,-0.1176974168765793,-0.0059880239520956335,,
2026-02-09,OZ,49.87,1,0.2947512193840633,-0.9996231258680488,0.02045317826348514,-0.024062562662923503,0.0459193904150792
2026-02-09,SIMA,10.75,1,0.29301226861460167,-0.8233073023333927,-0.0037209302325580396,0.0,
2026-02-10,AINT,26.965,1,0.39458722309426886,-0.04876101761537592,-0.07999258297793432,-0.09073243092898198,-0.0642944557760059
2026-02-10,AIUP,25.105,1,0.40396882570071296,-0.04285694992348352,-0.03470225054769971,-0.03162716590320658,0.0008922525393348923
2026-02-10,BBVA,24.55,1,0.337646748092221,-0.9986359163781451,-0.043177189409368766,-0.031771894093686415,-0.10875763747454181
2026-02-10,DVXB,30.6388,1,0.391878964042928,-0.9948879388326355,0.00398840685666535,0.003518414559317007,-0.0829177382926225
2026-02-10,FITBM,26.31,1,0.36681960715216305,-0.033421260738588456,0.002660585328772447,-0.0007183580387685184,-0.013302926643861568
2026-02-10,GPT,31.9611,1,0.47294486792230406,-0.9919959959154407,-0.0011107252253520494,0.01453329203312781,-0.021970457837809043
2026-02-10,GRNJ,27.75,1,0.452391997052888,-0.9966892167124662,-0.0007207207207207134,0.011531531531531636,-0.0637837837837838
2026-02-10,HESM,36.43,1,0.3207299996334182,-0.9986052428760313,0.025802909689816023,0.0477628328300852,0.08015371946198191
2026-02-10,MSLE,10.87,1,0.34897078090140643,-0.04877641063078338,0.035878564857405815,0.06991720331186757,-0.08003679852805878
2026-02-10,NEWTO,26.1,1,0.44111585829539735,-0.04480251091157241,-0.02298850574712652,-0.024904214559387072,
2026-02-10,OFRM,21.25,1,0.33080317227275846,-0.047583234600120664,0.18305882352941172,0.05411764705882338,-0.025882352941176467
2026-02-10,UFOD,25.4535,1,0.4699482831264141,-0.08499601007593778,0.0003928732787239486,0.011574046791207548,-0.014284872414402683
2026-02-10,USMD,25.5365,1,0.48482242491343835,-0.041202861441597224,-0.012511503142560665,-0.008779589998629378,-0.01123098310261783
2026-02-10,UTI,27.08,1,0.323231761312608,-0.9951318739811569,0.1521418020679468,0.28803545051698687,0.2695716395864107
2026-02-10,XLB,52.91,1,0.3354060570647023,-0.9996204315472415,0.0020790020790022457,0.002835002835003042,-0.05802305802305785
2026-02-10,ZKP,9.88,1,0.39812375785051524,-0.032691131905964996,-0.0030364372469636747,0.002024291497975561,-0.002024291497975894
2026-02-11,AIVL,121.6103,1,0.30342020831715066,-0.9998216856887452,0.0004086824882432172,0.01340100304003844,-0.03782821027495198
2026-02-11,AVMC,76.2,1,0.31327587564468307,-0.9975182261168564,-0.0010498687664042272,0.006561679790026309,-0.06102362204724421
2026-02-11,AVSC,65.17,1,0.3237777239658796,-0.997020463720619,-0.002915451895043719,-0.0004603345097438094,-0.06567439005677456
2026-02-11,BBC,40.6,1,0.3229692782548054,-0.9999529350569126,0.02044334975369444,0.05197044334975365,0.01967980295566507
2026-02-11,BBSC,79.6193,1,0.30907489380011566,-0.99919810721103,-0.0036096775530555236,0.001667937296610189,-0.06611839089266036
2026-02-11,CMCO,23.27,1,0.29388182101768523,-0.9995771592944197,-0.17576278470133222,-0.1753330468414267,-0.34035238504512244
2026-02-11,CSTM,24.7,1,0.3341062931772121,-0.9946842661183039,0.0449392712550607,0.0506072874493928,-0.00445344129554659
2026-02-11,CVMC,68.2301,1,0.3125996559979928,-0.9965068431841041,-0.0002945913900169739,0.008938870088128326,-0.06331663005037358
2026-02-11,DDM,61.38,1,0.30930554675792693,-0.9985483903487664,-0.028510915607689813,-0.026230042359074557,-0.13310524600847184
2026-02-11,DFAS,76.13,1,0.3128823539702507,-0.9981800753131366,-0.0045973991856035346,-0.0018389596742414138,-0.07644818074346504
2026-02-11,DFAT,66.7,1,0.33012012298992743,-0.9964613566467384,-0.006446776611694238,-0.011844077961019606,-0.08305847076461781
2026-02-11,DTD,90.64,1,0.3203227460432788,-0.9990714294504102,-0.006782877316857894,-0.003199470432480256,-0.04247572815533973
2026-02-11,EQWL,122.59,1,0.30610332738773954,-0.9976039602689256,-0.006281099600293771,-0.0036707724936780872,-0.043559833591646946
2026-02-11,EZM,71.6,1,0.3088916038690885,-0.9993485829368183,-0.004469273743016644,-0.004608938547486008,-0.07166759776536313
2026-02-11,FLOC,22.3,1,0.3483547733481818,-0.9979952416130272,0.04215246636771286,0.09282511210762334,-0.0017937219730941312
2026-02-11,GENT,10.37,1,0.2905746067690438,-0.11904821877831467,0.0067502410800386325,0.005303760848601957,-0.0052941176470587825
2026-02-11,GSEW,89.01,1,0.302866706088174,-0.9996942895189961,-0.0005617346365578424,0.009661835748792313,-0.04291652623300757
2026-02-11,GSSC,79.88,1,0.3097867591598007,-0.999946938529998,-0.0036717576364546645,0.00425638457686528,-0.07061592388582871
2026-02-11,IBOT,59.2521,1,0.3234357349058265,-0.9993681838420668,0.003520550326486349,0.02357553571940918,-0.07053252121021869
2026-02-11,IJH,71.59,1,0.3150262303128193,-0.9972973224571707,0.000977790194160999,0.006704847045676532,-0.06411509987428421
2026-02-11,ILCV,98.03,1,0.3145553277472333,-0.9966992566437127,-0.009486891767826244,-0.0025502397225338758,-0.041109864327246726
2026-02-11,IMCB,87.785,1,0.3090056242590021,-0.9975556464379681,-0.000512616050578174,0.011049723756906049,-0.04938201287235855
2026-02-11,ISCV,74.23,1,0.31385591616766395,-0.997881647363154,-0.005423683146975722,-0.004984507611477951,-0.07220800215546275
2026-02-11,IUSV,107.59,1,0.30640563276890287,-0.9990496126382344,-0.007435635282089348,-0.00034761594943777396,-0.04684450227716341
2026-02-11,IWDL,54.3717,1,0.31655537517761756,-0.9996793518776736,-0.010200159274033949,0.0006529131882948569,-0.09287000406461443
2026-02-11,IWR,102.17,1,0.30271126147257355,-0.9992271146044983,0.0004893804443573124,0.012430263286679066,-0.048644416169129845
2026-02-11,IYH,65.23,1,0.3442706721321225,-0.9988348842842544,0.007665184730952124,0.008278399509427992,-0.039552353211712465
2026-02-11,JSML,76.6394,1,0.31776686785344876,-0.9986543927961024,-0.009378987831324404,0.0049608947877983756,-0.08512723220693263
2026-02-11,LNAI,0.8099,1,0.3442526604039432,-0.669078970207257,-0.2873194221508827,-0.5061118656624274,-0.7626867514507963
2026-02-11,MBSX,26.3,1,0.3194284153939435,-0.9981776381813934,0.033840304182509495,0.01966159695817482,0.015969581749049278
2026-02-11,MITK,11.16,1,0.34376341938227073,-0.9958867528456379,0.18279569892473102,0.314516129032258,0.26881720430107525
2026-02-11,MPT,5.7,1,0.34931172058706295,-0.03429029455715526,0.056140350877192935,0.019298245614034926,-0.12105263157894741
2026-02-11,MUSI,44.3448,1,0.3250695123305751,-0.9955485122350087,0.005303891324349275,0.006656924825458654,-0.012962060940628795
2026-02-11,MYMK,25.38,1,0.30667105363871583,-0.07854120321976371,0.0021670606776988954,0.002758077226162392,-0.011032308904649235
2026-02-11,OMFS,48.18,1,0.3381370233522928,-0.9932495385010545,0.00020755500207547684,0.001245330012453305,-0.06979036944790362
2026-02-11,PJFV,88.1604,1,0.3155400911544183,-0.9983362973122092,-0.003974573618086952,-0.007380864878108517,-0.05022209518105636
2026-02-11,PSC,60.73,1,0.3199704790315178,-0.9986634318784696,0.0003210933640704905,0.017783632471595645,-0.06345134200559843
2026-02-11,PTH,48.82,1,0.33119114903052527,-0.9983174426535746,0.009907824662023668,0.027812371978697126,-0.03152806226956173
2026-02-11,QDF,83.86,1,0.30974917747348935,-0.998153991485882,-0.011089911757691251,-0.00047698545194374553,-0.04424040066777957
2026-02-11,RSPN,63.34,1,0.32701708787958017,-0.9970186651256312,-0.000157878118092869,0.002683928007578107,-0.07514998421218821
2026-02-11,RWJ,54.24,1,0.3201315053711021,-0.9989736895459272,-0.011615044247787698,-0.022492625368731534,-0.09236725663716827
2026-02-11,RZG,59.2003,1,0.32798967261134415,-0.9959994388449538,-0.005209433060305413,0.011837777849098785,-0.05997097987679112
2026-02-11,SAA,30.7328,1,0.323994765871701,-0.9985634494972908,-0.014587021032902991,-0.008687786339025338,-0.14764030612244905
2026-02-11,SCDS,64.8619,1,0.3209884899835588,-0.9961680415823497,0.0013968138460327406,0.0016604508964430664,-0.06633786552660348
2026-02-11,SDG,87.3918,1,0.3203727904046666,-0.9988535597045562,-0.004058733199224784,-0.0060188713357547385,-0.04540815042143542
2026-02-11,SDOW,28.21,1,0.2913352510295058,-0.99913922351387,0.044310528181495945,0.03863878057426451,0.2328961361219426
2026-02-11,SMFG,23.77,1,0.3383833632929998,-0.9956458304511165,-0.015565839293226746,-0.03912494741270511,-0.18721076987799745
2026-02-11,SPMD,62.8,1,0.31779783893387137,-0.997057073011039,0.0011146496815286344,0.0071656050955415385,-0.06417197452229295
2026-02-11,SSPY,92.9646,1,0.30698791104246204,-0.999876146830462,-0.0034540029215421875,0.004778162870598068,-0.04349827783909144
2026-02-11,SUPN,51.34,1,0.30697095211906456,-0.9985395404522343,0.00019477989871430346,0.08589793533307355,-0.017140631086871916
2026-02-11,UMDD,31.97,1,0.31809934409004514,-0.9990035120996388,0.001876759461995725,0.014081951829840511,-0.19768532999687205
2026-02-11,URSP,45.85,1,0.3490566378290605,-0.9979497993978068,-0.0058887677208288025,0.009596510359869193,-0.10076335877862608
2026-02-11,VONV,98.67,1,0.3148289262369245,-0.998202190494809,-0.0037498733150908015,0.0024323502584371326,-0.04509982770852339
2026-02-11,WAGN,14.6284,1,0.38539370669141937,-0.043913312962786125,-0.03166443356758075,-0.016392770227776077,-0.033728910885674424
2026-02-12,AIMS,24.474,1,0.40625028701194976,-0.04535840646869755,0.023404429190160947,0.012445860913622653,-0.044802647707771426
2026-02-12,AVIG,42.21,1,0.32956563757362867,-0.9958082940295286,0.0029613835583985892,0.006870409855484372,-0.01776830135039087
2026-02-12,BCTXL,0.95,1,0.3253997397231454,-0.16471428798904592,0.1578947368421053,0.04210526315789487,0.06326315789473691
2026-02-12,CNO,43.2,1,0.3166182304565876,-0.99973031121829,0.0004629629629628873,-0.032175925925925886,-0.0770833333333335
2026-02-12,CORZZ,17.56,1,0.34732383038613746,-0.994830374713017,-0.018792710706150295,-0.05353075170842814,-0.06378132118451008
2026-02-12,FMB,51.81,1,0.3224596222143944,-0.9958127643617831,-0.0008801389693109396,0.003474232773595931,-0.009882262111561513
2026-02-12,MTBA,50.57,1,0.35284241865440114,-0.9945615645266417,0.002372948388372542,0.0007909827961241067,-0.015621910223452606
2026-02-12,SCNM,25.35,1,0.5334295854081902,-0.033235274595603756,0.002757396449704075,0.005522682445759264,-0.008284023668639118
2026-02-12,TAXX,50.98,1,0.3135619111904534,-0.9964604069079054,-0.0001961553550411388,0.002157708905453193,-0.005100039231070941
2026-02-13,AGNCN,25.83,1,0.3202992342200943,-0.9969043130972104,-0.00464576074332157,-0.011614401858304202,-0.006968641114982521
2026-02-13,COMD,24.5466,1,0.47865759738737934,-0.041261568873547386,0.02988601272681346,0.058395052675319636,0.09726397953280697
2026-02-13,MDIV,16.6546,1,0.3234243821879191,-0.9963683694215824,-0.0055600254584317055,0.0015251041754231753,-0.016169706867772082
2026-02-17,AIOS,0.5144,1,0.3649355713440188,-0.04671609631285428,0.2649688958009331,0.18506998444790068,0.5855365474339036
2026-02-17,APC,17.9,1,0.43428489449470525,-0.0454755485937109,0.05977653631284929,0.07318435754189956,0.05307262569832427
2026-02-17,JAGU,3.3,1,0.5053081965100422,-0.046273096004648025,-0.28787878787878785,-0.2151515151515152,-0.5121212121212121
2026-02-17,NTWOW,0.247,1,0.29676853547693177,-0.07856649565026805,-0.1878542510121457,-0.27125506072874495,
2026-02-17,RBKB,15.65,1,0.34038153377763536,-0.9984688152780861,0.013418530351437585,0.015974440894568787,-0.018530351437699766
2026-02-17,RWTQ,25.0,1,0.46793531526673515,-0.8322710752801136,-0.0043999999999999595,-0.01200000000000001,-0.033199999999999896
2026-02-18,CSCS,20.94,1,0.3639750982116497,-0.9990598019728876,-0.01002865329512903,-0.03151862464183386,0.009312320916905481
2026-02-18,EXEQ,25.2573,1,0.36160839427567704,-0.04341602315759415,-0.0006849504895615199,-0.005558788944186377,-0.039758802405641225
2026-02-18,LDEM,63.4913,1,0.3313394327802355,-0.9981515752561172,0.01856474824109755,-0.058882083057048784,-0.0821041623025518
2026-02-18,LEAD,81.198,1,0.3097618149371713,-0.9998865454017307,0.00605926254341238,-0.007980492130348016,-0.045087317421611206
2026-02-18,MRVU,23.129,1,0.30849920830932975,-0.1757883304912271,0.043326559730208825,-0.03447187513511174,0.1742185135544121
2026-02-18,RDIB,12.015,1,0.306281800690842,-0.9964341161135325,0.03953391593841027,0.0320432792342904,-0.11610486891385774
2026-02-18,RPC,9.02,1,0.38232788320599537,-0.19852038981913925,-0.08093126385809313,-0.11751662971175159,-0.14190687361419063
2026-02-18,RTO,31.63,1,0.3043985407279195,-0.999433916956958,-0.026873221625039467,-0.09105279797660448,0.006323110970597456
2026-02-18,SPGP,116.14,1,0.29887788614499505,-0.9994648674763719,-0.0021525744790770185,-0.012915446874461889,-0.06328568968486303
2026-02-18,STAG,38.2,1,0.33708774502131084,-0.9992084903492627,0.009424083769633551,0.03324607329842921,-0.0028795811518324
2026-02-18,UDR,38.25,1,0.3174116721429938,-0.9989581751523661,-0.01516339869281036,-0.013071895424836555,-0.07607843137254888
2026-02-18,VHCP,10.04,1,0.3785460614385219,-0.03211758335840886,-0.013944223107569598,-0.013944223107569598,
2026-02-18,ZTOP,52.3967,1,0.3965214577389864,-0.9935856949859313,-0.0007004257901738198,-0.004107128884071054,-0.020472663354753395
2026-02-19,CHSCO,26.29,1,0.3663204889148817,-0.9954136315992078,-0.0034233548877899977,0.0007607455306199995,-0.010270064663370104
2026-02-19,GFL,43.47,1,0.3306543037096787,-0.9947486362825096,0.00851161720726945,0.03151598803772737,-0.022084195997239542
2026-02-19,INFQ,13.68,1,0.43476300579589416,-0.0483247241287288,-0.05774853801169588,-0.18055555555555547,-0.29678362573099415
2026-02-19,PSCT,61.4219,1,0.32252796209032186,-0.9967820354388539,0.02614051339994372,-0.009799436357390445,0.000887305667848004
2026-02-19,RCLR,49.82,1,0.36301740143216155,-0.03392325770829845,-0.007125652348454414,-0.03171417101565632,-0.0157567242071458
2026-02-19,RCLY,99.475,1,0.3580817913525781,-0.03649472213667226,-0.008243277205327915,-0.030408645388288358,-0.014273938175420997
2026-02-20,BBU,35.27,1,0.2967493718150376,-0.9989591206557982,-0.03373972214346488,-0.06918060674794457,-0.15565636518287496
2026-02-20,BBUC,35.5,1,0.3265607663152107,-0.9950630574748477,-0.029577464788732355,-0.06253521126760564,-0.16253521126760562
2026-02-20,CBL,38.22,1,0.3231150088298261,-0.9993688966505049,-0.011512297226582868,-0.029042386185243352,-0.027995813710099404
2026-02-20,CEVA,19.46,1,0.3045704958747469,-0.998424946433839,0.07194244604316546,-0.016957862281603342,-0.04573484069886946
2026-02-20,EDGQ,25.3805,1,0.4481456588082073,-0.038481645677174756,-0.004582258032741815,-0.012281081932980165,-0.044585410058903596
2026-02-20,EDGX,25.2764,1,0.42065355268994065,-0.04000219614778769,-0.004375623110886018,-0.02349226946875338,-0.054078112389422506
2026-02-20,GLDN,20.9705,1,0.36079348225238306,-0.044406488020038284,0.06557783553086471,-0.017357716792637312,-0.2077060632793687
2026-02-20,SBXE,9.95,1,0.471769594499343,-0.026896928490162526,0.002000000000000224,,
2026-02-20,ZEO,1.3,1,0.3072689711169809,-0.998267322094874,-0.05384615384615388,-0.2735384615384615,-0.3696153846153847
2026-02-23,ATCL,25.045,1,0.38755550675550987,-0.03160061379156501,0.0037931722898780773,0.0017967658215212179,-0.02934717508484741
2026-02-23,INDZ,24.7413,1,0.45490174293544094,-0.04779719917353622,-0.01961093394445723,-0.03218505090678336,-0.08360514605133929
2026-02-23,JBK,25.9499,1,0.30448630491468776,-0.9994373679115701,-0.007703305215049028,,
2026-02-23,RJET,20.32,1,0.3656844082962617,-0.9979634997244241,0.06200787401574792,0.004183070866141669,-0.17864173228346447
2026-02-23,SMRF,25.5552,1,0.35903671625137507,-0.04643945031904025,0.036188329576759326,-0.040042731029301226,-0.07765151515151514
2026-02-23,XDEF,24.7143,1,0.3824153747942684,-0.04875263929275442,-0.007898261330484768,-0.024156055401124088,-0.08939358994590185
2026-02-24,BMHL,3.73,1,0.46465673967310633,-0.9999558799682653,-0.0536193029490617,,
2026-02-24,CNTN,4.71,1,0.47207043734240695,-0.11330723104943731,-0.019108280254777066,-0.010615711252653925,-0.30997876857749473
2026-02-24,IVSX,25.2044,1,0.40755902221429885,-0.04181074115337897,-0.03393455111012367,-0.049356461570202015,-0.09246401421973949
2026-02-24,SOMN,53.26,1,0.3878633796914187,-0.9952104913355027,0.005632745024408692,-0.0005632745024408692,-0.05858054825384895
2026-02-24,TDAY,5.85,1,0.3532863387159655,-0.9981833408029914,0.02393162393162407,0.11794871794871797,0.14529914529914545
2026-02-24,THYF,52.1397,1,0.3125021952084425,-0.9962494145381382,-0.005728840020176484,-0.007138514414160357,-0.018789904813414804
2026-02-24,TRUC,25.4259,1,0.49744475395270576,-0.08553513139272835,0.01277044273752348,0.012943494625559104,-0.04484010398845273
2026-02-25,IBHH,23.74,1,0.30525856937213236,-0.9972256027703659,-0.005897219882055493,-0.010951979780960297,
2026-02-25,JBND,54.73,1,0.3533479750892875,-0.9928327959817077,-0.005298739265485075,-0.01315549059016996,
2026-02-25,MIGO,25.184,1,0.4272717422208434,-0.039488865898308134,-0.029907878017789047,-0.04162563532401531,
2026-02-25,NBIG,8.836,1,0.3301229334925202,-0.9962363494433815,-0.18515165233137165,0.04006337709370755,
2026-02-25,QVMT,61.63,1,0.4450763765743775,-0.046521819296938084,0.0061788090215804115,-0.01749148142138579,
2026-02-25,RTACU,10.95,1,0.322587165536524,-0.9968705457432671,-0.020091324200913085,-0.026484018264840148,
2026-02-26,BNH,16.13,1,0.3217752563555947,-0.9961094874166497,-0.017978921264724113,-0.06261624302541846,
2026-02-26,CNA,47.97,1,0.3277759457492967,-0.9971742343121143,0.007713154054617588,-0.030018761726078758,
2026-02-26,EES,60.88,1,0.31048349578043766,-0.9998899811011278,-0.022831800262812063,-0.0670170827858082,
2026-02-26,EHAB,13.6,1,0.3354078705024862,-0.9962982817040715,0.0007352941176470562,0.0,
2026-02-26,FUN,17.19,1,0.30117839597353785,-0.9999254480103172,0.018615474112856356,-0.09424083769633518,
2026-02-26,IBIK,26.15,1,0.483379574755042,-0.9978948019614811,-0.005915869980879451,-0.007265774378584999,
2026-02-26,IMVP,23.6,1,0.41254378371982625,-0.029982102837280603,-0.04798305084745769,-0.08220338983050857,
2026-02-26,JMTG,51.91,1,0.3768056375883042,-0.9915677045808666,-0.010209978809477827,-0.018397225968021513,
2026-02-26,LLYX,21.95,1,0.3300380645707885,-0.9958852739308568,-0.07927107061503413,-0.09293849658314346,
2026-02-26,LULG,18.4323,1,0.32622197604125297,-0.999003161041985,-0.1382572983295628,-0.2858406167434341,
2026-02-26,UPBD,22.03,1,0.3323396443810073,-0.998885195223174,-0.06445755787562424,-0.18610985020426696,
2026-02-26,VNDA,8.6,1,0.33455881139347243,-0.995263169451926,-0.08023255813953478,0.08023255813953489,
2026-02-26,VRE,18.83,1,0.3740716239999889,-0.9930412605405494,0.0005310674455656361,0.0026553372278279586,
2026-02-27,APEI,45.82,1,0.3052087367113117,-0.9981403533379316,-0.017677869925796674,0.2584024443474464,
2026-02-27,BKFI,24.57,1,0.6395177276676312,-0.025816399765366344,-0.014448514448514471,-0.023402523402523356,
2026-02-27,CLOI,52.9,1,0.46447261131616857,-0.9997538992177765,-0.007939508506616288,-0.007372400756143649,
2026-02-27,CRXP,20.39,1,0.5681794506313778,-0.07109594511777731,-0.013388916135360418,-0.023786169691024983,
2026-02-27,FCLO,49.985,1,0.4564462063156867,-0.03901341802018082,-0.001600480144043126,-0.00010003000900271619,
2026-02-27,GMMF,100.48,1,0.4855534959184622,-0.8298976568181444,-0.0017914012738854401,-0.0010947452229299603,
2026-02-27,GMOC,50.2362,1,0.5516431194746966,-0.16504047756085052,-0.0034059104788976002,-0.002510142088772538,
2026-02-27,IBHK,25.98,1,0.5047912282628255,-0.9963955299663734,-0.01616628175519641,-0.023479599692070807,
2026-02-27,JPIE,46.57,1,0.5162565837655516,-0.9968596783378779,-0.007945028988619263,-0.012024908739531881,
2026-02-27,KBFR,24.985,1,0.47468419142533275,-0.02682137644747043,-0.019715829497698567,-0.033111867120272254,
2026-02-27,LDRT,25.55,1,0.46740937679278255,-0.8687886194185835,-0.008610567514677148,-0.011937377690802387,
2026-02-27,LPCVW,0.3412,1,0.5730143036321412,-0.072953029321974,,,
2026-02-27,MJ,25.96,1,0.29132633188140833,-0.9999408248761734,-0.0023112480739599928,-0.04501540832049311,
2026-02-27,NBFR,24.88,1,0.45120646416861176,-0.02604965878965669,-0.00857717041800643,-0.013633440514469353,
2026-02-27,NCPB,25.615,1,0.4555319783439211,-0.9983210060663962,-0.01355846183876619,-0.024712082764005383,
2026-02-27,NUCLW,0.75,1,0.40569807460763824,-0.04078085895589108,0.7333333333333334,0.72,
2026-02-27,PMMF,100.51,1,0.49525004648728754,-0.9489735952768319,-0.0022883295194507935,-0.0014923888170331745,
2026-02-27,QNC,3.61,1,0.40636600909516374,-0.029706483597219384,-0.07202216066481992,-0.16066481994459836,
2026-02-27,SMTH,26.355,1,0.4479766720284737,-0.9991188274360504,-0.009675583380762576,-0.020679188009865346,
2026-02-27,SQFTP,5.85,1,0.30947667310807214,-0.9978626086299496,0.027350427350427475,0.09059829059829072,
2026-02-27,ST,37.34,1,0.33204392019992257,-0.9970456379781406,-0.11676486341724712,-0.08221746116764861,
2026-02-27,VBIL,75.62,1,0.47724163728913205,-0.7309503850600272,-0.001851362073525542,-0.001190161332980777,
2026-03-02,ACYN,20.215,1,0.40281147828925656,-0.030626442319271356,-0.0007420232500618962,0.005936186000494725,
2026-03-02,AGNCO,25.43,1,0.32382805600267633,-0.9978614824166359,-0.0007864726700747005,0.0,
2026-03-02,BAIV,24.7172,1,0.4210205792285729,-0.044305271472365015,-0.02260773874063393,-0.051077791982910625,
2026-03-02,CAM,25.35,1,0.6397646880274599,-0.025671042177682093,-0.004339250493096802,-0.0063116370808679045,
2026-03-02,CCRP,20.0816,1,0.5848380399514941,-0.06975237567165352,-0.0013146362839615566,-0.016014660186439378,
2026-03-02,DFSD,48.36,1,0.30726183872280716,-0.9967508248093535,-0.0018610421836227076,-0.006823821339950298,
2026-03-02,FIGB,43.77,1,0.3457417752537987,-0.994694746465669,-0.00274160383824551,-0.010966415352981596,
2026-03-02,GRNB,24.3416,1,0.2998779322330287,-0.9978144231785196,-0.0033522857987970944,-0.010952443553422953,
2026-03-02,IBTL,20.645,1,0.30853456071399643,-0.9977274817984462,-0.0029062727052554527,-0.007750060547348059,
2026-03-02,IMTG,50.045,1,0.4246855263450935,-0.03066447549357896,-0.002851433709661455,-0.00799280647417322,
2026-03-02,MMK,100.01,1,0.35610900662615663,-0.03430267502323939,0.000649935006499236,0.0012498750124987357,
2026-03-02,MNKD,3.035,1,0.3450319492872069,-0.9974098219833087,-0.11696869851729819,-0.08731466227347617,
2026-03-02,OI,13.43,1,0.36083999179370774,-0.9948262747518926,-0.1355174981384959,-0.21965748324646306,
2026-03-02,PAAA,51.28,1,0.4699639253225154,-0.9998405309988367,-0.0007800312012480326,-0.00019500780031200815,
2026-03-02,PQUS,25.2006,1,0.445003961458386,-0.03715185911961215,-0.005456219296366083,-0.020269358666063497,
2026-03-02,RMRC,25.1587,1,0.3989366425256821,-0.03134020882466167,-0.020438257938605653,-0.030335430686005305,
2026-03-02,SCMC,25.229,1,0.5159797082979269,-0.0844436784664332,-0.002338578619842102,-0.008680486741448279,
2026-03-02,SCYB,26.31,1,0.5010976783722438,-0.9970401909761785,-0.003040668947168368,-0.011022424933485375,
2026-03-02,TAXS,50.59,1,0.30090368382461574,-0.14500848561315766,-0.001482506424194563,-0.0017790077090334977,
2026-03-02,TPRY,19.3332,1,0.4583426484105963,-0.03791553470291895,-0.033139883723336094,-0.02846916185628867,
2026-03-03,CCXIU,10.24,1,0.32522770231629144,-0.07786746501530456,0.01171875,,
2026-03-03,DDFJ,19.0,1,0.48960866363863026,-0.17053982902832138,-0.0015789473684211242,-0.00015789473684213462,
2026-03-03,EMHY,40.38,1,0.3174952733504963,-0.9979672182274986,-0.004952947003467156,-0.01188707280832102,
2026-03-03,EVIM,53.626,1,0.31754868275901216,-0.9961475739107634,-0.003188751724909511,-0.007384477678737955,
2026-03-03,GENB,11.93,1,0.3896012034441554,-0.04633211785276431,0.023470243084660725,0.03604358759430015,
2026-03-03,HIPO,27.7,1,0.2879410616299634,-0.9999218605171706,-0.05992779783393498,-0.04909747292418776,
2026-03-03,HYBB,46.97,1,0.31941023376094213,-0.9963314936676809,-0.003606557377049069,-0.006812859271875693,
2026-03-03,HYDB,47.13,1,0.32662363888948326,-0.9966563717692929,-0.003607044345427579,-0.009017610863568892,
2026-03-03,JPIB,48.74,1,0.32904665231323055,-0.9992851333740277,-0.0057447681575708565,-0.011899876897825346,
2026-03-03,MUNX,25.19,1,0.49635200082071584,-0.03583287187936732,-0.003969829297340244,-0.005180627233029034,
2026-03-03,NYF,53.92,1,0.30573620586559713,-0.999928567100965,-0.00333827893175076,-0.005341246290801238,
2026-03-03,PHYL,35.265,1,0.33521956001367414,-0.9964701393594049,-0.002126754572522427,-0.006096696441230787,
2026-03-03,PMIO,51.41,1,0.3264771863185506,-0.9984716359739711,-0.0016533748297995476,-0.004376580431822541,
2026-03-03,RWEM,31.75,1,0.3710017866239759,-0.9982302030282703,-0.04818897637795283,-0.04189291338582679,
2026-03-03,SCVL,20.05,1,0.30946364295286033,-0.9990240464076076,-0.04538653366583545,-0.13815461346633418,
2026-03-03,SPHY,23.48,1,0.30868449957164296,-0.9974356647675156,-0.0012776831345826523,-0.004258943781942137,
2026-03-03,TEMD,25.315,1,0.3364934665844813,-0.06999308780424024,-0.010270590558957182,-0.015208374481532783,
2026-03-03,TGTX,28.88,1,0.30941287295420183,-0.9969492075616494,0.01350415512465375,0.09106648199445999,
2026-03-03,VBF,15.27,1,0.4456737351856679,-0.9990497375692,-0.008513425016371867,-0.007858546168958647,
2026-03-03,VGMS,51.59,1,0.32930136521516806,-0.9960523263288609,-0.0031013762357046115,-0.006008916456677671,
2026-03-03,XB,39.1944,1,0.3204401457395479,-0.9959914392600508,-0.0013905047659871217,-0.004577184495744291,
2026-03-03,XHYT,33.9433,1,0.32612937103211603,-0.9966156660583808,0.0043336976664025695,0.0007866058986603086,
2026-03-03,ZBAO,1.1,1,0.327631711929913,-0.9990182690749904,-0.036363636363636376,-0.29300000000000015,
2026-03-04,AHRT,6.36,1,0.4592257463214213,-0.036630871957984326,-0.10062893081761015,-0.07389937106918254,
2026-03-04,ALLY,40.41,1,0.3068247449026602,-0.9993888282319208,-0.08809700569166035,-0.06978470675575332,
2026-03-04,AXPG,11.8931,1,0.38185173500203623,-0.4629556559204857,-0.0370130579916087,-0.11372140148489462,
2026-03-04,BBCQW,0.46,1,0.4743601815131438,-0.0374255698606763,1.0652173913043477,1.108695652173913,
2026-03-04,CFIT,25.795,1,0.3483283923195581,-0.9952128823950249,-0.010467144795503147,-0.016565225818957252,
2026-03-04,CPHY,51.545,1,0.3381071441420678,-0.9947764123965108,-0.00659617809680868,-0.012125327383839313,
2026-03-04,DDTM,19.1052,1,0.4752411717183537,-0.035480890918917846,-0.008903335217637198,-0.020784917195318497,
2026-03-04,DLFE,30.2593,1,0.41302445726452447,-0.07133514051823059,-0.00860561876844479,-0.020853093098650688,
2026-03-04,FARM,1.24,1,0.3015115878927274,-0.9991365169915963,0.0,0.0,
2026-03-04,FRIZ,25.7852,1,0.3963050262137819,-0.9907746444874868,-0.018456323782634954,-0.043563749747917435,
2026-03-04,HYBL,27.885,1,0.31031502760443525,-0.9969626642549865,-0.004482696790389151,-0.005379236148467026,
2026-03-04,IBHL,25.62,1,0.3070912838518609,-0.9969139580495254,-0.009180327868852589,-0.016904761904761867,
2026-03-04,IIM,13.09,1,0.3102241187040583,-0.9968286608862902,-0.01680672268907568,-0.018334606569900713,
2026-03-04,IPEXU,10.7,1,0.3636317504602014,-0.7468235075933648,,,
2026-03-04,JHHY,25.7688,1,0.33237817531307084,-0.9949949216620351,-0.006663096457731776,-0.012848871503523651,
2026-03-04,JPO,14.25,1,0.43047223378921107,-0.03981991268829517,-0.03652631578947374,-0.040701754385964906,
2026-03-04,KMAR,29.893,1,0.3315470624371341,-0.9979573029736996,-0.01983742013180345,-0.031980731274880436,
2026-03-04,LQDI,26.59,1,0.36929206866857256,-0.9941619680698386,-0.015419330575404344,-0.012625047010154211,
2026-03-04,MYHD,25.03,1,0.448261253020976,-0.027999287696578327,-0.004194966040751091,-0.009988014382740662,
2026-03-05,AES,14.22,1,0.33857444139274434,-0.995687597301971,0.0,-0.004922644163150469,
2026-03-05,AHYB,46.4672,1,0.31362980493556974,-0.9982147330845099,-0.010252393085875555,-0.008440362234005794,
2026-03-05,ANGL,29.23,1,0.31808212466178537,-0.998112263317445,-0.014026684912760823,-0.014710913445090679,
2026-03-05,BBCQU,10.34,1,0.3253531636396261,-0.03764409676462803,-0.0009671179883945502,0.0009671179883945502,
2026-03-05,DOGZ,1.48,1,0.2878007018028134,-0.9990112527146403,0.11486486486486491,0.0,
2026-03-05,FMAO,25.15,1,0.3344460465183642,-0.9994354489895347,-0.013916500994035741,-0.005964214711729587,
2026-03-05,FRMM,3.0,1,0.45698563301261264,-0.07969939104598062,-0.00666666666666671,-0.06333333333333335,
2026-03-05,KWT,36.4652,1,0.33872251347164894,-0.9978680771881274,0.005202220198984087,-0.018242049954477313,
2026-03-05,LPTH,11.33,1,0.32581328552819006,-0.996656561298463,-0.031774051191526875,0.014121800529567574,
2026-03-05,PCRB,47.2294,1,0.34071558393746665,-0.9957390813692406,-0.009589365945787964,-0.008774195734013168,
2026-03-05,PCY,21.68,1,0.3060334688615811,-0.9978834118799961,-0.019603321033210386,-0.023062730627306238,
2026-03-05,QTPI,25.71,1,0.3312725782478923,-0.9956031476554446,-0.003111629716063824,-0.001555814858031912,
2026-03-05,SYNX,1.00005,1,0.3045098747716764,-0.9987914307388829,0.2299385030748462,0.149942502874856,
2026-03-06,ACGLN,17.23,1,0.32761282441508244,-0.994748378201269,-0.016831108531630834,-0.04120719674985496,
2026-03-06,DSACU,10.15,1,0.3113791891176154,-0.9986906912282184,-0.006896551724137945,,
2026-03-06,FIGX,10.15,1,0.6398812095198713,-0.025488612471258384,,,
2026-03-06,IFLN,18.25,1,0.4689199523870821,-0.038535080362011115,-0.012876712328767081,-0.019178082191780854,
2026-03-06,MYHC,24.8659,1,0.49434191672117933,-0.03677143448535875,-0.004025593282366624,-0.006639614894292989,
2026-03-06,OLOX,1.23,1,0.37851067624046947,-0.2683607127288247,-0.024390243902439046,-0.14634146341463405,
2026-03-06,PPLC,51.43,1,0.4157152838070407,-0.04366365670949886,0.0019443904335991746,-0.031304685980944935,
2026-03-06,SASS,24.2338,1,0.4696166490042439,-0.038663419163775345,-0.03114245392798487,-0.0514776881875727,
2026-03-06,TFFI,19.6652,1,0.3812089676654202,-0.03221660823024221,-0.004332526493501243,0.003315501495026796,
2026-03-06,VTIP,49.99,1,0.4692476942299948,-0.9987660130861271,-0.0012002400480096709,-0.0014002800560112272,
2026-03-09,ACEL,11.48,1,0.37245348368017084,-0.9956343862253486,-0.028745644599303177,-0.019163763066202155,
2026-03-09,AHMA,5.97,1,0.29484059409132185,-0.9973542934514772,-0.15242881072026804,-0.6247906197654941,
2026-03-09,BBVA,21.57,1,0.3468984314640157,-0.9974280057894085,-0.03013444598980053,-0.006026889197960128,
2026-03-09,BIXIU,10.01,1,0.6391943672219577,-0.025846701827820402,-0.0009990009990009652,,
2026-03-09,BREE,23.2946,1,0.40580580538405536,-0.04201380259937822,-0.006331939591149971,-0.023906828191941454,
2026-03-09,CMIIW,0.3999,1,0.29382857680455315,-0.9999491191951696,,,
2026-03-09,DBL,14.49,1,0.3163118399876642,-0.9964990917615582,0.013112491373360902,-0.010351966873705987,
2026-03-09,DDFF,19.2,1,0.3299912062577434,-0.13288502762561344,-0.004166666666666541,-0.010937500000000044,
2026-03-09,DDFM,19.04,1,0.43296025629871826,-0.028827695084513282,-0.003676470588235281,-0.011029411764705954,
2026-03-09,DSACW,0.6788,1,0.3146134519707522,-0.9959653861334208,,,
2026-03-09,EIKN,14.91,1,0.3958161993231847,-0.7369210110047764,-0.1985244802146211,-0.21462105969148215,
2026-03-09,FLHY,24.34,1,0.31116990412696527,-0.9971201064340443,-0.007189811010682057,-0.009449465899753484,
2026-03-09,GDOG,10.72,1,0.3491020260725362,-0.999352557453407,0.11847014925373123,0.040298507462686484,
2026-03-09,HTFC,25.0671,1,0.3085672034311326,-0.9992166430877036,-0.014644693642264173,-0.021426491297357853,
2026-03-09,HYTR,21.6804,1,0.30559787486801543,-0.9976870645346491,-0.012707330123060356,-0.015008948174387804,
2026-03-09,IDHQ,37.06,1,0.4074194358539182,-0.9987967942132218,-0.0064759848893686245,-0.03426875337290891,
2026-03-09,IPEXR,0.3,1,0.46133089775812497,-0.27093274846635806,0.6333333333333333,,
2026-03-09,JHCP,25.55,1,0.3122877275492997,-0.9963627735600616,-0.009996086105675261,-0.016731898238747656,
2026-03-09,MARS,25.0077,1,0.48813936260597635,-0.04836788959347744,0.02008581356942063,0.05167608376620003,
2026-03-09,MBNE,29.21,1,0.3104984378328913,-0.9986378932082868,0.000684697021567926,-0.00650462170489563,
2026-03-09,MFSB,25.3,1,0.4891010168787988,-0.9960668150190337,-0.00988142292490124,-0.014229249011857736,
2026-03-09,MILK,24.6925,1,0.3170030062071035,-0.9957292792449167,-0.020026323782525002,-0.021054976207350418,
2026-03-09,MOBXW,0.1866,1,0.29459359606876534,-0.17786833203210045,-0.38317256162915325,-0.212754555198285,
2026-03-09,OWNB,17.68,1,0.338833926860243,-0.9992186560061282,0.08484162895927594,-0.007918552036199178,
2026-03-09,RAYJ,35.47,1,0.37519856763118825,-0.9981966864891165,0.007893994925288972,-0.021003665069072364,
2026-03-09,RSBA,20.98,1,0.32131451595038085,-0.9972080775771757,-0.01096282173498575,-0.0131077216396569,
2026-03-09,RSSX,26.31,1,0.36263895161880866,-0.9987625319228681,-0.009882174078297168,-0.12303306727480035,
2026-03-10,BTBD,1.51,1,0.3213486482660386,-0.9988114435190165,-0.06622516556291391,-0.0596026490066226,
2026-03-10,CD,4.73,1,0.3353832063498836,-0.9948007703372773,0.01691331923890038,-0.16490486257928128,
2026-03-10,GDFN,27.7134,1,0.3761315351321889,-0.9956956855756429,0.0040774498978832785,-0.07634573888443863,
2026-03-10,IMNM,21.86,1,0.3073642308763559,-0.9998261384842969,-0.052607502287282615,-0.07548032936870996,
2026-03-10,MMED,18.33,1,0.4727079673612412,-0.04627913210541328,-0.08183306055646478,-0.11020185488270595,
2026-03-10,NXGLW,0.055,1,0.30201308455472087,-0.9975709089082057,0.04727272727272713,,
2026-03-10,RAAR,49.75,1,0.4876729870380735,-0.07080837250929992,0.004524623115577775,0.006532663316582976,
2026-03-10,RBIL,49.875,1,0.31699002615506294,-0.5711471491506515,0.00070175438596487,0.0013032581453633618,
2026-03-10,RTO,30.92,1,0.3123119026145892,-0.9989248996466412,0.047542043984476035,0.010025873221215953,
2026-03-10,TDOT,18.0357,1,0.36442574313579595,-0.0459023639018908,0.06508203174814398,-0.07844441856983653,
2026-03-10,TTDU,7.51,1,0.33425016302081767,-0.9948248547537655,-0.18774966711051932,-0.36351531291611183,
2026-03-10,VMET,10.96,1,0.473997542851245,-0.039022084212489885,0.013686131386861256,-0.07664233576642354,
2026-03-10,WDEF,33.63,1,0.3545333113379625,-0.9953535134715545,-0.014867677668748192,-0.09782931906036285,
2026-03-11,AVOS,25.0691,1,0.5027667720568603,-0.04791886033566558,-0.020271968279674923,,
2026-03-11,BTMD,1.72,1,0.311726276137922,-0.99601841413855,-0.20930232558139528,,
2026-03-11,BWG,7.97,1,0.2959034402780841,-0.9998537130898875,-0.021329987452948562,,
2026-03-11,COSW,46.9002,1,0.3393045881790787,-0.9989613241201416,-0.01895727523550006,,
2026-03-11,MPT,4.93,1,0.3679040387521215,-0.32550514055528224,-0.026369168356997985,,
2026-03-11,NBIE,24.9573,1,0.40186877188134584,-0.040804766745247925,-0.024950615651532893,,
2026-03-11,PROF,5.61,1,0.31166643191263477,-0.9998726439501568,-0.024955436720142665,,
2026-03-11,SKYQ,2.8,1,0.30411641456664273,-0.9960460843578424,0.4107142857142858,,
2026-03-11,VLGEA,40.0,1,0.3367951382886199,-0.996562127252272,0.024499999999999966,,
2026-03-12,ACYN,20.2003,1,0.4367292205372995,-0.12448478845527527,0.0074107810280046316,,
2026-03-12,ADAMO,25.29,1,0.32744404846859715,-0.2791257340726236,-0.023724792408066353,,
2026-03-12,BCGS,24.6148,1,0.4596553316128589,-0.032662637475900244,0.0026488129093065194,,
2026-03-12,BSCW,20.635,1,0.4712544797554836,-0.9972082457536734,0.0021807608432273806,,
2026-03-12,EVPF,49.79,1,0.41696619224758735,-0.0783216234687305,0.00021088572002403438,,
2026-03-12,GTOQ,22.175,1,0.5242693487949103,-0.03458399171377098,0.0015512965050732408,,
2026-03-12,KC,13.54,1,0.3291124049021801,-0.9993177961964175,0.07828655834564269,,
2026-03-12,LVIG,98.7113,1,0.43326679479930646,-0.042449161954741396,0.0019491182873694335,,
2026-03-12,MYHE,24.695,1,0.5746062575656176,-0.0315877858978017,0.0020004049402713164,,
2026-03-12,NEWTP,23.99,1,0.33600409224994354,-0.9956662611721019,0.002917882451021203,,
2026-03-12,RNAC,8.12,1,0.30241086973641385,-0.998186095880252,-0.190886699507389,,
2026-03-12,WLDU,14.45,1,0.44125065760637344,-0.044276513269389375,-0.017294117647058682,,
2026-03-13,ADAMI,24.835,1,0.3107980519932149,-0.9170522291139607,-0.02355546607610226,,
2026-03-13,EVSM,50.55,1,0.3161070139284364,-0.9963207791714149,-0.003956478733926683,,
2026-03-13,GECCI,24.96,1,0.33284918256385754,-0.9954464922300361,0.01081730769230771,,
2026-03-13,GTOH,25.365,1,0.4726697626944013,-0.07058775129961836,-0.0036191602602010375,,
2026-03-13,JRS,7.57,1,0.3195186217801964,-0.9951810823874795,-0.04095112285336866,,
2026-03-13,OIO,3.34,1,0.4445267872521787,-0.02716823491361655,-0.0479041916167664,,
2026-03-13,OVB,20.4846,1,0.3210743338262074,-0.9956131452958662,-0.0023871591341788623,,
2026-03-13,PAII,10.12,1,0.639862497803147,-0.02552052289190066,,,
2026-03-13,WLIIU,10.19,1,0.48540559393457694,-0.03684675748988394,,,
2026-03-13,ZSEP,26.75,1,0.4604286872098837,-0.9978676329056803,-0.0029906542056074015,,
2026-03-16,CCID,25.13,1,0.3236710588588039,-0.37968678264139566,-0.0053720652606445984,,
2026-03-16,CODA,13.62,1,0.3289461796817648,-0.9997685867716251,-0.11527165932452266,,
2026-03-16,CPRJ,26.9647,1,0.29992068763220453,-0.9974049010906169,-0.0016577228747213235,,
2026-03-16,ENHI,24.6649,1,0.41895199976088726,-0.04806284337835615,-0.017024192273230265,,
2026-03-16,JA,49.955,1,0.5630205192885199,-0.031244840393852377,0.0027024321889701497,,
2026-03-16,NPFE,24.6794,1,0.4669847076590712,-0.07328045886499913,-0.008557744515669041,,
2026-03-16,SECR,25.875,1,0.307201021846839,-0.9967355517269516,-0.00730434782608691,,
2026-03-16,SPCI,25.3953,1,0.3401455101002543,-0.04874316860521083,0.09928608837068276,,
2026-03-16,TEMR,24.7789,1,0.486650791691409,-0.04739715430721733,-0.015206486163631183,,
2026-03-16,VPX,24.7242,1,0.4681409706651287,-0.03916510948546858,-0.0073288518940957115,,
2026-03-16,WAMA,24.7108,1,0.5255863770319983,-0.03439290036063756,-0.017255612930378472,,
2026-03-16,WIMA,39.3317,1,0.367632192067999,-0.046883606292775326,-0.019419450468705857,,
2026-03-17,AIIA,10.0,1,0.48297925274429665,-0.036902140129420516,,,
2026-03-17,BIVIW,0.231,1,0.47344221463193215,-0.03723695465957211,,,
2026-03-17,CICC,25.035,1,0.34353591868171257,-0.22656252133550667,-0.0013980427401637519,,
2026-03-17,EQS,1.76,1,0.30332415997663853,-0.9970404772029966,0.03977272727272729,,
2026-03-17,FGIWW,0.0321,1,0.47016864533322117,-0.9971901522310712,,,
2026-03-17,HSLV,6.14,1,0.4729989038203911,-0.0775313416758043,-0.12377850162866444,,
2026-03-17,NTSK,9.47,1,0.3392071799429281,-0.9970859950938634,-0.0707497360084477,,
2026-03-17,NVGS,18.52,1,0.3567092520327413,-0.998118427985488,0.056695464362851,,
2026-03-17,OCCIO,25.05,1,0.31546321971495134,-0.9972169784637774,-0.003592814371257469,,
2026-03-17,PATX,10.82,1,0.342322524889185,-0.9977523994471884,-0.16820702402957488,,
2026-03-17,SJCP,25.09,1,0.30085642600374407,-0.717599314610501,-0.010075727381426924,,
2026-03-18,BSCV,16.495,1,0.29852571781527815,-0.9978193684880049,,,
2026-03-18,DDDD,30.5934,1,0.45109354210698877,-0.028802686103066254,,,
2026-03-18,EVSD,51.145,1,0.31392365563192254,-0.996438897939055,,,
2026-03-18,FIIG,20.83,1,0.30094802525020714,-0.9972653035523046,,,
2026-03-18,FNUC,2.29,1,0.4559405785659276,-0.03635168496729537,,,
2026-03-18,HYFT,1.16,1,0.5244340977468026,-0.9951157422259964,,,
2026-03-18,IMMP,0.4155,1,0.3241387674116338,-0.996941841844752,,,
2026-03-18,OBAWW,0.22,1,0.5973544061621361,-0.028475583295938772,,,
2026-03-18,OIMAW,0.55,1,0.45209147770973285,-0.07976059926462614,,,
2026-03-18,RWAYI,25.31,1,0.39568841834273655,-0.4391929365016748,,,
2026-03-18,SQS,25.0741,1,0.4446915526156119,-0.03895501211672131,,,
2026-03-18,TLG,24.455,1,0.4407465467603013,-0.03760309699926963,,,
2026-03-19,ATLCZ,25.16,1,0.3164372649630467,-0.9959707395712087,,,
2026-03-19,CRUX,30.0005,1,0.4676822331825723,-0.025511516102262127,,,
2026-03-19,CRWS,2.73,1,0.47613480039006184,-0.9983800499598681,,,
2026-03-19,DBCAU,10.15,1,0.5594353653870131,-0.031510633367699936,,,
2026-03-19,FTCB,21.08,1,0.4878467619145137,-0.9965618538910038,,,
2026-03-19,LEGH,19.2,1,0.3215980903332216,-0.999608363311581,,,
2026-03-19,LFCR,4.06,1,0.33270164843851663,-0.9985043264744168,,,
2026-03-19,MCGAU,10.2,1,0.2985605165813136,-0.37091333352713474,,,
2026-03-19,NSRX,2.48,1,0.35758678589724247,-0.9948917925187614,,,
2026-03-19,ONMDW,0.0718,1,0.46496818185276684,-0.03776653409757296,,,
2026-03-19,TDOT,18.4524,1,0.4281475160707272,-0.3214591888002265,,,
2026-03-19,WETO,0.692,1,0.3192417597816847,-0.9988018447854077,,,
2026-03-20,BHDG,25.8061,1,0.5985191093905359,-0.026084945878980997,,,
2026-03-20,BRAG,2.1,1,0.32376694474992895,-0.9962834430183782,,,
2026-03-20,CPLB,20.9393,1,0.3041486827546361,-0.9974953080803021,,,
2026-03-20,CPSD,25.87,1,0.449926199837023,-0.9990267159672608,,,
2026-03-20,CPSU,27.104,1,0.6398160090291705,-0.025584425273356883,,,
2026-03-20,DVVY,24.4493,1,0.5047053114059814,-0.032477477190196655,,,
2026-03-20,EVOX,9.97,1,0.5455681964471014,-0.032116150366179354,,,
2026-03-20,FLIA,20.13,1,0.2978453246808657,-0.9983527927977836,,,
2026-03-20,GMEX,0.83,1,0.5672240391890422,-0.08589429105747974,,,
2026-03-20,MYHB,24.8339,1,0.3402831559229042,-0.07476400169860327,,,
2026-03-20,NEA,11.25,1,0.30629987550190313,-0.9987498480472197,,,
2026-03-20,PMDE,24.9702,1,0.6392558215617741,-0.025935473309597404,,,
2026-03-20,PMJL,25.7899,1,0.6397598603978512,-0.02564555095906974,,,
2026-03-20,PMJN,26.1439,1,0.6397135263100313,-0.02560432515262505,,,
2026-03-20,PMOC,25.1608,1,0.5051996195599852,-0.07522430534218649,,,
2026-03-20,PMSE,25.4472,1,0.5151250797114424,-0.07461226202720828,,,
2026-03-20,QEW,24.4287,1,0.4844040762128529,-0.037261817211780936,,,
2026-03-20,REGS,9.747,1,0.4191388707189722,-0.02887681486067283,,,
2026-03-20,SCHP,26.58,1,0.29990399184534233,-0.9971648879456287,,,
2026-03-20,SCNM,24.81,1,0.32470136409868244,-0.17823394483380167,,,
2026-03-20,SPIP,25.89,1,0.3069043352862013,-0.997720691799564,,,
2026-03-20,SPSK,17.85,1,0.2995065571835332,-0.997813678022676,,,
2026-03-20,TBLL,105.75,1,0.495240953359539,-0.9996361047950878,,,
2026-03-20,TMNS,50.1038,1,0.3123308407617157,-0.2470094805260797,,,
2026-03-20,WNW,0.149,1,0.2859751022741683,-0.9994519739056706,,,
2026-03-20,YFFI,9.93,1,0.29341909601252775,-0.6583510226458479,,,
2026-03-20,YYYM,19.4898,1,0.41774116953474877,-0.07031960335449344,,,
2026-03-20,ZOOZW,0.0309,1,0.468609545465203,-0.03735967632496581,,,
2026-03-23,AEAQW,0.305,1,0.5137050312417635,-0.0759059763776484,,,
2026-03-23,AGGA,25.0896,1,0.31129199500803495,-0.34727821699155614,,,
2026-03-23,AGNCM,24.63,1,0.3180109929322996,-0.9989425663124587,,,
2026-03-23,BTCI,33.65,1,0.3038329626878441,-0.9994566197938597,,,
2026-03-23,CAFX,24.8336,1,0.3052093972206818,-0.9823886916625063,,,
2026-03-23,CPSA,26.96,1,0.29801813191928084,-0.9978246114689324,,,
2026-03-23,CPSL,27.29,1,0.2958750317704731,-0.9978753040255119,,,
2026-03-23,CPSM,28.88,1,0.514165118307972,-0.9941372151227617,,,
2026-03-23,DDV,25.1452,1,0.30579984018299355,-0.07849288611291408,,,
2026-03-23,FEBM,30.3804,1,0.30291909352769786,-0.7377573466858279,,,
2026-03-23,GSHRW,0.2201,1,0.6397953655089303,-0.06627256183482717,,,
2026-03-23,HVMCW,0.27,1,0.5110638770484653,-0.03488414592322628,,,
2026-03-23,IBMS,25.91,1,0.296058299214402,-0.9987586753372354,,,
2026-03-23,JENA,10.21,1,0.4924400381625671,-0.0694651360598749,,,
2026-03-23,MULT,25.171,1,0.3116387653324249,-0.22514181223955698,,,
2026-03-23,PHK,4.54,1,0.2984888465527436,-0.9984221155866067,,,
2026-03-23,PTBD,18.9195,1,0.3156283131456452,-0.9973766615166597,,,
2026-03-23,SSFI,21.3632,1,0.3195500873670129,-0.9970624741191738,,,
2026-03-23,SVAQW,0.3175,1,0.5251414726460725,-0.034168876706331425,,,
2026-03-23,UAC,9.8,1,0.5094135839873343,-0.03505758102817166,,,
2026-03-23,USIO,1.17,1,0.29587591191323565,-0.9977965176943635,,,
2026-03-24,AAAC,20.025,1,0.6291370407324387,-0.026303967105034944,,,
2026-03-24,ADACW,0.33,1,0.6395710224385194,-0.025985805614691992,,,
2026-03-24,AIIOW,0.0291,1,0.5604298697839809,-0.031171632613946523,,,
2026-03-24,AUGM,33.9481,1,0.3048820985458236,-0.9991082320909643,,,
2026-03-24,BACC,10.19,1,0.6396378917976584,-0.02556037426032494,,,
2026-03-24,BDCIU,10.1,1,0.5768056024183119,-0.26218393714507043,,,
2026-03-24,BGMS,1.01,1,0.3121400097106226,-0.9963284250448384,,,
2026-03-24,BRIB,24.9195,1,0.5913223209858581,-0.06136288824093979,,,
2026-03-24,CAQUU,9.9201,1,0.5347214513238456,-0.03331797107596077,,,
2026-03-24,CEPF,10.23,1,0.5006101116476867,-0.18043350182305623,,,
2026-03-24,CGCT,10.26,1,0.5728006890006788,-0.030113749395779564,,,
2026-03-24,CIK,2.53,1,0.4475872549767235,-0.8391491448176234,,,
2026-03-24,CNDT,1.25,1,0.31942607417785923,-0.9956969249567538,,,
2026-03-24,CPNJ,27.114,1,0.29311040378271547,-0.9991486206017567,,,
2026-03-24,CPNM,26.0889,1,0.5273016041676963,-0.48513157581027183,,,
2026-03-24,CPSF,25.57,1,0.5377725817651404,-0.4740639571486816,,,
2026-03-24,DEFT,0.5858,1,0.3156190787119954,-0.9982600032110265,,,
2026-03-24,DHY,1.87,1,0.639879379668728,-0.025516974827058607,,,
2026-03-24,DTSQR,0.1301,1,0.46183573077577367,-0.03799091600096758,,,
2026-03-24,DYORU,10.16,1,0.5510685266977594,-0.03250628826027987,,,
2026-03-24,ETHMW,0.85,1,0.523771577626442,-0.9971490429331458,,,
2026-03-24,FAAA,50.025,1,0.639412197656144,-0.025929847928177922,,,
2026-03-24,FCRS,10.05,1,0.47764834301416514,-0.036947421350336705,,,
2026-03-24,FTHB,24.92,1,0.6003768405937109,-0.06038616447390891,,,
2026-03-24,GAING,25.31,1,0.5345003841935967,-0.16574786808809006,,,
2026-03-24,HAVAU,10.12,1,0.5320421293508709,-0.07420233586480143,,,
2026-03-24,HYI,10.69,1,0.29573447504669725,-0.9993910570676489,,,
2026-03-24,ICPI,50.68,1,0.3045104846756899,-0.1264141849756573,,,
2026-03-24,ICUCW,0.0268,1,0.6398569772328316,-0.025393671982672505,,,
2026-03-24,IPCXR,0.36,1,0.6399231470739011,-0.025578617386104608,,,
2026-03-24,JPO,13.84,1,0.39608490791309703,-0.29834227860579615,,,
2026-03-24,MESHU,9.96,1,0.46046179280922,-0.03846707157497275,,,
2026-03-24,MIN,2.45,1,0.6399327605242187,-0.025484701159654795,,,
2026-03-24,MMSD,25.2696,1,0.3015963733407337,-0.23079634381115732,,,
2026-03-24,MSTI,20.365,1,0.30095814882073996,-0.9978108593708179,,,
2026-03-24,NAMI,1.0,1,0.3050061264902795,-0.9978082770536206,,,
2026-03-24,NXDR,1.4,1,0.5269133214894588,-0.7451049479460774,,,
2026-03-24,NXTS,0.6601,1,0.6390626782218208,-0.07660166309074304,,,
2026-03-24,OPTU,1.25,1,0.308871350816168,-0.37336945396111343,,,
2026-03-24,OTH,2.38,1,0.37612146477125097,-0.9937895979139226,,,
2026-03-24,QCAP,23.9496,1,0.47704707595318063,-0.9968802195097528,,,
2026-03-24,RECT,1.23,1,0.46382592228318775,-0.9979411283075206,,,
2026-03-24,RFAIR,0.11,1,0.456353830526643,-0.03817021698795004,,,
2026-03-24,RFCI,22.27,1,0.2952706856931733,-0.9992193939852981,,,
2026-03-24,RMCOW,0.227,1,0.4920418483224187,-0.03578294442453183,,,
2026-03-24,RMME,100.275,1,0.5126386443581225,-0.2032977897068135,,,
2026-03-24,ROCY,49.7735,1,0.4928584425856497,-0.0894166730351213,,,
2026-03-24,SACH,0.9381,1,0.5921837501882816,-0.9887729767212895,,,
2026-03-24,SBCWW,0.299651,1,0.49171607134591677,-0.03588754009921501,,,
2026-03-24,SMAX,26.84,1,0.3137438902341256,-0.9979498153405733,,,
2026-03-24,SVCC,10.49,1,0.6392323709097137,-0.025766843080122972,,,
2026-03-24,WGSWW,0.0065,1,0.4743335576582431,-0.07127079037083298,,,
2026-03-24,XCBEW,0.2402,1,0.6388043192944454,-0.026321745369524585,,,
2026-03-24,ZMAY,25.575,1,0.6397393306168508,-0.025669845936946,,,
