symbol,side,entry_time,exit_time,entry_price,exit_price,forward_return,holding_bars,entry_regime,exit_regime,entry_S_UF,exit_S_UF,entry_D,exit_D
A,LONG,2025-04-10T04:00:00+00:00,2025-12-12T05:00:00+00:00,99.950000,139.680000,0.39749875,170,TRANSITIONAL,TRANSITIONAL,0.750000,0.750000,1.000000,1.000000
AAPL,LONG,2025-04-09T04:00:00+00:00,2025-04-10T04:00:00+00:00,198.850000,190.420000,-0.04239376,1,TRANSITIONAL,TRANSITIONAL,0.750000,0.500000,1.000000,-1.000000
AAPL,SHORT,2025-04-11T04:00:00+00:00,2025-12-12T05:00:00+00:00,198.150000,278.280000,0.40439061,169,TRANSITIONAL,TRANSITIONAL,0.500000,0.500000,-1.000000,-1.000000
ABBV,LONG,2024-11-12T05:00:00+00:00,2025-12-12T05:00:00+00:00,171.090000,223.320000,0.30527792,271,TRANSITIONAL,TRANSITIONAL,0.750000,0.750000,1.000000,1.000000
ABNB,LONG,2021-01-21T05:00:00+00:00,2021-01-22T05:00:00+00:00,180.400000,181.870000,0.00814856,1,TRANSITIONAL,TRANSITIONAL,0.750000,0.500000,1.000000,-1.000000
ABNB,SHORT,2021-01-25T05:00:00+00:00,2021-02-25T05:00:00+00:00,177.530000,182.060000,0.02551681,22,TRANSITIONAL,TRANSITIONAL,0.500000,0.375000,-1.000000,1.000000
ABNB,SHORT,2021-02-26T05:00:00+00:00,2021-04-08T04:00:00+00:00,206.350000,180.180000,-0.12682336,28,TRANSITIONAL,TRANSITIONAL,0.500000,0.250000,-1.000000,1.000000
ABNB,SHORT,2022-03-28T04:00:00+00:00,2022-03-30T04:00:00+00:00,167.650000,173.630000,0.03566955,2,TRANSITIONAL,TRANSITIONAL,0.333333,0.166667,-1.000000,-1.000000
ABNB,SHORT,2022-12-21T05:00:00+00:00,2022-12-27T05:00:00+00:00,87.070000,83.490000,-0.04111634,3,TRANSITIONAL,TRANSITIONAL,0.321429,0.214286,-1.000000,-1.000000
ABNB,LONG,2023-02-16T05:00:00+00:00,2023-02-17T05:00:00+00:00,139.420000,131.600000,-0.05608951,1,TRANSITIONAL,TRANSITIONAL,0.300000,0.200000,1.000000,1.000000
ABNB,LONG,2024-07-01T04:00:00+00:00,2024-07-09T04:00:00+00:00,151.630000,152.450000,0.00540790,5,TRANSITIONAL,TRANSITIONAL,0.312500,0.281250,1.000000,1.000000
ABNB,LONG,2024-08-05T04:00:00+00:00,2024-08-07T04:00:00+00:00,125.310000,113.010000,-0.09815657,2,TRANSITIONAL,TRANSITIONAL,0.343750,0.205882,1.000000,-1.000000
ABNB,LONG,2025-10-13T04:00:00+00:00,2025-10-23T04:00:00+00:00,118.860000,127.350000,0.07142857,8,TRANSITIONAL,TRANSITIONAL,0.309524,0.285714,1.000000,1.000000
ABT,LONG,2021-06-02T04:00:00+00:00,2025-07-18T04:00:00+00:00,106.900000,123.670000,0.15687558,1036,TRANSITIONAL,TRANSITIONAL,0.750000,0.500000,1.000000,-1.000000
ABT,SHORT,2025-07-21T04:00:00+00:00,2025-12-12T05:00:00+00:00,124.420000,125.460000,0.00835878,102,TRANSITIONAL,TRANSITIONAL,0.500000,0.500000,-1.000000,-1.000000
ADBE,LONG,2021-12-17T05:00:00+00:00,2022-07-01T04:00:00+00:00,556.640000,368.480000,-0.33802817,134,TRANSITIONAL,TRANSITIONAL,0.750000,0.500000,1.000000,-1.000000
ADBE,SHORT,2022-07-05T04:00:00+00:00,2022-09-15T04:00:00+00:00,376.490000,309.130000,-0.17891577,51,TRANSITIONAL,TRANSITIONAL,0.500000,0.500000,-1.000000,1.000000
ADBE,SHORT,2022-09-16T04:00:00+00:00,2024-06-17T04:00:00+00:00,299.500000,518.740000,0.73202003,439,TRANSITIONAL,TRANSITIONAL,0.400000,0.357143,-1.000000,1.000000
ADBE,LONG,2024-06-18T04:00:00+00:00,2024-08-02T04:00:00+00:00,522.250000,526.170000,0.00750598,31,TRANSITIONAL,TRANSITIONAL,0.357143,0.285714,1.000000,1.000000
ADBE,SHORT,2024-09-20T04:00:00+00:00,2024-12-13T05:00:00+00:00,522.300000,465.690000,-0.10838599,59,TRANSITIONAL,TRANSITIONAL,0.357143,0.375000,-1.000000,1.000000
ADBE,LONG,2024-12-16T05:00:00+00:00,2025-06-09T04:00:00+00:00,461.530000,416.260000,-0.09808680,118,TRANSITIONAL,TRANSITIONAL,0.375000,0.444444,1.000000,0.000000
ADBE,SHORT,2025-06-10T04:00:00+00:00,2025-08-18T04:00:00+00:00,416.060000,357.240000,-0.14137384,47,TRANSITIONAL,TRANSITIONAL,0.333333,0.277778,-1.000000,-1.000000
ADI,LONG,2024-05-23T04:00:00+00:00,2025-04-09T04:00:00+00:00,234.560000,196.630000,-0.16170703,219,TRANSITIONAL,TRANSITIONAL,0.750000,0.375000,1.000000,-1.000000
ADI,SHORT,2025-04-10T04:00:00+00:00,2025-12-12T05:00:00+00:00,178.360000,279.320000,0.56604620,170,TRANSITIONAL,TRANSITIONAL,0.400000,0.400000,-1.000000,-1.000000
ADM,SHORT,2024-01-22T05:00:00+00:00,2025-12-12T05:00:00+00:00,51.690000,60.010000,0.16095957,476,TRANSITIONAL,TRANSITIONAL,0.833333,0.833333,-1.000000,-1.000000
ADSK,LONG,2021-08-27T04:00:00+00:00,2022-02-15T05:00:00+00:00,315.640000,233.380000,-0.26061336,118,TRANSITIONAL,TRANSITIONAL,0.750000,0.666667,1.000000,-1.000000
ADSK,SHORT,2022-02-16T05:00:00+00:00,2022-05-31T04:00:00+00:00,233.740000,207.750000,-0.11119192,71,TRANSITIONAL,TRANSITIONAL,0.666667,0.500000,-1.000000,1.000000
ADSK,LONG,2022-06-01T04:00:00+00:00,2022-11-10T05:00:00+00:00,207.380000,222.960000,0.07512778,113,TRANSITIONAL,TRANSITIONAL,0.500000,0.500000,1.000000,-1.000000
ADSK,LONG,2022-11-11T05:00:00+00:00,2023-06-05T04:00:00+00:00,228.800000,208.430000,-0.08902972,139,TRANSITIONAL,TRANSITIONAL,0.500000,0.416667,1.000000,-1.000000
ADSK,SHORT,2023-06-06T04:00:00+00:00,2023-10-27T04:00:00+00:00,208.010000,195.150000,-0.06182395,100,TRANSITIONAL,TRANSITIONAL,0.416667,0.416667,-1.000000,1.000000
ADSK,LONG,2023-10-30T04:00:00+00:00,2025-04-10T04:00:00+00:00,197.790000,256.920000,0.29895344,362,TRANSITIONAL,TRANSITIONAL,0.416667,0.357143,1.000000,-1.000000
ADSK,SHORT,2025-04-11T04:00:00+00:00,2025-12-12T05:00:00+00:00,258.450000,297.640000,0.15163475,169,TRANSITIONAL,TRANSITIONAL,0.357143,0.357143,-1.000000,-1.000000
AES,LONG,2021-01-28T05:00:00+00:00,2024-07-16T04:00:00+00:00,24.550000,17.650000,-0.28105906,870,TRANSITIONAL,TRANSITIONAL,0.750000,0.500000,1.000000,-1.000000
AES,SHORT,2024-07-17T04:00:00+00:00,2024-11-04T05:00:00+00:00,16.890000,15.230000,-0.09828301,77,TRANSITIONAL,TRANSITIONAL,0.500000,0.375000,-1.000000,1.000000
AES,LONG,2024-11-05T05:00:00+00:00,2025-02-14T05:00:00+00:00,15.510000,9.930000,-0.35976789,68,TRANSITIONAL,TRANSITIONAL,0.375000,0.625000,1.000000,0.000000
AES,SHORT,2025-02-20T05:00:00+00:00,2025-02-28T05:00:00+00:00,10.670000,11.590000,0.08622306,6,TRANSITIONAL,TRANSITIONAL,0.500000,0.400000,-1.000000,1.000000
AES,SHORT,2025-03-03T05:00:00+00:00,2025-04-10T04:00:00+00:00,11.190000,10.300000,-0.07953530,28,TRANSITIONAL,TRANSITIONAL,0.333333,0.285714,-1.000000,1.000000
AES,SHORT,2025-06-09T04:00:00+00:00,2025-07-09T04:00:00+00:00,10.880000,13.260000,0.21875000,20,TRANSITIONAL,TRANSITIONAL,0.357143,0.312500,-1.000000,1.000000
AFL,LONG,2024-02-02T05:00:00+00:00,2025-12-12T05:00:00+00:00,76.820000,110.050000,0.43256964,467,TRANSITIONAL,TRANSITIONAL,0.750000,0.750000,1.000000,1.000000
AIZ,LONG,2022-08-04T04:00:00+00:00,2025-02-03T05:00:00+00:00,156.240000,212.440000,0.35970302,626,TRANSITIONAL,TRANSITIONAL,0.750000,0.500000,1.000000,-1.000000
AIZ,SHORT,2025-02-04T05:00:00+00:00,2025-08-07T04:00:00+00:00,212.200000,201.810000,-0.04896324,127,TRANSITIONAL,TRANSITIONAL,0.500000,0.625000,-1.000000,1.000000
AIZ,LONG,2025-08-08T04:00:00+00:00,2025-12-12T05:00:00+00:00,203.270000,229.300000,0.12805628,88,TRANSITIONAL,TRANSITIONAL,0.625000,0.625000,1.000000,1.000000
AKAM,LONG,2023-02-16T05:00:00+00:00,2024-11-08T05:00:00+00:00,77.070000,89.370000,0.15959517,435,TRANSITIONAL,TRANSITIONAL,0.750000,0.500000,1.000000,-1.000000
AKAM,LONG,2024-11-11T05:00:00+00:00,2025-01-03T05:00:00+00:00,91.070000,93.560000,0.02734161,36,TRANSITIONAL,TRANSITIONAL,0.600000,0.700000,1.000000,0.000000
AKAM,SHORT,2025-01-06T05:00:00+00:00,2025-02-21T05:00:00+00:00,93.390000,76.730000,-0.17839169,31,TRANSITIONAL,TRANSITIONAL,0.500000,0.285714,-1.000000,-1.000000
ALB,LONG,2021-02-19T05:00:00+00:00,2021-06-23T04:00:00+00:00,156.170000,163.670000,0.04802459,86,TRANSITIONAL,TRANSITIONAL,0.750000,0.500000,1.000000,-1.000000
ALB,SHORT,2021-06-24T04:00:00+00:00,2021-07-22T04:00:00+00:00,165.970000,192.760000,0.16141471,19,TRANSITIONAL,TRANSITIONAL,0.500000,0.666667,-1.000000,1.000000
ALB,LONG,2021-07-23T04:00:00+00:00,2022-02-17T05:00:00+00:00,190.350000,197.020000,0.03504071,145,TRANSITIONAL,TRANSITIONAL,0.666667,0.500000,1.000000,-1.000000
ALB,SHORT,2022-02-18T05:00:00+00:00,2022-06-02T04:00:00+00:00,190.760000,251.290000,0.31730971,71,TRANSITIONAL,STABLE,0.500000,0.416667,-1.000000,1.000000
ALB,LONG,2022-06-03T04:00:00+00:00,2023-04-24T04:00:00+00:00,250.760000,183.960000,-0.26639017,222,STABLE,STABLE,0.416667,0.357143,1.000000,-1.000000
ALB,SHORT,2023-04-25T04:00:00+00:00,2024-06-27T04:00:00+00:00,176.660000,96.270000,-0.45505491,295,STABLE,STABLE,0.357143,0.350000,-1.000000,1.000000
ALB,LONG,2024-06-28T04:00:00+00:00,2024-07-17T04:00:00+00:00,95.520000,95.080000,-0.00460637,12,STABLE,STABLE,0.350000,0.318182,1.000000,-1.000000
ALB,SHORT,2024-07-18T04:00:00+00:00,2024-08-15T04:00:00+00:00,93.810000,79.140000,-0.15637992,20,STABLE,STABLE,0.318182,0.291667,-1.000000,1.000000
ALB,LONG,2024-09-12T04:00:00+00:00,2024-09-24T04:00:00+00:00,88.500000,90.460000,0.02214689,8,TRANSITIONAL,TRANSITIONAL,0.307692,0.346154,1.000000,0.000000
ALB,SHORT,2025-07-21T04:00:00+00:00,2025-07-23T04:00:00+00:00,77.150000,78.790000,0.02125729,2,STABLE,STABLE,0.342105,0.275000,-1.000000,1.000000
ALB,LONG,2025-10-27T04:00:00+00:00,2025-10-31T04:00:00+00:00,96.230000,98.230000,0.02078354,4,STABLE,STABLE,0.304348,0.282609,1.000000,-1.000000
ALB,SHORT,2025-11-14T05:00:00+00:00,2025-11-25T05:00:00+00:00,115.140000,125.260000,0.08789300,7,STABLE,STABLE,0.333333,0.291667,-1.000000,-1.000000
ALGN,LONG,2021-02-05T05:00:00+00:00,2022-04-29T04:00:00+00:00,620.450000,289.910000,-0.53274236,310,TRANSITIONAL,TRANSITIONAL,0.750000,0.500000,1.000000,-1.000000
ALGN,SHORT,2022-05-02T04:00:00+00:00,2022-11-14T05:00:00+00:00,308.880000,210.330000,-0.31905594,136,TRANSITIONAL,TRANSITIONAL,0.500000,0.250000,-1.000000,1.000000
ALGN,SHORT,2022-12-20T05:00:00+00:00,2023-02-02T05:00:00+00:00,200.750000,359.880000,0.79267746,29,TRANSITIONAL,TRANSITIONAL,0.333333,0.250000,-1.000000,-1.000000
ALL,LONG,2022-10-21T04:00:00+00:00,2025-12-12T05:00:00+00:00,120.080000,207.180000,0.72534977,788,TRANSITIONAL,TRANSITIONAL,0.750000,0.750000,1.000000,1.000000
ALLE,LONG,2025-04-25T04:00:00+00:00,2025-12-12T05:00:00+00:00,136.490000,160.830000,0.17832808,160,TRANSITIONAL,TRANSITIONAL,0.750000,0.750000,1.000000,1.000000
AMAT,LONG,2021-03-09T05:00:00+00:00,2022-01-18T05:00:00+00:00,114.220000,152.360000,0.33391700,218,TRANSITIONAL,TRANSITIONAL,0.750000,0.500000,1.000000,-1.000000
AMAT,SHORT,2022-01-19T05:00:00+00:00,2022-08-10T04:00:00+00:00,143.070000,105.050000,-0.26574404,140,TRANSITIONAL,TRANSITIONAL,0.500000,0.375000,-1.000000,1.000000
AMAT,LONG,2022-08-11T04:00:00+00:00,2023-02-07T05:00:00+00:00,105.530000,120.520000,0.14204492,123,TRANSITIONAL,TRANSITIONAL,0.375000,0.500000,1.000000,-1.000000
AMAT,SHORT,2023-02-08T05:00:00+00:00,2023-03-07T05:00:00+00:00,115.950000,116.370000,0.00362225,18,TRANSITIONAL,TRANSITIONAL,0.500000,0.375000,-1.000000,1.000000
AMAT,LONG,2023-03-08T05:00:00+00:00,2024-07-18T04:00:00+00:00,118.650000,217.650000,0.83438685,342,TRANSITIONAL,TRANSITIONAL,0.375000,0.300000,1.000000,-1.000000
AMAT,SHORT,2024-07-19T04:00:00+00:00,2024-08-01T04:00:00+00:00,210.260000,196.300000,-0.06639399,9,TRANSITIONAL,TRANSITIONAL,0.300000,0.250000,-1.000000,1.000000
AMAT,SHORT,2024-09-09T04:00:00+00:00,2024-11-18T05:00:00+00:00,177.550000,170.730000,-0.03841172,50,TRANSITIONAL,TRANSITIONAL,0.333333,0.285714,-1.000000,1.000000
AMAT,SHORT,2025-03-21T04:00:00+00:00,2025-04-09T04:00:00+00:00,152.120000,149.730000,-0.01571128,13,TRANSITIONAL,TRANSITIONAL,0.357143,0.312500,-1.000000,1.000000
AMAT,SHORT,2025-04-11T04:00:00+00:00,2025-08-18T04:00:00+00:00,144.940000,163.530000,0.12825997,87,TRANSITIONAL,TRANSITIONAL,0.300000,0.272727,-1.000000,1.000000
AMAT,SHORT,2025-10-23T04:00:00+00:00,2025-12-12T05:00:00+00:00,228.470000,259.210000,0.13454721,35,TRANSITIONAL,TRANSITIONAL,0.318182,0.318182,-1.000000,-1.000000
AMCR,LONG,2022-05-05T04:00:00+00:00,2025-08-15T04:00:00+00:00,12.640000,8.730000,-0.30933544,822,TRANSITIONAL,TRANSITIONAL,0.750000,0.500000,1.000000,-1.000000
AMCR,SHORT,2025-08-18T04:00:00+00:00,2025-12-12T05:00:00+00:00,8.480000,8.230000,-0.02948113,82,TRANSITIONAL,TRANSITIONAL,0.500000,0.500000,-1.000000,-1.000000
AMD,LONG,2021-11-09T05:00:00+00:00,2022-01-31T05:00:00+00:00,148.920000,114.250000,-0.23280956,56,TRANSITIONAL,TRANSITIONAL,0.750000,0.500000,1.000000,-1.000000
AMD,SHORT,2022-02-01T05:00:00+00:00,2022-02-14T05:00:00+00:00,116.780000,114.270000,-0.02149341,9,TRANSITIONAL,TRANSITIONAL,0.500000,0.375000,-1.000000,1.000000
AMD,LONG,2022-02-15T05:00:00+00:00,2022-03-24T04:00:00+00:00,121.470000,120.530000,-0.00773854,26,TRANSITIONAL,TRANSITIONAL,0.375000,0.500000,1.000000,0.000000
AMD,SHORT,2022-03-25T04:00:00+00:00,2022-05-05T04:00:00+00:00,119.670000,93.870000,-0.21559288,28,TRANSITIONAL,TRANSITIONAL,0.300000,0.250000,-1.000000,1.000000
AMD,SHORT,2022-10-07T04:00:00+00:00,2022-10-10T04:00:00+00:00,58.440000,57.810000,-0.01078029,1,TRANSITIONAL,TRANSITIONAL,0.333333,0.300000,-1.000000,1.000000
AMD,LONG,2022-10-11T04:00:00+00:00,2022-10-13T04:00:00+00:00,57.630000,58.940000,0.02273122,2,TRANSITIONAL,TRANSITIONAL,0.300000,0.350000,1.000000,-1.000000
AMD,SHORT,2022-10-14T04:00:00+00:00,2022-11-10T05:00:00+00:00,55.940000,68.470000,0.22398999,19,TRANSITIONAL,TRANSITIONAL,0.350000,0.318182,-1.000000,1.000000
AMD,SHORT,2022-12-09T05:00:00+00:00,2022-12-14T05:00:00+00:00,68.590000,68.930000,0.00495699,3,TRANSITIONAL,TRANSITIONAL,0.333333,0.291667,-1.000000,-1.000000
AMD,SHORT,2023-06-14T04:00:00+00:00,2023-06-16T04:00:00+00:00,127.330000,120.080000,-0.05693866,2,TRANSITIONAL,TRANSITIONAL,0.300000,0.266667,-1.000000,-1.000000
AMGN,LONG,2024-05-06T04:00:00+00:00,2025-12-12T05:00:00+00:00,299.480000,317.740000,0.06097235,403,TRANSITIONAL,TRANSITIONAL,0.750000,0.750000,1.000000,1.000000
AMP,LONG,2024-11-07T05:00:00+00:00,2025-08-22T04:00:00+00:00,547.610000,516.920000,-0.05604353,196,TRANSITIONAL,TRANSITIONAL,0.750000,0.833333,1.000000,0.000000
AMP,SHORT,2025-08-26T04:00:00+00:00,2025-12-12T05:00:00+00:00,516.890000,493.630000,-0.04499990,76,TRANSITIONAL,TRANSITIONAL,0.500000,0.500000,-1.000000,-1.000000
AMZN,LONG,2022-02-04T05:00:00+00:00,2022-02-07T05:00:00+00:00,157.639500,157.935500,0.00187770,1,TRANSITIONAL,TRANSITIONAL,0.750000,0.500000,1.000000,-1.000000
AMZN,SHORT,2022-02-08T05:00:00+00:00,2022-04-29T04:00:00+00:00,161.413500,124.281500,-0.23004272,56,TRANSITIONAL,TRANSITIONAL,0.500000,0.375000,-1.000000,1.000000
AMZN,SHORT,2022-05-02T04:00:00+00:00,2022-11-10T05:00:00+00:00,124.500000,96.630000,-0.22385542,134,TRANSITIONAL,TRANSITIONAL,0.300000,0.250000,-1.000000,1.000000
ANET,LONG,2021-11-03T04:00:00+00:00,2023-10-19T04:00:00+00:00,32.112500,47.870000,0.49069677,492,TRANSITIONAL,TRANSITIONAL,0.750000,0.500000,1.000000,-1.000000
ANET,SHORT,2023-10-20T04:00:00+00:00,2023-10-27T04:00:00+00:00,46.527500,44.047500,-0.05330181,5,TRANSITIONAL,STABLE,0.500000,0.400000,-1.000000,1.000000
ANET,LONG,2023-10-30T04:00:00+00:00,2023-11-01T04:00:00+00:00,43.930000,52.710000,0.19986342,2,STABLE,TRANSITIONAL,0.400000,0.333333,1.000000,-1.000000
ANET,SHORT,2023-11-02T04:00:00+00:00,2024-08-01T04:00:00+00:00,52.920000,84.660000,0.59977324,186,TRANSITIONAL,TRANSITIONAL,0.333333,0.285714,-1.000000,1.000000
ANET,SHORT,2025-01-13T05:00:00+00:00,2025-01-27T05:00:00+00:00,112.640000,100.300000,-0.10955256,9,TRANSITIONAL,TRANSITIONAL,0.357143,0.277778,-1.000000,-1.000000
AOS,LONG,2023-02-01T05:00:00+00:00,2025-12-12T05:00:00+00:00,69.960000,68.720000,-0.01772441,719,TRANSITIONAL,TRANSITIONAL,0.750000,0.750000,1.000000,1.000000
APA,LONG,2021-01-13T05:00:00+00:00,2021-03-04T05:00:00+00:00,17.800000,20.980000,0.17865169,34,TRANSITIONAL,TRANSITIONAL,0.750000,0.500000,1.000000,-1.000000
APA,LONG,2021-03-05T05:00:00+00:00,2021-03-30T04:00:00+00:00,23.250000,17.830000,-0.23311828,17,TRANSITIONAL,TRANSITIONAL,0.666667,0.500000,1.000000,-1.000000
APA,LONG,2021-03-31T04:00:00+00:00,2022-05-05T04:00:00+00:00,17.900000,41.300000,1.30726257,277,TRANSITIONAL,TRANSITIONAL,0.625000,0.500000,1.000000,-1.000000
APA,SHORT,2022-05-06T04:00:00+00:00,2022-08-05T04:00:00+00:00,44.110000,31.750000,-0.28020857,62,TRANSITIONAL,TRANSITIONAL,0.500000,0.333333,-1.000000,1.000000
APA,LONG,2022-08-08T04:00:00+00:00,2022-11-08T05:00:00+00:00,32.210000,49.040000,0.52250854,65,TRANSITIONAL,TRANSITIONAL,0.333333,0.400000,1.000000,0.000000
APA,SHORT,2022-11-09T05:00:00+00:00,2023-01-04T05:00:00+00:00,45.550000,42.150000,-0.07464325,37,TRANSITIONAL,TRANSITIONAL,0.300000,0.400000,-1.000000,0.000000
APA,LONG,2023-01-05T05:00:00+00:00,2024-11-07T05:00:00+00:00,41.760000,21.930000,-0.47485632,463,TRANSITIONAL,TRANSITIONAL,0.350000,0.318182,1.000000,-1.000000
APA,SHORT,2024-11-08T05:00:00+00:00,2025-04-04T04:00:00+00:00,21.770000,15.180000,-0.30271015,99,TRANSITIONAL,TRANSITIONAL,0.333333,0.307692,-1.000000,1.000000
APA,LONG,2025-04-09T04:00:00+00:00,2025-04-10T04:00:00+00:00,16.710000,14.600000,-0.12627169,1,TRANSITIONAL,TRANSITIONAL,0.333333,0.312500,1.000000,-1.000000
APA,SHORT,2025-04-11T04:00:00+00:00,2025-12-12T05:00:00+00:00,15.040000,25.930000,0.72406915,169,TRANSITIONAL,TRANSITIONAL,0.323529,0.323529,-1.000000,-1.000000
APD,LONG,2023-11-08T05:00:00+00:00,2024-04-03T04:00:00+00:00,259.930000,239.600000,-0.07821337,99,TRANSITIONAL,TRANSITIONAL,0.750000,0.833333,1.000000,0.000000
APD,SHORT,2024-04-04T04:00:00+00:00,2025-12-12T05:00:00+00:00,237.110000,243.000000,0.02484079,425,TRANSITIONAL,TRANSITIONAL,0.666667,0.666667,-1.000000,-1.000000
APH,LONG,2024-07-18T04:00:00+00:00,2025-08-04T04:00:00+00:00,65.830000,108.630000,0.65015950,261,TRANSITIONAL,TRANSITIONAL,0.750000,0.750000,1.000000,0.000000
APH,SHORT,2025-08-06T04:00:00+00:00,2025-12-12T05:00:00+00:00,109.500000,129.240000,0.18027397,90,TRANSITIONAL,TRANSITIONAL,0.500000,0.500000,-1.000000,-1.000000
APO,LONG,2022-03-08T05:00:00+00:00,2024-11-15T05:00:00+00:00,60.020000,163.630000,1.72625791,678,TRANSITIONAL,TRANSITIONAL,0.750000,0.500000,1.000000,-1.000000
APO,SHORT,2024-11-18T05:00:00+00:00,2025-04-07T04:00:00+00:00,164.310000,112.360000,-0.31617065,94,TRANSITIONAL,TRANSITIONAL,0.500000,0.375000,-1.000000,1.000000
APO,LONG,2025-04-08T04:00:00+00:00,2025-04-10T04:00:00+00:00,110.410000,123.930000,0.12245268,2,TRANSITIONAL,TRANSITIONAL,0.375000,0.300000,1.000000,-1.000000
APO,SHORT,2025-04-11T04:00:00+00:00,2025-12-12T05:00:00+00:00,125.920000,148.050000,0.17574651,169,TRANSITIONAL,TRANSITIONAL,0.300000,0.300000,-1.000000,-1.000000
APP,LONG,2021-05-14T04:00:00+00:00,2021-06-15T04:00:00+00:00,57.260000,81.650000,0.42595180,21,TRANSITIONAL,TRANSITIONAL,0.750000,0.666667,1.000000,-1.000000
APP,SHORT,2021-06-16T04:00:00+00:00,2021-07-08T04:00:00+00:00,85.810000,65.880000,-0.23225731,15,TRANSITIONAL,TRANSITIONAL,0.666667,0.666667,-1.000000,1.000000
APP,LONG,2021-07-09T04:00:00+00:00,2021-08-18T04:00:00+00:00,66.180000,63.770000,-0.03641584,28,TRANSITIONAL,TRANSITIONAL,0.666667,0.500000,1.000000,-1.000000
APP,SHORT,2021-08-19T04:00:00+00:00,2021-09-09T04:00:00+00:00,67.100000,71.090000,0.05946349,14,TRANSITIONAL,TRANSITIONAL,0.500000,0.400000,-1.000000,1.000000
APP,LONG,2021-09-10T04:00:00+00:00,2021-09-13T04:00:00+00:00,77.380000,74.960000,-0.03127423,1,TRANSITIONAL,TRANSITIONAL,0.400000,0.333333,1.000000,-1.000000
APP,SHORT,2021-09-14T04:00:00+00:00,2021-11-16T05:00:00+00:00,75.630000,109.030000,0.44162369,45,TRANSITIONAL,STABLE,0.333333,0.333333,-1.000000,1.000000
APP,LONG,2021-11-17T05:00:00+00:00,2021-11-18T05:00:00+00:00,105.420000,99.640000,-0.05482831,1,STABLE,STABLE,0.333333,0.388889,1.000000,-1.000000
APP,SHORT,2021-11-19T05:00:00+00:00,2022-01-11T05:00:00+00:00,99.770000,84.000000,-0.15806355,35,STABLE,STABLE,0.388889,0.222222,-1.000000,1.000000
APP,SHORT,2022-02-04T05:00:00+00:00,2022-02-16T05:00:00+00:00,68.900000,68.710000,-0.00275762,8,TRANSITIONAL,TRANSITIONAL,0.300000,0.291667,-1.000000,1.000000
APP,LONG,2022-02-18T05:00:00+00:00,2022-02-22T05:00:00+00:00,63.770000,57.330000,-0.10098793,1,TRANSITIONAL,TRANSITIONAL,0.375000,0.291667,1.000000,1.000000
APP,SHORT,2022-02-25T05:00:00+00:00,2022-04-04T04:00:00+00:00,57.200000,57.780000,0.01013986,26,TRANSITIONAL,TRANSITIONAL,0.333333,0.291667,-1.000000,1.000000
APP,LONG,2022-04-05T04:00:00+00:00,2022-04-12T04:00:00+00:00,54.980000,49.530000,-0.09912696,5,STABLE,STABLE,0.307692,0.269231,1.000000,-1.000000
APP,SHORT,2022-04-28T04:00:00+00:00,2022-05-13T04:00:00+00:00,39.160000,39.460000,0.00766088,11,STABLE,TRANSITIONAL,0.346154,0.233333,-1.000000,-1.000000
APP,SHORT,2023-03-07T05:00:00+00:00,2023-03-10T05:00:00+00:00,13.440000,12.310000,-0.08407738,3,TRANSITIONAL,STABLE,0.303030,0.257576,-1.000000,-1.000000
APTV,LONG,2022-03-02T05:00:00+00:00,2022-09-19T04:00:00+00:00,121.710000,96.200000,-0.20959658,138,TRANSITIONAL,TRANSITIONAL,0.750000,0.750000,1.000000,0.000000
APTV,SHORT,2022-09-20T04:00:00+00:00,2022-11-11T05:00:00+00:00,93.030000,111.710000,0.20079544,38,TRANSITIONAL,TRANSITIONAL,0.500000,0.400000,-1.000000,1.000000
APTV,LONG,2022-11-14T05:00:00+00:00,2023-02-07T05:00:00+00:00,109.630000,115.910000,0.05728359,57,TRANSITIONAL,TRANSITIONAL,0.400000,0.600000,1.000000,0.000000
APTV,SHORT,2023-02-08T05:00:00+00:00,2023-09-26T04:00:00+00:00,115.790000,96.450000,-0.16702651,158,TRANSITIONAL,TRANSITIONAL,0.500000,0.600000,-1.000000,0.000000
APTV,LONG,2023-09-27T04:00:00+00:00,2023-11-15T05:00:00+00:00,95.860000,80.290000,-0.16242437,35,TRANSITIONAL,TRANSITIONAL,0.400000,0.333333,1.000000,-1.000000
APTV,SHORT,2023-11-16T05:00:00+00:00,2024-10-21T04:00:00+00:00,79.150000,70.100000,-0.11433986,232,TRANSITIONAL,TRANSITIONAL,0.333333,0.416667,-1.000000,1.000000
APTV,LONG,2024-10-22T04:00:00+00:00,2024-10-31T04:00:00+00:00,69.680000,56.830000,-0.18441447,7,TRANSITIONAL,TRANSITIONAL,0.416667,0.416667,1.000000,-1.000000
APTV,LONG,2024-11-01T04:00:00+00:00,2024-11-26T05:00:00+00:00,56.370000,55.280000,-0.01933653,17,TRANSITIONAL,TRANSITIONAL,0.357143,0.428571,1.000000,0.000000
APTV,SHORT,2025-04-01T04:00:00+00:00,2025-04-03T04:00:00+00:00,59.150000,55.390000,-0.06356720,2,TRANSITIONAL,TRANSITIONAL,0.428571,0.285714,-1.000000,-1.000000
ARE,LONG,2023-11-15T05:00:00+00:00,2025-10-28T04:00:00+00:00,105.710000,62.940000,-0.40459748,488,TRANSITIONAL,TRANSITIONAL,0.750000,0.400000,1.000000,-1.000000
ARE,SHORT,2025-10-29T04:00:00+00:00,2025-12-12T05:00:00+00:00,58.760000,46.640000,-0.20626276,31,TRANSITIONAL,TRANSITIONAL,0.400000,0.400000,-1.000000,-1.000000
AVGO,LONG,2023-05-30T04:00:00+00:00,2024-08-01T04:00:00+00:00,80.334000,147.020000,0.83010929,295,TRANSITIONAL,TRANSITIONAL,0.750000,0.500000,1.000000,-1.000000
AVGO,SHORT,2024-08-02T04:00:00+00:00,2024-09-09T04:00:00+00:00,143.820000,140.820000,-0.02085941,25,TRANSITIONAL,TRANSITIONAL,0.500000,0.416667,-1.000000,1.000000
AVGO,LONG,2024-09-10T04:00:00+00:00,2024-10-01T04:00:00+00:00,148.210000,167.470000,0.12995075,15,TRANSITIONAL,TRANSITIONAL,0.416667,0.583333,1.000000,0.000000
AVGO,SHORT,2024-10-03T04:00:00+00:00,2024-12-17T05:00:00+00:00,171.890000,240.230000,0.39757985,52,TRANSITIONAL,STABLE,0.500000,0.277778,-1.000000,1.000000
AVGO,SHORT,2024-12-19T05:00:00+00:00,2025-01-27T05:00:00+00:00,218.320000,202.130000,-0.07415720,23,STABLE,TRANSITIONAL,0.333333,0.300000,-1.000000,1.000000
AXON,LONG,2021-02-12T05:00:00+00:00,2021-02-17T05:00:00+00:00,195.540000,178.380000,-0.08775698,2,TRANSITIONAL,TRANSITIONAL,0.750000,0.666667,1.000000,-1.000000
AXON,SHORT,2021-02-18T05:00:00+00:00,2021-03-24T04:00:00+00:00,173.750000,133.450000,-0.23194245,24,TRANSITIONAL,TRANSITIONAL,0.666667,0.666667,-1.000000,1.000000
AXON,LONG,2021-03-25T04:00:00+00:00,2022-05-06T04:00:00+00:00,136.770000,95.990000,-0.29816480,282,TRANSITIONAL,TRANSITIONAL,0.666667,0.500000,1.000000,-1.000000
AXON,SHORT,2022-05-09T04:00:00+00:00,2022-05-10T04:00:00+00:00,87.890000,89.460000,0.01786324,1,TRANSITIONAL,TRANSITIONAL,0.500000,0.400000,-1.000000,1.000000
AXON,LONG,2022-05-11T04:00:00+00:00,2022-05-16T04:00:00+00:00,84.370000,95.440000,0.13120778,3,TRANSITIONAL,TRANSITIONAL,0.400000,0.333333,1.000000,-1.000000
AXON,SHORT,2022-05-17T04:00:00+00:00,2022-08-10T04:00:00+00:00,96.800000,126.070000,0.30237603,58,TRANSITIONAL,TRANSITIONAL,0.333333,0.285714,-1.000000,1.000000
AXP,LONG,2025-04-10T04:00:00+00:00,2025-12-12T05:00:00+00:00,246.890000,382.560000,0.54951598,170,TRANSITIONAL,TRANSITIONAL,0.750000,0.750000,1.000000,1.000000
AZO,LONG,2022-05-19T04:00:00+00:00,2025-12-12T05:00:00+00:00,1889.390000,3445.710000,0.82371559,895,TRANSITIONAL,TRANSITIONAL,0.750000,0.750000,1.000000,1.000000
BA,LONG,2021-02-25T05:00:00+00:00,2022-05-10T04:00:00+00:00,216.450000,132.950000,-0.38577039,304,TRANSITIONAL,TRANSITIONAL,0.750000,0.500000,1.000000,-1.000000
BA,SHORT,2022-05-11T04:00:00+00:00,2022-06-14T04:00:00+00:00,129.390000,122.160000,-0.05587758,23,TRANSITIONAL,TRANSITIONAL,0.500000,0.375000,-1.000000,1.000000
BA,LONG,2022-06-15T04:00:00+00:00,2022-07-22T04:00:00+00:00,133.720000,158.160000,0.18276997,25,TRANSITIONAL,TRANSITIONAL,0.375000,0.625000,1.000000,0.000000
BA,SHORT,2022-07-25T04:00:00+00:00,2022-10-27T04:00:00+00:00,156.640000,139.760000,-0.10776302,67,TRANSITIONAL,TRANSITIONAL,0.500000,0.400000,-1.000000,1.000000
BA,LONG,2022-10-28T04:00:00+00:00,2023-03-09T05:00:00+00:00,143.840000,201.240000,0.39905451,89,TRANSITIONAL,TRANSITIONAL,0.400000,0.600000,1.000000,0.000000
BA,SHORT,2023-03-10T05:00:00+00:00,2023-06-16T04:00:00+00:00,203.070000,219.990000,0.08332102,68,TRANSITIONAL,TRANSITIONAL,0.500000,0.600000,-1.000000,0.000000
BA,LONG,2023-06-20T04:00:00+00:00,2025-04-07T04:00:00+00:00,212.370000,138.860000,-0.34614117,451,TRANSITIONAL,TRANSITIONAL,0.400000,0.333333,1.000000,-1.000000
BA,SHORT,2025-04-08T04:00:00+00:00,2025-12-03T05:00:00+00:00,139.390000,202.540000,0.45304541,165,TRANSITIONAL,TRANSITIONAL,0.333333,0.312500,-1.000000,1.000000
BA,LONG,2025-12-04T05:00:00+00:00,2025-12-12T05:00:00+00:00,201.870000,204.380000,0.01243374,6,TRANSITIONAL,TRANSITIONAL,0.312500,0.312500,1.000000,1.000000
BALL,SHORT,2022-08-04T04:00:00+00:00,2024-01-19T05:00:00+00:00,59.280000,55.530000,-0.06325911,366,TRANSITIONAL,TRANSITIONAL,0.666667,0.375000,-1.000000,1.000000
BALL,LONG,2024-01-22T05:00:00+00:00,2025-12-12T05:00:00+00:00,56.350000,50.910000,-0.09653949,476,TRANSITIONAL,TRANSITIONAL,0.375000,0.375000,1.000000,1.000000
BAX,LONG,2022-07-29T04:00:00+00:00,2023-08-15T04:00:00+00:00,58.660000,42.350000,-0.27804296,262,TRANSITIONAL,TRANSITIONAL,0.750000,0.833333,1.000000,0.000000
BAX,SHORT,2023-08-16T04:00:00+00:00,2023-10-12T04:00:00+00:00,42.080000,31.710000,-0.24643536,40,TRANSITIONAL,TRANSITIONAL,0.500000,0.500000,-1.000000,1.000000
BAX,LONG,2023-10-13T04:00:00+00:00,2024-06-10T04:00:00+00:00,31.840000,32.890000,0.03297739,164,TRANSITIONAL,TRANSITIONAL,0.500000,0.625000,1.000000,-1.000000
BAX,SHORT,2024-06-11T04:00:00+00:00,2025-04-09T04:00:00+00:00,32.870000,30.750000,-0.06449650,207,TRANSITIONAL,TRANSITIONAL,0.625000,0.375000,-1.000000,1.000000
BAX,LONG,2025-04-10T04:00:00+00:00,2025-07-31T04:00:00+00:00,28.140000,21.760000,-0.22672353,76,TRANSITIONAL,TRANSITIONAL,0.500000,0.285714,1.000000,-1.000000
BBY,LONG,2021-11-24T05:00:00+00:00,2022-06-16T04:00:00+00:00,116.690000,68.480000,-0.41314594,140,TRANSITIONAL,TRANSITIONAL,0.750000,0.500000,1.000000,-1.000000
BBY,SHORT,2022-06-17T04:00:00+00:00,2022-11-23T05:00:00+00:00,70.510000,82.390000,0.16848674,110,TRANSITIONAL,TRANSITIONAL,0.500000,0.625000,-1.000000,1.000000
BBY,LONG,2022-11-25T05:00:00+00:00,2023-05-10T04:00:00+00:00,81.230000,72.220000,-0.11091961,113,TRANSITIONAL,TRANSITIONAL,0.625000,0.500000,1.000000,-1.000000
BBY,SHORT,2023-05-11T04:00:00+00:00,2023-08-22T04:00:00+00:00,71.620000,74.230000,0.03644233,70,TRANSITIONAL,TRANSITIONAL,0.500000,0.625000,-1.000000,0.000000
BBY,LONG,2023-08-23T04:00:00+00:00,2024-05-31T04:00:00+00:00,74.700000,84.820000,0.13547523,194,TRANSITIONAL,TRANSITIONAL,0.375000,0.300000,1.000000,-1.000000
BBY,SHORT,2024-06-03T04:00:00+00:00,2024-08-30T04:00:00+00:00,86.940000,100.400000,0.15481942,62,TRANSITIONAL,TRANSITIONAL,0.300000,0.250000,-1.000000,1.000000
BBY,SHORT,2024-11-21T05:00:00+00:00,2025-03-05T05:00:00+00:00,86.510000,75.530000,-0.12692174,68,TRANSITIONAL,TRANSITIONAL,0.333333,0.285714,-1.000000,1.000000
BBY,LONG,2025-04-03T04:00:00+00:00,2025-04-04T04:00:00+00:00,62.220000,60.440000,-0.02860816,1,TRANSITIONAL,TRANSITIONAL,0.312500,0.333333,1.000000,-1.000000
BBY,SHORT,2025-04-07T04:00:00+00:00,2025-04-09T04:00:00+00:00,61.230000,63.650000,0.03952311,2,TRANSITIONAL,TRANSITIONAL,0.333333,0.300000,-1.000000,1.000000
BDX,LONG,2023-11-10T05:00:00+00:00,2025-05-01T04:00:00+00:00,234.650000,169.540000,-0.27747709,367,TRANSITIONAL,TRANSITIONAL,0.750000,0.375000,1.000000,-1.000000
BDX,SHORT,2025-05-02T04:00:00+00:00,2025-12-12T05:00:00+00:00,168.780000,200.890000,0.19024766,155,TRANSITIONAL,TRANSITIONAL,0.375000,0.375000,-1.000000,-1.000000
BEN,LONG,2024-08-22T04:00:00+00:00,2025-06-02T04:00:00+00:00,20.680000,21.300000,0.02998066,193,TRANSITIONAL,TRANSITIONAL,0.750000,0.750000,1.000000,0.000000
BEN,SHORT,2025-06-03T04:00:00+00:00,2025-12-12T05:00:00+00:00,21.380000,23.480000,0.09822264,134,TRANSITIONAL,TRANSITIONAL,0.500000,0.500000,-1.000000,-1.000000
BF.B,LONG,2023-12-07T05:00:00+00:00,2025-09-15T04:00:00+00:00,54.520000,27.360000,-0.49816581,442,TRANSITIONAL,TRANSITIONAL,0.750000,0.625000,1.000000,0.000000
BF.B,SHORT,2025-09-16T04:00:00+00:00,2025-12-12T05:00:00+00:00,27.320000,30.760000,0.12591508,62,TRANSITIONAL,TRANSITIONAL,0.375000,0.375000,-1.000000,-1.000000
BG,LONG,2023-03-15T04:00:00+00:00,2025-12-12T05:00:00+00:00,96.790000,92.840000,-0.04081000,690,TRANSITIONAL,TRANSITIONAL,0.750000,0.750000,1.000000,1.000000
BIIB,SHORT,2021-06-07T04:00:00+00:00,2021-12-30T05:00:00+00:00,395.850000,240.000000,-0.39370974,144,TRANSITIONAL,STABLE,0.666667,0.375000,-1.000000,1.000000
BIIB,LONG,2021-12-31T05:00:00+00:00,2022-01-06T05:00:00+00:00,239.920000,237.300000,-0.01092031,4,STABLE,STABLE,0.375000,0.500000,1.000000,-1.000000
BIIB,SHORT,2022-01-07T05:00:00+00:00,2022-06-29T04:00:00+00:00,232.600000,205.230000,-0.11766982,118,STABLE,STABLE,0.500000,0.375000,-1.000000,1.000000
BIIB,LONG,2022-06-30T04:00:00+00:00,2022-09-28T04:00:00+00:00,203.940000,276.610000,0.35633029,62,STABLE,TRANSITIONAL,0.375000,0.333333,1.000000,-1.000000
BIIB,SHORT,2022-09-29T04:00:00+00:00,2024-05-10T04:00:00+00:00,264.280000,221.500000,-0.16187377,404,TRANSITIONAL,TRANSITIONAL,0.333333,0.500000,-1.000000,0.000000
BIIB,LONG,2024-05-15T04:00:00+00:00,2025-12-12T05:00:00+00:00,235.320000,174.100000,-0.26015638,396,TRANSITIONAL,TRANSITIONAL,0.416667,0.416667,1.000000,1.000000
BKNG,LONG,2022-03-08T05:00:00+00:00,2024-06-24T04:00:00+00:00,1899.530000,3981.200000,1.09588688,576,TRANSITIONAL,TRANSITIONAL,0.750000,0.833333,1.000000,0.000000
BKNG,SHORT,2024-06-26T04:00:00+00:00,2024-08-05T04:00:00+00:00,3982.380000,3383.430000,-0.15040001,27,TRANSITIONAL,TRANSITIONAL,0.500000,0.375000,-1.000000,1.000000
BKNG,LONG,2024-08-06T04:00:00+00:00,2025-01-22T05:00:00+00:00,3417.080000,4619.210000,0.35180037,115,TRANSITIONAL,TRANSITIONAL,0.375000,0.625000,1.000000,0.000000
BKNG,SHORT,2025-01-23T05:00:00+00:00,2025-04-10T04:00:00+00:00,4818.140000,4494.640000,-0.06714209,54,TRANSITIONAL,TRANSITIONAL,0.500000,0.400000,-1.000000,1.000000
BKNG,LONG,2025-04-11T04:00:00+00:00,2025-12-05T05:00:00+00:00,4586.530000,5197.040000,0.13310934,164,TRANSITIONAL,TRANSITIONAL,0.400000,0.600000,1.000000,0.000000
BKNG,SHORT,2025-12-08T05:00:00+00:00,2025-12-12T05:00:00+00:00,5177.390000,5301.640000,0.02399858,4,TRANSITIONAL,TRANSITIONAL,0.500000,0.500000,-1.000000,-1.000000
BKR,LONG,2025-04-07T04:00:00+00:00,2025-04-25T04:00:00+00:00,35.710000,36.450000,0.02072249,13,TRANSITIONAL,TRANSITIONAL,0.750000,0.833333,1.000000,0.000000
BKR,SHORT,2025-04-28T04:00:00+00:00,2025-12-12T05:00:00+00:00,36.210000,46.860000,0.29411765,159,TRANSITIONAL,TRANSITIONAL,0.500000,0.500000,-1.000000,-1.000000
BLDR,LONG,2022-03-08T05:00:00+00:00,2022-06-16T04:00:00+00:00,70.570000,50.480000,-0.28468188,70,TRANSITIONAL,TRANSITIONAL,0.750000,0.500000,1.000000,-1.000000
BLDR,SHORT,2022-06-17T04:00:00+00:00,2022-11-10T05:00:00+00:00,50.480000,65.080000,0.28922345,101,TRANSITIONAL,TRANSITIONAL,0.500000,0.375000,-1.000000,1.000000
BLDR,SHORT,2022-11-11T05:00:00+00:00,2023-05-04T04:00:00+00:00,65.880000,106.790000,0.62097753,118,TRANSITIONAL,TRANSITIONAL,0.300000,0.250000,-1.000000,1.000000
BLDR,LONG,2023-09-06T04:00:00+00:00,2023-10-05T04:00:00+00:00,140.560000,119.970000,-0.14648549,21,TRANSITIONAL,TRANSITIONAL,0.312500,0.375000,1.000000,0.000000
BLDR,LONG,2023-11-15T05:00:00+00:00,2024-01-12T05:00:00+00:00,128.660000,167.390000,0.30102596,39,TRANSITIONAL,TRANSITIONAL,0.333333,0.300000,1.000000,-1.000000
BLDR,SHORT,2024-01-16T05:00:00+00:00,2024-04-24T04:00:00+00:00,165.910000,186.690000,0.12524863,69,TRANSITIONAL,TRANSITIONAL,0.300000,0.200000,-1.000000,-1.000000
BLK,LONG,2022-11-11T05:00:00+00:00,2025-12-12T05:00:00+00:00,774.750000,1089.090000,0.40573088,773,TRANSITIONAL,TRANSITIONAL,0.750000,0.750000,1.000000,1.000000
BMY,LONG,2024-07-29T04:00:00+00:00,2025-03-14T04:00:00+00:00,48.980000,59.010000,0.20477746,157,TRANSITIONAL,TRANSITIONAL,0.750000,0.833333,1.000000,0.000000
BMY,SHORT,2025-03-18T04:00:00+00:00,2025-12-12T05:00:00+00:00,59.900000,52.410000,-0.12504174,187,TRANSITIONAL,TRANSITIONAL,0.500000,0.500000,-1.000000,-1.000000
BRO,LONG,2022-10-26T04:00:00+00:00,2025-12-12T05:00:00+00:00,55.950000,81.620000,0.45880250,785,TRANSITIONAL,TRANSITIONAL,0.750000,0.750000,1.000000,1.000000
BSX,LONG,2025-04-07T04:00:00+00:00,2025-12-12T05:00:00+00:00,91.540000,92.580000,0.01136115,173,TRANSITIONAL,TRANSITIONAL,0.750000,0.750000,1.000000,1.000000
BX,LONG,2022-03-08T05:00:00+00:00,2022-11-11T05:00:00+00:00,108.620000,108.770000,0.00138096,173,TRANSITIONAL,TRANSITIONAL,0.750000,0.500000,1.000000,-1.000000
BX,SHORT,2022-11-14T05:00:00+00:00,2025-04-22T04:00:00+00:00,101.410000,124.910000,0.23173257,609,TRANSITIONAL,TRANSITIONAL,0.500000,0.428571,-1.000000,1.000000
BX,LONG,2025-04-23T04:00:00+00:00,2025-05-22T04:00:00+00:00,127.000000,136.930000,0.07818898,21,TRANSITIONAL,TRANSITIONAL,0.428571,0.571429,1.000000,0.000000
BX,SHORT,2025-05-23T04:00:00+00:00,2025-12-12T05:00:00+00:00,136.120000,151.180000,0.11063767,140,TRANSITIONAL,TRANSITIONAL,0.500000,0.500000,-1.000000,-1.000000
BXP,LONG,2023-12-04T05:00:00+00:00,2025-12-12T05:00:00+00:00,63.720000,71.410000,0.12068424,508,TRANSITIONAL,TRANSITIONAL,0.750000,0.750000,1.000000,1.000000
C,LONG,2022-07-18T04:00:00+00:00,2023-11-24T05:00:00+00:00,50.070000,45.230000,-0.09666467,342,TRANSITIONAL,TRANSITIONAL,0.750000,0.500000,1.000000,-1.000000
C,SHORT,2023-11-27T05:00:00+00:00,2025-04-10T04:00:00+00:00,45.080000,61.590000,0.36623780,343,TRANSITIONAL,TRANSITIONAL,0.500000,0.625000,-1.000000,1.000000
C,LONG,2025-04-11T04:00:00+00:00,2025-08-04T04:00:00+00:00,61.640000,92.080000,0.49383517,77,TRANSITIONAL,TRANSITIONAL,0.625000,0.750000,1.000000,0.000000
C,SHORT,2025-08-05T04:00:00+00:00,2025-12-12T05:00:00+00:00,91.520000,111.800000,0.22159091,91,TRANSITIONAL,TRANSITIONAL,0.500000,0.500000,-1.000000,-1.000000
CAH,LONG,2021-08-06T04:00:00+00:00,2025-10-31T04:00:00+00:00,50.990000,190.770000,2.74132183,1064,TRANSITIONAL,TRANSITIONAL,0.750000,0.500000,1.000000,-1.000000
CAH,SHORT,2025-11-03T05:00:00+00:00,2025-12-12T05:00:00+00:00,190.220000,198.180000,0.04184628,28,TRANSITIONAL,TRANSITIONAL,0.500000,0.500000,-1.000000,-1.000000
CARR,LONG,2025-04-10T04:00:00+00:00,2025-12-12T05:00:00+00:00,59.050000,52.940000,-0.10347163,170,TRANSITIONAL,TRANSITIONAL,0.750000,0.750000,1.000000,1.000000
CAT,LONG,2025-04-10T04:00:00+00:00,2025-12-12T05:00:00+00:00,289.160000,597.890000,1.06767879,170,TRANSITIONAL,TRANSITIONAL,0.750000,0.750000,1.000000,1.000000
CCL,LONG,2021-07-20T04:00:00+00:00,2021-07-22T04:00:00+00:00,21.190000,22.710000,0.07173195,2,TRANSITIONAL,TRANSITIONAL,0.750000,0.500000,1.000000,-1.000000
CCL,SHORT,2021-07-23T04:00:00+00:00,2021-11-29T05:00:00+00:00,21.960000,18.160000,-0.17304189,89,TRANSITIONAL,TRANSITIONAL,0.500000,0.375000,-1.000000,1.000000
CCL,LONG,2021-11-30T05:00:00+00:00,2021-12-03T05:00:00+00:00,17.620000,17.200000,-0.02383655,3,TRANSITIONAL,TRANSITIONAL,0.375000,0.333333,1.000000,-1.000000
CCL,SHORT,2021-12-06T05:00:00+00:00,2022-03-08T05:00:00+00:00,18.590000,15.880000,-0.14577730,63,TRANSITIONAL,TRANSITIONAL,0.333333,0.285714,-1.000000,1.000000
CCL,LONG,2022-03-28T04:00:00+00:00,2022-03-29T04:00:00+00:00,19.400000,19.930000,0.02731959,1,TRANSITIONAL,TRANSITIONAL,0.428571,0.285714,1.000000,1.000000
CCL,SHORT,2022-04-18T04:00:00+00:00,2022-05-10T04:00:00+00:00,19.040000,14.190000,-0.25472689,16,TRANSITIONAL,TRANSITIONAL,0.357143,0.312500,-1.000000,1.000000
CCL,LONG,2022-05-11T04:00:00+00:00,2022-06-09T04:00:00+00:00,13.550000,11.730000,-0.13431734,20,TRANSITIONAL,TRANSITIONAL,0.312500,0.277778,1.000000,-1.000000
CDNS,LONG,2024-10-30T04:00:00+00:00,2025-04-09T04:00:00+00:00,290.000000,264.650000,-0.08741379,109,TRANSITIONAL,TRANSITIONAL,0.750000,0.500000,1.000000,-1.000000
CDNS,LONG,2025-04-10T04:00:00+00:00,2025-05-06T04:00:00+00:00,254.020000,305.780000,0.20376348,17,TRANSITIONAL,TRANSITIONAL,0.625000,0.750000,1.000000,0.000000
CDNS,SHORT,2025-05-07T04:00:00+00:00,2025-05-29T04:00:00+00:00,308.340000,284.500000,-0.07731725,15,TRANSITIONAL,TRANSITIONAL,0.500000,0.400000,-1.000000,1.000000
CDNS,LONG,2025-05-30T04:00:00+00:00,2025-08-05T04:00:00+00:00,287.070000,360.500000,0.25579127,45,TRANSITIONAL,TRANSITIONAL,0.400000,0.600000,1.000000,0.000000
CDNS,SHORT,2025-08-07T04:00:00+00:00,2025-12-12T05:00:00+00:00,354.330000,323.220000,-0.08779951,89,TRANSITIONAL,TRANSITIONAL,0.500000,0.500000,-1.000000,-1.000000
CDW,LONG,2023-04-20T04:00:00+00:00,2025-10-13T04:00:00+00:00,164.680000,147.510000,-0.10426281,622,TRANSITIONAL,TRANSITIONAL,0.750000,0.700000,1.000000,0.000000
CDW,SHORT,2025-10-14T04:00:00+00:00,2025-11-05T05:00:00+00:00,150.330000,146.320000,-0.02667465,16,TRANSITIONAL,TRANSITIONAL,0.500000,0.416667,-1.000000,1.000000
CDW,LONG,2025-11-06T05:00:00+00:00,2025-12-12T05:00:00+00:00,141.560000,144.930000,0.02380616,25,TRANSITIONAL,TRANSITIONAL,0.416667,0.416667,1.000000,1.000000
CEG,LONG,2022-05-31T04:00:00+00:00,2022-09-20T04:00:00+00:00,62.080000,87.750000,0.41349871,77,TRANSITIONAL,TRANSITIONAL,0.750000,0.500000,1.000000,-1.000000
CEG,SHORT,2022-09-21T04:00:00+00:00,2022-11-11T05:00:00+00:00,87.280000,92.310000,0.05763061,37,TRANSITIONAL,TRANSITIONAL,0.500000,0.625000,-1.000000,1.000000
CEG,LONG,2022-11-14T05:00:00+00:00,2023-01-25T05:00:00+00:00,93.920000,83.400000,-0.11201022,48,TRANSITIONAL,TRANSITIONAL,0.625000,0.500000,1.000000,-1.000000
CEG,SHORT,2023-01-26T05:00:00+00:00,2023-02-24T05:00:00+00:00,85.880000,79.270000,-0.07696786,20,TRANSITIONAL,TRANSITIONAL,0.500000,0.375000,-1.000000,1.000000
CEG,LONG,2023-02-27T05:00:00+00:00,2024-02-28T05:00:00+00:00,78.370000,170.830000,1.17978818,252,TRANSITIONAL,TRANSITIONAL,0.375000,0.300000,1.000000,-1.000000
CEG,SHORT,2024-03-01T05:00:00+00:00,2024-08-01T04:00:00+00:00,169.990000,177.570000,0.04459086,105,TRANSITIONAL,TRANSITIONAL,0.333333,0.285714,-1.000000,1.000000
CEG,LONG,2024-09-04T04:00:00+00:00,2024-09-20T04:00:00+00:00,177.520000,254.980000,0.43634520,12,TRANSITIONAL,TRANSITIONAL,0.312500,0.300000,1.000000,-1.000000
CEG,SHORT,2024-09-23T04:00:00+00:00,2024-11-05T05:00:00+00:00,257.120000,233.750000,-0.09089141,31,TRANSITIONAL,TRANSITIONAL,0.300000,0.272727,-1.000000,1.000000
CEG,LONG,2025-01-03T05:00:00+00:00,2025-01-10T05:00:00+00:00,252.400000,305.190000,0.20915214,4,TRANSITIONAL,TRANSITIONAL,0.363636,0.269231,1.000000,-1.000000
CEG,LONG,2025-03-07T05:00:00+00:00,2025-03-12T04:00:00+00:00,212.540000,215.350000,0.01322104,3,STABLE,STABLE,0.323529,0.235294,1.000000,1.000000
CEG,LONG,2025-08-19T04:00:00+00:00,2025-09-03T04:00:00+00:00,317.235000,308.480000,-0.02759784,10,STABLE,STABLE,0.300000,0.275000,1.000000,1.000000
CEG,LONG,2025-09-12T04:00:00+00:00,2025-09-26T04:00:00+00:00,323.480000,331.260000,0.02405095,10,STABLE,STABLE,0.300000,0.225000,1.000000,1.000000
CF,LONG,2022-03-17T04:00:00+00:00,2022-06-16T04:00:00+00:00,92.210000,90.610000,-0.01735170,63,TRANSITIONAL,TRANSITIONAL,0.750000,0.833333,1.000000,0.000000
CF,SHORT,2022-06-17T04:00:00+00:00,2022-06-24T04:00:00+00:00,86.930000,83.320000,-0.04152767,4,TRANSITIONAL,TRANSITIONAL,0.500000,0.375000,-1.000000,1.000000
CF,LONG,2022-06-27T04:00:00+00:00,2022-08-02T04:00:00+00:00,86.820000,98.170000,0.13073025,25,TRANSITIONAL,TRANSITIONAL,0.375000,0.625000,1.000000,0.000000
CF,SHORT,2022-08-03T04:00:00+00:00,2023-10-10T04:00:00+00:00,96.920000,85.410000,-0.11875774,298,TRANSITIONAL,TRANSITIONAL,0.500000,0.625000,-1.000000,0.000000
CF,LONG,2023-10-11T04:00:00+00:00,2025-12-12T05:00:00+00:00,84.000000,79.190000,-0.05726190,545,TRANSITIONAL,TRANSITIONAL,0.375000,0.375000,1.000000,1.000000
CFG,LONG,2023-03-14T04:00:00+00:00,2025-05-05T04:00:00+00:00,31.900000,38.710000,0.21347962,537,TRANSITIONAL,TRANSITIONAL,0.750000,0.500000,1.000000,0.000000
CFG,SHORT,2025-05-06T04:00:00+00:00,2025-12-12T05:00:00+00:00,38.200000,58.390000,0.52853403,153,TRANSITIONAL,TRANSITIONAL,0.300000,0.300000,-1.000000,-1.000000
CHRW,LONG,2022-02-03T05:00:00+00:00,2023-08-08T04:00:00+00:00,89.560000,97.920000,0.09334524,378,TRANSITIONAL,TRANSITIONAL,0.750000,0.833333,1.000000,0.000000
CHRW,SHORT,2023-08-09T04:00:00+00:00,2024-02-02T05:00:00+00:00,97.960000,74.130000,-0.24326256,122,TRANSITIONAL,TRANSITIONAL,0.500000,0.500000,-1.000000,1.000000
CHRW,LONG,2024-02-05T05:00:00+00:00,2024-08-01T04:00:00+00:00,74.040000,102.210000,0.38047002,123,TRANSITIONAL,TRANSITIONAL,0.500000,0.400000,1.000000,-1.000000
CHRW,LONG,2024-08-02T04:00:00+00:00,2024-10-17T04:00:00+00:00,98.630000,110.890000,0.12430295,53,TRANSITIONAL,TRANSITIONAL,0.333333,0.416667,1.000000,0.000000
CHRW,SHORT,2025-07-08T04:00:00+00:00,2025-07-31T04:00:00+00:00,98.330000,115.320000,0.17278552,17,TRANSITIONAL,TRANSITIONAL,0.500000,0.214286,-1.000000,1.000000
CHRW,SHORT,2025-08-01T04:00:00+00:00,2025-10-21T04:00:00+00:00,113.860000,128.280000,0.12664676,56,TRANSITIONAL,TRANSITIONAL,0.312500,0.187500,-1.000000,-1.000000
CHTR,LONG,2022-06-17T04:00:00+00:00,2022-12-15T05:00:00+00:00,441.960000,313.430000,-0.29081817,125,TRANSITIONAL,TRANSITIONAL,0.750000,0.375000,1.000000,-1.000000
CHTR,SHORT,2022-12-16T05:00:00+00:00,2023-10-30T04:00:00+00:00,304.960000,389.800000,0.27820042,217,TRANSITIONAL,TRANSITIONAL,0.375000,0.300000,-1.000000,1.000000
CHTR,LONG,2023-10-31T04:00:00+00:00,2024-02-05T05:00:00+00:00,402.800000,303.650000,-0.24615194,65,TRANSITIONAL,TRANSITIONAL,0.300000,0.285714,1.000000,-1.000000
CHTR,SHORT,2024-07-03T04:00:00+00:00,2024-07-09T04:00:00+00:00,301.250000,293.910000,-0.02436515,3,TRANSITIONAL,TRANSITIONAL,0.428571,0.285714,-1.000000,-1.000000
CHTR,LONG,2025-04-28T04:00:00+00:00,2025-07-25T04:00:00+00:00,376.870000,309.750000,-0.17809855,61,TRANSITIONAL,TRANSITIONAL,0.300000,0.291667,1.000000,-1.000000
CHTR,SHORT,2025-11-06T05:00:00+00:00,2025-11-13T05:00:00+00:00,217.860000,204.800000,-0.05994675,5,TRANSITIONAL,TRANSITIONAL,0.375000,0.291667,-1.000000,-1.000000
CI,LONG,2021-08-06T04:00:00+00:00,2023-12-12T05:00:00+00:00,209.300000,296.710000,0.41763020,591,TRANSITIONAL,TRANSITIONAL,0.750000,0.500000,1.000000,-1.000000
CI,SHORT,2023-12-13T05:00:00+00:00,2025-10-31T04:00:00+00:00,297.180000,244.410000,-0.17756915,472,TRANSITIONAL,TRANSITIONAL,0.500000,0.375000,-1.000000,1.000000
CI,LONG,2025-11-03T05:00:00+00:00,2025-12-12T05:00:00+00:00,258.620000,274.700000,0.06217617,28,TRANSITIONAL,TRANSITIONAL,0.375000,0.375000,1.000000,1.000000
CINF,LONG,2022-07-29T04:00:00+00:00,2023-09-06T04:00:00+00:00,97.340000,104.520000,0.07376207,277,TRANSITIONAL,TRANSITIONAL,0.750000,0.833333,1.000000,0.000000
CINF,SHORT,2023-09-07T04:00:00+00:00,2025-08-04T04:00:00+00:00,104.760000,149.740000,0.42936235,477,TRANSITIONAL,TRANSITIONAL,0.500000,0.833333,-1.000000,0.000000
CINF,LONG,2025-08-07T04:00:00+00:00,2025-12-12T05:00:00+00:00,151.470000,165.860000,0.09500231,89,TRANSITIONAL,TRANSITIONAL,0.666667,0.666667,1.000000,1.000000
CLX,LONG,2021-08-04T04:00:00+00:00,2022-08-09T04:00:00+00:00,165.610000,143.410000,-0.13404988,255,TRANSITIONAL,TRANSITIONAL,0.750000,0.666667,1.000000,-1.000000
CLX,SHORT,2022-08-10T04:00:00+00:00,2022-11-14T05:00:00+00:00,145.090000,142.650000,-0.01681715,67,TRANSITIONAL,TRANSITIONAL,0.666667,0.666667,-1.000000,1.000000
CLX,LONG,2022-11-15T05:00:00+00:00,2023-04-24T04:00:00+00:00,144.930000,165.220000,0.13999862,108,TRANSITIONAL,TRANSITIONAL,0.666667,0.750000,1.000000,0.000000
CLX,SHORT,2023-04-25T04:00:00+00:00,2024-01-24T05:00:00+00:00,164.900000,139.730000,-0.15263796,188,TRANSITIONAL,TRANSITIONAL,0.500000,0.625000,-1.000000,0.000000
CLX,LONG,2024-01-25T05:00:00+00:00,2025-12-12T05:00:00+00:00,144.150000,104.010000,-0.27845994,473,TRANSITIONAL,TRANSITIONAL,0.375000,0.375000,1.000000,1.000000
CMCSA,LONG,2024-12-10T05:00:00+00:00,2025-02-21T05:00:00+00:00,39.530000,36.240000,-0.08322793,48,TRANSITIONAL,TRANSITIONAL,0.750000,0.833333,1.000000,0.000000
CMCSA,SHORT,2025-02-24T05:00:00+00:00,2025-12-12T05:00:00+00:00,36.300000,27.230000,-0.24986226,203,TRANSITIONAL,TRANSITIONAL,0.500000,0.500000,-1.000000,-1.000000
CMG,LONG,2022-02-10T05:00:00+00:00,2022-12-22T05:00:00+00:00,31.560000,28.156000,-0.10785805,218,TRANSITIONAL,TRANSITIONAL,0.750000,0.500000,1.000000,-1.000000
CMG,SHORT,2022-12-23T05:00:00+00:00,2023-04-27T04:00:00+00:00,28.247200,40.725200,0.44174290,84,TRANSITIONAL,TRANSITIONAL,0.500000,0.375000,-1.000000,1.000000
CMG,LONG,2023-04-28T04:00:00+00:00,2023-10-31T04:00:00+00:00,41.352400,38.844000,-0.06065912,128,TRANSITIONAL,TRANSITIONAL,0.375000,0.800000,1.000000,0.000000
CMG,SHORT,2023-11-01T04:00:00+00:00,2024-11-06T05:00:00+00:00,39.732800,57.690000,0.45194902,255,TRANSITIONAL,TRANSITIONAL,0.300000,0.500000,-1.000000,0.000000
CMG,LONG,2024-11-07T05:00:00+00:00,2025-04-10T04:00:00+00:00,58.210000,50.270000,-0.13640268,104,TRANSITIONAL,TRANSITIONAL,0.400000,0.333333,1.000000,-1.000000
CMG,SHORT,2025-04-11T04:00:00+00:00,2025-07-25T04:00:00+00:00,49.760000,46.760000,-0.06028939,71,TRANSITIONAL,TRANSITIONAL,0.333333,0.285714,-1.000000,1.000000
CMG,SHORT,2025-10-08T04:00:00+00:00,2025-12-12T05:00:00+00:00,40.980000,36.140000,-0.11810639,46,TRANSITIONAL,TRANSITIONAL,0.357143,0.357143,-1.000000,-1.000000
CMI,LONG,2025-04-10T04:00:00+00:00,2025-12-12T05:00:00+00:00,281.750000,510.050000,0.81029281,170,TRANSITIONAL,TRANSITIONAL,0.750000,0.750000,1.000000,1.000000
CNC,SHORT,2025-07-02T04:00:00+00:00,2025-07-24T04:00:00+00:00,33.780000,26.760000,-0.20781528,15,TRANSITIONAL,STABLE,0.500000,0.500000,-1.000000,1.000000
CNC,SHORT,2025-07-25T04:00:00+00:00,2025-10-30T04:00:00+00:00,28.390000,35.020000,0.23353293,68,STABLE,STABLE,0.400000,0.357143,-1.000000,1.000000
CNC,LONG,2025-10-31T04:00:00+00:00,2025-11-13T05:00:00+00:00,35.370000,36.090000,0.02035623,9,STABLE,STABLE,0.357143,0.312500,1.000000,-1.000000
CNC,SHORT,2025-11-14T05:00:00+00:00,2025-12-12T05:00:00+00:00,36.380000,40.850000,0.12286971,19,STABLE,STABLE,0.312500,0.312500,-1.000000,-1.000000
COF,LONG,2022-11-11T05:00:00+00:00,2025-04-10T04:00:00+00:00,116.250000,162.160000,0.39492473,603,TRANSITIONAL,TRANSITIONAL,0.750000,0.300000,1.000000,-1.000000
COF,SHORT,2025-04-11T04:00:00+00:00,2025-12-12T05:00:00+00:00,160.970000,237.870000,0.47772877,169,TRANSITIONAL,TRANSITIONAL,0.300000,0.300000,-1.000000,-1.000000
COIN,LONG,2021-07-27T04:00:00+00:00,2021-08-23T04:00:00+00:00,235.080000,256.000000,0.08899098,19,TRANSITIONAL,TRANSITIONAL,0.750000,0.500000,1.000000,-1.000000
COIN,SHORT,2021-08-24T04:00:00+00:00,2022-03-10T05:00:00+00:00,259.280000,172.970000,-0.33288337,137,TRANSITIONAL,TRANSITIONAL,0.500000,0.400000,-1.000000,1.000000
COIN,LONG,2022-03-11T05:00:00+00:00,2022-04-29T04:00:00+00:00,160.070000,112.710000,-0.29587056,34,TRANSITIONAL,TRANSITIONAL,0.400000,0.500000,1.000000,-1.000000
COIN,LONG,2022-05-02T04:00:00+00:00,2022-05-05T04:00:00+00:00,121.340000,114.250000,-0.05843086,3,TRANSITIONAL,TRANSITIONAL,0.416667,0.357143,1.000000,-1.000000
COIN,SHORT,2022-05-06T04:00:00+00:00,2022-05-09T04:00:00+00:00,103.740000,83.510000,-0.19500675,1,TRANSITIONAL,TRANSITIONAL,0.357143,0.277778,-1.000000,-1.000000
COIN,SHORT,2022-05-13T04:00:00+00:00,2022-05-16T04:00:00+00:00,67.870000,61.700000,-0.09090909,1,STABLE,STABLE,0.307692,0.269231,-1.000000,1.000000
COO,LONG,2024-08-30T04:00:00+00:00,2025-06-03T04:00:00+00:00,105.730000,66.910000,-0.36716164,188,TRANSITIONAL,TRANSITIONAL,0.750000,0.500000,1.000000,-1.000000
COO,SHORT,2025-06-04T04:00:00+00:00,2025-08-29T04:00:00+00:00,67.420000,67.395000,-0.00037081,60,TRANSITIONAL,TRANSITIONAL,0.500000,0.400000,-1.000000,1.000000
COO,LONG,2025-09-02T04:00:00+00:00,2025-12-12T05:00:00+00:00,65.330000,82.080000,0.25639063,72,TRANSITIONAL,TRANSITIONAL,0.400000,0.400000,1.000000,1.000000
COP,LONG,2022-05-10T04:00:00+00:00,2022-08-12T04:00:00+00:00,98.000000,102.750000,0.04846939,65,TRANSITIONAL,TRANSITIONAL,0.750000,0.500000,1.000000,-1.000000
COP,SHORT,2022-08-15T04:00:00+00:00,2025-02-04T05:00:00+00:00,100.770000,100.580000,-0.00188548,620,TRANSITIONAL,TRANSITIONAL,0.500000,0.833333,-1.000000,0.000000
COP,LONG,2025-02-07T05:00:00+00:00,2025-04-03T04:00:00+00:00,98.360000,95.250000,-0.03161854,38,TRANSITIONAL,TRANSITIONAL,0.666667,0.500000,1.000000,-1.000000
COP,SHORT,2025-04-10T04:00:00+00:00,2025-12-12T05:00:00+00:00,83.290000,95.540000,0.14707648,170,TRANSITIONAL,TRANSITIONAL,0.500000,0.500000,-1.000000,-1.000000
COST,LONG,2022-05-19T04:00:00+00:00,2025-12-12T05:00:00+00:00,422.930000,884.470000,1.09129170,895,TRANSITIONAL,TRANSITIONAL,0.750000,0.750000,1.000000,1.000000
CPAY,LONG,2025-04-10T04:00:00+00:00,2025-12-12T05:00:00+00:00,299.740000,316.090000,0.05454727,170,TRANSITIONAL,TRANSITIONAL,0.750000,0.750000,1.000000,1.000000
CPB,LONG,2023-06-08T04:00:00+00:00,2025-12-12T05:00:00+00:00,46.770000,28.740000,-0.38550353,631,TRANSITIONAL,TRANSITIONAL,0.750000,0.750000,1.000000,1.000000
CPRT,LONG,2025-05-27T04:00:00+00:00,2025-12-12T05:00:00+00:00,52.820000,38.670000,-0.26789095,139,TRANSITIONAL,TRANSITIONAL,0.750000,0.750000,1.000000,1.000000
CRL,LONG,2022-04-27T04:00:00+00:00,2022-11-01T04:00:00+00:00,238.950000,207.290000,-0.13249634,130,TRANSITIONAL,TRANSITIONAL,0.750000,0.500000,1.000000,-1.000000
CRL,SHORT,2022-11-02T04:00:00+00:00,2023-02-23T05:00:00+00:00,215.750000,227.280000,0.05344148,76,TRANSITIONAL,TRANSITIONAL,0.500000,0.375000,-1.000000,1.000000
CRL,LONG,2023-02-24T05:00:00+00:00,2023-08-31T04:00:00+00:00,219.810000,206.820000,-0.05909649,130,TRANSITIONAL,TRANSITIONAL,0.375000,0.625000,1.000000,0.000000
CRL,SHORT,2023-09-01T04:00:00+00:00,2024-02-15T05:00:00+00:00,209.620000,245.400000,0.17068982,114,TRANSITIONAL,TRANSITIONAL,0.500000,0.400000,-1.000000,1.000000
CRL,LONG,2024-02-16T05:00:00+00:00,2024-08-02T04:00:00+00:00,244.960000,233.600000,-0.04637492,115,TRANSITIONAL,TRANSITIONAL,0.400000,0.500000,1.000000,0.000000
CRL,SHORT,2024-08-05T04:00:00+00:00,2024-08-08T04:00:00+00:00,226.400000,201.930000,-0.10808304,3,TRANSITIONAL,TRANSITIONAL,0.300000,0.250000,-1.000000,1.000000
CRL,SHORT,2025-06-12T04:00:00+00:00,2025-06-20T04:00:00+00:00,151.890000,147.450000,-0.02923168,5,TRANSITIONAL,TRANSITIONAL,0.333333,0.208333,-1.000000,-1.000000
CRL,LONG,2025-10-27T04:00:00+00:00,2025-11-03T05:00:00+00:00,195.280000,178.860000,-0.08408439,5,STABLE,STABLE,0.307692,0.192308,1.000000,1.000000
CRM,LONG,2021-12-02T05:00:00+00:00,2023-11-06T05:00:00+00:00,261.200000,207.420000,-0.20589587,484,TRANSITIONAL,TRANSITIONAL,0.750000,0.833333,1.000000,0.000000
CRM,SHORT,2023-11-07T05:00:00+00:00,2024-05-29T04:00:00+00:00,211.840000,271.620000,0.28219411,139,TRANSITIONAL,TRANSITIONAL,0.500000,0.666667,-1.000000,1.000000
CRM,SHORT,2024-05-30T04:00:00+00:00,2024-12-05T05:00:00+00:00,218.010000,361.380000,0.65763038,131,TRANSITIONAL,STABLE,0.300000,0.250000,-1.000000,1.000000
CRWD,LONG,2021-03-10T05:00:00+00:00,2021-03-19T04:00:00+00:00,194.860000,194.630000,-0.00118033,7,TRANSITIONAL,TRANSITIONAL,0.750000,0.500000,1.000000,-1.000000
CRWD,SHORT,2021-03-22T04:00:00+00:00,2021-07-08T04:00:00+00:00,195.730000,263.390000,0.34568027,75,TRANSITIONAL,TRANSITIONAL,0.500000,0.750000,-1.000000,0.000000
CRWD,LONG,2021-07-09T04:00:00+00:00,2021-11-16T05:00:00+00:00,264.440000,262.510000,-0.00729844,91,TRANSITIONAL,TRANSITIONAL,0.625000,0.500000,1.000000,-1.000000
CRWD,SHORT,2021-11-17T05:00:00+00:00,2022-02-25T05:00:00+00:00,269.780000,181.750000,-0.32630291,68,TRANSITIONAL,TRANSITIONAL,0.500000,0.416667,-1.000000,1.000000
CRWD,LONG,2022-02-28T05:00:00+00:00,2022-03-11T05:00:00+00:00,195.210000,190.540000,-0.02392295,9,TRANSITIONAL,TRANSITIONAL,0.416667,0.375000,1.000000,-1.000000
CRWD,SHORT,2022-03-14T04:00:00+00:00,2022-05-10T04:00:00+00:00,183.120000,151.880000,-0.17059851,40,TRANSITIONAL,TRANSITIONAL,0.375000,0.333333,-1.000000,1.000000
CRWD,SHORT,2022-05-11T04:00:00+00:00,2022-05-25T04:00:00+00:00,137.400000,146.640000,0.06724891,10,TRANSITIONAL,STABLE,0.300000,0.307692,-1.000000,1.000000
CRWD,LONG,2022-05-26T04:00:00+00:00,2022-06-08T04:00:00+00:00,155.840000,178.840000,0.14758727,8,STABLE,TRANSITIONAL,0.307692,0.285714,1.000000,-1.000000
CRWD,SHORT,2022-06-15T04:00:00+00:00,2022-09-07T04:00:00+00:00,164.350000,171.960000,0.04630362,57,TRANSITIONAL,TRANSITIONAL,0.300000,0.333333,-1.000000,0.000000
CRWD,SHORT,2023-05-18T04:00:00+00:00,2023-05-24T04:00:00+00:00,141.850000,149.200000,0.05181530,4,TRANSITIONAL,TRANSITIONAL,0.312500,0.250000,-1.000000,-1.000000
CSCO,LONG,2022-05-20T04:00:00+00:00,2025-04-04T04:00:00+00:00,42.940000,54.540000,0.27014439,720,TRANSITIONAL,TRANSITIONAL,0.750000,0.500000,1.000000,-1.000000
CSCO,SHORT,2025-04-07T04:00:00+00:00,2025-04-10T04:00:00+00:00,54.410000,56.590000,0.04006616,3,TRANSITIONAL,TRANSITIONAL,0.500000,0.375000,-1.000000,1.000000
CSCO,LONG,2025-04-11T04:00:00+00:00,2025-12-12T05:00:00+00:00,57.330000,77.800000,0.35705564,169,TRANSITIONAL,TRANSITIONAL,0.375000,0.375000,1.000000,1.000000
CSGP,LONG,2022-02-24T05:00:00+00:00,2022-02-25T05:00:00+00:00,60.600000,61.700000,0.01815182,1,TRANSITIONAL,TRANSITIONAL,0.750000,0.500000,1.000000,-1.000000
CSGP,SHORT,2022-02-28T05:00:00+00:00,2022-07-28T04:00:00+00:00,61.010000,70.920000,0.16243239,104,TRANSITIONAL,TRANSITIONAL,0.500000,0.375000,-1.000000,1.000000
CSGP,LONG,2022-07-29T04:00:00+00:00,2022-12-14T05:00:00+00:00,72.590000,81.260000,0.11943794,96,TRANSITIONAL,TRANSITIONAL,0.375000,0.625000,1.000000,0.000000
CSGP,SHORT,2022-12-15T05:00:00+00:00,2023-05-22T04:00:00+00:00,77.880000,79.850000,0.02529533,107,TRANSITIONAL,TRANSITIONAL,0.500000,0.625000,-1.000000,0.000000
CSGP,LONG,2023-05-23T04:00:00+00:00,2025-05-01T04:00:00+00:00,78.500000,76.580000,-0.02445860,486,TRANSITIONAL,TRANSITIONAL,0.375000,0.300000,1.000000,-1.000000
CSGP,SHORT,2025-05-02T04:00:00+00:00,2025-12-12T05:00:00+00:00,77.960000,68.230000,-0.12480759,155,TRANSITIONAL,TRANSITIONAL,0.300000,0.300000,-1.000000,-1.000000
CTAS,LONG,2024-12-20T05:00:00+00:00,2025-12-12T05:00:00+00:00,186.940000,187.530000,0.00315609,244,TRANSITIONAL,TRANSITIONAL,0.750000,0.750000,1.000000,1.000000
CTRA,LONG,2020-12-30T05:00:00+00:00,2021-10-04T04:00:00+00:00,11.570000,22.770000,0.96802074,24,TRANSITIONAL,TRANSITIONAL,0.750000,0.500000,1.000000,-1.000000
CTRA,SHORT,2021-10-05T04:00:00+00:00,2022-03-04T05:00:00+00:00,22.650000,26.110000,0.15275938,104,TRANSITIONAL,TRANSITIONAL,0.500000,0.750000,-1.000000,0.000000
CTRA,LONG,2022-03-08T05:00:00+00:00,2022-03-15T04:00:00+00:00,26.010000,23.430000,-0.09919262,5,TRANSITIONAL,STABLE,0.625000,0.500000,1.000000,-1.000000
CTRA,SHORT,2022-03-16T04:00:00+00:00,2022-05-10T04:00:00+00:00,23.470000,29.620000,0.26203664,38,STABLE,STABLE,0.500000,0.416667,-1.000000,1.000000
CTRA,LONG,2022-05-11T04:00:00+00:00,2022-06-27T04:00:00+00:00,29.580000,27.030000,-0.08620690,31,STABLE,TRANSITIONAL,0.416667,0.500000,1.000000,-1.000000
CTRA,SHORT,2022-06-28T04:00:00+00:00,2022-07-05T04:00:00+00:00,27.690000,25.600000,-0.07547851,4,TRANSITIONAL,TRANSITIONAL,0.500000,0.416667,-1.000000,1.000000
CTRA,LONG,2022-07-06T04:00:00+00:00,2022-11-10T05:00:00+00:00,25.320000,27.530000,0.08728278,90,TRANSITIONAL,STABLE,0.416667,0.357143,1.000000,-1.000000
CTRA,SHORT,2022-11-11T05:00:00+00:00,2023-03-16T04:00:00+00:00,28.450000,23.510000,-0.17363796,84,STABLE,STABLE,0.357143,0.312500,-1.000000,1.000000
CTRA,LONG,2023-03-17T04:00:00+00:00,2023-04-11T04:00:00+00:00,23.190000,25.960000,0.11944804,16,STABLE,STABLE,0.312500,0.375000,1.000000,-1.000000
CTRA,SHORT,2023-04-12T04:00:00+00:00,2023-07-18T04:00:00+00:00,25.760000,26.460000,0.02717391,66,STABLE,STABLE,0.375000,0.312500,-1.000000,1.000000
CTRA,LONG,2023-07-19T04:00:00+00:00,2025-12-12T05:00:00+00:00,26.500000,26.270000,-0.00867925,604,STABLE,STABLE,0.312500,0.312500,1.000000,1.000000
CTSH,LONG,2022-05-05T04:00:00+00:00,2022-05-06T04:00:00+00:00,73.600000,75.520000,0.02608696,1,TRANSITIONAL,TRANSITIONAL,0.750000,0.500000,1.000000,-1.000000
CTSH,SHORT,2022-05-09T04:00:00+00:00,2022-11-04T04:00:00+00:00,76.270000,52.630000,-0.30995149,125,TRANSITIONAL,TRANSITIONAL,0.500000,0.375000,-1.000000,1.000000
CTSH,LONG,2022-11-07T05:00:00+00:00,2023-04-28T04:00:00+00:00,53.750000,59.710000,0.11088372,118,TRANSITIONAL,TRANSITIONAL,0.375000,0.625000,1.000000,0.000000
CTSH,SHORT,2023-05-01T04:00:00+00:00,2023-10-06T04:00:00+00:00,59.840000,67.840000,0.13368984,110,TRANSITIONAL,TRANSITIONAL,0.500000,0.625000,-1.000000,0.000000
CTSH,LONG,2023-10-10T04:00:00+00:00,2025-04-10T04:00:00+00:00,67.860000,69.500000,0.02416740,376,TRANSITIONAL,TRANSITIONAL,0.375000,0.300000,1.000000,-1.000000
CTSH,SHORT,2025-04-11T04:00:00+00:00,2025-12-12T05:00:00+00:00,70.170000,83.940000,0.19623771,169,TRANSITIONAL,TRANSITIONAL,0.300000,0.300000,-1.000000,-1.000000
CTVA,LONG,2024-02-02T05:00:00+00:00,2025-12-12T05:00:00+00:00,53.040000,66.120000,0.24660633,467,TRANSITIONAL,TRANSITIONAL,0.750000,0.750000,1.000000,1.000000
CVS,LONG,2022-10-10T04:00:00+00:00,2024-03-05T05:00:00+00:00,88.250000,73.710000,-0.16475921,351,TRANSITIONAL,TRANSITIONAL,0.750000,0.833333,1.000000,0.000000
CVS,SHORT,2024-03-06T05:00:00+00:00,2024-05-02T04:00:00+00:00,74.340000,55.150000,-0.25813828,40,TRANSITIONAL,TRANSITIONAL,0.500000,0.500000,-1.000000,1.000000
CVS,LONG,2024-05-03T04:00:00+00:00,2025-04-23T04:00:00+00:00,55.900000,65.570000,0.17298748,242,TRANSITIONAL,TRANSITIONAL,0.500000,0.416667,1.000000,0.000000
CVS,SHORT,2025-07-23T04:00:00+00:00,2025-12-12T05:00:00+00:00,61.850000,79.420000,0.28407437,100,TRANSITIONAL,TRANSITIONAL,0.500000,0.500000,-1.000000,-1.000000
CVX,LONG,2025-04-10T04:00:00+00:00,2025-12-12T05:00:00+00:00,134.980000,149.990000,0.11120166,170,TRANSITIONAL,TRANSITIONAL,0.750000,0.750000,1.000000,1.000000
DAL,LONG,2021-12-02T05:00:00+00:00,2021-12-03T05:00:00+00:00,36.640000,35.980000,-0.01801310,1,TRANSITIONAL,TRANSITIONAL,0.750000,0.500000,1.000000,-1.000000
DAL,SHORT,2021-12-06T05:00:00+00:00,2022-03-08T05:00:00+00:00,38.140000,31.220000,-0.18143681,63,TRANSITIONAL,TRANSITIONAL,0.500000,0.375000,-1.000000,1.000000
DAL,LONG,2022-03-09T05:00:00+00:00,2022-05-19T04:00:00+00:00,32.760000,39.240000,0.19780220,50,TRANSITIONAL,TRANSITIONAL,0.375000,0.500000,1.000000,-1.000000
DAL,SHORT,2022-05-20T04:00:00+00:00,2022-12-19T05:00:00+00:00,38.640000,32.920000,-0.14803313,146,TRANSITIONAL,TRANSITIONAL,0.500000,0.625000,-1.000000,0.000000
DAL,LONG,2022-12-20T05:00:00+00:00,2025-01-13T05:00:00+00:00,32.900000,65.100000,0.97872340,516,TRANSITIONAL,TRANSITIONAL,0.375000,0.300000,1.000000,-1.000000
DAL,SHORT,2025-01-14T05:00:00+00:00,2025-04-09T04:00:00+00:00,66.290000,44.270000,-0.33217680,59,TRANSITIONAL,TRANSITIONAL,0.300000,0.214286,-1.000000,-1.000000
DASH,LONG,2021-01-13T05:00:00+00:00,2021-01-19T05:00:00+00:00,198.000000,198.750000,0.00378788,3,TRANSITIONAL,TRANSITIONAL,0.750000,0.500000,1.000000,-1.000000
DASH,SHORT,2021-01-20T05:00:00+00:00,2021-02-22T05:00:00+00:00,189.460000,178.070000,-0.06011823,22,TRANSITIONAL,TRANSITIONAL,0.500000,0.416667,-1.000000,1.000000
DASH,SHORT,2021-02-23T05:00:00+00:00,2021-03-09T05:00:00+00:00,173.500000,141.480000,-0.18455331,10,TRANSITIONAL,TRANSITIONAL,0.357143,0.312500,-1.000000,1.000000
DASH,LONG,2021-03-10T05:00:00+00:00,2021-03-15T04:00:00+00:00,135.770000,140.690000,0.03623776,3,TRANSITIONAL,TRANSITIONAL,0.312500,0.375000,1.000000,-1.000000
DASH,SHORT,2021-03-16T04:00:00+00:00,2021-03-19T04:00:00+00:00,133.660000,135.030000,0.01024989,3,TRANSITIONAL,TRANSITIONAL,0.375000,0.312500,-1.000000,1.000000
DASH,LONG,2021-03-22T04:00:00+00:00,2021-05-13T04:00:00+00:00,135.910000,115.490000,-0.15024649,37,TRANSITIONAL,TRANSITIONAL,0.312500,0.277778,1.000000,-1.000000
DASH,LONG,2021-09-28T04:00:00+00:00,2021-12-02T05:00:00+00:00,206.320000,166.120000,-0.19484296,46,TRANSITIONAL,TRANSITIONAL,0.409091,0.333333,1.000000,-1.000000
DASH,SHORT,2021-12-03T05:00:00+00:00,2021-12-17T05:00:00+00:00,157.710000,148.810000,-0.05643269,10,TRANSITIONAL,STABLE,0.333333,0.307692,-1.000000,1.000000
DASH,LONG,2021-12-20T05:00:00+00:00,2021-12-31T05:00:00+00:00,148.070000,148.900000,0.00560546,8,STABLE,STABLE,0.307692,0.384615,1.000000,0.000000
DASH,SHORT,2022-01-03T05:00:00+00:00,2022-01-28T05:00:00+00:00,145.340000,103.670000,-0.28670703,18,STABLE,STABLE,0.346154,0.384615,-1.000000,0.000000
DASH,SHORT,2022-01-31T05:00:00+00:00,2022-02-01T05:00:00+00:00,113.490000,114.620000,0.00995682,1,STABLE,STABLE,0.346154,0.307692,-1.000000,1.000000
DASH,LONG,2022-02-02T05:00:00+00:00,2022-02-03T05:00:00+00:00,104.170000,92.290000,-0.11404435,1,STABLE,TRANSITIONAL,0.307692,0.346154,1.000000,-1.000000
DASH,LONG,2022-02-04T05:00:00+00:00,2022-02-15T05:00:00+00:00,98.490000,101.810000,0.03370901,7,TRANSITIONAL,TRANSITIONAL,0.321429,0.300000,1.000000,-1.000000
DASH,SHORT,2022-02-16T05:00:00+00:00,2022-02-17T05:00:00+00:00,94.890000,105.030000,0.10686058,1,TRANSITIONAL,TRANSITIONAL,0.300000,0.343750,-1.000000,1.000000
DASH,SHORT,2022-02-23T05:00:00+00:00,2022-02-25T05:00:00+00:00,90.550000,100.340000,0.10811706,2,TRANSITIONAL,TRANSITIONAL,0.352941,0.277778,-1.000000,-1.000000
DAY,LONG,2024-08-01T04:00:00+00:00,2025-04-10T04:00:00+00:00,56.560000,54.120000,-0.04314003,173,TRANSITIONAL,TRANSITIONAL,0.750000,0.500000,1.000000,-1.000000
DAY,SHORT,2025-04-11T04:00:00+00:00,2025-05-08T04:00:00+00:00,55.090000,58.330000,0.05881285,18,TRANSITIONAL,TRANSITIONAL,0.500000,0.400000,-1.000000,1.000000
DAY,LONG,2025-05-09T04:00:00+00:00,2025-06-23T04:00:00+00:00,56.710000,57.160000,0.00793511,29,TRANSITIONAL,TRANSITIONAL,0.400000,0.500000,1.000000,-1.000000
DAY,SHORT,2025-06-24T04:00:00+00:00,2025-12-12T05:00:00+00:00,57.750000,69.260000,0.19930736,120,TRANSITIONAL,TRANSITIONAL,0.500000,0.500000,-1.000000,-1.000000
DD,LONG,2021-02-02T05:00:00+00:00,2024-01-25T05:00:00+00:00,31.987400,26.824300,-0.16141043,749,TRANSITIONAL,TRANSITIONAL,0.750000,0.500000,1.000000,-1.000000
DD,SHORT,2024-01-26T05:00:00+00:00,2025-04-07T04:00:00+00:00,27.058600,24.175700,-0.10654284,299,TRANSITIONAL,TRANSITIONAL,0.500000,0.375000,-1.000000,1.000000
DD,LONG,2025-04-08T04:00:00+00:00,2025-04-10T04:00:00+00:00,23.066900,24.125500,0.04589260,2,TRANSITIONAL,TRANSITIONAL,0.375000,0.333333,1.000000,-1.000000
DD,SHORT,2025-04-11T04:00:00+00:00,2025-12-12T05:00:00+00:00,24.640200,40.930000,0.66110665,169,TRANSITIONAL,TRANSITIONAL,0.333333,0.333333,-1.000000,-1.000000
DDOG,LONG,2021-05-07T04:00:00+00:00,2021-10-29T04:00:00+00:00,77.290000,167.050000,1.16134041,122,TRANSITIONAL,TRANSITIONAL,0.750000,0.500000,1.000000,-1.000000
DDOG,SHORT,2021-11-01T04:00:00+00:00,2021-12-15T05:00:00+00:00,165.200000,171.020000,0.03523002,31,TRANSITIONAL,STABLE,0.500000,0.625000,-1.000000,1.000000
DDOG,LONG,2021-12-16T05:00:00+00:00,2022-01-26T05:00:00+00:00,164.050000,128.040000,-0.21950625,27,STABLE,TRANSITIONAL,0.625000,0.333333,1.000000,-1.000000
DDOG,SHORT,2022-01-27T05:00:00+00:00,2022-02-11T05:00:00+00:00,128.150000,167.400000,0.30628170,11,TRANSITIONAL,TRANSITIONAL,0.333333,0.285714,-1.000000,1.000000
DDOG,SHORT,2022-02-24T05:00:00+00:00,2022-03-10T05:00:00+00:00,159.860000,140.160000,-0.12323283,10,TRANSITIONAL,TRANSITIONAL,0.357143,0.312500,-1.000000,1.000000
DDOG,LONG,2022-03-11T05:00:00+00:00,2022-04-04T04:00:00+00:00,127.020000,156.560000,0.23256180,16,TRANSITIONAL,TRANSITIONAL,0.312500,0.375000,1.000000,-1.000000
DDOG,SHORT,2022-04-05T04:00:00+00:00,2022-05-10T04:00:00+00:00,146.900000,98.310000,-0.33076923,24,TRANSITIONAL,TRANSITIONAL,0.375000,0.333333,-1.000000,1.000000
DDOG,LONG,2022-05-11T04:00:00+00:00,2022-05-17T04:00:00+00:00,97.870000,95.050000,-0.02881373,4,TRANSITIONAL,TRANSITIONAL,0.333333,0.318182,1.000000,-1.000000
DDOG,SHORT,2022-05-18T04:00:00+00:00,2022-05-19T04:00:00+00:00,88.070000,96.525000,0.09600318,1,TRANSITIONAL,TRANSITIONAL,0.318182,0.291667,-1.000000,1.000000
DE,LONG,2022-05-23T04:00:00+00:00,2025-08-25T04:00:00+00:00,335.360000,487.900000,0.45485448,816,TRANSITIONAL,TRANSITIONAL,0.750000,0.833333,1.000000,0.000000
DE,SHORT,2025-08-28T04:00:00+00:00,2025-12-12T05:00:00+00:00,491.440000,484.800000,-0.01351131,74,TRANSITIONAL,TRANSITIONAL,0.500000,0.500000,-1.000000,-1.000000
DECK,LONG,2021-01-28T05:00:00+00:00,2021-10-12T04:00:00+00:00,48.441700,56.488300,0.16610895,178,TRANSITIONAL,TRANSITIONAL,0.750000,0.500000,1.000000,-1.000000
DECK,SHORT,2021-10-13T04:00:00+00:00,2022-05-23T04:00:00+00:00,57.895000,41.355000,-0.28568961,153,TRANSITIONAL,TRANSITIONAL,0.500000,0.375000,-1.000000,1.000000
DECK,LONG,2022-05-24T04:00:00+00:00,2022-07-25T04:00:00+00:00,40.153300,48.525000,0.20849345,41,TRANSITIONAL,TRANSITIONAL,0.375000,0.500000,1.000000,-1.000000
DECK,SHORT,2022-07-26T04:00:00+00:00,2023-01-10T05:00:00+00:00,45.996700,67.666700,0.47112075,116,TRANSITIONAL,TRANSITIONAL,0.500000,0.625000,-1.000000,0.000000
DECK,LONG,2023-01-11T05:00:00+00:00,2023-10-27T04:00:00+00:00,68.410000,96.061700,0.40420553,200,TRANSITIONAL,TRANSITIONAL,0.375000,0.400000,1.000000,-1.000000
DECK,SHORT,2023-10-30T04:00:00+00:00,2024-02-05T05:00:00+00:00,97.426700,141.901700,0.45649704,66,TRANSITIONAL,TRANSITIONAL,0.333333,0.285714,-1.000000,1.000000
DECK,LONG,2024-05-28T04:00:00+00:00,2024-09-17T04:00:00+00:00,179.856700,155.100000,-0.13764680,77,TRANSITIONAL,TRANSITIONAL,0.312500,0.375000,1.000000,0.000000
DECK,SHORT,2024-12-23T05:00:00+00:00,2025-04-03T04:00:00+00:00,207.650000,100.880000,-0.51418252,68,TRANSITIONAL,TRANSITIONAL,0.375000,0.272727,-1.000000,1.000000
DELL,LONG,2022-05-31T04:00:00+00:00,2022-08-29T04:00:00+00:00,49.940000,40.590000,-0.18722467,62,TRANSITIONAL,TRANSITIONAL,0.750000,0.500000,1.000000,-1.000000
DELL,SHORT,2022-08-30T04:00:00+00:00,2023-09-05T04:00:00+00:00,39.690000,68.100000,0.71579743,254,TRANSITIONAL,TRANSITIONAL,0.500000,0.300000,-1.000000,1.000000
DELL,LONG,2023-09-06T04:00:00+00:00,2023-09-25T04:00:00+00:00,70.470000,70.030000,-0.00624379,13,TRANSITIONAL,TRANSITIONAL,0.300000,0.500000,1.000000,0.000000
DELL,SHORT,2023-09-26T04:00:00+00:00,2024-03-01T05:00:00+00:00,68.930000,124.590000,0.80748586,108,TRANSITIONAL,TRANSITIONAL,0.400000,0.285714,-1.000000,-1.000000
DELL,LONG,2024-05-30T04:00:00+00:00,2024-05-31T04:00:00+00:00,169.920000,139.560000,-0.17867232,1,STABLE,TRANSITIONAL,0.388889,0.272727,1.000000,-1.000000
DELL,LONG,2024-11-29T05:00:00+00:00,2024-12-06T05:00:00+00:00,127.590000,123.400000,-0.03283956,5,STABLE,STABLE,0.346154,0.269231,1.000000,1.000000
DELL,SHORT,2025-03-05T05:00:00+00:00,2025-04-03T04:00:00+00:00,97.250000,77.230000,-0.20586118,21,STABLE,TRANSITIONAL,0.307692,0.200000,-1.000000,-1.000000
DG,LONG,2022-05-19T04:00:00+00:00,2022-05-31T04:00:00+00:00,201.330000,220.340000,0.09442209,7,TRANSITIONAL,TRANSITIONAL,0.750000,0.666667,1.000000,-1.000000
DG,SHORT,2022-06-01T04:00:00+00:00,2024-05-31T04:00:00+00:00,218.820000,136.910000,-0.37432593,502,TRANSITIONAL,STABLE,0.666667,0.333333,-1.000000,1.000000
DG,LONG,2024-06-03T04:00:00+00:00,2024-08-29T04:00:00+00:00,139.560000,84.030000,-0.39789338,61,STABLE,TRANSITIONAL,0.333333,0.312500,1.000000,-1.000000
DG,SHORT,2024-08-30T04:00:00+00:00,2025-06-04T04:00:00+00:00,82.970000,111.770000,0.34711341,189,TRANSITIONAL,STABLE,0.312500,0.277778,-1.000000,1.000000
DG,SHORT,2025-11-19T05:00:00+00:00,2025-12-05T05:00:00+00:00,99.650000,132.370000,0.32834922,11,STABLE,STABLE,0.333333,0.300000,-1.000000,1.000000
DG,LONG,2025-12-08T05:00:00+00:00,2025-12-12T05:00:00+00:00,124.270000,133.210000,0.07194013,4,STABLE,STABLE,0.300000,0.300000,1.000000,1.000000
DHI,LONG,2022-11-11T05:00:00+00:00,2025-12-12T05:00:00+00:00,84.920000,156.450000,0.84232219,773,TRANSITIONAL,TRANSITIONAL,0.750000,0.750000,1.000000,1.000000
DHR,LONG,2023-10-03T04:00:00+00:00,2025-07-01T04:00:00+00:00,215.700000,201.100000,-0.06768660,436,TRANSITIONAL,TRANSITIONAL,0.750000,0.750000,1.000000,0.000000
DHR,SHORT,2025-07-02T04:00:00+00:00,2025-12-12T05:00:00+00:00,202.500000,226.330000,0.11767901,114,TRANSITIONAL,TRANSITIONAL,0.500000,0.500000,-1.000000,-1.000000
DIS,LONG,2022-11-10T05:00:00+00:00,2024-08-07T04:00:00+00:00,90.460000,85.960000,-0.04974574,435,TRANSITIONAL,TRANSITIONAL,0.750000,0.750000,1.000000,0.000000
DIS,SHORT,2024-08-08T04:00:00+00:00,2025-04-10T04:00:00+00:00,85.960000,85.230000,-0.00849232,168,TRANSITIONAL,TRANSITIONAL,0.500000,0.400000,-1.000000,1.000000
DIS,LONG,2025-04-11T04:00:00+00:00,2025-12-12T05:00:00+00:00,84.890000,111.600000,0.31464248,169,TRANSITIONAL,TRANSITIONAL,0.400000,0.400000,1.000000,1.000000
DLTR,LONG,2021-08-27T04:00:00+00:00,2021-10-25T04:00:00+00:00,90.890000,105.020000,0.15546265,40,TRANSITIONAL,TRANSITIONAL,0.750000,0.833333,1.000000,0.000000
DLTR,SHORT,2021-10-26T04:00:00+00:00,2021-11-16T05:00:00+00:00,104.960000,132.590000,0.26324314,15,TRANSITIONAL,TRANSITIONAL,0.500000,0.375000,-1.000000,1.000000
DLTR,LONG,2021-11-17T05:00:00+00:00,2022-01-05T05:00:00+00:00,131.570000,140.400000,0.06711256,33,TRANSITIONAL,TRANSITIONAL,0.375000,0.625000,1.000000,0.000000
DLTR,SHORT,2022-01-06T05:00:00+00:00,2022-05-19T04:00:00+00:00,142.820000,135.570000,-0.05076320,92,TRANSITIONAL,TRANSITIONAL,0.500000,0.400000,-1.000000,1.000000
DLTR,LONG,2022-05-20T04:00:00+00:00,2022-05-26T04:00:00+00:00,127.880000,162.800000,0.27306850,4,TRANSITIONAL,TRANSITIONAL,0.400000,0.285714,1.000000,-1.000000
DLTR,SHORT,2022-09-20T04:00:00+00:00,2023-03-21T04:00:00+00:00,142.620000,140.980000,-0.01149909,125,TRANSITIONAL,TRANSITIONAL,0.500000,0.571429,-1.000000,0.000000
DLTR,LONG,2023-03-22T04:00:00+00:00,2023-05-26T04:00:00+00:00,138.630000,142.450000,0.02755536,46,TRANSITIONAL,TRANSITIONAL,0.500000,0.437500,1.000000,-1.000000
DLTR,SHORT,2023-05-30T04:00:00+00:00,2023-08-25T04:00:00+00:00,138.480000,123.310000,-0.10954650,61,TRANSITIONAL,TRANSITIONAL,0.437500,0.388889,-1.000000,1.000000
DLTR,LONG,2023-08-28T04:00:00+00:00,2023-11-17T05:00:00+00:00,124.560000,115.000000,-0.07675016,58,TRANSITIONAL,TRANSITIONAL,0.388889,0.500000,1.000000,-1.000000
DLTR,SHORT,2023-11-20T05:00:00+00:00,2024-02-08T05:00:00+00:00,115.600000,140.900000,0.21885813,54,TRANSITIONAL,TRANSITIONAL,0.500000,0.444444,-1.000000,0.000000
DLTR,LONG,2024-02-09T05:00:00+00:00,2024-04-23T04:00:00+00:00,139.500000,122.560000,-0.12143369,50,TRANSITIONAL,TRANSITIONAL,0.333333,0.300000,1.000000,-1.000000
DLTR,SHORT,2024-04-24T04:00:00+00:00,2024-08-30T04:00:00+00:00,122.390000,84.490000,-0.30966582,89,TRANSITIONAL,TRANSITIONAL,0.300000,0.272727,-1.000000,1.000000
DLTR,SHORT,2024-09-04T04:00:00+00:00,2025-02-24T05:00:00+00:00,63.560000,75.310000,0.18486469,117,TRANSITIONAL,TRANSITIONAL,0.307692,0.269231,-1.000000,-1.000000
DLTR,SHORT,2025-02-25T05:00:00+00:00,2025-03-03T05:00:00+00:00,76.220000,68.770000,-0.09774337,4,TRANSITIONAL,TRANSITIONAL,0.346154,0.269231,-1.000000,-1.000000
DLTR,LONG,2025-04-03T04:00:00+00:00,2025-04-04T04:00:00+00:00,67.220000,67.550000,0.00490925,1,TRANSITIONAL,TRANSITIONAL,0.300000,0.281250,1.000000,-1.000000
DOC,SHORT,2024-03-04T05:00:00+00:00,2025-12-12T05:00:00+00:00,16.850000,16.620000,-0.01364985,447,TRANSITIONAL,TRANSITIONAL,0.500000,0.500000,-1.000000,-1.000000
DOV,LONG,2025-04-10T04:00:00+00:00,2025-12-12T05:00:00+00:00,159.560000,199.120000,0.24793181,170,TRANSITIONAL,TRANSITIONAL,0.750000,0.750000,1.000000,1.000000
DOW,LONG,2025-04-09T04:00:00+00:00,2025-04-10T04:00:00+00:00,29.860000,27.290000,-0.08606832,1,TRANSITIONAL,TRANSITIONAL,0.750000,0.500000,1.000000,-1.000000
DOW,SHORT,2025-04-11T04:00:00+00:00,2025-07-24T04:00:00+00:00,28.430000,25.070000,-0.11818502,70,TRANSITIONAL,TRANSITIONAL,0.500000,0.400000,-1.000000,1.000000
DOW,SHORT,2025-07-25T04:00:00+00:00,2025-10-24T04:00:00+00:00,25.510000,24.810000,-0.02744022,64,TRANSITIONAL,TRANSITIONAL,0.333333,0.285714,-1.000000,1.000000
DPZ,LONG,2021-07-23T04:00:00+00:00,2022-11-16T05:00:00+00:00,525.450000,364.470000,-0.30636597,333,TRANSITIONAL,TRANSITIONAL,0.750000,0.833333,1.000000,0.000000
DPZ,SHORT,2022-11-17T05:00:00+00:00,2023-02-24T05:00:00+00:00,366.730000,297.470000,-0.18885829,66,TRANSITIONAL,TRANSITIONAL,0.500000,0.375000,-1.000000,1.000000
DPZ,LONG,2023-02-27T05:00:00+00:00,2023-06-21T04:00:00+00:00,295.630000,323.110000,0.09295403,79,TRANSITIONAL,TRANSITIONAL,0.375000,0.625000,1.000000,0.000000
DPZ,SHORT,2023-06-22T04:00:00+00:00,2023-07-13T04:00:00+00:00,321.040000,386.870000,0.20505233,14,TRANSITIONAL,TRANSITIONAL,0.500000,0.400000,-1.000000,1.000000
DPZ,LONG,2023-07-14T04:00:00+00:00,2023-11-30T05:00:00+00:00,384.660000,392.890000,0.02139552,97,TRANSITIONAL,TRANSITIONAL,0.400000,0.600000,1.000000,0.000000
DPZ,SHORT,2023-12-01T05:00:00+00:00,2024-07-19T04:00:00+00:00,397.180000,404.170000,0.01759907,157,TRANSITIONAL,TRANSITIONAL,0.500000,0.416667,-1.000000,1.000000
DPZ,LONG,2024-07-22T04:00:00+00:00,2024-09-27T04:00:00+00:00,415.550000,429.030000,0.03243894,48,TRANSITIONAL,TRANSITIONAL,0.416667,0.500000,1.000000,0.000000
DPZ,SHORT,2024-09-30T04:00:00+00:00,2025-08-06T04:00:00+00:00,430.140000,443.780000,0.03171061,212,TRANSITIONAL,TRANSITIONAL,0.333333,0.416667,-1.000000,1.000000
DPZ,LONG,2025-08-07T04:00:00+00:00,2025-12-12T05:00:00+00:00,442.420000,431.730000,-0.02416256,89,TRANSITIONAL,TRANSITIONAL,0.416667,0.416667,1.000000,1.000000
DRI,LONG,2022-03-08T05:00:00+00:00,2024-12-19T05:00:00+00:00,122.710000,183.440000,0.49490669,701,TRANSITIONAL,TRANSITIONAL,0.750000,0.500000,1.000000,-1.000000
DRI,SHORT,2024-12-20T05:00:00+00:00,2025-12-12T05:00:00+00:00,187.590000,182.280000,-0.02830641,244,TRANSITIONAL,TRANSITIONAL,0.500000,0.500000,-1.000000,-1.000000
DTE,LONG,2021-07-02T04:00:00+00:00,2025-12-12T05:00:00+00:00,111.740000,129.800000,0.16162520,1117,TRANSITIONAL,TRANSITIONAL,0.750000,0.750000,1.000000,1.000000
DVA,LONG,2021-11-01T04:00:00+00:00,2022-08-02T04:00:00+00:00,105.320000,86.450000,-0.17916825,188,TRANSITIONAL,TRANSITIONAL,0.750000,0.750000,1.000000,0.000000
DVA,SHORT,2022-08-03T04:00:00+00:00,2022-11-02T04:00:00+00:00,84.800000,69.760000,-0.17735849,64,TRANSITIONAL,TRANSITIONAL,0.500000,0.250000,-1.000000,-1.000000
DVA,SHORT,2023-10-12T04:00:00+00:00,2023-10-13T04:00:00+00:00,73.790000,73.200000,-0.00799566,1,TRANSITIONAL,TRANSITIONAL,0.388889,0.222222,-1.000000,-1.000000
DVA,LONG,2024-10-18T04:00:00+00:00,2024-10-22T04:00:00+00:00,161.970000,163.160000,0.00734704,2,TRANSITIONAL,TRANSITIONAL,0.388889,0.277778,1.000000,1.000000
DVA,LONG,2025-02-18T05:00:00+00:00,2025-03-03T05:00:00+00:00,155.050000,143.100000,-0.07707191,9,STABLE,STABLE,0.318182,0.227273,1.000000,1.000000
DVA,SHORT,2025-08-20T04:00:00+00:00,2025-08-26T04:00:00+00:00,137.420000,138.680000,0.00916897,4,STABLE,STABLE,0.363636,0.272727,-1.000000,-1.000000
DVA,LONG,2025-10-22T04:00:00+00:00,2025-10-28T04:00:00+00:00,129.080000,129.610000,0.00410598,4,STABLE,STABLE,0.318182,0.227273,1.000000,1.000000
DVN,LONG,2021-03-08T05:00:00+00:00,2021-08-04T04:00:00+00:00,24.570000,25.290000,0.02930403,104,TRANSITIONAL,TRANSITIONAL,0.750000,0.500000,1.000000,-1.000000
DVN,SHORT,2021-08-05T04:00:00+00:00,2021-08-25T04:00:00+00:00,26.630000,29.240000,0.09800976,14,TRANSITIONAL,TRANSITIONAL,0.500000,0.666667,-1.000000,1.000000
DVN,LONG,2021-08-26T04:00:00+00:00,2022-03-15T04:00:00+00:00,29.090000,53.010000,0.82227570,138,TRANSITIONAL,TRANSITIONAL,0.666667,0.500000,1.000000,-1.000000
DVN,SHORT,2022-03-16T04:00:00+00:00,2022-05-10T04:00:00+00:00,52.460000,63.760000,0.21540221,38,TRANSITIONAL,TRANSITIONAL,0.500000,0.400000,-1.000000,1.000000
DVN,LONG,2022-05-11T04:00:00+00:00,2022-08-11T04:00:00+00:00,64.680000,64.460000,-0.00340136,63,TRANSITIONAL,TRANSITIONAL,0.400000,0.500000,1.000000,0.000000
DVN,SHORT,2022-08-12T04:00:00+00:00,2022-11-03T04:00:00+00:00,65.550000,70.730000,0.07902365,58,TRANSITIONAL,TRANSITIONAL,0.333333,0.285714,-1.000000,1.000000
DVN,SHORT,2022-12-30T05:00:00+00:00,2023-03-16T04:00:00+00:00,61.510000,46.270000,-0.24776459,51,TRANSITIONAL,TRANSITIONAL,0.357143,0.312500,-1.000000,1.000000
DVN,LONG,2023-03-17T04:00:00+00:00,2025-04-07T04:00:00+00:00,46.150000,28.610000,-0.38006501,515,TRANSITIONAL,TRANSITIONAL,0.312500,0.277778,1.000000,-1.000000
DVN,LONG,2025-04-09T04:00:00+00:00,2025-04-10T04:00:00+00:00,31.070000,27.750000,-0.10685549,1,TRANSITIONAL,TRANSITIONAL,0.450000,0.318182,1.000000,-1.000000
DVN,SHORT,2025-04-11T04:00:00+00:00,2025-12-12T05:00:00+00:00,28.230000,37.520000,0.32908254,169,TRANSITIONAL,TRANSITIONAL,0.333333,0.333333,-1.000000,-1.000000
DXCM,LONG,2021-08-02T04:00:00+00:00,2022-06-15T04:00:00+00:00,127.837500,71.510000,-0.44061797,220,TRANSITIONAL,TRANSITIONAL,0.750000,0.500000,1.000000,-1.000000
DXCM,SHORT,2022-06-16T04:00:00+00:00,2022-10-28T04:00:00+00:00,67.990000,120.870000,0.77776144,93,TRANSITIONAL,TRANSITIONAL,0.500000,0.400000,-1.000000,1.000000
DXCM,SHORT,2022-10-31T04:00:00+00:00,2024-04-29T04:00:00+00:00,120.780000,125.810000,0.04164597,374,TRANSITIONAL,TRANSITIONAL,0.333333,0.312500,-1.000000,1.000000
DXCM,LONG,2024-04-30T04:00:00+00:00,2024-07-26T04:00:00+00:00,127.390000,64.000000,-0.49760578,60,TRANSITIONAL,TRANSITIONAL,0.312500,0.300000,1.000000,-1.000000
DXCM,SHORT,2024-07-29T04:00:00+00:00,2024-08-07T04:00:00+00:00,67.480000,69.320000,0.02726734,7,TRANSITIONAL,STABLE,0.300000,0.272727,-1.000000,1.000000
EA,LONG,2025-01-24T05:00:00+00:00,2025-12-12T05:00:00+00:00,116.560000,203.730000,0.74785518,223,TRANSITIONAL,TRANSITIONAL,0.750000,0.750000,1.000000,1.000000
EBAY,LONG,2021-04-30T04:00:00+00:00,2022-05-06T04:00:00+00:00,55.790000,48.810000,-0.12511203,257,TRANSITIONAL,TRANSITIONAL,0.750000,0.500000,1.000000,-1.000000
EBAY,SHORT,2022-05-09T04:00:00+00:00,2023-05-18T04:00:00+00:00,49.260000,44.120000,-0.10434430,258,TRANSITIONAL,TRANSITIONAL,0.500000,0.500000,-1.000000,1.000000
EBAY,LONG,2023-05-19T04:00:00+00:00,2023-09-29T04:00:00+00:00,43.480000,44.090000,0.01402944,91,TRANSITIONAL,TRANSITIONAL,0.500000,0.750000,1.000000,0.000000
EBAY,SHORT,2023-10-02T04:00:00+00:00,2024-10-10T04:00:00+00:00,43.550000,66.050000,0.51664753,258,TRANSITIONAL,TRANSITIONAL,0.500000,0.500000,-1.000000,1.000000
EBAY,LONG,2024-10-11T04:00:00+00:00,2025-05-08T04:00:00+00:00,66.330000,70.560000,0.06377205,142,TRANSITIONAL,TRANSITIONAL,0.500000,0.600000,1.000000,0.000000
EBAY,SHORT,2025-05-09T04:00:00+00:00,2025-08-01T04:00:00+00:00,69.510000,91.740000,0.31981010,57,TRANSITIONAL,TRANSITIONAL,0.400000,0.333333,-1.000000,1.000000
EBAY,LONG,2025-08-04T04:00:00+00:00,2025-12-12T05:00:00+00:00,92.860000,85.360000,-0.08076675,92,TRANSITIONAL,TRANSITIONAL,0.333333,0.333333,1.000000,1.000000
EFX,LONG,2021-04-23T04:00:00+00:00,2022-11-11T05:00:00+00:00,229.720000,193.990000,-0.15553718,393,TRANSITIONAL,TRANSITIONAL,0.750000,0.500000,1.000000,-1.000000
EFX,SHORT,2022-11-14T05:00:00+00:00,2024-05-31T04:00:00+00:00,197.910000,231.390000,0.16916780,387,TRANSITIONAL,TRANSITIONAL,0.500000,0.833333,-1.000000,0.000000
EFX,LONG,2024-06-03T04:00:00+00:00,2025-04-10T04:00:00+00:00,231.140000,217.730000,-0.05801679,214,TRANSITIONAL,TRANSITIONAL,0.500000,0.375000,1.000000,-1.000000
EFX,SHORT,2025-04-11T04:00:00+00:00,2025-07-23T04:00:00+00:00,220.240000,245.860000,0.11632764,69,TRANSITIONAL,TRANSITIONAL,0.375000,0.416667,-1.000000,1.000000
EFX,LONG,2025-07-24T04:00:00+00:00,2025-11-28T05:00:00+00:00,245.980000,212.370000,-0.13663712,89,TRANSITIONAL,TRANSITIONAL,0.416667,0.583333,1.000000,0.000000
EFX,SHORT,2025-12-01T05:00:00+00:00,2025-12-12T05:00:00+00:00,208.940000,220.830000,0.05690629,9,TRANSITIONAL,TRANSITIONAL,0.500000,0.500000,-1.000000,-1.000000
EG,LONG,2025-10-29T04:00:00+00:00,2025-12-12T05:00:00+00:00,309.450000,327.160000,0.05723057,31,TRANSITIONAL,TRANSITIONAL,0.750000,0.750000,1.000000,1.000000
EIX,LONG,2025-01-14T05:00:00+00:00,2025-09-30T04:00:00+00:00,58.430000,55.280000,-0.05391066,178,TRANSITIONAL,TRANSITIONAL,0.750000,0.833333,1.000000,0.000000
EIX,SHORT,2025-10-01T04:00:00+00:00,2025-12-12T05:00:00+00:00,56.280000,58.310000,0.03606965,51,TRANSITIONAL,TRANSITIONAL,0.500000,0.500000,-1.000000,-1.000000
EL,LONG,2021-05-04T04:00:00+00:00,2022-12-01T05:00:00+00:00,302.110000,231.960000,-0.23220019,399,TRANSITIONAL,TRANSITIONAL,0.750000,0.500000,1.000000,-1.000000
EL,SHORT,2022-12-02T05:00:00+00:00,2023-05-04T04:00:00+00:00,239.010000,201.000000,-0.15903100,104,TRANSITIONAL,TRANSITIONAL,0.500000,0.375000,-1.000000,1.000000
EL,LONG,2023-05-05T04:00:00+00:00,2023-08-22T04:00:00+00:00,203.540000,149.590000,-0.26505847,74,TRANSITIONAL,TRANSITIONAL,0.375000,0.625000,1.000000,0.000000
EL,SHORT,2023-08-23T04:00:00+00:00,2024-02-06T05:00:00+00:00,152.870000,146.210000,-0.04356643,114,TRANSITIONAL,TRANSITIONAL,0.500000,0.312500,-1.000000,1.000000
EL,LONG,2024-02-07T05:00:00+00:00,2024-04-18T04:00:00+00:00,141.930000,144.810000,0.02029169,49,TRANSITIONAL,TRANSITIONAL,0.312500,0.437500,1.000000,0.000000
EL,SHORT,2024-04-22T04:00:00+00:00,2024-05-02T04:00:00+00:00,147.420000,134.940000,-0.08465608,8,TRANSITIONAL,TRANSITIONAL,0.375000,0.333333,-1.000000,1.000000
EL,LONG,2024-05-03T04:00:00+00:00,2024-07-10T04:00:00+00:00,132.940000,102.210000,-0.23115691,45,TRANSITIONAL,TRANSITIONAL,0.333333,0.444444,1.000000,0.000000
EL,SHORT,2024-07-11T04:00:00+00:00,2024-09-27T04:00:00+00:00,101.610000,99.870000,-0.01712430,55,TRANSITIONAL,STABLE,0.388889,0.350000,-1.000000,1.000000
EL,LONG,2024-09-30T04:00:00+00:00,2024-10-31T04:00:00+00:00,99.690000,68.940000,-0.30845621,23,STABLE,TRANSITIONAL,0.350000,0.333333,1.000000,-1.000000
EL,SHORT,2024-11-01T04:00:00+00:00,2025-02-05T05:00:00+00:00,66.580000,65.940000,-0.00961250,63,TRANSITIONAL,TRANSITIONAL,0.333333,0.307692,-1.000000,1.000000
EL,LONG,2025-02-06T05:00:00+00:00,2025-04-10T04:00:00+00:00,64.260000,53.300000,-0.17055711,44,TRANSITIONAL,STABLE,0.307692,0.312500,1.000000,-1.000000
EL,SHORT,2025-04-11T04:00:00+00:00,2025-06-17T04:00:00+00:00,55.230000,74.790000,0.35415535,45,STABLE,STABLE,0.312500,0.294118,-1.000000,1.000000
EL,SHORT,2025-08-26T04:00:00+00:00,2025-10-31T04:00:00+00:00,89.820000,96.690000,0.07648631,47,STABLE,STABLE,0.323529,0.352941,-1.000000,0.000000
ELV,LONG,2025-05-14T04:00:00+00:00,2025-08-06T04:00:00+00:00,374.290000,276.300000,-0.26180235,57,TRANSITIONAL,TRANSITIONAL,0.750000,0.500000,1.000000,-1.000000
ELV,SHORT,2025-08-07T04:00:00+00:00,2025-12-12T05:00:00+00:00,283.480000,359.070000,0.26665020,89,TRANSITIONAL,TRANSITIONAL,0.500000,0.500000,-1.000000,-1.000000
EME,SHORT,2025-01-27T05:00:00+00:00,2025-04-10T04:00:00+00:00,430.000000,375.200000,-0.12744186,52,TRANSITIONAL,STABLE,0.500000,0.500000,-1.000000,1.000000
EME,LONG,2025-04-11T04:00:00+00:00,2025-10-09T04:00:00+00:00,383.730000,680.830000,0.77424231,124,STABLE,STABLE,0.500000,0.750000,1.000000,0.000000
EME,SHORT,2025-10-13T04:00:00+00:00,2025-10-30T04:00:00+00:00,677.020000,648.000000,-0.04286432,13,STABLE,TRANSITIONAL,0.625000,0.500000,-1.000000,1.000000
EME,SHORT,2025-10-31T04:00:00+00:00,2025-12-12T05:00:00+00:00,675.780000,623.650000,-0.07714049,29,TRANSITIONAL,TRANSITIONAL,0.583333,0.583333,-1.000000,-1.000000
EMR,LONG,2024-02-08T05:00:00+00:00,2025-03-12T04:00:00+00:00,102.380000,110.840000,0.08263333,272,TRANSITIONAL,TRANSITIONAL,0.750000,0.833333,1.000000,0.000000
EMR,SHORT,2025-03-13T04:00:00+00:00,2025-04-10T04:00:00+00:00,109.200000,99.730000,-0.08672161,20,TRANSITIONAL,TRANSITIONAL,0.500000,0.375000,-1.000000,1.000000
EMR,LONG,2025-04-11T04:00:00+00:00,2025-11-12T05:00:00+00:00,100.490000,132.440000,0.31794208,148,TRANSITIONAL,TRANSITIONAL,0.375000,0.625000,1.000000,0.000000
EMR,SHORT,2025-11-14T05:00:00+00:00,2025-12-12T05:00:00+00:00,127.580000,136.640000,0.07101427,19,TRANSITIONAL,TRANSITIONAL,0.500000,0.500000,-1.000000,-1.000000
EOG,LONG,2022-05-09T04:00:00+00:00,2022-05-10T04:00:00+00:00,117.940000,119.560000,0.01373580,1,TRANSITIONAL,TRANSITIONAL,0.750000,0.500000,1.000000,-1.000000
EOG,SHORT,2022-05-11T04:00:00+00:00,2025-12-12T05:00:00+00:00,121.290000,108.010000,-0.10948965,901,TRANSITIONAL,TRANSITIONAL,0.500000,0.500000,-1.000000,-1.000000
EPAM,LONG,2021-12-09T05:00:00+00:00,2022-02-28T05:00:00+00:00,700.010000,207.750000,-0.70321853,54,TRANSITIONAL,TRANSITIONAL,0.750000,0.400000,1.000000,-1.000000
EPAM,SHORT,2022-03-01T05:00:00+00:00,2022-03-08T05:00:00+00:00,211.210000,186.750000,-0.11580891,5,TRANSITIONAL,STABLE,0.400000,0.272727,-1.000000,-1.000000
EPAM,SHORT,2022-03-11T05:00:00+00:00,2022-03-16T04:00:00+00:00,200.140000,281.720000,0.40761467,3,STABLE,STABLE,0.321429,0.294118,-1.000000,-1.000000
EPAM,SHORT,2022-03-18T04:00:00+00:00,2022-03-22T04:00:00+00:00,294.470000,303.540000,0.03080110,2,STABLE,STABLE,0.305556,0.275000,-1.000000,-1.000000
EQIX,LONG,2024-05-10T04:00:00+00:00,2025-12-12T05:00:00+00:00,757.680000,750.320000,-0.00971386,399,TRANSITIONAL,TRANSITIONAL,0.750000,0.750000,1.000000,1.000000
EQT,LONG,2021-05-07T04:00:00+00:00,2021-05-10T04:00:00+00:00,20.690000,20.950000,0.01256646,1,TRANSITIONAL,TRANSITIONAL,0.750000,0.500000,1.000000,-1.000000
EQT,SHORT,2021-05-11T04:00:00+00:00,2021-09-28T04:00:00+00:00,20.930000,22.080000,0.05494505,97,TRANSITIONAL,TRANSITIONAL,0.500000,0.375000,-1.000000,1.000000
EQT,LONG,2021-09-29T04:00:00+00:00,2021-10-01T04:00:00+00:00,20.740000,20.620000,-0.00578592,2,TRANSITIONAL,TRANSITIONAL,0.375000,0.500000,1.000000,-1.000000
EQT,SHORT,2021-10-04T04:00:00+00:00,2022-02-14T05:00:00+00:00,21.480000,22.770000,0.06005587,92,TRANSITIONAL,TRANSITIONAL,0.500000,0.375000,-1.000000,1.000000
EQT,LONG,2022-02-15T05:00:00+00:00,2022-04-05T04:00:00+00:00,23.100000,36.230000,0.56839827,34,TRANSITIONAL,TRANSITIONAL,0.375000,0.300000,1.000000,-1.000000
EQT,SHORT,2022-04-06T04:00:00+00:00,2022-05-10T04:00:00+00:00,37.320000,36.600000,-0.01929260,23,TRANSITIONAL,TRANSITIONAL,0.300000,0.250000,-1.000000,1.000000
EQT,LONG,2022-07-08T04:00:00+00:00,2022-07-26T04:00:00+00:00,34.200000,45.570000,0.33245614,12,TRANSITIONAL,TRANSITIONAL,0.312500,0.375000,1.000000,0.000000
EQT,LONG,2022-12-13T05:00:00+00:00,2024-02-22T05:00:00+00:00,37.110000,37.320000,0.00565885,298,TRANSITIONAL,TRANSITIONAL,0.312500,0.277778,1.000000,-1.000000
EQT,SHORT,2024-12-23T05:00:00+00:00,2024-12-31T05:00:00+00:00,43.860000,46.110000,0.05129959,5,TRANSITIONAL,TRANSITIONAL,0.388889,0.277778,-1.000000,-1.000000
EQT,SHORT,2025-01-28T05:00:00+00:00,2025-04-07T04:00:00+00:00,49.900000,47.310000,-0.05190381,48,TRANSITIONAL,TRANSITIONAL,0.300000,0.272727,-1.000000,1.000000
EQT,SHORT,2025-05-27T04:00:00+00:00,2025-07-22T04:00:00+00:00,56.560000,54.340000,-0.03925035,38,TRANSITIONAL,TRANSITIONAL,0.318182,0.291667,-1.000000,1.000000
EQT,SHORT,2025-11-14T05:00:00+00:00,2025-12-12T05:00:00+00:00,59.900000,55.570000,-0.07228715,19,TRANSITIONAL,TRANSITIONAL,0.333333,0.333333,-1.000000,-1.000000
ERIE,LONG,2023-08-03T04:00:00+00:00,2025-12-12T05:00:00+00:00,267.280000,287.330000,0.07501497,593,TRANSITIONAL,TRANSITIONAL,0.750000,0.750000,1.000000,1.000000
ES,LONG,2025-11-20T05:00:00+00:00,2025-12-12T05:00:00+00:00,63.550000,68.110000,0.07175452,15,TRANSITIONAL,TRANSITIONAL,0.750000,0.750000,1.000000,1.000000
ETN,LONG,2025-01-28T05:00:00+00:00,2025-08-07T04:00:00+00:00,312.670000,360.160000,0.15188537,132,TRANSITIONAL,TRANSITIONAL,0.750000,0.833333,1.000000,0.000000
ETN,SHORT,2025-08-11T04:00:00+00:00,2025-12-12T05:00:00+00:00,360.110000,331.980000,-0.07811502,87,TRANSITIONAL,TRANSITIONAL,0.666667,0.666667,-1.000000,-1.000000
ETR,LONG,2024-11-01T04:00:00+00:00,2025-12-12T05:00:00+00:00,72.395000,92.350000,0.27564058,278,TRANSITIONAL,TRANSITIONAL,0.750000,0.750000,1.000000,1.000000
EW,LONG,2022-10-31T04:00:00+00:00,2024-05-21T04:00:00+00:00,72.430000,90.340000,0.24727323,390,TRANSITIONAL,TRANSITIONAL,0.750000,0.666667,1.000000,-1.000000
EW,SHORT,2024-05-22T04:00:00+00:00,2025-12-12T05:00:00+00:00,90.210000,83.080000,-0.07903780,391,TRANSITIONAL,TRANSITIONAL,0.666667,0.666667,-1.000000,-1.000000
EXC,SHORT,2022-02-02T05:00:00+00:00,2025-12-12T05:00:00+00:00,42.860000,43.570000,0.01656556,969,TRANSITIONAL,TRANSITIONAL,0.666667,0.666667,-1.000000,-1.000000
EXE,LONG,2025-04-07T04:00:00+00:00,2025-12-12T05:00:00+00:00,100.060000,112.790000,0.12722367,173,TRANSITIONAL,TRANSITIONAL,0.750000,0.750000,1.000000,1.000000
EXPE,LONG,2021-11-05T04:00:00+00:00,2021-11-08T05:00:00+00:00,182.170000,188.430000,0.03436351,1,TRANSITIONAL,TRANSITIONAL,0.750000,0.500000,1.000000,-1.000000
EXPE,SHORT,2021-11-09T05:00:00+00:00,2021-11-29T05:00:00+00:00,188.000000,166.500000,-0.11436170,13,TRANSITIONAL,TRANSITIONAL,0.500000,0.375000,-1.000000,1.000000
EXPE,LONG,2021-11-30T05:00:00+00:00,2022-01-05T05:00:00+00:00,161.090000,181.300000,0.12545782,25,TRANSITIONAL,TRANSITIONAL,0.375000,0.625000,1.000000,0.000000
EXPE,SHORT,2022-01-06T05:00:00+00:00,2022-03-08T05:00:00+00:00,177.580000,165.690000,-0.06695574,41,TRANSITIONAL,TRANSITIONAL,0.500000,0.400000,-1.000000,1.000000
EXPE,LONG,2022-03-09T05:00:00+00:00,2022-08-22T04:00:00+00:00,174.680000,105.880000,-0.39386306,114,TRANSITIONAL,TRANSITIONAL,0.400000,0.357143,1.000000,-1.000000
EXPE,SHORT,2022-08-23T04:00:00+00:00,2022-10-24T04:00:00+00:00,105.970000,95.860000,-0.09540436,43,TRANSITIONAL,TRANSITIONAL,0.357143,0.500000,-1.000000,0.000000
EXPE,LONG,2022-10-25T04:00:00+00:00,2023-02-13T05:00:00+00:00,98.710000,111.350000,0.12805187,75,TRANSITIONAL,TRANSITIONAL,0.428571,0.375000,1.000000,-1.000000
EXPE,SHORT,2023-02-14T05:00:00+00:00,2023-08-04T04:00:00+00:00,114.950000,103.190000,-0.10230535,118,TRANSITIONAL,TRANSITIONAL,0.375000,0.388889,-1.000000,1.000000
EXPE,LONG,2023-08-07T04:00:00+00:00,2023-08-23T04:00:00+00:00,107.490000,107.590000,0.00093032,12,TRANSITIONAL,TRANSITIONAL,0.388889,0.444444,1.000000,-1.000000
EXPE,SHORT,2023-08-24T04:00:00+00:00,2023-11-06T05:00:00+00:00,105.960000,111.590000,0.05313326,51,TRANSITIONAL,TRANSITIONAL,0.444444,0.400000,-1.000000,1.000000
EXPE,LONG,2023-11-07T05:00:00+00:00,2024-02-12T05:00:00+00:00,118.050000,133.600000,0.13172385,65,TRANSITIONAL,TRANSITIONAL,0.400000,0.375000,1.000000,-1.000000
EXPE,SHORT,2024-02-13T05:00:00+00:00,2024-05-03T04:00:00+00:00,134.840000,115.330000,-0.14469000,56,TRANSITIONAL,TRANSITIONAL,0.375000,0.346154,-1.000000,1.000000
EXPE,SHORT,2024-05-06T04:00:00+00:00,2024-08-12T04:00:00+00:00,116.020000,126.890000,0.09369074,67,TRANSITIONAL,STABLE,0.321429,0.300000,-1.000000,1.000000
EXPE,LONG,2024-08-13T04:00:00+00:00,2025-02-13T05:00:00+00:00,130.580000,203.200000,0.55613417,126,STABLE,TRANSITIONAL,0.300000,0.281250,1.000000,-1.000000
EXR,LONG,2022-11-03T04:00:00+00:00,2024-02-21T05:00:00+00:00,154.250000,143.110000,-0.07222042,324,TRANSITIONAL,TRANSITIONAL,0.750000,0.750000,1.000000,0.000000
EXR,SHORT,2024-02-22T05:00:00+00:00,2025-08-01T04:00:00+00:00,141.390000,139.300000,-0.01478181,361,TRANSITIONAL,TRANSITIONAL,0.500000,0.600000,-1.000000,1.000000
EXR,LONG,2025-08-04T04:00:00+00:00,2025-10-09T04:00:00+00:00,138.060000,143.080000,0.03636100,47,TRANSITIONAL,TRANSITIONAL,0.600000,0.700000,1.000000,0.000000
EXR,SHORT,2025-10-10T04:00:00+00:00,2025-12-12T05:00:00+00:00,141.980000,134.480000,-0.05282434,44,TRANSITIONAL,TRANSITIONAL,0.500000,0.500000,-1.000000,-1.000000
F,LONG,2021-04-30T04:00:00+00:00,2022-01-24T05:00:00+00:00,11.540000,20.390000,0.76689775,185,TRANSITIONAL,TRANSITIONAL,0.750000,0.625000,1.000000,0.000000
F,SHORT,2022-01-25T05:00:00+00:00,2022-02-07T05:00:00+00:00,19.980000,17.890000,-0.10460460,9,TRANSITIONAL,TRANSITIONAL,0.500000,0.400000,-1.000000,1.000000
F,LONG,2022-02-08T05:00:00+00:00,2022-03-11T05:00:00+00:00,17.720000,16.040000,-0.09480813,22,TRANSITIONAL,TRANSITIONAL,0.400000,0.500000,1.000000,-1.000000
F,SHORT,2022-03-14T04:00:00+00:00,2022-05-16T04:00:00+00:00,15.740000,13.050000,-0.17090216,44,TRANSITIONAL,TRANSITIONAL,0.500000,0.416667,-1.000000,1.000000
F,LONG,2022-05-17T04:00:00+00:00,2022-11-18T05:00:00+00:00,13.530000,13.990000,0.03399852,129,TRANSITIONAL,TRANSITIONAL,0.416667,0.357143,1.000000,-1.000000
F,SHORT,2022-11-21T05:00:00+00:00,2023-02-06T05:00:00+00:00,13.950000,13.140000,-0.05806452,51,TRANSITIONAL,TRANSITIONAL,0.357143,0.428571,-1.000000,1.000000
F,LONG,2023-02-07T05:00:00+00:00,2023-10-30T04:00:00+00:00,13.450000,9.770000,-0.27360595,183,TRANSITIONAL,TRANSITIONAL,0.428571,0.375000,1.000000,-1.000000
F,SHORT,2023-10-31T04:00:00+00:00,2025-04-09T04:00:00+00:00,9.750000,9.500000,-0.02564103,360,TRANSITIONAL,STABLE,0.375000,0.272727,-1.000000,1.000000
FANG,LONG,2021-04-05T04:00:00+00:00,2022-05-10T04:00:00+00:00,75.400000,129.840000,0.72201592,278,TRANSITIONAL,TRANSITIONAL,0.750000,0.500000,1.000000,-1.000000
FANG,SHORT,2022-05-11T04:00:00+00:00,2022-06-21T04:00:00+00:00,125.270000,132.280000,0.05595913,27,TRANSITIONAL,TRANSITIONAL,0.500000,0.375000,-1.000000,1.000000
FANG,SHORT,2022-06-22T04:00:00+00:00,2023-08-28T04:00:00+00:00,126.100000,150.680000,0.19492466,297,TRANSITIONAL,TRANSITIONAL,0.300000,0.500000,-1.000000,0.000000
FANG,LONG,2023-08-30T04:00:00+00:00,2025-04-07T04:00:00+00:00,151.310000,124.530000,-0.17698764,401,TRANSITIONAL,TRANSITIONAL,0.400000,0.500000,1.000000,-1.000000
FANG,SHORT,2025-04-08T04:00:00+00:00,2025-04-09T04:00:00+00:00,119.250000,134.930000,0.13148847,1,TRANSITIONAL,TRANSITIONAL,0.500000,0.428571,-1.000000,1.000000
FCX,LONG,2021-03-05T05:00:00+00:00,2022-05-18T04:00:00+00:00,35.020000,35.340000,0.00913764,304,TRANSITIONAL,TRANSITIONAL,0.750000,0.500000,1.000000,-1.000000
FCX,SHORT,2022-05-19T04:00:00+00:00,2022-10-24T04:00:00+00:00,36.720000,31.050000,-0.15441176,108,TRANSITIONAL,TRANSITIONAL,0.500000,0.375000,-1.000000,1.000000
FCX,LONG,2022-10-25T04:00:00+00:00,2022-11-14T05:00:00+00:00,31.670000,37.890000,0.19640038,14,TRANSITIONAL,TRANSITIONAL,0.375000,0.300000,1.000000,-1.000000
FCX,SHORT,2022-11-15T05:00:00+00:00,2024-02-16T05:00:00+00:00,38.090000,38.830000,0.01942767,314,TRANSITIONAL,TRANSITIONAL,0.300000,0.500000,-1.000000,0.000000
FCX,LONG,2024-02-20T05:00:00+00:00,2025-04-07T04:00:00+00:00,38.140000,30.370000,-0.20372313,283,TRANSITIONAL,TRANSITIONAL,0.400000,0.333333,1.000000,-1.000000
FCX,SHORT,2025-04-08T04:00:00+00:00,2025-04-10T04:00:00+00:00,29.210000,31.350000,0.07326258,2,TRANSITIONAL,TRANSITIONAL,0.333333,0.250000,-1.000000,-1.000000
FCX,SHORT,2025-09-24T04:00:00+00:00,2025-09-25T04:00:00+00:00,37.670000,35.340000,-0.06185293,1,TRANSITIONAL,TRANSITIONAL,0.300000,0.272727,-1.000000,1.000000
FDX,LONG,2022-06-15T04:00:00+00:00,2022-09-16T04:00:00+00:00,232.780000,161.020000,-0.30827391,64,TRANSITIONAL,TRANSITIONAL,0.750000,0.375000,1.000000,-1.000000
FDX,SHORT,2022-09-19T04:00:00+00:00,2023-12-21T05:00:00+00:00,162.900000,247.360000,0.51847759,317,TRANSITIONAL,TRANSITIONAL,0.375000,0.300000,-1.000000,1.000000
FDX,LONG,2023-12-22T05:00:00+00:00,2024-01-19T05:00:00+00:00,248.030000,246.530000,-0.00604766,17,TRANSITIONAL,TRANSITIONAL,0.300000,0.500000,1.000000,0.000000
FDX,SHORT,2024-01-22T05:00:00+00:00,2024-06-27T04:00:00+00:00,250.690000,295.470000,0.17862699,109,TRANSITIONAL,TRANSITIONAL,0.400000,0.333333,-1.000000,1.000000
FDX,LONG,2024-06-28T04:00:00+00:00,2024-12-09T05:00:00+00:00,299.840000,279.530000,-0.06773613,113,TRANSITIONAL,TRANSITIONAL,0.333333,0.285714,1.000000,-1.000000
FE,LONG,2025-02-28T05:00:00+00:00,2025-12-12T05:00:00+00:00,38.770000,44.260000,0.14160433,199,TRANSITIONAL,TRANSITIONAL,0.750000,0.750000,1.000000,1.000000
FFIV,LONG,2021-04-29T04:00:00+00:00,2022-04-28T04:00:00+00:00,190.560000,175.910000,-0.07687867,252,TRANSITIONAL,TRANSITIONAL,0.750000,0.500000,1.000000,-1.000000
FFIV,SHORT,2022-04-29T04:00:00+00:00,2023-05-09T04:00:00+00:00,167.410000,134.760000,-0.19503017,257,TRANSITIONAL,TRANSITIONAL,0.500000,0.833333,-1.000000,0.000000
FFIV,LONG,2023-05-10T04:00:00+00:00,2024-05-01T04:00:00+00:00,135.260000,166.620000,0.23184977,245,TRANSITIONAL,TRANSITIONAL,0.500000,0.375000,1.000000,-1.000000
FFIV,SHORT,2024-05-02T04:00:00+00:00,2024-07-31T04:00:00+00:00,166.070000,203.640000,0.22622990,61,TRANSITIONAL,TRANSITIONAL,0.375000,0.400000,-1.000000,1.000000
FFIV,LONG,2024-08-01T04:00:00+00:00,2024-10-08T04:00:00+00:00,195.480000,219.510000,0.12292818,47,TRANSITIONAL,TRANSITIONAL,0.400000,0.600000,1.000000,0.000000
FFIV,SHORT,2024-10-09T04:00:00+00:00,2025-01-30T05:00:00+00:00,222.050000,301.480000,0.35771223,76,TRANSITIONAL,TRANSITIONAL,0.500000,0.416667,-1.000000,1.000000
FFIV,LONG,2025-01-31T05:00:00+00:00,2025-07-01T04:00:00+00:00,297.260000,295.970000,-0.00433964,103,TRANSITIONAL,TRANSITIONAL,0.416667,0.500000,1.000000,0.000000
FFIV,SHORT,2025-07-02T04:00:00+00:00,2025-10-17T04:00:00+00:00,296.120000,300.900000,0.01614210,75,TRANSITIONAL,TRANSITIONAL,0.357143,0.312500,-1.000000,1.000000
FFIV,LONG,2025-10-20T04:00:00+00:00,2025-12-12T05:00:00+00:00,296.500000,262.670000,-0.11409781,38,TRANSITIONAL,TRANSITIONAL,0.312500,0.312500,1.000000,1.000000
FICO,LONG,2021-01-28T05:00:00+00:00,2022-01-31T05:00:00+00:00,491.150000,494.990000,0.00781839,254,TRANSITIONAL,TRANSITIONAL,0.750000,0.500000,1.000000,-1.000000
FICO,SHORT,2022-02-01T05:00:00+00:00,2022-07-27T04:00:00+00:00,497.540000,437.670000,-0.12033203,121,TRANSITIONAL,TRANSITIONAL,0.500000,0.375000,-1.000000,1.000000
FICO,LONG,2022-07-28T04:00:00+00:00,2022-11-10T05:00:00+00:00,456.270000,581.780000,0.27507835,74,TRANSITIONAL,TRANSITIONAL,0.375000,0.333333,1.000000,-1.000000
FICO,SHORT,2022-11-11T05:00:00+00:00,2024-06-26T04:00:00+00:00,607.570000,1470.000000,1.41947430,405,TRANSITIONAL,TRANSITIONAL,0.333333,0.500000,-1.000000,0.000000
FICO,LONG,2024-07-01T04:00:00+00:00,2025-05-22T04:00:00+00:00,1496.510000,1700.320000,0.13619020,224,TRANSITIONAL,TRANSITIONAL,0.416667,0.357143,1.000000,-1.000000
FICO,SHORT,2025-05-23T04:00:00+00:00,2025-05-28T04:00:00+00:00,1694.360000,1619.940000,-0.04392219,2,TRANSITIONAL,STABLE,0.357143,0.312500,-1.000000,1.000000
FICO,LONG,2025-05-29T04:00:00+00:00,2025-06-03T04:00:00+00:00,1685.000000,1741.550000,0.03356083,3,STABLE,STABLE,0.312500,0.437500,1.000000,0.000000
FICO,SHORT,2025-06-04T04:00:00+00:00,2025-10-03T04:00:00+00:00,1755.030000,1850.650000,0.05448340,84,STABLE,TRANSITIONAL,0.375000,0.333333,-1.000000,1.000000
FICO,LONG,2025-10-06T04:00:00+00:00,2025-10-15T04:00:00+00:00,1850.180000,1636.650000,-0.11541039,7,TRANSITIONAL,STABLE,0.333333,0.300000,1.000000,-1.000000
FICO,SHORT,2025-10-16T04:00:00+00:00,2025-12-12T05:00:00+00:00,1620.140000,1844.980000,0.13877813,40,STABLE,STABLE,0.300000,0.300000,-1.000000,-1.000000
FIS,SHORT,2022-11-03T04:00:00+00:00,2023-02-14T05:00:00+00:00,57.180000,67.810000,0.18590416,69,TRANSITIONAL,STABLE,0.666667,0.500000,-1.000000,1.000000
FIS,LONG,2023-02-15T05:00:00+00:00,2023-04-11T04:00:00+00:00,67.450000,56.000000,-0.16975537,37,STABLE,STABLE,0.500000,0.600000,1.000000,0.000000
FIS,SHORT,2023-04-12T04:00:00+00:00,2024-08-09T04:00:00+00:00,55.310000,77.590000,0.40282047,334,STABLE,STABLE,0.400000,0.500000,-1.000000,0.000000
FIS,LONG,2024-08-13T04:00:00+00:00,2025-02-12T05:00:00+00:00,78.260000,72.580000,-0.07257858,125,STABLE,STABLE,0.400000,0.333333,1.000000,-1.000000
FIS,SHORT,2025-02-13T05:00:00+00:00,2025-12-12T05:00:00+00:00,70.530000,67.110000,-0.04849000,209,STABLE,STABLE,0.333333,0.333333,-1.000000,-1.000000
FISV,LONG,2021-10-28T04:00:00+00:00,2025-11-11T05:00:00+00:00,98.530000,64.260000,-0.34781285,403,TRANSITIONAL,TRANSITIONAL,0.750000,0.500000,1.000000,-1.000000
FISV,SHORT,2025-11-12T05:00:00+00:00,2025-12-12T05:00:00+00:00,64.380000,68.750000,0.06787822,21,TRANSITIONAL,TRANSITIONAL,0.500000,0.500000,-1.000000,-1.000000
FITB,LONG,2023-03-14T04:00:00+00:00,2025-12-12T05:00:00+00:00,26.380000,48.150000,0.82524640,691,TRANSITIONAL,TRANSITIONAL,0.750000,0.750000,1.000000,1.000000
FOX,LONG,2021-01-07T05:00:00+00:00,2025-04-10T04:00:00+00:00,30.230000,46.010000,0.52199802,1069,TRANSITIONAL,TRANSITIONAL,0.750000,0.500000,1.000000,-1.000000
FOX,SHORT,2025-04-11T04:00:00+00:00,2025-12-12T05:00:00+00:00,45.650000,63.080000,0.38181818,169,TRANSITIONAL,TRANSITIONAL,0.500000,0.500000,-1.000000,-1.000000
FOXA,LONG,2021-01-07T05:00:00+00:00,2022-10-18T04:00:00+00:00,30.940000,29.200000,-0.05623788,448,TRANSITIONAL,TRANSITIONAL,0.750000,0.500000,1.000000,-1.000000
FOXA,SHORT,2022-10-19T04:00:00+00:00,2024-08-15T04:00:00+00:00,29.320000,38.990000,0.32980900,457,TRANSITIONAL,TRANSITIONAL,0.500000,0.833333,-1.000000,0.000000
FOXA,LONG,2024-08-16T04:00:00+00:00,2025-04-10T04:00:00+00:00,39.540000,49.520000,0.25240263,162,TRANSITIONAL,TRANSITIONAL,0.500000,0.375000,1.000000,-1.000000
FOXA,SHORT,2025-04-11T04:00:00+00:00,2025-12-12T05:00:00+00:00,48.890000,71.100000,0.45428513,169,TRANSITIONAL,TRANSITIONAL,0.375000,0.375000,-1.000000,-1.000000
FSLR,LONG,2020-12-29T05:00:00+00:00,2021-01-07T05:00:00+00:00,96.980000,105.500000,0.08785317,6,TRANSITIONAL,TRANSITIONAL,0.750000,0.500000,1.000000,-1.000000
FSLR,SHORT,2021-01-08T05:00:00+00:00,2021-01-15T05:00:00+00:00,104.100000,96.580000,-0.07223823,5,TRANSITIONAL,TRANSITIONAL,0.500000,0.500000,-1.000000,1.000000
FSLR,LONG,2021-01-19T05:00:00+00:00,2021-01-25T05:00:00+00:00,100.240000,104.940000,0.04688747,4,TRANSITIONAL,TRANSITIONAL,0.375000,0.625000,1.000000,-1.000000
FSLR,SHORT,2021-01-26T05:00:00+00:00,2021-01-28T05:00:00+00:00,104.690000,105.100000,0.00391632,2,TRANSITIONAL,TRANSITIONAL,0.625000,0.500000,-1.000000,1.000000
FSLR,LONG,2021-01-29T05:00:00+00:00,2021-05-03T04:00:00+00:00,99.150000,75.770000,-0.23580434,64,TRANSITIONAL,TRANSITIONAL,0.500000,0.300000,1.000000,-1.000000
FSLR,SHORT,2021-05-04T04:00:00+00:00,2021-08-17T04:00:00+00:00,73.820000,93.510000,0.26672988,73,TRANSITIONAL,TRANSITIONAL,0.300000,0.400000,-1.000000,1.000000
FSLR,LONG,2021-08-18T04:00:00+00:00,2021-12-21T05:00:00+00:00,93.650000,89.120000,-0.04837160,87,TRANSITIONAL,TRANSITIONAL,0.400000,0.333333,1.000000,-1.000000
FSLR,SHORT,2021-12-22T05:00:00+00:00,2024-03-15T04:00:00+00:00,87.920000,147.420000,0.67675159,559,TRANSITIONAL,TRANSITIONAL,0.333333,0.400000,-1.000000,0.000000
FSLR,LONG,2024-03-18T04:00:00+00:00,2024-05-23T04:00:00+00:00,149.480000,249.810000,0.67119347,47,TRANSITIONAL,TRANSITIONAL,0.350000,0.363636,1.000000,-1.000000
FSLR,SHORT,2024-05-24T04:00:00+00:00,2024-05-28T04:00:00+00:00,276.740000,280.160000,0.01235817,1,TRANSITIONAL,STABLE,0.363636,0.250000,-1.000000,-1.000000
FTNT,LONG,2022-03-08T05:00:00+00:00,2022-08-03T04:00:00+00:00,55.366000,62.880000,0.13571506,102,TRANSITIONAL,TRANSITIONAL,0.750000,0.833333,1.000000,0.000000
FTNT,LONG,2022-08-04T04:00:00+00:00,2022-08-05T04:00:00+00:00,52.610000,53.390000,0.01482608,1,TRANSITIONAL,TRANSITIONAL,0.750000,0.500000,1.000000,-1.000000
FTNT,SHORT,2022-08-08T04:00:00+00:00,2022-11-04T04:00:00+00:00,53.320000,47.100000,-0.11665416,63,TRANSITIONAL,TRANSITIONAL,0.500000,0.416667,-1.000000,1.000000
FTNT,LONG,2022-11-07T05:00:00+00:00,2023-05-25T04:00:00+00:00,47.860000,67.170000,0.40346845,137,TRANSITIONAL,TRANSITIONAL,0.416667,0.500000,1.000000,0.000000
FTNT,SHORT,2023-05-26T04:00:00+00:00,2023-07-19T04:00:00+00:00,67.770000,78.690000,0.16113324,35,TRANSITIONAL,TRANSITIONAL,0.357143,0.500000,-1.000000,0.000000
FTNT,LONG,2023-07-20T04:00:00+00:00,2023-08-04T04:00:00+00:00,77.700000,56.770000,-0.26936937,11,TRANSITIONAL,TRANSITIONAL,0.428571,0.333333,1.000000,-1.000000
FTNT,SHORT,2023-08-07T04:00:00+00:00,2023-11-06T05:00:00+00:00,57.700000,50.100000,-0.13171577,64,TRANSITIONAL,STABLE,0.333333,0.300000,-1.000000,1.000000
FTNT,LONG,2023-11-07T05:00:00+00:00,2024-07-05T04:00:00+00:00,49.520000,61.090000,0.23364297,164,STABLE,STABLE,0.300000,0.363636,1.000000,0.000000
FTV,LONG,2025-04-10T04:00:00+00:00,2025-12-12T05:00:00+00:00,48.055800,54.930000,0.14304621,170,TRANSITIONAL,TRANSITIONAL,0.750000,0.750000,1.000000,1.000000
GDDY,LONG,2021-08-06T04:00:00+00:00,2022-02-10T05:00:00+00:00,71.590000,74.210000,0.03659729,130,TRANSITIONAL,TRANSITIONAL,0.750000,0.833333,1.000000,0.000000
GDDY,SHORT,2022-02-11T05:00:00+00:00,2022-05-10T04:00:00+00:00,80.600000,70.740000,-0.12233251,60,TRANSITIONAL,TRANSITIONAL,0.500000,0.625000,-1.000000,1.000000
GDDY,LONG,2022-05-11T04:00:00+00:00,2022-09-28T04:00:00+00:00,69.500000,72.010000,0.03611511,96,TRANSITIONAL,TRANSITIONAL,0.625000,0.500000,1.000000,-1.000000
GDDY,SHORT,2022-09-29T04:00:00+00:00,2022-11-07T05:00:00+00:00,72.090000,68.690000,-0.04716327,27,TRANSITIONAL,TRANSITIONAL,0.500000,0.375000,-1.000000,1.000000
GDDY,LONG,2022-11-08T05:00:00+00:00,2023-11-06T05:00:00+00:00,70.170000,86.550000,0.23343309,249,TRANSITIONAL,TRANSITIONAL,0.375000,0.300000,1.000000,-1.000000
GDDY,SHORT,2023-11-07T05:00:00+00:00,2025-02-14T05:00:00+00:00,86.990000,182.190000,1.09437866,318,TRANSITIONAL,TRANSITIONAL,0.300000,0.250000,-1.000000,1.000000
GE,LONG,2024-10-23T04:00:00+00:00,2025-04-15T04:00:00+00:00,181.690000,185.670000,0.02190544,118,TRANSITIONAL,TRANSITIONAL,0.750000,0.750000,1.000000,0.000000
GE,SHORT,2025-04-16T04:00:00+00:00,2025-12-12T05:00:00+00:00,182.450000,299.810000,0.64324472,166,TRANSITIONAL,TRANSITIONAL,0.500000,0.500000,-1.000000,-1.000000
GEHC,LONG,2024-02-07T05:00:00+00:00,2024-05-01T04:00:00+00:00,81.830000,78.260000,-0.04362703,58,TRANSITIONAL,TRANSITIONAL,0.750000,0.500000,1.000000,-1.000000
GEHC,SHORT,2024-05-02T04:00:00+00:00,2025-04-07T04:00:00+00:00,77.830000,60.990000,-0.21636901,232,TRANSITIONAL,TRANSITIONAL,0.500000,0.400000,-1.000000,1.000000
GEHC,LONG,2025-04-08T04:00:00+00:00,2025-04-17T04:00:00+00:00,58.750000,62.370000,0.06161702,7,TRANSITIONAL,TRANSITIONAL,0.400000,0.500000,1.000000,-1.000000
GEHC,SHORT,2025-04-21T04:00:00+00:00,2025-12-12T05:00:00+00:00,60.480000,83.960000,0.38822751,164,TRANSITIONAL,TRANSITIONAL,0.500000,0.500000,-1.000000,-1.000000
GEN,LONG,2020-12-29T05:00:00+00:00,2021-01-06T05:00:00+00:00,0.533600,0.547000,0.02511244,5,TRANSITIONAL,TRANSITIONAL,0.750000,0.500000,1.000000,-1.000000
GEN,SHORT,2021-01-07T05:00:00+00:00,2021-01-14T05:00:00+00:00,0.580600,0.749800,0.29142267,5,TRANSITIONAL,TRANSITIONAL,0.500000,0.400000,-1.000000,1.000000
GEN,SHORT,2021-01-15T05:00:00+00:00,2021-01-22T05:00:00+00:00,0.725500,0.721400,-0.00565127,4,TRANSITIONAL,TRANSITIONAL,0.500000,0.400000,-1.000000,1.000000
GEN,LONG,2021-01-25T05:00:00+00:00,2021-01-28T05:00:00+00:00,0.670500,0.697100,0.03967189,3,TRANSITIONAL,TRANSITIONAL,0.400000,0.333333,1.000000,-1.000000
GEN,SHORT,2021-01-29T05:00:00+00:00,2021-02-02T05:00:00+00:00,0.672800,0.731500,0.08724732,2,TRANSITIONAL,TRANSITIONAL,0.333333,0.285714,-1.000000,1.000000
GEN,SHORT,2021-02-03T05:00:00+00:00,2021-02-04T05:00:00+00:00,0.790000,0.749900,-0.05075949,1,TRANSITIONAL,TRANSITIONAL,0.357143,0.312500,-1.000000,1.000000
GEN,SHORT,2022-11-23T05:00:00+00:00,2022-12-14T05:00:00+00:00,23.030000,22.990000,-0.00173686,14,STABLE,STABLE,0.316667,0.324324,-1.000000,1.000000
GEN,LONG,2022-12-15T05:00:00+00:00,2023-02-06T05:00:00+00:00,21.930000,21.305000,-0.02849977,34,STABLE,STABLE,0.324324,0.381579,1.000000,-1.000000
GEN,SHORT,2023-02-07T05:00:00+00:00,2023-04-04T04:00:00+00:00,21.840000,17.060000,-0.21886447,39,STABLE,STABLE,0.381579,0.381579,-1.000000,1.000000
GEN,LONG,2023-04-05T04:00:00+00:00,2024-02-05T05:00:00+00:00,17.210000,21.085000,0.22515979,209,STABLE,STABLE,0.381579,0.346154,1.000000,-1.000000
GEN,SHORT,2024-02-06T05:00:00+00:00,2024-08-19T04:00:00+00:00,20.590000,25.480000,0.23749393,134,STABLE,STABLE,0.346154,0.362500,-1.000000,0.000000
GEN,LONG,2024-08-20T04:00:00+00:00,2025-04-10T04:00:00+00:00,25.310000,24.260000,-0.04148558,160,STABLE,STABLE,0.337500,0.329268,1.000000,-1.000000
GEN,SHORT,2025-04-11T04:00:00+00:00,2025-12-12T05:00:00+00:00,24.410000,27.670000,0.13355182,169,STABLE,STABLE,0.329268,0.329268,-1.000000,-1.000000
GEV,LONG,2024-07-31T04:00:00+00:00,2024-08-01T04:00:00+00:00,178.240000,174.030000,-0.02361984,1,TRANSITIONAL,TRANSITIONAL,0.750000,0.500000,1.000000,-1.000000
GEV,SHORT,2024-08-02T04:00:00+00:00,2025-04-03T04:00:00+00:00,164.730000,297.660000,0.80695684,167,TRANSITIONAL,STABLE,0.500000,0.416667,-1.000000,1.000000
GEV,LONG,2025-04-04T04:00:00+00:00,2025-04-08T04:00:00+00:00,271.480000,286.890000,0.05676293,2,STABLE,STABLE,0.416667,0.357143,1.000000,-1.000000
GEV,SHORT,2025-04-09T04:00:00+00:00,2025-07-24T04:00:00+00:00,326.810000,623.970000,0.90927450,72,TRANSITIONAL,TRANSITIONAL,0.357143,0.444444,-1.000000,1.000000
GEV,LONG,2025-07-25T04:00:00+00:00,2025-07-30T04:00:00+00:00,644.590000,655.000000,0.01614980,3,TRANSITIONAL,TRANSITIONAL,0.444444,0.500000,1.000000,-1.000000
GEV,SHORT,2025-07-31T04:00:00+00:00,2025-10-31T04:00:00+00:00,660.290000,585.140000,-0.11381363,65,TRANSITIONAL,TRANSITIONAL,0.500000,0.444444,-1.000000,1.000000
GEV,LONG,2025-11-03T05:00:00+00:00,2025-11-28T05:00:00+00:00,581.260000,599.770000,0.03184461,18,TRANSITIONAL,STABLE,0.444444,0.500000,1.000000,0.000000
GEV,SHORT,2025-12-01T05:00:00+00:00,2025-12-11T05:00:00+00:00,576.900000,704.200000,0.22066216,8,STABLE,TRANSITIONAL,0.400000,0.363636,-1.000000,1.000000
GEV,LONG,2025-12-12T05:00:00+00:00,2025-12-12T05:00:00+00:00,671.710000,671.710000,0.00000000,0,TRANSITIONAL,TRANSITIONAL,0.363636,0.363636,1.000000,1.000000
GILD,LONG,2022-10-31T04:00:00+00:00,2025-04-16T04:00:00+00:00,78.460000,104.880000,0.33673209,616,TRANSITIONAL,TRANSITIONAL,0.750000,0.666667,1.000000,-1.000000
GILD,SHORT,2025-04-17T04:00:00+00:00,2025-12-12T05:00:00+00:00,104.540000,120.400000,0.15171226,165,TRANSITIONAL,TRANSITIONAL,0.666667,0.666667,-1.000000,-1.000000
GL,SHORT,2024-04-11T04:00:00+00:00,2025-12-12T05:00:00+00:00,49.170000,139.460000,1.83628229,420,TRANSITIONAL,TRANSITIONAL,0.500000,0.500000,-1.000000,-1.000000
GLW,LONG,2025-01-28T05:00:00+00:00,2025-06-02T04:00:00+00:00,51.230000,50.040000,-0.02322858,86,TRANSITIONAL,TRANSITIONAL,0.750000,0.833333,1.000000,0.000000
GLW,SHORT,2025-06-04T04:00:00+00:00,2025-07-30T04:00:00+00:00,50.760000,62.610000,0.23345154,38,TRANSITIONAL,TRANSITIONAL,0.500000,0.375000,-1.000000,1.000000
GLW,LONG,2025-07-31T04:00:00+00:00,2025-10-20T04:00:00+00:00,63.240000,85.280000,0.34851360,56,TRANSITIONAL,TRANSITIONAL,0.375000,0.625000,1.000000,0.000000
GLW,SHORT,2025-10-22T04:00:00+00:00,2025-12-12T05:00:00+00:00,84.140000,88.320000,0.04967911,36,TRANSITIONAL,TRANSITIONAL,0.500000,0.500000,-1.000000,-1.000000
GM,LONG,2021-08-05T04:00:00+00:00,2022-11-14T05:00:00+00:00,54.440000,39.930000,-0.26653196,322,TRANSITIONAL,TRANSITIONAL,0.750000,0.833333,1.000000,0.000000
GM,SHORT,2022-11-16T05:00:00+00:00,2023-12-04T05:00:00+00:00,38.470000,33.070000,-0.14036912,262,TRANSITIONAL,TRANSITIONAL,0.500000,0.833333,-1.000000,0.000000
GM,LONG,2023-12-05T05:00:00+00:00,2024-10-23T04:00:00+00:00,32.680000,52.920000,0.61933905,222,TRANSITIONAL,TRANSITIONAL,0.666667,0.500000,1.000000,-1.000000
GM,SHORT,2024-10-24T04:00:00+00:00,2024-11-27T05:00:00+00:00,52.720000,55.500000,0.05273141,24,TRANSITIONAL,TRANSITIONAL,0.500000,0.400000,-1.000000,1.000000
GM,LONG,2024-11-29T05:00:00+00:00,2024-12-24T05:00:00+00:00,55.590000,53.510000,-0.03741680,17,TRANSITIONAL,TRANSITIONAL,0.400000,0.600000,1.000000,0.000000
GM,SHORT,2024-12-26T05:00:00+00:00,2025-07-23T04:00:00+00:00,54.180000,53.130000,-0.01937984,141,TRANSITIONAL,TRANSITIONAL,0.500000,0.416667,-1.000000,1.000000
GM,LONG,2025-07-24T04:00:00+00:00,2025-12-05T05:00:00+00:00,52.340000,76.050000,0.45299962,94,TRANSITIONAL,TRANSITIONAL,0.416667,0.500000,1.000000,0.000000
GM,SHORT,2025-12-09T05:00:00+00:00,2025-12-12T05:00:00+00:00,77.160000,80.890000,0.04834111,3,TRANSITIONAL,TRANSITIONAL,0.357143,0.357143,-1.000000,-1.000000
GNRC,LONG,2021-02-12T05:00:00+00:00,2022-02-17T05:00:00+00:00,326.840000,302.800000,-0.07355281,256,TRANSITIONAL,TRANSITIONAL,0.750000,0.500000,1.000000,-1.000000
GNRC,SHORT,2022-02-18T05:00:00+00:00,2022-05-05T04:00:00+00:00,294.760000,260.520000,-0.11616230,52,TRANSITIONAL,TRANSITIONAL,0.500000,0.375000,-1.000000,1.000000
GNRC,LONG,2022-05-06T04:00:00+00:00,2022-05-26T04:00:00+00:00,241.690000,241.240000,-0.00186189,14,TRANSITIONAL,TRANSITIONAL,0.375000,0.357143,1.000000,-1.000000
GNRC,SHORT,2022-05-27T04:00:00+00:00,2022-11-10T05:00:00+00:00,256.170000,109.900000,-0.57098802,115,TRANSITIONAL,STABLE,0.357143,0.272727,-1.000000,1.000000
GNRC,SHORT,2023-01-18T05:00:00+00:00,2023-01-25T05:00:00+00:00,113.910000,111.210000,-0.02370292,5,TRANSITIONAL,TRANSITIONAL,0.333333,0.250000,-1.000000,-1.000000
GNRC,SHORT,2023-03-23T04:00:00+00:00,2023-03-29T04:00:00+00:00,107.110000,112.580000,0.05106899,4,STABLE,STABLE,0.346154,0.269231,-1.000000,-1.000000
GNRC,SHORT,2023-07-27T04:00:00+00:00,2023-08-02T04:00:00+00:00,148.820000,115.950000,-0.22087085,4,STABLE,TRANSITIONAL,0.300000,0.205882,-1.000000,-1.000000
GOOG,LONG,2024-04-29T04:00:00+00:00,2025-12-12T05:00:00+00:00,167.900000,310.520000,0.84943419,408,TRANSITIONAL,TRANSITIONAL,0.750000,0.750000,1.000000,1.000000
GOOGL,LONG,2024-04-29T04:00:00+00:00,2025-12-12T05:00:00+00:00,166.150000,309.290000,0.86151068,408,TRANSITIONAL,TRANSITIONAL,0.750000,0.750000,1.000000,1.000000
GPC,LONG,2023-10-20T04:00:00+00:00,2024-10-22T04:00:00+00:00,128.630000,113.110000,-0.12065615,252,TRANSITIONAL,TRANSITIONAL,0.750000,0.400000,1.000000,-1.000000
GPC,SHORT,2024-10-23T04:00:00+00:00,2025-12-12T05:00:00+00:00,116.240000,131.550000,0.13171025,285,TRANSITIONAL,TRANSITIONAL,0.400000,0.400000,-1.000000,-1.000000
GPN,LONG,2021-08-03T04:00:00+00:00,2022-02-08T05:00:00+00:00,169.570000,144.020000,-0.15067524,131,TRANSITIONAL,TRANSITIONAL,0.750000,0.666667,1.000000,-1.000000
GPN,SHORT,2022-02-09T05:00:00+00:00,2022-05-03T04:00:00+00:00,146.370000,128.070000,-0.12502562,57,TRANSITIONAL,TRANSITIONAL,0.666667,0.500000,-1.000000,1.000000
GPN,LONG,2022-05-04T04:00:00+00:00,2022-09-20T04:00:00+00:00,133.680000,124.160000,-0.07121484,95,TRANSITIONAL,TRANSITIONAL,0.500000,0.625000,1.000000,0.000000
GPN,SHORT,2022-09-21T04:00:00+00:00,2022-10-26T04:00:00+00:00,120.730000,120.610000,-0.00099395,25,TRANSITIONAL,TRANSITIONAL,0.500000,0.625000,-1.000000,0.000000
GPN,LONG,2022-10-27T04:00:00+00:00,2023-03-24T04:00:00+00:00,121.870000,98.430000,-0.19233610,101,TRANSITIONAL,TRANSITIONAL,0.375000,0.300000,1.000000,-1.000000
GPN,SHORT,2023-03-27T04:00:00+00:00,2023-05-16T04:00:00+00:00,99.150000,100.510000,0.01371659,35,TRANSITIONAL,TRANSITIONAL,0.300000,0.400000,-1.000000,1.000000
GPN,LONG,2023-05-17T04:00:00+00:00,2024-05-02T04:00:00+00:00,103.780000,110.540000,0.06513779,241,TRANSITIONAL,TRANSITIONAL,0.400000,0.333333,1.000000,-1.000000
GPN,SHORT,2024-05-03T04:00:00+00:00,2025-04-09T04:00:00+00:00,111.370000,90.260000,-0.18954835,233,TRANSITIONAL,TRANSITIONAL,0.333333,0.285714,-1.000000,1.000000
GPN,SHORT,2025-06-30T04:00:00+00:00,2025-07-03T04:00:00+00:00,80.040000,81.850000,0.02261369,3,TRANSITIONAL,TRANSITIONAL,0.388889,0.277778,-1.000000,-1.000000
GRMN,LONG,2022-07-28T04:00:00+00:00,2024-10-30T04:00:00+00:00,98.040000,204.920000,1.09016728,568,TRANSITIONAL,TRANSITIONAL,0.750000,0.300000,1.000000,-1.000000
GRMN,SHORT,2024-10-31T04:00:00+00:00,2025-02-20T05:00:00+00:00,198.350000,229.010000,0.15457525,74,TRANSITIONAL,TRANSITIONAL,0.300000,0.250000,-1.000000,1.000000
GRMN,LONG,2025-04-10T04:00:00+00:00,2025-04-15T04:00:00+00:00,186.830000,192.310000,0.02933148,3,STABLE,STABLE,0.312500,0.375000,1.000000,0.000000
GS,LONG,2024-11-07T05:00:00+00:00,2025-09-22T04:00:00+00:00,582.170000,805.560000,0.38371953,216,TRANSITIONAL,TRANSITIONAL,0.750000,0.833333,1.000000,0.000000
GS,SHORT,2025-09-24T04:00:00+00:00,2025-12-12T05:00:00+00:00,792.430000,887.960000,0.12055323,56,TRANSITIONAL,TRANSITIONAL,0.500000,0.500000,-1.000000,-1.000000
GWW,LONG,2023-02-03T05:00:00+00:00,2025-12-12T05:00:00+00:00,675.810000,1022.540000,0.51305840,717,TRANSITIONAL,TRANSITIONAL,0.750000,0.750000,1.000000,1.000000
HAL,LONG,2022-05-10T04:00:00+00:00,2024-01-22T05:00:00+00:00,34.300000,34.430000,0.00379009,426,TRANSITIONAL,TRANSITIONAL,0.750000,0.500000,1.000000,-1.000000
HAL,SHORT,2024-01-23T05:00:00+00:00,2025-02-13T05:00:00+00:00,35.300000,26.280000,-0.25552408,266,TRANSITIONAL,TRANSITIONAL,0.500000,0.833333,-1.000000,0.000000
HAL,LONG,2025-02-18T05:00:00+00:00,2025-04-03T04:00:00+00:00,26.730000,22.390000,-0.16236438,32,TRANSITIONAL,TRANSITIONAL,0.666667,0.500000,1.000000,-1.000000
HAL,SHORT,2025-04-04T04:00:00+00:00,2025-04-07T04:00:00+00:00,19.980000,19.990000,0.00050050,1,TRANSITIONAL,TRANSITIONAL,0.500000,0.625000,-1.000000,1.000000
HAL,LONG,2025-04-08T04:00:00+00:00,2025-04-09T04:00:00+00:00,19.260000,22.070000,0.14589823,1,TRANSITIONAL,TRANSITIONAL,0.625000,0.500000,1.000000,-1.000000
HAL,SHORT,2025-04-10T04:00:00+00:00,2025-12-12T05:00:00+00:00,20.270000,28.620000,0.41193883,170,TRANSITIONAL,TRANSITIONAL,0.333333,0.333333,-1.000000,-1.000000
HAS,LONG,2021-07-27T04:00:00+00:00,2022-11-15T05:00:00+00:00,101.370000,58.710000,-0.42083457,330,TRANSITIONAL,TRANSITIONAL,0.750000,0.500000,1.000000,-1.000000
HAS,SHORT,2022-11-16T05:00:00+00:00,2023-04-28T04:00:00+00:00,55.970000,59.220000,0.05806682,111,TRANSITIONAL,TRANSITIONAL,0.500000,0.400000,-1.000000,1.000000
HAS,LONG,2023-05-01T04:00:00+00:00,2023-09-18T04:00:00+00:00,58.640000,66.010000,0.12568213,96,TRANSITIONAL,TRANSITIONAL,0.400000,0.500000,1.000000,-1.000000
HAS,SHORT,2023-09-19T04:00:00+00:00,2024-03-22T04:00:00+00:00,66.280000,54.840000,-0.17260109,128,TRANSITIONAL,TRANSITIONAL,0.500000,0.600000,-1.000000,0.000000
HAS,LONG,2024-03-25T04:00:00+00:00,2024-07-19T04:00:00+00:00,55.920000,59.000000,0.05507868,80,TRANSITIONAL,TRANSITIONAL,0.400000,0.500000,1.000000,0.000000
HAS,SHORT,2024-07-23T04:00:00+00:00,2025-02-21T05:00:00+00:00,58.280000,67.560000,0.15923130,146,TRANSITIONAL,TRANSITIONAL,0.333333,0.285714,-1.000000,1.000000
HAS,LONG,2025-04-04T04:00:00+00:00,2025-04-24T04:00:00+00:00,53.960000,60.370000,0.11879170,13,TRANSITIONAL,TRANSITIONAL,0.312500,0.277778,1.000000,-1.000000
HAS,SHORT,2025-04-25T04:00:00+00:00,2025-12-12T05:00:00+00:00,60.990000,81.550000,0.33710444,160,TRANSITIONAL,TRANSITIONAL,0.300000,0.300000,-1.000000,-1.000000
HBAN,LONG,2022-01-24T05:00:00+00:00,2024-04-02T04:00:00+00:00,15.640000,13.600000,-0.13043478,549,TRANSITIONAL,TRANSITIONAL,0.750000,0.500000,1.000000,-1.000000
HBAN,SHORT,2024-04-03T04:00:00+00:00,2024-04-30T04:00:00+00:00,13.610000,13.470000,-0.01028655,19,TRANSITIONAL,TRANSITIONAL,0.500000,0.666667,-1.000000,1.000000
HBAN,LONG,2024-05-01T04:00:00+00:00,2025-09-17T04:00:00+00:00,13.650000,17.540000,0.28498168,345,TRANSITIONAL,TRANSITIONAL,0.666667,0.600000,1.000000,0.000000
HBAN,SHORT,2025-09-18T04:00:00+00:00,2025-12-12T05:00:00+00:00,17.870000,17.820000,-0.00279799,60,TRANSITIONAL,TRANSITIONAL,0.500000,0.500000,-1.000000,-1.000000
HCA,LONG,2021-07-21T04:00:00+00:00,2022-04-22T04:00:00+00:00,249.250000,210.640000,-0.15490471,191,TRANSITIONAL,TRANSITIONAL,0.750000,0.500000,1.000000,-1.000000
HCA,SHORT,2022-04-25T04:00:00+00:00,2022-07-25T04:00:00+00:00,210.500000,198.630000,-0.05638955,62,TRANSITIONAL,STABLE,0.500000,0.400000,-1.000000,1.000000
HCA,LONG,2022-07-26T04:00:00+00:00,2022-11-03T04:00:00+00:00,203.940000,212.750000,0.04319898,71,STABLE,STABLE,0.400000,0.600000,1.000000,0.000000
HCA,SHORT,2022-11-04T04:00:00+00:00,2023-02-14T05:00:00+00:00,211.910000,258.900000,0.22174508,68,STABLE,STABLE,0.500000,0.600000,-1.000000,0.000000
HCA,LONG,2023-02-15T05:00:00+00:00,2025-12-12T05:00:00+00:00,259.040000,484.770000,0.87140982,709,STABLE,STABLE,0.400000,0.400000,1.000000,1.000000
HIG,LONG,2021-03-19T04:00:00+00:00,2025-12-12T05:00:00+00:00,67.680000,135.300000,0.99911348,1190,TRANSITIONAL,TRANSITIONAL,0.750000,0.750000,1.000000,1.000000
HII,LONG,2024-05-03T04:00:00+00:00,2024-10-31T04:00:00+00:00,246.230000,184.960000,-0.24883239,125,TRANSITIONAL,TRANSITIONAL,0.750000,0.375000,1.000000,-1.000000
HII,SHORT,2024-11-01T04:00:00+00:00,2025-02-06T05:00:00+00:00,189.230000,159.750000,-0.15578925,64,TRANSITIONAL,TRANSITIONAL,0.375000,0.250000,-1.000000,-1.000000
HLT,LONG,2025-04-10T04:00:00+00:00,2025-12-12T05:00:00+00:00,209.920000,280.240000,0.33498476,170,TRANSITIONAL,TRANSITIONAL,0.750000,0.750000,1.000000,1.000000
HOLX,LONG,2025-02-07T05:00:00+00:00,2025-07-15T04:00:00+00:00,64.580000,63.260000,-0.02043976,107,TRANSITIONAL,TRANSITIONAL,0.750000,0.833333,1.000000,0.000000
HOLX,SHORT,2025-07-17T04:00:00+00:00,2025-12-12T05:00:00+00:00,64.020000,75.000000,0.17150890,104,TRANSITIONAL,TRANSITIONAL,0.500000,0.500000,-1.000000,-1.000000
HON,LONG,2025-04-10T04:00:00+00:00,2025-12-12T05:00:00+00:00,193.390000,193.660000,0.00139614,170,TRANSITIONAL,TRANSITIONAL,0.750000,0.750000,1.000000,1.000000
HOOD,LONG,2021-08-11T04:00:00+00:00,2021-08-13T04:00:00+00:00,51.190000,50.630000,-0.01093964,2,TRANSITIONAL,STABLE,0.600000,0.500000,1.000000,-1.000000
HOOD,SHORT,2021-08-16T04:00:00+00:00,2021-08-18T04:00:00+00:00,47.190000,49.800000,0.05530833,2,STABLE,STABLE,0.500000,0.428571,-1.000000,1.000000
HOOD,SHORT,2021-08-19T04:00:00+00:00,2021-08-23T04:00:00+00:00,44.690000,45.290000,0.01342582,2,STABLE,STABLE,0.500000,0.437500,-1.000000,1.000000
HOOD,LONG,2021-08-24T04:00:00+00:00,2021-08-25T04:00:00+00:00,49.380000,48.980000,-0.00810045,1,STABLE,STABLE,0.437500,0.388889,1.000000,-1.000000
HOOD,SHORT,2021-08-26T04:00:00+00:00,2021-08-30T04:00:00+00:00,46.860000,43.640000,-0.06871532,2,STABLE,STABLE,0.388889,0.444444,-1.000000,1.000000
HOOD,LONG,2021-08-31T04:00:00+00:00,2021-09-23T04:00:00+00:00,44.320000,45.940000,0.03655235,16,STABLE,STABLE,0.444444,0.300000,1.000000,-1.000000
HOOD,SHORT,2021-09-24T04:00:00+00:00,2021-10-20T04:00:00+00:00,44.910000,41.830000,-0.06858161,18,STABLE,STABLE,0.300000,0.350000,-1.000000,1.000000
HOOD,LONG,2021-10-21T04:00:00+00:00,2021-10-28T04:00:00+00:00,41.280000,35.470000,-0.14074612,5,STABLE,STABLE,0.350000,0.318182,1.000000,-1.000000
HOOD,SHORT,2021-10-29T04:00:00+00:00,2021-12-01T05:00:00+00:00,34.970000,23.930000,-0.31569917,22,STABLE,STABLE,0.318182,0.363636,-1.000000,1.000000
HOOD,LONG,2021-12-02T05:00:00+00:00,2021-12-06T05:00:00+00:00,24.200000,21.900000,-0.09504132,2,STABLE,STABLE,0.363636,0.333333,1.000000,-1.000000
HOOD,SHORT,2021-12-07T05:00:00+00:00,2021-12-17T05:00:00+00:00,22.730000,19.100000,-0.15970084,8,STABLE,STABLE,0.333333,0.307692,-1.000000,1.000000
HOOD,LONG,2021-12-20T05:00:00+00:00,2021-12-28T05:00:00+00:00,18.030000,17.450000,-0.03216861,5,STABLE,STABLE,0.307692,0.346154,1.000000,-1.000000
HOOD,LONG,2021-12-29T05:00:00+00:00,2022-01-28T05:00:00+00:00,17.110000,12.730000,-0.25599065,21,STABLE,STABLE,0.307692,0.285714,1.000000,-1.000000
HOOD,SHORT,2022-02-11T05:00:00+00:00,2022-02-25T05:00:00+00:00,13.320000,11.610000,-0.12837838,9,STABLE,STABLE,0.300000,0.266667,-1.000000,1.000000
HPE,LONG,2022-03-03T05:00:00+00:00,2024-07-24T04:00:00+00:00,16.750000,20.050000,0.19701493,600,TRANSITIONAL,TRANSITIONAL,0.750000,0.833333,1.000000,0.000000
HPE,SHORT,2024-07-26T04:00:00+00:00,2024-12-09T05:00:00+00:00,19.760000,23.110000,0.16953441,94,TRANSITIONAL,TRANSITIONAL,0.500000,0.375000,-1.000000,1.000000
HPE,LONG,2024-12-10T05:00:00+00:00,2025-04-04T04:00:00+00:00,21.920000,12.790000,-0.41651460,78,TRANSITIONAL,TRANSITIONAL,0.375000,0.357143,1.000000,-1.000000
HPE,SHORT,2025-04-07T04:00:00+00:00,2025-04-09T04:00:00+00:00,13.330000,14.500000,0.08777194,2,TRANSITIONAL,TRANSITIONAL,0.357143,0.312500,-1.000000,1.000000
HPE,SHORT,2025-10-14T04:00:00+00:00,2025-10-17T04:00:00+00:00,25.000000,22.960000,-0.08160000,3,TRANSITIONAL,TRANSITIONAL,0.300000,0.272727,-1.000000,1.000000
HPQ,LONG,2021-06-01T04:00:00+00:00,2022-04-08T04:00:00+00:00,29.860000,38.630000,0.29370395,217,TRANSITIONAL,TRANSITIONAL,0.750000,0.300000,1.000000,-1.000000
HPQ,SHORT,2022-04-11T04:00:00+00:00,2023-07-18T04:00:00+00:00,38.190000,32.780000,-0.14166012,317,TRANSITIONAL,TRANSITIONAL,0.300000,0.700000,-1.000000,0.000000
HPQ,LONG,2023-07-20T04:00:00+00:00,2024-05-31T04:00:00+00:00,32.560000,36.500000,0.12100737,218,TRANSITIONAL,TRANSITIONAL,0.600000,0.500000,1.000000,-1.000000
HPQ,SHORT,2024-06-03T04:00:00+00:00,2024-11-29T05:00:00+00:00,35.320000,35.430000,0.00311438,125,TRANSITIONAL,TRANSITIONAL,0.500000,0.428571,-1.000000,1.000000
HPQ,LONG,2024-12-02T05:00:00+00:00,2025-04-10T04:00:00+00:00,36.450000,22.870000,-0.37256516,88,TRANSITIONAL,TRANSITIONAL,0.428571,0.400000,1.000000,-1.000000
HPQ,SHORT,2025-04-11T04:00:00+00:00,2025-12-12T05:00:00+00:00,23.440000,24.740000,0.05546075,169,TRANSITIONAL,TRANSITIONAL,0.400000,0.400000,-1.000000,-1.000000
HRL,LONG,2024-03-01T05:00:00+00:00,2024-10-08T04:00:00+00:00,33.370000,31.070000,-0.06892418,152,TRANSITIONAL,TRANSITIONAL,0.750000,0.833333,1.000000,0.000000
HRL,SHORT,2024-10-09T04:00:00+00:00,2025-08-29T04:00:00+00:00,30.980000,25.440000,-0.17882505,222,TRANSITIONAL,TRANSITIONAL,0.500000,0.375000,-1.000000,1.000000
HRL,LONG,2025-09-02T04:00:00+00:00,2025-12-12T05:00:00+00:00,25.030000,24.050000,-0.03915302,72,TRANSITIONAL,TRANSITIONAL,0.375000,0.375000,1.000000,1.000000
HSIC,LONG,2025-11-05T05:00:00+00:00,2025-12-12T05:00:00+00:00,72.010000,76.550000,0.06304680,26,TRANSITIONAL,TRANSITIONAL,0.750000,0.750000,1.000000,1.000000
HST,LONG,2025-04-10T04:00:00+00:00,2025-12-12T05:00:00+00:00,13.450000,18.360000,0.36505576,170,TRANSITIONAL,TRANSITIONAL,0.750000,0.750000,1.000000,1.000000
HSY,LONG,2024-12-10T05:00:00+00:00,2025-12-12T05:00:00+00:00,187.190000,181.830000,-0.02863401,252,TRANSITIONAL,TRANSITIONAL,0.750000,0.750000,1.000000,1.000000
HUBB,LONG,2023-04-26T04:00:00+00:00,2025-12-12T05:00:00+00:00,260.020000,448.000000,0.72294439,661,TRANSITIONAL,TRANSITIONAL,0.750000,0.750000,1.000000,1.000000
HUM,SHORT,2022-01-06T05:00:00+00:00,2024-01-26T05:00:00+00:00,367.530000,361.230000,-0.01714146,515,TRANSITIONAL,TRANSITIONAL,0.666667,0.400000,-1.000000,1.000000
HUM,LONG,2024-01-29T05:00:00+00:00,2024-05-29T04:00:00+00:00,365.940000,345.310000,-0.05637536,84,TRANSITIONAL,TRANSITIONAL,0.400000,0.333333,1.000000,-1.000000
HUM,SHORT,2024-05-30T04:00:00+00:00,2024-08-01T04:00:00+00:00,347.380000,358.980000,0.03339283,43,TRANSITIONAL,TRANSITIONAL,0.333333,0.285714,-1.000000,1.000000
HUM,LONG,2024-10-03T04:00:00+00:00,2024-12-13T05:00:00+00:00,241.780000,274.120000,0.13375796,50,TRANSITIONAL,STABLE,0.312500,0.388889,1.000000,0.000000
HUM,LONG,2024-12-18T05:00:00+00:00,2025-01-28T05:00:00+00:00,239.850000,303.110000,0.26374818,25,STABLE,STABLE,0.400000,0.400000,1.000000,-1.000000
HUM,SHORT,2025-01-29T05:00:00+00:00,2025-05-14T04:00:00+00:00,294.230000,230.470000,-0.21670122,73,STABLE,STABLE,0.400000,0.500000,-1.000000,1.000000
HUM,LONG,2025-05-15T04:00:00+00:00,2025-10-16T04:00:00+00:00,227.470000,267.280000,0.17501209,106,STABLE,TRANSITIONAL,0.500000,0.500000,1.000000,0.000000
HUM,SHORT,2025-10-17T04:00:00+00:00,2025-12-12T05:00:00+00:00,275.010000,268.450000,-0.02385368,39,TRANSITIONAL,TRANSITIONAL,0.423077,0.423077,-1.000000,-1.000000
HWM,LONG,2022-03-02T05:00:00+00:00,2024-05-08T04:00:00+00:00,35.130000,81.420000,1.31767720,549,TRANSITIONAL,TRANSITIONAL,0.750000,0.833333,1.000000,0.000000
HWM,SHORT,2024-05-09T04:00:00+00:00,2024-07-31T04:00:00+00:00,82.030000,95.700000,0.16664635,56,TRANSITIONAL,TRANSITIONAL,0.500000,0.375000,-1.000000,1.000000
HWM,LONG,2024-08-01T04:00:00+00:00,2024-11-01T04:00:00+00:00,94.870000,100.030000,0.05439022,65,TRANSITIONAL,TRANSITIONAL,0.375000,0.625000,1.000000,0.000000
HWM,SHORT,2024-11-04T05:00:00+00:00,2024-11-07T05:00:00+00:00,99.840000,111.220000,0.11398237,3,TRANSITIONAL,TRANSITIONAL,0.500000,0.600000,-1.000000,1.000000
HWM,LONG,2024-11-08T05:00:00+00:00,2025-02-26T05:00:00+00:00,113.650000,131.980000,0.16128465,72,TRANSITIONAL,TRANSITIONAL,0.600000,0.600000,1.000000,0.000000
HWM,SHORT,2025-02-27T05:00:00+00:00,2025-04-07T04:00:00+00:00,133.420000,115.780000,-0.13221406,27,TRANSITIONAL,TRANSITIONAL,0.500000,0.500000,-1.000000,1.000000
HWM,LONG,2025-04-08T04:00:00+00:00,2025-04-10T04:00:00+00:00,114.620000,124.190000,0.08349328,2,TRANSITIONAL,TRANSITIONAL,0.500000,0.428571,1.000000,-1.000000
HWM,SHORT,2025-04-11T04:00:00+00:00,2025-12-12T05:00:00+00:00,125.670000,198.310000,0.57802180,169,TRANSITIONAL,TRANSITIONAL,0.428571,0.428571,-1.000000,-1.000000
IBKR,LONG,2024-11-07T05:00:00+00:00,2025-05-19T04:00:00+00:00,41.667500,52.000000,0.24797504,130,TRANSITIONAL,TRANSITIONAL,0.750000,0.600000,1.000000,0.000000
IBKR,SHORT,2025-05-21T04:00:00+00:00,2025-12-12T05:00:00+00:00,51.317500,64.150000,0.25006090,142,TRANSITIONAL,TRANSITIONAL,0.400000,0.400000,-1.000000,-1.000000
IBM,LONG,2021-01-25T05:00:00+00:00,2025-01-31T05:00:00+00:00,113.365200,255.700000,1.25554227,1010,TRANSITIONAL,TRANSITIONAL,0.750000,0.500000,1.000000,-1.000000
IBM,SHORT,2025-02-03T05:00:00+00:00,2025-12-12T05:00:00+00:00,260.730000,309.240000,0.18605454,217,TRANSITIONAL,TRANSITIONAL,0.500000,0.500000,-1.000000,-1.000000
IDXX,LONG,2022-11-02T04:00:00+00:00,2025-06-25T04:00:00+00:00,372.640000,530.400000,0.42335766,661,TRANSITIONAL,TRANSITIONAL,0.750000,0.500000,1.000000,0.000000
IDXX,SHORT,2025-06-26T04:00:00+00:00,2025-08-04T04:00:00+00:00,527.780000,682.780000,0.29368297,26,TRANSITIONAL,TRANSITIONAL,0.300000,0.214286,-1.000000,-1.000000
IEX,LONG,2025-02-06T05:00:00+00:00,2025-12-09T05:00:00+00:00,199.320000,173.500000,-0.12954044,211,TRANSITIONAL,TRANSITIONAL,0.750000,0.833333,1.000000,0.000000
IEX,SHORT,2025-12-11T05:00:00+00:00,2025-12-12T05:00:00+00:00,181.240000,178.930000,-0.01274553,1,TRANSITIONAL,TRANSITIONAL,0.500000,0.500000,-1.000000,-1.000000
IFF,LONG,2021-02-02T05:00:00+00:00,2023-02-09T05:00:00+00:00,124.230000,91.360000,-0.26458987,509,TRANSITIONAL,TRANSITIONAL,0.750000,0.500000,1.000000,-1.000000
IFF,SHORT,2023-02-10T05:00:00+00:00,2024-11-07T05:00:00+00:00,94.820000,90.960000,-0.04070871,438,TRANSITIONAL,TRANSITIONAL,0.500000,0.285714,-1.000000,1.000000
IFF,SHORT,2024-11-27T05:00:00+00:00,2025-04-09T04:00:00+00:00,90.820000,72.970000,-0.19654261,89,TRANSITIONAL,STABLE,0.357143,0.312500,-1.000000,1.000000
IFF,LONG,2025-04-10T04:00:00+00:00,2025-09-30T04:00:00+00:00,71.380000,61.540000,-0.13785374,118,STABLE,STABLE,0.312500,0.437500,1.000000,0.000000
IFF,SHORT,2025-10-01T04:00:00+00:00,2025-12-12T05:00:00+00:00,60.960000,63.260000,0.03772966,51,STABLE,STABLE,0.375000,0.375000,-1.000000,-1.000000
INCY,LONG,2021-11-03T04:00:00+00:00,2024-10-30T04:00:00+00:00,66.790000,73.930000,0.10690223,751,TRANSITIONAL,TRANSITIONAL,0.750000,0.500000,1.000000,-1.000000
INCY,SHORT,2024-10-31T04:00:00+00:00,2025-12-12T05:00:00+00:00,74.120000,95.410000,0.28723691,279,TRANSITIONAL,TRANSITIONAL,0.500000,0.500000,-1.000000,-1.000000
INTC,LONG,2021-01-22T05:00:00+00:00,2021-10-25T04:00:00+00:00,56.660000,49.410000,-0.12795623,191,TRANSITIONAL,TRANSITIONAL,0.750000,0.500000,1.000000,-1.000000
INTC,SHORT,2021-10-26T04:00:00+00:00,2022-08-04T04:00:00+00:00,48.280000,35.660000,-0.26139188,194,TRANSITIONAL,TRANSITIONAL,0.500000,0.666667,-1.000000,1.000000
INTC,LONG,2022-08-05T04:00:00+00:00,2022-10-31T04:00:00+00:00,35.390000,28.430000,-0.19666572,60,TRANSITIONAL,TRANSITIONAL,0.666667,0.500000,1.000000,-1.000000
INTC,SHORT,2022-11-01T04:00:00+00:00,2023-10-25T04:00:00+00:00,28.300000,32.830000,0.16007067,246,TRANSITIONAL,TRANSITIONAL,0.500000,0.625000,-1.000000,1.000000
INTC,LONG,2023-10-26T04:00:00+00:00,2024-01-30T05:00:00+00:00,32.520000,42.920000,0.31980320,64,TRANSITIONAL,TRANSITIONAL,0.625000,0.700000,1.000000,0.000000
INTC,SHORT,2024-01-31T05:00:00+00:00,2024-08-02T04:00:00+00:00,43.080000,21.480000,-0.50139276,127,TRANSITIONAL,TRANSITIONAL,0.500000,0.285714,-1.000000,-1.000000
INTC,LONG,2024-08-08T04:00:00+00:00,2024-08-09T04:00:00+00:00,20.490000,19.710000,-0.03806735,1,STABLE,STABLE,0.312500,0.277778,1.000000,-1.000000
INTC,SHORT,2024-09-11T04:00:00+00:00,2025-02-19T05:00:00+00:00,19.640000,25.720000,0.30957230,109,STABLE,STABLE,0.300000,0.272727,-1.000000,1.000000
INTC,LONG,2025-04-07T04:00:00+00:00,2025-04-10T04:00:00+00:00,19.570000,19.880000,0.01584057,3,STABLE,TRANSITIONAL,0.346154,0.333333,1.000000,-1.000000
INTC,SHORT,2025-04-11T04:00:00+00:00,2025-06-11T04:00:00+00:00,19.740000,20.680000,0.04761905,41,TRANSITIONAL,STABLE,0.333333,0.312500,-1.000000,1.000000
INTC,LONG,2025-06-12T04:00:00+00:00,2025-09-18T04:00:00+00:00,20.770000,30.570000,0.47183438,67,STABLE,TRANSITIONAL,0.312500,0.342105,1.000000,-1.000000
INTC,SHORT,2025-09-19T04:00:00+00:00,2025-12-01T05:00:00+00:00,29.580000,40.010000,0.35260311,50,TRANSITIONAL,STABLE,0.342105,0.325000,-1.000000,1.000000
INTC,LONG,2025-12-02T05:00:00+00:00,2025-12-12T05:00:00+00:00,43.470000,37.810000,-0.13020474,8,STABLE,STABLE,0.325000,0.325000,1.000000,1.000000
INTU,LONG,2021-11-22T05:00:00+00:00,2025-02-27T05:00:00+00:00,661.630000,600.420000,-0.09251394,818,TRANSITIONAL,TRANSITIONAL,0.750000,0.500000,1.000000,-1.000000
INTU,SHORT,2025-02-28T05:00:00+00:00,2025-04-10T04:00:00+00:00,613.840000,577.470000,-0.05924997,29,TRANSITIONAL,TRANSITIONAL,0.500000,0.375000,-1.000000,1.000000
INTU,LONG,2025-04-11T04:00:00+00:00,2025-06-17T04:00:00+00:00,587.040000,764.900000,0.30297765,45,TRANSITIONAL,TRANSITIONAL,0.375000,0.625000,1.000000,0.000000
INTU,SHORT,2025-06-23T04:00:00+00:00,2025-12-12T05:00:00+00:00,762.550000,670.925000,-0.12015606,121,TRANSITIONAL,TRANSITIONAL,0.500000,0.500000,-1.000000,-1.000000
IP,LONG,2022-09-19T04:00:00+00:00,2023-06-23T04:00:00+00:00,36.520000,30.600000,-0.16210296,191,TRANSITIONAL,TRANSITIONAL,0.750000,0.833333,1.000000,0.000000
IP,SHORT,2023-06-26T04:00:00+00:00,2024-11-01T04:00:00+00:00,31.340000,55.770000,0.77951500,342,TRANSITIONAL,TRANSITIONAL,0.500000,0.625000,-1.000000,1.000000
IP,LONG,2024-11-04T05:00:00+00:00,2025-02-24T05:00:00+00:00,56.600000,55.300000,-0.02296820,74,TRANSITIONAL,TRANSITIONAL,0.625000,0.750000,1.000000,0.000000
IP,SHORT,2025-02-26T05:00:00+00:00,2025-04-10T04:00:00+00:00,55.730000,46.200000,-0.17100305,31,TRANSITIONAL,TRANSITIONAL,0.500000,0.400000,-1.000000,1.000000
IP,LONG,2025-04-11T04:00:00+00:00,2025-10-16T04:00:00+00:00,46.840000,46.640000,-0.00426985,129,TRANSITIONAL,TRANSITIONAL,0.400000,0.500000,1.000000,0.000000
IP,SHORT,2025-10-17T04:00:00+00:00,2025-10-31T04:00:00+00:00,46.580000,38.640000,-0.17045942,10,TRANSITIONAL,TRANSITIONAL,0.333333,0.285714,-1.000000,1.000000
IPG,LONG,2021-07-22T04:00:00+00:00,2022-09-01T04:00:00+00:00,34.110000,27.470000,-0.19466432,281,TRANSITIONAL,TRANSITIONAL,0.750000,0.500000,1.000000,-1.000000
IPG,SHORT,2022-09-02T04:00:00+00:00,2022-09-22T04:00:00+00:00,27.230000,26.260000,-0.03562248,13,TRANSITIONAL,TRANSITIONAL,0.500000,0.833333,-1.000000,0.000000
IPG,LONG,2022-09-23T04:00:00+00:00,2023-07-24T04:00:00+00:00,25.810000,32.630000,0.26423867,207,TRANSITIONAL,TRANSITIONAL,0.666667,0.500000,1.000000,-1.000000
IPG,SHORT,2023-07-25T04:00:00+00:00,2025-01-15T05:00:00+00:00,32.080000,27.780000,-0.13403990,371,TRANSITIONAL,TRANSITIONAL,0.500000,0.375000,-1.000000,1.000000
IPG,LONG,2025-01-16T05:00:00+00:00,2025-06-10T04:00:00+00:00,27.890000,23.770000,-0.14772320,99,TRANSITIONAL,TRANSITIONAL,0.375000,0.700000,1.000000,0.000000
IPG,SHORT,2025-06-11T04:00:00+00:00,2025-11-26T05:00:00+00:00,23.760000,24.570000,0.03409091,117,TRANSITIONAL,TRANSITIONAL,0.500000,0.500000,-1.000000,-1.000000
IQV,LONG,2024-02-15T05:00:00+00:00,2025-02-12T05:00:00+00:00,241.470000,197.820000,-0.18076780,248,TRANSITIONAL,TRANSITIONAL,0.750000,0.833333,1.000000,0.000000
IQV,SHORT,2025-02-14T05:00:00+00:00,2025-04-09T04:00:00+00:00,193.440000,157.020000,-0.18827543,37,TRANSITIONAL,TRANSITIONAL,0.500000,0.375000,-1.000000,1.000000
IQV,SHORT,2025-04-10T04:00:00+00:00,2025-07-23T04:00:00+00:00,143.220000,194.240000,0.35623516,70,TRANSITIONAL,TRANSITIONAL,0.300000,0.428571,-1.000000,1.000000
IQV,LONG,2025-07-24T04:00:00+00:00,2025-08-01T04:00:00+00:00,200.820000,182.450000,-0.09147495,6,TRANSITIONAL,TRANSITIONAL,0.428571,0.571429,1.000000,0.000000
IQV,SHORT,2025-08-04T04:00:00+00:00,2025-12-12T05:00:00+00:00,182.750000,222.260000,0.21619699,92,TRANSITIONAL,TRANSITIONAL,0.500000,0.500000,-1.000000,-1.000000
IR,LONG,2025-04-10T04:00:00+00:00,2025-09-30T04:00:00+00:00,70.940000,82.620000,0.16464618,118,TRANSITIONAL,TRANSITIONAL,0.750000,0.833333,1.000000,0.000000
IR,SHORT,2025-10-01T04:00:00+00:00,2025-12-12T05:00:00+00:00,83.500000,81.760000,-0.02083832,51,TRANSITIONAL,TRANSITIONAL,0.500000,0.500000,-1.000000,-1.000000
IRM,LONG,2021-01-28T05:00:00+00:00,2021-01-29T05:00:00+00:00,33.410000,33.670000,0.00778210,1,TRANSITIONAL,TRANSITIONAL,0.750000,0.500000,1.000000,-1.000000
IRM,SHORT,2021-02-01T05:00:00+00:00,2021-05-26T04:00:00+00:00,33.380000,43.330000,0.29808268,80,TRANSITIONAL,TRANSITIONAL,0.500000,0.666667,-1.000000,1.000000
IRM,LONG,2021-05-27T04:00:00+00:00,2024-11-07T05:00:00+00:00,43.010000,116.920000,1.71843757,868,TRANSITIONAL,TRANSITIONAL,0.666667,0.500000,1.000000,-1.000000
IRM,SHORT,2024-11-08T05:00:00+00:00,2025-04-10T04:00:00+00:00,119.710000,81.630000,-0.31810208,103,TRANSITIONAL,TRANSITIONAL,0.500000,0.400000,-1.000000,1.000000
IRM,LONG,2025-04-11T04:00:00+00:00,2025-08-26T04:00:00+00:00,83.440000,91.430000,0.09575743,93,TRANSITIONAL,TRANSITIONAL,0.400000,0.600000,1.000000,0.000000
IRM,SHORT,2025-08-28T04:00:00+00:00,2025-12-12T05:00:00+00:00,91.970000,83.350000,-0.09372622,74,TRANSITIONAL,TRANSITIONAL,0.500000,0.500000,-1.000000,-1.000000
ISRG,LONG,2021-04-22T04:00:00+00:00,2022-03-09T05:00:00+00:00,286.553300,278.820000,-0.02698730,222,TRANSITIONAL,TRANSITIONAL,0.750000,0.500000,1.000000,-1.000000
ISRG,SHORT,2022-03-10T05:00:00+00:00,2022-04-25T04:00:00+00:00,275.720000,255.120000,-0.07471348,31,TRANSITIONAL,TRANSITIONAL,0.500000,0.375000,-1.000000,1.000000
ISRG,LONG,2022-04-26T04:00:00+00:00,2022-05-20T04:00:00+00:00,244.520000,219.070000,-0.10408147,18,TRANSITIONAL,TRANSITIONAL,0.375000,0.500000,1.000000,-1.000000
ISRG,SHORT,2022-05-23T04:00:00+00:00,2023-04-20T04:00:00+00:00,221.610000,297.410000,0.34204233,228,TRANSITIONAL,TRANSITIONAL,0.500000,0.400000,-1.000000,1.000000
ISRG,SHORT,2023-04-24T04:00:00+00:00,2024-01-11T05:00:00+00:00,300.460000,362.310000,0.20585103,181,TRANSITIONAL,TRANSITIONAL,0.300000,0.416667,-1.000000,1.000000
ISRG,LONG,2024-01-12T05:00:00+00:00,2024-06-20T04:00:00+00:00,363.710000,432.550000,0.18927167,109,TRANSITIONAL,TRANSITIONAL,0.416667,0.583333,1.000000,0.000000
ISRG,SHORT,2024-06-21T04:00:00+00:00,2024-09-30T04:00:00+00:00,432.560000,491.270000,0.13572684,69,TRANSITIONAL,TRANSITIONAL,0.500000,0.583333,-1.000000,0.000000
ISRG,LONG,2024-10-01T04:00:00+00:00,2025-04-10T04:00:00+00:00,484.760000,489.520000,0.00981929,131,TRANSITIONAL,TRANSITIONAL,0.416667,0.375000,1.000000,-1.000000
ISRG,SHORT,2025-04-11T04:00:00+00:00,2025-10-23T04:00:00+00:00,493.600000,551.300000,0.11689627,134,TRANSITIONAL,TRANSITIONAL,0.375000,0.333333,-1.000000,1.000000
ISRG,LONG,2025-10-24T04:00:00+00:00,2025-12-12T05:00:00+00:00,546.510000,542.320000,-0.00766683,34,TRANSITIONAL,TRANSITIONAL,0.333333,0.333333,1.000000,1.000000
IT,LONG,2021-05-05T04:00:00+00:00,2021-11-02T04:00:00+00:00,230.940000,339.690000,0.47090153,126,TRANSITIONAL,TRANSITIONAL,0.750000,0.500000,1.000000,-1.000000
IT,SHORT,2021-11-03T04:00:00+00:00,2022-01-24T05:00:00+00:00,325.620000,287.030000,-0.11851238,55,TRANSITIONAL,TRANSITIONAL,0.500000,0.833333,-1.000000,0.000000
IT,LONG,2022-01-25T05:00:00+00:00,2023-11-06T05:00:00+00:00,277.600000,392.570000,0.41415706,448,TRANSITIONAL,TRANSITIONAL,0.666667,0.500000,1.000000,-1.000000
IT,SHORT,2023-11-07T05:00:00+00:00,2025-11-05T05:00:00+00:00,397.890000,237.120000,-0.40405640,500,TRANSITIONAL,STABLE,0.500000,0.285714,-1.000000,1.000000
IVZ,LONG,2021-03-02T05:00:00+00:00,2022-11-10T05:00:00+00:00,23.950000,18.750000,-0.21711900,429,TRANSITIONAL,TRANSITIONAL,0.750000,0.500000,1.000000,-1.000000
IVZ,SHORT,2022-11-11T05:00:00+00:00,2025-07-21T04:00:00+00:00,19.770000,20.200000,0.02175013,671,TRANSITIONAL,TRANSITIONAL,0.500000,0.428571,-1.000000,1.000000
IVZ,LONG,2025-07-22T04:00:00+00:00,2025-09-23T04:00:00+00:00,21.250000,22.430000,0.05552941,44,TRANSITIONAL,TRANSITIONAL,0.428571,0.571429,1.000000,0.000000
IVZ,SHORT,2025-09-24T04:00:00+00:00,2025-12-12T05:00:00+00:00,22.180000,26.260000,0.18394950,56,TRANSITIONAL,TRANSITIONAL,0.500000,0.500000,-1.000000,-1.000000
J,LONG,2024-10-01T04:00:00+00:00,2025-12-12T05:00:00+00:00,132.070000,135.720000,0.02763686,301,TRANSITIONAL,TRANSITIONAL,0.750000,0.750000,1.000000,1.000000
JBHT,LONG,2025-04-04T04:00:00+00:00,2025-05-09T04:00:00+00:00,134.660000,135.530000,0.00646072,24,TRANSITIONAL,TRANSITIONAL,0.750000,0.833333,1.000000,0.000000
JBHT,SHORT,2025-05-12T04:00:00+00:00,2025-12-12T05:00:00+00:00,148.720000,198.680000,0.33593330,149,TRANSITIONAL,TRANSITIONAL,0.500000,0.500000,-1.000000,-1.000000
JBL,LONG,2022-06-17T04:00:00+00:00,2023-12-29T05:00:00+00:00,53.610000,127.400000,1.37642231,385,TRANSITIONAL,TRANSITIONAL,0.750000,0.300000,1.000000,-1.000000
JBL,SHORT,2024-01-02T05:00:00+00:00,2024-03-18T04:00:00+00:00,128.140000,124.180000,-0.03090370,52,TRANSITIONAL,TRANSITIONAL,0.300000,0.250000,-1.000000,1.000000
JBL,SHORT,2024-05-20T04:00:00+00:00,2024-06-21T04:00:00+00:00,121.010000,113.190000,-0.06462276,22,TRANSITIONAL,TRANSITIONAL,0.333333,0.285714,-1.000000,1.000000
JBL,LONG,2024-09-27T04:00:00+00:00,2025-01-06T05:00:00+00:00,122.340000,152.020000,0.24260258,68,TRANSITIONAL,TRANSITIONAL,0.312500,0.375000,1.000000,0.000000
JCI,LONG,2025-04-10T04:00:00+00:00,2025-12-12T05:00:00+00:00,76.230000,114.760000,0.50544405,170,TRANSITIONAL,TRANSITIONAL,0.750000,0.750000,1.000000,1.000000
JKHY,LONG,2023-02-09T05:00:00+00:00,2023-03-30T04:00:00+00:00,167.550000,147.980000,-0.11680095,34,TRANSITIONAL,TRANSITIONAL,0.750000,0.833333,1.000000,0.000000
JKHY,SHORT,2023-03-31T04:00:00+00:00,2025-12-12T05:00:00+00:00,150.720000,187.500000,0.24402866,678,TRANSITIONAL,TRANSITIONAL,0.500000,0.500000,-1.000000,-1.000000
JPM,LONG,2024-11-07T05:00:00+00:00,2025-12-12T05:00:00+00:00,236.380000,318.520000,0.34749133,274,TRANSITIONAL,TRANSITIONAL,0.750000,0.750000,1.000000,1.000000
K,LONG,2023-10-03T04:00:00+00:00,2025-05-08T04:00:00+00:00,52.990000,82.540000,0.55765239,400,TRANSITIONAL,TRANSITIONAL,0.750000,0.833333,1.000000,0.000000
K,SHORT,2025-05-09T04:00:00+00:00,2025-12-10T05:00:00+00:00,82.480000,83.440000,0.01163919,148,TRANSITIONAL,TRANSITIONAL,0.500000,0.500000,-1.000000,-1.000000
KEY,LONG,2022-03-02T05:00:00+00:00,2023-03-13T04:00:00+00:00,24.170000,11.380000,-0.52916839,258,TRANSITIONAL,TRANSITIONAL,0.750000,0.375000,1.000000,-1.000000
KEY,SHORT,2023-03-14T04:00:00+00:00,2023-03-22T04:00:00+00:00,12.170000,12.050000,-0.00986031,6,TRANSITIONAL,STABLE,0.375000,0.400000,-1.000000,1.000000
KEY,LONG,2023-03-23T04:00:00+00:00,2023-03-24T04:00:00+00:00,11.270000,11.860000,0.05235138,1,STABLE,STABLE,0.400000,0.333333,1.000000,-1.000000
KEY,SHORT,2023-03-27T04:00:00+00:00,2023-05-05T04:00:00+00:00,12.490000,9.830000,-0.21297038,28,STABLE,STABLE,0.333333,0.285714,-1.000000,1.000000
KEY,SHORT,2024-04-12T04:00:00+00:00,2024-04-17T04:00:00+00:00,14.610000,14.430000,-0.01232033,3,STABLE,STABLE,0.375000,0.250000,-1.000000,-1.000000
KEY,LONG,2024-04-23T04:00:00+00:00,2024-11-07T05:00:00+00:00,14.720000,19.160000,0.30163043,138,STABLE,STABLE,0.312500,0.277778,1.000000,-1.000000
KEYS,LONG,2023-02-23T05:00:00+00:00,2024-02-02T05:00:00+00:00,160.860000,155.700000,-0.03207758,237,TRANSITIONAL,TRANSITIONAL,0.750000,0.833333,1.000000,0.000000
KEYS,SHORT,2024-02-05T05:00:00+00:00,2024-08-22T04:00:00+00:00,154.150000,154.640000,0.00317872,138,TRANSITIONAL,TRANSITIONAL,0.666667,0.500000,-1.000000,1.000000
KEYS,LONG,2024-08-23T04:00:00+00:00,2025-12-09T05:00:00+00:00,155.010000,210.460000,0.35771886,324,TRANSITIONAL,TRANSITIONAL,0.500000,0.400000,1.000000,-1.000000
KEYS,SHORT,2025-12-10T05:00:00+00:00,2025-12-12T05:00:00+00:00,212.780000,208.810000,-0.01865777,2,TRANSITIONAL,TRANSITIONAL,0.400000,0.400000,-1.000000,-1.000000
KIM,LONG,2021-07-20T04:00:00+00:00,2025-12-12T05:00:00+00:00,20.840000,20.160000,-0.03262956,1106,TRANSITIONAL,TRANSITIONAL,0.750000,0.750000,1.000000,1.000000
KKR,LONG,2022-03-08T05:00:00+00:00,2023-07-13T04:00:00+00:00,52.270000,61.210000,0.17103501,338,TRANSITIONAL,TRANSITIONAL,0.750000,0.833333,1.000000,0.000000
KKR,SHORT,2023-07-14T04:00:00+00:00,2024-06-11T04:00:00+00:00,60.560000,110.210000,0.81984808,229,TRANSITIONAL,TRANSITIONAL,0.500000,0.625000,-1.000000,1.000000
KKR,LONG,2024-06-12T04:00:00+00:00,2024-10-11T04:00:00+00:00,111.490000,135.590000,0.21616288,84,TRANSITIONAL,TRANSITIONAL,0.625000,0.750000,1.000000,0.000000
KKR,SHORT,2024-10-14T04:00:00+00:00,2025-02-05T05:00:00+00:00,136.540000,153.810000,0.12648308,77,TRANSITIONAL,TRANSITIONAL,0.500000,0.400000,-1.000000,1.000000
KKR,LONG,2025-02-06T05:00:00+00:00,2025-03-31T04:00:00+00:00,151.590000,115.610000,-0.23735075,36,TRANSITIONAL,TRANSITIONAL,0.400000,0.500000,1.000000,0.000000
KKR,SHORT,2025-04-01T04:00:00+00:00,2025-04-03T04:00:00+00:00,117.840000,102.550000,-0.12975221,2,TRANSITIONAL,TRANSITIONAL,0.333333,0.428571,-1.000000,1.000000
KKR,SHORT,2025-04-04T04:00:00+00:00,2025-04-07T04:00:00+00:00,92.790000,97.540000,0.05119086,1,TRANSITIONAL,TRANSITIONAL,0.375000,0.333333,-1.000000,1.000000
KKR,LONG,2025-04-08T04:00:00+00:00,2025-04-09T04:00:00+00:00,94.510000,110.460000,0.16876521,1,TRANSITIONAL,TRANSITIONAL,0.333333,0.300000,1.000000,-1.000000
KKR,SHORT,2025-04-10T04:00:00+00:00,2025-12-12T05:00:00+00:00,101.870000,136.600000,0.34092471,170,TRANSITIONAL,TRANSITIONAL,0.318182,0.318182,-1.000000,-1.000000
KLAC,LONG,2021-03-09T05:00:00+00:00,2022-08-10T04:00:00+00:00,294.100000,374.510000,0.27341040,359,TRANSITIONAL,TRANSITIONAL,0.750000,0.500000,1.000000,-1.000000
KLAC,SHORT,2022-08-11T04:00:00+00:00,2024-01-17T05:00:00+00:00,372.750000,562.500000,0.50905433,359,TRANSITIONAL,TRANSITIONAL,0.500000,0.833333,-1.000000,0.000000
KLAC,LONG,2024-01-18T05:00:00+00:00,2024-07-18T04:00:00+00:00,590.000000,787.060000,0.33400000,125,TRANSITIONAL,TRANSITIONAL,0.666667,0.500000,1.000000,-1.000000
KLAC,SHORT,2024-07-19T04:00:00+00:00,2024-08-01T04:00:00+00:00,762.550000,756.140000,-0.00840601,9,TRANSITIONAL,TRANSITIONAL,0.500000,0.400000,-1.000000,1.000000
KLAC,LONG,2024-08-02T04:00:00+00:00,2024-08-27T04:00:00+00:00,696.170000,812.790000,0.16751655,17,TRANSITIONAL,TRANSITIONAL,0.400000,0.600000,1.000000,0.000000
KLAC,SHORT,2024-08-28T04:00:00+00:00,2024-09-04T04:00:00+00:00,804.270000,745.110000,-0.07355739,4,TRANSITIONAL,TRANSITIONAL,0.500000,0.416667,-1.000000,1.000000
KLAC,LONG,2024-09-05T04:00:00+00:00,2024-09-10T04:00:00+00:00,728.060000,713.460000,-0.02005329,3,TRANSITIONAL,TRANSITIONAL,0.416667,0.500000,1.000000,-1.000000
KLAC,SHORT,2024-09-11T04:00:00+00:00,2024-10-15T04:00:00+00:00,748.820000,707.720000,-0.05488635,24,TRANSITIONAL,TRANSITIONAL,0.500000,0.428571,-1.000000,1.000000
KLAC,SHORT,2024-10-16T04:00:00+00:00,2025-04-10T04:00:00+00:00,682.590000,656.760000,-0.03784116,120,TRANSITIONAL,TRANSITIONAL,0.375000,0.333333,-1.000000,1.000000
KLAC,LONG,2025-04-11T04:00:00+00:00,2025-09-29T04:00:00+00:00,670.220000,1064.130000,0.58773239,116,TRANSITIONAL,TRANSITIONAL,0.333333,0.444444,1.000000,0.000000
KLAC,SHORT,2025-09-30T04:00:00+00:00,2025-11-18T05:00:00+00:00,1078.600000,1123.090000,0.04124791,35,TRANSITIONAL,TRANSITIONAL,0.388889,0.444444,-1.000000,0.000000
KLAC,LONG,2025-11-19T05:00:00+00:00,2025-12-12T05:00:00+00:00,1167.460000,1193.920000,0.02266459,16,TRANSITIONAL,TRANSITIONAL,0.333333,0.333333,1.000000,1.000000
KMB,LONG,2025-11-04T05:00:00+00:00,2025-12-12T05:00:00+00:00,100.640000,103.150000,0.02494038,27,TRANSITIONAL,TRANSITIONAL,0.750000,0.750000,1.000000,1.000000
KR,LONG,2021-12-03T05:00:00+00:00,2025-12-12T05:00:00+00:00,43.430000,63.190000,0.45498503,1010,TRANSITIONAL,TRANSITIONAL,0.750000,0.750000,1.000000,1.000000
KVUE,LONG,2024-08-06T04:00:00+00:00,2024-08-07T04:00:00+00:00,20.860000,20.620000,-0.01150527,1,TRANSITIONAL,TRANSITIONAL,0.750000,0.500000,1.000000,-1.000000
KVUE,SHORT,2024-08-08T04:00:00+00:00,2025-10-17T04:00:00+00:00,21.250000,15.290000,-0.28047059,299,TRANSITIONAL,TRANSITIONAL,0.500000,0.375000,-1.000000,1.000000
KVUE,LONG,2025-10-20T04:00:00+00:00,2025-11-20T05:00:00+00:00,14.960000,16.150000,0.07954545,23,TRANSITIONAL,TRANSITIONAL,0.375000,0.600000,1.000000,0.000000
KVUE,SHORT,2025-11-21T05:00:00+00:00,2025-12-12T05:00:00+00:00,16.640000,17.330000,0.04146635,14,TRANSITIONAL,TRANSITIONAL,0.500000,0.500000,-1.000000,-1.000000
LDOS,LONG,2021-08-04T04:00:00+00:00,2023-05-03T04:00:00+00:00,94.480000,80.890000,-0.14383997,439,TRANSITIONAL,TRANSITIONAL,0.750000,0.500000,1.000000,-1.000000
LDOS,SHORT,2023-05-04T04:00:00+00:00,2024-11-15T05:00:00+00:00,79.450000,160.650000,1.02202643,387,TRANSITIONAL,TRANSITIONAL,0.500000,0.375000,-1.000000,1.000000
LDOS,LONG,2024-11-18T05:00:00+00:00,2025-09-26T04:00:00+00:00,158.840000,184.900000,0.16406447,213,TRANSITIONAL,TRANSITIONAL,0.375000,0.625000,1.000000,0.000000
LDOS,SHORT,2025-09-29T04:00:00+00:00,2025-12-12T05:00:00+00:00,185.610000,189.730000,0.02219708,53,TRANSITIONAL,TRANSITIONAL,0.500000,0.500000,-1.000000,-1.000000
LEN,LONG,2021-03-18T04:00:00+00:00,2022-11-11T05:00:00+00:00,91.616700,85.217800,-0.06984425,418,TRANSITIONAL,TRANSITIONAL,0.750000,0.500000,1.000000,-1.000000
LEN,SHORT,2022-11-14T05:00:00+00:00,2024-07-10T04:00:00+00:00,83.001000,141.064900,0.69955663,413,TRANSITIONAL,TRANSITIONAL,0.500000,0.833333,-1.000000,0.000000
LEN,LONG,2024-07-11T04:00:00+00:00,2025-12-12T05:00:00+00:00,150.851900,119.370000,-0.20869409,358,TRANSITIONAL,TRANSITIONAL,0.666667,0.666667,1.000000,1.000000
LHX,LONG,2023-10-10T04:00:00+00:00,2025-12-12T05:00:00+00:00,177.570000,286.950000,0.61598243,546,TRANSITIONAL,TRANSITIONAL,0.750000,0.750000,1.000000,1.000000
LII,LONG,2025-04-10T04:00:00+00:00,2025-04-29T04:00:00+00:00,550.290000,534.910000,-0.02794890,12,TRANSITIONAL,TRANSITIONAL,0.750000,0.500000,1.000000,-1.000000
LII,SHORT,2025-04-30T04:00:00+00:00,2025-10-23T04:00:00+00:00,546.750000,494.990000,-0.09466850,122,TRANSITIONAL,TRANSITIONAL,0.500000,0.375000,-1.000000,1.000000
LII,LONG,2025-10-24T04:00:00+00:00,2025-12-12T05:00:00+00:00,496.240000,505.760000,0.01918427,34,TRANSITIONAL,TRANSITIONAL,0.375000,0.375000,1.000000,1.000000
LKQ,LONG,2022-02-18T05:00:00+00:00,2024-06-20T04:00:00+00:00,49.170000,41.490000,-0.15619280,585,TRANSITIONAL,TRANSITIONAL,0.750000,0.833333,1.000000,0.000000
LKQ,SHORT,2024-06-24T04:00:00+00:00,2024-07-26T04:00:00+00:00,41.970000,40.180000,-0.04264951,23,TRANSITIONAL,TRANSITIONAL,0.500000,0.375000,-1.000000,1.000000
LKQ,LONG,2024-07-29T04:00:00+00:00,2024-11-11T05:00:00+00:00,40.160000,39.360000,-0.01992032,74,TRANSITIONAL,TRANSITIONAL,0.375000,0.625000,1.000000,0.000000
LKQ,SHORT,2024-11-12T05:00:00+00:00,2025-04-25T04:00:00+00:00,38.390000,37.410000,-0.02552748,111,TRANSITIONAL,TRANSITIONAL,0.500000,0.400000,-1.000000,1.000000
LKQ,LONG,2025-04-28T04:00:00+00:00,2025-07-25T04:00:00+00:00,37.210000,32.170000,-0.13544746,61,TRANSITIONAL,TRANSITIONAL,0.400000,0.357143,1.000000,-1.000000
LKQ,SHORT,2025-07-28T04:00:00+00:00,2025-12-12T05:00:00+00:00,31.490000,30.990000,-0.01587806,97,TRANSITIONAL,TRANSITIONAL,0.357143,0.357143,-1.000000,-1.000000
LLY,LONG,2021-01-12T05:00:00+00:00,2021-03-16T04:00:00+00:00,178.800000,190.900000,0.06767338,43,TRANSITIONAL,TRANSITIONAL,0.750000,0.500000,1.000000,-1.000000
LLY,SHORT,2021-03-17T04:00:00+00:00,2021-05-13T04:00:00+00:00,186.730000,194.940000,0.04396723,40,TRANSITIONAL,TRANSITIONAL,0.500000,0.500000,-1.000000,1.000000
LLY,LONG,2021-05-14T04:00:00+00:00,2021-06-11T04:00:00+00:00,196.210000,224.090000,0.14209266,19,TRANSITIONAL,TRANSITIONAL,0.500000,0.500000,1.000000,-1.000000
LLY,SHORT,2021-06-14T04:00:00+00:00,2021-08-26T04:00:00+00:00,226.100000,261.320000,0.15577178,52,TRANSITIONAL,TRANSITIONAL,0.500000,0.500000,-1.000000,1.000000
LLY,LONG,2021-08-27T04:00:00+00:00,2023-08-09T04:00:00+00:00,259.750000,526.230000,1.02590953,489,TRANSITIONAL,TRANSITIONAL,0.500000,0.300000,1.000000,-1.000000
LLY,SHORT,2023-08-10T04:00:00+00:00,2025-05-02T04:00:00+00:00,521.340000,823.620000,0.57981356,433,TRANSITIONAL,TRANSITIONAL,0.300000,0.285714,-1.000000,1.000000
LLY,SHORT,2025-05-21T04:00:00+00:00,2025-08-08T04:00:00+00:00,724.950000,625.650000,-0.13697496,54,TRANSITIONAL,TRANSITIONAL,0.357143,0.312500,-1.000000,1.000000
LLY,LONG,2025-08-11T04:00:00+00:00,2025-10-13T04:00:00+00:00,635.220000,819.400000,0.28994679,44,TRANSITIONAL,TRANSITIONAL,0.312500,0.437500,1.000000,0.000000
LLY,SHORT,2025-10-14T04:00:00+00:00,2025-12-12T05:00:00+00:00,812.350000,1027.510000,0.26486121,42,TRANSITIONAL,TRANSITIONAL,0.375000,0.375000,-1.000000,-1.000000
LMT,LONG,2021-10-27T04:00:00+00:00,2025-07-23T04:00:00+00:00,330.940000,419.390000,0.26726899,936,TRANSITIONAL,TRANSITIONAL,0.750000,0.500000,1.000000,-1.000000
LMT,SHORT,2025-07-24T04:00:00+00:00,2025-12-12T05:00:00+00:00,420.550000,480.250000,0.14195696,99,TRANSITIONAL,TRANSITIONAL,0.500000,0.500000,-1.000000,-1.000000
LOW,LONG,2021-08-18T04:00:00+00:00,2025-12-12T05:00:00+00:00,199.730000,247.290000,0.23812146,1085,TRANSITIONAL,TRANSITIONAL,0.750000,0.750000,1.000000,1.000000
LRCX,LONG,2021-02-25T05:00:00+00:00,2021-02-26T05:00:00+00:00,54.765000,56.719000,0.03567972,1,TRANSITIONAL,TRANSITIONAL,0.750000,0.500000,1.000000,-1.000000
LRCX,SHORT,2021-03-01T05:00:00+00:00,2021-03-09T05:00:00+00:00,59.881000,54.351000,-0.09234983,6,TRANSITIONAL,TRANSITIONAL,0.500000,0.375000,-1.000000,1.000000
LRCX,SHORT,2021-03-10T05:00:00+00:00,2021-05-06T04:00:00+00:00,51.870000,61.744000,0.19036052,40,TRANSITIONAL,TRANSITIONAL,0.300000,0.400000,-1.000000,1.000000
LRCX,LONG,2021-05-07T04:00:00+00:00,2022-08-10T04:00:00+00:00,63.054000,49.495000,-0.21503790,317,TRANSITIONAL,TRANSITIONAL,0.400000,0.333333,1.000000,-1.000000
LRCX,SHORT,2022-08-11T04:00:00+00:00,2022-11-11T05:00:00+00:00,49.746000,50.082000,0.00675431,65,TRANSITIONAL,TRANSITIONAL,0.333333,0.285714,-1.000000,1.000000
LRCX,SHORT,2023-01-18T05:00:00+00:00,2023-05-18T04:00:00+00:00,46.689000,59.874000,0.28240057,84,TRANSITIONAL,TRANSITIONAL,0.357143,0.428571,-1.000000,0.000000
LULU,LONG,2022-03-31T04:00:00+00:00,2022-06-21T04:00:00+00:00,365.230000,276.450000,-0.24307970,55,TRANSITIONAL,TRANSITIONAL,0.750000,0.500000,1.000000,-1.000000
LULU,SHORT,2022-06-22T04:00:00+00:00,2022-12-12T05:00:00+00:00,277.880000,328.230000,0.18119332,120,TRANSITIONAL,TRANSITIONAL,0.500000,0.375000,-1.000000,1.000000
LULU,LONG,2022-12-13T05:00:00+00:00,2023-02-23T05:00:00+00:00,326.270000,317.800000,-0.02596009,48,TRANSITIONAL,TRANSITIONAL,0.375000,0.300000,1.000000,-1.000000
LULU,SHORT,2023-02-24T05:00:00+00:00,2023-03-30T04:00:00+00:00,308.100000,358.090000,0.16225252,24,TRANSITIONAL,TRANSITIONAL,0.300000,0.250000,-1.000000,1.000000
LULU,SHORT,2023-06-01T04:00:00+00:00,2023-06-05T04:00:00+00:00,328.350000,356.440000,0.08554896,2,TRANSITIONAL,TRANSITIONAL,0.333333,0.285714,-1.000000,1.000000
LULU,SHORT,2023-08-15T04:00:00+00:00,2023-10-17T04:00:00+00:00,383.180000,412.940000,0.07766585,44,TRANSITIONAL,TRANSITIONAL,0.357143,0.312500,-1.000000,1.000000
LULU,LONG,2023-10-18T04:00:00+00:00,2024-03-04T05:00:00+00:00,405.610000,450.790000,0.11138779,93,TRANSITIONAL,TRANSITIONAL,0.312500,0.437500,1.000000,0.000000
LULU,SHORT,2024-03-05T05:00:00+00:00,2024-03-21T04:00:00+00:00,446.060000,478.840000,0.07348787,12,TRANSITIONAL,TRANSITIONAL,0.375000,0.437500,-1.000000,0.000000
LULU,SHORT,2024-03-25T04:00:00+00:00,2024-04-25T04:00:00+00:00,388.900000,360.000000,-0.07431216,22,TRANSITIONAL,TRANSITIONAL,0.300000,0.200000,-1.000000,-1.000000
LULU,LONG,2024-08-20T04:00:00+00:00,2024-08-26T04:00:00+00:00,260.600000,271.660000,0.04244052,4,TRANSITIONAL,TRANSITIONAL,0.318182,0.181818,1.000000,1.000000
LULU,LONG,2024-12-18T05:00:00+00:00,2024-12-26T05:00:00+00:00,372.070000,385.820000,0.03695541,5,TRANSITIONAL,TRANSITIONAL,0.333333,0.208333,1.000000,1.000000
LULU,LONG,2025-04-04T04:00:00+00:00,2025-04-10T04:00:00+00:00,263.700000,256.620000,-0.02684869,4,TRANSITIONAL,TRANSITIONAL,0.357143,0.375000,1.000000,-1.000000
LULU,SHORT,2025-04-11T04:00:00+00:00,2025-06-06T04:00:00+00:00,261.030000,265.270000,0.01624334,38,TRANSITIONAL,TRANSITIONAL,0.375000,0.250000,-1.000000,-1.000000
LUV,LONG,2022-03-08T05:00:00+00:00,2024-10-08T04:00:00+00:00,39.160000,30.670000,-0.21680286,650,TRANSITIONAL,TRANSITIONAL,0.750000,0.625000,1.000000,0.000000
LUV,SHORT,2024-10-09T04:00:00+00:00,2025-04-07T04:00:00+00:00,30.640000,25.960000,-0.15274151,122,TRANSITIONAL,TRANSITIONAL,0.500000,0.400000,-1.000000,1.000000
LUV,LONG,2025-04-08T04:00:00+00:00,2025-04-09T04:00:00+00:00,24.750000,28.550000,0.15353535,1,TRANSITIONAL,TRANSITIONAL,0.400000,0.333333,1.000000,-1.000000
LUV,SHORT,2025-04-10T04:00:00+00:00,2025-07-25T04:00:00+00:00,25.790000,33.210000,0.28770841,72,TRANSITIONAL,TRANSITIONAL,0.357143,0.333333,-1.000000,1.000000
LUV,LONG,2025-07-28T04:00:00+00:00,2025-10-23T04:00:00+00:00,32.520000,31.650000,-0.02675277,62,TRANSITIONAL,TRANSITIONAL,0.333333,0.444444,1.000000,0.000000
LUV,SHORT,2025-10-24T04:00:00+00:00,2025-12-12T05:00:00+00:00,32.200000,41.170000,0.27857143,34,TRANSITIONAL,TRANSITIONAL,0.388889,0.388889,-1.000000,-1.000000
LVS,LONG,2022-01-14T05:00:00+00:00,2022-01-18T05:00:00+00:00,42.990000,43.100000,0.00255873,1,TRANSITIONAL,TRANSITIONAL,0.750000,0.500000,1.000000,-1.000000
LVS,SHORT,2022-01-19T05:00:00+00:00,2022-03-02T05:00:00+00:00,43.920000,44.400000,0.01092896,29,TRANSITIONAL,TRANSITIONAL,0.500000,0.375000,-1.000000,1.000000
LVS,SHORT,2022-03-03T05:00:00+00:00,2022-03-15T04:00:00+00:00,42.370000,32.660000,-0.22917158,8,TRANSITIONAL,TRANSITIONAL,0.300000,0.285714,-1.000000,1.000000
LVS,LONG,2023-04-06T04:00:00+00:00,2023-04-13T04:00:00+00:00,57.010000,57.530000,0.00912121,4,TRANSITIONAL,TRANSITIONAL,0.333333,0.291667,1.000000,1.000000
LVS,LONG,2023-06-29T04:00:00+00:00,2023-07-06T04:00:00+00:00,57.380000,54.720000,-0.04635762,4,TRANSITIONAL,TRANSITIONAL,0.333333,0.208333,1.000000,1.000000
LW,LONG,2021-07-28T04:00:00+00:00,2023-10-06T04:00:00+00:00,66.820000,93.470000,0.39883268,552,TRANSITIONAL,TRANSITIONAL,0.750000,0.500000,1.000000,-1.000000
LW,SHORT,2023-10-09T04:00:00+00:00,2024-07-24T04:00:00+00:00,92.700000,56.420000,-0.39137001,198,TRANSITIONAL,TRANSITIONAL,0.500000,0.214286,-1.000000,-1.000000
LYB,LONG,2025-04-09T04:00:00+00:00,2025-04-10T04:00:00+00:00,59.830000,54.340000,-0.09175999,1,TRANSITIONAL,TRANSITIONAL,0.750000,0.500000,1.000000,-1.000000
LYB,SHORT,2025-04-11T04:00:00+00:00,2025-07-25T04:00:00+00:00,56.890000,64.010000,0.12515381,71,TRANSITIONAL,TRANSITIONAL,0.500000,0.400000,-1.000000,1.000000
LYB,LONG,2025-07-28T04:00:00+00:00,2025-10-22T04:00:00+00:00,62.880000,45.200000,-0.28117048,61,TRANSITIONAL,TRANSITIONAL,0.400000,0.600000,1.000000,0.000000
LYB,SHORT,2025-10-24T04:00:00+00:00,2025-12-12T05:00:00+00:00,47.590000,44.390000,-0.06724102,34,TRANSITIONAL,TRANSITIONAL,0.500000,0.500000,-1.000000,-1.000000
LYV,LONG,2021-11-08T05:00:00+00:00,2022-01-05T05:00:00+00:00,117.140000,117.470000,0.00281714,40,TRANSITIONAL,TRANSITIONAL,0.750000,0.500000,1.000000,-1.000000
LYV,SHORT,2022-01-06T05:00:00+00:00,2022-03-08T05:00:00+00:00,119.340000,106.010000,-0.11169767,41,TRANSITIONAL,TRANSITIONAL,0.500000,0.375000,-1.000000,1.000000
LYV,LONG,2022-03-09T05:00:00+00:00,2022-05-31T04:00:00+00:00,109.900000,95.050000,-0.13512284,57,TRANSITIONAL,TRANSITIONAL,0.375000,0.625000,1.000000,0.000000
LYV,SHORT,2022-06-01T04:00:00+00:00,2022-11-30T05:00:00+00:00,94.510000,72.760000,-0.23013438,126,TRANSITIONAL,TRANSITIONAL,0.500000,0.625000,-1.000000,0.000000
LYV,LONG,2022-12-01T05:00:00+00:00,2023-02-27T05:00:00+00:00,73.550000,71.830000,-0.02338545,58,TRANSITIONAL,TRANSITIONAL,0.375000,0.300000,1.000000,-1.000000
LYV,SHORT,2023-02-28T05:00:00+00:00,2023-05-08T04:00:00+00:00,72.060000,77.820000,0.07993339,48,TRANSITIONAL,TRANSITIONAL,0.300000,0.250000,-1.000000,1.000000
LYV,SHORT,2023-07-05T04:00:00+00:00,2024-04-17T04:00:00+00:00,92.720000,91.820000,-0.00970664,198,TRANSITIONAL,TRANSITIONAL,0.333333,0.250000,-1.000000,1.000000
LYV,LONG,2024-05-28T04:00:00+00:00,2025-04-10T04:00:00+00:00,94.890000,129.230000,0.36189272,218,TRANSITIONAL,TRANSITIONAL,0.500000,0.357143,1.000000,-1.000000
LYV,SHORT,2025-04-11T04:00:00+00:00,2025-11-06T05:00:00+00:00,129.600000,137.770000,0.06304012,144,TRANSITIONAL,TRANSITIONAL,0.357143,0.312500,-1.000000,1.000000
LYV,LONG,2025-11-07T05:00:00+00:00,2025-12-12T05:00:00+00:00,140.510000,143.140000,0.01871753,24,TRANSITIONAL,TRANSITIONAL,0.312500,0.312500,1.000000,1.000000
MAR,LONG,2025-04-10T04:00:00+00:00,2025-12-12T05:00:00+00:00,222.920000,298.720000,0.34003230,170,TRANSITIONAL,TRANSITIONAL,0.750000,0.750000,1.000000,1.000000
MAS,LONG,2025-04-10T04:00:00+00:00,2025-05-15T04:00:00+00:00,61.700000,67.220000,0.08946515,24,TRANSITIONAL,TRANSITIONAL,0.750000,0.500000,1.000000,-1.000000
MAS,SHORT,2025-05-16T04:00:00+00:00,2025-12-12T05:00:00+00:00,67.660000,63.940000,-0.05498079,145,TRANSITIONAL,TRANSITIONAL,0.500000,0.500000,-1.000000,-1.000000
MCHP,LONG,2021-01-28T05:00:00+00:00,2024-08-05T04:00:00+00:00,69.325000,73.860000,0.06541652,884,TRANSITIONAL,TRANSITIONAL,0.750000,0.500000,1.000000,-1.000000
MCHP,SHORT,2024-08-06T04:00:00+00:00,2025-03-11T04:00:00+00:00,74.670000,52.240000,-0.30038838,148,TRANSITIONAL,TRANSITIONAL,0.500000,0.375000,-1.000000,1.000000
MCHP,LONG,2025-03-12T04:00:00+00:00,2025-04-04T04:00:00+00:00,51.900000,36.220000,-0.30211946,17,TRANSITIONAL,TRANSITIONAL,0.375000,0.333333,1.000000,-1.000000
MCHP,SHORT,2025-04-11T04:00:00+00:00,2025-04-25T04:00:00+00:00,38.710000,46.890000,0.21131491,9,TRANSITIONAL,STABLE,0.300000,0.272727,-1.000000,1.000000
MCHP,SHORT,2025-05-30T04:00:00+00:00,2025-10-13T04:00:00+00:00,58.040000,64.390000,0.10940731,93,STABLE,STABLE,0.318182,0.291667,-1.000000,1.000000
MCHP,LONG,2025-12-04T05:00:00+00:00,2025-12-12T05:00:00+00:00,64.720000,67.180000,0.03800989,6,STABLE,STABLE,0.307692,0.307692,1.000000,1.000000
MCK,LONG,2024-08-09T04:00:00+00:00,2025-12-12T05:00:00+00:00,541.150000,813.800000,0.50383443,337,TRANSITIONAL,TRANSITIONAL,0.750000,0.750000,1.000000,1.000000
MCO,LONG,2025-04-10T04:00:00+00:00,2025-12-12T05:00:00+00:00,423.030000,486.600000,0.15027303,170,TRANSITIONAL,TRANSITIONAL,0.750000,0.750000,1.000000,1.000000
MET,LONG,2025-04-10T04:00:00+00:00,2025-12-12T05:00:00+00:00,71.110000,82.160000,0.15539305,170,TRANSITIONAL,TRANSITIONAL,0.750000,0.750000,1.000000,1.000000
META,SHORT,2022-06-09T04:00:00+00:00,2022-06-13T04:00:00+00:00,184.000000,164.260000,-0.10728261,2,TRANSITIONAL,STABLE,0.500000,0.400000,-1.000000,1.000000
META,LONG,2022-06-14T04:00:00+00:00,2022-06-22T04:00:00+00:00,163.730000,155.850000,-0.04812802,5,STABLE,STABLE,0.416667,0.500000,1.000000,0.000000
META,SHORT,2022-06-24T04:00:00+00:00,2022-10-10T04:00:00+00:00,170.160000,133.790000,-0.21374001,74,STABLE,STABLE,0.423077,0.428571,-1.000000,1.000000
META,LONG,2022-10-11T04:00:00+00:00,2022-10-27T04:00:00+00:00,128.540000,97.940000,-0.23805819,12,STABLE,STABLE,0.428571,0.413043,1.000000,-1.000000
META,SHORT,2022-10-28T04:00:00+00:00,2022-11-11T05:00:00+00:00,99.200000,113.020000,0.13931452,10,STABLE,STABLE,0.413043,0.395833,-1.000000,1.000000
META,LONG,2022-11-14T05:00:00+00:00,2022-11-15T05:00:00+00:00,114.220000,117.080000,0.02503940,1,STABLE,STABLE,0.395833,0.437500,1.000000,0.000000
META,SHORT,2022-11-16T05:00:00+00:00,2022-12-09T05:00:00+00:00,113.230000,115.900000,0.02358032,16,STABLE,STABLE,0.416667,0.437500,-1.000000,0.000000
META,LONG,2022-12-12T05:00:00+00:00,2023-02-02T05:00:00+00:00,114.710000,188.770000,0.64562811,35,STABLE,STABLE,0.395833,0.384615,1.000000,-1.000000
META,SHORT,2023-02-03T05:00:00+00:00,2023-04-06T04:00:00+00:00,186.530000,216.100000,0.15852678,43,STABLE,STABLE,0.384615,0.403846,-1.000000,0.000000
META,LONG,2023-04-10T04:00:00+00:00,2023-04-28T04:00:00+00:00,214.750000,240.320000,0.11906868,14,STABLE,STABLE,0.365385,0.351852,1.000000,-1.000000
META,SHORT,2023-05-01T04:00:00+00:00,2023-07-21T04:00:00+00:00,243.180000,294.260000,0.21005017,56,STABLE,STABLE,0.351852,0.388889,-1.000000,0.000000
META,LONG,2023-07-24T04:00:00+00:00,2024-02-05T05:00:00+00:00,291.610000,459.410000,0.57542608,135,STABLE,STABLE,0.370370,0.392857,1.000000,-1.000000
META,SHORT,2024-02-06T05:00:00+00:00,2024-07-18T04:00:00+00:00,454.720000,475.850000,0.04646816,112,STABLE,STABLE,0.392857,0.379310,-1.000000,1.000000
META,LONG,2024-07-19T04:00:00+00:00,2025-04-10T04:00:00+00:00,476.790000,546.290000,0.14576648,182,STABLE,STABLE,0.379310,0.333333,1.000000,-1.000000
META,SHORT,2025-04-11T04:00:00+00:00,2025-10-31T04:00:00+00:00,543.570000,648.350000,0.19276266,140,STABLE,STABLE,0.333333,0.328125,-1.000000,1.000000
META,LONG,2025-11-03T05:00:00+00:00,2025-11-05T05:00:00+00:00,637.710000,635.950000,-0.00275988,2,STABLE,STABLE,0.328125,0.343750,1.000000,-1.000000
META,SHORT,2025-11-06T05:00:00+00:00,2025-12-12T05:00:00+00:00,618.940000,644.230000,0.04086018,25,STABLE,STABLE,0.343750,0.343750,-1.000000,-1.000000
MGM,LONG,2022-03-08T05:00:00+00:00,2022-06-21T04:00:00+00:00,37.630000,27.670000,-0.26468243,72,TRANSITIONAL,TRANSITIONAL,0.750000,0.500000,1.000000,-1.000000
MGM,SHORT,2022-06-22T04:00:00+00:00,2022-06-27T04:00:00+00:00,27.330000,30.030000,0.09879254,3,TRANSITIONAL,TRANSITIONAL,0.500000,0.416667,-1.000000,1.000000
MGM,SHORT,2022-06-28T04:00:00+00:00,2022-11-04T04:00:00+00:00,29.880000,33.840000,0.13253012,91,TRANSITIONAL,TRANSITIONAL,0.500000,0.428571,-1.000000,1.000000
MGM,LONG,2022-11-07T05:00:00+00:00,2023-01-27T05:00:00+00:00,34.190000,41.010000,0.19947353,55,TRANSITIONAL,TRANSITIONAL,0.428571,0.571429,1.000000,0.000000
MGM,SHORT,2023-01-30T05:00:00+00:00,2023-03-22T04:00:00+00:00,39.860000,41.590000,0.04340191,36,TRANSITIONAL,TRANSITIONAL,0.500000,0.571429,-1.000000,0.000000
MGM,LONG,2023-03-23T04:00:00+00:00,2024-08-02T04:00:00+00:00,41.230000,35.480000,-0.13946156,342,TRANSITIONAL,TRANSITIONAL,0.428571,0.375000,1.000000,-1.000000
MGM,SHORT,2024-08-05T04:00:00+00:00,2024-11-01T04:00:00+00:00,34.070000,36.410000,0.06868213,63,TRANSITIONAL,TRANSITIONAL,0.375000,0.333333,-1.000000,1.000000
MGM,LONG,2024-11-04T05:00:00+00:00,2025-02-13T05:00:00+00:00,36.400000,40.370000,0.10906593,68,TRANSITIONAL,TRANSITIONAL,0.333333,0.388889,1.000000,-1.000000
MGM,LONG,2025-02-14T05:00:00+00:00,2025-06-03T04:00:00+00:00,39.810000,31.960000,-0.19718664,74,TRANSITIONAL,TRANSITIONAL,0.350000,0.409091,1.000000,0.000000
MGM,SHORT,2025-06-04T04:00:00+00:00,2025-12-12T05:00:00+00:00,31.990000,37.400000,0.16911535,133,TRANSITIONAL,TRANSITIONAL,0.318182,0.318182,-1.000000,-1.000000
MHK,LONG,2021-11-01T04:00:00+00:00,2022-07-14T04:00:00+00:00,183.570000,124.610000,-0.32118538,175,TRANSITIONAL,TRANSITIONAL,0.750000,0.833333,1.000000,0.000000
MHK,SHORT,2022-07-15T04:00:00+00:00,2022-11-11T05:00:00+00:00,124.610000,109.800000,-0.11885081,84,TRANSITIONAL,TRANSITIONAL,0.500000,0.625000,-1.000000,1.000000
MHK,LONG,2022-11-14T05:00:00+00:00,2023-05-11T04:00:00+00:00,105.320000,97.760000,-0.07178124,122,TRANSITIONAL,TRANSITIONAL,0.625000,0.625000,1.000000,0.000000
MHK,SHORT,2023-05-12T04:00:00+00:00,2023-07-31T04:00:00+00:00,94.500000,106.340000,0.12529101,53,TRANSITIONAL,TRANSITIONAL,0.500000,0.375000,-1.000000,1.000000
MHK,LONG,2023-08-01T04:00:00+00:00,2024-07-29T04:00:00+00:00,107.900000,162.700000,0.50787766,249,TRANSITIONAL,TRANSITIONAL,0.375000,0.300000,1.000000,-1.000000
MHK,SHORT,2024-07-30T04:00:00+00:00,2024-10-28T04:00:00+00:00,162.100000,131.710000,-0.18747687,63,TRANSITIONAL,TRANSITIONAL,0.300000,0.250000,-1.000000,1.000000
MHK,SHORT,2025-02-13T05:00:00+00:00,2025-04-10T04:00:00+00:00,119.690000,103.020000,-0.13927646,39,TRANSITIONAL,TRANSITIONAL,0.333333,0.285714,-1.000000,1.000000
MHK,SHORT,2025-10-15T04:00:00+00:00,2025-12-12T05:00:00+00:00,127.450000,112.490000,-0.11737936,41,TRANSITIONAL,TRANSITIONAL,0.357143,0.357143,-1.000000,-1.000000
MKC,LONG,2024-03-27T04:00:00+00:00,2025-12-12T05:00:00+00:00,76.030000,66.800000,-0.12139945,430,TRANSITIONAL,TRANSITIONAL,0.750000,0.750000,1.000000,1.000000
MMM,LONG,2023-06-05T04:00:00+00:00,2024-07-26T04:00:00+00:00,81.923100,127.160000,0.55218736,287,TRANSITIONAL,TRANSITIONAL,0.750000,0.400000,1.000000,-1.000000
MMM,SHORT,2024-07-29T04:00:00+00:00,2025-04-07T04:00:00+00:00,125.160000,128.550000,0.02708533,173,TRANSITIONAL,STABLE,0.400000,0.333333,-1.000000,1.000000
MMM,LONG,2025-04-08T04:00:00+00:00,2025-04-14T04:00:00+00:00,127.160000,136.010000,0.06959736,4,STABLE,STABLE,0.333333,0.285714,1.000000,-1.000000
MNST,LONG,2024-08-09T04:00:00+00:00,2025-12-12T05:00:00+00:00,46.060000,73.970000,0.60594876,337,TRANSITIONAL,TRANSITIONAL,0.750000,0.750000,1.000000,1.000000
MO,LONG,2022-06-23T04:00:00+00:00,2025-12-12T05:00:00+00:00,42.510000,58.750000,0.38202776,872,TRANSITIONAL,TRANSITIONAL,0.750000,0.750000,1.000000,1.000000
MOH,LONG,2024-10-18T04:00:00+00:00,2024-10-25T04:00:00+00:00,289.720000,325.540000,0.12363661,5,TRANSITIONAL,TRANSITIONAL,0.750000,0.500000,1.000000,-1.000000
MOH,SHORT,2024-10-28T04:00:00+00:00,2025-02-07T05:00:00+00:00,315.200000,283.970000,-0.09907995,69,TRANSITIONAL,TRANSITIONAL,0.500000,0.400000,-1.000000,1.000000
MOH,LONG,2025-02-10T05:00:00+00:00,2025-04-11T04:00:00+00:00,286.420000,345.000000,0.20452482,43,TRANSITIONAL,STABLE,0.400000,0.500000,1.000000,0.000000
MOH,SHORT,2025-04-16T04:00:00+00:00,2025-07-02T04:00:00+00:00,332.380000,239.000000,-0.28094350,52,STABLE,TRANSITIONAL,0.333333,0.187500,-1.000000,-1.000000
MOS,LONG,2021-02-19T05:00:00+00:00,2021-03-02T05:00:00+00:00,29.080000,31.230000,0.07393398,7,TRANSITIONAL,TRANSITIONAL,0.750000,0.500000,1.000000,-1.000000
MOS,SHORT,2021-03-03T05:00:00+00:00,2021-06-25T04:00:00+00:00,31.560000,31.200000,-0.01140684,80,TRANSITIONAL,TRANSITIONAL,0.500000,0.666667,-1.000000,1.000000
MOS,LONG,2021-06-28T04:00:00+00:00,2021-11-03T04:00:00+00:00,30.430000,39.480000,0.29740388,90,TRANSITIONAL,TRANSITIONAL,0.666667,0.500000,1.000000,-1.000000
MOS,SHORT,2021-11-04T04:00:00+00:00,2022-05-10T04:00:00+00:00,38.800000,57.640000,0.48556701,128,TRANSITIONAL,TRANSITIONAL,0.500000,0.400000,-1.000000,1.000000
MOS,LONG,2022-05-11T04:00:00+00:00,2022-05-26T04:00:00+00:00,59.460000,58.960000,-0.00840901,11,TRANSITIONAL,TRANSITIONAL,0.400000,0.600000,1.000000,0.000000
MOS,SHORT,2022-05-27T04:00:00+00:00,2022-06-24T04:00:00+00:00,59.850000,46.610000,-0.22121972,18,TRANSITIONAL,TRANSITIONAL,0.500000,0.416667,-1.000000,1.000000
MOS,LONG,2022-06-27T04:00:00+00:00,2022-08-11T04:00:00+00:00,48.740000,54.760000,0.12351252,32,TRANSITIONAL,TRANSITIONAL,0.416667,0.583333,1.000000,0.000000
MOS,SHORT,2022-08-12T04:00:00+00:00,2022-10-17T04:00:00+00:00,54.850000,48.250000,-0.12032817,45,TRANSITIONAL,TRANSITIONAL,0.500000,0.428571,-1.000000,1.000000
MOS,LONG,2022-10-18T04:00:00+00:00,2022-12-12T05:00:00+00:00,50.810000,47.260000,-0.06986814,38,TRANSITIONAL,TRANSITIONAL,0.428571,0.375000,1.000000,-1.000000
MOS,SHORT,2022-12-13T05:00:00+00:00,2023-05-05T04:00:00+00:00,47.030000,39.110000,-0.16840315,98,TRANSITIONAL,TRANSITIONAL,0.375000,0.444444,-1.000000,1.000000
MOS,LONG,2023-05-08T04:00:00+00:00,2023-05-19T04:00:00+00:00,37.820000,35.760000,-0.05446854,9,TRANSITIONAL,TRANSITIONAL,0.444444,0.388889,1.000000,-1.000000
MOS,SHORT,2023-05-22T04:00:00+00:00,2023-10-31T04:00:00+00:00,35.980000,32.480000,-0.09727626,112,TRANSITIONAL,TRANSITIONAL,0.388889,0.444444,-1.000000,0.000000
MOS,LONG,2023-11-01T04:00:00+00:00,2023-11-22T05:00:00+00:00,32.290000,36.010000,0.11520595,15,TRANSITIONAL,TRANSITIONAL,0.333333,0.222222,1.000000,1.000000
MOS,LONG,2024-02-02T05:00:00+00:00,2024-02-05T05:00:00+00:00,30.860000,29.930000,-0.03013610,1,TRANSITIONAL,TRANSITIONAL,0.333333,0.222222,1.000000,1.000000
MPC,LONG,2023-04-05T04:00:00+00:00,2025-04-24T04:00:00+00:00,132.710000,137.540000,0.03639515,514,TRANSITIONAL,TRANSITIONAL,0.750000,0.500000,1.000000,-1.000000
MPC,SHORT,2025-04-25T04:00:00+00:00,2025-12-12T05:00:00+00:00,137.440000,185.770000,0.35164435,160,TRANSITIONAL,TRANSITIONAL,0.500000,0.500000,-1.000000,-1.000000
MPWR,LONG,2021-01-28T05:00:00+00:00,2021-04-14T04:00:00+00:00,367.980000,369.920000,0.00527203,52,TRANSITIONAL,TRANSITIONAL,0.750000,0.500000,1.000000,-1.000000
MPWR,SHORT,2021-04-15T04:00:00+00:00,2021-04-19T04:00:00+00:00,381.570000,369.600000,-0.03137039,2,TRANSITIONAL,TRANSITIONAL,0.500000,0.666667,-1.000000,1.000000
MPWR,LONG,2021-04-20T04:00:00+00:00,2022-05-16T04:00:00+00:00,364.280000,417.000000,0.14472384,271,TRANSITIONAL,TRANSITIONAL,0.666667,0.500000,1.000000,-1.000000
MPWR,SHORT,2022-05-17T04:00:00+00:00,2022-06-14T04:00:00+00:00,443.100000,407.160000,-0.08111036,19,TRANSITIONAL,TRANSITIONAL,0.500000,0.400000,-1.000000,1.000000
MPWR,LONG,2022-06-15T04:00:00+00:00,2022-07-20T04:00:00+00:00,416.190000,442.090000,0.06223119,23,TRANSITIONAL,TRANSITIONAL,0.400000,0.600000,1.000000,0.000000
MPWR,SHORT,2022-07-21T04:00:00+00:00,2022-11-11T05:00:00+00:00,456.030000,393.370000,-0.13740324,80,TRANSITIONAL,TRANSITIONAL,0.500000,0.416667,-1.000000,1.000000
MPWR,LONG,2022-11-14T05:00:00+00:00,2023-05-26T04:00:00+00:00,387.970000,520.920000,0.34268114,133,TRANSITIONAL,TRANSITIONAL,0.416667,0.300000,1.000000,-1.000000
MPWR,SHORT,2023-05-30T04:00:00+00:00,2024-07-18T04:00:00+00:00,514.970000,843.470000,0.63790124,285,TRANSITIONAL,TRANSITIONAL,0.300000,0.375000,-1.000000,1.000000
MPWR,LONG,2024-07-19T04:00:00+00:00,2024-08-01T04:00:00+00:00,808.830000,784.950000,-0.02952413,9,TRANSITIONAL,TRANSITIONAL,0.375000,0.357143,1.000000,-1.000000
MPWR,SHORT,2024-08-02T04:00:00+00:00,2024-09-04T04:00:00+00:00,795.760000,850.510000,0.06880215,22,TRANSITIONAL,TRANSITIONAL,0.300000,0.294118,-1.000000,1.000000
MPWR,SHORT,2024-09-23T04:00:00+00:00,2024-11-01T04:00:00+00:00,893.290000,759.370000,-0.14991772,29,TRANSITIONAL,TRANSITIONAL,0.323529,0.305556,-1.000000,1.000000
MPWR,LONG,2024-11-04T05:00:00+00:00,2024-12-02T05:00:00+00:00,766.570000,580.350000,-0.24292628,19,TRANSITIONAL,TRANSITIONAL,0.305556,0.342105,1.000000,0.000000
MPWR,LONG,2025-03-24T04:00:00+00:00,2025-04-03T04:00:00+00:00,627.930000,498.680000,-0.20583505,8,STABLE,TRANSITIONAL,0.333333,0.295455,1.000000,1.000000
MPWR,SHORT,2025-04-09T04:00:00+00:00,2025-10-13T04:00:00+00:00,561.840000,981.670000,0.74724121,128,TRANSITIONAL,STABLE,0.300000,0.296296,-1.000000,1.000000
MPWR,SHORT,2025-10-15T04:00:00+00:00,2025-12-12T05:00:00+00:00,1007.930000,946.510000,-0.06093677,41,STABLE,STABLE,0.314815,0.314815,-1.000000,-1.000000
MRK,LONG,2021-11-08T05:00:00+00:00,2025-12-12T05:00:00+00:00,82.680000,100.300000,0.21311079,1028,TRANSITIONAL,TRANSITIONAL,0.750000,0.750000,1.000000,1.000000
MRNA,LONG,2020-12-29T05:00:00+00:00,2020-12-30T05:00:00+00:00,114.390000,111.130000,-0.02849899,1,TRANSITIONAL,TRANSITIONAL,0.666667,0.500000,1.000000,-1.000000
MRNA,SHORT,2020-12-31T05:00:00+00:00,2021-01-04T05:00:00+00:00,104.470000,111.730000,0.06949363,1,TRANSITIONAL,TRANSITIONAL,0.500000,0.375000,-1.000000,1.000000
MRNA,LONG,2021-01-05T05:00:00+00:00,2021-01-06T05:00:00+00:00,109.180000,116.260000,0.06484704,1,TRANSITIONAL,TRANSITIONAL,0.375000,0.500000,1.000000,-1.000000
MRNA,LONG,2021-01-07T05:00:00+00:00,2021-01-26T05:00:00+00:00,115.090000,151.930000,0.32009732,12,TRANSITIONAL,TRANSITIONAL,0.375000,0.300000,1.000000,-1.000000
MRNA,SHORT,2021-01-27T05:00:00+00:00,2021-02-01T05:00:00+00:00,155.730000,157.480000,0.01123740,3,TRANSITIONAL,TRANSITIONAL,0.300000,0.250000,-1.000000,1.000000
MRNA,SHORT,2021-03-23T04:00:00+00:00,2021-03-26T04:00:00+00:00,136.520000,133.280000,-0.02373279,3,TRANSITIONAL,TRANSITIONAL,0.300000,0.250000,-1.000000,1.000000
MRNA,LONG,2021-05-06T04:00:00+00:00,2021-07-20T04:00:00+00:00,160.500000,307.330000,0.91482866,51,TRANSITIONAL,TRANSITIONAL,0.350000,0.409091,1.000000,-1.000000
MRNA,SHORT,2021-07-21T04:00:00+00:00,2021-07-26T04:00:00+00:00,321.110000,335.870000,0.04596556,3,TRANSITIONAL,TRANSITIONAL,0.409091,0.291667,-1.000000,1.000000
MRNA,SHORT,2021-08-02T04:00:00+00:00,2021-08-10T04:00:00+00:00,346.610000,456.760000,0.31779233,6,TRANSITIONAL,TRANSITIONAL,0.333333,0.384615,-1.000000,1.000000
MRNA,LONG,2021-08-11T04:00:00+00:00,2021-08-12T04:00:00+00:00,385.330000,391.420000,0.01580463,1,TRANSITIONAL,TRANSITIONAL,0.307692,0.285714,1.000000,-1.000000
MRNA,SHORT,2021-08-19T04:00:00+00:00,2021-08-23T04:00:00+00:00,375.530000,411.890000,0.09682316,2,TRANSITIONAL,TRANSITIONAL,0.357143,0.285714,-1.000000,-1.000000
MRNA,SHORT,2021-08-24T04:00:00+00:00,2021-08-25T04:00:00+00:00,394.940000,397.870000,0.00741885,1,TRANSITIONAL,TRANSITIONAL,0.357143,0.285714,-1.000000,-1.000000
MRNA,SHORT,2021-10-04T04:00:00+00:00,2021-10-07T04:00:00+00:00,325.840000,309.360000,-0.05057697,3,TRANSITIONAL,TRANSITIONAL,0.300000,0.281250,-1.000000,1.000000
MRNA,SHORT,2021-10-11T04:00:00+00:00,2021-11-04T04:00:00+00:00,305.100000,284.020000,-0.06909210,18,TRANSITIONAL,TRANSITIONAL,0.375000,0.294118,-1.000000,1.000000
MRNA,LONG,2021-11-08T05:00:00+00:00,2021-11-09T05:00:00+00:00,244.680000,236.850000,-0.03200098,1,TRANSITIONAL,TRANSITIONAL,0.305556,0.277778,1.000000,-1.000000
MRNA,SHORT,2021-11-17T05:00:00+00:00,2021-11-22T05:00:00+00:00,242.230000,282.690000,0.16703133,3,TRANSITIONAL,TRANSITIONAL,0.333333,0.277778,-1.000000,-1.000000
MRNA,SHORT,2021-11-26T05:00:00+00:00,2021-11-30T05:00:00+00:00,329.630000,352.430000,0.06916846,2,TRANSITIONAL,TRANSITIONAL,0.300000,0.285714,-1.000000,1.000000
MRNA,SHORT,2021-12-01T05:00:00+00:00,2021-12-02T05:00:00+00:00,310.610000,301.490000,-0.02936158,1,TRANSITIONAL,TRANSITIONAL,0.309524,0.227273,-1.000000,-1.000000
MS,LONG,2024-11-07T05:00:00+00:00,2025-09-02T04:00:00+00:00,128.440000,148.850000,0.15890688,202,TRANSITIONAL,TRANSITIONAL,0.750000,0.833333,1.000000,0.000000
MS,SHORT,2025-09-04T04:00:00+00:00,2025-12-12T05:00:00+00:00,150.530000,178.410000,0.18521225,70,TRANSITIONAL,TRANSITIONAL,0.500000,0.500000,-1.000000,-1.000000
MSCI,LONG,2023-04-26T04:00:00+00:00,2025-12-12T05:00:00+00:00,458.220000,551.090000,0.20267557,661,TRANSITIONAL,TRANSITIONAL,0.750000,0.750000,1.000000,1.000000
MSFT,LONG,2025-04-10T04:00:00+00:00,2025-12-12T05:00:00+00:00,381.350000,478.530000,0.25483152,170,TRANSITIONAL,TRANSITIONAL,0.750000,0.750000,1.000000,1.000000
MTB,LONG,2022-10-20T04:00:00+00:00,2025-09-29T04:00:00+00:00,161.400000,198.300000,0.22862454,736,TRANSITIONAL,STABLE,0.750000,0.625000,1.000000,0.000000
MTB,SHORT,2025-09-30T04:00:00+00:00,2025-12-12T05:00:00+00:00,197.620000,203.840000,0.03147455,52,STABLE,STABLE,0.500000,0.500000,-1.000000,-1.000000
MTCH,LONG,2021-02-04T05:00:00+00:00,2021-10-22T04:00:00+00:00,150.630000,169.320000,0.12407887,181,TRANSITIONAL,TRANSITIONAL,0.750000,0.500000,1.000000,-1.000000
MTCH,SHORT,2021-10-25T04:00:00+00:00,2022-03-10T05:00:00+00:00,167.650000,94.910000,-0.43388011,94,TRANSITIONAL,TRANSITIONAL,0.500000,0.375000,-1.000000,1.000000
MTCH,LONG,2022-03-11T05:00:00+00:00,2022-07-08T04:00:00+00:00,88.450000,75.240000,-0.14934992,81,TRANSITIONAL,TRANSITIONAL,0.375000,0.300000,1.000000,-1.000000
MTCH,SHORT,2022-07-11T04:00:00+00:00,2022-08-03T04:00:00+00:00,70.200000,63.240000,-0.09914530,17,TRANSITIONAL,TRANSITIONAL,0.300000,0.250000,-1.000000,1.000000
MTCH,SHORT,2022-08-04T04:00:00+00:00,2022-10-17T04:00:00+00:00,66.530000,44.320000,-0.33383436,51,TRANSITIONAL,STABLE,0.357143,0.312500,-1.000000,1.000000
MTCH,LONG,2022-10-18T04:00:00+00:00,2022-11-25T05:00:00+00:00,45.980000,47.270000,0.02805568,27,STABLE,TRANSITIONAL,0.312500,0.277778,1.000000,-1.000000
MTCH,LONG,2023-01-04T05:00:00+00:00,2023-01-06T05:00:00+00:00,42.260000,42.350000,0.00212967,2,STABLE,STABLE,0.350000,0.250000,1.000000,1.000000
MTCH,SHORT,2023-01-25T05:00:00+00:00,2023-04-26T04:00:00+00:00,50.540000,33.130000,-0.34447962,63,STABLE,STABLE,0.300000,0.350000,-1.000000,0.000000
MTCH,LONG,2023-08-10T04:00:00+00:00,2023-08-14T04:00:00+00:00,45.380000,45.070000,-0.00683120,2,TRANSITIONAL,TRANSITIONAL,0.300000,0.150000,1.000000,1.000000
MTD,LONG,2022-05-10T04:00:00+00:00,2024-11-27T05:00:00+00:00,1219.640000,1243.400000,0.01948116,642,TRANSITIONAL,TRANSITIONAL,0.750000,0.833333,1.000000,0.000000
MTD,SHORT,2024-12-02T05:00:00+00:00,2025-04-09T04:00:00+00:00,1258.880000,1061.660000,-0.15666307,87,TRANSITIONAL,TRANSITIONAL,0.500000,0.375000,-1.000000,1.000000
MTD,SHORT,2025-04-10T04:00:00+00:00,2025-12-12T05:00:00+00:00,997.690000,1393.640000,0.39686676,170,TRANSITIONAL,TRANSITIONAL,0.300000,0.300000,-1.000000,-1.000000
MU,LONG,2021-12-22T05:00:00+00:00,2022-05-17T04:00:00+00:00,90.340000,74.480000,-0.17555900,100,TRANSITIONAL,TRANSITIONAL,0.750000,0.833333,1.000000,0.000000
MU,SHORT,2022-05-18T04:00:00+00:00,2023-12-11T05:00:00+00:00,71.050000,77.790000,0.09486277,393,TRANSITIONAL,TRANSITIONAL,0.500000,0.833333,-1.000000,0.000000
MU,LONG,2023-12-13T05:00:00+00:00,2024-03-22T04:00:00+00:00,79.790000,110.210000,0.38125078,68,TRANSITIONAL,TRANSITIONAL,0.666667,0.500000,1.000000,-1.000000
MU,SHORT,2024-03-25T04:00:00+00:00,2024-08-01T04:00:00+00:00,117.130000,101.510000,-0.13335610,89,TRANSITIONAL,TRANSITIONAL,0.500000,0.400000,-1.000000,1.000000
MU,LONG,2024-08-02T04:00:00+00:00,2024-10-07T04:00:00+00:00,92.700000,102.910000,0.11014024,45,TRANSITIONAL,TRANSITIONAL,0.400000,0.500000,1.000000,0.000000
MU,SHORT,2024-10-08T04:00:00+00:00,2024-12-20T05:00:00+00:00,102.540000,90.120000,-0.12112346,52,TRANSITIONAL,TRANSITIONAL,0.333333,0.285714,-1.000000,1.000000
MU,LONG,2025-01-28T05:00:00+00:00,2025-04-03T04:00:00+00:00,88.250000,74.340000,-0.15762040,46,TRANSITIONAL,TRANSITIONAL,0.312500,0.250000,1.000000,-1.000000
MU,LONG,2025-04-04T04:00:00+00:00,2025-04-09T04:00:00+00:00,64.720000,77.870000,0.20318294,3,TRANSITIONAL,TRANSITIONAL,0.333333,0.272727,1.000000,-1.000000
MU,SHORT,2025-04-11T04:00:00+00:00,2025-11-05T05:00:00+00:00,69.550000,237.500000,2.41480949,143,TRANSITIONAL,STABLE,0.307692,0.285714,-1.000000,1.000000
MU,LONG,2025-11-21T05:00:00+00:00,2025-11-24T05:00:00+00:00,207.370000,223.930000,0.07985726,1,TRANSITIONAL,TRANSITIONAL,0.300000,0.333333,1.000000,0.000000
NCLH,LONG,2020-12-29T05:00:00+00:00,2021-02-25T05:00:00+00:00,25.390000,28.760000,0.13272942,39,TRANSITIONAL,TRANSITIONAL,0.750000,0.500000,1.000000,-1.000000
NCLH,SHORT,2021-02-26T05:00:00+00:00,2021-03-08T05:00:00+00:00,29.560000,29.310000,-0.00845737,6,TRANSITIONAL,TRANSITIONAL,0.500000,0.400000,-1.000000,1.000000
NCLH,LONG,2021-03-09T05:00:00+00:00,2021-03-10T05:00:00+00:00,29.730000,29.540000,-0.00639085,1,TRANSITIONAL,TRANSITIONAL,0.400000,0.500000,1.000000,-1.000000
NCLH,SHORT,2021-03-11T05:00:00+00:00,2021-04-20T04:00:00+00:00,30.260000,26.750000,-0.11599471,27,TRANSITIONAL,TRANSITIONAL,0.500000,0.400000,-1.000000,1.000000
NCLH,LONG,2021-04-21T04:00:00+00:00,2021-04-22T04:00:00+00:00,29.510000,29.000000,-0.01728228,1,TRANSITIONAL,TRANSITIONAL,0.400000,0.333333,1.000000,-1.000000
NCLH,SHORT,2021-04-23T04:00:00+00:00,2021-06-03T04:00:00+00:00,29.810000,32.180000,0.07950352,28,TRANSITIONAL,TRANSITIONAL,0.333333,0.416667,-1.000000,1.000000
NCLH,LONG,2021-06-04T04:00:00+00:00,2021-07-20T04:00:00+00:00,32.120000,23.680000,-0.26276463,31,TRANSITIONAL,TRANSITIONAL,0.416667,0.357143,1.000000,-1.000000
NCLH,SHORT,2021-07-21T04:00:00+00:00,2021-10-01T04:00:00+00:00,26.080000,28.310000,0.08550613,51,TRANSITIONAL,TRANSITIONAL,0.357143,0.437500,-1.000000,0.000000
NCLH,LONG,2021-10-04T04:00:00+00:00,2021-10-28T04:00:00+00:00,27.470000,25.810000,-0.06042956,18,TRANSITIONAL,TRANSITIONAL,0.312500,0.250000,1.000000,1.000000
NCLH,LONG,2021-11-10T05:00:00+00:00,2021-11-29T05:00:00+00:00,26.730000,20.220000,-0.24354658,12,TRANSITIONAL,TRANSITIONAL,0.375000,0.277778,1.000000,-1.000000
NDAQ,LONG,2023-06-13T04:00:00+00:00,2025-12-12T05:00:00+00:00,51.060000,93.570000,0.83254994,628,TRANSITIONAL,TRANSITIONAL,0.750000,0.750000,1.000000,1.000000
NDSN,LONG,2023-02-22T05:00:00+00:00,2025-12-12T05:00:00+00:00,221.040000,235.450000,0.06519182,705,TRANSITIONAL,TRANSITIONAL,0.750000,0.750000,1.000000,1.000000
NEE,LONG,2023-10-03T04:00:00+00:00,2025-12-12T05:00:00+00:00,52.780000,81.650000,0.54698750,551,TRANSITIONAL,TRANSITIONAL,0.750000,0.750000,1.000000,1.000000
NEM,LONG,2022-07-26T04:00:00+00:00,2025-04-11T04:00:00+00:00,46.140000,54.970000,0.19137408,681,TRANSITIONAL,TRANSITIONAL,0.750000,0.625000,1.000000,0.000000
NEM,SHORT,2025-04-14T04:00:00+00:00,2025-10-20T04:00:00+00:00,54.790000,94.890000,0.73188538,130,TRANSITIONAL,STABLE,0.500000,0.400000,-1.000000,1.000000
NEM,LONG,2025-10-21T04:00:00+00:00,2025-12-12T05:00:00+00:00,86.320000,98.140000,0.13693234,37,TRANSITIONAL,TRANSITIONAL,0.400000,0.400000,1.000000,1.000000
NFLX,LONG,2021-01-21T05:00:00+00:00,2022-01-21T05:00:00+00:00,57.984000,39.750000,-0.31446606,253,TRANSITIONAL,TRANSITIONAL,0.750000,0.500000,1.000000,-1.000000
NFLX,SHORT,2022-01-24T05:00:00+00:00,2022-02-02T05:00:00+00:00,38.715000,42.948000,0.10933747,7,TRANSITIONAL,STABLE,0.500000,0.400000,-1.000000,1.000000
NFLX,LONG,2022-02-03T05:00:00+00:00,2022-03-07T05:00:00+00:00,40.560000,35.026000,-0.13643984,21,STABLE,STABLE,0.400000,0.600000,1.000000,0.000000
NFLX,SHORT,2022-03-08T05:00:00+00:00,2022-04-28T04:00:00+00:00,34.176000,19.952000,-0.41619850,36,STABLE,STABLE,0.500000,0.312500,-1.000000,1.000000
NFLX,SHORT,2022-05-02T04:00:00+00:00,2022-05-12T04:00:00+00:00,19.946000,17.431000,-0.12609044,8,STABLE,STABLE,0.400000,0.363636,-1.000000,1.000000
NFLX,LONG,2022-05-13T04:00:00+00:00,2022-05-17T04:00:00+00:00,18.764000,19.056000,0.01556171,2,STABLE,STABLE,0.363636,0.409091,1.000000,-1.000000
NFLX,SHORT,2022-05-18T04:00:00+00:00,2022-09-15T04:00:00+00:00,17.719000,23.538000,0.32840454,82,STABLE,STABLE,0.409091,0.454545,-1.000000,0.000000
NFLX,LONG,2022-09-16T04:00:00+00:00,2022-09-29T04:00:00+00:00,24.013000,23.971000,-0.00174905,9,STABLE,STABLE,0.363636,0.333333,1.000000,-1.000000
NFLX,SHORT,2022-09-30T04:00:00+00:00,2022-10-20T04:00:00+00:00,23.544000,26.816000,0.13897384,14,STABLE,STABLE,0.333333,0.307692,-1.000000,1.000000
NFLX,LONG,2022-10-21T04:00:00+00:00,2022-10-31T04:00:00+00:00,28.957000,29.188000,0.00797735,6,STABLE,STABLE,0.307692,0.384615,1.000000,0.000000
NFLX,SHORT,2022-11-01T04:00:00+00:00,2023-02-13T05:00:00+00:00,28.675000,35.857000,0.25046207,70,STABLE,STABLE,0.346154,0.384615,-1.000000,0.000000
NFLX,LONG,2023-02-14T05:00:00+00:00,2023-10-19T04:00:00+00:00,35.996000,40.177000,0.11615179,171,STABLE,STABLE,0.307692,0.357143,1.000000,-1.000000
NFLX,SHORT,2023-10-20T04:00:00+00:00,2024-05-31T04:00:00+00:00,40.096000,64.162000,0.60020950,153,STABLE,STABLE,0.366667,0.400000,-1.000000,0.000000
NFLX,LONG,2024-06-03T04:00:00+00:00,2024-10-21T04:00:00+00:00,63.379000,77.207000,0.21817952,97,STABLE,STABLE,0.333333,0.312500,1.000000,-1.000000
NFLX,SHORT,2024-10-22T04:00:00+00:00,2025-10-13T04:00:00+00:00,76.424000,121.903000,0.59508793,243,STABLE,STABLE,0.312500,0.375000,-1.000000,0.000000
NFLX,LONG,2025-10-14T04:00:00+00:00,2025-10-23T04:00:00+00:00,121.535000,111.359000,-0.08372897,7,STABLE,STABLE,0.343750,0.323529,1.000000,-1.000000
NFLX,SHORT,2025-10-24T04:00:00+00:00,2025-12-12T05:00:00+00:00,109.469000,95.190000,-0.13043875,34,STABLE,STABLE,0.323529,0.323529,-1.000000,-1.000000
NKE,LONG,2021-06-28T04:00:00+00:00,2022-10-04T04:00:00+00:00,152.360000,88.640000,-0.41822001,320,TRANSITIONAL,TRANSITIONAL,0.750000,0.500000,1.000000,-1.000000
NKE,SHORT,2022-10-05T04:00:00+00:00,2022-12-22T05:00:00+00:00,91.100000,116.710000,0.28111965,55,TRANSITIONAL,TRANSITIONAL,0.500000,0.375000,-1.000000,1.000000
NKE,LONG,2022-12-23T05:00:00+00:00,2023-03-20T04:00:00+00:00,116.250000,121.200000,0.04258065,57,TRANSITIONAL,TRANSITIONAL,0.375000,0.500000,1.000000,-1.000000
NKE,SHORT,2023-03-21T04:00:00+00:00,2023-12-26T05:00:00+00:00,125.610000,108.020000,-0.14003662,193,TRANSITIONAL,TRANSITIONAL,0.500000,0.400000,-1.000000,1.000000
NKE,LONG,2023-12-27T05:00:00+00:00,2024-04-23T04:00:00+00:00,107.130000,94.020000,-0.12237468,80,TRANSITIONAL,TRANSITIONAL,0.400000,0.500000,1.000000,-1.000000
NKE,SHORT,2024-04-24T04:00:00+00:00,2024-06-28T04:00:00+00:00,94.640000,75.370000,-0.20361369,45,TRANSITIONAL,TRANSITIONAL,0.500000,0.214286,-1.000000,-1.000000
NOC,LONG,2023-10-10T04:00:00+00:00,2025-12-12T05:00:00+00:00,465.120000,569.760000,0.22497420,546,TRANSITIONAL,TRANSITIONAL,0.750000,0.750000,1.000000,1.000000
NOW,LONG,2021-04-30T04:00:00+00:00,2022-02-03T05:00:00+00:00,506.370000,560.850000,0.10758931,193,TRANSITIONAL,TRANSITIONAL,0.750000,0.833333,1.000000,0.000000
NOW,SHORT,2022-02-07T05:00:00+00:00,2022-03-10T05:00:00+00:00,573.200000,533.590000,-0.06910328,22,TRANSITIONAL,TRANSITIONAL,0.500000,0.375000,-1.000000,1.000000
NOW,LONG,2022-03-11T05:00:00+00:00,2022-06-16T04:00:00+00:00,512.150000,428.080000,-0.16415113,67,TRANSITIONAL,TRANSITIONAL,0.375000,0.300000,1.000000,-1.000000
NOW,LONG,2022-06-17T04:00:00+00:00,2022-07-20T04:00:00+00:00,443.790000,456.850000,0.02942833,21,TRANSITIONAL,TRANSITIONAL,0.416667,0.357143,1.000000,-1.000000
NOW,SHORT,2022-07-21T04:00:00+00:00,2022-10-28T04:00:00+00:00,460.290000,420.400000,-0.08666276,70,TRANSITIONAL,TRANSITIONAL,0.357143,0.312500,-1.000000,1.000000
NOW,LONG,2022-10-31T04:00:00+00:00,2022-11-25T05:00:00+00:00,420.740000,407.210000,-0.03215763,18,TRANSITIONAL,TRANSITIONAL,0.312500,0.388889,1.000000,0.000000
NOW,LONG,2023-05-15T04:00:00+00:00,2024-05-31T04:00:00+00:00,463.140000,656.930000,0.41842639,263,TRANSITIONAL,TRANSITIONAL,0.333333,0.300000,1.000000,-1.000000
NOW,SHORT,2024-06-03T04:00:00+00:00,2024-07-25T04:00:00+00:00,660.110000,828.790000,0.25553317,36,TRANSITIONAL,TRANSITIONAL,0.300000,0.272727,-1.000000,1.000000
NRG,LONG,2021-03-02T05:00:00+00:00,2021-03-29T04:00:00+00:00,39.280000,37.840000,-0.03665988,19,TRANSITIONAL,TRANSITIONAL,0.750000,0.666667,1.000000,-1.000000
NRG,SHORT,2021-03-30T04:00:00+00:00,2021-08-31T04:00:00+00:00,37.090000,45.670000,0.23132920,107,TRANSITIONAL,TRANSITIONAL,0.666667,0.833333,-1.000000,0.000000
NRG,LONG,2021-09-01T04:00:00+00:00,2021-11-05T04:00:00+00:00,45.390000,36.280000,-0.20070500,46,TRANSITIONAL,TRANSITIONAL,0.666667,0.500000,1.000000,-1.000000
NRG,SHORT,2021-11-08T05:00:00+00:00,2022-06-16T04:00:00+00:00,35.630000,36.860000,0.03452147,152,TRANSITIONAL,TRANSITIONAL,0.500000,0.375000,-1.000000,1.000000
NRG,LONG,2022-06-17T04:00:00+00:00,2022-12-07T05:00:00+00:00,36.330000,33.140000,-0.08780622,119,TRANSITIONAL,TRANSITIONAL,0.375000,0.300000,1.000000,-1.000000
NRG,SHORT,2022-12-08T05:00:00+00:00,2024-01-23T05:00:00+00:00,32.180000,52.590000,0.63424487,280,TRANSITIONAL,TRANSITIONAL,0.300000,0.500000,-1.000000,0.000000
NRG,LONG,2024-01-24T05:00:00+00:00,2024-11-27T05:00:00+00:00,52.030000,98.890000,0.90063425,214,TRANSITIONAL,TRANSITIONAL,0.400000,0.333333,1.000000,-1.000000
NRG,SHORT,2024-11-29T05:00:00+00:00,2025-01-28T05:00:00+00:00,101.610000,100.870000,-0.00728275,38,TRANSITIONAL,TRANSITIONAL,0.333333,0.285714,-1.000000,1.000000
NRG,SHORT,2025-02-25T05:00:00+00:00,2025-02-27T05:00:00+00:00,102.440000,105.110000,0.02606404,2,TRANSITIONAL,TRANSITIONAL,0.357143,0.312500,-1.000000,1.000000
NRG,LONG,2025-02-28T05:00:00+00:00,2025-04-10T04:00:00+00:00,105.710000,92.890000,-0.12127519,29,TRANSITIONAL,TRANSITIONAL,0.312500,0.300000,1.000000,-1.000000
NRG,SHORT,2025-04-11T04:00:00+00:00,2025-05-12T04:00:00+00:00,94.470000,150.610000,0.59426273,20,TRANSITIONAL,TRANSITIONAL,0.300000,0.250000,-1.000000,-1.000000
NSC,LONG,2024-07-29T04:00:00+00:00,2025-03-10T04:00:00+00:00,247.630000,239.100000,-0.03444655,153,TRANSITIONAL,TRANSITIONAL,0.750000,0.833333,1.000000,0.000000
NSC,SHORT,2025-03-12T04:00:00+00:00,2025-12-12T05:00:00+00:00,230.960000,296.980000,0.28585036,191,TRANSITIONAL,TRANSITIONAL,0.500000,0.500000,-1.000000,-1.000000
NTAP,LONG,2021-02-25T05:00:00+00:00,2021-02-26T05:00:00+00:00,61.210000,62.600000,0.02270871,1,TRANSITIONAL,TRANSITIONAL,0.750000,0.666667,1.000000,-1.000000
NTAP,SHORT,2021-03-01T05:00:00+00:00,2022-02-22T05:00:00+00:00,65.230000,86.120000,0.32025142,248,TRANSITIONAL,TRANSITIONAL,0.666667,0.833333,-1.000000,0.000000
NTAP,LONG,2022-02-25T05:00:00+00:00,2023-11-30T05:00:00+00:00,80.140000,91.390000,0.14037934,443,TRANSITIONAL,TRANSITIONAL,0.666667,0.500000,1.000000,-1.000000
NTAP,SHORT,2023-12-01T05:00:00+00:00,2024-03-04T05:00:00+00:00,91.280000,103.330000,0.13201139,62,TRANSITIONAL,TRANSITIONAL,0.500000,0.400000,-1.000000,1.000000
NTAP,LONG,2024-03-05T05:00:00+00:00,2024-04-29T04:00:00+00:00,102.680000,102.480000,-0.00194780,38,TRANSITIONAL,TRANSITIONAL,0.400000,0.600000,1.000000,0.000000
NTAP,SHORT,2024-04-30T04:00:00+00:00,2024-08-30T04:00:00+00:00,102.210000,120.720000,0.18109774,85,TRANSITIONAL,TRANSITIONAL,0.500000,0.416667,-1.000000,1.000000
NTAP,LONG,2024-09-03T04:00:00+00:00,2025-02-28T05:00:00+00:00,118.950000,99.810000,-0.16090794,122,TRANSITIONAL,TRANSITIONAL,0.416667,0.583333,1.000000,0.000000
NTAP,LONG,2025-03-03T05:00:00+00:00,2025-06-20T04:00:00+00:00,95.730000,102.690000,0.07270448,76,TRANSITIONAL,TRANSITIONAL,0.428571,0.500000,1.000000,0.000000
NTAP,SHORT,2025-06-23T04:00:00+00:00,2025-12-12T05:00:00+00:00,104.270000,115.660000,0.10923564,121,TRANSITIONAL,TRANSITIONAL,0.375000,0.375000,-1.000000,-1.000000
NTRS,LONG,2023-01-20T05:00:00+00:00,2023-12-15T05:00:00+00:00,93.360000,85.450000,-0.08472579,228,TRANSITIONAL,TRANSITIONAL,0.750000,0.833333,1.000000,0.000000
NTRS,SHORT,2023-12-18T05:00:00+00:00,2025-04-10T04:00:00+00:00,85.590000,87.940000,0.02745648,328,TRANSITIONAL,TRANSITIONAL,0.500000,0.375000,-1.000000,1.000000
NTRS,LONG,2025-04-11T04:00:00+00:00,2025-12-12T05:00:00+00:00,88.290000,138.520000,0.56892060,169,TRANSITIONAL,TRANSITIONAL,0.375000,0.375000,1.000000,1.000000
NUE,LONG,2021-06-02T04:00:00+00:00,2022-04-26T04:00:00+00:00,105.030000,157.030000,0.49509664,227,TRANSITIONAL,TRANSITIONAL,0.750000,0.500000,1.000000,-1.000000
NUE,SHORT,2022-04-27T04:00:00+00:00,2022-07-05T04:00:00+00:00,158.990000,104.600000,-0.34209699,46,TRANSITIONAL,TRANSITIONAL,0.500000,0.666667,-1.000000,1.000000
NUE,LONG,2022-07-06T04:00:00+00:00,2022-11-01T04:00:00+00:00,105.910000,134.500000,0.26994618,83,TRANSITIONAL,TRANSITIONAL,0.666667,0.500000,1.000000,-1.000000
NUE,SHORT,2022-11-02T04:00:00+00:00,2023-08-31T04:00:00+00:00,128.720000,172.100000,0.33701057,207,TRANSITIONAL,TRANSITIONAL,0.500000,0.600000,-1.000000,1.000000
NUE,LONG,2023-09-01T04:00:00+00:00,2024-11-07T05:00:00+00:00,172.580000,161.170000,-0.06611427,298,TRANSITIONAL,TRANSITIONAL,0.600000,0.333333,1.000000,-1.000000
NUE,SHORT,2024-11-08T05:00:00+00:00,2025-04-10T04:00:00+00:00,158.840000,109.440000,-0.31100478,103,TRANSITIONAL,TRANSITIONAL,0.333333,0.285714,-1.000000,1.000000
NUE,SHORT,2025-10-09T04:00:00+00:00,2025-12-12T05:00:00+00:00,138.170000,165.110000,0.19497720,45,TRANSITIONAL,TRANSITIONAL,0.357143,0.357143,-1.000000,-1.000000
NVDA,LONG,2021-02-26T05:00:00+00:00,2021-03-17T04:00:00+00:00,13.714500,13.341300,-0.02721207,13,TRANSITIONAL,TRANSITIONAL,0.750000,0.500000,1.000000,-1.000000
NVDA,SHORT,2021-03-18T04:00:00+00:00,2021-07-14T04:00:00+00:00,12.722500,19.841500,0.55955983,81,TRANSITIONAL,TRANSITIONAL,0.500000,0.666667,-1.000000,1.000000
NVDA,LONG,2021-07-15T04:00:00+00:00,2021-11-05T04:00:00+00:00,18.966300,29.752000,0.56867707,80,TRANSITIONAL,TRANSITIONAL,0.666667,0.500000,1.000000,-1.000000
NVDA,SHORT,2021-11-08T05:00:00+00:00,2021-12-16T05:00:00+00:00,30.804000,28.387000,-0.07846384,27,TRANSITIONAL,TRANSITIONAL,0.500000,0.400000,-1.000000,1.000000
NVDA,LONG,2021-12-17T05:00:00+00:00,2022-02-04T05:00:00+00:00,27.801000,24.319000,-0.12524729,33,TRANSITIONAL,TRANSITIONAL,0.400000,0.600000,1.000000,0.000000
NVDA,SHORT,2022-02-07T05:00:00+00:00,2022-03-25T04:00:00+00:00,24.728000,27.692000,0.11986412,33,TRANSITIONAL,TRANSITIONAL,0.500000,0.416667,-1.000000,1.000000
NVDA,LONG,2022-03-28T04:00:00+00:00,2022-05-10T04:00:00+00:00,28.219000,17.595000,-0.37648393,30,TRANSITIONAL,TRANSITIONAL,0.416667,0.250000,1.000000,-1.000000
NVDA,SHORT,2022-08-12T04:00:00+00:00,2022-09-14T04:00:00+00:00,18.709000,13.128000,-0.29830563,22,TRANSITIONAL,TRANSITIONAL,0.444444,0.250000,-1.000000,1.000000
NVDA,SHORT,2022-09-19T04:00:00+00:00,2022-11-10T05:00:00+00:00,13.382000,15.750000,0.17695412,38,TRANSITIONAL,TRANSITIONAL,0.300000,0.272727,-1.000000,1.000000
NVDA,SHORT,2023-05-08T04:00:00+00:00,2023-05-25T04:00:00+00:00,29.151000,37.980000,0.30287126,13,TRANSITIONAL,TRANSITIONAL,0.384615,0.233333,-1.000000,-1.000000
NVDA,SHORT,2023-09-13T04:00:00+00:00,2023-12-21T05:00:00+00:00,45.485000,48.990000,0.07705837,70,TRANSITIONAL,TRANSITIONAL,0.333333,0.333333,-1.000000,1.000000
NVDA,LONG,2023-12-22T05:00:00+00:00,2024-02-22T05:00:00+00:00,48.830000,78.538000,0.60839648,40,TRANSITIONAL,TRANSITIONAL,0.333333,0.312500,1.000000,-1.000000
NVDA,SHORT,2024-02-23T05:00:00+00:00,2024-04-22T04:00:00+00:00,78.817000,79.518000,0.00889402,40,TRANSITIONAL,STABLE,0.323529,0.305556,-1.000000,1.000000
NVDA,LONG,2024-04-23T04:00:00+00:00,2024-07-31T04:00:00+00:00,82.423000,117.020000,0.41974934,68,STABLE,TRANSITIONAL,0.305556,0.275000,1.000000,1.000000
NVDA,SHORT,2024-10-18T04:00:00+00:00,2025-01-29T05:00:00+00:00,138.000000,123.700000,-0.10362319,68,TRANSITIONAL,STABLE,0.333333,0.282609,-1.000000,-1.000000
NVDA,LONG,2025-11-25T05:00:00+00:00,2025-12-04T05:00:00+00:00,177.820000,183.380000,0.03126757,6,TRANSITIONAL,TRANSITIONAL,0.314815,0.296296,1.000000,1.000000
NVR,LONG,2022-11-11T05:00:00+00:00,2025-12-12T05:00:00+00:00,4491.440000,7517.810000,0.67380840,773,TRANSITIONAL,TRANSITIONAL,0.750000,0.750000,1.000000,1.000000
NWS,LONG,2022-05-09T04:00:00+00:00,2023-11-24T05:00:00+00:00,17.590000,22.940000,0.30415009,389,TRANSITIONAL,TRANSITIONAL,0.750000,0.666667,1.000000,-1.000000
NWS,SHORT,2023-11-27T05:00:00+00:00,2025-01-10T05:00:00+00:00,23.470000,29.890000,0.27354069,281,TRANSITIONAL,TRANSITIONAL,0.666667,0.833333,-1.000000,0.000000
NWS,LONG,2025-01-13T05:00:00+00:00,2025-05-02T04:00:00+00:00,30.250000,31.900000,0.05454545,76,TRANSITIONAL,TRANSITIONAL,0.666667,0.750000,1.000000,0.000000
NWS,SHORT,2025-05-05T04:00:00+00:00,2025-12-12T05:00:00+00:00,32.080000,29.660000,-0.07543641,154,TRANSITIONAL,TRANSITIONAL,0.500000,0.500000,-1.000000,-1.000000
NWSA,LONG,2022-05-09T04:00:00+00:00,2023-11-24T05:00:00+00:00,17.500000,22.010000,0.25771429,389,TRANSITIONAL,TRANSITIONAL,0.750000,0.833333,1.000000,0.000000
NWSA,SHORT,2023-11-27T05:00:00+00:00,2025-01-08T05:00:00+00:00,22.390000,27.470000,0.22688700,280,TRANSITIONAL,TRANSITIONAL,0.666667,0.833333,-1.000000,0.000000
NWSA,LONG,2025-01-10T05:00:00+00:00,2025-05-05T04:00:00+00:00,26.980000,27.720000,0.02742772,78,TRANSITIONAL,TRANSITIONAL,0.666667,0.750000,1.000000,0.000000
NWSA,SHORT,2025-05-06T04:00:00+00:00,2025-12-12T05:00:00+00:00,27.730000,26.220000,-0.05445366,153,TRANSITIONAL,TRANSITIONAL,0.500000,0.500000,-1.000000,-1.000000
NXPI,LONG,2021-03-08T05:00:00+00:00,2025-04-09T04:00:00+00:00,171.000000,185.870000,0.08695906,1028,TRANSITIONAL,TRANSITIONAL,0.750000,0.500000,1.000000,-1.000000
NXPI,SHORT,2025-04-10T04:00:00+00:00,2025-10-13T04:00:00+00:00,165.590000,216.700000,0.30865390,127,TRANSITIONAL,STABLE,0.500000,0.416667,-1.000000,1.000000
NXPI,LONG,2025-10-14T04:00:00+00:00,2025-12-12T05:00:00+00:00,216.110000,228.160000,0.05575864,42,STABLE,STABLE,0.416667,0.416667,1.000000,1.000000
ODFL,LONG,2022-05-18T04:00:00+00:00,2022-05-19T04:00:00+00:00,118.235000,119.235000,0.00845773,1,TRANSITIONAL,TRANSITIONAL,0.750000,0.500000,1.000000,-1.000000
ODFL,SHORT,2022-05-20T04:00:00+00:00,2023-04-27T04:00:00+00:00,121.590000,156.605000,0.28797598,234,TRANSITIONAL,TRANSITIONAL,0.500000,0.375000,-1.000000,1.000000
ODFL,LONG,2023-04-28T04:00:00+00:00,2023-11-15T05:00:00+00:00,160.195000,201.370000,0.25703049,139,TRANSITIONAL,TRANSITIONAL,0.375000,0.625000,1.000000,0.000000
ODFL,SHORT,2023-11-17T05:00:00+00:00,2024-03-15T04:00:00+00:00,199.950000,210.555000,0.05303826,80,TRANSITIONAL,TRANSITIONAL,0.500000,0.625000,-1.000000,0.000000
ODFL,LONG,2024-03-18T04:00:00+00:00,2024-11-07T05:00:00+00:00,209.370000,222.910000,0.06467020,163,TRANSITIONAL,TRANSITIONAL,0.375000,0.250000,1.000000,1.000000
ODFL,LONG,2025-05-13T04:00:00+00:00,2025-06-03T04:00:00+00:00,171.340000,163.030000,-0.04850006,14,TRANSITIONAL,TRANSITIONAL,0.312500,0.250000,1.000000,-1.000000
OKE,LONG,2025-04-07T04:00:00+00:00,2025-05-16T04:00:00+00:00,80.910000,85.670000,0.05883080,28,TRANSITIONAL,TRANSITIONAL,0.750000,0.833333,1.000000,0.000000
OKE,SHORT,2025-05-19T04:00:00+00:00,2025-12-12T05:00:00+00:00,84.730000,73.590000,-0.13147645,144,TRANSITIONAL,TRANSITIONAL,0.500000,0.500000,-1.000000,-1.000000
OMC,LONG,2021-01-07T05:00:00+00:00,2022-02-10T05:00:00+00:00,63.970000,86.350000,0.34985149,276,TRANSITIONAL,TRANSITIONAL,0.750000,0.500000,1.000000,-1.000000
OMC,SHORT,2022-02-11T05:00:00+00:00,2022-05-25T04:00:00+00:00,84.800000,72.080000,-0.15000000,71,TRANSITIONAL,TRANSITIONAL,0.500000,0.375000,-1.000000,1.000000
OMC,LONG,2022-05-26T04:00:00+00:00,2022-09-23T04:00:00+00:00,73.040000,63.240000,-0.13417306,82,TRANSITIONAL,TRANSITIONAL,0.375000,0.625000,1.000000,0.000000
OMC,SHORT,2022-09-26T04:00:00+00:00,2023-03-08T05:00:00+00:00,61.920000,90.060000,0.45445736,112,TRANSITIONAL,TRANSITIONAL,0.500000,0.625000,-1.000000,0.000000
OMC,LONG,2023-03-09T05:00:00+00:00,2023-07-20T04:00:00+00:00,87.980000,88.170000,0.00215958,91,TRANSITIONAL,TRANSITIONAL,0.375000,0.300000,1.000000,-1.000000
OMC,SHORT,2023-07-21T04:00:00+00:00,2024-09-19T04:00:00+00:00,83.810000,103.900000,0.23970887,293,TRANSITIONAL,TRANSITIONAL,0.300000,0.500000,-1.000000,0.000000
OMC,LONG,2024-09-20T04:00:00+00:00,2024-12-10T05:00:00+00:00,102.300000,92.460000,-0.09618768,56,TRANSITIONAL,TRANSITIONAL,0.300000,0.416667,1.000000,-1.000000
OMC,SHORT,2024-12-11T05:00:00+00:00,2025-04-10T04:00:00+00:00,92.100000,73.980000,-0.19674267,81,TRANSITIONAL,TRANSITIONAL,0.416667,0.285714,-1.000000,1.000000
OMC,LONG,2025-05-21T04:00:00+00:00,2025-08-20T04:00:00+00:00,73.530000,77.710000,0.05684755,62,TRANSITIONAL,TRANSITIONAL,0.428571,0.428571,1.000000,-1.000000
OMC,SHORT,2025-08-21T04:00:00+00:00,2025-12-12T05:00:00+00:00,77.480000,80.250000,0.03575116,79,TRANSITIONAL,TRANSITIONAL,0.428571,0.428571,-1.000000,-1.000000
ON,LONG,2021-02-26T05:00:00+00:00,2021-03-15T04:00:00+00:00,40.270000,39.270000,-0.02483238,11,TRANSITIONAL,TRANSITIONAL,0.750000,0.500000,1.000000,-1.000000
ON,SHORT,2021-03-16T04:00:00+00:00,2021-07-28T04:00:00+00:00,40.660000,37.060000,-0.08853910,93,TRANSITIONAL,TRANSITIONAL,0.500000,0.666667,-1.000000,1.000000
ON,LONG,2021-07-29T04:00:00+00:00,2021-08-02T04:00:00+00:00,38.610000,43.640000,0.13027713,2,TRANSITIONAL,TRANSITIONAL,0.666667,0.500000,1.000000,-1.000000
ON,SHORT,2021-08-03T04:00:00+00:00,2021-08-18T04:00:00+00:00,45.380000,41.750000,-0.07999119,11,TRANSITIONAL,TRANSITIONAL,0.500000,0.833333,-1.000000,0.000000
ON,LONG,2021-08-19T04:00:00+00:00,2021-11-02T04:00:00+00:00,40.980000,57.140000,0.39433870,52,TRANSITIONAL,TRANSITIONAL,0.666667,0.500000,1.000000,-1.000000
ON,SHORT,2021-11-03T04:00:00+00:00,2022-03-08T05:00:00+00:00,57.850000,55.790000,-0.03560933,85,TRANSITIONAL,TRANSITIONAL,0.500000,0.400000,-1.000000,1.000000
ON,LONG,2022-03-09T05:00:00+00:00,2022-07-12T04:00:00+00:00,58.430000,52.770000,-0.09686805,85,TRANSITIONAL,TRANSITIONAL,0.400000,0.500000,1.000000,0.000000
ON,SHORT,2022-07-13T04:00:00+00:00,2022-10-14T04:00:00+00:00,52.480000,57.770000,0.10080030,66,TRANSITIONAL,TRANSITIONAL,0.333333,0.416667,-1.000000,1.000000
ON,LONG,2022-10-17T04:00:00+00:00,2022-11-11T05:00:00+00:00,59.790000,75.050000,0.25522663,19,TRANSITIONAL,TRANSITIONAL,0.416667,0.500000,1.000000,-1.000000
ON,SHORT,2022-11-14T05:00:00+00:00,2023-08-31T04:00:00+00:00,72.830000,98.460000,0.35191542,199,TRANSITIONAL,TRANSITIONAL,0.500000,0.250000,-1.000000,-1.000000
ON,LONG,2023-09-06T04:00:00+00:00,2023-10-30T04:00:00+00:00,99.490000,65.340000,-0.34325058,38,TRANSITIONAL,TRANSITIONAL,0.312500,0.400000,1.000000,-1.000000
ON,SHORT,2023-10-31T04:00:00+00:00,2024-07-30T04:00:00+00:00,62.640000,73.970000,0.18087484,186,TRANSITIONAL,STABLE,0.400000,0.363636,-1.000000,1.000000
ON,LONG,2024-07-31T04:00:00+00:00,2024-08-12T04:00:00+00:00,78.250000,70.370000,-0.10070288,8,STABLE,STABLE,0.363636,0.454545,1.000000,0.000000
ON,SHORT,2024-08-13T04:00:00+00:00,2025-03-26T04:00:00+00:00,72.910000,45.040000,-0.38225209,154,STABLE,STABLE,0.409091,0.363636,-1.000000,0.000000
ON,SHORT,2025-04-10T04:00:00+00:00,2025-05-05T04:00:00+00:00,34.880000,38.410000,0.10120413,16,TRANSITIONAL,STABLE,0.357143,0.281250,-1.000000,1.000000
ON,SHORT,2025-05-30T04:00:00+00:00,2025-08-05T04:00:00+00:00,42.020000,47.240000,0.12422656,45,STABLE,TRANSITIONAL,0.312500,0.294118,-1.000000,1.000000
ON,LONG,2025-10-13T04:00:00+00:00,2025-12-12T05:00:00+00:00,50.110000,54.960000,0.09678707,43,STABLE,STABLE,0.305556,0.305556,1.000000,1.000000
ORCL,LONG,2021-12-13T05:00:00+00:00,2022-12-21T05:00:00+00:00,100.890000,81.500000,-0.19218951,258,TRANSITIONAL,TRANSITIONAL,0.750000,0.666667,1.000000,-1.000000
ORCL,SHORT,2022-12-22T05:00:00+00:00,2023-09-13T04:00:00+00:00,80.490000,111.840000,0.38948938,180,TRANSITIONAL,TRANSITIONAL,0.666667,0.500000,-1.000000,1.000000
ORCL,LONG,2023-09-14T04:00:00+00:00,2023-11-09T05:00:00+00:00,113.660000,112.180000,-0.01302129,40,TRANSITIONAL,TRANSITIONAL,0.500000,0.750000,1.000000,0.000000
ORCL,SHORT,2023-11-10T05:00:00+00:00,2023-12-13T05:00:00+00:00,113.070000,102.990000,-0.08914832,22,TRANSITIONAL,TRANSITIONAL,0.500000,0.300000,-1.000000,1.000000
ORCL,LONG,2023-12-14T05:00:00+00:00,2024-06-12T04:00:00+00:00,100.310000,140.380000,0.39946167,123,TRANSITIONAL,TRANSITIONAL,0.300000,0.250000,1.000000,-1.000000
ORCL,LONG,2024-06-13T04:00:00+00:00,2024-09-06T04:00:00+00:00,139.850000,141.810000,0.01401502,58,TRANSITIONAL,TRANSITIONAL,0.357143,0.428571,1.000000,0.000000
ORCL,SHORT,2024-12-13T05:00:00+00:00,2025-01-28T05:00:00+00:00,173.390000,164.000000,-0.05415537,28,TRANSITIONAL,TRANSITIONAL,0.312500,0.277778,-1.000000,1.000000
ORCL,LONG,2025-04-10T04:00:00+00:00,2025-07-01T04:00:00+00:00,133.350000,218.960000,0.64199475,55,TRANSITIONAL,TRANSITIONAL,0.300000,0.250000,1.000000,-1.000000
ORLY,LONG,2022-04-29T04:00:00+00:00,2025-12-12T05:00:00+00:00,40.436700,94.110000,1.32734125,909,TRANSITIONAL,TRANSITIONAL,0.750000,0.750000,1.000000,1.000000
OTIS,LONG,2025-07-24T04:00:00+00:00,2025-12-12T05:00:00+00:00,89.200000,88.140000,-0.01188341,99,TRANSITIONAL,TRANSITIONAL,0.750000,0.750000,1.000000,1.000000
OXY,LONG,2021-01-13T05:00:00+00:00,2021-01-19T05:00:00+00:00,22.330000,23.070000,0.03313927,3,TRANSITIONAL,TRANSITIONAL,0.750000,0.500000,1.000000,-1.000000
OXY,SHORT,2021-01-20T05:00:00+00:00,2021-02-09T05:00:00+00:00,23.020000,24.650000,0.07080799,14,TRANSITIONAL,TRANSITIONAL,0.500000,0.375000,-1.000000,1.000000
OXY,LONG,2021-02-10T05:00:00+00:00,2021-02-11T05:00:00+00:00,25.600000,24.980000,-0.02421875,1,TRANSITIONAL,TRANSITIONAL,0.375000,0.500000,1.000000,-1.000000
OXY,SHORT,2021-02-12T05:00:00+00:00,2021-02-25T05:00:00+00:00,25.390000,26.750000,0.05356440,8,TRANSITIONAL,TRANSITIONAL,0.500000,0.400000,-1.000000,1.000000
OXY,LONG,2021-02-26T05:00:00+00:00,2021-03-29T04:00:00+00:00,26.610000,27.000000,0.01465614,21,TRANSITIONAL,TRANSITIONAL,0.400000,0.333333,1.000000,-1.000000
OXY,SHORT,2021-03-30T04:00:00+00:00,2021-04-12T04:00:00+00:00,27.330000,24.230000,-0.11342847,8,TRANSITIONAL,TRANSITIONAL,0.333333,0.416667,-1.000000,1.000000
OXY,LONG,2021-04-13T04:00:00+00:00,2021-04-16T04:00:00+00:00,24.290000,24.380000,0.00370523,3,TRANSITIONAL,TRANSITIONAL,0.416667,0.250000,1.000000,1.000000
OXY,LONG,2021-07-26T04:00:00+00:00,2022-03-07T05:00:00+00:00,27.120000,55.380000,1.04203540,155,TRANSITIONAL,TRANSITIONAL,0.500000,0.357143,1.000000,-1.000000
OXY,SHORT,2022-03-08T05:00:00+00:00,2022-03-18T04:00:00+00:00,54.600000,56.240000,0.03003663,8,TRANSITIONAL,TRANSITIONAL,0.357143,0.312500,-1.000000,1.000000
OXY,LONG,2022-03-21T04:00:00+00:00,2022-03-22T04:00:00+00:00,60.960000,59.640000,-0.02165354,1,TRANSITIONAL,STABLE,0.312500,0.277778,1.000000,-1.000000
OXY,SHORT,2022-05-05T04:00:00+00:00,2022-05-09T04:00:00+00:00,62.290000,57.840000,-0.07144004,2,STABLE,TRANSITIONAL,0.300000,0.272727,-1.000000,1.000000
OXY,LONG,2024-01-18T05:00:00+00:00,2024-04-03T04:00:00+00:00,56.470000,67.710000,0.19904374,52,TRANSITIONAL,TRANSITIONAL,0.321429,0.250000,1.000000,1.000000
OXY,LONG,2024-04-23T04:00:00+00:00,2024-05-01T04:00:00+00:00,67.390000,64.450000,-0.04362665,6,TRANSITIONAL,TRANSITIONAL,0.321429,0.250000,1.000000,1.000000
PANW,LONG,2021-08-25T04:00:00+00:00,2022-12-01T05:00:00+00:00,74.508300,89.200000,0.19718206,320,TRANSITIONAL,TRANSITIONAL,0.750000,0.500000,1.000000,-1.000000
PANW,SHORT,2022-12-02T05:00:00+00:00,2023-02-23T05:00:00+00:00,86.345000,94.370000,0.09294111,55,TRANSITIONAL,TRANSITIONAL,0.500000,0.400000,-1.000000,1.000000
PANW,LONG,2023-02-24T05:00:00+00:00,2023-08-21T04:00:00+00:00,93.315000,120.405000,0.29030702,122,TRANSITIONAL,TRANSITIONAL,0.400000,0.500000,1.000000,-1.000000
PANW,LONG,2023-08-22T04:00:00+00:00,2024-02-14T05:00:00+00:00,117.280000,184.165000,0.57030184,121,TRANSITIONAL,TRANSITIONAL,0.416667,0.333333,1.000000,-1.000000
PANW,SHORT,2024-02-15T05:00:00+00:00,2024-12-05T05:00:00+00:00,183.440000,201.515000,0.09853358,203,TRANSITIONAL,TRANSITIONAL,0.333333,0.250000,-1.000000,-1.000000
PANW,SHORT,2025-04-08T04:00:00+00:00,2025-11-13T05:00:00+00:00,152.530000,204.770000,0.34249000,152,TRANSITIONAL,STABLE,0.437500,0.277778,-1.000000,-1.000000
PAYC,LONG,2022-05-05T04:00:00+00:00,2023-08-02T04:00:00+00:00,301.050000,299.620000,-0.00475004,311,TRANSITIONAL,TRANSITIONAL,0.750000,0.500000,1.000000,-1.000000
PAYC,SHORT,2023-08-03T04:00:00+00:00,2024-05-03T04:00:00+00:00,296.950000,171.290000,-0.42316888,189,TRANSITIONAL,STABLE,0.500000,0.312500,-1.000000,1.000000
PAYC,LONG,2024-05-06T04:00:00+00:00,2024-10-09T04:00:00+00:00,174.440000,163.600000,-0.06214171,108,STABLE,TRANSITIONAL,0.312500,0.437500,1.000000,0.000000
PAYC,SHORT,2024-10-10T04:00:00+00:00,2024-11-01T04:00:00+00:00,163.980000,210.650000,0.28460788,16,TRANSITIONAL,STABLE,0.375000,0.333333,-1.000000,1.000000
PAYC,LONG,2024-11-04T05:00:00+00:00,2025-02-18T05:00:00+00:00,211.460000,213.570000,0.00997825,70,STABLE,STABLE,0.333333,0.400000,1.000000,0.000000
PAYC,SHORT,2025-02-19T05:00:00+00:00,2025-04-10T04:00:00+00:00,216.170000,210.220000,-0.02752463,36,STABLE,STABLE,0.300000,0.272727,-1.000000,1.000000
PAYC,SHORT,2025-07-24T04:00:00+00:00,2025-11-07T05:00:00+00:00,237.950000,162.150000,-0.31855432,75,STABLE,STABLE,0.318182,0.291667,-1.000000,1.000000
PAYX,LONG,2025-06-26T04:00:00+00:00,2025-12-12T05:00:00+00:00,141.010000,115.450000,-0.18126374,118,TRANSITIONAL,TRANSITIONAL,0.750000,0.750000,1.000000,1.000000
PCAR,LONG,2024-07-24T04:00:00+00:00,2025-12-12T05:00:00+00:00,98.900000,111.560000,0.12800809,349,TRANSITIONAL,TRANSITIONAL,0.750000,0.750000,1.000000,1.000000
PFE,LONG,2021-11-08T05:00:00+00:00,2025-12-12T05:00:00+00:00,48.330000,25.850000,-0.46513553,1028,TRANSITIONAL,TRANSITIONAL,0.750000,0.750000,1.000000,1.000000
PFG,LONG,2025-04-10T04:00:00+00:00,2025-12-12T05:00:00+00:00,71.960000,89.940000,0.24986103,170,TRANSITIONAL,TRANSITIONAL,0.750000,0.750000,1.000000,1.000000
PGR,LONG,2023-07-14T04:00:00+00:00,2025-12-12T05:00:00+00:00,116.790000,234.850000,1.01087422,607,TRANSITIONAL,TRANSITIONAL,0.750000,0.750000,1.000000,1.000000
PH,LONG,2024-08-09T04:00:00+00:00,2025-11-26T05:00:00+00:00,569.810000,861.490000,0.51188993,326,TRANSITIONAL,TRANSITIONAL,0.750000,0.833333,1.000000,0.000000
PH,SHORT,2025-11-28T05:00:00+00:00,2025-12-12T05:00:00+00:00,861.700000,884.870000,0.02688871,10,TRANSITIONAL,TRANSITIONAL,0.500000,0.500000,-1.000000,-1.000000
PHM,LONG,2022-11-11T05:00:00+00:00,2025-12-12T05:00:00+00:00,44.370000,126.430000,1.84944783,773,TRANSITIONAL,TRANSITIONAL,0.750000,0.750000,1.000000,1.000000
PKG,LONG,2022-09-19T04:00:00+00:00,2024-06-05T04:00:00+00:00,124.100000,182.720000,0.47236100,430,TRANSITIONAL,TRANSITIONAL,0.750000,0.500000,1.000000,-1.000000
PKG,SHORT,2024-06-06T04:00:00+00:00,2025-01-30T05:00:00+00:00,183.090000,214.240000,0.17013491,162,TRANSITIONAL,TRANSITIONAL,0.500000,0.625000,-1.000000,1.000000
PKG,LONG,2025-01-31T05:00:00+00:00,2025-12-12T05:00:00+00:00,212.660000,205.070000,-0.03569077,218,TRANSITIONAL,TRANSITIONAL,0.625000,0.625000,1.000000,1.000000
PLD,LONG,2025-04-10T04:00:00+00:00,2025-12-12T05:00:00+00:00,94.890000,130.180000,0.37190431,170,TRANSITIONAL,TRANSITIONAL,0.750000,0.750000,1.000000,1.000000
PLTR,LONG,2020-12-29T05:00:00+00:00,2021-01-22T05:00:00+00:00,24.660000,32.580000,0.32116788,16,TRANSITIONAL,TRANSITIONAL,0.750000,0.500000,1.000000,-1.000000
PLTR,SHORT,2021-01-25T05:00:00+00:00,2021-01-28T05:00:00+00:00,36.230000,35.660000,-0.01573282,3,TRANSITIONAL,STABLE,0.500000,0.416667,-1.000000,1.000000
PLTR,SHORT,2021-01-29T05:00:00+00:00,2021-02-03T05:00:00+00:00,35.180000,31.760000,-0.09721433,3,STABLE,STABLE,0.500000,0.428571,-1.000000,1.000000
PLTR,LONG,2021-02-04T05:00:00+00:00,2021-02-05T05:00:00+00:00,32.050000,34.050000,0.06240250,1,STABLE,STABLE,0.428571,0.500000,1.000000,-1.000000
PLTR,SHORT,2021-02-08T05:00:00+00:00,2021-02-10T05:00:00+00:00,36.050000,35.700000,-0.00970874,2,STABLE,STABLE,0.500000,0.437500,-1.000000,1.000000
PLTR,LONG,2021-02-11T05:00:00+00:00,2021-02-16T05:00:00+00:00,33.110000,27.840000,-0.15916641,2,STABLE,TRANSITIONAL,0.437500,0.500000,1.000000,-1.000000
PLTR,LONG,2021-02-17T05:00:00+00:00,2021-02-18T05:00:00+00:00,27.080000,25.170000,-0.07053176,1,TRANSITIONAL,TRANSITIONAL,0.444444,0.388889,1.000000,-1.000000
PLTR,LONG,2021-02-19T05:00:00+00:00,2021-02-22T05:00:00+00:00,29.000000,28.000000,-0.03448276,1,TRANSITIONAL,TRANSITIONAL,0.450000,0.500000,1.000000,-1.000000
PLTR,SHORT,2021-02-23T05:00:00+00:00,2021-02-26T05:00:00+00:00,26.750000,23.900000,-0.10654206,3,TRANSITIONAL,STABLE,0.409091,0.375000,-1.000000,1.000000
PLTR,LONG,2021-03-01T05:00:00+00:00,2021-03-10T05:00:00+00:00,24.810000,24.750000,-0.00241838,7,STABLE,STABLE,0.375000,0.346154,1.000000,-1.000000
PLTR,SHORT,2021-03-11T05:00:00+00:00,2021-03-16T04:00:00+00:00,26.730000,25.610000,-0.04190049,3,STABLE,STABLE,0.346154,0.384615,-1.000000,1.000000
PLTR,LONG,2021-03-17T04:00:00+00:00,2021-04-14T04:00:00+00:00,25.210000,23.700000,-0.05989687,19,STABLE,STABLE,0.384615,0.357143,1.000000,-1.000000
PLTR,SHORT,2021-04-15T04:00:00+00:00,2021-06-02T04:00:00+00:00,23.150000,24.450000,0.05615551,33,STABLE,STABLE,0.357143,0.406250,-1.000000,0.000000
PLTR,LONG,2021-06-03T04:00:00+00:00,2021-06-28T04:00:00+00:00,23.630000,27.380000,0.15869657,17,STABLE,STABLE,0.343750,0.281250,1.000000,1.000000
PLTR,LONG,2021-07-21T04:00:00+00:00,2021-07-26T04:00:00+00:00,22.520000,22.130000,-0.01731794,3,STABLE,STABLE,0.312500,0.218750,1.000000,1.000000
PLTR,LONG,2022-01-05T05:00:00+00:00,2022-01-07T05:00:00+00:00,16.960000,16.560000,-0.02358491,2,STABLE,STABLE,0.323529,0.294118,1.000000,1.000000
PM,LONG,2025-02-07T05:00:00+00:00,2025-12-12T05:00:00+00:00,144.410000,153.650000,0.06398449,213,TRANSITIONAL,TRANSITIONAL,0.750000,0.750000,1.000000,1.000000
PNR,LONG,2024-07-24T04:00:00+00:00,2025-12-08T05:00:00+00:00,83.800000,104.250000,0.24403341,345,TRANSITIONAL,TRANSITIONAL,0.750000,0.833333,1.000000,0.000000
PNR,SHORT,2025-12-09T05:00:00+00:00,2025-12-12T05:00:00+00:00,101.860000,106.010000,0.04074220,3,TRANSITIONAL,TRANSITIONAL,0.500000,0.500000,-1.000000,-1.000000
PODD,LONG,2021-01-28T05:00:00+00:00,2022-01-28T05:00:00+00:00,275.030000,230.590000,-0.16158237,253,TRANSITIONAL,TRANSITIONAL,0.750000,0.500000,1.000000,-1.000000
PODD,SHORT,2022-01-31T05:00:00+00:00,2024-08-12T04:00:00+00:00,248.000000,188.050000,-0.24173387,635,TRANSITIONAL,STABLE,0.500000,0.312500,-1.000000,1.000000
PODD,LONG,2024-08-13T04:00:00+00:00,2024-11-04T05:00:00+00:00,194.590000,237.440000,0.22020659,58,STABLE,STABLE,0.312500,0.437500,1.000000,0.000000
PODD,SHORT,2024-11-05T05:00:00+00:00,2025-05-02T04:00:00+00:00,241.320000,257.010000,0.06501740,121,STABLE,STABLE,0.375000,0.437500,-1.000000,0.000000
PODD,LONG,2025-05-05T04:00:00+00:00,2025-05-12T04:00:00+00:00,258.790000,316.670000,0.22365625,5,STABLE,TRANSITIONAL,0.312500,0.300000,1.000000,-1.000000
PODD,SHORT,2025-05-13T04:00:00+00:00,2025-11-21T05:00:00+00:00,314.460000,331.170000,0.05313871,134,TRANSITIONAL,STABLE,0.300000,0.272727,-1.000000,1.000000
POOL,LONG,2022-07-22T04:00:00+00:00,2023-02-24T05:00:00+00:00,363.110000,356.310000,-0.01872711,149,TRANSITIONAL,TRANSITIONAL,0.750000,0.500000,1.000000,-1.000000
POOL,SHORT,2023-02-27T05:00:00+00:00,2025-12-08T05:00:00+00:00,356.090000,236.920000,-0.33466259,698,TRANSITIONAL,TRANSITIONAL,0.500000,0.833333,-1.000000,0.000000
PPG,LONG,2025-04-09T04:00:00+00:00,2025-04-10T04:00:00+00:00,103.110000,98.530000,-0.04441858,1,TRANSITIONAL,TRANSITIONAL,0.750000,0.500000,1.000000,-1.000000
PPG,SHORT,2025-04-11T04:00:00+00:00,2025-12-12T05:00:00+00:00,100.730000,103.540000,0.02789636,169,TRANSITIONAL,TRANSITIONAL,0.500000,0.500000,-1.000000,-1.000000
PRU,LONG,2025-04-10T04:00:00+00:00,2025-12-12T05:00:00+00:00,98.480000,116.960000,0.18765232,170,TRANSITIONAL,TRANSITIONAL,0.750000,0.750000,1.000000,1.000000
PSKY,SHORT,2025-08-20T04:00:00+00:00,2025-08-28T04:00:00+00:00,13.980000,14.690000,0.05078684,6,TRANSITIONAL,STABLE,0.500000,0.375000,-1.000000,1.000000
PSKY,LONG,2025-08-29T04:00:00+00:00,2025-09-12T04:00:00+00:00,14.700000,18.790000,0.27823129,9,STABLE,STABLE,0.375000,0.300000,1.000000,-1.000000
PSKY,SHORT,2025-09-15T04:00:00+00:00,2025-09-30T04:00:00+00:00,18.580000,18.920000,0.01829925,11,STABLE,STABLE,0.300000,0.400000,-1.000000,1.000000
PSKY,LONG,2025-10-01T04:00:00+00:00,2025-11-12T05:00:00+00:00,18.890000,15.570000,-0.17575437,30,STABLE,STABLE,0.400000,0.333333,1.000000,-1.000000
PSKY,SHORT,2025-11-13T05:00:00+00:00,2025-12-08T05:00:00+00:00,15.370000,14.570000,-0.05204945,16,STABLE,STABLE,0.333333,0.285714,-1.000000,1.000000
PSX,LONG,2025-04-04T04:00:00+00:00,2025-04-28T04:00:00+00:00,98.810000,105.780000,0.07053942,15,TRANSITIONAL,TRANSITIONAL,0.750000,0.833333,1.000000,0.000000
PSX,SHORT,2025-04-29T04:00:00+00:00,2025-12-12T05:00:00+00:00,106.000000,141.440000,0.33433962,158,TRANSITIONAL,TRANSITIONAL,0.500000,0.500000,-1.000000,-1.000000
PTC,LONG,2021-01-28T05:00:00+00:00,2021-01-29T05:00:00+00:00,138.330000,132.910000,-0.03918167,1,TRANSITIONAL,TRANSITIONAL,0.750000,0.666667,1.000000,-1.000000
PTC,SHORT,2021-02-01T05:00:00+00:00,2021-07-09T04:00:00+00:00,137.000000,145.140000,0.05941606,110,TRANSITIONAL,TRANSITIONAL,0.666667,0.833333,-1.000000,0.000000
PTC,LONG,2021-07-12T04:00:00+00:00,2022-04-29T04:00:00+00:00,142.880000,114.210000,-0.20065789,203,TRANSITIONAL,TRANSITIONAL,0.666667,0.500000,1.000000,-1.000000
PTC,SHORT,2022-05-02T04:00:00+00:00,2023-08-09T04:00:00+00:00,114.870000,142.680000,0.24209976,319,TRANSITIONAL,TRANSITIONAL,0.500000,0.625000,-1.000000,0.000000
PTC,LONG,2023-08-10T04:00:00+00:00,2025-04-10T04:00:00+00:00,142.510000,143.760000,0.00877131,418,TRANSITIONAL,TRANSITIONAL,0.375000,0.300000,1.000000,-1.000000
PTC,SHORT,2025-04-11T04:00:00+00:00,2025-07-10T04:00:00+00:00,145.320000,194.590000,0.33904487,60,TRANSITIONAL,TRANSITIONAL,0.300000,0.250000,-1.000000,1.000000
PTC,SHORT,2025-07-28T04:00:00+00:00,2025-12-12T05:00:00+00:00,204.000000,176.000000,-0.13725490,97,TRANSITIONAL,TRANSITIONAL,0.333333,0.333333,-1.000000,-1.000000
PWR,LONG,2021-09-03T04:00:00+00:00,2022-12-29T05:00:00+00:00,116.000000,142.700000,0.23017241,332,TRANSITIONAL,TRANSITIONAL,0.750000,0.750000,1.000000,0.000000
PWR,SHORT,2022-12-30T05:00:00+00:00,2023-05-01T04:00:00+00:00,142.500000,169.210000,0.18743860,82,TRANSITIONAL,TRANSITIONAL,0.500000,0.750000,-1.000000,0.000000
PWR,LONG,2023-05-02T04:00:00+00:00,2023-11-03T04:00:00+00:00,168.120000,169.180000,0.00630502,129,TRANSITIONAL,TRANSITIONAL,0.625000,0.500000,1.000000,-1.000000
PWR,SHORT,2023-11-06T05:00:00+00:00,2025-04-10T04:00:00+00:00,168.460000,262.700000,0.55942063,357,TRANSITIONAL,STABLE,0.500000,0.312500,-1.000000,1.000000
PWR,LONG,2025-04-11T04:00:00+00:00,2025-07-21T04:00:00+00:00,269.570000,398.660000,0.47887376,67,STABLE,STABLE,0.312500,0.437500,1.000000,0.000000
PWR,SHORT,2025-07-22T04:00:00+00:00,2025-12-12T05:00:00+00:00,394.930000,438.110000,0.10933583,101,STABLE,STABLE,0.375000,0.375000,-1.000000,-1.000000
PYPL,LONG,2021-11-10T05:00:00+00:00,2022-02-02T05:00:00+00:00,204.640000,132.570000,-0.35217944,57,TRANSITIONAL,TRANSITIONAL,0.750000,0.375000,1.000000,-1.000000
PYPL,SHORT,2022-02-03T05:00:00+00:00,2022-04-29T04:00:00+00:00,124.300000,87.930000,-0.29259855,59,TRANSITIONAL,STABLE,0.375000,0.300000,-1.000000,1.000000
PYPL,LONG,2022-05-02T04:00:00+00:00,2022-07-28T04:00:00+00:00,91.530000,85.860000,-0.06194690,60,STABLE,STABLE,0.300000,0.285714,1.000000,-1.000000
PYPL,SHORT,2023-05-10T04:00:00+00:00,2023-08-04T04:00:00+00:00,63.380000,62.750000,-0.00994004,59,STABLE,STABLE,0.312500,0.277778,-1.000000,1.000000
PYPL,SHORT,2023-10-26T04:00:00+00:00,2024-01-11T05:00:00+00:00,51.750000,61.350000,0.18550725,52,STABLE,STABLE,0.333333,0.388889,-1.000000,0.000000
PYPL,LONG,2024-02-09T05:00:00+00:00,2024-04-01T04:00:00+00:00,58.910000,65.030000,0.10388729,34,STABLE,STABLE,0.300000,0.350000,1.000000,0.000000
PYPL,SHORT,2024-05-07T04:00:00+00:00,2024-05-10T04:00:00+00:00,65.920000,62.930000,-0.04535801,3,STABLE,STABLE,0.350000,0.250000,-1.000000,-1.000000
PYPL,LONG,2024-08-15T04:00:00+00:00,2025-02-05T05:00:00+00:00,67.940000,79.200000,0.16573447,118,STABLE,TRANSITIONAL,0.300000,0.272727,1.000000,-1.000000
PYPL,SHORT,2025-02-12T05:00:00+00:00,2025-02-18T05:00:00+00:00,76.270000,78.620000,0.03081159,3,TRANSITIONAL,TRANSITIONAL,0.363636,0.272727,-1.000000,-1.000000
PYPL,SHORT,2025-07-01T04:00:00+00:00,2025-07-07T04:00:00+00:00,75.290000,76.180000,0.01182096,3,STABLE,STABLE,0.375000,0.291667,-1.000000,-1.000000
QCOM,LONG,2022-04-29T04:00:00+00:00,2024-08-01T04:00:00+00:00,139.690000,164.000000,0.17402821,566,TRANSITIONAL,TRANSITIONAL,0.750000,0.500000,1.000000,-1.000000
QCOM,SHORT,2024-08-02T04:00:00+00:00,2025-04-09T04:00:00+00:00,159.310000,143.590000,-0.09867554,171,TRANSITIONAL,TRANSITIONAL,0.500000,0.400000,-1.000000,1.000000
QCOM,SHORT,2025-04-10T04:00:00+00:00,2025-05-02T04:00:00+00:00,134.400000,139.810000,0.04025298,15,TRANSITIONAL,TRANSITIONAL,0.333333,0.285714,-1.000000,1.000000
QCOM,SHORT,2025-06-25T04:00:00+00:00,2025-10-13T04:00:00+00:00,155.930000,161.780000,0.03751683,76,TRANSITIONAL,TRANSITIONAL,0.357143,0.312500,-1.000000,1.000000
QCOM,LONG,2025-10-14T04:00:00+00:00,2025-10-30T04:00:00+00:00,161.740000,177.260000,0.09595647,12,TRANSITIONAL,TRANSITIONAL,0.312500,0.277778,1.000000,-1.000000
RCL,LONG,2021-02-25T05:00:00+00:00,2021-11-08T05:00:00+00:00,91.630000,93.710000,0.02269999,178,TRANSITIONAL,TRANSITIONAL,0.750000,0.500000,1.000000,-1.000000
RCL,SHORT,2021-11-09T05:00:00+00:00,2021-11-29T05:00:00+00:00,91.350000,69.890000,-0.23492063,13,TRANSITIONAL,TRANSITIONAL,0.500000,0.375000,-1.000000,1.000000
RCL,LONG,2021-11-30T05:00:00+00:00,2021-12-16T05:00:00+00:00,69.820000,68.800000,-0.01460899,12,TRANSITIONAL,TRANSITIONAL,0.375000,0.300000,1.000000,-1.000000
RCL,SHORT,2021-12-17T05:00:00+00:00,2022-03-02T05:00:00+00:00,72.410000,75.450000,0.04198315,50,TRANSITIONAL,TRANSITIONAL,0.300000,0.250000,-1.000000,1.000000
RCL,LONG,2022-06-17T04:00:00+00:00,2022-06-27T04:00:00+00:00,37.300000,40.330000,0.08123324,5,TRANSITIONAL,TRANSITIONAL,0.300000,0.375000,1.000000,-1.000000
RCL,SHORT,2022-06-28T04:00:00+00:00,2022-06-30T04:00:00+00:00,40.140000,34.910000,-0.13029397,2,TRANSITIONAL,TRANSITIONAL,0.375000,0.346154,-1.000000,1.000000
RCL,LONG,2022-07-01T04:00:00+00:00,2022-07-05T04:00:00+00:00,35.290000,36.300000,0.02862001,1,TRANSITIONAL,TRANSITIONAL,0.346154,0.384615,1.000000,-1.000000
RCL,SHORT,2022-07-06T04:00:00+00:00,2022-07-07T04:00:00+00:00,33.690000,35.500000,0.05372514,1,TRANSITIONAL,TRANSITIONAL,0.384615,0.428571,-1.000000,1.000000
RCL,LONG,2022-07-08T04:00:00+00:00,2022-07-18T04:00:00+00:00,34.440000,34.360000,-0.00232288,6,TRANSITIONAL,TRANSITIONAL,0.428571,0.392857,1.000000,0.000000
RCL,SHORT,2022-07-19T04:00:00+00:00,2022-07-21T04:00:00+00:00,36.360000,35.750000,-0.01677668,2,TRANSITIONAL,TRANSITIONAL,0.321429,0.333333,-1.000000,1.000000
RCL,LONG,2022-07-22T04:00:00+00:00,2022-07-29T04:00:00+00:00,34.870000,38.710000,0.11012332,5,TRANSITIONAL,TRANSITIONAL,0.333333,0.366667,1.000000,-1.000000
RCL,SHORT,2022-08-01T04:00:00+00:00,2022-08-10T04:00:00+00:00,35.790000,41.680000,0.16457111,7,TRANSITIONAL,TRANSITIONAL,0.366667,0.343750,-1.000000,1.000000
RCL,LONG,2022-08-11T04:00:00+00:00,2022-08-23T04:00:00+00:00,41.720000,38.960000,-0.06615532,8,TRANSITIONAL,TRANSITIONAL,0.343750,0.406250,1.000000,0.000000
RCL,SHORT,2022-08-24T04:00:00+00:00,2022-10-03T04:00:00+00:00,41.940000,37.590000,-0.10371960,27,TRANSITIONAL,TRANSITIONAL,0.375000,0.352941,-1.000000,1.000000
RCL,LONG,2022-10-04T04:00:00+00:00,2022-10-05T04:00:00+00:00,43.850000,43.470000,-0.00866591,1,TRANSITIONAL,TRANSITIONAL,0.352941,0.333333,1.000000,-1.000000
RCL,SHORT,2022-10-06T04:00:00+00:00,2022-10-13T04:00:00+00:00,44.020000,44.750000,0.01658337,5,TRANSITIONAL,TRANSITIONAL,0.333333,0.315789,-1.000000,1.000000
RCL,LONG,2022-10-14T04:00:00+00:00,2022-10-27T04:00:00+00:00,44.610000,50.320000,0.12799821,9,TRANSITIONAL,TRANSITIONAL,0.315789,0.342105,1.000000,-1.000000
RCL,SHORT,2022-10-28T04:00:00+00:00,2022-12-09T05:00:00+00:00,52.670000,56.210000,0.06721094,29,TRANSITIONAL,TRANSITIONAL,0.342105,0.315789,-1.000000,1.000000
RCL,LONG,2022-12-12T05:00:00+00:00,2023-01-26T05:00:00+00:00,57.000000,63.930000,0.12157895,30,TRANSITIONAL,TRANSITIONAL,0.315789,0.289474,1.000000,1.000000
RCL,LONG,2023-03-29T04:00:00+00:00,2023-04-05T04:00:00+00:00,64.150000,61.990000,-0.03367108,5,TRANSITIONAL,TRANSITIONAL,0.342105,0.289474,1.000000,1.000000
RCL,LONG,2023-06-29T04:00:00+00:00,2023-07-11T04:00:00+00:00,101.560000,101.280000,-0.00275699,7,TRANSITIONAL,TRANSITIONAL,0.315789,0.236842,1.000000,1.000000
REGN,LONG,2022-09-09T04:00:00+00:00,2025-05-30T04:00:00+00:00,724.320000,490.280000,-0.32311685,682,TRANSITIONAL,TRANSITIONAL,0.750000,0.300000,1.000000,-1.000000
REGN,SHORT,2025-06-02T04:00:00+00:00,2025-10-29T04:00:00+00:00,490.810000,652.910000,0.33027037,104,TRANSITIONAL,TRANSITIONAL,0.300000,0.250000,-1.000000,1.000000
RF,LONG,2022-03-02T05:00:00+00:00,2024-05-14T04:00:00+00:00,23.370000,20.100000,-0.13992298,553,TRANSITIONAL,TRANSITIONAL,0.750000,0.500000,1.000000,-1.000000
RF,SHORT,2024-05-15T04:00:00+00:00,2024-11-07T05:00:00+00:00,20.260000,25.410000,0.25419546,122,TRANSITIONAL,TRANSITIONAL,0.500000,0.400000,-1.000000,1.000000
RF,LONG,2024-11-08T05:00:00+00:00,2025-09-16T04:00:00+00:00,25.620000,26.560000,0.03669009,211,TRANSITIONAL,TRANSITIONAL,0.400000,0.333333,1.000000,-1.000000
RF,SHORT,2025-09-17T04:00:00+00:00,2025-12-12T05:00:00+00:00,26.930000,27.600000,0.02487932,61,TRANSITIONAL,TRANSITIONAL,0.333333,0.333333,-1.000000,-1.000000
RJF,LONG,2024-11-07T05:00:00+00:00,2025-09-17T04:00:00+00:00,156.430000,170.070000,0.08719555,213,TRANSITIONAL,TRANSITIONAL,0.750000,0.833333,1.000000,0.000000
RJF,SHORT,2025-09-19T04:00:00+00:00,2025-12-12T05:00:00+00:00,174.060000,163.850000,-0.05865793,59,TRANSITIONAL,TRANSITIONAL,0.500000,0.500000,-1.000000,-1.000000
RL,LONG,2021-11-03T04:00:00+00:00,2022-10-06T04:00:00+00:00,122.940000,93.530000,-0.23922238,232,TRANSITIONAL,TRANSITIONAL,0.750000,0.500000,1.000000,-1.000000
RL,SHORT,2022-10-07T04:00:00+00:00,2022-11-14T05:00:00+00:00,90.760000,101.340000,0.11657118,26,TRANSITIONAL,TRANSITIONAL,0.500000,0.400000,-1.000000,1.000000
RL,LONG,2022-11-15T05:00:00+00:00,2023-04-13T04:00:00+00:00,103.870000,119.980000,0.15509772,101,TRANSITIONAL,TRANSITIONAL,0.400000,0.500000,1.000000,-1.000000
RL,SHORT,2023-04-14T04:00:00+00:00,2023-06-16T04:00:00+00:00,120.070000,123.180000,0.02590156,44,TRANSITIONAL,TRANSITIONAL,0.500000,0.600000,-1.000000,0.000000
RL,LONG,2023-06-20T04:00:00+00:00,2024-02-09T05:00:00+00:00,123.380000,175.010000,0.41846328,162,TRANSITIONAL,TRANSITIONAL,0.400000,0.250000,1.000000,-1.000000
RL,SHORT,2024-03-05T05:00:00+00:00,2025-02-07T05:00:00+00:00,180.320000,268.950000,0.49151508,233,TRANSITIONAL,TRANSITIONAL,0.416667,0.285714,-1.000000,1.000000
RL,LONG,2025-04-03T04:00:00+00:00,2025-04-04T04:00:00+00:00,197.890000,197.620000,-0.00136439,1,TRANSITIONAL,TRANSITIONAL,0.312500,0.222222,1.000000,-1.000000
RMD,LONG,2021-05-03T04:00:00+00:00,2022-03-24T04:00:00+00:00,194.740000,241.370000,0.23944747,226,TRANSITIONAL,TRANSITIONAL,0.750000,0.500000,1.000000,-1.000000
RMD,SHORT,2022-03-25T04:00:00+00:00,2023-02-09T05:00:00+00:00,240.330000,215.110000,-0.10493904,220,TRANSITIONAL,TRANSITIONAL,0.500000,0.833333,-1.000000,0.000000
RMD,LONG,2023-02-10T05:00:00+00:00,2023-08-04T04:00:00+00:00,213.130000,179.250000,-0.15896401,120,TRANSITIONAL,TRANSITIONAL,0.666667,0.500000,1.000000,-1.000000
RMD,SHORT,2023-08-07T04:00:00+00:00,2024-04-29T04:00:00+00:00,186.670000,217.190000,0.16349708,183,TRANSITIONAL,TRANSITIONAL,0.500000,0.416667,-1.000000,1.000000
RMD,LONG,2024-04-30T04:00:00+00:00,2024-09-09T04:00:00+00:00,213.990000,249.560000,0.16622272,90,TRANSITIONAL,TRANSITIONAL,0.416667,0.357143,1.000000,-1.000000
RMD,SHORT,2024-09-10T04:00:00+00:00,2025-08-12T04:00:00+00:00,252.860000,283.290000,0.12034327,230,TRANSITIONAL,TRANSITIONAL,0.357143,0.500000,-1.000000,0.000000
RMD,LONG,2025-08-13T04:00:00+00:00,2025-12-12T05:00:00+00:00,288.280000,252.270000,-0.12491328,85,TRANSITIONAL,TRANSITIONAL,0.428571,0.428571,1.000000,1.000000
ROK,LONG,2022-05-04T04:00:00+00:00,2024-02-01T05:00:00+00:00,222.350000,263.010000,0.18286485,438,TRANSITIONAL,TRANSITIONAL,0.750000,0.500000,1.000000,-1.000000
ROK,SHORT,2024-02-02T05:00:00+00:00,2024-11-07T05:00:00+00:00,268.010000,277.090000,0.03387933,193,TRANSITIONAL,STABLE,0.500000,0.400000,-1.000000,1.000000
ROK,LONG,2024-11-08T05:00:00+00:00,2025-06-09T04:00:00+00:00,272.140000,324.350000,0.19184978,143,STABLE,TRANSITIONAL,0.400000,0.500000,1.000000,0.000000
ROK,SHORT,2025-06-10T04:00:00+00:00,2025-12-12T05:00:00+00:00,325.220000,405.180000,0.24586434,129,TRANSITIONAL,TRANSITIONAL,0.357143,0.357143,-1.000000,-1.000000
ROL,LONG,2021-10-28T04:00:00+00:00,2025-12-12T05:00:00+00:00,34.820000,60.050000,0.72458357,1035,TRANSITIONAL,TRANSITIONAL,0.750000,0.750000,1.000000,1.000000
ROST,SHORT,2022-05-20T04:00:00+00:00,2024-03-13T04:00:00+00:00,71.870000,147.090000,1.04661194,454,TRANSITIONAL,STABLE,0.666667,0.625000,-1.000000,0.000000
ROST,LONG,2024-03-18T04:00:00+00:00,2025-05-27T04:00:00+00:00,144.310000,141.290000,-0.02092717,298,STABLE,STABLE,0.375000,0.300000,1.000000,-1.000000
ROST,SHORT,2025-05-28T04:00:00+00:00,2025-12-12T05:00:00+00:00,139.700000,182.090000,0.30343593,138,STABLE,STABLE,0.300000,0.300000,-1.000000,-1.000000
RTX,LONG,2023-07-26T04:00:00+00:00,2025-05-05T04:00:00+00:00,86.300000,128.590000,0.49003476,445,TRANSITIONAL,TRANSITIONAL,0.750000,0.750000,1.000000,0.000000
RTX,SHORT,2025-05-06T04:00:00+00:00,2025-12-12T05:00:00+00:00,128.160000,178.660000,0.39403870,153,TRANSITIONAL,TRANSITIONAL,0.500000,0.500000,-1.000000,-1.000000
RVTY,LONG,2023-10-31T04:00:00+00:00,2025-04-11T04:00:00+00:00,82.850000,94.860000,0.14496077,362,TRANSITIONAL,TRANSITIONAL,0.750000,0.500000,1.000000,-1.000000
RVTY,SHORT,2025-04-14T04:00:00+00:00,2025-12-12T05:00:00+00:00,97.620000,100.490000,0.02939971,168,TRANSITIONAL,TRANSITIONAL,0.500000,0.500000,-1.000000,-1.000000
SBUX,LONG,2022-05-05T04:00:00+00:00,2022-05-27T04:00:00+00:00,77.480000,76.710000,-0.00993805,16,TRANSITIONAL,TRANSITIONAL,0.750000,0.833333,1.000000,0.000000
SBUX,SHORT,2022-05-31T04:00:00+00:00,2023-05-04T04:00:00+00:00,78.500000,104.720000,0.33401274,233,TRANSITIONAL,TRANSITIONAL,0.500000,0.375000,-1.000000,1.000000
SBUX,LONG,2023-05-05T04:00:00+00:00,2023-09-15T04:00:00+00:00,107.210000,96.230000,-0.10241582,91,TRANSITIONAL,TRANSITIONAL,0.375000,0.625000,1.000000,0.000000
SBUX,SHORT,2023-09-19T04:00:00+00:00,2024-05-02T04:00:00+00:00,95.290000,74.930000,-0.21366355,156,TRANSITIONAL,TRANSITIONAL,0.500000,0.400000,-1.000000,1.000000
SBUX,LONG,2024-05-03T04:00:00+00:00,2024-08-13T04:00:00+00:00,73.110000,95.900000,0.31172206,69,TRANSITIONAL,TRANSITIONAL,0.400000,0.285714,1.000000,-1.000000
SBUX,SHORT,2025-02-27T05:00:00+00:00,2025-03-04T05:00:00+00:00,114.490000,112.060000,-0.02122456,3,TRANSITIONAL,TRANSITIONAL,0.357143,0.214286,-1.000000,-1.000000
SBUX,LONG,2025-10-03T04:00:00+00:00,2025-10-08T04:00:00+00:00,86.420000,80.040000,-0.07382550,3,STABLE,STABLE,0.312500,0.187500,1.000000,1.000000
SCHW,LONG,2022-03-02T05:00:00+00:00,2022-05-20T04:00:00+00:00,81.810000,63.280000,-0.22650043,56,TRANSITIONAL,TRANSITIONAL,0.750000,0.500000,1.000000,-1.000000
SCHW,SHORT,2022-05-23T04:00:00+00:00,2023-03-14T04:00:00+00:00,65.270000,56.680000,-0.13160717,202,TRANSITIONAL,TRANSITIONAL,0.500000,0.375000,-1.000000,1.000000
SCHW,LONG,2023-03-15T04:00:00+00:00,2023-11-15T05:00:00+00:00,59.550000,56.080000,-0.05827036,170,TRANSITIONAL,TRANSITIONAL,0.375000,0.500000,1.000000,-1.000000
SCHW,SHORT,2023-11-16T05:00:00+00:00,2024-09-12T04:00:00+00:00,55.670000,61.740000,0.10903539,205,TRANSITIONAL,TRANSITIONAL,0.500000,0.500000,-1.000000,0.000000
SCHW,LONG,2024-09-13T04:00:00+00:00,2025-12-12T05:00:00+00:00,62.120000,96.650000,0.55585963,313,TRANSITIONAL,TRANSITIONAL,0.400000,0.400000,1.000000,1.000000
SHW,LONG,2022-07-28T04:00:00+00:00,2023-07-21T04:00:00+00:00,243.040000,268.730000,0.10570276,246,TRANSITIONAL,TRANSITIONAL,0.750000,0.833333,1.000000,0.000000
SHW,SHORT,2023-07-24T04:00:00+00:00,2025-11-11T05:00:00+00:00,268.020000,345.080000,0.28751586,579,TRANSITIONAL,TRANSITIONAL,0.500000,0.833333,-1.000000,0.000000
SHW,LONG,2025-11-17T05:00:00+00:00,2025-12-12T05:00:00+00:00,326.810000,328.690000,0.00575258,18,TRANSITIONAL,TRANSITIONAL,0.666667,0.666667,1.000000,1.000000
SJM,LONG,2022-05-19T04:00:00+00:00,2025-06-11T04:00:00+00:00,126.360000,95.870000,-0.24129471,767,TRANSITIONAL,TRANSITIONAL,0.750000,0.833333,1.000000,0.000000
SJM,SHORT,2025-06-12T04:00:00+00:00,2025-12-12T05:00:00+00:00,97.370000,101.570000,0.04313444,127,TRANSITIONAL,TRANSITIONAL,0.500000,0.500000,-1.000000,-1.000000
SLB,LONG,2022-05-10T04:00:00+00:00,2025-04-11T04:00:00+00:00,37.890000,33.960000,-0.10372130,733,TRANSITIONAL,TRANSITIONAL,0.750000,0.500000,1.000000,-1.000000
SLB,SHORT,2025-04-14T04:00:00+00:00,2025-12-12T05:00:00+00:00,33.920000,39.450000,0.16303066,168,TRANSITIONAL,TRANSITIONAL,0.500000,0.500000,-1.000000,-1.000000
SMCI,LONG,2021-11-05T04:00:00+00:00,2022-04-19T04:00:00+00:00,4.658000,4.465000,-0.04143409,112,TRANSITIONAL,TRANSITIONAL,0.750000,0.500000,1.000000,-1.000000
SMCI,SHORT,2022-04-20T04:00:00+00:00,2022-05-04T04:00:00+00:00,4.505000,5.672000,0.25904550,10,TRANSITIONAL,TRANSITIONAL,0.500000,0.285714,-1.000000,-1.000000
SMCI,LONG,2022-08-10T04:00:00+00:00,2022-09-07T04:00:00+00:00,6.373000,6.331000,-0.00659030,19,STABLE,STABLE,0.300000,0.350000,1.000000,0.000000
SMCI,SHORT,2023-05-11T04:00:00+00:00,2023-05-18T04:00:00+00:00,13.643000,16.456000,0.20618632,5,TRANSITIONAL,TRANSITIONAL,0.312500,0.218750,-1.000000,-1.000000
SNPS,LONG,2024-12-06T05:00:00+00:00,2025-08-29T04:00:00+00:00,517.280000,603.520000,0.16671822,181,TRANSITIONAL,TRANSITIONAL,0.750000,0.833333,1.000000,0.000000
SNPS,SHORT,2025-09-03T04:00:00+00:00,2025-09-19T04:00:00+00:00,592.120000,495.500000,-0.16317638,12,TRANSITIONAL,STABLE,0.500000,0.357143,-1.000000,1.000000
SNPS,LONG,2025-09-23T04:00:00+00:00,2025-09-24T04:00:00+00:00,490.320000,468.090000,-0.04533774,1,STABLE,STABLE,0.357143,0.428571,1.000000,-1.000000
SNPS,SHORT,2025-09-26T04:00:00+00:00,2025-10-13T04:00:00+00:00,487.760000,448.000000,-0.08151550,11,STABLE,STABLE,0.428571,0.375000,-1.000000,1.000000
SNPS,LONG,2025-10-14T04:00:00+00:00,2025-10-20T04:00:00+00:00,443.760000,453.350000,0.02161078,4,STABLE,STABLE,0.375000,0.437500,1.000000,-1.000000
SNPS,SHORT,2025-10-21T04:00:00+00:00,2025-12-12T05:00:00+00:00,459.040000,452.950000,-0.01326682,37,STABLE,STABLE,0.437500,0.437500,-1.000000,-1.000000
SOLS,LONG,2022-01-13T05:00:00+00:00,2022-01-21T05:00:00+00:00,7.600000,6.150000,-0.19078947,4,TRANSITIONAL,TRANSITIONAL,0.500000,0.400000,1.000000,-1.000000
SOLS,SHORT,2022-01-24T05:00:00+00:00,2022-02-03T05:00:00+00:00,6.700000,4.990000,-0.25522388,6,TRANSITIONAL,STABLE,0.400000,0.333333,-1.000000,1.000000
SOLS,LONG,2022-02-04T05:00:00+00:00,2022-02-09T05:00:00+00:00,4.770000,5.990000,0.25576520,1,STABLE,TRANSITIONAL,0.333333,0.312500,1.000000,-1.000000
SOLS,SHORT,2022-02-11T05:00:00+00:00,2022-02-22T05:00:00+00:00,5.290000,5.400000,0.02079395,6,TRANSITIONAL,TRANSITIONAL,0.312500,0.277778,-1.000000,1.000000
SOLS,LONG,2022-03-03T05:00:00+00:00,2022-03-11T05:00:00+00:00,5.000000,4.300000,-0.14000000,6,TRANSITIONAL,TRANSITIONAL,0.333333,0.300000,1.000000,-1.000000
SOLS,SHORT,2022-03-14T04:00:00+00:00,2022-03-17T04:00:00+00:00,3.800000,4.300000,0.13157895,3,TRANSITIONAL,TRANSITIONAL,0.300000,0.250000,-1.000000,-1.000000
SOLS,LONG,2022-06-29T04:00:00+00:00,2022-06-30T04:00:00+00:00,1.810000,1.620000,-0.10497238,1,STABLE,STABLE,0.308824,0.294118,1.000000,1.000000
SOLV,LONG,2025-04-10T04:00:00+00:00,2025-12-12T05:00:00+00:00,65.170000,82.980000,0.27328525,170,TRANSITIONAL,TRANSITIONAL,0.750000,0.750000,1.000000,1.000000
SPG,LONG,2025-04-10T04:00:00+00:00,2025-12-12T05:00:00+00:00,147.690000,182.020000,0.23244634,170,TRANSITIONAL,TRANSITIONAL,0.750000,0.750000,1.000000,1.000000
SRE,SHORT,2025-02-25T05:00:00+00:00,2025-12-12T05:00:00+00:00,70.640000,88.490000,0.25268969,202,TRANSITIONAL,TRANSITIONAL,0.666667,0.666667,-1.000000,-1.000000
STE,LONG,2022-08-04T04:00:00+00:00,2023-08-07T04:00:00+00:00,207.990000,226.190000,0.08750421,252,TRANSITIONAL,TRANSITIONAL,0.750000,0.833333,1.000000,0.000000
STE,SHORT,2023-08-08T04:00:00+00:00,2025-12-12T05:00:00+00:00,225.240000,251.790000,0.11787427,590,TRANSITIONAL,TRANSITIONAL,0.500000,0.500000,-1.000000,-1.000000
STLD,LONG,2022-01-24T05:00:00+00:00,2023-04-18T04:00:00+00:00,54.700000,107.490000,0.96508227,309,TRANSITIONAL,TRANSITIONAL,0.750000,0.300000,1.000000,-1.000000
STLD,SHORT,2023-04-19T04:00:00+00:00,2024-07-26T04:00:00+00:00,106.220000,130.540000,0.22895876,319,TRANSITIONAL,TRANSITIONAL,0.300000,0.700000,-1.000000,0.000000
STLD,LONG,2024-07-29T04:00:00+00:00,2024-11-07T05:00:00+00:00,130.520000,147.950000,0.13354275,72,TRANSITIONAL,TRANSITIONAL,0.600000,0.500000,1.000000,-1.000000
STLD,SHORT,2024-11-08T05:00:00+00:00,2025-04-10T04:00:00+00:00,148.550000,117.490000,-0.20908785,103,TRANSITIONAL,TRANSITIONAL,0.500000,0.428571,-1.000000,1.000000
STLD,LONG,2025-04-11T04:00:00+00:00,2025-09-22T04:00:00+00:00,120.410000,139.070000,0.15497052,111,TRANSITIONAL,TRANSITIONAL,0.428571,0.571429,1.000000,0.000000
STLD,SHORT,2025-09-23T04:00:00+00:00,2025-12-12T05:00:00+00:00,136.690000,171.970000,0.25810228,57,TRANSITIONAL,TRANSITIONAL,0.500000,0.500000,-1.000000,-1.000000
STT,LONG,2023-04-18T04:00:00+00:00,2023-09-01T04:00:00+00:00,74.900000,69.850000,-0.06742323,95,TRANSITIONAL,TRANSITIONAL,0.750000,0.833333,1.000000,0.000000
STT,SHORT,2023-09-05T04:00:00+00:00,2025-04-10T04:00:00+00:00,70.080000,79.000000,0.12728311,401,TRANSITIONAL,TRANSITIONAL,0.500000,0.375000,-1.000000,1.000000
STT,LONG,2025-04-11T04:00:00+00:00,2025-12-12T05:00:00+00:00,79.410000,127.670000,0.60773202,169,TRANSITIONAL,TRANSITIONAL,0.375000,0.375000,1.000000,1.000000
STX,LONG,2021-01-28T05:00:00+00:00,2022-03-09T05:00:00+00:00,66.650000,90.390000,0.35618905,280,TRANSITIONAL,TRANSITIONAL,0.750000,0.500000,1.000000,-1.000000
STX,SHORT,2022-03-10T05:00:00+00:00,2023-01-27T05:00:00+00:00,88.720000,68.990000,-0.22238503,222,TRANSITIONAL,TRANSITIONAL,0.500000,0.375000,-1.000000,1.000000
STX,LONG,2023-01-30T05:00:00+00:00,2023-05-23T04:00:00+00:00,66.760000,62.370000,-0.06575794,79,TRANSITIONAL,TRANSITIONAL,0.375000,0.500000,1.000000,-1.000000
STX,SHORT,2023-05-24T04:00:00+00:00,2023-09-08T04:00:00+00:00,61.320000,65.370000,0.06604697,73,TRANSITIONAL,TRANSITIONAL,0.500000,0.400000,-1.000000,1.000000
STX,LONG,2023-09-11T04:00:00+00:00,2024-04-11T04:00:00+00:00,64.310000,88.780000,0.38050070,147,TRANSITIONAL,TRANSITIONAL,0.400000,0.600000,1.000000,-1.000000
STX,SHORT,2024-04-12T04:00:00+00:00,2024-07-08T04:00:00+00:00,85.190000,103.430000,0.21410964,58,TRANSITIONAL,TRANSITIONAL,0.600000,0.500000,-1.000000,1.000000
STX,LONG,2024-07-09T04:00:00+00:00,2025-04-03T04:00:00+00:00,104.350000,71.530000,-0.31451845,185,TRANSITIONAL,TRANSITIONAL,0.500000,0.416667,1.000000,-1.000000
STX,SHORT,2025-04-04T04:00:00+00:00,2025-04-10T04:00:00+00:00,66.730000,69.740000,0.04510715,4,TRANSITIONAL,TRANSITIONAL,0.357143,0.312500,-1.000000,1.000000
STX,LONG,2025-04-11T04:00:00+00:00,2025-04-24T04:00:00+00:00,70.150000,83.040000,0.18374911,8,TRANSITIONAL,TRANSITIONAL,0.312500,0.437500,1.000000,0.000000
STX,SHORT,2025-04-25T04:00:00+00:00,2025-05-01T04:00:00+00:00,82.700000,90.010000,0.08839178,4,TRANSITIONAL,TRANSITIONAL,0.375000,0.333333,-1.000000,1.000000
STX,LONG,2025-05-02T04:00:00+00:00,2025-05-09T04:00:00+00:00,93.070000,95.710000,0.02836575,5,TRANSITIONAL,TRANSITIONAL,0.333333,0.444444,1.000000,0.000000
STX,LONG,2025-05-12T04:00:00+00:00,2025-05-13T04:00:00+00:00,101.950000,105.470000,0.03452673,1,TRANSITIONAL,TRANSITIONAL,0.333333,0.444444,1.000000,0.000000
STX,SHORT,2025-05-14T04:00:00+00:00,2025-10-29T04:00:00+00:00,105.190000,265.620000,1.52514498,116,TRANSITIONAL,TRANSITIONAL,0.388889,0.350000,-1.000000,1.000000
STX,SHORT,2025-10-30T04:00:00+00:00,2025-11-05T05:00:00+00:00,268.335000,275.770000,0.02770790,4,TRANSITIONAL,TRANSITIONAL,0.318182,0.291667,-1.000000,1.000000
STX,SHORT,2025-12-01T05:00:00+00:00,2025-12-12T05:00:00+00:00,270.100000,287.640000,0.06493891,9,TRANSITIONAL,TRANSITIONAL,0.333333,0.333333,-1.000000,-1.000000
STZ,LONG,2023-01-06T05:00:00+00:00,2025-12-12T05:00:00+00:00,214.230000,147.420000,-0.31186108,736,TRANSITIONAL,TRANSITIONAL,0.750000,0.750000,1.000000,1.000000
SW,LONG,2025-04-10T04:00:00+00:00,2025-12-12T05:00:00+00:00,40.270000,37.190000,-0.07648373,170,TRANSITIONAL,TRANSITIONAL,0.750000,0.750000,1.000000,1.000000
SWK,LONG,2022-07-28T04:00:00+00:00,2022-07-29T04:00:00+00:00,98.580000,97.330000,-0.01268006,1,TRANSITIONAL,TRANSITIONAL,0.750000,0.500000,1.000000,-1.000000
SWK,SHORT,2022-08-01T04:00:00+00:00,2025-04-09T04:00:00+00:00,97.120000,64.220000,-0.33875618,675,TRANSITIONAL,TRANSITIONAL,0.500000,0.400000,-1.000000,1.000000
SWK,SHORT,2025-04-10T04:00:00+00:00,2025-05-13T04:00:00+00:00,58.680000,73.820000,0.25800954,22,TRANSITIONAL,TRANSITIONAL,0.333333,0.312500,-1.000000,1.000000
SWK,SHORT,2025-05-15T04:00:00+00:00,2025-12-12T05:00:00+00:00,70.700000,75.680000,0.07043847,146,TRANSITIONAL,TRANSITIONAL,0.375000,0.375000,-1.000000,-1.000000
SWKS,LONG,2021-03-09T05:00:00+00:00,2021-12-17T05:00:00+00:00,172.410000,151.700000,-0.12012064,198,TRANSITIONAL,TRANSITIONAL,0.750000,0.500000,1.000000,-1.000000
SWKS,SHORT,2021-12-20T05:00:00+00:00,2022-09-28T04:00:00+00:00,149.910000,92.960000,-0.37989460,194,TRANSITIONAL,TRANSITIONAL,0.500000,0.833333,-1.000000,0.000000
SWKS,LONG,2022-09-29T04:00:00+00:00,2023-02-08T05:00:00+00:00,89.260000,119.710000,0.34113825,90,TRANSITIONAL,TRANSITIONAL,0.666667,0.500000,1.000000,-1.000000
SWKS,SHORT,2023-02-09T05:00:00+00:00,2024-04-16T04:00:00+00:00,120.870000,99.010000,-0.18085546,296,TRANSITIONAL,TRANSITIONAL,0.500000,0.625000,-1.000000,1.000000
SWKS,LONG,2024-04-17T04:00:00+00:00,2024-06-20T04:00:00+00:00,98.470000,105.800000,0.07443892,44,TRANSITIONAL,TRANSITIONAL,0.625000,0.700000,1.000000,0.000000
SWKS,SHORT,2024-06-21T04:00:00+00:00,2025-02-06T05:00:00+00:00,106.380000,65.600000,-0.38334273,157,TRANSITIONAL,TRANSITIONAL,0.500000,0.285714,-1.000000,-1.000000
SWKS,SHORT,2025-04-11T04:00:00+00:00,2025-12-12T05:00:00+00:00,56.540000,66.970000,0.18447117,169,STABLE,STABLE,0.300000,0.300000,-1.000000,-1.000000
SYF,LONG,2022-05-18T04:00:00+00:00,2024-01-04T05:00:00+00:00,33.080000,37.440000,0.13180169,409,TRANSITIONAL,TRANSITIONAL,0.750000,0.500000,1.000000,-1.000000
SYF,SHORT,2024-01-05T05:00:00+00:00,2024-11-07T05:00:00+00:00,38.820000,64.640000,0.66512107,212,TRANSITIONAL,TRANSITIONAL,0.500000,0.500000,-1.000000,1.000000
SYF,LONG,2024-11-08T05:00:00+00:00,2025-04-04T04:00:00+00:00,63.790000,43.810000,-0.31321524,99,TRANSITIONAL,TRANSITIONAL,0.500000,0.250000,1.000000,-1.000000
T,SHORT,2022-04-11T04:00:00+00:00,2023-04-21T04:00:00+00:00,19.630000,18.220000,-0.07182883,258,TRANSITIONAL,TRANSITIONAL,0.500000,0.375000,-1.000000,1.000000
T,LONG,2023-04-24T04:00:00+00:00,2023-10-05T04:00:00+00:00,17.530000,14.830000,-0.15402168,114,TRANSITIONAL,TRANSITIONAL,0.375000,0.625000,1.000000,0.000000
T,SHORT,2023-10-06T04:00:00+00:00,2024-03-22T04:00:00+00:00,14.450000,16.980000,0.17508651,115,TRANSITIONAL,TRANSITIONAL,0.500000,0.625000,-1.000000,0.000000
T,LONG,2024-03-25T04:00:00+00:00,2025-12-12T05:00:00+00:00,17.120000,24.580000,0.43574766,432,TRANSITIONAL,TRANSITIONAL,0.375000,0.375000,1.000000,1.000000
TAP,LONG,2022-08-03T04:00:00+00:00,2025-11-05T05:00:00+00:00,54.190000,45.180000,-0.16626684,818,TRANSITIONAL,TRANSITIONAL,0.750000,0.500000,1.000000,-1.000000
TAP,SHORT,2025-11-06T05:00:00+00:00,2025-12-12T05:00:00+00:00,44.090000,47.600000,0.07960989,25,TRANSITIONAL,TRANSITIONAL,0.500000,0.500000,-1.000000,-1.000000
TDG,LONG,2021-11-29T05:00:00+00:00,2023-10-20T04:00:00+00:00,584.220000,822.760000,0.40830509,476,TRANSITIONAL,TRANSITIONAL,0.750000,0.500000,1.000000,-1.000000
TDG,SHORT,2023-10-23T04:00:00+00:00,2023-10-27T04:00:00+00:00,826.500000,819.050000,-0.00901391,4,TRANSITIONAL,TRANSITIONAL,0.500000,0.666667,-1.000000,1.000000
TDG,LONG,2023-10-30T04:00:00+00:00,2025-04-07T04:00:00+00:00,819.670000,1249.550000,0.52445496,359,TRANSITIONAL,TRANSITIONAL,0.666667,0.500000,1.000000,-1.000000
TDG,SHORT,2025-04-08T04:00:00+00:00,2025-08-06T04:00:00+00:00,1231.750000,1401.220000,0.13758474,82,TRANSITIONAL,TRANSITIONAL,0.500000,0.400000,-1.000000,1.000000
TDG,LONG,2025-08-07T04:00:00+00:00,2025-10-31T04:00:00+00:00,1429.150000,1308.510000,-0.08441381,60,TRANSITIONAL,TRANSITIONAL,0.400000,0.600000,1.000000,0.000000
TDG,SHORT,2025-11-03T05:00:00+00:00,2025-12-12T05:00:00+00:00,1300.000000,1294.650000,-0.00411538,28,TRANSITIONAL,TRANSITIONAL,0.500000,0.500000,-1.000000,-1.000000
TDY,LONG,2024-04-25T04:00:00+00:00,2025-12-12T05:00:00+00:00,376.980000,518.220000,0.37466179,410,TRANSITIONAL,TRANSITIONAL,0.750000,0.750000,1.000000,1.000000
TECH,LONG,2021-02-03T05:00:00+00:00,2024-05-02T04:00:00+00:00,92.102500,75.600000,-0.17917538,816,TRANSITIONAL,TRANSITIONAL,0.750000,0.500000,1.000000,-1.000000
TECH,SHORT,2024-05-03T04:00:00+00:00,2024-08-08T04:00:00+00:00,77.290000,73.370000,-0.05071807,66,TRANSITIONAL,TRANSITIONAL,0.500000,0.375000,-1.000000,1.000000
TECH,LONG,2024-08-09T04:00:00+00:00,2025-01-22T05:00:00+00:00,71.770000,78.710000,0.09669778,112,TRANSITIONAL,TRANSITIONAL,0.375000,0.625000,1.000000,0.000000
TECH,SHORT,2025-01-24T05:00:00+00:00,2025-04-09T04:00:00+00:00,77.050000,54.070000,-0.29824789,52,TRANSITIONAL,TRANSITIONAL,0.500000,0.400000,-1.000000,1.000000
TECH,SHORT,2025-04-10T04:00:00+00:00,2025-12-12T05:00:00+00:00,49.260000,58.510000,0.18777913,170,TRANSITIONAL,TRANSITIONAL,0.333333,0.333333,-1.000000,-1.000000
TEL,LONG,2025-04-10T04:00:00+00:00,2025-09-08T04:00:00+00:00,127.350000,207.870000,0.63227326,102,TRANSITIONAL,TRANSITIONAL,0.750000,0.833333,1.000000,0.000000
TEL,SHORT,2025-09-10T04:00:00+00:00,2025-12-12T05:00:00+00:00,210.350000,230.160000,0.09417637,66,TRANSITIONAL,TRANSITIONAL,0.500000,0.500000,-1.000000,-1.000000
TER,LONG,2021-03-09T05:00:00+00:00,2021-03-10T05:00:00+00:00,113.340000,108.910000,-0.03908594,1,TRANSITIONAL,TRANSITIONAL,0.750000,0.500000,1.000000,-1.000000
TER,SHORT,2021-03-11T05:00:00+00:00,2021-10-01T04:00:00+00:00,113.860000,109.470000,-0.03855612,142,TRANSITIONAL,TRANSITIONAL,0.500000,0.833333,-1.000000,0.000000
TER,LONG,2021-10-04T04:00:00+00:00,2021-10-28T04:00:00+00:00,107.270000,137.010000,0.27724434,18,TRANSITIONAL,TRANSITIONAL,0.666667,0.500000,1.000000,-1.000000
TER,SHORT,2021-10-29T04:00:00+00:00,2022-08-10T04:00:00+00:00,138.240000,99.120000,-0.28298611,195,TRANSITIONAL,STABLE,0.500000,0.285714,-1.000000,1.000000
TER,SHORT,2022-08-17T04:00:00+00:00,2023-01-31T05:00:00+00:00,100.460000,101.700000,0.01234322,114,STABLE,STABLE,0.357143,0.285714,-1.000000,1.000000
TER,LONG,2024-02-15T05:00:00+00:00,2024-02-22T05:00:00+00:00,102.560000,102.480000,-0.00078003,4,STABLE,STABLE,0.428571,0.285714,1.000000,1.000000
TER,SHORT,2024-09-23T04:00:00+00:00,2024-10-25T04:00:00+00:00,129.690000,111.750000,-0.13832986,24,STABLE,STABLE,0.300000,0.272727,-1.000000,1.000000
TER,SHORT,2024-11-29T05:00:00+00:00,2025-03-12T04:00:00+00:00,110.000000,86.740000,-0.21145455,68,STABLE,TRANSITIONAL,0.318182,0.291667,-1.000000,1.000000
TER,LONG,2025-04-07T04:00:00+00:00,2025-04-09T04:00:00+00:00,72.870000,79.440000,0.09016056,2,STABLE,TRANSITIONAL,0.307692,0.285714,1.000000,-1.000000
TER,SHORT,2025-04-10T04:00:00+00:00,2025-07-31T04:00:00+00:00,72.290000,107.430000,0.48609766,76,TRANSITIONAL,TRANSITIONAL,0.300000,0.294118,-1.000000,1.000000
TER,SHORT,2025-09-17T04:00:00+00:00,2025-09-23T04:00:00+00:00,114.320000,134.680000,0.17809657,4,TRANSITIONAL,STABLE,0.323529,0.305556,-1.000000,1.000000
TER,LONG,2025-09-24T04:00:00+00:00,2025-10-30T04:00:00+00:00,133.210000,176.880000,0.32782824,26,STABLE,TRANSITIONAL,0.305556,0.261905,1.000000,-1.000000
TER,SHORT,2025-10-31T04:00:00+00:00,2025-12-12T05:00:00+00:00,181.760000,193.370000,0.06387544,29,TRANSITIONAL,TRANSITIONAL,0.333333,0.333333,-1.000000,-1.000000
TFC,LONG,2023-03-14T04:00:00+00:00,2023-05-02T04:00:00+00:00,31.880000,29.120000,-0.08657465,34,TRANSITIONAL,STABLE,0.750000,0.833333,1.000000,0.000000
TFC,SHORT,2023-05-03T04:00:00+00:00,2023-05-05T04:00:00+00:00,28.130000,28.690000,0.01990757,2,STABLE,STABLE,0.666667,0.500000,-1.000000,1.000000
TFC,LONG,2023-05-08T04:00:00+00:00,2023-06-09T04:00:00+00:00,28.750000,32.630000,0.13495652,23,STABLE,STABLE,0.500000,0.625000,1.000000,0.000000
TFC,SHORT,2023-06-12T04:00:00+00:00,2024-11-07T05:00:00+00:00,31.950000,46.200000,0.44600939,355,STABLE,TRANSITIONAL,0.375000,0.700000,-1.000000,1.000000
TFC,LONG,2024-11-08T05:00:00+00:00,2024-11-20T05:00:00+00:00,45.220000,46.180000,0.02122954,8,TRANSITIONAL,TRANSITIONAL,0.700000,0.800000,1.000000,0.000000
TFC,SHORT,2024-11-21T05:00:00+00:00,2025-04-10T04:00:00+00:00,46.810000,35.640000,-0.23862423,94,TRANSITIONAL,STABLE,0.600000,0.333333,-1.000000,1.000000
TFC,LONG,2025-04-11T04:00:00+00:00,2025-09-26T04:00:00+00:00,35.390000,46.020000,0.30036734,115,STABLE,STABLE,0.333333,0.750000,1.000000,0.000000
TFC,SHORT,2025-09-29T04:00:00+00:00,2025-12-12T05:00:00+00:00,45.920000,49.890000,0.08645470,53,STABLE,STABLE,0.666667,0.666667,-1.000000,-1.000000
TGT,SHORT,2022-05-18T04:00:00+00:00,2022-11-16T05:00:00+00:00,161.610000,155.470000,-0.03799270,126,TRANSITIONAL,STABLE,0.500000,0.375000,-1.000000,1.000000
TGT,SHORT,2022-11-17T05:00:00+00:00,2023-11-16T05:00:00+00:00,162.010000,129.940000,-0.19795074,250,STABLE,TRANSITIONAL,0.400000,0.250000,-1.000000,1.000000
TGT,SHORT,2023-11-20T05:00:00+00:00,2024-08-22T04:00:00+00:00,129.650000,156.820000,0.20956421,189,TRANSITIONAL,STABLE,0.333333,0.285714,-1.000000,1.000000
TGT,SHORT,2024-11-20T05:00:00+00:00,2025-03-12T04:00:00+00:00,121.720000,107.280000,-0.11863293,74,TRANSITIONAL,TRANSITIONAL,0.333333,0.277778,-1.000000,-1.000000
TGT,LONG,2025-04-04T04:00:00+00:00,2025-04-10T04:00:00+00:00,95.720000,92.710000,-0.03144588,4,STABLE,STABLE,0.300000,0.291667,1.000000,-1.000000
TGT,SHORT,2025-06-27T04:00:00+00:00,2025-07-07T04:00:00+00:00,99.230000,101.600000,0.02388391,5,STABLE,STABLE,0.375000,0.291667,-1.000000,-1.000000
TKO,LONG,2023-09-25T04:00:00+00:00,2024-01-24T05:00:00+00:00,82.170000,87.910000,0.06985518,83,TRANSITIONAL,TRANSITIONAL,0.750000,0.500000,1.000000,-1.000000
TKO,SHORT,2024-01-25T05:00:00+00:00,2024-05-16T04:00:00+00:00,87.510000,104.700000,0.19643469,78,TRANSITIONAL,TRANSITIONAL,0.500000,0.833333,-1.000000,0.000000
TKO,LONG,2024-05-17T04:00:00+00:00,2025-12-12T05:00:00+00:00,105.350000,208.420000,0.97835785,394,TRANSITIONAL,TRANSITIONAL,0.500000,0.500000,1.000000,1.000000
TMO,LONG,2025-04-10T04:00:00+00:00,2025-12-12T05:00:00+00:00,427.440000,572.280000,0.33885458,170,TRANSITIONAL,TRANSITIONAL,0.750000,0.750000,1.000000,1.000000
TMUS,LONG,2025-04-28T04:00:00+00:00,2025-12-12T05:00:00+00:00,236.770000,195.160000,-0.17574017,159,TRANSITIONAL,TRANSITIONAL,0.750000,0.750000,1.000000,1.000000
TPL,LONG,2021-03-18T04:00:00+00:00,2021-03-19T04:00:00+00:00,513.780000,558.483300,0.08700864,1,TRANSITIONAL,TRANSITIONAL,0.750000,0.500000,1.000000,-1.000000
TPL,SHORT,2021-03-22T04:00:00+00:00,2021-05-07T04:00:00+00:00,527.840000,584.416700,0.10718532,33,TRANSITIONAL,TRANSITIONAL,0.500000,0.416667,-1.000000,1.000000
TPL,LONG,2021-05-10T04:00:00+00:00,2021-05-13T04:00:00+00:00,583.523300,552.413300,-0.05331407,3,TRANSITIONAL,TRANSITIONAL,0.416667,0.500000,1.000000,-1.000000
TPL,SHORT,2021-05-14T04:00:00+00:00,2021-06-17T04:00:00+00:00,562.723300,503.290000,-0.10561727,23,TRANSITIONAL,TRANSITIONAL,0.500000,0.583333,-1.000000,0.000000
TPL,LONG,2021-06-18T04:00:00+00:00,2022-03-01T05:00:00+00:00,505.640000,401.896700,-0.20517226,176,TRANSITIONAL,TRANSITIONAL,0.416667,0.357143,1.000000,-1.000000
TPL,SHORT,2022-03-02T05:00:00+00:00,2022-05-10T04:00:00+00:00,414.250000,438.636700,0.05886952,48,TRANSITIONAL,TRANSITIONAL,0.357143,0.312500,-1.000000,1.000000
TPL,LONG,2022-05-11T04:00:00+00:00,2022-08-18T04:00:00+00:00,425.223300,596.813300,0.40352916,68,TRANSITIONAL,TRANSITIONAL,0.312500,0.388889,1.000000,0.000000
TPL,SHORT,2022-11-02T04:00:00+00:00,2022-11-09T05:00:00+00:00,776.346700,870.550000,0.12134179,5,TRANSITIONAL,TRANSITIONAL,0.300000,0.350000,-1.000000,0.000000
TPR,LONG,2022-03-08T05:00:00+00:00,2022-03-10T05:00:00+00:00,32.430000,35.570000,0.09682393,2,TRANSITIONAL,TRANSITIONAL,0.750000,0.500000,1.000000,-1.000000
TPR,SHORT,2022-03-11T05:00:00+00:00,2022-05-12T04:00:00+00:00,34.350000,30.630000,-0.10829694,43,TRANSITIONAL,TRANSITIONAL,0.500000,0.375000,-1.000000,1.000000
TPR,SHORT,2022-05-13T04:00:00+00:00,2022-11-14T05:00:00+00:00,31.510000,34.250000,0.08695652,127,TRANSITIONAL,TRANSITIONAL,0.300000,0.250000,-1.000000,1.000000
TPR,SHORT,2023-03-09T05:00:00+00:00,2023-04-20T04:00:00+00:00,41.600000,42.290000,0.01658654,29,TRANSITIONAL,TRANSITIONAL,0.333333,0.250000,-1.000000,1.000000
TRGP,LONG,2021-06-07T04:00:00+00:00,2022-05-20T04:00:00+00:00,47.340000,69.440000,0.46683566,242,TRANSITIONAL,TRANSITIONAL,0.750000,0.833333,1.000000,0.000000
TRGP,SHORT,2022-05-23T04:00:00+00:00,2023-04-12T04:00:00+00:00,69.260000,76.120000,0.09904707,222,TRANSITIONAL,TRANSITIONAL,0.500000,0.666667,-1.000000,1.000000
TRGP,LONG,2023-04-13T04:00:00+00:00,2025-04-07T04:00:00+00:00,76.620000,165.280000,1.15713913,497,TRANSITIONAL,TRANSITIONAL,0.666667,0.500000,1.000000,-1.000000
TRGP,SHORT,2025-04-08T04:00:00+00:00,2025-04-10T04:00:00+00:00,160.570000,162.430000,0.01158373,2,TRANSITIONAL,TRANSITIONAL,0.500000,0.400000,-1.000000,1.000000
TRGP,LONG,2025-04-11T04:00:00+00:00,2025-04-16T04:00:00+00:00,163.560000,172.680000,0.05575935,3,TRANSITIONAL,TRANSITIONAL,0.400000,0.600000,1.000000,0.000000
TRGP,SHORT,2025-04-17T04:00:00+00:00,2025-04-21T04:00:00+00:00,174.570000,164.540000,-0.05745546,1,TRANSITIONAL,TRANSITIONAL,0.500000,0.600000,-1.000000,0.000000
TRGP,LONG,2025-04-22T04:00:00+00:00,2025-04-23T04:00:00+00:00,170.900000,172.350000,0.00848449,1,TRANSITIONAL,TRANSITIONAL,0.400000,0.500000,1.000000,-1.000000
TRGP,SHORT,2025-04-24T04:00:00+00:00,2025-12-12T05:00:00+00:00,177.000000,183.190000,0.03497175,161,TRANSITIONAL,TRANSITIONAL,0.500000,0.500000,-1.000000,-1.000000
TRMB,LONG,2022-05-06T04:00:00+00:00,2025-09-23T04:00:00+00:00,64.080000,82.040000,0.28027466,847,TRANSITIONAL,TRANSITIONAL,0.750000,0.500000,1.000000,0.000000
TRMB,SHORT,2025-09-24T04:00:00+00:00,2025-12-12T05:00:00+00:00,79.880000,80.260000,0.00475714,56,TRANSITIONAL,TRANSITIONAL,0.300000,0.300000,-1.000000,-1.000000
TROW,LONG,2022-11-11T05:00:00+00:00,2025-12-12T05:00:00+00:00,133.340000,104.900000,-0.21328934,773,TRANSITIONAL,TRANSITIONAL,0.750000,0.750000,1.000000,1.000000
TSCO,LONG,2022-05-19T04:00:00+00:00,2025-12-12T05:00:00+00:00,36.752000,51.970000,0.41407270,895,TRANSITIONAL,TRANSITIONAL,0.750000,0.750000,1.000000,1.000000
TSLA,LONG,2021-01-11T05:00:00+00:00,2021-01-12T05:00:00+00:00,270.396700,283.146700,0.04715294,1,TRANSITIONAL,TRANSITIONAL,0.750000,0.500000,1.000000,-1.000000
TSLA,SHORT,2021-01-13T05:00:00+00:00,2021-03-09T05:00:00+00:00,284.803300,224.526700,-0.21164291,37,TRANSITIONAL,TRANSITIONAL,0.500000,0.400000,-1.000000,1.000000
TSLA,SHORT,2021-03-10T05:00:00+00:00,2021-04-14T04:00:00+00:00,222.686700,244.076700,0.09605423,24,TRANSITIONAL,STABLE,0.333333,0.285714,-1.000000,1.000000
TSLA,SHORT,2021-04-15T04:00:00+00:00,2021-05-13T04:00:00+00:00,246.283300,190.563300,-0.22624352,20,STABLE,STABLE,0.357143,0.285714,-1.000000,1.000000
TSN,LONG,2022-02-08T05:00:00+00:00,2024-05-10T04:00:00+00:00,98.710000,59.650000,-0.39570459,566,TRANSITIONAL,TRANSITIONAL,0.750000,0.833333,1.000000,0.000000
TSN,SHORT,2024-05-13T04:00:00+00:00,2024-08-07T04:00:00+00:00,59.650000,61.140000,0.02497904,59,TRANSITIONAL,TRANSITIONAL,0.500000,0.500000,-1.000000,1.000000
TSN,LONG,2024-08-08T04:00:00+00:00,2025-12-12T05:00:00+00:00,61.880000,59.910000,-0.03183581,338,TRANSITIONAL,TRANSITIONAL,0.500000,0.500000,1.000000,1.000000
TT,LONG,2023-11-02T04:00:00+00:00,2025-12-12T05:00:00+00:00,213.110000,391.190000,0.83562479,529,TRANSITIONAL,TRANSITIONAL,0.750000,0.750000,1.000000,1.000000
TTD,LONG,2020-12-29T05:00:00+00:00,2021-03-19T04:00:00+00:00,82.029000,73.321000,-0.10615758,55,TRANSITIONAL,TRANSITIONAL,0.750000,0.500000,1.000000,-1.000000
TTD,SHORT,2021-03-22T04:00:00+00:00,2021-03-30T04:00:00+00:00,74.085000,62.588000,-0.15518661,6,TRANSITIONAL,TRANSITIONAL,0.500000,0.375000,-1.000000,1.000000
TTD,LONG,2021-03-31T04:00:00+00:00,2021-04-06T04:00:00+00:00,65.166000,66.963000,0.02757573,3,TRANSITIONAL,TRANSITIONAL,0.375000,0.625000,1.000000,0.000000
TTD,SHORT,2021-04-07T04:00:00+00:00,2021-06-25T04:00:00+00:00,67.787000,76.020000,0.12145397,56,TRANSITIONAL,STABLE,0.500000,0.285714,-1.000000,1.000000
TTD,SHORT,2021-07-14T04:00:00+00:00,2021-08-04T04:00:00+00:00,73.630000,86.440000,0.17397800,15,STABLE,STABLE,0.357143,0.285714,-1.000000,1.000000
TTD,LONG,2021-08-11T04:00:00+00:00,2021-08-30T04:00:00+00:00,82.400000,80.710000,-0.02050971,13,STABLE,STABLE,0.312500,0.250000,1.000000,-1.000000
TTD,LONG,2021-09-22T04:00:00+00:00,2021-10-25T04:00:00+00:00,75.580000,76.110000,0.00701244,23,STABLE,STABLE,0.312500,0.277778,1.000000,-1.000000
TTWO,LONG,2022-01-11T05:00:00+00:00,2022-09-29T04:00:00+00:00,148.420000,108.580000,-0.26842744,180,TRANSITIONAL,TRANSITIONAL,0.750000,0.500000,1.000000,-1.000000
TTWO,SHORT,2022-09-30T04:00:00+00:00,2022-11-09T05:00:00+00:00,109.000000,94.090000,-0.13678899,28,TRANSITIONAL,TRANSITIONAL,0.500000,0.375000,-1.000000,1.000000
TTWO,LONG,2022-11-10T05:00:00+00:00,2023-04-21T04:00:00+00:00,98.570000,124.990000,0.26803287,110,TRANSITIONAL,TRANSITIONAL,0.375000,0.625000,1.000000,0.000000
TTWO,SHORT,2023-04-24T04:00:00+00:00,2023-05-19T04:00:00+00:00,127.790000,137.430000,0.07543626,19,TRANSITIONAL,TRANSITIONAL,0.500000,0.400000,-1.000000,1.000000
TTWO,LONG,2023-05-22T04:00:00+00:00,2023-12-01T05:00:00+00:00,137.250000,157.840000,0.15001821,134,TRANSITIONAL,TRANSITIONAL,0.400000,0.600000,1.000000,0.000000
TTWO,SHORT,2023-12-04T05:00:00+00:00,2024-02-02T05:00:00+00:00,157.560000,167.000000,0.05991368,41,TRANSITIONAL,TRANSITIONAL,0.500000,0.600000,-1.000000,0.000000
TTWO,LONG,2024-02-05T05:00:00+00:00,2025-02-10T05:00:00+00:00,164.010000,212.510000,0.29571368,254,TRANSITIONAL,TRANSITIONAL,0.400000,0.333333,1.000000,-1.000000
TTWO,SHORT,2025-02-11T05:00:00+00:00,2025-12-12T05:00:00+00:00,209.940000,241.470000,0.15018577,211,TRANSITIONAL,TRANSITIONAL,0.333333,0.333333,-1.000000,-1.000000
TXN,LONG,2025-04-09T04:00:00+00:00,2025-04-10T04:00:00+00:00,169.500000,156.600000,-0.07610619,1,TRANSITIONAL,TRANSITIONAL,0.750000,0.500000,1.000000,-1.000000
TXN,SHORT,2025-04-11T04:00:00+00:00,2025-07-24T04:00:00+00:00,147.600000,185.690000,0.25806233,70,TRANSITIONAL,TRANSITIONAL,0.500000,0.375000,-1.000000,1.000000
TXN,LONG,2025-07-25T04:00:00+00:00,2025-11-03T05:00:00+00:00,184.990000,161.460000,-0.12719606,70,TRANSITIONAL,TRANSITIONAL,0.375000,0.625000,1.000000,0.000000
TXN,SHORT,2025-11-06T05:00:00+00:00,2025-12-12T05:00:00+00:00,161.380000,179.420000,0.11178585,25,TRANSITIONAL,TRANSITIONAL,0.500000,0.500000,-1.000000,-1.000000
TXT,LONG,2023-07-28T04:00:00+00:00,2025-02-05T05:00:00+00:00,76.380000,74.550000,-0.02395915,382,TRANSITIONAL,TRANSITIONAL,0.750000,0.833333,1.000000,0.000000
TXT,SHORT,2025-02-06T05:00:00+00:00,2025-04-07T04:00:00+00:00,75.260000,61.090000,-0.18828063,41,TRANSITIONAL,TRANSITIONAL,0.500000,0.375000,-1.000000,1.000000
TXT,LONG,2025-04-08T04:00:00+00:00,2025-04-14T04:00:00+00:00,60.930000,65.990000,0.08304612,4,TRANSITIONAL,TRANSITIONAL,0.375000,0.500000,1.000000,-1.000000
TXT,SHORT,2025-04-15T04:00:00+00:00,2025-12-12T05:00:00+00:00,65.420000,87.170000,0.33246714,167,TRANSITIONAL,TRANSITIONAL,0.500000,0.500000,-1.000000,-1.000000
TYL,LONG,2021-03-05T05:00:00+00:00,2025-12-12T05:00:00+00:00,401.060000,455.640000,0.13608936,1200,TRANSITIONAL,TRANSITIONAL,0.750000,0.750000,1.000000,1.000000
UAL,LONG,2021-02-25T05:00:00+00:00,2021-06-11T04:00:00+00:00,51.780000,56.520000,0.09154114,74,TRANSITIONAL,TRANSITIONAL,0.750000,0.500000,1.000000,-1.000000
UAL,SHORT,2021-06-14T04:00:00+00:00,2021-07-12T04:00:00+00:00,55.740000,50.620000,-0.09185504,19,TRANSITIONAL,TRANSITIONAL,0.500000,0.666667,-1.000000,1.000000
UAL,LONG,2021-07-13T04:00:00+00:00,2021-11-29T05:00:00+00:00,48.500000,42.540000,-0.12288660,97,TRANSITIONAL,TRANSITIONAL,0.666667,0.500000,1.000000,-1.000000
UAL,SHORT,2021-11-30T05:00:00+00:00,2021-12-02T05:00:00+00:00,42.260000,41.640000,-0.01467108,2,TRANSITIONAL,TRANSITIONAL,0.500000,0.400000,-1.000000,1.000000
UAL,LONG,2021-12-03T05:00:00+00:00,2021-12-13T05:00:00+00:00,40.610000,41.740000,0.02782566,6,TRANSITIONAL,TRANSITIONAL,0.400000,0.600000,1.000000,0.000000
UAL,SHORT,2021-12-14T05:00:00+00:00,2022-03-08T05:00:00+00:00,41.380000,32.235000,-0.22100048,57,TRANSITIONAL,TRANSITIONAL,0.500000,0.416667,-1.000000,1.000000
UAL,LONG,2022-03-09T05:00:00+00:00,2022-05-04T04:00:00+00:00,34.900000,51.900000,0.48710602,39,TRANSITIONAL,TRANSITIONAL,0.416667,0.583333,1.000000,0.000000
UAL,SHORT,2022-05-05T04:00:00+00:00,2022-05-10T04:00:00+00:00,48.900000,44.120000,-0.09775051,3,TRANSITIONAL,TRANSITIONAL,0.500000,0.428571,-1.000000,1.000000
UAL,LONG,2022-05-11T04:00:00+00:00,2022-05-27T04:00:00+00:00,43.180000,48.410000,0.12112089,12,TRANSITIONAL,STABLE,0.428571,0.500000,1.000000,0.000000
UAL,SHORT,2022-05-31T04:00:00+00:00,2022-06-14T04:00:00+00:00,47.630000,36.990000,-0.22338862,10,STABLE,TRANSITIONAL,0.375000,0.333333,-1.000000,1.000000
UAL,LONG,2022-06-15T04:00:00+00:00,2022-06-22T04:00:00+00:00,37.890000,36.720000,-0.03087886,4,TRANSITIONAL,TRANSITIONAL,0.333333,0.300000,1.000000,-1.000000
UAL,SHORT,2022-06-23T04:00:00+00:00,2022-11-04T04:00:00+00:00,35.810000,42.620000,0.19017034,94,TRANSITIONAL,TRANSITIONAL,0.300000,0.350000,-1.000000,1.000000
UAL,LONG,2022-11-07T05:00:00+00:00,2024-01-16T05:00:00+00:00,42.780000,38.930000,-0.08999532,297,TRANSITIONAL,TRANSITIONAL,0.350000,0.318182,1.000000,-1.000000
UAL,SHORT,2024-01-17T05:00:00+00:00,2024-04-18T04:00:00+00:00,37.880000,51.420000,0.35744456,64,TRANSITIONAL,TRANSITIONAL,0.318182,0.291667,-1.000000,1.000000
UAL,LONG,2024-05-31T04:00:00+00:00,2024-06-11T04:00:00+00:00,52.990000,52.050000,-0.01773920,7,TRANSITIONAL,TRANSITIONAL,0.375000,0.291667,1.000000,1.000000
UAL,SHORT,2024-06-17T04:00:00+00:00,2024-10-02T04:00:00+00:00,50.360000,55.740000,0.10683082,74,TRANSITIONAL,TRANSITIONAL,0.333333,0.375000,-1.000000,0.000000
UAL,LONG,2024-10-17T04:00:00+00:00,2024-12-03T05:00:00+00:00,73.330000,95.790000,0.30628665,32,TRANSITIONAL,TRANSITIONAL,0.307692,0.357143,1.000000,0.000000
UAL,SHORT,2024-12-27T05:00:00+00:00,2025-01-10T05:00:00+00:00,99.650000,107.110000,0.07486202,8,TRANSITIONAL,TRANSITIONAL,0.357143,0.285714,-1.000000,-1.000000
UAL,SHORT,2025-05-22T04:00:00+00:00,2025-06-09T04:00:00+00:00,76.000000,83.470000,0.09828947,11,TRANSITIONAL,TRANSITIONAL,0.315789,0.289474,-1.000000,-1.000000
UAL,SHORT,2025-06-13T04:00:00+00:00,2025-07-01T04:00:00+00:00,74.000000,80.050000,0.08175676,11,TRANSITIONAL,TRANSITIONAL,0.315789,0.236842,-1.000000,-1.000000
UAL,LONG,2025-08-15T04:00:00+00:00,2025-09-03T04:00:00+00:00,100.930000,106.160000,0.05181809,12,TRANSITIONAL,TRANSITIONAL,0.300000,0.275000,1.000000,1.000000
UAL,LONG,2025-09-10T04:00:00+00:00,2025-09-17T04:00:00+00:00,107.510000,105.510000,-0.01860292,5,TRANSITIONAL,TRANSITIONAL,0.300000,0.350000,1.000000,0.000000
UAL,SHORT,2025-09-18T04:00:00+00:00,2025-09-25T04:00:00+00:00,105.380000,99.150000,-0.05911938,5,TRANSITIONAL,TRANSITIONAL,0.325000,0.250000,-1.000000,-1.000000
UBER,LONG,2021-01-28T05:00:00+00:00,2021-09-22T04:00:00+00:00,51.580000,44.870000,-0.13008918,164,TRANSITIONAL,TRANSITIONAL,0.750000,0.500000,1.000000,-1.000000
UBER,SHORT,2021-09-23T04:00:00+00:00,2021-12-06T05:00:00+00:00,45.480000,38.490000,-0.15369393,51,TRANSITIONAL,TRANSITIONAL,0.500000,0.375000,-1.000000,1.000000
UBER,LONG,2021-12-07T05:00:00+00:00,2022-04-04T04:00:00+00:00,38.080000,36.510000,-0.04122899,81,TRANSITIONAL,TRANSITIONAL,0.375000,0.300000,1.000000,-1.000000
UBER,SHORT,2022-04-05T04:00:00+00:00,2022-05-10T04:00:00+00:00,34.960000,23.670000,-0.32294050,24,TRANSITIONAL,TRANSITIONAL,0.300000,0.250000,-1.000000,1.000000
UBER,LONG,2022-05-19T04:00:00+00:00,2022-05-25T04:00:00+00:00,23.240000,22.040000,-0.05163511,4,TRANSITIONAL,TRANSITIONAL,0.428571,0.375000,1.000000,-1.000000
UBER,SHORT,2022-05-26T04:00:00+00:00,2022-06-17T04:00:00+00:00,23.100000,21.810000,-0.05584416,15,TRANSITIONAL,TRANSITIONAL,0.375000,0.333333,-1.000000,1.000000
UBER,LONG,2022-06-21T04:00:00+00:00,2022-07-18T04:00:00+00:00,21.760000,22.580000,0.03768382,18,TRANSITIONAL,TRANSITIONAL,0.333333,0.444444,1.000000,0.000000
UBER,SHORT,2022-07-19T04:00:00+00:00,2022-08-03T04:00:00+00:00,22.670000,30.190000,0.33171592,11,TRANSITIONAL,TRANSITIONAL,0.388889,0.350000,-1.000000,1.000000
UBER,LONG,2022-08-04T04:00:00+00:00,2022-08-22T04:00:00+00:00,31.850000,28.000000,-0.12087912,12,TRANSITIONAL,TRANSITIONAL,0.350000,0.400000,1.000000,-1.000000
UBER,SHORT,2022-08-23T04:00:00+00:00,2022-10-12T04:00:00+00:00,27.810000,25.980000,-0.06580367,35,TRANSITIONAL,TRANSITIONAL,0.400000,0.363636,-1.000000,1.000000
UBER,LONG,2022-10-13T04:00:00+00:00,2022-12-05T05:00:00+00:00,25.000000,27.700000,0.10800000,36,TRANSITIONAL,STABLE,0.363636,0.346154,1.000000,-1.000000
UBER,SHORT,2022-12-06T05:00:00+00:00,2023-03-03T05:00:00+00:00,26.920000,34.570000,0.28417533,59,STABLE,STABLE,0.346154,0.423077,-1.000000,0.000000
UBER,LONG,2023-03-06T05:00:00+00:00,2024-02-15T05:00:00+00:00,33.880000,81.390000,1.40230224,239,STABLE,TRANSITIONAL,0.384615,0.285714,1.000000,-1.000000
UBER,SHORT,2024-08-30T04:00:00+00:00,2024-10-14T04:00:00+00:00,73.130000,84.940000,0.16149323,30,TRANSITIONAL,TRANSITIONAL,0.300000,0.281250,-1.000000,1.000000
UHS,LONG,2022-04-25T04:00:00+00:00,2023-05-08T04:00:00+00:00,138.760000,143.190000,0.03192563,260,TRANSITIONAL,TRANSITIONAL,0.750000,0.833333,1.000000,0.000000
UHS,SHORT,2023-05-09T04:00:00+00:00,2024-10-28T04:00:00+00:00,143.140000,204.550000,0.42902054,370,TRANSITIONAL,TRANSITIONAL,0.666667,0.625000,-1.000000,1.000000
UHS,LONG,2024-10-29T04:00:00+00:00,2024-10-30T04:00:00+00:00,205.920000,207.500000,0.00767288,1,TRANSITIONAL,TRANSITIONAL,0.625000,0.500000,1.000000,-1.000000
UHS,SHORT,2024-10-31T04:00:00+00:00,2025-04-22T04:00:00+00:00,204.310000,161.300000,-0.21051344,116,TRANSITIONAL,TRANSITIONAL,0.500000,0.400000,-1.000000,1.000000
UHS,LONG,2025-04-23T04:00:00+00:00,2025-10-03T04:00:00+00:00,166.790000,207.240000,0.24252053,113,TRANSITIONAL,TRANSITIONAL,0.400000,0.600000,1.000000,0.000000
UHS,SHORT,2025-10-06T04:00:00+00:00,2025-12-12T05:00:00+00:00,206.840000,222.600000,0.07619416,48,TRANSITIONAL,TRANSITIONAL,0.500000,0.500000,-1.000000,-1.000000
ULTA,LONG,2021-10-20T04:00:00+00:00,2022-06-07T04:00:00+00:00,358.150000,421.020000,0.17554097,158,TRANSITIONAL,TRANSITIONAL,0.750000,0.500000,1.000000,-1.000000
ULTA,SHORT,2022-06-08T04:00:00+00:00,2023-05-30T04:00:00+00:00,425.390000,406.730000,-0.04386563,244,TRANSITIONAL,TRANSITIONAL,0.500000,0.600000,-1.000000,1.000000
ULTA,SHORT,2023-05-31T04:00:00+00:00,2024-04-04T04:00:00+00:00,409.830000,448.640000,0.09469780,212,TRANSITIONAL,TRANSITIONAL,0.500000,0.416667,-1.000000,1.000000
ULTA,LONG,2024-04-05T04:00:00+00:00,2024-08-07T04:00:00+00:00,444.750000,321.310000,-0.27754918,85,TRANSITIONAL,TRANSITIONAL,0.416667,0.500000,1.000000,-1.000000
ULTA,SHORT,2024-08-08T04:00:00+00:00,2025-02-13T05:00:00+00:00,327.110000,360.440000,0.10189233,129,TRANSITIONAL,TRANSITIONAL,0.500000,0.416667,-1.000000,1.000000
ULTA,LONG,2025-02-14T05:00:00+00:00,2025-03-17T04:00:00+00:00,365.140000,356.990000,-0.02232021,20,TRANSITIONAL,TRANSITIONAL,0.416667,0.375000,1.000000,-1.000000
ULTA,SHORT,2025-03-18T04:00:00+00:00,2025-04-10T04:00:00+00:00,343.830000,354.950000,0.03234156,17,TRANSITIONAL,TRANSITIONAL,0.375000,0.333333,-1.000000,1.000000
ULTA,LONG,2025-04-11T04:00:00+00:00,2025-05-08T04:00:00+00:00,361.460000,388.240000,0.07408842,18,TRANSITIONAL,TRANSITIONAL,0.333333,0.388889,1.000000,-1.000000
ULTA,SHORT,2025-05-09T04:00:00+00:00,2025-06-02T04:00:00+00:00,392.170000,475.675000,0.21293062,15,TRANSITIONAL,TRANSITIONAL,0.388889,0.350000,-1.000000,1.000000
ULTA,LONG,2025-06-03T04:00:00+00:00,2025-07-15T04:00:00+00:00,473.110000,473.780000,0.00141616,28,TRANSITIONAL,TRANSITIONAL,0.350000,0.450000,1.000000,0.000000
ULTA,SHORT,2025-07-16T04:00:00+00:00,2025-09-02T04:00:00+00:00,485.080000,532.520000,0.09779830,33,TRANSITIONAL,STABLE,0.400000,0.363636,-1.000000,1.000000
ULTA,LONG,2025-09-03T04:00:00+00:00,2025-12-05T05:00:00+00:00,531.070000,601.500000,0.13261905,66,STABLE,TRANSITIONAL,0.363636,0.409091,1.000000,-1.000000
ULTA,LONG,2025-12-08T05:00:00+00:00,2025-12-12T05:00:00+00:00,589.300000,601.590000,0.02085525,4,TRANSITIONAL,TRANSITIONAL,0.375000,0.375000,1.000000,1.000000
UNH,SHORT,2025-04-17T04:00:00+00:00,2025-05-16T04:00:00+00:00,454.110000,291.910000,-0.35718218,20,TRANSITIONAL,STABLE,0.500000,0.333333,-1.000000,1.000000
UNH,LONG,2025-05-19T04:00:00+00:00,2025-05-20T04:00:00+00:00,315.890000,321.580000,0.01801260,1,STABLE,STABLE,0.333333,0.416667,1.000000,-1.000000
UNH,SHORT,2025-05-21T04:00:00+00:00,2025-08-18T04:00:00+00:00,302.980000,308.490000,0.01818602,60,STABLE,STABLE,0.416667,0.357143,-1.000000,1.000000
UNH,LONG,2025-08-19T04:00:00+00:00,2025-10-21T04:00:00+00:00,304.240000,365.370000,0.20092690,44,STABLE,STABLE,0.357143,0.500000,1.000000,0.000000
UNH,SHORT,2025-10-23T04:00:00+00:00,2025-12-12T05:00:00+00:00,360.450000,341.840000,-0.05162991,35,STABLE,STABLE,0.428571,0.428571,-1.000000,-1.000000
UNP,LONG,2023-02-28T05:00:00+00:00,2023-12-07T05:00:00+00:00,207.280000,231.490000,0.11679853,196,TRANSITIONAL,TRANSITIONAL,0.750000,0.833333,1.000000,0.000000
UNP,SHORT,2023-12-08T05:00:00+00:00,2025-12-12T05:00:00+00:00,229.770000,239.950000,0.04430517,504,TRANSITIONAL,TRANSITIONAL,0.500000,0.500000,-1.000000,-1.000000
UPS,LONG,2022-02-02T05:00:00+00:00,2024-07-26T04:00:00+00:00,232.110000,128.830000,-0.44496144,622,TRANSITIONAL,TRANSITIONAL,0.750000,0.500000,1.000000,-1.000000
UPS,SHORT,2024-07-29T04:00:00+00:00,2025-01-31T05:00:00+00:00,128.610000,114.230000,-0.11181090,128,TRANSITIONAL,TRANSITIONAL,0.500000,0.375000,-1.000000,1.000000
UPS,LONG,2025-02-03T05:00:00+00:00,2025-07-24T04:00:00+00:00,111.290000,102.530000,-0.07871327,118,TRANSITIONAL,TRANSITIONAL,0.375000,0.625000,1.000000,0.000000
UPS,SHORT,2025-07-25T04:00:00+00:00,2025-12-12T05:00:00+00:00,103.560000,100.920000,-0.02549247,98,TRANSITIONAL,TRANSITIONAL,0.500000,0.500000,-1.000000,-1.000000
URI,LONG,2024-01-26T05:00:00+00:00,2025-05-01T04:00:00+00:00,630.750000,640.600000,0.01561633,316,TRANSITIONAL,TRANSITIONAL,0.750000,0.500000,1.000000,-1.000000
URI,SHORT,2025-05-02T04:00:00+00:00,2025-12-12T05:00:00+00:00,665.400000,818.310000,0.22980162,155,TRANSITIONAL,TRANSITIONAL,0.500000,0.500000,-1.000000,-1.000000
USB,LONG,2023-03-14T04:00:00+00:00,2023-03-24T04:00:00+00:00,37.510000,34.900000,-0.06958144,8,TRANSITIONAL,TRANSITIONAL,0.750000,0.500000,1.000000,-1.000000
USB,SHORT,2023-03-27T04:00:00+00:00,2025-12-12T05:00:00+00:00,34.870000,53.420000,0.53197591,682,TRANSITIONAL,TRANSITIONAL,0.500000,0.500000,-1.000000,-1.000000
V,LONG,2022-01-31T05:00:00+00:00,2025-12-12T05:00:00+00:00,226.170000,347.830000,0.53791396,971,TRANSITIONAL,TRANSITIONAL,0.750000,0.750000,1.000000,1.000000
VLO,LONG,2022-05-10T04:00:00+00:00,2024-02-28T05:00:00+00:00,120.970000,139.210000,0.15078119,452,TRANSITIONAL,TRANSITIONAL,0.750000,0.500000,1.000000,-1.000000
VLO,SHORT,2024-02-29T05:00:00+00:00,2025-02-28T05:00:00+00:00,141.460000,130.730000,-0.07585183,250,TRANSITIONAL,TRANSITIONAL,0.500000,0.833333,-1.000000,0.000000
VLO,LONG,2025-03-04T05:00:00+00:00,2025-04-03T04:00:00+00:00,127.610000,114.290000,-0.10438053,22,TRANSITIONAL,TRANSITIONAL,0.666667,0.500000,1.000000,-1.000000
VLO,LONG,2025-04-04T04:00:00+00:00,2025-04-28T04:00:00+00:00,104.690000,114.750000,0.09609323,15,TRANSITIONAL,TRANSITIONAL,0.625000,0.400000,1.000000,-1.000000
VLO,SHORT,2025-04-29T04:00:00+00:00,2025-12-12T05:00:00+00:00,115.520000,168.300000,0.45689058,158,TRANSITIONAL,TRANSITIONAL,0.400000,0.400000,-1.000000,-1.000000
VLTO,LONG,2023-10-13T04:00:00+00:00,2025-12-12T05:00:00+00:00,71.850000,98.710000,0.37383438,543,TRANSITIONAL,TRANSITIONAL,0.750000,0.750000,1.000000,1.000000
VRSK,LONG,2025-10-30T04:00:00+00:00,2025-12-12T05:00:00+00:00,217.600000,217.140000,-0.00211397,30,TRANSITIONAL,TRANSITIONAL,0.750000,0.750000,1.000000,1.000000
VRSN,LONG,2022-04-29T04:00:00+00:00,2022-05-02T04:00:00+00:00,178.690000,175.000000,-0.02065029,1,TRANSITIONAL,TRANSITIONAL,0.750000,0.666667,1.000000,-1.000000
VRSN,SHORT,2022-05-03T04:00:00+00:00,2025-12-12T05:00:00+00:00,183.140000,242.000000,0.32139347,907,TRANSITIONAL,TRANSITIONAL,0.666667,0.666667,-1.000000,-1.000000
VRTX,LONG,2021-06-14T04:00:00+00:00,2022-10-28T04:00:00+00:00,194.800000,313.890000,0.61134497,348,TRANSITIONAL,TRANSITIONAL,0.750000,0.500000,1.000000,-1.000000
VRTX,SHORT,2022-10-31T04:00:00+00:00,2023-12-14T05:00:00+00:00,312.000000,406.600000,0.30320513,282,TRANSITIONAL,TRANSITIONAL,0.500000,0.375000,-1.000000,1.000000
VRTX,LONG,2023-12-15T05:00:00+00:00,2024-08-14T04:00:00+00:00,410.680000,471.440000,0.14794974,165,TRANSITIONAL,TRANSITIONAL,0.375000,0.625000,1.000000,0.000000
VRTX,SHORT,2024-08-15T04:00:00+00:00,2024-12-20T05:00:00+00:00,472.000000,397.270000,-0.15832627,89,TRANSITIONAL,TRANSITIONAL,0.500000,0.400000,-1.000000,1.000000
VRTX,LONG,2024-12-23T05:00:00+00:00,2025-08-05T04:00:00+00:00,405.270000,374.980000,-0.07474030,152,TRANSITIONAL,TRANSITIONAL,0.400000,0.357143,1.000000,-1.000000
VRTX,SHORT,2025-08-06T04:00:00+00:00,2025-12-12T05:00:00+00:00,385.650000,452.040000,0.17215091,90,TRANSITIONAL,TRANSITIONAL,0.357143,0.357143,-1.000000,-1.000000
VST,SHORT,2021-02-26T05:00:00+00:00,2022-05-10T04:00:00+00:00,17.250000,24.440000,0.41681159,303,TRANSITIONAL,STABLE,0.666667,0.400000,-1.000000,1.000000
VST,SHORT,2022-05-11T04:00:00+00:00,2022-11-29T05:00:00+00:00,24.290000,24.230000,-0.00247015,139,STABLE,STABLE,0.500000,0.400000,-1.000000,1.000000
VST,LONG,2022-11-30T05:00:00+00:00,2024-07-18T04:00:00+00:00,24.330000,76.550000,2.14632141,408,STABLE,STABLE,0.400000,0.333333,1.000000,-1.000000
VST,SHORT,2024-07-19T04:00:00+00:00,2024-07-31T04:00:00+00:00,76.470000,79.220000,0.03596182,8,STABLE,STABLE,0.333333,0.285714,-1.000000,1.000000
VTRS,LONG,2021-02-23T05:00:00+00:00,2022-02-28T05:00:00+00:00,15.220000,11.010000,-0.27660972,256,TRANSITIONAL,TRANSITIONAL,0.750000,0.500000,1.000000,-1.000000
VTRS,SHORT,2022-03-01T05:00:00+00:00,2023-07-31T04:00:00+00:00,10.150000,10.530000,0.03743842,355,TRANSITIONAL,STABLE,0.500000,0.416667,-1.000000,1.000000
VTRS,LONG,2023-08-01T04:00:00+00:00,2024-11-08T05:00:00+00:00,10.220000,12.960000,0.26810176,322,STABLE,STABLE,0.416667,0.357143,1.000000,-1.000000
VTRS,SHORT,2024-11-11T05:00:00+00:00,2025-02-28T05:00:00+00:00,13.090000,9.230000,-0.29488159,73,STABLE,TRANSITIONAL,0.357143,0.312500,-1.000000,1.000000
VTRS,LONG,2025-03-03T05:00:00+00:00,2025-06-05T04:00:00+00:00,9.330000,8.460000,-0.09324759,66,TRANSITIONAL,TRANSITIONAL,0.312500,0.437500,1.000000,0.000000
VTRS,SHORT,2025-06-06T04:00:00+00:00,2025-11-12T05:00:00+00:00,8.710000,11.010000,0.26406429,110,TRANSITIONAL,STABLE,0.375000,0.333333,-1.000000,1.000000
VTRS,LONG,2025-11-13T05:00:00+00:00,2025-12-12T05:00:00+00:00,10.910000,11.650000,0.06782768,20,STABLE,STABLE,0.333333,0.333333,1.000000,1.000000
WAB,LONG,2021-02-19T05:00:00+00:00,2025-02-13T05:00:00+00:00,73.960000,196.480000,1.65657112,1001,TRANSITIONAL,TRANSITIONAL,0.750000,0.500000,1.000000,-1.000000
WAB,SHORT,2025-02-14T05:00:00+00:00,2025-04-10T04:00:00+00:00,188.190000,168.670000,-0.10372496,38,TRANSITIONAL,TRANSITIONAL,0.500000,0.375000,-1.000000,1.000000
WAB,LONG,2025-04-11T04:00:00+00:00,2025-05-29T04:00:00+00:00,171.750000,201.450000,0.17292576,32,TRANSITIONAL,TRANSITIONAL,0.375000,0.625000,1.000000,0.000000
WAB,SHORT,2025-06-02T04:00:00+00:00,2025-12-12T05:00:00+00:00,201.730000,214.410000,0.06285629,135,TRANSITIONAL,TRANSITIONAL,0.500000,0.500000,-1.000000,-1.000000
WAT,LONG,2024-11-01T04:00:00+00:00,2024-11-04T05:00:00+00:00,387.210000,387.340000,0.00033574,1,TRANSITIONAL,TRANSITIONAL,0.750000,0.666667,1.000000,-1.000000
WAT,SHORT,2024-11-05T05:00:00+00:00,2025-04-09T04:00:00+00:00,387.170000,336.520000,-0.13082109,105,TRANSITIONAL,STABLE,0.666667,0.500000,-1.000000,1.000000
WAT,SHORT,2025-04-10T04:00:00+00:00,2025-07-15T04:00:00+00:00,314.660000,289.560000,-0.07976864,64,STABLE,TRANSITIONAL,0.400000,0.333333,-1.000000,1.000000
WAT,LONG,2025-07-16T04:00:00+00:00,2025-07-29T04:00:00+00:00,289.560000,303.190000,0.04707142,9,TRANSITIONAL,TRANSITIONAL,0.333333,0.500000,1.000000,0.000000
WAT,SHORT,2025-07-30T04:00:00+00:00,2025-12-12T05:00:00+00:00,299.070000,385.330000,0.28842746,95,TRANSITIONAL,TRANSITIONAL,0.416667,0.416667,-1.000000,-1.000000
WBD,LONG,2022-06-16T04:00:00+00:00,2022-06-17T04:00:00+00:00,13.650000,14.220000,0.04175824,1,TRANSITIONAL,TRANSITIONAL,0.750000,0.500000,1.000000,-1.000000
WBD,SHORT,2022-06-21T04:00:00+00:00,2022-08-05T04:00:00+00:00,14.040000,14.590000,0.03917379,32,TRANSITIONAL,TRANSITIONAL,0.500000,0.375000,-1.000000,1.000000
WBD,SHORT,2022-08-08T04:00:00+00:00,2022-11-14T05:00:00+00:00,14.020000,11.490000,-0.18045649,69,TRANSITIONAL,TRANSITIONAL,0.400000,0.285714,-1.000000,1.000000
WBD,SHORT,2022-11-21T05:00:00+00:00,2023-01-26T05:00:00+00:00,10.560000,15.000000,0.42045455,44,TRANSITIONAL,TRANSITIONAL,0.357143,0.428571,-1.000000,0.000000
WBD,LONG,2023-03-07T05:00:00+00:00,2023-03-08T05:00:00+00:00,14.820000,15.340000,0.03508772,1,TRANSITIONAL,TRANSITIONAL,0.428571,0.285714,1.000000,1.000000
WDAY,LONG,2022-06-03T04:00:00+00:00,2022-11-11T05:00:00+00:00,162.130000,156.950000,-0.03194967,112,TRANSITIONAL,TRANSITIONAL,0.750000,0.500000,1.000000,-1.000000
WDAY,SHORT,2022-11-14T05:00:00+00:00,2022-12-01T05:00:00+00:00,153.380000,169.480000,0.10496805,12,TRANSITIONAL,TRANSITIONAL,0.500000,0.400000,-1.000000,1.000000
WDAY,LONG,2022-12-02T05:00:00+00:00,2022-12-06T05:00:00+00:00,170.990000,161.360000,-0.05631908,2,TRANSITIONAL,TRANSITIONAL,0.400000,0.500000,1.000000,-1.000000
WDAY,SHORT,2022-12-07T05:00:00+00:00,2023-05-30T04:00:00+00:00,164.720000,209.080000,0.26930549,118,TRANSITIONAL,TRANSITIONAL,0.500000,0.416667,-1.000000,1.000000
WDAY,LONG,2023-05-31T04:00:00+00:00,2024-05-29T04:00:00+00:00,211.990000,211.580000,-0.00193405,250,TRANSITIONAL,TRANSITIONAL,0.416667,0.357143,1.000000,-1.000000
WDAY,SHORT,2024-05-30T04:00:00+00:00,2024-08-26T04:00:00+00:00,207.440000,260.370000,0.25515812,60,TRANSITIONAL,TRANSITIONAL,0.357143,0.312500,-1.000000,1.000000
WDAY,LONG,2024-08-27T04:00:00+00:00,2024-12-16T05:00:00+00:00,264.680000,278.350000,0.05164727,77,TRANSITIONAL,TRANSITIONAL,0.312500,0.437500,1.000000,0.000000
WDAY,SHORT,2024-12-17T05:00:00+00:00,2025-04-10T04:00:00+00:00,278.010000,224.740000,-0.19161181,77,TRANSITIONAL,TRANSITIONAL,0.375000,0.333333,-1.000000,1.000000
WDAY,LONG,2025-04-11T04:00:00+00:00,2025-06-12T04:00:00+00:00,226.510000,250.690000,0.10675025,42,TRANSITIONAL,TRANSITIONAL,0.333333,0.400000,1.000000,0.000000
WDAY,SHORT,2025-06-13T04:00:00+00:00,2025-12-12T05:00:00+00:00,244.540000,224.490000,-0.08199068,126,TRANSITIONAL,TRANSITIONAL,0.300000,0.300000,-1.000000,-1.000000
WDC,LONG,2021-01-04T05:00:00+00:00,2021-03-05T05:00:00+00:00,52.230000,68.070000,0.30327398,42,TRANSITIONAL,TRANSITIONAL,0.750000,0.500000,1.000000,-1.000000
WDC,SHORT,2021-03-08T05:00:00+00:00,2021-05-03T04:00:00+00:00,68.860000,70.120000,0.01829800,39,TRANSITIONAL,TRANSITIONAL,0.500000,0.500000,-1.000000,1.000000
WDC,LONG,2021-05-04T04:00:00+00:00,2021-11-01T04:00:00+00:00,67.280000,54.180000,-0.19470868,126,TRANSITIONAL,TRANSITIONAL,0.500000,0.375000,1.000000,-1.000000
WDC,SHORT,2021-11-02T04:00:00+00:00,2022-05-04T04:00:00+00:00,55.030000,62.860000,0.14228603,126,TRANSITIONAL,TRANSITIONAL,0.375000,0.300000,-1.000000,1.000000
WDC,LONG,2022-05-05T04:00:00+00:00,2022-05-19T04:00:00+00:00,61.190000,58.010000,-0.05196928,10,TRANSITIONAL,TRANSITIONAL,0.300000,0.400000,1.000000,-1.000000
WDC,SHORT,2022-05-20T04:00:00+00:00,2022-11-10T05:00:00+00:00,56.810000,37.750000,-0.33550431,120,TRANSITIONAL,TRANSITIONAL,0.400000,0.333333,-1.000000,1.000000
WDC,LONG,2022-11-11T05:00:00+00:00,2023-01-19T05:00:00+00:00,39.750000,37.550000,-0.05534591,45,TRANSITIONAL,TRANSITIONAL,0.333333,0.285714,1.000000,-1.000000
WDC,SHORT,2023-08-17T04:00:00+00:00,2023-10-10T04:00:00+00:00,40.290000,45.350000,0.12558948,37,TRANSITIONAL,TRANSITIONAL,0.312500,0.250000,-1.000000,1.000000
WFC,LONG,2024-11-07T05:00:00+00:00,2025-12-12T05:00:00+00:00,69.820000,92.760000,0.32855915,274,TRANSITIONAL,TRANSITIONAL,0.750000,0.750000,1.000000,1.000000
WRB,LONG,2023-04-24T04:00:00+00:00,2025-12-12T05:00:00+00:00,38.586700,69.330000,0.79673307,663,TRANSITIONAL,TRANSITIONAL,0.750000,0.750000,1.000000,1.000000
WSM,LONG,2021-01-28T05:00:00+00:00,2021-03-19T04:00:00+00:00,66.960000,87.420000,0.30555556,35,TRANSITIONAL,TRANSITIONAL,0.750000,0.500000,1.000000,-1.000000
WSM,SHORT,2021-03-22T04:00:00+00:00,2021-03-25T04:00:00+00:00,90.000000,86.120000,-0.04311111,3,TRANSITIONAL,STABLE,0.500000,0.400000,-1.000000,1.000000
WSM,LONG,2021-03-26T04:00:00+00:00,2021-03-31T04:00:00+00:00,89.390000,89.600000,0.00234926,3,STABLE,STABLE,0.400000,0.500000,1.000000,-1.000000
WSM,SHORT,2021-04-01T04:00:00+00:00,2021-05-13T04:00:00+00:00,91.040000,83.805000,-0.07947056,29,STABLE,STABLE,0.500000,0.400000,-1.000000,1.000000
WSM,LONG,2021-05-14T04:00:00+00:00,2022-05-18T04:00:00+00:00,85.885000,55.235000,-0.35687256,255,STABLE,TRANSITIONAL,0.400000,0.333333,1.000000,-1.000000
WSM,SHORT,2022-05-19T04:00:00+00:00,2022-05-27T04:00:00+00:00,56.170000,65.455000,0.16530176,6,TRANSITIONAL,TRANSITIONAL,0.357143,0.312500,-1.000000,1.000000
WSM,LONG,2022-05-31T04:00:00+00:00,2022-06-07T04:00:00+00:00,63.960000,62.865000,-0.01712008,5,TRANSITIONAL,TRANSITIONAL,0.312500,0.437500,1.000000,0.000000
WSM,SHORT,2022-06-08T04:00:00+00:00,2022-11-10T05:00:00+00:00,63.040000,64.355000,0.02085977,108,TRANSITIONAL,TRANSITIONAL,0.375000,0.437500,-1.000000,0.000000
WSM,LONG,2022-11-11T05:00:00+00:00,2023-08-24T04:00:00+00:00,67.665000,69.770000,0.03110914,195,TRANSITIONAL,TRANSITIONAL,0.312500,0.277778,1.000000,-1.000000
WSM,SHORT,2023-11-01T04:00:00+00:00,2024-03-14T04:00:00+00:00,74.770000,142.825000,0.91019125,91,TRANSITIONAL,TRANSITIONAL,0.300000,0.272727,-1.000000,1.000000
WSM,SHORT,2024-04-09T04:00:00+00:00,2024-05-23T04:00:00+00:00,154.495000,142.280000,-0.07906405,32,TRANSITIONAL,TRANSITIONAL,0.318182,0.333333,-1.000000,1.000000
WSM,LONG,2024-08-30T04:00:00+00:00,2024-11-20T05:00:00+00:00,134.330000,175.040000,0.30305963,57,TRANSITIONAL,TRANSITIONAL,0.346154,0.233333,1.000000,-1.000000
WSM,SHORT,2025-03-11T04:00:00+00:00,2025-04-03T04:00:00+00:00,174.920000,138.860000,-0.20615138,17,TRANSITIONAL,TRANSITIONAL,0.333333,0.218750,-1.000000,1.000000
WST,LONG,2022-10-28T04:00:00+00:00,2023-05-31T04:00:00+00:00,225.510000,334.630000,0.48388098,146,TRANSITIONAL,TRANSITIONAL,0.750000,0.833333,1.000000,0.000000
WST,SHORT,2023-06-01T04:00:00+00:00,2024-02-15T05:00:00+00:00,341.530000,350.700000,0.02684976,178,TRANSITIONAL,TRANSITIONAL,0.500000,0.500000,-1.000000,1.000000
WST,SHORT,2024-02-16T05:00:00+00:00,2024-07-25T04:00:00+00:00,362.050000,277.160000,-0.23447038,109,TRANSITIONAL,TRANSITIONAL,0.400000,0.333333,-1.000000,1.000000
WST,SHORT,2025-02-07T05:00:00+00:00,2025-02-13T05:00:00+00:00,321.550000,199.110000,-0.38078059,4,TRANSITIONAL,TRANSITIONAL,0.312500,0.250000,-1.000000,-1.000000
WYNN,LONG,2021-12-02T05:00:00+00:00,2022-03-03T05:00:00+00:00,82.290000,85.290000,0.03645643,62,TRANSITIONAL,TRANSITIONAL,0.750000,0.500000,1.000000,-1.000000
WYNN,SHORT,2022-03-04T05:00:00+00:00,2022-03-15T04:00:00+00:00,81.270000,69.520000,-0.14457980,7,TRANSITIONAL,TRANSITIONAL,0.500000,0.416667,-1.000000,1.000000
WYNN,LONG,2022-03-16T04:00:00+00:00,2022-03-30T04:00:00+00:00,75.170000,81.170000,0.07981908,10,TRANSITIONAL,TRANSITIONAL,0.416667,0.583333,1.000000,0.000000
WYNN,SHORT,2022-03-31T04:00:00+00:00,2022-05-16T04:00:00+00:00,79.740000,63.940000,-0.19814397,31,TRANSITIONAL,TRANSITIONAL,0.500000,0.428571,-1.000000,1.000000
WYNN,LONG,2022-05-17T04:00:00+00:00,2022-08-03T04:00:00+00:00,66.400000,66.290000,-0.00165663,53,TRANSITIONAL,TRANSITIONAL,0.428571,0.375000,1.000000,-1.000000
WYNN,SHORT,2022-08-04T04:00:00+00:00,2022-09-27T04:00:00+00:00,67.100000,66.560000,-0.00804769,37,TRANSITIONAL,TRANSITIONAL,0.375000,0.333333,-1.000000,1.000000
WYNN,LONG,2022-09-28T04:00:00+00:00,2022-11-22T05:00:00+00:00,66.760000,75.570000,0.13196525,39,TRANSITIONAL,TRANSITIONAL,0.333333,0.444444,1.000000,0.000000
WYNN,SHORT,2022-11-23T05:00:00+00:00,2023-01-03T05:00:00+00:00,75.360000,85.610000,0.13601380,26,TRANSITIONAL,TRANSITIONAL,0.388889,0.333333,-1.000000,1.000000
WYNN,LONG,2023-01-04T05:00:00+00:00,2025-04-10T04:00:00+00:00,90.900000,72.300000,-0.20462046,568,TRANSITIONAL,TRANSITIONAL,0.333333,0.400000,1.000000,-1.000000
WYNN,SHORT,2025-04-11T04:00:00+00:00,2025-12-12T05:00:00+00:00,73.190000,123.660000,0.68957508,169,TRANSITIONAL,TRANSITIONAL,0.400000,0.400000,-1.000000,-1.000000
XYL,LONG,2022-02-04T05:00:00+00:00,2022-08-17T04:00:00+00:00,90.510000,102.320000,0.13048282,133,TRANSITIONAL,TRANSITIONAL,0.750000,0.666667,1.000000,-1.000000
XYL,SHORT,2022-08-18T04:00:00+00:00,2024-03-20T04:00:00+00:00,102.350000,128.710000,0.25754763,398,TRANSITIONAL,TRANSITIONAL,0.666667,0.833333,-1.000000,0.000000
XYL,LONG,2024-03-22T04:00:00+00:00,2025-08-01T04:00:00+00:00,129.210000,142.180000,0.10037923,340,TRANSITIONAL,TRANSITIONAL,0.666667,0.500000,1.000000,-1.000000
XYL,SHORT,2025-08-04T04:00:00+00:00,2025-12-12T05:00:00+00:00,143.970000,137.100000,-0.04771827,92,TRANSITIONAL,TRANSITIONAL,0.500000,0.500000,-1.000000,-1.000000
XYZ,LONG,2025-02-24T05:00:00+00:00,2025-03-25T04:00:00+00:00,65.920000,61.330000,-0.06962985,21,TRANSITIONAL,STABLE,0.750000,0.666667,1.000000,-1.000000
XYZ,SHORT,2025-03-26T04:00:00+00:00,2025-04-10T04:00:00+00:00,59.050000,52.910000,-0.10397968,11,STABLE,TRANSITIONAL,0.666667,0.500000,-1.000000,1.000000
XYZ,LONG,2025-04-11T04:00:00+00:00,2025-04-24T04:00:00+00:00,53.940000,57.500000,0.06599926,8,TRANSITIONAL,TRANSITIONAL,0.500000,0.500000,1.000000,-1.000000
XYZ,SHORT,2025-04-25T04:00:00+00:00,2025-05-02T04:00:00+00:00,58.090000,46.530000,-0.19900155,5,TRANSITIONAL,TRANSITIONAL,0.500000,0.250000,-1.000000,-1.000000
XYZ,SHORT,2025-06-03T04:00:00+00:00,2025-07-17T04:00:00+00:00,63.510000,70.730000,0.11368288,30,TRANSITIONAL,TRANSITIONAL,0.333333,0.416667,-1.000000,1.000000
XYZ,LONG,2025-07-18T04:00:00+00:00,2025-12-12T05:00:00+00:00,72.820000,64.750000,-0.11082120,103,TRANSITIONAL,TRANSITIONAL,0.416667,0.416667,1.000000,1.000000
ZBH,LONG,2022-02-08T05:00:00+00:00,2025-05-06T04:00:00+00:00,119.880000,92.270000,-0.23031365,812,TRANSITIONAL,TRANSITIONAL,0.750000,0.500000,1.000000,-1.000000
ZBH,SHORT,2025-05-07T04:00:00+00:00,2025-11-05T05:00:00+00:00,94.130000,87.550000,-0.06990333,126,TRANSITIONAL,TRANSITIONAL,0.500000,0.375000,-1.000000,1.000000
ZBH,SHORT,2025-11-06T05:00:00+00:00,2025-12-12T05:00:00+00:00,88.510000,91.590000,0.03479833,25,TRANSITIONAL,TRANSITIONAL,0.300000,0.300000,-1.000000,-1.000000
ZBRA,LONG,2022-08-03T04:00:00+00:00,2022-12-29T05:00:00+00:00,326.410000,257.530000,-0.21102295,103,TRANSITIONAL,TRANSITIONAL,0.750000,0.833333,1.000000,0.000000
ZBRA,SHORT,2022-12-30T05:00:00+00:00,2023-05-03T04:00:00+00:00,256.410000,258.500000,0.00815101,84,TRANSITIONAL,TRANSITIONAL,0.500000,0.375000,-1.000000,1.000000
ZBRA,LONG,2023-05-04T04:00:00+00:00,2023-08-02T04:00:00+00:00,265.000000,241.150000,-0.09000000,61,TRANSITIONAL,TRANSITIONAL,0.375000,0.333333,1.000000,-1.000000
ZBRA,SHORT,2023-08-03T04:00:00+00:00,2023-12-15T05:00:00+00:00,249.550000,270.180000,0.08266880,94,TRANSITIONAL,TRANSITIONAL,0.333333,0.285714,-1.000000,1.000000
ZBRA,LONG,2024-02-16T05:00:00+00:00,2024-04-09T04:00:00+00:00,275.460000,306.170000,0.11148624,35,TRANSITIONAL,TRANSITIONAL,0.312500,0.375000,1.000000,0.000000
ZBRA,LONG,2024-12-30T05:00:00+00:00,2025-04-03T04:00:00+00:00,383.850000,238.500000,-0.37866354,64,TRANSITIONAL,TRANSITIONAL,0.312500,0.277778,1.000000,-1.000000
ZBRA,SHORT,2025-04-04T04:00:00+00:00,2025-04-09T04:00:00+00:00,223.490000,243.770000,0.09074232,3,TRANSITIONAL,TRANSITIONAL,0.300000,0.363636,-1.000000,1.000000
ZBRA,LONG,2025-10-29T04:00:00+00:00,2025-11-03T05:00:00+00:00,270.770000,270.580000,-0.00070170,3,TRANSITIONAL,TRANSITIONAL,0.333333,0.266667,1.000000,1.000000
ZTS,LONG,2022-11-04T04:00:00+00:00,2025-12-12T05:00:00+00:00,133.670000,118.660000,-0.11229146,778,TRANSITIONAL,TRANSITIONAL,0.750000,0.750000,1.000000,1.000000
