Symbol,last_close,med_dollar,active_days,sessions,first,peak,crush,age_years
A,148.44,254794497.54016155,32,32,2016-01-04,179.28,1.207760711398545,10.620123203285422
AA,50.02,242141541.1460407,32,32,2016-01-04,95.06,1.9004398240703717,10.620123203285422
AAAU,42.85,44691321.252084225,32,32,2018-08-15,53.21,1.2417736289381562,8.008213552361397
AAL,14.05,1201214178.7310615,32,32,2016-01-04,58.47,4.161565836298932,10.620123203285422
AAOI,131.41,1092932656.2388334,32,32,2016-01-04,223.1,1.6977398980290692,10.620123203285422
AAON,82.06,97493657.45620477,32,32,2016-01-04,148.25,1.806604923226907,10.620123203285422
AAP,56.96,85121081.36163759,32,32,2016-01-04,241.91,4.247015449438202,10.620123203285422
AAPL,310.03,14734615032.959517,32,32,2016-01-04,340.08,1.0969261039254266,10.620123203285422
AAT,22.6,8926148.88119021,32,32,2016-01-04,48.96,2.1663716814159293,10.620123203285422
AAXJ,113.55,49881645.38143018,32,32,2016-01-04,124.21,1.0938793483047116,10.620123203285422
AB,36.18,8810571.358940225,32,32,2016-01-04,56.86,1.5715865118850194,10.620123203285422
ABBV,258.92,1271594866.9710326,32,32,2016-01-04,263.3,1.0169164220608682,10.620123203285422
ABCB,88.2,30824864.624129783,32,32,2016-01-04,93.17,1.0563492063492064,10.620123203285422
ABCL,11.12,35125224.43136192,32,32,2020-12-11,58.9,5.296762589928058,5.683778234086242
ABEO,6.16,8842812.177954096,32,32,2016-01-04,536.25,87.05357142857143,10.620123203285422
ABEQ,38.725,344035.192249875,32,32,2020-01-22,40.06,1.034473854099419,6.570841889117043
ABG,203.94,51498184.799177445,32,32,2016-01-04,305.86,1.4997548298519172,10.620123203285422
ABM,47.1,18461144.55608236,32,32,2016-01-04,58.61,1.2443736730360935,10.620123203285422
ABNB,183.25,524040723.5952443,32,32,2020-12-10,216.84,1.1833015006821284,5.686516084873374
ABT,112.68,1009606000.3851186,32,32,2016-01-04,141.46,1.2554135605253816,10.620123203285422
ACA,145.35,87125942.06569797,32,32,2018-11-01,145.4,1.0003439972480221,7.794661190965092
ACAD,30.18,38713689.47285626,32,32,2016-01-04,57.0,1.8886679920477136,10.620123203285422
ACEL,11.94,3360639.6042630104,32,32,2019-11-21,14.55,1.2185929648241207,6.740588637919234
ACES,31.07,1902181.00904896,32,32,2018-06-29,100.32,3.228838107499195,8.136892539356605
ACET,9.11,730006.45047933,32,32,2016-01-04,411.36,45.15477497255763,10.620123203285422
ACGL,98.91,170709703.9201848,32,32,2016-01-04,114.86,1.1612577090284097,10.620123203285422
ACGLN,16.1545,587077.8251779999,32,32,2021-06-14,26.65,1.6496951313875392,5.177275838466803
ACGLO,19.2364,485338.94395375,32,32,2017-08-21,26.94,1.400469942400865,8.991101984941821
ACHC,27.46,79191302.68775338,32,32,2016-01-04,89.06,3.24326292789512,10.620123203285422
ACI,12.21,87400742.42657417,32,32,2016-01-04,36.81,3.0147420147420148,10.620123203285422
ACIO,47.07,6243009.66634916,32,32,2019-07-10,47.61,1.011472275334608,7.107460643394935
ACIW,52.17,54291338.83340411,32,32,2016-01-04,60.18,1.1535365152386428,10.620123203285422
ACLS,135.39,52118025.37007521,32,32,2016-01-04,200.48,1.4807592879828644,10.620123203285422
ACM,61.72,97525738.64558676,32,32,2016-01-04,134.35,2.1767660401814646,10.620123203285422
ACMR,84.37,83134846.42327288,32,32,2017-11-03,126.89,1.5039706056655209,8.788501026694044
ACN,172.93,1007512055.6296558,32,32,2016-01-04,415.42,2.40224368241485,10.620123203285422
ACNB,64.19,3486691.77854759,32,32,2016-01-04,65.43,1.019317650724412,10.620123203285422
ACP,5.2,2186111.3318815203,32,32,2016-01-04,14.93,2.871153846153846,10.620123203285422
ACR,14.84,338556.69454010006,32,32,2021-02-17,24.04,1.6199460916442048,5.49760438056126
ACRS,6.305,7743018.808620406,32,32,2016-01-04,32.99,5.232355273592388,10.620123203285422
ACU,62.83,1133198.7930136002,32,32,2016-01-04,62.83,1.0,10.620123203285422
ACV,26.95,719155.47341228,32,32,2016-01-04,37.25,1.3821892393320965,10.620123203285422
ACVA,7.63,23710396.353158843,32,32,2021-03-24,37.04,4.854521625163827,5.401779603011636
ACVF,55.8772,209183.25057141,32,32,2020-10-29,56.7905,1.0163447703177682,5.801505817932923
ACWI,160.08,363744775.6348761,32,32,2016-01-04,162.48,1.0149925037481258,10.620123203285422
ACWV,126.03,9796063.473893402,32,32,2016-01-04,126.77,1.0058716178687614,10.620123203285422
ACWX,76.77,98954469.20210865,32,32,2016-01-04,78.1,1.0173244757066562,10.620123203285422
ADBE,263.14,1123138205.561389,32,32,2016-01-04,688.37,2.6159838869043095,10.620123203285422
ADC,74.21,82238988.03061998,32,32,2016-01-04,81.92,1.1038943538606658,10.620123203285422
ADI,376.63,1316711415.5905292,32,32,2016-01-04,445.48,1.1828054058359665,10.620123203285422
ADM,82.45,282507351.5604806,32,32,2016-01-04,98.22,1.1912674348089751,10.620123203285422
ADME,56.45,467086.13789270003,32,32,2019-11-08,57.219,1.0136226749335695,6.776180698151951
ADNT,19.48,17187736.35846376,32,32,2016-10-31,85.93,4.411190965092403,9.796030116358658
ADP,269.31,565890364.0247507,32,32,2016-01-04,326.81,1.2135085960417362,10.620123203285422
ADPT,24.56,58796900.51346831,32,32,2016-01-04,72.35,2.945846905537459,10.620123203285422
ADSK,246.79,422905057.7382246,32,32,2016-01-04,342.27,1.38688763726245,10.620123203285422
ADT,7.22,53758735.150606275,32,32,2016-01-04,41.98,5.814404432132964,10.620123203285422
ADTN,8.1,19389006.37528111,32,32,2016-01-04,25.09,3.0975308641975308,10.620123203285422
ADUS,118.13,23809431.70693998,32,32,2016-01-04,135.92,1.1505968001354439,10.620123203285422
ADX,26.05,7431306.967133669,32,32,2016-01-04,26.47,1.0161228406909788,10.620123203285422
AEE,109.67,162115570.73083258,32,32,2016-01-04,118.32,1.078872982584116,10.620123203285422
AEF,9.05,872994.695324255,32,32,2018-04-30,10.07,1.112707182320442,8.301163586584531
AEFC,18.02,641316.5610045,32,32,2019-10-24,27.58,1.5305216426193118,6.8172484599589325
AEIS,314.43,197215289.0440703,32,32,2016-01-04,389.05,1.2373183220430621,10.620123203285422
AEM,186.94,403795757.9532208,32,32,2016-01-04,252.19,1.3490424735209159,10.620123203285422
AEO,16.35,70112326.73127602,32,32,2016-01-04,37.87,2.316207951070336,10.620123203285422
AEP,126.35,496979272.2284675,32,32,2016-01-04,138.69,1.0976652156707558,10.620123203285422
AER,149.62,144410438.91421884,32,32,2016-01-04,155.24,1.037561823285657,10.620123203285422
AES,14.74,98652764.70996603,32,32,2016-01-04,29.27,1.985753052917232,10.620123203285422
AESR,20.14,685677.751719035,32,32,2019-12-17,21.2,1.0526315789473684,6.669404517453799
AEVA,21.03,28167668.706058964,32,32,2021-03-15,80.8,3.842130290061816,5.426420260095825
AEYE,7.36,475984.04504939006,32,32,2018-09-04,43.67,5.9334239130434785,7.953456536618754
AFB,10.98,665411.8301056,32,32,2016-01-04,15.25,1.3888888888888888,10.620123203285422
AFG,145.59,52774306.11952415,32,32,2016-01-04,150.22,1.0318016347276597,10.620123203285422
AFIF,9.42,1209572.23188421,32,32,2018-09-19,10.09,1.0711252653927814,7.912388774811773
AFK,27.68,1116037.2010022772,32,32,2016-01-04,30.56,1.1040462427745665,10.620123203285422
AFL,121.73,218433429.40339208,32,32,2016-01-04,129.55,1.0642405323256388,10.620123203285422
AFLG,44.89,2828492.91992741,32,32,2019-12-04,45.3372,1.0099621296502563,6.704996577686516
AFMC,41.5,1075700.179575,32,32,2019-12-04,42.0053,1.0121759036144578,6.704996577686516
AFRM,73.56,249998207.15902528,32,32,2021-01-13,168.52,2.2909189777052745,5.593429158110883
AFSM,40.95,469169.52447422995,32,32,2019-12-04,41.55,1.0146520146520146,6.704996577686516
AFYA,13.55,1325400.7651353749,32,32,2019-07-19,32.32,2.385239852398524,7.082819986310746
AG,18.48,165308425.21049547,32,32,2016-01-04,32.01,1.732142857142857,10.620123203285422
AGCO,98.45,82047368.96405925,32,32,2016-01-04,156.6,1.5906551549009649,10.620123203285422
AGD,12.49,1172902.85583892,32,32,2016-01-04,13.89,1.11208967173739,10.620123203285422
AGEN,7.53,9590557.278880656,32,32,2016-01-04,147.2,19.548472775564406,10.620123203285422
AGG,97.35,746629166.7563362,32,32,2016-01-04,119.63,1.2288649203903441,10.620123203285422
AGGY,42.6747,3096040.5679381033,32,32,2016-01-06,54.71,1.2820242438728333,10.614647501711156
AGI,32.9,114672531.92976761,32,32,2016-01-04,55.33,1.6817629179331308,10.620123203285422
AGIO,34.4,33243651.88350109,32,32,2016-01-04,99.55,2.8938953488372094,10.620123203285422
AGM,229.13,22303516.76685076,32,32,2016-01-04,241.74,1.055034260027059,10.620123203285422
AGNC,10.92,186109302.67381364,32,32,2016-01-04,22.28,2.0402930402930406,10.620123203285422
AGNCM,25.2413,307005.0133145,32,32,2019-03-06,26.49,1.0494705106313857,7.452429842573579
AGNCN,25.9441,474420.85508658004,32,32,2017-08-28,27.02,1.0414699295793648,8.971937029431896
AGNCO,25.67,542245.198836125,32,32,2019-10-04,26.39,1.0280483054148812,6.872005475701574
AGNCP,25.32,1015041.2519984611,32,32,2016-01-04,26.8,1.0584518167456556,10.620123203285422
AGNG,38.3376,261724.91244094406,32,32,2021-04-01,38.44,1.002671007053128,5.379876796714579
AGO,75.53,25520250.045245714,32,32,2016-01-04,95.47,1.264001059181782,10.620123203285422
AGOX,34.3737,2968931.682473045,32,32,2021-05-10,35.48,1.032184489886163,5.2731006160164275
AGQ,76.21,141045328.98308527,32,32,2016-01-04,400.47,5.254822201810787,10.620123203285422
AGRO,9.81,7113733.15945673,32,32,2016-01-04,15.25,1.5545361875637105,10.620123203285422
AGX,553.03,160840856.4437934,32,32,2016-01-04,798.55,1.4439542158653238,10.620123203285422
AGYS,111.96,28916402.27665949,32,32,2016-01-04,141.74,1.2659878528045732,10.620123203285422
AGZ,108.6447,1371741.5152769082,32,32,2016-01-04,121.83,1.1213616494868135,10.620123203285422
AGZD,22.58,406959.881286165,32,32,2016-01-04,24.285,1.075509300265722,10.620123203285422
AHCO,5.82,12771809.23543682,32,32,2019-11-11,40.15,6.898625429553264,6.767967145790554
AI,9.87,43607339.28592782,32,32,2016-01-04,177.47,17.980749746707193,10.620123203285422
AIA,135.21,34859617.26302704,32,32,2016-01-04,150.67,1.1143406552769763,10.620123203285422
AIG,76.12,253235470.53406423,32,32,2016-01-04,87.72,1.1523909616395165,10.620123203285422
AIN,62.72,16061231.39367122,32,32,2016-01-04,113.72,1.813137755102041,10.620123203285422
AIO,26.47,1698261.06857784,32,32,2019-10-29,29.74,1.123536078579524,6.803559206023272
AIQ,62.53,92935089.24780604,32,32,2016-01-04,70.14,1.1217015832400448,10.620123203285422
AIR,149.02,51130982.734353535,32,32,2016-01-04,153.71,1.0314722855992484,10.620123203285422
AIRG,5.41,401914.51189847745,32,32,2016-08-12,28.0,5.175600739371534,10.015058179329227
AIRR,120.28,71676161.65731433,32,32,2016-01-04,133.25,1.1078317259727304,10.620123203285422
AIT,354.35,88931614.89074765,32,32,2016-01-04,361.95,1.0214477211796245,10.620123203285422
AIZ,280.07,97565788.61754127,32,32,2016-01-04,301.57,1.0767665226550505,10.620123203285422
AIZN,18.57,225274.66417899998,32,32,2020-11-25,27.51,1.4814216478190632,5.727583846680356
AJG,248.36,348446434.95338213,32,32,2016-01-04,348.77,1.4042921565469477,10.620123203285422
AKAM,115.2,383354196.6877333,32,32,2016-01-04,161.14,1.398784722222222,10.620123203285422
AKR,21.05,28234279.378347974,32,32,2016-01-04,37.69,1.7904988123515437,10.620123203285422
ALB,132.71,266666231.37689722,32,32,2016-01-04,325.38,2.4518122221384973,10.620123203285422
ALC,73.55,147501858.95863032,32,32,2019-04-09,100.76,1.3699524133242693,7.359342915811088
ALCO,39.44,680677.1083273799,32,32,2016-01-04,44.46,1.1272819472616633,10.620123203285422
ALG,159.25,20688065.86116666,32,32,2016-01-04,232.42,1.4594662480376766,10.620123203285422
ALGM,39.39,95284011.27544023,32,32,2020-10-29,69.62,1.7674536684437676,5.801505817932923
ALGN,167.91,155479014.42375124,32,32,2016-01-04,729.92,4.347090703352986,10.620123203285422
ALGS,6.76,632547.257837515,32,32,2020-10-16,873.5,129.21597633136096,5.83709787816564
ALGT,81.7,47858809.59040663,32,32,2016-01-04,268.81,3.290208078335373,10.620123203285422
ALHC,13.23,78876017.00305614,32,32,2021-03-26,27.27,2.061224489795918,5.3963039014373715
ALK,42.41,136262902.8995797,32,32,2016-01-04,100.24,2.36359349210092,10.620123203285422
ALKS,49.48,80239286.41677007,32,32,2016-01-04,75.27,1.5212206952303962,10.620123203285422
ALKT,20.14,20249181.407592572,32,32,2021-04-14,47.69,2.3679245283018866,5.344284736481861
ALL,261.15,377012055.2312986,32,32,2016-01-04,275.11,1.053455868274938,10.620123203285422
ALLE,159.83,184295135.3359927,32,32,2016-01-04,179.77,1.1247575549020834,10.620123203285422
ALLT,7.87,1746617.920381455,32,32,2016-01-04,20.47,2.6010165184243963,10.620123203285422
ALLY,43.63,116583118.82416725,32,32,2016-01-04,56.15,1.2869585147834057,10.620123203285422
ALNY,228.61,367670048.8762866,32,32,2016-01-04,491.22,2.148724902672674,10.620123203285422
ALOT,28.88,2913570.49856223,32,32,2021-03-26,28.95,1.0024238227146816,5.3963039014373715
ALRM,55.57,22012780.210896615,32,32,2016-01-04,107.69,1.9379161418031312,10.620123203285422
ALRS,33.6,6784770.60924481,32,32,2019-09-13,36.9,1.0982142857142856,6.929500342231348
ALSN,125.45,92008677.14069903,32,32,2016-01-04,136.0,1.0840972499003587,10.620123203285422
ALTG,6.7,979072.2900741001,32,32,2020-02-18,19.86,2.9641791044776116,6.496919917864476
ALV,120.28,72224389.66708769,32,32,2016-01-04,159.76,1.3282341203857664,10.620123203285422
ALX,268.08,7312765.121931374,32,32,2016-01-04,447.34,1.66868099074903,10.620123203285422
AM,22.69,46956446.61453773,32,32,2016-01-04,35.49,1.5641251652710446,10.620123203285422
AMAL,50.18,7169092.8236324005,32,32,2018-08-09,51.08,1.0179354324432044,8.02464065708419
AMAT,514.33,4305118337.734385,32,32,2016-01-04,723.0,1.405712285886493,10.620123203285422
AMBA,74.82,110472201.55828512,32,32,2016-01-04,216.84,2.898155573376103,10.620123203285422
AMCR,45.86,151356876.40638196,32,32,2019-06-11,67.45,1.4707806367204537,7.186858316221766
AMCX,11.94,5810706.05031229,32,32,2016-01-04,78.63,6.585427135678392,10.620123203285422
AMD,484.39,13325380002.468416,32,32,2016-01-04,580.91,1.1992609261132559,10.620123203285422
AME,249.99,259187230.03762633,32,32,2016-01-04,258.52,1.0341213648545942,10.620123203285422
AMG,363.57,84171974.6914565,32,32,2016-01-04,383.42,1.054597464037187,10.620123203285422
AMGN,425.28,906581878.5241288,32,32,2016-01-04,425.28,1.0,10.620123203285422
AMH,33.67,67297890.02554494,32,32,2016-01-04,43.61,1.2952182952182951,10.620123203285422
AMKR,54.84,260816163.71695548,32,32,2016-01-04,93.55,1.7058716265499634,10.620123203285422
AMLP,55.31,60201094.991471015,32,32,2016-01-04,66.45,1.2014102332308805,10.620123203285422
AMN,34.54,24115599.006971695,32,32,2016-10-27,127.04,3.6780544296467865,9.806981519507186
AMP,562.12,261268668.97097152,32,32,2016-01-04,575.13,1.023144524300861,10.620123203285422
AMPH,21.34,7886871.08054585,32,32,2016-01-04,65.0,3.0459231490159326,10.620123203285422
AMR,169.44,42856146.151884995,32,32,2018-02-12,442.21,2.60983238904627,8.511978097193703
AMRC,25.49,12660373.343708424,32,32,2016-01-04,97.5,3.8250294233032562,10.620123203285422
AMRN,14.13,773960.546010795,32,32,2016-01-04,482.4,34.14012738853503,10.620123203285422
AMRX,18.19,34199124.90872245,32,32,2018-05-07,24.27,1.3342495876855414,8.281998631074606
AMSC,31.02,21610632.886358157,32,32,2016-01-04,66.68,2.1495809155383627,10.620123203285422
AMSF,26.53,8169412.24306712,32,32,2016-01-04,76.26,2.874481718808896,10.620123203285422
AMT,172.33,449747787.26061976,32,32,2016-01-04,303.62,1.7618522601984563,10.620123203285422
AMTB,29.16,10578993.2622865,32,32,2018-10-24,35.87,1.2301097393689986,7.816563997262149
AMWL,12.2,1128602.70492917,32,32,2020-09-17,856.0,70.16393442622952,5.916495550992471
AMX,23.63,41799915.73266928,32,32,2016-01-04,27.75,1.174354633939907,10.620123203285422
AMZA,50.92,1492921.86044128,32,32,2016-01-04,118.2,2.321288295365279,10.620123203285422
AMZN,259.45,9322207437.659355,32,32,2016-01-04,284.02,1.094700327616111,10.620123203285422
AN,196.9,78416259.90216164,32,32,2016-01-04,229.98,1.16800406297613,10.620123203285422
ANAB,58.99,26494950.021076605,32,32,2017-01-26,128.55,2.179182912358027,9.557837097878165
ANDE,68.86,22074120.054480873,32,32,2016-01-04,80.87,1.1744118501307002,10.620123203285422
ANET,193.18,1386611941.7634673,32,32,2016-01-04,210.5,1.0896573144217827,10.620123203285422
ANF,103.38,97068960.1454016,32,32,2016-01-04,192.34,1.8605146063068292,10.620123203285422
ANGL,28.99,17977366.789340355,32,32,2016-01-04,33.43,1.1531562607795791,10.620123203285422
ANGO,15.82,6431683.37704124,32,32,2016-01-04,30.97,1.9576485461441213,10.620123203285422
ANIK,21.57,1662764.853583605,32,32,2016-01-04,73.36,3.4010199350950394,10.620123203285422
ANIP,76.87,22426999.549846858,32,32,2016-01-04,98.81,1.285416937687004,10.620123203285422
ANNX,5.28,15846076.639526414,32,32,2020-07-24,35.01,6.6306818181818175,6.067077344284736
AOA,98.65,9158296.731607635,32,32,2016-01-04,99.89,1.012569690826153,10.620123203285422
AOD,10.64,4148504.3814963554,32,32,2016-01-04,10.8,1.0150375939849625,10.620123203285422
AOK,41.25,4365771.220997825,32,32,2016-01-04,41.56,1.0075151515151515,10.620123203285422
AOM,49.66,5479627.108981844,32,32,2016-01-04,50.08,1.0084575110753122,10.620123203285422
AON,343.2,382439037.09840715,32,32,2016-01-04,409.32,1.1926573426573426,10.620123203285422
AOR,69.67,18852989.00106585,32,32,2016-01-04,70.4,1.0104779675613607,10.620123203285422
AOS,60.86,97218488.09782436,32,32,2016-01-04,91.98,1.5113374958922117,10.620123203285422
AOSL,28.38,19341883.331321813,32,32,2016-01-04,65.72,2.3157152924594784,10.620123203285422
AOUT,11.53,775359.84527265,32,32,2020-08-25,36.03,3.1248915871639205,5.979466119096509
APA,42.365,199516545.6382888,32,32,2016-01-04,67.35,1.5897556945591877,10.620123203285422
APAM,41.67,32950550.89142759,32,32,2016-01-04,56.66,1.3597312215022797,10.620123203285422
APD,303.23,305235374.5972302,32,32,2016-01-04,338.07,1.1148962833492728,10.620123203285422
APEI,44.69,15436354.087194957,32,32,2016-01-04,60.86,1.3618259118371001,10.620123203285422
APG,42.78,104080445.55625731,32,32,2020-04-29,49.4,1.1547452080411407,6.3025325119780975
APH,159.57,992258871.0799171,32,32,2016-01-04,176.32,1.1049696058156295,10.620123203285422
APLE,16.07,44461004.713144705,32,32,2016-01-04,20.64,1.284380833851898,10.620123203285422
APO,133.85,478746745.03874636,32,32,2016-01-04,178.61,1.3344041837878224,10.620123203285422
APOG,41.25,6617991.1228743605,32,32,2016-01-04,87.22,2.1144242424242425,10.620123203285422
APP,307.26,2366992418.523314,32,32,2021-04-15,733.6,2.3875545140923,5.341546885694729
APPF,203.95,65757629.219354555,32,32,2016-01-04,321.25,1.5751409659230204,10.620123203285422
APPN,36.43,20471246.39459373,32,32,2017-05-25,235.24,6.457315399396102,9.232032854209445
APTV,48.6,139987901.6797071,32,32,2017-12-05,178.12,3.6650205761316874,8.700889801505818
AQN,5.79,20145816.984911058,32,32,2016-11-29,17.74,3.0639032815198615,9.716632443531827
AQNB,26.05,226585.5999667,32,32,2019-05-28,29.28,1.1239923224568138,7.225188227241615
AR,37.04,159557113.17816848,32,32,2016-01-04,48.31,1.3042656587473003,10.620123203285422
ARB,29.7314,268107.950415301,32,32,2020-05-07,29.86,1.0043253933551732,6.28062970568104
ARCB,138.81,48291730.97937221,32,32,2016-01-04,173.22,1.2478928031121677,10.620123203285422
ARCC,19.67,83371778.4304224,32,32,2016-01-04,23.81,1.210472801220132,10.620123203285422
ARCO,7.7,8859661.123565573,32,32,2016-01-04,13.09,1.7,10.620123203285422
ARCT,8.21,3150844.30009811,32,32,2017-11-16,123.66,15.062119366626064,8.752908966461328
ARDC,12.37,1031785.7871061701,32,32,2016-01-04,16.64,1.345189975747777,10.620123203285422
ARE,45.84,78838330.63581659,32,32,2016-01-04,223.57,4.8771815008726,10.620123203285422
ARES,140.31,244508959.44806656,32,32,2016-01-04,198.22,1.4127289573088162,10.620123203285422
ARGT,89.11,10913407.445686826,32,32,2016-01-04,102.94,1.155201436426888,10.620123203285422
ARGX,992.99,238115967.02702853,32,32,2017-05-18,992.99,1.0,9.25119780971937
ARI,6.82,25605450.731800307,32,32,2016-01-04,19.68,2.885630498533724,10.620123203285422
ARKF,42.46,4073634.2974424297,32,32,2019-02-04,63.6,1.497880357983985,7.534565366187543
ARKG,43.21,99098679.61120722,32,32,2016-01-04,112.47,2.6028697060865538,10.620123203285422
ARKK,79.15,350030014.219586,32,32,2016-01-04,156.58,1.9782691092861655,10.620123203285422
ARKQ,126.8,13528408.88052178,32,32,2016-01-04,143.82,1.1342271293375394,10.620123203285422
ARKW,148.79,8242409.492149761,32,32,2016-01-04,187.47,1.2599637072383898,10.620123203285422
ARKX,33.98,19468476.10443306,32,32,2021-03-30,37.74,1.11065332548558,5.385352498288843
ARLO,13.38,16879859.823089704,32,32,2018-08-03,23.08,1.724962630792227,8.041067761806982
ARLP,25.67,6950782.38607512,32,32,2016-01-04,29.24,1.139072847682119,10.620123203285422
ARMK,60.5,140277067.43610802,32,32,2016-01-04,62.39,1.0312396694214876,10.620123203285422
AROC,34.12,53600961.790352225,32,32,2016-01-04,41.95,1.2294841735052757,10.620123203285422
AROW,38.98,3142837.9328007,32,32,2016-01-04,42.5,1.090302719343253,10.620123203285422
ARQT,26.54,39884137.81910409,32,32,2020-01-31,36.98,1.3933685003767897,6.546201232032854
ARR,16.38,61447934.22377916,32,32,2016-01-04,137.4,8.388278388278389,10.620123203285422
ARTNA,35.21,1055115.721082535,32,32,2016-01-04,61.96,1.7597273501846067,10.620123203285422
ARVN,9.26,5190934.670492159,32,32,2018-09-27,107.87,11.64902807775378,7.8904859685147155
ARW,213.51,116763562.23366365,32,32,2016-01-04,234.83,1.0998548077373427,10.620123203285422
ARWR,87.9,141335590.2735083,32,32,2016-01-04,90.47,1.0292377701934015,10.620123203285422
ASA,57.715,2543583.169326655,32,32,2016-01-04,81.29,1.4084726674174826,10.620123203285422
ASAN,9.16,39906419.1964006,32,32,2020-09-30,142.68,15.5764192139738,5.880903490759754
ASB,31.67,49133378.162364915,32,32,2016-01-04,32.33,1.0208399115882538,10.620123203285422
ASC,18.01,8585348.086324435,32,32,2016-01-04,23.38,1.2981676846196555,10.620123203285422
ASEA,21.402,408274.3043181,32,32,2016-01-04,21.622,1.010279413138959,10.620123203285422
ASG,5.4,1127012.59327413,32,32,2016-01-04,10.03,1.8574074074074072,10.620123203285422
ASGI,24.98,4084711.5787105,32,32,2020-07-29,25.64,1.0264211369095275,6.053388090349076
ASH,73.63,40384532.00948815,32,32,2016-01-04,113.58,1.54257775363303,10.620123203285422
ASHR,34.91,133744225.76166147,32,32,2016-01-04,46.4,1.3291320538527645,10.620123203285422
ASHS,44.33,457275.3486396205,32,32,2016-01-04,48.6096,1.0965395894428154,10.620123203285422
ASIX,16.56,4426186.29826586,32,32,2016-10-03,56.84,3.4323671497584547,9.872689938398358
ASLE,5.76,1939518.00716259,32,32,2020-12-23,23.83,4.137152777777778,5.650924024640657
ASMB,32.13,3486837.9468917046,32,32,2016-01-04,769.92,23.962651727357606,10.620123203285422
ASML,1802.98,2608044680.694198,32,32,2016-01-04,1989.44,1.1034176751821985,10.620123203285422
ASND,248.85,128788236.38368955,32,32,2016-01-04,277.18,1.1138436809322885,10.620123203285422
ASO,46.88,54179705.56422489,32,32,2020-10-02,75.16,1.6032423208191124,5.87542778918549
ASPN,5.58,4826059.980246195,32,32,2016-01-04,63.66,11.408602150537634,10.620123203285422
ASR,259.67,17231883.368778586,32,32,2016-01-04,381.16,1.4678630569569069,10.620123203285422
ASTC,7.93,623309.715041065,32,32,2021-03-26,66.3,8.360655737704917,5.3963039014373715
ASTE,41.4,9775062.8210055,32,32,2016-01-04,79.2,1.9130434782608696,10.620123203285422
ASTS,67.07,791914071.3002747,32,32,2021-04-07,133.09,1.984344714477412,5.363449691991787
ASUR,8.355,760949.577114435,32,32,2016-01-04,19.06,2.2812687013764212,10.620123203285422
ASX,36.41,326966258.2778355,32,32,2016-01-04,45.12,1.2392199945070037,10.620123203285422
ASYS,16.88,6060974.67498818,32,32,2016-01-04,23.99,1.4212085308056872,10.620123203285422
ATEC,9.53,17487869.87616958,32,32,2016-01-04,22.68,2.379853095487933,10.620123203285422
ATEN,26.6,40165890.72940567,32,32,2016-01-04,38.11,1.432706766917293,10.620123203285422
ATEX,90.75,34490746.81714715,32,32,2019-06-17,108.205,1.1923415977961431,7.170431211498974
ATFV,40.063,908730.2134454583,32,32,2021-05-04,41.745,1.0419838753962507,5.28952772073922
ATHM,21.97,15023952.892199803,32,32,2016-01-04,137.92,6.2776513427401,10.620123203285422
ATI,226.46,279995853.19914293,32,32,2016-01-04,231.78,1.0234920074185285,10.620123203285422
ATKR,93.44,36956495.27366297,32,32,2016-06-10,193.58,2.071703767123288,10.18754277891855
ATLC,97.58,15869794.22684448,32,32,2016-01-04,111.79,1.1456241032998566,10.620123203285422
ATLO,32.1,1001211.85887,32,32,2016-01-04,35.0,1.0903426791277258,10.620123203285422
ATMP,37.255,327458.00305068,32,32,2016-01-04,37.255,1.0,10.620123203285422
ATNI,31.42,1739149.87435024,32,32,2016-01-04,88.15,2.805537873965627,10.620123203285422
ATO,170.51,181481342.96304467,32,32,2016-01-04,192.29,1.1277344437276406,10.620123203285422
ATR,131.73,59998031.020782754,32,32,2016-01-04,176.15,1.337204888787672,10.620123203285422
ATRA,8.72,491042.5094422025,32,32,2016-01-04,1286.25,147.50573394495413,10.620123203285422
ATRC,45.76,28987650.501942337,32,32,2016-01-04,87.14,1.9042832167832169,10.620123203285422
ATRO,86.12,37428560.60227899,32,32,2021-03-26,93.45,1.0851137947050626,5.3963039014373715
AU,97.95,178183871.01988146,32,32,2016-01-04,128.26,1.3094435936702398,10.620123203285422
AUB,42.36,36755529.683407694,32,32,2019-05-20,43.55,1.0280925401322,7.2470910335386725
AUDC,9.81,957172.02794309,32,32,2016-01-04,44.76,4.562691131498471,10.620123203285422
AUPH,15.3,15532740.202883754,32,32,2016-01-04,33.08,2.1620915032679737,10.620123203285422
AUSF,52.04,2317106.6677900795,32,32,2018-08-28,52.3982,1.0068831667947733,7.972621492128679
AVA,38.43,21616655.91376606,32,32,2016-01-04,52.91,1.3767889669529012,10.620123203285422
AVAV,174.14,191220342.33622503,32,32,2016-01-04,409.83,2.3534512461238086,10.620123203285422
AVB,184.06,135238437.5897919,30,30,2016-01-04,258.26,1.4031294143214168,10.620123203285422
AVDE,93.24,79598443.98686075,32,32,2019-09-26,94.32,1.0115830115830116,6.893908281998631
AVDV,109.73,76641228.73778656,32,32,2019-09-26,111.2,1.0133965187277865,6.893908281998631
AVEM,92.04,147621227.07805413,32,32,2019-09-19,100.18,1.0884398087787919,6.913073237508556
AVGO,380.0,7416838100.769655,32,32,2016-01-04,481.57,1.2672894736842104,10.620123203285422
AVIG,40.74,6110844.758902419,32,32,2020-10-15,50.4097,1.2373514972999509,5.839835728952772
AVK,12.76,1773410.390528445,32,32,2016-01-04,19.81,1.5525078369905956,10.620123203285422
AVMU,44.96,658891.8948576576,32,32,2020-12-10,50.6013,1.1254737544483986,5.686516084873374
AVNS,24.99,11606935.68088191,15,15,2018-07-02,72.65,2.907162865146059,8.128678986995208
AVNT,43.46,30108278.945364453,32,32,2020-07-13,60.92,1.4017487344684767,6.09719370294319
AVNW,21.4,2180786.410162795,32,32,2016-01-04,41.975,1.9614485981308414,10.620123203285422
AVO,13.07,9646073.66064967,32,32,2020-10-01,22.69,1.7360367253251723,5.878165639972622
AVSF,46.375,1742178.8321447144,32,32,2020-10-15,50.245,1.0834501347708894,5.839835728952772
AVT,93.4,95562123.4092074,32,32,2016-01-04,98.63,1.0559957173447536,10.620123203285422
AVTR,13.33,110201319.501721,32,32,2019-05-17,44.01,3.301575393848462,7.255304585900069
AVUS,130.91,34219591.32731683,32,32,2019-09-26,132.47,1.0119165839126116,6.893908281998631
AVUV,126.71,142665694.215774,32,32,2019-09-26,128.74,1.0160208349775077,6.893908281998631
AVY,177.71,127143766.36096957,32,32,2016-01-04,229.52,1.2915424005402059,10.620123203285422
AWF,10.15,2928079.01648635,32,32,2016-01-04,13.09,1.289655172413793,10.620123203285422
AWI,177.15,74961559.83360699,32,32,2016-01-04,203.71,1.1499294383290997,10.620123203285422
AWK,136.27,260974276.12497514,32,32,2016-01-04,188.86,1.385925001834593,10.620123203285422
AWP,11.78,1790908.103390805,32,32,2016-01-04,20.97,1.7801358234295417,10.620123203285422
AWR,88.91,22791025.414459124,32,32,2016-01-04,103.44,1.1634236868743673,10.620123203285422
AX,97.66,30097580.586749278,32,32,2018-10-01,105.1,1.0761826745852958,7.879534565366187
AXGN,50.19,46079783.84607134,32,32,2016-01-04,55.9,1.1137676828053398,10.620123203285422
AXON,619.85,457938243.4454571,32,32,2016-01-04,870.97,1.405130273453255,10.620123203285422
AXP,338.52,934353032.3648643,32,32,2016-01-04,384.89,1.1369786127850645,10.620123203285422
AXR,22.85,204335.19265887,32,32,2021-03-26,38.5,1.684901531728665,5.3963039014373715
AXS,100.74,67388447.98315361,32,32,2016-01-04,119.27,1.1839388524915624,10.620123203285422
AXSM,215.69,169061358.58591428,32,32,2016-01-04,255.17,1.183040474755436,10.620123203285422
AXTA,35.42,50345451.14452839,32,32,2016-01-04,41.29,1.165725578769057,10.620123203285422
AYI,345.59,96643305.87131462,32,32,2016-01-04,376.69,1.0899910298330393,10.620123203285422
AZN,160.1,502847289.01477647,32,32,2021-03-26,209.48,1.3084322298563398,5.3963039014373715
AZO,3073.2,495060112.7661896,32,32,2016-01-04,4354.54,1.4169399973968502,10.620123203285422
AZZ,146.43,40608900.48467763,32,32,2016-01-04,160.17,1.0938332308953083,10.620123203285422
BA,223.06,1027686287.5673668,32,32,2016-01-04,440.62,1.9753429570519143,10.620123203285422
BAB,26.29,4973690.2056612,32,32,2016-01-04,34.64,1.3176112590338533,10.620123203285422
BABA,128.15,1102449992.3632674,32,32,2016-01-04,317.14,2.474756145142411,10.620123203285422
BAC,64.23,1778928023.8571248,32,32,2016-01-04,64.81,1.009030048264051,10.620123203285422
BAH,75.76,127219294.8607763,32,32,2016-01-04,186.0,2.455121436114044,10.620123203285422
BALY,8.91,650127.8652680401,32,32,2020-11-09,73.63,8.26374859708193,5.771389459274469
BAM,51.47,113215168.4208839,32,32,2016-01-04,68.29,1.3267923061977853,10.620123203285422
BANC,19.3,49605293.69163312,32,32,2016-01-04,23.12,1.1979274611398965,10.620123203285422
BAND,52.94,53618281.698308095,32,32,2017-11-10,193.08,3.6471477143936535,8.76933607118412
BANF,114.97,13559254.831933279,32,32,2016-01-04,136.48,1.1870922849438983,10.620123203285422
BANR,72.73,24762313.23150924,32,32,2016-01-04,76.26,1.0485356799120034,10.620123203285422
BANX,20.77,532426.7670400001,32,32,2016-01-04,23.45,1.129032258064516,10.620123203285422
BAP,368.44,102062971.91725636,32,32,2016-01-04,402.27,1.0918195635653023,10.620123203285422
BAPR,54.18,294902.2667344,32,32,2019-04-01,54.3617,1.0033536360280546,7.381245722108145
BAR,42.79,6712484.013889629,32,32,2017-08-31,53.16,1.242346342603412,8.9637234770705
BATRA,56.43,3196295.36770058,32,32,2016-04-18,57.75,1.023391812865497,10.33264887063655
BATRK,52.31,23073579.186837845,32,32,2016-04-18,53.58,1.0242783406614413,10.33264887063655
BATT,15.21,587756.8034942,32,32,2018-06-06,20.56,1.3517422748191978,8.199863107460644
BAUG,55.21,432096.2975,32,32,2019-08-01,55.58,1.0067016844774497,7.047227926078029
BAX,25.94,156851990.18165654,32,32,2016-01-04,94.14,3.6291441788743253,10.620123203285422
BBAX,64.0,12902197.770441804,32,32,2018-08-08,65.39,1.02171875,8.02737850787132
BBC,53.81,709303.828338163,32,32,2016-01-04,61.9163,1.1506467199405315,10.620123203285422
BBCA,106.26,18319680.495371453,32,32,2018-08-08,107.33,1.010069640504423,8.02737850787132
BBCP,9.24,1545551.408258355,32,32,2018-12-07,12.49,1.3517316017316017,7.696098562628337
BBDC,9.39,5080960.54486569,32,32,2018-08-03,12.34,1.3141640042598508,8.041067761806982
BBEU,79.92,14379879.112459488,32,32,2018-06-18,80.78,1.0107607607607607,8.167008898015059
BBGI,21.95,474514.36717656,32,32,2021-03-26,65.0,2.9612756264236904,5.3963039014373715
BBH,224.4799,972715.9985615,32,32,2016-01-04,224.4799,1.0,10.620123203285422
BBIN,80.55,4443974.71601865,32,32,2019-12-05,81.58,1.0127870887647423,6.702258726899384
BBIO,82.98,193569825.57016587,32,32,2019-06-27,90.17,1.086647384912027,7.143052703627652
BBJP,76.98,74457134.14915912,32,32,2018-06-18,79.43,1.0318264484281632,8.167008898015059
BBMC,127.8061,812412.01120384,32,32,2020-04-15,130.0155,1.017287124792948,6.3408624229979464
BBN,15.73,1722104.8632053449,32,32,2016-01-04,27.41,1.7425301970756515,10.620123203285422
BBP,103.4785,795442.5971344949,32,32,2016-01-04,103.6198,1.001365501046111,10.620123203285422
BBRE,107.68,2384177.423053995,32,32,2018-06-18,113.04,1.049777117384844,8.167008898015059
BBSI,32.95,8333540.075870095,32,32,2016-01-04,49.17,1.4922610015174507,10.620123203285422
BBUS,138.5,22158349.036687154,32,32,2019-03-13,140.4,1.0137184115523465,7.433264887063655
BBVA,28.79,37256536.46311772,32,32,2016-01-04,28.8,1.0003473428273706,10.620123203285422
BBW,37.44,10801175.513670944,32,32,2016-01-04,75.85,2.0259081196581197,10.620123203285422
BBY,87.27,260699209.93919298,32,32,2016-01-04,138.0,1.5812994156067377,10.620123203285422
BC,81.01,51746103.45707937,32,32,2016-01-04,115.91,1.430811010986298,10.620123203285422
BCAT,15.76,9243528.849080686,32,32,2020-09-25,23.7,1.5038071065989846,5.894592744695414
BCBP,8.92,1336705.79295339,32,32,2016-01-04,20.37,2.2836322869955157,10.620123203285422
BCC,80.18,24521927.01151519,32,32,2016-01-04,153.37,1.912821152407084,10.620123203285422
BCD,37.47,1107959.049468702,32,32,2017-03-31,42.25,1.1275687216439818,9.382614647501711
BCE,23.36,78550269.78607857,32,32,2016-01-04,59.02,2.526541095890411,10.620123203285422
BCH,41.09,10724687.19170285,32,32,2016-01-04,46.36,1.1282550498904842,10.620123203285422
BCI,24.89,30320977.98125743,32,32,2017-03-31,31.66,1.271996785857774,9.382614647501711
BCML,31.1,1565461.94540731,32,32,2018-05-04,34.79,1.1186495176848874,8.290212183436003
BCO,109.14,61512119.81699016,32,32,2016-01-04,135.58,1.242257650723841,10.620123203285422
BCPC,177.0,30770004.58755534,32,32,2016-01-04,183.41,1.0362146892655366,10.620123203285422
BCRX,9.7,33766550.00670929,32,32,2016-01-04,19.76,2.037113402061856,10.620123203285422
BCS,27.37,115514766.71816263,32,32,2016-01-04,28.56,1.0434782608695652,10.620123203285422
BCSF,12.07,3852042.28350986,32,32,2018-11-15,20.47,1.6959403479701738,7.756331279945243
BCV,25.4285,412424.935557,32,32,2016-01-04,35.67,1.4027567493167117,10.620123203285422
BCX,12.57,1614252.6646131952,32,32,2016-01-04,13.64,1.085123309466985,10.620123203285422
BDC,129.4,57485516.22616124,32,32,2016-01-04,150.91,1.166228748068006,10.620123203285422
BDEC,54.4605,246355.17678246,32,32,2019-12-02,54.77,1.0056830179671505,6.71047227926078
BDJ,9.81,4369581.96952458,32,32,2016-01-04,10.67,1.0876656472986748,10.620123203285422
BDRY,13.82,267146.609951425,32,32,2018-03-22,41.51,3.003617945007236,8.407939767282683
BDSX,22.34,1625409.971956645,32,32,2020-10-28,624.2,27.940913160250673,5.804243668720055
BDX,180.77,286139550.7974037,32,32,2016-01-04,285.99,1.5820656082314544,10.620123203285422
BE,209.01,3146235253.239407,32,32,2018-07-25,345.85,1.654705516482465,8.06570841889117
BEAM,26.57,48114633.9264165,32,32,2020-02-06,133.6,5.02822732404968,6.529774127310062
BEKE,16.87,49637110.87424864,32,32,2020-08-13,76.69,4.545939537640782,6.012320328542095
BELFA,230.82,35810193.20818978,32,32,2021-03-26,291.23,1.261719088467204,5.3963039014373715
BELFB,275.97,64008961.62447446,32,32,2016-01-04,333.04,1.206797840344965,10.620123203285422
BEN,33.99,146072019.74203935,32,32,2016-01-04,47.28,1.3909973521624006,10.620123203285422
BEP,32.8,27199537.133125648,32,32,2016-01-04,49.36,1.5048780487804878,10.620123203285422
BEPC,33.52,55651328.63310067,32,32,2020-07-30,62.4,1.8615751789976132,6.050650239561944
BEPH,15.1,310177.690895,32,32,2021-04-16,26.24,1.7377483443708608,5.338809034907597
BFAM,72.52,57250431.938345164,32,32,2016-01-04,181.69,2.505377826806398,10.620123203285422
BFC,155.98,13004666.722458355,32,32,2018-10-25,158.42,1.0156430311578408,7.813826146475017
BFEB,53.7717,233209.40925935283,32,32,2020-02-03,54.0551,1.0052704303564886,6.537987679671458
BFS,34.01,3475632.01715477,32,32,2016-01-04,68.58,2.0164657453690094,10.620123203285422
BFST,31.97,6669708.767153475,32,32,2018-04-11,32.28,1.0096965905536441,8.353182751540041
BG,114.36,124374344.5844204,32,32,2016-01-04,131.41,1.1490905911157747,10.620123203285422
BGB,11.27,1255400.875343,32,32,2016-01-04,16.37,1.4525288376220056,10.620123203285422
BGH,14.37,1122115.5338050001,32,32,2016-01-04,20.83,1.4495476687543494,10.620123203285422
BGLD,16.83,263918.50212815404,32,32,2021-01-21,25.34,1.5056446821152705,5.5715263518138265
BGR,17.22,1353269.21456717,32,32,2016-01-04,17.39,1.0098722415795587,10.620123203285422
BGRN,46.8449,1144865.9410947175,32,32,2018-11-27,56.33,1.2024788183985875,7.723477070499658
BGT,10.94,1313669.5901007499,32,32,2016-01-04,14.75,1.3482632541133457,10.620123203285422
BGX,10.85,592857.06183817,32,32,2016-01-04,16.99,1.5658986175115206,10.620123203285422
BGY,5.78,1134883.0972131,32,32,2016-01-04,6.83,1.1816608996539792,10.620123203285422
BH,383.3,59925364.41516046,32,32,2016-01-04,485.62,1.2669449517349334,10.620123203285422
BHB,40.58,3364379.7516860496,32,32,2016-01-04,40.73,1.003696402168556,10.620123203285422
BHC,6.93,10876379.39077457,32,32,2018-07-16,34.38,4.961038961038962,8.09034907597536
BHE,76.71,30841873.26791317,32,32,2016-01-04,98.67,1.286272976143919,10.620123203285422
BHF,53.64,36565495.76614462,32,32,2017-08-07,67.46,1.2576435495898581,9.02943189596167
BHFAL,15.67,378881.79993869003,32,32,2018-09-14,28.41,1.813018506700702,7.926078028747433
BHFAN,11.085,554451.085545,32,32,2020-11-23,27.54,2.484438430311231,5.73305954825462
BHFAO,13.92,485549.814918,32,32,2020-05-22,29.16,2.0948275862068964,6.239561943874059
BHFAP,13.5299,384932.70958350005,32,32,2019-03-26,28.86,2.1330534593751618,7.397672826830938
BHK,8.99,2647402.512530985,32,32,2016-01-04,17.22,1.9154616240266962,10.620123203285422
BHP,89.09,202202213.51350397,32,32,2016-01-04,93.15,1.045571893590751,10.620123203285422
BHVN,13.57,26593257.575566716,32,32,2017-05-04,152.2,11.215917464996314,9.289527720739219
BIB,111.9849,883350.38941412,32,32,2016-01-04,111.9849,1.0,10.620123203285422
BIBL,56.09,2216680.147475305,32,32,2017-10-31,57.88,1.0319129969691567,8.796714579055442
BIDU,90.87,213281649.9180873,32,32,2016-01-04,339.91,3.7406184659403543,10.620123203285422
BIIB,212.55,191750613.71196288,32,32,2016-01-04,414.71,1.951117384144907,10.620123203285422
BILI,16.99,36818880.453909785,32,32,2018-03-28,156.37,9.203649205414951,8.39151266255989
BILL,49.17,101237678.11535542,32,32,2019-12-12,342.26,6.960748423835672,6.683093771389459
BIO,352.69,85396968.76774164,32,32,2016-01-04,825.77,2.3413479259406276,10.620123203285422
BIP,38.32,32476053.500602983,32,32,2016-01-04,45.3267,1.182847077244259,10.620123203285422
BIPC,39.0,32071436.624683782,32,32,2020-03-31,53.64,1.3753846153846154,6.381930184804928
BIT,12.05,3269746.13909881,32,32,2016-01-04,19.15,1.589211618257261,10.620123203285422
BITQ,22.28,1500812.109116025,32,32,2021-05-12,34.1,1.530520646319569,5.2676249144421625
BIV,75.49,103718424.38754965,32,32,2016-01-04,94.37,1.2500993509074052,10.620123203285422
BIZD,13.22,35404044.64243144,32,32,2016-01-04,19.27,1.4576399394856276,10.620123203285422
BJ,92.69,136814453.35326463,32,32,2018-06-28,119.94,1.2939907217607078,8.139630390143736
BJAN,60.1931,370948.2104521395,32,32,2019-01-02,60.44,1.0041017990434118,7.624914442162902
BJRI,65.31,31072353.543113455,32,32,2016-01-04,75.7,1.1590874291838922,10.620123203285422
BJUL,55.4198,666690.8536761601,32,32,2018-08-29,55.8269,1.007345750074883,7.969883641341547
BJUN,49.715,334984.47629133,32,32,2019-06-03,50.09,1.00754299507191,7.208761122518823
BKAG,41.29,4894476.67055195,32,32,2020-04-24,51.27,1.2417050133204166,6.316221765913758
BKD,12.22,69741546.92454591,32,32,2016-01-04,19.3,1.579378068739771,10.620123203285422
BKE,43.11,19278023.016331896,32,32,2016-01-04,61.58,1.4284388772906518,10.620123203285422
BKH,73.15,55054736.42329463,32,32,2016-01-04,85.53,1.1692412850307587,10.620123203285422
BKHY,47.2403,822933.4814510325,32,32,2020-04-24,56.99,1.2063852261734156,6.316221765913758
BKR,64.44,437881154.3884479,32,32,2019-10-18,69.67,1.0811607697082557,6.833675564681725
BKTI,78.89,2941575.091733575,32,32,2018-06-05,96.95,1.2289263531499557,8.202600958247775
BKU,47.78,34685220.421069756,32,32,2016-01-04,50.93,1.0659271661783172,10.620123203285422
BL,30.23,27969085.528302833,32,32,2016-10-28,150.37,4.974197816738339,9.804243668720055
BLBD,61.46,33559717.722051606,32,32,2016-01-04,81.5,1.3260657338106085,10.620123203285422
BLCN,24.273,408746.25609306653,7,7,2018-01-17,52.24,2.1521855559675362,8.583162217659138
BLDR,67.62,139264540.53561997,32,32,2016-01-04,211.12,3.122153209109731,10.620123203285422
BLES,49.4623,312862.87713856413,32,32,2017-02-28,50.01,1.0110730799012582,9.467488021902806
BLFS,34.94,18713991.29142618,32,32,2016-01-04,60.5,1.7315397824842589,10.620123203285422
BLK,1154.35,691169241.0529184,32,32,2016-01-04,1202.59,1.041789751808377,10.620123203285422
BLKB,44.36,21334903.10777372,32,32,2016-01-04,118.9,2.6803426510369706,10.620123203285422
BLMN,10.66,15859587.767158821,32,32,2016-01-04,31.6,2.9643527204502815,10.620123203285422
BLOK,59.21,8697996.54298,32,32,2018-01-17,74.1,1.251477790913697,8.583162217659138
BLV,65.61,52650401.73029944,32,32,2016-01-04,117.53,1.7913427831123305,10.620123203285422
BLW,12.74,1553278.6647086649,32,32,2016-01-04,17.58,1.3799058084772369,10.620123203285422
BLX,54.65,8604240.951643769,32,32,2016-01-04,62.78,1.148764867337603,10.620123203285422
BMA,76.08,21556723.67658903,32,32,2016-01-04,135.46,1.7804942166140907,10.620123203285422
BMAR,58.8148,217042.796583715,32,32,2020-03-02,59.0787,1.0044869658657345,6.461327857631759
BMAY,48.3816,260735.728005525,32,32,2020-05-01,48.6727,1.0060167501694859,6.297056810403833
BME,44.86,1852385.417688845,32,32,2016-01-04,50.31,1.1214890771288453,10.620123203285422
BMEZ,16.29,1971539.70949583,32,32,2020-01-29,30.68,1.883364027010436,6.551676933607118
BMI,125.89,51211205.390859105,32,32,2016-01-04,254.17,2.0189848280244655,10.620123203285422
BMO,182.57,95294366.4801668,32,32,2016-01-04,185.81,1.017746617735663,10.620123203285422
BMRC,28.03,4167879.50355324,32,32,2016-01-04,46.65,1.6642882625758115,10.620123203285422
BMRN,66.99,98783163.09167627,32,32,2016-01-04,131.03,1.955963576653232,10.620123203285422
BMY,66.05,627030433.8289751,32,32,2016-01-04,81.13,1.2283118849356547,10.620123203285422
BND,72.22,522254808.0071554,32,32,2016-01-04,89.48,1.238991968983661,10.620123203285422
BNDW,67.37,5683576.310398588,32,32,2018-09-06,82.46,1.223986937806145,7.94798083504449
BNDX,47.59,171577899.16446882,32,32,2016-01-04,59.22,1.2443790712334524,10.620123203285422
BNED,11.95,3033303.08068397,32,32,2016-01-04,1283.0,107.36401673640168,10.620123203285422
BNL,20.78,37432977.19118129,32,32,2020-09-17,27.91,1.3431183830606352,5.916495550992471
BNO,52.11,93440777.47995758,32,32,2016-01-04,60.13,1.153905200537325,10.620123203285422
BNOV,48.9943,285868.8296387,32,32,2019-11-01,49.31,1.0064436067052698,6.795345653661875
BNS,90.13,161807345.4398539,32,32,2016-01-04,91.54,1.0156440696771332,10.620123203285422
BNTC,12.88,1070564.273454615,32,32,2016-01-04,240.89,18.70263975155279,10.620123203285422
BNTX,92.75,68322069.96129003,32,32,2019-10-10,447.23,4.821886792452831,6.855578370978781
BOCT,54.3248,245215.65125,32,32,2018-10-01,54.5351,1.0038711601331252,7.879534565366187
BOE,12.41,1114289.22156008,32,32,2016-01-04,13.86,1.1168412570507655,10.620123203285422
BOH,79.08,32364068.146746475,32,32,2016-01-04,96.16,1.2159838138593828,10.620123203285422
BOKF,145.02,31810081.320669018,32,32,2016-01-04,146.07,1.0072403806371535,10.620123203285422
BOND,90.5,44763925.65975498,32,32,2016-01-04,113.18,1.25060773480663,10.620123203285422
BOOM,7.08,951424.9015974499,32,32,2016-01-04,75.76,10.700564971751414,10.620123203285422
BOOT,158.09,99920557.12450503,32,32,2016-01-04,207.98,1.315579733063445,10.620123203285422
BOTZ,36.55,25831227.37553636,32,32,2016-09-13,41.63,1.1389876880984953,9.927446954140999
BOX,32.44,78570105.3202329,32,32,2016-01-04,38.55,1.188347718865598,10.620123203285422
BP,43.41,334273647.9944961,32,32,2016-01-04,47.63,1.0972126238193967,10.620123203285422
BPOP,175.6,75405892.98326728,32,32,2016-01-04,177.87,1.0129271070615036,10.620123203285422
BPRN,43.16,848515.3102406249,32,32,2017-08-01,43.47,1.007182576459685,9.045859000684462
BR,169.86,167087907.4994134,32,32,2016-01-04,266.89,1.5712351348169078,10.620123203285422
BRBR,10.38,48045492.23473047,32,32,2019-10-17,79.39,7.648362235067437,6.836413415468857
BRC,94.16,13954204.60284495,32,32,2016-01-04,98.24,1.0433305012744265,10.620123203285422
BRKR,56.86,106887375.03705123,32,32,2016-01-04,94.27,1.6579317622230039,10.620123203285422
BRO,69.37,164622033.980801,32,32,2016-01-04,124.43,1.7937148623324204,10.620123203285422
BRT,14.42,464938.47105712,32,32,2016-01-04,25.35,1.757975034674064,10.620123203285422
BRW,6.5,1352584.013164635,32,32,2021-06-07,9.46,1.4553846153846155,5.196440793976728
BRX,29.62,61080541.90025151,32,32,2016-01-04,32.69,1.1036461850101282,10.620123203285422
BRZU,83.56,1642692.48260823,32,32,2016-01-04,2218.65,26.551579703207278,10.620123203285422
BSAC,34.44,9803959.456659045,32,32,2016-01-04,37.46,1.0876887340301975,10.620123203285422
BSBR,5.6,14558301.182136651,32,32,2016-01-04,13.7,2.4464285714285716,10.620123203285422
BSCQ,19.56,14723843.951311875,32,32,2016-09-16,21.93,1.1211656441717792,9.919233401779604
BSCR,19.65,10011051.848831937,32,32,2017-09-27,22.4,1.1399491094147582,8.889801505817934
BSCS,20.38,9735279.889949787,32,32,2018-08-09,23.62,1.1589793915603535,8.02464065708419
BSCT,18.565,9099301.823361512,32,32,2019-09-13,21.86,1.1774845138701857,6.929500342231348
BSCU,16.57,10463711.46951375,32,32,2020-09-17,20.35,1.2281231140615572,5.916495550992471
BSET,19.05,861129.31703794,32,32,2016-01-04,41.3,2.1679790026246715,10.620123203285422
BSJQ,22.94,6322770.815630716,32,32,2018-08-09,26.2939,1.1462031386224933,8.02464065708419
BSJR,22.415,3248892.7520519197,32,32,2019-09-13,25.8,1.1510149453490968,6.929500342231348
BSJS,21.805,3411412.873074364,32,32,2021-03-26,25.775,1.1820683329511579,5.3963039014373715
BSL,13.05,400105.26594825997,32,32,2016-01-04,18.54,1.4206896551724137,10.620123203285422
BSM,14.59,4897904.227411145,32,32,2016-01-04,19.78,1.3557230980123374,10.620123203285422
BSMQ,23.545,766558.8060788999,32,32,2021-03-26,26.16,1.1110639201528987,5.3963039014373715
BSMS,23.405,1079860.5533475033,32,32,2021-03-26,26.59,1.1360820337534714,5.3963039014373715
BSMT,22.915,870604.8159123469,32,32,2021-03-26,26.49,1.1560113462797295,5.3963039014373715
BSRR,40.65,2433167.2089503994,32,32,2016-01-04,42.85,1.0541205412054122,10.620123203285422
BST,49.43,3748812.73064375,32,32,2016-01-04,61.14,1.2369006676107628,10.620123203285422
BSTZ,31.07,5022919.583696895,32,32,2019-06-26,43.53,1.4010299324106856,7.145790554414784
BSV,77.63,145622321.5116572,32,32,2016-01-04,83.3,1.073038773669973,10.620123203285422
BSVN,52.02,1695559.54053214,32,32,2021-03-26,52.34,1.0061514801999232,5.3963039014373715
BSX,50.47,822957109.8200011,32,32,2016-01-04,108.14,2.1426590053497128,10.620123203285422
BSY,34.64,90765029.40279195,32,32,2020-09-23,71.17,2.0545612009237875,5.900068446269678
BTAL,12.12,6685013.435633845,32,32,2016-01-04,26.28,2.1683168316831685,10.620123203285422
BTI,56.38,230917065.78651494,32,32,2016-01-04,73.28,1.2997516849946789,10.620123203285422
BTO,41.01,1673445.12295874,32,32,2016-01-04,52.03,1.2687149475737627,10.620123203285422
BTT,22.59,1543580.2872229551,32,32,2016-01-04,26.5,1.1730854360336431,10.620123203285422
BTU,25.18,48431419.596443936,32,32,2016-01-04,47.46,1.8848292295472597,10.620123203285422
BTZ,10.19,2576758.5492813,32,32,2016-01-04,15.93,1.563297350343474,10.620123203285422
BUD,77.43,126963904.96117891,32,32,2016-01-04,133.44,1.7233630375823323,10.620123203285422
BUFD,30.235,7560555.2896274,32,32,2021-01-21,30.32,1.0028113113940798,5.5715263518138265
BUFF,53.62,3717923.3380525,32,32,2016-01-04,53.81,1.003543453935099,10.620123203285422
BUFR,37.29,41873625.89949146,32,32,2020-08-11,37.43,1.0037543577366586,6.017796030116359
BUG,42.1,51304779.59570904,32,32,2019-10-31,44.46,1.0560570071258908,6.798083504449007
BUI,27.18,1750496.1150584249,32,32,2016-01-04,30.62,1.1265636497424578,10.620123203285422
BUL,63.8376,338086.118996781,32,32,2019-05-06,64.8221,1.0154219456871814,7.285420944558521
BURL,336.95,220040622.5383295,32,32,2016-01-04,372.19,1.1045852500370976,10.620123203285422
BUSE,30.92,24126054.721252255,32,32,2016-01-04,33.18,1.0730918499353168,10.620123203285422
BUZZ,35.85,2115430.8960584,32,32,2021-03-04,40.8,1.1380753138075312,5.456536618754278
BV,11.5,11821387.40859298,32,32,2016-01-04,22.87,1.9886956521739132,10.620123203285422
BVN,33.2,20722749.44651394,32,32,2016-01-04,43.67,1.3153614457831324,10.620123203285422
BVS,14.3,8690261.014188215,32,32,2021-02-11,19.21,1.3433566433566433,5.514031485284052
BW,9.14,36575027.91844653,32,32,2016-01-04,236.6,25.886214442013127,10.620123203285422
BWA,67.95,130917146.799483,32,32,2016-01-04,77.03,1.1336276674025019,10.620123203285422
BWB,22.35,3584062.6561765103,32,32,2018-03-14,22.49,1.0062639821029082,8.429842573579739
BWFG,67.43,4183808.7093310948,32,32,2016-01-04,68.15,1.0106777398783924,10.620123203285422
BWG,7.74,415544.9074545,32,32,2016-01-04,14.07,1.817829457364341,10.620123203285422
BWMN,42.53,3869744.1106393076,32,32,2021-05-07,44.43,1.044674347519398,5.281314168377824
BWMX,16.19,1230497.7685560202,32,32,2020-03-16,50.02,3.089561457689932,6.422997946611909
BWX,21.74,6521226.66996785,32,32,2016-01-04,31.45,1.4466421343146274,10.620123203285422
BWXT,165.01,151642561.77487457,32,32,2016-01-04,238.42,1.4448821283558573,10.620123203285422
BWZ,27.179,1024285.3092336501,32,32,2016-01-04,33.46,1.2310975385407852,10.620123203285422
BX,140.59,599470006.6169238,32,32,2016-01-04,199.05,1.415819048296465,10.620123203285422
BXC,82.57,9742629.721355464,32,32,2016-01-04,131.66,1.5945258568487346,10.620123203285422
BXMT,14.18,29443336.696008027,32,32,2016-01-04,40.51,2.8568406205923838,10.620123203285422
BXP,66.19,89474231.67249218,32,32,2016-01-04,147.51,2.22858437830488,10.620123203285422
BY,39.09,9839752.392427228,32,32,2017-06-30,39.78,1.017651573292402,9.13347022587269
BYD,82.48,77812243.08585048,32,32,2016-01-04,91.26,1.1064500484966053,10.620123203285422
BYLD,22.27,1292385.116912825,32,32,2016-01-04,26.2181,1.177283340817243,10.620123203285422
BZ,15.8,48119654.577335164,32,32,2021-06-11,42.05,2.6613924050632907,5.1854893908282
BZH,33.11,12270426.30337134,32,32,2016-01-04,35.73,1.0791301721534279,10.620123203285422
C,137.65,1408740761.753461,32,32,2016-01-04,145.67,1.0582637123138394,10.620123203285422
CAAP,22.99,4009535.14990865,32,32,2018-02-01,30.35,1.3201391909525881,8.542094455852157
CABO,28.07,7480329.22397482,32,32,2016-01-04,2293.76,81.71571072319203,10.620123203285422
CAC,58.24,4910069.135424681,32,32,2016-01-04,59.77,1.0262706043956045,10.620123203285422
CACC,570.54,73287763.63133839,32,32,2016-01-04,696.25,1.2203351211133313,10.620123203285422
CACI,656.06,133190525.23628092,32,32,2016-01-04,680.08,1.0366125049538153,10.620123203285422
CAE,26.02,15275491.816729475,32,32,2016-01-04,34.05,1.308608762490392,10.620123203285422
CAF,19.57,335159.54702572,32,32,2016-01-04,27.71,1.4159427695452222,10.620123203285422
CAG,15.52,189896236.27576756,32,32,2016-01-04,48.68,3.13659793814433,10.620123203285422
CAH,234.98,532330186.21222806,32,32,2016-01-04,240.26,1.0224699974465912,10.620123203285422
CAKE,106.36,152437669.4627844,32,32,2016-01-04,117.29,1.1027641970665665,10.620123203285422
CAL,12.92,5747699.268257735,32,32,2016-01-04,43.97,3.403250773993808,10.620123203285422
CALF,56.54,23315341.159599975,32,32,2017-06-19,57.125,1.010346657233817,9.163586584531142
CALM,81.19,74039976.33874813,32,32,2016-01-04,119.16,1.4676684320729154,10.620123203285422
CALX,39.16,39914421.85051891,32,32,2016-01-04,79.97,2.0421348314606744,10.620123203285422
CAMT,155.84,74240400.53918989,32,32,2016-01-04,207.46,1.3312371663244353,10.620123203285422
CANE,11.18,1957391.89227308,32,32,2016-01-04,15.48,1.3846153846153846,10.620123203285422
CAPL,24.03,678818.0713464799,32,32,2016-01-04,29.62,1.2326258843112776,10.620123203285422
CAR,137.62,51800357.9739667,32,32,2016-01-04,713.97,5.187981398052608,10.620123203285422
CARE,31.53,13227428.40630769,32,32,2019-03-25,35.72,1.1328893117665715,7.40041067761807
CARG,36.22,35603734.91461195,32,32,2017-10-12,55.91,1.5436223081170624,8.848733744010952
CARR,61.42,363738963.2876395,32,32,2020-04-03,82.67,1.345978508629111,6.373716632443532
CARS,11.87,7415250.14750154,32,32,2017-06-01,32.47,2.735467565290649,9.212867898699521
CARZ,105.6997,273786.24216803274,32,32,2016-01-04,123.17,1.1652823990985783,10.620123203285422
CASH,84.64,15570037.98102007,32,32,2016-01-04,99.93,1.180647448015123,10.620123203285422
CASS,57.7,3439322.5497854147,32,32,2016-01-04,61.8417,1.071779896013865,10.620123203285422
CASY,855.0,254033252.55685356,32,32,2016-01-04,916.28,1.071672514619883,10.620123203285422
CAT,840.87,2394442423.892489,32,32,2016-01-04,1064.9,1.2664264392831235,10.620123203285422
CATH,91.36,2709725.3363087866,32,32,2016-04-19,92.731,1.015006567425569,10.329911019849419
CATY,64.2,27627501.9261128,32,32,2016-01-04,64.93,1.0113707165109034,10.620123203285422
CB,345.29,581124594.5460865,32,32,2016-01-04,363.5,1.0527382779692431,10.620123203285422
CBAN,22.01,4684971.763773445,32,32,2016-01-04,22.27,1.011812812358019,10.620123203285422
CBNK,37.34,1903977.15974322,32,32,2016-01-04,37.94,1.0160685591858596,10.620123203285422
CBOE,290.99,271312931.26584804,32,32,2016-01-04,366.7,1.260180762225506,10.620123203285422
CBRE,147.3,211007316.3155914,32,32,2018-03-20,171.61,1.1650373387644264,8.413415468856947
CBRL,58.18,43546235.873452984,32,32,2016-01-04,183.29,3.1503953248539016,10.620123203285422
CBSH,59.56,60234829.88333617,32,32,2016-01-04,67.4467,1.132416051040967,10.620123203285422
CBT,84.26,34277731.447854295,32,32,2016-01-04,117.0,1.3885592214573936,10.620123203285422
CBU,64.61,16296601.476286221,32,32,2016-01-04,82.46,1.276273022751896,10.620123203285422
CBZ,54.73,40509263.527933136,32,32,2016-01-04,88.65,1.6197697789146723,10.620123203285422
CC,15.42,42070087.36695693,32,32,2016-01-04,57.23,3.7114137483787286,10.620123203285422
CCAP,10.82,2417346.490437655,32,32,2020-02-03,20.9,1.931608133086876,6.537987679671458
CCB,49.54,10559715.02525841,32,32,2018-07-18,118.97,2.4014937424303593,8.084873374401095
CCBG,51.97,3517316.1207550447,32,32,2016-01-04,52.84,1.016740427169521,10.620123203285422
CCD,25.81,1762768.6632328173,32,32,2016-01-04,33.76,1.308020147229756,10.620123203285422
CCEP,107.5,185506295.50979155,32,32,2018-11-07,111.71,1.0391627906976744,7.7782340862423
CCI,74.03,283014050.3881046,32,32,2016-01-04,208.74,2.8196677022828585,10.620123203285422
CCJ,96.03,288186607.8253999,32,32,2016-01-04,134.09,1.3963344788087055,10.620123203285422
CCK,116.86,109662734.51757163,32,32,2016-01-04,129.67,1.1096183467396885,10.620123203285422
CCL,27.27,445967351.8319589,32,32,2016-01-04,71.94,2.638063806380638,10.620123203285422
CCNE,34.82,5335313.343427399,32,32,2016-01-04,35.72,1.0258472142446868,10.620123203285422
CCOI,10.13,15322589.01053788,32,32,2016-01-04,90.75,8.958538993089832,10.620123203285422
CCRN,13.25,6201974.4934487995,11,11,2016-01-04,38.1,2.875471698113208,10.620123203285422
CCS,69.36,14623642.1991702,32,32,2016-01-04,106.75,1.539071510957324,10.620123203285422
CCU,11.55,1328634.43373986,32,32,2016-01-04,30.05,2.6017316017316015,10.620123203285422
CDC,77.55,878843.3736479385,32,32,2016-01-04,77.8535,1.00391360412637,10.620123203285422
CDE,18.51,524600702.5907711,32,32,2016-01-04,27.15,1.4667747163695297,10.620123203285422
CDL,80.9254,613153.9806688227,32,32,2016-01-04,81.2299,1.0037627246822383,10.620123203285422
CDNA,46.18,35210129.52852845,32,32,2016-01-04,95.6,2.070160242529233,10.620123203285422
CDNS,316.52,676036726.3402879,32,32,2016-01-04,416.39,1.3155250853026665,10.620123203285422
CDW,134.97,228136609.24274293,32,32,2016-01-04,257.87,1.9105727198636735,10.620123203285422
CE,44.65,72259031.89955582,32,32,2016-01-04,173.82,3.8929451287793952,10.620123203285422
CEE,20.78,428575.19842965005,32,32,2016-01-04,31.435,1.5127526467757457,10.620123203285422
CEF,43.78,21636694.04002717,32,32,2016-01-04,59.21,1.3524440383736867,10.620123203285422
CEFS,25.6,2035982.96414252,32,32,2017-03-21,25.82,1.00859375,9.409993155373032
CELC,93.24,112949908.163124,32,32,2017-09-20,144.98,1.554912054912055,8.908966461327857
CELH,29.9,253116919.91283253,32,32,2017-05-24,96.11,3.21438127090301,9.234770704996578
CEMB,45.27,1698461.2701473339,32,32,2016-01-04,53.18,1.1747294013695604,10.620123203285422
CENT,44.28,3455156.925055235,32,32,2016-01-04,47.56,1.0740740740740742,10.620123203285422
CENTA,38.48,10621388.224024225,32,32,2016-01-04,43.632,1.133887733887734,10.620123203285422
CENX,45.66,79653267.56953894,32,32,2016-01-04,68.77,1.5061322820849758,10.620123203285422
CEPU,12.77,2749105.822210715,32,32,2018-02-02,18.4,1.4408770555990602,8.539356605065024
CERT,8.01,28214500.95481339,32,32,2020-12-11,45.21,5.644194756554308,5.683778234086242
CET,54.32,1763050.1282595,32,32,2016-01-04,55.68,1.0250368188512518,10.620123203285422
CEV,10.66,238822.54889391002,32,32,2016-01-04,14.82,1.3902439024390243,10.620123203285422
CEVA,29.67,29609383.197470203,32,32,2016-01-04,74.11,2.497809234917425,10.620123203285422
CF,119.72,278023337.8377786,32,32,2016-01-04,137.6,1.1493484797861677,10.620123203285422
CFA,101.9527,439162.447408554,32,32,2016-01-04,103.0217,1.0104852544366163,10.620123203285422
CFFI,87.62,522643.899721025,32,32,2021-03-26,88.64,1.0116411778132846,5.3963039014373715
CFFN,8.64,6891142.074479275,32,32,2016-01-04,16.92,1.9583333333333335,10.620123203285422
CFG,73.46,263568949.8859024,32,32,2016-01-04,74.73,1.0172883201742446,10.620123203285422
CFO,82.6354,311558.0345936479,32,32,2016-01-04,83.4923,1.0103696478748816,10.620123203285422
CFR,167.33,97908964.27343845,32,32,2016-01-04,170.08,1.0164345903304848,10.620123203285422
CG,48.37,143720261.20504138,32,32,2016-01-04,69.35,1.4337399214389084,10.620123203285422
CGABL,16.025,208051.585,32,32,2021-05-19,26.65,1.6630265210608426,5.248459958932238
CGAU,21.28,23180769.381135173,32,32,2021-04-15,21.92,1.0300751879699248,5.341546885694729
CGBD,11.21,5459062.351232389,32,32,2017-06-14,20.04,1.7876895628902763,9.177275838466803
CGEM,20.84,10972033.44074281,32,32,2021-01-08,53.42,2.5633397312859887,5.607118412046543
CGNT,8.97,3865272.51335149,32,32,2016-01-04,32.02,3.569676700111483,10.620123203285422
CGNX,63.41,128284298.60977854,32,32,2016-01-04,144.86,2.2844977132944333,10.620123203285422
CGO,13.11,364292.359736,32,32,2016-01-04,17.3,1.3196033562166287,10.620123203285422
CGW,64.5532,1302622.35455235,32,32,2016-01-04,68.86,1.06671706437481,10.620123203285422
CHAU,22.385,2269463.8218064634,32,32,2016-01-04,56.2,2.510609783337056,10.620123203285422
CHCO,146.22,15810720.255641028,32,32,2016-01-04,147.98,1.012036657092053,10.620123203285422
CHCT,14.79,4175649.0975835454,32,32,2016-01-04,52.22,3.530764029749831,10.620123203285422
CHD,99.13,154315394.07589,32,32,2016-01-04,113.2,1.1419348330475134,10.620123203285422
CHDN,88.64,73971976.80644852,32,32,2016-01-04,149.08,1.6818592057761734,10.620123203285422
CHE,529.23,79328339.17456917,32,32,2016-01-04,650.7,1.2295221359333373,10.620123203285422
CHEF,108.3,46462124.128830045,32,32,2016-01-04,115.35,1.0650969529085872,10.620123203285422
CHGX,33.692,282128.9507380113,32,32,2017-10-10,40.4852,1.2016264988721357,8.854209445585216
CHH,107.18,59467410.95714922,32,32,2016-01-04,155.99,1.455402127262549,10.620123203285422
CHI,13.1,2033068.3991279951,32,32,2016-01-04,16.34,1.2473282442748093,10.620123203285422
CHIQ,17.715,325492.2843248,32,32,2016-01-04,43.37,2.4482077335591304,10.620123203285422
CHKP,130.31,153264498.3244784,32,32,2016-01-04,233.47,1.7916506791497198,10.620123203285422
CHMG,83.66,5097415.69220636,32,32,2021-03-26,83.92,1.0031078173559647,5.3963039014373715
CHPT,5.57,2374174.78796253,32,32,2021-03-01,713.8,128.1508078994614,5.464750171115674
CHRW,144.67,273904033.63903797,32,32,2016-01-04,209.42,1.4475703324808185,10.620123203285422
CHSCL,25.32,558844.015559,32,32,2016-01-04,31.31,1.2365718799368088,10.620123203285422
CHSCM,24.37,574521.24057189,32,32,2016-01-04,29.61,1.2150184653262206,10.620123203285422
CHSCN,25.13,408517.64467575,32,32,2016-01-04,31.25,1.2435336251492242,10.620123203285422
CHSCO,25.8,352111.8816175,32,32,2016-01-04,31.7,1.2286821705426356,10.620123203285422
CHSCP,26.57,384537.208692,32,32,2016-01-04,34.462,1.297026721866767,10.620123203285422
CHT,42.9,7211112.782390665,32,32,2016-01-04,46.95,1.0944055944055946,10.620123203285422
CHTR,148.35,300802104.81404305,32,32,2016-01-04,821.01,5.5342770475227505,10.620123203285422
CHW,8.54,1723019.034275,32,32,2016-01-04,11.23,1.3149882903981267,10.620123203285422
CHWY,23.04,155681920.4111845,32,32,2019-06-14,118.69,5.151475694444445,7.17864476386037
CHY,13.33,2333725.2798451,32,32,2016-01-04,17.08,1.2813203300825204,10.620123203285422
CI,278.5,413507265.7870452,32,32,2016-01-04,366.85,1.3172351885098743,10.620123203285422
CIB,97.65,20801137.508775454,32,32,2016-01-04,98.01,1.0036866359447005,10.620123203285422
CIBR,97.44,129150718.39422509,32,32,2016-01-04,102.2,1.0488505747126438,10.620123203285422
CIEN,405.54,763452574.151655,32,32,2016-01-04,627.0,1.5460866992158602,10.620123203285422
CIGI,104.77,20990971.57360926,32,32,2016-01-04,169.29,1.6158251407845756,10.620123203285422
CII,24.63,2125466.18912755,32,32,2016-01-04,26.15,1.0617133576938693,10.620123203285422
CIM,11.73,8097264.98280872,32,32,2016-01-04,68.94,5.877237851662404,10.620123203285422
CINF,171.35,134925564.19889513,32,32,2016-01-04,192.03,1.1206886489641086,10.620123203285422
CIVB,28.3,3552081.220703735,32,32,2016-01-04,29.3,1.0353356890459364,10.620123203285422
CL,91.46,390939140.8592459,32,32,2016-01-04,108.77,1.189263065821124,10.620123203285422
CLB,12.52,7453384.80633367,32,32,2016-01-04,133.97,10.700479233226837,10.620123203285422
CLBK,11.82,52693011.87143631,32,32,2018-04-20,24.5,2.072758037225042,8.328542094455852
CLDT,12.97,4242777.2954280805,32,32,2016-01-04,24.56,1.8936006168080184,10.620123203285422
CLDX,41.79,33270125.43708463,32,32,2016-01-04,232.05,5.552763819095477,10.620123203285422
CLF,11.88,187990539.063108,32,32,2016-01-04,33.07,2.7836700336700333,10.620123203285422
CLFD,28.15,5952206.9778734,32,32,2016-01-04,131.62,4.675666074600356,10.620123203285422
CLH,319.5,126590977.26506385,32,32,2016-01-04,326.34,1.0214084507042254,10.620123203285422
CLM,6.84,10867538.876125582,32,32,2016-01-04,18.27,2.6710526315789473,10.620123203285422
CLMT,50.81,48172662.97206512,32,32,2016-01-04,50.81,1.0,10.620123203285422
CLOU,27.75,7685327.19765307,32,32,2019-04-16,32.14,1.1581981981981981,7.340177960301164
CLPT,15.18,7781925.4543695105,32,32,2020-02-12,29.6,1.9499341238471675,6.513347022587269
CLS,310.59,745216040.6081338,32,32,2016-01-04,472.4,1.520976206574584,10.620123203285422
CLSK,11.73,260689596.79132247,32,32,2020-01-24,40.39,3.443307757885763,6.565366187542779
CLW,20.67,3000734.9933340102,32,32,2016-01-04,69.17,3.3463957426221573,10.620123203285422
CLX,105.55,224511751.06250775,32,32,2016-01-04,237.74,2.2523922311700617,10.620123203285422
CM,121.64,100606785.86622956,32,32,2016-01-04,123.74,1.0172640578756988,10.620123203285422
CMBS,48.37,1224250.5062742,32,32,2016-01-04,55.89,1.1554682654537938,10.620123203285422
CMC,70.98,69673066.7188904,32,32,2016-01-04,83.21,1.1723020569174414,10.620123203285422
CMCL,23.07,4509536.50417134,32,32,2017-07-27,37.72,1.6350238404854789,9.059548254620124
CMCO,17.8,8498299.09077476,32,32,2016-01-04,55.17,3.099438202247191,10.620123203285422
CMCSA,26.2,689943132.1879392,32,32,2016-01-04,61.75,2.3568702290076335,10.620123203285422
CMDY,61.325,2667143.5758275026,32,32,2018-04-05,67.63,1.1028128821850793,8.369609856262834
CME,271.54,562610529.6167719,32,32,2016-01-04,326.46,1.2022538115931354,10.620123203285422
CMF,56.53,24094585.68969909,32,32,2016-01-04,63.18,1.1176366531045463,10.620123203285422
CMG,33.36,573399162.3695141,32,32,2016-01-04,68.5522,2.05492206235012,10.620123203285422
CMI,620.81,529834062.89007664,32,32,2016-01-04,727.59,1.1720010953431808,10.620123203285422
CMP,24.72,10653412.4447709,32,32,2016-01-04,83.6,3.381877022653722,10.620123203285422
CMPR,89.68,15291647.35114125,32,32,2016-01-04,171.24,1.9094558429973238,10.620123203285422
CMPS,13.9,38483725.228722334,32,32,2020-09-18,59.2,4.258992805755396,5.9137577002053385
CMRE,14.93,5322252.715816369,32,32,2016-01-04,17.91,1.1995981245813798,10.620123203285422
CMS,71.06,284128566.5360373,32,32,2016-01-04,79.94,1.1249648184632703,10.620123203285422
CMSA,20.2801,258995.074225,32,32,2018-03-12,28.5,1.4053185142085098,8.435318275154003
CMSC,21.24,287467.22907600005,32,32,2018-10-01,28.53,1.343220338983051,7.879534565366187
CMSD,21.09,829686.4767366,32,32,2019-02-21,28.25,1.339497392128971,7.488021902806297
CMT,26.07,558450.4100013999,32,32,2016-01-04,29.65,1.1373225930187956,10.620123203285422
CNA,50.33,23979763.9105924,32,32,2016-01-04,55.31,1.0989469501291478,10.620123203285422
CNC,65.22,275335335.18189275,32,32,2016-01-04,97.22,1.4906470407850352,10.620123203285422
CNI,126.55,172722475.08660966,32,32,2016-01-04,136.63,1.0796523113393914,10.620123203285422
CNK,36.7,79474605.25987905,32,32,2016-01-04,44.58,1.2147138964577655,10.620123203285422
CNMD,49.26,25671731.463176735,32,32,2016-01-04,157.03,3.187779131140885,10.620123203285422
CNNE,14.99,6391288.22096765,32,32,2017-11-20,45.6,3.0420280186791193,8.7419575633128
CNO,54.52,35995222.48684437,32,32,2016-01-04,55.68,1.0212765957446808,10.620123203285422
CNOB,32.81,13500596.18888893,32,32,2016-01-04,36.97,1.1267906126181042,10.620123203285422
CNP,40.54,267770344.71096915,32,32,2016-01-04,45.04,1.1110014800197336,10.620123203285422
CNQ,49.59,317009837.654958,32,32,2016-01-04,50.55,1.0193587416817906,10.620123203285422
CNRG,91.9537,654631.4864159944,32,32,2019-06-25,146.84,1.5968906090782644,7.148528405201916
CNS,82.8,19969974.9791177,32,32,2016-01-04,106.6,1.28743961352657,10.620123203285422
CNX,35.37,52440933.84533661,32,32,2016-01-04,42.61,1.2046932428611818,10.620123203285422
CNXC,23.67,30407312.641715176,32,32,2016-01-04,205.79,8.694127587663708,10.620123203285422
CNXN,78.86,11118253.24214283,32,32,2016-09-09,86.79,1.100557950798884,9.938398357289527
CNXT,52.33,4799254.099838255,32,32,2016-01-04,62.41,1.192623733995796,10.620123203285422
CNYA,36.355,1006553.3006215851,32,32,2016-06-15,49.41,1.3590977857241096,10.173853524982889
CODA,10.12,797360.09401783,32,32,2017-07-19,18.97,1.8745059288537549,9.08145106091718
CODI,11.88,6400728.615582351,32,32,2016-01-04,32.83,2.763468013468013,10.620123203285422
COE,17.27,259368.16509802997,32,32,2021-03-26,92.0,5.327156919513608,5.3963039014373715
COF,221.47,809606874.5256855,32,32,2016-01-04,257.94,1.1646724161285953,10.620123203285422
COFS,34.03,2729597.118875155,32,32,2021-03-26,37.71,1.1081398765794888,5.3963039014373715
COGT,37.4,72270379.6342211,32,32,2016-09-26,42.84,1.1454545454545455,9.891854893908283
COHR,306.43,1568237448.5635667,32,32,2021-03-26,426.89,1.393107724439513,5.3963039014373715
COHU,59.22,53350734.351185545,32,32,2016-01-04,73.91,1.2480580884836203,10.620123203285422
COIN,146.23,1016338326.8889487,32,32,2021-04-14,419.78,2.870683170348082,5.344284736481861
COKE,188.64,83568264.62641244,32,32,2016-01-04,216.91,1.149862171331637,10.620123203285422
COLB,32.14,83497426.17151216,32,32,2016-01-04,50.45,1.5696950840074675,10.620123203285422
COLD,14.86,52863109.31591448,32,32,2018-01-19,41.05,2.762449528936743,8.577686516084873
COLL,28.5,15026798.165323585,32,32,2016-01-04,49.84,1.7487719298245614,10.620123203285422
COLM,57.89,33194670.557700664,32,32,2016-01-04,113.49,1.9604422179996543,10.620123203285422
COM,34.48,1127543.25173971,32,32,2017-03-30,35.81,1.0385730858468678,9.385352498288844
COMB,26.86,521113.37742884853,32,32,2017-05-25,35.35,1.3160833953834699,9.232032854209445
COMP,12.3,125094884.65330297,32,32,2021-04-01,20.15,1.638211382113821,5.379876796714579
COMT,34.24,7250012.396933934,32,32,2016-01-04,46.11,1.3466705607476634,10.620123203285422
COO,75.76,142300563.1676923,32,32,2016-01-04,113.98,1.5044878563885955,10.620123203285422
COP,129.72,749719963.669416,32,32,2016-01-04,134.94,1.040240518038853,10.620123203285422
COPX,85.57,190712742.97400624,32,32,2016-01-04,95.7,1.118382610728059,10.620123203285422
CORN,18.42,5085427.58702687,32,32,2016-01-04,30.05,1.6313789359391964,10.620123203285422
CORP,94.82,4641587.281551913,32,32,2016-01-04,118.0,1.24446319341911,10.620123203285422
CORT,118.1,100047069.73075294,32,32,2016-01-04,118.32,1.0018628281117696,10.620123203285422
COST,961.35,1788529775.157628,32,32,2016-01-04,1094.32,1.138315909918344,10.620123203285422
COUR,5.69,27857866.361030363,32,32,2021-03-31,58.0,10.193321616871705,5.382614647501711
COWZ,70.42,54995930.20773956,32,32,2016-12-19,70.88,1.0065322351604657,9.661875427789186
CP,93.68,217798018.11622936,32,32,2016-01-04,93.92,1.0025619128949614,10.620123203285422
CPA,129.46,37335068.545723565,32,32,2016-01-04,157.19,1.214197435501313,10.620123203285422
CPAC,11.75,556820.80029693,32,32,2021-03-26,12.7,1.0808510638297872,5.3963039014373715
CPB,22.86,117188492.34395751,32,32,2016-01-04,67.55,2.9549431321084865,10.620123203285422
CPER,39.18,14990966.244988892,32,32,2016-01-04,40.85,1.0426237876467586,10.620123203285422
CPF,37.96,5886711.475149181,32,32,2016-01-04,39.99,1.053477344573235,10.620123203285422
CPK,136.56,25169433.297788598,32,32,2016-01-04,145.81,1.0677357937902754,10.620123203285422
CPNG,15.58,299491549.67588985,32,32,2021-03-11,50.45,3.238125802310655,5.437371663244353
CPRI,14.42,57934105.42856699,32,32,2019-01-02,70.76,4.907073509015257,7.624914442162902
CPRT,31.51,299269852.07258326,32,32,2016-01-04,63.84,2.026023484608061,10.620123203285422
CPRX,31.49,47418919.37165145,7,7,2016-01-04,31.5,1.0003175611305177,10.620123203285422
CPS,27.88,5032154.248433385,32,32,2016-01-04,144.83,5.194763271162124,10.620123203285422
CPT,107.28,85942856.20300296,32,32,2016-01-04,178.68,1.6655480984340045,10.620123203285422
CPZ,13.325,934428.9664609149,32,32,2019-11-26,21.33,1.600750469043152,6.7268993839835725
CQP,68.72,6656746.426171426,32,32,2016-01-04,70.14,1.020663562281723,10.620123203285422
CQQQ,50.5,41760573.2393845,32,32,2016-01-04,108.11,2.140792079207921,10.620123203285422
CR,214.98,95016483.25222778,32,32,2016-01-04,226.44,1.0533072843985487,10.620123203285422
CRAI,168.17,25582058.65658713,32,32,2016-01-04,223.33,1.3280014271273117,10.620123203285422
CRAK,60.1,17909136.677184172,32,32,2016-01-04,60.1,1.0,10.620123203285422
CRBN,257.72,1193169.6781353073,32,32,2016-01-04,261.31,1.0139298463448703,10.620123203285422
CRBP,10.08,2525175.2071772795,32,32,2016-01-04,310.5,30.803571428571427,10.620123203285422
CRC,53.14,38007633.91187515,32,32,2016-01-04,70.13,1.3197214904027097,10.620123203285422
CRCT,5.48,2494643.3982368503,32,32,2021-03-25,42.6,7.773722627737226,5.3990417522245036
CRESY,10.37,2332735.5170830702,32,32,2016-01-04,20.6563,1.9919286403085827,10.620123203285422
CRF,6.53,6221732.308934229,32,32,2016-01-04,17.49,2.6784073506891266,10.620123203285422
CRH,93.25,414339675.05120134,32,32,2016-01-04,131.38,1.4089008042895441,10.620123203285422
CRI,37.56,33424369.341525905,32,32,2016-01-04,122.77,3.26863684771033,10.620123203285422
CRK,13.66,28753587.02823603,32,32,2016-01-04,30.74,2.2503660322108345,10.620123203285422
CRL,279.19,208989201.08185977,32,32,2016-01-04,458.3,1.6415344389125686,10.620123203285422
CRM,196.14,2142717607.3544111,32,32,2016-01-04,367.87,1.8755480779035385,10.620123203285422
CRMD,8.17,7265793.434363555,32,32,2016-01-04,22.5,2.7539779681762546,10.620123203285422
CRNC,8.47,6205297.04115333,32,32,2019-10-02,133.43,15.753246753246753,6.877481177275839
CRNX,84.72,228270481.15872794,32,32,2018-07-18,84.75,1.0003541076487252,8.084873374401095
CROX,128.66,125611417.0169613,32,32,2016-01-04,180.57,1.4034665008549665,10.620123203285422
CRS,531.96,330735008.2812129,32,32,2016-01-04,619.25,1.1640912850590268,10.620123203285422
CRSP,52.97,71050999.63770771,32,32,2016-10-19,210.04,3.965263356616953,9.828884325804244
CRSR,11.93,15753012.91221258,32,32,2020-09-23,51.26,4.296730930427493,5.900068446269678
CRTO,17.88,7036023.980606331,32,32,2016-01-04,55.39,3.097874720357942,10.620123203285422
CRUS,116.88,92031504.97612496,32,32,2016-01-04,178.9,1.5306297056810405,10.620123203285422
CRVL,67.34,10345243.09349912,32,32,2016-01-04,128.46,1.9076329076329077,10.620123203285422
CSB,67.5775,464467.01941904274,32,32,2016-01-04,68.2272,1.009614146720432,10.620123203285422
CSCO,111.61,2377716366.174843,32,32,2016-01-04,130.0,1.1647701818833438,10.620123203285422
CSD,135.3949,1945270.433416733,32,32,2016-01-04,149.75,1.106023934431799,10.620123203285422
CSGP,31.38,187672368.07564473,32,32,2016-01-04,99.74,3.1784576163161247,10.620123203285422
CSIQ,14.74,28592280.4879235,32,32,2016-01-04,64.15,4.352103120759837,10.620123203285422
CSL,356.36,159019434.93261653,32,32,2016-01-04,480.93,1.3495622404310248,10.620123203285422
CSM,88.7966,305690.47985247,32,32,2016-01-04,89.9993,1.013544437512247,10.620123203285422
CSQ,20.79,3513536.918792095,32,32,2016-01-04,21.03,1.0115440115440117,10.620123203285422
CSR,53.33,6936489.86894121,32,32,2020-12-21,111.26,2.0862553909619352,5.6563997262149215
CSTL,29.03,8925993.15910276,32,32,2019-07-25,97.33,3.352738546331381,7.066392881587953
CSTM,27.99,45503919.66895739,32,32,2016-01-04,36.15,1.2915326902465167,10.620123203285422
CSV,34.35,5410297.637169385,32,32,2016-01-04,65.91,1.918777292576419,10.620123203285422
CSWC,24.59,14845704.484515049,32,32,2016-01-04,28.34,1.1525010166734444,10.620123203285422
CSX,50.24,550400186.9860604,32,32,2016-01-04,53.23,1.059514331210191,10.620123203285422
CTAS,199.45,435007262.2350732,32,32,2016-01-04,227.66,1.1414389571321133,10.620123203285422
CTBI,78.11,8257768.823180076,32,32,2016-01-04,79.46,1.0172833183971322,10.620123203285422
CTO,21.86,6934963.880027985,32,32,2016-01-04,22.65,1.036139066788655,10.620123203285422
CTOS,9.95,9897726.83737715,32,32,2021-04-05,11.97,1.2030150753768847,5.368925393566051
CTRE,39.3,81652488.73062801,32,32,2016-01-04,43.4,1.104325699745547,10.620123203285422
CTRN,71.93,7756263.36214107,32,32,2016-01-04,108.45,1.507715834839427,10.620123203285422
CTS,59.97,11446352.47022848,32,32,2016-01-04,68.31,1.1390695347673838,10.620123203285422
CTSH,57.78,432382950.777979,32,32,2016-01-04,93.12,1.6116303219106958,10.620123203285422
CTVA,77.91,313398496.4971161,32,32,2019-06-03,90.51,1.161725067385445,7.208761122518823
CUBE,40.96,82453805.20566426,32,32,2016-01-04,57.02,1.39208984375,10.620123203285422
CUBI,80.76,21361654.74378214,32,32,2016-01-04,83.65,1.0357850421000496,10.620123203285422
CURE,133.72,8251997.035234351,32,32,2016-01-04,147.52,1.1032007179180379,10.620123203285422
CUZ,29.0,42851020.406745434,32,32,2016-01-04,45.6,1.5724137931034483,10.620123203285422
CVBF,23.04,30659582.650854148,32,32,2016-01-04,28.95,1.2565104166666667,10.620123203285422
CVCO,584.77,51895612.10976656,32,32,2016-01-04,697.76,1.1932212664808386,10.620123203285422
CVE,32.52,188827932.13295817,32,32,2016-01-04,32.52,1.0,10.620123203285422
CVEO,33.58,4362097.12727004,32,32,2016-01-04,54.72,1.6295413936867182,10.620123203285422
CVI,36.66,30042594.987849817,32,32,2016-01-04,55.17,1.5049099836333881,10.620123203285422
CVLG,34.05,7514007.844810289,32,32,2020-07-06,49.88,1.4649045521292219,6.116358658453114
CVLT,142.81,80839093.56942603,32,32,2016-01-04,195.41,1.3683215461102163,10.620123203285422
CVS,94.91,741208968.885107,32,32,2016-01-04,110.83,1.1677378569170793,10.620123203285422
CVX,205.74,1394792843.9975548,32,32,2016-01-04,211.15,1.0262953241955866,10.620123203285422
CW,695.67,167109930.32913125,32,32,2016-01-04,792.77,1.1395776733221212,10.620123203285422
CWB,104.45,63703238.31235087,32,32,2016-01-04,110.74,1.0602202010531354,10.620123203285422
CWBC,26.15,6235103.531844519,32,32,2021-03-26,28.02,1.0715105162523901,5.3963039014373715
CWCO,30.07,2477852.4651202494,32,32,2016-01-04,38.43,1.2780179580977717,10.620123203285422
CWEB,22.25,10690952.211800333,32,32,2016-11-02,1084.5,48.741573033707866,9.790554414784394
CWEN,33.11,35208918.6024139,32,32,2018-09-17,41.61,1.2567200241618846,7.917864476386037
CWH,6.3,13733088.995469812,32,32,2016-10-07,48.43,7.6873015873015875,9.86173853524983
CWI,41.0,7426432.974820197,32,32,2016-01-04,41.71,1.0173170731707317,10.620123203285422
CWK,14.16,23249694.061741687,32,32,2018-08-02,23.12,1.632768361581921,8.043805612594113
CWS,72.7614,319908.370266357,32,32,2016-09-21,73.4881,1.0099874383945335,9.905544147843942
CWST,89.91,55864945.24807653,32,32,2016-01-04,120.37,1.3387832276721168,10.620123203285422
CWT,49.86,19301866.370228678,32,32,2016-01-04,71.87,1.4414360208584036,10.620123203285422
CX,10.66,78714007.75495768,32,32,2016-01-04,13.55,1.2711069418386491,10.620123203285422
CXSE,38.7697,521160.64663967537,32,32,2016-01-07,80.87,2.0859072935823595,10.611909650924025
CXW,32.4,31595063.228878625,32,32,2016-01-04,35.03,1.0811728395061728,10.620123203285422
CYD,45.63,4916955.902666731,32,32,2016-01-04,59.71,1.3085689239535392,10.620123203285422
CYRX,15.09,8616005.748631146,32,32,2016-01-04,83.29,5.519549370444003,10.620123203285422
CYTK,76.1,135933922.4216566,32,32,2016-01-04,108.06,1.4199737187910646,10.620123203285422
CZNC,26.09,1670449.137873205,32,32,2016-01-04,29.24,1.12073591414335,10.620123203285422
CZR,29.63,104178377.32993895,32,32,2016-01-04,119.49,4.032737090786365,10.620123203285422
CZWI,21.17,1010640.464157765,32,32,2021-03-26,23.95,1.1313179026924893,5.3963039014373715
D,68.61,244096909.20077592,32,32,2016-01-04,89.8,1.3088471068357381,10.620123203285422
DAC,145.3,15109525.67366651,32,32,2016-01-04,146.28,1.0067446662078459,10.620123203285422
DAKT,19.43,8668386.11429032,32,32,2016-01-04,27.73,1.42717447246526,10.620123203285422
DAL,85.7,486752225.041034,32,32,2016-01-04,93.66,1.092882147024504,10.620123203285422
DAN,30.79,38669391.27293023,32,32,2016-01-04,38.93,1.264371549204287,10.620123203285422
DAO,17.01,764339.041964185,32,32,2019-10-25,46.01,2.70487948265726,6.8145106091718
DAPP,17.35,5680505.236121185,32,32,2021-04-14,34.34,1.9792507204610952,5.344284736481861
DAPR,41.5445,254258.33036749996,32,32,2021-04-19,41.67,1.0030208571531731,5.330595482546201
DAR,68.34,125678309.55894479,32,32,2016-01-04,87.18,1.2756804214223003,10.620123203285422
DASH,216.35,698195634.567971,32,32,2020-12-09,281.74,1.3022417379246591,5.689253935660506
DAUG,47.5,212584.30064187502,32,32,2019-11-07,47.51,1.0002105263157894,6.778918548939083
DAX,46.87,1455495.4371050484,32,32,2016-01-04,47.52,1.0138681459355665,10.620123203285422
DB,38.09,60736600.40059186,32,32,2016-01-04,40.33,1.0588080861118403,10.620123203285422
DBA,28.03,18561343.47468601,32,32,2016-01-04,28.73,1.024973242953978,10.620123203285422
DBAW,48.12,1012324.11895089,32,32,2016-01-04,49.1898,1.0222319201995012,10.620123203285422
DBB,25.07,3722554.5670811804,32,32,2016-01-04,26.97,1.0757877941763063,10.620123203285422
DBC,30.48,23168762.634652272,32,32,2016-01-04,31.69,1.0396981627296589,10.620123203285422
DBD,68.59,21843378.519438863,32,32,2021-03-26,90.75,1.3230791660591923,5.3963039014373715
DBE,32.52,953450.7202275251,32,32,2016-01-04,34.16,1.0504305043050428,10.620123203285422
DBEF,55.77,20744142.58403466,32,32,2016-01-04,56.64,1.015599784830554,10.620123203285422
DBEM,38.4782,237923.83203547998,32,32,2016-01-04,42.54,1.105561070944067,10.620123203285422
DBEU,54.8529,1163704.3040721396,32,32,2016-01-04,55.4675,1.0112045124323419,10.620123203285422
DBI,5.88,2416636.28843474,32,32,2019-04-02,23.24,3.952380952380952,7.378507871321013
DBJP,115.4555,1927682.0668706112,32,32,2016-01-04,119.0573,1.0311964349901044,10.620123203285422
DBL,14.2,749122.0222592,32,32,2016-01-04,27.54,1.93943661971831,10.620123203285422
DBMF,31.27,43580899.465822056,32,32,2019-05-08,34.79,1.112567956507835,7.279945242984257
DBO,21.63,8705933.361298565,32,32,2016-01-04,23.8,1.1003236245954693,10.620123203285422
DBP,99.97,860824.9942219346,32,32,2016-01-04,136.43,1.3647094128238473,10.620123203285422
DBVT,14.47,4333292.77372001,32,32,2016-01-04,493.6,34.11195577055978,10.620123203285422
DBX,33.87,114646930.23644567,32,32,2018-03-23,42.0,1.2400354295837024,8.405201916495551
DCBO,22.69,1474207.65678589,32,32,2020-12-03,92.32,4.068752754517408,5.705681040383299
DCI,93.97,58372131.60900657,32,32,2016-01-04,110.57,1.1766521230179845,10.620123203285422
DCO,204.27,46639869.39759296,32,32,2016-01-04,206.98,1.0132667547853331,10.620123203285422
DCOM,40.63,11741944.673314802,32,32,2016-01-04,41.74,1.0273197144966772,10.620123203285422
DDEC,48.2393,254533.1046,32,32,2020-12-21,48.3502,1.0022989554160198,5.6563997262149215
DDLS,45.93,665526.1424420613,32,32,2016-01-07,46.94,1.0219899847594165,10.611909650924025
DDM,67.63,9524048.579110794,32,32,2016-01-04,70.29,1.0393316575484255,10.620123203285422
DDOG,246.0,1113498786.3454275,32,32,2019-09-19,288.15,1.171341463414634,6.913073237508556
DDS,584.6,62467328.073812924,32,32,2016-01-04,730.73,1.2499657885733835,10.620123203285422
DDWM,47.13,2763715.56518208,32,32,2016-01-07,47.83,1.0148525355399958,10.611909650924025
DE,588.72,587264819.2272696,32,32,2016-01-04,662.49,1.1253057480635955,10.620123203285422
DEA,24.5,8874952.766982168,32,32,2016-01-04,73.3,2.9918367346938775,10.620123203285422
DECK,89.51,204678809.91000715,32,32,2016-01-04,223.11,2.4925706624958104,10.620123203285422
DEED,21.17,288725.67302274995,32,32,2020-04-30,26.105,1.233112895606991,6.299794661190965
DEI,11.57,20913405.325385645,32,32,2016-01-04,45.32,3.9170267934312877,10.620123203285422
DELL,468.65,2522575256.4666486,32,32,2018-12-28,494.51,1.055179771684626,7.638603696098563
DEM,53.97,8053334.29765355,32,32,2016-01-04,56.44,1.0457661663887345,10.620123203285422
DEO,90.98,79743854.51398453,32,32,2016-01-04,222.11,2.4413057814904375,10.620123203285422
DES,41.12,4312428.89113383,32,32,2016-01-04,41.73,1.0148346303501945,10.620123203285422
DEUS,67.8032,433665.071939075,32,32,2016-01-04,68.3506,1.0080733652688958,10.620123203285422
DEW,72.8331,229269.25770789402,32,32,2016-01-04,72.834,1.0000123570189927,10.620123203285422
DFAC,45.64,94079757.04379052,32,32,2021-06-14,46.22,1.0127081507449605,5.177275838466803
DFAE,38.65,38906121.78616696,32,32,2020-12-02,41.95,1.0853816300129366,5.708418891170431
DFAI,42.88,65782195.56,32,32,2020-11-18,43.42,1.0125932835820894,5.746748802190281
DFAS,83.04,37297077.76771457,32,32,2021-06-14,84.48,1.0173410404624277,5.177275838466803
DFAT,71.65,19577465.178021744,32,32,2021-06-14,72.72,1.01493370551291,5.177275838466803
DFAU,53.15,27792725.474774547,32,32,2020-11-18,53.85,1.013170272812794,5.746748802190281
DFE,76.8215,255712.00945368002,32,32,2016-01-04,79.11,1.0297898374803929,10.620123203285422
DFEB,51.29,356259.420031,32,32,2020-02-24,51.445,1.0030220315851044,6.480492813141684
DFEN,87.23,10311340.98143236,32,32,2017-05-03,97.48,1.1175054453742979,9.292265571526352
DFH,14.29,8564717.198447414,32,32,2021-01-21,43.73,3.060181945416375,5.5715263518138265
DFIN,48.38,9689421.76229699,32,32,2016-10-03,69.9,1.4448119057461761,9.872689938398358
DFJ,112.8134,1700095.6995701874,32,32,2016-01-04,114.89,1.0184073877748565,10.620123203285422
DFNL,52.54,1029188.7239945482,32,32,2017-01-12,53.0022,1.008797106966121,9.596167008898014
DFP,20.76,787897.54170963,32,32,2016-01-04,31.42,1.5134874759152215,10.620123203285422
DFUS,83.89,43856606.538411215,32,32,2021-06-14,85.08,1.0141852425795685,5.177275838466803
DG,120.84,248487799.8381859,32,32,2016-01-04,260.44,2.155246607083747,10.620123203285422
DGICA,18.61,1949840.41636904,32,32,2016-01-04,20.95,1.1257388500806018,10.620123203285422
DGII,81.04,25635422.203663655,32,32,2016-01-04,85.24,1.0518262586377096,10.620123203285422
DGP,153.2157,19095224.611144982,32,32,2016-01-04,241.968,1.5792637438591475,10.620123203285422
DGRE,39.5039,260631.69754737458,32,32,2016-01-04,42.27,1.070020934641896,10.620123203285422
DGRO,79.68,103066180.2375506,32,32,2016-01-04,80.0,1.004016064257028,10.620123203285422
DGRS,60.5912,1751922.34500231,32,32,2016-01-04,61.6265,1.0170866396440408,10.620123203285422
DGRW,99.07,50839176.36282967,32,32,2016-01-04,100.32,1.0126173412738468,10.620123203285422
DGS,62.72,2392948.182974004,32,32,2016-01-04,66.6,1.061862244897959,10.620123203285422
DGT,190.7212,1218599.707243506,32,32,2016-01-05,192.5813,1.0097529797421576,10.617385352498289
DGX,236.25,186517644.18075207,32,32,2016-01-04,238.5,1.0095238095238095,10.620123203285422
DHCNI,18.33,208693.75771550002,32,32,2020-01-02,25.56,1.3944353518821604,6.625598904859685
DHI,145.68,326758960.61491984,32,32,2016-01-04,197.06,1.352690829214717,10.620123203285422
DHR,199.58,801877795.2012743,32,32,2016-01-04,332.43,1.6656478605070648,10.620123203285422
DHS,118.845,2602698.481988093,32,32,2016-01-04,119.25,1.003407800075729,10.620123203285422
DHT,19.31,49738859.63554325,32,32,2016-01-04,19.96,1.033661315380632,10.620123203285422
DIA,532.91,1737790835.9857113,32,32,2016-01-04,542.81,1.0185772456887654,10.620123203285422
DIAL,17.915,612138.79146006,32,32,2017-10-12,22.09,1.2330449344125036,8.848733744010952
DIG,69.46,1590438.42520606,32,32,2016-01-04,69.51,1.0007198387561187,10.620123203285422
DIN,34.96,8902335.89897652,32,32,2016-01-04,103.38,2.957093821510297,10.620123203285422
DINT,29.762,230399.99002338998,32,32,2018-03-02,30.4949,1.0246253611988443,8.462696783025326
DIOD,99.1,45591963.83068842,32,32,2016-01-04,122.76,1.2387487386478306,10.620123203285422
DIS,103.95,991818008.4097712,32,32,2016-01-04,201.91,1.9423761423761423,10.620123203285422
DIV,19.61,3696665.85013391,32,32,2016-01-04,25.86,1.3187149413564507,10.620123203285422
DIVB,67.995,12867255.525633302,32,32,2017-11-09,68.44,1.0065445988675636,8.772073921971252
DIVO,48.41,34134324.711857386,32,32,2016-12-14,48.45,1.0008262755629003,9.675564681724847
DIVZ,38.62,788203.106111265,32,32,2021-01-28,39.4118,1.0205023303987573,5.552361396303901
DJAN,46.3352,356961.7608275,32,32,2021-01-19,46.46,1.0026934166681054,5.577002053388091
DJCO,600.54,26348867.34764309,32,32,2021-03-26,664.72,1.1068704832317582,5.3963039014373715
DJD,65.67,2682159.449327985,32,32,2016-01-04,66.15,1.007309273640932,10.620123203285422
DJP,49.39,1443554.82903704,32,32,2016-01-04,51.64,1.045555780522373,10.620123203285422
DJUL,51.1349,1048753.5573,32,32,2020-07-20,51.41,1.0053798873176636,6.078028747433265
DJUN,50.08,789953.8962600001,32,32,2020-06-22,50.3247,1.0048861821086261,6.154688569472964
DK,68.22,76243928.70827025,32,32,2016-01-04,68.3,1.001172676634418,10.620123203285422
DKL,53.74,4082493.03741496,32,32,2016-01-04,62.82,1.168961667286937,10.620123203285422
DKNG,24.04,260656450.02928403,32,32,2020-04-24,71.98,2.994176372712147,6.316221765913758
DKS,191.52,253317283.36801243,32,32,2016-01-04,250.04,1.3055555555555554,10.620123203285422
DLB,61.1,44723238.40465578,32,32,2016-01-04,103.53,1.6944353518821604,10.620123203285422
DLN,101.03,9900200.380752,32,32,2016-01-04,101.59,1.0055429080471148,10.620123203285422
DLO,13.64,26361270.00961072,32,32,2021-06-03,69.0,5.058651026392962,5.207392197125257
DLR,195.25,455355443.749391,32,32,2016-01-04,203.91,1.0443533930857873,10.620123203285422
DLS,88.0348,1192349.5818731827,32,32,2016-01-04,89.24,1.0136900407566098,10.620123203285422
DLTR,130.48,276160503.8002452,32,32,2016-01-04,174.08,1.3341508277130596,10.620123203285422
DLX,23.32,9729981.290251397,32,32,2016-01-04,77.69,3.3314751286449398,10.620123203285422
DLY,14.13,2278462.4829449,32,32,2020-02-26,20.24,1.4324133050247698,6.4750171115674195
DMAY,47.9015,325213.03024999995,32,32,2020-05-18,48.1258,1.0046825255994072,6.250513347022587
DMB,10.6,658729.070675535,32,32,2016-01-04,16.55,1.5613207547169812,10.620123203285422
DMLP,28.05,4611946.255029535,32,32,2016-01-04,35.44,1.263458110516934,10.620123203285422
DMO,10.48,399554.676222115,32,32,2016-01-04,27.08,2.5839694656488548,10.620123203285422
DMRC,7.0,838315.8616004849,32,32,2016-01-04,65.56,9.365714285714287,10.620123203285422
DMXF,86.2694,1592724.5418374175,32,32,2020-06-18,87.7604,1.0172830690835917,6.165639972621492
DNL,46.3364,770888.5968018551,32,32,2016-01-04,47.239,1.0194792862630675,10.620123203285422
DNLI,24.31,34270200.35751056,32,32,2017-12-08,93.56,3.8486219662690253,8.692676249144421
DNOV,52.19,263990.4759,32,32,2019-11-18,52.3001,1.002109599540142,6.74880219028063
DNOW,15.93,30925477.6678252,32,32,2016-01-04,23.21,1.4569993722536096,10.620123203285422
DNP,10.92,6338939.44448293,32,32,2016-01-04,13.12,1.2014652014652014,10.620123203285422
DOC,20.44,122518359.40537834,32,32,2016-01-04,23.12,1.1311154598825832,10.620123203285422
DOCN,125.25,324081023.3656784,32,32,2021-03-24,181.29,1.4474251497005988,5.401779603011636
DOCT,47.5198,290888.3961,32,32,2020-10-19,47.6,1.001687717540899,5.8288843258042435
DOCU,60.01,158319263.21734214,32,32,2018-04-27,310.05,5.166638893517748,8.309377138945928
DOG,21.35,41974445.67767787,32,32,2016-01-04,99.64,4.666978922716627,10.620123203285422
DOL,76.2,697300.8811831351,32,32,2016-01-04,77.07,1.0114173228346455,10.620123203285422
DON,58.22,5468584.45876064,32,32,2016-01-04,58.9,1.0116798351082101,10.620123203285422
DORM,132.82,32238886.644323155,32,32,2016-01-04,166.34,1.2523716307784973,10.620123203285422
DOV,203.06,210674120.9012744,32,32,2016-01-04,233.31,1.1489707475622968,10.620123203285422
DOW,31.19,273931235.0800664,32,32,2016-01-04,70.91,2.2734850913754405,10.620123203285422
DOX,57.88,61720802.52387874,32,32,2016-01-04,98.85,1.707843814789219,10.620123203285422
DPG,14.76,807135.6136545,32,32,2016-01-04,17.65,1.1957994579945799,10.620123203285422
DPST,149.27,32728121.42943594,32,32,2016-01-04,1890.0,12.661619883432705,10.620123203285422
DPZ,336.25,258958430.7842427,32,32,2016-01-04,564.33,1.6783048327137549,10.620123203285422
DQ,13.89,10329279.282134969,32,32,2016-01-04,124.13,8.936645068394528,10.620123203285422
DRD,24.3,6214936.200234544,32,32,2016-01-04,39.18,1.6123456790123456,10.620123203285422
DRH,12.49,28698171.370062005,32,32,2016-01-04,13.38,1.0712570056044837,10.620123203285422
DRI,218.86,256378695.49067795,32,32,2016-01-04,227.68,1.0402997349904048,10.620123203285422
DRIV,34.7751,1080267.9169113664,32,32,2018-04-17,42.53,1.2230015154521483,8.336755646817249
DRN,10.77,7596051.885396681,32,32,2016-01-04,35.96,3.338904363974002,10.620123203285422
DRSK,28.49,3754366.355295,32,32,2018-08-08,31.72,1.1133731133731133,8.02737850787132
DRV,18.42,2465821.014429295,32,32,2016-01-04,1296.0,70.35830618892507,10.620123203285422
DRVN,12.89,9910941.40211824,32,32,2016-01-20,34.5,2.6764934057408842,10.576317590691307
DSEP,48.3611,252129.2115,32,32,2020-09-21,48.405,1.0009077543728326,5.905544147843942
DSGN,15.27,6221407.872909505,32,32,2021-03-26,41.49,2.7170923379174856,5.3963039014373715
DSGX,75.27,33250394.74211154,32,32,2016-01-04,122.5,1.6274744254018867,10.620123203285422
DSI,146.2,12226322.460547544,32,32,2016-01-04,148.38,1.0149110807113544,10.620123203285422
DSL,10.7,4911293.865264965,32,32,2016-01-04,21.47,2.006542056074766,10.620123203285422
DSP,12.91,2666809.2215291252,32,32,2021-02-10,68.31,5.291247095274981,5.516769336071184
DSTL,68.05,3945392.609941075,32,32,2018-10-24,68.9,1.012490815576782,7.816563997262149
DSTX,35.436,384765.92173204,32,32,2020-12-15,36.2205,1.0221385032170673,5.672826830937714
DSU,9.42,2896059.2916059406,32,32,2016-01-04,12.14,1.288747346072187,10.620123203285422
DT,49.26,207275009.12624812,32,32,2019-08-01,78.76,1.5988631749898499,7.047227926078029
DTB,15.9,280259.509606,32,32,2020-10-07,27.2,1.710691823899371,5.861738535249829
DTD,97.5721,1606442.0644215175,32,32,2016-01-04,98.12,1.0056153347114596,10.620123203285422
DTE,140.21,181491304.10195583,32,32,2016-01-04,154.43,1.1014192996219956,10.620123203285422
DTH,58.1761,1333675.8814771427,32,32,2016-01-04,58.3753,1.0034240865235038,10.620123203285422
DTIL,8.23,2222412.8686822746,32,32,2019-03-28,589.8,71.66464155528553,7.392197125256674
DTW,19.2682,444081.46163992,32,32,2017-11-22,28.15,1.4609563944737962,8.736481861738536
DUG,14.71,1097932.146778215,32,32,2016-01-04,3382.938,229.97539089055064,10.620123203285422
DUK,123.99,472339037.98568654,32,32,2016-01-04,133.46,1.0763771271876765,10.620123203285422
DUKB,22.08,841498.4074840001,32,32,2018-09-20,28.78,1.3034420289855073,7.909650924024641
DUOT,11.59,6085498.029609861,32,32,2021-03-26,14.64,1.2631578947368423,5.3963039014373715
DUSA,57.135,2613165.50132976,32,32,2017-01-12,58.37,1.0216154721274175,9.596167008898014
DUSL,99.56,942760.170135485,32,32,2017-05-03,105.04,1.0550421856167136,9.292265571526352
DV,13.27,24300084.28790376,32,32,2021-04-21,47.06,3.546345139412208,5.325119780971937
DVA,177.91,161572333.174788,32,32,2016-01-04,240.96,1.3543926704513518,10.620123203285422
DVN,47.83,434303266.28927284,32,32,2016-01-04,78.04,1.6316119590215348,10.620123203285422
DVY,164.95,55173449.10377394,32,32,2016-01-04,165.5,1.0033343437405275,10.620123203285422
DVYE,34.09,3968782.9704743903,32,32,2016-01-04,46.1,1.3523027280727484,10.620123203285422
DWAS,116.7983,1236371.9350993375,32,32,2016-01-04,127.3144,1.0900364132012197,10.620123203285422
DWLD,47.4877,658644.12252858,32,32,2017-01-12,49.1398,1.0347900614264327,9.596167008898014
DWM,75.8386,648903.5718683685,32,32,2016-01-04,76.9793,1.0150411531858445,10.620123203285422
DWX,47.5903,540058.2325247133,32,32,2016-01-04,48.68,1.0228975232347768,10.620123203285422
DX,13.18,65605130.38826217,32,32,2016-01-04,22.74,1.7253414264036417,10.620123203285422
DXC,10.5,32946649.9778368,32,32,2017-04-03,107.31,10.22,9.374401095140314
DXCM,89.6,362557078.61705744,32,32,2016-01-04,162.815,1.8171316964285715,10.620123203285422
DXD,16.63,11626738.74790416,32,32,2016-01-04,488.2,29.35658448586891,10.620123203285422
DXJ,177.69,39839050.54602536,32,32,2016-01-04,182.64,1.0278575046429175,10.620123203285422
DXPE,197.62,20880329.88596262,32,32,2016-01-04,200.84,1.0162938973788078,10.620123203285422
DY,414.7,149529157.36717778,32,32,2016-01-04,535.2,1.2905714974680493,10.620123203285422
DYN,26.0,49912016.30565806,32,32,2016-01-04,47.04,1.8092307692307692,10.620123203285422
DYNF,69.62,128631309.96147335,32,32,2019-03-21,70.33,1.0101982189026142,7.411362080766598
E,55.93,16801321.41354396,32,32,2016-01-04,57.61,1.0300375469336671,10.620123203285422
EA,209.7,530026174.198344,22,22,2016-01-04,209.91,1.0010014306151647,10.620123203285422
EAD,6.36,1560563.30883707,32,32,2016-01-04,9.16,1.440251572327044,10.620123203285422
EAF,7.01,1834575.47601301,32,32,2018-04-19,223.7,31.911554921540656,8.331279945242985
EAGG,46.63,12594803.899365801,32,32,2018-10-23,57.26,1.2279648295088998,7.819301848049282
EAI,19.77,351752.54640700005,32,32,2016-08-17,26.77,1.3540718259989883,10.001368925393566
EAT,235.65,213432039.7129352,32,32,2016-01-04,245.89,1.0434542754084446,10.620123203285422
EBAY,102.27,423995008.4344572,32,32,2016-01-04,118.96,1.1631954629901242,10.620123203285422
EBC,23.61,50252719.11008905,32,32,2020-10-15,23.65,1.0016941973739941,5.839835728952772
EBF,22.53,2734431.564890365,32,32,2016-01-04,25.25,1.120727918331114,10.620123203285422
EBMT,23.53,856265.3529419799,32,32,2016-01-04,25.88,1.0998725031874201,10.620123203285422
EBND,21.06,4627693.8802692,32,32,2016-01-04,30.76,1.4605887939221274,10.620123203285422
EC,17.68,36526451.25557358,32,32,2016-01-04,27.65,1.5639140271493213,10.620123203285422
ECH,40.08,12563956.534464575,32,32,2016-01-04,56.17,1.4014471057884232,10.620123203285422
ECL,280.0,319991670.0318748,32,32,2016-01-04,308.35,1.10125,10.620123203285422
ECON,34.5,292880.820939135,32,32,2016-01-04,37.9738,1.1006898550724638,10.620123203285422
ECOR,10.27,473455.67517951,32,32,2018-06-22,297.4525,28.963242453748784,8.15605749486653
ECPG,102.21,30125572.83035233,32,32,2016-01-04,103.74,1.01496918109774,10.620123203285422
ED,109.16,228875143.1654029,32,32,2016-01-04,115.46,1.0577134481495052,10.620123203285422
EDC,73.97,5221032.215168877,32,32,2016-01-04,168.6,2.279302419899959,10.620123203285422
EDEN,115.77,476294.316870761,32,32,2016-01-04,132.3436,1.143159713224497,10.620123203285422
EDF,5.18,590287.203026383,32,32,2016-01-04,17.28,3.3359073359073363,10.620123203285422
EDIV,41.66,4020489.7960362397,32,32,2016-01-04,43.43,1.0424867978876622,10.620123203285422
EDN,22.5,1315220.0089411652,32,32,2016-01-04,62.55,2.78,10.620123203285422
EDOW,46.0501,664271.8469320738,32,32,2017-08-09,46.7294,1.0147513251871332,9.023956194387406
EDRY,41.495,1834717.087349,32,32,2021-03-26,42.75,1.0302446077840703,5.3963039014373715
EDSA,5.71,292182.197164525,32,32,2019-06-10,83.44,14.612959719789842,7.189596167008898
EDU,54.52,39730588.86600268,32,32,2016-01-04,196.79,3.609501100513573,10.620123203285422
EDV,58.88,70436412.30309519,32,32,2016-01-04,178.36,3.0292119565217392,10.620123203285422
EDZ,15.83,2828172.4525865195,32,32,2016-01-04,3376.5,213.2975363234365,10.620123203285422
EEFT,69.21,46193819.56443902,32,32,2016-01-04,170.21,2.4593266868949577,10.620123203285422
EELV,28.46,998964.790211445,32,32,2016-01-04,29.93,1.0516514406184119,10.620123203285422
EEM,65.34,1378409467.9218206,32,32,2016-01-04,71.21,1.0898377716559533,10.620123203285422
EEMA,114.12,3505624.932993365,32,32,2016-01-04,121.56,1.0651945320715037,10.620123203285422
EEMO,21.4186,219239.5363071551,32,32,2016-04-08,25.75,1.2022261025463847,10.360027378507871
EEMS,74.09,1355084.3103867588,32,32,2016-01-04,79.26,1.0697799973005804,10.620123203285422
EEMV,74.28,14567394.472045634,32,32,2016-01-04,76.94,1.0358104469574583,10.620123203285422
EES,68.59,749195.609156,32,32,2016-01-04,69.88,1.0188074063274528,10.620123203285422
EET,105.5096,757129.8240830428,32,32,2016-01-04,127.8542,1.2117778856142,10.620123203285422
EEV,11.31,259436.207671655,32,32,2016-01-04,304.7,26.94076038903625,10.620123203285422
EFA,107.27,1032262014.8613219,32,32,2016-01-04,108.69,1.0132376246853734,10.620123203285422
EFAS,23.095,229871.160994138,32,32,2021-03-26,23.095,1.0,5.3963039014373715
EFAV,93.06,41907559.2987902,32,32,2016-01-04,94.87,1.0194498173221578,10.620123203285422
EFAX,55.6125,466121.52656878,32,32,2016-10-25,56.3826,1.0138476062036412,9.81245722108145
EFC,13.61,14467038.597003724,32,32,2016-01-04,19.44,1.4283614988978695,10.620123203285422
EFG,124.78,68664969.5505322,32,32,2016-01-04,127.15,1.018993428434044,10.620123203285422
EFIV,75.15,1616381.16425162,32,32,2020-07-28,76.12,1.0129075182967398,6.056125941136208
EFNL,53.43,594456.8411297803,32,32,2016-01-04,58.2,1.0892756878158338,10.620123203285422
EFR,10.65,1130868.8774372102,32,32,2016-01-04,15.58,1.4629107981220657,10.620123203285422
EFSC,65.44,13150206.896458741,32,32,2016-01-04,68.52,1.0470660146699267,10.620123203285422
EFT,10.89,725617.497578895,32,32,2016-01-04,15.52,1.4251606978879705,10.620123203285422
EFV,81.23,194981031.83907598,32,32,2016-01-04,82.26,1.0126800443186015,10.620123203285422
EFX,181.84,217713100.41831326,32,32,2016-01-04,307.13,1.6890123185217774,10.620123203285422
EGAN,7.19,811321.34588065,32,32,2016-01-04,19.77,2.7496522948539637,10.620123203285422
EGBN,28.45,6975099.26352619,32,32,2016-01-04,68.85,2.4200351493848857,10.620123203285422
EGO,38.71,70269632.78292525,32,32,2016-01-04,49.71,1.2841642986308448,10.620123203285422
EGP,202.17,89209494.57958439,32,32,2016-01-04,228.56,1.1305337092545877,10.620123203285422
EH,5.67,3373987.4326191396,32,32,2019-12-12,124.09,21.88536155202822,6.683093771389459
EHC,122.1,112256494.55823773,32,32,2018-01-02,127.18,1.0416052416052417,8.624229979466119
EHI,5.83,533043.404173195,32,32,2016-01-04,10.76,1.8456260720411664,10.620123203285422
EIC,10.04,978693.1646090599,32,32,2019-07-24,20.34,2.0258964143426295,7.069130732375085
EIDO,12.56,12202442.433763841,32,32,2016-01-04,30.56,2.43312101910828,10.620123203285422
EIG,48.41,9471920.7793465,32,32,2016-01-04,53.89,1.1131997521173311,10.620123203285422
EIM,9.58,1414682.35555175,32,32,2016-01-04,14.48,1.5114822546972861,10.620123203285422
EINC,122.6618,688901.83956796,32,32,2019-12-02,125.46,1.0228123180974027,6.71047227926078
EIRL,82.6359,226233.4235491593,32,32,2016-01-04,83.0135,1.0045694425788305,10.620123203285422
EIS,122.25,5116600.3558028005,32,32,2016-01-04,137.69,1.1262985685071574,10.620123203285422
EIX,73.69,198026550.99757642,32,32,2016-01-04,88.36,1.1990772153616502,10.620123203285422
EJUL,30.8099,957331.36,32,32,2019-07-01,31.3367,1.0170984001895496,7.132101300479124
EL,84.27,188500218.8953943,32,32,2016-01-04,371.86,4.412721015782604,10.620123203285422
ELA,15.6,2437124.229061515,32,32,2016-01-04,28.88,1.8512820512820514,10.620123203285422
ELAN,23.64,130165943.56281197,32,32,2018-09-20,36.72,1.5532994923857868,7.909650924024641
ELD,28.86,364683.05971149495,32,32,2016-01-04,40.02,1.3866943866943868,10.620123203285422
ELF,92.51,160863233.6650107,32,32,2016-09-22,218.0,2.356501999783807,9.902806297056811
ELMD,41.42,3019144.703556675,32,32,2016-01-04,46.31,1.1180589087397392,10.620123203285422
ELS,64.49,93008344.02777292,32,32,2016-01-04,88.45,1.3715304698402855,10.620123203285422
EMB,94.64,449824964.20203114,32,32,2016-01-04,117.97,1.246513102282333,10.620123203285422
EMBD,23.55,371561.36321661505,32,32,2020-06-03,28.07,1.191932059447983,6.206707734428473
EMD,10.62,1775199.428636785,32,32,2016-01-04,16.05,1.5112994350282487,10.620123203285422
EME,824.53,287018651.72124916,32,32,2016-01-04,943.75,1.1445914642281056,10.620123203285422
EMF,21.72,675759.1574731501,32,32,2016-01-04,24.68,1.136279926335175,10.620123203285422
EMGF,70.36,7749477.0616874695,32,32,2016-01-06,76.28,1.0841387151790791,10.614647501711156
EMHC,24.88,834002.820472995,32,32,2021-04-07,31.057,1.2482717041800644,5.363449691991787
EMHY,40.24,2652257.3505703607,32,32,2016-01-04,51.06,1.2688866799204772,10.620123203285422
EML,24.6,311639.97866428003,32,32,2016-01-04,34.36,1.3967479674796748,10.620123203285422
EMLC,25.59,31223611.337218996,32,32,2016-01-04,39.64,1.5490425947635795,10.620123203285422
EMLP,44.72,9062207.58176074,32,32,2016-01-04,44.84,1.0026833631484795,10.620123203285422
EMMF,37.4753,446734.7644629375,32,32,2018-08-10,40.7682,1.0878685427468227,8.021902806297057
EMN,73.0,69210978.41470397,32,32,2016-01-04,130.03,1.7812328767123289,10.620123203285422
EMNT,98.9152,604714.4735902376,32,32,2019-12-12,100.9,1.0200656724143509,6.683093771389459
EMO,54.42,1869788.01384916,32,32,2016-01-04,71.0,1.3046674016905548,10.620123203285422
EMQQ,33.66,953499.820376668,32,32,2016-01-04,80.95,2.4049316696375524,10.620123203285422
EMR,157.78,394912084.925572,32,32,2016-01-04,164.38,1.0418303967549754,10.620123203285422
EMTL,42.565,259613.151083002,12,12,2016-04-14,52.84,1.2413955127452134,10.343600273785079
EMXC,94.81,214360295.9219213,32,32,2017-07-26,106.49,1.1231937559329184,9.062286105407255
EMXF,55.8132,430232.1429357374,32,32,2021-03-26,59.819,1.0717715522492888,5.3963039014373715
ENB,51.39,190177673.3442866,32,32,2016-01-04,58.04,1.129402607511189,10.620123203285422
ENFR,40.2,2835803.49150742,32,32,2016-01-04,40.54,1.008457711442786,10.620123203285422
ENOR,35.99,754943.00071295,32,32,2016-01-04,38.1,1.0586273964990276,10.620123203285422
ENPH,37.58,152404925.38697046,32,32,2016-01-04,336.0,8.940926024481108,10.620123203285422
ENR,22.33,20608566.51668345,32,32,2016-01-04,65.06,2.9135691894312585,10.620123203285422
ENS,200.56,83094416.01578557,32,32,2016-01-04,243.34,1.213302752293578,10.620123203285422
ENSG,182.49,70987513.4901953,32,32,2016-01-04,215.83,1.182694942188613,10.620123203285422
ENTA,13.3,2202168.361303365,32,32,2016-01-04,126.37,9.501503759398496,10.620123203285422
ENTG,150.265,352387797.84745276,32,32,2016-01-04,184.0,1.2245033773666523,10.620123203285422
ENVA,262.0,72458515.14920504,32,32,2016-01-04,265.45,1.0131679389312978,10.620123203285422
ENZL,47.0978,5013301.370278329,32,32,2016-01-04,71.695,1.5222579398613096,10.620123203285422
EOG,148.7,391749956.5633544,32,32,2016-01-04,149.89,1.0080026899798251,10.620123203285422
EOI,20.09,1276630.4043046748,32,32,2016-01-04,21.98,1.094076655052265,10.620123203285422
EOLS,8.18,4836688.71392606,32,32,2018-02-08,38.49,4.705378973105135,8.522929500342231
EOS,21.73,2332636.17948924,32,32,2016-01-04,24.97,1.1491026231017027,10.620123203285422
EOT,17.49,374865.25067304145,32,32,2016-01-04,24.7,1.4122355631789596,10.620123203285422
EPAC,36.51,14939449.524594946,32,32,2019-10-07,51.57,1.4124897288414133,6.863791923340178
EPAM,100.25,125998164.93917418,32,32,2016-01-04,717.49,7.157007481296758,10.620123203285422
EPC,28.45,16954874.615405336,32,32,2016-01-04,87.48,3.0748681898066788,10.620123203285422
EPD,38.64,108697712.138785,32,32,2016-01-04,39.8,1.0300207039337472,10.620123203285422
EPHE,25.24,2545390.95413178,32,32,2016-01-04,40.39,1.6002377179080824,10.620123203285422
EPI,42.73,13299994.624253806,32,32,2016-01-04,50.82,1.189328340744208,10.620123203285422
EPOL,43.63,12509902.349795401,32,32,2016-01-04,44.6,1.0222324088929635,10.620123203285422
EPP,56.97,12672812.324028665,32,32,2016-01-04,58.01,1.0182552220466912,10.620123203285422
EPR,60.37,41272221.80002202,32,32,2016-01-04,84.46,1.3990392579095576,10.620123203285422
EPRT,30.8,41874471.62489188,32,32,2018-06-21,34.59,1.123051948051948,8.158795345653662
EPS,80.74,2808355.11592404,32,32,2016-01-04,81.81,1.0132524151597722,10.620123203285422
EPSN,5.68,697862.14821407,32,32,2019-02-19,8.39,1.4771126760563382,7.493497604380561
EPU,87.49,2982763.26618327,32,32,2016-01-04,93.84,1.0725797233969598,10.620123203285422
EPV,17.1381,211473.09534694627,32,32,2016-01-04,370.05,21.59224184711257,10.620123203285422
EQAL,61.1,1444005.115811815,32,32,2016-01-04,61.8578,1.0124026186579378,10.620123203285422
EQBK,51.15,5608098.564730125,32,32,2016-01-04,51.73,1.0113391984359725,10.620123203285422
EQH,50.84,134957305.26158506,32,32,2018-05-10,56.1,1.1034618410700237,8.27378507871321
EQIX,1085.09,534792325.321059,32,32,2016-01-04,1115.94,1.0284308214065194,10.620123203285422
EQL,52.16,1748075.6075125798,32,32,2016-01-04,52.5,1.0065184049079756,10.620123203285422
EQNR,41.84,136651590.7724925,32,32,2018-05-17,42.4,1.0133843212237093,8.254620123203285
EQR,63.66,175352232.45048475,31,31,2016-01-04,93.24,1.4646559849198868,10.620123203285422
EQRR,87.1428,211608.8911547229,32,32,2021-03-26,87.5717,1.0049218065061027,5.3963039014373715
EQT,53.14,346986857.2956308,32,32,2016-01-04,67.93,1.2783214151298459,10.620123203285422
EQWL,134.31,9396369.876714315,32,32,2016-01-04,135.57,1.0093812821085548,10.620123203285422
EQX,11.45,114532183.97553748,32,32,2019-09-16,18.76,1.6384279475982535,6.921286789869952
ERC,9.22,369557.274347825,32,32,2016-01-04,13.96,1.5140997830802603,10.620123203285422
ERH,11.63,244771.7664819,32,32,2016-01-04,15.85,1.3628546861564916,10.620123203285422
ERIC,10.09,119064235.72832105,32,32,2016-01-04,14.34,1.421209117938553,10.620123203285422
ERIE,256.95,54319984.259976044,32,32,2016-01-04,544.84,2.1204125316209383,10.620123203285422
ERII,7.88,6841038.834164309,32,32,2016-01-04,30.61,3.8845177664974617,10.620123203285422
ERX,107.53,22509171.54362569,32,32,2016-01-04,436.9,4.063052171487026,10.620123203285422
ERY,9.01,12101857.47137171,32,32,2016-01-04,3239.8,359.5782463928968,10.620123203285422
ES,72.22,153242556.73423073,32,32,2016-01-04,98.54,1.364441982830241,10.620123203285422
ESCA,20.33,763465.13521262,32,32,2016-01-04,25.47,1.2528283325135268,10.620123203285422
ESE,306.48,59207181.475930706,32,32,2016-01-04,354.9,1.157987470634299,10.620123203285422
ESEA,72.82,3462868.8190598805,32,32,2016-01-04,79.39,1.090222466355397,10.620123203285422
ESGD,106.26,21226134.769611068,32,32,2016-06-30,107.78,1.0143045360436664,10.132785763175907
ESGE,52.51,24901313.0697532,32,32,2016-07-20,56.8,1.0816987240525615,10.078028747433265
ESGU,168.13,43776521.48099149,32,32,2016-12-06,170.48,1.013977279486112,9.697467488021903
ESGV,135.5,15889431.4109281,32,32,2018-09-20,137.8,1.0169741697416974,7.909650924024641
ESI,37.29,191534310.56478465,32,32,2016-01-04,49.09,1.3164387235183697,10.620123203285422
ESLT,795.71,58795730.874673575,32,32,2016-01-04,1014.33,1.274748337962323,10.620123203285422
ESML,55.69,4381079.119849674,32,32,2018-04-12,56.64,1.0170587179026755,8.350444900752908
ESNT,69.58,32807001.810630888,32,32,2016-01-04,69.58,1.0,10.620123203285422
ESP,64.95,2538952.19537136,32,32,2021-03-26,72.22,1.1119322555812163,5.3963039014373715
ESPO,97.69,1367663.4175919532,32,32,2018-10-17,122.3,1.2519193366772443,7.835728952772074
ESQ,121.67,17636137.021335848,32,32,2017-06-27,132.92,1.0924632201857483,9.141683778234086
ESS,283.71,129939193.15931988,32,32,2016-01-04,359.31,1.2664692820133236,10.620123203285422
ESTA,75.215,41873170.30375577,32,32,2018-07-19,95.65,1.2716878282257529,8.082135523613964
ESTC,85.01,109711109.68489835,32,32,2018-10-05,186.78,2.1971532760851664,7.868583162217659
ET,21.42,182659447.48982257,32,32,2018-10-19,21.42,1.0,7.83025325119781
ETB,15.61,682453.92734325,32,32,2016-01-04,17.58,1.1262011531069827,10.620123203285422
ETG,23.92,1956086.9864164002,32,32,2016-01-04,24.51,1.024665551839465,10.620123203285422
ETJ,8.44,904900.0450889999,32,32,2016-01-04,11.68,1.3838862559241707,10.620123203285422
ETN,431.33,774293342.847239,32,32,2016-01-04,459.96,1.0663760925509471,10.620123203285422
ETO,31.4975,877053.5175460901,32,32,2016-01-04,33.8,1.0731010397650607,10.620123203285422
ETR,108.08,239956193.5923404,32,32,2016-01-04,117.91,1.0909511472982976,10.620123203285422
ETSY,79.96,205318331.34981626,32,32,2016-01-04,296.91,3.7132316158079046,10.620123203285422
ETV,15.08,2150061.1387827,32,32,2016-01-04,16.82,1.1153846153846154,10.620123203285422
ETW,9.78,2199582.43871421,32,32,2016-01-04,12.5,1.278118609406953,10.620123203285422
ETY,14.6,3408102.51317532,32,32,2016-01-04,16.01,1.0965753424657536,10.620123203285422
EUFN,42.19,53349705.04943051,32,32,2016-01-04,42.57,1.0090068736667457,10.620123203285422
EUM,16.18,1164884.9569740952,32,32,2016-01-04,66.76,4.126081582200247,10.620123203285422
EUO,30.09,433036.288276669,32,32,2016-01-04,36.31,1.2067131937520772,10.620123203285422
EURL,50.0685,646155.9332695708,32,32,2016-01-04,52.06,1.0397755075546502,10.620123203285422
EUSA,117.86,5510053.62659409,32,32,2016-01-04,119.665,1.0153147802477516,10.620123203285422
EUSB,42.81,1462438.3575667113,32,32,2020-06-25,51.05,1.1924783928988554,6.146475017111568
EVER,24.52,14487194.334126255,32,32,2016-01-04,62.79,2.560766721044046,10.620123203285422
EVG,10.63,387292.8249285,32,32,2016-01-04,14.48,1.3621825023518344,10.620123203285422
EVI,15.69,1087625.1506185802,32,32,2016-01-04,47.4,3.0210325047801145,10.620123203285422
EVN,10.75,880265.31863412,32,32,2016-01-04,14.98,1.3934883720930233,10.620123203285422
EVR,298.66,151473168.66863182,32,32,2016-01-04,383.12,1.2827964909931024,10.620123203285422
EVRG,83.42,161073403.51563424,32,32,2018-06-05,88.13,1.0564612802685207,8.202600958247775
EVT,29.27,2682698.7307765,32,32,2016-01-04,30.08,1.0276733857191664,10.620123203285422
EVTC,29.59,12019866.891045194,32,32,2016-01-04,50.66,1.7120648867860764,10.620123203285422
EVV,9.13,3573412.73556382,32,32,2016-01-04,14.27,1.5629791894852134,10.620123203285422
EW,90.98,357966338.39236236,32,32,2016-01-04,130.68,1.4363596394812046,10.620123203285422
EWA,29.61,47306022.83584827,32,32,2016-01-04,30.41,1.027017899358325,10.620123203285422
EWBC,135.07,91335895.9728627,32,32,2016-01-04,136.6,1.0113274598356408,10.620123203285422
EWC,61.58,73372838.97094588,32,32,2016-01-04,62.23,1.0105553751217928,10.620123203285422
EWD,52.36,5098979.495275579,32,32,2016-01-04,54.72,1.0450725744843392,10.620123203285422
EWG,43.68,26008150.637184523,32,32,2016-01-04,44.56,1.0201465201465203,10.620123203285422
EWH,22.43,58459070.940460116,32,32,2016-01-04,28.1,1.2527864467231387,10.620123203285422
EWI,62.72,21935181.862856284,32,32,2016-01-04,63.35,1.0100446428571428,10.620123203285422
EWJ,95.37,360335201.95013976,32,32,2016-01-04,98.47,1.0325049806018665,10.620123203285422
EWJV,47.01,4962515.621128475,32,32,2019-03-07,48.1846,1.0249861731546481,7.449691991786447
EWK,27.05,439725.58147415007,32,32,2016-01-04,27.68,1.0232902033271718,10.620123203285422
EWL,62.91,20528898.39476823,32,32,2016-01-04,65.08,1.0344937211890002,10.620123203285422
EWM,28.21,4853445.95703993,32,32,2016-01-04,36.47,1.292803970223325,10.620123203285422
EWN,70.01,8136741.87870358,32,32,2016-01-04,71.61,1.0228538780174259,10.620123203285422
EWO,43.58,1322101.46439383,32,32,2016-01-04,44.29,1.0162918770078018,10.620123203285422
EWP,62.08,13145088.049796771,32,32,2016-01-04,62.85,1.012403350515464,10.620123203285422
EWQ,46.75,10422501.466754418,32,32,2016-01-04,48.35,1.0342245989304812,10.620123203285422
EWS,33.47,31828664.302052427,32,32,2016-01-04,33.92,1.0134448760083659,10.620123203285422
EWT,104.39,528144864.47325015,32,32,2016-01-04,111.53,1.0683973560685889,10.620123203285422
EWTX,44.11,43097569.77428852,32,32,2021-03-26,48.35,1.0961233280435276,5.3963039014373715
EWU,48.16,46205853.42211778,32,32,2016-01-04,48.68,1.010797342192691,10.620123203285422
EWW,74.46,78059448.28276023,32,32,2016-01-04,81.23,1.0909213000268603,10.620123203285422
EWX,71.6035,1293182.9805086849,32,32,2016-01-04,76.46,1.067824896827669,10.620123203285422
EWY,170.05,3537330694.0026617,32,32,2016-01-04,219.2,1.2890326374595706,10.620123203285422
EWZ,33.7,650625909.8383191,32,32,2016-01-04,48.41,1.4364985163204746,10.620123203285422
EWZS,11.77,1277214.8730623084,32,32,2016-01-04,22.44,1.9065420560747666,10.620123203285422
EXC,45.31,317271693.3365984,32,32,2016-01-04,57.95,1.278967115427058,10.620123203285422
EXEL,53.12,135716494.91100442,32,32,2016-01-04,57.1,1.0749246987951808,10.620123203285422
EXG,9.85,3859600.64284232,32,32,2016-01-04,10.81,1.0974619289340102,10.620123203285422
EXI,202.78,4840320.50608553,32,32,2016-01-04,206.835,1.0199970411283164,10.620123203285422
EXLS,35.47,66717487.41996193,32,32,2016-01-04,51.8,1.4603890611784607,10.620123203285422
EXP,200.46,87316351.09309775,32,32,2016-01-04,315.29,1.5728324852838471,10.620123203285422
EXPD,185.95,181579598.4554557,32,32,2016-01-04,188.27,1.0124764721699382,10.620123203285422
EXPE,321.42,427098209.54491365,32,32,2016-01-04,332.69,1.0350631572397486,10.620123203285422
EXPO,67.51,29349605.826226685,32,32,2016-01-04,125.3,1.8560213301733075,10.620123203285422
EXR,146.92,126030651.81553653,32,32,2016-01-04,226.73,1.5432208004356114,10.620123203285422
EXTR,23.75,48199853.68651952,32,32,2016-01-04,33.71,1.4193684210526316,10.620123203285422
EYE,18.8,36960495.413773105,32,32,2017-10-26,64.95,3.4547872340425534,8.810403832991103
EYLD,47.35,2626183.1267406084,32,32,2016-07-14,48.74,1.0293558606124604,10.094455852156058
EZA,67.1,7326010.110547179,32,32,2016-01-04,81.6,1.2160953800298062,10.620123203285422
EZM,76.596,1175103.488343788,32,32,2016-01-04,77.83,1.0161105018538827,10.620123203285422
EZPW,29.17,27980557.18942975,32,32,2016-01-04,35.59,1.220089132670552,10.620123203285422
EZU,71.1,48424558.49704175,32,32,2016-01-04,71.99,1.0125175808720113,10.620123203285422
F,13.93,653051970.1650605,32,32,2016-01-04,25.19,1.808327351040919,10.620123203285422
FAAR,31.16,711795.2529857219,32,32,2016-05-23,35.63,1.1434531450577665,10.236824093086927
FAB,107.22,1723452.0814328939,32,32,2016-01-04,108.17,1.0088602872598396,10.620123203285422
FAD,189.89,2066248.86855526,32,32,2016-01-04,199.9693,1.0530796777081468,10.620123203285422
FAF,72.45,48760706.97404646,32,32,2016-01-04,80.64,1.1130434782608696,10.620123203285422
FALN,26.985,16858234.089994833,32,32,2016-06-17,30.44,1.1280340930146378,10.168377823408624
FAN,24.0703,985983.8578359401,32,32,2016-01-04,27.23,1.1312696559660662,10.620123203285422
FANG,210.02,338209750.32766736,32,32,2016-01-04,213.69,1.0174745262355966,10.620123203285422
FAPR,47.63,601805.2278515,32,32,2021-04-19,47.825,1.0040940583665756,5.330595482546201
FAS,181.17,66093362.77765388,32,32,2016-01-04,185.61,1.024507368769664,10.620123203285422
FAST,51.27,376010664.25439024,32,32,2016-01-04,52.38,1.021650087770626,10.620123203285422
FAUG,57.5,726906.5501858804,32,32,2019-11-07,57.56,1.0010434782608697,6.778918548939083
FAZ,31.5,18950401.608507857,32,32,2016-01-04,26884.0,853.4603174603175,10.620123203285422
FBCG,61.84,31784257.82609918,32,32,2020-06-04,64.06,1.0358990944372575,6.203969883641341
FBCV,42.53,570459.6232763112,32,32,2020-06-04,42.77,1.0056430754761345,6.203969883641341
FBIZ,70.48,3717816.1147665,32,32,2016-01-04,72.2,1.0244040862656072,10.620123203285422
FBK,61.05,19666263.878627397,32,32,2016-09-16,62.08,1.0168714168714168,9.919233401779604
FBNC,66.09,12511955.848151125,32,32,2016-01-04,66.34,1.003782720532607,10.620123203285422
FBND,44.9,115713402.518,32,32,2016-01-04,55.37,1.233184855233853,10.620123203285422
FBP,29.36,34457689.35236142,32,32,2016-01-04,29.7,1.0115803814713897,10.620123203285422
FBRX,76.88,54265629.941217065,32,32,2020-06-16,1267.25,16.483480749219563,6.1711156741957565
FBT,260.7392,8690041.292488031,32,32,2016-01-04,260.7392,1.0,10.620123203285422
FC,19.63,1782313.7609985599,32,32,2016-01-04,53.83,2.7422312786551197,10.620123203285422
FCAL,48.61,564799.273290291,32,32,2017-06-27,55.63,1.144414729479531,9.141683778234086
FCBC,49.19,3923918.4009435903,32,32,2016-01-04,49.52,1.0067086806261436,10.620123203285422
FCCO,34.45,1443051.667022915,32,32,2021-03-26,35.01,1.0162554426705368,5.3963039014373715
FCEF,24.15,458507.9419513524,32,32,2016-09-29,26.26,1.0873706004140788,9.883641341546886
FCEL,21.7,194794080.71740752,32,32,2016-01-04,3099.6,142.83870967741936,10.620123203285422
FCF,21.32,14902267.201551989,32,32,2016-01-04,21.95,1.0295497185741087,10.620123203285422
FCFS,212.74,73544542.08481133,32,32,2016-01-04,233.0,1.095233618501457,10.620123203285422
FCG,30.74,18359249.262347117,32,32,2016-01-04,32.74,1.0650618087182824,10.620123203285422
FCN,151.45,56619019.79889028,32,32,2016-01-04,231.0,1.5252558600198087,10.620123203285422
FCNCA,2207.67,143156185.16773862,32,32,2016-01-04,2353.08,1.0658658223375777,10.620123203285422
FCOM,69.64,11572526.781455975,32,32,2016-01-04,75.81,1.0885985066053991,10.620123203285422
FCOR,46.22,1493120.593474755,32,32,2016-01-04,57.29,1.2395067070532237,10.620123203285422
FCPI,56.642,728029.486696068,32,32,2019-11-07,57.0516,1.0072313830726316,6.778918548939083
FCPT,24.89,15895549.677232295,32,32,2016-01-04,32.5,1.3057452792286057,10.620123203285422
FCT,9.67,962391.910761,25,25,2016-01-04,13.95,1.4426059979317476,10.620123203285422
FCVT,50.5757,1215957.5084918472,32,32,2016-01-04,55.53,1.0979581103178009,10.620123203285422
FCX,66.32,828091518.1044348,32,32,2016-01-04,71.72,1.0814234016887818,10.620123203285422
FDBC,55.21,404473.58270222,32,32,2017-10-06,74.27,1.3452273138924107,8.865160848733744
FDD,20.4,2212829.669829595,32,32,2016-01-04,20.6,1.0098039215686276,10.620123203285422
FDEC,55.578,643702.88,32,32,2020-12-21,55.77,1.0034546043398467,5.6563997262149215
FDEM,35.25,2137490.572226395,32,32,2019-02-28,38.23,1.0845390070921985,7.468856947296373
FDEV,37.65,691703.073789,32,32,2019-02-28,37.91,1.006905710491368,7.468856947296373
FDG,130.78,945201.2580529286,32,32,2020-04-02,140.79,1.0765407554671969,6.376454483230664
FDHY,49.0715,3369931.5836434904,32,32,2018-06-14,56.52,1.1517887164647505,8.177960301163587
FDIS,101.56,6762941.525738016,32,32,2016-01-04,107.08,1.054352107128791,10.620123203285422
FDL,52.78,42627746.90728834,32,32,2016-01-04,52.88,1.0018946570670708,10.620123203285422
FDLO,72.4743,2926247.2769998796,32,32,2016-09-15,73.64,1.0160843223045963,9.921971252566735
FDM,94.24,826955.4971477324,32,32,2016-01-04,95.69,1.0153862478777589,10.620123203285422
FDMO,95.89,6972070.730255079,32,32,2016-09-15,98.57,1.0279486912086766,9.921971252566735
FDMT,14.72,7218318.20832792,32,32,2020-12-11,52.67,3.578125,5.683778234086242
FDN,283.76,68304792.83140582,32,32,2016-01-04,295.25,1.0404919650408797,10.620123203285422
FDRR,69.66,1086938.41938122,32,32,2016-09-15,70.1109,1.0064728682170543,9.921971252566735
FDS,285.41,201799610.29617062,32,32,2016-01-04,495.72,1.7368697663011106,10.620123203285422
FDT,93.844,8516680.884036183,32,32,2016-01-04,100.9393,1.0756073909893016,10.620123203285422
FDUS,19.51,5338731.19803829,32,32,2016-01-04,23.37,1.1978472578165043,10.620123203285422
FDVV,63.58,47475550.50269324,32,32,2016-09-15,64.33,1.0117961623151934,9.921971252566735
FDX,328.38,467132955.9897512,32,32,2016-01-04,411.78,1.2539740544491138,10.620123203285422
FE,47.26,189563739.8660761,32,32,2016-01-04,52.27,1.1060093101989,10.620123203285422
FEIM,75.17,19238969.230423763,32,32,2021-03-26,79.845,1.06219236397499,5.3963039014373715
FELE,101.95,25619265.843457516,32,32,2016-01-04,110.4,1.0828837665522315,10.620123203285422
FEM,32.3921,2908872.10860756,32,32,2016-01-04,33.7304,1.0413156294281631,10.620123203285422
FEMB,29.55,2253689.1610837495,32,32,2016-01-05,44.72,1.5133671742808799,10.617385352498289
FEMS,45.4572,1081481.3597706049,32,32,2016-01-04,50.0,1.099935763751397,10.620123203285422
FENC,11.87,1619067.189980735,32,32,2017-09-13,14.33,1.207245155855097,8.928131416837783
FENY,35.24,37471762.117703915,32,32,2016-01-04,35.24,1.0,10.620123203285422
FEP,59.73,830682.550226705,32,32,2016-01-04,60.1732,1.0074200569228193,10.620123203285422
FERG,244.47,329347340.72707546,32,32,2021-03-08,267.71,1.0950627888902522,5.44558521560575
FET,82.51,10632291.792333212,32,32,2016-01-04,486.0,5.890195127863289,10.620123203285422
FEX,140.4648,1943045.5689970115,32,32,2016-01-04,142.4403,1.014064021733559,10.620123203285422
FEZ,71.34,50385903.9786012,32,32,2016-01-04,72.1,1.0106532099803756,10.620123203285422
FF,5.66,1500344.6598683,32,32,2016-01-04,19.19,3.3904593639575973,10.620123203285422
FFA,23.38,519991.82363523,32,32,2016-01-04,23.65,1.0115483319076133,10.620123203285422
FFBC,33.79,29505829.97866992,32,32,2016-01-04,36.18,1.0707309854986682,10.620123203285422
FFC,16.21,1371736.639322,32,32,2016-01-04,23.79,1.4676125848241826,10.620123203285422
FFEB,62.22,672946.07358,32,32,2020-02-24,62.44,1.0035358405657344,6.480492813141684
FFIN,34.63,24159467.213905662,32,32,2016-01-04,54.52,1.5743574935027433,10.620123203285422
FFIV,393.62,221053280.70965657,32,32,2016-01-04,431.26,1.095625222295615,10.620123203285422
FFTY,37.17,820769.816861955,32,32,2016-01-04,52.34,1.4081248318536455,10.620123203285422
FGBI,9.05,201889.940683565,32,32,2016-01-05,29.51,3.2607734806629836,10.617385352498289
FGD,35.26,4678436.69409598,32,32,2016-01-04,35.42,1.0045377197958028,10.620123203285422
FHB,27.22,51666317.238406196,32,32,2016-08-04,35.19,1.292799412196914,10.036960985626283
FHI,63.89,33062931.501364112,32,32,2020-02-03,64.96,1.016747534825481,6.537987679671458
FHLC,82.37,13936415.936542716,32,32,2016-01-04,82.37,1.0,10.620123203285422
FHN,25.82,120812177.56600663,32,32,2016-01-04,26.23,1.0158791634391944,10.620123203285422
FHTX,6.75,1367890.585599635,32,32,2020-10-23,25.88,3.8340740740740737,5.817932922655715
FIBK,38.46,38026376.99108793,32,32,2016-01-04,50.82,1.3213728549141965,10.620123203285422
FICO,1078.12,315341173.2689186,32,32,2016-01-04,2382.4,2.2097725670611807,10.620123203285422
FICS,42.1432,357255.84680041054,32,32,2021-03-26,43.1895,1.024827255642666,5.3963039014373715
FID,23.0136,256727.7861040575,32,32,2018-08-31,23.2,1.0080995585219175,7.964407939767283
FIDI,29.31,1666045.5290483749,32,32,2018-01-18,29.48,1.005800068236097,8.580424366872005
FIDU,97.47,6191860.3152958695,32,32,2016-01-04,99.61,1.0219554734790193,10.620123203285422
FIGB,42.32,2432897.74056949,32,32,2021-03-04,51.045,1.2061672967863895,5.456536618754278
FIGS,14.16,29720117.6254301,32,32,2021-05-27,50.1,3.538135593220339,5.2265571526351815
FINS,12.58,525758.259833,32,32,2019-05-29,21.65,1.7209856915739268,7.222450376454483
FINX,26.0,1387557.21772646,32,32,2016-09-13,52.83,2.0319230769230767,9.927446954140999
FIS,40.95,218544476.0050576,32,32,2016-01-04,157.44,3.8446886446886444,10.620123203285422
FISI,41.57,5395074.06935369,32,32,2016-01-04,42.7,1.0271830647101277,10.620123203285422
FISR,25.18,1381327.31328365,32,32,2019-04-03,32.508,1.2910246227164417,7.3757700205338805
FITB,57.29,307282188.48830223,32,32,2016-01-04,59.37,1.0363065107348577,10.620123203285422
FITE,116.4182,783233.0951108902,32,32,2019-06-25,119.5631,1.0270138174271721,7.148528405201916
FIVA,39.82,3110454.633618665,32,32,2018-01-18,40.28,1.0115519839276745,8.580424366872005
FIVE,238.51,202892078.40892482,32,32,2016-01-04,247.71,1.038572806171649,10.620123203285422
FIVN,32.45,67264760.99122536,32,32,2016-01-04,209.7,6.462249614791987,10.620123203285422
FIW,109.76,4084431.0965074403,32,32,2016-01-04,115.835,1.0553480320699706,10.620123203285422
FIX,1739.08,690166367.7050505,32,32,2016-01-04,2066.51,1.1882777100535917,10.620123203285422
FIXD,42.92,11777972.136722399,32,32,2017-02-15,55.79,1.2998602050326187,9.503080082135524
FIZZ,31.48,12515700.35637366,32,32,2016-01-04,90.755,2.882941550190597,10.620123203285422
FJAN,56.2798,683490.7307522299,32,32,2021-01-19,56.5,1.0039125938613853,5.577002053388091
FJP,76.48,569367.2575592337,32,32,2021-03-26,81.965,1.0717180962343096,5.3963039014373715
FJUL,61.105,2738786.613635757,32,32,2020-07-20,61.53,1.0069552409786433,6.078028747433265
FJUN,61.17,1353466.998234,32,32,2020-06-22,61.52,1.0057217590322054,6.154688569472964
FLBL,23.08,3332331.03713994,32,32,2018-06-01,25.36,1.098786828422877,8.213552361396303
FLBR,20.59,1952103.3208381352,32,32,2017-11-06,29.8431,1.4493977659057795,8.780287474332649
FLC,16.75,241595.36136630003,32,32,2016-01-04,25.29,1.5098507462686566,10.620123203285422
FLCA,54.89,1214353.116031355,32,32,2017-11-06,55.5102,1.0112989615594825,8.780287474332649
FLCB,21.05,7529073.989935771,32,32,2019-09-19,26.665,1.2667458432304037,6.913073237508556
FLCH,21.76,1079579.86975762,32,32,2017-11-06,38.31,1.7605698529411764,8.780287474332649
FLCO,20.92,798874.0960312,32,32,2016-10-05,27.4539,1.3123279158699808,9.867214236824093
FLDR,50.08,9134218.047033455,32,32,2018-06-14,51.13,1.0209664536741214,8.177960301163587
FLEX,120.24,440401436.85810137,32,32,2016-01-04,162.07,1.3478875582168994,10.620123203285422
FLGB,37.04,1300378.3163920501,32,32,2017-11-06,37.451,1.0110961123110151,8.780287474332649
FLGT,18.57,4530057.321796,32,32,2016-09-29,183.85,9.900376952073236,9.883641341546886
FLGV,19.955,1519468.7833141154,32,32,2020-06-12,25.615,1.2836381859183161,6.182067077344285
FLHY,24.155,5461630.224593649,32,32,2018-06-01,26.73,1.1066031877458082,8.213552361396303
FLIA,20.275,1754445.577700705,32,32,2018-06-01,26.125,1.2885326757090014,8.213552361396303
FLIN,35.53,8970505.2536581,32,32,2018-02-08,42.42,1.1939206304531382,8.522929500342231
FLJH,45.83,867021.7248401798,32,32,2017-11-06,47.2,1.0298930831333188,8.780287474332649
FLJP,40.63,26174639.40783889,32,32,2017-11-06,41.86,1.0302731971449668,8.780287474332649
FLKR,56.3,32619818.24497468,32,32,2017-11-06,72.25,1.283303730017762,8.780287474332649
FLLA,26.0351,631494.8791667061,32,32,2018-10-11,30.47,1.1703431137195555,7.852156057494867
FLMI,24.59,13670558.06482368,32,32,2017-09-05,27.165,1.1047173647824318,8.950034223134839
FLNG,31.1,8074355.694350355,32,32,2019-06-17,37.96,1.2205787781350481,7.170431211498974
FLO,7.38,35805287.61548312,32,32,2016-01-04,30.13,4.082655826558265,10.620123203285422
FLQL,78.92,5072193.69684418,32,32,2017-04-28,79.82,1.0114039533705017,9.305954825462011
FLQM,61.04,4145576.63299725,32,32,2017-04-28,61.63,1.0096657929226738,9.305954825462011
FLR,53.42,107593056.73219728,32,32,2016-01-04,61.61,1.1533133657806065,10.620123203285422
FLRG,42.5767,494398.398351962,32,32,2020-09-17,42.9623,1.0090565966831624,5.916495550992471
FLRT,46.85,4038329.51757015,32,32,2016-01-06,52.4106,1.1186894343649947,10.614647501711156
FLS,78.79,117795912.64068308,32,32,2016-01-04,92.04,1.1681685493082878,10.620123203285422
FLSP,28.56,2014701.4023934999,32,32,2019-12-23,28.56,1.0,6.652977412731006
FLTB,50.06,1727323.6513042897,32,32,2016-01-04,52.885,1.056432281262485,10.620123203285422
FLTW,99.88,34069600.511255205,32,32,2017-11-06,109.34,1.0947136563876654,8.780287474332649
FLV,87.1327,388199.017344265,32,32,2020-04-02,87.7218,1.0067609519732545,6.376454483230664
FLXS,77.16,3206559.8264672747,32,32,2016-01-04,77.88,1.009331259720062,10.620123203285422
FLYW,18.25,32199447.549215544,32,32,2021-05-26,53.96,2.9567123287671233,5.229295003422314
FMAG,36.5847,491537.2500236004,32,32,2021-02-04,37.1934,1.0166381028134712,5.533196440793977
FMAO,34.825,2331620.821694305,32,32,2017-05-10,48.4,1.3898061737257716,9.273100616016427
FMAR,53.2058,497135.44380127,32,32,2021-03-22,53.3427,1.0025730277526135,5.4072553045859
FMAT,59.195,2252600.24430022,32,32,2016-01-04,62.52,1.05617028465242,10.620123203285422
FMAY,57.3178,1096100.195902,32,32,2020-05-18,57.7109,1.0068582534570414,6.250513347022587
FMB,50.36,7159324.814804487,32,32,2016-01-04,57.815,1.148034154090548,10.620123203285422
FMBH,51.46,6573005.148371105,32,32,2016-01-04,52.58,1.0217644772638943,10.620123203285422
FMC,10.12,35334128.63451736,32,32,2016-01-04,139.49,13.783596837944666,10.620123203285422
FMF,50.91,915511.8977010604,32,32,2016-01-04,54.17,1.0640345708112355,10.620123203285422
FMHI,47.54,4139433.761675862,32,32,2017-11-03,56.91,1.1970971813209927,8.788501026694044
FMN,11.095,245245.971753,32,32,2016-01-04,16.92,1.5250112663361874,10.620123203285422
FMNB,16.02,6241843.87407689,32,32,2016-01-04,19.71,1.2303370786516854,10.620123203285422
FMS,23.56,13247297.427702209,32,32,2016-01-04,57.51,2.4410016977928692,10.620123203285422
FMX,117.31,55147524.74010979,32,32,2016-01-04,142.16,1.211831898388884,10.620123203285422
FN,482.59,375664657.4265109,32,32,2016-01-04,746.47,1.546799560703703,10.620123203285422
FNB,19.22,85066434.8417646,32,32,2016-01-04,19.49,1.014047866805411,10.620123203285422
FNCL,82.41,6431164.316306785,32,32,2016-01-04,83.07,1.008008736803786,10.620123203285422
FND,56.05,131103625.97604853,32,32,2017-04-27,143.31,2.5568242640499554,9.308692676249144
FNDA,37.8,14988670.71475811,32,32,2016-01-04,38.52,1.0190476190476192,10.620123203285422
FNDB,31.66,5402413.222404815,32,32,2016-01-04,31.93,1.0085281111813014,10.620123203285422
FNDC,50.46,3765877.28361442,32,32,2016-01-04,51.35,1.017637732857709,10.620123203285422
FNDE,40.98,30385104.304734565,32,32,2016-01-04,42.35,1.0334309419228893,10.620123203285422
FNDF,54.93,71474570.46444272,32,32,2016-01-04,55.69,1.0138357910067357,10.620123203285422
FNDX,32.45,75855588.5160766,32,32,2016-01-04,32.69,1.0073959938366717,10.620123203285422
FNF,48.47,71965243.08800206,32,32,2016-01-04,66.59,1.3738394883433052,10.620123203285422
FNGO,144.7602,431702.1215866734,32,32,2018-08-02,155.6316,1.0750993712360164,8.043805612594113
FNGS,78.4951,1632169.7664834498,32,32,2019-11-13,81.1033,1.0332275517834872,6.76249144421629
FNKO,6.19,4492865.49564981,32,32,2017-11-02,31.05,5.016155088852988,8.791238877481177
FNLC,35.6,1026414.1094198751,32,32,2016-01-04,35.66,1.0016853932584269,10.620123203285422
FNOV,59.6849,525854.8596999999,32,32,2019-11-18,59.8651,1.0030191891081328,6.74880219028063
FNV,232.96,147067257.51043326,32,32,2016-01-04,280.82,1.2054429945054945,10.620123203285422
FNWB,11.4,264176.3109844,32,32,2016-01-04,23.5,2.06140350877193,10.620123203285422
FNX,145.7326,1568542.0653785698,32,32,2016-01-04,147.9529,1.0152354380557267,10.620123203285422
FNY,105.4631,1509177.6430220332,32,32,2016-01-04,110.8531,1.0511079230555522,10.620123203285422
FOA,20.85,1006308.77693877,32,32,2021-04-05,116.2,5.5731414868105515,5.368925393566051
FOCT,53.5056,568091.2417,32,32,2020-10-19,53.6453,1.0026109416584432,5.8288843258042435
FOF,13.61,559795.04512383,32,32,2016-01-04,15.07,1.1072740631888318,10.620123203285422
FOR,28.65,3454483.5692268154,32,32,2016-01-04,40.75,1.4223385689354275,10.620123203285422
FORM,124.34,140323418.13701504,32,32,2016-01-04,159.93,1.2862313012707094,10.620123203285422
FORR,11.31,1193737.3835515748,32,32,2016-01-04,60.73,5.369584438549955,10.620123203285422
FOUR,46.7,61066370.29457632,32,32,2020-06-05,125.66,2.6907922912205566,6.201232032854209
FOX,61.23,60957973.64248225,32,32,2016-01-04,67.76,1.106647068430508,10.620123203285422
FOXA,69.03,292467732.38850886,32,32,2016-01-04,76.11,1.1025641025641026,10.620123203285422
FOXF,20.83,9695972.60192876,32,32,2016-01-04,187.93,9.02208353336534,10.620123203285422
FPE,17.71,15745470.567016039,32,32,2016-01-04,20.75,1.1716544325239977,10.620123203285422
FPEI,19.13,6049768.355453474,32,32,2017-08-23,20.85,1.0899111343439625,8.985626283367557
FPF,17.77,1714641.6516525503,32,32,2016-01-04,26.2,1.4743950478334271,10.620123203285422
FPI,9.94,4135793.3806226905,32,32,2016-01-04,16.29,1.6388329979879275,10.620123203285422
FPX,186.43,7517628.62360548,32,32,2016-01-04,206.18,1.105937885533444,10.620123203285422
FPXI,71.87,1219654.065486145,32,32,2016-01-04,86.45,1.2028662863503548,10.620123203285422
FQAL,84.4809,2422658.6650708104,32,32,2016-09-15,85.47,1.011707971861095,9.921971252566735
FR,62.37,74897362.86820829,32,32,2016-01-04,68.86,1.1040564373897708,10.620123203285422
FRA,10.93,1551253.55457262,32,32,2016-01-04,14.84,1.3577310155535225,10.620123203285422
FRAF,63.22,2052703.88523828,32,32,2021-03-26,64.17,1.0150268902246125,5.3963039014373715
FRBA,18.79,1667696.0172631652,32,32,2016-01-04,19.02,1.0122405534858967,10.620123203285422
FRD,46.02,2751757.960953585,32,32,2016-01-04,48.08,1.0447631464580616,10.620123203285422
FRDM,66.38,17535676.247700326,32,32,2019-05-23,76.19,1.14778547755348,7.238877481177276
FREL,29.64,7263652.70528112,32,32,2016-01-04,34.72,1.1713900134952766,10.620123203285422
FRHC,160.8,16040271.139119856,32,32,2019-10-15,190.14,1.182462686567164,6.841889117043121
FRI,31.83,777389.1567273901,32,32,2016-01-04,33.342,1.047502356267672,10.620123203285422
FRME,43.23,17706931.77235409,32,32,2016-01-04,50.04,1.1575294934073561,10.620123203285422
FRO,43.5,75566814.969962,32,32,2016-01-04,43.5,1.0,10.620123203285422
FROG,91.6,178755329.53663707,32,32,2020-09-16,98.1,1.0709606986899562,5.919233401779603
FRPH,22.01,1884182.382861375,32,32,2016-01-04,33.675,1.5299863698318943,10.620123203285422
FRPT,72.63,63099140.21687205,32,32,2016-01-04,184.82,2.5446785075037863,10.620123203285422
FRST,16.53,2397692.58685685,32,32,2021-03-31,16.67,1.0084694494857835,5.382614647501711
FRT,117.48,93674793.56817275,32,32,2016-01-04,170.35,1.450034048348655,10.620123203285422
FRTY,23.1829,401233.7906919492,32,32,2021-03-01,25.21,1.0874394489041492,5.464750171115674
FSBC,46.57,6335548.90008214,32,32,2021-05-05,49.68,1.0667811896070432,5.286789869952088
FSBW,43.205,803399.714579,32,32,2016-01-04,48.82,1.1299618099756974,10.620123203285422
FSEC,43.365,9615963.389860306,32,32,2021-03-04,50.205,1.1577308889657556,5.456536618754278
FSEP,56.34,781245.7059,32,32,2020-09-21,56.515,1.003106141285055,5.905544147843942
FSK,11.91,24356573.591727123,32,32,2018-12-20,26.36,2.213266162888329,7.660506502395619
FSLR,220.01,422353361.1485956,32,32,2016-01-04,318.25,1.4465251579473661,10.620123203285422
FSLY,26.59,109754252.04087612,32,32,2019-05-17,128.83,4.845054531778865,7.255304585900069
FSMD,52.38,5024420.308154959,32,32,2019-02-28,53.36,1.018709431080565,7.468856947296373
FSS,121.98,54418955.75055294,32,32,2016-01-04,133.86,1.0973930152484015,10.620123203285422
FSTA,54.06,5794320.679988775,32,32,2016-01-04,56.905,1.052626711061783,10.620123203285422
FSTR,38.14,2873172.647557175,32,32,2016-01-04,45.17,1.1843209229155742,10.620123203285422
FSV,141.57,19283684.654634483,32,32,2016-01-04,208.43,1.4722751995479268,10.620123203285422
FT,7.88,280833.55457181,32,32,2016-01-04,8.63,1.0951776649746194,10.620123203285422
FTA,103.4928,2509040.4138267525,32,32,2016-01-04,104.1761,1.0066023916639613,10.620123203285422
FTAI,211.5,289074085.5170671,32,32,2016-01-04,310.04,1.4659101654846336,10.620123203285422
FTC,182.8852,1831289.4268996702,32,32,2016-01-04,194.14,1.0615402449186702,10.620123203285422
FTCS,100.91,44787976.82524799,32,32,2016-01-04,101.01,1.0009909820632248,10.620123203285422
FTDR,82.92,38457317.8759346,32,32,2018-10-01,90.83,1.0953931500241196,7.879534565366187
FTEC,285.82,75098657.98194626,32,32,2016-01-04,300.51,1.0513959834861102,10.620123203285422
FTF,5.825,1124621.5868751998,32,32,2016-01-04,12.42,2.1321888412017165,10.620123203285422
FTGC,29.9399,12082809.819234034,32,32,2016-01-04,31.46,1.050771712664371,10.620123203285422
FTHI,24.225,14694867.82920402,32,32,2016-01-04,24.35,1.0051599587203301,10.620123203285422
FTHY,13.4,1133403.64028956,32,32,2020-06-26,21.72,1.6208955223880597,6.143737166324435
FTI,78.29,238398650.33318913,32,32,2016-01-04,79.81,1.0194149955294418,10.620123203285422
FTK,27.02,10593994.73161323,32,32,2016-01-04,99.6,3.686158401184308,10.620123203285422
FTLS,76.4,7932483.396518869,32,32,2016-01-04,76.44,1.000523560209424,10.620123203285422
FTNT,158.01,739252689.503295,32,32,2016-01-04,168.29,1.0650591734700336,10.620123203285422
FTRI,17.5668,332646.4803017822,32,32,2016-01-04,19.1126,1.0879955370357721,10.620123203285422
FTS,56.47,41965329.551274806,32,32,2016-10-14,58.84,1.0419691871790333,9.842573579739904
FTSD,90.04,2990559.67636467,32,32,2016-01-13,98.57,1.0947356730342068,10.595482546201232
FTSL,44.97,8569293.145852631,32,32,2016-01-04,48.71,1.083166555481432,10.620123203285422
FTV,59.45,137411485.65288693,32,32,2016-07-05,67.1138,1.1289116904962153,10.119096509240247
FTXH,40.6534,3495508.4641697183,32,32,2021-03-26,40.6534,1.0,5.3963039014373715
FTXL,230.99,48796351.85978477,32,32,2016-09-21,297.05,1.2859864063379367,9.905544147843942
FTXN,40.075,1996040.0941945575,32,32,2016-09-23,40.075,1.0,9.900068446269678
FTXO,43.3534,3168634.0085372934,32,32,2016-10-07,43.8742,1.0120128986423211,9.86173853524983
FTXR,44.3286,1841939.9035658399,32,32,2016-09-22,45.765,1.032403459617493,9.902806297056811
FUBO,9.99,13407692.57433918,32,32,2020-10-08,744.0,74.47447447447448,5.859000684462697
FUL,59.89,37944547.25562462,32,32,2016-01-04,86.2,1.439305393220905,10.620123203285422
FULT,24.3,40243982.574445195,32,32,2016-01-04,25.19,1.0366255144032923,10.620123203285422
FULTP,17.6,251317.182348,32,32,2020-11-03,27.3,1.5511363636363635,5.7878165639972625
FUN,15.75,37131432.94751084,32,32,2016-01-04,72.29,4.58984126984127,10.620123203285422
FUNC,45.15,920840.107164425,32,32,2016-01-04,46.18,1.02281284606866,10.620123203285422
FUND,10.66,265205.52413427,32,32,2016-01-04,10.73,1.0065666041275798,10.620123203285422
FUTU,108.58,118162732.56646562,32,32,2019-10-17,199.04,1.8331184380180512,6.836413415468857
FUTY,56.79,18370127.58833664,32,32,2016-01-04,61.44,1.0818806127839409,10.620123203285422
FV,73.02,4121222.8465107493,32,32,2016-01-04,75.88,1.0391673514105724,10.620123203285422
FVAL,82.4448,2336999.5780040203,32,32,2016-09-15,83.41,1.011707227138643,9.921971252566735
FVCB,18.86,1692696.5169735001,32,32,2018-09-14,19.03,1.0090137857900319,7.926078028747433
FVD,50.61,21869603.806162246,32,32,2016-01-04,51.02,1.0081011657775143,10.620123203285422
FVRR,8.87,6656358.75576097,32,32,2019-06-13,323.1,36.4261555806088,7.181382614647502
FWONA,93.215,13980416.798044976,32,32,2017-01-25,99.33,1.0656010298771657,9.560574948665298
FWONK,102.02,194528777.12857243,32,32,2017-01-25,108.33,1.0618506175259754,9.560574948665298
FWRD,19.18,9450248.567045044,32,32,2016-01-04,124.61,6.496871741397289,10.620123203285422
FXA,70.1689,573961.5504376427,32,32,2016-01-04,81.14,1.1563527431668448,10.620123203285422
FXB,130.1161,1612812.308828035,32,32,2016-01-04,145.46,1.1179246841858925,10.620123203285422
FXC,70.3199,1301691.2056741999,32,32,2016-01-04,81.62,1.1606956210119752,10.620123203285422
FXD,69.5211,553207.8558536454,32,32,2016-01-04,72.2299,1.0389637102980245,10.620123203285422
FXE,106.84,6467912.95034375,32,32,2016-01-04,120.47,1.1275739423436915,10.620123203285422
FXF,108.41,3005866.806548,32,32,2016-01-04,115.98,1.069827506687575,10.620123203285422
FXG,65.51,588695.7596163999,32,32,2016-01-04,70.0552,1.069381773774996,10.620123203285422
FXH,132.0922,5636625.289268585,32,32,2016-01-04,132.23,1.0010432107270528,10.620123203285422
FXI,35.06,710183984.9098369,32,32,2016-01-04,54.47,1.5536223616657159,10.620123203285422
FXL,217.01,9113707.969976239,32,32,2016-01-04,224.92,1.0364499331828025,10.620123203285422
FXN,23.36,8444495.34660868,32,32,2016-01-04,23.36,1.0,10.620123203285422
FXO,66.22,2737308.5871122433,32,32,2016-01-04,66.93,1.0107218363032318,10.620123203285422
FXR,89.76,1663759.7360777198,32,32,2016-01-04,92.27,1.0279634581105168,10.620123203285422
FXU,48.64,11373022.91463238,32,32,2016-01-04,51.33,1.0553042763157894,10.620123203285422
FXY,57.48,11064962.698944485,32,32,2016-01-04,96.69,1.682150313152401,10.620123203285422
FXZ,82.99,2855172.5035516396,32,32,2016-01-04,84.83,1.0221713459452946,10.620123203285422
FYC,122.25,6752880.933829115,32,32,2016-01-04,127.34,1.0416359918200409,10.620123203285422
FYLD,40.24,1459149.178163385,32,32,2016-01-04,40.3522,1.0027882703777335,10.620123203285422
FYT,72.4291,483243.62849480344,32,32,2016-01-04,73.6573,1.0169572726984044,10.620123203285422
FYX,143.9352,3708018.4137241393,32,32,2016-01-04,146.6718,1.019012722391743,10.620123203285422
G,34.65,64789592.42498772,32,32,2016-01-04,55.54,1.602886002886003,10.620123203285422
GAB,5.71,4066480.81144665,32,32,2016-01-04,7.54,1.320490367775832,10.620123203285422
GABC,50.94,7149288.85166334,32,32,2016-01-04,51.38,1.0086376128778956,10.620123203285422
GAIN,16.18,2962016.73704708,32,32,2016-01-04,17.08,1.0556242274412855,10.620123203285422
GAL,53.5951,438131.4953921393,32,32,2016-01-04,54.0101,1.0077432451847277,10.620123203285422
GAM,67.36,1207910.1487294799,32,32,2016-01-04,67.89,1.0078681710213777,10.620123203285422
GATX,178.31,34868223.23775543,32,32,2016-07-01,200.76,1.1259043239302338,10.130047912388775
GBAB,13.82,1105841.1567687597,32,32,2016-01-04,25.69,1.8589001447178004,10.620123203285422
GBCI,48.97,52746194.075618416,32,32,2016-01-04,66.5,1.3579742699612007,10.620123203285422
GBDC,13.07,12345418.671238385,32,32,2016-01-04,20.44,1.5638867635807192,10.620123203285422
GBF,102.0289,461786.159812388,32,32,2016-01-04,127.59,1.2505280366641218,10.620123203285422
GBX,45.09,20295219.68756763,32,32,2016-01-04,70.7,1.567975160789532,10.620123203285422
GCBC,34.3,1041008.4217464,32,32,2016-01-04,38.135,1.1118075801749272,10.620123203285422
GCC,25.4544,792168.801946435,32,32,2016-01-04,28.14,1.1055063171789554,10.620123203285422
GCMG,13.66,5433152.4549394995,32,32,2020-11-18,14.41,1.054904831625183,5.746748802190281
GCO,34.82,5864679.588163104,32,32,2016-01-04,73.83,2.120333141872487,10.620123203285422
GCOR,40.4789,2473202.4339131815,32,32,2020-09-10,50.12,1.2381759385754059,5.935660506502396
GCOW,46.93,11068320.779731,32,32,2017-01-13,47.54,1.0129980822501599,9.593429158110883
GD,393.48,371536456.416638,32,32,2016-01-04,395.97,1.0063281488258615,10.620123203285422
GDDY,95.8,168807988.1962862,32,32,2016-01-04,214.35,2.237473903966597,10.620123203285422
GDMA,42.64,393456.4715516787,32,32,2018-11-15,44.0357,1.032732176360225,7.756331279945243
GDO,10.28,418102.3128356,32,32,2016-01-04,18.67,1.8161478599221792,10.620123203285422
GDOT,13.51,4445355.401643461,32,32,2016-01-04,92.84,6.871946706143597,10.620123203285422
GDS,33.65,57729220.92027782,32,32,2016-11-02,115.71,3.438632986627043,9.790554414784394
GDV,30.45,2577121.650026475,32,32,2016-01-04,30.89,1.0144499178981938,10.620123203285422
GDX,88.95,1437900020.824459,32,32,2016-01-04,115.84,1.3023046655424395,10.620123203285422
GDXJ,115.42,481280848.38906956,32,32,2016-01-04,156.19,1.3532316756194767,10.620123203285422
GDXU,124.17,127131398.52179599,32,32,2020-12-03,525.0,4.228074414109688,5.705681040383299
GDYN,7.67,9891570.244525455,32,32,2020-03-06,42.08,5.486310299869622,6.450376454483231
GE,375.09,1312664108.972923,32,32,2016-01-04,381.22,1.0163427444080089,10.620123203285422
GECC,5.88,221189.77071192,32,32,2016-11-04,74.16,12.612244897959183,9.78507871321013
GEF,86.81,17496033.023176745,32,32,2016-01-04,90.12,1.0381292477825135,10.620123203285422
GEL,16.0,2950580.4926277,32,32,2016-01-04,40.9,2.55625,10.620123203285422
GEM,49.99,4957558.10207198,32,32,2016-01-04,54.0893,1.082002400480096,10.620123203285422
GENC,19.24,441908.183614635,32,32,2016-01-04,24.63,1.2801455301455302,10.620123203285422
GENI,7.49,37071260.35103974,32,32,2021-04-21,24.93,3.328437917222964,5.325119780971937
GEO,30.91,47599823.52975117,32,32,2016-01-04,35.35,1.1436428340342932,10.620123203285422
GEOS,5.95,652419.100227945,32,32,2016-01-04,28.41,4.7747899159663865,10.620123203285422
GF,11.49,224319.72251503996,32,32,2016-01-04,21.43,1.8651000870322019,10.620123203285422
GFF,101.24,29252313.83443521,32,32,2016-01-04,107.22,1.0590675622283683,10.620123203285422
GFI,40.92,122160640.49694836,32,32,2016-01-04,61.51,1.5031769305962854,10.620123203285422
GFL,40.49,77811396.99825719,32,32,2020-03-03,51.58,1.2738947888367498,6.458590006844627
GGAL,42.12,37477877.930444285,32,32,2016-01-04,72.88,1.7302943969610636,10.620123203285422
GGG,81.01,98404025.57062094,32,32,2016-01-04,94.82,1.170472781138131,10.620123203285422
GH,160.12,318279522.39573854,32,32,2018-10-04,179.1,1.118536097926555,7.871321013004791
GHC,1173.27,24805651.803136528,32,32,2016-01-04,1233.96,1.0517272239126545,10.620123203285422
GHM,111.17,18905544.53037715,32,32,2016-01-04,123.79,1.1135198344877215,10.620123203285422
GHY,11.7,1607895.1125830552,32,32,2016-01-04,16.04,1.370940170940171,10.620123203285422
GHYB,44.495,369559.8374578038,32,32,2017-09-07,50.5754,1.1366535565793912,8.944558521560575
GHYG,45.1755,376002.9989285,32,32,2016-01-04,51.59,1.141990680789366,10.620123203285422
GIB,72.94,29123036.12730422,32,32,2016-01-04,122.43,1.6785028790786949,10.620123203285422
GIGB,44.85,1981521.413042935,32,32,2017-06-08,56.78,1.2659977703455965,9.193702943189596
GII,74.9,1821646.102349955,32,32,2016-01-04,78.75,1.0514018691588785,10.620123203285422
GIII,33.72,14510509.09546807,32,32,2016-01-04,55.36,1.641755634638197,10.620123203285422
GIL,55.76,54657877.94803283,32,32,2016-01-04,72.58,1.3016499282639886,10.620123203285422
GILD,143.44,838089144.3204815,32,32,2016-01-04,155.8,1.0861684327941998,10.620123203285422
GILT,10.88,5863057.00165491,32,32,2016-01-04,21.3,1.957720588235294,10.620123203285422
GIS,38.08,324653884.02540433,32,32,2016-01-04,90.61,2.3794642857142856,10.620123203285422
GKOS,184.15,116205907.5690133,32,32,2016-01-04,189.45,1.0287808851479772,10.620123203285422
GL,178.08,106060228.61606362,32,32,2019-08-09,186.02,1.0445867026055704,7.025325119780972
GLAD,19.46,3016160.833310895,32,32,2016-01-04,30.29,1.556526207605344,10.620123203285422
GLBE,41.31,47233405.6849572,32,32,2021-05-12,81.69,1.9774872912127812,5.2676249144421625
GLD,398.55,2663374301.9812155,32,32,2016-01-04,495.9,1.2442604441098983,10.620123203285422
GLDI,148.678,9282297.022808976,32,32,2016-01-04,220.2,1.4810530138958016,10.620123203285422
GLDM,85.98,258100044.53756618,32,32,2018-06-26,106.77,1.2418004187020235,8.145106091718
GLIN,45.755,281811.52648911905,32,32,2020-05-01,55.45,1.211889410993334,6.297056810403833
GLL,22.94,39824509.44185275,32,32,2016-01-04,449.36,19.588491717523976,10.620123203285422
GLNG,52.17,47727738.49374365,32,32,2016-01-04,57.36,1.0994824611845888,10.620123203285422
GLO,5.94,598348.89298684,32,32,2016-01-04,13.14,2.212121212121212,10.620123203285422
GLOB,37.31,58068663.48078235,32,32,2016-01-04,354.44,9.499865987670866,10.620123203285422
GLP,50.75,3287486.58607746,32,32,2016-01-04,59.88,1.1799014778325123,10.620123203285422
GLPI,42.08,101813723.97394627,32,32,2016-01-04,54.92,1.3051330798479088,10.620123203285422
GLQ,8.26,388468.30662802496,32,32,2016-01-04,16.24,1.966101694915254,10.620123203285422
GLRE,15.6,2292644.99571086,32,32,2016-01-04,23.95,1.5352564102564104,10.620123203285422
GLRY,40.68,592108.065293357,32,32,2020-12-08,43.69,1.073992133726647,5.691991786447638
GLSI,17.26,1872578.50194408,32,32,2020-09-25,72.22,4.1842410196987245,5.894592744695414
GLTR,195.2273,11519572.36800413,32,32,2016-01-04,285.22,1.460963707432311,10.620123203285422
GLV,6.22,289445.104519605,32,32,2016-01-04,14.39,2.3135048231511255,10.620123203285422
GLW,159.9,1766087004.5586164,32,32,2016-01-04,255.69,1.59906191369606,10.620123203285422
GM,83.71,453301097.11636424,32,32,2016-01-04,90.3,1.0787241667662169,10.620123203285422
GMAB,32.96,52089228.37265356,32,32,2019-07-18,48.72,1.4781553398058251,7.085557837097878
GME,17.95,81983570.47168237,32,32,2016-01-04,86.8775,4.839972144846797,10.620123203285422
GMED,86.44,114328465.15865088,32,32,2016-01-04,96.82,1.1200832947709394,10.620123203285422
GMF,155.1468,936006.1568945283,32,32,2016-01-04,160.7056,1.035829291999577,10.620123203285422
GNE,14.78,1030259.1829066,32,32,2016-01-04,30.61,2.071041948579161,10.620123203285422
GNK,26.05,7102735.755484655,32,32,2016-01-04,27.08,1.039539347408829,10.620123203285422
GNL,8.84,22064597.564247727,32,32,2016-01-04,26.79,3.0305429864253393,10.620123203285422
GNMA,43.575,859091.83553905,32,32,2016-01-04,51.97,1.1926563396442913,10.620123203285422
GNOM,58.5093,908461.384458584,32,32,2019-04-10,111.56,1.9067054297351018,7.356605065023956
GNR,75.24,11688965.4005255,32,32,2016-01-04,75.88,1.0085061137692717,10.620123203285422
GNRC,211.56,205099779.15573674,32,32,2016-01-04,505.8,2.3908111174134996,10.620123203285422
GNT,8.77,778053.2183196199,32,32,2016-01-04,9.18,1.0467502850627137,10.620123203285422
GNTX,23.68,51232113.98857384,32,32,2016-01-04,37.69,1.5916385135135134,10.620123203285422
GO,11.06,22151366.2976783,32,32,2019-06-20,46.64,4.216998191681736,7.162217659137577
GOAU,43.501,946209.0588169354,32,32,2017-06-28,56.22,1.292384083124526,9.138945927446954
GOEX,83.6404,325598.9825967271,32,32,2016-09-20,109.2,1.3055891650446436,9.908281998631075
GOF,10.15,12783610.049021266,32,32,2016-01-04,22.31,2.198029556650246,10.620123203285422
GOLF,89.58,31425375.610240325,32,32,2016-10-28,118.53,1.3231748158071,9.804243668720055
GOOD,12.84,5219778.8665405,32,32,2016-01-04,25.77,2.0070093457943927,10.620123203285422
GOOG,341.28,6082004115.697212,32,32,2016-01-04,399.04,1.1692451945616504,10.620123203285422
GOOGL,344.2,9136344396.183853,32,32,2016-01-04,402.62,1.1697269029633934,10.620123203285422
GOOS,8.51,5386408.2925217245,32,32,2017-03-16,70.05,8.231492361927144,9.423682409308693
GOVT,22.45,148992598.9729033,32,32,2016-01-04,28.3,1.2605790645879733,10.620123203285422
GPC,131.89,187948019.36164248,32,32,2016-01-04,187.28,1.419971188111305,10.620123203285422
GPI,250.01,52866000.59339124,32,32,2016-01-04,488.25,1.952921883124675,10.620123203285422
GPJA,20.29,289224.5754885,32,32,2017-09-25,28.62,1.4105470675209464,8.895277207392198
GPK,10.97,47081457.15969901,32,32,2016-01-04,30.5,2.780309936189608,10.620123203285422
GPN,90.37,254617635.514632,32,32,2016-01-04,219.24,2.426026336173509,10.620123203285422
GPOR,170.98,50114157.099413335,32,32,2021-05-18,222.49,1.3012633056497838,5.25119780971937
GPRE,16.18,18875618.141347874,32,32,2016-01-04,43.86,2.710754017305315,10.620123203285422
GPRK,9.37,3441493.8600627403,32,32,2016-01-04,22.0518,2.3534471718249734,10.620123203285422
GQRE,63.63,406238.7600378475,32,32,2016-01-04,74.12,1.164859343077165,10.620123203285422
GRBK,69.35,14537921.100532498,32,32,2016-01-04,83.77,1.2079307858687816,10.620123203285422
GRC,78.75,14671713.403279189,32,32,2016-01-04,91.74,1.164952380952381,10.620123203285422
GREK,82.71,6180649.22480837,32,32,2016-01-04,83.1285,1.0050598476605006,10.620123203285422
GRFS,7.75,3625819.681151915,32,32,2016-01-04,25.63,3.3070967741935484,10.620123203285422
GRID,183.76,93074057.67698213,32,32,2016-01-04,199.8,1.0872877666521552,10.620123203285422
GRMN,297.44,213292411.5754743,32,32,2016-01-04,313.16,1.0528509951586875,10.620123203285422
GRNB,23.798,651806.5038774837,32,32,2017-03-06,28.08,1.1799310866459367,9.451060917180014
GRPN,20.22,37356472.394352674,32,32,2016-01-04,117.8,5.825914935707221,10.620123203285422
GRVY,70.79,1865622.6021237501,32,32,2016-01-04,218.97,3.0932335075575645,10.620123203285422
GS,1040.47,1788401494.789754,32,32,2016-01-04,1152.07,1.1072592193912365,10.620123203285422
GSAT,82.89,70519195.11902222,32,32,2016-01-04,84.43,1.0185788394257451,10.620123203285422
GSBC,79.92,7134577.698944354,32,32,2016-01-04,82.02,1.0262762762762763,10.620123203285422
GSBD,9.8,7414515.55750609,32,32,2016-01-04,25.43,2.5948979591836734,10.620123203285422
GSEU,49.9115,275016.0383224122,32,32,2016-03-04,50.5848,1.013489877082436,10.455852156057494
GSEW,97.8,6888559.8207512405,32,32,2017-09-14,99.3,1.0153374233128833,8.92539356605065
GSG,33.06,14085583.3502874,32,32,2016-01-04,34.77,1.0517241379310345,10.620123203285422
GSHD,64.78,28576762.76456475,32,32,2018-04-27,177.3,2.736955850571164,8.309377138945928
GSID,77.5977,586143.53735406,32,32,2020-05-18,78.5886,1.0127697083805318,6.250513347022587
GSIE,47.74,15528433.313830405,32,32,2016-01-04,48.29,1.0115207373271888,10.620123203285422
GSK,51.15,196988215.51898298,32,32,2016-01-04,61.18,1.1960899315738025,10.620123203285422
GSL,43.22,12663870.09115627,32,32,2016-01-04,44.47,1.0289217954650625,10.620123203285422
GSLC,146.8,28062845.733601518,32,32,2016-01-04,148.71,1.0130108991825613,10.620123203285422
GSSC,91.39,2863973.3033226,32,32,2017-06-29,92.6665,1.0139676113360323,9.136208076659821
GSUS,106.07,5051219.6338755,32,32,2020-05-18,107.48,1.0132931083246914,6.250513347022587
GT,5.93,55334645.42729144,32,32,2016-01-04,36.88,6.219224283305229,10.620123203285422
GTE,9.5,2375646.110546935,32,32,2016-01-04,39.1,4.11578947368421,10.620123203285422
GTES,27.13,46017679.10084183,32,32,2018-01-25,29.84,1.0998894213048287,8.56125941136208
GTIP,47.64,1021053.9349975754,32,32,2016-01-05,59.2042,1.2427413937867338,10.617385352498289
GTLS,209.9,214692605.669702,8,8,2016-01-04,239.47,1.1408766079085277,10.620123203285422
GTO,46.23,8068872.47659072,32,32,2016-02-10,58.67,1.2690893359290505,10.518822724161533
GTX,27.91,64144898.23859641,32,32,2021-05-03,36.23,1.2981010390541023,5.292265571526352
GTY,32.99,12931677.03092039,32,32,2016-01-04,36.61,1.1097302212791755,10.620123203285422
GUNR,54.03,11535906.613353651,32,32,2016-01-04,55.89,1.0344253192670738,10.620123203285422
GUSH,43.5,29844497.122302882,32,32,2016-01-04,6019.5,138.3793103448276,10.620123203285422
GUT,6.45,1295530.82923944,32,32,2016-01-04,8.34,1.2930232558139534,10.620123203285422
GVA,124.42,99827402.30625346,32,32,2016-01-04,160.39,1.289101430638161,10.620123203285422
GVAL,38.1,2995053.7285392154,32,32,2016-01-04,38.525,1.0111548556430445,10.620123203285422
GVI,105.36,9314355.447392624,32,32,2016-01-04,118.349,1.123282080485953,10.620123203285422
GVIP,173.2471,1372431.9187666022,32,32,2016-11-03,191.74,1.1067429122911727,9.787816563997263
GWRE,177.76,175081130.50047767,32,32,2016-01-04,261.88,1.4732223222322234,10.620123203285422
GWRS,8.77,612895.925568855,32,32,2016-04-28,20.44,2.3306727480045613,10.30527036276523
GWW,1314.12,353349009.7813331,32,32,2016-01-04,1402.03,1.0668964782516057,10.620123203285422
GWX,45.7572,1926499.000124655,32,32,2016-01-04,47.0229,1.0276612205292281,10.620123203285422
GXC,90.88,1332954.549933239,32,32,2016-01-04,155.61,1.7122579225352115,10.620123203285422
H,178.72,134481688.48182014,32,32,2016-01-04,202.09,1.1307632050134289,10.620123203285422
HACK,115.28,23887026.79190388,32,32,2016-01-04,121.89,1.0573386537126994,10.620123203285422
HAE,104.65,49722173.858201906,32,32,2016-01-04,139.48,1.3328236980410892,10.620123203285422
HAFC,32.06,7168290.5838658,32,32,2016-01-04,35.85,1.118215845290081,10.620123203285422
HAL,34.66,313730416.82769513,32,32,2016-01-04,58.21,1.679457587997692,10.620123203285422
HALO,104.89,140872898.99595514,32,32,2016-01-04,104.89,1.0,10.620123203285422
HAP,73.8773,1378599.9908975703,32,32,2016-01-04,74.5213,1.0087171566908915,10.620123203285422
HAS,93.99,148040733.66783887,32,32,2016-01-04,126.07,1.3413129056282582,10.620123203285422
HASI,41.36,33363604.237766497,32,32,2016-01-04,70.12,1.695357833655706,10.620123203285422
HAUZ,22.62,1797938.3531320868,32,32,2019-02-25,30.35,1.341732979664014,7.477070499657769
HAWX,45.731,809755.4909015909,32,32,2016-01-04,47.24,1.0329973103584003,10.620123203285422
HAYW,14.61,35004364.04238802,32,32,2021-03-12,27.55,1.8856947296372348,5.434633812457221
HBAN,17.66,403053304.96949744,32,32,2016-01-04,19.27,1.0911664779161947,10.620123203285422
HBANM,20.23,271857.5128635,32,32,2021-06-10,26.91,1.3302026693030153,5.188227241615332
HBANP,16.08,769967.807482,32,32,2016-01-04,1500.0,93.28358208955225,10.620123203285422
HBB,33.85,830336.8659985,32,32,2017-10-02,39.89,1.178434268833087,8.876112251882272
HBCP,71.45,6540488.906301615,32,32,2016-01-04,72.51,1.0148355493351995,10.620123203285422
HBM,26.41,100354234.45795259,32,32,2016-01-04,31.87,1.206739871260886,10.620123203285422
HBNC,20.28,10986662.63721278,32,32,2016-01-04,23.45,1.1563116370808677,10.620123203285422
HBT,36.5,4642989.225934,32,32,2019-10-11,37.22,1.0197260273972601,6.852840520191649
HCA,411.73,529286576.85297894,32,32,2016-01-04,545.13,1.3239987370364072,10.620123203285422
HCC,97.74,51223599.95369278,32,32,2017-04-13,110.28,1.1282995702885206,9.347022587268993
HCI,185.03,27035417.11683445,32,32,2016-01-04,206.4,1.1154947846295196,10.620123203285422
HCKT,10.51,3524129.5043248106,32,32,2016-01-04,32.32,3.075166508087536,10.620123203285422
HCM,12.64,478894.37446914,32,32,2016-03-17,42.94,3.397151898734177,10.420260095824778
HCRB,34.545,756568.5262111075,32,32,2020-02-20,42.665,1.2350557244174265,6.491444216290212
HCSG,21.94,17246360.328624457,32,32,2016-01-04,56.01,2.552871467639015,10.620123203285422
HD,337.49,1277987895.6159306,32,32,2016-01-04,431.37,1.278171205072743,10.620123203285422
HDB,23.17,175857167.4838171,32,32,2016-01-04,41.875,1.8072939145446696,10.620123203285422
HDEF,33.8,3462290.1133593977,32,32,2016-01-04,34.215,1.012278106508876,10.620123203285422
HDGE,14.47,757252.4400892209,32,32,2016-01-04,129.65,8.959917069799586,10.620123203285422
HDSN,5.635,2611685.44763088,32,32,2016-01-04,14.96,2.6548358473824316,10.620123203285422
HE,11.56,20479800.135871764,32,32,2016-01-04,53.32,4.612456747404844,10.620123203285422
HEDJ,57.2777,2314016.8140788567,32,32,2016-01-04,58.22,1.0164514287410282,10.620123203285422
HEEM,41.5184,8599443.514054745,32,32,2016-01-04,46.32,1.1156499287063086,10.620123203285422
HEFA,47.215,19588718.64535572,32,32,2016-01-04,47.955,1.0156729852801016,10.620123203285422
HEGD,27.19,1710634.425622,32,32,2020-12-23,27.42,1.0084589922765723,5.650924024640657
HEI,368.01,144403868.11895317,32,32,2016-01-04,374.67,1.0180973343115678,10.620123203285422
HELE,28.74,11708036.118449371,32,32,2016-01-04,262.89,9.147181628392484,10.620123203285422
HEQ,11.82,219740.962661,32,32,2016-01-04,17.9,1.5143824027072756,10.620123203285422
HERO,27.2449,537269.1671985225,32,32,2016-01-04,36.95,1.3562171268751215,10.620123203285422
HESM,40.07,37073841.21083643,32,32,2017-04-05,43.88,1.0950836036935363,9.36892539356605
HEWJ,64.62,1781345.901951855,32,32,2016-01-04,66.67,1.0317239244815846,10.620123203285422
HEZU,50.1,785018.5609443199,32,32,2016-01-04,50.68,1.011576846307385,10.620123203285422
HFRO,7.18,1011498.5676542299,32,32,2017-11-06,16.24,2.2618384401114207,8.780287474332649
HFWA,29.45,11590530.340242075,32,32,2016-01-04,37.3,1.266553480475382,10.620123203285422
HFXI,37.87,8638802.159916125,32,32,2016-01-04,38.65,1.020596778452601,10.620123203285422
HGLB,7.53,508444.74641659006,32,32,2019-02-19,15.19,2.0172642762284196,7.493497604380561
HGV,43.49,49042530.59814043,32,32,2017-01-04,55.0,1.2646585421936076,9.618069815195073
HIBL,104.67,5169527.902857855,32,32,2019-11-07,137.06,1.3094487436705837,6.778918548939083
HIFS,308.84,12948473.232023928,32,32,2016-01-04,431.05,1.3957065147001686,10.620123203285422
HIG,138.96,208212201.94984028,32,32,2016-01-04,145.68,1.0483592400690847,10.620123203285422
HII,317.61,128697563.51483956,32,32,2016-01-04,453.73,1.4285759264506785,10.620123203285422
HIMS,27.39,371313379.9704182,32,32,2021-01-21,68.74,2.509675063891931,5.5715263518138265
HIMX,14.37,20002489.932193592,32,32,2016-01-04,24.19,1.6833681280445374,10.620123203285422
HIPS,11.7877,514633.09563096403,32,32,2016-01-04,18.9,1.6033662207215997,10.620123203285422
HIW,30.85,40969842.36888009,32,32,2016-01-04,55.74,1.806807131280389,10.620123203285422
HL,17.95,587944051.1035671,32,32,2016-01-04,31.81,1.7721448467966574,10.620123203285422
HLAL,72.3783,3392296.095949992,32,32,2019-07-16,73.6,1.0168793685400181,7.091033538672143
HLF,12.34,16288055.552809764,32,32,2016-01-04,61.47,4.981361426256078,10.620123203285422
HLI,127.01,105560352.48388892,32,32,2016-01-04,209.19,1.647035666482954,10.620123203285422
HLIO,79.43,23090761.645623922,32,32,2019-06-17,114.18,1.437492131436485,7.170431211498974
HLIT,12.73,16131581.51861862,32,32,2016-01-04,18.39,1.4446190102120975,10.620123203285422
HLNE,101.1,62659430.05145964,32,32,2017-03-01,201.62,1.9942631058358062,9.464750171115675
HLT,327.74,633762513.0419309,32,32,2016-01-04,350.22,1.0685909562458047,10.620123203285422
HLX,10.38,12367220.060104419,32,32,2016-01-04,12.82,1.235067437379576,10.620123203285422
HMC,31.95,28640261.249352977,32,32,2016-01-04,37.68,1.179342723004695,10.620123203285422
HMN,51.61,13081652.299550524,32,32,2016-01-04,54.12,1.0486339856616935,10.620123203285422
HMOP,38.55,2494036.0822196146,32,32,2017-12-14,42.94,1.1138780804150454,8.676249144421629
HNDL,22.6558,1306769.7318323844,32,32,2018-01-17,26.22,1.1573195384846264,8.583162217659138
HNI,47.52,21072667.121885158,32,32,2016-01-04,57.49,1.2098063973063973,10.620123203285422
HNRG,15.79,11263901.94290815,32,32,2016-01-04,23.81,1.5079164027865737,10.620123203285422
HOFT,14.69,713752.9830848549,32,32,2016-01-04,51.8,3.5262083049693667,10.620123203285422
HOG,27.23,56361494.93037015,32,32,2016-01-04,62.94,2.3114212265883216,10.620123203285422
HOMB,30.97,48345241.0250964,32,32,2016-01-04,32.09,1.0361640297061674,10.620123203285422
HON,227.71,708588684.7465266,32,32,2016-01-04,248.79,1.0925738878397961,10.620123203285422
HOPE,14.24,13386070.050656525,32,32,2016-08-01,22.69,1.5933988764044944,10.04517453798768
HOV,124.5,16253395.903566444,32,32,2016-01-04,238.3,1.9140562248995985,10.620123203285422
HP,44.19,37281800.009172976,32,32,2016-01-04,83.46,1.888662593346911,10.620123203285422
HPE,55.69,836532671.174303,32,32,2016-01-04,59.82,1.0741605315137368,10.620123203285422
HPF,15.77,438591.2610545,32,32,2016-01-04,23.67,1.5009511731135068,10.620123203285422
HPI,16.05,644954.3062364999,32,32,2016-01-04,24.32,1.5152647975077882,10.620123203285422
HPK,7.85,3049166.2775160046,32,32,2020-08-24,37.69,4.8012738853503185,5.982203969883641
HPP,13.86,9839281.95556839,32,32,2016-01-04,270.9,19.545454545454543,10.620123203285422
HPQ,29.96,343410310.7646292,32,32,2016-01-04,40.34,1.3464619492656877,10.620123203285422
HPS,14.08,682274.45290091,32,32,2016-01-04,20.24,1.4374999999999998,10.620123203285422
HQH,23.98,4847099.350362999,32,32,2016-01-04,29.37,1.224770642201835,10.620123203285422
HQL,21.72,2849332.434518725,32,32,2016-01-04,23.22,1.069060773480663,10.620123203285422
HQY,102.79,67378299.94481638,32,32,2016-01-04,114.51,1.1140188734312677,10.620123203285422
HR,19.11,76738296.53098044,32,32,2016-01-04,37.92,1.9843014128728416,10.620123203285422
HRB,50.94,90643388.87056237,32,32,2016-01-04,66.6,1.3074204946996466,10.620123203285422
HRI,166.82,61115243.90911538,32,32,2016-07-01,239.28,1.4343603884426328,10.130047912388775
HRL,24.34,81399430.1006267,32,32,2016-01-04,54.81,2.251848808545604,10.620123203285422
HRMY,38.83,27547669.639387295,32,32,2020-08-19,60.91,1.568632500643832,5.9958932238193015
HROW,39.52,20284826.447770156,32,32,2019-01-02,57.48,1.4544534412955463,7.624914442162902
HRTG,33.69,7537031.07463171,32,32,2016-01-04,35.21,1.0451172454734343,10.620123203285422
HRZN,5.05,2796745.12283668,32,32,2016-01-04,18.5,3.6633663366336635,10.620123203285422
HSBC,103.18,118916726.14900137,32,32,2016-01-04,107.86,1.0453576274471796,10.620123203285422
HSCZ,43.621,961180.46598895,32,32,2016-01-04,44.2963,1.015481075628711,10.620123203285422
HSIC,89.23,104542169.35485132,32,32,2016-01-04,91.96,1.0305950913369941,10.620123203285422
HST,22.92,213712096.1780453,32,32,2016-01-04,25.54,1.1143106457242582,10.620123203285422
HSTM,28.51,4914756.841344699,32,32,2016-01-04,34.07,1.1950192914766748,10.620123203285422
HSY,183.45,282216707.0166923,32,32,2016-01-04,276.35,1.5064050149904609,10.620123203285422
HTAB,18.85,634358.7948073,32,32,2018-04-19,21.965,1.1652519893899203,8.331279945242985
HTD,25.53,1491488.0901513398,32,32,2016-01-04,28.44,1.1139835487661576,10.620123203285422
HTEC,40.6927,394128.8434826705,32,32,2019-06-25,51.87,1.2746758018022888,7.148528405201916
HTGC,16.65,26231389.937003523,32,32,2016-01-04,22.0,1.3213213213213215,10.620123203285422
HTH,39.0,8764325.360108342,32,32,2016-01-04,40.02,1.0261538461538462,10.620123203285422
HTHT,45.92,58824245.59297365,32,32,2016-01-04,61.92,1.348432055749129,10.620123203285422
HTLD,12.75,9392833.7921247,32,32,2016-01-04,25.12,1.9701960784313726,10.620123203285422
HTRB,33.26,5275256.736476624,32,32,2017-09-28,42.72,1.2844257366205654,8.8870636550308
HTUS,45.7851,392533.6697595335,32,32,2016-01-04,46.7031,1.0200501910010025,10.620123203285422
HUBB,483.86,221576349.81257677,32,32,2016-01-04,557.85,1.152916132765676,10.620123203285422
HUBG,39.69,34291150.40242337,32,32,2016-01-04,53.2,1.3403880070546739,10.620123203285422
HUBS,226.24,347710845.8661017,32,32,2016-01-04,852.08,3.766265912305516,10.620123203285422
HUM,382.0,488378794.74478936,32,32,2016-01-04,563.0,1.4738219895287958,10.620123203285422
HUN,10.05,39409560.76980771,32,32,2016-01-04,41.2,4.099502487562189,10.620123203285422
HURC,22.42,458139.49171300005,32,32,2016-01-04,49.2,2.1944692239072254,10.620123203285422
HURN,151.37,30742420.812083744,32,32,2016-01-04,185.58,1.226002510404968,10.620123203285422
HVT,28.34,2651292.004522225,32,32,2016-01-04,51.88,1.8306280875088214,10.620123203285422
HWBK,39.76,529278.5901178601,32,32,2021-03-26,40.31,1.0138329979879277,5.3963039014373715
HWC,78.25,61918485.34039703,32,32,2018-05-25,79.78,1.0195527156549522,8.232717316906228
HWKN,124.8,18651726.86918493,32,32,2016-01-04,184.75,1.4803685897435899,10.620123203285422
HWM,292.65,559599089.2407255,32,32,2020-04-01,292.65,1.0,6.379192334017796
HXL,101.18,94843593.3274433,32,32,2016-01-04,110.28,1.0899387230678,10.620123203285422
HY,33.33,3008616.13738053,32,32,2016-01-04,100.37,3.0114011401140117,10.620123203285422
HYBB,46.49,785839.4204219801,32,32,2020-10-08,52.8,1.1357281135728112,5.859000684462697
HYD,50.125,33714569.871901415,32,32,2016-01-04,66.14,1.3195012468827931,10.620123203285422
HYDB,46.48,6293180.499084745,32,32,2017-07-13,52.1,1.1209122203098107,9.097878165639973
HYEM,20.04,1836807.7510384498,32,32,2016-01-04,24.91,1.2430139720558884,10.620123203285422
HYG,79.53,2253596924.474143,32,32,2016-01-04,88.97,1.1186973469131145,10.620123203285422
HYGH,86.485,4096354.350396155,32,32,2016-01-04,92.71,1.071977799618431,10.620123203285422
HYGV,40.11,3274970.22452222,32,32,2018-07-18,50.44,1.257541760159561,8.084873374401095
HYHG,64.58,1542893.65805759,32,32,2016-01-04,69.96,1.0833075255497058,10.620123203285422
HYI,10.52,601689.3426473,32,32,2016-01-04,16.45,1.5636882129277567,10.620123203285422
HYIN,14.2784,233698.83996178515,32,32,2021-05-06,26.2695,1.8398069811743614,5.284052019164956
HYLB,36.31,27243635.59347072,32,32,2016-12-07,41.2472,1.1359735610024786,9.69472963723477
HYLS,40.71,7903620.840460565,32,32,2016-01-04,49.72,1.221321542618521,10.620123203285422
HYMB,24.78,31568609.962701462,32,32,2016-01-04,30.58,1.234059725585149,10.620123203285422
HYS,92.86,7730531.37590272,32,32,2016-01-04,101.93,1.0976739177256085,10.620123203285422
HYT,8.33,6006815.27088505,32,32,2016-01-04,12.65,1.518607442977191,10.620123203285422
HYTR,21.225,1240837.6504727062,32,32,2020-01-22,25.1674,1.1857432273262662,6.570841889117043
HYXF,46.4405,400634.340620555,32,32,2020-09-15,52.78,1.136508004866442,5.921971252566735
HYZD,22.6354,1435078.405330115,32,32,2016-01-04,24.41,1.0783993214168957,10.620123203285422
HZO,52.18,10673920.41278124,32,32,2016-01-04,66.48,1.274051360674588,10.620123203285422
IAE,8.66,297464.23032346996,32,32,2016-01-04,11.35,1.3106235565819861,10.620123203285422
IAGG,49.78,39915089.62056864,32,32,2016-01-04,56.51,1.1351948573724386,10.620123203285422
IAI,190.395,10572594.659743274,32,32,2016-01-04,196.32,1.0311195146931378,10.620123203285422
IAK,144.99,20266837.648418143,32,32,2016-01-04,152.07,1.0488309538588867,10.620123203285422
IART,17.55,14932884.57865296,32,32,2016-01-04,76.63,4.366381766381766,10.620123203285422
IAT,64.78,8156740.575121245,32,32,2016-01-04,69.28,1.069465884532263,10.620123203285422
IAU,81.71,329556952.36336344,32,32,2016-01-04,101.57,1.2430547056663812,10.620123203285422
IBB,203.56,277934533.35809064,32,32,2016-01-04,203.56,1.0,10.620123203285422
IBBQ,34.6197,569524.390171254,32,32,2021-06-11,34.6197,1.0,5.1854893908282
IBCP,38.08,7305255.1394694,32,32,2016-01-04,38.99,1.0238970588235294,10.620123203285422
IBD,23.66,1765270.5395912998,32,32,2017-07-11,26.625,1.125316990701606,9.103353867214237
IBDR,24.21,11179901.778406199,32,32,2016-09-19,27.1015,1.119434118133003,9.911019849418206
IBDS,24.19,11789633.07446,32,32,2017-09-14,27.57,1.1397271599834642,8.92539356605065
IBDT,25.2,12398495.76623059,32,32,2018-09-20,29.6,1.1746031746031746,7.909650924024641
IBDU,23.07,11755776.810397234,32,32,2019-09-19,27.52,1.1928912006935413,6.913073237508556
IBDV,21.62,11456003.2255702,32,32,2020-06-25,26.285,1.21577243293247,6.146475017111568
IBEX,35.44,3298403.4707360147,32,32,2020-08-07,42.0,1.1851015801354403,6.028747433264887
IBHF,22.5,4141302.291387615,32,32,2020-11-12,25.7681,1.145248888888889,5.763175906913073
IBKR,90.56,403074125.1012385,32,32,2016-01-04,97.41,1.0756404593639575,10.620123203285422
IBM,232.67,2013987828.0653987,32,32,2016-01-04,329.23,1.4150083809687541,10.620123203285422
IBMO,25.6102,1506677.93988948,32,32,2019-04-04,27.23,1.0632482370305583,7.3730321697467485
IBMP,25.38,1874688.64319845,32,32,2019-04-11,27.455,1.0817572892040976,7.353867214236824
IBMQ,25.505,1684452.71092,32,32,2019-04-18,27.7849,1.0893903156243874,7.3347022587268995
IBN,29.63,168431749.28470266,32,32,2016-01-04,34.41,1.1613229834627066,10.620123203285422
IBND,31.12,1447129.3828507583,32,32,2016-01-04,38.075,1.2234897172236505,10.620123203285422
IBOC,72.61,23306811.17666475,32,32,2016-01-04,77.84,1.0720286461919846,10.620123203285422
IBP,238.59,83775168.49748713,32,32,2016-01-04,344.19,1.4426002766251729,10.620123203285422
IBTH,22.37,8618089.333744109,32,32,2020-02-28,26.59,1.1886455073759499,6.469541409993155
IBTI,22.11,8615286.694072079,32,32,2021-03-26,25.915,1.1720940750791498,5.3963039014373715
IBTJ,21.575,4864984.446477765,32,32,2021-03-26,25.7669,1.1942943221320974,5.3963039014373715
IBUY,71.97,355498.8062813565,32,32,2016-04-20,139.13,1.933166597193275,10.327173169062286
ICCC,9.76,274019.47740770003,32,32,2016-01-04,11.88,1.2172131147540985,10.620123203285422
ICE,156.18,536474028.36964214,32,32,2016-01-04,188.45,1.206620566013574,10.620123203285422
ICF,68.22,7264829.859163379,32,32,2016-01-04,76.08,1.1152154793315743,10.620123203285422
ICFI,88.0,18157330.32598945,32,32,2016-01-04,176.06,2.000681818181818,10.620123203285422
ICHR,66.08,69312835.05613287,32,32,2016-12-09,112.28,1.6991525423728815,9.689253935660506
ICL,5.41,5447326.67728707,32,32,2016-01-04,12.68,2.343807763401109,10.620123203285422
ICLN,17.74,86154392.69621335,32,32,2016-01-04,33.41,1.8833145434047351,10.620123203285422
ICLR,167.05,103420262.69494759,32,32,2016-01-04,346.2,2.0724334031727025,10.620123203285422
ICOW,44.66,5499495.97541492,32,32,2017-06-19,45.64,1.0219435736677116,9.163586584531142
ICUI,183.76,49396909.88565305,32,32,2016-01-04,309.75,1.6856225511536789,10.620123203285422
ICVT,116.42,58119769.97323385,32,32,2016-01-04,124.27,1.0674282769283627,10.620123203285422
IDA,142.03,66548969.004256785,32,32,2016-01-04,154.55,1.088150390762515,10.620123203285422
IDCC,335.77,67113211.39843875,32,32,2016-01-04,396.54,1.1809869851386368,10.620123203285422
IDE,13.21,444827.37290707,32,32,2016-01-04,17.49,1.3239969719909157,10.620123203285422
IDEV,92.36,96658177.20858967,32,32,2017-03-23,93.56,1.0129926375054137,9.404517453798768
IDHQ,45.17,5724046.095652495,32,32,2016-01-04,45.71,1.0119548372813814,10.620123203285422
IDLV,35.7713,473569.84587004,32,32,2016-01-04,36.89,1.0312736747056999,10.620123203285422
IDMO,62.42,18725884.1113128,32,32,2016-03-22,63.56,1.0182633771227172,10.406570841889117
IDNA,35.98,986780.47899625,32,32,2019-06-13,55.47,1.5416898276820457,7.181382614647502
IDOG,44.35,974675.4126659001,32,32,2016-01-04,44.35,1.0,10.620123203285422
IDRV,36.44,538741.909745734,32,32,2019-04-18,56.56,1.5521405049396269,7.3347022587268995
IDT,66.65,11247394.712243404,32,32,2016-01-04,69.88,1.048462115528882,10.620123203285422
IDU,111.66,6938734.70173896,32,32,2016-01-04,120.7,1.0809600573168547,10.620123203285422
IDV,44.58,29677691.48831086,32,32,2016-01-04,45.37,1.0177209510991476,10.620123203285422
IDX,11.23,287251.112640955,32,32,2016-01-04,26.88,2.393588601959038,10.620123203285422
IDXX,553.32,318533639.1019358,32,32,2016-01-04,766.68,1.3855996530036867,10.620123203285422
IDYA,37.93,24468140.385076366,32,32,2019-05-23,47.13,1.2425520696018983,7.238877481177276
IEF,92.93,479795292.3015094,32,32,2016-01-04,123.06,1.3242225330894222,10.620123203285422
IEFA,99.88,745976492.8702415,32,32,2016-01-04,101.21,1.01331597917501,10.620123203285422
IEI,116.58,122647324.26139578,32,32,2016-01-04,134.1,1.150283067421513,10.620123203285422
IEMG,79.63,866388559.5946301,32,32,2016-01-04,86.0,1.07999497676755,10.620123203285422
IEO,134.44,8720561.670426255,32,32,2016-01-04,134.44,1.0,10.620123203285422
IEP,6.83,5397991.965816155,32,32,2016-01-04,80.32,11.759882869692532,10.620123203285422
IESC,738.79,111119929.38056178,32,32,2016-01-04,793.96,1.0746761596664818,10.620123203285422
IETC,109.2502,2365485.227365995,32,32,2018-03-23,118.26,1.0824694142436353,8.405201916495551
IEUR,77.54,37151956.92907688,32,32,2016-01-04,78.34,1.0103172556100077,10.620123203285422
IEV,74.87,5030202.70940506,32,32,2016-01-04,75.81,1.0125550954988647,10.620123203285422
IEX,234.16,123165460.95614958,32,32,2016-01-04,245.87,1.050008541168432,10.620123203285422
IEZ,30.13,4369144.357423975,32,32,2016-01-04,47.69,1.582807832724859,10.620123203285422
IFF,81.0,132482634.09105122,32,32,2016-01-04,156.87,1.9366666666666668,10.620123203285422
IFN,11.79,1486883.0428691548,32,32,2016-01-04,28.81,2.443596268023749,10.620123203285422
IFRA,61.13,16821469.33832037,32,32,2018-04-05,64.07,1.0480942254212333,8.369609856262834
IFS,54.05,11875614.182490643,32,32,2019-07-19,60.68,1.1226641998149862,7.082819986310746
IFV,25.9076,780794.32520906,32,32,2016-01-04,28.4072,1.0964813413824515,10.620123203285422
IG,20.175,455628.55858079996,32,32,2018-04-19,27.8261,1.3792366790582404,8.331279945242985
IGA,10.42,544602.5100621,32,32,2016-01-04,11.81,1.1333973128598849,10.620123203285422
IGBH,24.3415,1954519.50827754,32,32,2018-08-01,26.3731,1.0834623996056119,8.046543463381246
IGD,6.64,1622320.72046124,32,32,2016-01-04,8.13,1.224397590361446,10.620123203285422
IGE,64.37,5051169.15850799,32,32,2016-01-04,64.37,1.0,10.620123203285422
IGEB,44.14,10395617.4143309,32,32,2017-07-13,55.76,1.2632532850022655,9.097878165639973
IGF,65.88,38967088.21488869,32,32,2016-01-04,69.37,1.0529751062537949,10.620123203285422
IGHG,77.7448,1113828.2961618002,32,32,2016-01-04,79.18,1.018460398637594,10.620123203285422
IGIB,52.18,109851031.22842988,32,32,2018-08-01,61.79,1.1841701801456497,8.046543463381246
IGIC,26.82,2846223.55832595,32,32,2020-03-19,28.93,1.0786726323639075,6.414784394250513
IGLB,47.63,92694952.72643867,32,32,2018-08-01,74.235,1.5585765273986982,8.046543463381246
IGLD,21.7,5102592.667583484,32,32,2016-01-04,1782.0,82.11981566820276,10.620123203285422
IGM,160.33,47242955.89951855,32,32,2016-01-04,170.99,1.0664878687706605,10.620123203285422
IGOV,41.1061,7601951.904277686,32,32,2016-01-04,55.91,1.3601387628600135,10.620123203285422
IGRO,91.72,2817800.0763887353,32,32,2016-05-19,93.35,1.01777147841256,10.247775496235455
IGSB,52.14,119376373.84908831,32,32,2018-08-01,55.17,1.0581127733026467,8.046543463381246
IGV,101.96,1147265102.56219,32,32,2016-01-04,117.79,1.155256963515104,10.620123203285422
IHAK,65.32,9719871.583720675,32,32,2019-06-13,68.36,1.046540110226577,7.181382614647502
IHD,7.5,344492.99497162004,32,32,2016-01-04,9.78,1.3039999999999998,10.620123203285422
IHDG,53.1382,4565038.83356365,32,32,2016-01-04,54.02,1.0165944649988146,10.620123203285422
IHE,105.31,16760967.656456303,32,32,2016-01-04,105.31,1.0,10.620123203285422
IHF,56.48,24208412.08214601,32,32,2016-01-04,59.176,1.0477337110481588,10.620123203285422
IHG,159.38,43417451.527500376,32,32,2016-01-04,174.13,1.092546116200276,10.620123203285422
IHI,55.44,145230319.7417611,32,32,2016-01-04,67.15,1.2112193362193364,10.620123203285422
IIF,23.05,717453.499739975,32,32,2016-01-04,36.76,1.5947939262472883,10.620123203285422
IIIN,32.03,7113690.321767281,32,32,2016-01-04,47.39,1.4795504214798625,10.620123203285422
IIIV,16.14,5911102.432449075,32,32,2018-06-21,36.27,2.2472118959107807,8.158795345653662
IIM,12.56,1054810.2945643,32,32,2016-01-04,17.91,1.4259554140127388,10.620123203285422
IIPR,55.12,18172562.054582134,32,32,2016-12-01,286.21,5.192489114658926,9.711156741957563
IJAN,38.8917,204772.0960813475,32,32,2020-01-02,39.065,1.0044559636117731,6.625598904859685
IJH,77.24,434905435.9669697,32,32,2016-01-04,78.67,1.0185137234593475,10.620123203285422
IJJ,149.1,22357600.67872599,32,32,2016-01-04,151.67,1.0172367538564722,10.620123203285422
IJK,116.74,18851459.428991802,32,32,2016-01-04,119.11,1.0203015247558678,10.620123203285422
IJR,147.69,386538206.24175453,32,32,2016-01-04,150.44,1.0186200826054574,10.620123203285422
IJS,138.13,24253864.65916489,32,32,2016-01-04,140.68,1.0184608701947442,10.620123203285422
IJT,175.15,27113843.887703873,32,32,2016-01-04,179.07,1.0223808164430488,10.620123203285422
IJUL,36.72,1387073.89603646,32,32,2019-07-01,37.04,1.0087145969498912,7.132101300479124
ILCB,106.47,989160.1736346,32,32,2021-03-22,107.87,1.0131492439184748,5.4072553045859
ILCG,115.98,5691931.668051096,32,32,2021-03-22,120.22,1.0365580272460768,5.4072553045859
ILCV,107.6013,1949447.63760698,32,32,2021-03-22,108.1519,1.0051170385487909,5.4072553045859
ILDR,38.8843,1981062.2628912998,32,32,2021-05-26,40.54,1.0425801673168862,5.229295003422314
ILF,33.23,70889847.11512752,32,32,2016-01-04,39.5,1.1886849232621126,10.620123203285422
ILMN,188.29,326551626.2231529,32,32,2016-01-04,524.84,2.7874024111742526,10.620123203285422
ILTB,46.9367,1789547.8421341432,32,32,2016-01-04,79.39,1.6914269644009912,10.620123203285422
IMAX,50.55,58267846.36907046,32,32,2016-01-04,53.26,1.0536102868447081,10.620123203285422
IMCB,99.7525,2718470.4734375724,32,32,2021-03-22,101.2101,1.014612165108644,5.4072553045859
IMCG,98.38,9262778.733448599,32,32,2021-03-22,100.54,1.021955682049197,5.4072553045859
IMCR,36.02,16995930.051939137,32,32,2021-02-05,75.36,2.0921710161021654,5.530458590006845
IMCV,97.5988,2152081.5261418982,32,32,2021-03-22,98.3855,1.008060549924794,5.4072553045859
IMFL,34.29,1539905.225449625,32,32,2021-02-24,34.99,1.020414114902304,5.478439425051334
IMKTA,85.78,10541251.66328514,32,32,2016-01-04,101.12,1.1788295640009328,10.620123203285422
IMMR,7.53,3458583.6189665645,32,32,2016-01-04,17.15,2.277556440903054,10.620123203285422
IMNM,27.56,24700092.54146141,32,32,2020-10-02,43.24,1.5689404934687956,5.87542778918549
IMO,135.7,62051848.26223774,32,32,2016-01-04,138.33,1.0193809874723656,10.620123203285422
IMOM,41.38,516399.00173918967,32,32,2016-01-04,46.13,1.1147897535041082,10.620123203285422
IMOS,53.64,7130236.40025967,32,32,2016-01-04,75.785,1.4128448918717373,10.620123203285422
IMTB,42.965,895021.6262128893,32,32,2016-11-07,52.715,1.226928895612708,9.776865160848734
IMTM,53.612,16775137.00347027,32,32,2016-01-04,54.64,1.019174811609341,10.620123203285422
IMTX,9.09,3125190.32325816,32,32,2020-07-02,15.46,1.700770077007701,6.1273100616016425
IMVT,44.3,37495756.58994806,32,32,2019-12-19,52.71,1.189841986455982,6.663928815879535
IMXI,14.52,4269315.677969201,32,32,2018-07-27,27.03,1.8615702479338845,8.060232717316905
INBK,29.38,807011.17009628,32,32,2016-01-04,52.8,1.79714091218516,10.620123203285422
INBX,94.62,22638841.746763397,32,32,2020-08-19,141.84,1.4990488268864932,5.9958932238193015
INCO,61.8433,767795.503232748,32,32,2016-01-04,78.25,1.2652947045193255,10.620123203285422
INCY,123.47,174636309.51842874,32,32,2016-01-04,152.66,1.2364137037337004,10.620123203285422
INDA,49.38,260232331.13785034,32,32,2016-01-04,59.2,1.1988659376265696,10.620123203285422
INDB,85.34,27219051.280883115,32,32,2016-01-04,98.62,1.1556128427466603,10.620123203285422
INDL,44.7629,578358.372049575,32,32,2016-01-04,119.33,2.6658237066856705,10.620123203285422
INDS,41.11,300520.9533014601,32,32,2018-05-15,56.04,1.3631719776210167,8.260095824777549
INDY,43.33,3827077.697650815,32,32,2016-01-04,57.25,1.3212554811908608,10.620123203285422
INFL,52.9,4506183.943124671,32,32,2021-01-12,55.15,1.0425330812854443,5.596167008898015
INFU,12.23,1382181.679551715,32,32,2016-01-04,22.92,1.8740801308258381,10.620123203285422
INFY,11.83,245855699.0519603,32,32,2016-01-04,26.2,2.2147083685545224,10.620123203285422
ING,35.49,71709216.42303193,32,32,2016-01-04,35.92,1.012116089039166,10.620123203285422
INGN,5.6,1420921.94662906,32,32,2016-01-04,282.92,50.52142857142858,10.620123203285422
INGR,105.45,65694019.55159055,32,32,2016-01-04,154.86,1.4685633001422476,10.620123203285422
INMD,14.99,6908088.489398815,32,32,2019-08-08,97.86,6.528352234823215,7.028062970568104
INMU,23.75,3371511.500166,32,32,2021-03-19,25.82,1.087157894736842,5.415468856947296
INN,6.03,6088981.709857905,32,32,2016-01-04,19.22,3.1873963515754555,10.620123203285422
INNV,11.1,2905316.647220505,32,32,2021-03-04,26.04,2.345945945945946,5.456536618754278
INSE,5.95,798134.7842900001,32,32,2016-12-29,16.3,2.7394957983193278,9.634496919917865
INSM,128.46,257420792.02031165,32,32,2016-01-04,211.41,1.6457262961233068,10.620123203285422
INSP,57.38,37880809.7001824,32,32,2018-05-03,326.08,5.682816312303938,8.292950034223136
INSW,98.77,44095439.77774301,32,32,2016-12-01,98.77,1.0,9.711156741957563
INTC,96.685,11149326489.312904,32,32,2016-01-04,140.94,1.4577235351916016,10.620123203285422
INTF,42.7,6956532.44172082,32,32,2016-01-04,43.29,1.0138173302107727,10.620123203285422
INTT,13.62,2281946.70212345,32,32,2016-01-04,26.91,1.9757709251101323,10.620123203285422
INTU,350.41,1120411156.02091,32,32,2016-01-04,807.39,2.304129448360492,10.620123203285422
INVA,21.25,13254445.59876768,32,32,2016-01-11,24.24,1.140705882352941,10.600958247775496
INVH,29.72,102822587.71261817,32,32,2017-02-01,45.34,1.5255720053835802,9.541409993155373
IONS,59.62,154400785.1303624,32,32,2016-01-04,86.5,1.4508554176450856,10.620123203285422
IOO,143.82,21232298.88164606,32,32,2016-01-04,146.19,1.0164789319983312,10.620123203285422
IOSP,93.56,12667609.922649048,32,32,2016-01-04,131.58,1.4063702436938863,10.620123203285422
IOVA,7.03,67360837.35469076,32,32,2017-06-28,52.59,7.4807965860597445,9.138945927446954
IP,40.05,187588483.77570388,32,32,2016-01-04,65.08,1.624968789013733,10.620123203285422
IPAC,84.74,5883733.670038005,32,32,2016-01-04,86.68,1.02289355676186,10.620123203285422
IPAR,113.46,33023327.06784311,32,32,2016-01-04,157.59,1.3889476467477526,10.620123203285422
IPAY,50.78,2998299.50903345,32,32,2016-01-04,72.99,1.4373769200472626,10.620123203285422
IPGP,81.31,34461694.67556243,32,32,2016-01-04,263.34,3.2387160250891647,10.620123203285422
IPI,36.41,5595219.194885775,32,32,2016-01-04,119.5,3.282065366657512,10.620123203285422
IPKW,60.82,1690480.0176334805,32,32,2016-01-04,61.835,1.016688589279842,10.620123203285422
IPO,54.5,979281.64551526,32,32,2016-01-04,76.13,1.396880733944954,10.620123203285422
IQDF,35.26,1306072.0999216188,32,32,2016-01-04,35.7373,1.0135365853658536,10.620123203285422
IQDG,44.195,1157726.16060284,32,32,2016-04-07,44.8741,1.0153659916280122,10.362765229295004
IQI,10.07,1533004.2879868,32,32,2016-01-04,14.07,1.3972194637537239,10.620123203285422
IQLT,51.29,72995182.57023603,32,32,2016-01-04,51.83,1.010528368102944,10.620123203285422
IQM,108.35,392760.52999675786,32,32,2020-02-27,125.9449,1.162389478541763,6.4722792607802875
IQV,240.03,261657518.02244446,32,32,2017-11-15,282.61,1.1773944923551223,8.75564681724846
IR,80.77,341272849.52134186,32,32,2016-01-04,146.55,1.8144112913210353,10.620123203285422
IRDM,49.03,64584385.9400066,32,32,2016-01-04,67.26,1.3718131756067715,10.620123203285422
IRM,126.67,222704270.92139333,32,32,2016-01-04,133.06,1.0504460408936607,10.620123203285422
IRMD,87.55,11066535.43010991,32,32,2016-01-04,105.15,1.2010279840091378,10.620123203285422
IRS,14.38,1526716.713081945,32,32,2016-01-04,33.6177,2.337809457579972,10.620123203285422
IRT,16.38,39516943.43723764,32,32,2016-01-04,28.15,1.7185592185592187,10.620123203285422
IRTC,115.24,67155091.1003946,32,32,2016-10-20,268.46,2.329573064908018,9.826146475017111
ISCB,76.2245,220772.430623,32,32,2021-03-22,77.5519,1.0174143484050404,5.4072553045859
ISCF,45.42,1131902.1210047514,32,32,2016-01-05,46.04,1.013650374284456,10.617385352498289
ISCG,65.02,1276048.9298027111,32,32,2021-03-22,66.3602,1.0206121193478932,5.4072553045859
ISCV,80.6091,753372.2779008815,32,32,2021-03-22,81.7877,1.014621178005957,5.4072553045859
ISD,12.4,1450618.09883689,32,32,2016-01-04,16.61,1.339516129032258,10.620123203285422
ISHG,75.5304,2596203.337231619,32,32,2021-03-26,84.5,1.1187548324912884,5.3963039014373715
ISMD,49.67,1606079.7053569201,32,32,2017-02-28,50.68,1.0203342057580027,9.467488021902806
ISRG,391.18,1246356850.8739552,32,32,2016-01-04,610.45,1.5605347921672887,10.620123203285422
ISSC,24.78,5082866.24641026,31,31,2016-01-04,30.56,1.2332526230831315,10.620123203285422
ISTB,48.06,17016230.66077371,32,32,2016-01-04,51.69,1.0755305867665417,10.620123203285422
ISTR,30.85,4734124.571482725,32,32,2016-01-04,30.95,1.0032414910858996,10.620123203285422
ISVL,53.8098,716393.05462552,32,32,2021-03-25,54.2202,1.007626863508134,5.3990417522245036
IT,182.07,210630116.7762754,32,32,2016-01-04,551.8,3.030702477069259,10.620123203285422
ITA,252.16,136806458.95699072,32,32,2016-01-04,253.215,1.0041838515228427,10.620123203285422
ITB,96.28,166751903.47486493,32,32,2016-01-04,129.34,1.3433734939759037,10.620123203285422
ITGR,125.09,50799575.059610456,32,32,2016-07-01,144.36,1.1540490846590457,10.130047912388775
ITIC,291.16,9577020.068495296,32,32,2016-01-04,296.58,1.0186151943948343,10.620123203285422
ITM,45.9,10073201.211990401,32,32,2016-01-04,52.34,1.1403050108932462,10.620123203285422
ITOT,168.33,210622451.5941642,32,32,2016-01-04,170.7,1.0140794867225091,10.620123203285422
ITRI,96.18,47523350.018990695,32,32,2016-01-04,138.42,1.4391765439800372,10.620123203285422
ITRN,52.01,7978144.31534465,32,32,2016-01-04,66.37,1.276100749855797,10.620123203285422
ITT,217.67,164510471.64655,32,32,2016-01-04,221.69,1.0184683236091332,10.620123203285422
ITUB,7.27,165291990.83865833,32,32,2016-01-04,9.9911,1.3742916093535076,10.620123203285422
ITW,284.66,321625867.9576585,32,32,2016-01-04,299.6,1.0524836647228273,10.620123203285422
IUS,69.39,3090561.9367883047,32,32,2018-09-12,70.01,1.0089350050439545,7.931553730321697
IUSB,45.43,143081716.7200063,32,32,2016-01-04,104.58,2.3020030816640986,10.620123203285422
IUSG,191.01,77563596.44412155,32,32,2016-01-04,194.94,1.0205748390136642,10.620123203285422
IUSV,114.66,56769292.93299274,32,32,2016-01-04,115.3575,1.006083202511774,10.620123203285422
IVAL,36.5123,307876.71811296564,32,32,2016-01-04,36.93,1.0114399804997218,10.620123203285422
IVE,236.7,137649315.68542582,32,32,2016-01-04,238.09,1.0058724123362908,10.620123203285422
IVLU,43.88,30519532.90471426,32,32,2016-01-04,44.44,1.0127620783956244,10.620123203285422
IVOG,145.52,2413749.3743476802,32,32,2016-01-04,148.37,1.0195849367784497,10.620123203285422
IVOL,17.635,1205313.822495575,32,32,2019-05-14,28.95,1.6416217748795008,7.263518138261465
IVOO,130.71,8986004.82121846,32,32,2016-01-04,133.08,1.0181317420243288,10.620123203285422
IVOV,115.31,1140304.516377355,32,32,2016-01-04,117.23,1.0166507674963143,10.620123203285422
IVR,7.47,19399805.27665125,32,32,2016-01-04,186.4,24.95314591700134,10.620123203285422
IVV,770.98,3069795979.7757883,32,32,2016-01-04,781.47,1.0136060598199694,10.620123203285422
IVW,139.68,183978741.64427447,32,32,2016-01-04,142.54,1.020475372279496,10.620123203285422
IVZ,32.38,136492573.4655466,32,32,2016-01-04,38.4,1.1859172328597898,10.620123203285422
IWB,420.17,163419686.82535103,32,32,2016-01-04,426.04,1.0139705357355355,10.620123203285422
IWC,198.24,11270214.058030222,32,32,2016-01-04,200.89,1.013367635189669,10.620123203285422
IWD,256.73,360451065.2951275,32,32,2016-01-04,258.7,1.0076734312312545,10.620123203285422
IWL,189.85,6305574.58946812,32,32,2016-01-04,192.47,1.0138003687121413,10.620123203285422
IWM,300.23,5562052842.307346,32,32,2016-01-04,305.09,1.0161875895147052,10.620123203285422
IWN,224.45,99224598.75062248,32,32,2016-01-04,227.43,1.0132768990866563,10.620123203285422
IWO,388.23,133167840.03686458,32,32,2016-01-04,395.65,1.0191123818355097,10.620123203285422
IWP,144.37,85854312.4637155,32,32,2016-01-04,147.7,1.0230657338782294,10.620123203285422
IWR,112.99,144182110.6150273,32,32,2016-01-04,114.82,1.0161961235507566,10.620123203285422
IWS,170.82,59316388.168003336,32,32,2016-01-04,173.44,1.01533778246107,10.620123203285422
IWV,437.09,53657000.770810604,32,32,2016-01-04,442.95,1.0134068498478574,10.620123203285422
IWX,112.25,33829272.524608046,32,32,2016-01-04,113.17,1.008195991091314,10.620123203285422
IWY,287.08,96322125.6184065,32,32,2016-01-04,302.16,1.0525289118015886,10.620123203285422
IX,39.14,8374060.974594779,32,32,2016-01-04,41.31,1.0554420030659173,10.620123203285422
IXC,58.12,27497698.56012766,32,32,2016-01-04,58.26,1.002408809359945,10.620123203285422
IXG,133.8825,7423587.481794066,32,32,2016-01-04,135.0748,1.0089055701828096,10.620123203285422
IXJ,103.91,13226141.80457202,32,32,2016-01-04,103.91,1.0,10.620123203285422
IXN,139.59,41118736.363320716,32,32,2016-01-04,149.74,1.0727129450533706,10.620123203285422
IXP,115.57,1803079.7524096128,32,32,2016-01-04,126.56,1.0950938824954575,10.620123203285422
IXUS,96.53,119729831.0640006,32,32,2016-01-04,98.14,1.016678752719362,10.620123203285422
IYC,101.9,8974815.69989775,32,32,2016-01-04,107.18,1.0518155053974485,10.620123203285422
IYE,67.31,41750567.05636738,32,32,2016-01-04,67.31,1.0,10.620123203285422
IYF,137.18,30980824.10038203,32,32,2016-01-04,138.51,1.0096952908587256,10.620123203285422
IYG,97.57,6884596.24275213,32,32,2016-01-04,98.25,1.0069693553346317,10.620123203285422
IYH,71.67,29421177.378806338,32,32,2016-01-04,71.67,1.0,10.620123203285422
IYJ,166.88,5767317.759575564,32,32,2016-01-04,169.86,1.017857142857143,10.620123203285422
IYK,74.44,12559445.284784423,32,32,2016-01-04,77.64,1.0429876410531973,10.620123203285422
IYLD,22.2252,228039.47073610002,32,32,2016-01-04,26.07,1.172992818962259,10.620123203285422
IYM,186.38,13832231.12427248,32,32,2016-01-04,190.72,1.0232857602747076,10.620123203285422
IYR,103.76,538513779.3875128,32,32,2016-01-04,116.14,1.119313801079414,10.620123203285422
IYT,86.18,44899320.64590316,32,32,2016-01-04,90.01,1.044441865862149,10.620123203285422
IYW,249.58,107713777.27848062,32,32,2016-01-04,259.94,1.0415097363570798,10.620123203285422
IYY,187.06,3008840.452474567,32,32,2016-01-04,189.65,1.013845824869026,10.620123203285422
IYZ,43.14,40206544.80705497,32,32,2016-01-04,45.95,1.0651367640241076,10.620123203285422
IZRL,29.15,239340.1657254612,32,32,2017-12-05,38.03,1.3046312178387651,8.700889801505818
J,142.86,113970507.68141656,32,32,2019-12-10,164.44,1.1510569788604226,6.6885694729637235
JAAA,50.61,220078553.6950041,32,32,2020-10-19,51.04,1.0084963445959296,5.8288843258042435
JACK,16.73,12086686.18896104,32,32,2016-01-04,122.64,7.330543933054393,10.620123203285422
JAKK,25.29,2272572.3900462748,32,32,2016-01-04,95.9,3.792012653222618,10.620123203285422
JANX,16.96,10818144.829073634,32,32,2021-06-11,66.835,3.940742924528301,5.1854893908282
JAZZ,253.07,176077744.38720658,32,32,2016-01-04,261.62,1.03378511874185,10.620123203285422
JBGS,11.43,7134474.53334275,32,32,2017-07-18,43.17,3.7769028871391077,9.084188911704311
JBHT,274.19,265608815.69709167,32,32,2016-01-04,298.41,1.088332907837631,10.620123203285422
JBI,5.13,6471387.497089375,32,32,2021-06-08,15.76,3.0721247563352825,5.193702943189596
JBL,338.62,344848784.7024309,32,32,2016-01-04,385.63,1.1388281849861202,10.620123203285422
JBLU,5.04,155009849.69339377,32,32,2016-01-04,23.75,4.712301587301587,10.620123203285422
JBSS,83.47,9746784.51440563,32,32,2016-01-04,125.82,1.5073679166167484,10.620123203285422
JCE,17.08,556979.5923755,32,32,2016-01-04,18.58,1.0878220140515222,10.620123203285422
JCI,149.68,463726883.7230883,32,32,2016-01-04,154.76,1.033939070016034,10.620123203285422
JCPB,46.16,73930981.68352383,32,32,2019-01-30,56.4496,1.2229116117850953,7.5482546201232035
JD,28.82,242828451.64559084,32,32,2016-01-04,106.88,3.70853573907009,10.620123203285422
JEF,53.84,98134259.30497536,32,32,2018-05-24,81.75,1.5183878157503714,8.235455167693361
JEMA,60.64,3547617.1693687737,32,32,2021-03-11,66.2538,1.0925758575197888,5.437371663244353
JEPI,57.83,249855250.87885588,32,32,2020-05-21,63.61,1.0999481238111708,6.242299794661191
JETS,30.32,79089296.64750071,32,32,2016-01-04,34.66,1.1431398416886542,10.620123203285422
JFR,7.64,3789246.478659635,32,32,2016-01-04,12.24,1.6020942408376964,10.620123203285422
JGH,12.45,859763.2113540501,32,32,2016-01-04,17.44,1.4008032128514059,10.620123203285422
JHCB,20.77,283410.143999,32,32,2021-03-31,26.1876,1.2608377467501204,5.382614647501711
JHEM,39.0294,738658.4811974249,32,32,2018-09-28,41.964,1.075189472551461,7.887748117727583
JHMD,46.005,2516379.279618225,32,32,2016-12-16,46.8,1.0172807303553961,9.670088980150581
JHML,91.23,2232477.776913125,32,32,2016-01-04,92.3991,1.012814863531733,10.620123203285422
JHMM,76.02,12971311.54697435,32,32,2016-01-04,77.35,1.0174953959484345,10.620123203285422
JHSC,49.1386,1010819.05372293,32,32,2017-11-09,49.95,1.0165124769529454,8.772073921971252
JHX,29.29,166955309.3578743,32,32,2016-01-04,42.0,1.4339364970979858,10.620123203285422
JIG,84.2,2244668.0919689,32,32,2020-05-21,88.71,1.053562945368171,6.242299794661191
JILL,20.0,1068496.072408475,32,32,2017-03-09,71.0,3.55,9.442847364818617
JJSF,88.84,17578532.95566689,32,32,2016-01-04,195.66,2.2023863124718592,10.620123203285422
JKHY,153.12,155315269.4516813,32,32,2016-01-04,211.07,1.3784613375130617,10.620123203285422
JKS,16.41,9295377.527718816,32,32,2016-01-04,87.55,5.335161486898232,10.620123203285422
JLL,371.03,118767296.2870518,32,32,2016-01-04,375.0,1.0106999434008033,10.620123203285422
JLS,16.88,383665.4669895,32,32,2016-01-04,26.25,1.555094786729858,10.620123203285422
JMBS,44.41,24967252.3455235,32,32,2018-09-13,53.97,1.215266831794641,7.928815879534565
JMIA,6.34,9522670.336444482,32,32,2019-04-12,65.51,10.332807570977918,7.351129363449692
JMOM,84.19,7689153.88889572,32,32,2017-11-09,85.5,1.0155600427604228,8.772073921971252
JMUB,49.69,46230937.56853068,32,32,2018-10-31,55.72,1.1213523847856712,7.797399041752224
JNJ,271.11,1822224476.3127952,32,32,2016-01-04,271.11,1.0,10.620123203285422
JNK,95.74,219621963.20221853,32,32,2016-01-04,112.26,1.1725506580321705,10.620123203285422
JNUG,159.88,33280299.104299664,32,32,2016-01-04,6336.2,39.63097322992244,10.620123203285422
JOE,67.32,13619896.84762146,32,32,2016-01-04,72.79,1.081253713606655,10.620123203285422
JOET,46.75,809817.9898257151,32,32,2020-11-18,47.29,1.0115508021390374,5.746748802190281
JOF,12.39,891692.98699778,32,32,2016-01-04,13.7366,1.108684422921711,10.620123203285422
JOUT,47.85,1915035.13859259,32,32,2016-01-04,154.09,3.220271682340648,10.620123203285422
JPC,7.64,6615868.5860469155,32,32,2016-01-04,10.73,1.404450261780105,10.620123203285422
JPEM,64.81,766601.4948113101,32,32,2016-01-04,67.1644,1.0363277272025921,10.620123203285422
JPIB,47.81,8124828.899228594,32,32,2020-09-14,52.07,1.089102698180297,5.924709103353867
JPIN,75.8079,364686.85990161996,32,32,2016-01-04,77.0,1.0157252740149774,10.620123203285422
JPM,363.25,2397883029.2523212,32,32,2016-01-04,365.18,1.005313145216793,10.620123203285422
JPMB,39.66,208394.78470498175,32,32,2018-01-31,52.58,1.3257690368129098,8.544832306639288
JPME,127.8186,1006831.7798937878,32,32,2016-05-18,129.19,1.0107292678843298,10.250513347022586
JPSE,60.2835,825864.322159087,32,32,2016-11-17,61.27,1.0163643451358997,9.749486652977414
JPUS,144.6642,763613.074212065,32,32,2016-01-04,145.5535,1.0061473398394352,10.620123203285422
JPXN,102.0441,542582.43909703,32,32,2016-01-04,105.2306,1.031226695124951,10.620123203285422
JQUA,74.46,30202380.66241934,32,32,2017-11-09,75.5,1.0139672307279077,8.772073921971252
JRI,12.44,1611771.1153289052,32,32,2016-01-04,19.11,1.5361736334405145,10.620123203285422
JRS,8.45,515852.96524866,32,32,2016-01-04,12.82,1.5171597633136096,10.620123203285422
JSCP,46.945,9397353.911424667,32,32,2021-03-02,50.4,1.073596762168495,5.462012320328542
JSMD,95.95,5938675.758868371,32,32,2016-02-25,101.2388,1.0551203751954141,10.477754962354553
JSML,91.1019,1593010.821058144,32,32,2016-02-25,93.18,1.0228107207423776,10.477754962354553
JSTC,22.915,301514.977629044,32,32,2020-12-10,23.29,1.0163648265328387,5.686516084873374
JUST,110.5455,412155.591216447,32,32,2018-06-13,111.8256,1.0115798472122337,8.180698151950718
JVAL,59.58,2068629.15359936,32,32,2017-11-09,60.63,1.0176233635448138,8.772073921971252
JXI,83.05,1191636.843161855,32,32,2016-01-04,89.4,1.0764599638771826,10.620123203285422
JYNT,8.54,570445.576573885,32,32,2016-01-04,107.3,12.56440281030445,10.620123203285422
KAI,309.64,33789348.9575641,32,32,2016-01-04,422.93,1.365876501743961,10.620123203285422
KALU,161.24,40943890.596603334,32,32,2016-01-04,195.63,1.2132845447779705,10.620123203285422
KARO,62.78,8229888.94937931,32,32,2021-04-01,65.91,1.0498566422427524,5.379876796714579
KARS,30.3736,428903.7470505312,32,32,2018-01-19,55.09,1.8137461479706063,8.577686516084873
KB,117.68,30314361.06619504,32,32,2016-01-04,124.01,1.0537899388171312,10.620123203285422
KBA,33.68,638241.82392174,32,32,2016-01-04,53.28,1.5819477434679334,10.620123203285422
KBE,70.6,79107974.24808407,32,32,2016-01-04,71.67,1.0151558073654392,10.620123203285422
KBH,53.97,54148357.017004915,32,32,2016-01-04,89.63,1.6607374467296645,10.620123203285422
KBR,37.62,47543332.067509755,32,32,2016-01-04,72.02,1.914407230196704,10.620123203285422
KBWB,98.89,127532980.30756518,32,32,2016-01-04,99.69,1.0080897967438567,10.620123203285422
KBWD,12.6,5126879.47615089,32,32,2016-01-04,24.9,1.976190476190476,10.620123203285422
KBWP,132.46,2222793.7733417153,32,32,2016-01-04,139.8002,1.0554144647440735,10.620123203285422
KBWY,17.89,2834336.2015743963,32,32,2016-01-04,39.07,2.183901621017328,10.620123203285422
KC,10.84,11740211.74662297,32,32,2020-05-08,72.06,6.647601476014761,6.277891854893908
KCE,165.92,1968149.906399816,32,32,2016-01-04,169.71,1.0228423336547736,10.620123203285422
KDP,30.79,388358720.88949764,32,32,2018-07-10,40.08,1.3017213380967847,8.106776180698152
KE,24.61,4816657.76356299,32,32,2016-01-04,33.13,1.346200731409996,10.620123203285422
KELYA,16.5,4830403.24687206,32,32,2016-01-04,31.61,1.9157575757575758,10.620123203285422
KEMX,49.1688,451245.6709452163,32,32,2019-04-12,54.48,1.1080197198223263,7.351129363449692
KEN,64.13,1270262.4958031052,32,32,2016-01-04,95.54,1.4897863714330268,10.620123203285422
KEP,11.28,12517200.2017904,32,32,2016-01-04,28.31,2.5097517730496453,10.620123203285422
KEX,139.74,79493129.00678533,32,32,2016-01-04,152.59,1.0919564906254473,10.620123203285422
KEY,22.79,222191848.4684826,32,32,2016-01-04,27.01,1.1851689337428697,10.620123203285422
KEYS,341.0,364459241.43373144,32,32,2016-01-04,373.34,1.0948387096774193,10.620123203285422
KF,61.0,1494916.28636237,32,32,2016-01-04,80.05,1.312295081967213,10.620123203285422
KFRC,58.29,12927558.7593568,32,32,2016-01-04,80.75,1.3853148052839253,10.620123203285422
KFY,83.87,29383845.960902505,32,32,2016-01-04,84.83,1.0114462859186837,10.620123203285422
KGRN,23.7,236231.79254847573,32,32,2017-10-13,54.45,2.29746835443038,8.845995893223819
KHC,24.82,316893698.2913581,32,32,2016-01-04,96.65,3.8940370668815474,10.620123203285422
KIDS,25.5,3450037.4945511604,32,32,2017-10-12,72.93,2.8600000000000003,8.848733744010952
KIE,63.42,75707076.38843128,32,32,2016-01-04,66.45,1.0477767265846736,10.620123203285422
KIM,24.22,89953599.69033672,32,32,2016-01-04,32.17,1.328241123038811,10.620123203285422
KINS,19.78,2153626.49015921,32,32,2016-01-04,21.7,1.0970677451971687,10.620123203285422
KIO,11.02,2113838.45764226,32,32,2016-01-04,18.21,1.6524500907441018,10.620123203285422
KJAN,46.29,205969.775686,32,32,2020-01-02,46.435,1.0031324260099375,6.625598904859685
KJUL,34.18,846304.8034880001,32,32,2020-07-01,34.4292,1.0072908133411351,6.1300479123887746
KKR,107.19,396873051.9741345,32,32,2016-01-04,167.07,1.5586342009515812,10.620123203285422
KKRS,16.24,364323.13701149996,32,32,2021-04-21,26.78,1.6490147783251234,5.325119780971937
KLIC,92.06,90316750.183644,32,32,2016-01-04,133.81,1.4535085813599826,10.620123203285422
KMB,107.72,359398313.3091179,32,32,2016-01-04,158.84,1.4745636836242109,10.620123203285422
KMDA,7.89,280264.52249657,32,32,2016-01-04,11.73,1.4866920152091256,10.620123203285422
KMI,32.87,274552718.8863238,32,32,2016-01-04,34.31,1.0438089443261334,10.620123203285422
KMLM,29.36,5965784.02201243,32,32,2020-12-02,39.94,1.3603542234332424,5.708418891170431
KMPR,26.21,24030006.553756088,32,32,2016-01-04,90.69,3.460129721480351,10.620123203285422
KMT,30.74,34538136.72194649,32,32,2016-01-04,51.92,1.6890045543266103,10.620123203285422
KMX,57.4,122499103.21733436,32,32,2016-01-04,154.85,2.6977351916376304,10.620123203285422
KN,36.06,28180388.273415867,32,32,2016-01-04,42.8,1.186910704381586,10.620123203285422
KNG,51.75,10882576.366300454,32,32,2018-03-27,57.45,1.1101449275362318,8.394250513347023
KNOP,10.58,441420.73859664996,32,32,2016-01-04,24.5,2.3156899810964084,10.620123203285422
KNSA,79.49,35420050.80025712,32,32,2018-05-24,80.92,1.017989684237011,8.235455167693361
KNSL,372.71,98340335.6410003,32,32,2016-07-28,547.98,1.4702583778272653,10.056125941136209
KNX,70.72,229500394.5624783,32,32,2016-01-04,82.45,1.1658653846153846,10.620123203285422
KO,88.82,1209236595.270566,32,32,2016-01-04,89.08,1.0029272686331907,10.620123203285422
KOD,40.65,22952396.01725196,32,32,2018-10-04,164.47,4.0460024600246,7.871321013004791
KODK,9.82,6127630.87355192,32,32,2016-01-04,33.2,3.3808553971486766,10.620123203285422
KOF,109.59,14217007.672741076,32,32,2016-01-04,114.27,1.0427046263345194,10.620123203285422
KOLD,29.94,54812446.53546081,32,32,2016-01-04,862.9,28.820975283901134,10.620123203285422
KOMP,69.32,4313632.620785715,32,32,2018-10-23,75.6,1.0905943450663589,7.819301848049282
KOP,45.44,7693954.761246045,32,32,2016-01-04,57.07,1.2559419014084507,10.620123203285422
KORP,45.76,3668882.1033192496,32,32,2018-01-16,53.2846,1.1644361888111887,8.58590006844627
KR,56.34,362909643.5580084,32,32,2016-01-04,75.6,1.3418530351437699,10.620123203285422
KRBN,34.3,377210.57283558004,32,32,2020-07-30,55.99,1.6323615160349856,6.050650239561944
KRC,36.16,45530865.14408195,32,32,2016-01-04,88.28,2.4413716814159296,10.620123203285422
KRE,76.85,861168288.5769887,32,32,2016-01-04,78.78,1.025113858165257,10.620123203285422
KREF,7.28,6402805.447547751,32,32,2017-05-05,23.16,3.181318681318681,9.286789869952088
KRG,26.44,70022981.99157593,32,32,2016-01-04,30.41,1.1501512859304084,10.620123203285422
KRNT,17.12,3001614.0565799996,32,32,2016-01-04,176.4,10.30373831775701,10.620123203285422
KRNY,9.775,4558263.390694249,32,32,2016-01-04,16.0,1.6368286445012787,10.620123203285422
KRO,7.93,2337433.710945145,32,32,2016-01-04,29.24,3.687263556116015,10.620123203285422
KROS,10.61,2175778.51855641,32,32,2020-04-08,82.74,7.798303487276154,6.360027378507871
KRP,14.91,10001233.461555868,32,32,2017-02-03,23.92,1.6042924211938296,9.535934291581109
KRT,47.88,4964344.7823875,32,32,2021-04-15,50.06,1.045530492898914,5.341546885694729
KRUS,50.14,9954961.999237625,32,32,2019-08-01,119.98,2.392899880335062,7.047227926078029
KRYS,332.82,107667974.24458736,32,32,2017-09-20,378.15,1.1361997476113215,8.908966461327857
KSA,38.06,13618729.940940887,32,32,2016-01-04,51.02,1.3405149763531266,10.620123203285422
KSS,18.7,59320941.76284595,32,32,2016-01-04,82.05,4.387700534759358,10.620123203285422
KSTR,25.48,22399129.42412093,32,32,2021-01-27,32.35,1.2696232339089482,5.555099247091033
KT,18.78,26656573.496771343,32,32,2016-01-04,24.54,1.3067092651757186,10.620123203285422
KTB,82.3,58389639.164826974,32,32,2019-05-23,95.63,1.1619684082624544,7.238877481177276
KTEC,13.09,443995.82923206,32,32,2021-06-09,25.9544,1.9827654698242934,5.190965092402464
KTF,8.94,1491631.502504,32,32,2016-01-04,14.79,1.6543624161073824,10.620123203285422
KTOS,61.99,174098636.0631749,32,32,2016-01-04,130.72,2.1087272140667848,10.620123203285422
KURA,12.33,13087485.882877946,32,32,2016-01-04,41.62,3.3755068937550687,10.620123203285422
KURE,18.7299,893292.7263820426,32,32,2018-02-01,47.43,2.5323146412954687,8.542094455852157
KVHI,7.87,1641060.710856,32,32,2016-01-04,15.19,1.9301143583227445,10.620123203285422
KWEB,26.78,516803317.73718846,32,32,2016-01-04,103.56,3.8670649738610905,10.620123203285422
KWR,164.89,23017218.08606571,32,32,2016-01-04,298.34,1.8093274304081508,10.620123203285422
KXI,68.61,5177269.07914967,32,32,2016-01-04,73.56,1.0721469173589857,10.620123203285422
KYMR,121.38,63445337.8214415,32,32,2020-08-21,121.41,1.000247157686604,5.990417522245037
KYN,14.87,4629913.053828839,32,32,2016-01-04,22.06,1.4835238735709482,10.620123203285422
KZIA,14.38,2483883.38807082,32,32,2021-03-29,735.5,51.14742698191933,5.388090349075975
L,112.45,87344848.35899395,32,32,2016-01-04,119.4,1.061805246776345,10.620123203285422
LABU,289.98,99376562.83123058,32,32,2016-01-04,3664.2,12.636043865094143,10.620123203285422
LAD,356.55,84902438.45036379,32,32,2016-01-04,427.48,1.1989342308231665,10.620123203285422
LADR,9.91,10887400.72165716,32,32,2016-01-04,18.86,1.9031281533804236,10.620123203285422
LAKE,11.85,628230.44145849,32,32,2016-01-04,44.43,3.749367088607595,10.620123203285422
LAMR,151.72,90030971.92050722,32,32,2016-01-04,164.33,1.0831136303717375,10.620123203285422
LAND,8.23,4945731.892860839,32,32,2016-01-04,41.71,5.068043742405832,10.620123203285422
LANDO,21.42,222426.70610299997,32,32,2020-10-19,27.7,1.2931839402427636,5.8288843258042435
LARK,32.155,273457.29009801,32,32,2021-03-26,32.25,1.0029544394339915,5.3963039014373715
LASR,50.0,66818353.2910429,32,32,2018-04-26,84.95,1.699,8.31211498973306
LAUR,38.2,36942458.80494267,32,32,2017-02-01,40.46,1.0591623036649214,9.541409993155373
LAZ,44.06,69536336.84946735,32,32,2016-01-04,61.01,1.384702678166137,10.620123203285422
LBRDA,35.0,6237065.321537726,32,32,2016-01-04,187.1,5.345714285714285,10.620123203285422
LBRDK,35.01,46393373.22259417,32,32,2016-01-04,192.82,5.507569265924022,10.620123203285422
LBRT,21.29,76903169.18914098,32,32,2018-01-12,33.93,1.5937059652418977,8.596851471594798
LBTYA,10.48,22181637.24689485,32,32,2016-01-04,41.75,3.9837786259541983,10.620123203285422
LBTYK,10.23,10937289.98166326,32,32,2016-01-04,40.23,3.9325513196480935,10.620123203285422
LCII,103.27,34288479.0686006,32,32,2017-01-03,161.41,1.562990219812143,9.620807665982204
LCNB,20.2,835089.6448250276,32,32,2016-01-04,24.8,1.2277227722772277,10.620123203285422
LCTD,59.8899,332590.22207900544,32,32,2021-04-08,60.6304,1.0123643552585662,5.360711841204655
LCTU,82.62,1605471.2311307122,32,32,2021-04-08,83.75,1.013677075768579,5.360711841204655
LCUT,9.9,1213830.2904057452,32,32,2016-01-04,20.65,2.0858585858585856,10.620123203285422
LDOS,143.48,173238219.56563276,32,32,2016-01-04,201.39,1.4036102592695847,10.620123203285422
LDP,20.59,1173473.59807203,32,32,2016-01-04,27.72,1.3462846041767849,10.620123203285422
LDSF,18.89,298235.08001886,32,32,2019-01-07,20.6746,1.0944732662784542,7.611225188227242
LDUR,95.47,5279832.21822753,32,32,2016-01-04,102.35,1.0720645228867707,10.620123203285422
LE,11.95,2818066.26745509,32,32,2016-01-04,43.16,3.611715481171548,10.620123203285422
LEA,123.9,66318986.85461047,32,32,2016-01-04,205.34,1.6573042776432607,10.620123203285422
LECO,281.97,81867648.77769718,32,32,2016-01-04,298.88,1.0599709188920805,10.620123203285422
LEE,8.05,386306.00615499995,32,32,2016-01-04,43.21,5.3677018633540365,10.620123203285422
LEG,9.36,18983087.47205403,32,32,2016-01-04,57.95,6.191239316239317,10.620123203285422
LEGH,28.23,2851300.1767352903,32,32,2018-12-14,29.33,1.038965639390719,7.676933607118412
LEGN,21.92,44203436.88605407,32,32,2020-06-05,76.5,3.489963503649635,6.201232032854209
LEMB,42.9939,2842496.2700579697,32,32,2016-01-04,50.76,1.1806326013690314,10.620123203285422
LEN,84.94,182001469.70928448,32,32,2016-01-04,186.302,2.1933364728043325,10.620123203285422
LEU,175.7,115313718.85082974,32,32,2016-01-04,436.0,2.481502561183836,10.620123203285422
LEVI,22.01,55926304.45203861,32,32,2019-03-21,30.48,1.3848250795093138,7.411362080766598
LFST,12.36,34328654.58675067,32,32,2021-06-10,28.95,2.342233009708738,5.188227241615332
LFUS,437.51,117290268.69338124,32,32,2016-01-04,489.1,1.11791730474732,10.620123203285422
LFVN,6.37,465039.364682395,32,32,2016-01-04,25.62,4.021978021978022,10.620123203285422
LGH,66.1141,1255576.976421814,32,32,2019-10-10,67.3917,1.0193241683695309,6.855578370978781
LGI,18.45,556760.9816202,32,32,2016-01-04,22.13,1.1994579945799457,10.620123203285422
LGIH,56.39,15414481.63738374,32,32,2016-01-04,183.36,3.251640361766271,10.620123203285422
LGLV,188.0,3498765.4862038502,32,32,2016-01-04,190.97,1.0157978723404255,10.620123203285422
LGND,287.59,84902080.4507454,32,32,2016-01-04,322.61,1.1217705761674608,10.620123203285422
LGOV,20.87,3015990.01960402,32,32,2019-01-23,30.9941,1.4851030186871106,7.567419575633128
LH,322.18,184381910.99808812,32,32,2016-01-04,323.48,1.0040350114842636,10.620123203285422
LHX,279.54,348006162.4356791,32,32,2019-07-01,378.48,1.3539386134363598,7.132101300479124
LI,12.12,36083222.611433946,32,32,2020-07-30,46.65,3.849009900990099,6.050650239561944
LII,411.05,226967051.3324923,32,32,2016-01-04,678.43,1.6504804768276364,10.620123203285422
LILA,8.38,4261815.9181767795,32,32,2021-03-26,14.61,1.7434367541766107,5.3963039014373715
LILAK,8.3,9932053.915834803,32,32,2021-03-26,14.77,1.7795180722891564,5.3963039014373715
LIN,478.705,995179381.0984933,32,32,2018-10-31,546.64,1.1419141224762641,7.797399041752224
LINC,27.75,26611624.703736328,32,32,2016-01-04,55.68,2.0064864864864864,10.620123203285422
LIND,32.35,21505434.925918236,32,32,2016-01-04,34.48,1.0658423493044822,10.620123203285422
LIT,74.02,14289373.715144783,32,32,2016-01-04,96.31,1.3011348284247501,10.620123203285422
LITE,873.31,3407889988.449644,32,32,2016-01-04,1053.09,1.2058604619207383,10.620123203285422
LIVN,79.86,48565644.09105627,32,32,2016-01-04,130.95,1.6397445529676933,10.620123203285422
LKFN,61.48,10540124.17374335,32,32,2016-01-04,84.86,1.3802862719583604,10.620123203285422
LKQ,25.15,72372248.56304018,32,32,2016-01-04,60.03,2.386878727634195,10.620123203285422
LLY,1225.73,2928567480.2862434,32,32,2016-01-04,1235.56,1.0080197107030096,10.620123203285422
LMAT,81.52,28310514.827569604,32,32,2016-01-04,117.39,1.4400147203140334,10.620123203285422
LMB,43.15,15082177.73145258,32,32,2016-11-16,149.53,3.465353418308227,9.752224503764545
LMBS,49.69,20918350.55870842,32,32,2016-01-04,52.79,1.0623867981485209,10.620123203285422
LMND,50.12,66130638.207702294,32,32,2020-07-02,183.26,3.6564245810055866,6.1273100616016425
LMNR,14.03,855926.1254499949,32,32,2016-01-04,33.26,2.370634354953671,10.620123203285422
LMT,607.17,551515172.6570249,32,32,2016-01-04,676.7,1.1145148805112244,10.620123203285422
LNC,45.08,78260840.1054454,32,32,2016-01-04,85.91,1.9057231588287489,10.620123203285422
LNG,273.78,413768400.95702505,32,32,2016-01-04,296.91,1.0844838921762001,10.620123203285422
LNN,111.8,12886746.251650471,32,32,2016-01-04,181.35,1.622093023255814,10.620123203285422
LNSR,8.19,227802.734596455,32,32,2020-10-02,16.87,2.05982905982906,5.87542778918549
LNT,69.98,160521889.7275698,32,32,2016-01-04,78.03,1.1150328665332951,10.620123203285422
LNTH,100.26,113387815.06288588,32,32,2016-01-04,123.62,1.2329942150408937,10.620123203285422
LOB,42.6,8452546.6785426,32,32,2016-01-04,97.8,2.295774647887324,10.620123203285422
LOCO,15.28,3423215.07047584,32,32,2016-01-04,21.37,1.3985602094240839,10.620123203285422
LOGI,98.31,95501438.87135155,32,32,2016-01-04,138.7,1.410843250940901,10.620123203285422
LOMA,9.22,4406640.8622920895,32,32,2017-11-01,25.02,2.7136659436008674,8.793976728268309
LOPE,146.74,44350243.12188054,32,32,2016-01-04,220.55,1.5029985007496252,10.620123203285422
LOUP,92.6437,790405.9765634786,32,32,2018-07-25,99.8348,1.0776210362928078,8.06570841889117
LOVE,17.07,3202132.077772415,32,32,2018-06-27,91.39,5.353837141183362,8.14236824093087
LOW,215.64,619422549.6742103,32,32,2016-01-04,287.39,1.33273047672046,10.620123203285422
LPG,48.75,26212201.694061592,32,32,2016-01-04,51.17,1.0496410256410256,10.620123203285422
LPLA,368.73,207765452.29281253,32,32,2016-01-04,399.0,1.0820925880725734,10.620123203285422
LPX,71.23,84632829.41517976,32,32,2016-01-04,120.27,1.6884739576021337,10.620123203285422
LQD,105.84,3143895977.730672,32,32,2016-01-04,139.15,1.3147203325774754,10.620123203285422
LQDA,74.33,101099783.2536624,32,32,2018-07-26,91.03,1.2246737521861968,8.062970568104038
LQDH,92.25,2513894.19153299,32,32,2016-01-04,98.718,1.0701138211382115,10.620123203285422
LQDT,43.26,6933144.798167784,32,32,2016-01-04,43.47,1.0048543689320388,10.620123203285422
LRCX,327.92,3109244987.858959,32,32,2016-01-04,433.33,1.3214503537448157,10.620123203285422
LRGE,87.7687,780231.4057564958,32,32,2017-05-25,90.0729,1.0262530947820807,9.232032854209445
LRGF,78.335,8375685.23637182,32,32,2016-01-04,79.35,1.0129571711240186,10.620123203285422
LRN,83.76,70426584.08852983,32,32,2016-01-04,169.81,2.027340019102197,10.620123203285422
LSCC,124.21,211586553.4742609,32,32,2016-01-04,155.27,1.2500603816117866,10.620123203285422
LSPD,10.33,6931125.799878854,32,32,2020-09-11,124.41,12.043562439496611,5.932922655715264
LSTR,186.16,87249430.3766114,32,32,2016-01-04,225.37,1.2106252685861625,10.620123203285422
LTBR,7.98,5832035.192573424,32,32,2016-01-04,57.606,7.218796992481203,10.620123203285422
LTC,40.0,19835739.56850607,32,32,2016-01-04,54.18,1.3545,10.620123203285422
LTPZ,47.46,9852519.520558722,32,32,2016-01-04,93.62,1.9726085124315214,10.620123203285422
LULU,119.01,294945713.1487345,32,32,2016-01-04,511.29,4.296193597176708,10.620123203285422
LUMN,6.13,71426205.8893782,32,32,2020-09-18,15.36,2.5057096247960846,5.9137577002053385
LUV,42.49,240426291.65557414,32,32,2016-01-04,66.29,1.5601317957166392,10.620123203285422
LVHD,44.6478,1705203.32587846,32,32,2016-01-04,45.84,1.0267023235187402,10.620123203285422
LVHI,42.79,31973490.035945453,32,32,2016-07-28,43.02,1.0053750876372984,10.056125941136209
LVS,45.47,208992167.27666143,32,32,2016-01-04,81.27,1.7873323070156146,10.620123203285422
LW,51.98,69587493.90111622,32,32,2016-11-10,115.12,2.2146979607541364,9.768651608487337
LWAY,25.45,3037690.336884655,32,32,2016-01-04,33.82,1.3288801571709234,10.620123203285422
LXFR,17.1,2439918.6285786396,32,32,2016-01-04,27.69,1.619298245614035,10.620123203285422
LXP,60.57,37869624.82941496,32,32,2016-01-04,80.2,1.3240878322601948,10.620123203285422
LXU,10.23,8032275.24087072,32,32,2016-01-04,26.74,2.613880742913001,10.620123203285422
LYB,65.33,273252846.6716817,32,32,2016-01-04,121.49,1.85963569569876,10.620123203285422
LYFT,16.93,167734329.30437973,32,32,2019-03-29,78.29,4.624335499113999,7.389459274469542
LYTS,24.13,5166366.080856349,32,32,2016-01-04,26.8,1.1106506423539164,10.620123203285422
LYV,179.84,300362572.5166538,32,32,2016-01-04,188.46,1.0479314946619218,10.620123203285422
LZB,40.83,14453164.170968223,32,32,2016-01-04,48.02,1.1760960078373746,10.620123203285422
M,23.23,112967470.92204629,32,32,2016-01-04,44.91,1.9332759362892808,10.620123203285422
MA,574.31,1634420831.7396665,32,32,2016-01-04,598.96,1.0429210705019938,10.620123203285422
MAA,130.17,131469981.63898349,32,32,2016-01-04,229.44,1.7626181147729894,10.620123203285422
MAC,24.43,60745156.69864114,32,32,2016-01-04,89.76,3.6741711011051987,10.620123203285422
MAIN,57.81,32342285.59355902,32,32,2016-01-04,67.54,1.1683099809721502,10.620123203285422
MAMB,23.8729,423074.4179,32,32,2021-03-24,25.6502,1.074448433160613,5.401779603011636
MAN,59.48,55567514.10381662,32,32,2016-01-04,136.02,2.2868190988567587,10.620123203285422
MANH,198.38,135711613.86924803,32,32,2016-01-04,309.78,1.5615485431999192,10.620123203285422
MANU,23.51,4905638.15466908,32,32,2016-01-04,26.84,1.1416418545299871,10.620123203285422
MAR,357.33,553530641.8415124,32,32,2016-01-04,402.54,1.1265217026278231,10.620123203285422
MARA,8.96,452934467.2701627,32,32,2016-01-04,76.09,8.4921875,10.620123203285422
MAS,73.38,164926455.03047624,32,32,2016-01-04,85.71,1.1680294358135732,10.620123203285422
MASS,10.08,2296226.41332982,32,32,2020-12-18,75.0,7.440476190476191,5.664613278576318
MAT,14.5,60517235.92578401,32,32,2016-01-04,34.26,2.362758620689655,10.620123203285422
MATW,22.32,7330430.421294465,32,32,2016-01-04,76.95,3.4475806451612905,10.620123203285422
MATX,218.28,56696743.39642003,32,32,2016-01-04,223.55,1.0241433021806854,10.620123203285422
MAX,13.19,12245780.937859116,32,32,2020-10-28,64.11,4.860500379075057,5.804243668720055
MBB,93.08,160289855.01285803,32,32,2016-01-04,111.24,1.1951009883970778,10.620123203285422
MBIN,54.4,7044255.695621775,32,32,2017-10-27,55.72,1.0242647058823529,8.80766598220397
MBUU,29.33,5253192.196604325,32,32,2016-01-04,91.94,3.134674394817593,10.620123203285422
MBWM,60.87,7039101.21740346,32,32,2016-01-04,61.98,1.0182355840315427,10.620123203285422
MC,66.57,50693312.60515268,32,32,2016-01-04,81.2,1.2197686645636174,10.620123203285422
MCB,92.59,11057496.448196575,32,32,2017-11-08,112.23,1.2121179393023005,8.774811772758385
MCBS,36.01,2559135.854701105,32,32,2019-10-03,37.07,1.0294362677034157,6.874743326488707
MCD,266.99,1164581627.7795496,32,32,2016-01-04,341.06,1.2774261208284954,10.620123203285422
MCFT,25.14,3334711.68934659,32,32,2016-01-04,37.82,1.5043754972155927,10.620123203285422
MCHI,54.9,129496266.12757337,32,32,2016-01-04,97.19,1.7703096539162113,10.620123203285422
MCHP,78.19,853325576.9438429,32,32,2016-01-04,102.92,1.3162808543291982,10.620123203285422
MCI,18.16,389411.91191637004,32,32,2016-01-04,25.0,1.3766519823788546,10.620123203285422
MCK,869.26,823439831.3135717,32,32,2016-01-04,995.69,1.1454455513885375,10.620123203285422
MCN,5.62,298064.2531644,32,32,2016-01-04,8.54,1.5195729537366547,10.620123203285422
MCO,485.79,384441498.6384462,32,32,2016-01-04,539.61,1.1107886123633668,10.620123203285422
MCRI,123.27,16663804.190260489,32,32,2016-01-04,133.87,1.0859901030258783,10.620123203285422
MCS,29.77,5798291.7866905,32,32,2016-01-04,44.78,1.5041988579106484,10.620123203285422
MCY,106.32,28842932.765907116,32,32,2016-01-04,111.12,1.0451467268623027,10.620123203285422
MD,26.56,18695337.859014735,32,32,2016-01-04,76.29,2.872364457831326,10.620123203285422
MDB,434.62,504506327.1024509,32,32,2017-10-19,585.03,1.3460724310892274,8.829568788501026
MDGL,524.37,155450837.00743508,32,32,2016-07-25,602.83,1.1496271716536035,10.064339493497604
MDIV,16.917,926256.3925170095,32,32,2016-01-04,19.84,1.172784772713838,10.620123203285422
MDLZ,62.66,489488592.99021256,32,32,2016-01-04,78.36,1.2505585700606447,10.620123203285422
MDT,92.09,595197992.9545074,32,32,2016-01-04,135.17,1.4678032359648168,10.620123203285422
MDU,20.44,27245832.555778086,32,32,2016-01-04,22.8,1.1154598825831703,10.620123203285422
MDWD,13.64,943580.23756942,32,32,2016-01-04,63.7,4.670087976539589,10.620123203285422
MDY,704.18,376748328.8599609,32,32,2016-01-04,716.91,1.018077764208015,10.620123203285422
MDYG,111.385,7626574.6332933195,32,32,2016-01-04,113.685,1.0206490999685773,10.620123203285422
MDYV,95.75,7267882.753853951,32,32,2016-01-04,97.39,1.0171279373368147,10.620123203285422
MEAR,50.2,7758061.711348001,32,32,2016-01-04,50.6298,1.0085617529880477,10.620123203285422
MEC,23.28,14806641.22012626,32,32,2019-05-09,37.54,1.6125429553264603,7.277207392197125
MED,11.29,1620536.31408868,32,32,2016-01-04,332.25,29.42869796279894,10.620123203285422
MEDP,590.3,147178867.1502532,32,32,2016-08-11,620.59,1.0513128917499577,10.017796030116358
MEI,16.01,8027281.670789979,32,32,2016-01-04,50.45,3.1511555277951278,10.620123203285422
MELI,1779.14,669548514.2426829,32,32,2016-01-04,2613.63,1.4690412221635172,10.620123203285422
MEOH,57.55,40709925.75742368,32,32,2016-01-04,82.5,1.4335360556038228,10.620123203285422
MESO,16.67,3265207.8814426097,32,32,2021-03-26,21.04,1.2621475704859026,5.3963039014373715
MET,96.73,336629362.7135451,32,32,2016-01-04,99.95,1.0332885350976946,10.620123203285422
METC,11.6,18335612.454834346,32,32,2017-02-03,54.55,4.702586206896552,9.535934291581109
MEXX,27.02,322362.2169109632,32,32,2017-05-03,79.896,2.956920799407846,9.292265571526352
MFA,9.0,12770137.389305323,32,32,2016-01-04,35.48,3.942222222222222,10.620123203285422
MFC,44.03,69321607.0874938,32,32,2016-01-04,44.77,1.0168067226890756,10.620123203285422
MFDX,42.3974,420062.52100587636,32,32,2017-09-06,42.9545,1.013139956695458,8.947296372347708
MFEM,27.9211,301994.7093203074,32,32,2017-09-06,31.4334,1.1257937545440544,8.947296372347708
MFIN,11.33,399339.26537278,32,32,2016-05-11,11.48,1.0132391879964695,10.269678302532512
MFM,5.41,1314732.3427839149,32,32,2016-01-04,7.62,1.4085027726432533,10.620123203285422
MFUS,66.94,476480.43271573994,32,32,2017-09-06,67.6,1.0098595757394682,8.947296372347708
MG,18.2,2635853.02616415,32,32,2016-01-04,26.33,1.4467032967032967,10.620123203285422
MGA,70.27,78519638.29799566,32,32,2016-01-04,103.74,1.476305678098762,10.620123203285422
MGC,281.03,21424855.24833652,32,32,2016-01-04,284.77,1.013308187737964,10.620123203285422
MGEE,81.25,13547725.02136584,32,32,2016-01-04,108.16,1.3312,10.620123203285422
MGM,43.32,103918462.11594592,32,32,2016-01-04,50.9,1.1749769159741459,10.620123203285422
MGMT,51.6483,264449.22938232,32,32,2020-12-03,52.25,1.0116499478201606,5.705681040383299
MGNI,24.53,50799852.68541472,32,32,2020-07-01,61.8,2.519364044027721,6.1300479123887746
MGPI,17.5,2733809.843101925,32,32,2016-01-04,125.5,7.171428571428572,10.620123203285422
MGR,19.6701,377265.05697499996,32,32,2016-01-04,28.4881,1.4482946197528226,10.620123203285422
MGRB,16.18,239964.1402995,32,32,2020-09-29,26.98,1.6674907292954264,5.883641341546886
MGRC,118.88,16886739.13364182,32,32,2016-01-04,130.11,1.0944650067294752,10.620123203285422
MGTX,13.89,6068994.42700434,32,32,2018-06-08,30.01,2.160547156227502,8.19438740588638
MGV,168.29,34936134.4232817,32,32,2016-01-04,168.84,1.0032681680432587,10.620123203285422
MGY,26.9,85039508.61436516,32,32,2018-08-01,32.36,1.2029739776951673,8.046543463381246
MHD,11.52,3344200.7484119004,32,32,2016-01-04,19.15,1.6623263888888888,10.620123203285422
MHF,6.84,369172.26072669995,32,32,2016-01-04,8.71,1.2733918128654973,10.620123203285422
MHK,132.87,86757120.39575458,32,32,2016-01-04,284.82,2.1435990065477535,10.620123203285422
MHO,148.54,31209885.43907512,32,32,2016-01-04,174.92,1.1775952605358826,10.620123203285422
MIDD,114.0,70616039.4936507,32,32,2016-01-04,199.65,1.7513157894736842,10.620123203285422
MIDU,73.7,807748.599726575,32,32,2016-01-04,77.85,1.0563093622795114,10.620123203285422
MILN,45.8095,226548.28644025378,32,32,2016-05-06,50.7158,1.107102238618627,10.283367556468173
MIRM,100.87,62875771.57543765,32,32,2019-07-18,128.57,1.2746108852979081,7.085557837097878
MITK,18.18,11635380.75343311,32,32,2016-01-04,23.03,1.266776677667767,10.620123203285422
MITT,6.65,1108624.1227703202,32,32,2016-01-04,58.98,8.869172932330827,10.620123203285422
MIY,12.5,587092.59268672,32,32,2016-01-04,15.98,1.2784,10.620123203285422
MJ,24.995,631472.9374157868,32,32,2018-02-09,516.12,20.64892978595719,8.5201916495551
MKC,55.28,158579542.515496,32,32,2016-01-04,104.89,1.8974312590448625,10.620123203285422
MKL,1815.09,100618060.24426773,32,32,2016-01-04,2191.9,1.207598521285446,10.620123203285422
MKSI,300.24,379096912.2733198,32,32,2016-01-04,444.8,1.4814814814814814,10.620123203285422
MKTX,162.57,85625788.49715078,32,32,2016-01-04,590.32,3.6311742633942306,10.620123203285422
MLAB,107.94,15327379.955048986,32,32,2016-01-04,332.41,3.0795812488419494,10.620123203285422
MLCO,5.44,10240352.38364307,32,32,2017-04-06,32.75,6.0202205882352935,9.366187542778919
MLM,522.81,285458348.5744122,32,32,2016-01-04,708.11,1.3544308639850042,10.620123203285422
MLN,17.32,2381985.057065,32,32,2016-01-04,22.14,1.2782909930715936,10.620123203285422
MLP,16.11,324434.340613065,32,32,2016-01-04,27.35,1.697703289882061,10.620123203285422
MLPA,56.86,9018423.5606764,32,32,2016-01-04,72.66,1.277875483644038,10.620123203285422
MLPX,76.41,33417914.563432988,32,32,2016-01-04,77.62,1.0158356236094752,10.620123203285422
MLR,56.52,3482461.16829417,32,32,2016-01-04,76.87,1.3600495399858457,10.620123203285422
MMD,15.0,671903.7138895001,32,32,2016-01-04,23.15,1.5433333333333332,10.620123203285422
MMI,31.58,3897314.4179039,32,32,2016-01-04,56.83,1.7995566814439519,10.620123203285422
MMIN,23.59,2113657.129669485,32,32,2017-10-18,27.93,1.1839762611275964,8.83230663928816
MMIT,23.97,5678468.596955279,32,32,2017-10-18,27.03,1.1276595744680853,8.83230663928816
MMM,180.94,494656683.92205983,32,32,2016-01-04,216.2458,1.195124350613463,10.620123203285422
MMS,56.39,34922297.32549615,32,32,2016-01-04,98.93,1.7543890760773189,10.620123203285422
MMSI,89.26,65569297.04697658,32,32,2016-01-04,110.29,1.235603853909926,10.620123203285422
MMTM,307.3674,256699.3316198,32,32,2016-01-04,322.9037,1.0505463494176677,10.620123203285422
MMU,10.19,1198765.63872697,32,32,2016-01-04,15.57,1.5279685966633956,10.620123203285422
MMYT,59.48,44413313.1754227,32,32,2016-01-04,120.46,2.0252185608607935,10.620123203285422
MNA,36.82,578579.2007015443,32,32,2016-01-04,36.85,1.0008147745790332,10.620123203285422
MNDY,88.04,106002365.32146204,32,32,2021-06-10,444.7,5.051113130395274,5.188227241615332
MNPR,119.05,27371895.89119587,32,32,2019-12-19,135.0,1.133977320453591,6.663928815879535
MNRO,11.85,12497938.787983146,32,32,2016-01-04,89.33,7.538396624472574,10.620123203285422
MNSB,25.35,731002.59191656,32,32,2019-04-22,29.68,1.1708086785009861,7.323750855578371
MNSO,10.68,7037693.3484049495,32,32,2020-10-15,34.77,3.2556179775280905,5.839835728952772
MO,65.19,513809652.36473083,32,32,2016-01-04,77.71,1.192053996011658,10.620123203285422
MOAT,111.99,63146932.11546993,32,32,2016-01-04,114.31,1.0207161353692296,10.620123203285422
MOD,200.66,265635478.48541194,32,32,2016-01-04,306.89,1.5294029701983454,10.620123203285422
MOH,203.61,182164901.5330287,32,32,2016-01-04,419.53,2.060458720102156,10.620123203285422
MOMO,5.76,2777581.6970485197,32,32,2016-01-04,53.86,9.350694444444445,10.620123203285422
MOO,81.35,13880190.5512655,32,32,2016-01-04,108.33,1.3316533497234173,10.620123203285422
MORN,208.73,63255974.99197473,32,32,2016-01-04,358.78,1.7188712691036268,10.620123203285422
MORT,9.89,10439238.93057132,32,32,2016-01-04,25.93,2.621840242669363,10.620123203285422
MOS,21.14,155618289.41332814,32,32,2016-01-04,78.15,3.69678334910123,10.620123203285422
MOV,35.36,6579841.314461971,32,32,2016-01-04,53.05,1.5002828054298643,10.620123203285422
MOVE,10.14,723737.56332163,32,32,2021-03-26,996.0,98.22485207100591,5.3963039014373715
MP,56.67,303854684.1309082,32,32,2020-11-18,98.65,1.740779954120346,5.746748802190281
MPA,11.08,219306.0087522,32,32,2016-01-04,17.27,1.5586642599277978,10.620123203285422
MPAA,11.74,1255994.1064086,32,32,2016-01-04,38.32,3.2640545144804087,10.620123203285422
MPB,38.07,5360225.586080001,32,32,2016-01-04,38.54,1.0123456790123457,10.620123203285422
MPC,366.21,675552245.2815511,32,32,2016-01-04,366.21,1.0,10.620123203285422
MPLX,59.36,87072012.88603497,32,32,2016-01-04,60.51,1.0193733153638813,10.620123203285422
MPRO,32.5252,601813.0988,32,32,2021-03-24,32.8674,1.0105210728911738,5.401779603011636
MPV,16.64,236559.5984025,32,32,2016-01-04,20.67,1.2421875,10.620123203285422
MPWR,1333.18,1069309334.6599455,32,32,2016-01-04,1689.89,1.2675632697760242,10.620123203285422
MQY,11.15,3906992.9987549447,32,32,2016-01-04,17.64,1.5820627802690583,10.620123203285422
MRAM,18.45,17416313.316666976,32,32,2016-10-07,44.01,2.3853658536585365,9.86173853524983
MRBK,20.02,1730142.33016544,32,32,2021-03-26,20.71,1.0344655344655345,5.3963039014373715
MRCY,105.0,54700796.26500183,32,32,2016-01-04,126.21,1.202,10.620123203285422
MRK,135.17,1026507094.6480643,32,32,2016-01-04,135.97,1.0059184730339574,10.620123203285422
MRNA,62.96,299103233.1616206,32,32,2018-12-07,484.47,7.6948856416772555,7.696098562628337
MRSK,39.73,549785.0570308899,32,32,2020-06-25,40.02,1.0072992700729928,6.146475017111568
MRTN,14.9,9650663.467321008,32,32,2016-01-04,23.38,1.5691275167785235,10.620123203285422
MRVI,5.74,13797151.596532391,32,32,2020-11-20,60.62,10.560975609756097,5.7412731006160165
MRVL,216.0,4747162718.998755,32,32,2016-01-04,316.43,1.4649537037037037,10.620123203285422
MS,217.55,1010264352.531004,32,32,2016-01-04,228.55,1.0505630889450701,10.620123203285422
MSA,189.38,43517557.66368021,32,32,2016-01-04,203.08,1.0723413243214701,10.620123203285422
MSB,23.19,777416.4089685848,32,32,2016-01-04,41.15,1.774471755066839,10.620123203285422
MSBI,33.14,5350674.64566784,32,32,2016-05-24,36.86,1.112251056125528,10.234086242299794
MSCI,562.77,377614887.13053,32,32,2016-01-04,675.15,1.1996908150754304,10.620123203285422
MSD,7.26,369439.585307565,32,32,2016-01-04,10.26,1.4132231404958677,10.620123203285422
MSEX,58.815,7967685.285954639,32,32,2016-01-04,120.3,2.045396582504463,10.620123203285422
MSFT,481.63,12873731550.566788,32,32,2016-01-04,542.07,1.1254905217698234,10.620123203285422
MSGE,81.9,25933151.546068087,32,32,2020-04-20,117.61,1.4360195360195358,6.327173169062286
MSGS,401.24,71323003.18998873,32,32,2020-04-20,414.12,1.0321004884856944,6.327173169062286
MSI,469.5,354998690.8930832,32,32,2016-01-04,504.6,1.0747603833865815,10.620123203285422
MSM,122.59,82980414.17931917,32,32,2016-01-04,127.28,1.038257606656334,10.620123203285422
MSTB,44.18,231164.928801835,32,32,2020-09-30,44.6161,1.0098709823449525,5.880903490759754
MSTR,92.52,1451299538.280725,32,32,2016-01-04,473.83,5.12137916126243,10.620123203285422
MT,72.0,102679958.99303104,32,32,2016-01-04,75.35,1.0465277777777777,10.620123203285422
MTB,251.5,263967014.44756556,32,32,2016-01-04,254.09,1.0102982107355865,10.620123203285422
MTCH,38.69,104817678.7109133,32,32,2016-01-04,175.53,4.536831222538124,10.620123203285422
MTD,1399.67,205860515.28623375,32,32,2016-01-04,1702.53,1.2163795751855793,10.620123203285422
MTDR,57.24,100608007.280182,32,32,2016-01-04,73.37,1.2817959468902866,10.620123203285422
MTG,31.12,48467074.623365946,32,32,2016-01-04,31.16,1.0012853470437018,10.620123203285422
MTGP,43.655,322115.518424525,32,32,2019-11-14,51.82,1.1870347039285305,6.759753593429158
MTH,70.68,60086259.35620305,32,32,2016-01-04,106.845,1.5116723259762308,10.620123203285422
MTLS,6.69,380804.398936145,32,32,2016-01-04,80.62,12.050822122571,10.620123203285422
MTN,149.78,87508514.43148881,32,32,2016-01-04,372.51,2.4870476699158766,10.620123203285422
MTRN,264.03,71259460.70542061,32,32,2016-01-04,297.39,1.1263492784910807,10.620123203285422
MTRX,11.65,2110525.3499093996,32,32,2016-01-04,25.75,2.2103004291845494,10.620123203285422
MTSI,292.875,389213918.50912005,32,32,2016-01-04,409.68,1.3988220230473751,10.620123203285422
MTUM,311.81,447395876.39111763,32,32,2016-01-04,345.22,1.1071485840736346,10.620123203285422
MTW,19.3,3040752.2390935197,32,32,2016-01-04,67.76,3.510880829015544,10.620123203285422
MTX,71.72,13888351.94171279,32,32,2016-01-04,88.9,1.2395426659230342,10.620123203285422
MTZ,280.13,369378963.6096301,32,32,2016-01-04,437.51,1.5618105879413129,10.620123203285422
MU,940.76,34940134071.9524,32,32,2016-01-04,1213.56,1.2899783154045665,10.620123203285422
MUA,10.06,2860692.991504525,32,32,2016-01-04,17.46,1.7355864811133201,10.620123203285422
MUB,105.37,421796158.92936635,32,32,2016-01-04,117.94,1.1192939166745752,10.620123203285422
MUC,10.68,3864917.1003561,32,32,2016-01-04,16.33,1.5290262172284643,10.620123203285422
MUFG,22.72,69294776.85098982,32,32,2018-04-02,23.1,1.0167253521126762,8.37782340862423
MUJ,12.21,932120.8343654999,32,32,2016-01-04,16.45,1.347256347256347,10.620123203285422
MUNI,51.675,14651029.81002784,32,32,2016-01-04,57.1,1.1049830672472183,10.620123203285422
MUR,35.18,55023181.027958535,32,32,2016-01-04,50.73,1.4420125071063103,10.620123203285422
MUSA,574.12,151965794.7462402,32,32,2016-01-04,622.78,1.0847558001811468,10.620123203285422
MUST,20.2478,2058282.6544773453,32,32,2018-10-10,22.8,1.126048262033406,7.854893908281999
MUX,18.36,15970359.54535049,32,32,2016-01-04,47.9,2.6089324618736383,10.620123203285422
MVBF,30.91,1140643.9257482,32,32,2017-12-07,44.98,1.4551924943384018,8.695414099931554
MVV,91.52,369472.0261713315,32,32,2016-01-04,94.79,1.0357298951048952,10.620123203285422
MWA,24.91,25965780.9260448,32,32,2016-01-04,30.37,1.2191890806904857,10.620123203285422
MXF,21.16,656210.10322944,32,32,2016-01-04,22.81,1.077977315689981,10.620123203285422
MXI,110.364,1230782.0808650951,32,32,2016-01-04,116.537,1.0559330941248959,10.620123203285422
MXL,72.63,239827083.25715062,32,32,2016-01-04,128.03,1.7627702051493874,10.620123203285422
MYE,32.15,11543451.992537055,32,32,2016-01-04,36.74,1.142768273716952,10.620123203285422
MYFW,32.17,1793402.5118200001,32,32,2018-07-19,34.19,1.0627914205781783,8.082135523613964
MYI,10.75,3029536.99948904,32,32,2016-01-04,15.86,1.4753488372093022,10.620123203285422
MYN,9.78,1473722.8222929998,32,32,2016-01-04,14.67,1.5,10.620123203285422
MYRG,323.89,93925727.66596726,32,32,2016-01-04,501.13,1.5472228225632159,10.620123203285422
NAC,11.72,4463228.508348361,32,32,2016-01-04,17.18,1.4658703071672354,10.620123203285422
NAD,11.7,6757437.564324254,32,32,2016-01-04,16.43,1.4042735042735044,10.620123203285422
NAIL,38.61,45393263.50026663,32,32,2016-01-04,176.01,4.558663558663558,10.620123203285422
NAN,11.07,788235.0274822,32,32,2016-01-04,15.9,1.4363143631436315,10.620123203285422
NANR,86.74,1776888.209558025,32,32,2016-01-04,87.04,1.00345861194374,10.620123203285422
NATH,97.5,2323652.9098475,32,32,2016-01-04,115.75,1.1871794871794872,10.620123203285422
NATR,14.65,2163385.15340331,32,32,2016-01-04,27.8,1.8976109215017065,10.620123203285422
NAVI,9.0,7411020.92165052,32,32,2016-01-04,23.49,2.61,10.620123203285422
NAZ,12.325,211020.615212775,32,32,2016-01-04,17.395,1.4113590263691684,10.620123203285422
NBB,15.31,668930.54690485,32,32,2016-01-04,24.0,1.567602873938602,10.620123203285422
NBH,10.27,896967.92512095,32,32,2016-01-04,17.5325,1.7071567672833494,10.620123203285422
NBHC,42.99,15704331.174388967,32,32,2016-01-04,51.24,1.1919050942079554,10.620123203285422
NBIX,154.23,195540957.2736063,32,32,2016-01-04,185.5,1.202749140893471,10.620123203285422
NBN,135.02,14537027.89895454,32,32,2016-01-04,137.51,1.0184417123389127,10.620123203285422
NBR,93.86,20619940.62831504,32,32,2016-01-04,909.5,9.689963775836352,10.620123203285422
NBTB,52.92,19257184.9782186,32,32,2016-01-04,54.26,1.0253212396069538,10.620123203285422
NBXG,15.47,3156906.55780695,32,32,2021-05-26,20.39,1.3180349062702004,5.229295003422314
NC,42.16,549839.4181140449,32,32,2016-01-04,97.55,2.3138045540796965,10.620123203285422
NCA,9.18,487357.800266,32,32,2016-01-04,11.45,1.247276688453159,10.620123203285422
NCLH,17.61,251261938.11790654,32,32,2016-01-04,60.93,3.4599659284497446,10.620123203285422
NCNO,20.2,37892594.60649811,32,32,2020-07-14,98.04,4.853465346534654,6.094455852156058
NCV,16.79,1011494.4285775251,32,32,2016-01-04,29.04,1.7296009529481835,10.620123203285422
NCZ,15.6,830823.56682122,32,32,2016-01-04,25.88,1.6589743589743589,10.620123203285422
NDAQ,96.71,297951858.8397755,32,32,2016-01-04,100.98,1.044152621238755,10.620123203285422
NDLS,16.29,706384.180243395,32,32,2016-01-04,107.76,6.615101289134439,10.620123203285422
NDMO,10.01,1277151.9009615,32,32,2020-08-27,17.87,1.7852147852147853,5.973990417522245
NDSN,304.21,84796287.41535518,32,32,2016-01-04,311.36,1.0235035008711089,10.620123203285422
NE,45.25,55405691.031869665,32,32,2021-06-09,54.37,1.2015469613259668,5.190965092402464
NEA,11.3,9198064.923305975,32,32,2016-01-04,15.98,1.4141592920353983,10.620123203285422
NEE,86.22,901114315.2461519,32,32,2016-01-04,97.88,1.1352354442124797,10.620123203285422
NEGG,17.67,987317.30963734,32,32,2021-05-20,1351.4,76.47990945104696,5.245722108145106
NEM,115.98,704095509.9005766,32,32,2016-01-04,131.95,1.137696154509398,10.620123203285422
NEO,15.9,29171345.85040579,32,32,2016-01-04,59.88,3.7660377358490567,10.620123203285422
NEOG,11.57,17959284.550878614,32,32,2016-01-04,48.335,4.17761452031115,10.620123203285422
NESR,35.29,51564507.37087663,32,32,2021-03-26,36.31,1.0289033720600738,5.3963039014373715
NET,301.36,891753214.4481456,32,32,2019-09-13,330.83,1.0977900185824263,6.929500342231348
NETL,26.3268,225759.60173196543,32,32,2019-03-22,32.59,1.2379020617773526,7.408624229979466
NEU,947.02,108729444.58039246,32,32,2016-01-04,961.92,1.0157335642330678,10.620123203285422
NEWT,12.79,2775867.26277529,32,32,2016-01-04,38.7,3.0258014073494923,10.620123203285422
NEXA,13.49,6951165.30504694,32,32,2017-10-27,21.06,1.5611564121571533,8.80766598220397
NEXT,6.92,17548952.32188078,32,32,2017-07-25,12.0,1.7341040462427746,9.065023956194388
NFBK,15.31,5125849.3715156,11,11,2016-01-04,20.57,1.3435662965382102,10.620123203285422
NFG,83.37,50711046.346022926,32,32,2016-01-04,96.3,1.1550917596257646,10.620123203285422
NFJ,15.63,2688165.98751843,32,32,2016-01-04,16.16,1.033909149072297,10.620123203285422
NFLT,22.805,1269397.1447231602,32,32,2016-01-04,26.14,1.1462398596798948,10.620123203285422
NFLX,77.77,2687458436.901437,32,32,2016-01-04,133.913,1.7219107625048222,10.620123203285422
NFRA,65.9284,2491239.2471812125,32,32,2016-01-04,67.36,1.0217144659964448,10.620123203285422
NFTY,53.9326,1084035.1284534598,32,32,2021-03-26,65.445,1.213459021074452,5.3963039014373715
NG,7.41,26148970.59537121,32,32,2016-01-04,14.2,1.9163292847503373,10.620123203285422
NGG,82.15,61869038.60980256,32,32,2016-01-04,93.93,1.1433962264150943,10.620123203285422
NGS,37.59,4463872.08268066,32,32,2016-01-04,44.13,1.1739824421388667,10.620123203285422
NGVC,27.85,3390728.7435979955,32,32,2016-01-04,59.74,2.1450628366247755,10.620123203285422
NGVT,73.99,16723130.943973681,32,32,2016-05-16,117.07,1.5822408433572104,10.255989048596852
NHC,234.17,23447306.07778918,32,32,2016-01-04,234.17,1.0,10.620123203285422
NHI,73.24,29945819.853750333,32,32,2016-01-04,91.02,1.242763517203714,10.620123203285422
NHS,6.01,908510.220087745,32,32,2016-01-04,13.53,2.2512479201331113,10.620123203285422
NI,42.12,213835160.10457426,32,32,2016-01-04,49.08,1.1652421652421652,10.620123203285422
NICE,99.56,50034359.481437385,32,32,2016-01-04,315.02,3.16412213740458,10.620123203285422
NIE,26.58,1280164.65084,32,32,2016-01-04,32.04,1.2054176072234764,10.620123203285422
NJAN,59.5952,293254.07521038747,32,32,2020-01-02,59.8407,1.0041194592853115,6.625598904859685
NJR,55.52,33526539.70762168,32,32,2016-01-04,60.05,1.0815922190201728,10.620123203285422
NJUL,76.905,1722551.8721160002,32,32,2020-07-01,77.66,1.0098173070671608,6.1300479123887746
NKE,40.06,820793208.9132582,32,32,2016-01-04,177.51,4.4311033449825254,10.620123203285422
NKSH,43.19,1418177.1935881902,32,32,2016-01-04,49.6,1.148413984718685,10.620123203285422
NKTR,73.64,49036147.78975369,32,32,2016-01-04,1626.6,22.088538837588267,10.620123203285422
NKX,12.23,1784525.25384929,32,32,2016-01-04,17.32,1.4161896974652493,10.620123203285422
NLR,114.45,45874320.34947838,32,32,2016-01-04,164.37,1.436173001310616,10.620123203285422
NLY,23.4,147212583.00156063,32,32,2016-01-04,50.64,2.1641025641025644,10.620123203285422
NMCO,10.46,1898971.00184118,32,32,2019-09-17,16.09,1.5382409177820267,6.91854893908282
NMFC,7.45,3849574.65167693,32,32,2016-01-04,14.95,2.006711409395973,10.620123203285422
NMI,10.4835,202628.06174600002,32,32,2016-01-04,13.25,1.2638908761386942,10.620123203285422
NMIH,45.61,18424439.58175026,32,32,2016-01-04,45.71,1.0021925016443762,10.620123203285422
NML,10.66,1154873.91393886,32,32,2016-01-04,10.76,1.0093808630393997,10.620123203285422
NMM,82.72,7566048.945028774,32,32,2016-01-04,82.77,1.0006044487427466,10.620123203285422
NMRK,15.18,17950672.850548334,32,32,2017-12-15,19.58,1.289855072463768,8.673511293634498
NMZ,10.16,6153546.087343005,32,32,2016-01-04,15.81,1.5561023622047245,10.620123203285422
NNI,125.67,13829559.44237556,32,32,2016-01-04,144.23,1.1476883902283759,10.620123203285422
NNN,45.83,62014897.26353945,32,32,2016-01-04,58.91,1.2854025747327078,10.620123203285422
NNY,8.25,281278.094619,32,32,2016-01-04,10.75,1.303030303030303,10.620123203285422
NOA,13.65,761723.614095845,32,32,2016-01-04,25.38,1.8593406593406592,10.620123203285422
NOAH,8.69,839195.59247555,32,32,2016-01-04,67.61,7.780207134637514,10.620123203285422
NOC,589.14,408039040.8740997,32,32,2016-01-04,768.02,1.3036290185694401,10.620123203285422
NOCT,63.4448,257546.38358534581,32,32,2019-10-01,63.6376,1.0030388621289688,6.880219028062971
NODK,15.22,277410.05879085,32,32,2017-03-16,20.32,1.3350854139290407,9.423682409308693
NOG,25.39,58340700.14658735,32,32,2016-01-04,57.4,2.2607325718786924,10.620123203285422
NOMD,11.42,15065974.06117772,32,32,2016-01-12,31.64,2.7705779334500877,10.598220396988363
NORW,36.6297,823943.379165225,32,32,2016-01-04,39.34,1.0739918699852853,10.620123203285422
NOV,20.99,60539222.56909398,32,32,2016-01-04,48.62,2.3163411148165793,10.620123203285422
NOVT,157.11,58503507.7392589,32,32,2016-05-12,186.2,1.1851568964419832,10.26694045174538
NOW,119.49,2162200990.1172132,32,32,2016-01-04,234.078,1.958975646497615,10.620123203285422
NPCE,14.47,2863793.7042579,32,32,2021-04-22,26.5,1.8313752591568762,5.322381930184805
NPCT,9.74,946275.7074781801,32,32,2021-04-28,20.1,2.0636550308008212,5.305954825462012
NPK,147.26,11190903.83627959,32,32,2016-01-04,147.26,1.0,10.620123203285422
NPO,329.43,70669329.12444359,32,32,2016-01-04,387.65,1.1767295024739701,10.620123203285422
NPV,10.76,652738.668319475,32,32,2016-01-04,17.49,1.6254646840148699,10.620123203285422
NRC,22.01,2125488.0945975296,32,32,2018-04-18,70.35,3.196274420717855,8.334017796030116
NREF,17.18,744447.82137214,32,32,2020-02-07,25.84,1.5040745052386497,6.52703627652293
NRG,115.56,305013463.297895,32,32,2016-01-04,184.03,1.5925060574593284,10.620123203285422
NRIM,26.77,4112806.3098558253,32,32,2016-01-04,29.76,1.1116921927530818,10.620123203285422
NRIX,26.93,26695992.318405963,32,32,2020-07-24,50.17,1.8629780913479392,6.067077344284736
NRK,10.35,2480253.965953,32,32,2016-01-04,14.59,1.4096618357487922,10.620123203285422
NRP,102.86,3855590.8408367,32,32,2016-01-04,125.41,1.2192300213882947,10.620123203285422
NRT,8.82,346971.34378697,32,32,2016-01-04,20.49,2.32312925170068,10.620123203285422
NRUC,21.3232,329459.233725,32,32,2019-05-08,29.35,1.3764350566519097,7.279945242984257
NSA,43.41,56171965.66802372,12,12,2016-01-04,69.2,1.5941027413038473,10.620123203285422
NSC,338.91,346633735.18498087,32,32,2016-01-04,350.66,1.034669971378832,10.620123203285422
NSIT,149.24,50118640.12473661,32,32,2016-01-04,225.24,1.5092468507102652,10.620123203285422
NSP,52.33,28685390.62664128,32,32,2016-01-04,144.63,2.7638066118861073,10.620123203285422
NSSC,37.81,9452498.35487003,32,32,2016-01-04,58.0,1.5339857180640042,10.620123203285422
NSYS,12.2,263815.45848599996,32,32,2021-03-26,18.38,1.5065573770491802,5.3963039014373715
NTAP,204.71,451543246.3208952,32,32,2016-01-04,207.08,1.0115773533290997,10.620123203285422
NTB,61.51,9302750.911901236,32,32,2016-09-16,63.91,1.039018045846204,9.919233401779604
NTCT,38.94,23076257.815579977,32,32,2016-01-04,44.84,1.1515151515151516,10.620123203285422
NTES,124.75,104256323.08703154,32,32,2016-01-04,159.34,1.2772745490981965,10.620123203285422
NTGR,22.12,7586063.049833501,32,32,2016-01-04,77.75,3.5149186256781193,10.620123203285422
NTLA,11.6,41341671.93067914,32,32,2016-05-06,176.78,15.239655172413794,10.283367556468173
NTNX,65.83,147394024.88522846,32,32,2016-09-30,83.07,1.2618866778064712,9.880903490759753
NTR,69.4,151841047.76459202,32,32,2018-01-02,114.5,1.6498559077809798,8.624229979466119
NTRA,311.69,315118912.17851174,32,32,2016-01-04,322.1,1.033398569091084,10.620123203285422
NTRS,190.58,183268154.53142446,32,32,2016-01-04,191.47,1.0046699548745932,10.620123203285422
NTRSO,18.3,703495.423,32,32,2019-11-26,28.03,1.5316939890710382,6.7268993839835725
NTSI,48.04,507966.05997422675,32,32,2021-05-20,48.783,1.015466278101582,5.245722108145106
NTST,20.53,27287067.180683315,32,32,2020-08-13,26.65,1.298100340964442,6.012320328542095
NTSX,60.1,1707756.421269385,32,32,2018-08-02,60.89,1.013144758735441,8.043805612594113
NUBD,21.76,828341.7255490001,32,32,2017-10-02,27.39,1.2587316176470587,8.876112251882272
NUDM,40.98,1180998.871194375,32,32,2017-06-07,41.74,1.0185456320156174,9.196440793976729
NUE,264.19,315156624.35284424,32,32,2016-01-04,274.74,1.0399333812786253,10.620123203285422
NUEM,41.2909,947486.3264669755,32,32,2017-06-07,44.1359,1.068901380207261,9.196440793976729
NUGT,157.36,75630373.5128254,32,32,2016-01-04,689.4,4.381037112353837,10.620123203285422
NUHY,21.255,239829.85095624998,32,32,2019-09-26,25.42,1.1959538932015998,6.893908281998631
NULG,115.53,4372365.17959235,32,32,2016-12-14,118.355,1.024452523154159,9.675564681724847
NULV,53.2,3342494.31132386,32,32,2016-12-14,53.91,1.013345864661654,9.675564681724847
NUMG,48.2382,512736.98716136604,32,32,2016-12-14,59.46,1.2326330584474545,9.675564681724847
NUMV,45.07,716738.3379619,32,32,2016-12-14,45.86,1.0175282893277124,9.675564681724847
NUSC,52.32,2027591.399122865,32,32,2016-12-14,53.27,1.01815749235474,9.675564681724847
NUV,8.99,4761450.554810701,32,32,2016-01-04,11.91,1.324805339265851,10.620123203285422
NUW,13.98,586543.8893019999,32,32,2016-01-04,19.5,1.3948497854077253,10.620123203285422
NVAX,7.93,23790907.273629263,32,32,2016-01-04,319.93,40.34426229508197,10.620123203285422
NVCR,17.24,18295391.608935,32,32,2016-01-04,225.58,13.084686774941996,10.620123203285422
NVDA,219.74,25089014405.134384,32,32,2016-01-04,235.74,1.0728133248384455,10.620123203285422
NVEC,114.78,22216520.815901205,32,32,2016-01-04,134.21,1.1692803624324797,10.620123203285422
NVG,12.38,6033713.9186653,32,32,2016-01-04,18.22,1.4717285945072696,10.620123203285422
NVGS,21.36,8813259.210706756,32,32,2016-01-04,24.29,1.1371722846441947,10.620123203285422
NVMI,390.96,209412816.17152262,32,32,2016-01-04,605.65,1.549135461428279,10.620123203285422
NVO,45.71,485349308.38470507,32,32,2016-01-04,146.91,3.2139575585211113,10.620123203285422
NVR,6248.37,198039034.68451846,32,32,2016-01-04,9924.4,1.5883182333952695,10.620123203285422
NVS,154.55,247206082.08295584,32,32,2016-01-04,168.62,1.0910384988676802,10.620123203285422
NVST,27.82,73633366.06096107,32,32,2019-09-18,50.9,1.8296189791516895,6.915811088295688
NVT,164.63,288283383.1727208,32,32,2018-05-01,184.34,1.11972301524631,8.2984257357974
NWBI,15.64,15728778.77570381,32,32,2016-01-04,19.08,1.2199488491048591,10.620123203285422
NWE,70.61,23356909.66706502,32,32,2016-01-04,80.22,1.1360997025917008,10.620123203285422
NWFL,34.37,1128398.62113345,32,32,2016-01-05,40.41,1.1757346523130636,10.617385352498289
NWG,18.74,62854841.3383984,32,32,2020-07-23,19.42,1.0362860192102457,6.069815195071868
NWL,5.93,40034409.98057394,32,32,2016-01-04,54.89,9.256323777403036,10.620123203285422
NWN,51.02,11006804.776602834,32,32,2016-01-04,76.9,1.5072520580164641,10.620123203285422
NWPX,113.75,22912996.76640406,32,32,2016-01-04,149.94,1.3181538461538462,10.620123203285422
NWS,33.49,32886177.88726177,32,32,2016-01-04,35.17,1.0501642281277994,10.620123203285422
NWSA,29.39,93556316.93413597,32,32,2016-01-04,31.03,1.0558012929567882,10.620123203285422
NX,20.01,5419103.514911421,32,32,2016-01-04,38.79,1.9385307346326834,10.620123203285422
NXP,14.19,1889794.4934454851,32,32,2016-01-04,18.72,1.3192389006342495,10.620123203285422
NXPI,228.56,1066567762.7379453,32,32,2016-01-04,332.67,1.45550402520126,10.620123203285422
NXRT,23.48,5796142.940787135,32,32,2016-01-04,95.0,4.045996592844975,10.620123203285422
NXST,182.57,57924879.183106646,32,32,2016-01-04,253.64,1.3892753464424603,10.620123203285422
NXTC,6.65,1747046.0136239252,32,32,2019-05-09,1106.64,166.41203007518797,7.277207392197125
NXTG,151.44,1086124.3339523296,32,32,2019-05-30,167.5793,1.106572239830956,7.219712525667351
NYF,52.73,7671810.96770546,32,32,2016-01-04,58.78,1.1147354447183768,10.620123203285422
NYT,65.07,103145450.3648112,32,32,2016-01-04,85.86,1.3195020746887969,10.620123203285422
NZF,12.28,6124785.94871295,32,32,2016-01-04,17.53,1.4275244299674268,10.620123203285422
O,62.21,326127969.4230533,32,32,2016-01-04,82.44,1.325188876386433,10.620123203285422
OC,150.61,113650488.97623791,32,32,2016-01-04,210.81,1.3997078547241217,10.620123203285422
OCFC,19.56,16662130.667812191,32,32,2016-01-04,30.82,1.5756646216768917,10.620123203285422
OCSL,12.94,5468797.55962426,32,32,2017-10-18,23.25,1.796754250386399,8.83230663928816
OCUL,11.01,18825297.809341155,32,32,2016-01-04,22.95,2.084468664850136,10.620123203285422
ODC,91.26,11128686.49320917,32,32,2016-01-04,106.44,1.1663379355687047,10.620123203285422
ODFL,208.0,340302134.1220273,32,32,2016-01-04,248.73,1.1958173076923075,10.620123203285422
OEC,6.07,3078293.1630178504,32,32,2016-01-04,36.0,5.930807248764415,10.620123203285422
OEF,378.75,76740468.53509282,32,32,2016-01-04,383.8,1.0133333333333334,10.620123203285422
OESX,19.08,420313.59216780006,32,32,2016-01-04,116.7,6.116352201257862,10.620123203285422
OFG,53.05,13541976.715257375,32,32,2016-01-04,53.95,1.0169651272384543,10.620123203285422
OFIX,10.22,3353285.49964205,32,32,2016-01-04,67.71,6.625244618395302,10.620123203285422
OFLX,28.25,1254707.337869505,32,32,2016-01-04,185.0,6.548672566371682,10.620123203285422
OGE,47.06,60138447.54177119,32,32,2016-01-04,49.95,1.0614109647258818,10.620123203285422
OGIG,49.7422,253081.89117055776,32,32,2018-06-05,63.68,1.280200714885952,8.202600958247775
OGN,13.68,29671741.875923492,32,32,2021-06-03,39.36,2.8771929824561404,5.207392197125257
OGS,81.05,38011975.06497493,32,32,2016-01-04,96.69,1.1929673041332511,10.620123203285422
OHI,46.44,87245170.08039552,32,32,2016-01-04,51.72,1.1136950904392766,10.620123203285422
OI,6.36,20416321.589111313,32,32,2016-01-04,25.68,4.037735849056603,10.620123203285422
OIA,6.05,669933.3646534001,32,32,2016-01-04,8.48,1.4016528925619836,10.620123203285422
OIH,420.49,90511818.38984683,32,32,2016-01-04,701.8,1.6690052082094697,10.620123203285422
OII,53.1,38087679.115181506,32,32,2016-01-04,54.11,1.019020715630885,10.620123203285422
OILK,53.9,5847335.995830255,32,32,2016-09-28,143.3,2.658627087198516,9.886379192334017
OIS,8.97,4941662.027450451,32,32,2016-01-04,41.2,4.593088071348941,10.620123203285422
OKE,97.07,311477053.7960584,32,32,2016-01-04,117.05,1.2058308437210261,10.620123203285422
OKTA,143.92,380292187.92885107,32,32,2017-04-07,291.78,2.0273763201778765,9.363449691991786
OLED,84.45,54374420.635461666,32,32,2016-01-04,260.29,3.082178804026051,10.620123203285422
OLLI,76.21,109200153.98993218,32,32,2016-01-04,140.8,1.8475265713161007,10.620123203285422
OLMA,10.65,10825377.43471247,32,32,2020-11-19,54.5,5.117370892018779,5.7440109514031485
OLN,18.48,58351265.72716598,32,32,2016-01-04,66.92,3.621212121212121,10.620123203285422
OLP,24.1,2021134.1588982902,32,32,2016-01-04,36.24,1.5037344398340249,10.620123203285422
OMAB,100.85,6316580.426179901,32,32,2016-01-04,134.98,1.3384234010907288,10.620123203285422
OMC,86.31,232116011.98871332,32,32,2016-01-04,105.49,1.222222222222222,10.620123203285422
OMCL,35.97,27668776.26579643,32,32,2016-01-04,183.62,5.10480956352516,10.620123203285422
OMF,64.73,59074745.1057924,32,32,2016-01-04,71.37,1.1025799474741234,10.620123203285422
OMFL,70.73,6683652.52122568,32,32,2017-11-10,71.42,1.009755407889156,8.76933607118412
OMFS,53.21,410523.07749837905,32,32,2017-11-10,53.99,1.0146588987032512,8.76933607118412
ON,79.42,804143897.6870337,32,32,2016-01-04,133.93,1.6863510450768069,10.620123203285422
ONB,26.66,109303423.34591484,32,32,2016-01-04,27.29,1.0236309077269317,10.620123203285422
ONEQ,103.58,27320547.845887452,32,32,2016-01-04,106.7,1.0301216451052326,10.620123203285422
ONEV,149.8238,533354.7627870291,32,32,2016-01-07,151.2369,1.0094317458240947,10.611909650924025
ONEW,11.36,1102720.595395665,32,32,2020-02-07,60.97,5.367077464788733,6.52703627652293
ONEY,133.99,1250460.6647620504,32,32,2016-01-08,134.93,1.007015448914098,10.609171800136892
ONLN,58.31,304437.9113388,32,32,2018-07-16,92.52,1.5866918195849766,8.09034907597536
ONOF,40.9899,209546.4418675295,32,32,2021-01-13,41.5298,1.0131715373787202,5.593429158110883
ONTO,315.42,342405675.3891511,32,32,2019-10-28,378.45,1.1998287996956438,6.806297056810404
OOMA,20.66,6184300.483611394,32,32,2016-01-04,24.2,1.1713455953533398,10.620123203285422
OPBK,15.55,716019.917843065,32,32,2018-03-28,18.26,1.1742765273311897,8.39151266255989
OPCH,23.41,48900419.915451474,32,32,2020-02-03,36.59,1.5630072618539088,6.537987679671458
OPP,7.54,625058.533813,32,32,2016-09-28,20.0748,2.6624403183023873,9.886379192334017
OPRA,19.51,5933269.801871175,32,32,2018-07-27,27.83,1.426447975397232,8.060232717316905
OPRT,7.42,2451409.981923365,32,32,2019-09-26,27.74,3.7385444743935308,6.893908281998631
OPRX,8.23,1527513.776300155,32,32,2018-06-22,98.0,11.907654921020656,8.15605749486653
OPY,117.17,13560155.328381425,32,32,2016-01-04,119.03,1.0158743705726723,10.620123203285422
OR,32.31,29433951.938381776,32,32,2016-07-06,47.73,1.4772516248839367,10.116358658453114
ORA,109.68,80859119.88828257,32,32,2016-01-04,145.1,1.322939460247994,10.620123203285422
ORC,6.67,30467839.91820672,32,32,2016-01-04,62.55,9.377811094452774,10.620123203285422
ORCL,142.79,4446132705.148722,32,32,2016-01-04,328.33,2.299390713635409,10.620123203285422
ORI,42.37,50706118.20140564,32,32,2016-01-04,46.62,1.1003068208638187,10.620123203285422
ORIC,13.92,15548327.31930881,32,32,2020-04-24,39.8,2.8591954022988504,6.316221765913758
ORLY,90.76,548571025.4576783,32,32,2016-01-04,107.82,1.1879682679594534,10.620123203285422
ORN,9.55,4913521.004930605,32,32,2016-01-04,17.14,1.794764397905759,10.620123203285422
ORRF,43.19,4695222.832912561,32,32,2016-01-04,43.7,1.011808288955777,10.620123203285422
OSBC,25.66,10323619.25418071,32,32,2016-01-04,25.91,1.009742790335152,10.620123203285422
OSCR,31.28,131936037.31089947,32,32,2021-03-03,36.77,1.1755115089514068,5.45927446954141
OSCV,42.65,3099877.54859239,32,32,2018-07-18,43.24,1.0138335287221572,8.084873374401095
OSIS,218.73,36597011.53556325,32,32,2016-01-04,309.68,1.4158094454350112,10.620123203285422
OSK,147.69,101236328.97947271,32,32,2016-01-04,177.94,1.2048209086600312,10.620123203285422
OSPN,15.78,5815290.75522591,32,32,2018-06-04,32.96,2.0887198986058304,8.205338809034908
OSW,26.18,21138524.238388266,32,32,2019-03-21,28.68,1.0954927425515661,7.411362080766598
OTEX,24.17,32878427.71177343,32,32,2016-01-04,54.98,2.274720728175424,10.620123203285422
OTIS,70.35,247314696.9310015,32,32,2020-04-03,106.01,1.5068941009239518,6.373716632443532
OTLY,13.81,1025750.8338926102,32,32,2021-05-20,574.6,41.60753077480087,5.245722108145106
OTTR,91.22,17987167.724855855,32,32,2016-01-04,100.47,1.1014032010524009,10.620123203285422
OUNZ,41.75,21554268.105996538,32,32,2016-01-04,51.89,1.242874251497006,10.620123203285422
OUSA,61.68,1139252.933828015,32,32,2016-01-04,62.2169,1.0087046044098573,10.620123203285422
OUSM,49.8,2546585.9171661595,32,32,2016-12-30,50.36,1.0112449799196788,9.631759069130732
OUST,42.99,139252625.13852644,32,32,2021-03-12,144.8,3.3682251686438707,5.434633812457221
OUT,29.98,43993713.46625739,32,32,2016-01-04,33.9,1.1307538358905938,10.620123203285422
OVF,32.0,655983.0983404955,32,32,2019-10-01,32.54,1.016875,6.880219028062971
OVL,57.72,7934244.922613351,32,32,2019-10-01,58.58,1.0148995148995148,6.880219028062971
OVLH,42.5369,254500.4310591,32,32,2021-01-15,43.06,1.0122975581201263,5.587953456536619
OVLY,34.49,781960.4203201099,32,32,2021-03-26,35.07,1.0168164685416061,5.3963039014373715
OVS,42.1,521642.033350775,32,32,2019-10-01,42.96,1.0204275534441805,6.880219028062971
OVT,21.79,221341.03435586253,32,32,2021-01-15,25.33,1.1624598439651215,5.587953456536619
OVV,65.02,186264179.14893514,32,32,2020-01-27,65.02,1.0,6.5571526351813825
OWL,11.59,159215340.4759819,32,32,2021-05-20,26.68,2.301984469370147,5.245722108145106
OXLC,9.27,7284094.819043295,32,32,2016-01-04,58.25,6.283710895361381,10.620123203285422
OXM,35.59,10886939.813109886,32,32,2016-01-04,121.75,3.4209047485248663,10.620123203285422
OXY,59.8,445839804.5906208,32,32,2016-01-04,86.48,1.4461538461538463,10.620123203285422
OZK,50.74,54976079.683455825,32,32,2018-07-16,53.14,1.0472999605833662,8.09034907597536
PAA,24.19,48028256.398547664,32,32,2016-01-04,33.49,1.3844563869367508,10.620123203285422
PAAS,46.6,164949614.4234879,32,32,2016-01-04,68.7,1.4742489270386265,10.620123203285422
PAB,41.545,272068.81167067494,32,32,2021-04-15,51.3359,1.235669755686605,5.341546885694729
PAC,204.63,26623264.205068756,32,32,2016-01-04,300.41,1.468064311195817,10.620123203285422
PACK,5.18,2346995.0963481795,32,32,2019-06-03,42.2,8.146718146718147,7.208761122518823
PAG,216.21,71430835.89734545,32,32,2016-01-04,223.44,1.0334397113917024,10.620123203285422
PAGP,26.3,35736428.95705184,32,32,2016-01-04,36.4032,1.3841520912547527,10.620123203285422
PAGS,8.44,24062050.473323748,32,32,2018-01-24,61.92,7.336492890995261,8.563997262149213
PAHC,34.65,6990773.989273226,32,32,2016-01-04,59.58,1.7194805194805196,10.620123203285422
PALC,58.1849,351247.12931,32,32,2020-06-25,59.751,1.0269159180474658,6.146475017111568
PAM,79.0,13061595.40655293,32,32,2016-01-04,94.88,1.201012658227848,10.620123203285422
PANW,374.14,2078469394.4437513,32,32,2016-01-04,396.0,1.0584273266691613,10.620123203285422
PAPR,42.85,930158.255080094,32,32,2019-04-01,42.9251,1.0017526254375728,7.381245722108145
PAR,19.42,12938953.475712705,32,32,2016-01-04,88.71,4.567971163748712,10.620123203285422
PARR,80.51,77778566.51786564,32,32,2016-01-04,86.03,1.0685629114395727,10.620123203285422
PATH,15.58,978647471.3233566,32,32,2021-04-21,85.12,5.463414634146342,5.325119780971937
PATK,83.73,44610727.5653006,32,32,2016-01-04,145.75,1.740714200406067,10.620123203285422
PAUG,46.6,3867837.910852,32,32,2019-08-01,46.83,1.0049356223175965,7.047227926078029
PAVE,57.31,80310446.4548202,32,32,2017-03-08,59.99,1.0467632175885535,9.44558521560575
PAX,11.26,11130909.70517087,32,32,2021-01-22,22.68,2.0142095914742453,5.568788501026694
PAY,38.32,29056784.404554524,32,32,2021-05-26,44.6,1.163883089770355,5.229295003422314
PAYC,215.72,141069073.56936514,32,32,2016-01-04,553.23,2.564574448358984,10.620123203285422
PAYX,119.93,319490025.96192807,32,32,2016-01-04,159.78,1.3322771616776452,10.620123203285422
PB,74.33,71490773.76527315,32,32,2016-01-04,85.07,1.1444907843401049,10.620123203285422
PBA,49.36,41042959.50112478,32,32,2016-01-04,51.37,1.0407212317666126,10.620123203285422
PBD,18.025,687485.5569602726,32,32,2016-01-04,40.71,2.2585298196948687,10.620123203285422
PBE,95.28,470467.61952273187,32,32,2016-01-04,95.28,1.0,10.620123203285422
PBF,75.2,199884014.85324854,32,32,2016-01-04,75.2,1.0,10.620123203285422
PBH,50.57,23951381.958034463,32,32,2016-01-04,89.09,1.7617164326675896,10.620123203285422
PBI,16.17,27882869.85750603,32,32,2016-01-04,21.7,1.3419913419913418,10.620123203285422
PBJ,48.0717,543338.8024464201,32,32,2016-01-04,50.97,1.0602911900348855,10.620123203285422
PBP,23.3897,891741.1071082224,32,32,2016-01-04,24.31,1.0393463789616797,10.620123203285422
PBR,18.18,260233576.2291982,32,32,2016-01-04,22.03,1.2117711771177118,10.620123203285422
PBT,33.17,2725125.3634884646,32,32,2016-01-04,34.53,1.0410009044317154,10.620123203285422
PBTP,25.72,492855.24394412735,32,32,2017-09-22,26.975,1.0487947122861587,8.903490759753593
PBUS,76.94,6462957.913361221,32,32,2017-09-22,78.04,1.014296854691968,8.903490759753593
PBW,33.41,26352048.15618126,32,32,2016-01-04,136.0,4.070637533672554,10.620123203285422
PCAR,128.02,407118396.61522675,32,32,2016-01-04,138.21,1.079596937978441,10.620123203285422
PCB,28.64,1111191.97010387,32,32,2018-08-10,30.62,1.0691340782122905,8.021902806297057
PCEF,20.42,1739537.457657565,32,32,2016-01-04,24.71,1.2100881488736532,10.620123203285422
PCF,5.39,306880.65506724996,32,32,2016-01-04,10.05,1.8645640074211505,10.620123203285422
PCG,17.82,307260038.677471,32,32,2016-01-04,71.56,4.015712682379349,10.620123203285422
PCM,5.46,201906.549769575,32,32,2016-01-04,12.11,2.217948717948718,10.620123203285422
PCN,11.69,4279512.541544801,32,32,2016-01-04,20.2,1.727972626176219,10.620123203285422
PCOR,59.89,148941315.78875804,32,32,2021-05-20,105.94,1.768909667724161,5.245722108145106
PCQ,8.72,1063311.16720689,32,32,2016-01-04,20.66,2.3692660550458715,10.620123203285422
PCRX,24.0,13904720.147956405,32,32,2016-01-04,81.64,3.401666666666667,10.620123203285422
PCT,6.88,28063841.753984623,32,32,2021-03-18,32.69,4.751453488372093,5.418206707734429
PCTY,147.32,83894376.56711003,32,32,2016-01-04,305.75,2.0754140646212327,10.620123203285422
PCVX,59.79,49441324.38590589,32,32,2020-06-12,117.93,1.9724034119417964,6.182067077344285
PCY,21.05,4008214.274774175,32,32,2016-01-04,30.95,1.4703087885985748,10.620123203285422
PCYO,11.44,613514.915372595,32,32,2016-01-04,16.44,1.4370629370629373,10.620123203285422
PD,11.86,14950605.41718176,32,32,2019-04-11,57.37,4.837268128161889,7.353867214236824
PDBC,18.2,85361150.39969584,32,32,2016-01-04,22.71,1.2478021978021978,10.620123203285422
PDD,87.27,504918488.87631166,32,32,2018-07-26,202.82,2.3240517932852067,8.062970568104038
PDEC,46.77,724485.5447133549,32,32,2019-12-02,46.92,1.0032071840923669,6.71047227926078
PDEX,66.89,5229533.225689806,32,32,2021-03-26,69.0,1.0315443265062043,5.3963039014373715
PDFS,47.93,24947621.110784978,32,32,2016-01-04,70.79,1.476945545587315,10.620123203285422
PDI,15.14,40845913.12526586,32,32,2016-01-04,34.04,2.248348745046235,10.620123203285422
PDLB,20.65,1229799.762928925,32,32,2017-10-02,20.76,1.0053268765133174,8.876112251882272
PDM,9.4,6850350.00552564,32,32,2016-01-04,24.61,2.6180851063829786,10.620123203285422
PDN,46.82,371111.34371548425,32,32,2016-01-04,47.5863,1.0163669372063222,10.620123203285422
PDO,12.82,7477040.034035429,32,32,2021-01-27,23.18,1.8081123244929798,5.555099247091033
PDP,139.96,3431864.9528919403,32,32,2016-01-04,153.18,1.094455558731066,10.620123203285422
PDS,88.32,8227719.964223441,32,32,2016-01-04,120.0,1.358695652173913,10.620123203285422
PDT,12.66,1475672.816406475,32,32,2016-01-04,18.73,1.4794628751974723,10.620123203285422
PEB,18.3,37887694.18919046,32,32,2016-01-04,41.47,2.2661202185792346,10.620123203285422
PEBK,45.25,1160675.3434910001,32,32,2021-03-26,45.25,1.0,5.3963039014373715
PEBO,40.99,11603179.96598691,32,32,2016-01-04,42.23,1.0302512808001951,10.620123203285422
PED,12.12,262697.07162306004,32,32,2016-01-04,62.0,5.115511551155116,10.620123203285422
PEG,75.6,211895637.23568147,32,32,2016-01-04,94.51,1.2501322751322752,10.620123203285422
PEGA,32.5,74279341.41646844,32,32,2016-01-04,73.355,2.257076923076923,10.620123203285422
PEJ,67.78,2381199.515187869,32,32,2016-01-04,69.03,1.0184420182944822,10.620123203285422
PEN,324.75,102812212.50556341,32,32,2016-01-04,359.4,1.1066974595842956,10.620123203285422
PENN,18.29,54462552.35029605,32,32,2016-01-04,136.47,7.461454346637507,10.620123203285422
PEO,28.2,1241352.24528075,32,32,2016-01-04,28.36,1.0056737588652482,10.620123203285422
PEP,140.13,1083456289.4592533,32,32,2016-01-04,196.12,1.3995575537001357,10.620123203285422
PERI,9.64,2655811.6009033304,32,32,2016-01-04,41.85,4.341286307053942,10.620123203285422
PESI,17.34,5842025.53893386,32,32,2016-01-04,19.43,1.1205305651672433,10.620123203285422
PEY,25.08,5427758.584404048,32,32,2016-01-04,25.235,1.0061802232854864,10.620123203285422
PFBC,106.68,8912859.65055948,32,32,2016-01-04,109.42,1.025684289463817,10.620123203285422
PFD,11.3,281620.880559,32,32,2016-01-04,20.81,1.841592920353982,10.620123203285422
PFE,27.25,978416960.9008466,32,32,2016-01-04,61.25,2.2477064220183487,10.620123203285422
PFEB,43.8,796179.9876586,32,32,2020-02-03,43.9552,1.0035433789954338,6.537987679671458
PFF,30.45,80136768.83888876,32,32,2016-01-04,40.28,1.322824302134647,10.620123203285422
PFFA,21.0,14506090.13253373,32,32,2018-05-16,26.92,1.2819047619047619,8.257357973990418
PFFD,18.41,12090088.42966215,32,32,2017-09-13,26.22,1.4242259641499184,8.928131416837783
PFFR,17.5899,514041.92865366704,32,32,2017-02-08,26.424,1.502225709071683,9.522245037645447
PFFV,22.0,1234625.316384905,32,32,2020-06-25,28.4357,1.2925318181818182,6.146475017111568
PFG,113.14,140146231.1144452,32,32,2016-01-04,115.41,1.0200636379706558,10.620123203285422
PFGC,104.54,161502005.34325534,32,32,2016-01-04,116.65,1.1158408264779032,10.620123203285422
PFH,15.2,484718.310485855,32,32,2016-01-04,26.48,1.7421052631578948,10.620123203285422
PFI,63.184,217548.8306358552,32,32,2016-01-04,64.1891,1.0159075082299316,10.620123203285422
PFIG,23.7,368452.82800147,32,32,2016-01-04,27.56,1.1628691983122363,10.620123203285422
PFIS,71.28,3825079.6681479,32,32,2016-01-04,71.98,1.0098204264870931,10.620123203285422
PFIX,53.71,5402033.66729654,32,32,2021-05-11,111.45,2.0750325823868927,5.270362765229295
PFL,7.63,1324606.8217675001,32,32,2016-01-04,13.17,1.72608125819135,10.620123203285422
PFLD,19.49,859954.198028485,32,32,2019-11-20,25.46,1.3063109286813752,6.743326488706366
PFLT,7.32,7775344.38827551,32,32,2016-01-04,14.61,1.9959016393442621,10.620123203285422
PFM,57.6749,755592.2654236538,32,32,2016-01-04,58.0379,1.0062938990791488,10.620123203285422
PFN,7.04,2769210.35790494,32,32,2016-01-04,11.42,1.6221590909090908,10.620123203285422
PFS,24.46,22753419.45995837,32,32,2016-01-04,28.95,1.1835650040883074,10.620123203285422
PFSI,75.3,40943288.713299215,32,32,2016-01-04,159.46,2.117662682602922,10.620123203285422
PFXF,17.98,12192125.0977416,32,32,2016-01-04,21.94,1.2202447163515018,10.620123203285422
PG,143.45,1144637905.6612659,32,32,2016-01-04,179.7,1.252701289647961,10.620123203285422
PGC,46.36,9006130.751654215,32,32,2016-01-04,48.33,1.0424935289042279,10.620123203285422
PGF,13.37,1562426.53140155,32,32,2016-01-04,19.53,1.460732984293194,10.620123203285422
PGHY,19.73,644302.899532395,32,32,2016-01-04,24.69,1.2513938165230614,10.620123203285422
PGJ,24.1584,531515.8606298091,32,32,2016-01-04,84.92,3.515133452546526,10.620123203285422
PGNY,25.71,31075709.923985012,32,32,2019-10-25,66.66,2.5927654609101514,6.8145106091718
PGP,8.67,424482.41438544,32,32,2016-01-04,20.799,2.3989619377162628,10.620123203285422
PGR,207.23,548079752.408968,32,32,2016-01-04,291.22,1.4052984606475898,10.620123203285422
PGRO,47.0,311199.58773128,32,32,2021-05-26,49.2394,1.0476468085106383,5.229295003422314
PGX,10.58,28691223.496368118,32,32,2016-01-04,15.47,1.4621928166351608,10.620123203285422
PH,1041.85,558129735.6581717,32,32,2016-01-04,1073.87,1.0307337908528098,10.620123203285422
PHAT,9.25,11826214.441327585,32,32,2019-10-25,54.6,5.902702702702703,6.8145106091718
PHG,27.1,23880076.613535754,32,32,2021-03-26,51.3907,1.8963357933579337,5.3963039014373715
PHI,18.87,2502882.96260612,32,32,2016-01-04,50.0,2.649708532061473,10.620123203285422
PHM,126.05,197590763.70668977,32,32,2016-01-04,149.04,1.1823879412931375,10.620123203285422
PHO,70.85,5304064.50745875,32,32,2016-01-04,74.61,1.0530698659139026,10.620123203285422
PHR,11.44,7488957.4488758,32,32,2019-07-18,80.61,7.046328671328672,7.085557837097878
PHVS,36.1,14658158.915062752,32,32,2021-03-26,36.46,1.009972299168975,5.3963039014373715
PHYL,34.775,4450503.9072403,32,32,2018-09-27,41.9152,1.2053256649892163,7.8904859685147155
PHYS,33.02,86680773.33488916,32,32,2016-01-04,40.93,1.2395517867958812,10.620123203285422
PI,168.07,55355854.36522118,32,32,2016-07-21,241.91,1.4393407508776106,10.075290896646132
PICB,23.18,1802661.5048695798,32,32,2016-01-04,30.22,1.3037100949094047,10.620123203285422
PICK,61.87,36985067.68305146,32,32,2016-01-04,68.93,1.1141102311297884,10.620123203285422
PID,22.84,1266913.4651992917,32,32,2016-01-04,23.72,1.0385288966725044,10.620123203285422
PIE,32.9003,1293435.4297456734,32,32,2016-01-04,34.2958,1.0424160266015812,10.620123203285422
PII,67.61,51937671.32389971,32,32,2016-01-04,146.45,2.1660996893950597,10.620123203285422
PILL,22.44,1095305.40216312,32,32,2016-01-04,38.03,1.694741532976827,10.620123203285422
PINE,19.6,2603986.3955928553,32,32,2019-11-22,21.75,1.1096938775510203,6.737850787132102
PINS,23.06,232879849.02053022,32,32,2019-04-18,89.15,3.8660017346053777,7.3347022587268995
PIO,44.3197,223565.5680452796,32,32,2016-01-04,48.626,1.0971644663659728,10.620123203285422
PIPR,74.92,41181108.8512467,32,32,2020-01-06,94.515,1.261545648691938,6.614647501711157
PIZ,53.7037,2955742.496258885,32,32,2016-01-04,59.2894,1.104009593379972,10.620123203285422
PJAN,50.4259,1942703.6553442,32,32,2019-01-02,50.52,1.0018661045216843,7.624914442162902
PJP,127.8891,3247618.4354631333,32,32,2016-01-04,127.8891,1.0,10.620123203285422
PJT,169.72,64768467.47925508,32,32,2016-01-04,191.42,1.1278576478906432,10.620123203285422
PJUL,49.6394,5820732.31351465,32,32,2018-08-08,49.93,1.0058542206392502,8.02737850787132
PJUN,44.0,1072212.96200009,32,32,2019-06-03,44.2,1.0045454545454546,7.208761122518823
PK,15.37,58138048.085564315,32,32,2017-01-04,34.01,2.2127521145087834,9.618069815195073
PKB,101.9368,1508342.8071705315,32,32,2016-01-04,113.97,1.1180456910556344,10.620123203285422
PKBK,35.07,1449583.1380927851,32,32,2016-01-04,35.13,1.0017108639863133,10.620123203285422
PKE,36.9,8956569.025685204,32,32,2016-01-04,38.23,1.0360433604336043,10.620123203285422
PKG,250.3,126836441.41615379,32,32,2016-01-04,257.43,1.0284858170195765,10.620123203285422
PKOH,47.36,2898192.1065021846,32,32,2016-01-04,52.51,1.108741554054054,10.620123203285422
PKW,150.7906,3183822.4247232284,32,32,2016-01-04,152.0,1.0080203938441785,10.620123203285422
PKX,57.02,16490284.767470986,32,32,2016-01-04,131.86,2.3125219221325852,10.620123203285422
PLAB,31.88,27217084.223126728,32,32,2016-01-04,54.96,1.7239648682559598,10.620123203285422
PLAY,9.93,14493621.844053369,32,32,2016-01-04,72.89,7.340382678751259,10.620123203285422
PLBC,61.94,3107769.8438004004,32,32,2016-01-04,63.57,1.0263157894736843,10.620123203285422
PLD,140.02,541072015.1974996,32,32,2016-01-04,173.01,1.235609198685902,10.620123203285422
PLMR,129.69,33792220.77379846,32,32,2019-04-17,175.67,1.354537743850721,7.337440109514032
PLNT,53.36,92274757.21058604,32,32,2016-01-04,113.55,2.127998500749625,10.620123203285422
PLOW,41.47,11109057.8329876,32,32,2016-01-04,56.43,1.3607427055702919,10.620123203285422
PLPC,444.76,33732438.40837909,32,32,2016-01-04,480.77,1.080965014839464,10.620123203285422
PLSE,46.0,12205885.984864056,32,32,2016-05-18,46.79,1.0171739130434783,10.250513347022586
PLTM,16.46,1492186.5402876,32,32,2018-02-05,26.71,1.6227217496962332,8.531143052703628
PLTR,171.54,4817585701.802628,32,32,2020-09-30,207.18,1.2077649527806926,5.880903490759754
PLUS,86.14,20464056.92627299,32,32,2016-01-04,101.67,1.1802879034130485,10.620123203285422
PLXS,253.15,65191647.35566647,32,32,2016-01-04,303.82,1.2001580090855224,10.620123203285422
PM,187.62,840059080.0783098,32,32,2016-01-04,200.17,1.0668905233983583,10.620123203285422
PMAR,48.6074,499819.01524864,32,32,2020-03-02,48.71,1.0021107897151462,6.461327857631759
PMAY,42.01,773022.438258,32,32,2020-05-01,42.2019,1.0045679600095216,6.297056810403833
PML,7.36,2725704.39818,32,32,2016-01-04,16.11,2.188858695652174,10.620123203285422
PMM,6.31,575908.9856106001,32,32,2016-01-04,8.9,1.410459587955626,10.620123203285422
PMO,10.44,623745.6765477,32,32,2016-01-04,14.88,1.4252873563218391,10.620123203285422
PMT,9.43,12735255.76794295,32,32,2016-01-04,23.57,2.499469777306469,10.620123203285422
PNC,254.28,398838723.1280824,32,32,2016-01-04,256.97,1.0105788894132453,10.620123203285422
PNFP,104.53,103754219.50936845,32,32,2016-01-04,129.87,1.2424184444657036,10.620123203285422
PNI,6.84,334735.97791606,32,32,2016-01-04,14.534,2.124853801169591,10.620123203285422
PNOV,45.25,773493.025,32,32,2019-11-01,45.44,1.0041988950276242,6.795345653661875
PNQI,50.8678,1767574.2278652373,32,32,2016-01-04,57.08,1.1221244087615347,10.620123203285422
PNR,63.55,184090973.99584377,32,32,2016-01-04,112.59,1.771675845790716,10.620123203285422
PNRG,212.71,13840816.9456277,32,32,2021-03-26,272.59,1.2815100371397676,5.3963039014373715
PNTG,39.4,9786483.86787388,32,32,2019-10-01,66.48,1.6873096446700508,6.880219028062971
PNW,100.15,116521087.49597543,32,32,2016-01-04,109.37,1.092061907139291,10.620123203285422
POCT,47.245,1849559.3689310001,32,32,2018-10-01,47.34,1.0020107947930998,7.879534565366187
PODD,148.03,217171097.00580227,32,32,2016-01-04,352.82,2.383435790042559,10.620123203285422
POOL,187.5,132845348.13987029,32,32,2016-01-04,577.85,3.081866666666667,10.620123203285422
POR,50.55,48287058.87940311,32,32,2016-01-04,62.46,1.2356083086053413,10.620123203285422
POST,79.82,74961582.81387407,32,32,2016-01-04,120.72,1.5124029065397144,10.620123203285422
POWI,58.59,42281979.41094014,32,32,2016-01-04,110.16,1.8801843317972349,10.620123203285422
PPA,182.56,27646371.402605396,32,32,2016-01-04,185.59,1.0165972830850132,10.620123203285422
PPC,28.49,42022510.89327418,32,32,2016-01-04,56.26,1.9747279747279747,10.620123203285422
PPG,112.81,166786468.26883096,32,32,2016-01-04,182.33,1.6162574239872352,10.620123203285422
PPH,113.2,18260975.992792733,32,32,2016-01-04,113.57,1.003268551236749,10.620123203285422
PPIH,26.33,1680246.515054325,32,32,2017-03-21,35.29,1.3402962400303837,9.409993155373032
PPL,35.62,242871982.19589847,32,32,2016-01-04,40.06,1.1246490735541832,10.620123203285422
PPTA,23.79,22541997.66312208,32,32,2021-02-18,37.22,1.564522908785204,5.494866529774128
PRAA,19.65,6232402.425237509,32,32,2016-01-04,50.46,2.5679389312977103,10.620123203285422
PRAX,369.84,104213536.43353167,32,32,2020-10-16,903.0,2.4415963659961064,5.83709787816564
PRDO,32.66,22692889.736905478,32,32,2020-01-02,37.95,1.1619718309859157,6.625598904859685
PREF,18.78,3557739.780497345,32,32,2017-07-11,20.87,1.1112886048988286,9.103353867214237
PRF,56.01,13936895.37805222,32,32,2016-01-04,56.49,1.0085698982324585,10.620123203285422
PRFZ,55.8552,4358542.509202382,32,32,2016-01-04,56.84,1.0176313037998252,10.620123203285422
PRG,41.53,19690289.02769586,32,32,2020-12-01,59.45,1.431495304599085,5.711156741957564
PRGO,12.97,28955226.913444545,32,32,2016-01-04,149.06,11.492675404780261,10.620123203285422
PRGS,43.22,20484646.84508366,32,32,2016-01-04,69.89,1.617075428042573,10.620123203285422
PRI,308.21,53969144.525753595,32,32,2016-01-04,326.41,1.0590506472859416,10.620123203285422
PRIM,79.8,103393984.76324023,32,32,2016-01-04,202.92,2.5428571428571427,10.620123203285422
PRK,204.4,16202020.754914548,32,32,2016-01-04,212.56,1.0399217221135029,10.620123203285422
PRLB,84.88,15336888.0436813,32,32,2016-01-04,251.49,2.9628887841658815,10.620123203285422
PRN,220.0681,10198658.094579004,32,32,2016-01-04,262.6371,1.19343557744171,10.620123203285422
PROF,7.0,674492.513617795,32,32,2019-10-29,28.09,4.0128571428571425,6.803559206023272
PRPO,24.69,2164580.8043919997,32,32,2021-03-26,105.0,4.25273390036452,5.3963039014373715
PRS,20.5,770588.4316915,32,32,2018-08-22,28.55,1.3926829268292684,7.989048596851472
PRTA,8.71,4469868.6001926195,32,32,2016-01-04,78.89,9.057405281285877,10.620123203285422
PRTH,5.61,2150907.6963605997,32,32,2018-07-27,12.29,2.190730837789661,8.060232717316905
PRU,124.54,204288743.0211119,32,32,2016-01-04,129.52,1.039987152722017,10.620123203285422
PRVA,21.52,28148091.498134263,32,32,2021-04-29,49.25,2.288568773234201,5.30321697467488
PSA,323.1,310882571.1417009,32,32,2016-01-04,419.9,1.2995976477870628,10.620123203285422
PSC,69.8176,5513844.035815917,32,32,2016-09-22,70.7613,1.013516649097076,9.902806297056811
PSCC,37.2264,246524.13586797751,32,32,2021-03-26,40.84,1.0970708959233233,5.3963039014373715
PSCE,62.5933,1023848.093444125,32,32,2016-01-04,109.65,1.7517849354483628,10.620123203285422
PSCH,55.27,965478.2482057774,32,32,2016-01-04,66.0567,1.1951637416319885,10.620123203285422
PSCI,178.9542,606943.269414336,32,32,2016-01-04,186.0604,1.0397096016746183,10.620123203285422
PSCT,79.95,2213835.032680124,32,32,2016-01-04,92.4125,1.155878674171357,10.620123203285422
PSEP,46.72,1029923.4809123052,32,32,2019-09-03,46.735,1.0003210616438356,6.95687885010267
PSF,19.31,599162.278994,32,32,2016-01-04,32.8,1.6986017607457276,10.620123203285422
PSFE,6.52,2048057.09470068,32,32,2021-03-31,175.2,26.87116564417178,5.382614647501711
PSFF,34.89,1412715.8285586,32,32,2020-12-30,35.01,1.003439380911436,5.631759069130732
PSI,146.31,51983832.80677125,32,32,2016-01-04,187.82,1.2837126648896178,10.620123203285422
PSK,29.53,2871652.69636114,32,32,2016-01-04,47.2,1.5983745343718252,10.620123203285422
PSLV,20.7,133183377.78035052,32,32,2016-01-04,36.36,1.7565217391304349,10.620123203285422
PSMT,176.7,46637058.12383251,32,32,2016-01-04,197.9,1.119977362761743,10.620123203285422
PSN,46.45,54497963.15277103,32,32,2019-05-08,113.31,2.4393972012917113,7.279945242984257
PSO,15.97,11224701.04668666,32,32,2016-01-04,17.75,1.1114589855979962,10.620123203285422
PSP,63.01,882026.5171762379,32,32,2016-01-04,83.35,1.3228059038247897,10.620123203285422
PSQ,25.75,195516367.2723185,32,32,2016-01-04,300.6,11.673786407766992,10.620123203285422
PSTL,22.69,5350653.727885399,32,32,2019-05-15,24.98,1.1009255178492727,7.260780287474333
PSX,243.49,520030863.9394447,32,32,2016-01-04,243.49,1.0,10.620123203285422
PTA,18.72,1921763.51320016,32,32,2020-10-28,26.08,1.393162393162393,5.804243668720055
PTBD,19.1441,208635.5819077445,32,32,2019-10-23,27.88,1.4563233581103314,6.8199863107460645
PTC,146.48,172057920.69502872,32,32,2016-01-04,216.53,1.4782222829055163,10.620123203285422
PTCT,72.63,83814259.20993331,32,32,2016-01-04,89.55,1.2329615861214374,10.620123203285422
PTEN,12.125,84380424.05432682,32,32,2016-01-04,29.47,2.4305154639175255,10.620123203285422
PTF,108.55,15963154.364061171,32,32,2016-01-04,138.36,1.2746199907876556,10.620123203285422
PTGX,157.34,76060709.18801044,32,32,2016-08-11,158.62,1.0081352485064192,10.017796030116358
PTH,60.7585,2307229.301838969,32,32,2016-01-04,62.7967,1.033545923615626,10.620123203285422
PTIN,37.5852,222583.2727147223,32,32,2019-05-03,38.16,1.015293253727531,7.293634496919918
PTLC,59.8,5080702.569613379,32,32,2016-01-04,60.63,1.0138795986622076,10.620123203285422
PTMC,41.8699,707998.0468942,32,32,2016-01-04,42.5921,1.0172486678974633,10.620123203285422
PTNQ,86.5022,2012465.2910361849,32,32,2016-01-04,89.9198,1.0395088217409498,10.620123203285422
PTON,5.31,47149560.09540852,32,32,2019-09-26,167.42,31.529190207156308,6.893908281998631
PTY,11.67,12593963.021646608,32,32,2016-01-04,21.66,1.8560411311053986,10.620123203285422
PUBM,17.36,5868510.12615628,32,32,2020-12-09,69.92,4.027649769585254,5.689253935660506
PUK,28.08,27120513.15354842,32,32,2016-01-04,55.14,1.9636752136752138,10.620123203285422
PUMP,12.38,36799438.11008036,32,32,2017-03-17,24.66,1.9919224555735056,9.42094455852156
PVAL,54.17,86273484.9749545,32,32,2021-05-26,54.58,1.007568764999077,5.229295003422314
PVH,78.73,69115210.5072043,32,32,2016-01-04,168.16,2.135907532071637,10.620123203285422
PWB,158.85,14356758.523758557,32,32,2016-01-04,168.51,1.0608120868744098,10.620123203285422
PWR,696.15,603120576.1686952,32,32,2016-01-04,785.24,1.127975292681175,10.620123203285422
PWV,82.095,7380877.79383761,32,32,2016-01-04,82.095,1.0,10.620123203285422
PWZ,23.87,6808980.285612265,32,32,2016-01-04,28.35,1.187683284457478,10.620123203285422
PXE,40.41,481150.93793285405,32,32,2016-01-04,40.41,1.0,10.620123203285422
PXF,78.47,4821352.96726584,32,32,2016-01-04,79.62,1.0146552822734805,10.620123203285422
PXH,28.78,4885776.40857951,32,32,2016-01-04,29.97,1.0413481584433633,10.620123203285422
PXI,64.3066,290429.8863950609,32,32,2016-01-04,64.3066,1.0,10.620123203285422
PXJ,46.52,931285.7496726001,32,32,2016-01-04,68.225,1.4665735167669818,10.620123203285422
PY,57.6932,750872.8154462818,32,32,2021-03-26,58.0349,1.0059227083954436,5.3963039014373715
PYPL,60.43,600498205.4870356,32,32,2016-01-04,308.53,5.105576700314413,10.620123203285422
PZA,22.83,23302624.58848495,32,32,2016-01-04,27.52,1.205431449846693,10.620123203285422
PZT,22.0689,391885.94464575,32,32,2016-01-04,26.6451,1.2073596780990443,10.620123203285422
PZZA,23.35,30398978.786374547,32,32,2016-01-04,140.01,5.996145610278372,10.620123203285422
QABA,69.4501,536443.9583697356,32,32,2016-01-04,70.3075,1.012345554578035,10.620123203285422
QAI,36.49,1342151.35753548,32,32,2016-01-04,36.78,1.007947382844615,10.620123203285422
QAT,17.33,267502.71977562003,32,32,2021-03-26,25.65,1.4800923254472014,5.3963039014373715
QCLN,50.88,9819471.008017195,32,32,2016-01-04,88.17,1.7329009433962264,10.620123203285422
QCOM,160.19,1887768641.5524433,32,32,2016-01-04,251.02,1.5670141706723266,10.620123203285422
QCRH,103.91,9742487.359590571,32,32,2016-01-04,106.59,1.0257915503801367,10.620123203285422
QDEC,36.0107,404064.082076595,32,32,2020-12-21,36.21,1.0055344661447847,5.6563997262149215
QDEF,90.9426,472342.0718355074,32,32,2016-01-04,91.71,1.0084382896464363,10.620123203285422
QDEL,13.43,20126703.218668826,32,32,2016-01-04,301.96,22.48399106478034,10.620123203285422
QDF,92.69,1979652.3863319922,32,32,2016-01-04,93.51,1.0088466932786708,10.620123203285422
QEFA,100.507,1669321.055872685,32,32,2016-01-04,101.6,1.0108748644373027,10.620123203285422
QFIN,12.06,13908170.359683927,32,32,2018-12-14,48.12,3.990049751243781,7.676933607118412
QGEN,42.32,114655165.76679069,32,32,2016-01-04,60.2615,1.4239484877126654,10.620123203285422
QGRO,118.83,7445988.6887116,32,32,2018-09-12,120.73,1.0159892283093495,7.931553730321697
QID,14.17,236047953.89497924,32,32,2016-01-04,3125.6,220.57868736767819,10.620123203285422
QINT,72.425,1811537.98624015,32,32,2018-09-12,73.2563,1.0114780807732136,7.931553730321697
QLC,92.75,2941706.7862493675,32,32,2016-01-04,93.79,1.011212938005391,10.620123203285422
QLD,90.65,368966258.50868046,32,32,2016-01-04,100.53,1.1089906232763376,10.620123203285422
QLTA,46.36,7779702.879323542,32,32,2016-01-04,59.45,1.2823554788610871,10.620123203285422
QLV,79.87,331041.779302235,32,32,2019-07-16,80.0397,1.0021247026417928,7.091033538672143
QLYS,187.98,116259809.71012479,32,32,2016-01-04,205.89,1.0952760932014043,10.620123203285422
QMAR,37.6499,253688.97035000002,32,32,2021-03-22,37.8401,1.0050518062464973,5.4072553045859
QMCO,23.52,9970017.76832081,32,32,2020-02-03,189.0,8.035714285714286,6.537987679671458
QMOM,76.6987,1162930.6010786155,32,32,2016-01-04,81.69,1.0650767222912514,10.620123203285422
QNST,20.76,11631696.4626362,32,32,2016-01-04,25.17,1.2124277456647399,10.620123203285422
QQEW,163.54,5032316.316617585,32,32,2016-01-04,167.03,1.0213403448697567,10.620123203285422
QQH,83.7917,4263164.67259603,32,32,2019-10-10,89.3,1.06573801462436,6.855578370978781
QQQ,717.51,24127081226.67535,32,32,2016-01-04,746.16,1.0399297570765564,10.620123203285422
QQQA,72.1421,2395512.392525387,32,32,2021-05-20,87.48,1.2126067857741873,5.245722108145106
QQQE,122.61,18087138.339225248,32,32,2016-01-04,124.69,1.0169643585351928,10.620123203285422
QQQJ,45.82,5750435.320091125,32,32,2020-10-13,46.78,1.0209515495416848,5.845311430527036
QQQM,295.45,905807851.5115215,32,32,2020-10-13,307.23,1.0398713826366561,5.845311430527036
QQQX,30.6,2776330.14643902,32,32,2016-01-04,31.75,1.037581699346405,10.620123203285422
QQXT,103.2998,291588.6296580294,32,32,2016-01-04,104.0291,1.0070600330300736,10.620123203285422
QRVO,95.7,97845143.69436565,32,32,2016-01-04,199.54,2.0850574712643675,10.620123203285422
QS,5.76,129334565.41773432,32,32,2020-11-27,131.67,22.859375,5.722108145106092
QSR,76.56,171216302.95661223,32,32,2016-01-04,82.75,1.080851619644723,10.620123203285422
QTEC,316.68,64451226.83162856,32,32,2016-01-04,335.74,1.0601869394972843,10.620123203285422
QTUM,152.16,53343686.56150971,32,32,2018-09-05,168.76,1.1090956887486856,7.950718685831622
QTWO,62.84,48527214.31550929,32,32,2016-01-04,146.7,2.3345003182686184,10.620123203285422
QUAL,224.095,206968889.3288977,32,32,2016-01-04,227.18,1.013766482964814,10.620123203285422
QUIK,12.07,3746931.71805309,32,32,2016-01-04,32.76,2.7141673570836784,10.620123203285422
QURE,47.38,49047053.51663639,32,32,2016-01-04,82.19,1.7346981848881382,10.620123203285422
QUS,194.33,2438188.4956409,32,32,2016-01-04,196.13,1.0092625945556526,10.620123203285422
QVAL,60.867,1100036.6148373198,32,32,2016-01-04,61.1018,1.003857591141341,10.620123203285422
QWLD,158.2382,229047.1463642166,32,32,2016-01-04,159.7805,1.0097466983320083,10.620123203285422
QYLD,18.2,64159798.44918217,32,32,2016-01-04,25.34,1.3923076923076922,10.620123203285422
QYLG,29.6686,1183997.6564089507,32,32,2020-09-22,34.19,1.1523968100955218,5.90280629705681
R,259.15,77674536.64805879,32,32,2016-01-04,280.34,1.0817673162261239,10.620123203285422
RA,12.63,1786414.086159805,32,32,2016-12-05,24.36,1.9287410926365793,9.700205338809035
RAAX,41.47,10072364.372183654,32,32,2018-04-11,42.7,1.0296599951772367,8.353182751540041
RACE,412.44,141113184.41183066,32,32,2016-01-04,517.65,1.255091649694501,10.620123203285422
RAFE,49.73,365547.70942850003,32,32,2019-12-19,50.14,1.0082445204102153,6.663928815879535
RAMP,37.43,34220202.029523715,32,32,2018-10-02,85.96,2.296553566657761,7.876796714579055
RARE,25.49,50205205.04139441,32,32,2016-01-04,177.39,6.959199686151432,10.620123203285422
RAVI,75.31,3670713.3794967467,32,32,2016-01-04,76.43,1.0148718629664055,10.620123203285422
RBA,85.76,118134930.94543138,32,32,2016-01-04,119.14,1.3892257462686566,10.620123203285422
RBB,27.25,4727838.39098808,32,32,2017-07-26,33.15,1.2165137614678898,9.062286105407255
RBCAA,96.08,8926477.33974836,32,32,2016-01-04,100.64,1.0474604496253124,10.620123203285422
RBLX,37.67,391476418.6522856,32,32,2021-03-10,141.56,3.75789753119193,5.4401095140314855
RCEL,9.85,1234332.8680788,32,32,2019-10-01,30.54,3.100507614213198,6.880219028062971
RCI,35.91,44946457.7989071,32,32,2016-01-04,60.89,1.6956279587858536,10.620123203285422
RCKY,46.26,2122649.861133,32,32,2016-01-04,65.49,1.4156939040207521,10.620123203285422
RCL,300.0,598201514.7899426,32,32,2016-01-04,365.84,1.2194666666666665,10.620123203285422
RCMT,41.05,1012506.0888177601,32,32,2016-01-04,41.05,1.0,10.620123203285422
RCS,5.25,628347.48631116,32,32,2016-01-04,10.6014,2.0193142857142856,10.620123203285422
RCUS,29.51,27879108.773117073,32,32,2018-03-15,48.47,1.642494069806845,8.427104722792608
RDCM,10.34,1547427.2117664,32,32,2016-01-04,22.05,2.132495164410058,10.620123203285422
RDFI,23.377,315952.4196031014,32,32,2020-10-21,30.09,1.2871625957137358,5.823408624229979
RDIV,63.36,2651301.375660835,32,32,2016-01-04,63.7,1.0053661616161618,10.620123203285422
RDN,36.85,37936249.78172539,32,32,2016-01-04,39.71,1.0776119402985074,10.620123203285422
RDNT,73.83,44726577.345739834,32,32,2016-01-04,86.38,1.1699851009074902,10.620123203285422
RDVT,68.19,11895033.123593342,32,32,2018-03-27,73.74,1.0813902331720193,8.394250513347023
RDVY,82.81,79193125.82313672,32,32,2016-01-04,83.88,1.0129211447892765,10.620123203285422
RDWR,28.11,5859361.57757272,32,32,2016-01-04,41.74,1.4848808253290644,10.620123203285422
RDY,12.15,31206344.623940997,32,32,2016-01-04,16.842,1.3861728395061728,10.620123203285422
RECS,45.11,17219566.474648237,32,32,2019-09-25,45.67,1.0124140988694303,6.896646132785763
REET,27.88,73168794.33259284,32,32,2016-01-04,30.61,1.097919655667145,10.620123203285422
REG,76.19,98812646.81755346,32,32,2016-01-04,85.3,1.1195694973093582,10.620123203285422
REGL,94.47,5365891.800166462,32,32,2016-01-04,95.82,1.014290250873293,10.620123203285422
REGN,810.24,484780384.3671255,32,32,2016-01-04,1201.76,1.483214849921011,10.620123203285422
REIT,30.5236,286608.4371832351,32,32,2021-02-26,31.8965,1.0449783118636071,5.47296372347707
RELL,19.01,3785851.5636485796,32,32,2016-01-04,26.55,1.3966333508679643,10.620123203285422
RELX,34.51,86140054.60324225,32,32,2016-01-04,55.66,1.6128658359895682,10.620123203285422
REM,22.0,10145837.44619976,32,32,2016-01-04,48.42,2.200909090909091,10.620123203285422
REMX,76.55,52377405.63301298,32,32,2016-01-04,127.41,1.664402351404311,10.620123203285422
REPL,15.58,39666138.7185882,31,31,2018-07-20,52.65,3.3793324775353017,8.07939767282683
REPX,37.71,6077177.029690331,32,32,2021-03-01,52.6,1.3948554760010607,5.464750171115674
RES,6.32,7936010.71374326,32,32,2016-01-04,26.73,4.2294303797468356,10.620123203285422
RETL,8.66,3828825.04167463,32,32,2016-01-04,56.2,6.489607390300232,10.620123203285422
REVS,33.8099,729758.8951595,32,32,2019-09-25,34.06,1.0073972416363255,6.896646132785763
REX,44.12,7155734.72393354,32,32,2016-01-04,51.16,1.1595648232094289,10.620123203285422
REXR,37.04,86672054.11004338,32,32,2016-01-04,83.86,2.264038876889849,10.620123203285422
REYN,25.76,30300421.17076452,32,32,2020-01-31,35.27,1.3691770186335404,6.546201232032854
REZ,94.4,3889950.405169595,32,32,2016-01-04,99.32,1.0521186440677965,10.620123203285422
REZI,21.02,50454440.319094405,32,32,2018-10-29,44.5,2.1170313986679354,7.8028747433264884
RF,31.7,258548524.06583446,32,32,2016-01-04,32.4,1.0220820189274449,10.620123203285422
RFDI,91.8534,385787.9953487945,32,32,2016-04-14,92.7069,1.009291980481942,10.343600273785079
RFG,62.9909,276134.3690065752,32,32,2016-01-04,64.63,1.0260212189379734,10.620123203285422
RFI,11.42,1137047.24485348,32,32,2016-01-04,17.7,1.5499124343257442,10.620123203285422
RFMZ,13.33,579548.964745,32,32,2021-02-24,21.85,1.639159789947487,5.478439425051334
RFV,150.79,861689.5588028764,32,32,2016-01-04,152.6232,1.012157304861065,10.620123203285422
RGA,244.42,84151182.48630866,32,32,2016-01-04,250.38,1.024384256607479,10.620123203285422
RGCO,21.57,326504.8023115,32,32,2016-01-04,31.08,1.4408901251738524,10.620123203285422
RGEN,166.15,132387740.47025046,32,32,2016-01-04,324.21,1.951309058080048,10.620123203285422
RGLD,230.43,149522585.28621387,32,32,2016-01-04,304.29,1.3205311808358287,10.620123203285422
RGNX,11.07,13665184.583230525,32,32,2016-01-04,82.15,7.420957542908763,10.620123203285422
RGR,37.6,3648972.0721667404,32,32,2016-01-04,89.98,2.3930851063829786,10.620123203285422
RGT,15.26,246913.07193847,32,32,2016-01-04,17.44,1.142857142857143,10.620123203285422
RH,171.05,119025683.46468824,32,32,2016-01-04,738.52,4.3175679625840395,10.620123203285422
RHI,43.76,81004614.56313264,32,32,2016-01-04,124.53,2.845749542961609,10.620123203285422
RHP,126.09,70982395.53111117,32,32,2016-01-04,135.99,1.078515346181299,10.620123203285422
RICK,30.94,1064050.277151795,32,32,2016-01-04,96.97,3.134130575307046,10.620123203285422
RIGL,43.62,12792962.659667445,32,32,2016-01-04,50.96,1.168271435121504,10.620123203285422
RILY,7.16,3957835.8646742003,32,32,2016-01-04,89.05,12.437150837988826,10.620123203285422
RILYN,25.0,273109.87069999997,32,32,2019-09-24,26.75,1.07,6.899383983572895
RILYT,21.9,341414.771411,32,32,2021-01-26,26.6048,1.2148310502283106,5.557837097878165
RING,77.7,27579400.139083937,32,32,2016-01-04,99.42,1.2795366795366796,10.620123203285422
RIO,96.69,244520596.69042283,32,32,2016-01-04,112.04,1.1587547833281622,10.620123203285422
RIOT,18.91,348470081.1934526,32,32,2017-10-19,77.9,4.11951348492861,8.829568788501026
RIV,10.96,826423.4201825,32,32,2016-01-04,21.55,1.9662408759124086,10.620123203285422
RJF,179.3,178373886.53395182,32,32,2016-01-04,181.18,1.0104852203011712,10.620123203285422
RKT,13.99,381573682.6914487,32,32,2020-08-06,41.6,2.973552537526805,6.031485284052019
RL,378.25,213622141.34496784,32,32,2016-01-04,414.25,1.0951751487111698,10.620123203285422
RLAY,20.61,39811449.426202014,32,32,2020-07-16,61.53,2.985443959243086,6.0889801505817935
RLGT,8.66,979690.69092795,32,32,2016-01-04,9.61,1.1096997690531176,10.620123203285422
RLI,64.28,50181825.166009724,32,32,2016-01-04,90.445,1.4070472930927191,10.620123203285422
RLJ,11.19,20428538.952575184,32,32,2016-01-04,24.96,2.2305630026809653,10.620123203285422
RLY,36.98,4625497.37389157,32,32,2016-01-04,37.4,1.0113574905354246,10.620123203285422
RM,33.98,3191263.08385752,32,32,2016-01-04,63.69,1.8743378457916422,10.620123203285422
RMAX,13.61,4180913.314466715,32,32,2016-01-04,67.2,4.937545922116091,10.620123203285422
RMBI,16.01,545336.03666038,32,32,2021-03-26,17.99,1.12367270455965,5.3963039014373715
RMBS,93.71,250781314.14377123,32,32,2016-01-04,170.66,1.8211503574858607,10.620123203285422
RMD,219.98,281265430.3760787,32,32,2016-01-04,297.36,1.3517592508409857,10.620123203285422
RMM,14.43,560416.3617981251,32,32,2019-07-26,21.57,1.494802494802495,7.063655030800821
RMR,19.85,3164826.54486435,32,32,2016-01-04,97.3,4.90176322418136,10.620123203285422
RMT,14.26,1738306.0181119,32,32,2016-01-04,14.68,1.02945301542777,10.620123203285422
RNA,12.84,1574044.169518665,32,32,2020-06-12,72.93,5.6799065420560755,6.182067077344285
RNG,65.19,89012960.6658153,32,32,2016-01-04,443.29,6.799969320447922,10.620123203285422
RNGR,17.55,2879903.9064862505,32,32,2017-08-11,18.43,1.0501424501424501,9.018480492813142
RNP,20.35,1819104.217961565,32,32,2016-01-04,29.37,1.4432432432432432,10.620123203285422
RNR,320.72,99069457.0437987,32,32,2016-01-04,334.24,1.0421551509104514,10.620123203285422
RNST,42.6,24820786.15497379,32,32,2016-01-04,49.47,1.1612676056338027,10.620123203285422
ROAD,113.54,84797230.51154304,32,32,2018-05-04,140.48,1.2372732076801125,8.290212183436003
ROAM,35.5611,320634.27115805,32,32,2016-01-04,37.63,1.0581787402526919,10.620123203285422
ROBO,81.82,10680200.41843002,32,32,2016-01-04,90.34,1.1041310193106821,10.620123203285422
ROBT,58.68,2203827.884880103,32,32,2018-02-22,60.7724,1.0356578050443082,8.484599589322382
ROCK,46.41,13602830.414436892,32,32,2016-01-04,100.98,2.175824175824176,10.620123203285422
RODM,41.94,2604597.12561296,32,32,2016-01-04,42.336,1.009442060085837,10.620123203285422
ROG,136.75,30132395.75764458,32,32,2016-01-04,273.96,2.0033638025594147,10.620123203285422
ROK,433.67,319283232.5587431,32,32,2016-01-04,495.08,1.1416053681370626,10.620123203285422
ROKT,120.2788,2077727.1007314175,32,32,2019-06-25,136.68,1.1363598572649545,7.148528405201916
ROKU,157.78,371239380.0990405,32,32,2017-09-28,479.5,3.039041703637977,8.8870636550308
ROL,36.32,213420888.70917952,32,32,2016-01-04,65.6,1.806167400881057,10.620123203285422
ROM,144.49,6588307.673751762,32,32,2016-01-04,170.98,1.1833344868156965,10.620123203285422
ROOT,52.29,13601857.059585344,32,32,2020-10-28,486.0,9.294320137693632,5.804243668720055
ROP,394.17,297743669.246956,32,32,2016-01-04,593.81,1.506481974782454,10.620123203285422
ROST,236.38,511879976.87670386,32,32,2016-01-04,255.23,1.079744479228361,10.620123203285422
ROUS,68.39,3177374.2227141703,32,32,2016-01-04,69.13,1.0108202953648193,10.620123203285422
RPAR,22.1579,275778.74193348,32,32,2019-12-13,25.83,1.1657241886640881,6.680355920602327
RPD,12.59,27976339.038271308,32,32,2016-01-04,140.13,11.130262112787927,10.620123203285422
RPG,58.99,41686475.449809626,32,32,2016-01-04,63.85,1.0823868452280048,10.620123203285422
RPM,110.55,101940501.42045484,32,32,2016-01-04,140.26,1.268747173224785,10.620123203285422
RPRX,59.69,153798923.82233083,32,32,2016-01-04,59.97,1.0046909029988274,10.620123203285422
RPV,121.85,14928310.76264414,32,32,2016-01-04,122.89,1.0085350841198195,10.620123203285422
RQI,12.31,7245024.14015993,32,32,2016-01-04,18.22,1.480097481722177,10.620123203285422
RRBI,101.81,7700138.564150151,32,32,2019-05-03,103.43,1.0159119929280032,7.293634496919918
RRC,39.86,101050237.03340921,32,32,2016-01-04,47.65,1.1954340190667336,10.620123203285422
RRGB,10.21,1273688.743357685,32,32,2016-01-04,72.95,7.144955925563173,10.620123203285422
RRR,61.51,39891088.95213309,32,32,2016-04-27,67.26,1.0934807348398636,10.30800821355236
RS,421.4,117961868.74014711,32,32,2016-01-04,428.49,1.016824869482677,10.620123203285422
RSG,216.97,291397801.2892426,32,32,2016-01-04,258.07,1.1894271097386735,10.620123203285422
RSI,24.55,67799568.75018714,32,32,2020-12-30,34.52,1.4061099796334013,5.631759069130732
RSP,219.79,1527974835.8227165,32,32,2016-01-04,222.77,1.013558396651349,10.620123203285422
RTH,266.4079,1202809.8622625088,32,32,2016-01-04,274.4239,1.0300891978053204,10.620123203285422
RTX,225.49,851611366.1296234,32,32,2020-04-03,225.49,1.0,6.373716632443532
RUN,9.26,95233929.46578737,32,32,2016-01-04,96.5,10.421166306695465,10.620123203285422
RUSHA,79.39,32200765.178061597,32,32,2016-01-04,82.76,1.0424486711172691,10.620123203285422
RUSHB,78.99,6376306.70521535,32,32,2016-01-04,81.04,1.0259526522344602,10.620123203285422
RVLV,22.86,18660145.56665803,32,32,2019-06-07,87.79,3.840332458442695,7.197809719370294
RVMD,216.0,343154990.1820804,32,32,2020-02-13,216.0,1.0,6.510609171800137
RVNU,24.57,318235.11990905,32,32,2016-01-04,29.86,1.2153032153032153,10.620123203285422
RVSB,5.14,301742.7818585,32,32,2016-01-04,9.91,1.9280155642023349,10.620123203285422
RVT,18.72,4297625.36132182,32,32,2016-01-04,19.92,1.0641025641025643,10.620123203285422
RWJ,61.03,4976527.3921425,32,32,2016-01-04,62.81,1.0291659839423235,10.620123203285422
RWK,149.58,2355438.0241663028,32,32,2016-01-04,152.3,1.0181842492311806,10.620123203285422
RWL,134.47,31121166.084998608,32,32,2016-01-04,135.61,1.0084777273741357,10.620123203285422
RWM,13.39,253413149.21545178,32,32,2016-01-04,73.1,5.459297983569828,10.620123203285422
RWO,50.09,2442934.02988896,32,32,2016-01-04,56.55,1.1289678578558593,10.620123203285422
RWR,113.46,34317835.82224727,32,32,2016-01-04,122.16,1.0766790058170281,10.620123203285422
RWX,27.44,412609.88692541,32,32,2016-01-04,43.11,1.571064139941691,10.620123203285422
RXI,199.44,1496285.0995753463,32,32,2016-01-04,213.5626,1.070811271560369,10.620123203285422
RXL,59.7601,639098.6368622319,32,32,2016-01-04,59.7601,1.0,10.620123203285422
RY,212.99,260259683.43362606,32,32,2016-01-04,217.87,1.0229118737968919,10.620123203285422
RYAAY,55.41,84693117.51858544,32,32,2016-01-04,73.82,1.3322504963003068,10.620123203285422
RYAM,8.39,7397863.669417925,32,32,2016-01-04,22.31,2.6591179976162094,10.620123203285422
RYLD,16.41,8365315.01071868,32,32,2019-04-22,25.8953,1.5780195003046922,7.323750855578371
RYN,20.77,54076407.41730234,32,32,2016-01-04,41.2256,1.9848627828598941,10.620123203285422
RYTM,115.25,67607501.75601372,32,32,2017-10-05,117.62,1.0205639913232105,8.867898699520875
RZG,69.4487,601368.50651745,32,32,2016-01-04,72.6943,1.0467337761541973,10.620123203285422
RZV,149.9402,1162301.6491591157,32,32,2016-01-04,153.18,1.0216072807692667,10.620123203285422
SA,31.03,14680366.494679606,32,32,2016-01-04,39.35,1.2681276184337738,10.620123203285422
SAFE,14.8,4442372.947738415,32,32,2017-06-22,94.4,6.378378378378378,9.155373032169747
SAFT,103.28,14617350.6174268,32,32,2016-01-04,103.58,1.0029047250193648,10.620123203285422
SAH,77.31,25290670.820075803,32,32,2016-01-04,112.66,1.4572500323373432,10.620123203285422
SAIA,368.92,181298716.11712933,32,32,2016-01-04,605.92,1.6424156998807327,10.620123203285422
SAIC,125.95,44987880.469951704,32,32,2016-01-04,154.1,1.223501389440254,10.620123203285422
SAM,178.65,46119798.55653553,32,32,2016-01-04,1306.45,7.31290232297789,10.620123203285422
SAMG,10.38,559603.21348301,32,32,2016-01-04,22.54,2.171483622350674,10.620123203285422
SANM,198.28,141149136.24919122,32,32,2016-01-04,282.72,1.4258624167843454,10.620123203285422
SAP,210.47,560904049.308316,32,32,2016-01-04,311.93,1.4820639521071888,10.620123203285422
SAR,18.69,3287291.8127922798,32,32,2016-01-04,29.8,1.5944355270197965,10.620123203285422
SBAC,181.4,161058988.04755434,32,32,2016-01-04,389.02,2.1445424476295476,10.620123203285422
SBCF,35.54,29597438.6139162,32,32,2016-01-04,40.35,1.1353404614518852,10.620123203285422
SBFG,26.69,501654.06518642,32,32,2021-03-26,27.9,1.0453353315848632,5.3963039014373715
SBGI,14.36,6748635.994609315,32,32,2016-01-04,61.81,4.304317548746519,10.620123203285422
SBH,16.32,19681768.062238008,32,32,2016-01-04,32.75,2.0067401960784315,10.620123203285422
SBI,7.66,435267.65845575,32,32,2016-01-04,10.77,1.4060052219321149,10.620123203285422
SBIO,69.09,2479908.089819385,32,32,2016-01-04,69.09,1.0,10.620123203285422
SBLK,30.13,33856053.755630426,32,32,2016-01-04,33.6,1.1151676070361767,10.620123203285422
SBR,72.44,2405331.01706885,32,32,2016-01-04,89.68,1.2379900607399228,10.620123203285422
SBRA,20.33,48326895.47152301,32,32,2016-01-04,28.87,1.4200688637481556,10.620123203285422
SBSI,32.53,3960849.6204775097,32,32,2016-01-04,44.96,1.382108822625269,10.620123203285422
SBSW,10.56,41877549.97841483,32,32,2020-02-24,21.12,2.0,6.480492813141684
SBUX,106.01,637131298.4473281,32,32,2016-01-04,126.06,1.1891331006508818,10.620123203285422
SCCO,187.8,192224777.7797044,32,32,2021-03-26,218.85,1.1653354632587858,5.3963039014373715
SCD,15.89,1208677.352585805,32,32,2016-01-04,17.93,1.1283826305852738,10.620123203285422
SCHA,35.02,66425195.49889825,32,32,2016-01-04,36.13,1.0316961736150772,10.620123203285422
SCHB,29.68,183418956.20912552,32,32,2016-01-04,30.09,1.0138140161725067,10.620123203285422
SCHC,50.47,13977241.323663082,32,32,2016-01-04,51.54,1.0212007132950267,10.620123203285422
SCHD,34.51,741510156.8081386,32,32,2016-01-04,34.52,1.0002897710808463,10.620123203285422
SCHE,36.43,97124338.26936078,32,32,2016-01-04,37.24,1.0222344221795225,10.620123203285422
SCHF,28.05,207092722.76639917,32,32,2016-01-04,28.54,1.0174688057040997,10.620123203285422
SCHG,35.25,242740649.61477664,32,32,2016-01-04,35.94,1.0195744680851062,10.620123203285422
SCHH,23.84,140895704.16233614,32,32,2016-01-04,26.345,1.1050755033557047,10.620123203285422
SCHI,22.21,39600798.741038054,32,32,2019-10-10,26.825,1.2077892841062583,6.855578370978781
SCHJ,24.53,4834631.50666951,32,32,2019-10-10,26.015,1.0605381165919283,6.855578370978781
SCHK,37.04,29876913.63862738,32,32,2017-10-11,37.56,1.014038876889849,8.851471594798083
SCHL,41.3,14217650.403368115,32,32,2016-01-04,48.76,1.1806295399515738,10.620123203285422
SCHM,36.05,30699581.395387173,32,32,2016-01-04,36.87,1.022746185852982,10.620123203285422
SCHP,25.94,110008163.29004404,32,32,2016-01-04,31.945,1.2314957594448728,10.620123203285422
SCHQ,29.8,11806756.237780526,32,32,2019-10-10,59.7523,2.0051107382550333,6.855578370978781
SCHR,24.43,48401340.10594647,32,32,2016-01-04,29.48,1.206713057715923,10.620123203285422
SCHV,35.08,108858967.58206843,32,32,2016-01-04,35.37,1.008266818700114,10.620123203285422
SCHW,111.68,770936958.5927913,32,32,2016-01-04,111.68,1.0,10.620123203285422
SCHX,30.27,241332849.12520683,32,32,2016-01-04,30.71,1.0145358440700363,10.620123203285422
SCHY,33.09,24983388.73339477,32,32,2021-04-29,33.93,1.0253853127833181,5.30321697467488
SCHZ,22.76,36027923.650330134,32,32,2016-01-04,28.46,1.250439367311072,10.620123203285422
SCI,82.36,85516045.0906116,32,32,2016-01-04,88.6,1.0757649344341913,10.620123203285422
SCJ,107.935,3746489.8912297,32,32,2016-01-04,110.388,1.0227266410339557,10.620123203285422
SCL,63.43,7646805.003399216,32,32,2016-01-04,137.95,2.1748384045404383,10.620123203285422
SCM,8.58,1694303.61933405,32,32,2016-01-04,15.97,1.8613053613053614,10.620123203285422
SCSC,52.29,10259628.97762939,32,32,2016-01-04,58.89,1.1262191623637408,10.620123203285422
SCZ,85.61,109301573.63540298,32,32,2016-01-04,87.14,1.0178717439551455,10.620123203285422
SD,14.35,4004945.1370642204,32,32,2016-01-04,28.36,1.9763066202090593,10.620123203285422
SDCI,29.91,4142004.4504752606,32,32,2018-05-03,29.93,1.0006686726847207,8.292950034223136
SDG,91.9387,220972.012413032,32,32,2018-10-24,100.65,1.0947511765991906,7.816563997262149
SDGR,17.67,14898455.844753802,32,32,2020-02-06,113.09,6.400113186191284,6.529774127310062
SDHY,16.31,773005.1981135,32,32,2020-11-25,20.66,1.266707541385653,5.727583846680356
SDIV,24.57,8899829.40745578,32,32,2016-01-04,67.65,2.7533577533577533,10.620123203285422
SDOG,73.5497,1909082.8829050749,32,32,2016-01-04,73.82,1.0036750659757958,10.620123203285422
SDOW,22.92,72462435.15810451,32,32,2016-01-04,6008.32,262.14310645724254,10.620123203285422
SDS,54.26,129754722.34897228,32,32,2016-01-04,2441.0,44.98709915223001,10.620123203285422
SDVY,44.16,37654368.51460168,32,32,2017-11-03,44.94,1.017663043478261,8.788501026694044
SDY,157.66,30330134.80606609,32,32,2016-01-04,158.7,1.0065964734238233,10.620123203285422
SE,116.26,489688113.5476096,32,32,2016-01-04,366.99,3.1566316875967657,10.620123203285422
SEB,4491.02,29292809.945957463,32,32,2016-01-04,5958.89,1.3268455718300074,10.620123203285422
SECT,72.22,7272613.7877729945,32,32,2017-09-06,73.53,1.0181390196621434,8.947296372347708
SEDG,29.82,102522240.52536038,32,32,2016-01-04,368.33,12.35177733065057,10.620123203285422
SEIC,106.92,66262650.843128905,32,32,2016-01-04,106.92,1.0,10.620123203285422
SEIX,23.295,1202296.3993147002,32,32,2019-04-25,25.32,1.0869285254346426,7.315537303216975
SENEA,192.27,19435342.02021315,32,32,2016-01-04,193.9,1.0084776616216777,10.620123203285422
SENS,8.69,2658055.825416805,32,32,2016-03-18,105.4,12.128883774453396,10.417522245037645
SEPZ,46.4113,270157.9282672,32,32,2020-09-01,46.98,1.0122534813719934,5.960301163586585
SF,83.73,81799490.83656931,32,32,2016-01-04,88.8133,1.060710617460886,10.620123203285422
SFBS,90.02,22030840.04374562,32,32,2016-01-04,99.0,1.0997556098644745,10.620123203285422
SFL,12.43,13783189.448404957,32,32,2016-01-04,16.23,1.3057119871279164,10.620123203285422
SFM,78.84,148937836.09737843,32,32,2016-01-04,179.53,2.2771435819381023,10.620123203285422
SFNC,23.68,26949302.27699793,32,32,2016-01-04,33.35,1.4083614864864866,10.620123203285422
SFST,64.22,6616172.7520372,32,32,2016-01-04,65.02,1.0124571784490812,10.620123203285422
SFY,152.2125,1993993.4805918,32,32,2019-04-11,155.085,1.0188716432618872,7.353867214236824
SGC,12.57,561731.0819635,32,32,2016-01-04,28.25,2.247414478918059,10.620123203285422
SGDJ,89.3837,2963303.370006675,32,32,2016-01-04,115.39,1.2909512584509255,10.620123203285422
SGDM,73.9371,2088108.64502996,32,32,2016-01-04,95.33,1.2893391815475586,10.620123203285422
SGOL,41.36,72577382.41487479,32,32,2016-01-04,51.41,1.2429883945841391,10.620123203285422
SGRY,14.24,22556065.4289727,32,32,2016-01-04,67.05,4.708567415730337,10.620123203285422
SGU,12.53,274665.46241508005,32,32,2016-01-04,15.1,1.2051077414205906,10.620123203285422
SH,32.36,228062793.16002646,32,32,2016-01-04,185.04,5.718170580964153,10.620123203285422
SHAK,70.99,103193671.60916704,32,32,2016-01-04,142.03,2.0007043245527543,10.620123203285422
SHBI,23.66,4596368.096418049,32,32,2016-01-04,24.61,1.040152155536771,10.620123203285422
SHC,18.51,46926604.525365844,32,32,2020-11-20,28.98,1.5656401944894651,5.7412731006160165
SHE,158.88,292242.3597143863,32,32,2016-03-08,161.6415,1.0173810422960725,10.444900752908966
SHEN,12.17,5251660.4479682,32,32,2016-01-04,61.13,5.023007395234183,10.620123203285422
SHG,74.86,14384968.729963012,32,32,2016-01-04,75.92,1.0141597648944698,10.620123203285422
SHLS,7.68,43916151.38557592,32,32,2021-01-27,40.17,5.23046875,5.555099247091033
SHM,47.68,9560261.641278714,32,32,2016-01-04,50.06,1.0499161073825505,10.620123203285422
SHO,11.06,26863877.38425884,32,32,2016-01-04,17.52,1.5840867992766725,10.620123203285422
SHOO,46.75,39923833.14978197,32,32,2016-01-04,51.28,1.0968983957219252,10.620123203285422
SHOP,146.58,1000693802.2888995,32,32,2016-01-04,179.01,1.221244371674171,10.620123203285422
SHW,345.27,629205579.7798218,32,32,2016-01-04,399.71,1.1576737046369507,10.620123203285422
SHY,82.02,241475706.08879876,32,32,2016-01-04,86.8,1.058278468666179,10.620123203285422
SHYD,22.67,1494322.4384408998,32,32,2016-01-04,25.87,1.141155712395236,10.620123203285422
SHYG,42.18,55976812.30300592,32,32,2016-01-04,48.03,1.1386913229018492,10.620123203285422
SHYL,44.0138,1011117.873883,32,32,2018-01-10,50.2497,1.1416805638231644,8.602327173169062
SIBN,19.14,7768839.5569211,32,32,2018-10-17,35.96,1.8787878787878787,7.835728952772074
SIFY,15.055,448097.2459925075,32,32,2016-01-04,33.9,2.2517436067751575,10.620123203285422
SIG,84.76,52253060.80823562,32,32,2016-01-04,133.28,1.5724398301085416,10.620123203285422
SIGI,91.3,40098440.39964154,32,32,2016-01-04,109.17,1.1957283680175248,10.620123203285422
SII,117.6,18821323.446514543,32,32,2020-06-29,166.4,1.4149659863945578,6.135523613963039
SIL,87.53,80902672.35327491,32,32,2016-01-04,118.03,1.3484519593282303,10.620123203285422
SILC,45.91,6037438.877573226,32,32,2016-01-04,76.79,1.6726203441516012,10.620123203285422
SILJ,28.68,90028563.9779262,32,32,2016-01-04,40.3,1.405160390516039,10.620123203285422
SIMO,251.72,256265117.06275386,32,32,2016-01-04,336.9,1.338391863975846,10.620123203285422
SIRI,28.62,116072004.0302493,32,32,2016-01-04,78.1,2.728860936408106,10.620123203285422
SITE,95.09,73162882.31904359,32,32,2016-05-12,251.7,2.64696603218004,10.26694045174538
SITM,680.06,258046825.64813846,32,32,2019-11-21,901.48,1.3255889186248273,6.740588637919234
SIVR,60.37,51296906.40297366,32,32,2016-01-04,110.87,1.8365081994368064,10.620123203285422
SIXA,58.01,663939.1170969688,32,32,2020-05-11,58.2358,1.0038924323392517,6.269678302532512
SIXH,44.311,322886.005999575,32,32,2020-05-11,44.311,1.0,6.269678302532512
SIXS,58.93,251233.99074752253,32,32,2020-05-11,60.284,1.0229764126930256,6.269678302532512
SIZE,184.111,713175.2329578621,32,32,2016-01-04,186.93,1.0153114153961469,10.620123203285422
SJB,15.165,1226826.1420444325,32,32,2016-01-04,30.29,1.9973623475107156,10.620123203285422
SJM,118.5,146326210.48288053,32,32,2016-01-04,162.59,1.3720675105485232,10.620123203285422
SJNK,24.84,51147739.07314893,32,32,2016-01-04,28.14,1.1328502415458936,10.620123203285422
SKF,22.56,319444.84755453,32,32,2016-01-04,1027.68,45.55319148936171,10.620123203285422
SKIL,7.62,404947.46654389997,32,32,2021-06-14,256.4,33.64829396325459,5.177275838466803
SKM,38.41,71484060.27415243,32,32,2016-01-04,48.42,1.260609216349909,10.620123203285422
SKOR,47.97,1968292.806639425,32,32,2016-01-04,55.37,1.1542630810923493,10.620123203285422
SKT,38.32,36668383.44464736,32,32,2016-01-04,42.11,1.0989039665970772,10.620123203285422
SKY,90.86,51208033.82696067,32,32,2016-01-04,108.92,1.1987673343605547,10.620123203285422
SKYT,32.46,22531269.196632,19,19,2021-04-21,39.91,1.2295132470733208,5.325119780971937
SKYW,103.11,37843896.66430004,32,32,2016-01-04,123.72,1.1998836194355542,10.620123203285422
SKYY,161.37,39255601.056356,32,32,2016-01-04,168.91,1.046724917890562,10.620123203285422
SLAB,219.0,52118686.699031144,32,32,2016-01-04,220.34,1.0061187214611873,10.620123203285422
SLB,53.21,532754633.6506367,32,32,2016-01-04,87.48,1.6440518699492577,10.620123203285422
SLDB,9.08,8488419.614701804,32,32,2018-01-26,775.5,85.40748898678414,8.558521560574949
SLF,80.41,43169474.702312835,32,32,2016-01-04,84.07,1.0455167267752767,10.620123203285422
SLG,56.84,49902416.59633997,32,32,2016-01-04,115.3902,2.0300879662209708,10.620123203285422
SLGL,79.33,3825812.252673645,32,32,2018-02-01,171.5,2.161855540148746,8.542094455852157
SLGN,41.12,50453910.83948924,32,32,2016-01-04,57.53,1.3990758754863815,10.620123203285422
SLM,26.87,63608517.094233066,32,32,2016-01-04,34.4,1.2802381838481578,10.620123203285422
SLP,18.36,4562211.998412465,32,32,2016-01-04,89.52,4.875816993464052,10.620123203285422
SLQD,50.155,9382666.59698485,32,32,2016-01-04,52.29,1.0425680390788554,10.620123203285422
SLRC,12.65,4183055.5927582304,32,32,2016-01-04,22.91,1.8110671936758893,10.620123203285422
SLV,57.44,750983561.5990944,32,32,2016-01-04,105.6,1.8384401114206128,10.620123203285422
SLVO,68.86,6865086.6265881,32,32,2016-01-04,216.006,3.1368864362474587,10.620123203285422
SLVP,35.98,7402996.915781135,32,32,2016-01-04,47.51,1.320455808782657,10.620123203285422
SLX,106.69,2106200.867514188,32,32,2016-01-04,113.57,1.0644858937107506,10.620123203285422
SLYG,116.91,11613765.706327312,32,32,2016-01-04,119.5,1.0221537935163802,10.620123203285422
SLYV,110.17,14905132.245694079,32,32,2016-01-04,112.22,1.0186076064264318,10.620123203285422
SM,35.49,104967040.24366508,32,32,2016-01-04,54.36,1.5316990701606086,10.620123203285422
SMBC,75.81,6519328.426687015,32,32,2016-01-04,79.33,1.0464318691465506,10.620123203285422
SMBK,51.91,5547137.1810815,32,32,2016-01-06,53.23,1.0254286264688885,10.614647501711156
SMDV,77.68,5145600.644174229,32,32,2016-01-04,79.12,1.0185375901132852,10.620123203285422
SMFG,25.81,41263681.397333495,32,32,2016-01-04,26.5,1.0267338240991863,10.620123203285422
SMG,59.55,59248506.86786926,32,32,2016-01-04,252.62,4.242149454240135,10.620123203285422
SMH,569.77,4868138726.1756525,32,32,2016-01-04,668.91,1.174000035101883,10.620123203285422
SMHI,9.86,880241.4248335401,32,32,2017-06-02,25.3,2.565922920892495,9.210130047912388
SMID,28.21,381501.87347849994,32,32,2020-11-17,50.03,1.773484579936193,5.749486652977413
SMIN,71.21,5998242.32683406,32,32,2016-01-04,86.97,1.2213172307260216,10.620123203285422
SMLF,89.08,11662204.430305,32,32,2016-01-04,90.63,1.017400089806915,10.620123203285422
SMLV,160.04,431496.48685296625,32,32,2016-01-04,162.9281,1.018046113471632,10.620123203285422
SMMD,91.82,18454151.24292823,32,32,2017-07-07,93.31,1.0162274014375954,9.114305270362765
SMMT,12.82,51706648.9968479,32,32,2016-01-04,36.7,2.862714508580343,10.620123203285422
SMMU,50.278,5327425.225548999,32,32,2016-01-04,51.61,1.0264927005847488,10.620123203285422
SMMV,47.5002,289625.378084215,32,32,2016-09-09,47.79,1.0061010269430444,9.938398357289527
SMP,38.9,4611202.90260028,32,32,2016-01-04,55.65,1.430591259640103,10.620123203285422
SMPL,10.97,26179069.320766784,32,32,2017-07-10,44.57,4.062898814949863,9.10609171800137
SMTC,135.23,297990826.2191473,32,32,2016-01-04,174.73,1.2920949493455594,10.620123203285422
SMTI,34.17,3369659.118681,32,32,2020-11-02,52.75,1.5437518290898449,5.790554414784395
SMWB,8.57,5277764.816356726,32,32,2021-05-12,24.76,2.8891481913652277,5.2676249144421625
SNA,395.71,141495096.37329817,32,32,2016-01-04,419.31,1.0596396350863007,10.620123203285422
SNAP,5.11,158508430.17164558,32,32,2017-03-02,83.11,16.264187866927593,9.462012320328542
SNDR,35.3,28466263.95037417,32,32,2017-04-06,38.76,1.0980169971671387,9.366187542778919
SNDX,19.915,27274711.66137038,32,32,2016-03-03,28.98,1.4551845342706504,10.458590006844627
SNEX,66.4,79724106.21422607,32,32,2021-03-26,92.6733,1.3956822289156625,5.3963039014373715
SNFCA,8.57,240037.35194027546,32,32,2021-03-26,12.819,1.4957992998833138,5.3963039014373715
SNN,30.19,44125501.00941931,32,32,2016-01-04,51.64,1.710500165617754,10.620123203285422
SNOW,325.33,1271148048.1784291,32,32,2016-01-04,401.89,1.235330280023361,10.620123203285422
SNPE,70.95,12728619.97171805,32,32,2019-06-26,71.88,1.013107822410148,7.145790554414784
SNPS,404.41,602095544.0209732,32,32,2016-01-04,645.35,1.595781508864766,10.620123203285422
SNSR,47.88,400884.82995693746,32,32,2016-09-16,53.8,1.1236424394319129,9.919233401779604
SNX,259.8,169029655.7204001,32,32,2016-01-04,290.14,1.116782140107775,10.620123203285422
SNY,44.97,123765252.85530959,32,32,2016-01-04,59.42,1.321325327996442,10.620123203285422
SO,92.07,447253497.45286524,32,32,2016-01-04,99.72,1.0830889540566961,10.620123203285422
SOCL,44.87,218107.09822911123,32,32,2016-01-04,78.16,1.7419211054156452,10.620123203285422
SOFI,17.66,1302846038.0804472,32,32,2021-06-01,32.21,1.8238958097395244,5.212867898699521
SOHU,14.5,474596.6010555,32,32,2016-01-04,70.06,4.831724137931035,10.620123203285422
SOJC,19.73,558055.9608505,32,32,2017-11-28,27.43,1.3902686264571718,8.720054757015742
SOJD,18.225,1370549.7008989998,32,32,2020-01-14,27.49,1.5083676268861452,6.5927446954141
SOJE,15.92,831384.540058815,32,32,2020-09-23,26.92,1.690954773869347,5.900068446269678
SON,57.2,60231217.37246725,32,32,2016-01-04,69.28,1.2111888111888112,10.620123203285422
SONO,15.79,25002465.385639347,32,32,2018-08-02,43.89,2.7796073464217863,8.043805612594113
SONY,23.43,99077401.60176115,32,32,2021-04-01,30.26,1.2915066154502775,5.379876796714579
SOR,46.6305,383941.75075985503,32,32,2016-01-04,68.49,1.4687811625438285,10.620123203285422
SOXL,129.1,8969443662.853285,32,32,2016-01-04,300.77,2.3297443841982957,10.620123203285422
SOXQ,94.37,191896490.68987447,32,32,2021-06-11,115.11,1.219773233018968,5.1854893908282
SOXX,531.39,4991092616.655069,32,32,2016-01-04,655.01,1.2326351643802105,10.620123203285422
SOYB,25.8,1500954.8220162615,32,32,2016-01-04,29.31,1.1360465116279068,10.620123203285422
SPAB,25.1,42964081.95997435,32,32,2017-10-16,31.23,1.244223107569721,8.837782340862423
SPB,88.0,29003700.66090532,32,32,2016-01-04,899.6589,10.223396590909092,10.620123203285422
SPBO,28.37,9169393.31096451,32,32,2019-09-23,36.365,1.2818117729996474,6.9021218343600275
SPCB,10.78,798541.0543215,32,32,2016-01-04,1050.0,97.40259740259741,10.620123203285422
SPCX,143.34,9895415246.09154,32,32,2020-12-16,201.8,1.407841495744384,5.670088980150582
SPD,42.5121,226198.53119692998,32,32,2020-09-04,43.317,1.0189334330696438,5.952087611225188
SPDN,8.5,351766766.1477145,32,32,2016-06-08,42.18,4.96235294117647,10.193018480492814
SPDV,41.11,317738.08125030267,32,32,2017-11-29,41.4531,1.008345901240574,8.71731690622861
SPDW,51.31,125604579.2012082,32,32,2017-10-16,52.21,1.0175404404599493,8.837782340862423
SPE,13.34,384401.34857687505,32,32,2016-01-04,15.5139,1.1629610194902549,10.620123203285422
SPEM,51.73,82190278.46214306,32,32,2017-10-16,53.39,1.0320896965010633,8.837782340862423
SPEU,56.65,1320978.275020705,32,32,2019-09-23,57.33,1.0120035304501325,6.9021218343600275
SPFF,9.48,365943.9744530721,32,32,2016-01-04,13.82,1.4578059071729959,10.620123203285422
SPFI,45.2,5199763.5533625,32,32,2019-05-09,45.96,1.0168141592920354,7.277207392197125
SPG,220.61,318844301.6519716,32,32,2016-01-04,236.7,1.0729341371651329,10.620123203285422
SPGI,418.04,697058067.4725659,32,32,2016-04-28,564.15,1.3495120084202468,10.30527036276523
SPGM,87.48,6731604.714818595,32,32,2019-09-23,88.64,1.0132601737540008,6.9021218343600275
SPGP,127.2,11299687.623757765,32,32,2019-06-24,129.02,1.014308176100629,7.151266255989048
SPH,17.56,2829394.9903108897,32,32,2016-01-04,36.41,2.0734624145785876,10.620123203285422
SPHB,146.49,48567522.90644422,32,32,2016-01-04,156.76,1.0701071745511637,10.620123203285422
SPHD,53.0,37289454.85024238,32,32,2016-01-04,53.55,1.010377358490566,10.620123203285422
SPHQ,86.69,118249540.48888214,32,32,2016-01-04,90.1,1.039335563502134,10.620123203285422
SPHY,23.27,112381281.44157127,32,32,2019-09-23,26.94,1.157713794585303,6.9021218343600275
SPIB,33.11,175799192.75931007,32,32,2017-10-16,37.18,1.1229235880398671,8.837782340862423
SPIP,25.08,7128575.961495451,32,32,2019-09-23,31.92,1.272727272727273,6.9021218343600275
SPLB,21.26,54068155.005910695,32,32,2017-10-16,33.59,1.5799623706491064,8.837782340862423
SPLV,76.03,161671149.0260471,32,32,2016-01-04,77.97,1.0255162435880574,10.620123203285422
SPMB,21.98,21147547.61582676,32,32,2019-09-23,26.95,1.2261146496815285,6.9021218343600275
SPMD,67.7,86576861.40502952,32,32,2017-10-16,68.93,1.0181683899556868,8.837782340862423
SPMO,150.9,301226624.8636737,32,32,2016-01-06,161.66,1.0713055003313452,10.614647501711156
SPNT,23.55,14708732.495544935,32,32,2021-03-01,26.31,1.1171974522292993,5.464750171115674
SPOK,10.97,1635084.6749257902,32,32,2016-01-04,22.4,2.0419325432999087,10.620123203285422
SPOT,516.28,825769667.6680504,32,32,2018-04-03,775.9,1.502866661501511,8.375085557837098
SPPP,13.87,7409522.58939595,32,32,2016-01-04,22.58,1.627974044700793,10.620123203285422
SPRB,52.845,2423971.31229564,32,32,2021-03-26,1309.5,24.78001703093954,5.3963039014373715
SPRE,21.44,1081418.728639565,32,32,2020-12-30,28.36,1.3227611940298507,5.631759069130732
SPSC,77.38,35467240.08353066,32,32,2016-01-04,215.42,2.7839234944430085,10.620123203285422
SPSK,17.92,3561272.294399615,32,32,2019-12-30,20.495,1.1436941964285714,6.633812457221081
SPSM,57.43,81231643.8148675,32,32,2017-10-16,58.48,1.018283127285391,8.837782340862423
SPT,9.81,8344462.8774198005,32,32,2019-12-13,144.26,14.705402650356778,6.680355920602327
SPTI,28.11,40908328.57115546,32,32,2019-09-23,33.38,1.1874777659196016,6.9021218343600275
SPTL,24.98,103333108.00392288,32,32,2017-10-16,49.27,1.9723779023218575,8.837782340862423
SPTM,93.17,35078672.18983896,32,32,2017-10-16,94.44,1.0136309971020714,8.837782340862423
SPUC,50.1097,769969.748404055,32,32,2020-09-04,52.03,1.038321921703782,5.952087611225188
SPUS,58.61,21680417.838258713,32,32,2019-12-18,59.51,1.015355741341068,6.666666666666667
SPUU,225.12,3702858.87377775,32,32,2016-01-04,231.53,1.0284737029140014,10.620123203285422
SPVM,78.3831,747063.210849916,32,32,2017-04-06,78.6109,1.0029062387172745,9.366187542778919
SPXC,212.66,97607725.9556486,32,32,2016-01-04,246.41,1.1587040346092354,10.620123203285422
SPXL,288.87,424989004.8223679,32,32,2016-01-04,301.35,1.043202824800083,10.620123203285422
SPXS,24.57,252992651.8668897,32,32,2016-01-04,11330.0,461.13146113146115,10.620123203285422
SPXT,111.94,1479776.57878853,32,32,2016-01-04,112.76,1.0073253528676076,10.620123203285422
SPXU,34.43,296351560.2050436,32,32,2016-01-04,17000.0,493.75544583212314,10.620123203285422
SPXX,19.09,4437779.89427078,32,32,2016-01-04,19.31,1.0115243583027762,10.620123203285422
SPY,767.45,33032220598.36509,32,32,2016-01-04,777.88,1.0135904619193432,10.620123203285422
SPYC,46.82,291159.34425066074,32,32,2020-09-04,48.34,1.0324647586501496,5.952087611225188
SPYD,49.92,43888567.47648945,32,32,2016-01-04,50.54,1.0124198717948718,10.620123203285422
SPYG,120.9,221891445.31000626,32,32,2016-01-04,123.4,1.0206782464846982,10.620123203285422
SPYV,63.38,109875868.69171017,32,32,2016-01-04,63.78,1.0063111391606185,10.620123203285422
SPYX,62.85,2440248.392073925,32,32,2016-01-04,63.79,1.014956245027844,10.620123203285422
SQM,74.47,58760160.1516559,32,32,2016-01-04,113.52,1.5243722304283605,10.620123203285422
SR,83.13,33961301.36064708,32,32,2016-04-29,95.19,1.1450739805124504,10.302532511978097
SRCE,87.73,11254254.18191753,32,32,2016-01-04,90.82,1.0352217029522397,10.620123203285422
SRE,87.18,279974126.2934407,32,32,2016-01-04,99.75,1.144184445973847,10.620123203285422
SREA,20.51,962876.9437443,32,32,2019-06-27,28.43,1.386153096050707,7.143052703627652
SRET,22.244,728603.0204525827,32,32,2016-01-04,47.475,2.1342834022657797,10.620123203285422
SRI,7.01,1044804.61336245,32,32,2016-01-04,37.19,5.30527817403709,10.620123203285422
SRLN,40.51,51951065.43880513,32,32,2016-01-04,47.65,1.176252777092076,10.620123203285422
SRPT,18.02,49798267.62102537,32,32,2016-01-04,178.74,9.918978912319645,10.620123203285422
SRRK,54.72,47674594.706327535,32,32,2018-05-24,68.02,1.2430555555555556,8.235455167693361
SRS,39.38,403270.59489500005,32,32,2016-01-04,450.56,11.441340782122904,10.620123203285422
SRTY,21.5,35032920.17401749,32,32,2016-01-04,18688.0,869.2093023255813,10.620123203285422
SRV,48.57,2886605.740204,32,32,2016-01-04,59.84,1.232036236359893,10.620123203285422
SRVR,31.67,1735499.7129985916,32,32,2018-05-16,43.28,1.3665929902115566,8.257357973990418
SSB,110.09,87483075.41119662,32,32,2016-01-04,111.93,1.0167135979653013,10.620123203285422
SSD,189.84,48723284.67847874,32,32,2016-01-04,214.83,1.1316371681415929,10.620123203285422
SSL,11.85,12044347.1885265,32,32,2016-01-04,39.61,3.342616033755274,10.620123203285422
SSNC,80.53,123002287.92688036,32,32,2016-01-04,90.2,1.1200794734881412,10.620123203285422
SSO,70.53,179989469.27948207,32,32,2016-01-04,72.52,1.0282149439954629,10.620123203285422
SSRM,31.69,80342313.94526201,32,32,2017-08-03,35.74,1.1278005680025245,9.040383299110198
SSTI,5.9,543464.6067043575,32,32,2017-06-07,63.12,10.698305084745762,9.196440793976729
SSTK,5.37,7416634.0535535095,32,32,2016-01-04,126.02,23.467411545623836,10.620123203285422
SSUS,56.3133,717210.6764217501,32,32,2020-01-17,57.02,1.0125494332599938,6.584531143052704
SSYS,8.6,3874310.50924896,32,32,2016-01-04,54.37,6.322093023255814,10.620123203285422
ST,43.11,63727845.51538755,32,32,2016-01-04,65.0,1.507770818835537,10.620123203285422
STAA,24.64,21221916.347120874,32,32,2016-01-04,162.68,6.6022727272727275,10.620123203285422
STAG,36.58,60869636.94882485,32,32,2016-01-04,47.96,1.3110989611809734,10.620123203285422
STBA,50.75,11793990.90623478,32,32,2016-01-04,53.36,1.0514285714285714,10.620123203285422
STC,68.01,13514421.16923821,32,32,2016-01-04,80.18,1.178944272901044,10.620123203285422
STE,232.39,154372926.9330238,32,32,2016-01-04,268.65,1.1560308102758294,10.620123203285422
STEM,5.84,714701.94231348,32,32,2021-04-29,740.0,126.7123287671233,5.30321697467488
STEP,48.48,53767461.911037,32,32,2020-09-16,76.27,1.5732260726072607,5.919233401779603
STIP,100.86,74991933.27971467,32,32,2016-01-04,107.1,1.0618679357525282,10.620123203285422
STK,52.21,3035689.00389258,32,32,2016-01-04,57.68,1.1047692013024324,10.620123203285422
STLA,5.05,104383652.07993442,32,32,2021-01-19,29.4,5.821782178217822,5.577002053388091
STLD,249.81,249193920.9208657,32,32,2016-01-04,282.76,1.131900244185581,10.620123203285422
STM,52.27,611837107.8525953,32,32,2016-01-04,79.91,1.5287928065812129,10.620123203285422
STN,74.2,29576778.409740873,32,32,2016-01-04,113.7,1.5323450134770888,10.620123203285422
STNE,9.12,39407387.86095971,32,32,2018-10-25,94.09,10.316885964912283,7.813826146475017
STNG,79.34,55014524.68056482,32,32,2016-01-04,86.62,1.0917569952104864,10.620123203285422
STOK,32.14,18092275.36297005,32,32,2019-06-19,69.81,2.172059738643435,7.1649555099247095
STOT,46.835,1722714.815258075,32,32,2016-04-14,50.55,1.079321020604249,10.343600273785079
STPZ,52.68,2407802.81673842,32,32,2016-01-04,55.7,1.057327258921792,10.620123203285422
STRA,81.96,21961177.181197993,32,32,2016-01-04,188.04,2.294289897510981,10.620123203285422
STRL,554.76,364457491.2076449,32,32,2016-01-04,993.74,1.7912971375009012,10.620123203285422
STRO,22.04,7134081.45900723,32,32,2018-09-27,275.4,12.49546279491833,7.8904859685147155
STRS,19.32,1753744.5,25,25,2016-01-04,45.67,2.3638716356107663,10.620123203285422
STRT,81.78,7184601.7531485,32,32,2016-01-04,90.91,1.11164098801663,10.620123203285422
STT,191.87,355635685.4276483,32,32,2016-01-04,193.04,1.0060978787720851,10.620123203285422
STWD,16.24,64180229.89203057,32,32,2016-01-04,26.94,1.658866995073892,10.620123203285422
STX,903.68,4228665241.744259,32,32,2016-01-04,1094.04,1.2106497875354107,10.620123203285422
STZ,131.0,244879785.29193488,32,32,2016-01-04,272.8,2.0824427480916032,10.620123203285422
SU,67.68,229036930.0598316,32,32,2016-01-04,69.73,1.030289598108747,10.620123203285422
SUB,106.27,44226619.71844064,32,32,2016-01-04,108.53,1.0212665851133904,10.620123203285422
SUI,120.17,145316487.45286822,32,32,2016-01-04,210.41,1.7509361737538487,10.620123203285422
SUN,77.08,35102041.59167391,32,32,2016-01-04,77.41,1.0042812662169174,10.620123203285422
SUPN,49.03,29868582.219607748,32,32,2016-01-04,59.85,1.2206812155822966,10.620123203285422
SUSA,158.12,5086451.88553026,32,32,2017-07-13,160.21,1.013217809258791,9.097878165639973
SUSB,24.855,3495067.8327046344,32,32,2017-07-18,26.185,1.0535103600885134,9.084188911704311
SUSC,22.63,4323782.896284567,32,32,2017-07-20,28.46,1.2576226248342908,9.078713210130047
SUSL,137.32,2137709.5863245935,32,32,2019-05-10,138.93,1.0117244392659483,7.274469541409993
SUZ,7.93,22329209.60218885,32,32,2018-12-10,14.18,1.7881462799495587,7.687885010266941
SVAL,43.71,498233.4242007,32,32,2020-10-29,44.26,1.0125829329672844,5.801505817932923
SVOL,16.41,3375315.78231408,32,32,2021-05-13,28.4,1.7306520414381474,5.2648870636550305
SVXY,60.37,68801033.17693748,32,32,2016-01-04,276.42,4.578764286897466,10.620123203285422
SWAN,33.48,205179.10491022,32,32,2018-11-06,36.49,1.089904420549582,7.780971937029432
SWBI,14.17,6446234.93022459,32,32,2020-06-01,35.4,2.4982357092448835,6.2121834360027375
SWIM,6.99,3962789.0293916548,32,32,2021-04-23,32.7,4.6781115879828326,5.319644079397673
SWK,98.4,150861960.5125358,32,32,2016-01-04,220.69,2.2427845528455284,10.620123203285422
SWKS,67.43,316602669.7103239,32,32,2016-01-04,199.66,2.9609965890553163,10.620123203285422
SWX,91.71,39183400.46201914,32,32,2016-01-04,94.14,1.026496565260059,10.620123203285422
SXC,9.14,11104022.08886072,32,32,2016-01-04,14.14,1.5470459518599562,10.620123203285422
SXI,320.89,41814869.2165463,32,32,2016-01-04,357.67,1.1146187166941943,10.620123203285422
SXT,130.14,48494607.67306198,32,32,2016-01-04,133.47,1.025587828492393,10.620123203285422
SYBT,83.7,12193031.359118927,32,32,2016-01-04,88.03,1.0517323775388292,10.620123203285422
SYF,80.58,229470528.50125182,32,32,2016-01-04,88.47,1.0979151154132538,10.620123203285422
SYK,331.37,758323725.1224568,32,32,2016-01-04,403.53,1.2177626218426532,10.620123203285422
SYLD,85.765,2431170.28991165,32,32,2016-01-04,86.2961,1.006192502769195,10.620123203285422
SYNA,104.83,70766070.31013986,32,32,2016-01-04,292.85,2.7935705427835544,10.620123203285422
SYY,81.96,230277258.9020995,32,32,2016-01-04,91.16,1.1122498779892631,10.620123203285422
T,24.9,1351260141.5463395,32,32,2016-01-04,43.47,1.7457831325301205,10.620123203285422
TAC,12.47,17147848.512733832,32,32,2016-01-04,17.73,1.421812349639134,10.620123203285422
TAGS,26.3998,327163.2372368,32,32,2016-01-06,36.1481,1.3692565852771612,10.614647501711156
TAIL,10.37,1050522.07329453,32,32,2017-04-06,25.492,2.4582449373191904,9.366187542778919
TAK,18.05,67824800.51499003,32,32,2018-12-24,21.52,1.1922437673130193,7.649555099247091
TAL,12.03,35936069.32519911,32,32,2016-01-04,90.15,7.493765586034914,10.620123203285422
TALO,16.36,26300237.153090008,32,32,2018-05-10,37.47,2.2903422982885084,8.27378507871321
TAN,49.87,35810290.952469096,32,32,2016-01-04,121.94,2.4451574092640866,10.620123203285422
TAP,41.13,120978931.38972229,32,32,2016-01-04,111.25,2.7048383175297834,10.620123203285422
TARS,71.03,61709241.294156596,32,32,2020-10-16,82.51,1.161621849922568,5.83709787816564
TASK,7.38,3715556.15528969,32,32,2021-06-11,83.51,11.315718157181573,5.1854893908282
TATT,40.02,5888895.636495209,32,32,2021-03-26,61.105,1.5268615692153922,5.3963039014373715
TAXF,49.82,1709697.6468368499,32,32,2018-09-12,55.915,1.122340425531915,7.931553730321697
TAYD,55.91,1446017.2032578,32,32,2021-03-26,89.95,1.6088356286889645,5.3963039014373715
TBB,19.45,1784842.014447175,32,32,2017-11-06,27.62,1.4200514138817482,8.780287474332649
TBBK,68.32,24543522.3664987,32,32,2016-01-04,80.34,1.1759367681498831,10.620123203285422
TBF,25.64,2649511.736590785,32,32,2016-01-04,26.91,1.0495319812792512,10.620123203285422
TBI,10.51,2088464.25866901,32,32,2016-01-04,32.69,3.110371075166508,10.620123203285422
TBPH,16.95,7547189.42674795,32,32,2016-01-04,42.56,2.5109144542772865,10.620123203285422
TBT,38.88,9628681.16454864,32,32,2016-01-04,44.55,1.1458333333333333,10.620123203285422
TCBI,99.83,45538917.9261013,32,32,2016-01-04,107.74,1.07923469898828,10.620123203285422
TCBIO,20.55,225321.245413,32,32,2021-03-26,28.65,1.3941605839416058,5.3963039014373715
TCBK,56.7,15753045.036262974,32,32,2016-01-04,61.62,1.0867724867724866,10.620123203285422
TCHP,50.39,9189438.179600619,32,32,2020-08-05,53.02,1.0521928954157571,6.034223134839151
TCI,35.92,501649.85427,32,32,2021-03-26,58.91,1.6400334075723828,5.3963039014373715
TCMD,23.85,6327719.68128657,32,32,2016-07-28,76.29,3.19874213836478,10.056125941136209
TCOM,44.55,105757657.70002759,32,32,2019-11-05,78.96,1.7723905723905724,6.784394250513347
TCX,10.23,966193.167555575,32,32,2016-01-04,92.26,9.018572825024439,10.620123203285422
TD,121.97,285504042.5775842,32,32,2016-01-04,124.8,1.0232024268262687,10.620123203285422
TDC,28.47,80590113.51281422,32,32,2016-01-04,58.89,2.068493150684932,10.620123203285422
TDF,10.89,526407.428002225,32,32,2016-01-04,27.46,2.52157943067034,10.620123203285422
TDG,1233.78,412693766.9851458,32,32,2016-01-04,1620.83,1.3137107101752339,10.620123203285422
TDIV,114.39,9626401.596584339,32,32,2016-01-04,128.33,1.1218637992831542,10.620123203285422
TDOC,6.47,34275551.084126726,32,32,2016-01-04,294.54,45.52395672333849,10.620123203285422
TDS,34.17,33764803.51526296,32,32,2016-01-04,47.59,1.392742171495464,10.620123203285422
TDTF,23.36,2942541.1423944077,32,32,2016-01-04,28.59,1.22388698630137,10.620123203285422
TDTT,23.59,4234508.254483854,32,32,2016-01-04,26.735,1.1333192030521406,10.620123203285422
TDV,101.3916,459341.72079239646,32,32,2019-11-07,106.7,1.0523554219481694,6.778918548939083
TDVG,50.2,2080882.21985658,32,32,2020-08-05,50.69,1.0097609561752987,6.034223134839151
TDW,94.13,45756030.613453925,32,32,2016-01-04,108.83,1.1561670030808457,10.620123203285422
TDY,665.0,203248398.9309296,32,32,2016-01-04,691.3,1.0395488721804511,10.620123203285422
TEAM,163.0,383936122.6076338,32,32,2016-01-04,458.13,2.810613496932515,10.620123203285422
TECB,74.1989,650481.7907209999,32,32,2020-01-13,75.9,1.0229262158872976,6.595482546201232
TECH,72.22,225630703.92218637,32,32,2016-01-04,134.72,1.8654112434228745,10.620123203285422
TECK,63.91,203596744.76803836,32,32,2016-12-05,70.56,1.104052573932092,9.700205338809035
TECL,202.1,130044807.2210424,32,32,2016-01-04,273.28,1.3522018802572984,10.620123203285422
TEI,6.76,733406.1474921,32,32,2016-01-04,11.9,1.7603550295857988,10.620123203285422
TEL,204.97,464596476.4770452,32,32,2016-01-04,249.0,1.2148119236961508,10.620123203285422
TENB,36.34,117435575.6350165,32,32,2018-07-26,62.66,1.7242707760044027,8.062970568104038
TEO,13.1,3134127.4103988,32,32,2016-01-04,39.7,3.0305343511450387,10.620123203285422
TEQI,52.5061,556089.6629657957,32,32,2020-08-05,52.9593,1.0086313780684528,6.034223134839151
TER,404.29,1151119586.2599225,32,32,2016-01-04,483.84,1.1967646986074352,10.620123203285422
TEVA,36.58,164642073.90397158,32,32,2016-01-04,65.86,1.8004373974849646,10.620123203285422
TEX,64.43,75238164.80596806,32,32,2016-01-04,74.58,1.1575353096383671,10.620123203285422
TFC,52.41,338934339.05878615,32,32,2019-12-09,67.41,1.2862049227246708,6.691307323750856
TFI,44.84,18555957.229135424,32,32,2016-01-04,52.7,1.1752899197145406,10.620123203285422
TFII,140.83,41737584.57778531,32,32,2020-02-13,163.36,1.1599801178726123,6.510609171800137
TFSL,17.55,14381334.90672791,32,32,2016-01-04,22.5,1.282051282051282,10.620123203285422
TFX,131.92,70763748.81993522,32,32,2016-01-04,443.85,3.3645391146149186,10.620123203285422
TG,8.0,949654.6539386399,32,32,2016-01-04,26.25,3.28125,10.620123203285422
TGLS,39.72,9196619.216786351,32,32,2016-01-04,88.42,2.2260825780463245,10.620123203285422
TGS,27.68,5407667.655925065,32,32,2016-01-04,35.32,1.2760115606936417,10.620123203285422
TGT,152.48,498863856.51118666,32,32,2016-01-04,266.39,1.7470487932843652,10.620123203285422
TGTX,50.26,103017857.43349779,32,32,2016-01-04,59.06,1.1750895344210108,10.620123203285422
TH,17.47,16780976.85913538,32,32,2019-03-18,20.52,1.1745850028620493,7.4195756331279945
THC,270.21,227075849.5500574,32,32,2016-01-04,270.21,1.0,10.620123203285422
THD,73.45,2091955.90579761,32,32,2016-01-04,101.73,1.3850238257317904,10.620123203285422
THFF,81.72,7196938.639268445,32,32,2016-01-04,82.79,1.0130934899657367,10.620123203285422
THG,222.17,63535964.1466291,32,32,2016-01-04,232.63,1.0470810640500519,10.620123203285422
THNQ,90.58,1823112.923134095,32,32,2020-05-11,94.38,1.0419518657540296,6.269678302532512
THO,77.78,46756485.7018777,32,32,2016-01-04,157.02,2.018770892260221,10.620123203285422
THQ,19.53,3137798.371318555,32,32,2016-01-04,25.64,1.3128520225294418,10.620123203285422
THRM,42.14,14996255.62077076,32,32,2016-01-04,98.58,2.339345040341718,10.620123203285422
THW,14.14,1743528.7900951651,32,32,2016-01-04,17.81,1.2595473833097595,10.620123203285422
TIGO,87.19,122348844.02584043,32,32,2019-01-09,104.31,1.1963527927514623,7.605749486652978
TILE,38.52,13834874.842053022,32,32,2016-01-04,38.73,1.0054517133956384,10.620123203285422
TILT,283.89,720387.3024220808,32,32,2016-01-04,287.6752,1.0133333333333334,10.620123203285422
TIMB,17.28,10163646.28670821,32,32,2020-10-16,27.96,1.6180555555555556,5.83709787816564
TIP,107.02,163809170.1183855,32,32,2016-01-04,130.86,1.2227621005419549,10.620123203285422
TIPT,17.68,3601366.5812595002,32,32,2016-01-04,25.49,1.4417420814479638,10.620123203285422
TIPX,18.63,4137251.694167575,32,32,2016-01-04,21.49,1.153515834675255,10.620123203285422
TIPZ,51.055,265195.3451277236,32,32,2016-01-04,67.4087,1.3203153461952795,10.620123203285422
TITN,17.7,3060678.247835875,32,32,2016-01-04,47.46,2.68135593220339,10.620123203285422
TJX,150.85,736285410.9577682,32,32,2016-01-04,168.41,1.116407026847862,10.620123203285422
TK,12.97,5722291.580835464,32,32,2016-01-04,14.15,1.0909791827293756,10.620123203285422
TKR,129.17,112660023.10051718,32,32,2016-01-04,145.32,1.1250290315088642,10.620123203285422
TLH,96.33,94327088.84240143,32,32,2016-01-04,172.3306,1.788960863697706,10.620123203285422
TLK,14.61,10582462.654842211,32,32,2016-01-04,36.12,2.4722792607802875,10.620123203285422
TLT,81.66,2069849453.3602154,32,32,2016-01-04,171.57,2.101028655400441,10.620123203285422
TLTD,103.489,370354.8884416183,32,32,2016-01-04,104.7637,1.0123172511088134,10.620123203285422
TLTE,75.1344,227265.67055050202,32,32,2016-01-04,80.5127,1.0715823910219553,10.620123203285422
TM,188.25,70710401.23228517,32,32,2016-01-04,254.77,1.3533598937583002,10.620123203285422
TMAT,29.46,516522.9074044782,32,32,2021-01-29,31.4303,1.0668805159538357,5.549623545516769
TMDX,90.69,60682358.06335862,32,32,2019-05-02,176.11,1.9418899547910466,7.29637234770705
TME,8.79,56665668.15799001,32,32,2018-12-12,31.79,3.616609783845279,7.682409308692677
TMF,30.12,125467711.83011368,32,32,2016-01-04,515.7,17.121513944223107,10.620123203285422
TMFC,79.12,6083306.1460610805,32,32,2018-01-30,80.44,1.0166835187057632,8.54757015742642
TMHC,72.45,186977237.2662003,14,14,2016-01-04,74.8,1.0324361628709453,10.620123203285422
TMO,589.04,1020137691.0173662,32,32,2016-01-04,667.24,1.1327583865272308,10.620123203285422
TMP,100.25,8682331.810344985,32,32,2016-01-04,101.54,1.0128678304239402,10.620123203285422
TMUS,182.75,796143071.1231692,32,32,2016-01-04,272.83,1.4929138166894664,10.620123203285422
TMV,43.6,23968062.963484764,32,32,2016-01-04,69.25,1.588302752293578,10.620123203285422
TNA,73.5,269660331.3078281,32,32,2016-01-04,111.84,1.5216326530612245,10.620123203285422
TNC,66.26,12362909.411311552,32,32,2016-01-04,122.92,1.8551162088741322,10.620123203285422
TNDM,23.73,32703945.641497068,32,32,2016-01-04,153.21,6.456384323640961,10.620123203285422
TNET,69.84,22530208.422356375,32,32,2016-01-04,133.56,1.9123711340206184,10.620123203285422
TNK,89.1,23581177.762919564,32,32,2016-01-04,89.11,1.0001122334455668,10.620123203285422
TNL,72.26,54405017.76326889,32,32,2021-02-17,78.74,1.08967616938832,5.49760438056126
TOL,142.86,119828196.62017706,32,32,2016-01-04,167.8,1.1745765084698305,10.620123203285422
TOLZ,59.6246,338365.6161651183,32,32,2016-01-04,62.22,1.0435290131925412,10.620123203285422
TOTL,38.82,15386308.293279711,32,32,2016-01-04,50.35,1.2970118495620815,10.620123203285422
TOWN,37.63,21013897.189919934,32,32,2016-01-04,38.76,1.030029231995748,10.620123203285422
TPB,86.5,26093027.04391049,32,32,2016-05-11,142.98,1.6529479768786126,10.269678302532512
TPC,91.73,44269151.49495603,32,32,2016-01-04,99.11,1.0804535048511936,10.620123203285422
TPHD,43.7,735578.919656576,32,32,2019-05-01,43.9459,1.0056270022883296,7.299110198494182
TPIF,38.4,908917.1923869201,32,32,2019-12-03,38.92,1.0135416666666668,6.707734428473648
TPL,365.36,122395798.21514007,32,32,2016-01-04,576.6667,1.5783520363477117,10.620123203285422
TPLC,51.23,764843.4376147918,32,32,2019-05-01,51.9,1.0130782744485654,7.299110198494182
TPOR,40.51,730379.3937679301,32,32,2017-05-03,58.82,1.451987163663293,9.292265571526352
TPR,132.26,328354723.68928766,32,32,2017-10-31,164.78,1.2458793285951915,8.796714579055442
TPSC,48.5788,839357.2120497576,32,32,2019-12-03,49.32,1.0152576844220111,6.707734428473648
TPVG,5.5,956985.4348182401,32,32,2016-01-04,19.05,3.463636363636364,10.620123203285422
TPYP,43.74,1838924.1439734502,32,32,2016-01-04,44.38,1.0146319158664838,10.620123203285422
TQQQ,72.53,4361424832.137941,32,32,2016-01-04,87.22,1.2025368812905004,10.620123203285422
TR,40.51,6193395.42120192,32,32,2016-01-04,44.81,1.1061466304616145,10.620123203285422
TRC,16.38,2064593.18806658,32,32,2016-01-04,27.8,1.6971916971916974,10.620123203285422
TREE,31.25,8746379.391763777,32,32,2016-01-04,433.34,13.866879999999998,10.620123203285422
TREX,47.73,83432532.97453575,32,32,2016-01-04,140.68,2.947412528807878,10.620123203285422
TRGP,297.77,300328382.6105852,32,32,2016-01-04,297.77,1.0,10.620123203285422
TRI,100.89,166473906.73324028,32,32,2021-03-26,214.21,2.1232034889483598,5.3963039014373715
TRIN,18.15,18140779.926377133,32,32,2021-01-29,20.11,1.1079889807162535,5.549623545516769
TRIP,10.23,39431804.30171503,32,32,2016-01-04,82.98,8.111436950146627,10.620123203285422
TRMB,56.99,137176476.1854983,32,32,2016-01-04,95.72,1.679592911037024,10.620123203285422
TRMD,30.2,13539256.50688719,32,32,2018-02-23,40.45,1.339403973509934,8.48186173853525
TRMK,47.69,15593623.719759949,32,32,2016-01-04,48.52,1.0174040679387713,10.620123203285422
TRN,29.67,23032215.403789558,32,32,2016-01-04,39.45,1.3296258847320526,10.620123203285422
TRNO,68.5,51911207.12004965,32,32,2016-01-04,85.29,1.245109489051095,10.620123203285422
TRNS,90.97,11358429.597764496,32,32,2016-01-04,144.07,1.583708915026932,10.620123203285422
TROW,110.32,208619741.07414144,32,32,2016-01-04,223.87,2.0292784626540974,10.620123203285422
TROX,5.54,15149753.953632584,32,32,2016-01-04,27.42,4.949458483754513,10.620123203285422
TRP,64.02,126792952.05774179,32,32,2016-01-04,70.91,1.1076226179318962,10.620123203285422
TRS,38.81,16555140.233040161,32,32,2016-01-04,45.03,1.1602679721721205,10.620123203285422
TRST,57.34,6362923.7064635,32,32,2016-01-04,57.78,1.0076735263341472,10.620123203285422
TRTX,7.9,5724634.04253301,32,32,2017-07-20,20.95,2.651898734177215,9.078713210130047
TRTY,31.6,315897.33460027,32,32,2018-09-12,31.75,1.004746835443038,7.931553730321697
TRU,79.47,147431163.92839497,32,32,2016-01-04,124.72,1.5693972568264754,10.620123203285422
TRUP,29.97,9355277.35135917,32,32,2016-01-04,155.41,5.185518852185519,10.620123203285422
TRV,367.93,631664921.6990823,32,32,2016-01-04,397.22,1.0796075340418014,10.620123203285422
TS,52.95,60427984.67593111,32,32,2016-01-04,64.02,1.2090651558073653,10.620123203285422
TSBK,46.81,1260089.5322818924,32,32,2016-01-04,46.81,1.0,10.620123203285422
TSCO,34.72,326998559.7741622,32,32,2016-01-04,62.65,1.8044354838709677,10.620123203285422
TSEM,240.55,385330637.99515545,32,32,2016-01-04,316.85,1.3171897734358762,10.620123203285422
TSLA,336.87,12096586847.715097,32,32,2016-01-04,489.88,1.4542108231662065,10.620123203285422
TSLX,18.54,8449819.25889183,32,32,2016-01-04,25.1,1.353829557713053,10.620123203285422
TSM,413.41,5064101483.994936,32,32,2016-01-04,477.57,1.1551970199075976,10.620123203285422
TSN,57.99,152940680.0738418,32,32,2016-01-04,99.09,1.7087428867046042,10.620123203285422
TSPA,48.25,18191973.375677712,32,32,2021-06-09,49.04,1.0163730569948186,5.190965092402464
TSQ,5.71,400606.84968507,32,32,2016-01-04,14.75,2.583187390542907,10.620123203285422
TT,463.37,414361021.4957453,32,32,2020-03-02,503.46,1.0865183330815547,6.461327857631759
TTC,96.37,50692881.565023616,32,32,2016-01-04,116.51,1.2089861990245927,10.620123203285422
TTD,13.42,266379919.77664062,32,32,2016-09-21,139.51,10.395678092399404,9.905544147843942
TTE,89.29,110847711.83219004,32,32,2021-06-11,93.6,1.0482696830552132,5.1854893908282
TTEK,35.4,82082169.27589557,32,32,2016-01-04,50.52,1.4271186440677968,10.620123203285422
TTMI,125.71,309947015.4003846,32,32,2016-01-04,221.47,1.7617532415877815,10.620123203285422
TTT,77.5591,216234.21883294743,32,32,2016-01-04,149.2572,1.9244318203795558,10.620123203285422
TTWO,242.4,462665224.0623549,32,32,2016-01-04,262.29,1.0820544554455447,10.620123203285422
TU,9.67,63669476.596181154,32,32,2016-01-04,27.4,2.8335056876938984,10.620123203285422
TUR,39.61,2278535.993881075,32,32,2016-01-04,47.12,1.189598586215602,10.620123203285422
TVC,24.09,213704.24478500002,32,32,2016-01-04,28.87,1.1984225819842258,10.620123203285422
TVTX,63.9,76211462.90754467,32,32,2020-11-19,63.9,1.0,5.7440109514031485
TW,105.47,114134642.3789374,32,32,2016-01-04,149.02,1.4129136247274108,10.620123203285422
TWI,6.42,3634503.38663851,32,32,2016-01-04,19.6,3.0529595015576327,10.620123203285422
TWIN,24.95,2063677.725076835,32,32,2016-01-04,31.34,1.2561122244488978,10.620123203285422
TWLO,232.1,386948290.18974173,32,32,2016-06-23,443.49,1.910771219302025,10.151950718685832
TWM,20.82,11116648.778241694,32,32,2016-01-04,1081.8,51.95965417867435,10.620123203285422
TWN,95.74,3161545.5194361396,32,32,2016-01-04,101.53,1.0604762899519533,10.620123203285422
TWO,11.99,21286132.19834258,32,32,2016-01-04,83.76,6.98582151793161,10.620123203285422
TWST,116.1,124794320.17544144,32,32,2018-10-31,207.97,1.79130060292851,7.797399041752224
TX,53.69,27070378.66821009,32,32,2016-01-04,56.19,1.0465636058856398,10.620123203285422
TXG,55.63,122339757.30725995,32,32,2019-09-12,202.37,3.637785367607406,6.93223819301848
TXN,272.24,2112103292.4347262,32,32,2016-01-04,332.28,1.2205406993828973,10.620123203285422
TXRH,203.39,156782691.0411713,32,32,2016-01-04,214.28,1.0535424553812873,10.620123203285422
TXT,87.13,120975280.7332769,32,32,2016-01-04,100.77,1.1565476873637095,10.620123203285422
TY,35.23,863118.60491158,32,32,2016-01-04,36.06,1.0235594663638945,10.620123203285422
TYD,22.69,338311.142915562,32,32,2016-01-04,70.24,3.0956368444248565,10.620123203285422
TYG,44.5,5965115.970713384,32,32,2016-01-04,147.92,3.3240449438202244,10.620123203285422
TYL,332.21,213273315.47479886,32,32,2016-01-04,646.74,1.946780650793173,10.620123203285422
TZOO,7.0,662671.41275766,32,32,2016-01-04,23.84,3.4057142857142857,10.620123203285422
U,46.74,266217734.85379416,32,32,2020-09-18,201.12,4.302952503209243,5.9137577002053385
UAA,5.07,47203491.95325733,32,32,2016-12-07,32.99,6.506903353057199,9.69472963723477
UAE,19.56,2895912.05899012,32,32,2016-01-04,22.23,1.1365030674846626,10.620123203285422
UAL,118.72,482672224.28929365,32,32,2016-01-04,136.11,1.1464791105121295,10.620123203285422
UAN,121.11,4520494.002637001,32,32,2016-01-04,174.32,1.43935265461151,10.620123203285422
UAUG,42.95,653304.5196,32,32,2019-08-01,43.14,1.0044237485448195,7.047227926078029
UBER,74.66,1164726062.300664,32,32,2019-05-10,100.1,1.340744709349049,7.274469541409993
UBOT,23.71,310192.00741452,32,32,2018-04-19,55.5605,2.3433361450864614,8.331279945242985
UBS,52.97,86058070.96016234,32,32,2016-01-04,55.07,1.0396450821219558,10.620123203285422
UBSI,48.77,43008890.66995263,32,32,2016-01-04,49.37,1.0123026450686896,10.620123203285422
UBT,14.71,491004.28989936004,32,32,2016-01-04,77.73,5.284160435078178,10.620123203285422
UCO,44.16,119749591.98051031,32,32,2016-01-04,241.3125,5.464504076086957,10.620123203285422
UCON,24.67,11186601.158427551,32,32,2018-06-05,26.83,1.0875557357113903,8.202600958247775
UCTT,81.82,119225094.78160675,32,32,2016-01-04,142.59,1.742727939379125,10.620123203285422
UCYB,87.9927,521965.86129836005,32,32,2021-03-26,97.1407,1.1039631696720296,5.3963039014373715
UDEC,42.47,320620.41839999997,32,32,2019-12-02,42.61,1.0032964445490935,6.71047227926078
UDN,18.18,1058711.48470858,32,32,2016-01-04,23.24,1.2783278327832783,10.620123203285422
UDOW,73.13,100878151.75639115,32,32,2016-01-04,77.55,1.060440311773554,10.620123203285422
UDR,37.09,104788055.15715021,32,32,2016-01-04,60.79,1.6389862496629817,10.620123203285422
UE,21.71,17450854.09135731,32,32,2016-01-04,30.15,1.3887609396591432,10.620123203285422
UFCS,53.64,7688404.120205525,32,32,2016-01-04,60.97,1.1366517524235644,10.620123203285422
UFEB,39.27,378949.91780055,32,32,2020-02-03,39.39,1.00305576776165,6.537987679671458
UFI,8.09,673501.0271647,32,32,2016-01-04,38.86,4.803461063040791,10.620123203285422
UFO,47.16,20041600.52605,32,32,2019-04-11,67.805,1.4377650551314676,7.353867214236824
UFPI,87.2,36549018.815007254,32,32,2016-01-04,139.02,1.5942660550458716,10.620123203285422
UFPT,313.99,49593798.794995405,32,32,2016-01-04,358.42,1.1415013216981433,10.620123203285422
UGA,125.28,3771866.5105095953,32,32,2016-01-04,125.28,1.0,10.620123203285422
UGE,19.5306,334394.07325175,32,32,2016-01-04,31.3005,1.6026389358237842,10.620123203285422
UGI,38.39,44953560.649346665,32,32,2016-01-04,58.96,1.5358166189111748,10.620123203285422
UGL,50.63,74833841.09420702,32,32,2016-01-04,85.62,1.6910922378036737,10.620123203285422
UHAL,72.35,11749312.54204544,32,32,2016-01-04,78.4,1.0836212854181067,10.620123203285422
UHS,173.09,122905876.08116615,32,32,2016-01-04,244.18,1.4107111907100351,10.620123203285422
UHT,40.4,4088794.14151872,32,32,2016-01-04,130.37,3.226980198019802,10.620123203285422
UI,583.13,45027712.43873005,32,32,2019-08-20,1084.5,1.8597911271929073,6.995208761122519
UITB,46.085,5268146.04447096,32,32,2017-10-26,54.88,1.190843007486167,8.810403832991103
UJAN,46.07,421248.91575129185,32,32,2019-01-02,46.1903,1.0026112437594965,7.624914442162902
UJUL,41.38,1090895.540990375,32,32,2018-08-08,41.5598,1.004345094248429,8.02737850787132
UJUN,39.18,540595.21373193,32,32,2019-06-03,39.38,1.0051046452271568,7.208761122518823
UL,62.03,220490116.29418272,32,32,2016-01-04,74.59,1.2024826696759632,10.620123203285422
ULCC,6.15,24932291.25678279,32,32,2021-04-01,21.91,3.56260162601626,5.379876796714579
ULH,19.28,641999.51961323,32,32,2016-05-02,52.28,2.7116182572614105,10.294318959616701
ULTA,516.74,262407752.6390017,32,32,2016-01-04,706.82,1.3678445639973682,10.620123203285422
UMAR,42.925,243392.57042499998,32,32,2020-03-02,43.0316,1.0024834012813046,6.461327857631759
UMAY,38.6011,224951.28699304,32,32,2020-05-01,38.73,1.003339283077425,6.297056810403833
UMBF,149.98,79471426.19533603,32,32,2016-01-04,152.04,1.0137351646886252,10.620123203285422
UMC,18.48,312916443.6578845,32,32,2016-01-04,28.01,1.5156926406926408,10.620123203285422
UMH,16.14,7653320.725010274,32,32,2016-01-04,27.33,1.6933085501858733,10.620123203285422
UMI,62.27,772591.7471894401,32,32,2021-03-24,62.27,1.0,5.401779603011636
UNF,286.5,40176386.3995038,32,32,2016-01-04,301.19,1.0512739965095985,10.620123203285422
UNFI,46.86,22184397.564173788,32,32,2016-01-04,55.61,1.1867264191207854,10.620123203285422
UNG,10.1,79749269.57734467,32,32,2016-01-04,157.28,15.572277227722774,10.620123203285422
UNH,393.93,1914927283.7186642,32,32,2016-01-04,625.25,1.5872109257989997,10.620123203285422
UNIT,9.91,20483124.59843556,32,32,2017-02-27,29.24,2.950554994954591,9.470225872689939
UNL,5.8956,206480.6595339208,32,32,2016-01-04,28.38,4.813759413800122,10.620123203285422
UNM,89.77,120234469.69303638,32,32,2016-01-04,93.33,1.0396569009691434,10.620123203285422
UNMA,21.31,432552.66607499996,32,32,2018-06-19,28.05,1.3162834350070391,8.164271047227926
UNP,298.74,717124091.8575647,32,32,2016-01-04,307.32,1.0287206266318538,10.620123203285422
UNTY,60.17,3370396.76595434,32,32,2016-01-04,61.82,1.0274223034734917,10.620123203285422
UOCT,41.88,266343.66367221496,32,32,2018-10-01,41.925,1.0010744985673352,7.879534565366187
UPRO,151.19,277841207.50339603,32,32,2016-01-04,157.68,1.0429261194523447,10.620123203285422
UPS,101.93,474122483.0665576,32,32,2016-01-04,232.11,2.2771509859707644,10.620123203285422
UPST,29.11,107836757.96272331,32,32,2020-12-16,390.0,13.397457918241155,5.670088980150582
UPW,22.3271,283353.6096279576,32,32,2016-01-04,26.78,1.1994392464762553,10.620123203285422
UPWK,8.49,28977055.708764512,32,32,2018-10-03,60.7,7.149587750294464,7.874058863791923
URA,43.62,119158706.03129217,32,32,2016-01-04,61.81,1.4170105456212747,10.620123203285422
URBN,74.59,69667709.59459427,32,32,2016-01-04,82.7,1.1087277114894758,10.620123203285422
URGN,48.92,31817695.938640818,32,32,2017-05-04,65.33,1.3354456255110383,9.289527720739219
URI,1116.38,494854736.2331199,32,32,2016-01-04,1164.82,1.0433902434654865,10.620123203285422
URNM,53.9,19968155.2219141,32,32,2019-12-04,83.99,1.558256029684601,6.704996577686516
URTH,208.74,72505551.47785802,32,32,2016-01-04,211.51,1.0132700967711028,10.620123203285422
URTY,85.53,31166513.227642372,32,32,2016-01-04,133.34,1.5589851514088624,10.620123203285422
USA,6.01,8819521.826952957,32,32,2016-01-04,9.21,1.5324459234608987,10.620123203285422
USAC,26.67,5462626.90551232,32,32,2016-01-04,30.3,1.1361079865016872,10.620123203285422
USAI,47.76,368859.56724691467,32,32,2017-12-13,48.8598,1.0230276381909549,8.678986995208762
USAU,14.61,3372507.730133805,32,32,2017-06-26,31.1,2.128678986995209,9.144421629021219
USB,64.79,450113512.5054286,32,32,2016-01-04,65.42,1.0097237227967277,10.620123203285422
USCI,104.7296,1046486.656191,32,32,2016-01-04,104.7421,1.0001193549865557,10.620123203285422
USDU,26.43,4882622.28327015,32,32,2016-01-04,30.12,1.1396140749148695,10.620123203285422
USEP,41.94,202264.25,32,32,2019-09-03,41.94,1.0,6.95687885010267
USFD,106.91,234819709.87802815,32,32,2016-05-26,110.94,1.0376952576933869,10.22861054072553
USHY,36.785,328088732.25084466,32,32,2017-10-26,41.9183,1.139548729101536,8.810403832991103
USIG,50.165,91339084.57485405,32,32,2018-08-01,62.21,1.2401076447722517,8.046543463381246
USL,52.199,473078.3908531664,32,32,2016-01-04,56.53,1.0829709381405774,10.620123203285422
USLM,117.91,15691247.405312344,32,32,2016-01-04,157.45,1.3353405139513188,10.620123203285422
USMC,76.2431,4601485.363250395,32,32,2017-10-12,76.8072,1.0073987023087991,8.848733744010952
USMF,53.8098,765798.4543936937,32,32,2017-06-29,54.47,1.0122691405654731,9.136208076659821
USMV,100.52,196616676.20712048,32,32,2016-01-04,101.37,1.008456028651015,10.620123203285422
USNA,13.21,2387150.01877123,32,32,2016-01-04,136.25,10.314155942467826,10.620123203285422
USO,130.66,753340425.4158843,32,32,2016-01-04,152.96,1.17067197305985,10.620123203285422
USOI,46.51,8738156.394419275,32,32,2017-04-26,612.19,13.16254568909912,9.311430527036277
USPH,78.21,16253224.477846099,32,32,2016-01-04,147.0,1.8795550441120064,10.620123203285422
USRT,66.66,29125022.407767057,32,32,2016-11-03,69.82,1.0474047404740474,9.787816563997263
USSG,71.9417,807855.6078502799,32,32,2019-03-07,72.7572,1.0113355675498354,7.449691991786447
USTB,50.46,11357653.6857254,32,32,2017-10-26,52.025,1.0310146650812524,8.810403832991103
USVM,110.6469,4073363.289514414,32,32,2017-10-26,112.3213,1.0151328234229788,8.810403832991103
USXF,68.64,3020707.849366424,32,32,2020-06-18,70.4239,1.0259892191142193,6.165639972621492
UTES,75.94,9961334.470966225,32,32,2016-01-04,87.52,1.1524888069528576,10.620123203285422
UTF,27.17,5975588.013805404,32,32,2016-01-04,29.83,1.0979020979020977,10.620123203285422
UTG,39.38,9840601.55601371,32,32,2016-01-04,43.66,1.1086846114779074,10.620123203285422
UTHR,518.27,226954705.79135543,32,32,2016-01-04,596.76,1.1514461574083008,10.620123203285422
UTI,25.03,39067871.715497255,32,32,2016-01-04,51.2,2.045545345585298,10.620123203285422
UTL,53.92,5311354.857411809,32,32,2016-01-04,64.81,1.20196587537092,10.620123203285422
UTMD,72.0,1669800.8254438802,32,32,2016-01-04,124.71,1.7320833333333332,10.620123203285422
UTSL,40.86,4682791.111751805,32,32,2017-05-03,59.72,1.4615761135584924,9.292265571526352
UTZ,14.16,23586453.83019384,32,32,2020-08-31,30.03,2.120762711864407,5.963039014373717
UUP,28.14,47596410.67593162,32,32,2016-01-04,30.67,1.089907604832978,10.620123203285422
UVE,42.91,8332253.740972355,32,32,2016-01-04,49.6,1.1559077138196225,10.620123203285422
UVSP,42.95,9832333.72664138,32,32,2016-01-04,45.21,1.0526193247962747,10.620123203285422
UVV,44.43,11779862.338120248,32,32,2016-01-04,81.35,1.830970065271213,10.620123203285422
UWM,66.62,16299910.234684117,32,32,2016-01-04,68.78,1.032422695887121,10.620123203285422
UYG,98.59,1369527.5703372,32,32,2016-01-04,104.01,1.054975149609494,10.620123203285422
UYM,30.4325,211334.77271614497,32,32,2016-01-04,33.87,1.1129549001889427,10.620123203285422
V,364.25,2618003875.838092,32,32,2016-01-04,373.31,1.02487302676733,10.620123203285422
VABK,47.11,291188.69016625,32,32,2021-04-05,47.91,1.0169815325833156,5.368925393566051
VAC,115.04,43001844.27188462,32,32,2016-01-04,188.09,1.6349965229485395,10.620123203285422
VAL,86.37,73384175.54199985,32,32,2021-05-03,113.42,1.3131874493458375,5.292265571526352
VALE,13.68,304425728.5013536,32,32,2016-01-04,22.94,1.6769005847953218,10.620123203285422
VALQ,72.0902,271797.90728671,32,32,2018-01-16,72.7334,1.0089221558547488,8.58590006844627
VAW,231.6,8755088.347652018,32,32,2016-01-04,244.13,1.0541018998272884,10.620123203285422
VB,303.63,123078304.71857832,32,32,2016-01-04,309.29,1.0186411092448047,10.620123203285422
VBF,14.62,839179.702161635,32,32,2016-01-04,21.78,1.4897400820793436,10.620123203285422
VBK,358.41,61958190.17446866,32,32,2016-01-04,366.24,1.0218464886582406,10.620123203285422
VBND,42.765,764571.1648996,32,32,2016-01-04,52.31,1.2231965392260027,10.620123203285422
VBR,247.39,55690066.448010206,32,32,2016-01-04,251.66,1.017260196450948,10.620123203285422
VC,105.56,44876830.20269988,32,32,2016-01-04,171.28,1.6225843122394847,10.620123203285422
VCEB,61.36,3822817.626472472,32,32,2020-09-24,76.34,1.2441329856584094,5.897330595482546
VCEL,44.26,20448198.64802941,32,32,2016-01-04,67.81,1.5320831450519659,10.620123203285422
VCIT,81.07,659788963.5859605,32,32,2016-01-04,97.17,1.1985938078204021,10.620123203285422
VCLT,71.46,260565299.7662868,32,32,2016-01-04,112.96,1.58074447243213,10.620123203285422
VCR,391.22,17766702.872084036,32,32,2016-01-04,412.7,1.0549051684474209,10.620123203285422
VCSH,78.62,253036923.11949068,32,32,2016-01-04,83.25,1.0588908674637496,10.620123203285422
VCTR,117.77,50403977.99820598,32,32,2018-02-08,118.81,1.0088307718434237,8.522929500342231
VCV,10.6,986177.4215836,32,32,2016-01-04,14.82,1.3981132075471698,10.620123203285422
VCYT,40.68,51617318.59282982,32,32,2016-01-04,81.38,2.000491642084562,10.620123203285422
VDC,232.12,28054089.02202975,32,32,2016-01-04,244.19,1.051998966052042,10.620123203285422
VDE,179.21,73691522.80573395,32,32,2016-01-04,179.21,1.0,10.620123203285422
VEA,72.39,654896537.6683102,32,32,2016-01-04,73.69,1.017958281530598,10.620123203285422
VECO,50.91,45635691.61069557,32,32,2016-01-04,83.04,1.6311137301119625,10.620123203285422
VEEV,242.75,330637810.91261554,32,32,2016-01-04,341.0,1.4047373841400619,10.620123203285422
VEGI,44.2473,1187853.61030837,32,32,2016-01-04,50.15,1.1334024900954407,10.620123203285422
VEGN,77.66,401959.43555190903,32,32,2019-09-10,82.2619,1.0592570177697656,6.937713894592744
VEL,18.03,1727732.751283375,32,32,2020-01-17,20.76,1.151414309484193,6.584531143052704
VEON,56.09,4149336.4217335097,32,32,2017-03-31,110.0,1.9611338919593508,9.382614647501711
VERA,32.28,62626722.97835713,32,32,2021-05-14,55.67,1.7245972738537794,5.262149212867898
VERX,12.83,29411206.15818221,32,32,2020-07-29,58.95,4.594699922057678,6.053388090349076
VET,12.23,13112864.362292591,32,32,2016-01-04,44.48,3.636958299264104,10.620123203285422
VEU,84.43,202763908.32333001,32,32,2016-01-04,85.85,1.016818666350823,10.620123203285422
VFC,14.31,103889209.40977788,32,32,2016-01-04,100.23,7.0041928721174,10.620123203285422
VFH,141.56,56181635.07629754,32,32,2016-01-04,142.74,1.008335688047471,10.620123203285422
VFL,10.31,306589.62472,5,5,2016-01-04,14.97,1.451988360814743,10.620123203285422
VFMF,186.09,8928286.027652849,32,32,2018-02-15,187.4806,1.0074727282497717,8.503764544832306
VFMO,235.46,13955347.74074045,32,32,2018-02-15,249.51,1.0596704323451966,8.503764544832306
VFMV,146.06,1830032.60458519,32,32,2018-02-15,146.9615,1.0061721210461454,8.503764544832306
VFQY,177.733,1129857.8772798134,32,32,2018-02-15,179.3611,1.0091603697681353,8.503764544832306
VFVA,160.7193,2871882.796273539,32,32,2018-02-15,162.5094,1.0111380524927622,8.503764544832306
VGI,7.28,265806.38633854,32,32,2016-01-04,18.87,2.592032967032967,10.620123203285422
VGIT,58.4,147136058.11725253,32,32,2016-01-04,70.85,1.2131849315068493,10.620123203285422
VGK,91.55,170655642.1635052,32,32,2016-01-04,92.6,1.0114691425450573,10.620123203285422
VGLT,52.52,97154249.69686848,32,32,2016-01-04,105.03,1.9998095963442497,10.620123203285422
VGM,10.31,1458567.5443350002,32,32,2016-01-04,14.96,1.4510184287099903,10.620123203285422
VGSH,58.15,145815318.1889705,32,32,2016-01-04,62.34,1.072055030094583,10.620123203285422
VHC,14.535,245922.514481785,32,32,2016-01-04,165.0,11.351909184726521,10.620123203285422
VHT,318.84,65131685.18955211,32,32,2016-01-04,318.84,1.0,10.620123203285422
VIAV,41.37,174064825.44366455,32,32,2016-01-04,55.33,1.3374425912496979,10.620123203285422
VICI,25.91,210424278.43547818,32,32,2018-02-01,35.53,1.3712852180625241,8.542094455852157
VICR,242.41,193058642.33632725,32,32,2016-01-04,379.78,1.5666845427168845,10.620123203285422
VIDI,39.81,382180.8455678901,32,32,2016-01-04,41.67,1.0467219291635268,10.620123203285422
VIG,244.48,223235444.82157505,32,32,2016-01-04,246.61,1.0087123691099478,10.620123203285422
VIGI,97.81,24777124.416387618,32,32,2016-03-02,99.66,1.0189142214497495,10.461327857631758
VINP,9.21,283368.3670981,32,32,2021-01-28,19.4,2.106406080347448,5.552361396303901
VIOG,150.6556,3556939.13782255,32,32,2016-01-04,153.9797,1.0220642312665444,10.620123203285422
VIOO,136.84,8974238.25286381,32,32,2016-01-04,139.48,1.0192926045016075,10.620123203285422
VIOV,118.66,4711527.259042872,32,32,2016-01-04,120.7575,1.0176765548626328,10.620123203285422
VIPS,14.21,24942568.72065932,32,32,2016-01-04,45.58,3.207600281491907,10.620123203285422
VIR,9.49,13789603.039864875,32,32,2019-10-11,83.07,8.753424657534246,6.852840520191649
VIRT,61.05,66628960.863186926,32,32,2016-01-04,66.82,1.0945126945126944,10.620123203285422
VIS,352.33,22460577.945137672,32,32,2016-01-04,360.38,1.0228478982771834,10.620123203285422
VIST,69.74,57170048.29025504,32,32,2019-07-26,79.25,1.1363636363636365,7.063655030800821
VITL,11.01,17658890.319460727,32,32,2020-07-31,52.41,4.760217983651226,6.047912388774812
VIV,11.29,14511924.933007466,32,32,2016-01-04,17.2,1.5234720992028343,10.620123203285422
VIXM,14.3,3061480.44569905,32,32,2016-01-04,66.66,4.661538461538461,10.620123203285422
VKI,8.91,686290.9465595,32,32,2016-01-04,13.56,1.5218855218855218,10.620123203285422
VKQ,9.76,1731088.2143425,32,32,2016-01-04,14.24,1.459016393442623,10.620123203285422
VKTX,33.37,61607938.64156246,32,32,2016-01-04,94.5,2.8318849265807615,10.620123203285422
VLGEA,43.02,1792328.7641484349,32,32,2016-01-04,47.17,1.096466759646676,10.620123203285422
VLO,350.05,767916271.8467778,32,32,2016-01-04,350.05,1.0,10.620123203285422
VLRS,7.35,4018937.0204285798,32,32,2016-01-04,22.84,3.107482993197279,10.620123203285422
VLU,247.9485,1322421.328627294,32,32,2016-01-04,250.6229,1.0107861108254335,10.620123203285422
VLUE,200.57,114517699.63616452,32,32,2016-01-04,204.59,1.020042877798275,10.620123203285422
VLY,14.86,86585333.43142147,32,32,2016-01-04,15.19,1.0222072678331091,10.620123203285422
VMBS,46.17,53254716.240847275,32,32,2016-01-04,54.66,1.1838856400259907,10.620123203285422
VMC,271.65,237192128.70530677,32,32,2016-01-04,330.37,1.2161605006442113,10.620123203285422
VMD,9.12,3776073.74019238,32,32,2019-08-09,12.33,1.3519736842105265,7.025325119780972
VMI,487.36,92490853.4967687,32,32,2016-01-04,583.55,1.1973695009848981,10.620123203285422
VMO,9.7,1979951.6321093799,32,32,2016-01-04,15.1,1.556701030927835,10.620123203285422
VNDA,5.44,4785918.63281764,32,32,2016-01-04,31.47,5.784926470588235,10.620123203285422
VNET,6.58,24768537.65161907,32,32,2016-01-04,42.6,6.474164133738602,10.620123203285422
VNM,17.11,10074159.94740655,32,32,2016-01-04,21.53,1.2583284628872007,10.620123203285422
VNO,37.75,56884806.5534832,32,32,2016-01-04,110.85,2.9364238410596024,10.620123203285422
VNOM,43.57,63353637.66044549,32,32,2016-01-04,56.55,1.2979114069313746,10.620123203285422
VNQ,97.62,287768738.9382591,32,32,2016-01-04,116.01,1.1883835279655808,10.620123203285422
VNQI,45.0541,9002162.888252033,32,32,2016-01-04,65.14,1.4458173617939323,10.620123203285422
VNT,32.04,44565665.22367023,32,32,2020-10-09,45.36,1.4157303370786518,5.856262833675565
VOD,16.13,57662171.38478242,32,32,2016-01-04,34.69,2.1506509609423436,10.620123203285422
VOE,208.96,46100300.64234212,32,32,2016-01-04,211.01,1.0098104900459417,10.620123203285422
VONE,347.61,22611649.732010253,32,32,2016-01-04,352.36,1.01366473921924,10.620123203285422
VONG,126.7,109568549.25968927,32,32,2016-01-04,132.52,1.045935280189424,10.620123203285422
VONV,112.59,65306572.76359144,32,32,2016-01-04,113.42,1.007371880273559,10.620123203285422
VOO,705.4,3650926327.0120487,32,32,2016-01-04,714.95,1.0135384179189113,10.620123203285422
VOOV,228.47,14325050.768002145,32,32,2016-01-04,229.87,1.0061277191753841,10.620123203285422
VOR,23.28,18334909.979608797,32,32,2021-02-05,1081.6,46.46048109965635,5.530458590006845
VOT,306.44,58403449.56098685,32,32,2016-01-04,314.02,1.0247356741939695,10.620123203285422
VOX,184.36,40797686.47671075,32,32,2016-01-04,200.36,1.0867867216315903,10.620123203285422
VOYA,100.16,92426935.03859714,32,32,2016-01-04,101.52,1.0135782747603834,10.620123203285422
VPG,67.79,48584356.94346943,32,32,2016-01-04,149.91,2.2113881103407578,10.620123203285422
VPL,113.18,40038057.24362749,32,32,2016-01-04,120.73,1.066707898922071,10.620123203285422
VPU,190.24,41701725.3163636,32,32,2016-01-04,205.87,1.082159377628259,10.620123203285422
VPV,11.13,282442.54868052,32,32,2016-01-04,14.52,1.3045822102425875,10.620123203285422
VRDN,23.93,36965117.16134901,32,32,2021-01-20,37.6,1.5712494776431258,5.574264202600959
VREX,18.46,3862975.393005315,32,32,2017-01-30,43.43,2.3526543878656554,9.546885694729637
VRNS,43.72,68662300.57608405,32,32,2016-01-04,73.41,1.6790942360475754,10.620123203285422
VRP,24.1,10599594.19965662,32,32,2016-01-04,26.47,1.0983402489626555,10.620123203285422
VRSK,178.86,291046413.8778523,32,32,2016-01-04,321.33,1.7965447836296542,10.620123203285422
VRSN,276.74,207383736.38824326,32,32,2016-01-04,310.0,1.12018501120185,10.620123203285422
VRT,272.54,1229039064.9272788,32,32,2020-02-10,376.23,1.3804579144345783,6.5188227241615335
VRTS,166.81,21024093.87918555,32,32,2016-01-04,333.46,1.999040824890594,10.620123203285422
VRTX,528.19,613573493.3793983,32,32,2016-01-04,529.65,1.0027641568375014,10.620123203285422
VSAT,76.07,150825212.93449003,32,32,2016-01-04,94.25,1.238990403575654,10.620123203285422
VSDA,60.2645,387153.328074002,32,32,2017-04-18,60.6558,1.0064930431680343,9.333333333333334
VSEC,235.53,87248428.33922698,32,32,2016-01-04,243.48,1.0337536619538912,10.620123203285422
VSGX,82.2,11009416.75750007,32,32,2018-09-20,83.74,1.0187347931873478,7.909650924024641
VSH,33.52,187888513.54011816,32,32,2016-01-04,64.9,1.9361575178997614,10.620123203285422
VSLU,48.6,794964.3119899001,32,32,2021-04-30,49.28,1.013991769547325,5.300479123887748
VSMV,60.9554,229526.96954408527,32,32,2017-06-22,61.4499,1.008112488803289,9.155373032169747
VSS,157.49,23423062.54137457,32,32,2016-01-04,162.68,1.032954473299892,10.620123203285422
VST,140.52,615059118.5157889,32,32,2017-05-10,217.92,1.5508112724167376,9.273100616016427
VSTM,7.43,13539387.820298783,32,32,2016-01-04,119.64,16.10228802153432,10.620123203285422
VT,160.06,374601435.693936,32,32,2016-01-04,162.39,1.014557041109584,10.620123203285422
VTC,75.026,4105645.28277673,32,32,2017-11-09,94.6,1.260896222642817,8.772073921971252
VTEB,49.53,339298632.1347435,32,32,2016-01-04,55.59,1.1223500908540278,10.620123203285422
VTHR,339.28,7155693.094711257,32,32,2016-01-04,344.12,1.0142655034190051,10.620123203285422
VTI,379.04,1121571412.1575766,32,32,2016-01-04,384.3,1.0138771633600676,10.620123203285422
VTIP,49.76,104319753.5030167,32,32,2016-01-04,52.8,1.0610932475884245,10.620123203285422
VTN,10.92,240668.70665414503,32,32,2016-01-04,16.58,1.5183150183150182,10.620123203285422
VTOL,45.89,8189558.7956457585,32,32,2020-06-12,50.01,1.0897799084767923,6.182067077344285
VTR,91.2,280145703.3535112,32,32,2016-01-04,100.53,1.1023026315789473,10.620123203285422
VTRS,16.17,160796603.39264116,32,32,2020-11-17,18.74,1.1589363017934444,5.749486652977413
VTV,226.32,603776551.5032,32,32,2016-01-04,227.51,1.0052580417108519,10.620123203285422
VTVT,31.48,2496069.5174803752,32,32,2021-03-26,137.6,4.371029224904701,5.3963039014373715
VTWG,283.43,4404040.038144374,32,32,2016-01-04,288.7691,1.0188374554563737,10.620123203285422
VTWO,121.37,135213929.61215246,32,32,2016-01-04,123.31,1.0159841806047623,10.620123203285422
VTWV,198.0794,5303868.050604985,32,32,2016-01-04,200.77,1.0135834417915242,10.620123203285422
VUSE,73.3298,510214.19310023193,32,32,2016-01-04,74.4002,1.0145970669495892,10.620123203285422
VV,353.58,70654839.71163091,32,32,2016-01-04,358.35,1.013490582046496,10.620123203285422
VVV,33.63,71445294.5860245,32,32,2016-09-23,47.6,1.415402914064823,9.900068446269678
VWO,59.64,405851778.6174468,32,32,2016-01-04,61.24,1.0268276324614354,10.620123203285422
VWOB,65.83,27820130.37155273,32,32,2016-01-04,83.27,1.2649248063193073,10.620123203285422
VXF,245.82,72284096.69188341,32,32,2016-01-04,250.6,1.019445122447319,10.620123203285422
VXUS,86.44,388640930.1129328,32,32,2016-01-04,87.87,1.0165432670060157,10.620123203285422
VXZ,50.35,697218.73972195,32,32,2016-01-04,221.12,4.3916583912611715,10.620123203285422
VYM,165.55,181395320.307384,32,32,2016-01-04,167.03,1.0089398973119903,10.620123203285422
VYMI,103.98,78895690.71974397,32,32,2016-03-02,105.05,1.010290440469321,10.461327857631758
VZ,48.54,1054445361.8575009,32,32,2016-01-04,62.07,1.2787391841779976,10.620123203285422
W,101.69,255510888.91312754,32,32,2016-01-04,345.47,3.397285868816993,10.620123203285422
WAB,294.72,269828868.81220514,32,32,2016-01-04,305.79,1.0375610749185666,10.620123203285422
WABC,59.19,9002946.230494216,32,32,2016-01-04,68.58,1.1586416624429803,10.620123203285422
WAFD,37.46,20767025.01568068,32,32,2016-01-04,39.32,1.0496529631607048,10.620123203285422
WAL,80.75,65504003.23633683,32,32,2016-01-04,122.78,1.5204953560371517,10.620123203285422
WANT,40.71,764716.5624346752,32,32,2018-11-29,106.53,2.6168017686072216,7.7180013689253935
WASH,40.15,5036463.834020735,32,32,2016-01-04,62.8,1.564134495641345,10.620123203285422
WAT,401.25,298086251.02080023,32,32,2016-01-04,424.7,1.058442367601246,10.620123203285422
WB,7.59,5680348.678605005,32,32,2016-01-04,139.74,18.41106719367589,10.620123203285422
WBIY,38.4386,209826.45195591077,32,32,2016-12-22,38.7848,1.009006571519254,9.653661875427789
WBS,77.97,318533712.05087686,32,32,2016-01-04,79.12,1.0147492625368733,10.620123203285422
WCBR,41.3,1863055.1031794078,32,32,2021-01-28,43.8,1.0605326876513317,5.552361396303901
WCC,349.16,211563979.07828254,32,32,2016-01-04,374.52,1.0726314583572,10.620123203285422
WCLD,40.21,30869943.648036048,32,32,2019-09-06,65.33,1.624720218851032,6.9486652977412735
WCN,165.53,208293609.49905986,32,32,2016-01-04,199.95,1.2079381381018546,10.620123203285422
WD,39.71,13127078.741644502,32,32,2016-01-04,154.9,3.90078065978343,10.620123203285422
WDAY,190.635,625648085.3987925,32,32,2016-01-04,307.21,1.611508904450914,10.620123203285422
WDC,496.16,4235487479.821866,32,32,2016-01-04,746.23,1.504010802966785,10.620123203285422
WDFC,230.01,26330714.499577038,32,32,2016-01-04,332.29,1.4446763184209384,10.620123203285422
WDIV,84.6729,455698.367125531,32,32,2016-01-04,85.367,1.0081974279846326,10.620123203285422
WEA,10.4999,221854.055677635,32,32,2016-01-04,14.82,1.4114420137334642,10.620123203285422
WEAT,24.71,11166541.199897949,32,32,2016-01-04,61.8,2.5010117361392146,10.620123203285422
WEBL,27.51,4143959.12064809,32,32,2019-11-07,97.27,3.53580516175936,6.778918548939083
WEBS,15.4,845750.825608465,32,32,2019-11-07,4793.0,311.23376623376623,6.778918548939083
WEC,111.05,216099782.58715042,32,32,2016-01-04,118.85,1.0702386312471859,10.620123203285422
WELL,235.44,672122599.9077921,32,32,2018-02-28,252.07,1.070633707101597,8.46817248459959
WEN,8.44,58106137.60042345,32,32,2016-01-04,28.87,3.4206161137440763,10.620123203285422
WERN,38.43,43383150.02822678,32,32,2016-01-04,49.45,1.2867551392141556,10.620123203285422
WES,49.8,36641920.68406211,32,32,2016-01-04,66.0,1.3253012048192772,10.620123203285422
WEX,191.73,98329607.03926829,32,32,2016-01-04,242.22,1.2633390705679863,10.620123203285422
WEYS,45.41,726329.7580875,32,32,2016-01-04,46.88,1.032371724289804,10.620123203285422
WF,70.58,9266722.981270825,32,32,2016-01-04,84.47,1.1967979597619722,10.620123203285422
WFC,87.4,1149906045.6590223,32,32,2016-01-04,96.39,1.1028604118993135,10.620123203285422
WFG,67.25,13729109.202073129,32,32,2021-02-01,101.99,1.5165799256505574,5.541409993155373
WFRD,92.05,85592347.76424506,32,32,2021-06-02,134.26,1.4585551330798479,5.210130047912389
WGO,31.32,16024478.781262528,32,32,2016-01-04,87.53,2.7946998722860794,10.620123203285422
WH,73.36,100942175.57898341,32,32,2018-06-01,111.91,1.5254907306434025,8.213552361396303
WHD,73.13,43505463.7649561,32,32,2018-02-08,73.45,1.004375769178176,8.522929500342231
WHF,7.05,338047.55476448,32,32,2016-01-04,16.7,2.368794326241135,10.620123203285422
WHG,19.57,320604.37194900005,32,32,2016-01-04,70.84,3.6198262646908534,10.620123203285422
WHR,39.27,81741804.71780887,32,32,2016-01-04,252.95,6.44130379424497,10.620123203285422
WIA,7.98,230063.54278306,32,32,2016-01-04,14.5,1.8170426065162906,10.620123203285422
WINA,343.33,15027089.397364412,32,32,2016-01-04,517.89,1.508432120700201,10.620123203285422
WING,114.55,156220142.3776325,32,32,2016-01-04,428.85,3.7437800087298125,10.620123203285422
WIP,39.3782,1364766.553449268,32,32,2016-01-04,60.04,1.5247014845777613,10.620123203285422
WIW,8.35,2134620.116115355,32,32,2016-01-04,13.89,1.6634730538922158,10.620123203285422
WIX,77.16,69183892.57850602,32,32,2016-01-04,353.09,4.576075686884396,10.620123203285422
WK,70.1,44181770.75832255,32,32,2016-01-04,160.85,2.2945791726105567,10.620123203285422
WKEY,6.4,299687.300866755,32,32,2019-12-27,102.6,16.031249999999996,6.6420260095824775
WLDN,84.54,19200441.196743183,32,32,2016-01-04,134.94,1.5961674946770759,10.620123203285422
WLDR,47.6143,535571.8324964456,32,32,2018-01-17,48.7224,1.0232724202602999,8.583162217659138
WLK,77.52,70343311.20772664,32,32,2016-01-04,162.06,2.0905572755417956,10.620123203285422
WLKP,21.7,601248.492143905,32,32,2016-01-04,29.2,1.3456221198156681,10.620123203285422
WM,223.58,395836363.7545754,32,32,2016-01-04,246.51,1.1025583683692637,10.620123203285422
WMB,75.13,447605458.9094167,32,32,2016-01-04,79.4,1.0568348196459472,10.620123203285422
WMG,26.3,59363703.285882354,32,32,2020-06-03,49.53,1.8832699619771862,6.206707734428473
WMK,70.31,11444846.662871,32,32,2016-01-04,94.45,1.3433366519698478,10.620123203285422
WMS,144.1,94813198.86479542,32,32,2016-01-04,179.24,1.2438584316446912,10.620123203285422
WMT,115.2,2273055402.336435,32,32,2016-01-04,134.2,1.1649305555555554,10.620123203285422
WNC,12.04,11702403.06911977,32,32,2016-01-04,30.01,2.492524916943522,10.620123203285422
WNEB,13.96,604995.202843,32,32,2016-10-24,14.81,1.060888252148997,9.815195071868583
WOOD,70.856,785886.9461618776,32,32,2016-01-04,97.39,1.374477814158293,10.620123203285422
WOR,56.99,12538992.74201856,32,32,2016-01-04,76.85,1.3484821898578696,10.620123203285422
WPC,71.04,94376768.38517582,32,32,2016-01-04,93.45,1.315456081081081,10.620123203285422
WPM,132.7,190885772.3846372,32,32,2017-05-16,165.72,1.2488319517709119,9.256673511293634
WPP,26.4,8059442.1600617645,32,32,2016-01-04,102.48,3.8818181818181823,10.620123203285422
WRB,70.17,118997815.15249693,32,32,2016-01-04,78.46,1.1181416559783381,10.620123203285422
WRLD,189.1,19403592.053393405,32,32,2016-01-04,259.0,1.3696456901110523,10.620123203285422
WSBC,42.21,34120817.28319415,32,32,2016-01-04,50.93,1.2065861170338783,10.620123203285422
WSBF,21.18,1273259.3156627151,32,32,2016-01-04,22.66,1.0698772426817753,10.620123203285422
WSC,22.85,52831644.86335294,32,32,2017-11-30,53.05,2.321663019693654,8.714579055441478
WSFS,81.69,33370808.960848197,32,32,2016-01-04,82.29,1.0073448402497247,10.620123203285422
WSM,241.39,189125341.87139738,32,32,2016-01-04,251.78,1.0430423795517627,10.620123203285422
WSO,313.65,135880683.26284492,32,32,2016-01-04,568.78,1.8134226048142834,10.620123203285422
WSR,18.99,13201050.19059942,6,6,2016-01-04,19.08,1.004739336492891,10.620123203285422
WST,346.59,218980525.96193397,32,32,2016-01-04,471.34,1.3599353703222827,10.620123203285422
WTBA,29.14,1606838.6823100152,32,32,2016-01-04,33.77,1.1588881262868909,10.620123203285422
WTFC,158.86,99452595.58714584,32,32,2016-01-04,166.9,1.0506106005287674,10.620123203285422
WTM,2145.46,40427383.246383235,32,32,2016-01-04,2319.41,1.081078183699533,10.620123203285422
WTMF,41.73,844320.2537825949,32,32,2017-12-18,41.88,1.0035945363048169,8.6652977412731
WTRG,40.35,72268683.70329154,32,32,2020-02-03,54.07,1.3400247831474597,6.537987679671458
WTS,375.8,64925910.076495394,32,32,2016-01-04,392.23,1.0437200638637574,10.620123203285422
WTTR,21.09,30958546.394868396,32,32,2017-04-21,22.26,1.0554765291607398,9.325119780971937
WU,7.21,60488398.39193908,32,32,2016-01-04,28.3,3.925104022191401,10.620123203285422
WVE,5.29,14956491.825439211,32,32,2016-01-04,55.2,10.434782608695652,10.620123203285422
WW,13.89,1984397.6578516052,32,32,2021-03-26,44.89,3.2318214542836574,5.3963039014373715
WWD,366.2,201510449.90357184,32,32,2016-01-04,436.44,1.191807755324959,10.620123203285422
WWJD,40.1885,2337000.9327305253,32,32,2019-10-01,40.67,1.0119810393520536,6.880219028062971
WWW,19.99,15247505.400986984,32,32,2016-01-04,44.12,2.207103551775888,10.620123203285422
WY,23.61,121391638.14423692,32,32,2016-01-04,42.57,1.8030495552731893,10.620123203285422
WYNN,101.29,129772136.21010035,32,32,2016-01-04,201.51,1.9894362720900383,10.620123203285422
XAR,290.43,50599354.8341302,32,32,2016-01-04,296.73,1.0216919739696313,10.620123203285422
XBI,160.11,1193222923.3468046,32,32,2016-01-04,173.99,1.0866904003497595,10.620123203285422
XCEM,49.53,7165173.667109219,32,32,2016-01-04,54.96,1.1096305269533615,10.620123203285422
XDQQ,40.0185,228595.772587765,32,32,2021-04-01,40.9234,1.022612041930607,5.379876796714579
XDSQ,44.3598,282734.8318994675,32,32,2021-04-01,44.6648,1.0068755945698582,5.379876796714579
XEL,79.17,358202369.40366566,32,32,2016-01-04,83.91,1.059871163319439,10.620123203285422
XENE,63.18,45909722.09595663,32,32,2016-01-04,70.96,1.1231402342513452,10.620123203285422
XES,123.56,7103399.807199895,32,32,2016-01-04,237.2,1.919715118161217,10.620123203285422
XFLT,19.34,1411866.22232007,32,32,2017-09-27,57.5,2.9731127197518097,8.889801505817934
XHB,105.95,216091891.56144792,32,32,2016-01-04,125.54,1.1848985370457763,10.620123203285422
XHE,94.9218,1409455.3407257502,32,32,2016-01-04,133.34,1.4047352662928854,10.620123203285422
XHR,19.27,12039061.272393836,32,32,2016-01-04,25.74,1.3357550596782564,10.620123203285422
XHS,134.08,2843550.0656018555,32,32,2016-01-04,137.73,1.0272225536992838,10.620123203285422
XJH,52.2335,619297.4923874941,32,32,2020-09-24,53.1684,1.0178984751165439,5.897330595482546
XJR,52.1716,367821.63907339773,32,32,2020-09-24,53.3864,1.023284698954987,5.897330595482546
XLB,51.78,542390840.4516861,32,32,2016-01-04,53.62,1.0355349555813054,10.620123203285422
XLC,110.48,617508161.3749168,32,32,2018-06-19,120.08,1.0868935553946415,8.164271047227926
XLE,63.68,1591976979.908233,32,32,2016-01-04,63.68,1.0,10.620123203285422
XLF,57.84,1736828495.9395657,32,32,2016-01-04,58.26,1.0072614107883817,10.620123203285422
XLG,62.39,53109305.646301106,32,32,2016-01-04,64.59,1.035262061227761,10.620123203285422
XLI,183.57,1059222192.830581,32,32,2016-01-04,186.51,1.0160156888380454,10.620123203285422
XLK,185.62,1415557996.7079716,32,32,2016-01-04,198.21,1.0678267428078871,10.620123203285422
XLP,85.58,875584174.229282,32,32,2016-01-04,90.01,1.0517644309418088,10.620123203285422
XLRE,44.63,215228956.15800342,32,32,2016-01-04,51.81,1.1608783329598924,10.620123203285422
XLSR,66.1851,2744013.559345791,32,32,2019-04-03,67.0956,1.0137568727704573,7.3757700205338805
XLU,44.02,808206528.0985079,32,32,2016-01-04,47.73,1.0842798727850975,10.620123203285422
XLV,169.73,1492027400.4016027,32,32,2016-01-04,169.73,1.0,10.620123203285422
XLY,116.36,787602464.7948017,32,32,2016-01-04,124.52,1.0701271914747335,10.620123203285422
XME,113.63,187499493.29736996,32,32,2016-01-04,132.83,1.1689694622898883,10.620123203285422
XMHQ,118.57,16815184.059818953,32,32,2019-06-24,119.88,1.0110483258834444,7.151266255989048
XMLV,68.2496,1012075.5631962675,32,32,2016-01-04,69.852,1.0234785258814705,10.620123203285422
XMMO,161.12,56387048.31038257,32,32,2019-06-24,173.82,1.0788232373386295,7.151266255989048
XMPT,21.65,819514.665995904,32,32,2016-01-04,30.48,1.4078521939953812,10.620123203285422
XMVM,75.397,1828181.3060065336,32,32,2019-06-24,75.7776,1.0050479462047561,7.151266255989048
XNCR,25.41,19547486.91316635,32,32,2016-01-04,53.88,2.1204250295159386,10.620123203285422
XNTK,357.62,13661354.711847384,32,32,2017-09-11,390.65,1.0923606062300766,8.933607118412047
XOM,165.56,2145046594.9409866,32,32,2016-01-04,171.47,1.0356970282676974,10.620123203285422
XOMA,40.17,12281839.715571478,6,6,2016-01-04,45.61,1.1354244461040577,10.620123203285422
XOP,185.35,496958949.9261364,32,32,2016-01-04,188.18,1.0152684111141086,10.620123203285422
XP,15.84,63042086.04063295,32,32,2019-12-11,51.17,3.2304292929292933,6.685831622176591
XPEL,49.73,8874589.95530349,32,32,2019-07-19,101.4,2.0390106575507745,7.082819986310746
XPER,6.47,2741311.62089652,32,32,2017-02-23,41.0,6.3369397217928904,9.481177275838467
XPEV,11.74,82075829.27044271,32,32,2020-08-27,72.17,6.147359454855196,5.973990417522245
XPH,72.45,6567598.1779982,32,32,2016-01-04,72.45,1.0,10.620123203285422
XPO,202.72,180219788.2582038,32,32,2016-01-04,228.37,1.1265292028413576,10.620123203285422
XRAY,11.11,65090197.2188122,32,32,2016-01-04,69.12,6.221422142214222,10.620123203285422
XRT,87.13,366917170.41064966,32,32,2016-01-04,104.16,1.1954550671410535,10.620123203285422
XSD,517.74,39237956.96741211,32,32,2016-01-04,649.73,1.2549349094139917,10.620123203285422
XSHD,14.29,379139.70725745,32,32,2016-12-01,26.95,1.8859342197340798,9.711156741957563
XSHQ,48.81,762739.17756179,32,32,2017-04-06,50.01,1.0245851259987706,9.366187542778919
XSLV,53.3938,275428.27581313497,32,32,2016-01-04,54.32,1.017346583311171,10.620123203285422
XSMO,87.76,21517782.0656714,32,32,2019-06-24,93.63,1.0668869644484957,7.151266255989048
XSOE,46.585,3640684.01304186,32,32,2016-01-06,51.0508,1.0958634753676075,10.614647501711156
XSVM,70.7975,1611165.173188665,32,32,2019-06-24,72.7188,1.027137963911155,7.151266255989048
XSW,197.0381,7704961.77299625,32,32,2016-01-04,205.24,1.0416259596494284,10.620123203285422
XT,82.19,5676293.27980924,32,32,2016-01-04,84.23,1.0248205377783186,10.620123203285422
XTL,215.44,8728569.02046581,32,32,2016-01-04,247.62,1.1493687337541776,10.620123203285422
XTN,108.31,3161634.169151391,32,32,2016-01-04,117.71,1.086787923552765,10.620123203285422
XVV,58.66,680292.5009140591,32,32,2020-09-24,59.59,1.0158540743266282,5.897330595482546
XYL,113.94,211524190.80272633,32,32,2016-01-04,152.95,1.3423731788660698,10.620123203285422
XYLD,41.65,23762681.406544335,32,32,2020-08-21,51.13,1.2276110444177672,5.990417522245037
XYLG,29.5,375323.0763509712,32,32,2020-09-22,33.71,1.1427118644067797,5.90280629705681
YALA,5.56,1292716.6892769,32,32,2020-09-30,40.62,7.305755395683454,5.880903490759754
YANG,29.53,20219692.99029254,32,32,2016-01-04,8691.5,294.3278022350152,10.620123203285422
YCL,17.88,629401.2907595383,32,32,2016-01-04,77.07,4.310402684563758,10.620123203285422
YCS,55.08,1304243.0637389226,32,32,2016-01-04,57.9,1.05119825708061,10.620123203285422
YELP,23.36,25054835.85938379,32,32,2016-01-04,52.07,2.22902397260274,10.620123203285422
YETI,43.24,59976447.11707509,32,32,2018-10-25,107.73,2.4914431082331174,7.813826146475017
YEXT,6.01,4694684.01596115,32,32,2017-04-13,26.85,4.467554076539102,9.347022587268993
YINN,28.53,31315658.53500072,32,32,2016-01-04,1076.0,37.71468629512793,10.620123203285422
YLD,18.925,2523921.60437687,32,32,2016-01-04,21.095,1.114663143989432,10.620123203285422
YLDE,57.4738,552516.02408075,32,32,2021-03-26,57.888,1.007206762037659,5.3963039014373715
YORW,33.36,3922434.08740934,32,32,2016-01-04,53.39,1.6004196642685853,10.620123203285422
YPF,50.68,52296482.46845393,32,32,2016-01-04,56.35,1.111878453038674,10.620123203285422
YUM,144.86,405876676.35943913,32,32,2016-01-04,168.16,1.1608449537484467,10.620123203285422
YUMC,46.86,70091305.6204727,32,32,2016-11-01,69.4,1.481007255655143,9.793292265571527
YYY,11.43,2890727.5314427502,32,32,2016-01-04,19.97,1.747156605424322,10.620123203285422
Z,34.57,116134020.5871608,32,32,2016-01-04,199.9,5.782470350014464,10.620123203285422
ZBH,99.15,219932104.71211767,32,32,2016-01-04,178.61,1.8014120020171458,10.620123203285422
ZBRA,366.42,206372175.7778707,32,32,2016-01-04,614.55,1.6771737350581297,10.620123203285422
ZETA,28.23,169554920.69190854,32,32,2021-06-10,36.74,1.3014523556500177,5.188227241615332
ZG,35.28,39419954.97108349,32,32,2016-01-04,203.79,5.776360544217686,10.620123203285422
ZIM,28.49,25391344.601672173,32,32,2021-01-28,88.62,3.110565110565111,5.552361396303901
ZION,70.93,100700806.2707988,32,32,2016-01-04,74.31,1.0476526152544763,10.620123203285422
ZLAB,25.57,17239769.58391221,32,32,2017-09-20,191.71,7.49745795854517,8.908966461327857
ZM,104.71,282613382.32425654,32,32,2019-04-18,568.34,5.4277528411804035,7.3347022587268995
ZROZ,57.41,38466810.570528105,32,32,2016-01-04,189.98,3.309179585438077,10.620123203285422
ZS,185.7,369297320.78188324,32,32,2018-03-16,368.78,1.985891222401723,8.424366872005475
ZSL,25.62,58547321.49309856,32,32,2016-01-04,10337.6,403.4972677595628,10.620123203285422
ZTO,23.13,33914195.23321994,32,32,2016-10-27,38.64,1.6705577172503243,9.806981519507186
ZTR,6.76,895163.772525555,32,32,2016-01-04,14.11,2.087278106508876,10.620123203285422
ZTS,73.96,418436061.2571528,32,32,2016-01-04,247.03,3.340048674959438,10.620123203285422
ZUMZ,18.05,3633400.6658342853,32,32,2016-01-04,54.63,3.0265927977839335,10.620123203285422
ZYME,26.07,10927742.669648824,32,32,2017-04-28,56.81,2.179133103183736,9.305954825462011
