{"body": "885fb49d9836d0848caf6a28f514b6e1145fc0953737a4bcc8ed66cdde64226c", "event": "cold_exact", "tick": 651632, "world": "74da84ef674a7e92e2206e10d2d7218c75c04b8dbb472b79f410ee7323952a2f"}
{"edges": [{"bond": ["474c4e4c494e4531000000000000268e", "474c4e4c494e4531000000000000269c", 0, 50, 0, 1, 500, 1], "motor_contacts": [["474c4e4c494e453100000000000000c5", "474c4e4c494e4531000000000000269c", 0, 50, 0, 1, 500, 1], ["474c4e4c494e453100000000000000e1", "474c4e4c494e4531000000000000269c", 0, 50, 0, 1, 500, 1], ["474c4e4c494e453100000000000000fd", "474c4e4c494e4531000000000000269c", 0, 50, 0, 1, 500, 1], ["474c4e4c494e45310000000000000509", "474c4e4c494e4531000000000000269c", 0, 50, 0, 1, 500, 1]], "ordering": "474c4e4c494e4531000000000000269c"}], "event": "recall_input", "originals": 227, "pending_tick": 651632, "scope": "actual runtime two-posture recall, not full word or production", "source_tick": 651632}
{"after": 651633, "before": 651632, "consumed_self": 4000, "event": "native", "intervals": [{"breath": [], "motor": [], "nonzero_pressure": 3996, "pressure_samples": 4000, "tick": 651633, "work": []}], "method": "advance_coexisting_admitted_interval_unsealed", "milliseconds": 910.5360779940384}
{"actual_sense_counts": [135, 34, 28, 8, 5, 26], "event": "native_roster", "source_ports": [186, 34, 16]}
{"after": 651633, "before": 651632, "consumed_physical_return_tick": 651632, "cue": false, "event": "physical", "external_guided_vocal_axis_count": 0, "external_heard_sample_count": 0, "guided": false, "intervals": 1, "milliseconds": 959.8135520063806, "pending_physical_return_tick": null, "physical_return_source_count": 1, "self_heard_sample_count": 4000, "self_hearing_source_tick": 651632, "stage": "finish-existing-lesson", "vestibular_return_consumed": false, "world_revision": 310118}
{"after": 651634, "before": 651633, "consumed_self": 4000, "event": "native", "intervals": [{"breath": [], "motor": [], "nonzero_pressure": 3995, "pressure_samples": 4000, "tick": 651634, "work": []}], "method": "advance_coexisting_admitted_interval_unsealed", "milliseconds": 859.3949760033865}
{"actual_sense_counts": [135, 34, 28, 8, 5, 10], "event": "native_roster", "source_ports": [220]}
{"after": 651634, "before": 651633, "consumed_physical_return_tick": null, "cue": false, "event": "physical", "external_guided_vocal_axis_count": 0, "external_heard_sample_count": 0, "guided": false, "intervals": 1, "milliseconds": 989.9354809967917, "pending_physical_return_tick": null, "physical_return_source_count": 0, "self_heard_sample_count": 4000, "self_hearing_source_tick": 651633, "stage": "finish-existing-lesson", "vestibular_return_consumed": false, "world_revision": 310119}
{"after": 651635, "before": 651634, "consumed_self": 4000, "event": "native", "intervals": [{"breath": [], "motor": [], "nonzero_pressure": 3997, "pressure_samples": 4000, "tick": 651635, "work": []}], "method": "advance_coexisting_admitted_interval_unsealed", "milliseconds": 740.0920319996658}
{"actual_sense_counts": [135, 34, 28, 8, 5, 10], "event": "native_roster", "source_ports": [220]}
{"after": 651635, "before": 651634, "consumed_physical_return_tick": null, "cue": false, "event": "physical", "external_guided_vocal_axis_count": 0, "external_heard_sample_count": 0, "guided": false, "intervals": 1, "milliseconds": 842.256700998405, "pending_physical_return_tick": null, "physical_return_source_count": 0, "self_heard_sample_count": 4000, "self_hearing_source_tick": 651634, "stage": "finish-existing-lesson", "vestibular_return_consumed": false, "world_revision": 310120}
{"after": 651636, "before": 651635, "consumed_self": 4000, "event": "native", "intervals": [{"breath": [], "motor": [], "nonzero_pressure": 3997, "pressure_samples": 4000, "tick": 651636, "work": []}], "method": "advance_coexisting_admitted_interval_unsealed", "milliseconds": 721.24654900108}
{"actual_sense_counts": [135, 34, 28, 8, 5, 10], "event": "native_roster", "source_ports": [220]}
{"after": 651636, "before": 651635, "consumed_physical_return_tick": null, "cue": false, "event": "physical", "external_guided_vocal_axis_count": 0, "external_heard_sample_count": 0, "guided": false, "intervals": 1, "milliseconds": 809.0190109942341, "pending_physical_return_tick": null, "physical_return_source_count": 0, "self_heard_sample_count": 4000, "self_hearing_source_tick": 651635, "stage": "finish-existing-lesson", "vestibular_return_consumed": false, "world_revision": 310121}
{"after": 651637, "before": 651636, "consumed_self": 4000, "event": "native", "intervals": [{"breath": [], "motor": [], "nonzero_pressure": 3992, "pressure_samples": 4000, "tick": 651637, "work": []}], "method": "advance_coexisting_admitted_interval_unsealed", "milliseconds": 635.1149300026009}
{"actual_sense_counts": [135, 34, 28, 8, 5, 10], "event": "native_roster", "source_ports": [220]}
{"after": 651637, "before": 651636, "consumed_physical_return_tick": null, "cue": false, "event": "physical", "external_guided_vocal_axis_count": 0, "external_heard_sample_count": 0, "guided": false, "intervals": 1, "milliseconds": 724.3440559977898, "pending_physical_return_tick": null, "physical_return_source_count": 0, "self_heard_sample_count": 4000, "self_hearing_source_tick": 651636, "stage": "finish-existing-lesson", "vestibular_return_consumed": false, "world_revision": 310122}
{"after": 651638, "before": 651637, "consumed_self": 4000, "event": "native", "intervals": [{"breath": [], "motor": [], "nonzero_pressure": 3662, "pressure_samples": 4000, "tick": 651638, "work": []}], "method": "advance_coexisting_admitted_interval_unsealed", "milliseconds": 718.3254109986592}
{"actual_sense_counts": [135, 34, 28, 8, 5, 10], "event": "native_roster", "source_ports": [220]}
{"after": 651638, "before": 651637, "consumed_physical_return_tick": null, "cue": false, "event": "physical", "external_guided_vocal_axis_count": 0, "external_heard_sample_count": 0, "guided": false, "intervals": 1, "milliseconds": 816.3580629989156, "pending_physical_return_tick": null, "physical_return_source_count": 0, "self_heard_sample_count": 4000, "self_hearing_source_tick": 651637, "stage": "finish-existing-lesson", "vestibular_return_consumed": false, "world_revision": 310123}
{"after": 651639, "before": 651638, "consumed_self": 4000, "event": "native", "intervals": [{"breath": [], "motor": [], "nonzero_pressure": 3786, "pressure_samples": 4000, "tick": 651639, "work": []}], "method": "advance_coexisting_admitted_interval_unsealed", "milliseconds": 662.1721039991826}
{"actual_sense_counts": [135, 34, 28, 8, 5, 10], "event": "native_roster", "source_ports": [220]}
{"after": 651639, "before": 651638, "consumed_physical_return_tick": null, "cue": false, "event": "physical", "external_guided_vocal_axis_count": 0, "external_heard_sample_count": 0, "guided": false, "intervals": 1, "milliseconds": 779.934908998257, "pending_physical_return_tick": null, "physical_return_source_count": 0, "self_heard_sample_count": 4000, "self_hearing_source_tick": 651638, "stage": "finish-existing-lesson", "vestibular_return_consumed": false, "world_revision": 310124}
{"after": 651640, "before": 651639, "consumed_self": 4000, "event": "native", "intervals": [{"breath": [], "motor": [], "nonzero_pressure": 3788, "pressure_samples": 4000, "tick": 651640, "work": []}], "method": "advance_coexisting_admitted_interval_unsealed", "milliseconds": 762.8467329996056}
{"actual_sense_counts": [135, 34, 28, 8, 5, 10], "event": "native_roster", "source_ports": [220]}
{"after": 651640, "before": 651639, "consumed_physical_return_tick": null, "cue": false, "event": "physical", "external_guided_vocal_axis_count": 0, "external_heard_sample_count": 0, "guided": false, "intervals": 1, "milliseconds": 853.6655960051576, "pending_physical_return_tick": null, "physical_return_source_count": 0, "self_heard_sample_count": 4000, "self_hearing_source_tick": 651639, "stage": "finish-existing-lesson", "vestibular_return_consumed": false, "world_revision": 310125}
{"after": 651641, "before": 651640, "consumed_self": 4000, "event": "native", "intervals": [{"breath": [], "motor": [], "nonzero_pressure": 3788, "pressure_samples": 4000, "tick": 651641, "work": []}], "method": "advance_coexisting_admitted_interval_unsealed", "milliseconds": 631.720066005073}
{"actual_sense_counts": [135, 34, 28, 8, 5, 10], "event": "native_roster", "source_ports": [220]}
{"after": 651641, "before": 651640, "consumed_physical_return_tick": null, "cue": false, "event": "physical", "external_guided_vocal_axis_count": 0, "external_heard_sample_count": 0, "guided": false, "intervals": 1, "milliseconds": 732.0936989999609, "pending_physical_return_tick": null, "physical_return_source_count": 0, "self_heard_sample_count": 4000, "self_hearing_source_tick": 651640, "stage": "finish-existing-lesson", "vestibular_return_consumed": false, "world_revision": 310126}
{"after": 651642, "before": 651641, "consumed_self": 4000, "event": "native", "intervals": [{"breath": [], "motor": [], "nonzero_pressure": 3789, "pressure_samples": 4000, "tick": 651642, "work": []}], "method": "advance_coexisting_admitted_interval_unsealed", "milliseconds": 721.5562899946235}
{"actual_sense_counts": [135, 34, 28, 8, 5, 10], "event": "native_roster", "source_ports": [220]}
{"after": 651642, "before": 651641, "consumed_physical_return_tick": null, "cue": false, "event": "physical", "external_guided_vocal_axis_count": 0, "external_heard_sample_count": 0, "guided": false, "intervals": 1, "milliseconds": 837.5028469963581, "pending_physical_return_tick": null, "physical_return_source_count": 0, "self_heard_sample_count": 4000, "self_hearing_source_tick": 651641, "stage": "finish-existing-lesson", "vestibular_return_consumed": false, "world_revision": 310127}
{"after": 651643, "before": 651642, "consumed_self": 4000, "event": "native", "intervals": [{"breath": [], "motor": [], "nonzero_pressure": 3788, "pressure_samples": 4000, "tick": 651643, "work": []}], "method": "advance_coexisting_admitted_interval_unsealed", "milliseconds": 657.7317609990132}
{"actual_sense_counts": [135, 34, 28, 8, 5, 10], "event": "native_roster", "source_ports": [220]}
{"after": 651643, "before": 651642, "consumed_physical_return_tick": null, "cue": false, "event": "physical", "external_guided_vocal_axis_count": 0, "external_heard_sample_count": 0, "guided": false, "intervals": 1, "milliseconds": 748.6423029986327, "pending_physical_return_tick": null, "physical_return_source_count": 0, "self_heard_sample_count": 4000, "self_hearing_source_tick": 651642, "stage": "finish-existing-lesson", "vestibular_return_consumed": false, "world_revision": 310128}
{"after": 651644, "before": 651643, "consumed_self": 4000, "event": "native", "intervals": [{"breath": [], "motor": [], "nonzero_pressure": 3789, "pressure_samples": 4000, "tick": 651644, "work": []}], "method": "advance_coexisting_admitted_interval_unsealed", "milliseconds": 727.0201819992508}
{"actual_sense_counts": [135, 34, 28, 8, 5, 10], "event": "native_roster", "source_ports": [220]}
{"after": 651644, "before": 651643, "consumed_physical_return_tick": null, "cue": false, "event": "physical", "external_guided_vocal_axis_count": 0, "external_heard_sample_count": 0, "guided": false, "intervals": 1, "milliseconds": 848.9846459997352, "pending_physical_return_tick": null, "physical_return_source_count": 0, "self_heard_sample_count": 4000, "self_hearing_source_tick": 651643, "stage": "finish-existing-lesson", "vestibular_return_consumed": false, "world_revision": 310129}
{"after": 651645, "before": 651644, "consumed_self": 4000, "event": "native", "intervals": [{"breath": [], "motor": [], "nonzero_pressure": 3788, "pressure_samples": 4000, "tick": 651645, "work": []}], "method": "advance_coexisting_admitted_interval_unsealed", "milliseconds": 671.1721079991548}
{"actual_sense_counts": [135, 34, 28, 8, 5, 10], "event": "native_roster", "source_ports": [220]}
{"after": 651645, "before": 651644, "consumed_physical_return_tick": null, "cue": false, "event": "physical", "external_guided_vocal_axis_count": 0, "external_heard_sample_count": 0, "guided": false, "intervals": 1, "milliseconds": 763.0803659994854, "pending_physical_return_tick": null, "physical_return_source_count": 0, "self_heard_sample_count": 4000, "self_hearing_source_tick": 651644, "stage": "finish-existing-lesson", "vestibular_return_consumed": false, "world_revision": 310130}
{"after": 651646, "before": 651645, "consumed_self": 4000, "event": "native", "intervals": [{"breath": [], "motor": [], "nonzero_pressure": 3789, "pressure_samples": 4000, "tick": 651646, "work": []}], "method": "advance_coexisting_admitted_interval_unsealed", "milliseconds": 804.6766729967203}
{"actual_sense_counts": [135, 34, 28, 8, 5, 10], "event": "native_roster", "source_ports": [220]}
{"after": 651646, "before": 651645, "consumed_physical_return_tick": null, "cue": false, "event": "physical", "external_guided_vocal_axis_count": 0, "external_heard_sample_count": 0, "guided": false, "intervals": 1, "milliseconds": 896.2654380011372, "pending_physical_return_tick": null, "physical_return_source_count": 0, "self_heard_sample_count": 4000, "self_hearing_source_tick": 651645, "stage": "finish-existing-lesson", "vestibular_return_consumed": false, "world_revision": 310131}
{"after": 651647, "before": 651646, "consumed_self": 4000, "event": "native", "intervals": [{"breath": [], "motor": [], "nonzero_pressure": 3788, "pressure_samples": 4000, "tick": 651647, "work": []}], "method": "advance_coexisting_admitted_interval_unsealed", "milliseconds": 656.9234290000168}
{"actual_sense_counts": [135, 34, 28, 8, 5, 10], "event": "native_roster", "source_ports": [220]}
{"after": 651647, "before": 651646, "consumed_physical_return_tick": null, "cue": false, "event": "physical", "external_guided_vocal_axis_count": 0, "external_heard_sample_count": 0, "guided": false, "intervals": 1, "milliseconds": 758.1111239996972, "pending_physical_return_tick": null, "physical_return_source_count": 0, "self_heard_sample_count": 4000, "self_hearing_source_tick": 651646, "stage": "finish-existing-lesson", "vestibular_return_consumed": false, "world_revision": 310132}
{"after": 651648, "before": 651647, "consumed_self": 4000, "event": "native", "intervals": [{"breath": [], "motor": [], "nonzero_pressure": 3788, "pressure_samples": 4000, "tick": 651648, "work": []}], "method": "advance_coexisting_admitted_interval_unsealed", "milliseconds": 716.3650130023598}
{"actual_sense_counts": [135, 34, 28, 8, 5, 10], "event": "native_roster", "source_ports": [220]}
{"after": 651648, "before": 651647, "consumed_physical_return_tick": null, "cue": false, "event": "physical", "external_guided_vocal_axis_count": 0, "external_heard_sample_count": 0, "guided": false, "intervals": 1, "milliseconds": 808.3912200017949, "pending_physical_return_tick": null, "physical_return_source_count": 0, "self_heard_sample_count": 4000, "self_hearing_source_tick": 651647, "stage": "finish-existing-lesson", "vestibular_return_consumed": false, "world_revision": 310133}
{"after": 651649, "before": 651648, "consumed_self": 4000, "event": "native", "intervals": [{"breath": [], "motor": [], "nonzero_pressure": 3789, "pressure_samples": 4000, "tick": 651649, "work": []}], "method": "advance_coexisting_admitted_interval_unsealed", "milliseconds": 630.3165450008237}
{"actual_sense_counts": [135, 34, 28, 8, 5, 10], "event": "native_roster", "source_ports": [220]}
{"after": 651649, "before": 651648, "consumed_physical_return_tick": null, "cue": false, "event": "physical", "external_guided_vocal_axis_count": 0, "external_heard_sample_count": 0, "guided": false, "intervals": 1, "milliseconds": 720.3303599962965, "pending_physical_return_tick": null, "physical_return_source_count": 0, "self_heard_sample_count": 4000, "self_hearing_source_tick": 651648, "stage": "finish-existing-lesson", "vestibular_return_consumed": false, "world_revision": 310134}
{"after": 651650, "before": 651649, "consumed_self": 4000, "event": "native", "intervals": [{"breath": [], "motor": [], "nonzero_pressure": 3788, "pressure_samples": 4000, "tick": 651650, "work": []}], "method": "advance_coexisting_admitted_interval_unsealed", "milliseconds": 743.2151160028297}
{"actual_sense_counts": [135, 34, 28, 8, 5, 10], "event": "native_roster", "source_ports": [220]}
{"after": 651650, "before": 651649, "consumed_physical_return_tick": null, "cue": false, "event": "physical", "external_guided_vocal_axis_count": 0, "external_heard_sample_count": 0, "guided": false, "intervals": 1, "milliseconds": 859.8650790008833, "pending_physical_return_tick": null, "physical_return_source_count": 0, "self_heard_sample_count": 4000, "self_hearing_source_tick": 651649, "stage": "finish-existing-lesson", "vestibular_return_consumed": false, "world_revision": 310135}
{"after": 651651, "before": 651650, "consumed_self": 4000, "event": "native", "intervals": [{"breath": [], "motor": [], "nonzero_pressure": 3789, "pressure_samples": 4000, "tick": 651651, "work": []}], "method": "advance_coexisting_admitted_interval_unsealed", "milliseconds": 635.1931899989722}
{"actual_sense_counts": [135, 34, 28, 8, 5, 10], "event": "native_roster", "source_ports": [220]}
{"after": 651651, "before": 651650, "consumed_physical_return_tick": null, "cue": false, "event": "physical", "external_guided_vocal_axis_count": 0, "external_heard_sample_count": 0, "guided": false, "intervals": 1, "milliseconds": 724.5470230045612, "pending_physical_return_tick": null, "physical_return_source_count": 0, "self_heard_sample_count": 4000, "self_hearing_source_tick": 651650, "stage": "finish-existing-lesson", "vestibular_return_consumed": false, "world_revision": 310136}
{"after": 651652, "before": 651651, "consumed_self": 4000, "event": "native", "intervals": [{"breath": [], "motor": [], "nonzero_pressure": 3788, "pressure_samples": 4000, "tick": 651652, "work": []}], "method": "advance_coexisting_admitted_interval_unsealed", "milliseconds": 734.1321090061683}
{"actual_sense_counts": [135, 34, 28, 8, 5, 10], "event": "native_roster", "source_ports": [220]}
{"after": 651652, "before": 651651, "consumed_physical_return_tick": null, "cue": false, "event": "physical", "external_guided_vocal_axis_count": 0, "external_heard_sample_count": 0, "guided": false, "intervals": 1, "milliseconds": 825.3427579984418, "pending_physical_return_tick": null, "physical_return_source_count": 0, "self_heard_sample_count": 4000, "self_hearing_source_tick": 651651, "stage": "finish-existing-lesson", "vestibular_return_consumed": false, "world_revision": 310137}
{"after": 651653, "before": 651652, "consumed_self": 4000, "event": "native", "intervals": [{"breath": [], "motor": [], "nonzero_pressure": 3788, "pressure_samples": 4000, "tick": 651653, "work": []}], "method": "advance_coexisting_admitted_interval_unsealed", "milliseconds": 628.9172710021376}
{"actual_sense_counts": [135, 34, 28, 8, 5, 10], "event": "native_roster", "source_ports": [220]}
{"after": 651653, "before": 651652, "consumed_physical_return_tick": null, "cue": false, "event": "physical", "external_guided_vocal_axis_count": 0, "external_heard_sample_count": 0, "guided": false, "intervals": 1, "milliseconds": 722.2513320011785, "pending_physical_return_tick": null, "physical_return_source_count": 0, "self_heard_sample_count": 4000, "self_hearing_source_tick": 651652, "stage": "finish-existing-lesson", "vestibular_return_consumed": false, "world_revision": 310138}
{"after": 651654, "before": 651653, "consumed_self": 4000, "event": "native", "intervals": [{"breath": [], "motor": [], "nonzero_pressure": 3788, "pressure_samples": 4000, "tick": 651654, "work": []}], "method": "advance_coexisting_admitted_interval_unsealed", "milliseconds": 721.7688230011845}
{"actual_sense_counts": [135, 34, 28, 8, 5, 10], "event": "native_roster", "source_ports": [220]}
{"after": 651654, "before": 651653, "consumed_physical_return_tick": null, "cue": false, "event": "physical", "external_guided_vocal_axis_count": 0, "external_heard_sample_count": 0, "guided": false, "intervals": 1, "milliseconds": 832.5600780008244, "pending_physical_return_tick": null, "physical_return_source_count": 0, "self_heard_sample_count": 4000, "self_hearing_source_tick": 651653, "stage": "finish-existing-lesson", "vestibular_return_consumed": false, "world_revision": 310139}
{"after": 651655, "before": 651654, "consumed_self": 4000, "event": "native", "intervals": [{"breath": [], "motor": [], "nonzero_pressure": 3789, "pressure_samples": 4000, "tick": 651655, "work": []}], "method": "advance_coexisting_admitted_interval_unsealed", "milliseconds": 687.5631790026091}
{"actual_sense_counts": [135, 34, 28, 8, 5, 10], "event": "native_roster", "source_ports": [220]}
{"after": 651655, "before": 651654, "consumed_physical_return_tick": null, "cue": false, "event": "physical", "external_guided_vocal_axis_count": 0, "external_heard_sample_count": 0, "guided": false, "intervals": 1, "milliseconds": 783.8845869991928, "pending_physical_return_tick": null, "physical_return_source_count": 0, "self_heard_sample_count": 4000, "self_hearing_source_tick": 651654, "stage": "finish-existing-lesson", "vestibular_return_consumed": false, "world_revision": 310140}
{"after": 651656, "before": 651655, "consumed_self": 4000, "event": "native", "intervals": [{"breath": [], "motor": [], "nonzero_pressure": 3788, "pressure_samples": 4000, "tick": 651656, "work": []}], "method": "advance_coexisting_admitted_interval_unsealed", "milliseconds": 739.0542269931757}
{"actual_sense_counts": [135, 34, 28, 8, 5, 10], "event": "native_roster", "source_ports": [220]}
{"after": 651656, "before": 651655, "consumed_physical_return_tick": null, "cue": false, "event": "physical", "external_guided_vocal_axis_count": 0, "external_heard_sample_count": 0, "guided": false, "intervals": 1, "milliseconds": 829.6969619987067, "pending_physical_return_tick": null, "physical_return_source_count": 0, "self_heard_sample_count": 4000, "self_hearing_source_tick": 651655, "stage": "finish-existing-lesson", "vestibular_return_consumed": false, "world_revision": 310141}
{"after": 651657, "before": 651656, "consumed_self": 4000, "event": "native", "intervals": [{"breath": [], "motor": [], "nonzero_pressure": 3788, "pressure_samples": 4000, "tick": 651657, "work": []}], "method": "advance_coexisting_admitted_interval_unsealed", "milliseconds": 662.6672639977187}
{"actual_sense_counts": [135, 34, 28, 8, 5, 10], "event": "native_roster", "source_ports": [220]}
{"after": 651657, "before": 651656, "consumed_physical_return_tick": null, "cue": false, "event": "physical", "external_guided_vocal_axis_count": 0, "external_heard_sample_count": 0, "guided": false, "intervals": 1, "milliseconds": 756.194718000188, "pending_physical_return_tick": null, "physical_return_source_count": 0, "self_heard_sample_count": 4000, "self_hearing_source_tick": 651656, "stage": "finish-existing-lesson", "vestibular_return_consumed": false, "world_revision": 310142}
{"after": 651658, "before": 651657, "consumed_self": 4000, "event": "native", "intervals": [{"breath": [], "motor": [], "nonzero_pressure": 3788, "pressure_samples": 4000, "tick": 651658, "work": []}], "method": "advance_coexisting_admitted_interval_unsealed", "milliseconds": 725.5962669951259}
{"actual_sense_counts": [135, 34, 28, 8, 5, 10], "event": "native_roster", "source_ports": [220]}
{"after": 651658, "before": 651657, "consumed_physical_return_tick": null, "cue": false, "event": "physical", "external_guided_vocal_axis_count": 0, "external_heard_sample_count": 0, "guided": false, "intervals": 1, "milliseconds": 840.0296859981609, "pending_physical_return_tick": null, "physical_return_source_count": 0, "self_heard_sample_count": 4000, "self_hearing_source_tick": 651657, "stage": "finish-existing-lesson", "vestibular_return_consumed": false, "world_revision": 310143}
{"after": 651659, "before": 651658, "consumed_self": 4000, "event": "native", "intervals": [{"breath": [], "motor": [], "nonzero_pressure": 3790, "pressure_samples": 4000, "tick": 651659, "work": []}], "method": "advance_coexisting_admitted_interval_unsealed", "milliseconds": 678.846983006224}
{"actual_sense_counts": [135, 34, 28, 8, 5, 10], "event": "native_roster", "source_ports": [220]}
{"after": 651659, "before": 651658, "consumed_physical_return_tick": null, "cue": false, "event": "physical", "external_guided_vocal_axis_count": 0, "external_heard_sample_count": 0, "guided": false, "intervals": 1, "milliseconds": 770.232365000993, "pending_physical_return_tick": null, "physical_return_source_count": 0, "self_heard_sample_count": 4000, "self_hearing_source_tick": 651658, "stage": "finish-existing-lesson", "vestibular_return_consumed": false, "world_revision": 310144}
{"after": 651660, "before": 651659, "consumed_self": 4000, "event": "native", "intervals": [{"breath": [], "motor": [], "nonzero_pressure": 3787, "pressure_samples": 4000, "tick": 651660, "work": []}], "method": "advance_coexisting_admitted_interval_unsealed", "milliseconds": 750.1187369998661}
{"actual_sense_counts": [135, 34, 28, 8, 5, 10], "event": "native_roster", "source_ports": [220]}
{"after": 651660, "before": 651659, "consumed_physical_return_tick": null, "cue": false, "event": "physical", "external_guided_vocal_axis_count": 0, "external_heard_sample_count": 0, "guided": false, "intervals": 1, "milliseconds": 838.4899619995849, "pending_physical_return_tick": null, "physical_return_source_count": 0, "self_heard_sample_count": 4000, "self_hearing_source_tick": 651659, "stage": "finish-existing-lesson", "vestibular_return_consumed": false, "world_revision": 310145}
{"after": 651661, "before": 651660, "consumed_self": 4000, "event": "native", "intervals": [{"breath": [], "motor": [], "nonzero_pressure": 3789, "pressure_samples": 4000, "tick": 651661, "work": []}], "method": "advance_coexisting_admitted_interval_unsealed", "milliseconds": 662.9879400061327}
{"actual_sense_counts": [135, 34, 28, 8, 5, 10], "event": "native_roster", "source_ports": [220]}
{"after": 651661, "before": 651660, "consumed_physical_return_tick": null, "cue": false, "event": "physical", "external_guided_vocal_axis_count": 0, "external_heard_sample_count": 0, "guided": false, "intervals": 1, "milliseconds": 752.9988040041644, "pending_physical_return_tick": null, "physical_return_source_count": 0, "self_heard_sample_count": 4000, "self_hearing_source_tick": 651660, "stage": "finish-existing-lesson", "vestibular_return_consumed": false, "world_revision": 310146}
{"after": 651662, "before": 651661, "consumed_self": 4000, "event": "native", "intervals": [{"breath": [], "motor": [], "nonzero_pressure": 3788, "pressure_samples": 4000, "tick": 651662, "work": []}], "method": "advance_coexisting_admitted_interval_unsealed", "milliseconds": 767.6498590008123}
{"actual_sense_counts": [135, 34, 28, 8, 5, 10], "event": "native_roster", "source_ports": [220]}
{"after": 651662, "before": 651661, "consumed_physical_return_tick": null, "cue": false, "event": "physical", "external_guided_vocal_axis_count": 0, "external_heard_sample_count": 0, "guided": false, "intervals": 1, "milliseconds": 864.671643001202, "pending_physical_return_tick": null, "physical_return_source_count": 0, "self_heard_sample_count": 4000, "self_hearing_source_tick": 651661, "stage": "finish-existing-lesson", "vestibular_return_consumed": false, "world_revision": 310147}
{"after": 651663, "before": 651662, "consumed_self": 4000, "event": "native", "intervals": [{"breath": [], "motor": [], "nonzero_pressure": 3789, "pressure_samples": 4000, "tick": 651663, "work": []}], "method": "advance_coexisting_admitted_interval_unsealed", "milliseconds": 716.226689000905}
{"actual_sense_counts": [135, 34, 28, 8, 5, 10], "event": "native_roster", "source_ports": [220]}
{"after": 651663, "before": 651662, "consumed_physical_return_tick": null, "cue": false, "event": "physical", "external_guided_vocal_axis_count": 0, "external_heard_sample_count": 0, "guided": false, "intervals": 1, "milliseconds": 813.75089300127, "pending_physical_return_tick": null, "physical_return_source_count": 0, "self_heard_sample_count": 4000, "self_hearing_source_tick": 651662, "stage": "finish-existing-lesson", "vestibular_return_consumed": false, "world_revision": 310148}
{"after": 651664, "before": 651663, "consumed_self": 4000, "event": "native", "intervals": [{"breath": [], "motor": [], "nonzero_pressure": 249, "pressure_samples": 4000, "tick": 651664, "work": []}], "method": "advance_coexisting_admitted_interval_unsealed", "milliseconds": 729.7615069983294}
{"actual_sense_counts": [135, 34, 28, 8, 5, 10], "event": "native_roster", "source_ports": [220]}
{"after": 651664, "before": 651663, "consumed_physical_return_tick": null, "cue": false, "event": "physical", "external_guided_vocal_axis_count": 0, "external_heard_sample_count": 0, "guided": false, "intervals": 1, "milliseconds": 819.6828569998615, "pending_physical_return_tick": null, "physical_return_source_count": 0, "self_heard_sample_count": 4000, "self_hearing_source_tick": 651663, "stage": "finish-existing-lesson", "vestibular_return_consumed": false, "world_revision": 310149}
{"after": 651665, "before": 651664, "consumed_self": 4000, "event": "native", "intervals": [{"breath": [], "motor": [], "nonzero_pressure": 0, "pressure_samples": 0, "tick": 651665, "work": []}], "method": "advance_coexisting_admitted_interval_unsealed", "milliseconds": 754.4220039999345}
{"actual_sense_counts": [135, 34, 28, 8, 5, 10], "event": "native_roster", "source_ports": [220]}
{"after": 651665, "before": 651664, "consumed_physical_return_tick": null, "cue": false, "event": "physical", "external_guided_vocal_axis_count": 0, "external_heard_sample_count": 0, "guided": false, "intervals": 1, "milliseconds": 857.5393760038423, "pending_physical_return_tick": null, "physical_return_source_count": 0, "self_heard_sample_count": 4000, "self_hearing_source_tick": 651664, "stage": "finish-existing-lesson", "vestibular_return_consumed": false, "world_revision": 310150}
{"after": 651666, "before": 651665, "consumed_self": null, "event": "native", "intervals": [{"breath": [], "motor": [], "nonzero_pressure": 0, "pressure_samples": 0, "tick": 651666, "work": []}], "method": "advance_coexisting_admitted_interval_unsealed", "milliseconds": 737.540727997839}
{"actual_sense_counts": [135, 34, 28, 8, 5, 10], "event": "native_roster", "source_ports": [220]}
{"after": 651666, "before": 651665, "consumed_physical_return_tick": null, "cue": false, "event": "physical", "external_guided_vocal_axis_count": 0, "external_heard_sample_count": 0, "guided": false, "intervals": 1, "milliseconds": 844.6271819993854, "pending_physical_return_tick": null, "physical_return_source_count": 0, "self_heard_sample_count": 0, "self_hearing_source_tick": null, "stage": "finish-existing-lesson", "vestibular_return_consumed": false, "world_revision": 310151}
{"after": 651667, "before": 651666, "consumed_self": null, "event": "native", "intervals": [{"breath": [], "motor": [], "nonzero_pressure": 0, "pressure_samples": 0, "tick": 651667, "work": []}], "method": "advance_coexisting_admitted_interval_unsealed", "milliseconds": 847.4690570001258}
{"actual_sense_counts": [135, 34, 28, 8, 5, 10], "event": "native_roster", "source_ports": [220]}
{"after": 651667, "before": 651666, "consumed_physical_return_tick": null, "cue": false, "event": "physical", "external_guided_vocal_axis_count": 0, "external_heard_sample_count": 0, "guided": false, "intervals": 1, "milliseconds": 932.4478870039457, "pending_physical_return_tick": null, "physical_return_source_count": 0, "self_heard_sample_count": 0, "self_hearing_source_tick": null, "stage": "finish-existing-lesson", "vestibular_return_consumed": false, "world_revision": 310152}
{"after": 651668, "before": 651667, "consumed_self": null, "event": "native", "intervals": [{"breath": [], "motor": [], "nonzero_pressure": 0, "pressure_samples": 0, "tick": 651668, "work": []}], "method": "advance_coexisting_admitted_interval_unsealed", "milliseconds": 726.972101998399}
{"actual_sense_counts": [135, 34, 28, 8, 5, 10], "event": "native_roster", "source_ports": [220]}
{"after": 651668, "before": 651667, "consumed_physical_return_tick": null, "cue": false, "event": "physical", "external_guided_vocal_axis_count": 0, "external_heard_sample_count": 0, "guided": false, "intervals": 1, "milliseconds": 816.4624120036024, "pending_physical_return_tick": null, "physical_return_source_count": 0, "self_heard_sample_count": 0, "self_hearing_source_tick": null, "stage": "finish-existing-lesson", "vestibular_return_consumed": false, "world_revision": 310153}
{"after": 651669, "before": 651668, "consumed_self": null, "event": "native", "intervals": [{"breath": [], "motor": [], "nonzero_pressure": 0, "pressure_samples": 0, "tick": 651669, "work": []}], "method": "advance_coexisting_admitted_interval_unsealed", "milliseconds": 772.7622210004483}
{"actual_sense_counts": [135, 34, 28, 8, 5, 10], "event": "native_roster", "source_ports": [220]}
{"after": 651669, "before": 651668, "consumed_physical_return_tick": null, "cue": false, "event": "physical", "external_guided_vocal_axis_count": 0, "external_heard_sample_count": 0, "guided": false, "intervals": 1, "milliseconds": 863.3298589993501, "pending_physical_return_tick": null, "physical_return_source_count": 0, "self_heard_sample_count": 0, "self_hearing_source_tick": null, "stage": "finish-existing-lesson", "vestibular_return_consumed": false, "world_revision": 310154}
{"after": 651670, "before": 651669, "consumed_self": null, "event": "native", "intervals": [{"breath": [], "motor": [], "nonzero_pressure": 0, "pressure_samples": 0, "tick": 651670, "work": []}], "method": "advance_coexisting_admitted_interval_unsealed", "milliseconds": 826.4587049998227}
{"actual_sense_counts": [135, 34, 28, 8, 5, 10], "event": "native_roster", "source_ports": [220]}
{"after": 651670, "before": 651669, "consumed_physical_return_tick": null, "cue": false, "event": "physical", "external_guided_vocal_axis_count": 0, "external_heard_sample_count": 0, "guided": false, "intervals": 1, "milliseconds": 917.078013997525, "pending_physical_return_tick": null, "physical_return_source_count": 0, "self_heard_sample_count": 0, "self_hearing_source_tick": null, "stage": "finish-existing-lesson", "vestibular_return_consumed": false, "world_revision": 310155}
{"after": 651671, "before": 651670, "consumed_self": null, "event": "native", "intervals": [{"breath": [], "motor": [], "nonzero_pressure": 0, "pressure_samples": 0, "tick": 651671, "work": []}], "method": "advance_coexisting_admitted_interval_unsealed", "milliseconds": 704.9573629992665}
{"actual_sense_counts": [135, 34, 28, 8, 5, 10], "event": "native_roster", "source_ports": [220]}
{"after": 651671, "before": 651670, "consumed_physical_return_tick": null, "cue": false, "event": "physical", "external_guided_vocal_axis_count": 0, "external_heard_sample_count": 0, "guided": false, "intervals": 1, "milliseconds": 822.4519660070655, "pending_physical_return_tick": null, "physical_return_source_count": 0, "self_heard_sample_count": 0, "self_hearing_source_tick": null, "stage": "finish-existing-lesson", "vestibular_return_consumed": false, "world_revision": 310156}
{"after": 651672, "before": 651671, "consumed_self": null, "event": "native", "intervals": [{"breath": [], "motor": [], "nonzero_pressure": 0, "pressure_samples": 0, "tick": 651672, "work": []}], "method": "advance_coexisting_admitted_interval_unsealed", "milliseconds": 784.2494180003996}
{"actual_sense_counts": [135, 34, 28, 8, 5, 10], "event": "native_roster", "source_ports": [220]}
{"after": 651672, "before": 651671, "consumed_physical_return_tick": null, "cue": false, "event": "physical", "external_guided_vocal_axis_count": 0, "external_heard_sample_count": 0, "guided": false, "intervals": 1, "milliseconds": 874.110226999619, "pending_physical_return_tick": null, "physical_return_source_count": 0, "self_heard_sample_count": 0, "self_hearing_source_tick": null, "stage": "finish-existing-lesson", "vestibular_return_consumed": false, "world_revision": 310157}
{"after": 651673, "before": 651672, "consumed_self": null, "event": "native", "intervals": [{"breath": [], "motor": [], "nonzero_pressure": 0, "pressure_samples": 0, "tick": 651673, "work": []}], "method": "advance_coexisting_admitted_interval_unsealed", "milliseconds": 692.3548850027146}
{"actual_sense_counts": [135, 34, 28, 8, 5, 10], "event": "native_roster", "source_ports": [220]}
{"after": 651673, "before": 651672, "consumed_physical_return_tick": null, "cue": false, "event": "physical", "external_guided_vocal_axis_count": 0, "external_heard_sample_count": 0, "guided": false, "intervals": 1, "milliseconds": 780.5834229948232, "pending_physical_return_tick": null, "physical_return_source_count": 0, "self_heard_sample_count": 0, "self_hearing_source_tick": null, "stage": "finish-existing-lesson", "vestibular_return_consumed": false, "world_revision": 310158}
{"after": 651674, "before": 651673, "consumed_self": null, "event": "native", "intervals": [{"breath": [], "motor": [], "nonzero_pressure": 0, "pressure_samples": 0, "tick": 651674, "work": []}], "method": "advance_coexisting_admitted_interval_unsealed", "milliseconds": 779.1257639983087}
{"actual_sense_counts": [135, 34, 28, 8, 5, 10], "event": "native_roster", "source_ports": [220]}
{"after": 651674, "before": 651673, "consumed_physical_return_tick": null, "cue": false, "event": "physical", "external_guided_vocal_axis_count": 0, "external_heard_sample_count": 0, "guided": false, "intervals": 1, "milliseconds": 865.1328459964134, "pending_physical_return_tick": null, "physical_return_source_count": 0, "self_heard_sample_count": 0, "self_hearing_source_tick": null, "stage": "finish-existing-lesson", "vestibular_return_consumed": false, "world_revision": 310159}
{"after": 651675, "before": 651674, "consumed_self": null, "event": "native", "intervals": [{"breath": [], "motor": [], "nonzero_pressure": 0, "pressure_samples": 0, "tick": 651675, "work": []}], "method": "advance_coexisting_admitted_interval_unsealed", "milliseconds": 680.9431399960886}
{"actual_sense_counts": [135, 34, 28, 8, 5, 10], "event": "native_roster", "source_ports": [220]}
{"after": 651675, "before": 651674, "consumed_physical_return_tick": null, "cue": false, "event": "physical", "external_guided_vocal_axis_count": 0, "external_heard_sample_count": 0, "guided": false, "intervals": 1, "milliseconds": 766.7721379984869, "pending_physical_return_tick": null, "physical_return_source_count": 0, "self_heard_sample_count": 0, "self_hearing_source_tick": null, "stage": "finish-existing-lesson", "vestibular_return_consumed": false, "world_revision": 310160}
{"after": 651676, "before": 651675, "consumed_self": null, "event": "native", "intervals": [{"breath": [], "motor": [], "nonzero_pressure": 0, "pressure_samples": 0, "tick": 651676, "work": []}], "method": "advance_coexisting_admitted_interval_unsealed", "milliseconds": 761.3733759935712}
{"actual_sense_counts": [135, 34, 28, 8, 5, 10], "event": "native_roster", "source_ports": [220]}
{"after": 651676, "before": 651675, "consumed_physical_return_tick": null, "cue": false, "event": "physical", "external_guided_vocal_axis_count": 0, "external_heard_sample_count": 0, "guided": false, "intervals": 1, "milliseconds": 876.3068560001557, "pending_physical_return_tick": null, "physical_return_source_count": 0, "self_heard_sample_count": 0, "self_hearing_source_tick": null, "stage": "finish-existing-lesson", "vestibular_return_consumed": false, "world_revision": 310161}
{"after": 651677, "before": 651676, "consumed_self": null, "event": "native", "intervals": [{"breath": [], "motor": [["474c4e4c494e4531000000000000039d", 59, 6, [], [["474c4e4c494e4531000000000000092d", "474c4e4c494e45310000000000002547", "474c4e4c494e4531000000000000036c", 5, 56, "articulated-body-proprioceptor", "left_grip_aperture-toward-minimum"], ["474c4e4c494e45310000000000000d47", "474c4e4c494e45310000000000002961", "474c4e4c494e45310000000000000786", 5, 131, "articulated-body-effector-load-receptor", "left_grip_aperture-toward-maximum-load"], ["474c4e4c494e453100000000000019a3", "474c4e4c494e453100000000000019a1", "474c4e4c494e45310000000000000059", 2, 27, "native-palmar-contact", "held-contact"]]]], "nonzero_pressure": 0, "pressure_samples": 4000, "tick": 651677, "work": [["474c4e4c494e4531000000000000039d", [["474c4e4c494e45310000000000000818", "474c4e4c494e45310000000000000734", ["474c4e4c494e45310000000000000734", "474c4e4c494e45310000000000000818", 0], ["474c4e4c494e4531000000000000039d", "474c4e4c494e45310000000000000818", 0], [490295759870104412524742097, 4962125000000000000000000000]]], [[490295759870104412524742097, 4962125000000000000000000000], [490295759870104412524742097, 4962125000000000000000000000], [7830116933172131724907716477, 79228162514264337593543950336], [0, 1], [37049890103368816214754739983974916862685522362221, 187463782270476306048090112000000000000000000000000], [0, 1], [0, 1]]], ["474c4e4c494e4531000000000000048b", [["474c4e4c494e453100000000000007ee", "474c4e4c494e4531000000000000070a", ["474c4e4c494e4531000000000000070a", "474c4e4c494e453100000000000007ee", 0], ["474c4e4c494e4531000000000000048b", "474c4e4c494e453100000000000007ee", 0], [28026350503675755994018345599, 320865040000000000000000000000]]], [[28026350503675755994018345599, 320865040000000000000000000000], [28026350503675755994018345599, 320865040000000000000000000000], [0, 1], [6920281038990589215652337901, 79228162514264337593543950336], [0, 1], [0, 1], [2454220189675155171327, 757621155210314013139187793920000000000000000000000]]]]}], "method": "advance_coexisting_admitted_interval_unsealed", "milliseconds": 696.4012169992202}
{"actual_sense_counts": [135, 34, 28, 8, 5, 10], "event": "native_roster", "source_ports": [220]}
{"after": 651677, "before": 651676, "consumed_physical_return_tick": null, "cue": false, "event": "physical", "external_guided_vocal_axis_count": 0, "external_heard_sample_count": 0, "guided": false, "intervals": 1, "milliseconds": 840.7200729998294, "pending_physical_return_tick": 651677, "physical_return_source_count": 0, "self_heard_sample_count": 0, "self_hearing_source_tick": null, "stage": "finish-existing-lesson", "vestibular_return_consumed": false, "world_revision": 310163}
{"after": 651678, "before": 651677, "consumed_self": null, "event": "native", "intervals": [{"breath": [], "motor": [], "nonzero_pressure": 0, "pressure_samples": 0, "tick": 651678, "work": []}], "method": "advance_coexisting_admitted_interval_unsealed", "milliseconds": 1323.1501999980537}
{"actual_sense_counts": [135, 34, 28, 8, 5, 14], "event": "native_roster", "source_ports": [220, 4]}
{"after": 651678, "before": 651677, "consumed_physical_return_tick": 651677, "cue": false, "event": "physical", "external_guided_vocal_axis_count": 0, "external_heard_sample_count": 0, "guided": false, "intervals": 1, "milliseconds": 1361.9114209941472, "pending_physical_return_tick": null, "physical_return_source_count": 1, "self_heard_sample_count": 0, "self_hearing_source_tick": null, "stage": "finish-existing-lesson", "vestibular_return_consumed": false, "world_revision": 310163}
{"after": 651679, "before": 651678, "consumed_self": null, "event": "native", "intervals": [{"breath": [], "motor": [["474c4e4c494e4531000000000000048b", 76, 6, [], [["474c4e4c494e45310000000000000a53", "474c4e4c494e4531000000000000266d", "474c4e4c494e45310000000000000492", 5, 77, "articulated-body-proprioceptor", "right_hip_pitch-toward-maximum"], ["474c4e4c494e45310000000000000e51", "474c4e4c494e45310000000000002a6b", "474c4e4c494e45310000000000000890", 5, 150, "articulated-body-effector-load-receptor", "right_hip_pitch-toward-minimum-load"]]]], "nonzero_pressure": 0, "pressure_samples": 4000, "tick": 651679, "work": [["474c4e4c494e4531000000000000039d", [["474c4e4c494e45310000000000000818", "474c4e4c494e45310000000000000734", ["474c4e4c494e45310000000000000734", "474c4e4c494e45310000000000000818", 0], ["474c4e4c494e4531000000000000039d", "474c4e4c494e45310000000000000818", 0], [168658861653107723975911956711, 1746668000000000000000000000000]]], [[168658861653107723975911956711, 1746668000000000000000000000000], [168658861653107723975911956711, 1746668000000000000000000000000], [0, 1], [7650298568773942343897896605, 79228162514264337593543950336], [0, 1], [0, 1], [23600270598706580719089, 2062101604975239366528991232000000000000000000000000]]], ["474c4e4c494e4531000000000000048b", [["474c4e4c494e453100000000000007ee", "474c4e4c494e4531000000000000070a", ["474c4e4c494e4531000000000000070a", "474c4e4c494e453100000000000007ee", 0], ["474c4e4c494e4531000000000000048b", "474c4e4c494e453100000000000007ee", 0], [35886899624614477979201353251, 401081300000000000000000000000]], ["474c4e4c494e453100000000000007fc", "474c4e4c494e45310000000000000718", ["474c4e4c494e45310000000000000718", "474c4e4c494e453100000000000007fc", 0], ["474c4e4c494e4531000000000000048b", "474c4e4c494e453100000000000007fc", 0], [42807396325116775346873127, 364999023437500000000000000]], ["474c4e4c494e4531000000000000080a", "474c4e4c494e45310000000000000726", ["474c4e4c494e45310000000000000726", "474c4e4c494e4531000000000000080a", 0], ["474c4e4c494e4531000000000000048b", "474c4e4c494e4531000000000000080a", 0], [672665850782169271180424129853, 5094635350000000000000000000000]]], [[25874278228692821570795423485192718088130809, 76372530000670101684500000000000000000000000], [25874278228692821570795423485192718088130809, 76372530000670101684500000000000000000000000], [6920281038990589215652337901, 79228162514264337593543950336], [0, 1], [307380067313378299022837818191799416919154183484240860456108423253, 721318151774241861814702921063230104141824000000000000000000000000], [0, 1], [0, 1]]]]}], "method": "advance_coexisting_admitted_interval_unsealed", "milliseconds": 757.6597439983743}
{"actual_sense_counts": [135, 34, 28, 8, 5, 10], "event": "native_roster", "source_ports": [220]}
{"after": 651679, "before": 651678, "consumed_physical_return_tick": null, "cue": false, "event": "physical", "external_guided_vocal_axis_count": 0, "external_heard_sample_count": 0, "guided": false, "intervals": 1, "milliseconds": 931.3471790010226, "pending_physical_return_tick": 651679, "physical_return_source_count": 0, "self_heard_sample_count": 0, "self_hearing_source_tick": null, "stage": "finish-existing-lesson", "vestibular_return_consumed": false, "world_revision": 310165}
{"after": 651680, "before": 651679, "consumed_self": null, "event": "native", "intervals": [{"breath": [], "motor": [], "nonzero_pressure": 0, "pressure_samples": 0, "tick": 651680, "work": []}], "method": "advance_coexisting_admitted_interval_unsealed", "milliseconds": 1432.3619350034278}
{"actual_sense_counts": [135, 34, 28, 8, 5, 14], "event": "native_roster", "source_ports": [220, 4]}
{"after": 651680, "before": 651679, "consumed_physical_return_tick": 651679, "cue": false, "event": "physical", "external_guided_vocal_axis_count": 0, "external_heard_sample_count": 0, "guided": false, "intervals": 1, "milliseconds": 1477.3699680008576, "pending_physical_return_tick": null, "physical_return_source_count": 1, "self_heard_sample_count": 0, "self_hearing_source_tick": null, "stage": "finish-existing-lesson", "vestibular_return_consumed": false, "world_revision": 310165}
{"after": 651681, "before": 651680, "consumed_self": null, "event": "native", "intervals": [{"breath": [], "motor": [["474c4e4c494e4531000000000000039d", 59, 6, [], [["474c4e4c494e4531000000000000092d", "474c4e4c494e45310000000000002547", "474c4e4c494e4531000000000000036c", 5, 56, "articulated-body-proprioceptor", "left_grip_aperture-toward-minimum"], ["474c4e4c494e45310000000000000d47", "474c4e4c494e45310000000000002961", "474c4e4c494e45310000000000000786", 5, 131, "articulated-body-effector-load-receptor", "left_grip_aperture-toward-maximum-load"], ["474c4e4c494e453100000000000019a3", "474c4e4c494e453100000000000019a1", "474c4e4c494e45310000000000000059", 2, 27, "native-palmar-contact", "held-contact"]]], ["474c4e4c494e4531000000000000048b", 76, 5, [], [["474c4e4c494e45310000000000000a53", "474c4e4c494e4531000000000000266d", "474c4e4c494e45310000000000000492", 5, 77, "articulated-body-proprioceptor", "right_hip_pitch-toward-maximum"], ["474c4e4c494e45310000000000000e51", "474c4e4c494e45310000000000002a6b", "474c4e4c494e45310000000000000890", 5, 150, "articulated-body-effector-load-receptor", "right_hip_pitch-toward-minimum-load"]]]], "nonzero_pressure": 0, "pressure_samples": 4000, "tick": 651681, "work": [["474c4e4c494e4531000000000000039d", [["474c4e4c494e45310000000000000818", "474c4e4c494e45310000000000000734", ["474c4e4c494e45310000000000000734", "474c4e4c494e45310000000000000818", 0], ["474c4e4c494e4531000000000000039d", "474c4e4c494e45310000000000000818", 0], [1961088516159254074684442763, 9924250000000000000000000000]]], [[1961088516159254074684442763, 9924250000000000000000000000], [1961088516159254074684442763, 9924250000000000000000000000], [7650298568773942343897896605, 79228162514264337593543950336], [0, 1], [55145481880731030383022460570510514187801280306317, 187463782270476306048090112000000000000000000000000], [0, 1], [0, 1]]], ["474c4e4c494e4531000000000000048b", [["474c4e4c494e45310000000000000700", "474c4e4c494e453100000000000005f2", ["474c4e4c494e453100000000000005f2", "474c4e4c494e45310000000000000700", 0], ["474c4e4c494e4531000000000000048b", "474c4e4c494e45310000000000000700", 0], [37509129655308316509162701427, 339201250000000000000000000000]], ["474c4e4c494e453100000000000007ee", "474c4e4c494e4531000000000000070a", ["474c4e4c494e4531000000000000070a", "474c4e4c494e453100000000000007ee", 0], ["474c4e4c494e4531000000000000048b", "474c4e4c494e453100000000000007ee", 0], [283666603541955563302603231653, 1604325200000000000000000000000]], ["474c4e4c494e453100000000000007fc", "474c4e4c494e45310000000000000718", ["474c4e4c494e45310000000000000718", "474c4e4c494e453100000000000007fc", 0], ["474c4e4c494e4531000000000000048b", "474c4e4c494e453100000000000007fc", 0], [114947752122242891365399691931, 495230675000000000000000000000]], ["474c4e4c494e4531000000000000080a", "474c4e4c494e45310000000000000726", ["474c4e4c494e45310000000000000726", "474c4e4c494e4531000000000000080a", 0], ["474c4e4c494e4531000000000000048b", "474c4e4c494e4531000000000000080a", 0], [41627976073906787878321963449, 159207354687500000000000000000]]], [[17156437367389923795361859141769631023625225358009637, 21967997680322549831000060770000000000000000000000000], [17156437367389923795361859141769631023625225358009637, 21967997680322549831000060770000000000000000000000000], [0, 1], [0, 1], [17156437367389923795361859141769631023625225358009637, 21967997680322549831000060770000000000000000000000000], [0, 1], [0, 1]]]]}], "method": "advance_coexisting_admitted_interval_unsealed", "milliseconds": 764.2621839986532}
{"actual_sense_counts": [135, 34, 28, 8, 5, 10], "event": "native_roster", "source_ports": [220]}
{"after": 651681, "before": 651680, "consumed_physical_return_tick": null, "cue": false, "event": "physical", "external_guided_vocal_axis_count": 0, "external_heard_sample_count": 0, "guided": false, "intervals": 1, "milliseconds": 908.584103002795, "pending_physical_return_tick": 651681, "physical_return_source_count": 0, "self_heard_sample_count": 0, "self_hearing_source_tick": null, "stage": "finish-existing-lesson", "vestibular_return_consumed": false, "world_revision": 310167}
{"after": 651682, "before": 651681, "consumed_self": null, "event": "native", "intervals": [{"breath": [], "motor": [], "nonzero_pressure": 0, "pressure_samples": 0, "tick": 651682, "work": []}], "method": "advance_coexisting_admitted_interval_unsealed", "milliseconds": 1579.2400619975524}
{"actual_sense_counts": [135, 34, 28, 8, 5, 18], "event": "native_roster", "source_ports": [220, 8]}
{"after": 651682, "before": 651681, "consumed_physical_return_tick": 651681, "cue": false, "event": "physical", "external_guided_vocal_axis_count": 0, "external_heard_sample_count": 0, "guided": false, "intervals": 1, "milliseconds": 1616.9434120020014, "pending_physical_return_tick": null, "physical_return_source_count": 1, "self_heard_sample_count": 0, "self_hearing_source_tick": null, "stage": "finish-existing-lesson", "vestibular_return_consumed": false, "world_revision": 310167}
{"after": 651683, "before": 651682, "consumed_self": null, "event": "native", "intervals": [{"breath": [], "motor": [["474c4e4c494e4531000000000000048b", 76, 6, [], [["474c4e4c494e45310000000000000a53", "474c4e4c494e4531000000000000266d", "474c4e4c494e45310000000000000492", 5, 77, "articulated-body-proprioceptor", "right_hip_pitch-toward-maximum"], ["474c4e4c494e45310000000000000e51", "474c4e4c494e45310000000000002a6b", "474c4e4c494e45310000000000000890", 5, 150, "articulated-body-effector-load-receptor", "right_hip_pitch-toward-minimum-load"]]]], "nonzero_pressure": 0, "pressure_samples": 4000, "tick": 651683, "work": [["474c4e4c494e4531000000000000039d", [["474c4e4c494e45310000000000000818", "474c4e4c494e45310000000000000734", ["474c4e4c494e45310000000000000734", "474c4e4c494e45310000000000000818", 0], ["474c4e4c494e4531000000000000039d", "474c4e4c494e45310000000000000818", 0], [1961107039414532595357245259, 19848500000000000000000000000]]], [[1961107039414532595357245259, 19848500000000000000000000000], [1961107039414532595357245259, 19848500000000000000000000000], [0, 1], [3914021392714874831694963543, 39614081257132168796771975168], [0, 1], [0, 1], [562387619102135132889, 93731891135238153024045056000000000000000000000000]]], ["474c4e4c494e4531000000000000048b", [["474c4e4c494e45310000000000000700", "474c4e4c494e453100000000000005f2", ["474c4e4c494e453100000000000005f2", "474c4e4c494e45310000000000000700", 0], ["474c4e4c494e4531000000000000048b", "474c4e4c494e45310000000000000700", 0], [1136634053564596835574879561, 21200078125000000000000000000]], ["474c4e4c494e453100000000000007ee", "474c4e4c494e4531000000000000070a", ["474c4e4c494e4531000000000000070a", "474c4e4c494e453100000000000007ee", 0], ["474c4e4c494e4531000000000000048b", "474c4e4c494e453100000000000007ee", 0], [4485744314460871429769159463, 50135162500000000000000000000]], ["474c4e4c494e453100000000000007fc", "474c4e4c494e45310000000000000718", ["474c4e4c494e45310000000000000718", "474c4e4c494e453100000000000007fc", 0], ["474c4e4c494e4531000000000000048b", "474c4e4c494e453100000000000007fc", 0], [284345831311188937129109662821, 2476153375000000000000000000000]], ["474c4e4c494e4531000000000000080a", "474c4e4c494e45310000000000000726", ["474c4e4c494e45310000000000000726", "474c4e4c494e4531000000000000080a", 0], ["474c4e4c494e4531000000000000048b", "474c4e4c494e4531000000000000080a", 0], [6594572189484388263152350917, 50946353500000000000000000000]]], [[531849097176476186658206910688902004657762375419771, 1372999855020159364437503798125000000000000000000000], [531849097176476186658206910688902004657762375419771, 1372999855020159364437503798125000000000000000000000], [0, 1], [0, 1], [531849097176476186658206910688902004657762375419771, 1372999855020159364437503798125000000000000000000000], [0, 1], [0, 1]]]]}], "method": "advance_coexisting_admitted_interval_unsealed", "milliseconds": 721.5210100039258}
{"actual_sense_counts": [135, 34, 28, 8, 5, 10], "event": "native_roster", "source_ports": [220]}
{"after": 651683, "before": 651682, "consumed_physical_return_tick": null, "cue": false, "event": "physical", "external_guided_vocal_axis_count": 0, "external_heard_sample_count": 0, "guided": false, "intervals": 1, "milliseconds": 883.7798099993961, "pending_physical_return_tick": 651683, "physical_return_source_count": 0, "self_heard_sample_count": 0, "self_hearing_source_tick": null, "stage": "finish-existing-lesson", "vestibular_return_consumed": false, "world_revision": 310169}
{"after": 651684, "before": 651683, "consumed_self": null, "event": "native", "intervals": [{"breath": [], "motor": [], "nonzero_pressure": 0, "pressure_samples": 0, "tick": 651684, "work": []}], "method": "advance_coexisting_admitted_interval_unsealed", "milliseconds": 1375.0596899990342}
{"actual_sense_counts": [135, 34, 28, 8, 5, 14], "event": "native_roster", "source_ports": [220, 4]}
{"after": 651684, "before": 651683, "consumed_physical_return_tick": 651683, "cue": false, "event": "physical", "external_guided_vocal_axis_count": 0, "external_heard_sample_count": 0, "guided": false, "intervals": 1, "milliseconds": 1413.5873010018258, "pending_physical_return_tick": null, "physical_return_source_count": 1, "self_heard_sample_count": 0, "self_hearing_source_tick": null, "stage": "finish-existing-lesson", "vestibular_return_consumed": false, "world_revision": 310169}
{"after": 651685, "before": 651684, "consumed_self": null, "event": "native", "intervals": [{"breath": [], "motor": [["474c4e4c494e4531000000000000039d", 59, 6, [], [["474c4e4c494e4531000000000000092d", "474c4e4c494e45310000000000002547", "474c4e4c494e4531000000000000036c", 5, 56, "articulated-body-proprioceptor", "left_grip_aperture-toward-minimum"], ["474c4e4c494e45310000000000000d47", "474c4e4c494e45310000000000002961", "474c4e4c494e45310000000000000786", 5, 131, "articulated-body-effector-load-receptor", "left_grip_aperture-toward-maximum-load"], ["474c4e4c494e453100000000000019a3", "474c4e4c494e453100000000000019a1", "474c4e4c494e45310000000000000059", 2, 27, "native-palmar-contact", "held-contact"]]], ["474c4e4c494e4531000000000000048b", 76, 6, [], [["474c4e4c494e45310000000000000a53", "474c4e4c494e4531000000000000266d", "474c4e4c494e45310000000000000492", 5, 77, "articulated-body-proprioceptor", "right_hip_pitch-toward-maximum"], ["474c4e4c494e45310000000000000e51", "474c4e4c494e45310000000000002a6b", "474c4e4c494e45310000000000000890", 5, 150, "articulated-body-effector-load-receptor", "right_hip_pitch-toward-minimum-load"]]]], "nonzero_pressure": 0, "pressure_samples": 4000, "tick": 651685, "work": [["474c4e4c494e4531000000000000039d", [["474c4e4c494e45310000000000000818", "474c4e4c494e45310000000000000734", ["474c4e4c494e45310000000000000734", "474c4e4c494e45310000000000000818", 0], ["474c4e4c494e4531000000000000039d", "474c4e4c494e45310000000000000818", 0], [1961041119197963634164846853, 9924250000000000000000000000]]], [[1961041119197963634164846853, 9924250000000000000000000000], [1961041119197963634164846853, 9924250000000000000000000000], [3914021392714874831694963543, 39614081257132168796771975168], [0, 1], [27782575857910189405996982788073442577559398931751, 93731891135238153024045056000000000000000000000000], [0, 1], [0, 1]]], ["474c4e4c494e4531000000000000048b", [["474c4e4c494e45310000000000000700", "474c4e4c494e453100000000000005f2", ["474c4e4c494e453100000000000005f2", "474c4e4c494e45310000000000000700", 0], ["474c4e4c494e4531000000000000048b", "474c4e4c494e45310000000000000700", 0], [18753213226518472219169837031, 169600625000000000000000000000]], ["474c4e4c494e453100000000000007ee", "474c4e4c494e4531000000000000070a", ["474c4e4c494e4531000000000000070a", "474c4e4c494e453100000000000007ee", 0], ["474c4e4c494e4531000000000000048b", "474c4e4c494e453100000000000007ee", 0], [283659132680909559216223190091, 1604325200000000000000000000000]], ["474c4e4c494e453100000000000007fc", "474c4e4c494e45310000000000000718", ["474c4e4c494e45310000000000000718", "474c4e4c494e453100000000000007fc", 0], ["474c4e4c494e4531000000000000048b", "474c4e4c494e453100000000000007fc", 0], [36298058373701596752900760359, 154759585937500000000000000000]], ["474c4e4c494e4531000000000000080a", "474c4e4c494e45310000000000000726", ["474c4e4c494e45310000000000000726", "474c4e4c494e4531000000000000080a", 0], ["474c4e4c494e4531000000000000048b", "474c4e4c494e4531000000000000080a", 0], [1332055980828231055266530531133, 5094635350000000000000000000000]]], [[17209489376982080233851421574366489467748049061659867, 21967997680322549831000060770000000000000000000000000], [17209489376982080233851421574366489467748049061659867, 21967997680322549831000060770000000000000000000000000], [0, 1], [0, 1], [17209489376982080233851421574366489467748049061659867, 21967997680322549831000060770000000000000000000000000], [0, 1], [0, 1]]]]}], "method": "advance_coexisting_admitted_interval_unsealed", "milliseconds": 712.6090829988243}
{"actual_sense_counts": [135, 34, 28, 8, 5, 10], "event": "native_roster", "source_ports": [220]}
{"after": 651685, "before": 651684, "consumed_physical_return_tick": null, "cue": false, "event": "physical", "external_guided_vocal_axis_count": 0, "external_heard_sample_count": 0, "guided": false, "intervals": 1, "milliseconds": 850.3934030013625, "pending_physical_return_tick": 651685, "physical_return_source_count": 0, "self_heard_sample_count": 0, "self_hearing_source_tick": null, "stage": "finish-existing-lesson", "vestibular_return_consumed": false, "world_revision": 310171}
{"after": 651686, "before": 651685, "consumed_self": null, "event": "native", "intervals": [{"breath": [], "motor": [], "nonzero_pressure": 0, "pressure_samples": 0, "tick": 651686, "work": []}], "method": "advance_coexisting_admitted_interval_unsealed", "milliseconds": 1562.1842489999835}
{"actual_sense_counts": [135, 34, 28, 8, 5, 18], "event": "native_roster", "source_ports": [220, 8]}
{"after": 651686, "before": 651685, "consumed_physical_return_tick": 651685, "cue": false, "event": "physical", "external_guided_vocal_axis_count": 0, "external_heard_sample_count": 0, "guided": false, "intervals": 1, "milliseconds": 1600.1578039940796, "pending_physical_return_tick": null, "physical_return_source_count": 1, "self_heard_sample_count": 0, "self_hearing_source_tick": null, "stage": "finish-existing-lesson", "vestibular_return_consumed": false, "world_revision": 310171}
{"after": 651687, "before": 651686, "consumed_self": null, "event": "native", "intervals": [{"breath": [], "motor": [["474c4e4c494e4531000000000000048b", 76, 6, [], [["474c4e4c494e45310000000000000a53", "474c4e4c494e4531000000000000266d", "474c4e4c494e45310000000000000492", 5, 77, "articulated-body-proprioceptor", "right_hip_pitch-toward-maximum"], ["474c4e4c494e45310000000000000e51", "474c4e4c494e45310000000000002a6b", "474c4e4c494e45310000000000000890", 5, 150, "articulated-body-effector-load-receptor", "right_hip_pitch-toward-minimum-load"]]]], "nonzero_pressure": 0, "pressure_samples": 4000, "tick": 651687, "work": [["474c4e4c494e4531000000000000039d", [["474c4e4c494e45310000000000000818", "474c4e4c494e45310000000000000734", ["474c4e4c494e45310000000000000734", "474c4e4c494e45310000000000000818", 0], ["474c4e4c494e4531000000000000039d", "474c4e4c494e45310000000000000818", 0], [1961054606913824467561252329, 19848500000000000000000000000]]], [[1961054606913824467561252329, 19848500000000000000000000000], [1961054606913824467561252329, 19848500000000000000000000000], [0, 1], [1956958373377273513928159541, 19807040628566084398385987584], [0, 1], [0, 1], [111572917368664395867, 46865945567619076512022528000000000000000000000000]]], ["474c4e4c494e4531000000000000048b", [["474c4e4c494e45310000000000000700", "474c4e4c494e453100000000000005f2", ["474c4e4c494e453100000000000005f2", "474c4e4c494e45310000000000000700", 0], ["474c4e4c494e4531000000000000048b", "474c4e4c494e45310000000000000700", 0], [284135178831975286020454239, 5300019531250000000000000000]], ["474c4e4c494e453100000000000007ee", "474c4e4c494e4531000000000000070a", ["474c4e4c494e4531000000000000070a", "474c4e4c494e453100000000000007ee", 0], ["474c4e4c494e4531000000000000048b", "474c4e4c494e453100000000000007ee", 0], [5604841631178297629892294111, 64173008000000000000000000000]], ["474c4e4c494e453100000000000007fc", "474c4e4c494e45310000000000000718", ["474c4e4c494e45310000000000000718", "474c4e4c494e453100000000000007fc", 0], ["474c4e4c494e4531000000000000048b", "474c4e4c494e453100000000000007fc", 0], [568667826791084568743557699113, 4952306750000000000000000000000]], ["474c4e4c494e4531000000000000080a", "474c4e4c494e45310000000000000726", ["474c4e4c494e45310000000000000726", "474c4e4c494e4531000000000000080a", 0], ["474c4e4c494e4531000000000000048b", "474c4e4c494e4531000000000000080a", 0], [13188681178864452557214528969, 101892707000000000000000000000]]], [[8462415205233635800474985005835607357670173285458871, 21967997680322549831000060770000000000000000000000000], [8462415205233635800474985005835607357670173285458871, 21967997680322549831000060770000000000000000000000000], [0, 1], [0, 1], [8462415205233635800474985005835607357670173285458871, 21967997680322549831000060770000000000000000000000000], [0, 1], [0, 1]]]]}], "method": "advance_coexisting_admitted_interval_unsealed", "milliseconds": 659.0675240004202}
{"actual_sense_counts": [135, 34, 28, 8, 5, 10], "event": "native_roster", "source_ports": [220]}
{"after": 651687, "before": 651686, "consumed_physical_return_tick": null, "cue": false, "event": "physical", "external_guided_vocal_axis_count": 0, "external_heard_sample_count": 0, "guided": false, "intervals": 1, "milliseconds": 797.0746770006372, "pending_physical_return_tick": 651687, "physical_return_source_count": 0, "self_heard_sample_count": 0, "self_hearing_source_tick": null, "stage": "finish-existing-lesson", "vestibular_return_consumed": false, "world_revision": 310173}
{"after": 651688, "before": 651687, "consumed_self": null, "event": "native", "intervals": [{"breath": [], "motor": [], "nonzero_pressure": 0, "pressure_samples": 0, "tick": 651688, "work": []}], "method": "advance_coexisting_admitted_interval_unsealed", "milliseconds": 1339.6324249988538}
{"actual_sense_counts": [135, 34, 28, 8, 5, 14], "event": "native_roster", "source_ports": [220, 4]}
{"after": 651688, "before": 651687, "consumed_physical_return_tick": 651687, "cue": false, "event": "physical", "external_guided_vocal_axis_count": 0, "external_heard_sample_count": 0, "guided": false, "intervals": 1, "milliseconds": 1376.8444859961164, "pending_physical_return_tick": null, "physical_return_source_count": 1, "self_heard_sample_count": 0, "self_hearing_source_tick": null, "stage": "finish-existing-lesson", "vestibular_return_consumed": false, "world_revision": 310173}
{"after": 651689, "before": 651688, "consumed_self": null, "event": "native", "intervals": [{"breath": [], "motor": [["474c4e4c494e4531000000000000039d", 59, 6, [], [["474c4e4c494e4531000000000000092d", "474c4e4c494e45310000000000002547", "474c4e4c494e4531000000000000036c", 5, 56, "articulated-body-proprioceptor", "left_grip_aperture-toward-minimum"], ["474c4e4c494e45310000000000000d47", "474c4e4c494e45310000000000002961", "474c4e4c494e45310000000000000786", 5, 131, "articulated-body-effector-load-receptor", "left_grip_aperture-toward-maximum-load"], ["474c4e4c494e453100000000000019a3", "474c4e4c494e453100000000000019a1", "474c4e4c494e45310000000000000059", 2, 27, "native-palmar-contact", "held-contact"]]], ["474c4e4c494e4531000000000000048b", 76, 6, [], [["474c4e4c494e45310000000000000a53", "474c4e4c494e4531000000000000266d", "474c4e4c494e45310000000000000492", 5, 77, "articulated-body-proprioceptor", "right_hip_pitch-toward-maximum"], ["474c4e4c494e45310000000000000e51", "474c4e4c494e45310000000000002a6b", "474c4e4c494e45310000000000000890", 5, 150, "articulated-body-effector-load-receptor", "right_hip_pitch-toward-minimum-load"]]]], "nonzero_pressure": 0, "pressure_samples": 4000, "tick": 651689, "work": [["474c4e4c494e4531000000000000039d", [["474c4e4c494e45310000000000000818", "474c4e4c494e45310000000000000734", ["474c4e4c494e45310000000000000734", "474c4e4c494e45310000000000000818", 0], ["474c4e4c494e4531000000000000039d", "474c4e4c494e45310000000000000818", 0], [980500008330472651370373609, 4962125000000000000000000000]]], [[980500008330472651370373609, 4962125000000000000000000000], [980500008330472651370373609, 4962125000000000000000000000], [1956958373377273513928159541, 19807040628566084398385987584], [0, 1], [13890970024969939875016140955267206327326954450853, 46865945567619076512022528000000000000000000000000], [0, 1], [0, 1]]], ["474c4e4c494e4531000000000000048b", [["474c4e4c494e45310000000000000700", "474c4e4c494e453100000000000005f2", ["474c4e4c494e453100000000000005f2", "474c4e4c494e45310000000000000700", 0], ["474c4e4c494e4531000000000000048b", "474c4e4c494e45310000000000000700", 0], [59097655338728771129183147511, 542722000000000000000000000000]], ["474c4e4c494e453100000000000007ee", "474c4e4c494e4531000000000000070a", ["474c4e4c494e4531000000000000070a", "474c4e4c494e453100000000000007ee", 0], ["474c4e4c494e4531000000000000048b", "474c4e4c494e453100000000000007ee", 0], [56730221800811363054718455517, 320865040000000000000000000000]], ["474c4e4c494e453100000000000007fc", "474c4e4c494e45310000000000000718", ["474c4e4c494e45310000000000000718", "474c4e4c494e453100000000000007fc", 0], ["474c4e4c494e4531000000000000048b", "474c4e4c494e453100000000000007fc", 0], [114939688552109897493476093229, 495230675000000000000000000000]], ["474c4e4c494e4531000000000000080a", "474c4e4c494e45310000000000000726", ["474c4e4c494e45310000000000000726", "474c4e4c494e4531000000000000080a", 0], ["474c4e4c494e4531000000000000048b", "474c4e4c494e4531000000000000080a", 0], [1332015789857757591827064322791, 5094635350000000000000000000000]]], [[427960226740069446657447618659789915722796497355289, 549199942008063745775001519250000000000000000000000], [427960226740069446657447618659789915722796497355289, 549199942008063745775001519250000000000000000000000], [0, 1], [0, 1], [427960226740069446657447618659789915722796497355289, 549199942008063745775001519250000000000000000000000], [0, 1], [0, 1]]]]}], "method": "advance_coexisting_admitted_interval_unsealed", "milliseconds": 683.4401380037889}
{"actual_sense_counts": [135, 34, 28, 8, 5, 10], "event": "native_roster", "source_ports": [220]}
{"after": 651689, "before": 651688, "consumed_physical_return_tick": null, "cue": false, "event": "physical", "external_guided_vocal_axis_count": 0, "external_heard_sample_count": 0, "guided": false, "intervals": 1, "milliseconds": 868.6587629999849, "pending_physical_return_tick": 651689, "physical_return_source_count": 0, "self_heard_sample_count": 0, "self_hearing_source_tick": null, "stage": "finish-existing-lesson", "vestibular_return_consumed": false, "world_revision": 310175}
{"after": 651690, "before": 651689, "consumed_self": null, "event": "native", "intervals": [{"breath": [], "motor": [], "nonzero_pressure": 0, "pressure_samples": 0, "tick": 651690, "work": []}], "method": "advance_coexisting_admitted_interval_unsealed", "milliseconds": 1439.3816660012817}
{"actual_sense_counts": [135, 34, 28, 8, 5, 18], "event": "native_roster", "source_ports": [220, 8]}
{"after": 651690, "before": 651689, "consumed_physical_return_tick": 651689, "cue": false, "event": "physical", "external_guided_vocal_axis_count": 0, "external_heard_sample_count": 0, "guided": false, "intervals": 1, "milliseconds": 1487.7864390000468, "pending_physical_return_tick": null, "physical_return_source_count": 1, "self_heard_sample_count": 0, "self_hearing_source_tick": null, "stage": "finish-existing-lesson", "vestibular_return_consumed": false, "world_revision": 310175}
{"after": 651691, "before": 651690, "consumed_self": null, "event": "native", "intervals": [{"breath": [], "motor": [["474c4e4c494e4531000000000000048b", 76, 6, [], [["474c4e4c494e45310000000000000a53", "474c4e4c494e4531000000000000266d", "474c4e4c494e45310000000000000492", 5, 77, "articulated-body-proprioceptor", "right_hip_pitch-toward-maximum"], ["474c4e4c494e45310000000000000e51", "474c4e4c494e45310000000000002a6b", "474c4e4c494e45310000000000000890", 5, 150, "articulated-body-effector-load-receptor", "right_hip_pitch-toward-minimum-load"]]]], "nonzero_pressure": 0, "pressure_samples": 4000, "tick": 651691, "work": [["474c4e4c494e4531000000000000039d", [["474c4e4c494e45310000000000000818", "474c4e4c494e45310000000000000734", ["474c4e4c494e45310000000000000734", "474c4e4c494e45310000000000000818", 0], ["474c4e4c494e4531000000000000039d", "474c4e4c494e45310000000000000818", 0], [1960997138873698652488862379, 19848500000000000000000000000]]], [[1960997138873698652488862379, 19848500000000000000000000000], [1960997138873698652488862379, 19848500000000000000000000000], [0, 1], [7827604101503528680972710503, 79228162514264337593543950336], [0, 1], [0, 1], [594710968751570901193, 187463782270476306048090112000000000000000000000000]]], ["474c4e4c494e4531000000000000048b", [["474c4e4c494e45310000000000000700", "474c4e4c494e453100000000000005f2", ["474c4e4c494e453100000000000005f2", "474c4e4c494e45310000000000000700", 0], ["474c4e4c494e4531000000000000048b", "474c4e4c494e45310000000000000700", 0], [1136464511615732077518210651, 21200078125000000000000000000]], ["474c4e4c494e453100000000000007ee", "474c4e4c494e4531000000000000070a", ["474c4e4c494e4531000000000000070a", "474c4e4c494e453100000000000007ee", 0], ["474c4e4c494e4531000000000000048b", "474c4e4c494e453100000000000007ee", 0], [140116457291151770284386294243, 1604325200000000000000000000000]], ["474c4e4c494e453100000000000007fc", "474c4e4c494e45310000000000000718", ["474c4e4c494e45310000000000000718", "474c4e4c494e453100000000000007fc", 0], ["474c4e4c494e4531000000000000048b", "474c4e4c494e453100000000000007fc", 0], [18148313164911856581624402141, 154759585937500000000000000000]], ["474c4e4c494e4531000000000000080a", "474c4e4c494e45310000000000000726", ["474c4e4c494e45310000000000000726", "474c4e4c494e4531000000000000080a", 0], ["474c4e4c494e4531000000000000048b", "474c4e4c494e4531000000000000080a", 0], [3297057765651512004981105459, 25473176750000000000000000000]]], [[8515754244514519941998528445118724192756322574015851, 21967997680322549831000060770000000000000000000000000], [8515754244514519941998528445118724192756322574015851, 21967997680322549831000060770000000000000000000000000], [0, 1], [0, 1], [8515754244514519941998528445118724192756322574015851, 21967997680322549831000060770000000000000000000000000], [0, 1], [0, 1]]]]}], "method": "advance_coexisting_admitted_interval_unsealed", "milliseconds": 673.3571430013399}
{"actual_sense_counts": [135, 34, 28, 8, 5, 10], "event": "native_roster", "source_ports": [220]}
{"after": 651691, "before": 651690, "consumed_physical_return_tick": null, "cue": false, "event": "physical", "external_guided_vocal_axis_count": 0, "external_heard_sample_count": 0, "guided": false, "intervals": 1, "milliseconds": 808.3455509986379, "pending_physical_return_tick": 651691, "physical_return_source_count": 0, "self_heard_sample_count": 0, "self_hearing_source_tick": null, "stage": "finish-existing-lesson", "vestibular_return_consumed": false, "world_revision": 310177}
{"after": 651692, "before": 651691, "consumed_self": null, "event": "native", "intervals": [{"breath": [], "motor": [], "nonzero_pressure": 0, "pressure_samples": 0, "tick": 651692, "work": []}], "method": "advance_coexisting_admitted_interval_unsealed", "milliseconds": 1293.9103489989066}
{"actual_sense_counts": [135, 34, 28, 8, 5, 14], "event": "native_roster", "source_ports": [220, 4]}
{"after": 651692, "before": 651691, "consumed_physical_return_tick": 651691, "cue": false, "event": "physical", "external_guided_vocal_axis_count": 0, "external_heard_sample_count": 0, "guided": false, "intervals": 1, "milliseconds": 1330.9316800005035, "pending_physical_return_tick": null, "physical_return_source_count": 1, "self_heard_sample_count": 0, "self_hearing_source_tick": null, "stage": "finish-existing-lesson", "vestibular_return_consumed": false, "world_revision": 310177}
{"after": 651692, "event": "tail", "last_eight_vocally_quiet": true, "pending_physical": false, "stage": "finish-existing-lesson"}
{"body": "8a8ccaa0bfeb0c3ae4d805ec303394db758ddbe1aa35fde2b378cf0e957b0501", "event": "rested", "tick": 651692, "world": "be560f2b9126c6494d95ca1287f7d711f451ed0168480351d90a48dbeededa59"}
{"body": "8a8ccaa0bfeb0c3ae4d805ec303394db758ddbe1aa35fde2b378cf0e957b0501", "event": "cold_exact", "tick": 651692, "world": "be560f2b9126c6494d95ca1287f7d711f451ed0168480351d90a48dbeededa59"}
{"after": 651693, "before": 651692, "consumed_self": null, "event": "native", "intervals": [{"breath": [], "motor": [["474c4e4c494e4531000000000000039d", 59, 6, [], [["474c4e4c494e4531000000000000092d", "474c4e4c494e45310000000000002547", "474c4e4c494e4531000000000000036c", 5, 56, "articulated-body-proprioceptor", "left_grip_aperture-toward-minimum"], ["474c4e4c494e45310000000000000d47", "474c4e4c494e45310000000000002961", "474c4e4c494e45310000000000000786", 5, 131, "articulated-body-effector-load-receptor", "left_grip_aperture-toward-maximum-load"], ["474c4e4c494e453100000000000019a3", "474c4e4c494e453100000000000019a1", "474c4e4c494e45310000000000000059", 2, 27, "native-palmar-contact", "held-contact"]]], ["474c4e4c494e4531000000000000048b", 76, 6, [], [["474c4e4c494e45310000000000000a53", "474c4e4c494e4531000000000000266d", "474c4e4c494e45310000000000000492", 5, 77, "articulated-body-proprioceptor", "right_hip_pitch-toward-maximum"], ["474c4e4c494e45310000000000000e51", "474c4e4c494e45310000000000002a6b", "474c4e4c494e45310000000000000890", 5, 150, "articulated-body-effector-load-receptor", "right_hip_pitch-toward-minimum-load"]]]], "nonzero_pressure": 0, "pressure_samples": 4000, "tick": 651693, "work": [["474c4e4c494e4531000000000000039d", [["474c4e4c494e45310000000000000818", "474c4e4c494e45310000000000000734", ["474c4e4c494e45310000000000000734", "474c4e4c494e45310000000000000818", 0], ["474c4e4c494e4531000000000000039d", "474c4e4c494e45310000000000000818", 0], [1960957348700075712374902749, 9924250000000000000000000000]]], [[1960957348700075712374902749, 9924250000000000000000000000], [1960957348700075712374902749, 9924250000000000000000000000], [7827604101503528680972710503, 79228162514264337593543950336], [0, 1], [55562531354593494997712192822348861322224500385591, 187463782270476306048090112000000000000000000000000], [0, 1], [0, 1]]], ["474c4e4c494e4531000000000000048b", [["474c4e4c494e45310000000000000700", "474c4e4c494e453100000000000005f2", ["474c4e4c494e453100000000000005f2", "474c4e4c494e45310000000000000700", 0], ["474c4e4c494e4531000000000000048b", "474c4e4c494e45310000000000000700", 0], [663976578590054222381556759, 6098000000000000000000000000]], ["474c4e4c494e453100000000000007ee", "474c4e4c494e4531000000000000070a", ["474c4e4c494e4531000000000000070a", "474c4e4c494e453100000000000007ee", 0], ["474c4e4c494e4531000000000000048b", "474c4e4c494e453100000000000007ee", 0], [283642633749698013343298060493, 1604325200000000000000000000000]], ["474c4e4c494e453100000000000007fc", "474c4e4c494e45310000000000000718", ["474c4e4c494e45310000000000000718", "474c4e4c494e453100000000000007fc", 0], ["474c4e4c494e4531000000000000048b", "474c4e4c494e453100000000000007fc", 0], [5746774987210353129671615019, 24761533750000000000000000000]], ["474c4e4c494e4531000000000000080a", "474c4e4c494e45310000000000000726", ["474c4e4c494e45310000000000000726", "474c4e4c494e4531000000000000080a", 0], ["474c4e4c494e4531000000000000048b", "474c4e4c494e4531000000000000080a", 0], [1318786321966029842255308197, 5094635350000000000000000000]]], [[9584781203942359972623272262073598128294172556057, 12341571730518286421910146500000000000000000000000], [9584781203942359972623272262073598128294172556057, 12341571730518286421910146500000000000000000000000], [0, 1], [0, 1], [9584781203942359972623272262073598128294172556057, 12341571730518286421910146500000000000000000000000], [0, 1], [0, 1]]]]}], "method": "advance_coexisting_admitted_interval_unsealed", "milliseconds": 925.2915730030509}
{"actual_sense_counts": [135, 34, 28, 8, 5, 10], "event": "native_roster", "source_ports": [220]}
{"after": 651693, "before": 651692, "consumed_physical_return_tick": null, "cue": false, "event": "physical", "external_guided_vocal_axis_count": 0, "external_heard_sample_count": 0, "guided": false, "intervals": 1, "milliseconds": 1081.5192699956242, "pending_physical_return_tick": 651693, "physical_return_source_count": 0, "self_heard_sample_count": 0, "self_hearing_source_tick": null, "stage": "recall", "vestibular_return_consumed": false, "world_revision": 310179}
{"after": 651694, "before": 651693, "consumed_self": null, "event": "native", "intervals": [{"breath": [], "motor": [], "nonzero_pressure": 0, "pressure_samples": 0, "tick": 651694, "work": []}], "method": "advance_coexisting_admitted_interval_unsealed", "milliseconds": 1492.7013210035511}
{"actual_sense_counts": [135, 34, 28, 8, 5, 18], "event": "native_roster", "source_ports": [220, 8]}
{"after": 651694, "before": 651693, "consumed_physical_return_tick": 651693, "cue": false, "event": "physical", "external_guided_vocal_axis_count": 0, "external_heard_sample_count": 0, "guided": false, "intervals": 1, "milliseconds": 1529.5640179974725, "pending_physical_return_tick": null, "physical_return_source_count": 1, "self_heard_sample_count": 0, "self_hearing_source_tick": null, "stage": "recall", "vestibular_return_consumed": false, "world_revision": 310179}
{"after": 651695, "before": 651694, "consumed_self": null, "event": "native", "intervals": [{"breath": [], "motor": [["474c4e4c494e4531000000000000048b", 76, 5, [], [["474c4e4c494e45310000000000000a53", "474c4e4c494e4531000000000000266d", "474c4e4c494e45310000000000000492", 5, 77, "articulated-body-proprioceptor", "right_hip_pitch-toward-maximum"], ["474c4e4c494e45310000000000000e51", "474c4e4c494e45310000000000002a6b", "474c4e4c494e45310000000000000890", 5, 150, "articulated-body-effector-load-receptor", "right_hip_pitch-toward-minimum-load"]]]], "nonzero_pressure": 0, "pressure_samples": 4000, "tick": 651695, "work": [["474c4e4c494e4531000000000000039d", [["474c4e4c494e45310000000000000818", "474c4e4c494e45310000000000000734", ["474c4e4c494e45310000000000000734", "474c4e4c494e45310000000000000818", 0], ["474c4e4c494e4531000000000000039d", "474c4e4c494e45310000000000000818", 0], [11205475700385099014744661, 113420000000000000000000000]]], [[11205475700385099014744661, 113420000000000000000000000], [11205475700385099014744661, 113420000000000000000000000], [0, 1], [7827448861221571377229115609, 79228162514264337593543950336], [0, 1], [0, 1], [8099834816074919737, 1071221612974150320274800640000000000000000000000]]], ["474c4e4c494e4531000000000000048b", [["474c4e4c494e45310000000000000700", "474c4e4c494e453100000000000005f2", ["474c4e4c494e453100000000000005f2", "474c4e4c494e45310000000000000700", 0], ["474c4e4c494e4531000000000000048b", "474c4e4c494e45310000000000000700", 0], [1136386880026519125543816321, 21200078125000000000000000000]], ["474c4e4c494e453100000000000007ee", "474c4e4c494e4531000000000000070a", ["474c4e4c494e4531000000000000070a", "474c4e4c494e453100000000000007ee", 0], ["474c4e4c494e4531000000000000048b", "474c4e4c494e453100000000000007ee", 0], [140112369948940373455205973021, 1604325200000000000000000000000]], ["474c4e4c494e453100000000000007fc", "474c4e4c494e45310000000000000718", ["474c4e4c494e45310000000000000718", "474c4e4c494e453100000000000007fc", 0], ["474c4e4c494e4531000000000000048b", "474c4e4c494e453100000000000007fc", 0], [18147654494536778370319327299, 154759585937500000000000000000]], ["474c4e4c494e4531000000000000080a", "474c4e4c494e45310000000000000726", ["474c4e4c494e45310000000000000726", "474c4e4c494e4531000000000000080a", 0], ["474c4e4c494e4531000000000000048b", "474c4e4c494e4531000000000000080a", 0], [6593916566102660329568813847, 50946353500000000000000000000]]], [[8515438541762043525287272091476431058460167203337461, 21967997680322549831000060770000000000000000000000000], [8515438541762043525287272091476431058460167203337461, 21967997680322549831000060770000000000000000000000000], [0, 1], [0, 1], [8515438541762043525287272091476431058460167203337461, 21967997680322549831000060770000000000000000000000000], [0, 1], [0, 1]]]]}], "method": "advance_coexisting_admitted_interval_unsealed", "milliseconds": 683.1139789937879}
{"actual_sense_counts": [135, 34, 28, 8, 5, 10], "event": "native_roster", "source_ports": [220]}
{"after": 651695, "before": 651694, "consumed_physical_return_tick": null, "cue": false, "event": "physical", "external_guided_vocal_axis_count": 0, "external_heard_sample_count": 0, "guided": false, "intervals": 1, "milliseconds": 815.7784350041766, "pending_physical_return_tick": 651695, "physical_return_source_count": 0, "self_heard_sample_count": 0, "self_hearing_source_tick": null, "stage": "recall", "vestibular_return_consumed": false, "world_revision": 310181}
{"after": 651696, "before": 651695, "consumed_self": null, "event": "native", "intervals": [{"breath": [], "motor": [], "nonzero_pressure": 0, "pressure_samples": 0, "tick": 651696, "work": []}], "method": "advance_coexisting_admitted_interval_unsealed", "milliseconds": 1373.194034997141}
{"actual_sense_counts": [135, 34, 28, 8, 5, 14], "event": "native_roster", "source_ports": [220, 4]}
{"after": 651696, "before": 651695, "consumed_physical_return_tick": 651695, "cue": false, "event": "physical", "external_guided_vocal_axis_count": 0, "external_heard_sample_count": 0, "guided": false, "intervals": 1, "milliseconds": 1408.5412329950486, "pending_physical_return_tick": null, "physical_return_source_count": 1, "self_heard_sample_count": 0, "self_hearing_source_tick": null, "stage": "recall", "vestibular_return_consumed": false, "world_revision": 310181}
{"after": 651697, "before": 651696, "consumed_self": null, "event": "native", "intervals": [{"breath": [], "motor": [["474c4e4c494e4531000000000000039d", 59, 6, [], [["474c4e4c494e4531000000000000092d", "474c4e4c494e45310000000000002547", "474c4e4c494e4531000000000000036c", 5, 56, "articulated-body-proprioceptor", "left_grip_aperture-toward-minimum"], ["474c4e4c494e45310000000000000d47", "474c4e4c494e45310000000000002961", "474c4e4c494e45310000000000000786", 5, 131, "articulated-body-effector-load-receptor", "left_grip_aperture-toward-maximum-load"], ["474c4e4c494e453100000000000019a3", "474c4e4c494e453100000000000019a1", "474c4e4c494e45310000000000000059", 2, 27, "native-palmar-contact", "held-contact"]]], ["474c4e4c494e4531000000000000048b", 76, 6, [], [["474c4e4c494e45310000000000000a53", "474c4e4c494e4531000000000000266d", "474c4e4c494e45310000000000000492", 5, 77, "articulated-body-proprioceptor", "right_hip_pitch-toward-maximum"], ["474c4e4c494e45310000000000000e51", "474c4e4c494e45310000000000002a6b", "474c4e4c494e45310000000000000890", 5, 150, "articulated-body-effector-load-receptor", "right_hip_pitch-toward-minimum-load"]]]], "nonzero_pressure": 0, "pressure_samples": 4000, "tick": 651697, "work": [["474c4e4c494e4531000000000000039d", [["474c4e4c494e45310000000000000818", "474c4e4c494e45310000000000000734", ["474c4e4c494e45310000000000000734", "474c4e4c494e45310000000000000818", 0], ["474c4e4c494e4531000000000000039d", "474c4e4c494e45310000000000000818", 0], [980458123081528690475401557, 4962125000000000000000000000]]], [[980458123081528690475401557, 4962125000000000000000000000], [980458123081528690475401557, 4962125000000000000000000000], [7827448861221571377229115609, 79228162514264337593543950336], [0, 1], [55561387631618037877844683328151033333713325013001, 187463782270476306048090112000000000000000000000000], [0, 1], [0, 1]]], ["474c4e4c494e4531000000000000048b", [["474c4e4c494e45310000000000000700", "474c4e4c494e453100000000000005f2", ["474c4e4c494e453100000000000005f2", "474c4e4c494e45310000000000000700", 0], ["474c4e4c494e4531000000000000048b", "474c4e4c494e45310000000000000700", 0], [59090101400694598413372978291, 542722000000000000000000000000]], ["474c4e4c494e453100000000000007ee", "474c4e4c494e4531000000000000070a", ["474c4e4c494e4531000000000000070a", "474c4e4c494e453100000000000007ee", 0], ["474c4e4c494e4531000000000000048b", "474c4e4c494e453100000000000007ee", 0], [283634761131326890119352348719, 1604325200000000000000000000000]], ["474c4e4c494e453100000000000007fc", "474c4e4c494e45310000000000000718", ["474c4e4c494e45310000000000000718", "474c4e4c494e453100000000000007fc", 0], ["474c4e4c494e4531000000000000048b", "474c4e4c494e453100000000000007fc", 0], [229863355300208126521852026003, 990461350000000000000000000000]], ["474c4e4c494e4531000000000000080a", "474c4e4c494e45310000000000000726", ["474c4e4c494e45310000000000000726", "474c4e4c494e4531000000000000080a", 0], ["474c4e4c494e4531000000000000048b", "474c4e4c494e4531000000000000080a", 0], [1331935592383122915143992299201, 5094635350000000000000000000000]]], [[1711717828739427579729307953238194219417596304534201, 2196799768032254983100006077000000000000000000000000], [1711717828739427579729307953238194219417596304534201, 2196799768032254983100006077000000000000000000000000], [0, 1], [0, 1], [1711717828739427579729307953238194219417596304534201, 2196799768032254983100006077000000000000000000000000], [0, 1], [0, 1]]]]}], "method": "advance_coexisting_admitted_interval_unsealed", "milliseconds": 701.4121589963906}
{"actual_sense_counts": [135, 34, 28, 8, 5, 10], "event": "native_roster", "source_ports": [220]}
{"after": 651697, "before": 651696, "consumed_physical_return_tick": null, "cue": false, "event": "physical", "external_guided_vocal_axis_count": 0, "external_heard_sample_count": 0, "guided": false, "intervals": 1, "milliseconds": 841.086775995791, "pending_physical_return_tick": 651697, "physical_return_source_count": 0, "self_heard_sample_count": 0, "self_hearing_source_tick": null, "stage": "recall", "vestibular_return_consumed": false, "world_revision": 310183}
{"after": 651698, "before": 651697, "consumed_self": null, "event": "native", "intervals": [{"breath": [], "motor": [], "nonzero_pressure": 0, "pressure_samples": 0, "tick": 651698, "work": []}], "method": "advance_coexisting_admitted_interval_unsealed", "milliseconds": 1668.666072000633}
{"actual_sense_counts": [135, 34, 28, 8, 5, 18], "event": "native_roster", "source_ports": [220, 8]}
{"after": 651698, "before": 651697, "consumed_physical_return_tick": 651697, "cue": false, "event": "physical", "external_guided_vocal_axis_count": 0, "external_heard_sample_count": 0, "guided": false, "intervals": 1, "milliseconds": 1710.2090650005266, "pending_physical_return_tick": null, "physical_return_source_count": 1, "self_heard_sample_count": 0, "self_hearing_source_tick": null, "stage": "recall", "vestibular_return_consumed": false, "world_revision": 310183}
{"after": 651699, "before": 651698, "consumed_self": null, "event": "native", "intervals": [{"breath": [], "motor": [["474c4e4c494e4531000000000000048b", 76, 6, [], [["474c4e4c494e45310000000000000a53", "474c4e4c494e4531000000000000266d", "474c4e4c494e45310000000000000492", 5, 77, "articulated-body-proprioceptor", "right_hip_pitch-toward-maximum"], ["474c4e4c494e45310000000000000e51", "474c4e4c494e45310000000000002a6b", "474c4e4c494e45310000000000000890", 5, 150, "articulated-body-effector-load-receptor", "right_hip_pitch-toward-minimum-load"]]]], "nonzero_pressure": 0, "pressure_samples": 4000, "tick": 651699, "work": [["474c4e4c494e4531000000000000039d", [["474c4e4c494e45310000000000000818", "474c4e4c494e45310000000000000734", ["474c4e4c494e45310000000000000734", "474c4e4c494e45310000000000000818", 0], ["474c4e4c494e4531000000000000039d", "474c4e4c494e45310000000000000818", 0], [168639077819630260226045891403, 1746668000000000000000000000000]]], [[168639077819630260226045891403, 1746668000000000000000000000000], [168639077819630260226045891403, 1746668000000000000000000000000], [0, 1], [3824700590996496381850925961, 39614081257132168796771975168], [0, 1], [0, 1], [7330016057407360610061, 1031050802487619683264495616000000000000000000000000]]], ["474c4e4c494e4531000000000000048b", [["474c4e4c494e45310000000000000700", "474c4e4c494e453100000000000005f2", ["474c4e4c494e453100000000000005f2", "474c4e4c494e45310000000000000700", 0], ["474c4e4c494e4531000000000000048b", "474c4e4c494e45310000000000000700", 0], [239991481474786764709843923, 4341776000000000000000000000]], ["474c4e4c494e453100000000000007ee", "474c4e4c494e4531000000000000070a", ["474c4e4c494e4531000000000000070a", "474c4e4c494e453100000000000007ee", 0], ["474c4e4c494e4531000000000000048b", "474c4e4c494e453100000000000007ee", 0], [140108877982042104986514536571, 1604325200000000000000000000000]], ["474c4e4c494e453100000000000007fc", "474c4e4c494e45310000000000000718", ["474c4e4c494e45310000000000000718", "474c4e4c494e453100000000000007fc", 0], ["474c4e4c494e4531000000000000048b", "474c4e4c494e453100000000000007fc", 0], [36294052425829555489084460637, 309519171875000000000000000000]], ["474c4e4c494e4531000000000000080a", "474c4e4c494e45310000000000000726", ["474c4e4c494e45310000000000000726", "474c4e4c494e4531000000000000080a", 0], ["474c4e4c494e4531000000000000048b", "474c4e4c494e4531000000000000080a", 0], [13187444483326249799337901959, 101892707000000000000000000000]]], [[855194823674760481685516576303058035420050480464753, 2196799768032254983100006077000000000000000000000000], [855194823674760481685516576303058035420050480464753, 2196799768032254983100006077000000000000000000000000], [0, 1], [0, 1], [855194823674760481685516576303058035420050480464753, 2196799768032254983100006077000000000000000000000000], [0, 1], [0, 1]]]]}], "method": "advance_coexisting_admitted_interval_unsealed", "milliseconds": 725.2940510006738}
{"actual_sense_counts": [135, 34, 28, 8, 5, 10], "event": "native_roster", "source_ports": [220]}
{"after": 651699, "before": 651698, "consumed_physical_return_tick": null, "cue": false, "event": "physical", "external_guided_vocal_axis_count": 0, "external_heard_sample_count": 0, "guided": false, "intervals": 1, "milliseconds": 884.4569739958388, "pending_physical_return_tick": 651699, "physical_return_source_count": 0, "self_heard_sample_count": 0, "self_hearing_source_tick": null, "stage": "recall", "vestibular_return_consumed": false, "world_revision": 310185}
{"after": 651700, "before": 651699, "consumed_self": null, "event": "native", "intervals": [{"breath": [], "motor": [], "nonzero_pressure": 0, "pressure_samples": 0, "tick": 651700, "work": []}], "method": "advance_coexisting_admitted_interval_unsealed", "milliseconds": 1412.7632899981108}
{"actual_sense_counts": [135, 34, 28, 8, 5, 14], "event": "native_roster", "source_ports": [220, 4]}
{"after": 651700, "before": 651699, "consumed_physical_return_tick": 651699, "cue": false, "event": "physical", "external_guided_vocal_axis_count": 0, "external_heard_sample_count": 0, "guided": false, "intervals": 1, "milliseconds": 1449.2304650048027, "pending_physical_return_tick": null, "physical_return_source_count": 1, "self_heard_sample_count": 0, "self_hearing_source_tick": null, "stage": "recall", "vestibular_return_consumed": false, "world_revision": 310185}
{"event": "quiet_baseline", "intervals_since_start": 8, "stage": "recall", "tick": 651700}
{"before": 651700, "event": "cue_entry", "quiet_at_cue": true, "stage": "recall"}
{"after": 651701, "before": 651700, "consumed_self": null, "event": "native", "intervals": [{"breath": [], "motor": [["474c4e4c494e4531000000000000039d", 59, 6, [], [["474c4e4c494e4531000000000000092d", "474c4e4c494e45310000000000002547", "474c4e4c494e4531000000000000036c", 5, 56, "articulated-body-proprioceptor", "left_grip_aperture-toward-minimum"], ["474c4e4c494e45310000000000000d47", "474c4e4c494e45310000000000002961", "474c4e4c494e45310000000000000786", 5, 131, "articulated-body-effector-load-receptor", "left_grip_aperture-toward-maximum-load"], ["474c4e4c494e453100000000000019a3", "474c4e4c494e453100000000000019a1", "474c4e4c494e45310000000000000059", 2, 27, "native-palmar-contact", "held-contact"]]], ["474c4e4c494e4531000000000000048b", 76, 6, [], [["474c4e4c494e45310000000000000a53", "474c4e4c494e4531000000000000266d", "474c4e4c494e45310000000000000492", 5, 77, "articulated-body-proprioceptor", "right_hip_pitch-toward-maximum"], ["474c4e4c494e45310000000000000e51", "474c4e4c494e45310000000000002a6b", "474c4e4c494e45310000000000000890", 5, 150, "articulated-body-effector-load-receptor", "right_hip_pitch-toward-minimum-load"]]]], "nonzero_pressure": 0, "pressure_samples": 4000, "tick": 651701, "work": [["474c4e4c494e4531000000000000039d", [["474c4e4c494e45310000000000000818", "474c4e4c494e45310000000000000734", ["474c4e4c494e45310000000000000734", "474c4e4c494e45310000000000000818", 0], ["474c4e4c494e4531000000000000039d", "474c4e4c494e45310000000000000818", 0], [140062240497962556004957551, 708875000000000000000000000]]], [[140062240497962556004957551, 708875000000000000000000000], [140062240497962556004957551, 708875000000000000000000000], [3824700590996496381850925961, 39614081257132168796771975168], [0, 1], [3938518337051829370025720397888529522121627383359, 13390270162176879003435008000000000000000000000000], [0, 1], [0, 1]]], ["474c4e4c494e4531000000000000048b", [["474c4e4c494e45310000000000000700", "474c4e4c494e453100000000000005f2", ["474c4e4c494e453100000000000005f2", "474c4e4c494e45310000000000000700", 0], ["474c4e4c494e4531000000000000048b", "474c4e4c494e45310000000000000700", 0], [59086361556480653076148382331, 542722000000000000000000000000]], ["474c4e4c494e453100000000000007ee", "474c4e4c494e4531000000000000070a", ["474c4e4c494e4531000000000000070a", "474c4e4c494e453100000000000007ee", 0], ["474c4e4c494e4531000000000000048b", "474c4e4c494e453100000000000007ee", 0], [283627692027606005170537977369, 1604325200000000000000000000000]], ["474c4e4c494e453100000000000007fc", "474c4e4c494e45310000000000000718", ["474c4e4c494e45310000000000000718", "474c4e4c494e453100000000000007fc", 0], ["474c4e4c494e4531000000000000048b", "474c4e4c494e453100000000000007fc", 0], [45971107372061023399529161113, 198092270000000000000000000000]], ["474c4e4c494e4531000000000000080a", "474c4e4c494e45310000000000000726", ["474c4e4c494e45310000000000000726", "474c4e4c494e4531000000000000080a", 0], ["474c4e4c494e4531000000000000048b", "474c4e4c494e4531000000000000080a", 0], [190270556496842762699551294119, 727805050000000000000000000000]]], [[122261263606489203644448977125964930428858331119089, 156914269145161070221429005500000000000000000000000], [122261263606489203644448977125964930428858331119089, 156914269145161070221429005500000000000000000000000], [0, 1], [0, 1], [122261263606489203644448977125964930428858331119089, 156914269145161070221429005500000000000000000000000], [0, 1], [0, 1]]]]}], "method": "advance_coexisting_admitted_interval_unsealed", "milliseconds": 1803.3430309951655}
{"actual_sense_counts": [135, 34, 28, 8, 5, 10], "event": "native_roster", "source_ports": [220]}
{"after": 651701, "before": 651700, "consumed_physical_return_tick": null, "cue": true, "event": "physical", "external_guided_vocal_axis_count": 0, "external_heard_sample_count": 4000, "guided": false, "intervals": 1, "milliseconds": 1952.4314849986695, "pending_physical_return_tick": 651701, "physical_return_source_count": 0, "self_heard_sample_count": 0, "self_hearing_source_tick": null, "stage": "recall", "vestibular_return_consumed": false, "world_revision": 310187}
{"after": 651702, "before": 651701, "consumed_self": null, "event": "native", "intervals": [{"breath": [], "motor": [], "nonzero_pressure": 0, "pressure_samples": 0, "tick": 651702, "work": []}], "method": "advance_coexisting_admitted_interval_unsealed", "milliseconds": 1426.8136519967811}
{"actual_sense_counts": [135, 34, 28, 8, 5, 18], "event": "native_roster", "source_ports": [220, 8]}
{"after": 651702, "before": 651701, "consumed_physical_return_tick": 651701, "cue": false, "event": "physical", "external_guided_vocal_axis_count": 0, "external_heard_sample_count": 0, "guided": false, "intervals": 1, "milliseconds": 1463.8104420009768, "pending_physical_return_tick": null, "physical_return_source_count": 1, "self_heard_sample_count": 0, "self_hearing_source_tick": null, "stage": "recall", "vestibular_return_consumed": false, "world_revision": 310187}
{"after": 651703, "before": 651702, "consumed_self": null, "event": "native", "intervals": [{"breath": [["474c4e4c494e4531000000000000008e", 3, 249, [["474c4e4c494e4531000000000000268e", 11, "474c4e4c494e453100000000000000b7", 12, 0, 27], ["474c4e4c494e4531000000000000268e", 11, "474c4e4c494e453100000000000000d3", 12, 0, 70], ["474c4e4c494e4531000000000000268e", 11, "474c4e4c494e453100000000000000ef", 12, 0, 76], ["474c4e4c494e4531000000000000268e", 11, "474c4e4c494e453100000000000004fb", 12, 0, 76]]]], "motor": [["474c4e4c494e4531000000000000048b", 76, 6, [], [["474c4e4c494e45310000000000000a53", "474c4e4c494e4531000000000000266d", "474c4e4c494e45310000000000000492", 5, 77, "articulated-body-proprioceptor", "right_hip_pitch-toward-maximum"], ["474c4e4c494e45310000000000000e51", "474c4e4c494e45310000000000002a6b", "474c4e4c494e45310000000000000890", 5, 150, "articulated-body-effector-load-receptor", "right_hip_pitch-toward-minimum-load"]]], ["474c4e4c494e453100000000000000b7", 6, 27, [["474c4e4c494e4531000000000000268e", 11, "474c4e4c494e453100000000000000b7", 12, 0, 27]], [["474c4e4c494e45310000000000000f15", "474c4e4c494e45310000000000002b2f", "474c4e4c494e45310000000000000954", 5, 164, "articulated-body-proprioceptor", "vocal_tract_section_0_area-toward-minimum"], ["474c4e4c494e45310000000000001003", "474c4e4c494e45310000000000002c1d", "474c4e4c494e45310000000000000a42", 5, 181, "articulated-body-effector-load-receptor", "vocal_tract_section_0_area-toward-maximum-load"]]], ["474c4e4c494e453100000000000000d3", 8, 70, [["474c4e4c494e4531000000000000268e", 11, "474c4e4c494e453100000000000000d3", 12, 0, 70]], [["474c4e4c494e45310000000000000f31", "474c4e4c494e45310000000000002b4b", "474c4e4c494e45310000000000000970", 5, 166, "articulated-body-proprioceptor", "vocal_tract_section_1_area-toward-minimum"], ["474c4e4c494e4531000000000000101f", "474c4e4c494e45310000000000002c39", "474c4e4c494e45310000000000000a5e", 5, 183, "articulated-body-effector-load-receptor", "vocal_tract_section_1_area-toward-maximum-load"]]], ["474c4e4c494e453100000000000000ef", 10, 76, [["474c4e4c494e4531000000000000268e", 11, "474c4e4c494e453100000000000000ef", 12, 0, 76]], [["474c4e4c494e45310000000000000f4d", "474c4e4c494e45310000000000002b67", "474c4e4c494e4531000000000000098c", 5, 168, "articulated-body-proprioceptor", "vocal_tract_section_2_area-toward-minimum"], ["474c4e4c494e4531000000000000103b", "474c4e4c494e45310000000000002c55", "474c4e4c494e45310000000000000a7a", 5, 185, "articulated-body-effector-load-receptor", "vocal_tract_section_2_area-toward-maximum-load"]]], ["474c4e4c494e453100000000000004fb", 84, 76, [["474c4e4c494e4531000000000000268e", 11, "474c4e4c494e453100000000000004fb", 12, 0, 76]], [["474c4e4c494e45310000000000000fd9", "474c4e4c494e45310000000000002bf3", "474c4e4c494e45310000000000000a18", 5, 178, "articulated-body-proprioceptor", "vocal_tract_section_7_area-toward-minimum"], ["474c4e4c494e453100000000000010c7", "474c4e4c494e45310000000000002ce1", "474c4e4c494e45310000000000000b06", 5, 195, "articulated-body-effector-load-receptor", "vocal_tract_section_7_area-toward-maximum-load"]]]], "nonzero_pressure": 3994, "pressure_samples": 4000, "tick": 651703, "work": [["474c4e4c494e4531000000000000039d", [["474c4e4c494e45310000000000000818", "474c4e4c494e45310000000000000734", ["474c4e4c494e45310000000000000734", "474c4e4c494e45310000000000000818", 0], ["474c4e4c494e4531000000000000039d", "474c4e4c494e45310000000000000818", 0], [980440385746888257442933923, 9924250000000000000000000000]]], [[980440385746888257442933923, 9924250000000000000000000000], [980440385746888257442933923, 9924250000000000000000000000], [0, 1], [1956784901063115081307622081, 19807040628566084398385987584], [0, 1], [0, 1], [561355435171985968783, 46865945567619076512022528000000000000000000000000]]], ["474c4e4c494e4531000000000000048b", [["474c4e4c494e45310000000000000700", "474c4e4c494e453100000000000005f2", ["474c4e4c494e453100000000000005f2", "474c4e4c494e45310000000000000700", 0], ["474c4e4c494e4531000000000000048b", "474c4e4c494e45310000000000000700", 0], [29997375757794585129588930243, 542722000000000000000000000000]], ["474c4e4c494e453100000000000007ee", "474c4e4c494e4531000000000000070a", ["474c4e4c494e4531000000000000070a", "474c4e4c494e453100000000000007ee", 0], ["474c4e4c494e4531000000000000048b", "474c4e4c494e453100000000000007ee", 0], [17940296831013141735098045097, 200540650000000000000000000000]], ["474c4e4c494e453100000000000007fc", "474c4e4c494e45310000000000000718", ["474c4e4c494e45310000000000000718", "474c4e4c494e453100000000000007fc", 0], ["474c4e4c494e4531000000000000048b", "474c4e4c494e453100000000000007fc", 0], [18146488942571198145764030829, 154759585937500000000000000000]], ["474c4e4c494e4531000000000000080a", "474c4e4c494e45310000000000000726", ["474c4e4c494e45310000000000000726", "474c4e4c494e4531000000000000080a", 0], ["474c4e4c494e4531000000000000048b", "474c4e4c494e4531000000000000080a", 0], [13187076373415623682267286669, 101892707000000000000000000000]]], [[343938817504647900357838953206225688190243770161859, 878719907212901993240002430800000000000000000000000], [343938817504647900357838953206225688190243770161859, 878719907212901993240002430800000000000000000000000], [0, 1], [0, 1], [343938817504647900357838953206225688190243770161859, 878719907212901993240002430800000000000000000000000], [0, 1], [0, 1]]]]}], "method": "advance_coexisting_admitted_interval_unsealed", "milliseconds": 698.9187759972992}
{"actual_sense_counts": [135, 34, 28, 8, 5, 10], "event": "native_roster", "source_ports": [220]}
{"after": 651703, "before": 651702, "consumed_physical_return_tick": null, "cue": false, "event": "physical", "external_guided_vocal_axis_count": 0, "external_heard_sample_count": 0, "guided": false, "intervals": 1, "milliseconds": 835.4098579948186, "pending_physical_return_tick": 651703, "physical_return_source_count": 0, "self_heard_sample_count": 0, "self_hearing_source_tick": null, "stage": "recall", "vestibular_return_consumed": false, "world_revision": 310189}
{"after": 651704, "before": 651703, "consumed_self": 4000, "event": "native", "intervals": [{"breath": [["474c4e4c494e4531000000000000008e", 3, 18, [["474c4e4c494e4531000000000000269c", 11, "474c4e4c494e453100000000000000c5", 12, 0, 5], ["474c4e4c494e4531000000000000269c", 11, "474c4e4c494e453100000000000000e1", 12, 0, 1], ["474c4e4c494e4531000000000000269c", 11, "474c4e4c494e453100000000000000fd", 12, 0, 6], ["474c4e4c494e4531000000000000269c", 11, "474c4e4c494e45310000000000000509", 12, 0, 6]]]], "motor": [["474c4e4c494e453100000000000000c5", 7, 5, [["474c4e4c494e4531000000000000269c", 11, "474c4e4c494e453100000000000000c5", 12, 0, 5]], [["474c4e4c494e45310000000000000f23", "474c4e4c494e45310000000000002b3d", "474c4e4c494e45310000000000000962", 5, 165, "articulated-body-proprioceptor", "vocal_tract_section_0_area-toward-maximum"], ["474c4e4c494e45310000000000000ff5", "474c4e4c494e45310000000000002c0f", "474c4e4c494e45310000000000000a34", 5, 180, "articulated-body-effector-load-receptor", "vocal_tract_section_0_area-toward-minimum-load"]]], ["474c4e4c494e453100000000000000e1", 9, 1, [["474c4e4c494e4531000000000000269c", 11, "474c4e4c494e453100000000000000e1", 12, 0, 1]], [["474c4e4c494e45310000000000000f3f", "474c4e4c494e45310000000000002b59", "474c4e4c494e4531000000000000097e", 5, 167, "articulated-body-proprioceptor", "vocal_tract_section_1_area-toward-maximum"], ["474c4e4c494e45310000000000001011", "474c4e4c494e45310000000000002c2b", "474c4e4c494e45310000000000000a50", 5, 182, "articulated-body-effector-load-receptor", "vocal_tract_section_1_area-toward-minimum-load"]]], ["474c4e4c494e453100000000000000fd", 11, 6, [["474c4e4c494e4531000000000000269c", 11, "474c4e4c494e453100000000000000fd", 12, 0, 6]], [["474c4e4c494e45310000000000000f5b", "474c4e4c494e45310000000000002b75", "474c4e4c494e4531000000000000099a", 5, 169, "articulated-body-proprioceptor", "vocal_tract_section_2_area-toward-maximum"], ["474c4e4c494e4531000000000000102d", "474c4e4c494e45310000000000002c47", "474c4e4c494e45310000000000000a6c", 5, 184, "articulated-body-effector-load-receptor", "vocal_tract_section_2_area-toward-minimum-load"]]], ["474c4e4c494e45310000000000000509", 85, 6, [["474c4e4c494e4531000000000000269c", 11, "474c4e4c494e45310000000000000509", 12, 0, 6]], [["474c4e4c494e45310000000000000fe7", "474c4e4c494e45310000000000002c01", "474c4e4c494e45310000000000000a26", 5, 179, "articulated-body-proprioceptor", "vocal_tract_section_7_area-toward-maximum"], ["474c4e4c494e453100000000000010b9", "474c4e4c494e45310000000000002cd3", "474c4e4c494e45310000000000000af8", 5, 194, "articulated-body-effector-load-receptor", "vocal_tract_section_7_area-toward-minimum-load"]]]], "nonzero_pressure": 3995, "pressure_samples": 4000, "tick": 651704, "work": []}], "method": "advance_coexisting_admitted_interval_unsealed", "milliseconds": 1816.9133200062788}
{"actual_sense_counts": [135, 34, 28, 8, 5, 30], "event": "native_roster", "source_ports": [186, 34, 20]}
{"after": 651704, "before": 651703, "consumed_physical_return_tick": 651703, "cue": false, "event": "physical", "external_guided_vocal_axis_count": 0, "external_heard_sample_count": 0, "guided": false, "intervals": 1, "milliseconds": 1909.5307390016387, "pending_physical_return_tick": 651704, "physical_return_source_count": 1, "self_heard_sample_count": 4000, "self_hearing_source_tick": 651703, "stage": "recall", "vestibular_return_consumed": false, "world_revision": 310190}
{"after": 651705, "before": 651704, "consumed_self": 4000, "event": "native", "intervals": [{"breath": [], "motor": [], "nonzero_pressure": 3996, "pressure_samples": 4000, "tick": 651705, "work": []}], "method": "advance_coexisting_admitted_interval_unsealed", "milliseconds": 730.7475310008158}
{"actual_sense_counts": [135, 34, 28, 8, 5, 26], "event": "native_roster", "source_ports": [186, 34, 16]}
{"after": 651705, "before": 651704, "consumed_physical_return_tick": 651704, "cue": false, "event": "physical", "external_guided_vocal_axis_count": 0, "external_heard_sample_count": 0, "guided": false, "intervals": 1, "milliseconds": 778.1310770005803, "pending_physical_return_tick": null, "physical_return_source_count": 1, "self_heard_sample_count": 4000, "self_hearing_source_tick": 651704, "stage": "recall", "vestibular_return_consumed": false, "world_revision": 310190}
{"after": 651706, "before": 651705, "consumed_self": 4000, "event": "native", "intervals": [{"breath": [], "motor": [], "nonzero_pressure": 3992, "pressure_samples": 4000, "tick": 651706, "work": []}], "method": "advance_coexisting_admitted_interval_unsealed", "milliseconds": 789.0317599958507}
{"actual_sense_counts": [135, 34, 28, 8, 5, 10], "event": "native_roster", "source_ports": [220]}
{"after": 651706, "before": 651705, "consumed_physical_return_tick": null, "cue": false, "event": "physical", "external_guided_vocal_axis_count": 0, "external_heard_sample_count": 0, "guided": false, "intervals": 1, "milliseconds": 877.8862270046375, "pending_physical_return_tick": null, "physical_return_source_count": 0, "self_heard_sample_count": 4000, "self_hearing_source_tick": 651705, "stage": "recall", "vestibular_return_consumed": false, "world_revision": 310191}
{"after": 651707, "before": 651706, "consumed_self": 4000, "event": "native", "intervals": [{"breath": [], "motor": [], "nonzero_pressure": 3995, "pressure_samples": 4000, "tick": 651707, "work": []}], "method": "advance_coexisting_admitted_interval_unsealed", "milliseconds": 665.129036999133}
{"actual_sense_counts": [135, 34, 28, 8, 5, 10], "event": "native_roster", "source_ports": [220]}
{"after": 651707, "before": 651706, "consumed_physical_return_tick": null, "cue": false, "event": "physical", "external_guided_vocal_axis_count": 0, "external_heard_sample_count": 0, "guided": false, "intervals": 1, "milliseconds": 777.4050369989709, "pending_physical_return_tick": null, "physical_return_source_count": 0, "self_heard_sample_count": 4000, "self_hearing_source_tick": 651706, "stage": "recall", "vestibular_return_consumed": false, "world_revision": 310192}
{"after": 651708, "before": 651707, "consumed_self": 4000, "event": "native", "intervals": [{"breath": [], "motor": [], "nonzero_pressure": 3997, "pressure_samples": 4000, "tick": 651708, "work": []}], "method": "advance_coexisting_admitted_interval_unsealed", "milliseconds": 789.6853689962882}
{"actual_sense_counts": [135, 34, 28, 8, 5, 10], "event": "native_roster", "source_ports": [220]}
{"after": 651708, "before": 651707, "consumed_physical_return_tick": null, "cue": false, "event": "physical", "external_guided_vocal_axis_count": 0, "external_heard_sample_count": 0, "guided": false, "intervals": 1, "milliseconds": 878.6013779972563, "pending_physical_return_tick": null, "physical_return_source_count": 0, "self_heard_sample_count": 4000, "self_hearing_source_tick": 651707, "stage": "recall", "vestibular_return_consumed": false, "world_revision": 310193}
{"after": 651709, "before": 651708, "consumed_self": 4000, "event": "native", "intervals": [{"breath": [], "motor": [], "nonzero_pressure": 3992, "pressure_samples": 4000, "tick": 651709, "work": []}], "method": "advance_coexisting_admitted_interval_unsealed", "milliseconds": 628.8459570059786}
{"actual_sense_counts": [135, 34, 28, 8, 5, 10], "event": "native_roster", "source_ports": [220]}
{"after": 651709, "before": 651708, "consumed_physical_return_tick": null, "cue": false, "event": "physical", "external_guided_vocal_axis_count": 0, "external_heard_sample_count": 0, "guided": false, "intervals": 1, "milliseconds": 717.2421229988686, "pending_physical_return_tick": null, "physical_return_source_count": 0, "self_heard_sample_count": 4000, "self_hearing_source_tick": 651708, "stage": "recall", "vestibular_return_consumed": false, "world_revision": 310194}
{"after": 651710, "before": 651709, "consumed_self": 4000, "event": "native", "intervals": [{"breath": [], "motor": [], "nonzero_pressure": 3662, "pressure_samples": 4000, "tick": 651710, "work": []}], "method": "advance_coexisting_admitted_interval_unsealed", "milliseconds": 701.2985629989998}
{"actual_sense_counts": [135, 34, 28, 8, 5, 10], "event": "native_roster", "source_ports": [220]}
{"after": 651710, "before": 651709, "consumed_physical_return_tick": null, "cue": false, "event": "physical", "external_guided_vocal_axis_count": 0, "external_heard_sample_count": 0, "guided": false, "intervals": 1, "milliseconds": 828.2499269989785, "pending_physical_return_tick": null, "physical_return_source_count": 0, "self_heard_sample_count": 4000, "self_hearing_source_tick": 651709, "stage": "recall", "vestibular_return_consumed": false, "world_revision": 310195}
{"after": 651711, "before": 651710, "consumed_self": 4000, "event": "native", "intervals": [{"breath": [], "motor": [], "nonzero_pressure": 3786, "pressure_samples": 4000, "tick": 651711, "work": []}], "method": "advance_coexisting_admitted_interval_unsealed", "milliseconds": 714.2206610005815}
{"actual_sense_counts": [135, 34, 28, 8, 5, 10], "event": "native_roster", "source_ports": [220]}
{"after": 651711, "before": 651710, "consumed_physical_return_tick": null, "cue": false, "event": "physical", "external_guided_vocal_axis_count": 0, "external_heard_sample_count": 0, "guided": false, "intervals": 1, "milliseconds": 801.9937170029152, "pending_physical_return_tick": null, "physical_return_source_count": 0, "self_heard_sample_count": 4000, "self_hearing_source_tick": 651710, "stage": "recall", "vestibular_return_consumed": false, "world_revision": 310196}
{"after": 651712, "before": 651711, "consumed_self": 4000, "event": "native", "intervals": [{"breath": [], "motor": [], "nonzero_pressure": 3788, "pressure_samples": 4000, "tick": 651712, "work": []}], "method": "advance_coexisting_admitted_interval_unsealed", "milliseconds": 722.9942780031706}
{"actual_sense_counts": [135, 34, 28, 8, 5, 10], "event": "native_roster", "source_ports": [220]}
{"after": 651712, "before": 651711, "consumed_physical_return_tick": null, "cue": false, "event": "physical", "external_guided_vocal_axis_count": 0, "external_heard_sample_count": 0, "guided": false, "intervals": 1, "milliseconds": 819.9448619998293, "pending_physical_return_tick": null, "physical_return_source_count": 0, "self_heard_sample_count": 4000, "self_hearing_source_tick": 651711, "stage": "recall", "vestibular_return_consumed": false, "world_revision": 310197}
{"after": 651713, "before": 651712, "consumed_self": 4000, "event": "native", "intervals": [{"breath": [], "motor": [], "nonzero_pressure": 3788, "pressure_samples": 4000, "tick": 651713, "work": []}], "method": "advance_coexisting_admitted_interval_unsealed", "milliseconds": 649.273497001559}
{"actual_sense_counts": [135, 34, 28, 8, 5, 10], "event": "native_roster", "source_ports": [220]}
{"after": 651713, "before": 651712, "consumed_physical_return_tick": null, "cue": false, "event": "physical", "external_guided_vocal_axis_count": 0, "external_heard_sample_count": 0, "guided": false, "intervals": 1, "milliseconds": 767.8331310016802, "pending_physical_return_tick": null, "physical_return_source_count": 0, "self_heard_sample_count": 4000, "self_hearing_source_tick": 651712, "stage": "recall", "vestibular_return_consumed": false, "world_revision": 310198}
{"after": 651714, "before": 651713, "consumed_self": 4000, "event": "native", "intervals": [{"breath": [], "motor": [], "nonzero_pressure": 3789, "pressure_samples": 4000, "tick": 651714, "work": []}], "method": "advance_coexisting_admitted_interval_unsealed", "milliseconds": 747.2767020008177}
{"actual_sense_counts": [135, 34, 28, 8, 5, 10], "event": "native_roster", "source_ports": [220]}
{"after": 651714, "before": 651713, "consumed_physical_return_tick": null, "cue": false, "event": "physical", "external_guided_vocal_axis_count": 0, "external_heard_sample_count": 0, "guided": false, "intervals": 1, "milliseconds": 841.3684330007527, "pending_physical_return_tick": null, "physical_return_source_count": 0, "self_heard_sample_count": 4000, "self_hearing_source_tick": 651713, "stage": "recall", "vestibular_return_consumed": false, "world_revision": 310199}
{"after": 651715, "before": 651714, "consumed_self": 4000, "event": "native", "intervals": [{"breath": [], "motor": [], "nonzero_pressure": 3788, "pressure_samples": 4000, "tick": 651715, "work": []}], "method": "advance_coexisting_admitted_interval_unsealed", "milliseconds": 649.6696440008236}
{"actual_sense_counts": [135, 34, 28, 8, 5, 10], "event": "native_roster", "source_ports": [220]}
{"after": 651715, "before": 651714, "consumed_physical_return_tick": null, "cue": false, "event": "physical", "external_guided_vocal_axis_count": 0, "external_heard_sample_count": 0, "guided": false, "intervals": 1, "milliseconds": 742.0290549998754, "pending_physical_return_tick": null, "physical_return_source_count": 0, "self_heard_sample_count": 4000, "self_hearing_source_tick": 651714, "stage": "recall", "vestibular_return_consumed": false, "world_revision": 310200}
{"after": 651716, "before": 651715, "consumed_self": 4000, "event": "native", "intervals": [{"breath": [], "motor": [], "nonzero_pressure": 3789, "pressure_samples": 4000, "tick": 651716, "work": []}], "method": "advance_coexisting_admitted_interval_unsealed", "milliseconds": 825.7214469995233}
{"actual_sense_counts": [135, 34, 28, 8, 5, 10], "event": "native_roster", "source_ports": [220]}
{"after": 651716, "before": 651715, "consumed_physical_return_tick": null, "cue": false, "event": "physical", "external_guided_vocal_axis_count": 0, "external_heard_sample_count": 0, "guided": false, "intervals": 1, "milliseconds": 973.2321019982919, "pending_physical_return_tick": null, "physical_return_source_count": 0, "self_heard_sample_count": 4000, "self_hearing_source_tick": 651715, "stage": "recall", "vestibular_return_consumed": false, "world_revision": 310201}
{"after": 651717, "before": 651716, "consumed_self": 4000, "event": "native", "intervals": [{"breath": [], "motor": [], "nonzero_pressure": 3788, "pressure_samples": 4000, "tick": 651717, "work": []}], "method": "advance_coexisting_admitted_interval_unsealed", "milliseconds": 637.8637789966888}
{"actual_sense_counts": [135, 34, 28, 8, 5, 10], "event": "native_roster", "source_ports": [220]}
{"after": 651717, "before": 651716, "consumed_physical_return_tick": null, "cue": false, "event": "physical", "external_guided_vocal_axis_count": 0, "external_heard_sample_count": 0, "guided": false, "intervals": 1, "milliseconds": 731.6948459993, "pending_physical_return_tick": null, "physical_return_source_count": 0, "self_heard_sample_count": 4000, "self_hearing_source_tick": 651716, "stage": "recall", "vestibular_return_consumed": false, "world_revision": 310202}
{"after": 651718, "before": 651717, "consumed_self": 4000, "event": "native", "intervals": [{"breath": [], "motor": [], "nonzero_pressure": 3789, "pressure_samples": 4000, "tick": 651718, "work": []}], "method": "advance_coexisting_admitted_interval_unsealed", "milliseconds": 730.2726579946466}
{"actual_sense_counts": [135, 34, 28, 8, 5, 10], "event": "native_roster", "source_ports": [220]}
{"after": 651718, "before": 651717, "consumed_physical_return_tick": null, "cue": false, "event": "physical", "external_guided_vocal_axis_count": 0, "external_heard_sample_count": 0, "guided": false, "intervals": 1, "milliseconds": 828.0744359944947, "pending_physical_return_tick": null, "physical_return_source_count": 0, "self_heard_sample_count": 4000, "self_hearing_source_tick": 651717, "stage": "recall", "vestibular_return_consumed": false, "world_revision": 310203}
{"after": 651719, "before": 651718, "consumed_self": 4000, "event": "native", "intervals": [{"breath": [], "motor": [], "nonzero_pressure": 3788, "pressure_samples": 4000, "tick": 651719, "work": []}], "method": "advance_coexisting_admitted_interval_unsealed", "milliseconds": 710.0471789963194}
{"actual_sense_counts": [135, 34, 28, 8, 5, 10], "event": "native_roster", "source_ports": [220]}
{"after": 651719, "before": 651718, "consumed_physical_return_tick": null, "cue": false, "event": "physical", "external_guided_vocal_axis_count": 0, "external_heard_sample_count": 0, "guided": false, "intervals": 1, "milliseconds": 802.5732429960044, "pending_physical_return_tick": null, "physical_return_source_count": 0, "self_heard_sample_count": 4000, "self_hearing_source_tick": 651718, "stage": "recall", "vestibular_return_consumed": false, "world_revision": 310204}
{"after": 651720, "before": 651719, "consumed_self": 4000, "event": "native", "intervals": [{"breath": [], "motor": [], "nonzero_pressure": 3788, "pressure_samples": 4000, "tick": 651720, "work": []}], "method": "advance_coexisting_admitted_interval_unsealed", "milliseconds": 729.4094579992816}
{"actual_sense_counts": [135, 34, 28, 8, 5, 10], "event": "native_roster", "source_ports": [220]}
{"after": 651720, "before": 651719, "consumed_physical_return_tick": null, "cue": false, "event": "physical", "external_guided_vocal_axis_count": 0, "external_heard_sample_count": 0, "guided": false, "intervals": 1, "milliseconds": 817.6009480011999, "pending_physical_return_tick": null, "physical_return_source_count": 0, "self_heard_sample_count": 4000, "self_hearing_source_tick": 651719, "stage": "recall", "vestibular_return_consumed": false, "world_revision": 310205}
{"after": 651721, "before": 651720, "consumed_self": 4000, "event": "native", "intervals": [{"breath": [], "motor": [], "nonzero_pressure": 3789, "pressure_samples": 4000, "tick": 651721, "work": []}], "method": "advance_coexisting_admitted_interval_unsealed", "milliseconds": 643.7593109949376}
{"actual_sense_counts": [135, 34, 28, 8, 5, 10], "event": "native_roster", "source_ports": [220]}
{"after": 651721, "before": 651720, "consumed_physical_return_tick": null, "cue": false, "event": "physical", "external_guided_vocal_axis_count": 0, "external_heard_sample_count": 0, "guided": false, "intervals": 1, "milliseconds": 731.1421949998476, "pending_physical_return_tick": null, "physical_return_source_count": 0, "self_heard_sample_count": 4000, "self_hearing_source_tick": 651720, "stage": "recall", "vestibular_return_consumed": false, "world_revision": 310206}
{"after": 651722, "before": 651721, "consumed_self": 4000, "event": "native", "intervals": [{"breath": [], "motor": [], "nonzero_pressure": 3788, "pressure_samples": 4000, "tick": 651722, "work": []}], "method": "advance_coexisting_admitted_interval_unsealed", "milliseconds": 768.4821729999385}
{"actual_sense_counts": [135, 34, 28, 8, 5, 10], "event": "native_roster", "source_ports": [220]}
{"after": 651722, "before": 651721, "consumed_physical_return_tick": null, "cue": false, "event": "physical", "external_guided_vocal_axis_count": 0, "external_heard_sample_count": 0, "guided": false, "intervals": 1, "milliseconds": 855.6105749958078, "pending_physical_return_tick": null, "physical_return_source_count": 0, "self_heard_sample_count": 4000, "self_hearing_source_tick": 651721, "stage": "recall", "vestibular_return_consumed": false, "world_revision": 310207}
{"after": 651723, "before": 651722, "consumed_self": 4000, "event": "native", "intervals": [{"breath": [], "motor": [], "nonzero_pressure": 3789, "pressure_samples": 4000, "tick": 651723, "work": []}], "method": "advance_coexisting_admitted_interval_unsealed", "milliseconds": 710.1343070025905}
{"actual_sense_counts": [135, 34, 28, 8, 5, 10], "event": "native_roster", "source_ports": [220]}
{"after": 651723, "before": 651722, "consumed_physical_return_tick": null, "cue": false, "event": "physical", "external_guided_vocal_axis_count": 0, "external_heard_sample_count": 0, "guided": false, "intervals": 1, "milliseconds": 798.8961139999446, "pending_physical_return_tick": null, "physical_return_source_count": 0, "self_heard_sample_count": 4000, "self_hearing_source_tick": 651722, "stage": "recall", "vestibular_return_consumed": false, "world_revision": 310208}
{"after": 651724, "before": 651723, "consumed_self": 4000, "event": "native", "intervals": [{"breath": [], "motor": [], "nonzero_pressure": 3788, "pressure_samples": 4000, "tick": 651724, "work": []}], "method": "advance_coexisting_admitted_interval_unsealed", "milliseconds": 729.8464689956745}
{"actual_sense_counts": [135, 34, 28, 8, 5, 10], "event": "native_roster", "source_ports": [220]}
{"after": 651724, "before": 651723, "consumed_physical_return_tick": null, "cue": false, "event": "physical", "external_guided_vocal_axis_count": 0, "external_heard_sample_count": 0, "guided": false, "intervals": 1, "milliseconds": 822.9744409982231, "pending_physical_return_tick": null, "physical_return_source_count": 0, "self_heard_sample_count": 4000, "self_hearing_source_tick": 651723, "stage": "recall", "vestibular_return_consumed": false, "world_revision": 310209}
{"after": 651725, "before": 651724, "consumed_self": 4000, "event": "native", "intervals": [{"breath": [], "motor": [], "nonzero_pressure": 3788, "pressure_samples": 4000, "tick": 651725, "work": []}], "method": "advance_coexisting_admitted_interval_unsealed", "milliseconds": 722.6515110014589}
{"actual_sense_counts": [135, 34, 28, 8, 5, 10], "event": "native_roster", "source_ports": [220]}
{"after": 651725, "before": 651724, "consumed_physical_return_tick": null, "cue": false, "event": "physical", "external_guided_vocal_axis_count": 0, "external_heard_sample_count": 0, "guided": false, "intervals": 1, "milliseconds": 812.7891949989134, "pending_physical_return_tick": null, "physical_return_source_count": 0, "self_heard_sample_count": 4000, "self_hearing_source_tick": 651724, "stage": "recall", "vestibular_return_consumed": false, "world_revision": 310210}
{"after": 651726, "before": 651725, "consumed_self": 4000, "event": "native", "intervals": [{"breath": [], "motor": [], "nonzero_pressure": 3788, "pressure_samples": 4000, "tick": 651726, "work": []}], "method": "advance_coexisting_admitted_interval_unsealed", "milliseconds": 715.9879120008554}
{"actual_sense_counts": [135, 34, 28, 8, 5, 10], "event": "native_roster", "source_ports": [220]}
{"after": 651726, "before": 651725, "consumed_physical_return_tick": null, "cue": false, "event": "physical", "external_guided_vocal_axis_count": 0, "external_heard_sample_count": 0, "guided": false, "intervals": 1, "milliseconds": 807.4252439982956, "pending_physical_return_tick": null, "physical_return_source_count": 0, "self_heard_sample_count": 4000, "self_hearing_source_tick": 651725, "stage": "recall", "vestibular_return_consumed": false, "world_revision": 310211}
{"after": 651727, "before": 651726, "consumed_self": 4000, "event": "native", "intervals": [{"breath": [], "motor": [], "nonzero_pressure": 3789, "pressure_samples": 4000, "tick": 651727, "work": []}], "method": "advance_coexisting_admitted_interval_unsealed", "milliseconds": 676.6541739998502}
{"actual_sense_counts": [135, 34, 28, 8, 5, 10], "event": "native_roster", "source_ports": [220]}
{"after": 651727, "before": 651726, "consumed_physical_return_tick": null, "cue": false, "event": "physical", "external_guided_vocal_axis_count": 0, "external_heard_sample_count": 0, "guided": false, "intervals": 1, "milliseconds": 765.1325400001951, "pending_physical_return_tick": null, "physical_return_source_count": 0, "self_heard_sample_count": 4000, "self_hearing_source_tick": 651726, "stage": "recall", "vestibular_return_consumed": false, "world_revision": 310212}
{"after": 651728, "before": 651727, "consumed_self": 4000, "event": "native", "intervals": [{"breath": [], "motor": [], "nonzero_pressure": 3788, "pressure_samples": 4000, "tick": 651728, "work": []}], "method": "advance_coexisting_admitted_interval_unsealed", "milliseconds": 760.7930829981342}
{"actual_sense_counts": [135, 34, 28, 8, 5, 10], "event": "native_roster", "source_ports": [220]}
{"after": 651728, "before": 651727, "consumed_physical_return_tick": null, "cue": false, "event": "physical", "external_guided_vocal_axis_count": 0, "external_heard_sample_count": 0, "guided": false, "intervals": 1, "milliseconds": 887.6676149957348, "pending_physical_return_tick": null, "physical_return_source_count": 0, "self_heard_sample_count": 4000, "self_hearing_source_tick": 651727, "stage": "recall", "vestibular_return_consumed": false, "world_revision": 310213}
{"after": 651729, "before": 651728, "consumed_self": 4000, "event": "native", "intervals": [{"breath": [], "motor": [], "nonzero_pressure": 3788, "pressure_samples": 4000, "tick": 651729, "work": []}], "method": "advance_coexisting_admitted_interval_unsealed", "milliseconds": 679.014212997572}
{"actual_sense_counts": [135, 34, 28, 8, 5, 10], "event": "native_roster", "source_ports": [220]}
{"after": 651729, "before": 651728, "consumed_physical_return_tick": null, "cue": false, "event": "physical", "external_guided_vocal_axis_count": 0, "external_heard_sample_count": 0, "guided": false, "intervals": 1, "milliseconds": 773.0961339984788, "pending_physical_return_tick": null, "physical_return_source_count": 0, "self_heard_sample_count": 4000, "self_hearing_source_tick": 651728, "stage": "recall", "vestibular_return_consumed": false, "world_revision": 310214}
{"after": 651730, "before": 651729, "consumed_self": 4000, "event": "native", "intervals": [{"breath": [], "motor": [], "nonzero_pressure": 3788, "pressure_samples": 4000, "tick": 651730, "work": []}], "method": "advance_coexisting_admitted_interval_unsealed", "milliseconds": 736.5257740020752}
{"actual_sense_counts": [135, 34, 28, 8, 5, 10], "event": "native_roster", "source_ports": [220]}
{"after": 651730, "before": 651729, "consumed_physical_return_tick": null, "cue": false, "event": "physical", "external_guided_vocal_axis_count": 0, "external_heard_sample_count": 0, "guided": false, "intervals": 1, "milliseconds": 828.7120309978491, "pending_physical_return_tick": null, "physical_return_source_count": 0, "self_heard_sample_count": 4000, "self_hearing_source_tick": 651729, "stage": "recall", "vestibular_return_consumed": false, "world_revision": 310215}
{"after": 651731, "before": 651730, "consumed_self": 4000, "event": "native", "intervals": [{"breath": [], "motor": [], "nonzero_pressure": 3790, "pressure_samples": 4000, "tick": 651731, "work": []}], "method": "advance_coexisting_admitted_interval_unsealed", "milliseconds": 659.5408330031205}
{"actual_sense_counts": [135, 34, 28, 8, 5, 10], "event": "native_roster", "source_ports": [220]}
{"after": 651731, "before": 651730, "consumed_physical_return_tick": null, "cue": false, "event": "physical", "external_guided_vocal_axis_count": 0, "external_heard_sample_count": 0, "guided": false, "intervals": 1, "milliseconds": 760.5023340001935, "pending_physical_return_tick": null, "physical_return_source_count": 0, "self_heard_sample_count": 4000, "self_hearing_source_tick": 651730, "stage": "recall", "vestibular_return_consumed": false, "world_revision": 310216}
{"after": 651732, "before": 651731, "consumed_self": 4000, "event": "native", "intervals": [{"breath": [], "motor": [], "nonzero_pressure": 3787, "pressure_samples": 4000, "tick": 651732, "work": []}], "method": "advance_coexisting_admitted_interval_unsealed", "milliseconds": 724.6372089939541}
{"actual_sense_counts": [135, 34, 28, 8, 5, 10], "event": "native_roster", "source_ports": [220]}
{"after": 651732, "before": 651731, "consumed_physical_return_tick": null, "cue": false, "event": "physical", "external_guided_vocal_axis_count": 0, "external_heard_sample_count": 0, "guided": false, "intervals": 1, "milliseconds": 819.2266059995745, "pending_physical_return_tick": null, "physical_return_source_count": 0, "self_heard_sample_count": 4000, "self_hearing_source_tick": 651731, "stage": "recall", "vestibular_return_consumed": false, "world_revision": 310217}
{"after": 651733, "before": 651732, "consumed_self": 4000, "event": "native", "intervals": [{"breath": [], "motor": [], "nonzero_pressure": 3789, "pressure_samples": 4000, "tick": 651733, "work": []}], "method": "advance_coexisting_admitted_interval_unsealed", "milliseconds": 672.3935580012039}
{"actual_sense_counts": [135, 34, 28, 8, 5, 10], "event": "native_roster", "source_ports": [220]}
{"after": 651733, "before": 651732, "consumed_physical_return_tick": null, "cue": false, "event": "physical", "external_guided_vocal_axis_count": 0, "external_heard_sample_count": 0, "guided": false, "intervals": 1, "milliseconds": 788.6926849969313, "pending_physical_return_tick": null, "physical_return_source_count": 0, "self_heard_sample_count": 4000, "self_hearing_source_tick": 651732, "stage": "recall", "vestibular_return_consumed": false, "world_revision": 310218}
{"after": 651734, "before": 651733, "consumed_self": 4000, "event": "native", "intervals": [{"breath": [], "motor": [], "nonzero_pressure": 3788, "pressure_samples": 4000, "tick": 651734, "work": []}], "method": "advance_coexisting_admitted_interval_unsealed", "milliseconds": 756.4880510035437}
{"actual_sense_counts": [135, 34, 28, 8, 5, 10], "event": "native_roster", "source_ports": [220]}
{"after": 651734, "before": 651733, "consumed_physical_return_tick": null, "cue": false, "event": "physical", "external_guided_vocal_axis_count": 0, "external_heard_sample_count": 0, "guided": false, "intervals": 1, "milliseconds": 852.3940719969687, "pending_physical_return_tick": null, "physical_return_source_count": 0, "self_heard_sample_count": 4000, "self_hearing_source_tick": 651733, "stage": "recall", "vestibular_return_consumed": false, "world_revision": 310219}
{"after": 651735, "before": 651734, "consumed_self": 4000, "event": "native", "intervals": [{"breath": [], "motor": [], "nonzero_pressure": 3789, "pressure_samples": 4000, "tick": 651735, "work": []}], "method": "advance_coexisting_admitted_interval_unsealed", "milliseconds": 666.3643259962555}
{"actual_sense_counts": [135, 34, 28, 8, 5, 10], "event": "native_roster", "source_ports": [220]}
{"after": 651735, "before": 651734, "consumed_physical_return_tick": null, "cue": false, "event": "physical", "external_guided_vocal_axis_count": 0, "external_heard_sample_count": 0, "guided": false, "intervals": 1, "milliseconds": 757.7819009966333, "pending_physical_return_tick": null, "physical_return_source_count": 0, "self_heard_sample_count": 4000, "self_hearing_source_tick": 651734, "stage": "recall", "vestibular_return_consumed": false, "world_revision": 310220}
{"after": 651736, "before": 651735, "consumed_self": 4000, "event": "native", "intervals": [{"breath": [], "motor": [], "nonzero_pressure": 249, "pressure_samples": 4000, "tick": 651736, "work": []}], "method": "advance_coexisting_admitted_interval_unsealed", "milliseconds": 694.5976640054141}
{"actual_sense_counts": [135, 34, 28, 8, 5, 10], "event": "native_roster", "source_ports": [220]}
{"after": 651736, "before": 651735, "consumed_physical_return_tick": null, "cue": false, "event": "physical", "external_guided_vocal_axis_count": 0, "external_heard_sample_count": 0, "guided": false, "intervals": 1, "milliseconds": 809.3226030032383, "pending_physical_return_tick": null, "physical_return_source_count": 0, "self_heard_sample_count": 4000, "self_hearing_source_tick": 651735, "stage": "recall", "vestibular_return_consumed": false, "world_revision": 310221}
{"after": 651737, "before": 651736, "consumed_self": 4000, "event": "native", "intervals": [{"breath": [], "motor": [], "nonzero_pressure": 0, "pressure_samples": 0, "tick": 651737, "work": []}], "method": "advance_coexisting_admitted_interval_unsealed", "milliseconds": 614.6558359978371}
{"actual_sense_counts": [135, 34, 28, 8, 5, 10], "event": "native_roster", "source_ports": [220]}
{"after": 651737, "before": 651736, "consumed_physical_return_tick": null, "cue": false, "event": "physical", "external_guided_vocal_axis_count": 0, "external_heard_sample_count": 0, "guided": false, "intervals": 1, "milliseconds": 705.638325001928, "pending_physical_return_tick": null, "physical_return_source_count": 0, "self_heard_sample_count": 4000, "self_hearing_source_tick": 651736, "stage": "recall", "vestibular_return_consumed": false, "world_revision": 310222}
{"after": 651738, "before": 651737, "consumed_self": null, "event": "native", "intervals": [{"breath": [], "motor": [], "nonzero_pressure": 0, "pressure_samples": 0, "tick": 651738, "work": []}], "method": "advance_coexisting_admitted_interval_unsealed", "milliseconds": 703.8773500025854}
{"actual_sense_counts": [135, 34, 28, 8, 5, 10], "event": "native_roster", "source_ports": [220]}
{"after": 651738, "before": 651737, "consumed_physical_return_tick": null, "cue": false, "event": "physical", "external_guided_vocal_axis_count": 0, "external_heard_sample_count": 0, "guided": false, "intervals": 1, "milliseconds": 790.0183490055497, "pending_physical_return_tick": null, "physical_return_source_count": 0, "self_heard_sample_count": 0, "self_hearing_source_tick": null, "stage": "recall", "vestibular_return_consumed": false, "world_revision": 310223}
{"after": 651739, "before": 651738, "consumed_self": null, "event": "native", "intervals": [{"breath": [], "motor": [], "nonzero_pressure": 0, "pressure_samples": 0, "tick": 651739, "work": []}], "method": "advance_coexisting_admitted_interval_unsealed", "milliseconds": 649.5306410070043}
{"actual_sense_counts": [135, 34, 28, 8, 5, 10], "event": "native_roster", "source_ports": [220]}
{"after": 651739, "before": 651738, "consumed_physical_return_tick": null, "cue": false, "event": "physical", "external_guided_vocal_axis_count": 0, "external_heard_sample_count": 0, "guided": false, "intervals": 1, "milliseconds": 735.5218169977888, "pending_physical_return_tick": null, "physical_return_source_count": 0, "self_heard_sample_count": 0, "self_hearing_source_tick": null, "stage": "recall", "vestibular_return_consumed": false, "world_revision": 310224}
{"after": 651740, "before": 651739, "consumed_self": null, "event": "native", "intervals": [{"breath": [], "motor": [], "nonzero_pressure": 0, "pressure_samples": 0, "tick": 651740, "work": []}], "method": "advance_coexisting_admitted_interval_unsealed", "milliseconds": 749.721006002801}
{"actual_sense_counts": [135, 34, 28, 8, 5, 10], "event": "native_roster", "source_ports": [220]}
{"after": 651740, "before": 651739, "consumed_physical_return_tick": null, "cue": false, "event": "physical", "external_guided_vocal_axis_count": 0, "external_heard_sample_count": 0, "guided": false, "intervals": 1, "milliseconds": 839.3475449993275, "pending_physical_return_tick": null, "physical_return_source_count": 0, "self_heard_sample_count": 0, "self_hearing_source_tick": null, "stage": "recall", "vestibular_return_consumed": false, "world_revision": 310225}
{"after": 651741, "before": 651740, "consumed_self": null, "event": "native", "intervals": [{"breath": [], "motor": [], "nonzero_pressure": 0, "pressure_samples": 0, "tick": 651741, "work": []}], "method": "advance_coexisting_admitted_interval_unsealed", "milliseconds": 689.5975709994673}
{"actual_sense_counts": [135, 34, 28, 8, 5, 10], "event": "native_roster", "source_ports": [220]}
{"after": 651741, "before": 651740, "consumed_physical_return_tick": null, "cue": false, "event": "physical", "external_guided_vocal_axis_count": 0, "external_heard_sample_count": 0, "guided": false, "intervals": 1, "milliseconds": 799.7828130028211, "pending_physical_return_tick": null, "physical_return_source_count": 0, "self_heard_sample_count": 0, "self_hearing_source_tick": null, "stage": "recall", "vestibular_return_consumed": false, "world_revision": 310226}
{"after": 651742, "before": 651741, "consumed_self": null, "event": "native", "intervals": [{"breath": [], "motor": [], "nonzero_pressure": 0, "pressure_samples": 0, "tick": 651742, "work": []}], "method": "advance_coexisting_admitted_interval_unsealed", "milliseconds": 750.353952003934}
{"actual_sense_counts": [135, 34, 28, 8, 5, 10], "event": "native_roster", "source_ports": [220]}
{"after": 651742, "before": 651741, "consumed_physical_return_tick": null, "cue": false, "event": "physical", "external_guided_vocal_axis_count": 0, "external_heard_sample_count": 0, "guided": false, "intervals": 1, "milliseconds": 835.2197030035313, "pending_physical_return_tick": null, "physical_return_source_count": 0, "self_heard_sample_count": 0, "self_hearing_source_tick": null, "stage": "recall", "vestibular_return_consumed": false, "world_revision": 310227}
{"after": 651743, "before": 651742, "consumed_self": null, "event": "native", "intervals": [{"breath": [], "motor": [], "nonzero_pressure": 0, "pressure_samples": 0, "tick": 651743, "work": []}], "method": "advance_coexisting_admitted_interval_unsealed", "milliseconds": 649.5303170013358}
{"actual_sense_counts": [135, 34, 28, 8, 5, 10], "event": "native_roster", "source_ports": [220]}
{"after": 651743, "before": 651742, "consumed_physical_return_tick": null, "cue": false, "event": "physical", "external_guided_vocal_axis_count": 0, "external_heard_sample_count": 0, "guided": false, "intervals": 1, "milliseconds": 735.8522010035813, "pending_physical_return_tick": null, "physical_return_source_count": 0, "self_heard_sample_count": 0, "self_hearing_source_tick": null, "stage": "recall", "vestibular_return_consumed": false, "world_revision": 310228}
{"after": 651744, "before": 651743, "consumed_self": null, "event": "native", "intervals": [{"breath": [], "motor": [], "nonzero_pressure": 0, "pressure_samples": 0, "tick": 651744, "work": []}], "method": "advance_coexisting_admitted_interval_unsealed", "milliseconds": 719.585394996102}
{"actual_sense_counts": [135, 34, 28, 8, 5, 10], "event": "native_roster", "source_ports": [220]}
{"after": 651744, "before": 651743, "consumed_physical_return_tick": null, "cue": false, "event": "physical", "external_guided_vocal_axis_count": 0, "external_heard_sample_count": 0, "guided": false, "intervals": 1, "milliseconds": 838.0999130022246, "pending_physical_return_tick": null, "physical_return_source_count": 0, "self_heard_sample_count": 0, "self_hearing_source_tick": null, "stage": "recall", "vestibular_return_consumed": false, "world_revision": 310229}
{"after": 651745, "before": 651744, "consumed_self": null, "event": "native", "intervals": [{"breath": [], "motor": [], "nonzero_pressure": 0, "pressure_samples": 0, "tick": 651745, "work": []}], "method": "advance_coexisting_admitted_interval_unsealed", "milliseconds": 631.1339969979599}
{"actual_sense_counts": [135, 34, 28, 8, 5, 10], "event": "native_roster", "source_ports": [220]}
{"after": 651745, "before": 651744, "consumed_physical_return_tick": null, "cue": false, "event": "physical", "external_guided_vocal_axis_count": 0, "external_heard_sample_count": 0, "guided": false, "intervals": 1, "milliseconds": 717.7570439962437, "pending_physical_return_tick": null, "physical_return_source_count": 0, "self_heard_sample_count": 0, "self_hearing_source_tick": null, "stage": "recall", "vestibular_return_consumed": false, "world_revision": 310230}
{"after": 651746, "before": 651745, "consumed_self": null, "event": "native", "intervals": [{"breath": [], "motor": [], "nonzero_pressure": 0, "pressure_samples": 0, "tick": 651746, "work": []}], "method": "advance_coexisting_admitted_interval_unsealed", "milliseconds": 711.0168259969214}
{"actual_sense_counts": [135, 34, 28, 8, 5, 10], "event": "native_roster", "source_ports": [220]}
{"after": 651746, "before": 651745, "consumed_physical_return_tick": null, "cue": false, "event": "physical", "external_guided_vocal_axis_count": 0, "external_heard_sample_count": 0, "guided": false, "intervals": 1, "milliseconds": 795.3862840004149, "pending_physical_return_tick": null, "physical_return_source_count": 0, "self_heard_sample_count": 0, "self_hearing_source_tick": null, "stage": "recall", "vestibular_return_consumed": false, "world_revision": 310231}
{"after": 651747, "before": 651746, "consumed_self": null, "event": "native", "intervals": [{"breath": [], "motor": [], "nonzero_pressure": 0, "pressure_samples": 0, "tick": 651747, "work": []}], "method": "advance_coexisting_admitted_interval_unsealed", "milliseconds": 677.7270920065348}
{"actual_sense_counts": [135, 34, 28, 8, 5, 10], "event": "native_roster", "source_ports": [220]}
{"after": 651747, "before": 651746, "consumed_physical_return_tick": null, "cue": false, "event": "physical", "external_guided_vocal_axis_count": 0, "external_heard_sample_count": 0, "guided": false, "intervals": 1, "milliseconds": 767.2390569932759, "pending_physical_return_tick": null, "physical_return_source_count": 0, "self_heard_sample_count": 0, "self_hearing_source_tick": null, "stage": "recall", "vestibular_return_consumed": false, "world_revision": 310232}
{"after": 651748, "before": 651747, "consumed_self": null, "event": "native", "intervals": [{"breath": [], "motor": [], "nonzero_pressure": 0, "pressure_samples": 0, "tick": 651748, "work": []}], "method": "advance_coexisting_admitted_interval_unsealed", "milliseconds": 715.2497830029461}
{"actual_sense_counts": [135, 34, 28, 8, 5, 10], "event": "native_roster", "source_ports": [220]}
{"after": 651748, "before": 651747, "consumed_physical_return_tick": null, "cue": false, "event": "physical", "external_guided_vocal_axis_count": 0, "external_heard_sample_count": 0, "guided": false, "intervals": 1, "milliseconds": 799.9961410023388, "pending_physical_return_tick": null, "physical_return_source_count": 0, "self_heard_sample_count": 0, "self_hearing_source_tick": null, "stage": "recall", "vestibular_return_consumed": false, "world_revision": 310233}
{"after": 651749, "before": 651748, "consumed_self": null, "event": "native", "intervals": [{"breath": [], "motor": [["474c4e4c494e4531000000000000039d", 59, 6, [], [["474c4e4c494e4531000000000000092d", "474c4e4c494e45310000000000002547", "474c4e4c494e4531000000000000036c", 5, 56, "articulated-body-proprioceptor", "left_grip_aperture-toward-minimum"], ["474c4e4c494e45310000000000000d47", "474c4e4c494e45310000000000002961", "474c4e4c494e45310000000000000786", 5, 131, "articulated-body-effector-load-receptor", "left_grip_aperture-toward-maximum-load"], ["474c4e4c494e453100000000000019a3", "474c4e4c494e453100000000000019a1", "474c4e4c494e45310000000000000059", 2, 27, "native-palmar-contact", "held-contact"]]]], "nonzero_pressure": 0, "pressure_samples": 4000, "tick": 651749, "work": [["474c4e4c494e4531000000000000039d", [["474c4e4c494e45310000000000000818", "474c4e4c494e45310000000000000734", ["474c4e4c494e45310000000000000734", "474c4e4c494e45310000000000000818", 0], ["474c4e4c494e4531000000000000039d", "474c4e4c494e45310000000000000818", 0], [245049468617003066910200817, 1240531250000000000000000000]]], [[245049468617003066910200817, 1240531250000000000000000000], [245049468617003066910200817, 1240531250000000000000000000], [1956784901063115081307622081, 19807040628566084398385987584], [0, 1], [13887705994038509139282623654701804944358466957681, 46865945567619076512022528000000000000000000000000], [0, 1], [0, 1]]], ["474c4e4c494e4531000000000000048b", [["474c4e4c494e453100000000000007ee", "474c4e4c494e4531000000000000070a", ["474c4e4c494e4531000000000000070a", "474c4e4c494e453100000000000007ee", 0], ["474c4e4c494e4531000000000000048b", "474c4e4c494e453100000000000007ee", 0], [56707510296587717694992524587, 320865040000000000000000000000]]], [[56707510296587717694992524587, 320865040000000000000000000000], [56707510296587717694992524587, 320865040000000000000000000000], [0, 1], [14002247928154996144182270541, 79228162514264337593543950336], [0, 1], [0, 1], [7557877079069174181151, 757621155210314013139187793920000000000000000000000]]]]}], "method": "advance_coexisting_admitted_interval_unsealed", "milliseconds": 630.8519489975879}
{"actual_sense_counts": [135, 34, 28, 8, 5, 10], "event": "native_roster", "source_ports": [220]}
{"after": 651749, "before": 651748, "consumed_physical_return_tick": null, "cue": false, "event": "physical", "external_guided_vocal_axis_count": 0, "external_heard_sample_count": 0, "guided": false, "intervals": 1, "milliseconds": 774.8568270035321, "pending_physical_return_tick": 651749, "physical_return_source_count": 0, "self_heard_sample_count": 0, "self_hearing_source_tick": null, "stage": "recall", "vestibular_return_consumed": false, "world_revision": 310235}
{"after": 651750, "before": 651749, "consumed_self": null, "event": "native", "intervals": [{"breath": [], "motor": [], "nonzero_pressure": 0, "pressure_samples": 0, "tick": 651750, "work": []}], "method": "advance_coexisting_admitted_interval_unsealed", "milliseconds": 1287.930687998596}
{"actual_sense_counts": [135, 34, 28, 8, 5, 14], "event": "native_roster", "source_ports": [220, 4]}
{"after": 651750, "before": 651749, "consumed_physical_return_tick": 651749, "cue": false, "event": "physical", "external_guided_vocal_axis_count": 0, "external_heard_sample_count": 0, "guided": false, "intervals": 1, "milliseconds": 1328.0606059997808, "pending_physical_return_tick": null, "physical_return_source_count": 1, "self_heard_sample_count": 0, "self_hearing_source_tick": null, "stage": "recall", "vestibular_return_consumed": false, "world_revision": 310235}
{"after": 651751, "before": 651750, "consumed_self": null, "event": "native", "intervals": [{"breath": [], "motor": [["474c4e4c494e4531000000000000048b", 76, 6, [], [["474c4e4c494e45310000000000000a53", "474c4e4c494e4531000000000000266d", "474c4e4c494e45310000000000000492", 5, 77, "articulated-body-proprioceptor", "right_hip_pitch-toward-maximum"], ["474c4e4c494e45310000000000000e51", "474c4e4c494e45310000000000002a6b", "474c4e4c494e45310000000000000890", 5, 150, "articulated-body-effector-load-receptor", "right_hip_pitch-toward-minimum-load"]]]], "nonzero_pressure": 0, "pressure_samples": 4000, "tick": 651751, "work": [["474c4e4c494e4531000000000000039d", [["474c4e4c494e45310000000000000818", "474c4e4c494e45310000000000000734", ["474c4e4c494e45310000000000000734", "474c4e4c494e45310000000000000818", 0], ["474c4e4c494e4531000000000000039d", "474c4e4c494e45310000000000000818", 0], [980201317844308211229935079, 9924250000000000000000000000]]], [[980201317844308211229935079, 9924250000000000000000000000], [980201317844308211229935079, 9924250000000000000000000000], [0, 1], [1956307763983800366949076995, 19807040628566084398385987584], [0, 1], [0, 1], [456699100823116720109, 46865945567619076512022528000000000000000000000000]]], ["474c4e4c494e4531000000000000048b", [["474c4e4c494e453100000000000007ee", "474c4e4c494e4531000000000000070a", ["474c4e4c494e4531000000000000070a", "474c4e4c494e453100000000000007ee", 0], ["474c4e4c494e4531000000000000048b", "474c4e4c494e453100000000000007ee", 0], [28012092368252806210073115231, 320865040000000000000000000000]], ["474c4e4c494e453100000000000007fc", "474c4e4c494e45310000000000000718", ["474c4e4c494e45310000000000000718", "474c4e4c494e453100000000000007fc", 0], ["474c4e4c494e4531000000000000048b", "474c4e4c494e453100000000000007fc", 0], [142090965705750569360619652953, 1238076687500000000000000000000]], ["474c4e4c494e4531000000000000080a", "474c4e4c494e45310000000000000726", ["474c4e4c494e45310000000000000726", "474c4e4c494e4531000000000000080a", 0], ["474c4e4c494e4531000000000000048b", "474c4e4c494e4531000000000000080a", 0], [13182671508142902924737544723, 101892707000000000000000000000]]], [[5366454732885384382072224908318049366725056311, 16190976360142061557114000000000000000000000000], [5366454732885384382072224908318049366725056311, 16190976360142061557114000000000000000000000000], [14002247928154996144182270541, 79228162514264337593543950336], [0, 1], [19427669432642816061325235409830103372341120079326205661294873983353, 38229862044034818676179254816351195519516672000000000000000000000000], [0, 1], [0, 1]]]]}], "method": "advance_coexisting_admitted_interval_unsealed", "milliseconds": 644.272985002317}
{"actual_sense_counts": [135, 34, 28, 8, 5, 10], "event": "native_roster", "source_ports": [220]}
{"after": 651751, "before": 651750, "consumed_physical_return_tick": null, "cue": false, "event": "physical", "external_guided_vocal_axis_count": 0, "external_heard_sample_count": 0, "guided": false, "intervals": 1, "milliseconds": 808.6007390011218, "pending_physical_return_tick": 651751, "physical_return_source_count": 0, "self_heard_sample_count": 0, "self_hearing_source_tick": null, "stage": "recall", "vestibular_return_consumed": false, "world_revision": 310237}
{"after": 651752, "before": 651751, "consumed_self": null, "event": "native", "intervals": [{"breath": [], "motor": [], "nonzero_pressure": 0, "pressure_samples": 0, "tick": 651752, "work": []}], "method": "advance_coexisting_admitted_interval_unsealed", "milliseconds": 1341.2591509986669}
{"actual_sense_counts": [135, 34, 28, 8, 5, 14], "event": "native_roster", "source_ports": [220, 4]}
{"after": 651752, "before": 651751, "consumed_physical_return_tick": 651751, "cue": false, "event": "physical", "external_guided_vocal_axis_count": 0, "external_heard_sample_count": 0, "guided": false, "intervals": 1, "milliseconds": 1377.3786189995008, "pending_physical_return_tick": null, "physical_return_source_count": 1, "self_heard_sample_count": 0, "self_hearing_source_tick": null, "stage": "recall", "vestibular_return_consumed": false, "world_revision": 310237}
{"after": 651753, "before": 651752, "consumed_self": null, "event": "native", "intervals": [{"breath": [], "motor": [["474c4e4c494e4531000000000000039d", 59, 6, [], [["474c4e4c494e4531000000000000092d", "474c4e4c494e45310000000000002547", "474c4e4c494e4531000000000000036c", 5, 56, "articulated-body-proprioceptor", "left_grip_aperture-toward-minimum"], ["474c4e4c494e45310000000000000d47", "474c4e4c494e45310000000000002961", "474c4e4c494e45310000000000000786", 5, 131, "articulated-body-effector-load-receptor", "left_grip_aperture-toward-maximum-load"], ["474c4e4c494e453100000000000019a3", "474c4e4c494e453100000000000019a1", "474c4e4c494e45310000000000000059", 2, 27, "native-palmar-contact", "held-contact"]]], ["474c4e4c494e4531000000000000048b", 76, 6, [], [["474c4e4c494e45310000000000000a53", "474c4e4c494e4531000000000000266d", "474c4e4c494e45310000000000000492", 5, 77, "articulated-body-proprioceptor", "right_hip_pitch-toward-maximum"], ["474c4e4c494e45310000000000000e51", "474c4e4c494e45310000000000002a6b", "474c4e4c494e45310000000000000890", 5, 150, "articulated-body-effector-load-receptor", "right_hip_pitch-toward-minimum-load"]]]], "nonzero_pressure": 0, "pressure_samples": 4000, "tick": 651753, "work": [["474c4e4c494e4531000000000000039d", [["474c4e4c494e45310000000000000818", "474c4e4c494e45310000000000000734", ["474c4e4c494e45310000000000000734", "474c4e4c494e45310000000000000818", 0], ["474c4e4c494e4531000000000000039d", "474c4e4c494e45310000000000000818", 0], [280057613353524335314238769, 2835500000000000000000000000]]], [[280057613353524335314238769, 2835500000000000000000000000], [280057613353524335314238769, 2835500000000000000000000000], [1956307763983800366949076995, 19807040628566084398385987584], [0, 1], [1322534464694091561151573134647852292353007193237, 6695135081088439501717504000000000000000000000000], [0, 1], [0, 1]]], ["474c4e4c494e4531000000000000048b", [["474c4e4c494e45310000000000000700", "474c4e4c494e453100000000000005f2", ["474c4e4c494e453100000000000005f2", "474c4e4c494e45310000000000000700", 0], ["474c4e4c494e4531000000000000048b", "474c4e4c494e45310000000000000700", 0], [149880615250123845491223506643, 2713610000000000000000000000000]], ["474c4e4c494e453100000000000007ee", "474c4e4c494e4531000000000000070a", ["474c4e4c494e4531000000000000070a", "474c4e4c494e453100000000000007ee", 0], ["474c4e4c494e4531000000000000048b", "474c4e4c494e453100000000000007ee", 0], [140060480136486810877128580893, 1604325200000000000000000000000]], ["474c4e4c494e453100000000000007fc", "474c4e4c494e45310000000000000718", ["474c4e4c494e45310000000000000718", "474c4e4c494e453100000000000007fc", 0], ["474c4e4c494e4531000000000000048b", "474c4e4c494e453100000000000007fc", 0], [9069609783317204111097613239, 77379792968750000000000000000]], ["474c4e4c494e4531000000000000080a", "474c4e4c494e45310000000000000726", ["474c4e4c494e45310000000000000726", "474c4e4c494e4531000000000000080a", 0], ["474c4e4c494e4531000000000000048b", "474c4e4c494e4531000000000000080a", 0], [6591334018478882838506535861, 50946353500000000000000000000]]], [[2137056050846981034555821524720490979764900530744479, 5491999420080637457750015192500000000000000000000000], [2137056050846981034555821524720490979764900530744479, 5491999420080637457750015192500000000000000000000000], [0, 1], [0, 1], [2137056050846981034555821524720490979764900530744479, 5491999420080637457750015192500000000000000000000000], [0, 1], [0, 1]]]]}], "method": "advance_coexisting_admitted_interval_unsealed", "milliseconds": 675.6523510048282}
{"actual_sense_counts": [135, 34, 28, 8, 5, 10], "event": "native_roster", "source_ports": [220]}
{"after": 651753, "before": 651752, "consumed_physical_return_tick": null, "cue": false, "event": "physical", "external_guided_vocal_axis_count": 0, "external_heard_sample_count": 0, "guided": false, "intervals": 1, "milliseconds": 814.270447997842, "pending_physical_return_tick": 651753, "physical_return_source_count": 0, "self_heard_sample_count": 0, "self_hearing_source_tick": null, "stage": "recall", "vestibular_return_consumed": false, "world_revision": 310239}
{"after": 651754, "before": 651753, "consumed_self": null, "event": "native", "intervals": [{"breath": [], "motor": [], "nonzero_pressure": 0, "pressure_samples": 0, "tick": 651754, "work": []}], "method": "advance_coexisting_admitted_interval_unsealed", "milliseconds": 1528.7330450009904}
{"actual_sense_counts": [135, 34, 28, 8, 5, 18], "event": "native_roster", "source_ports": [220, 8]}
{"after": 651754, "before": 651753, "consumed_physical_return_tick": 651753, "cue": false, "event": "physical", "external_guided_vocal_axis_count": 0, "external_heard_sample_count": 0, "guided": false, "intervals": 1, "milliseconds": 1565.6317250031861, "pending_physical_return_tick": null, "physical_return_source_count": 1, "self_heard_sample_count": 0, "self_hearing_source_tick": null, "stage": "recall", "vestibular_return_consumed": false, "world_revision": 310239}
{"after": 651755, "before": 651754, "consumed_self": null, "event": "native", "intervals": [{"breath": [], "motor": [["474c4e4c494e4531000000000000039d", 59, 6, [], [["474c4e4c494e4531000000000000092d", "474c4e4c494e45310000000000002547", "474c4e4c494e4531000000000000036c", 5, 56, "articulated-body-proprioceptor", "left_grip_aperture-toward-minimum"], ["474c4e4c494e45310000000000000d47", "474c4e4c494e45310000000000002961", "474c4e4c494e45310000000000000786", 5, 131, "articulated-body-effector-load-receptor", "left_grip_aperture-toward-maximum-load"], ["474c4e4c494e453100000000000019a3", "474c4e4c494e453100000000000019a1", "474c4e4c494e45310000000000000059", 2, 27, "native-palmar-contact", "held-contact"]]], ["474c4e4c494e4531000000000000048b", 76, 5, [], [["474c4e4c494e45310000000000000a53", "474c4e4c494e4531000000000000266d", "474c4e4c494e45310000000000000492", 5, 77, "articulated-body-proprioceptor", "right_hip_pitch-toward-maximum"], ["474c4e4c494e45310000000000000e51", "474c4e4c494e45310000000000002a6b", "474c4e4c494e45310000000000000890", 5, 150, "articulated-body-effector-load-receptor", "right_hip_pitch-toward-minimum-load"]]]], "nonzero_pressure": 0, "pressure_samples": 4000, "tick": 651755, "work": [["474c4e4c494e4531000000000000039d", [["474c4e4c494e45310000000000000818", "474c4e4c494e45310000000000000734", ["474c4e4c494e45310000000000000734", "474c4e4c494e45310000000000000818", 0], ["474c4e4c494e4531000000000000039d", "474c4e4c494e45310000000000000818", 0], [341097196294049680219272770781, 1746668000000000000000000000000]]], [[341097196294049680219272770781, 1746668000000000000000000000000], [341097196294049680219272770781, 1746668000000000000000000000000], [0, 1], [0, 1], [341097196294049680219272770781, 1746668000000000000000000000000], [0, 1], [0, 1]]], ["474c4e4c494e4531000000000000048b", [["474c4e4c494e45310000000000000700", "474c4e4c494e453100000000000005f2", ["474c4e4c494e453100000000000005f2", "474c4e4c494e45310000000000000700", 0], ["474c4e4c494e4531000000000000048b", "474c4e4c494e45310000000000000700", 0], [4683493329376381684493551893, 42400156250000000000000000000]], ["474c4e4c494e453100000000000007ee", "474c4e4c494e4531000000000000070a", ["474c4e4c494e4531000000000000070a", "474c4e4c494e453100000000000007ee", 0], ["474c4e4c494e4531000000000000048b", "474c4e4c494e453100000000000007ee", 0], [283525497449324219809536627429, 1604325200000000000000000000000]], ["474c4e4c494e453100000000000007fc", "474c4e4c494e45310000000000000718", ["474c4e4c494e45310000000000000718", "474c4e4c494e453100000000000007fc", 0], ["474c4e4c494e4531000000000000048b", "474c4e4c494e453100000000000007fc", 0], [57438603992619115486097907303, 247615337500000000000000000000]], ["474c4e4c494e4531000000000000080a", "474c4e4c494e45310000000000000726", ["474c4e4c494e45310000000000000726", "474c4e4c494e4531000000000000080a", 0], ["474c4e4c494e4531000000000000048b", "474c4e4c494e4531000000000000080a", 0], [665698960490965713636523958331, 2547317675000000000000000000000]]], [[17145701949152935915439038768259807470932104589214989, 21967997680322549831000060770000000000000000000000000], [17145701949152935915439038768259807470932104589214989, 21967997680322549831000060770000000000000000000000000], [0, 1], [0, 1], [17145701949152935915439038768259807470932104589214989, 21967997680322549831000060770000000000000000000000000], [0, 1], [0, 1]]]]}], "method": "advance_coexisting_admitted_interval_unsealed", "milliseconds": 645.8297720018891}
{"actual_sense_counts": [135, 34, 28, 8, 5, 10], "event": "native_roster", "source_ports": [220]}
{"after": 651755, "before": 651754, "consumed_physical_return_tick": null, "cue": false, "event": "physical", "external_guided_vocal_axis_count": 0, "external_heard_sample_count": 0, "guided": false, "intervals": 1, "milliseconds": 785.8672700021998, "pending_physical_return_tick": 651755, "physical_return_source_count": 0, "self_heard_sample_count": 0, "self_hearing_source_tick": null, "stage": "recall", "vestibular_return_consumed": false, "world_revision": 310241}
{"after": 651756, "before": 651755, "consumed_self": null, "event": "native", "intervals": [{"breath": [], "motor": [], "nonzero_pressure": 0, "pressure_samples": 0, "tick": 651756, "work": []}], "method": "advance_coexisting_admitted_interval_unsealed", "milliseconds": 1588.6827240028651}
{"actual_sense_counts": [135, 34, 28, 8, 5, 18], "event": "native_roster", "source_ports": [220, 8]}
{"after": 651756, "before": 651755, "consumed_physical_return_tick": 651755, "cue": false, "event": "physical", "external_guided_vocal_axis_count": 0, "external_heard_sample_count": 0, "guided": false, "intervals": 1, "milliseconds": 1625.7663719952689, "pending_physical_return_tick": null, "physical_return_source_count": 1, "self_heard_sample_count": 0, "self_hearing_source_tick": null, "stage": "recall", "vestibular_return_consumed": false, "world_revision": 310241}
{"after": 651757, "before": 651756, "consumed_self": null, "event": "native", "intervals": [{"breath": [], "motor": [["474c4e4c494e4531000000000000048b", 76, 6, [], [["474c4e4c494e45310000000000000a53", "474c4e4c494e4531000000000000266d", "474c4e4c494e45310000000000000492", 5, 77, "articulated-body-proprioceptor", "right_hip_pitch-toward-maximum"], ["474c4e4c494e45310000000000000e51", "474c4e4c494e45310000000000002a6b", "474c4e4c494e45310000000000000890", 5, 150, "articulated-body-effector-load-receptor", "right_hip_pitch-toward-minimum-load"]]]], "nonzero_pressure": 0, "pressure_samples": 4000, "tick": 651757, "work": [["474c4e4c494e4531000000000000039d", [["474c4e4c494e45310000000000000818", "474c4e4c494e45310000000000000734", ["474c4e4c494e45310000000000000734", "474c4e4c494e45310000000000000818", 0], ["474c4e4c494e4531000000000000039d", "474c4e4c494e45310000000000000818", 0], [980182354353680429706885129, 9924250000000000000000000000]]], [[980182354353680429706885129, 9924250000000000000000000000], [980182354353680429706885129, 9924250000000000000000000000], [0, 1], [7825079664896352627515685705, 79228162514264337593543950336], [0, 1], [0, 1], [898238074565658341511, 187463782270476306048090112000000000000000000000000]]], ["474c4e4c494e4531000000000000048b", [["474c4e4c494e45310000000000000700", "474c4e4c494e453100000000000005f2", ["474c4e4c494e453100000000000005f2", "474c4e4c494e45310000000000000700", 0], ["474c4e4c494e4531000000000000048b", "474c4e4c494e45310000000000000700", 0], [2270794113456588511171457931, 42400156250000000000000000000]], ["474c4e4c494e453100000000000007ee", "474c4e4c494e4531000000000000070a", ["474c4e4c494e4531000000000000070a", "474c4e4c494e453100000000000007ee", 0], ["474c4e4c494e4531000000000000048b", "474c4e4c494e453100000000000007ee", 0], [35868300741266803235436813579, 401081300000000000000000000000]], ["474c4e4c494e453100000000000007fc", "474c4e4c494e45310000000000000718", ["474c4e4c494e45310000000000000718", "474c4e4c494e453100000000000007fc", 0], ["474c4e4c494e4531000000000000048b", "474c4e4c494e453100000000000007fc", 0], [36277232156183658760441099047, 309519171875000000000000000000]], ["474c4e4c494e4531000000000000080a", "474c4e4c494e45310000000000000726", ["474c4e4c494e45310000000000000726", "474c4e4c494e4531000000000000080a", 0], ["474c4e4c494e4531000000000000048b", "474c4e4c494e4531000000000000080a", 0], [13182277561679563627155322293, 101892707000000000000000000000]]], [[2139487980215932416885359402334951012357563838212367, 5491999420080637457750015192500000000000000000000000], [2139487980215932416885359402334951012357563838212367, 5491999420080637457750015192500000000000000000000000], [0, 1], [0, 1], [2139487980215932416885359402334951012357563838212367, 5491999420080637457750015192500000000000000000000000], [0, 1], [0, 1]]]]}], "method": "advance_coexisting_admitted_interval_unsealed", "milliseconds": 749.7469579975586}
{"actual_sense_counts": [135, 34, 28, 8, 5, 10], "event": "native_roster", "source_ports": [220]}
{"after": 651757, "before": 651756, "consumed_physical_return_tick": null, "cue": false, "event": "physical", "external_guided_vocal_axis_count": 0, "external_heard_sample_count": 0, "guided": false, "intervals": 1, "milliseconds": 887.4421380023705, "pending_physical_return_tick": 651757, "physical_return_source_count": 0, "self_heard_sample_count": 0, "self_hearing_source_tick": null, "stage": "recall", "vestibular_return_consumed": false, "world_revision": 310243}
{"after": 651758, "before": 651757, "consumed_self": null, "event": "native", "intervals": [{"breath": [], "motor": [], "nonzero_pressure": 0, "pressure_samples": 0, "tick": 651758, "work": []}], "method": "advance_coexisting_admitted_interval_unsealed", "milliseconds": 1449.815955995291}
{"actual_sense_counts": [135, 34, 28, 8, 5, 14], "event": "native_roster", "source_ports": [220, 4]}
{"after": 651758, "before": 651757, "consumed_physical_return_tick": 651757, "cue": false, "event": "physical", "external_guided_vocal_axis_count": 0, "external_heard_sample_count": 0, "guided": false, "intervals": 1, "milliseconds": 1487.8033240020159, "pending_physical_return_tick": null, "physical_return_source_count": 1, "self_heard_sample_count": 0, "self_hearing_source_tick": null, "stage": "recall", "vestibular_return_consumed": false, "world_revision": 310243}
{"after": 651759, "before": 651758, "consumed_self": null, "event": "native", "intervals": [{"breath": [], "motor": [["474c4e4c494e4531000000000000039d", 59, 6, [], [["474c4e4c494e4531000000000000092d", "474c4e4c494e45310000000000002547", "474c4e4c494e4531000000000000036c", 5, 56, "articulated-body-proprioceptor", "left_grip_aperture-toward-minimum"], ["474c4e4c494e45310000000000000d47", "474c4e4c494e45310000000000002961", "474c4e4c494e45310000000000000786", 5, 131, "articulated-body-effector-load-receptor", "left_grip_aperture-toward-maximum-load"], ["474c4e4c494e453100000000000019a3", "474c4e4c494e453100000000000019a1", "474c4e4c494e45310000000000000059", 2, 27, "native-palmar-contact", "held-contact"]]], ["474c4e4c494e4531000000000000048b", 76, 6, [], [["474c4e4c494e45310000000000000a53", "474c4e4c494e4531000000000000266d", "474c4e4c494e45310000000000000492", 5, 77, "articulated-body-proprioceptor", "right_hip_pitch-toward-maximum"], ["474c4e4c494e45310000000000000e51", "474c4e4c494e45310000000000002a6b", "474c4e4c494e45310000000000000890", 5, 150, "articulated-body-effector-load-receptor", "right_hip_pitch-toward-minimum-load"]]]], "nonzero_pressure": 0, "pressure_samples": 4000, "tick": 651759, "work": [["474c4e4c494e4531000000000000039d", [["474c4e4c494e45310000000000000818", "474c4e4c494e45310000000000000734", ["474c4e4c494e45310000000000000734", "474c4e4c494e45310000000000000818", 0], ["474c4e4c494e4531000000000000039d", "474c4e4c494e45310000000000000818", 0], [168589649749343395025305292967, 1746668000000000000000000000000]]], [[168589649749343395025305292967, 1746668000000000000000000000000], [168589649749343395025305292967, 1746668000000000000000000000000], [7825079664896352627515685705, 79228162514264337593543950336], [0, 1], [402701860914961470654101870888970975127435507640883, 2062101604975239366528991232000000000000000000000000], [0, 1], [0, 1]]], ["474c4e4c494e4531000000000000048b", [["474c4e4c494e45310000000000000700", "474c4e4c494e453100000000000005f2", ["474c4e4c494e453100000000000005f2", "474c4e4c494e45310000000000000700", 0], ["474c4e4c494e4531000000000000048b", "474c4e4c494e45310000000000000700", 0], [29973544460411983008377738499, 542722000000000000000000000000]], ["474c4e4c494e453100000000000007ee", "474c4e4c494e4531000000000000070a", ["474c4e4c494e4531000000000000070a", "474c4e4c494e453100000000000007ee", 0], ["474c4e4c494e4531000000000000048b", "474c4e4c494e453100000000000007ee", 0], [140055021880434227700237199941, 1604325200000000000000000000000]], ["474c4e4c494e453100000000000007fc", "474c4e4c494e45310000000000000718", ["474c4e4c494e45310000000000000718", "474c4e4c494e453100000000000007fc", 0], ["474c4e4c494e4531000000000000048b", "474c4e4c494e453100000000000007fc", 0], [36276754337827117862913919251, 309519171875000000000000000000]], ["474c4e4c494e4531000000000000080a", "474c4e4c494e45310000000000000726", ["474c4e4c494e45310000000000000726", "474c4e4c494e4531000000000000080a", 0], ["474c4e4c494e4531000000000000048b", "474c4e4c494e4531000000000000080a", 0], [131821119041980007290498893, 1018927070000000000000000000]]], [[106847570116970391701709262013828973664564798928901, 274599971004031872887500759625000000000000000000000], [106847570116970391701709262013828973664564798928901, 274599971004031872887500759625000000000000000000000], [0, 1], [0, 1], [106847570116970391701709262013828973664564798928901, 274599971004031872887500759625000000000000000000000], [0, 1], [0, 1]]]]}], "method": "advance_coexisting_admitted_interval_unsealed", "milliseconds": 687.4006220023148}
{"actual_sense_counts": [135, 34, 28, 8, 5, 10], "event": "native_roster", "source_ports": [220]}
{"after": 651759, "before": 651758, "consumed_physical_return_tick": null, "cue": false, "event": "physical", "external_guided_vocal_axis_count": 0, "external_heard_sample_count": 0, "guided": false, "intervals": 1, "milliseconds": 857.8812790001393, "pending_physical_return_tick": 651759, "physical_return_source_count": 0, "self_heard_sample_count": 0, "self_hearing_source_tick": null, "stage": "recall", "vestibular_return_consumed": false, "world_revision": 310245}
{"after": 651760, "before": 651759, "consumed_self": null, "event": "native", "intervals": [{"breath": [], "motor": [], "nonzero_pressure": 0, "pressure_samples": 0, "tick": 651760, "work": []}], "method": "advance_coexisting_admitted_interval_unsealed", "milliseconds": 1613.1789729988668}
{"actual_sense_counts": [135, 34, 28, 8, 5, 18], "event": "native_roster", "source_ports": [220, 8]}
{"after": 651760, "before": 651759, "consumed_physical_return_tick": 651759, "cue": false, "event": "physical", "external_guided_vocal_axis_count": 0, "external_heard_sample_count": 0, "guided": false, "intervals": 1, "milliseconds": 1650.8839029993396, "pending_physical_return_tick": null, "physical_return_source_count": 1, "self_heard_sample_count": 0, "self_hearing_source_tick": null, "stage": "recall", "vestibular_return_consumed": false, "world_revision": 310245}
{"after": 651761, "before": 651760, "consumed_self": null, "event": "native", "intervals": [{"breath": [], "motor": [["474c4e4c494e4531000000000000039d", 59, 6, [], [["474c4e4c494e4531000000000000092d", "474c4e4c494e45310000000000002547", "474c4e4c494e4531000000000000036c", 5, 56, "articulated-body-proprioceptor", "left_grip_aperture-toward-minimum"], ["474c4e4c494e45310000000000000d47", "474c4e4c494e45310000000000002961", "474c4e4c494e45310000000000000786", 5, 131, "articulated-body-effector-load-receptor", "left_grip_aperture-toward-maximum-load"], ["474c4e4c494e453100000000000019a3", "474c4e4c494e453100000000000019a1", "474c4e4c494e45310000000000000059", 2, 27, "native-palmar-contact", "held-contact"]]], ["474c4e4c494e4531000000000000048b", 76, 6, [], [["474c4e4c494e45310000000000000a53", "474c4e4c494e4531000000000000266d", "474c4e4c494e45310000000000000492", 5, 77, "articulated-body-proprioceptor", "right_hip_pitch-toward-maximum"], ["474c4e4c494e45310000000000000e51", "474c4e4c494e45310000000000002a6b", "474c4e4c494e45310000000000000890", 5, 150, "articulated-body-effector-load-receptor", "right_hip_pitch-toward-minimum-load"]]]], "nonzero_pressure": 0, "pressure_samples": 4000, "tick": 651761, "work": [["474c4e4c494e4531000000000000039d", [["474c4e4c494e45310000000000000818", "474c4e4c494e45310000000000000734", ["474c4e4c494e45310000000000000734", "474c4e4c494e45310000000000000818", 0], ["474c4e4c494e4531000000000000039d", "474c4e4c494e45310000000000000818", 0], [490069119952617348273685227, 2481062500000000000000000000]]], [[490069119952617348273685227, 2481062500000000000000000000], [490069119952617348273685227, 2481062500000000000000000000], [0, 1], [0, 1], [490069119952617348273685227, 2481062500000000000000000000], [0, 1], [0, 1]]], ["474c4e4c494e4531000000000000048b", [["474c4e4c494e45310000000000000700", "474c4e4c494e453100000000000005f2", ["474c4e4c494e453100000000000005f2", "474c4e4c494e45310000000000000700", 0], ["474c4e4c494e4531000000000000048b", "474c4e4c494e45310000000000000700", 0], [59035161530784274725799143351, 542722000000000000000000000000]], ["474c4e4c494e453100000000000007ee", "474c4e4c494e4531000000000000070a", ["474c4e4c494e4531000000000000070a", "474c4e4c494e453100000000000007ee", 0], ["474c4e4c494e4531000000000000048b", "474c4e4c494e453100000000000007ee", 0], [283515050445010327694373312771, 1604325200000000000000000000000]], ["474c4e4c494e453100000000000007fc", "474c4e4c494e45310000000000000718", ["474c4e4c494e45310000000000000718", "474c4e4c494e453100000000000007fc", 0], ["474c4e4c494e4531000000000000048b", "474c4e4c494e453100000000000007fc", 0], [229743466011394374123766233117, 990461350000000000000000000000]], ["474c4e4c494e4531000000000000080a", "474c4e4c494e45310000000000000726", ["474c4e4c494e45310000000000000726", "474c4e4c494e4531000000000000080a", 0], ["474c4e4c494e4531000000000000048b", "474c4e4c494e4531000000000000080a", 0], [1331345700876382699743794465199, 5094635350000000000000000000000]]], [[1710811256982286378965750076820375735095614548622021, 2196799768032254983100006077000000000000000000000000], [1710811256982286378965750076820375735095614548622021, 2196799768032254983100006077000000000000000000000000], [0, 1], [0, 1], [1710811256982286378965750076820375735095614548622021, 2196799768032254983100006077000000000000000000000000], [0, 1], [0, 1]]]]}], "method": "advance_coexisting_admitted_interval_unsealed", "milliseconds": 732.4264939961722}
{"actual_sense_counts": [135, 34, 28, 8, 5, 10], "event": "native_roster", "source_ports": [220]}
{"after": 651761, "before": 651760, "consumed_physical_return_tick": null, "cue": false, "event": "physical", "external_guided_vocal_axis_count": 0, "external_heard_sample_count": 0, "guided": false, "intervals": 1, "milliseconds": 895.0980529989465, "pending_physical_return_tick": 651761, "physical_return_source_count": 0, "self_heard_sample_count": 0, "self_hearing_source_tick": null, "stage": "recall", "vestibular_return_consumed": false, "world_revision": 310247}
{"after": 651762, "before": 651761, "consumed_self": null, "event": "native", "intervals": [{"breath": [], "motor": [], "nonzero_pressure": 0, "pressure_samples": 0, "tick": 651762, "work": []}], "method": "advance_coexisting_admitted_interval_unsealed", "milliseconds": 1555.7449150001048}
{"actual_sense_counts": [135, 34, 28, 8, 5, 18], "event": "native_roster", "source_ports": [220, 8]}
{"after": 651762, "before": 651761, "consumed_physical_return_tick": 651761, "cue": false, "event": "physical", "external_guided_vocal_axis_count": 0, "external_heard_sample_count": 0, "guided": false, "intervals": 1, "milliseconds": 1593.9844430031371, "pending_physical_return_tick": null, "physical_return_source_count": 1, "self_heard_sample_count": 0, "self_hearing_source_tick": null, "stage": "recall", "vestibular_return_consumed": false, "world_revision": 310247}
{"after": 651763, "before": 651762, "consumed_self": null, "event": "native", "intervals": [{"breath": [], "motor": [["474c4e4c494e4531000000000000048b", 76, 6, [], [["474c4e4c494e45310000000000000a53", "474c4e4c494e4531000000000000266d", "474c4e4c494e45310000000000000492", 5, 77, "articulated-body-proprioceptor", "right_hip_pitch-toward-maximum"], ["474c4e4c494e45310000000000000e51", "474c4e4c494e45310000000000002a6b", "474c4e4c494e45310000000000000890", 5, 150, "articulated-body-effector-load-receptor", "right_hip_pitch-toward-minimum-load"]]]], "nonzero_pressure": 0, "pressure_samples": 4000, "tick": 651763, "work": [["474c4e4c494e4531000000000000039d", [["474c4e4c494e45310000000000000818", "474c4e4c494e45310000000000000734", ["474c4e4c494e45310000000000000734", "474c4e4c494e45310000000000000818", 0], ["474c4e4c494e4531000000000000039d", "474c4e4c494e45310000000000000818", 0], [980153795957146065979267977, 9924250000000000000000000000]]], [[980153795957146065979267977, 9924250000000000000000000000], [980153795957146065979267977, 9924250000000000000000000000], [0, 1], [7824851674944288605261605657, 79228162514264337593543950336], [0, 1], [0, 1], [930478121550717436343, 187463782270476306048090112000000000000000000000000]]], ["474c4e4c494e4531000000000000048b", [["474c4e4c494e45310000000000000700", "474c4e4c494e453100000000000005f2", ["474c4e4c494e453100000000000005f2", "474c4e4c494e45310000000000000700", 0], ["474c4e4c494e4531000000000000048b", "474c4e4c494e45310000000000000700", 0], [29971909641950305399546570647, 542722000000000000000000000000]], ["474c4e4c494e453100000000000007ee", "474c4e4c494e4531000000000000070a", ["474c4e4c494e4531000000000000070a", "474c4e4c494e453100000000000007ee", 0], ["474c4e4c494e4531000000000000048b", "474c4e4c494e453100000000000007ee", 0], [140051430684317104504797616029, 1604325200000000000000000000000]], ["474c4e4c494e453100000000000007fc", "474c4e4c494e45310000000000000718", ["474c4e4c494e45310000000000000718", "474c4e4c494e453100000000000007fc", 0], ["474c4e4c494e4531000000000000048b", "474c4e4c494e453100000000000007fc", 0], [568316951270384654702212277337, 4952306750000000000000000000000]], ["474c4e4c494e4531000000000000080a", "474c4e4c494e45310000000000000726", ["474c4e4c494e45310000000000000726", "474c4e4c494e4531000000000000080a", 0], ["474c4e4c494e4531000000000000048b", "474c4e4c494e4531000000000000080a", 0], [13181766159654950544766408149, 101892707000000000000000000000]]], [[84938918635381996751378548804421406310113197371929, 219679976803225498310000607700000000000000000000000], [84938918635381996751378548804421406310113197371929, 219679976803225498310000607700000000000000000000000], [0, 1], [0, 1], [84938918635381996751378548804421406310113197371929, 219679976803225498310000607700000000000000000000000], [0, 1], [0, 1]]]]}], "method": "advance_coexisting_admitted_interval_unsealed", "milliseconds": 782.8608160052681}
{"actual_sense_counts": [135, 34, 28, 8, 5, 10], "event": "native_roster", "source_ports": [220]}
{"after": 651763, "before": 651762, "consumed_physical_return_tick": null, "cue": false, "event": "physical", "external_guided_vocal_axis_count": 0, "external_heard_sample_count": 0, "guided": false, "intervals": 1, "milliseconds": 928.9470980002079, "pending_physical_return_tick": 651763, "physical_return_source_count": 0, "self_heard_sample_count": 0, "self_hearing_source_tick": null, "stage": "recall", "vestibular_return_consumed": false, "world_revision": 310249}
{"after": 651764, "before": 651763, "consumed_self": null, "event": "native", "intervals": [{"breath": [], "motor": [], "nonzero_pressure": 0, "pressure_samples": 0, "tick": 651764, "work": []}], "method": "advance_coexisting_admitted_interval_unsealed", "milliseconds": 1351.6631530001177}
{"actual_sense_counts": [135, 34, 28, 8, 5, 14], "event": "native_roster", "source_ports": [220, 4]}
{"after": 651764, "before": 651763, "consumed_physical_return_tick": 651763, "cue": false, "event": "physical", "external_guided_vocal_axis_count": 0, "external_heard_sample_count": 0, "guided": false, "intervals": 1, "milliseconds": 1388.5684409979149, "pending_physical_return_tick": null, "physical_return_source_count": 1, "self_heard_sample_count": 0, "self_hearing_source_tick": null, "stage": "recall", "vestibular_return_consumed": false, "world_revision": 310249}
{"after": 651764, "event": "tail", "last_eight_vocally_quiet": true, "pending_physical": false, "stage": "recall"}
{"body": "6dedb338f41fc650bda6589e4dc175229e726f74cb8b257953e7d86b3cd55f33", "cue_tick": 651701, "event": "recall_result", "missing_originals": 0, "next_rows": [{"breath": [["474c4e4c494e4531000000000000008e", 3, 18, [["474c4e4c494e4531000000000000269c", 11, "474c4e4c494e453100000000000000c5", 12, 0, 5], ["474c4e4c494e4531000000000000269c", 11, "474c4e4c494e453100000000000000e1", 12, 0, 1], ["474c4e4c494e4531000000000000269c", 11, "474c4e4c494e453100000000000000fd", 12, 0, 6], ["474c4e4c494e4531000000000000269c", 11, "474c4e4c494e45310000000000000509", 12, 0, 6]]]], "motor": [["474c4e4c494e453100000000000000c5", 7, 5, [["474c4e4c494e4531000000000000269c", 11, "474c4e4c494e453100000000000000c5", 12, 0, 5]], [["474c4e4c494e45310000000000000f23", "474c4e4c494e45310000000000002b3d", "474c4e4c494e45310000000000000962", 5, 165, "articulated-body-proprioceptor", "vocal_tract_section_0_area-toward-maximum"], ["474c4e4c494e45310000000000000ff5", "474c4e4c494e45310000000000002c0f", "474c4e4c494e45310000000000000a34", 5, 180, "articulated-body-effector-load-receptor", "vocal_tract_section_0_area-toward-minimum-load"]]], ["474c4e4c494e453100000000000000e1", 9, 1, [["474c4e4c494e4531000000000000269c", 11, "474c4e4c494e453100000000000000e1", 12, 0, 1]], [["474c4e4c494e45310000000000000f3f", "474c4e4c494e45310000000000002b59", "474c4e4c494e4531000000000000097e", 5, 167, "articulated-body-proprioceptor", "vocal_tract_section_1_area-toward-maximum"], ["474c4e4c494e45310000000000001011", "474c4e4c494e45310000000000002c2b", "474c4e4c494e45310000000000000a50", 5, 182, "articulated-body-effector-load-receptor", "vocal_tract_section_1_area-toward-minimum-load"]]], ["474c4e4c494e453100000000000000fd", 11, 6, [["474c4e4c494e4531000000000000269c", 11, "474c4e4c494e453100000000000000fd", 12, 0, 6]], [["474c4e4c494e45310000000000000f5b", "474c4e4c494e45310000000000002b75", "474c4e4c494e4531000000000000099a", 5, 169, "articulated-body-proprioceptor", "vocal_tract_section_2_area-toward-maximum"], ["474c4e4c494e4531000000000000102d", "474c4e4c494e45310000000000002c47", "474c4e4c494e45310000000000000a6c", 5, 184, "articulated-body-effector-load-receptor", "vocal_tract_section_2_area-toward-minimum-load"]]], ["474c4e4c494e45310000000000000509", 85, 6, [["474c4e4c494e4531000000000000269c", 11, "474c4e4c494e45310000000000000509", 12, 0, 6]], [["474c4e4c494e45310000000000000fe7", "474c4e4c494e45310000000000002c01", "474c4e4c494e45310000000000000a26", 5, 179, "articulated-body-proprioceptor", "vocal_tract_section_7_area-toward-maximum"], ["474c4e4c494e453100000000000010b9", "474c4e4c494e45310000000000002cd3", "474c4e4c494e45310000000000000af8", 5, 194, "articulated-body-effector-load-receptor", "vocal_tract_section_7_area-toward-minimum-load"]]]], "nonzero_pressure": 3995, "tick": 651704, "work": []}], "passed": true, "root_rows": [{"breath": [["474c4e4c494e4531000000000000008e", 3, 249, [["474c4e4c494e4531000000000000268e", 11, "474c4e4c494e453100000000000000b7", 12, 0, 27], ["474c4e4c494e4531000000000000268e", 11, "474c4e4c494e453100000000000000d3", 12, 0, 70], ["474c4e4c494e4531000000000000268e", 11, "474c4e4c494e453100000000000000ef", 12, 0, 76], ["474c4e4c494e4531000000000000268e", 11, "474c4e4c494e453100000000000004fb", 12, 0, 76]]]], "motor": [["474c4e4c494e4531000000000000048b", 76, 6, [], [["474c4e4c494e45310000000000000a53", "474c4e4c494e4531000000000000266d", "474c4e4c494e45310000000000000492", 5, 77, "articulated-body-proprioceptor", "right_hip_pitch-toward-maximum"], ["474c4e4c494e45310000000000000e51", "474c4e4c494e45310000000000002a6b", "474c4e4c494e45310000000000000890", 5, 150, "articulated-body-effector-load-receptor", "right_hip_pitch-toward-minimum-load"]]], ["474c4e4c494e453100000000000000b7", 6, 27, [["474c4e4c494e4531000000000000268e", 11, "474c4e4c494e453100000000000000b7", 12, 0, 27]], [["474c4e4c494e45310000000000000f15", "474c4e4c494e45310000000000002b2f", "474c4e4c494e45310000000000000954", 5, 164, "articulated-body-proprioceptor", "vocal_tract_section_0_area-toward-minimum"], ["474c4e4c494e45310000000000001003", "474c4e4c494e45310000000000002c1d", "474c4e4c494e45310000000000000a42", 5, 181, "articulated-body-effector-load-receptor", "vocal_tract_section_0_area-toward-maximum-load"]]], ["474c4e4c494e453100000000000000d3", 8, 70, [["474c4e4c494e4531000000000000268e", 11, "474c4e4c494e453100000000000000d3", 12, 0, 70]], [["474c4e4c494e45310000000000000f31", "474c4e4c494e45310000000000002b4b", "474c4e4c494e45310000000000000970", 5, 166, "articulated-body-proprioceptor", "vocal_tract_section_1_area-toward-minimum"], ["474c4e4c494e4531000000000000101f", "474c4e4c494e45310000000000002c39", "474c4e4c494e45310000000000000a5e", 5, 183, "articulated-body-effector-load-receptor", "vocal_tract_section_1_area-toward-maximum-load"]]], ["474c4e4c494e453100000000000000ef", 10, 76, [["474c4e4c494e4531000000000000268e", 11, "474c4e4c494e453100000000000000ef", 12, 0, 76]], [["474c4e4c494e45310000000000000f4d", "474c4e4c494e45310000000000002b67", "474c4e4c494e4531000000000000098c", 5, 168, "articulated-body-proprioceptor", "vocal_tract_section_2_area-toward-minimum"], ["474c4e4c494e4531000000000000103b", "474c4e4c494e45310000000000002c55", "474c4e4c494e45310000000000000a7a", 5, 185, "articulated-body-effector-load-receptor", "vocal_tract_section_2_area-toward-maximum-load"]]], ["474c4e4c494e453100000000000004fb", 84, 76, [["474c4e4c494e4531000000000000268e", 11, "474c4e4c494e453100000000000004fb", 12, 0, 76]], [["474c4e4c494e45310000000000000fd9", "474c4e4c494e45310000000000002bf3", "474c4e4c494e45310000000000000a18", 5, 178, "articulated-body-proprioceptor", "vocal_tract_section_7_area-toward-minimum"], ["474c4e4c494e453100000000000010c7", "474c4e4c494e45310000000000002ce1", "474c4e4c494e45310000000000000b06", 5, 195, "articulated-body-effector-load-receptor", "vocal_tract_section_7_area-toward-maximum-load"]]]], "nonzero_pressure": 3994, "tick": 651703, "work": [["474c4e4c494e4531000000000000039d", [["474c4e4c494e45310000000000000818", "474c4e4c494e45310000000000000734", ["474c4e4c494e45310000000000000734", "474c4e4c494e45310000000000000818", 0], ["474c4e4c494e4531000000000000039d", "474c4e4c494e45310000000000000818", 0], [980440385746888257442933923, 9924250000000000000000000000]]], [[980440385746888257442933923, 9924250000000000000000000000], [980440385746888257442933923, 9924250000000000000000000000], [0, 1], [1956784901063115081307622081, 19807040628566084398385987584], [0, 1], [0, 1], [561355435171985968783, 46865945567619076512022528000000000000000000000000]]], ["474c4e4c494e4531000000000000048b", [["474c4e4c494e45310000000000000700", "474c4e4c494e453100000000000005f2", ["474c4e4c494e453100000000000005f2", "474c4e4c494e45310000000000000700", 0], ["474c4e4c494e4531000000000000048b", "474c4e4c494e45310000000000000700", 0], [29997375757794585129588930243, 542722000000000000000000000000]], ["474c4e4c494e453100000000000007ee", "474c4e4c494e4531000000000000070a", ["474c4e4c494e4531000000000000070a", "474c4e4c494e453100000000000007ee", 0], ["474c4e4c494e4531000000000000048b", "474c4e4c494e453100000000000007ee", 0], [17940296831013141735098045097, 200540650000000000000000000000]], ["474c4e4c494e453100000000000007fc", "474c4e4c494e45310000000000000718", ["474c4e4c494e45310000000000000718", "474c4e4c494e453100000000000007fc", 0], ["474c4e4c494e4531000000000000048b", "474c4e4c494e453100000000000007fc", 0], [18146488942571198145764030829, 154759585937500000000000000000]], ["474c4e4c494e4531000000000000080a", "474c4e4c494e45310000000000000726", ["474c4e4c494e45310000000000000726", "474c4e4c494e4531000000000000080a", 0], ["474c4e4c494e4531000000000000048b", "474c4e4c494e4531000000000000080a", 0], [13187076373415623682267286669, 101892707000000000000000000000]]], [[343938817504647900357838953206225688190243770161859, 878719907212901993240002430800000000000000000000000], [343938817504647900357838953206225688190243770161859, 878719907212901993240002430800000000000000000000000], [0, 1], [0, 1], [343938817504647900357838953206225688190243770161859, 878719907212901993240002430800000000000000000000000], [0, 1], [0, 1]]]]}], "scope": "two postures with quiet baseline and finite quiet, not full word", "self_heard_samples": 136000, "tick": 651764, "vocal_events": [[651703, "474c4e4c494e453100000000000000b7"], [651703, "474c4e4c494e453100000000000000d3"], [651703, "474c4e4c494e453100000000000000ef"], [651703, "474c4e4c494e453100000000000004fb"], [651704, "474c4e4c494e453100000000000000c5"], [651704, "474c4e4c494e453100000000000000e1"], [651704, "474c4e4c494e453100000000000000fd"], [651704, "474c4e4c494e45310000000000000509"]], "world": "372c64ed0d58d5bcbfd997d50e6e95b7c3a36726e3fff7a202b4ee442d84dbbf"}
{"body": "6dedb338f41fc650bda6589e4dc175229e726f74cb8b257953e7d86b3cd55f33", "event": "cold_exact", "tick": 651764, "world": "372c64ed0d58d5bcbfd997d50e6e95b7c3a36726e3fff7a202b4ee442d84dbbf"}
{"after": 651765, "before": 651764, "consumed_self": null, "event": "native", "intervals": [{"breath": [], "motor": [["474c4e4c494e4531000000000000039d", 59, 6, [], [["474c4e4c494e4531000000000000092d", "474c4e4c494e45310000000000002547", "474c4e4c494e4531000000000000036c", 5, 56, "articulated-body-proprioceptor", "left_grip_aperture-toward-minimum"], ["474c4e4c494e45310000000000000d47", "474c4e4c494e45310000000000002961", "474c4e4c494e45310000000000000786", 5, 131, "articulated-body-effector-load-receptor", "left_grip_aperture-toward-maximum-load"], ["474c4e4c494e453100000000000019a3", "474c4e4c494e453100000000000019a1", "474c4e4c494e45310000000000000059", 2, 27, "native-palmar-contact", "held-contact"]]], ["474c4e4c494e4531000000000000048b", 76, 6, [], [["474c4e4c494e45310000000000000a53", "474c4e4c494e4531000000000000266d", "474c4e4c494e45310000000000000492", 5, 77, "articulated-body-proprioceptor", "right_hip_pitch-toward-maximum"], ["474c4e4c494e45310000000000000e51", "474c4e4c494e45310000000000002a6b", "474c4e4c494e45310000000000000890", 5, 150, "articulated-body-effector-load-receptor", "right_hip_pitch-toward-minimum-load"]]]], "nonzero_pressure": 0, "pressure_samples": 4000, "tick": 651765, "work": [["474c4e4c494e4531000000000000039d", [["474c4e4c494e45310000000000000818", "474c4e4c494e45310000000000000734", ["474c4e4c494e45310000000000000734", "474c4e4c494e45310000000000000818", 0], ["474c4e4c494e4531000000000000039d", "474c4e4c494e45310000000000000818", 0], [980119576964007163563969519, 4962125000000000000000000000]]], [[980119576964007163563969519, 4962125000000000000000000000], [980119576964007163563969519, 4962125000000000000000000000], [7824851674944288605261605657, 79228162514264337593543950336], [0, 1], [55542452452015543379426041475046416438438823673417, 187463782270476306048090112000000000000000000000000], [0, 1], [0, 1]]], ["474c4e4c494e4531000000000000048b", [["474c4e4c494e45310000000000000700", "474c4e4c494e453100000000000005f2", ["474c4e4c494e453100000000000005f2", "474c4e4c494e45310000000000000700", 0], ["474c4e4c494e4531000000000000048b", "474c4e4c494e45310000000000000700", 0], [59031792934601739595379433891, 542722000000000000000000000000]], ["474c4e4c494e453100000000000007ee", "474c4e4c494e4531000000000000070a", ["474c4e4c494e4531000000000000070a", "474c4e4c494e453100000000000007ee", 0], ["474c4e4c494e4531000000000000048b", "474c4e4c494e453100000000000007ee", 0], [283507177826639204470427600997, 1604325200000000000000000000000]], ["474c4e4c494e453100000000000007fc", "474c4e4c494e45310000000000000718", ["474c4e4c494e45310000000000000718", "474c4e4c494e453100000000000007fc", 0], ["474c4e4c494e4531000000000000048b", "474c4e4c494e453100000000000007fc", 0], [229735647571491364599560012679, 990461350000000000000000000000]], ["474c4e4c494e4531000000000000080a", "474c4e4c494e45310000000000000726", ["474c4e4c494e45310000000000000726", "474c4e4c494e4531000000000000080a", 0], ["474c4e4c494e4531000000000000048b", "474c4e4c494e4531000000000000080a", 0], [13181265950902876540730287143, 50946353500000000000000000000]]], [[426267360145629682082209014287190037462444120809939, 549199942008063745775001519250000000000000000000000], [426267360145629682082209014287190037462444120809939, 549199942008063745775001519250000000000000000000000], [0, 1], [0, 1], [426267360145629682082209014287190037462444120809939, 549199942008063745775001519250000000000000000000000], [0, 1], [0, 1]]]]}], "method": "advance_coexisting_admitted_interval_unsealed", "milliseconds": 871.9319520023419}
{"actual_sense_counts": [135, 34, 28, 8, 5, 10], "event": "native_roster", "source_ports": [220]}
{"after": 651765, "before": 651764, "consumed_physical_return_tick": null, "cue": false, "event": "physical", "external_guided_vocal_axis_count": 0, "external_heard_sample_count": 0, "guided": false, "intervals": 1, "milliseconds": 1022.5015940013691, "pending_physical_return_tick": 651765, "physical_return_source_count": 0, "self_heard_sample_count": 0, "self_hearing_source_tick": null, "stage": "cold-next", "vestibular_return_consumed": false, "world_revision": 310251}
{"body": "fa73dd48dfe7b0c6dafc33c6d8e86002dfd094f2ffe4aa7ce2def17f0466d82c", "event": "cold_next", "peak_rss_kib": 2541620, "scope": "exact prior restore and next execution, not warm-next comparison", "tick": 651765, "world": "218e8ff00c7be3ffd3f5265e3f97b9951de3802047bfa55cc2f4c872ac61c8d0"}
