 MJD  [UTC-UTC(NRC )]/ns  uA/ns  uB/ns  u/ns  

50814        9
50819       54
50824      117
50829       13
50834       14
50839       17
50844       17
50849       20
50854       22
50859       24
50864       29
50869       26
50874       24
50879       18
50884       16
50889       14
50894       22
50899       19
50904       13
50909        1
50914       15
50919       13
50924       17
50929       16
50934       25
50939       19
50944       18
50949       14
50954       19
50959        9
50964        8
50969        6
50974        9
50979       11
50984       15
50989       14
50994       19
50999       21
51004       17
51009       19
51014       16
51019       18
51024       25
51029       15
51034       22
51039       29
51044       21
51049       19
51054       17
51059       15
51064        6
51069        1
51074       -3
51079      -14
51084      -21
51089      -18
51094      -22
51099      -27
51104      -25
51109      -28
51114      -29
51119      -28
51124      -25
51129      -17
51134      -11
51139       -9
51144      -13
51149       -4
51154       -6
51159       -5
51164       -6
51169       -2
51174       -5
51179      -10
51184       -6
51189       -8
51194      -15
51199      -12
51204      -11
51209      -11
51214      -15
51219      -21
51224      -25
51229      -33
51234      -26
51239      -19
51244      -24
51249      -26
51254      -35
51259      -39
51264      -42
51269      -32
51274      -26
51279      -26
51284      -12
51289      -10
51294      -21
51299      -15
51304      -11
51309      -12
51314       -9
51319      -10
51324       -8
51329      -10
51334      -15
51339      -14
51344      -16
51349      -20
51354      -26
51359      -26
51364      -22
51369      -19
51374      -17
51379        -
51384        -
51389        -
51394      -12
51399      -20
51404      -15
51409      -19
51414      -26
51419      -26
51424      -31
51429      -32
51434      -37
51439      -41
51444      -36
51449      -32
51454      -36
51459      -36
51464      -38
51469      -39
51474      -35
51479      -38
51484      -44
51489      -54
51494      -55
51499      -57
51504      -68
51509      -71
51514      -67
51519      -67
51524      -55
51529      -51
51534      -40
51539      -31
51544      -26
51549      -24
51554      -24
51559      -15
51564      -14
51569       -7
51574       -9
51579       -9
51584       -7
51589       -1
51594       -3
51599        3
51604       -7
51609        1
51614       11
51619       18
51624       21
51629       30
51634       40
51639       45
51644       48
51649       45
51654       49
51659       53
51664       50
51669       48
51674       47
51679       51
51684       53
51689       59
51694       61
51699       69
51704       62
51709       71
51714       66
51719       54
51724       41
51729       38
51734       30
51739       25
51744       24
51749       14
51754        5
51759        8
51764        3
51769        7
51774        5
51779       11
51784       15
51789       13
51794       17
51799       16
51804       12
51809       16
51814       17
51819       20
51824       24
51829       25
51834       22
51839       20
51844       21
51849       28
51854       32
51859       34
51864       39
51869       37
51874       45
51879       45
51884       46
51889       53
51894       50
51899       53
51904       57
51909       66
51914       70
51919       66
51924       61
51929       71
51934       72
51939       74
51944       82
51949       86
51954       87
51959       92
51964       95
51969       90
51974       95
51979       86
51984       84
51989       73
51994       68
51999       66
52004       50
52009       54
52014       44
52019       50
52024       45
52029       44
52034       45
52039       50
52044       56
52049       52
52054       36
52059       29
52064       43
52069       49
52074       49
52079       40
52084       40
52089       35
52094       30
52099       41
52104       40
52109       43
52114       48
52119       64
52124       58
52129       55
52134       47
52139       47
52144       38
52149       37
52154       34
52159       36
52164       46
52169       46
52174       46
52179       49
52184       44
52189       50
52194       49
52199       47
52204       47
52209       43
52214       39
52219       27
52224       25
52229       17
52234       19
52239       22
52244       22
52249       24
52254       26
52259       23
52264       30
52269       25
52274       28
52279       19
52284       16
52289       10
52294        7
52299        3
52304       -1
52309       12
52314       22
52319       36
52324       25
52329       20
52334       20
52339       18
52344       17
52349       20
52354       20
52359       22
52364       23
52369       13
52374        4
52379        7
52384       14
52389       30
52394       37
52399       24
52404       19
52409       21
52414       21
52419       22
52424       22
52429       22
52434       15
52439       19
52444        9
52449        9
52454        7
52459        4
52464       -5
52469      -18
52474      -17
52479      -12
52484      -17
52489      -16
52494      -19
52499      -20
52504      -25
52509      -23
52514      -19
52519      -14
52524       -7
52529       -3
52534       -1
52539       -3
52544        0
52549       10
52554       13
52559       17
52564       24
52569       22
52574       26
52579       31
52584       27
52589       27
52594       11
52599       10
52604        9
52609       19
52614       21
52619       14
52624       11
52629       19
52634       17
52639       15
52644       18.0
52649       27.0
52654       22.5
52659       39.2
52664       43.0
52669       46.6
52674       41.5
52679       44.8
52684       40.7
52689       29.6
52694       22.3
52699       22.8
52704       15.4
52709        7.3
52714        9.6
52719       16.5
52724       18.0
52729       23.0
52734       32.7
52739       31.1
52744       31.9
52749       27.7
52754       19.9
52759        9.0
52764       14.1
52769       10.4
52774        3.1
52779        5.4
52784        5.7
52789       15.2
52794       25.5
52799       15.7
52804       20.0
52809       22.0
52814       27.1
52819       17.7
52824       16.0
52829       24.1
52834       30.2
52839       27.7
52844       22.3
52849       27.9
52854       12.5
52859       12.7
52864       10.9
52869       13.1
52874        9.8
52879       22.3
52884       16.5
52889       15.9
52894       27.0
52899       28.1
52904       23.2
52909       25.8
52914       33.2
52919       40.3
52924       36.8
52929       39.5
52934       31.9
52939       26.2
52944       29.9
52949       24.6
52954       30.7
52959       32.2
52964       30.5
52969       36.3
52974       41.6
52979       46.7
52984       45.6
52989       48.8
52994       55.6
52999       53.6
53004       50.4
53009       45.4
53014       49.6
53019       46.7
53024       58.1
53029       60.9
53034       59.1
53039       43.0
53044       38.8
53049       40.4
53054       38.8
53059       32.6
53064       31.3
53069       35.7
53074       35.6
53079       34.2
53084       25.8
53089       23.9
53094       21.7
53099       32.0
53104       36.7
53109       42.2
53114       43.6
53119       34.6
53124       32.7
53129       34.8
53134       31.1
53139       21.8
53144       16.4
53149       24.9
53154       24.3
53159       27.6
53164       29.5
53169       26.3
53174       21.8
53179       21.2
53184       12.4
53189       16.5
53194       17.0
53199       17.4
53204       11.0
53209        4.9
53214        8.8
53219       26.8
53224       30.8
53229       21.8
53234       21.5
53239        9.9
53244        7.9
53249        9.3
53254        5.7
53259        4.0
53264        3.8
53269       10.9
53274        6.9
53279       14.6
53284       20.0
53289       18.2
53294       21.7
53299       20.5
53304       15.7
53309       14.6
53314       22.2
53319       24.3
53324       20.3
53329       13.4
53334       10.7
53339        7.5
53344        1.7
53349        3.5
53354        6.4
53359        4.6
53364       -3.3
53369       -0.8
53374       -5.1
53379       -4.8
53384       -6.7
53389        0.5
53394        6.5
53399       10.2
53404       10.4
53409       13.1
53414       10.9
53419        5.4
53424       10.6
53429       12.1
53434       13.5
53439       19.8
53444       17.2
53449        7.9
53454        3.9
53459        1.1
53464        0.7
53469       -0.9
53474        5.4
53479        8.2
53484       -4.8
53489      -10.5
53494       -3.3          NRC 0505 CirT.209
53499       -8.2                           
53504      -12.0                           
53509       -8.6                           
53514       -9.0                           
53519      -12.5                           
53524      -12.7          NRC 0506 CirT.210
53529      -21.3                           
53534      -25.5                           
53539      -24.6                           
53544      -20.9                           
53549      -18.2                           
53554      -19.0          NRC 0507 CirT.211
53559      -25.1                           
53564      -36.7                           
53569      -36.8                           
53574      -37.7                           
53579      -30.4                           
53584      -28.9          NRC 0508 CirT.212
53589      -26.4                           
53594      -18.8                           
53599      -19.9                           
53604      -22.0                           
53609      -21.7                           
53614      -14.7          NRC 0509 CirT.213
53619        6.5                           
53624       10.8                           
53629       18.3                           
53634       11.9                           
53639       10.4                           
53644       11.2          NRC 0510 CirT.214
53649        8.9                           
53654        5.7                           
53659       15.5                           
53664       28.6                           
53669       34.7                           
53674       36.2                           
53679       28.6          NRC 0511 CirT.215
53684       24.0                           
53689       17.6                           
53694       11.2                           
53699       11.2                           
53704       10.9                           
53709        8.5          NRC 0512 CirT.216
53714       11.2                           
53719       20.3                           
53724       21.2                           
53729       17.3                           
53734       15.9                           
53739       18.2          NRC 0601 CirT.217
53744       16.2                           
53749       16.0                           
53754       18.8                           
53759       21.2                           
53764       21.3                           
53769       19.8          NRC 0602 CirT.218
53774       25.4                           
53779       29.6                           
53784       35.9                           
53789       43.2                           
53794       48.7                           
53799       41.5          NRC 0603 CirT.219
53804       39.8                           
53809       40.5                           
53814       43.1                           
53819       44.2                           
53824       43.2                           
53829       29.1          NRC 0604 CirT.220
53834       29.5                           
53839       26.3                           
53844       19.9                           
53849       15.0                           
53854       19.4                           
53859       17.0          NRC 0605 CirT.221
53864       17.9                           
53869        1.2                           
53874        3.5                           
53879       10.6                           
53884        1.2                           
53889      -16.1          NRC 0606 CirT.222
53894      -19.8                           
53899      -32.5                           
53904      -38.9                           
53909      -40.3                           
53914      -27.1                           
53919      -21.3          NRC 0607 CirT.223
53924      -26.3                           
53929      -32.7                           
53934      -33.7                           
53939      -28.9                           
53944      -30.3                           
53949      -24.7          NRC 0608 CirT.224
53954      -23.5                           
53959      -21.1                           
53964       -9.3                           
53969       -2.9                           
53974        8.7                           
53979       16.7          NRC 0609 CirT.225
53984       18.3                           
53989       21.2                           
53994       20.7                           
53999       22.6                           
54004       29.2                           
54009       31.1          NRC 0610 CirT.226
54014       30.9                           
54019       29.8                           
54024       32.0                           
54029       23.0                           
54034       15.0                           
54039      -10.4                           
54044       -8.5          NRC 0611 CirT.227
54049       -0.8                           
54054        7.5                           
54059       15.5                           
54064       29.9                           
54069       43.6                           
54074       23.3   +/-    0.7   5.1   5.2          NRC 0612 CirT.228
54079      -16.3   +/-    0.7   5.1   5.2                           
54084      -36.2   +/-    0.7   5.1   5.2                           
54089      -40.1   +/-    0.7   5.1   5.2                           
54094      -45.8   +/-    0.7   5.1   5.2                           
54099      -58.1   +/-    0.7   5.1   5.2                           
54104      -65.7   +/-    0.7   5.1   5.2          NRC 0701 CirT.229
54109      -77.8   +/-    0.7   5.1   5.2                           
54114      -80.3   +/-    0.7   5.1   5.2                           
54119      -77.2   +/-    0.7   5.1   5.2                           
54124      -74.2   +/-    0.7   5.1   5.2                           
54129      -65.5   +/-    0.7   5.1   5.2                           
54134      -53.7   +/-    0.7   5.1   5.2          NRC 0702 CirT.230
54139      -42.4   +/-    0.7   5.1   5.2                           
54144      -34.1   +/-    0.7   5.1   5.2                           
54149      -29.2   +/-    0.7   5.1   5.2                           
54154      -20.2   +/-    0.7   5.1   5.2                           
54159      -23.5   +/-    0.7   5.1   5.2                           
54164      -16.5   +/-    0.7   5.1   5.2          NRC 0703 CirT.231
54169       -6.0   +/-    0.7   5.1   5.2                           
54174       -2.5   +/-    0.7   5.1   5.2                           
54179        2.0   +/-    0.7   5.1   5.2                           
54184        3.6   +/-    0.7   5.1   5.2                           
54189        3.6   +/-    0.7   5.1   5.2                           
54194       -2.1   +/-    0.7   5.1   5.1          NRC 0704 CirT.232
54199       -0.9   +/-    0.7   5.1   5.1                           
54204        0.8   +/-    0.7   5.1   5.1                           
54209        7.4   +/-    0.7   5.1   5.1                           
54214       11.6   +/-    0.7   5.1   5.1                           
54219        9.3   +/-    0.7   5.1   5.1                           
54224       10.7   +/-    0.7   5.1   5.1          NRC 0705 CirT.233
54229        2.2   +/-    0.7   5.1   5.1                           
54234        2.7   +/-    0.7   5.1   5.1                           
54239        6.3   +/-    0.7   5.1   5.1                           
54244        4.9   +/-    0.7   5.1   5.1                           
54249        6.9   +/-    0.7   5.1   5.1                           
54254        3.5   +/-    0.7   5.1   5.1          NRC 0706 CirT.234
54259        4.5   +/-    0.7   5.1   5.1                           
54264       -0.8   +/-    0.7   5.1   5.1                           
54269       -2.3   +/-    0.7   5.1   5.1                           
54274       -7.1   +/-    0.7   5.1   5.1                           
54279      -14.3   +/-    0.7   5.1   5.1                           
54284      -16.1   +/-    0.7   5.1   5.1          NRC 0707 CirT.235
54289      -21.7   +/-    0.7   5.1   5.1                           
54294      -25.8   +/-    0.7   5.1   5.1                           
54299      -30.1   +/-    0.7   5.1   5.1                           
54304      -31.0   +/-    0.7   5.1   5.1                           
54309      -28.6   +/-    0.7   5.1   5.1                           
54314      -29.9   +/-    0.7   5.1   5.1          NRC 0708 CirT.236
54319      -31.8   +/-    0.7   5.1   5.1                           
54324      -32.5   +/-    0.7   5.1   5.1                           
54329      -34.8   +/-    0.7   5.1   5.1                           
54334      -36.5   +/-    0.7   5.1   5.1                           
54339      -44.7   +/-    0.7   5.1   5.1                           
54344      -45.1   +/-    0.7   5.0   5.1          NRC 0709 CirT.237
54349      -44.0   +/-    0.7   5.0   5.1                           
54354      -49.2   +/-    0.7   5.0   5.1                           
54359      -47.2   +/-    0.7   5.0   5.1                           
54364      -52.3   +/-    0.7   5.0   5.1                           
54369      -51.5   +/-    0.7   5.0   5.1                           
54374      -51.6   +/-    0.7   5.0   5.1          NRC 0710 CirT.238
54379      -49.3   +/-    0.7   5.0   5.1                           
54384      -49.2   +/-    0.7   5.0   5.1                           
54389      -54.5   +/-    0.7   5.0   5.1                           
54394      -57.1   +/-    0.7   5.0   5.1                           
54399      -54.0   +/-    0.7   5.0   5.1                           
54404      -53.7   +/-    0.7   5.0   5.1                           
54409      -54.5   +/-    0.7   5.1   5.1          NRC 0711 CirT.239
54414      -54.6   +/-    0.7   5.1   5.1                           
54419      -58.2   +/-    0.7   5.1   5.1                           
54424      -59.8   +/-    0.7   5.1   5.1                           
54429      -58.7   +/-    0.7   5.1   5.1                           
54434      -64.6   +/-    0.7   5.1   5.1                           
54439      -68.8   +/-    0.7   5.1   5.1          NRC 0712 CirT.240
54444      -69.3   +/-    0.7   5.1   5.1                           
54449      -69.3   +/-    0.7   5.1   5.1                           
54454      -70.8   +/-    0.7   5.1   5.1                           
54459      -71.4   +/-    0.7   5.1   5.1                           
54464      -69.4   +/-    0.7   5.1   5.1                           
54469      -70.7   +/-    3.0   5.1   5.9          NRC 0801 CirT.241
54474      -70.9   +/-    3.0   5.1   5.9                           
54479      -67.7   +/-    3.0   5.1   5.9                           
54484      -64.1   +/-    3.0   5.1   5.9                           
54489      -54.9   +/-    3.0   5.1   5.9                           
54494      -59.5   +/-    3.0   5.1   5.9                           
54499      -52.7   +/-    3.0   5.1   5.9          NRC 0802 CirT.242
54504      -50.0   +/-    3.0   5.1   5.9                           
54509      -51.3   +/-    3.0   5.1   5.9                           
54514      -46.8   +/-    3.0   5.1   5.9                           
54519      -42.9   +/-    3.0   5.1   5.9                           
54524      -43.4   +/-    3.0   5.1   5.9                           
54529      -42.3   +/-    3.0   5.0   5.8          NRC 0803 CirT.243
54534      -34.6   +/-    3.0   5.0   5.8                           
54539      -38.1   +/-    3.0   5.0   5.8                           
54544      -30.5   +/-    3.0   5.0   5.8                           
54549      -29.8   +/-    3.0   5.0   5.8                           
54554      -26.5   +/-    3.0   5.0   5.8                           
54559      -23.3   +/-    0.7   5.0   5.1          NRC 0804 CirT.244
54564      -25.8   +/-    0.7   5.0   5.1                           
54569      -18.5   +/-    0.7   5.0   5.1                           
54574      -10.9   +/-    0.7   5.0   5.1                           
54579      -12.0   +/-    0.7   5.0   5.1                           
54584       -9.4   +/-    0.7   5.0   5.1                           
54589      -10.8   +/-    0.7   5.0   5.1          NRC 0805 CirT.245
54594      -13.6   +/-    0.7   5.0   5.1                           
54599       -7.5   +/-    0.7   5.0   5.1                           
54604        5.0   +/-    0.7   5.0   5.1                           
54609        6.2   +/-    0.7   5.0   5.1                           
54614       13.8   +/-    0.7   5.0   5.1                           
54619       15.6   +/-    0.7   5.0   5.1          NRC 0806 CirT.246
54624       17.8   +/-    0.7   5.0   5.1                           
54629       23.9   +/-    0.7   5.0   5.1                           
54634       29.8   +/-    0.7   5.0   5.1                           
54639       35.3   +/-    0.7   5.0   5.1                           
54644       40.0   +/-    0.7   5.0   5.1                           
54649       38.5   +/-    0.7   5.0   5.1          NRC 0807 CirT.247
54654       45.0   +/-    0.7   5.0   5.1                           
54659       56.2   +/-    0.7   5.0   5.1                           
54664       62.3   +/-    0.7   5.0   5.1                           
54669       64.3   +/-    0.7   5.0   5.1                           
54674       64.6   +/-    0.7   5.0   5.1                           
54679       63.7   +/-    0.7   5.1   5.1          NRC 0808 CirT.248
54684       60.8   +/-    0.7   5.1   5.1                           
54689       58.7   +/-    0.7   5.1   5.1                           
54694       58.3   +/-    0.7   5.1   5.1                           
54699       57.8   +/-    0.7   5.1   5.1                           
54704       56.9   +/-    0.7   5.1   5.1                           
54709       57.2   +/-    0.7   5.1   5.1                           
54714       60.4   +/-    0.7   5.1   5.1          NRC 0809 CirT.249
54719       66.2   +/-    0.7   5.1   5.1                           
54724       64.8   +/-    0.7   5.1   5.1                           
54729       64.2   +/-    0.7   5.1   5.1                           
54734       66.1   +/-    0.7   5.1   5.1                           
54739       74.1   +/-    0.7   5.1   5.1                           
54744       78.1   +/-    0.7   5.0   5.1          NRC 0810 CirT.250
54749       79.0   +/-    0.7   5.0   5.1                           
54754       69.2   +/-    0.7   5.0   5.1                           
54759       59.8   +/-    0.7   5.0   5.1                           
54764       50.8   +/-    0.7   5.0   5.1                           
54769       36.8   +/-    0.7   5.0   5.1                           
54774       30.5   +/-    0.7   5.1   5.1          NRC 0811 CirT.251 + Erratum
54779       27.1   +/-    0.7   5.1   5.1                           
54784       18.1   +/-    0.7   5.1   5.1                           
54789       17.7   +/-    0.7   5.1   5.1                           
54794       25.1   +/-    0.7   5.1   5.1                           
54799       23.9   +/-    0.7   5.1   5.1                                                      
54804       21.9   +/-    0.7   5.1   5.1          NRC 0812 CirT.252
54809       17.4   +/-    0.7   5.1   5.1                           
54814       15.3   +/-    0.7   5.1   5.1                           
54819       15.1   +/-    0.7   5.1   5.1                           
54824       17.8   +/-    0.7   5.1   5.1                           
54829       18.0   +/-    0.7   5.1   5.1                           
54834       17.4   +/-    0.7   5.1   5.1          NRC 0901 CirT.253
54839       15.5   +/-    0.7   5.1   5.1                           
54844       13.8   +/-    0.7   5.1   5.1                           
54849       17.0   +/-    0.7   5.1   5.1                           
54854       17.0   +/-    0.7   5.1   5.1                           
54859       18.7   +/-    0.7   5.1   5.1                           
54864       23.5   +/-    0.7   5.1   5.1          NRC 0902 CirT.254
54869       24.7   +/-    0.7   5.1   5.1                           
54874       22.6   +/-    0.7   5.1   5.1                           
54879       27.5   +/-    0.7   5.1   5.1                           
54884       31.3   +/-    0.7   5.1   5.1                           
54889       35.5   +/-    0.7   5.1   5.1                           
54894       39.8   +/-    0.7   5.1   5.1          NRC 0903 CirT.255
54899       42.2   +/-    0.7   5.1   5.1                           
54904       39.9   +/-    0.7   5.1   5.1                           
54909       42.6   +/-    0.7   5.1   5.1                           
54914       48.4   +/-    0.7   5.1   5.1                           
54919       50.8   +/-    0.7   5.1   5.1                           
54924       59.6   +/-    0.7   5.1   5.1          NRC 0904 CirT.256
54929       70.1   +/-    0.7   5.1   5.1                           
54934       68.8   +/-    0.7   5.1   5.1                           
54939       59.1   +/-    0.7   5.1   5.1                           
54944       53.9   +/-    0.7   5.1   5.1                           
54949       43.7   +/-    0.7   5.1   5.1                           
54954       32.6   +/-    0.7   5.1   5.1          NRC 0905 CirT.257
54959       20.9   +/-    0.7   5.1   5.1                           
54964       15.9   +/-    0.7   5.1   5.1                           
54969       13.5   +/-    0.7   5.1   5.1                           
54974        8.3   +/-    0.7   5.1   5.1                           
54979      -34.6   +/-    0.7   5.1   5.1                           
54984      -40.0   +/-    0.7   5.1   5.1          NRC 0906 CirT.258
54989      -41.4   +/-    0.7   5.1   5.1                           
54994      -39.9   +/-    0.7   5.1   5.1                           
54999      -40.2   +/-    0.7   5.1   5.1                           
55004      -43.3   +/-    0.7   5.1   5.1                           
55009      -43.8   +/-    0.7   5.1   5.1                           
55014      -46.7   +/-    0.7   5.1   5.1          NRC 0907 CirT.259
55019      -43.2   +/-    0.7   5.1   5.1                           
55024      -46.8   +/-    0.7   5.1   5.1                           
55029      -48.0   +/-    0.7   5.1   5.1                           
55034      -51.4   +/-    0.7   5.1   5.1                           
55039      -54.3   +/-    0.7   5.1   5.1                           
55044      -49.4   +/-    0.7   5.1   5.2          NRC 0908 CirT.260
55049      -53.0   +/-    0.7   5.1   5.2                           
55054      -56.0   +/-    0.7   5.1   5.2                           
55059      -62.5   +/-    0.7   5.1   5.2                           
55064      -65.8   +/-    0.7   5.1   5.2                           
55069      -68.7   +/-    0.7   5.1   5.2                           
55074      -70.3   +/-    0.7   5.1   5.2                           
55079      -68.7   +/-    0.7   5.1   5.2          NRC 0909 CirT.261
55084      -68.9   +/-    0.7   5.1   5.2                           
55089      -71.1   +/-    0.7   5.1   5.2                           
55094      -66.9   +/-    0.7   5.1   5.2                           
55099      -70.1   +/-    0.7   5.1   5.2                           
55104      -68.6   +/-    0.7   5.1   5.2                           
55109      -59.6   +/-    0.4   5.1   5.1          NRC 0910 CirT.262
55114      -63.1   +/-    0.4   5.1   5.1                           
55119      -61.3   +/-    0.4   5.1   5.1                           
55124      -57.3   +/-    0.4   5.1   5.1                           
55129      -57.8   +/-    0.4   5.1   5.1                           
55134      -60.4   +/-    0.4   5.1   5.1                           
55139      -59.7   +/-    0.3   5.1   5.1          NRC 0911 CirT.263
55144      -63.9   +/-    0.3   5.1   5.1                           
55149      -57.5   +/-    0.3   5.1   5.1                           
55154      -54.5   +/-    0.3   5.1   5.1                           
55159      -57.6   +/-    0.3   5.1   5.1                           
55164      -54.8   +/-    0.3   5.1   5.1                           
55169      -52.9   +/-    0.3   5.1   5.1          NRC 0912 CirT.264
55174      -54.6   +/-    0.3   5.1   5.1                           
55179      -49.1   +/-    0.3   5.1   5.1                           
55184      -40.3   +/-    0.3   5.1   5.1                           
55189      -33.4   +/-    0.3   5.1   5.1                           
55194      -20.6   +/-    0.3   5.1   5.1                           
55199      -16.0   +/-    0.4   5.1   5.1          NRC 1001 CirT.265
55204      -15.6   +/-    0.4   5.1   5.1                           
55209      -11.9   +/-    0.4   5.1   5.1                           
55214       -7.6   +/-    0.4   5.1   5.1                           
55219        0.1   +/-    0.4   5.1   5.1                           
55224        4.3   +/-    0.4   5.1   5.1                           
55229        5.6   +/-    0.3   5.2   5.2          NRC 1002 CirT.266
55234       13.9   +/-    0.3   5.2   5.2                           
55239       23.2   +/-    0.3   5.2   5.2                           
55244       10.5   +/-    0.3   5.2   5.2                           
55249       -1.3   +/-    0.3   5.2   5.2                           
55254       -6.1   +/-    0.3   5.2   5.2                           
55259      -20.9   +/-    0.3   5.1   5.1          NRC 1003 CirT.267
55264      -19.7   +/-    0.3   5.1   5.1                           
55269      -19.1   +/-    0.3   5.1   5.1                           
55274      -13.2   +/-    0.3   5.1   5.1                           
55279       -8.9   +/-    0.3   5.1   5.1                           
55284       -1.7   +/-    0.3   5.1   5.1                           
55289       -3.9   +/-    0.3   5.1   5.1          NRC 1004 CirT.268
55294       -6.0   +/-    0.3   5.1   5.1                           
55299       -4.0   +/-    0.3   5.1   5.1                           
55304       -6.6   +/-    0.3   5.1   5.1                           
55309       -4.1   +/-    0.3   5.1   5.1                           
55314       -3.6   +/-    0.3   5.1   5.1                           
55319        1.5   +/-    0.3   5.0   5.0          NRC 1005 CirT.269
55324        4.8   +/-    0.3   5.0   5.0                           
55329       -2.0   +/-    0.3   5.0   5.0                           
55334       -6.0   +/-    0.3   5.0   5.0                           
55339        0.9   +/-    0.3   5.0   5.0                           
55344        6.7   +/-    0.3   5.0   5.0                           
55349       11.2   +/-    0.4   5.1   5.1          NRC 1006 CirT.270
55354       14.2   +/-    0.4   5.1   5.1                           
55359       19.1   +/-    0.4   5.1   5.1                           
55364       24.5   +/-    0.4   5.1   5.1                           
55369       33.0   +/-    0.4   5.1   5.1                           
55374       39.2   +/-    0.4   5.1   5.1                           
55379       42.1   +/-    0.3   5.1   5.1          NRC 1007 CirT.271
55384       39.1   +/-    0.3   5.1   5.1                           
55389       41.6   +/-    0.3   5.1   5.1                           
55394       49.7   +/-    0.3   5.1   5.1                           
55399       50.6   +/-    0.3   5.1   5.1                           
55404       52.6   +/-    0.3   5.1   5.1                           
55409       65.0   +/-    0.4   5.1   5.1          NRC 1008 CirT.272
55414       69.6   +/-    0.4   5.1   5.1                           
55419       72.0   +/-    0.4   5.1   5.1                           
55424       74.5   +/-    0.4   5.1   5.1                           
55429       80.2   +/-    0.4   5.1   5.1                           
55434       92.3   +/-    0.4   5.1   5.1                           
55439      100.2   +/-    0.4   5.1   5.1                           
55444       98.4   +/-    0.4   5.1   5.1          NRC 1009 CirT.273
55449       99.0   +/-    0.4   5.1   5.1                           
55454       95.7   +/-    0.4   5.1   5.1                           
55459       93.0   +/-    0.4   5.1   5.1                           
55464       92.0   +/-    0.4   5.1   5.1                           
55469       95.9   +/-    0.4   5.1   5.1                           
55474       90.9   +/-    0.4   5.1   5.1          NRC 1010 CirT.274
55479       89.4   +/-    0.4   5.1   5.1                           
55484       82.4   +/-    0.4   5.1   5.1                           
55489       81.1   +/-    0.4   5.1   5.1                           
55494       75.5   +/-    0.4   5.1   5.1                           
55499       63.6   +/-    0.4   5.1   5.1                           
55504       55.8   +/-    0.3   5.2   5.2          NRC 1011 CirT.275
55509       42.8   +/-    0.3   5.2   5.2                           
55514       35.4   +/-    0.3   5.2   5.2                           
55519       20.5   +/-    0.3   5.2   5.2                           
55524       19.9   +/-    0.3   5.2   5.2                           
55529       22.3   +/-    0.3   5.2   5.2                           
55534       20.8   +/-    0.3   5.2   5.2          NRC 1012 CirT.276
55539       15.1   +/-    0.3   5.2   5.2                           
55544       22.0   +/-    0.3   5.2   5.2                           
55549       17.2   +/-    0.3   5.2   5.2                           
55554       13.8   +/-    0.3   5.2   5.2                           
55559       10.6   +/-    0.3   5.2   5.2                           
55564       11.0   +/-    0.3   5.2   5.2          NRC 1101 CirT.277
55569        1.8   +/-    0.3   5.2   5.2                           
55574        1.3   +/-    0.3   5.2   5.2                           
55579       -2.9   +/-    0.3   5.2   5.2                           
55584      -10.4   +/-    0.3   5.2   5.2                           
55589      -10.2   +/-    0.3   5.2   5.2                           
55594      -18.0   +/-    0.3   5.2   5.2          NRC 1102 CirT.278
55599      -24.3   +/-    0.3   5.2   5.2                           
55604      -29.6   +/-    0.3   5.2   5.2                           
55609      -32.7   +/-    0.3   5.2   5.2                           
55614      -42.2   +/-    0.3   5.2   5.2                           
55619      -52.1   +/-    0.3   5.2   5.2                           
55624      -46.5   +/-    0.3   5.2   5.2          NRC 1103 CirT.279
55629      -40.1   +/-    0.3   5.2   5.2                           
55634      -29.6   +/-    0.3   5.2   5.2                           
55639      -20.9   +/-    0.3   5.2   5.2                           
55644      -20.4   +/-    0.3   5.2   5.2                           
55649      -21.6   +/-    0.3   5.2   5.2                           
55654      -19.9   +/-    0.3   5.2   5.2          NRC 1104 CirT.280
55659       -5.4   +/-    0.3   5.2   5.2                           
55664        0.9   +/-    0.3   5.2   5.2                           
55669        5.3   +/-    0.3   5.2   5.2                           
55674        4.8   +/-    0.3   5.2   5.2                           
55679       -0.2   +/-    0.3   5.2   5.2                           
55684        3.5   +/-    0.3   5.1   5.1          NRC 1105 CirT.281
55689        9.4   +/-    0.3   5.1   5.1                           
55694        7.2   +/-    0.3   5.1   5.1                           
55699        5.8   +/-    0.3   5.1   5.1                           
55704        5.1   +/-    0.3   5.1   5.1                           
55709        2.6   +/-    0.3   5.1   5.1                           
55714        3.6   +/-    0.4   5.2   5.2          NRC 1106 CirT.282
55719       -1.9   +/-    0.4   5.2   5.2                           
55724       -4.2   +/-    0.4   5.2   5.2                           
55729        0.0   +/-    0.4   5.2   5.2                           
55734       -1.4   +/-    0.4   5.2   5.2                           
55739       -5.5   +/-    0.4   5.2   5.2                           
55744       -2.1   +/-    0.4   5.1   5.2          NRC 1107 CirT.283
55749       -3.7   +/-    0.4   5.1   5.2                           
55754       -8.7   +/-    0.4   5.1   5.2                           
55759      -12.3   +/-    0.4   5.1   5.2                           
55764       -9.7   +/-    0.4   5.1   5.2                           
55769      -15.8   +/-    0.4   5.1   5.2                           
55774       -9.9   +/-    0.4   5.1   5.1          NRC 1108 CirT.284
55779      -13.4   +/-    0.4   5.1   5.1                           
55784      -18.5   +/-    0.4   5.1   5.1                           
55789      -12.6   +/-    0.4   5.1   5.1                           
55794      -20.8   +/-    0.4   5.1   5.1                           
55799      -28.0   +/-    0.4   5.1   5.1                           
55804      -20.0   +/-    0.4   5.1   5.1                           
55809      -22.8   +/-    0.4   5.1   5.1          NRC 1109 CirT.285
55814      -30.0   +/-    0.4   5.1   5.1                           
55819      -33.3   +/-    0.4   5.1   5.1                           
55824      -29.3   +/-    0.4   5.1   5.1                           
55829      -27.6   +/-    0.4   5.1   5.1                           
55834      -19.9   +/-    0.4   5.1   5.1                           
55839      -22.5   +/-    0.3   5.2   5.2          NRC 1110 CirT.286
55844      -28.0   +/-    0.3   5.2   5.2                           
55849      -33.1   +/-    0.3   5.2   5.2                           
55854      -29.0   +/-    0.3   5.2   5.2                           
55859      -29.0   +/-    0.3   5.2   5.2                           
55864      -28.2   +/-    0.3   5.2   5.2                           
55869      -19.8   +/-    0.3   5.2   5.2          NRC 1111 CirT.287
55874      -29.5   +/-    0.3   5.2   5.2                           
55879      -27.8   +/-    0.3   5.2   5.2                           
55884      -24.0   +/-    0.3   5.2   5.2                           
55889      -28.8   +/-    0.3   5.2   5.2                           
55894      -18.9   +/-    0.3   5.2   5.2                           
55899      -19.0   +/-    0.4   5.2   5.2          NRC 1112 CirT.288
55904      -16.5   +/-    0.4   5.2   5.2                           
55909      -19.9   +/-    0.4   5.2   5.2                           
55914       -9.4   +/-    0.4   5.2   5.2                           
55919       -8.4   +/-    0.4   5.2   5.2                           
55924      -20.2   +/-    0.4   5.2   5.2                           
55929      -19.5   +/-    0.3   5.2   5.2          NRC 1201 CirT.289
55934      -26.0   +/-    0.3   5.2   5.2                           
55939      -30.4   +/-    0.3   5.2   5.2                           
55944      -38.3   +/-    0.3   5.2   5.2                           
55949      -27.8   +/-    0.3   5.2   5.2                           
55954      -25.7   +/-    0.3   5.2   5.2                           
55959      -28.7   +/-    0.3   5.2   5.2          NRC 1202 CirT.290
55964      -21.0   +/-    0.3   5.2   5.2                           
55969      -17.4   +/-    0.3   5.2   5.2                           
55974       -7.1   +/-    0.3   5.2   5.2                           
55979      -15.1   +/-    0.3   5.2   5.2                           
55984      -21.9   +/-    0.3   5.2   5.2                           
55989      -22.1   +/-    0.3   5.2   5.2          NRC 1203 CirT.291
55994      -14.5   +/-    0.3   5.2   5.2                           
55999      -12.9   +/-    0.3   5.2   5.2                           
56004      -10.9   +/-    0.3   5.2   5.2                           
56009      -22.7   +/-    0.3   5.2   5.2                           
56014      -18.3   +/-    0.3   5.2   5.2                           
56019      -25.3   +/-    0.3   5.2   5.2          NRC 1204 CirT.292
56024      -26.3   +/-    0.3   5.2   5.2                           
56029      -35.6   +/-    0.3   5.2   5.2                           
56034      -36.6   +/-    0.3   5.2   5.2                           
56039      -45.0   +/-    0.3   5.2   5.2                           
56044      -57.2   +/-    0.3   5.2   5.2                           
56049      -55.5   +/-    0.3   5.2   5.2          NRC 1205 CirT.293
56054      -56.3   +/-    0.3   5.2   5.2                           
56059      -59.2   +/-    0.3   5.2   5.2                           
56064      -65.0   +/-    0.3   5.2   5.2                           
56069      -59.1   +/-    0.3   5.2   5.2                           
56074      -61.5   +/-    0.3   5.2   5.2                           
56079      -68.9   +/-    0.3   5.2   5.2          NRC 1206 CirT.294
56084      -64.0   +/-    0.3   5.2   5.2                           
56089      -58.5   +/-    0.3   5.2   5.2                           
56094      -52.4   +/-    0.3   5.2   5.2                           
56099      -39.5   +/-    0.3   5.2   5.2                           
56104      -35.2   +/-    0.3   5.2   5.2                           
56109      -38.5   +/-    0.3   5.2   5.2          NRC 1207 CirT.295
56114      -34.9   +/-    0.3   5.2   5.2                           
56119      -33.3   +/-    0.3   5.2   5.2                           
56124      -32.2   +/-    0.3   5.2   5.2                           
56129      -31.9   +/-    0.3   5.2   5.2                           
56134      -30.7   +/-    0.3   5.2   5.2                           
56139      -23.0   +/-    0.3   5.2   5.2                           
56144      -22.1   +/-    0.3   5.2   5.2          NRC 1208 CirT.296
56149      -11.2   +/-    0.3   5.2   5.2                           
56154       -7.0   +/-    0.3   5.2   5.2                           
56159        7.1   +/-    0.3   5.2   5.2                           
56164       10.1   +/-    0.3   5.2   5.2                           
56169       16.0   +/-    0.3   5.2   5.2                           
56174       11.2   +/-    0.3   5.2   5.2          NRC 1209 CirT.297
56179       15.9   +/-    0.3   5.2   5.2                           
56184        9.5   +/-    0.3   5.2   5.2                           
56189        9.3   +/-    0.3   5.2   5.2                           
56194        8.2   +/-    0.3   5.2   5.2                           
56199        2.6   +/-    0.3   5.2   5.2                           
56204        2.1   +/-    0.3   5.2   5.2          NRC 1210 CirT.298
56209       -0.9   +/-    0.3   5.2   5.2                           
56214       -7.7   +/-    0.3   5.2   5.2                           
56219        0.6   +/-    0.3   5.2   5.2                           
56224       -6.1   +/-    0.3   5.2   5.2                           
56229      -19.4   +/-    0.3   5.2   5.2                           
56234      -19.1   +/-    0.3   5.2   5.2          NRC 1211 CirT.299
56239      -24.5   +/-    0.3   5.2   5.2                           
56244      -21.6   +/-    0.3   5.2   5.2                           
56249      -22.3   +/-    0.3   5.2   5.2                           
56254      -29.8   +/-    0.3   5.2   5.2                           
56259      -38.7   +/-    0.3   5.2   5.2                           
56264      -38.9   +/-    0.3   5.2   5.2          NRC 1212 CirT.300
56269      -34.0   +/-    0.3   5.2   5.2                           
56274      -36.1   +/-    0.3   5.2   5.2                           
56279      -42.5   +/-    0.3   5.2   5.2                           
56284      -41.7   +/-    0.3   5.2   5.2                           
56289      -52.4   +/-    0.3   5.2   5.2                           
56294      -56.4   +/-    0.3   5.2   5.2          NRC 1301 CirT.301
56299      -49.8   +/-    0.3   5.2   5.2                           
56304      -44.4   +/-    0.3   5.2   5.2                           
56309      -41.0   +/-    0.3   5.2   5.2                           
56314      -40.9   +/-    0.3   5.2   5.2                           
56319      -47.3   +/-    0.3   5.2   5.2                           
56324      -58.4   +/-    0.3   5.2   5.2          NRC 1302 CirT.302
56329      -58.4   +/-    0.3   5.2   5.2                           
56334      -59.1   +/-    0.3   5.2   5.2                           
56339      -63.0   +/-    0.3   5.2   5.2                           
56344      -69.5   +/-    0.3   5.2   5.2                           
56349      -78.9   +/-    0.3   5.2   5.2                           
56354      -61.8   +/-    0.3   5.2   5.2          NRC 1303 CirT.303
56359      -68.8   +/-    0.3   5.2   5.2                           
56364      -60.0   +/-    0.3   5.2   5.2                           
56369      -60.6   +/-    0.3   5.2   5.2                           
56374      -60.0   +/-    0.3   5.2   5.2                           
56379      -60.5   +/-    0.3   5.2   5.2                           
56384      -63.1   +/-    0.3   5.2   5.2          NRC 1304 CirT.304
56389      -65.6   +/-    0.3   5.2   5.2                           
56394      -73.4   +/-    0.3   5.2   5.2                           
56399      -73.9   +/-    0.3   5.2   5.2                           
56404      -75.2   +/-    0.3   5.2   5.2                           
56409      -74.4   +/-    0.3   5.2   5.2                           
56414      -71.0   +/-    0.3   5.2   5.2          NRC 1305 CirT.305
56419      -53.9   +/-    0.3   5.2   5.2                           
56424      -52.6   +/-    0.3   5.2   5.2                           
56429      -61.9   +/-    0.3   5.2   5.2                           
56434      -53.1   +/-    0.3   5.2   5.2                           
56439      -55.1   +/-    0.3   5.2   5.2                           
56444      -49.3   +/-    0.3   5.2   5.2          NRC 1306 CirT.306
56449      -44.1   +/-    0.3   5.2   5.2                           
56454      -48.1   +/-    0.3   5.2   5.2                           
56459      -39.6   +/-    0.3   5.2   5.2                           
56464      -40.9   +/-    0.3   5.2   5.2                           
56469      -35.2   +/-    0.3   5.2   5.2                           
56474      -38.5   +/-    0.3   5.2   5.2          NRC 1307 CirT.307
56479      -40.6   +/-    0.3   5.2   5.2                           
56484      -46.3   +/-    0.3   5.2   5.2                           
56489      -43.6   +/-    0.3   5.2   5.2                           
56494      -44.7   +/-    0.3   5.2   5.2                           
56499      -41.2   +/-    0.3   5.2   5.2                           
56504      -33.0   +/-    0.3   5.2   5.2                           
56509      -29.4   +/-    0.3   5.2   5.2          NRC 1308 CirT.308
56514      -32.1   +/-    0.3   5.2   5.2                           
56519      -37.0   +/-    0.3   5.2   5.2                           
56524      -34.8   +/-    0.3   5.2   5.2                           
56529      -39.2   +/-    0.3   5.2   5.2                           
56534      -36.6   +/-    0.3   5.2   5.2                           
56539      -34.0   +/-    0.3   5.2   5.2          NRC 1309 CirT.309
56544      -25.0   +/-    0.3   5.2   5.2                           
56549      -25.6   +/-    0.3   5.2   5.2                           
56554      -32.4   +/-    0.3   5.2   5.2                           
56559      -28.7   +/-    0.3   5.2   5.2                           
56564      -23.2   +/-    0.3   5.2   5.2                           
56569      -15.3   +/-    0.3   5.2   5.2          NRC 1310 CirT.310
56574      -25.1   +/-    0.3   5.2   5.2                           
56579      -24.5   +/-    0.3   5.2   5.2                           
56584      -27.8   +/-    0.3   5.2   5.2                           
56589      -22.0   +/-    0.3   5.2   5.2                           
56594      -19.4   +/-    0.3   5.2   5.2                           
56599      -22.0   +/-    0.3   5.2   5.2          NRC 1311 CirT.311
56604      -21.9   +/-    0.3   5.2   5.2                           
56609      -27.9   +/-    0.3   5.2   5.2                           
56614      -33.0   +/-    0.3   5.2   5.2                           
56619      -34.5   +/-    0.3   5.2   5.2                           
56624      -33.7   +/-    0.3   5.2   5.2                           
56629      -30.1   +/-    0.3   5.2   5.2          NRC 1312 CirT.312
56634      -22.3   +/-    0.3   5.2   5.2                           
56639      -19.1   +/-    0.3   5.2   5.2                           
56644      -18.7   +/-    0.3   5.2   5.2                           
56649      -13.4   +/-    0.3   5.2   5.2                           
56654      -20.6   +/-    0.3   5.2   5.2                           
56659      -12.9   +/-    0.3   5.3   5.3          NRC 1401 CirT.313
56664      -19.0   +/-    0.3   5.3   5.3                           
56669      -17.2   +/-    0.3   5.3   5.3                           
56674      -14.9   +/-    0.3   5.3   5.3                           
56679      -16.6   +/-    0.3   5.3   5.3                           
56684      -11.9   +/-    0.3   5.3   5.3                           
56689      -12.4   +/-    0.3   5.3   5.3          NRC 1402 CirT.314
56694       -6.2   +/-    0.3   5.3   5.3                           
56699       -1.2   +/-    0.3   5.3   5.3                           
56704        4.0   +/-    0.3   5.3   5.3                           
56709       12.2   +/-    0.3   5.3   5.3                           
56714       10.0   +/-    0.3   5.3   5.3                           
56719       12.0   +/-    0.3   5.3   5.3          NRC 1403 CirT.315
56724        5.5   +/-    0.3   5.3   5.3                           
56729        6.9   +/-    0.3   5.3   5.3                           
56734       10.1   +/-    0.3   5.3   5.3                           
56739       10.1   +/-    0.3   5.3   5.3                           
56744        7.1   +/-    0.3   5.3   5.3                           
56749       11.1   +/-    0.3   5.3   5.3          NRC 1404 CirT.316
56754        5.7   +/-    0.3   5.3   5.3                           
56759       13.6   +/-    0.3   5.3   5.3                           
56764       15.4   +/-    0.3   5.3   5.3                           
56769       14.1   +/-    0.3   5.3   5.3                           
56774        7.1   +/-    0.3   5.3   5.3                           
56779        8.8   +/-    0.3   5.3   5.3          NRC 1405 CirT.317
56784       -3.9   +/-    0.3   5.3   5.3                           
56789       -1.3   +/-    0.3   5.3   5.3                           
56794       -4.0   +/-    0.3   5.3   5.3                           
56799        0.1   +/-    0.3   5.3   5.3                           
56804       -5.7   +/-    0.3   5.3   5.3                           
56809      -12.5   +/-    0.3   5.3   5.3          NRC 1406 CirT.318
56814      -13.6   +/-    0.3   5.3   5.3                           
56819      -14.2   +/-    0.3   5.3   5.3                           
56824       -9.6   +/-    0.3   5.3   5.3                           
56829       -5.8   +/-    0.3   5.3   5.3                           
56834       -6.9   +/-    0.3   5.3   5.3                           
56839      -15.1   +/-    0.3   5.3   5.3          NRC 1407 CirT.319
56844      -26.4   +/-    0.3   5.3   5.3                           
56849      -33.4   +/-    0.3   5.3   5.3                           
56854      -35.2   +/-    0.3   5.3   5.3                           
56859      -36.8   +/-    0.3   5.3   5.3                           
56864      -42.9   +/-    0.3   5.3   5.3                           
56869      -41.5   +/-    0.3   5.3   5.3                           
56874      -50.0   +/-    0.3   5.3   5.3          NRC 1408 CirT.320
56879      -52.4   +/-    0.3   5.3   5.3                           
56884      -49.7   +/-    0.3   5.3   5.3                           
56889      -45.7   +/-    0.3   5.3   5.3                           
56894      -39.3   +/-    0.3   5.3   5.3                           
56899      -39.1   +/-    0.3   5.3   5.3                           
56904      -47.8   +/-    0.3   5.3   5.3          NRC 1409 CirT.321
56909      -51.1   +/-    0.3   5.3   5.3                           
56914      -53.6   +/-    0.3   5.3   5.3                           
56919      -49.0   +/-    0.3   5.3   5.3                           
56924      -46.5   +/-    0.3   5.3   5.3                           
56929      -42.5   +/-    0.3   5.3   5.3                           
56934      -45.3   +/-    0.3   5.0   5.0          NRC 1410 CirT.322
56939      -53.9   +/-    0.3   5.0   5.0                           
56944      -58.7   +/-    0.3   5.0   5.0                           
56949      -66.4   +/-    0.3   5.0   5.0                           
56954      -82.4   +/-    0.3   5.0   5.0                           
56959      -81.4   +/-    0.3   5.0   5.0                           
56964      -88.8   +/-    0.4   5.0   5.1          NRC 1411 CirT.323
56969      -88.1   +/-    0.4   5.0   5.1                           
56974      -91.6   +/-    0.4   5.0   5.1                           
56979      -79.0   +/-    0.4   5.0   5.1                           
56984      -80.8   +/-    0.4   5.0   5.1                           
56989      -74.9   +/-    0.4   5.0   5.1                           
56994      -79.3   +/-    0.4   5.0   5.1          NRC 1412 CirT.324
56999      -60.7   +/-    0.4   5.0   5.1                           
57004      -62.5   +/-    0.4   5.0   5.1                           
57009      -58.7   +/-    0.4   5.0   5.1                           
57014      -55.6   +/-    0.4   5.0   5.1                           
57019      -56.6   +/-    0.4   5.0   5.1                           
57024      -56.5   +/-    0.3   5.0   5.1          NRC 1501 CirT.325
57029      -54.1   +/-    0.3   5.0   5.1                           
57034      -56.2   +/-    0.3   5.0   5.1                           
57039      -55.3   +/-    0.3   5.0   5.1                           
57044      -51.9   +/-    0.3   5.0   5.1                           
57049      -57.9   +/-    0.3   5.0   5.1                           
57054      -60.1   +/-    0.3   5.0   5.1          NRC 1502 CirT.326
57059      -60.4   +/-    0.3   5.0   5.1                           
57064      -55.3   +/-    0.3   5.0   5.1                           
57069      -55.9   +/-    0.3   5.0   5.1                           
57074      -51.5   +/-    0.3   5.0   5.1                           
57079      -48.4   +/-    0.3   5.0   5.1                           
57084      -39.7   +/-    0.3   5.1   5.1          NRC 1503 CirT.327
57089      -30.2   +/-    0.3   5.1   5.1                           
57094      -36.0   +/-    0.3   5.1   5.1                           
57099      -32.1   +/-    0.3   5.1   5.1                           
57104      -29.1   +/-    0.3   5.1   5.1                           
57109      -31.1   +/-    0.3   5.1   5.1                           
57114      -29.0   +/-    0.3   5.1   5.1          NRC 1504 CirT.328
57119      -24.1   +/-    0.3   5.1   5.1                           
57124      -16.5   +/-    0.3   5.1   5.1                           
57129      -15.1   +/-    0.3   5.1   5.1                           
57134      -19.6   +/-    0.3   5.1   5.1                           
57139      -27.3   +/-    0.3   5.1   5.1                           
57144      -29.9   +/-    0.3   5.1   5.1          NRC 1505 CirT.329
57149      -32.6   +/-    0.3   5.1   5.1                           
57154      -38.9   +/-    0.3   5.1   5.1                           
57159      -40.0   +/-    0.3   5.1   5.1                           
57164      -33.8   +/-    0.3   5.1   5.1                           
57169      -31.9   +/-    0.3   5.1   5.1                           
57174      -26.7   +/-    0.3   5.1   5.1          NRC 1506 CirT.330
57179      -23.1   +/-    0.3   5.1   5.1                           
57184      -25.1   +/-    0.3   5.1   5.1                           
57189      -38.2   +/-    0.3   5.1   5.1                           
57194      -30.0   +/-    0.3   5.1   5.1                           
57199      -24.9   +/-    0.3   5.1   5.1                           
57204       -9.6   +/-    0.3   5.1   5.1          NRC 1507 CirT.331
57209      -14.4   +/-    0.3   5.1   5.1                           
57214      -14.2   +/-    0.3   5.1   5.1                           
57219      -12.7   +/-    0.3   5.1   5.1                           
57224      -15.0   +/-    0.3   5.1   5.1                           
57229      -10.8   +/-    0.3   5.1   5.1                           
57234      -11.8   +/-    0.3   5.1   5.1                           
57239       -9.7   +/-    0.4   5.0   5.1          NRC 1508 CirT.332
57244      -15.9   +/-    0.4   5.0   5.1                           
57249      -11.4   +/-    0.4   5.0   5.1                           
57254      -11.1   +/-    0.4   5.0   5.1                           
57259      -12.1   +/-    0.4   5.0   5.1                           
57264      -13.1   +/-    0.4   5.0   5.1                           
57269      -10.4   +/-    0.4   5.0   5.0          NRC 1509 CirT.333
57274      -12.6   +/-    0.4   5.0   5.0                           
57279      -10.7   +/-    0.4   5.0   5.0                           
57284       -9.5   +/-    0.4   5.0   5.0                           
57289       -8.3   +/-    0.4   5.0   5.0                           
57294       -8.1   +/-    0.4   5.0   5.0                           
57299       -1.5   +/-    0.4   5.0   5.0          NRC 1510 CirT.334
57304        8.4   +/-    0.4   5.0   5.0                           
57309       13.3   +/-    0.4   5.0   5.0                           
57314       18.1   +/-    0.4   5.0   5.0                           
57319       23.4   +/-    0.4   5.0   5.0                           
57324       24.5   +/-    0.4   5.0   5.0                           
57329       29.7   +/-    0.4   5.0   5.0          NRC 1511 CirT.335
57334       31.6   +/-    0.4   5.0   5.0                           
57339       35.1   +/-    0.4   5.0   5.0                           
57344       36.5   +/-    0.4   5.0   5.0                           
57349       45.4   +/-    0.4   5.0   5.0                           
57354       49.2   +/-    0.4   5.0   5.0                           
57359       54.6   +/-    0.4   5.0   5.0          NRC 1512 CirT.336
57364       58.7   +/-    0.4   5.0   5.0                           
57369       63.9   +/-    0.4   5.0   5.0                           
57374       63.5   +/-    0.4   5.0   5.0                           
57379       66.2   +/-    0.4   5.0   5.0                           
57384       70.5   +/-    0.4   5.0   5.0                           
57389       74.7   +/-    0.7  11.2  11.2          NRC 1601 CirT.337
57394       70.8   +/-    0.7  11.2  11.2                           
57399       77.6   +/-    0.7  11.2  11.2                           
57404       78.6   +/-    0.7  11.2  11.2                           
57409       77.7   +/-    0.7  11.2  11.2                           
57414       69.9   +/-    0.7  11.2  11.2                           
57419       69.1   +/-    0.7  11.2  11.2          NRC 1602 CirT.338
57424       69.4   +/-    0.7  11.2  11.2                           
57429       67.7   +/-    0.7  11.2  11.2                           
57434       67.3   +/-    0.7  11.2  11.2                           
57439       71.8   +/-    0.7  11.2  11.2                           
57444       69.6   +/-    0.7  11.2  11.2                           
57449       68.9   +/-    0.7  11.2  11.3          NRC 1603 CirT.339
57454       76.2   +/-    0.7  11.2  11.3                           
57459       71.2   +/-    0.7  11.2  11.3                           
57464       66.8   +/-    0.7  11.2  11.3                           
57469       60.3   +/-    0.7  11.2  11.3                           
57474       66.6   +/-    0.7  11.2  11.3                           
57479       64.5   +/-    0.3  11.3  11.3          NRC 1604 CirT.340
57484       68.2   +/-    0.3  11.3  11.3                           
57489       65.7   +/-    0.3  11.3  11.3                           
57494       67.4   +/-    0.3  11.3  11.3                           
57499       65.5   +/-    0.3  11.3  11.3                           
57504       63.4   +/-    0.3  11.3  11.3                           
57509       62.0   +/-    0.3  11.2  11.3          NRC 1605 CirT.341
57514       65.7   +/-    0.3  11.2  11.3                           
57519       68.2   +/-    0.3  11.2  11.3                           
57524       69.6   +/-    0.3  11.2  11.3                           
57529       72.1   +/-    0.3  11.2  11.3                           
57534       74.7   +/-    0.3  11.2  11.3                           
57539       75.7   +/-    0.3  11.2  11.3                           
57544       84.3   +/-    0.7  11.3  11.3          NRC 1606 CirT.342
57549       89.6   +/-    0.7  11.3  11.3                           
57554       90.5   +/-    0.7  11.3  11.3                           
57559       94.4   +/-    0.7  11.3  11.3                           
57564       97.1   +/-    0.7  11.3  11.3                           
57569        4.3   +/-    0.7  11.3  11.3                           
57574        3.5   +/-    0.7  11.3  11.3          NRC 1607 CirT.343
57579        1.8   +/-    0.7  11.3  11.3                           
57584       -2.5   +/-    0.7  11.3  11.3                           
57589       -2.0   +/-    0.7  11.3  11.3                           
57594       -4.9   +/-    0.7  11.3  11.3                           
57599       -7.7   +/-    0.7  11.3  11.3                           
57604       -6.4   +/-    0.7  11.3  11.3          NRC 1608 CirT.344
57609       -6.5   +/-    0.7  11.3  11.3                           
57614       -1.4   +/-    0.7  11.3  11.3                           
57619        3.4   +/-    0.7  11.3  11.3                           
57624        4.8   +/-    0.7  11.3  11.3                           
57629       -0.9   +/-    0.7  11.3  11.3                           
57634        3.2   +/-    0.7  11.2  11.2          NRC 1609 CirT.345
57639        3.1   +/-    0.7  11.2  11.2                           
57644        0.1   +/-    0.7  11.2  11.2                           
57649       -2.6   +/-    0.7  11.2  11.2                           
57654        4.5   +/-    0.7  11.2  11.2                           
57659        7.6   +/-    0.7  11.2  11.2                           
57664       17.1   +/-    0.7  11.2  11.2          NRC 1610 CirT.346
57669       19.5   +/-    0.7  11.2  11.2                           
57674       26.2   +/-    0.7  11.2  11.2                           
57679       24.5   +/-    0.7  11.2  11.2                           
57684       26.7   +/-    0.7  11.2  11.2                           
57689       30.6   +/-    0.7  11.2  11.2                           
57694       33.2   +/-    0.7  11.2  11.2          NRC 1611 CirT.347
57699       34.6   +/-    0.7  11.2  11.2                           
57704       41.7   +/-    0.7  11.2  11.2                           
57709       43.3   +/-    0.7  11.2  11.2                           
57714       43.6   +/-    0.7  11.2  11.2                           
57719       43.2   +/-    0.7  11.2  11.2                           
57724       67.8   +/-    0.7  11.2  11.2          NRC 1612 CirT.348
57729       88.6   +/-    0.7  11.2  11.2                           
57734       84.0   +/-    0.7  11.2  11.2                           
57739       82.8   +/-    0.7  11.2  11.2                           
57744       80.2   +/-    0.7  11.2  11.2                           
57749       84.1   +/-    0.7  11.2  11.2                           
57754       82.4   +/-    0.7  11.2  11.2          NRC 1701 CirT.349
57759       88.6   +/-    0.7  11.2  11.2                           
57764       89.5   +/-    0.7  11.2  11.2                           
57769       84.9   +/-    0.7  11.2  11.2                           
57774       72.7   +/-    0.7  11.2  11.2                           
57779       68.4   +/-    0.7  11.2  11.2                           
57784       73.2   +/-    0.7  11.2  11.2                           
57789       38.9   +/-    0.4   2.7   2.7          NRC 1702 CirT.350
57794       34.0   +/-    0.4   2.7   2.7                           
57799       31.4   +/-    0.4   2.7   2.7                           
57804       28.9   +/-    0.4   2.7   2.7                           
57809       25.6   +/-    0.4   2.7   2.7                           
57814       19.5   +/-    0.4   2.7   2.7          NRC 1703 CirT.351
57819       15.5   +/-    0.4   2.7   2.7                           
57824        6.5   +/-    0.4   2.7   2.7                           
57829        6.3   +/-    0.4   2.7   2.7                           
57834       10.4   +/-    0.4   2.7   2.7                           
57839        7.1   +/-    0.4   2.7   2.7                           
57844        7.2   +/-    0.4   2.7   2.7          NRC 1704 CirT.352
57849        7.4   +/-    0.4   2.7   2.7                           
57854        3.3   +/-    0.4   2.7   2.7                           
57859       11.3   +/-    0.4   2.7   2.7                           
57864        9.5   +/-    0.4   2.7   2.7                           
57869       16.1   +/-    0.4   2.7   2.7                           
57874       17.5   +/-    0.4   2.7   2.7          NRC 1705 CirT.353
57879       25.3   +/-    0.4   2.7   2.7                           
57884       30.5   +/-    0.4   2.7   2.7                           
57889       29.0   +/-    0.4   2.7   2.7                           
57894       33.4   +/-    0.4   2.7   2.7                           
57899       31.6   +/-    0.4   2.7   2.7                           
57904       31.1   +/-    0.4   2.7   2.7                           
57909       33.0   +/-    0.4   2.7   2.7          NRC 1706 CirT.354
57914       34.3   +/-    0.4   2.7   2.7                           
57919       31.8   +/-    0.4   2.7   2.7                           
57924       34.7   +/-    0.4   2.7   2.7                           
57929       29.3   +/-    0.4   2.7   2.7                           
57934       41.2   +/-    0.4   2.7   2.7                           
57939       48.5   +/-    0.4   2.7   2.7          NRC 1707 CirT.355
57944       49.0   +/-    0.4   2.7   2.7                           
57949       55.6   +/-    0.4   2.7   2.7                           
57954       52.7   +/-    0.4   2.7   2.7                           
57959       52.5   +/-    0.4   2.7   2.7                           
57964       49.7   +/-    0.4   2.7   2.7                           
57969       48.0   +/-    0.4   2.8   2.8          NRC 1708 CirT.356
57974       46.7   +/-    0.4   2.8   2.8                           
57979       43.0   +/-    0.4   2.8   2.8                           
57984       41.2   +/-    0.4   2.8   2.8                           
57989       43.0   +/-    0.4   2.8   2.8                           
57994       45.3   +/-    0.4   2.8   2.8                           
57999       44.2   +/-    0.4   2.8   2.8          NRC 1709 CirT.357
58004       43.4   +/-    0.4   2.8   2.8                           
58009       49.4   +/-    0.4   2.8   2.8                           
58014       52.5   +/-    0.4   2.8   2.8                           
58019       45.2   +/-    0.4   2.8   2.8                           
58024       44.7   +/-    0.4   2.8   2.8                           
58029       41.9   +/-    0.4   2.8   2.8          NRC 1710 CirT.358
58034       45.1   +/-    0.4   2.8   2.8                           
58039       46.1   +/-    0.4   2.8   2.8                           
58044       40.4   +/-    0.4   2.8   2.8                           
58049       43.2   +/-    0.4   2.8   2.8                           
58054       47.5   +/-    0.4   2.8   2.8                           
58059       52.4   +/-    0.4   2.8   2.8          NRC 1711 CirT.359
58064       38.7   +/-    0.4   2.8   2.8                           
58069       35.0   +/-    0.4   2.8   2.8                           
58074       41.5   +/-    0.4   2.8   2.8                           
58079       47.2   +/-    0.4   2.8   2.8                           
58084       44.7   +/-    0.4   2.8   2.8                           
58089       37.7   +/-    0.4   3.0   3.0          NRC 1712 CirT.360
58094       47.8   +/-    0.4   3.0   3.0                           
58099       52.7   +/-    0.4   3.0   3.0                           
58104       49.6   +/-    0.4   3.0   3.0                           
58109       52.6   +/-    0.4   3.0   3.0                           
58114       48.2   +/-    0.4   3.0   3.0                           
58119       51.3   +/-    0.4   2.9   3.0          NRC 1801 CirT.361
58124       53.7   +/-    0.4   2.9   3.0                           
58129       50.7   +/-    0.4   2.9   3.0                           
58134       56.3   +/-    0.4   2.9   3.0                           
58139       56.9   +/-    0.4   2.9   3.0                           
58144       60.7   +/-    0.4   2.9   3.0                           
58149       62.2   +/-    0.4   2.9   3.0                           
58154       61.0   +/-    0.4   2.9   3.0          NRC 1802 CirT.362
58159       59.8   +/-    0.4   2.9   3.0                           
58164       62.6   +/-    0.4   2.9   3.0                           
58169       59.7   +/-    0.4   2.9   3.0                           
58174       64.7   +/-    0.4   2.9   3.0                           
58179       66.7   +/-    0.4   3.0   3.1          NRC 1803 CirT.363
58184       70.8   +/-    0.4   3.0   3.1                           
58189       67.5   +/-    0.4   3.0   3.1                           
58194       60.7   +/-    0.4   3.0   3.1                           
58199       68.9   +/-    0.4   3.0   3.1                           
58204       66.2   +/-    0.4   3.0   3.1                           
58209       62.7   +/-    0.4   3.1   3.1          NRC 1804 CirT.364
58214       65.0   +/-    0.4   3.1   3.1                           
58219       57.1   +/-    0.4   3.1   3.1                           
58224       47.3   +/-    0.4   3.1   3.1                           
58229       49.7   +/-    0.4   3.1   3.1                           
58234       44.7   +/-    0.4   3.1   3.1                           
58239       46.2   +/-    0.4   3.0   3.1          NRC 1805 CirT.365
58244       48.1   +/-    0.4   3.0   3.1                           
58249       49.6   +/-    0.4   3.0   3.1                           
58254       51.9   +/-    0.4   3.0   3.1                           
58259       44.4   +/-    0.4   3.0   3.1                           
58264       44.3   +/-    0.4   3.0   3.1                           
58269       45.6   +/-    0.4   3.0   3.1                           
58274       49.4   +/-    0.4   3.0   3.1          NRC 1806 CirT.366
58279       41.7   +/-    0.4   3.0   3.1                           
58284       46.6   +/-    0.4   3.0   3.1                           
58289       48.7   +/-    0.4   3.0   3.1                           
58294       53.8   +/-    0.4   3.0   3.1                           
58299       46.8   +/-    0.4   3.0   3.1                           
58304       43.9   +/-    0.4   2.9   2.9          NRC 1807 CirT.367
58309       41.7   +/-    0.4   2.9   2.9                           
58314       34.6   +/-    0.4   2.9   2.9                           
58319       32.8   +/-    0.4   2.9   2.9                           
58324       26.1   +/-    0.4   2.9   2.9                           
58329       17.8   +/-    0.4   2.9   2.9                           
58334        6.0   +/-    0.4   2.9   2.9          NRC 1808 CirT.368
58339       -8.4   +/-    0.4   2.9   2.9                           
58344      -11.2   +/-    0.4   2.9   2.9                           
58349      -11.6   +/-    0.4   2.9   2.9                           
58354       -3.2   +/-    0.4   2.9   2.9                           
58359        2.1   +/-    0.4   2.9   2.9                           
58364        5.1   +/-    0.4   2.9   2.9          NRC 1809 CirT.369
58369       -1.1   +/-    0.4   2.9   2.9                           
58374        0.8   +/-    0.4   2.9   2.9                           
58379        1.7   +/-    0.4   2.9   2.9                           
58384       -3.5   +/-    0.4   2.9   2.9                           
58389       -8.1   +/-    0.4   2.9   2.9                           
58394        0.9   +/-    0.4   2.8   2.9          NRC 1810 CirT.370
58399       -8.4   +/-    0.4   2.8   2.9                           
58404       -7.5   +/-    0.4   2.8   2.9                           
58409       -9.8   +/-    0.4   2.8   2.9                           
58414      -13.9   +/-    0.4   2.8   2.9                           
58419      -13.2   +/-    0.4   2.8   2.9                           
58424      -20.6   +/-    0.4   2.9   3.0          NRC 1811 CirT.371
58429      -17.2   +/-    0.4   2.9   3.0                           
58434      -21.7   +/-    0.4   2.9   3.0                           
58439      -17.5   +/-    0.4   2.9   3.0                           
58444      -22.8   +/-    0.4   2.9   3.0                           
58449      -26.8   +/-    0.4   2.9   3.0                           
58454      -30.0   +/-    0.4   2.9   3.0          NRC 1812 CirT.372
58459      -35.6   +/-    0.4   2.9   3.0                           
58464      -30.4   +/-    0.4   2.9   3.0                           
58469      -26.5   +/-    0.4   2.9   3.0                           
58474      -21.1   +/-    0.4   2.9   3.0                           
58479       -8.7   +/-    0.4   2.9   3.0                           
58484       -2.2   +/-    0.4   2.9   3.0          NRC 1901 CirT.373
58489       -1.6   +/-    0.4   2.9   3.0                           
58494        0.1   +/-    0.4   2.9   3.0                           
58499       -7.0   +/-    0.4   2.9   3.0                           
58504      -11.1   +/-    0.4   2.9   3.0                           
58509      -16.5   +/-    0.4   2.9   3.0                           
58514      -21.4   +/-    0.4   2.9   3.0                           
58519      -27.0   +/-    0.4   2.9   3.0          NRC 1902 CirT.374
58524      -28.6   +/-    0.4   2.9   3.0                           
58529      -18.9   +/-    0.4   2.9   3.0                           
58534      -25.1   +/-    0.4   2.9   3.0                           
58539      -21.1   +/-    0.4   2.9   3.0                           
58544      -19.9   +/-    0.4   3.0   3.0          NRC 1903 CirT.375
58549      -16.5   +/-    0.4   3.0   3.0                           
58554      -10.0   +/-    0.4   3.0   3.0                           
58559       -4.9   +/-    0.4   3.0   3.0                           
58564        1.4   +/-    0.4   3.0   3.0                           
58569        8.8   +/-    0.4   3.0   3.0                           
58574        9.6   +/-    0.4   2.8   2.9          NRC 1904 CirT.376
58579        2.2   +/-    0.4   2.8   2.9                           
58584        4.1   +/-    0.4   2.8   2.9                           
58589        3.6   +/-    0.4   2.8   2.9                           
58594        4.2   +/-    0.4   2.8   2.9                           
58599        4.3   +/-    0.4   2.8   2.9                           
58604        5.0   +/-    0.3   2.8   2.9          NRC 1905 CirT.377
58609        5.4   +/-    0.3   2.8   2.9                           
58614        4.5   +/-    0.3   2.8   2.9                           
58619        6.4   +/-    0.3   2.8   2.9                           
58624        1.6   +/-    0.3   2.8   2.9                           
58629        4.5   +/-    0.3   2.8   2.9                           
58634        3.8   +/-    0.3   2.8   2.9                           
58639        7.1   +/-    0.3   2.8   2.9          NRC 1906 CirT.378
58644       -5.3   +/-    0.3   2.8   2.9                           
58649      -10.6   +/-    0.3   2.8   2.9                           
58654       -7.7   +/-    0.3   2.8   2.9                           
58659        4.7   +/-    0.3   2.8   2.9                           
58664        2.5   +/-    0.3   2.8   2.9                           
58669        5.4   +/-    0.3   2.9   3.0          NRC 1907 CirT.379
58674       -4.9   +/-    0.3   2.9   3.0                           
58679       -4.8   +/-    0.3   2.9   3.0                           
58684        0.5   +/-    0.3   2.9   3.0                           
58689        3.9   +/-    0.3   2.9   3.0                           
58694        1.1   +/-    0.3   2.9   3.0                           
58699       -4.1   +/-    0.3   2.9   3.0          NRC 1908 CirT.380
58704       -8.8   +/-    0.3   2.9   3.0                           
58709      -11.5   +/-    0.3   2.9   3.0                           
58714      -11.6   +/-    0.3   2.9   3.0                           
58719      -11.3   +/-    0.3   2.9   3.0                           
58724      -21.0   +/-    0.3   2.9   3.0                           
58729      -24.8   +/-    0.3   2.9   3.0          NRC 1909 CirT.381
58734      -27.1   +/-    0.3   2.9   3.0                           
58739      -23.7   +/-    0.3   2.9   3.0                           
58744      -15.5   +/-    0.3   2.9   3.0                           
58749      -12.9   +/-    0.3   2.9   3.0                           
58754       -2.5   +/-    0.3   2.9   3.0                           
58759        3.0   +/-    0.3   2.9   3.0          NRC 1910 CirT.382
58764        0.2   +/-    0.3   2.9   3.0                           
58769       -9.3   +/-    0.3   2.9   3.0                           
58774       -8.3   +/-    0.3   2.9   3.0                           
58779       -7.4   +/-    0.3   2.9   3.0                           
58784       -3.3   +/-    0.3   2.9   3.0                           
58789       -7.8   +/-    0.3   3.0   3.1          NRC 1911 CirT.383
58794       -9.8   +/-    0.3   3.0   3.1                           
58799      -12.6   +/-    0.3   3.0   3.1                           
58804       -9.0   +/-    0.3   3.0   3.1                           
58809       -6.8   +/-    0.3   3.0   3.1                           
58814        1.0   +/-    0.3   3.0   3.1                           
58819       -2.8   +/-    0.3   3.0   3.1          NRC 1912 CirT.384
58824        3.6   +/-    0.3   3.0   3.1                           
58829        2.7   +/-    0.3   3.0   3.1                           
58834        3.9   +/-    0.3   3.0   3.1                           
58839        1.1   +/-    0.3   3.0   3.1                           
58844       -3.1   +/-    0.3   3.0   3.1                           
58849      -16.0   +/-    0.3   3.0   3.1          NRC 2001 CirT.385
58854      -16.9   +/-    0.3   3.0   3.1                           
58859      -24.8   +/-    0.3   3.0   3.1                           
58864      -26.8   +/-    0.3   3.0   3.1                           
58869      -24.1   +/-    0.3   3.0   3.1                           
58874      -20.2   +/-    0.3   3.0   3.1                           
58879      -25.4   +/-    0.3   3.0   3.1                           
58884      -26.4   +/-    0.3   3.0   3.0          NRC 2002 CirT.386
58889      -33.1   +/-    0.3   3.0   3.0                           
58894      -32.9   +/-    0.3   3.0   3.0                           
58899      -31.9   +/-    0.3   3.0   3.0                           
58904      -35.3   +/-    0.3   3.0   3.0                           
58909      -34.1   +/-    0.3   3.1   3.1          NRC 2003 CirT.387
58914      -28.7   +/-    0.3   3.1   3.1                           
58919      -31.4   +/-    0.3   3.1   3.1                           
58924      -29.7   +/-    0.3   3.1   3.1                           
58929      -32.5   +/-    0.3   3.1   3.1                           
58934      -37.2   +/-    0.3   3.1   3.1                           
58939      -46.3   +/-    0.3   3.1   3.1                           
58944      -47.0   +/-    0.3   3.1   3.1          NRC 2004 CirT.388
58949      -48.3   +/-    0.3   3.1   3.1                           
58954      -45.4   +/-    0.3   3.1   3.1                           
58959      -40.8   +/-    0.3   3.1   3.1                           
58964      -35.1   +/-    0.3   3.1   3.1                           
58969      -26.8   +/-    0.3   3.1   3.1                           
58974      -21.1   +/-    0.3   3.1   3.1          NRC 2005 CirT.389
58979      -18.1   +/-    0.3   3.1   3.1                           
58984      -18.3   +/-    0.3   3.1   3.1                           
58989      -10.0   +/-    0.3   3.1   3.1                           
58994       -1.0   +/-    0.3   3.1   3.1                           
58999       13.2   +/-    0.3   3.1   3.1                           
59004        7.9   +/-    0.3   3.2   3.2          NRC 2006 CirT.390
59009        5.4   +/-    0.3   3.2   3.2                           
59014        6.1   +/-    0.3   3.2   3.2                           
59019        2.1   +/-    0.3   3.2   3.2                           
59024        2.6   +/-    0.3   3.2   3.2                           
59029       -8.5   +/-    0.3   3.2   3.2                           
59034       -8.5   +/-    0.3   2.9   2.9          NRC 2007 CirT.391
59039      -11.7   +/-    0.3   2.9   2.9                           
59044      -16.9   +/-    0.3   2.9   2.9                           
59049      -10.1   +/-    0.3   2.9   2.9                           
59054      -12.3   +/-    0.3   2.9   2.9                           
59059      -10.9   +/-    0.3   2.9   2.9                           
59064      -12.5   +/-    0.3   2.9   3.0          NRC 2008 CirT.392
59069      -19.7   +/-    0.3   2.9   3.0                           
59074      -14.2   +/-    0.3   2.9   3.0                           
59079      -15.5   +/-    0.3   2.9   3.0                           
59084      -19.3   +/-    0.3   2.9   3.0                           
59089      -11.2   +/-    0.3   2.9   3.0                           
59094      -10.6   +/-    0.3   2.9   3.0          NRC 2009 CirT.393
59099      -12.5   +/-    0.3   2.9   3.0                           
59104      -16.3   +/-    0.3   2.9   3.0                           
59109      -11.0   +/-    0.3   2.9   3.0                           
59114      -20.3   +/-    0.3   2.9   3.0                           
59119      -25.8   +/-    0.3   2.9   3.0                           
59124      -32.4   +/-    0.3   2.9   3.0          NRC 2010 CirT.394
59129      -35.5   +/-    0.3   2.9   3.0                           
59134      -30.2   +/-    0.3   2.9   3.0                           
59139      -18.8   +/-    0.3   2.9   3.0                           
59144       -9.8   +/-    0.3   2.9   3.0                           
59149        7.8   +/-    0.3   2.9   3.0                           
59154       15.8   +/-    0.3   2.9   3.0          NRC 2011 CirT.395
59159       14.8   +/-    0.3   2.9   3.0                           
59164        8.8   +/-    0.3   2.9   3.0                           
59169       12.4   +/-    0.3   2.9   3.0                           
59174       10.5   +/-    0.3   2.9   3.0                           
59179        6.3   +/-    0.3   2.9   3.0                           
59184        1.9   +/-    0.3   2.9   3.0          NRC 2012 CirT.396
59189       -2.3   +/-    0.3   2.9   3.0                           
59194       -3.0   +/-    0.3   2.9   3.0                           
59199       -2.3   +/-    0.3   2.9   3.0                           
59204       -1.3   +/-    0.3   2.9   3.0                           
59209       -0.4   +/-    0.3   2.9   3.0                           
59214        0.6   +/-    0.3   2.9   3.0                           
59219        1.9   +/-    0.3   3.0   3.0          NRC 2101 CirT.397
59224        3.3   +/-    0.3   3.0   3.0                           
59229        4.8   +/-    0.3   3.0   3.0                           
59234        6.3   +/-    0.3   3.0   3.0                           
59239        8.2   +/-    0.3   3.0   3.0                           
59244        8.8   +/-    0.3   3.0   3.0                           
59249        8.9   +/-    0.3   3.1   3.1          NRC 2102 CirT.398
59254        9.2   +/-    0.3   3.1   3.1                           
59259        9.4   +/-    0.3   3.1   3.1                           
59264        9.0   +/-    0.3   3.1   3.1                           
59269        9.4   +/-    0.3   3.1   3.1                           
59274        9.3   +/-    0.3   3.1   3.1          NRC 2103 CirT.399
59279        9.7   +/-    0.3   3.1   3.1                           
59284       10.0   +/-    0.3   3.1   3.1                           
59289       10.5   +/-    0.3   3.1   3.1                           
59294       11.2   +/-    0.3   3.1   3.1                           
59299       12.2   +/-    0.3   3.1   3.1                           
59304       13.4   +/-    0.3   3.1   3.1                           
59309       14.4   +/-    0.3   3.1   3.1          NRC 2104 CirT.400
59314       15.8   +/-    0.3   3.1   3.1                           
59319       17.3   +/-    0.3   3.1   3.1                           
59324       18.8   +/-    0.3   3.1   3.1                           
59329       18.8   +/-    0.3   3.1   3.1                           
59334       19.0   +/-    0.3   3.1   3.1                           
59339       19.1   +/-    0.3   3.1   3.1          NRC 2105 CirT.401
59344       19.4   +/-    0.3   3.1   3.1                           
59349       19.8   +/-    0.3   3.1   3.1                           
59354       20.4   +/-    0.3   3.1   3.1                           
59359       21.2   +/-    0.3   3.1   3.1                           
59364       22.2   +/-    0.3   3.1   3.1                           
59369       23.0   +/-    0.3   3.1   3.1          NRC 2106 CirT.402
59374       24.3   +/-    0.3   3.1   3.1                           
59379       25.9   +/-    0.3   3.1   3.1                           
59384       27.1   +/-    0.3   3.1   3.1                           
59389       28.6   +/-    0.3   3.1   3.1                           
59394       30.3   +/-    0.3   3.1   3.1                           
59399       32.3   +/-    0.3   3.1   3.1          NRC 2107 CirT.403
59404       34.4   +/-    0.3   3.1   3.1                           
59409       36.9   +/-    0.3   3.1   3.1                           
59414       39.3   +/-    0.3   3.1   3.1                           
59419       42.1   +/-    0.3   3.1   3.1                           
59424       44.8   +/-    0.3   3.1   3.1                           
59429       47.8   +/-    0.3   3.2   3.2          NRC 2108 CirT.404
59434       50.9   +/-    0.3   3.2   3.2                           
59439       54.4   +/-    0.3   3.2   3.2                           
59444        8.5   +/-    0.3   3.2   3.2                           
59449        8.1   +/-    0.3   3.2   3.2                           
59454        0.2   +/-    0.3   3.2   3.2                           
59459       -0.3   +/-    0.3   3.2   3.2          NRC 2109 CirT.405
59464       -0.4   +/-    0.3   3.2   3.2                           
59469       -0.6   +/-    0.3   3.2   3.2                           
59474       -0.6   +/-    0.3   3.2   3.2                           
59479       -0.8   +/-    0.3   3.2   3.2                           
59484       -0.9   +/-    0.3   3.2   3.2                           
59489       -0.9   +/-    0.3   3.2   3.2          NRC 2110 CirT.406
59494       -0.8   +/-    0.3   3.2   3.2                           
59499       -0.5   +/-    0.3   3.2   3.2                           
59504       -0.7   +/-    0.3   3.2   3.2                           
59509       -0.8   +/-    0.3   3.2   3.2                           
59514       -0.9   +/-    0.3   3.2   3.2                           
59519       -0.5   +/-    0.3   3.2   3.2          NRC 2111 CirT.407
59524       -0.4   +/-    0.3   3.2   3.2                           
59529       -0.3   +/-    0.3   3.2   3.2                           
59534       -0.3   +/-    0.3   3.2   3.2                           
59539        0.0   +/-    0.3   3.2   3.2                           
59544        0.3   +/-    0.3   3.2   3.2                           
59549       -0.5   +/-    0.3   3.2   3.2          NRC 2112 CirT.408
59554       -0.4   +/-    0.3   3.2   3.2                           
59559       -0.4   +/-    0.3   3.2   3.2                           
59564       -0.8   +/-    0.3   3.2   3.2                           
59569       -0.6   +/-    0.3   3.2   3.2                           
59574       -0.2   +/-    0.3   3.2   3.2                           
59579       -0.3   +/-    0.3   3.2   3.2                           
59584       -0.3   +/-    0.3   3.2   3.2          NRC 2201 CirT.409
59589       -0.2   +/-    0.3   3.2   3.2                           
59594       -0.6   +/-    0.3   3.2   3.2                           
59599       -0.9   +/-    0.3   3.2   3.2                           
59604       -1.5   +/-    0.3   3.2   3.2                           
59609       -2.0   +/-    0.3   3.2   3.2                           
59614       -2.5   +/-    0.3   3.2   3.2          NRC 2202 CirT.410
59619       -2.7   +/-    0.3   3.2   3.2                           
59624       -2.9   +/-    0.3   3.2   3.2                           
59629       -3.0   +/-    0.3   3.2   3.2                           
59634       -2.3   +/-    0.3   3.2   3.2                           
59639       -2.0   +/-    0.3   3.2   3.2          NRC 2203 CirT.411
59644       -1.8   +/-    0.3   3.2   3.2                           
59649       -1.8   +/-    0.3   3.2   3.2                           
59654       -1.7   +/-    0.3   3.2   3.2                           
59659       -1.8   +/-    0.3   3.2   3.2                           
59664       -1.9   +/-    0.3   3.2   3.2                           
59669       -1.8   +/-    0.3   3.2   3.2                           
59674       -1.8   +/-    0.3   3.3   3.3          NRC 2204 CirT.412
59679       -1.6   +/-    0.3   3.3   3.3                           
59684       -3.0   +/-    0.3   3.3   3.3                           
59689       -4.5   +/-    0.3   3.3   3.3                           
59694       -5.4   +/-    0.3   3.3   3.3                           
59699       -6.5   +/-    0.3   3.3   3.3                           
59704       -6.9   +/-    0.3   3.4   3.4          NRC 2205 CirT.413
59709       -7.9   +/-    0.3   3.4   3.4                           
59714       -9.1   +/-    0.3   3.4   3.4                           
59719      -10.2   +/-    0.3   3.4   3.4                           
59724      -11.5   +/-    0.3   3.4   3.4                           
59729      -12.3   +/-    0.3   3.4   3.4                           
59734      -12.7   +/-    0.3   3.3   3.3          NRC 2206 CirT.414
59739      -14.4   +/-    0.3   3.3   3.3                           
59744      -15.8   +/-    0.3   3.3   3.3                           
59749      -17.8   +/-    0.3   3.3   3.3                           
59754      -19.4   +/-    0.3   3.3   3.3                           
59759      -19.4   +/-    0.3   3.3   3.3                           
59764      -19.5   +/-    0.3   3.3   3.3          NRC 2207 CirT.415
59769      -20.6   +/-    0.3   3.3   3.3                           
59774      -20.3   +/-    0.3   3.3   3.3                           
59779      -20.7   +/-    0.3   3.3   3.3                           
59784      -19.9   +/-    0.3   3.3   3.3                           
59789      -19.6   +/-    0.3   3.3   3.3                           
59794      -19.6   +/-    0.3   3.4   3.4          NRC 2208 CirT.416
59799      -19.7   +/-    0.3   3.4   3.4                           
59804      -21.3   +/-    0.3   3.4   3.4                           
59809      -19.7   +/-    0.3   3.4   3.4                           
59814      -18.3   +/-    0.3   3.4   3.4                           
59819      -17.8   +/-    0.3   3.4   3.4                           
59824      -17.6   +/-    0.3   3.4   3.4          NRC 2209 CirT.417
59829      -18.8   +/-    0.3   3.4   3.4                           
59834      -19.3   +/-    0.3   3.4   3.4                           
59839      -18.6   +/-    0.3   3.4   3.4                           
59844      -17.7   +/-    0.3   3.4   3.4                           
59849      -17.3   +/-    0.3   3.4   3.4                           
59854      -18.1   +/-    0.3   3.4   3.4          NRC 2210 CirT.418
59859      -18.3   +/-    0.3   3.4   3.4                           
59864      -19.2   +/-    0.3   3.4   3.4                           
59869      -18.9   +/-    0.3   3.4   3.4                           
59874      -19.7   +/-    0.3   3.4   3.4                           
59879      -20.9   +/-    0.3   3.4   3.4                           
59884      -21.0   +/-    0.3   3.4   3.4          NRC 2211 CirT.419
59889      -20.0   +/-    0.3   3.4   3.4                           
59894      -20.5   +/-    0.3   3.4   3.4                           
59899      -19.5   +/-    0.3   3.4   3.4                           
59904      -19.3   +/-    0.3   3.4   3.4                           
59909      -19.0   +/-    0.3   3.4   3.4                           
59914      -18.9   +/-    0.3   3.4   3.4          NRC 2212 CirT.420
59919      -19.2   +/-    0.3   3.4   3.4                           
59924      -19.9   +/-    0.3   3.4   3.4                           
59929      -19.0   +/-    0.3   3.4   3.4                           
59934      -18.5   +/-    0.3   3.4   3.4                           
59939      -18.3   +/-    0.3   3.4   3.4                           
59944      -15.3   +/-    0.3   3.4   3.4                           
59949      -11.8   +/-    0.3   3.4   3.5          NRC 2301 CirT.421
59954      -10.9   +/-    0.3   3.4   3.5                           
59959      -10.6   +/-    0.3   3.4   3.5                           
59964      -10.4   +/-    0.3   3.4   3.5                           
59969       -8.4   +/-    0.3   3.4   3.5                           
59974       -8.9   +/-    0.3   3.4   3.5                           
59979      -10.2   +/-    0.3   3.5   3.6          NRC 2302 CirT.422
59984      -10.0   +/-    0.3   3.5   3.6                           
59989       -9.1   +/-    0.3   3.5   3.6                           
59994       -7.9   +/-    0.3   3.5   3.6                           
59999       -7.8   +/-    0.3   3.5   3.6                           
60004       -8.7   +/-    0.3   3.5   3.6          NRC 2303 CirT.423
60009       -8.9   +/-    0.3   3.5   3.6                           
60014       -8.8   +/-    0.3   3.5   3.6                           
60019       -9.1   +/-    0.3   3.5   3.6                           
60024       -9.6   +/-    0.3   3.5   3.6                           
60029       -8.9   +/-    0.3   3.5   3.6                           
60034       -8.6   +/-    0.3   3.5   3.6                           
60039       -7.4   +/-    0.3   3.4   3.4          NRC 2304 CirT.424
60044       -6.5   +/-    0.3   3.4   3.4                           
60049       -4.7   +/-    0.3   3.4   3.4                           
60054       -1.9   +/-    0.3   3.4   3.4                           
60059       -0.2   +/-    0.3   3.4   3.4                           
60064       -0.7   +/-    0.3   3.4   3.4                           
60069       -0.6   +/-    0.3   3.4   3.4          NRC 2305 CirT.425
60074       -0.4   +/-    0.3   3.4   3.4                           
60079       -1.2   +/-    0.3   3.4   3.4                           
60084       -1.6   +/-    0.3   3.4   3.4                           
60089       -1.5   +/-    0.3   3.4   3.4                           
60094       -0.6   +/-    0.3   3.4   3.4                           
60099       -0.6   +/-    0.3   3.4   3.4          NRC 2306 CirT.426
60104       -1.1   +/-    0.3   3.4   3.4                           
60109       -2.4   +/-    0.3   3.4   3.4                           
60114       -1.6   +/-    0.3   3.4   3.4                           
60119       -0.5   +/-    0.3   3.4   3.4                           
60124        0.8   +/-    0.3   3.4   3.4                           
60129        3.5   +/-    0.3   3.4   3.4          NRC 2307 CirT.427
60134        4.3   +/-    0.3   3.4   3.4                           
60139        4.5   +/-    0.3   3.4   3.4                           
60144        2.5   +/-    0.3   3.4   3.4                           
60149        1.6   +/-    0.3   3.4   3.4                           
60154        1.7   +/-    0.3   3.4   3.4                           
60159        1.7   +/-    0.3   3.5   3.5          NRC 2308 CirT.428
60164        1.2   +/-    0.3   3.5   3.5                           
60169        2.0   +/-    0.3   3.5   3.5                           
60174        1.6   +/-    0.3   3.5   3.5                           
60179        1.8   +/-    0.3   3.5   3.5                           
60184        1.0   +/-    0.3   3.5   3.5                           
60189        1.0   +/-    0.3   3.5   3.6          NRC 2309 CirT.429
60194        2.0   +/-    0.3   3.5   3.6                           
60199        1.9   +/-    0.3   3.5   3.6                           
60204        1.2   +/-    0.3   3.5   3.6                           
60209        0.6   +/-    0.3   3.5   3.6                           
60214        0.3   +/-    0.3   3.5   3.6                           
60219        0.5   +/-    0.3   3.6   3.6          NRC 2310 CirT.430
60224        1.0   +/-    0.3   3.6   3.6                           
60229        0.9   +/-    0.3   3.6   3.6                           
60234        0.7   +/-    0.3   3.6   3.6                           
60239        0.7   +/-    0.3   3.6   3.6                           
60244        0.8   +/-    0.3   3.6   3.6                           
60249        1.3   +/-    0.3   3.6   3.6          NRC 2311 CirT.431
60254        2.1   +/-    0.3   3.6   3.6                           
60259        2.7   +/-    0.3   3.6   3.6                           
60264        3.5   +/-    0.3   3.6   3.6                           
60269        3.7   +/-    0.3   3.6   3.6                           
60274        3.7   +/-    0.3   3.6   3.6                           
60279        3.9   +/-    0.3   3.6   3.6          NRC 2312 CirT.432
60284        2.7   +/-    0.3   3.6   3.6                           
60289        0.8   +/-    0.3   3.6   3.6                           
60294       -1.0   +/-    0.3   3.6   3.6                           
60299       -0.5   +/-    0.3   3.6   3.6                           
60304        0.4   +/-    0.3   3.6   3.6                           
60309        0.3   +/-    0.3   3.6   3.6                           
60314       -0.1   +/-    0.3   3.6   3.6          NRC 2401 CirT.433
60319       -0.3   +/-    0.3   3.6   3.6                           
60324       -0.3   +/-    0.3   3.6   3.6                           
60329        0.7   +/-    0.3   3.6   3.6                           
60334       -0.1   +/-    0.3   3.6   3.6                           
60339       -1.3   +/-    0.3   3.6   3.6                           
60344       -2.6   +/-    0.3   3.7   3.7          NRC 2402 CirT.434
60349       -3.2   +/-    0.3   3.7   3.7                           
60354       -3.6   +/-    0.3   3.7   3.7                           
60359       -3.6   +/-    0.3   3.7   3.7                           
60364       -3.6   +/-    0.3   3.7   3.7                           
60369       -3.6   +/-    0.3   3.7   3.7                           
60374      -10.5   +/-    0.3   3.0   3.0          NRC 2403 CirT.435
60379      -10.5   +/-    0.3   3.0   3.0                           
60384      -10.4   +/-    0.3   3.0   3.0                           
60389       -9.8   +/-    0.3   3.0   3.0                           
60394       -9.6   +/-    0.3   3.0   3.0                           
60399       -9.2   +/-    0.3   3.0   3.0                           
60404       -8.1   +/-    0.3   3.0   3.0          NRC 2404 CirT.436
60409       -7.5   +/-    0.3   3.0   3.0                           
60414       -6.9   +/-    0.3   3.0   3.0                           
60419       -4.9   +/-    0.3   3.0   3.0                           
60424       -4.4   +/-    0.3   3.0   3.0                           
60429       -4.3   +/-    0.3   3.0   3.0                           
60434       -4.5   +/-    0.2   2.9   2.9          NRC 2405 CirT.437
60439       -4.2   +/-    0.2   2.9   2.9                           
60444       -3.4   +/-    0.2   2.9   2.9                           
60449       -3.2   +/-    0.2   2.9   2.9                           
60454       -2.1   +/-    0.2   2.9   2.9                           
60459       -1.6   +/-    0.2   2.9   2.9                           
60464       -1.2   +/-    0.2   2.5   2.5          NRC 2406 CirT.438
60469       -0.6   +/-    0.2   2.5   2.5                           
60474       -0.5   +/-    0.2   2.5   2.5                           
60479        0.0   +/-    0.2   2.5   2.5                           
60484        0.7   +/-    0.2   2.5   2.5                           
60489        1.5   +/-    0.2   2.5   2.5                           
60494        2.7   +/-    0.2   2.6   2.6          NRC 2407 CirT.439
60499        4.3   +/-    0.2   2.6   2.6                           
60504        4.7   +/-    0.2   2.6   2.6                           
60509        4.0   +/-    0.2   2.6   2.6                           
60514        3.3   +/-    0.2   2.6   2.6                           
60519        2.4   +/-    0.2   2.6   2.6                           
60524        2.1   +/-    0.2   2.6   2.6          NRC 2408 CirT.440
60529        1.7   +/-    0.2   2.6   2.6                           
60534        1.5   +/-    0.2   2.6   2.6                           
60539        1.1   +/-    0.2   2.6   2.6                           
60544        0.7   +/-    0.2   2.6   2.6                           
60549        0.3   +/-    0.2   2.6   2.6                           
60554        0.2   +/-    0.2   2.6   2.6          NRC 2409 CirT.441
60559        0.0   +/-    0.2   2.6   2.6                           
60564       -0.2   +/-    0.2   2.6   2.6                           
60569       -0.1   +/-    0.2   2.6   2.6                           
60574       -0.2   +/-    0.2   2.6   2.6                           
60579       -0.2   +/-    0.2   2.6   2.6                           
60584       -0.1   +/-    0.3   2.6   2.6          NRC 2410 CirT.442
60589       -0.1   +/-    0.3   2.6   2.6                           
60594       -0.6   +/-    0.3   2.6   2.6                           
60599       -0.5   +/-    0.3   2.6   2.6                           
60604       -0.8   +/-    0.3   2.6   2.6                           
60609       -0.8   +/-    0.3   2.6   2.6                           
60614       -0.7   +/-    0.3   2.6   2.6                           
60619       -0.9   +/-    0.2   2.6   2.6          NRC 2411 CirT.443
60624       -1.2   +/-    0.2   2.6   2.6                           
60629       -1.1   +/-    0.2   2.6   2.6                           
60634       -1.0   +/-    0.2   2.6   2.6                           
60639       -0.8   +/-    0.2   2.6   2.6                           
60644       -0.5   +/-    0.2   2.6   2.6                           
60649       -0.2   +/-    0.2   2.6   2.6          NRC 2412 CirT.444
60654       -0.2   +/-    0.2   2.6   2.6                           
60659       -0.2   +/-    0.2   2.6   2.6                           
60664       -0.1   +/-    0.2   2.6   2.6                           
60669       -0.1   +/-    0.2   2.6   2.6                           
60674       -0.2   +/-    0.2   2.6   2.6                           
60679       -0.1   +/-    0.2   2.6   2.6          NRC 2501 CirT.445
60684        0.1   +/-    0.2   2.6   2.6                           
60689       -0.2   +/-    0.2   2.6   2.6                           
60694       -0.4   +/-    0.2   2.6   2.6                           
60699       -0.5   +/-    0.2   2.6   2.6                           
60704       -0.7   +/-    0.2   2.6   2.6                           
60709       -0.8   +/-    0.2   2.6   2.6          NRC 2502 CirT.446
60714       -1.2   +/-    0.2   2.6   2.6                           
60719       -1.3   +/-    0.2   2.6   2.6                           
60724       -1.2   +/-    0.2   2.6   2.6                           
60729       -0.3   +/-    0.2   2.6   2.6                           
60734       -0.2   +/-    0.2   2.6   2.6                           
60739       -0.2   +/-    0.2   2.7   2.7          NRC 2503 CirT.447
60744       -0.4   +/-    0.2   2.7   2.7                           
60749       -0.4   +/-    0.2   2.7   2.7                           
60754       -0.3   +/-    0.2   2.7   2.7                           
60759       -0.3   +/-    0.2   2.7   2.7                           
60764       -0.5   +/-    0.2   2.7   2.7                           
60769       -0.8   +/-    0.3   2.7   2.7          NRC 2504 CirT.448
60774       -0.8   +/-    0.3   2.7   2.7                           
60779       -0.8   +/-    0.3   2.7   2.7                           
60784       -0.8   +/-    0.3   2.7   2.7                           
60789       -0.8   +/-    0.3   2.7   2.7                           
60794       -0.5   +/-    0.3   2.7   2.7                           
60799       -0.4   +/-    0.3   2.7   2.7          NRC 2505 CirT.449
60804        0.0   +/-    0.3   2.7   2.7                           
60809        0.3   +/-    0.3   2.7   2.7                           
60814       -3.3   +/-    0.3   2.7   2.7                           
60819       -3.1   +/-    0.3   2.7   2.7                           
60824       -2.4   +/-    0.3   2.7   2.7                           
60829       -2.2   +/-    0.2   2.7   2.7          NRC 2506 CirT.450
60834       -1.6   +/-    0.2   2.7   2.7                           
60839       -1.1   +/-    0.2   2.7   2.7                           
60844       -0.4   +/-    0.2   2.7   2.7                           
60849        1.3   +/-    0.2   2.7   2.7                           
60854        1.6   +/-    0.2   2.7   2.7                           
60859        1.3   +/-    0.2   2.7   2.7          NRC 2507 CirT.451
60864        1.0   +/-    0.2   2.7   2.7                           
60869        0.9   +/-    0.2   2.7   2.7                           
60874        0.7   +/-    0.2   2.7   2.7                           
60879        0.6   +/-    0.2   2.7   2.7                           
60884        0.6   +/-    0.2   2.7   2.7                           
60889        2.0   +/-    0.2   2.7   2.7          NRC 2508 CirT.452
60894        2.2   +/-    0.2   2.7   2.7                           
60899        1.9   +/-    0.2   2.7   2.7                           
60904        1.5   +/-    0.2   2.7   2.7                           
60909        1.1   +/-    0.2   2.7   2.7                           
60914        0.6   +/-    0.2   2.7   2.7                           
60919        0.2   +/-    0.2   2.7   2.7          NRC 2509 CirT.453
60924        0.1   +/-    0.2   2.7   2.7                           
60929       -0.3   +/-    0.2   2.7   2.7                           
60934       -0.4   +/-    0.2   2.7   2.7                           
60939       -0.3   +/-    0.2   2.7   2.7                           
60944       -0.1   +/-    0.2   2.7   2.7                           
60949        0.0   +/-    0.2   2.8   2.8          NRC 2510 CirT.454
60954        0.2   +/-    0.2   2.8   2.8                           
60959        0.5   +/-    0.2   2.8   2.8                           
60964        0.8   +/-    0.2   2.8   2.8                           
60969        1.2   +/-    0.2   2.8   2.8                           
60974        1.3   +/-    0.2   2.8   2.8                           
60979        1.4   +/-    0.2   2.8   2.8                           
60984        4.4   +/-    0.2   2.8   2.8          NRC 2511 CirT.455
60989        4.3   +/-    0.2   2.8   2.8                           
60994        3.8   +/-    0.2   2.8   2.8                           
60999        3.0   +/-    0.2   2.8   2.8                           
61004        2.3   +/-    0.2   2.8   2.8                           
61009        1.6   +/-    0.2   2.8   2.8                           
61014        1.3   +/-    0.2   2.8   2.8          NRC 2512 CirT.456
61019        0.9   +/-    0.2   2.8   2.8                           
61024        0.4   +/-    0.2   2.8   2.8                           
61029       -0.5   +/-    0.2   2.8   2.8                           
61034       -1.1   +/-    0.2   2.8   2.8                           
61039       -1.5   +/-    0.2   2.8   2.8                           
61044       -1.7   +/-    0.2   2.8   2.8          NRC 2601 CirT.457
61049       -1.9   +/-    0.2   2.8   2.8                           
61054       -2.1   +/-    0.2   2.8   2.8                           
61059       -1.9   +/-    0.2   2.8   2.8                           
61064       -1.5   +/-    0.2   2.8   2.8                           
61069       -1.2   +/-    0.2   2.8   2.8                           
61074       -1.6   +/-    0.2   2.8   2.8          NRC 2602 CirT.458
61079       -2.5   +/-    0.2   2.8   2.8                           
61084       -3.0   +/-    0.2   2.8   2.8                           
61089       -3.4   +/-    0.2   2.8   2.8                           
61094       -3.2   +/-    0.2   2.8   2.8                           
61099       -3.1   +/-    0.2   2.8   2.8                           
