 MJD  [UTC-UTC(NICT)]/ns  uA/ns  uB/ns  u/ns  

50814      -73
50819      -70
50824      -82
50829      -78
50834      -85
50839      -89
50844      -92
50849      -98
50854     -101
50859     -106
50864     -105
50869     -101
50874     -111
50879     -105
50884     -107
50889     -110
50894     -110
50899     -113
50904     -114
50909     -108
50914     -109
50919     -105
50924     -103
50929     -104
50934     -111
50939     -103
50944     -100
50949      -90
50954      -84
50959      -82
50964      -76
50969      -76
50974      -68
50979      -58
50984      -55
50989      -52
50994      -50
50999      -44
51004      -42
51009      -36
51014      -27
51019      -16
51024      -10
51029       -1
51034        3
51039        4
51044        6
51049       13
51054       23
51059       29
51064       32
51069       40
51074       34
51079       42
51084       39
51089       54
51094       55
51099       65
51104       62
51109       60
51114       64
51119       68
51124       67
51129       71
51134       74
51139       72
51144       61
51149       55
51154       55
51159       57
51164       62
51169       59
51174       51
51179       49
51184       42
51189       37
51194       30
51199       32
51204       30
51209       30
51214       33
51219       33
51224       32
51229       34
51234       34
51239       38
51244       36
51249       39
51254       35
51259       33
51264       41
51269       33
51274       33
51279       37
51284       49
51289       72
51294       75
51299       80
51304       79
51309       78
51314       85
51319       85
51324       81
51329       86
51334       86
51339       90
51344       93
51349       91
51354       93
51359       93
51364       93
51369       78
51374       86
51379       83
51384       79
51389       77
51394       70
51399       66
51404       53
51409       56
51414       47
51419       32
51424       28
51429       20
51434       12
51439        9
51444       -7
51449      -13
51454      -23
51459      -30
51464      -39
51469      -53
51474      -58
51479      -53
51484      -49
51489      -55
51494      -56
51499      -58
51504      -55
51509      -53
51514      -58
51519      -60
51524      -69
51529      -71
51534      -79
51539      -86
51544      -98
51549     -106
51554     -115
51559     -137
51564     -153
51569     -175
51574     -191
51579     -202
51584     -218
51589     -232
51594     -240
51599     -234
51604     -218
51609     -206
51614     -203
51619     -201
51624     -198
51629     -196
51634     -192
51639     -174
51644     -173
51649     -167
51654     -167
51659     -168
51664     -160
51669     -157
51674     -144
51679     -129
51684     -115
51689     -111
51694      -97
51699      -90
51704      -72
51709      -67
51714      -55
51719      -47
51724      -35
51729      -26
51734      -19
51739      -20
51744      -21
51749      -18
51754      -14
51759      -21
51764      -25
51769      -26
51774      -29
51779      -32
51784      -36
51789      -39
51794      -40
51799      -37
51804      -37
51809      -40
51814      -44
51819      -50
51824      -53
51829      -50
51834      -48
51839      -49
51844      -41
51849      -43
51854      -45
51859      -42
51864      -41
51869      -38
51874      -49
51879      -54
51884      -48
51889      -49
51894      -39
51899      -33
51904      -32
51909      -32
51914      -21
51919      -17
51924      -20
51929      -14
51934      -12
51939       -6
51944        0
51949       -1
51954        1
51959        7
51964        9
51969        9
51974       14
51979       17
51984       12
51989        9
51994       13
51999        2
52004       12
52009        1
52014       11
52019        3
52024        6
52029       12
52034       12
52039        2
52044        1
52049        7
52054        5
52059        2
52064       -9
52069       -6
52074      -10
52079      -10
52084      -13
52089      -11
52094      -11
52099      -15
52104      -11
52109      -10
52114       -6
52119       -8
52124      -12
52129       -9
52134      -24
52139      -24
52144      -30
52149      -21
52154      -15
52159      -16
52164      -15
52169      -14
52174      -13
52179      -20
52184      -11
52189      -14
52194      -20
52199      -18
52204      -27
52209      -27
52214      -25
52219      -32
52224      -27
52229      -28
52234      -29
52239      -29
52244      -25
52249      -25
52254      -14
52259      -21
52264      -23
52269      -16
52274      -17
52279      -11
52284      -11
52289       -7
52294       -3
52299       -6
52304        8
52309       26
52314       43
52319       58
52324       71
52329       74
52334       75
52339       78
52344       82
52349       81
52354       81
52359       79
52364       80
52369       83
52374       80
52379       66
52384       51
52389       45
52394       34
52399       28
52404       10
52409       14
52414       22
52419       26
52424       29
52429       31
52434       34
52439       29
52444       46
52449       45
52454       45
52459       42
52464       38
52469       27
52474       17
52479       11
52484        6
52489        2
52494        2
52499       -9
52504      -17
52509      -22
52514      -25
52519      -26
52524      -22
52529      -19
52534      -27
52539      -22
52544      -31
52549      -26
52554      -32
52559      -32
52564      -35
52569      -35
52574      -43
52579      -35
52584      -38
52589      -37
52594      -37
52599      -37
52604      -42
52609      -40
52614      -43
52619      -41
52624      -37
52629      -40
52634      -34
52639      -31
52644      -28.1
52649      -28.4
52654      -23.6
52659      -21.7
52664      -18.8
52669      -17.8
52674      -16.9
52679      -10.4
52684       -0.8
52689        3.0
52694        3.1
52699        1.7
52704        4.0
52709        4.3
52714        0.9
52719        9.0
52724        7.3
52729        7.7
52734        7.5
52739        9.2
52744        5.6
52749        2.2
52754        4.5
52759        8.9
52764        6.7
52769        6.9
52774        3.0
52779        1.7
52784       -1.6
52789       -4.4
52794        0.1
52799       -0.8
52804       -2.2
52809       -3.9
52814       -7.5
52819       -6.6
52824       -9.6
52829       -8.4
52834      -11.1
52839      -13.8
52844      -13.3
52849      -14.1
52854       -9.8
52859       -7.5
52864      -10.2
52869      -10.6
52874       -8.5
52879       -9.8
52884       -8.0
52889       -8.6
52894      -15.9
52899      -12.6
52904      -13.1
52909      -11.6
52914       -9.3
52919       -6.9
52924      -10.0
52929       -7.1
52934       -9.5
52939      -13.4
52944      -11.4
52949       -8.3
52954       -5.4
52959       -5.5
52964       -4.5
52969       -2.3
52974       -6.8
52979       -3.1
52984       -5.1
52989       -3.3
52994       -6.7
52999       -9.0
53004       -4.3
53009       -7.4
53014       -7.0
53019      -10.4
53024      -11.2
53029      -13.9
53034      -12.8
53039       -8.5
53044      -10.4
53049       -9.2
53054       -7.3
53059       -5.6
53064       -6.1
53069       -5.0
53074       -5.7
53079       -5.2
53084       -3.8
53089        0.1
53094        2.8
53099        4.5
53104        7.4
53109        7.3
53114       10.3
53119       17.3
53124       15.7
53129       21.7
53134       18.3
53139       23.6
53144       23.7
53149       27.1
53154       28.9
53159       32.4
53164       34.1
53169       35.4
53174       39.8
53179       39.0
53184       44.8
53189       45.7
53194       44.0
53199       43.2
53204       42.1
53209       38.6
53214       30.8
53219       26.5
53224       20.5
53229       19.1
53234       16.2
53239       14.9
53244       15.8
53249       14.9
53254       13.7
53259       16.4
53264       11.1
53269       10.2
53274       10.0
53279       10.0
53284       10.9
53289        6.6
53294        5.0
53299        5.2
53304        0.7
53309       -0.2
53314        1.1
53319        3.6
53324       -2.3
53329        2.3
53334       -4.2
53339        5.2
53344        6.0
53349        5.6
53354        3.1
53359        1.0
53364       -1.6
53369        4.5
53374       -0.7
53379        6.8
53384        6.1
53389       -1.7
53394        1.1
53399        3.9
53404        6.8
53409        5.0
53414        3.3
53419        4.5
53424        4.0
53429        5.0
53434        3.7
53439        0.7
53444        4.9
53449       11.7
53454       13.7
53459       14.3
53464       27.2
53469       14.7
53474       12.4
53479        6.3
53484        8.3
53489        8.5
53494       11.1          NICT0505 CirT.209
53499       11.4                           
53504       12.3                           
53509       10.8                           
53514        9.5                           
53519        8.1                           
53524        9.8          NICT0506 CirT.210
53529        8.1                           
53534       11.8                           
53539       13.4                           
53544       11.9                           
53549       12.4                           
53554       15.9          NICT0507 CirT.211
53559       18.1                           
53564       12.3                           
53569       15.6                           
53574       11.6                           
53579       14.5                           
53584       14.2          NICT0508 CirT.212
53589       16.3                           
53594       16.0                           
53599       16.1                           
53604       16.1                           
53609       15.9                           
53614       15.7          NICT0509 CirT.213
53619       14.4                           
53624       17.7                           
53629       20.0                           
53634       19.0                           
53639       19.4                           
53644       21.4          NICT0510 CirT.214
53649       22.6                           
53654       26.0                           
53659       23.8                           
53664       28.2                           
53669       28.9                           
53674       23.8                           
53679       26.6          NICT0511 CirT.215
53684       25.9                           
53689       17.3                           
53694       27.0                           
53699       22.5                           
53704       17.7                           
53709       17.2          NICT0512 CirT.216
53714       10.5                           
53719        8.4                           
53724        8.4                           
53729       10.9                           
53734       12.4                           
53739       15.5          NICT0601 CirT.217
53744       15.1                           
53749       15.2                           
53754       13.7                           
53759        7.0                           
53764       -1.6                           
53769        2.6          NICT0602 CirT.218
53774        3.8                           
53779        0.2                           
53784        3.8                           
53789        4.1                           
53794        1.3                           
53799       -1.3          NICT0603 CirT.219
53804       -3.6                           
53809       -0.1                           
53814       -2.2                           
53819       -3.1                           
53824        1.4                           
53829       -1.8          NICT0604 CirT.220
53834       -1.5                           
53839       -5.4                           
53844       -4.7                           
53849       -5.6                           
53854       -4.8                           
53859       -5.8          NICT0605 CirT.221
53864       -5.1                           
53869       -4.0                           
53874       -5.4                           
53879       -3.3                           
53884       -3.0                           
53889       -4.1          NICT0606 CirT.222
53894       -3.6                           
53899       -4.2                           
53904       -3.9                           
53909       -6.8                           
53914       -8.1                           
53919      -11.4          NICT0607 CirT.223
53924       -7.6                           
53929       -8.1                           
53934       -5.8                           
53939       -5.2                           
53944       -0.7                           
53949        0.8          NICT0608 CirT.224
53954        0.2                           
53959       -0.7                           
53964       -1.6                           
53969        1.4                           
53974       -1.3                           
53979        0.8          NICT0609 CirT.225
53984        1.2                           
53989        0.6                           
53994        0.3                           
53999        2.5                           
54004        2.7                           
54009        3.9          NICT0610 CirT.226
54014        5.8                           
54019        7.0                           
54024        5.8                           
54029        3.9                           
54034        1.2                           
54039        2.9                           
54044        0.8          NICT0611 CirT.227
54049        1.4                           
54054       -1.2                           
54059       -2.9                           
54064       -3.8                           
54069       -6.0                           
54074       -5.3   +/-    0.7   4.8   4.9          NICT0612 CirT.228
54079       -7.4   +/-    0.7   4.8   4.9                           
54084       -8.3   +/-    0.7   4.8   4.9                           
54089       -7.8   +/-    0.7   4.8   4.9                           
54094       -8.2   +/-    0.7   4.8   4.9                           
54099       -7.7   +/-    0.7   4.8   4.9                           
54104       -5.6   +/-    0.7   4.8   4.9          NICT0701 CirT.229
54109       -3.6   +/-    0.7   4.8   4.9                           
54114       -4.0   +/-    0.7   4.8   4.9                           
54119       -3.0   +/-    0.7   4.8   4.9                           
54124       -3.6   +/-    0.7   4.8   4.9                           
54129       -1.2   +/-    0.7   4.8   4.9                           
54134       -3.0   +/-    0.7   4.8   4.9          NICT0702 CirT.230
54139       -0.8   +/-    0.7   4.8   4.9                           
54144        0.6   +/-    0.7   4.8   4.9                           
54149        3.5   +/-    0.7   4.8   4.9                           
54154        6.9   +/-    0.7   4.8   4.9                           
54159        8.2   +/-    0.7   4.8   4.9                           
54164       11.0   +/-    0.5   4.8   4.9          NICT0703 CirT.231
54169       14.3   +/-    0.5   4.8   4.9                           
54174       16.7   +/-    0.5   4.8   4.9                           
54179       17.9   +/-    0.5   4.8   4.9                           
54184       21.8   +/-    0.5   4.8   4.9                           
54189       20.3   +/-    0.5   4.8   4.9                           
54194       18.6   +/-    0.5   4.8   4.8          NICT0704 CirT.232
54199       20.6   +/-    0.5   4.8   4.8                           
54204       18.4   +/-    0.5   4.8   4.8                           
54209       19.6   +/-    0.5   4.8   4.8                           
54214       21.3   +/-    0.5   4.8   4.8                           
54219       -0.6   +/-    0.5   4.8   4.8                           
54224        1.7   +/-    0.5   4.8   4.8          NICT0705 CirT.233
54229       -0.1   +/-    0.5   4.8   4.8                           
54234       -0.9   +/-    0.5   4.8   4.8                           
54239        1.0   +/-    0.5   4.8   4.8                           
54244        2.9   +/-    0.5   4.8   4.8                           
54249        6.1   +/-    0.5   4.8   4.8                           
54254        5.6   +/-    0.5   4.7   4.8          NICT0706 CirT.234
54259        5.3   +/-    0.5   4.7   4.8                           
54264        7.8   +/-    0.5   4.7   4.8                           
54269        7.6   +/-    0.5   4.7   4.8                           
54274        6.3   +/-    0.5   4.7   4.8                           
54279        6.7   +/-    0.5   4.7   4.8                           
54284        7.2   +/-    0.5   4.7   4.7          NICT0707 CirT.235
54289        9.3   +/-    0.5   4.7   4.7                           
54294        8.5   +/-    0.5   4.7   4.7                           
54299        8.3   +/-    0.5   4.7   4.7                           
54304        7.6   +/-    0.5   4.7   4.7                           
54309        9.2   +/-    0.5   4.7   4.7                           
54314        9.7   +/-    0.5   4.6   4.7          NICT0708 CirT.236
54319       13.3   +/-    0.5   4.6   4.7                           
54324       12.9   +/-    0.5   4.6   4.7                           
54329       15.1   +/-    0.5   4.6   4.7                           
54334       17.5   +/-    0.5   4.6   4.7                           
54339       15.0   +/-    0.5   4.6   4.7                           
54344       11.4   +/-    0.5   4.6   4.7          NICT0709 CirT.237
54349       10.9   +/-    0.5   4.6   4.7                           
54354       11.4   +/-    0.5   4.6   4.7                           
54359       12.7   +/-    0.5   4.6   4.7                           
54364        8.8   +/-    0.5   4.6   4.7                           
54369        7.6   +/-    0.5   4.6   4.7                           
54374        7.9   +/-    0.5   4.6   4.6          NICT0710 CirT.238
54379        4.7   +/-    0.5   4.6   4.6                           
54384        4.3   +/-    0.5   4.6   4.6                           
54389        3.5   +/-    0.5   4.6   4.6                           
54394        0.2   +/-    0.5   4.6   4.6                           
54399       -2.6   +/-    0.5   4.6   4.6                           
54404       -2.3   +/-    0.5   4.6   4.6                           
54409       -5.6   +/-    0.5   4.6   4.6          NICT0711 CirT.239
54414       -4.7   +/-    0.5   4.6   4.6                           
54419      -10.3   +/-    0.5   4.6   4.6                           
54424      -10.6   +/-    0.5   4.6   4.6                           
54429      -13.1   +/-    0.5   4.6   4.6                           
54434      -14.3   +/-    0.5   4.6   4.6                           
54439      -18.1   +/-    0.5   4.6   4.6          NICT0712 CirT.240
54444      -18.9   +/-    0.5   4.6   4.6                           
54449      -20.6   +/-    0.5   4.6   4.6                           
54454      -21.5   +/-    0.5   4.6   4.6                           
54459      -21.9   +/-    0.5   4.6   4.6                           
54464      -28.4   +/-    0.5   4.6   4.6                           
54469      -27.4   +/-    0.5   4.5   4.6          NICT0801 CirT.241
54474      -26.1   +/-    0.5   4.5   4.6                           
54479      -27.0   +/-    0.5   4.5   4.6                           
54484      -26.6   +/-    0.5   4.5   4.6                           
54489      -27.4   +/-    0.5   4.5   4.6                           
54494      -29.3   +/-    0.5   4.5   4.6                           
54499      -32.2   +/-    0.5   4.6   4.6          NICT0802 CirT.242
54504      -30.0   +/-    0.5   4.6   4.6                           
54509      -26.3   +/-    0.5   4.6   4.6                           
54514      -21.8   +/-    0.5   4.6   4.6                           
54519      -20.6   +/-    0.5   4.6   4.6                           
54524      -15.8   +/-    0.5   4.6   4.6                           
54529      -14.1   +/-    0.5   4.5   4.5          NICT0803 CirT.243
54534       -9.3   +/-    0.5   4.5   4.5                           
54539       -7.1   +/-    0.5   4.5   4.5                           
54544       -3.7   +/-    0.5   4.5   4.5                           
54549       -4.1   +/-    0.5   4.5   4.5                           
54554        0.3   +/-    0.5   4.5   4.5                           
54559        1.8   +/-    0.5   4.5   4.5          NICT0804 CirT.244
54564        3.4   +/-    0.5   4.5   4.5                           
54569        3.7   +/-    0.5   4.5   4.5                           
54574        8.7   +/-    0.5   4.5   4.5                           
54579        8.4   +/-    0.5   4.5   4.5                           
54584        7.9   +/-    0.5   4.5   4.5                           
54589        8.1   +/-    0.5   4.5   4.5          NICT0805 CirT.245
54594        7.4   +/-    0.5   4.5   4.5                           
54599        9.6   +/-    0.5   4.5   4.5                           
54604       10.0   +/-    0.5   4.5   4.5                           
54609       11.8   +/-    0.5   4.5   4.5                           
54614       11.9   +/-    0.5   4.5   4.5                           
54619       15.1   +/-    0.5   4.5   4.5          NICT0806 CirT.246
54624       12.1   +/-    0.5   4.5   4.5                           
54629       16.4   +/-    0.5   4.5   4.5                           
54634       15.1   +/-    0.5   4.5   4.5                           
54639       15.9   +/-    0.5   4.5   4.5                           
54644       20.1   +/-    0.5   4.5   4.5                           
54649       21.7   +/-    0.5   4.5   4.6          NICT0807 CirT.247
54654       21.8   +/-    0.5   4.5   4.6                           
54659       23.3   +/-    0.5   4.5   4.6                           
54664       14.5   +/-    0.5   4.5   4.6                           
54669       11.2   +/-    0.5   4.5   4.6                           
54674       10.3   +/-    0.5   4.5   4.6                           
54679        9.9   +/-    0.7   4.5   4.6          NICT0808 CirT.248
54684        6.1   +/-    0.7   4.5   4.6                           
54689        4.1   +/-    0.7   4.5   4.6                           
54694       -1.3   +/-    0.7   4.5   4.6                           
54699       -3.8   +/-    0.7   4.5   4.6                           
54704       -6.0   +/-    0.7   4.5   4.6                           
54709       -6.0   +/-    0.7   4.5   4.6                           
54714       -7.4   +/-    0.7   4.6   4.6          NICT0809 CirT.249
54719       -6.9   +/-    0.7   4.6   4.6                           
54724       -8.2   +/-    0.7   4.6   4.6                           
54729       -6.7   +/-    0.7   4.6   4.6                           
54734       -3.9   +/-    0.7   4.6   4.6                           
54739       -1.9   +/-    0.7   4.6   4.6                           
54744        2.6   +/-    0.5   4.6   4.6          NICT0810 CirT.250
54749        2.8   +/-    0.5   4.6   4.6                           
54754        3.1   +/-    0.5   4.6   4.6                           
54759        8.0   +/-    0.5   4.6   4.6                           
54764        5.1   +/-    0.5   4.6   4.6                           
54769        4.0   +/-    0.5   4.6   4.6                           
54774        2.1   +/-    0.5   4.6   4.6          NICT0811 CirT.251
54779        0.8   +/-    0.5   4.6   4.6                           
54784        2.0   +/-    0.5   4.6   4.6                           
54789       -1.1   +/-    0.5   4.6   4.6                           
54794       -1.0   +/-    0.5   4.6   4.6                           
54799        0.3   +/-    0.5   4.6   4.6                           
54804        3.1   +/-    0.7   4.5   4.6          NICT0812 CirT.252
54809        1.6   +/-    0.7   4.5   4.6                           
54814        1.5   +/-    0.7   4.5   4.6                           
54819       -5.6   +/-    0.7   4.5   4.6                           
54824       -9.6   +/-    0.7   4.5   4.6                           
54829      -14.7   +/-    0.7   4.5   4.6                           
54834      -16.2   +/-    0.7   4.5   4.6          NICT0901 CirT.253
54839      -17.8   +/-    0.7   4.5   4.6                           
54844      -15.9   +/-    0.7   4.5   4.6                           
54849      -14.4   +/-    0.7   4.5   4.6                           
54854      -12.1   +/-    0.7   4.5   4.6                           
54859      -12.6   +/-    0.7   4.5   4.6                           
54864       -5.3   +/-    0.5   4.5   4.5          NICT0902 CirT.254
54869       -0.1   +/-    0.5   4.5   4.5                           
54874        5.1   +/-    0.5   4.5   4.5                           
54879        3.6   +/-    0.5   4.5   4.5                           
54884        4.8   +/-    0.5   4.5   4.5                           
54889        9.2   +/-    0.5   4.5   4.5                           
54894       10.1   +/-    0.5   4.5   4.5          NICT0903 CirT.255
54899        8.8   +/-    0.5   4.5   4.5                           
54904       13.3   +/-    0.5   4.5   4.5                           
54909       15.3   +/-    0.5   4.5   4.5                           
54914       15.1   +/-    0.5   4.5   4.5                           
54919       14.8   +/-    0.5   4.5   4.5                           
54924       17.5   +/-    0.5   4.5   4.6          NICT0904 CirT.256
54929       17.7   +/-    0.5   4.5   4.6                           
54934       18.4   +/-    0.5   4.5   4.6                           
54939       18.5   +/-    0.5   4.5   4.6                           
54944       15.1   +/-    0.5   4.5   4.6                           
54949       18.2   +/-    0.5   4.5   4.6                           
54954       17.2   +/-    0.5   4.5   4.6          NICT0905 CirT.257
54959       17.1   +/-    0.5   4.5   4.6                           
54964       15.9   +/-    0.5   4.5   4.6                           
54969       11.4   +/-    0.5   4.5   4.6                           
54974       15.7   +/-    0.5   4.5   4.6                           
54979       13.8   +/-    0.5   4.5   4.6                           
54984       14.5   +/-    0.6   4.5   4.5          NICT0906 CirT.258
54989       17.8   +/-    0.6   4.5   4.5                           
54994       15.7   +/-    0.6   4.5   4.5                           
54999       19.7   +/-    0.6   4.5   4.5                           
55004       14.5   +/-    0.6   4.5   4.5                           
55009       16.7   +/-    0.6   4.5   4.5                           
55014       14.3   +/-    0.7   4.5   4.6          NICT0907 CirT.259
55019       12.2   +/-    0.7   4.5   4.6                           
55024        8.5   +/-    0.7   4.5   4.6                           
55029        6.7   +/-    0.7   4.5   4.6                           
55034        4.6   +/-    0.7   4.5   4.6                           
55039        6.0   +/-    0.7   4.5   4.6                           
55044        4.4   +/-    0.7   4.6   4.7          NICT0908 CirT.260
55049        3.1   +/-    0.7   4.6   4.7                           
55054        2.9   +/-    0.7   4.6   4.7                           
55059        3.3   +/-    0.7   4.6   4.7                           
55064        3.6   +/-    0.7   4.6   4.7                           
55069        4.1   +/-    0.7   4.6   4.7                           
55074        5.3   +/-    0.7   4.6   4.7                           
55079        4.7   +/-    0.5   4.7   4.7          NICT0909 CirT.261
55084        9.3   +/-    0.5   4.7   4.7                           
55089       10.0   +/-    0.5   4.7   4.7                           
55094       12.8   +/-    0.5   4.7   4.7                           
55099        8.6   +/-    0.5   4.7   4.7                           
55104        8.2   +/-    0.5   4.7   4.7                           
55109        3.2   +/-    0.3   4.6   4.6          NICT0910 CirT.262
55114        0.5   +/-    0.3   4.6   4.6                           
55119       -0.2   +/-    0.3   4.6   4.6                           
55124       -2.7   +/-    0.3   4.6   4.6                           
55129       -2.6   +/-    0.3   4.6   4.6                           
55134       -2.8   +/-    0.3   4.6   4.6                           
55139       -2.6   +/-    0.3   4.6   4.7          NICT0911 CirT.263
55144        0.8   +/-    0.3   4.6   4.7                           
55149        0.2   +/-    0.3   4.6   4.7                           
55154        1.1   +/-    0.3   4.6   4.7                           
55159       -0.5   +/-    0.3   4.6   4.7                           
55164       -4.6   +/-    0.3   4.6   4.7                           
55169       -4.3   +/-    0.3   4.6   4.6          NICT0912 CirT.264
55174       -5.8   +/-    0.3   4.6   4.6                           
55179       -6.3   +/-    0.3   4.6   4.6                           
55184       -6.4   +/-    0.3   4.6   4.6                           
55189       -8.0   +/-    0.3   4.6   4.6                           
55194       -5.9   +/-    0.3   4.6   4.6                           
55199       -7.6   +/-    0.3   4.6   4.7          NICT1001 CirT.265
55204       -8.4   +/-    0.3   4.6   4.7                           
55209       -8.9   +/-    0.3   4.6   4.7                           
55214       -8.4   +/-    0.3   4.6   4.7                           
55219       -9.5   +/-    0.3   4.6   4.7                           
55224       -8.1   +/-    0.3   4.6   4.7                           
55229       -9.3   +/-    0.3   4.8   4.8          NICT1002 CirT.266
55234       -8.0   +/-    0.3   4.8   4.8                           
55239       -6.1   +/-    0.3   4.8   4.8                           
55244       -5.7   +/-    0.3   4.8   4.8                           
55249       -6.5   +/-    0.3   4.8   4.8                           
55254       -6.0   +/-    0.3   4.8   4.8                           
55259       -6.4   +/-    0.3   4.5   4.6          NICT1003 CirT.267
55264       -5.1   +/-    0.3   4.5   4.6                           
55269       -3.0   +/-    0.3   4.5   4.6                           
55274       -3.6   +/-    0.3   4.5   4.6                           
55279       -4.2   +/-    0.3   4.5   4.6                           
55284       -1.6   +/-    0.3   4.5   4.6                           
55289        0.1   +/-    0.3   4.5   4.5          NICT1004 CirT.268
55294        1.4   +/-    0.3   4.5   4.5                           
55299        1.1   +/-    0.3   4.5   4.5                           
55304       -0.6   +/-    0.3   4.5   4.5                           
55309       -0.7   +/-    0.3   4.5   4.5                           
55314        3.5   +/-    0.3   4.5   4.5                           
55319       -0.9   +/-    0.3   4.6   4.6          NICT1005 CirT.269
55324        0.3   +/-    0.3   4.6   4.6                           
55329        0.9   +/-    0.3   4.6   4.6                           
55334       -0.1   +/-    0.3   4.6   4.6                           
55339        1.3   +/-    0.3   4.6   4.6                           
55344        4.0   +/-    0.3   4.6   4.6                           
55349        7.8   +/-    0.3   4.7   4.7          NICT1006 CirT.270
55354        8.4   +/-    0.3   4.7   4.7                           
55359        9.7   +/-    0.3   4.7   4.7                           
55364       11.4   +/-    0.3   4.7   4.7                           
55369       14.0   +/-    0.3   4.7   4.7                           
55374       16.3   +/-    0.3   4.7   4.7                           
55379       18.2   +/-    0.3   4.6   4.6          NICT1007 CirT.271
55384       19.6   +/-    0.3   4.6   4.6                           
55389       20.0   +/-    0.3   4.6   4.6                           
55394       21.3   +/-    0.3   4.6   4.6                           
55399       23.4   +/-    0.3   4.6   4.6                           
55404       20.9   +/-    0.3   4.6   4.6                           
55409       19.2   +/-    0.3   4.6   4.6          NICT1008 CirT.272
55414       17.3   +/-    0.3   4.6   4.6                           
55419       15.2   +/-    0.3   4.6   4.6                           
55424       15.4   +/-    0.3   4.6   4.6                           
55429       11.7   +/-    0.3   4.6   4.6                           
55434        9.7   +/-    0.3   4.6   4.6                           
55439        9.2   +/-    0.3   4.6   4.6                           
55444        7.6   +/-    0.3   4.6   4.6          NICT1009 CirT.273
55449        7.8   +/-    0.3   4.6   4.6                           
55454        6.2   +/-    0.3   4.6   4.6                           
55459        6.6   +/-    0.3   4.6   4.6                           
55464        7.6   +/-    0.3   4.6   4.6                           
55469        7.9   +/-    0.3   4.6   4.6                           
55474        9.2   +/-    0.3   4.6   4.6          NICT1010 CirT.274
55479        9.5   +/-    0.3   4.6   4.6                           
55484       11.3   +/-    0.3   4.6   4.6                           
55489        9.3   +/-    0.3   4.6   4.6                           
55494       10.5   +/-    0.3   4.6   4.6                           
55499       10.8   +/-    0.3   4.6   4.6                           
55504       11.0   +/-    0.3   4.7   4.7          NICT1011 CirT.275
55509       14.3   +/-    0.3   4.7   4.7                           
55514       16.7   +/-    0.3   4.7   4.7                           
55519       18.8   +/-    0.3   4.7   4.7                           
55524       19.9   +/-    0.3   4.7   4.7                           
55529       21.4   +/-    0.3   4.7   4.7                           
55534       21.5   +/-    0.3   4.8   4.8          NICT1012 CirT.276
55539       19.8   +/-    0.3   4.8   4.8                           
55544       19.9   +/-    0.3   4.8   4.8                           
55549       20.8   +/-    0.3   4.8   4.8                           
55554       19.2   +/-    0.3   4.8   4.8                           
55559       18.4   +/-    0.3   4.8   4.8                           
55564       16.5   +/-    0.3   4.8   4.8          NICT1101 CirT.277
55569       13.0   +/-    0.3   4.8   4.8                           
55574       12.3   +/-    0.3   4.8   4.8                           
55579       12.0   +/-    0.3   4.8   4.8                           
55584       10.5   +/-    0.3   4.8   4.8                           
55589        9.4   +/-    0.3   4.8   4.8                           
55594        8.9   +/-    0.3   4.8   4.8          NICT1102 CirT.278
55599        7.5   +/-    0.3   4.8   4.8                           
55604        6.3   +/-    0.3   4.8   4.8                           
55609        3.6   +/-    0.3   4.8   4.8                           
55614        3.0   +/-    0.3   4.8   4.8                           
55619        3.2   +/-    0.3   4.8   4.8                           
55624        2.7   +/-    0.3   4.8   4.8          NICT1103 CirT.279
55629        1.5   +/-    0.3   4.8   4.8                           
55634        2.8   +/-    0.3   4.8   4.8                           
55639        3.7   +/-    0.3   4.8   4.8                           
55644        3.7   +/-    0.3   4.8   4.8                           
55649        5.5   +/-    0.3   4.8   4.8                           
55654        4.1   +/-    0.3   4.8   4.8          NICT1104 CirT.280
55659        3.4   +/-    0.3   4.8   4.8                           
55664        2.6   +/-    0.3   4.8   4.8                           
55669        0.7   +/-    0.3   4.8   4.8                           
55674       -1.5   +/-    0.3   4.8   4.8                           
55679       -3.3   +/-    0.3   4.8   4.8                           
55684       -3.5   +/-    0.3   4.7   4.7          NICT1105 CirT.281
55689       -5.4   +/-    0.3   4.7   4.7                           
55694       -7.6   +/-    0.3   4.7   4.7                           
55699       -8.3   +/-    0.3   4.7   4.7                           
55704       -7.6   +/-    0.3   4.7   4.7                           
55709       -9.6   +/-    0.3   4.7   4.7                           
55714       -9.8   +/-    0.3   4.7   4.7          NICT1106 CirT.282
55719       -9.4   +/-    0.3   4.7   4.7                           
55724       -9.8   +/-    0.3   4.7   4.7                           
55729       -8.3   +/-    0.3   4.7   4.7                           
55734       -5.7   +/-    0.3   4.7   4.7                           
55739       -4.8   +/-    0.3   4.7   4.7                           
55744       -2.8   +/-    0.3   4.7   4.7          NICT1107 CirT.283
55749       -1.8   +/-    0.3   4.7   4.7                           
55754       -0.7   +/-    0.3   4.7   4.7                           
55759        1.9   +/-    0.3   4.7   4.7                           
55764        4.7   +/-    0.3   4.7   4.7                           
55769        6.8   +/-    0.3   4.7   4.7                           
55774        9.6   +/-    0.3   4.7   4.7          NICT1108 CirT.284
55779       10.7   +/-    0.3   4.7   4.7                           
55784        8.9   +/-    0.3   4.7   4.7                           
55789       10.8   +/-    0.3   4.7   4.7                           
55794       11.3   +/-    0.3   4.7   4.7                           
55799       11.6   +/-    0.3   4.7   4.7                           
55804       13.6   +/-    0.3   4.7   4.7                           
55809       18.0   +/-    0.3   4.7   4.7          NICT1109 CirT.285
55814       17.9   +/-    0.3   4.7   4.7                           
55819       19.1   +/-    0.3   4.7   4.7                           
55824       19.2   +/-    0.3   4.7   4.7                           
55829       18.9   +/-    0.3   4.7   4.7                           
55834       19.0   +/-    0.3   4.7   4.7                           
55839       18.5   +/-    0.3   4.7   4.7          NICT1110 CirT.286
55844       18.5   +/-    0.3   4.7   4.7                           
55849       19.2   +/-    0.3   4.7   4.7                           
55854       21.1   +/-    0.3   4.7   4.7                           
55859       22.7   +/-    0.3   4.7   4.7                           
55864       21.8   +/-    0.3   4.7   4.7                           
55869       20.5   +/-    0.3   4.7   4.7          NICT1111 CirT.287
55874       24.0   +/-    0.3   4.7   4.7                           
55879       24.3   +/-    0.3   4.7   4.7                           
55884       23.4   +/-    0.3   4.7   4.7                           
55889       21.0   +/-    0.3   4.7   4.7                           
55894       19.0   +/-    0.3   4.7   4.7                           
55899       15.9   +/-    0.3   4.7   4.7          NICT1112 CirT.288
55904       13.3   +/-    0.3   4.7   4.7                           
55909       15.9   +/-    0.3   4.7   4.7                           
55914       13.5   +/-    0.3   4.7   4.7                           
55919       12.4   +/-    0.3   4.7   4.7                           
55924       10.6   +/-    0.3   4.7   4.7                           
55929        8.2   +/-    0.3   4.7   4.7          NICT1201 CirT.289
55934        6.9   +/-    0.3   4.7   4.7                           
55939        5.0   +/-    0.3   4.7   4.7                           
55944        3.3   +/-    0.3   4.7   4.7                           
55949       -0.1   +/-    0.3   4.7   4.7                           
55954       -2.2   +/-    0.3   4.7   4.7                           
55959       -0.8   +/-    0.3   4.7   4.7          NICT1202 CirT.290
55964       -0.7   +/-    0.3   4.7   4.7                           
55969       -1.1   +/-    0.3   4.7   4.7                           
55974       -1.5   +/-    0.3   4.7   4.7                           
55979       -2.6   +/-    0.3   4.7   4.7                           
55984       -0.1   +/-    0.3   4.7   4.7                           
55989        0.6   +/-    0.3   4.7   4.7          NICT1203 CirT.291
55994        1.1   +/-    0.3   4.7   4.7                           
55999        3.0   +/-    0.3   4.7   4.7                           
56004        4.9   +/-    0.3   4.7   4.7                           
56009        6.4   +/-    0.3   4.7   4.7                           
56014        8.6   +/-    0.3   4.7   4.7                           
56019       13.4   +/-    0.3   4.8   4.8          NICT1204 CirT.292
56024       14.0   +/-    0.3   4.8   4.8                           
56029       13.8   +/-    0.3   4.8   4.8                           
56034       13.4   +/-    0.3   4.8   4.8                           
56039       13.7   +/-    0.3   4.8   4.8                           
56044       15.6   +/-    0.3   4.8   4.8                           
56049       16.8   +/-    0.3   4.8   4.8          NICT1205 CirT.293
56054       16.5   +/-    0.3   4.8   4.8                           
56059       15.6   +/-    0.3   4.8   4.8                           
56064       17.8   +/-    0.3   4.8   4.8                           
56069       15.9   +/-    0.3   4.8   4.8                           
56074       14.2   +/-    0.3   4.8   4.8                           
56079       12.8   +/-    0.3   4.7   4.7          NICT1206 CirT.294
56084       10.4   +/-    0.3   4.7   4.7                           
56089       11.5   +/-    0.3   4.7   4.7                           
56094        9.6   +/-    0.3   4.7   4.7                           
56099        7.5   +/-    0.3   4.7   4.7                           
56104        6.1   +/-    0.3   4.7   4.7                           
56109        3.7   +/-    0.3   4.7   4.7          NICT1207 CirT.295
56114        2.2   +/-    0.3   4.7   4.7                           
56119        1.6   +/-    0.3   4.7   4.7                           
56124       -0.5   +/-    0.3   4.7   4.7                           
56129       -1.8   +/-    0.3   4.7   4.7                           
56134       -1.6   +/-    0.3   4.7   4.7                           
56139        0.2   +/-    0.3   4.7   4.7                           
56144        1.3   +/-    0.3   4.6   4.7          NICT1208 CirT.296
56149        3.8   +/-    0.3   4.6   4.7                           
56154        5.8   +/-    0.3   4.6   4.7                           
56159        6.8   +/-    0.3   4.6   4.7                           
56164        9.1   +/-    0.3   4.6   4.7                           
56169       11.3   +/-    0.3   4.6   4.7                           
56174       10.9   +/-    0.3   4.6   4.6          NICT1209 CirT.297
56179       11.3   +/-    0.3   4.6   4.6                           
56184       13.2   +/-    0.3   4.6   4.6                           
56189       16.1   +/-    0.3   4.6   4.6                           
56194       16.6   +/-    0.3   4.6   4.6                           
56199       18.1   +/-    0.3   4.6   4.6                           
56204       19.7   +/-    0.3   4.6   4.6          NICT1210 CirT.298
56209       19.7   +/-    0.3   4.6   4.6                           
56214       19.7   +/-    0.3   4.6   4.6                           
56219       19.5   +/-    0.3   4.6   4.6                           
56224       18.1   +/-    0.3   4.6   4.6                           
56229       18.0   +/-    0.3   4.6   4.6                           
56234       16.3   +/-    0.3   4.6   4.6          NICT1211 CirT.299
56239       14.4   +/-    0.3   4.6   4.6                           
56244       13.9   +/-    0.3   4.6   4.6                           
56249       12.4   +/-    0.3   4.6   4.6                           
56254       10.1   +/-    0.3   4.6   4.6                           
56259        7.8   +/-    0.3   4.6   4.6                           
56264        2.9   +/-    0.3   4.6   4.7          NICT1212 CirT.300
56269        0.7   +/-    0.3   4.6   4.7                           
56274        1.4   +/-    0.3   4.6   4.7                           
56279        0.3   +/-    0.3   4.6   4.7                           
56284       -0.7   +/-    0.3   4.6   4.7                           
56289       -4.0   +/-    0.3   4.6   4.7                           
56294       -5.6   +/-    0.3   4.7   4.7          NICT1301 CirT.301
56299       -5.1   +/-    0.3   4.7   4.7                           
56304       -5.7   +/-    0.3   4.7   4.7                           
56309       -8.6   +/-    0.3   4.7   4.7                           
56314      -12.2   +/-    0.3   4.7   4.7                           
56319      -12.4   +/-    0.3   4.7   4.7                           
56324      -11.4   +/-    0.3   4.7   4.7          NICT1302 CirT.302
56329      -10.5   +/-    0.3   4.7   4.7                           
56334       -9.0   +/-    0.3   4.7   4.7                           
56339      -10.0   +/-    0.3   4.7   4.7                           
56344      -13.2   +/-    0.3   4.7   4.7                           
56349      -15.0   +/-    0.3   4.7   4.7                           
56354      -17.1   +/-    0.3   4.7   4.7          NICT1303 CirT.303
56359      -18.1   +/-    0.3   4.7   4.7                           
56364      -17.5   +/-    0.3   4.7   4.7                           
56369      -15.4   +/-    0.3   4.7   4.7                           
56374      -13.8   +/-    0.3   4.7   4.7                           
56379      -12.1   +/-    0.3   4.7   4.7                           
56384      -10.8   +/-    0.3   4.7   4.7          NICT1304 CirT.304
56389      -11.0   +/-    0.3   4.7   4.7                           
56394      -11.4   +/-    0.3   4.7   4.7                           
56399       -9.4   +/-    0.3   4.7   4.7                           
56404       -7.9   +/-    0.3   4.7   4.7                           
56409       -7.9   +/-    0.3   4.7   4.7                           
56414       -8.1   +/-    0.3   4.7   4.7          NICT1305 CirT.305
56419       -7.4   +/-    0.3   4.7   4.7                           
56424       -7.6   +/-    0.3   4.7   4.7                           
56429       -4.5   +/-    0.3   4.7   4.7                           
56434       -3.3   +/-    0.3   4.7   4.7                           
56439       -2.6   +/-    0.3   4.7   4.7                           
56444       -5.1   +/-    0.3   4.7   4.7          NICT1306 CirT.306
56449       -5.1   +/-    0.3   4.7   4.7                           
56454       -2.7   +/-    0.3   4.7   4.7                           
56459       -1.1   +/-    0.3   4.7   4.7                           
56464       -0.4   +/-    0.3   4.7   4.7                           
56469        0.1   +/-    0.3   4.7   4.7                           
56474        0.0   +/-    0.3   4.7   4.7          NICT1307 CirT.307
56479       -2.4   +/-    0.3   4.7   4.7                           
56484       -2.0   +/-    0.3   4.7   4.7                           
56489       -0.6   +/-    0.3   4.7   4.7                           
56494        1.4   +/-    0.3   4.7   4.7                           
56499        1.0   +/-    0.3   4.7   4.7                           
56504        0.4   +/-    0.3   4.7   4.7                           
56509        0.2   +/-    0.3   4.6   4.6          NICT1308 CirT.308
56514        1.6   +/-    0.3   4.6   4.6                           
56519        1.9   +/-    0.3   4.6   4.6                           
56524        2.3   +/-    0.3   4.6   4.6                           
56529        2.2   +/-    0.3   4.6   4.6                           
56534        3.8   +/-    0.3   4.6   4.6                           
56539        5.1   +/-    0.3   4.7   4.7          NICT1309 CirT.309
56544        6.2   +/-    0.3   4.7   4.7                           
56549        7.0   +/-    0.3   4.7   4.7                           
56554        9.5   +/-    0.3   4.7   4.7                           
56559       11.4   +/-    0.3   4.7   4.7                           
56564       13.7   +/-    0.3   4.7   4.7                           
56569       14.6   +/-    0.3   4.7   4.8          NICT1310 CirT.310
56574       12.5   +/-    0.3   4.7   4.8                           
56579       11.7   +/-    0.3   4.7   4.8                           
56584       13.2   +/-    0.3   4.7   4.8                           
56589       13.1   +/-    0.3   4.7   4.8                           
56594       13.7   +/-    0.3   4.7   4.8                           
56599       11.2   +/-    0.3   4.8   4.8          NICT1311 CirT.311
56604        9.0   +/-    0.3   4.8   4.8                           
56609        8.8   +/-    0.3   4.8   4.8                           
56614        8.7   +/-    0.3   4.8   4.8                           
56619        7.7   +/-    0.3   4.8   4.8                           
56624        7.3   +/-    0.3   4.8   4.8                           
56629        8.3   +/-    0.3   4.8   4.8          NICT1312 CirT.312
56634       10.0   +/-    0.3   4.8   4.8                           
56639       11.9   +/-    0.3   4.8   4.8                           
56644       12.2   +/-    0.3   4.8   4.8                           
56649       10.9   +/-    0.3   4.8   4.8                           
56654        6.6   +/-    0.3   4.8   4.8                           
56659        3.1   +/-    0.3   4.9   4.9          NICT1401 CirT.313
56664        1.8   +/-    0.3   4.9   4.9                           
56669        2.8   +/-    0.3   4.9   4.9                           
56674        3.3   +/-    0.3   4.9   4.9                           
56679        1.5   +/-    0.3   4.9   4.9                           
56684       -1.0   +/-    0.3   4.9   4.9                           
56689       -1.7   +/-    0.3   4.9   4.9          NICT1402 CirT.314
56694       -1.1   +/-    0.3   4.9   4.9                           
56699        0.8   +/-    0.3   4.9   4.9                           
56704        0.3   +/-    0.3   4.9   4.9                           
56709       -1.1   +/-    0.3   4.9   4.9                           
56714       -1.7   +/-    0.3   4.9   4.9                           
56719       -3.1   +/-    0.3   4.9   4.9          NICT1403 CirT.315
56724       -3.4   +/-    0.3   4.9   4.9                           
56729       -4.8   +/-    0.3   4.9   4.9                           
56734       -6.6   +/-    0.3   4.9   4.9                           
56739       -6.7   +/-    0.3   4.9   4.9                           
56744       -6.7   +/-    0.3   4.9   4.9                           
56749       -5.7   +/-    0.3   5.0   5.0          NICT1404 CirT.316
56754       -4.8   +/-    0.3   5.0   5.0                           
56759       -3.9   +/-    0.3   5.0   5.0                           
56764       -4.6   +/-    0.3   5.0   5.0                           
56769       -5.9   +/-    0.3   5.0   5.0                           
56774       -6.6   +/-    0.3   5.0   5.0                           
56779       -9.3   +/-    0.3   5.0   5.0          NICT1405 CirT.317
56784      -11.2   +/-    0.3   5.0   5.0                           
56789      -10.6   +/-    0.3   5.0   5.0                           
56794       -8.1   +/-    0.3   5.0   5.0                           
56799       -8.8   +/-    0.3   5.0   5.0                           
56804      -11.8   +/-    0.3   5.0   5.0                           
56809      -14.5   +/-    0.3   5.0   5.0          NICT1406 CirT.318
56814      -14.6   +/-    0.3   5.0   5.0                           
56819      -14.9   +/-    0.3   5.0   5.0                           
56824      -16.7   +/-    0.3   5.0   5.0                           
56829      -14.7   +/-    0.3   5.0   5.0                           
56834      -12.8   +/-    0.3   5.0   5.0                           
56839      -14.4   +/-    0.3   5.0   5.0          NICT1407 CirT.319
56844      -15.0   +/-    0.3   5.0   5.0                           
56849      -15.4   +/-    0.3   5.0   5.0                           
56854      -15.4   +/-    0.3   5.0   5.0                           
56859      -15.7   +/-    0.3   5.0   5.0                           
56864      -13.8   +/-    0.3   5.0   5.0                           
56869      -10.1   +/-    0.3   5.0   5.0                           
56874       -7.3   +/-    0.3   4.9   4.9          NICT1408 CirT.320
56879       -6.5   +/-    0.3   4.9   4.9                           
56884       -6.8   +/-    0.3   4.9   4.9                           
56889       -6.2   +/-    0.3   4.9   4.9                           
56894       -3.9   +/-    0.3   4.9   4.9                           
56899       -0.1   +/-    0.3   4.9   4.9                           
56904        2.7   +/-    0.3   4.9   4.9          NICT1409 CirT.321
56909        2.3   +/-    0.3   4.9   4.9                           
56914        4.2   +/-    0.3   4.9   4.9                           
56919        6.2   +/-    0.3   4.9   4.9                           
56924        6.6   +/-    0.3   4.9   4.9                           
56929        7.0   +/-    0.3   4.9   4.9                           
56934       10.0   +/-    0.3   4.6   4.6          NICT1410 CirT.322
56939       12.5   +/-    0.3   4.6   4.6                           
56944       14.9   +/-    0.3   4.6   4.6                           
56949       17.1   +/-    0.3   4.6   4.6                           
56954       18.4   +/-    0.3   4.6   4.6                           
56959       18.5   +/-    0.3   4.6   4.6                           
56964       18.7   +/-    0.3   4.6   4.6          NICT1411 CirT.323
56969       18.5   +/-    0.3   4.6   4.6                           
56974       17.7   +/-    0.3   4.6   4.6                           
56979       18.4   +/-    0.3   4.6   4.6                           
56984       19.8   +/-    0.3   4.6   4.6                           
56989       19.3   +/-    0.3   4.6   4.6                           
56994       15.2   +/-    0.3   4.7   4.7          NICT1412 CirT.324
56999       15.3   +/-    0.3   4.7   4.7                           
57004       14.5   +/-    0.3   4.7   4.7                           
57009       12.1   +/-    0.3   4.7   4.7                           
57014       10.0   +/-    0.3   4.7   4.7                           
57019        8.1   +/-    0.3   4.7   4.7                           
57024        5.2   +/-    0.3   4.7   4.7          NICT1501 CirT.325
57029        2.0   +/-    0.3   4.7   4.7                           
57034       -0.9   +/-    0.3   4.7   4.7                           
57039       -2.9   +/-    0.3   4.7   4.7                           
57044       -3.2   +/-    0.3   4.7   4.7                           
57049       -4.7   +/-    0.3   4.7   4.7                           
57054       -6.1   +/-    0.3   4.7   4.7          NICT1502 CirT.326
57059       -7.1   +/-    0.3   4.7   4.7                           
57064       -9.3   +/-    0.3   4.7   4.7                           
57069      -13.8   +/-    0.3   4.7   4.7                           
57074      -17.3   +/-    0.3   4.7   4.7                           
57079      -16.0   +/-    0.3   4.7   4.7                           
57084      -14.1   +/-    0.3   4.7   4.7          NICT1503 CirT.327
57089      -14.0   +/-    0.3   4.7   4.7                           
57094      -15.8   +/-    0.3   4.7   4.7                           
57099      -14.2   +/-    0.3   4.7   4.7                           
57104      -12.5   +/-    0.3   4.7   4.7                           
57109      -12.2   +/-    0.3   4.7   4.7                           
57114      -11.8   +/-    0.3   4.7   4.7          NICT1504 CirT.328
57119      -12.2   +/-    0.3   4.7   4.7                           
57124      -12.4   +/-    0.3   4.7   4.7                           
57129      -10.6   +/-    0.3   4.7   4.7                           
57134      -11.8   +/-    0.3   4.7   4.7                           
57139      -12.9   +/-    0.3   4.7   4.7                           
57144      -14.5   +/-    0.3   4.7   4.7          NICT1505 CirT.329
57149      -15.5   +/-    0.3   4.7   4.7                           
57154      -14.8   +/-    0.3   4.7   4.7                           
57159      -13.3   +/-    0.3   4.7   4.7                           
57164      -11.3   +/-    0.3   4.7   4.7                           
57169       -9.5   +/-    0.3   4.7   4.7                           
57174       -8.7   +/-    0.3   4.7   4.8          NICT1506 CirT.330
57179       -6.9   +/-    0.3   4.7   4.8                           
57184       -5.2   +/-    0.3   4.7   4.8                           
57189       -3.5   +/-    0.3   4.7   4.8                           
57194       -1.8   +/-    0.3   4.7   4.8                           
57199        0.7   +/-    0.3   4.7   4.8                           
57204        5.0   +/-    0.3   4.8   4.8          NICT1507 CirT.331
57209        7.8   +/-    0.3   4.8   4.8                           
57214       10.2   +/-    0.3   4.8   4.8                           
57219       11.3   +/-    0.3   4.8   4.8                           
57224       10.6   +/-    0.3   4.8   4.8                           
57229       10.9   +/-    0.3   4.8   4.8                           
57234       11.4   +/-    0.3   4.8   4.8                           
57239       11.4   +/-    0.3   4.8   4.8          NICT1508 CirT.332
57244       13.0   +/-    0.3   4.8   4.8                           
57249       15.1   +/-    0.3   4.8   4.8                           
57254       16.1   +/-    0.3   4.8   4.8                           
57259       15.9   +/-    0.3   4.8   4.8                           
57264       14.2   +/-    0.3   4.8   4.8                           
57269       14.5   +/-    0.3   1.7   1.8          NICT1509 CirT.333
57274       15.4   +/-    0.3   1.7   1.8                           
57279       15.6   +/-    0.3   1.7   1.8                           
57284       16.7   +/-    0.3   1.7   1.8                           
57289       15.7   +/-    0.3   1.7   1.8                           
57294       14.5   +/-    0.3   1.7   1.8                           
57299       14.9   +/-    0.3   1.7   1.8          NICT1510 CirT.334
57304       15.7   +/-    0.3   1.7   1.8                           
57309       17.4   +/-    0.3   1.7   1.8                           
57314       17.4   +/-    0.3   1.7   1.8                           
57319       17.3   +/-    0.3   1.7   1.8                           
57324       17.5   +/-    0.3   1.7   1.8                           
57329       19.1   +/-    0.3   1.8   1.8          NICT1511 CirT.335
57334       19.4   +/-    0.3   1.8   1.8                           
57339       19.0   +/-    0.3   1.8   1.8                           
57344       19.2   +/-    0.3   1.8   1.8                           
57349       20.7   +/-    0.3   1.8   1.8                           
57354       19.6   +/-    0.3   1.8   1.8                           
57359       17.9   +/-    0.3   1.8   1.8          NICT1512 CirT.336
57364       16.0   +/-    0.3   1.8   1.8                           
57369       15.4   +/-    0.3   1.8   1.8                           
57374       14.6   +/-    0.3   1.8   1.8                           
57379       14.6   +/-    0.3   1.8   1.8                           
57384       14.6   +/-    0.3   1.8   1.8                           
57389       16.4   +/-    0.3   2.1   2.1          NICT1601 CirT.337
57394       15.6   +/-    0.3   2.1   2.1                           
57399       14.3   +/-    0.3   2.1   2.1                           
57404       11.7   +/-    0.3   2.1   2.1                           
57409       10.5   +/-    0.3   2.1   2.1                           
57414       10.2   +/-    0.3   2.1   2.1                           
57419       11.6   +/-    0.3   2.2   2.2          NICT1602 CirT.338
57424       12.4   +/-    0.3   2.2   2.2                           
57429       11.0   +/-    0.3   2.2   2.2                           
57434       12.0   +/-    0.3   2.2   2.2                           
57439       11.6   +/-    0.3   2.2   2.2                           
57444       10.0   +/-    0.3   2.2   2.2                           
57449        9.7   +/-    0.3   2.2   2.2          NICT1603 CirT.339
57454        8.3   +/-    0.3   2.2   2.2                           
57459        5.2   +/-    0.3   2.2   2.2                           
57464        4.3   +/-    0.3   2.2   2.2                           
57469        3.0   +/-    0.3   2.2   2.2                           
57474        1.9   +/-    0.3   2.2   2.2                           
57479        2.7   +/-    0.3   2.2   2.2          NICT1604 CirT.340
57484        5.7   +/-    0.3   2.2   2.2                           
57489        6.4   +/-    0.3   2.2   2.2                           
57494        8.9   +/-    0.3   2.2   2.2                           
57499        9.8   +/-    0.3   2.2   2.2                           
57504       11.3   +/-    0.3   2.2   2.2                           
57509       11.6   +/-    0.3   2.2   2.2          NICT1605 CirT.341
57514        9.9   +/-    0.3   2.2   2.2                           
57519        8.3   +/-    0.3   2.2   2.2                           
57524        8.8   +/-    0.3   2.2   2.2                           
57529        8.0   +/-    0.3   2.2   2.2                           
57534        7.5   +/-    0.3   2.2   2.2                           
57539        6.2   +/-    0.3   2.2   2.2                           
57544        5.4   +/-    0.3   2.4   2.4          NICT1606 CirT.342
57549        5.1   +/-    0.3   2.4   2.4                           
57554        5.3   +/-    0.3   2.4   2.4                           
57559        6.6   +/-    0.3   2.4   2.4                           
57564        6.9   +/-    0.3   2.4   2.4                           
57569        6.9   +/-    0.3   2.4   2.4                           
57574        5.9   +/-    0.3   2.4   2.4          NICT1607 CirT.343
57579        4.8   +/-    0.3   2.4   2.4                           
57584        6.4   +/-    0.3   2.4   2.4                           
57589        6.9   +/-    0.3   2.4   2.4                           
57594        6.2   +/-    0.3   2.4   2.4                           
57599        5.6   +/-    0.3   2.4   2.4                           
57604        4.3   +/-    0.3   2.3   2.4          NICT1608 CirT.344
57609        4.4   +/-    0.3   2.3   2.4                           
57614        3.9   +/-    0.3   2.3   2.4                           
57619        4.2   +/-    0.3   2.3   2.4                           
57624        4.5   +/-    0.3   2.3   2.4                           
57629        5.5   +/-    0.3   2.3   2.4                           
57634        4.8   +/-    0.3   2.1   2.1          NICT1609 CirT.345
57639        3.7   +/-    0.3   2.1   2.1                           
57644        3.0   +/-    0.3   2.1   2.1                           
57649       -2.0   +/-    0.3   2.1   2.1                           
57654       -0.5   +/-    0.3   2.1   2.1                           
57659       -0.4   +/-    0.3   2.1   2.1                           
57664        0.0   +/-    0.3   2.1   2.1          NICT1610 CirT.346
57669        0.0   +/-    0.3   2.1   2.1                           
57674        1.3   +/-    0.3   2.1   2.1                           
57679        2.0   +/-    0.3   2.1   2.1                           
57684        2.7   +/-    0.3   2.1   2.1                           
57689        4.2   +/-    0.3   2.1   2.1                           
57694        5.9   +/-    0.3   2.1   2.2          NICT1611 CirT.347
57699        7.6   +/-    0.3   2.1   2.2                           
57704        9.4   +/-    0.3   2.1   2.2                           
57709       12.8   +/-    0.3   2.1   2.2                           
57714       14.2   +/-    0.3   2.1   2.2                           
57719       12.6   +/-    0.3   2.1   2.2                           
57724       12.2   +/-    0.3   2.1   2.1          NICT1612 CirT.348
57729       11.6   +/-    0.3   2.1   2.1                           
57734       10.4   +/-    0.3   2.1   2.1                           
57739        9.7   +/-    0.3   2.1   2.1                           
57744        9.6   +/-    0.3   2.1   2.1                           
57749        9.9   +/-    0.3   2.1   2.1                           
57754       11.9   +/-    0.3   2.1   2.1          NICT1701 CirT.349
57759       11.3   +/-    0.3   2.1   2.1                           
57764        9.8   +/-    0.3   2.1   2.1                           
57769       10.1   +/-    0.3   2.1   2.1                           
57774       10.5   +/-    0.3   2.1   2.1                           
57779       12.6   +/-    0.3   2.1   2.1                           
57784       11.4   +/-    0.3   2.1   2.1                           
57789        9.6   +/-    0.3   1.9   1.9          NICT1702 CirT.350
57794        8.3   +/-    0.3   1.9   1.9                           
57799        6.4   +/-    0.3   1.9   1.9                           
57804        4.8   +/-    0.3   1.9   1.9                           
57809        4.3   +/-    0.3   1.9   1.9                           
57814        4.2   +/-    0.3   1.8   1.9          NICT1703 CirT.351
57819        4.7   +/-    0.3   1.8   1.9                           
57824        6.3   +/-    0.3   1.8   1.9                           
57829        8.9   +/-    0.3   1.8   1.9                           
57834       11.7   +/-    0.3   1.8   1.9                           
57839       11.8   +/-    0.3   1.8   1.9                           
57844       10.4   +/-    0.3   1.8   1.9          NICT1704 CirT.352
57849       10.3   +/-    0.3   1.8   1.9                           
57854       10.0   +/-    0.3   1.8   1.9                           
57859       12.8   +/-    0.3   1.8   1.9                           
57864       14.8   +/-    0.3   1.8   1.9                           
57869       13.2   +/-    0.3   1.8   1.9                           
57874        8.6   +/-    0.4   1.9   1.9          NICT1705 CirT.353
57879        6.4   +/-    0.4   1.9   1.9                           
57884        4.3   +/-    0.4   1.9   1.9                           
57889        3.3   +/-    0.4   1.9   1.9                           
57894        2.3   +/-    0.4   1.9   1.9                           
57899       -2.0   +/-    0.4   1.9   1.9                           
57904       -4.0   +/-    0.4   1.9   1.9                           
57909       -4.1   +/-    0.4   1.9   1.9          NICT1706 CirT.354
57914       -5.2   +/-    0.4   1.9   1.9                           
57919       -6.0   +/-    0.4   1.9   1.9                           
57924       -7.5   +/-    0.4   1.9   1.9                           
57929       -8.6   +/-    0.4   1.9   1.9                           
57934      -10.7   +/-    0.4   1.9   1.9                           
57939      -12.2   +/-    0.3   1.9   1.9          NICT1707 CirT.355
57944      -13.4   +/-    0.3   1.9   1.9                           
57949      -14.5   +/-    0.3   1.9   1.9                           
57954      -14.5   +/-    0.3   1.9   1.9                           
57959      -14.0   +/-    0.3   1.9   1.9                           
57964      -12.8   +/-    0.3   1.9   1.9                           
57969      -12.9   +/-    0.4   2.2   2.3          NICT1708 CirT.356
57974      -12.7   +/-    0.4   2.2   2.3                           
57979      -10.0   +/-    0.4   2.2   2.3                           
57984       -8.3   +/-    0.4   2.2   2.3                           
57989       -7.4   +/-    0.4   2.2   2.3                           
57994       -5.7   +/-    0.4   2.2   2.3                           
57999       -5.8   +/-    0.4   2.2   2.3          NICT1709 CirT.357
58004       -7.5   +/-    0.4   2.2   2.3                           
58009       -6.9   +/-    0.4   2.2   2.3                           
58014       -5.9   +/-    0.4   2.2   2.3                           
58019       -4.2   +/-    0.4   2.2   2.3                           
58024       -1.9   +/-    0.4   2.2   2.3                           
58029        0.5   +/-    0.4   2.2   2.2          NICT1710 CirT.358
58034        3.1   +/-    0.4   2.2   2.2                           
58039        6.3   +/-    0.4   2.2   2.2                           
58044        8.4   +/-    0.4   2.2   2.2                           
58049       10.4   +/-    0.4   2.2   2.2                           
58054       13.7   +/-    0.4   2.2   2.2                           
58059       15.8   +/-    0.4   2.2   2.3          NICT1711 CirT.359
58064       18.8   +/-    0.4   2.2   2.3                           
58069       22.7   +/-    0.4   2.2   2.3                           
58074       24.1   +/-    0.4   2.2   2.3                           
58079       22.6   +/-    0.4   2.2   2.3                           
58084       22.1   +/-    0.4   2.2   2.3                           
58089       23.1   +/-    0.4   2.3   2.3          NICT1712 CirT.360
58094       23.6   +/-    0.4   2.3   2.3                           
58099       24.0   +/-    0.4   2.3   2.3                           
58104       24.5   +/-    0.4   2.3   2.3                           
58109       22.4   +/-    0.4   2.3   2.3                           
58114       21.5   +/-    0.4   2.3   2.3                           
58119       20.3   +/-    0.4   2.3   2.3          NICT1801 CirT.361
58124       21.4   +/-    0.4   2.3   2.3                           
58129       22.0   +/-    0.4   2.3   2.3                           
58134       19.2   +/-    0.4   2.3   2.3                           
58139       15.3   +/-    0.4   2.3   2.3                           
58144       14.3   +/-    0.4   2.3   2.3                           
58149       16.1   +/-    0.4   2.3   2.3                           
58154       16.0   +/-    0.4   2.4   2.4          NICT1802 CirT.362
58159       14.9   +/-    0.4   2.4   2.4                           
58164       14.5   +/-    0.4   2.4   2.4                           
58169       15.4   +/-    0.4   2.4   2.4                           
58174       14.3   +/-    0.4   2.4   2.4                           
58179       12.6   +/-    0.4   2.4   2.4          NICT1803 CirT.363
58184       11.8   +/-    0.4   2.4   2.4                           
58189       10.2   +/-    0.4   2.4   2.4                           
58194        7.6   +/-    0.4   2.4   2.4                           
58199        5.2   +/-    0.4   2.4   2.4                           
58204        4.0   +/-    0.4   2.4   2.4                           
58209        4.1   +/-    0.4   2.4   2.4          NICT1804 CirT.364
58214        4.3   +/-    0.4   2.4   2.4                           
58219        3.5   +/-    0.4   2.4   2.4                           
58224        2.2   +/-    0.4   2.4   2.4                           
58229        1.1   +/-    0.4   2.4   2.4                           
58234       -0.3   +/-    0.4   2.4   2.4                           
58239       -1.9   +/-    0.4   2.5   2.5          NICT1805 CirT.365
58244       -1.0   +/-    0.4   2.5   2.5                           
58249       -1.2   +/-    0.4   2.5   2.5                           
58254       -0.6   +/-    0.4   2.5   2.5                           
58259        2.1   +/-    0.4   2.5   2.5                           
58264        3.5   +/-    0.4   2.5   2.5                           
58269        4.6   +/-    0.4   2.5   2.5                           
58274        6.4   +/-    0.4   2.5   2.5          NICT1806 CirT.366
58279        7.9   +/-    0.4   2.5   2.5                           
58284        7.5   +/-    0.4   2.5   2.5                           
58289        5.7   +/-    0.4   2.5   2.5                           
58294        4.7   +/-    0.4   2.5   2.5                           
58299        4.4   +/-    0.4   2.5   2.5                           
58304        5.5   +/-    0.4   2.5   2.5          NICT1807 CirT.367
58309        7.4   +/-    0.4   2.5   2.5                           
58314        7.9   +/-    0.4   2.5   2.5                           
58319        7.3   +/-    0.4   2.5   2.5                           
58324        5.1   +/-    0.4   2.5   2.5                           
58329        2.9   +/-    0.4   2.5   2.5                           
58334        3.7   +/-    0.4   2.6   2.6          NICT1808 CirT.368
58339        4.4   +/-    0.4   2.6   2.6                           
58344        6.0   +/-    0.4   2.6   2.6                           
58349        4.6   +/-    0.4   2.6   2.6                           
58354        4.4   +/-    0.4   2.6   2.6                           
58359        7.9   +/-    0.4   2.6   2.6                           
58364        9.3   +/-    0.4   2.6   2.6          NICT1809 CirT.369
58369        8.3   +/-    0.4   2.6   2.6                           
58374        8.2   +/-    0.4   2.6   2.6                           
58379        8.4   +/-    0.4   2.6   2.6                           
58384        8.2   +/-    0.4   2.6   2.6                           
58389        9.6   +/-    0.4   2.6   2.6                           
58394       11.6   +/-    0.4   2.5   2.5          NICT1810 CirT.370
58399       13.9   +/-    0.4   2.5   2.5                           
58404       12.1   +/-    0.4   2.5   2.5                           
58409        9.2   +/-    0.4   2.5   2.5                           
58414        7.8   +/-    0.4   2.5   2.5                           
58419        7.3   +/-    0.4   2.5   2.5                           
58424        8.9   +/-    0.4   2.6   2.6          NICT1811 CirT.371
58429        9.9   +/-    0.4   2.6   2.6                           
58434       10.1   +/-    0.4   2.6   2.6                           
58439       11.5   +/-    0.4   2.6   2.6                           
58444       11.2   +/-    0.4   2.6   2.6                           
58449       11.1   +/-    0.4   2.6   2.6                           
58454       13.7   +/-    0.4   1.8   1.8          NICT1812 CirT.372
58459       15.8   +/-    0.4   1.8   1.8                           
58464       15.4   +/-    0.4   1.8   1.8                           
58469       14.9   +/-    0.4   1.8   1.8                           
58474       14.5   +/-    0.4   1.8   1.8                           
58479       12.2   +/-    0.4   1.8   1.8                           
58484        9.0   +/-    0.3   1.8   1.8          NICT1901 CirT.373
58489        5.9   +/-    0.3   1.8   1.8                           
58494        6.1   +/-    0.3   1.8   1.8                           
58499        5.0   +/-    0.3   1.8   1.8                           
58504        2.7   +/-    0.3   1.8   1.8                           
58509        2.4   +/-    0.3   1.8   1.8                           
58514        1.8   +/-    0.3   1.8   1.8                           
58519        1.5   +/-    0.3   1.9   1.9          NICT1902 CirT.374
58524        2.1   +/-    0.3   1.9   1.9                           
58529        2.2   +/-    0.3   1.9   1.9                           
58534        1.8   +/-    0.3   1.9   1.9                           
58539       -0.5   +/-    0.3   1.9   1.9                           
58544       -3.0   +/-    0.4   1.9   1.9          NICT1903 CirT.375
58549       -3.6   +/-    0.4   1.9   1.9                           
58554       -5.2   +/-    0.4   1.9   1.9                           
58559       -6.5   +/-    0.4   1.9   1.9                           
58564       -5.8   +/-    0.4   1.9   1.9                           
58569       -5.0   +/-    0.4   1.9   1.9                           
58574       -5.5   +/-    0.4   1.6   1.6          NICT1904 CirT.376
58579       -5.5   +/-    0.4   1.6   1.6                           
58584       -4.6   +/-    0.4   1.6   1.6                           
58589       -3.1   +/-    0.4   1.6   1.6                           
58594       -1.9   +/-    0.4   1.6   1.6                           
58599       -1.0   +/-    0.4   1.6   1.6                           
58604       -0.5   +/-    0.3   1.6   1.6          NICT1905 CirT.377
58609       -1.2   +/-    0.3   1.6   1.6                           
58614       -0.5   +/-    0.3   1.6   1.6                           
58619        0.8   +/-    0.3   1.6   1.6                           
58624        0.9   +/-    0.3   1.6   1.6                           
58629        0.2   +/-    0.3   1.6   1.6                           
58634       -0.4   +/-    0.3   1.6   1.6                           
58639       -1.4   +/-    0.3   1.7   1.7          NICT1906 CirT.378
58644       -1.9   +/-    0.3   1.7   1.7                           
58649       -1.7   +/-    0.3   1.7   1.7                           
58654       -1.0   +/-    0.3   1.7   1.7                           
58659       -0.7   +/-    0.3   1.7   1.7                           
58664       -1.3   +/-    0.3   1.7   1.7                           
58669       -2.7   +/-    0.3   1.7   1.7          NICT1907 CirT.379
58674       -4.0   +/-    0.3   1.7   1.7                           
58679       -3.9   +/-    0.3   1.7   1.7                           
58684       -3.8   +/-    0.3   1.7   1.7                           
58689       -2.9   +/-    0.3   1.7   1.7                           
58694       -1.4   +/-    0.3   1.7   1.7                           
58699       -0.8   +/-    0.3   1.7   1.7          NICT1908 CirT.380
58704        0.2   +/-    0.3   1.7   1.7                           
58709        1.0   +/-    0.3   1.7   1.7                           
58714        2.3   +/-    0.3   1.7   1.7                           
58719        2.5   +/-    0.3   1.7   1.7                           
58724        1.1   +/-    0.3   1.7   1.7                           
58729        0.9   +/-    0.3   1.8   1.8          NICT1909 CirT.381
58734        2.7   +/-    0.3   1.8   1.8                           
58739        4.9   +/-    0.3   1.8   1.8                           
58744        5.8   +/-    0.3   1.8   1.8                           
58749        5.4   +/-    0.3   1.8   1.8                           
58754        4.4   +/-    0.3   1.8   1.8                           
58759        4.9   +/-    0.3   1.8   1.8          NICT1910 CirT.382
58764        5.5   +/-    0.3   1.8   1.8                           
58769        5.4   +/-    0.3   1.8   1.8                           
58774        5.7   +/-    0.3   1.8   1.8                           
58779        3.7   +/-    0.3   1.8   1.8                           
58784        2.4   +/-    0.3   1.8   1.8                           
58789        1.7   +/-    0.3   2.0   2.0          NICT1911 CirT.383
58794        0.9   +/-    0.3   2.0   2.0                           
58799        1.8   +/-    0.3   2.0   2.0                           
58804        4.9   +/-    0.3   2.0   2.0                           
58809        5.7   +/-    0.3   2.0   2.0                           
58814        4.8   +/-    0.3   2.0   2.0                           
58819        7.1   +/-    0.3   2.0   2.0          NICT1912 CirT.384
58824        8.8   +/-    0.3   2.0   2.0                           
58829        7.9   +/-    0.3   2.0   2.0                           
58834        5.4   +/-    0.3   2.0   2.0                           
58839        4.3   +/-    0.3   2.0   2.0                           
58844        3.7   +/-    0.3   2.0   2.0                           
58849        2.1   +/-    0.3   2.1   2.1          NICT2001 CirT.385
58854        2.1   +/-    0.3   2.1   2.1                           
58859        0.7   +/-    0.3   2.1   2.1                           
58864        1.7   +/-    0.3   2.1   2.1                           
58869        1.5   +/-    0.3   2.1   2.1                           
58874        0.8   +/-    0.3   2.1   2.1                           
58879       -0.1   +/-    0.3   2.1   2.1                           
58884       -2.1   +/-    0.3   1.9   1.9          NICT2002 CirT.386
58889       -3.1   +/-    0.3   1.9   1.9                           
58894       -4.3   +/-    0.3   1.9   1.9                           
58899       -4.5   +/-    0.3   1.9   1.9                           
58904       -4.9   +/-    0.3   1.9   1.9                           
58909       -7.0   +/-    0.3   2.1   2.1          NICT2003 CirT.387
58914      -10.5   +/-    0.3   2.1   2.1                           
58919      -12.9   +/-    0.3   2.1   2.1                           
58924      -15.2   +/-    0.3   2.1   2.1                           
58929      -16.5   +/-    0.3   2.1   2.1                           
58934      -16.1   +/-    0.3   2.1   2.1                           
58939      -14.1   +/-    0.3   2.1   2.1                           
58944      -14.9   +/-    0.3   2.2   2.2          NICT2004 CirT.388
58949      -15.3   +/-    0.3   2.2   2.2                           
58954      -15.0   +/-    0.3   2.2   2.2                           
58959      -13.9   +/-    0.3   2.2   2.2                           
58964      -12.1   +/-    0.3   2.2   2.2                           
58969      -11.4   +/-    0.3   2.2   2.2                           
58974       -9.7   +/-    0.3   2.2   2.2          NICT2005 CirT.389
58979       -8.3   +/-    0.3   2.2   2.2                           
58984       -7.3   +/-    0.3   2.2   2.2                           
58989       -5.9   +/-    0.3   2.2   2.2                           
58994       -5.3   +/-    0.3   2.2   2.2                           
58999       -4.8   +/-    0.3   2.2   2.2                           
59004       -3.8   +/-    0.3   2.2   2.3          NICT2006 CirT.390
59009       -2.5   +/-    0.3   2.2   2.3                           
59014       -1.5   +/-    0.3   2.2   2.3                           
59019        0.8   +/-    0.3   2.2   2.3                           
59024        1.6   +/-    0.3   2.2   2.3                           
59029        2.0   +/-    0.3   2.2   2.3                           
59034        4.0   +/-    0.3   2.0   2.1          NICT2007 CirT.391
59039        5.2   +/-    0.3   2.0   2.1                           
59044        6.6   +/-    0.3   2.0   2.1                           
59049        8.8   +/-    0.3   2.0   2.1                           
59054        8.2   +/-    0.3   2.0   2.1                           
59059        7.4   +/-    0.3   2.0   2.1                           
59064        4.1   +/-    0.3   2.0   2.1          NICT2008 CirT.392
59069        0.3   +/-    0.3   2.0   2.1                           
59074        0.2   +/-    0.3   2.0   2.1                           
59079        1.5   +/-    0.3   2.0   2.1                           
59084        0.7   +/-    0.3   2.0   2.1                           
59089       -2.0   +/-    0.3   2.0   2.1                           
59094       -4.6   +/-    0.3   2.0   2.0          NICT2009 CirT.393
59099       -4.2   +/-    0.3   2.0   2.0                           
59104       -4.6   +/-    0.3   2.0   2.0                           
59109       -4.7   +/-    0.3   2.0   2.0                           
59114       -5.0   +/-    0.3   2.0   2.0                           
59119       -4.4   +/-    0.3   2.0   2.0                           
59124       -2.8   +/-    0.3   2.0   2.1          NICT2010 CirT.394
59129       -2.0   +/-    0.3   2.0   2.1                           
59134       -1.4   +/-    0.3   2.0   2.1                           
59139       -1.4   +/-    0.3   2.0   2.1                           
59144       -1.1   +/-    0.3   2.0   2.1                           
59149        0.0   +/-    0.3   2.0   2.1                           
59154        2.5   +/-    0.3   2.1   2.2          NICT2011 CirT.395
59159        4.8   +/-    0.3   2.1   2.2                           
59164        6.0   +/-    0.3   2.1   2.2                           
59169        6.1   +/-    0.3   2.1   2.2                           
59174        5.5   +/-    0.3   2.1   2.2                           
59179        6.8   +/-    0.3   2.1   2.2                           
59184        8.5   +/-    0.3   2.1   2.1          NICT2012 CirT.396
59189        7.8   +/-    0.3   2.1   2.1                           
59194        6.0   +/-    0.3   2.1   2.1                           
59199        5.6   +/-    0.3   2.1   2.1                           
59204        5.8   +/-    0.3   2.1   2.1                           
59209        5.0   +/-    0.3   2.1   2.1                           
59214        4.3   +/-    0.3   2.1   2.1                           
59219        4.8   +/-    0.3   2.1   2.1          NICT2101 CirT.397
59224        6.1   +/-    0.3   2.1   2.1                           
59229        6.5   +/-    0.3   2.1   2.1                           
59234        5.4   +/-    0.3   2.1   2.1                           
59239        5.8   +/-    0.3   2.1   2.1                           
59244        6.1   +/-    0.3   2.1   2.1                           
59249        6.7   +/-    0.3   2.1   2.2          NICT2102 CirT.398
59254        7.0   +/-    0.3   2.1   2.2                           
59259        6.4   +/-    0.3   2.1   2.2                           
59264        2.7   +/-    0.3   2.1   2.2                           
59269        1.9   +/-    0.3   2.1   2.2                           
59274        1.5   +/-    0.3   2.1   2.2          NICT2103 CirT.399
59279        1.6   +/-    0.3   2.1   2.2                           
59284       -0.5   +/-    0.3   2.1   2.2                           
59289       -1.2   +/-    0.3   2.1   2.2                           
59294       -3.0   +/-    0.3   2.1   2.2                           
59299       -4.8   +/-    0.3   2.1   2.2                           
59304       -9.7   +/-    0.3   2.1   2.2                           
59309      -14.6   +/-    0.3   2.1   2.1          NICT2104 CirT.400
59314      -16.2   +/-    0.3   2.1   2.1                           
59319      -13.7   +/-    0.3   2.1   2.1                           
59324      -11.9   +/-    0.3   2.1   2.1                           
59329      -10.5   +/-    0.3   2.1   2.1                           
59334       -8.7   +/-    0.3   2.1   2.1                           
59339       -3.0   +/-    0.3   2.1   2.1          NICT2105 CirT.401
59344       -2.1   +/-    0.3   2.1   2.1                           
59349       -3.7   +/-    0.3   2.1   2.1                           
59354       -3.9   +/-    0.3   2.1   2.1                           
59359       -5.5   +/-    0.3   2.1   2.1                           
59364       -5.7   +/-    0.3   2.1   2.1                           
59369       -5.8   +/-    0.3   2.1   2.1          NICT2106 CirT.402
59374       -9.2   +/-    0.3   2.1   2.1                           
59379       -7.7   +/-    0.3   2.1   2.1                           
59384       -4.1   +/-    0.3   2.1   2.1                           
59389       -2.4   +/-    0.3   2.1   2.1                           
59394       -2.2   +/-    0.3   2.1   2.1                           
59399       -1.4   +/-    0.3   2.1   2.2          NICT2107 CirT.403
59404       -0.9   +/-    0.3   2.1   2.2                           
59409        0.2   +/-    0.3   2.1   2.2                           
59414        1.9   +/-    0.3   2.1   2.2                           
59419        4.0   +/-    0.3   2.1   2.2                           
59424        6.7   +/-    0.3   2.1   2.2                           
59429        7.2   +/-    0.3   1.7   1.7          NICT2108 CirT.404
59434        6.6   +/-    0.3   1.7   1.7                           
59439        5.3   +/-    0.3   1.7   1.7                           
59444        4.5   +/-    0.3   1.7   1.7                           
59449        2.8   +/-    0.3   1.7   1.7                           
59454        1.5   +/-    0.3   1.7   1.7                           
59459        1.2   +/-    0.3   1.7   1.8          NICT2109 CirT.405
59464        2.2   +/-    0.3   1.7   1.8                           
59469        0.9   +/-    0.3   1.7   1.8                           
59474       -2.9   +/-    0.3   1.7   1.8                           
59479       -4.0   +/-    0.3   1.7   1.8                           
59484       -3.0   +/-    0.3   1.7   1.8                           
59489       -3.2   +/-    0.3   1.7   1.8          NICT2110 CirT.406
59494       -2.7   +/-    0.3   1.7   1.8                           
59499       -2.8   +/-    0.3   1.7   1.8                           
59504       -2.4   +/-    0.3   1.7   1.8                           
59509       -1.6   +/-    0.3   1.7   1.8                           
59514       -2.1   +/-    0.3   1.7   1.8                           
59519       -3.1   +/-    0.3   1.7   1.8          NICT2111 CirT.407
59524       -3.5   +/-    0.3   1.7   1.8                           
59529       -3.6   +/-    0.3   1.7   1.8                           
59534       -1.9   +/-    0.3   1.7   1.8                           
59539        3.6   +/-    0.3   1.7   1.8                           
59544        2.6   +/-    0.3   1.7   1.8                           
59549       -1.0   +/-    0.3   1.7   1.8          NICT2112 CirT.408
59554       -2.7   +/-    0.3   1.7   1.8                           
59559       -1.3   +/-    0.3   1.7   1.8                           
59564       -1.4   +/-    0.3   1.7   1.8                           
59569       -0.8   +/-    0.3   1.7   1.8                           
59574       -2.4   +/-    0.3   1.7   1.8                           
59579       -2.6   +/-    0.3   1.7   1.8                           
59584       -1.5   +/-    0.3   1.7   1.7          NICT2201 CirT.409
59589       -0.8   +/-    0.3   1.7   1.7                           
59594       -1.0   +/-    0.3   1.7   1.7                           
59599       -0.4   +/-    0.3   1.7   1.7                           
59604       -0.7   +/-    0.3   1.7   1.7                           
59609       -0.8   +/-    0.3   1.7   1.7                           
59614       -1.7   +/-    0.3   1.6   1.7          NICT2202 CirT.410
59619       -3.4   +/-    0.3   1.6   1.7                           
59624       -3.3   +/-    0.3   1.6   1.7                           
59629       -1.8   +/-    0.3   1.6   1.7                           
59634       -1.1   +/-    0.3   1.6   1.7                           
59639       -2.6   +/-    0.3   1.7   1.7          NICT2203 CirT.411
59644       -2.8   +/-    0.3   1.7   1.7                           
59649       -3.0   +/-    0.3   1.7   1.7                           
59654       -3.5   +/-    0.3   1.7   1.7                           
59659       -2.4   +/-    0.3   1.7   1.7                           
59664       -1.5   +/-    0.3   1.7   1.7                           
59669       -0.9   +/-    0.3   1.7   1.7                           
59674       -0.2   +/-    0.3   1.7   1.7          NICT2204 CirT.412
59679       -0.8   +/-    0.3   1.7   1.7                           
59684       -2.0   +/-    0.3   1.7   1.7                           
59689       -2.3   +/-    0.3   1.7   1.7                           
59694       -2.0   +/-    0.3   1.7   1.7                           
59699       -1.9   +/-    0.3   1.7   1.7                           
59704       -1.1   +/-    0.3   1.9   1.9          NICT2205 CirT.413
59709       -1.1   +/-    0.3   1.9   1.9                           
59714       -1.3   +/-    0.3   1.9   1.9                           
59719       -1.7   +/-    0.3   1.9   1.9                           
59724       -1.5   +/-    0.3   1.9   1.9                           
59729       -1.7   +/-    0.3   1.9   1.9                           
59734       -0.3   +/-    0.3   1.7   1.7          NICT2206 CirT.414
59739        1.1   +/-    0.3   1.7   1.7                           
59744       -0.7   +/-    0.3   1.7   1.7                           
59749       -1.9   +/-    0.3   1.7   1.7                           
59754       -3.3   +/-    0.3   1.7   1.7                           
59759       -2.9   +/-    0.3   1.7   1.7                           
59764       -1.6   +/-    0.3   1.8   1.8          NICT2207 CirT.415
59769       -1.5   +/-    0.3   1.8   1.8                           
59774       -1.5   +/-    0.3   1.8   1.8                           
59779       -1.9   +/-    0.3   1.8   1.8                           
59784       -1.6   +/-    0.3   1.8   1.8                           
59789       -2.2   +/-    0.3   1.8   1.8                           
59794       -2.9   +/-    0.3   1.8   1.8          NICT2208 CirT.416
59799       -2.0   +/-    0.3   1.8   1.8                           
59804       -0.8   +/-    0.3   1.8   1.8                           
59809       -1.4   +/-    0.3   1.8   1.8                           
59814       -1.3   +/-    0.3   1.8   1.8                           
59819       -1.8   +/-    0.3   1.8   1.8                           
59824       -3.1   +/-    0.3   1.8   1.8          NICT2209 CirT.417
59829       -3.7   +/-    0.3   1.8   1.8                           
59834       -3.8   +/-    0.3   1.8   1.8                           
59839       -3.7   +/-    0.3   1.8   1.8                           
59844       -4.4   +/-    0.3   1.8   1.8                           
59849       -4.0   +/-    0.3   1.8   1.8                           
59854       -3.7   +/-    0.3   1.8   1.8          NICT2210 CirT.418
59859       -3.3   +/-    0.3   1.8   1.8                           
59864       -4.5   +/-    0.3   1.8   1.8                           
59869       -7.0   +/-    0.3   1.8   1.8                           
59874       -8.7   +/-    0.3   1.8   1.8                           
59879       -8.3   +/-    0.3   1.8   1.8                           
59884       -8.2   +/-    0.3   1.9   1.9          NICT2211 CirT.419
59889       -6.0   +/-    0.3   1.9   1.9                           
59894       -4.5   +/-    0.3   1.9   1.9                           
59899       -3.5   +/-    0.3   1.9   1.9                           
59904       -2.1   +/-    0.3   1.9   1.9                           
59909       -0.1   +/-    0.3   1.9   1.9                           
59914       -0.2   +/-    0.3   2.0   2.0          NICT2212 CirT.420
59919       -0.1   +/-    0.3   2.0   2.0                           
59924        0.6   +/-    0.3   2.0   2.0                           
59929        0.2   +/-    0.3   2.0   2.0                           
59934       -1.5   +/-    0.3   2.0   2.0                           
59939       -0.9   +/-    0.3   2.0   2.0                           
59944       -0.3   +/-    0.3   2.0   2.0                           
59949       -1.1   +/-    0.3   2.0   2.1          NICT2301 CirT.421
59954       -2.6   +/-    0.3   2.0   2.1                           
59959       -1.5   +/-    0.3   2.0   2.1                           
59964        0.0   +/-    0.3   2.0   2.1                           
59969        1.1   +/-    0.3   2.0   2.1                           
59974        0.7   +/-    0.3   2.0   2.1                           
59979        0.8   +/-    0.3   2.0   2.1          NICT2302 CirT.422
59984        0.8   +/-    0.3   2.0   2.1                           
59989        0.0   +/-    0.3   2.0   2.1                           
59994       -1.0   +/-    0.3   2.0   2.1                           
59999       -0.4   +/-    0.3   2.0   2.1                           
60004        0.5   +/-    0.3   2.0   2.1          NICT2303 CirT.423
60009       -0.1   +/-    0.3   2.0   2.1                           
60014       -0.9   +/-    0.3   2.0   2.1                           
60019       -1.8   +/-    0.3   2.0   2.1                           
60024       -1.9   +/-    0.3   2.0   2.1                           
60029       -2.3   +/-    0.3   2.0   2.1                           
60034       -3.8   +/-    0.3   2.0   2.1                           
60039       -1.2   +/-    0.3   2.0   2.1          NICT2304 CirT.424
60044       -0.4   +/-    0.3   2.0   2.1                           
60049        1.3   +/-    0.3   2.0   2.1                           
60054        0.5   +/-    0.3   2.0   2.1                           
60059       -1.7   +/-    0.3   2.0   2.1                           
60064       -1.6   +/-    0.3   2.0   2.1                           
60069       -0.5   +/-    0.3   2.0   2.0          NICT2305 CirT.425
60074       -0.4   +/-    0.3   2.0   2.0                           
60079       -1.2   +/-    0.3   2.0   2.0                           
60084       -1.8   +/-    0.3   2.0   2.0                           
60089       -1.9   +/-    0.3   2.0   2.0                           
60094       -0.8   +/-    0.3   2.0   2.0                           
60099       -0.6   +/-    0.3   2.0   2.0          NICT2306 CirT.426
60104        0.7   +/-    0.3   2.0   2.0                           
60109       -0.4   +/-    0.3   2.0   2.0                           
60114       -1.3   +/-    0.3   2.0   2.0                           
60119        0.1   +/-    0.3   2.0   2.0                           
60124        0.2   +/-    0.3   2.0   2.0                           
60129        0.1   +/-    0.3   2.0   2.0          NICT2307 CirT.427
60134        0.4   +/-    0.3   2.0   2.0                           
60139        0.8   +/-    0.3   2.0   2.0                           
60144       -0.6   +/-    0.3   2.0   2.0                           
60149       -0.6   +/-    0.3   2.0   2.0                           
60154       -0.8   +/-    0.3   2.0   2.0                           
60159       -0.4   +/-    0.3   2.0   2.0          NICT2308 CirT.428
60164       -0.4   +/-    0.3   2.0   2.0                           
60169       -0.6   +/-    0.3   2.0   2.0                           
60174       -1.1   +/-    0.3   2.0   2.0                           
60179       -0.2   +/-    0.3   2.0   2.0                           
60184       -0.7   +/-    0.3   2.0   2.0                           
60189       -1.0   +/-    0.3   2.1   2.1          NICT2309 CirT.429
60194       -1.0   +/-    0.3   2.1   2.1                           
60199       -1.3   +/-    0.3   2.1   2.1                           
60204       -1.4   +/-    0.3   2.1   2.1                           
60209       -1.2   +/-    0.3   2.1   2.1                           
60214       -1.2   +/-    0.3   2.1   2.1                           
60219       -1.2   +/-    0.3   2.2   2.2          NICT2310 CirT.430
60224       -1.3   +/-    0.3   2.2   2.2                           
60229       -0.6   +/-    0.3   2.2   2.2                           
60234       -0.3   +/-    0.3   2.2   2.2                           
60239       -0.1   +/-    0.3   2.2   2.2                           
60244        0.0   +/-    0.3   2.2   2.2                           
60249        0.2   +/-    0.3   2.2   2.2          NICT2311 CirT.431
60254        0.4   +/-    0.3   2.2   2.2                           
60259        0.6   +/-    0.3   2.2   2.2                           
60264        0.7   +/-    0.3   2.2   2.2                           
60269        0.3   +/-    0.3   2.2   2.2                           
60274        0.7   +/-    0.3   2.2   2.2                           
60279        0.6   +/-    0.3   2.1   2.1          NICT2312 CirT.432
60284        0.7   +/-    0.3   2.1   2.1                           
60289        1.1   +/-    0.3   2.1   2.1                           
60294        1.6   +/-    0.3   2.1   2.1                           
60299        1.6   +/-    0.3   2.1   2.1                           
60304        1.1   +/-    0.3   2.1   2.1                           
60309        0.3   +/-    0.3   2.1   2.1                           
60314        0.6   +/-    0.3   2.2   2.3          NICT2401 CirT.433
60319       -0.2   +/-    0.3   2.2   2.3                           
60324       -0.4   +/-    0.3   2.2   2.3                           
60329       -0.1   +/-    0.3   2.2   2.3                           
60334        0.3   +/-    0.3   2.2   2.3                           
60339        0.3   +/-    0.3   2.2   2.3                           
60344        0.8   +/-    0.3   2.2   2.3          NICT2402 CirT.434
60349        0.8   +/-    0.3   2.2   2.3                           
60354        0.1   +/-    0.3   2.2   2.3                           
60359        0.0   +/-    0.3   2.2   2.3                           
60364       -0.4   +/-    0.3   2.2   2.3                           
60369       -0.6   +/-    0.3   2.2   2.3                           
60374       -1.0   +/-    0.3   2.2   2.2          NICT2403 CirT.435
60379       -1.6   +/-    0.3   2.2   2.2                           
60384       -2.0   +/-    0.3   2.2   2.2                           
60389       -2.3   +/-    0.3   2.2   2.2                           
60394       -2.2   +/-    0.3   2.2   2.2                           
60399       -2.3   +/-    0.3   2.2   2.2                           
60404       -1.7   +/-    0.3   2.2   2.2          NICT2404 CirT.436
60409       -2.1   +/-    0.3   2.2   2.2                           
60414       -2.7   +/-    0.3   2.2   2.2                           
60419       -3.1   +/-    0.3   2.2   2.2                           
60424       -3.6   +/-    0.3   2.2   2.2                           
60429       -3.5   +/-    0.3   2.2   2.2                           
60434       -3.3   +/-    0.2   2.2   2.2          NICT2405 CirT.437
60439       -3.3   +/-    0.2   2.2   2.2                           
60444       -2.9   +/-    0.2   2.2   2.2                           
60449       -2.8   +/-    0.2   2.2   2.2                           
60454       -2.9   +/-    0.2   2.2   2.2                           
60459       -3.1   +/-    0.2   2.2   2.2                           
60464       -2.5   +/-    0.2   2.3   2.3          NICT2406 CirT.438
60469       -2.2   +/-    0.2   2.3   2.3                           
60474       -2.3   +/-    0.2   2.3   2.3                           
60479       -2.3   +/-    0.2   2.3   2.3                           
60484       -2.4   +/-    0.2   2.3   2.3                           
60489       -2.5   +/-    0.2   2.3   2.3                           
60494       -2.8   +/-    0.2   2.3   2.3          NICT2407 CirT.439
60499       -3.1   +/-    0.2   2.3   2.3                           
60504       -3.2   +/-    0.2   2.3   2.3                           
60509       -2.7   +/-    0.2   2.3   2.3                           
60514       -2.1   +/-    0.2   2.3   2.3                           
60519       -1.9   +/-    0.2   2.3   2.3                           
60524       -2.8   +/-    0.2   1.7   1.7          NICT2408 CirT.440
60529       -2.7   +/-    0.2   1.7   1.7                           
60534       -2.5   +/-    0.2   1.7   1.7                           
60539       -2.1   +/-    0.2   1.7   1.7                           
60544       -2.8   +/-    0.2   1.7   1.7                           
60549       -2.1   +/-    0.2   1.7   1.7                           
60554       -2.7   +/-    0.2   1.7   1.7          NICT2409 CirT.441
60559       -3.4   +/-    0.2   1.7   1.7                           
60564       -3.2   +/-    0.2   1.7   1.7                           
60569       -3.6   +/-    0.2   1.7   1.7                           
60574       -4.1   +/-    0.2   1.7   1.7                           
60579       -4.5   +/-    0.2   1.7   1.7                           
60584       -4.1   +/-    0.2   1.8   1.8          NICT2410 CirT.442
60589       -3.8   +/-    0.2   1.8   1.8                           
60594       -3.4   +/-    0.2   1.8   1.8                           
60599       -3.7   +/-    0.2   1.8   1.8                           
60604       -3.5   +/-    0.2   1.8   1.8                           
60609       -3.0   +/-    0.2   1.8   1.8                           
60614       -2.4   +/-    0.2   1.8   1.8                           
60619       -1.9   +/-    0.2   1.8   1.8          NICT2411 CirT.443
60624       -1.4   +/-    0.2   1.8   1.8                           
60629       -1.0   +/-    0.2   1.8   1.8                           
60634       -0.7   +/-    0.2   1.8   1.8                           
60639       -0.2   +/-    0.2   1.8   1.8                           
60644        0.4   +/-    0.2   1.8   1.8                           
60649        0.8   +/-    0.2   1.8   1.8          NICT2412 CirT.444
60654        1.3   +/-    0.2   1.8   1.8                           
60659        2.0   +/-    0.2   1.8   1.8                           
60664        2.4   +/-    0.2   1.8   1.8                           
60669        2.0   +/-    0.2   1.8   1.8                           
60674        1.7   +/-    0.2   1.8   1.8                           
60679        1.5   +/-    0.2   1.8   1.8          NICT2501 CirT.445
60684        1.2   +/-    0.2   1.8   1.8                           
60689        1.4   +/-    0.2   1.8   1.8                           
60694        1.7   +/-    0.2   1.8   1.8                           
60699        2.0   +/-    0.2   1.8   1.8                           
60704        2.1   +/-    0.2   1.8   1.8                           
60709        1.5   +/-    0.2   1.9   1.9          NICT2502 CirT.446
60714        3.2   +/-    0.2   1.9   1.9                           
60719        2.8   +/-    0.2   1.9   1.9                           
60724        2.3   +/-    0.2   1.9   1.9                           
60729        2.2   +/-    0.2   1.9   1.9                           
60734        2.1   +/-    0.2   1.9   1.9                           
60739        1.9   +/-    0.2   1.9   1.9          NICT2503 CirT.447
60744        2.0   +/-    0.2   1.9   1.9                           
60749        2.1   +/-    0.2   1.9   1.9                           
60754        1.6   +/-    0.2   1.9   1.9                           
60759        1.0   +/-    0.2   1.9   1.9                           
60764        1.3   +/-    0.2   1.9   1.9                           
60769        2.0   +/-    0.3   1.9   1.9          NICT2504 CirT.448
60774        2.4   +/-    0.3   1.9   1.9                           
60779        2.2   +/-    0.3   1.9   1.9                           
60784        1.3   +/-    0.3   1.9   1.9                           
60789        1.2   +/-    0.3   1.9   1.9                           
60794        1.5   +/-    0.3   1.9   1.9                           
60799        1.2   +/-    0.3   1.9   1.9          NICT2505 CirT.449
60804        0.9   +/-    0.3   1.9   1.9                           
60809        1.1   +/-    0.3   1.9   1.9                           
60814        0.8   +/-    0.3   1.9   1.9                           
60819        1.1   +/-    0.3   1.9   1.9                           
60824        0.9   +/-    0.3   1.9   1.9                           
60829        0.9   +/-    0.2   1.9   1.9          NICT2506 CirT.450
60834        0.6   +/-    0.2   1.9   1.9                           
60839        0.5   +/-    0.2   1.9   1.9                           
60844        0.3   +/-    0.2   1.9   1.9                           
60849        0.2   +/-    0.2   1.9   1.9                           
60854        0.0   +/-    0.2   1.9   1.9                           
60859       -0.3   +/-    0.2   2.0   2.0          NICT2507 CirT.451
60864       -0.5   +/-    0.2   2.0   2.0                           
60869       -0.4   +/-    0.2   2.0   2.0                           
60874       -0.5   +/-    0.2   2.0   2.0                           
60879       -0.7   +/-    0.2   2.0   2.0                           
60884       -0.5   +/-    0.2   2.0   2.0                           
60889       -0.7   +/-    0.2   2.0   2.0          NICT2508 CirT.452
60894       -0.2   +/-    0.2   2.0   2.0                           
60899       -0.3   +/-    0.2   2.0   2.0                           
60904        0.0   +/-    0.2   2.0   2.0                           
60909       -0.1   +/-    0.2   2.0   2.0                           
60914        0.1   +/-    0.2   2.0   2.0                           
60919        0.3   +/-    0.2   2.0   2.0          NICT2509 CirT.453
60924        1.1   +/-    0.2   2.0   2.0                           
60929        1.2   +/-    0.2   2.0   2.0                           
60934        1.4   +/-    0.2   2.0   2.0                           
60939        2.0   +/-    0.2   2.0   2.0                           
60944        2.6   +/-    0.2   2.0   2.0                           
60949        3.2   +/-    0.2   2.0   2.0          NICT2510 CirT.454
60954        3.7   +/-    0.2   2.0   2.0                           
60959        4.4   +/-    0.2   2.0   2.0                           
60964        4.3   +/-    0.2   2.0   2.0                           
60969        3.6   +/-    0.2   2.0   2.0                           
60974        2.5   +/-    0.2   2.0   2.0                           
60979        2.8   +/-    0.2   2.0   2.0                           
60984        3.2   +/-    0.2   2.1   2.1          NICT2511 CirT.455
60989        3.1   +/-    0.2   2.1   2.1                           
60994        2.6   +/-    0.2   2.1   2.1                           
60999        2.2   +/-    0.2   2.1   2.1                           
61004        1.4   +/-    0.2   2.1   2.1                           
61009        1.1   +/-    0.2   2.1   2.1                           
61014        1.1   +/-    0.2   2.1   2.1          NICT2512 CirT.456
61019        0.7   +/-    0.2   2.1   2.1                           
61024        1.0   +/-    0.2   2.1   2.1                           
61029        0.6   +/-    0.2   2.1   2.1                           
61034        0.0   +/-    0.2   2.1   2.1                           
61039       -0.2   +/-    0.2   2.1   2.1                           
61044        0.0   +/-    0.2   2.1   2.1          NICT2601 CirT.457
61049        0.2   +/-    0.2   2.1   2.1                           
61054        0.6   +/-    0.2   2.1   2.1                           
61059        1.1   +/-    0.2   2.1   2.1                           
61064        1.5   +/-    0.2   2.1   2.1                           
61069        2.2   +/-    0.2   2.1   2.1                           
61074        2.2   +/-    0.2   2.1   2.1          NICT2602 CirT.458
61079        1.0   +/-    0.2   2.1   2.1                           
61084        0.2   +/-    0.2   2.1   2.1                           
61089        0.1   +/-    0.2   2.1   2.1                           
61094        0.2   +/-    0.2   2.1   2.1                           
61099        0.1   +/-    0.2   2.1   2.1                           
