 MJD  [UTC-UTC(PTB )]/ns  uA/ns  uB/ns  u/ns  

50814      -31
50819      -27
50824      -21
50829      -17
50834      -11
50839       -9
50844       -7
50849       -8
50854        1
50859        2
50864       13
50869       15
50874       18
50879       28
50884       39
50889       42
50894       46
50899       51
50904       55
50909       58
50914       63
50919       72
50924       77
50929       85
50934       90
50939       90
50944       88
50949       89
50954       89
50959       90
50964       92
50969       89
50974       87
50979       88
50984       93
50989       97
50994       96
50999       95
51004       95
51009       90
51014       90
51019       91
51024       92
51029       87
51034       81
51039       77
51044       72
51049       66
51054       63
51059       63
51064       57
51069       51
51074       48
51079       44
51084       44
51089       41
51094       44
51099       43
51104       43
51109       44
51114       41
51119       39
51124       42
51129       43
51134       45
51139       37
51144       39
51149       35
51154       33
51159       27
51164       29
51169       28
51174       20
51179       12
51184       13
51189       10
51194        9
51199        7
51204        5
51209        0
51214       -4
51219       -6
51224       -6
51229      -12
51234      -16
51239      -21
51244      -23
51249      -22
51254      -23
51259      -22
51264      -24
51269      -31
51274      -31
51279      -34
51284      -36
51289      -25
51294      -25
51299      -21
51304      -20
51309      -19
51314      -13
51319      -12
51324       -9
51329       -5
51334       -7
51339      -11
51344      -14
51349      -16
51354      -18
51359      -19
51364      -24
51369      -29
51374      -29
51379      -27
51384      -30
51389      -32
51394      -25
51399      -36
51404      -35
51409      -36
51414      -37
51419      -34
51424      -39
51429      -36
51434      -32
51439      -33
51444      -32
51449      -32
51454      -36
51459      -48
51464      -46
51469      -49
51474      -45
51479      -43
51484      -49
51489      -47
51494      -47
51499      -50
51504      -50
51509      -52
51514      -51
51519      -47
51524      -42
51529      -39
51534      -40
51539      -35
51544      -32
51549      -24
51554      -20
51559      -23
51564      -20
51569      -22
51574      -12
51579       -9
51584      -11
51589       -8
51594      -13
51599       -9
51604      -10
51609       -7
51614       -3
51619        2
51624       -1
51629        7
51634       12
51639       16
51644       15
51649       17
51654       15
51659       16
51664       15
51669       16
51674       12
51679        9
51684        6
51689        6
51694        0
51699        5
51704        1
51709        1
51714        0
51719       -4
51724       -8
51729       -5
51734       -7
51739       -7
51744       -7
51749       -9
51754      -10
51759       -7
51764       -6
51769       -2
51774        4
51779        1
51784       -1
51789       -2
51794       -1
51799       -1
51804       -1
51809        3
51814       11
51819       10
51824       18
51829       20
51834       19
51839       18
51844       14
51849       14
51854       13
51859       14
51864       18
51869       10
51874       12
51879       15
51884       21
51889       20
51894       18
51899       12
51904        6
51909        4
51914        3
51919       -1
51924        1
51929        3
51934       -2
51939       -7
51944      -12
51949      -14
51954      -19
51959      -10
51964      -11
51969      -15
51974      -18
51979      -28
51984      -32
51989      -40
51994      -39
51999      -35
52004      -30
52009      -26
52014      -23
52019      -18
52024      -10
52029       -7
52034       -3
52039        5
52044        4
52049        8
52054       10
52059       11
52064       12
52069       11
52074       10
52079        7
52084        4
52089       -2
52094       -5
52099       -8
52104       -9
52109      -11
52114      -12
52119      -12
52124      -13
52129       -9
52134       -6
52139       -5
52144       -7
52149       -7
52154       -5
52159       -2
52164       -5
52169      -10
52174      -10
52179      -15
52184      -15
52189      -14
52194      -15
52199      -15
52204      -18
52209      -23
52214      -18
52219      -18
52224      -22
52229      -24
52234      -23
52239      -22
52244      -24
52249      -26
52254      -22
52259      -21
52264      -21
52269      -23
52274      -23
52279      -27
52284      -27
52289      -27
52294      -26
52299      -18
52304      -16
52309      -17
52314      -19
52319      -16
52324      -21
52329      -21
52334      -23
52339      -25
52344      -26
52349      -26
52354      -30
52359      -31
52364      -35
52369      -38
52374      -37
52379      -37
52384      -35
52389      -35
52394      -31
52399      -36
52404      -33
52409      -30
52414      -30
52419      -30
52424      -26
52429      -20
52434      -17
52439      -15
52444      -13
52449      -12
52454       -1
52459        5
52464        5
52469        5
52474        7
52479        8
52484        9
52489        8
52494        8
52499        7
52504        4
52509        2
52514        6
52519        8
52524        4
52529       -1
52534       -1
52539       -3
52544       -6
52549       -9
52554       -7
52559       -9
52564      -10
52569      -11
52574      -12
52579      -18
52584      -20
52589      -21
52594      -18
52599      -18
52604      -20
52609      -22
52614      -22
52619      -25
52624      -24
52629      -19
52634      -13
52639      -15
52644      -12.2
52649      -11.9
52654      -11.4
52659      -15.8
52664      -14.9
52669      -14.1
52674      -12.0
52679      -10.5
52684       -7.6
52689       -5.5
52694       -4.3
52699       -4.2
52704       -2.0
52709       -2.2
52714        0.5
52719        0.3
52724        0.1
52729        0.8
52734        1.9
52739        4.2
52744        6.7
52749        5.1
52754        4.4
52759        9.2
52764        7.1
52769        6.3
52774       10.0
52779        5.9
52784       10.5
52789       10.0
52794       11.3
52799        7.2
52804        0.2
52809       -4.5
52814       -2.1
52819       -3.7
52824       -6.7
52829       -2.8
52834       -6.4
52839       -9.0
52844       -7.6
52849       -5.3
52854       -2.2
52859        2.5
52864       -4.8
52869       -5.6
52874       -5.6
52879       -4.8
52884       -4.3
52889       -9.7
52894      -11.8
52899      -11.0
52904      -13.9
52909      -15.1
52914      -11.3
52919       -6.7
52924       -5.4
52929       -1.1
52934       -2.2
52939       -1.0
52944       -1.8
52949       -0.4
52954        1.2
52959        2.5
52964        2.5
52969        0.0
52974        0.8
52979       -0.7
52984       -4.1
52989       -6.9
52994       -7.2
52999       -2.5
53004       -2.4
53009       -0.8
53014       -3.5
53019       -2.7
53024       -2.5
53029       -1.8
53034       -0.3
53039       -6.4
53044       -6.7
53049      -11.3
53054       -8.0
53059       -5.9
53064       -9.1
53069       -8.6
53074       -7.9
53079       -8.1
53084      -12.8
53089      -13.0
53094      -18.9
53099      -17.8
53104      -22.5
53109      -21.5
53114      -26.5
53119      -30.8
53124      -34.2
53129      -33.0
53134      -31.5
53139      -26.1
53144      -24.2
53149      -21.1
53154      -24.0
53159      -21.3
53164      -19.5
53169      -17.0
53174      -15.3
53179      -16.2
53184      -13.8
53189      -16.0
53194      -16.7
53199      -21.2
53204      -19.7
53209      -19.9
53214      -21.8
53219      -18.9
53224      -17.3
53229      -16.0
53234      -12.6
53239      -13.7
53244       -9.5
53249       -4.1
53254       -1.8
53259        3.4
53264        1.9
53269        4.7
53274       10.9
53279       12.9
53284       13.3
53289       11.3
53294       11.4
53299        7.7
53304        6.8
53309        7.3
53314        7.9
53319        2.5
53324        2.1
53329        4.7
53334        6.8
53339        9.1
53344        7.5
53349        7.7
53354        4.5
53359        3.8
53364        2.2
53369       -0.6
53374        1.2
53379        2.5
53384        3.0
53389        5.5
53394        5.9
53399        4.7
53404        5.9
53409        9.5
53414       12.7
53419       14.3
53424       14.4
53429       10.4
53434       12.3
53439       12.9
53444       13.2
53449       12.7
53454       14.0
53459       15.9
53464       18.2
53469       21.6
53474       23.9
53479       22.7
53484       24.1
53489       27.9
53494       33.2          PTB 0505 CirT.209
53499       33.8                           
53504       32.1                           
53509       35.1                           
53514       36.7                           
53519       36.7                           
53524       37.2          PTB 0506 CirT.210
53529       36.4                           
53534       34.6                           
53539       33.7                           
53544       24.9                           
53549       29.5                           
53554       30.2          PTB 0507 CirT.211
53559       29.1                           
53564       27.9                           
53569       22.6                           
53574       14.2                           
53579       12.7                           
53584       14.7          PTB 0508 CirT.212
53589       19.7                           
53594       23.8                           
53599       21.4                           
53604       20.3                           
53609       19.9                           
53614       20.7          PTB 0509 CirT.213
53619       24.3                           
53624       24.1                           
53629       20.1                           
53634       16.9                           
53639       12.9                           
53644       12.6          PTB 0510 CirT.214
53649       12.5                           
53654       10.2                           
53659        9.1                           
53664        7.5                           
53669        8.2                           
53674        3.5                           
53679        6.2          PTB 0511 CirT.215
53684       10.7                           
53689       11.5                           
53694        5.0                           
53699        2.4                           
53704        4.9                           
53709        8.1          PTB 0512 CirT.216
53714        5.8                           
53719        1.5                           
53724       -4.0                           
53729       -5.8                           
53734       -7.7                           
53739       -8.6          PTB 0601 CirT.217
53744       -6.6                           
53749      -10.5                           
53754      -17.6                           
53759      -14.0                           
53764      -20.2                           
53769      -17.4          PTB 0602 CirT.218
53774      -27.8                           
53779      -27.0                           
53784      -19.4                           
53789      -16.2                           
53794      -15.6                           
53799      -11.2          PTB 0603 CirT.219
53804      -10.8                           
53809       -4.1                           
53814        1.3                           
53819        0.7                           
53824        6.1                           
53829       11.1          PTB 0604 CirT.220
53834       14.1                           
53839       15.0                           
53844       21.7                           
53849       22.7                           
53854       22.0                           
53859       27.7          PTB 0605 CirT.221
53864       22.4                           
53869       23.6                           
53874       27.6                           
53879       30.1                           
53884       30.0                           
53889       32.7          PTB 0606 CirT.222
53894       34.6                           
53899       29.5                           
53904       28.2                           
53909       26.8                           
53914       25.8                           
53919       20.8          PTB 0607 CirT.223
53924       18.7                           
53929       17.2                           
53934       18.2                           
53939       17.4                           
53944       13.9                           
53949       10.1          PTB 0608 CirT.224
53954        6.3                           
53959       10.8                           
53964       11.5                           
53969       14.0                           
53974       11.3                           
53979        4.5          PTB 0609 CirT.225
53984        6.1                           
53989        0.0                           
53994       -5.1                           
53999       -6.3                           
54004       -5.0                           
54009       -3.6          PTB 0610 CirT.226
54014       -9.1                           
54019       -4.2                           
54024       -8.5                           
54029       -8.7                           
54034       -7.1                           
54039       -3.8                           
54044       -3.8          PTB 0611 CirT.227
54049       -3.1                           
54054        0.1                           
54059        1.6                           
54064        7.7                           
54069        9.2                           
54074        8.8   +/-    0.3   1.1   1.1          PTB 0612 CirT.228
54079        7.8   +/-    0.3   1.1   1.1                           
54084        8.4   +/-    0.3   1.1   1.1                           
54089        5.6   +/-    0.3   1.1   1.1                           
54094        1.9   +/-    0.3   1.1   1.1                           
54099       -0.9   +/-    0.3   1.1   1.1                           
54104       -2.3   +/-    0.3   1.1   1.1          PTB 0701 CirT.229
54109       -6.2   +/-    0.3   1.1   1.1                           
54114       -5.2   +/-    0.3   1.1   1.1                           
54119       -4.5   +/-    0.3   1.1   1.1                           
54124       -5.3   +/-    0.3   1.1   1.1                           
54129       -3.6   +/-    0.3   1.1   1.1                           
54134       -2.3   +/-    0.3   1.1   1.1          PTB 0702 CirT.230
54139       -1.9   +/-    0.3   1.1   1.1                           
54144       -1.3   +/-    0.3   1.1   1.1                           
54149        3.6   +/-    0.3   1.1   1.1                           
54154        4.9   +/-    0.3   1.1   1.1                           
54159        8.3   +/-    0.3   1.1   1.1                           
54164        8.5   +/-    0.2   1.0   1.1          PTB 0703 CirT.231
54169       10.6   +/-    0.2   1.0   1.1                           
54174       12.0   +/-    0.2   1.0   1.1                           
54179       14.9   +/-    0.2   1.0   1.1                           
54184       16.5   +/-    0.2   1.0   1.1                           
54189       18.5   +/-    0.2   1.0   1.1                           
54194       17.0   +/-    0.2   1.0   1.1          PTB 0704 CirT.232
54199       15.9   +/-    0.2   1.0   1.1                           
54204       15.4   +/-    0.2   1.0   1.1                           
54209       10.0   +/-    0.2   1.0   1.1                           
54214       12.6   +/-    0.2   1.0   1.1                           
54219       11.5   +/-    0.2   1.0   1.1                           
54224       10.5   +/-    0.3   1.0   1.1          PTB 0705 CirT.233
54229        9.2   +/-    0.3   1.0   1.1                           
54234       10.6   +/-    0.3   1.0   1.1                           
54239        8.4   +/-    0.3   1.0   1.1                           
54244        7.3   +/-    0.3   1.0   1.1                           
54249        9.1   +/-    0.3   1.0   1.1                           
54254        9.7   +/-    0.2   0.9   0.9          PTB 0706 CirT.234
54259        7.5   +/-    0.2   0.9   0.9                           
54264        4.1   +/-    0.2   0.9   0.9                           
54269       -0.7   +/-    0.2   0.9   0.9                           
54274        1.1   +/-    0.2   0.9   0.9                           
54279       -0.1   +/-    0.2   0.9   0.9                           
54284       -2.5   +/-    0.2   0.8   0.9          PTB 0707 CirT.235
54289       -5.5   +/-    0.2   0.8   0.9                           
54294       -5.5   +/-    0.2   0.8   0.9                           
54299       -8.2   +/-    0.2   0.8   0.9                           
54304       -8.6   +/-    0.2   0.8   0.9                           
54309       -7.7   +/-    0.2   0.8   0.9                           
54314      -10.7   +/-    0.2   0.9   0.9          PTB 0708 CirT.236
54319      -12.0   +/-    0.2   0.9   0.9                           
54324      -13.8   +/-    0.2   0.9   0.9                           
54329      -17.2   +/-    0.2   0.9   0.9                           
54334      -17.1   +/-    0.2   0.9   0.9                           
54339      -22.8   +/-    0.2   0.9   0.9                           
54344      -26.4   +/-    0.2   0.9   0.9          PTB 0709 CirT.237
54349      -26.6   +/-    0.2   0.9   0.9                           
54354      -28.2   +/-    0.2   0.9   0.9                           
54359      -28.9   +/-    0.2   0.9   0.9                           
54364      -34.9   +/-    0.2   0.9   0.9                           
54369      -36.1   +/-    0.2   0.9   0.9                           
54374      -31.2   +/-    0.2   0.9   0.9          PTB 0710 CirT.238
54379      -32.3   +/-    0.2   0.9   0.9                           
54384      -32.1   +/-    0.2   0.9   0.9                           
54389      -31.1   +/-    0.2   0.9   0.9                           
54394      -27.9   +/-    0.2   0.9   0.9                           
54399      -25.2   +/-    0.2   0.9   0.9                           
54404      -20.2   +/-    0.2   0.9   0.9                           
54409      -14.9   +/-    0.2   1.1   1.1          PTB 0711 CirT.239
54414      -12.7   +/-    0.2   1.1   1.1                           
54419      -10.5   +/-    0.2   1.1   1.1                           
54424       -7.5   +/-    0.2   1.1   1.1                           
54429       -3.9   +/-    0.2   1.1   1.1                           
54434       -5.2   +/-    0.2   1.1   1.1                           
54439       -4.3   +/-    0.2   1.2   1.2          PTB 0712 CirT.240
54444       -0.8   +/-    0.2   1.2   1.2                           
54449        0.0   +/-    0.2   1.2   1.2                           
54454        4.4   +/-    0.2   1.2   1.2                           
54459        6.5   +/-    0.2   1.2   1.2                           
54464        6.7   +/-    0.2   1.2   1.2                           
54469        6.4   +/-    0.2   1.2   1.2          PTB 0801 CirT.241
54474        8.7   +/-    0.2   1.2   1.2                           
54479       10.2   +/-    0.2   1.2   1.2                           
54484       13.1   +/-    0.2   1.2   1.2                           
54489       20.3   +/-    0.2   1.2   1.2                           
54494       16.6   +/-    0.2   1.2   1.2                           
54499       10.8   +/-    0.2   1.2   1.2          PTB 0802 CirT.242
54504        8.8   +/-    0.2   1.2   1.2                           
54509        5.7   +/-    0.2   1.2   1.2                           
54514       13.2   +/-    0.2   1.2   1.2                           
54519       15.8   +/-    0.2   1.2   1.2                           
54524       11.4   +/-    0.2   1.2   1.2                           
54529       16.0   +/-    0.2   1.1   1.2          PTB 0803 CirT.243
54534       15.8   +/-    0.2   1.1   1.2                           
54539       20.5   +/-    0.2   1.1   1.2                           
54544       22.2   +/-    0.2   1.1   1.2                           
54549       21.9   +/-    0.2   1.1   1.2                           
54554       22.1   +/-    0.2   1.1   1.2                           
54559       20.6   +/-    0.2   1.0   1.1          PTB 0804 CirT.244
54564       20.6   +/-    0.2   1.0   1.1                           
54569       21.5   +/-    0.2   1.0   1.1                           
54574       22.4   +/-    0.2   1.0   1.1                           
54579       19.9   +/-    0.2   1.0   1.1                           
54584       17.2   +/-    0.2   1.0   1.1                           
54589       18.5   +/-    0.2   1.0   1.1          PTB 0805 CirT.245
54594       22.0   +/-    0.2   1.0   1.1                           
54599       24.8   +/-    0.2   1.0   1.1                           
54604       27.9   +/-    0.2   1.0   1.1                           
54609       25.4   +/-    0.2   1.0   1.1                           
54614       28.9   +/-    0.2   1.0   1.1                           
54619       28.5   +/-    0.2   1.1   1.1          PTB 0806 CirT.246
54624       32.3   +/-    0.2   1.1   1.1                           
54629       31.5   +/-    0.2   1.1   1.1                           
54634       36.6   +/-    0.2   1.1   1.1                           
54639       41.9   +/-    0.2   1.1   1.1                           
54644       46.9   +/-    0.2   1.1   1.1                           
54649       49.2   +/-    0.2   1.0   1.1          PTB 0807 CirT.247
54654       51.3   +/-    0.2   1.0   1.1                           
54659       48.9   +/-    0.2   1.0   1.1                           
54664       53.0   +/-    0.2   1.0   1.1                           
54669       53.0   +/-    0.2   1.0   1.1                           
54674       48.6   +/-    0.2   1.0   1.1                           
54679       49.7   +/-    0.3   1.1   1.1          PTB 0808 CirT.248
54684       47.8   +/-    0.3   1.1   1.1                           
54689       49.4   +/-    0.3   1.1   1.1                           
54694       52.0   +/-    0.3   1.1   1.1                           
54699       54.5   +/-    0.3   1.1   1.1                           
54704       55.5   +/-    0.3   1.1   1.1                           
54709       57.1   +/-    0.3   1.1   1.1                           
54714       55.1   +/-    0.3   1.2   1.2          PTB 0809 CirT.249
54719       53.6   +/-    0.3   1.2   1.2                           
54724       49.0   +/-    0.3   1.2   1.2                           
54729       45.5   +/-    0.3   1.2   1.2                           
54734       47.4   +/-    0.3   1.2   1.2                           
54739       39.2   +/-    0.3   1.2   1.2                           
54744       34.2   +/-    0.2   1.1   1.1          PTB 0810 CirT.250
54749       28.5   +/-    0.2   1.1   1.1                           
54754       25.0   +/-    0.2   1.1   1.1                           
54759       24.4   +/-    0.2   1.1   1.1                           
54764       15.4   +/-    0.2   1.1   1.1                           
54769       11.7   +/-    0.2   1.1   1.1                           
54774        6.4   +/-    0.2   1.0   1.1          PTB 0811 CirT.251
54779        2.7   +/-    0.2   1.0   1.1                           
54784       -2.0   +/-    0.2   1.0   1.1                           
54789       -0.3   +/-    0.2   1.0   1.1                           
54794       -1.5   +/-    0.2   1.0   1.1                           
54799       -0.2   +/-    0.2   1.0   1.1                           
54804       -2.0   +/-    0.3   1.0   1.1          PTB 0812 CirT.252
54809       -4.0   +/-    0.3   1.0   1.1                           
54814      -11.1   +/-    0.3   1.0   1.1                           
54819      -15.0   +/-    0.3   1.0   1.1                           
54824      -12.2   +/-    0.3   1.0   1.1                           
54829      -13.1   +/-    0.3   1.0   1.1                           
54834      -13.8   +/-    0.3   1.0   1.1          PTB 0901 CirT.253
54839      -18.7   +/-    0.3   1.0   1.1                           
54844      -18.6   +/-    0.3   1.0   1.1                           
54849      -21.9   +/-    0.3   1.0   1.1                           
54854      -22.5   +/-    0.3   1.0   1.1                           
54859      -23.9   +/-    0.3   1.0   1.1                           
54864      -24.4   +/-    0.2   1.0   1.0          PTB 0902 CirT.254
54869      -25.9   +/-    0.2   1.0   1.0                           
54874      -30.4   +/-    0.2   1.0   1.0                           
54879      -33.1   +/-    0.2   1.0   1.0                           
54884      -33.8   +/-    0.2   1.0   1.0                           
54889      -33.9   +/-    0.2   1.0   1.0                           
54894      -28.2   +/-    0.2   1.0   1.0          PTB 0903 CirT.255
54899      -29.8   +/-    0.2   1.0   1.0                           
54904      -28.1   +/-    0.2   1.0   1.0                           
54909      -25.3   +/-    0.2   1.0   1.0                           
54914      -26.7   +/-    0.2   1.0   1.0                           
54919      -23.4   +/-    0.2   1.0   1.0                           
54924      -19.8   +/-    0.2   1.0   1.0          PTB 0904 CirT.256
54929      -19.7   +/-    0.2   1.0   1.0                           
54934      -22.3   +/-    0.2   1.0   1.0                           
54939      -22.2   +/-    0.2   1.0   1.0                           
54944      -19.5   +/-    0.2   1.0   1.0                           
54949      -24.0   +/-    0.2   1.0   1.0                           
54954      -23.0   +/-    0.2   1.0   1.0          PTB 0905 CirT.257
54959      -23.1   +/-    0.2   1.0   1.0                           
54964      -18.2   +/-    0.2   1.0   1.0                           
54969      -18.9   +/-    0.2   1.0   1.0                           
54974      -21.0   +/-    0.2   1.0   1.0                           
54979      -21.1   +/-    0.2   1.0   1.0                           
54984      -26.6   +/-    0.2   1.0   1.0          PTB 0906 CirT.258
54989      -28.8   +/-    0.2   1.0   1.0                           
54994      -27.3   +/-    0.2   1.0   1.0                           
54999      -27.5   +/-    0.2   1.0   1.0                           
55004      -28.8   +/-    0.2   1.0   1.0                           
55009      -31.0   +/-    0.2   1.0   1.0                           
55014      -31.4   +/-    0.2   1.0   1.0          PTB 0907 CirT.259
55019      -33.8   +/-    0.2   1.0   1.0                           
55024      -31.9   +/-    0.2   1.0   1.0                           
55029      -28.4   +/-    0.2   1.0   1.0                           
55034      -27.5   +/-    0.2   1.0   1.0                           
55039      -25.3   +/-    0.2   1.0   1.0                           
55044      -28.6   +/-    0.2   1.2   1.2          PTB 0908 CirT.260
55049      -30.2   +/-    0.2   1.2   1.2                           
55054      -28.9   +/-    0.2   1.2   1.2                           
55059      -28.8   +/-    0.2   1.2   1.2                           
55064      -30.3   +/-    0.2   1.2   1.2                           
55069      -31.5   +/-    0.2   1.2   1.2                           
55074      -30.1   +/-    0.2   1.2   1.2                           
55079      -28.4   +/-    0.2   1.2   1.2          PTB 0909 CirT.261
55084      -24.3   +/-    0.2   1.2   1.2                           
55089      -20.5   +/-    0.2   1.2   1.2                           
55094      -15.5   +/-    0.2   1.2   1.2                           
55099      -12.8   +/-    0.2   1.2   1.2                           
55104      -12.5   +/-    0.2   1.2   1.2                           
55109       -9.8   +/-    0.2   1.1   1.1          PTB 0910 CirT.262
55114       -7.2   +/-    0.2   1.1   1.1                           
55119       -8.5   +/-    0.2   1.1   1.1                           
55124       -5.4   +/-    0.2   1.1   1.1                           
55129       -5.2   +/-    0.2   1.1   1.1                           
55134       -0.2   +/-    0.2   1.1   1.1                           
55139       -3.0   +/-    0.2   1.1   1.1          PTB 0911 CirT.263
55144       -4.9   +/-    0.2   1.1   1.1                           
55149       -2.9   +/-    0.2   1.1   1.1                           
55154        0.8   +/-    0.2   1.1   1.1                           
55159        0.7   +/-    0.2   1.1   1.1                           
55164       -1.2   +/-    0.2   1.1   1.1                           
55169       -0.9   +/-    0.2   1.1   1.1          PTB 0912 CirT.264
55174        1.7   +/-    0.2   1.1   1.1                           
55179        5.2   +/-    0.2   1.1   1.1                           
55184        4.7   +/-    0.2   1.1   1.1                           
55189        8.1   +/-    0.2   1.1   1.1                           
55194        8.9   +/-    0.2   1.1   1.1                           
55199        5.8   +/-    0.2   1.3   1.3          PTB 1001 CirT.265
55204        6.2   +/-    0.2   1.3   1.3                           
55209        7.6   +/-    0.2   1.3   1.3                           
55214        5.0   +/-    0.2   1.3   1.3                           
55219        3.8   +/-    0.2   1.3   1.3                           
55224        3.2   +/-    0.2   1.3   1.3                           
55229        2.1   +/-    0.2   1.6   1.6          PTB 1002 CirT.266
55234       -2.1   +/-    0.2   1.6   1.6                           
55239      -11.2   +/-    0.2   1.6   1.6                           
55244      -16.4   +/-    0.2   1.6   1.6                           
55249      -14.0   +/-    0.2   1.6   1.6                           
55254      -13.4   +/-    0.2   1.6   1.6                           
55259      -16.0   +/-    0.2   1.0   1.0          PTB 1003 CirT.267
55264      -19.7   +/-    0.2   1.0   1.0                           
55269      -22.4   +/-    0.2   1.0   1.0                           
55274      -23.9   +/-    0.2   1.0   1.0                           
55279      -22.4   +/-    0.2   1.0   1.0                           
55284      -22.1   +/-    0.2   1.0   1.0                           
55289      -21.8   +/-    0.2   0.9   0.9          PTB 1004 CirT.268
55294      -22.4   +/-    0.2   0.9   0.9                           
55299      -21.7   +/-    0.2   0.9   0.9                           
55304      -21.4   +/-    0.2   0.9   0.9                           
55309      -20.4   +/-    0.2   0.9   0.9                           
55314      -21.8   +/-    0.2   0.9   0.9                           
55319      -20.5   +/-    0.2   0.9   0.9          PTB 1005 CirT.269
55324      -20.5   +/-    0.2   0.9   0.9                           
55329      -19.7   +/-    0.2   0.9   0.9                           
55334      -19.6   +/-    0.2   0.9   0.9                           
55339      -18.7   +/-    0.2   0.9   0.9                           
55344      -18.4   +/-    0.2   0.9   0.9                           
55349      -16.5   +/-    0.2   1.2   1.2          PTB 1006 CirT.270
55354      -15.5   +/-    0.2   1.2   1.2                           
55359      -13.6   +/-    0.2   1.2   1.2                           
55364      -12.3   +/-    0.2   1.2   1.2                           
55369      -11.1   +/-    0.2   1.2   1.2                           
55374      -10.4   +/-    0.2   1.2   1.2                           
55379       -9.1   +/-    0.2   1.2   1.2          PTB 1007 CirT.271
55384       -7.7   +/-    0.2   1.2   1.2                           
55389       -6.7   +/-    0.2   1.2   1.2                           
55394       -5.6   +/-    0.2   1.2   1.2                           
55399       -5.2   +/-    0.2   1.2   1.2                           
55404       -4.2   +/-    0.2   1.2   1.2                           
55409       -2.6   +/-    0.2   1.2   1.2          PTB 1008 CirT.272
55414       -1.3   +/-    0.2   1.2   1.2                           
55419       -0.2   +/-    0.2   1.2   1.2                           
55424        0.8   +/-    0.2   1.2   1.2                           
55429        1.3   +/-    0.2   1.2   1.2                           
55434        1.2   +/-    0.2   1.2   1.2                           
55439        2.1   +/-    0.2   1.2   1.2                           
55444        0.9   +/-    0.2   1.2   1.3          PTB 1009 CirT.273
55449        2.0   +/-    0.2   1.2   1.3                           
55454        1.2   +/-    0.2   1.2   1.3                           
55459        0.5   +/-    0.2   1.2   1.3                           
55464       -0.5   +/-    0.2   1.2   1.3                           
55469       -2.3   +/-    0.2   1.2   1.3                           
55474       -2.8   +/-    0.2   1.3   1.3          PTB 1010 CirT.274
55479       -2.8   +/-    0.2   1.3   1.3                           
55484       -1.9   +/-    0.2   1.3   1.3                           
55489       -2.4   +/-    0.2   1.3   1.3                           
55494       -2.3   +/-    0.2   1.3   1.3                           
55499       -3.0   +/-    0.2   1.3   1.3                           
55504       -2.5   +/-    0.2   1.7   1.7          PTB 1011 CirT.275
55509       -2.2   +/-    0.2   1.7   1.7                           
55514       -1.0   +/-    0.2   1.7   1.7                           
55519       -1.3   +/-    0.2   1.7   1.7                           
55524       -2.4   +/-    0.2   1.7   1.7                           
55529       -2.9   +/-    0.2   1.7   1.7                           
55534       -1.9   +/-    0.2   1.7   1.7          PTB 1012 CirT.276
55539       -1.8   +/-    0.2   1.7   1.7                           
55544       -1.9   +/-    0.2   1.7   1.7                           
55549       -1.1   +/-    0.2   1.7   1.7                           
55554       -1.0   +/-    0.2   1.7   1.7                           
55559       -1.4   +/-    0.2   1.7   1.7                           
55564       -1.4   +/-    0.2   1.7   1.7          PTB 1101 CirT.277
55569       -2.0   +/-    0.2   1.7   1.7                           
55574       -1.6   +/-    0.2   1.7   1.7                           
55579       -2.2   +/-    0.2   1.7   1.7                           
55584       -3.0   +/-    0.2   1.7   1.7                           
55589       -2.4   +/-    0.2   1.7   1.7                           
55594       -2.4   +/-    0.2   1.6   1.7          PTB 1102 CirT.278
55599       -2.1   +/-    0.2   1.6   1.7                           
55604       -2.7   +/-    0.2   1.6   1.7                           
55609       -3.1   +/-    0.2   1.6   1.7                           
55614       -2.8   +/-    0.2   1.6   1.7                           
55619       -2.2   +/-    0.2   1.6   1.7                           
55624       -1.6   +/-    0.2   1.7   1.7          PTB 1103 CirT.279
55629       -1.0   +/-    0.2   1.7   1.7                           
55634       -0.8   +/-    0.2   1.7   1.7                           
55639       -0.7   +/-    0.2   1.7   1.7                           
55644       -0.9   +/-    0.2   1.7   1.7                           
55649        0.2   +/-    0.2   1.7   1.7                           
55654        0.4   +/-    0.2   1.6   1.6          PTB 1104 CirT.280
55659        0.9   +/-    0.2   1.6   1.6                           
55664        0.0   +/-    0.2   1.6   1.6                           
55669       -0.5   +/-    0.2   1.6   1.6                           
55674       -0.6   +/-    0.2   1.6   1.6                           
55679       -1.5   +/-    0.2   1.6   1.6                           
55684       -2.3   +/-    0.2   1.6   1.6          PTB 1105 CirT.281
55689       -2.8   +/-    0.2   1.6   1.6                           
55694       -3.4   +/-    0.2   1.6   1.6                           
55699       -3.4   +/-    0.2   1.6   1.6                           
55704       -4.1   +/-    0.2   1.6   1.6                           
55709       -4.2   +/-    0.2   1.6   1.6                           
55714       -4.4   +/-    0.2   1.5   1.5          PTB 1106 CirT.282
55719       -4.2   +/-    0.2   1.5   1.5                           
55724       -5.4   +/-    0.2   1.5   1.5                           
55729       -5.5   +/-    0.2   1.5   1.5                           
55734       -5.6   +/-    0.2   1.5   1.5                           
55739       -5.5   +/-    0.2   1.5   1.5                           
55744       -3.3   +/-    0.2   1.5   1.5          PTB 1107 CirT.283
55749       -3.5   +/-    0.2   1.5   1.5                           
55754       -3.2   +/-    0.2   1.5   1.5                           
55759       -1.9   +/-    0.2   1.5   1.5                           
55764       -1.5   +/-    0.2   1.5   1.5                           
55769       -1.9   +/-    0.2   1.5   1.5                           
55774       -2.4   +/-    0.2   1.5   1.5          PTB 1108 CirT.284
55779       -1.3   +/-    0.2   1.5   1.5                           
55784       -0.6   +/-    0.2   1.5   1.5                           
55789        0.2   +/-    0.2   1.5   1.5                           
55794        0.5   +/-    0.2   1.5   1.5                           
55799        1.2   +/-    0.2   1.5   1.5                           
55804        1.3   +/-    0.2   1.5   1.5                           
55809        1.7   +/-    0.2   1.4   1.5          PTB 1109 CirT.285
55814        2.2   +/-    0.2   1.4   1.5                           
55819        3.1   +/-    0.2   1.4   1.5                           
55824        3.1   +/-    0.2   1.4   1.5                           
55829        3.7   +/-    0.2   1.4   1.5                           
55834        4.0   +/-    0.2   1.4   1.5                           
55839        4.6   +/-    0.2   1.4   1.4          PTB 1110 CirT.286
55844        5.1   +/-    0.2   1.4   1.4                           
55849        3.3   +/-    0.2   1.4   1.4                           
55854        2.8   +/-    0.2   1.4   1.4                           
55859        2.2   +/-    0.2   1.4   1.4                           
55864        1.5   +/-    0.2   1.4   1.4                           
55869        0.6   +/-    0.2   1.5   1.5          PTB 1111 CirT.287
55874        0.2   +/-    0.2   1.5   1.5                           
55879       -1.3   +/-    0.2   1.5   1.5                           
55884       -1.4   +/-    0.2   1.5   1.5                           
55889       -1.9   +/-    0.2   1.5   1.5                           
55894       -1.8   +/-    0.2   1.5   1.5                           
55899       -1.1   +/-    0.2   1.4   1.4          PTB 1112 CirT.288
55904       -1.6   +/-    0.2   1.4   1.4                           
55909       -1.4   +/-    0.2   1.4   1.4                           
55914       -2.4   +/-    0.2   1.4   1.4                           
55919       -1.8   +/-    0.2   1.4   1.4                           
55924       -2.2   +/-    0.2   1.4   1.4                           
55929       -3.3   +/-    0.2   1.4   1.5          PTB 1201 CirT.289
55934       -3.1   +/-    0.2   1.4   1.5                           
55939       -3.2   +/-    0.2   1.4   1.5                           
55944       -3.4   +/-    0.2   1.4   1.5                           
55949       -4.2   +/-    0.2   1.4   1.5                           
55954       -4.6   +/-    0.2   1.4   1.5                           
55959       -4.9   +/-    0.2   1.5   1.5          PTB 1202 CirT.290
55964       -5.4   +/-    0.2   1.5   1.5                           
55969       -5.2   +/-    0.2   1.5   1.5                           
55974       -4.6   +/-    0.2   1.5   1.5                           
55979       -4.7   +/-    0.2   1.5   1.5                           
55984       -2.9   +/-    0.2   1.5   1.5                           
55989       -2.6   +/-    0.1   1.4   1.4          PTB 1203 CirT.291
55994       -2.8   +/-    0.1   1.4   1.4                           
55999       -2.0   +/-    0.1   1.4   1.4                           
56004       -2.4   +/-    0.1   1.4   1.4                           
56009       -3.0   +/-    0.1   1.4   1.4                           
56014       -3.6   +/-    0.1   1.4   1.4                           
56019       -3.3   +/-    0.1   1.5   1.5          PTB 1204 CirT.292
56024       -3.6   +/-    0.1   1.5   1.5                           
56029       -3.1   +/-    0.1   1.5   1.5                           
56034       -2.2   +/-    0.1   1.5   1.5                           
56039       -1.4   +/-    0.1   1.5   1.5                           
56044       -0.2   +/-    0.1   1.5   1.5                           
56049        0.2   +/-    0.1   1.5   1.5          PTB 1205 CirT.293
56054        0.7   +/-    0.1   1.5   1.5                           
56059        0.8   +/-    0.1   1.5   1.5                           
56064        1.4   +/-    0.1   1.5   1.5                           
56069        1.8   +/-    0.1   1.5   1.5                           
56074        2.2   +/-    0.1   1.5   1.5                           
56079        1.6   +/-    0.1   1.5   1.5          PTB 1206 CirT.294
56084        1.5   +/-    0.1   1.5   1.5                           
56089        1.8   +/-    0.1   1.5   1.5                           
56094        1.0   +/-    0.1   1.5   1.5                           
56099        0.5   +/-    0.1   1.5   1.5                           
56104        0.9   +/-    0.1   1.5   1.5                           
56109        0.5   +/-    0.1   1.6   1.6          PTB 1207 CirT.295
56114       -0.4   +/-    0.1   1.6   1.6                           
56119       -0.4   +/-    0.1   1.6   1.6                           
56124       -0.1   +/-    0.1   1.6   1.6                           
56129       -0.1   +/-    0.1   1.6   1.6                           
56134       -1.4   +/-    0.1   1.6   1.6                           
56139        0.4   +/-    0.1   1.6   1.6                           
56144        1.1   +/-    0.1   1.6   1.6          PTB 1208 CirT.296
56149        1.3   +/-    0.1   1.6   1.6                           
56154        1.2   +/-    0.1   1.6   1.6                           
56159        1.2   +/-    0.1   1.6   1.6                           
56164        1.0   +/-    0.1   1.6   1.6                           
56169        1.9   +/-    0.1   1.6   1.6                           
56174        1.6   +/-    0.1   1.6   1.6          PTB 1209 CirT.297
56179        2.5   +/-    0.1   1.6   1.6                           
56184        2.3   +/-    0.1   1.6   1.6                           
56189        2.5   +/-    0.1   1.6   1.6                           
56194        1.4   +/-    0.1   1.6   1.6                           
56199        1.6   +/-    0.1   1.6   1.6                           
56204        1.5   +/-    0.1   1.6   1.6          PTB 1210 CirT.298
56209        1.5   +/-    0.1   1.6   1.6                           
56214        1.2   +/-    0.1   1.6   1.6                           
56219        0.7   +/-    0.1   1.6   1.6                           
56224        0.7   +/-    0.1   1.6   1.6                           
56229        1.5   +/-    0.1   1.6   1.6                           
56234        1.6   +/-    0.1   1.6   1.6          PTB 1211 CirT.299
56239        0.4   +/-    0.1   1.6   1.6                           
56244        1.0   +/-    0.1   1.6   1.6                           
56249        0.7   +/-    0.1   1.6   1.6                           
56254        1.1   +/-    0.1   1.6   1.6                           
56259        2.3   +/-    0.1   1.6   1.6                           
56264        1.9   +/-    0.1   1.6   1.6          PTB 1212 CirT.300
56269        2.0   +/-    0.1   1.6   1.6                           
56274        3.4   +/-    0.1   1.6   1.6                           
56279        1.6   +/-    0.1   1.6   1.6                           
56284        2.5   +/-    0.1   1.6   1.6                           
56289        1.4   +/-    0.1   1.6   1.6                           
56294        0.8   +/-    0.1   1.5   1.6          PTB 1301 CirT.301
56299        0.5   +/-    0.1   1.5   1.6                           
56304        0.6   +/-    0.1   1.5   1.6                           
56309       -0.3   +/-    0.1   1.5   1.6                           
56314       -0.3   +/-    0.1   1.5   1.6                           
56319       -0.3   +/-    0.1   1.5   1.6                           
56324       -0.5   +/-    0.1   1.6   1.6          PTB 1302 CirT.302
56329       -0.8   +/-    0.1   1.6   1.6                           
56334       -1.0   +/-    0.1   1.6   1.6                           
56339       -0.5   +/-    0.1   1.6   1.6                           
56344       -0.6   +/-    0.1   1.6   1.6                           
56349       -0.2   +/-    0.1   1.6   1.6                           
56354       -1.0   +/-    0.1   1.6   1.6          PTB 1303 CirT.303
56359       -1.3   +/-    0.1   1.6   1.6                           
56364       -0.6   +/-    0.1   1.6   1.6                           
56369       -0.2   +/-    0.1   1.6   1.6                           
56374       -0.1   +/-    0.1   1.6   1.6                           
56379       -0.1   +/-    0.1   1.6   1.6                           
56384        0.5   +/-    0.1   1.5   1.5          PTB 1304 CirT.304
56389        0.8   +/-    0.1   1.5   1.5                           
56394        0.9   +/-    0.1   1.5   1.5                           
56399        1.9   +/-    0.1   1.5   1.5                           
56404        2.3   +/-    0.1   1.5   1.5                           
56409        1.9   +/-    0.1   1.5   1.5                           
56414        1.4   +/-    0.1   1.5   1.5          PTB 1305 CirT.305
56419        2.3   +/-    0.1   1.5   1.5                           
56424        1.8   +/-    0.1   1.5   1.5                           
56429        3.3   +/-    0.1   1.5   1.5                           
56434        2.0   +/-    0.1   1.5   1.5                           
56439        2.0   +/-    0.1   1.5   1.5                           
56444        1.2   +/-    0.1   1.5   1.5          PTB 1306 CirT.306
56449        0.8   +/-    0.1   1.5   1.5                           
56454       -0.5   +/-    0.1   1.5   1.5                           
56459       -1.7   +/-    0.1   1.5   1.5                           
56464       -1.9   +/-    0.1   1.5   1.5                           
56469       -2.4   +/-    0.1   1.5   1.5                           
56474       -2.5   +/-    0.1   1.5   1.5          PTB 1307 CirT.307
56479       -2.9   +/-    0.1   1.5   1.5                           
56484       -3.7   +/-    0.1   1.5   1.5                           
56489       -3.7   +/-    0.1   1.5   1.5                           
56494       -2.8   +/-    0.1   1.5   1.5                           
56499       -2.6   +/-    0.1   1.5   1.5                           
56504       -1.9   +/-    0.1   1.5   1.5                           
56509       -1.5   +/-    0.1   1.5   1.6          PTB 1308 CirT.308
56514       -0.9   +/-    0.1   1.5   1.6                           
56519       -1.2   +/-    0.1   1.5   1.6                           
56524       -0.6   +/-    0.1   1.5   1.6                           
56529       -0.8   +/-    0.1   1.5   1.6                           
56534       -0.2   +/-    0.1   1.5   1.6                           
56539       -0.1   +/-    0.1   1.5   1.5          PTB 1309 CirT.309
56544        0.8   +/-    0.1   1.5   1.5                           
56549        0.7   +/-    0.1   1.5   1.5                           
56554        0.8   +/-    0.1   1.5   1.5                           
56559       -0.2   +/-    0.1   1.5   1.5                           
56564       -1.0   +/-    0.1   1.5   1.5                           
56569       -2.3   +/-    0.1   1.6   1.6          PTB 1310 CirT.310
56574       -3.4   +/-    0.1   1.6   1.6                           
56579       -4.2   +/-    0.1   1.6   1.6                           
56584       -4.0   +/-    0.1   1.6   1.6                           
56589       -4.6   +/-    0.1   1.6   1.6                           
56594       -5.5   +/-    0.1   1.6   1.6                           
56599       -7.3   +/-    0.1   1.5   1.5          PTB 1311 CirT.311
56604       -7.6   +/-    0.1   1.5   1.5                           
56609       -7.9   +/-    0.1   1.5   1.5                           
56614       -8.1   +/-    0.1   1.5   1.5                           
56619       -7.2   +/-    0.1   1.5   1.5                           
56624       -7.7   +/-    0.1   1.5   1.5                           
56629       -7.2   +/-    0.1   1.5   1.5          PTB 1312 CirT.312
56634       -6.3   +/-    0.1   1.5   1.5                           
56639       -6.3   +/-    0.1   1.5   1.5                           
56644       -5.0   +/-    0.1   1.5   1.5                           
56649       -3.4   +/-    0.1   1.5   1.5                           
56654       -2.4   +/-    0.1   1.5   1.5                           
56659       -1.6   +/-    0.1   1.7   1.7          PTB 1401 CirT.313
56664       -1.3   +/-    0.1   1.7   1.7                           
56669       -0.5   +/-    0.1   1.7   1.7                           
56674       -0.5   +/-    0.1   1.7   1.7                           
56679        0.4   +/-    0.1   1.7   1.7                           
56684        0.1   +/-    0.1   1.7   1.7                           
56689        0.0   +/-    0.1   1.7   1.7          PTB 1402 CirT.314
56694       -0.5   +/-    0.1   1.7   1.7                           
56699       -0.3   +/-    0.1   1.7   1.7                           
56704       -0.3   +/-    0.1   1.7   1.7                           
56709       -1.2   +/-    0.1   1.7   1.7                           
56714       -0.8   +/-    0.1   1.7   1.7                           
56719       -0.6   +/-    0.1   1.8   1.8          PTB 1403 CirT.315
56724       -0.3   +/-    0.1   1.8   1.8                           
56729        0.7   +/-    0.1   1.8   1.8                           
56734        0.9   +/-    0.1   1.8   1.8                           
56739        0.0   +/-    0.1   1.8   1.8                           
56744       -0.1   +/-    0.1   1.8   1.8                           
56749        0.3   +/-    0.1   1.8   1.8          PTB 1404 CirT.316
56754        0.1   +/-    0.1   1.8   1.8                           
56759       -0.8   +/-    0.1   1.8   1.8                           
56764       -1.0   +/-    0.1   1.8   1.8                           
56769       -1.5   +/-    0.1   1.8   1.8                           
56774       -2.2   +/-    0.1   1.8   1.8                           
56779       -2.7   +/-    0.1   1.8   1.8          PTB 1405 CirT.317
56784       -3.6   +/-    0.1   1.8   1.8                           
56789       -3.4   +/-    0.1   1.8   1.8                           
56794       -3.7   +/-    0.1   1.8   1.8                           
56799       -3.2   +/-    0.1   1.8   1.8                           
56804       -2.9   +/-    0.1   1.8   1.8                           
56809       -2.5   +/-    0.1   1.8   1.8          PTB 1406 CirT.318
56814       -2.9   +/-    0.1   1.8   1.8                           
56819       -2.2   +/-    0.1   1.8   1.8                           
56824       -2.3   +/-    0.1   1.8   1.8                           
56829       -2.4   +/-    0.1   1.8   1.8                           
56834       -2.2   +/-    0.1   1.8   1.8                           
56839       -1.4   +/-    0.1   1.8   1.8          PTB 1407 CirT.319
56844       -0.8   +/-    0.1   1.8   1.8                           
56849       -1.1   +/-    0.1   1.8   1.8                           
56854       -1.2   +/-    0.1   1.8   1.8                           
56859       -1.3   +/-    0.1   1.8   1.8                           
56864       -1.6   +/-    0.1   1.8   1.8                           
56869       -2.3   +/-    0.1   1.8   1.8                           
56874       -2.6   +/-    0.1   1.8   1.8          PTB 1408 CirT.320
56879       -2.8   +/-    0.1   1.8   1.8                           
56884       -3.6   +/-    0.1   1.8   1.8                           
56889       -3.8   +/-    0.1   1.8   1.8                           
56894       -3.9   +/-    0.1   1.8   1.8                           
56899       -3.7   +/-    0.1   1.8   1.8                           
56904       -4.0   +/-    0.1   1.8   1.8          PTB 1409 CirT.321
56909       -4.2   +/-    0.1   1.8   1.8                           
56914       -4.5   +/-    0.1   1.8   1.8                           
56919       -4.0   +/-    0.1   1.8   1.8                           
56924       -4.1   +/-    0.1   1.8   1.8                           
56929       -3.8   +/-    0.1   1.8   1.8                           
56934       -2.5   +/-    0.1   0.7   0.7          PTB 1410 CirT.322
56939       -2.6   +/-    0.1   0.7   0.7                           
56944       -1.8   +/-    0.1   0.7   0.7                           
56949       -2.1   +/-    0.1   0.7   0.7                           
56954       -2.0   +/-    0.1   0.7   0.7                           
56959       -2.1   +/-    0.1   0.7   0.7                           
56964       -1.6   +/-    0.2   0.7   0.8          PTB 1411 CirT.323
56969       -1.5   +/-    0.2   0.7   0.8                           
56974       -1.5   +/-    0.2   0.7   0.8                           
56979       -1.8   +/-    0.2   0.7   0.8                           
56984       -2.0   +/-    0.2   0.7   0.8                           
56989       -2.5   +/-    0.2   0.7   0.8                           
56994       -2.3   +/-    0.2   0.8   0.8          PTB 1412 CirT.324
56999       -2.1   +/-    0.2   0.8   0.8                           
57004       -2.4   +/-    0.2   0.8   0.8                           
57009       -2.3   +/-    0.2   0.8   0.8                           
57014       -2.5   +/-    0.2   0.8   0.8                           
57019       -1.8   +/-    0.2   0.8   0.8                           
57024       -1.8   +/-    0.2   0.8   0.8          PTB 1501 CirT.325
57029       -1.7   +/-    0.2   0.8   0.8                           
57034       -1.2   +/-    0.2   0.8   0.8                           
57039       -0.5   +/-    0.2   0.8   0.8                           
57044       -0.6   +/-    0.2   0.8   0.8                           
57049       -0.6   +/-    0.2   0.8   0.8                           
57054       -0.1   +/-    0.1   0.8   0.8          PTB 1502 CirT.326
57059        0.5   +/-    0.1   0.8   0.8                           
57064        1.5   +/-    0.1   0.8   0.8                           
57069        1.6   +/-    0.1   0.8   0.8                           
57074        2.1   +/-    0.1   0.8   0.8                           
57079        1.9   +/-    0.1   0.8   0.8                           
57084        1.4   +/-    0.1   0.8   0.8          PTB 1503 CirT.327
57089        2.2   +/-    0.1   0.8   0.8                           
57094        2.4   +/-    0.1   0.8   0.8                           
57099        1.9   +/-    0.1   0.8   0.8                           
57104        1.2   +/-    0.1   0.8   0.8                           
57109        0.9   +/-    0.1   0.8   0.8                           
57114        1.0   +/-    0.1   0.8   0.8          PTB 1504 CirT.328
57119        0.7   +/-    0.1   0.8   0.8                           
57124        0.0   +/-    0.1   0.8   0.8                           
57129        0.0   +/-    0.1   0.8   0.8                           
57134       -0.1   +/-    0.1   0.8   0.8                           
57139        0.2   +/-    0.1   0.8   0.8                           
57144        0.0   +/-    0.1   0.8   0.8          PTB 1505 CirT.329
57149       -0.2   +/-    0.1   0.8   0.8                           
57154       -0.2   +/-    0.1   0.8   0.8                           
57159       -1.3   +/-    0.1   0.8   0.8                           
57164       -1.3   +/-    0.1   0.8   0.8                           
57169       -1.5   +/-    0.1   0.8   0.8                           
57174       -2.1   +/-    0.1   0.8   0.8          PTB 1506 CirT.330
57179       -2.1   +/-    0.1   0.8   0.8                           
57184       -2.8   +/-    0.1   0.8   0.8                           
57189       -2.8   +/-    0.1   0.8   0.8                           
57194       -2.8   +/-    0.1   0.8   0.8                           
57199       -3.0   +/-    0.1   0.8   0.8                           
57204       -2.7   +/-    0.1   0.8   0.8          PTB 1507 CirT.331
57209       -2.9   +/-    0.1   0.8   0.8                           
57214       -2.6   +/-    0.1   0.8   0.8                           
57219       -2.4   +/-    0.1   0.8   0.8                           
57224       -2.2   +/-    0.1   0.8   0.8                           
57229       -2.1   +/-    0.1   0.8   0.8                           
57234       -2.3   +/-    0.1   0.8   0.8                           
57239       -1.6   +/-    0.1   0.8   0.8          PTB 1508 CirT.332
57244       -1.2   +/-    0.1   0.8   0.8                           
57249       -0.6   +/-    0.1   0.8   0.8                           
57254       -0.6   +/-    0.1   0.8   0.8                           
57259        0.2   +/-    0.1   0.8   0.8                           
57264        0.3   +/-    0.1   0.8   0.8                           
57269        0.4   +/-    0.1   0.7   0.7          PTB 1509 CirT.333
57274        0.8   +/-    0.1   0.7   0.7                           
57279        0.9   +/-    0.1   0.7   0.7                           
57284        0.8   +/-    0.1   0.7   0.7                           
57289        1.2   +/-    0.1   0.7   0.7                           
57294        1.2   +/-    0.1   0.7   0.7                           
57299        1.4   +/-    0.1   0.7   0.7          PTB 1510 CirT.334
57304        1.6   +/-    0.1   0.7   0.7                           
57309        1.3   +/-    0.1   0.7   0.7                           
57314        0.4   +/-    0.1   0.7   0.7                           
57319        0.2   +/-    0.1   0.7   0.7                           
57324        0.5   +/-    0.1   0.7   0.7                           
57329        0.5   +/-    0.1   0.7   0.7          PTB 1511 CirT.335
57334        0.8   +/-    0.1   0.7   0.7                           
57339        0.7   +/-    0.1   0.7   0.7                           
57344        0.9   +/-    0.1   0.7   0.7                           
57349        0.9   +/-    0.1   0.7   0.7                           
57354        1.5   +/-    0.1   0.7   0.7                           
57359        1.7   +/-    0.1   0.7   0.7          PTB 1512 CirT.336
57364        1.9   +/-    0.1   0.7   0.7                           
57369        2.4   +/-    0.1   0.7   0.7                           
57374        2.5   +/-    0.1   0.7   0.7                           
57379        2.6   +/-    0.1   0.7   0.7                           
57384        2.6   +/-    0.1   0.7   0.7                           
57389        2.4   +/-    0.1   1.0   1.0          PTB 1601 CirT.337
57394        2.5   +/-    0.1   1.0   1.0                           
57399        3.0   +/-    0.1   1.0   1.0                           
57404        2.9   +/-    0.1   1.0   1.0                           
57409        2.9   +/-    0.1   1.0   1.0                           
57414        2.8   +/-    0.1   1.0   1.0                           
57419        2.9   +/-    0.1   1.1   1.1          PTB 1602 CirT.338
57424        3.0   +/-    0.1   1.1   1.1                           
57429        3.1   +/-    0.1   1.1   1.1                           
57434        2.9   +/-    0.1   1.1   1.1                           
57439        2.9   +/-    0.1   1.1   1.1                           
57444        2.8   +/-    0.1   1.1   1.1                           
57449        3.8   +/-    0.1   1.1   1.1          PTB 1603 CirT.339
57454        3.8   +/-    0.1   1.1   1.1                           
57459        3.6   +/-    0.1   1.1   1.1                           
57464        4.0   +/-    0.1   1.1   1.1                           
57469        4.3   +/-    0.1   1.1   1.1                           
57474        4.4   +/-    0.1   1.1   1.1                           
57479        4.6   +/-    0.1   1.1   1.1          PTB 1604 CirT.340
57484        5.0   +/-    0.1   1.1   1.1                           
57489        5.3   +/-    0.1   1.1   1.1                           
57494        5.6   +/-    0.1   1.1   1.1                           
57499        5.0   +/-    0.1   1.1   1.1                           
57504        5.1   +/-    0.1   1.1   1.1                           
57509        5.3   +/-    0.1   1.1   1.1          PTB 1605 CirT.341
57514        5.4   +/-    0.1   1.1   1.1                           
57519        5.1   +/-    0.1   1.1   1.1                           
57524        4.7   +/-    0.1   1.1   1.1                           
57529        4.5   +/-    0.1   1.1   1.1                           
57534        4.4   +/-    0.1   1.1   1.1                           
57539        3.9   +/-    0.1   1.1   1.1                           
57544        3.2   +/-    0.1   1.4   1.4          PTB 1606 CirT.342
57549        2.6   +/-    0.1   1.4   1.4                           
57554        2.1   +/-    0.1   1.4   1.4                           
57559        1.7   +/-    0.1   1.4   1.4                           
57564        1.6   +/-    0.1   1.4   1.4                           
57569        0.9   +/-    0.1   1.4   1.4                           
57574        0.8   +/-    0.1   1.4   1.4          PTB 1607 CirT.343
57579        0.7   +/-    0.1   1.4   1.4                           
57584        0.4   +/-    0.1   1.4   1.4                           
57589        0.7   +/-    0.1   1.4   1.4                           
57594        0.8   +/-    0.1   1.4   1.4                           
57599        1.1   +/-    0.1   1.4   1.4                           
57604        1.7   +/-    0.1   1.4   1.4          PTB 1608 CirT.344
57609        1.9   +/-    0.1   1.4   1.4                           
57614        1.8   +/-    0.1   1.4   1.4                           
57619        1.8   +/-    0.1   1.4   1.4                           
57624        1.7   +/-    0.1   1.4   1.4                           
57629        2.1   +/-    0.1   1.4   1.4                           
57634        2.4   +/-    0.2   0.9   0.9          PTB 1609 CirT.345
57639        2.6   +/-    0.2   0.9   0.9                           
57644        2.3   +/-    0.2   0.9   0.9                           
57649        2.2   +/-    0.2   0.9   0.9                           
57654        2.1   +/-    0.2   0.9   0.9                           
57659        2.1   +/-    0.2   0.9   0.9                           
57664        2.3   +/-    0.2   0.9   0.9          PTB 1610 CirT.346
57669        2.9   +/-    0.2   0.9   0.9                           
57674        2.9   +/-    0.2   0.9   0.9                           
57679        2.7   +/-    0.2   0.9   0.9                           
57684        2.8   +/-    0.2   0.9   0.9                           
57689        2.6   +/-    0.2   0.9   0.9                           
57694        2.6   +/-    0.2   1.0   1.0          PTB 1611 CirT.347
57699        2.8   +/-    0.2   1.0   1.0                           
57704        3.0   +/-    0.2   1.0   1.0                           
57709        3.2   +/-    0.2   1.0   1.0                           
57714        3.2   +/-    0.2   1.0   1.0                           
57719        3.2   +/-    0.2   1.0   1.0                           
57724        2.6   +/-    0.2   0.9   0.9          PTB 1612 CirT.348
57729        2.5   +/-    0.2   0.9   0.9                           
57734        2.3   +/-    0.2   0.9   0.9                           
57739        1.2   +/-    0.2   0.9   0.9                           
57744        1.6   +/-    0.2   0.9   0.9                           
57749        1.1   +/-    0.2   0.9   0.9                           
57754        0.8   +/-    0.2   0.9   1.0          PTB 1701 CirT.349
57759        0.3   +/-    0.2   0.9   1.0                           
57764        0.2   +/-    0.2   0.9   1.0                           
57769        0.4   +/-    0.2   0.9   1.0                           
57774        0.5   +/-    0.2   0.9   1.0                           
57779        1.1   +/-    0.2   0.9   1.0                           
57784        1.3   +/-    0.2   0.9   1.0                           
57789        1.1   +/-    0.2   0.9   0.9          PTB 1702 CirT.350
57794        0.9   +/-    0.2   0.9   0.9                           
57799        1.3   +/-    0.2   0.9   0.9                           
57804        1.1   +/-    0.2   0.9   0.9                           
57809        1.2   +/-    0.2   0.9   0.9                           
57814        0.8   +/-    0.2   0.9   0.9          PTB 1703 CirT.351
57819        0.2   +/-    0.2   0.9   0.9                           
57824       -0.2   +/-    0.2   0.9   0.9                           
57829       -0.8   +/-    0.2   0.9   0.9                           
57834       -1.2   +/-    0.2   0.9   0.9                           
57839       -1.8   +/-    0.2   0.9   0.9                           
57844       -1.7   +/-    0.2   0.9   0.9          PTB 1704 CirT.352
57849       -1.8   +/-    0.2   0.9   0.9                           
57854       -2.0   +/-    0.2   0.9   0.9                           
57859       -2.3   +/-    0.2   0.9   0.9                           
57864       -2.7   +/-    0.2   0.9   0.9                           
57869       -2.9   +/-    0.2   0.9   0.9                           
57874       -3.5   +/-    0.2   1.0   1.1          PTB 1705 CirT.353
57879       -3.9   +/-    0.2   1.0   1.1                           
57884       -4.3   +/-    0.2   1.0   1.1                           
57889       -4.7   +/-    0.2   1.0   1.1                           
57894       -4.8   +/-    0.2   1.0   1.1                           
57899       -4.9   +/-    0.2   1.0   1.1                           
57904       -5.3   +/-    0.2   1.0   1.1                           
57909       -5.5   +/-    0.2   1.0   1.1          PTB 1706 CirT.354
57914       -5.6   +/-    0.2   1.0   1.1                           
57919       -5.8   +/-    0.2   1.0   1.1                           
57924       -5.1   +/-    0.2   1.0   1.1                           
57929       -4.3   +/-    0.2   1.0   1.1                           
57934       -3.5   +/-    0.2   1.0   1.1                           
57939       -3.3   +/-    0.2   1.0   1.0          PTB 1707 CirT.355
57944       -2.6   +/-    0.2   1.0   1.0                           
57949       -2.1   +/-    0.2   1.0   1.0                           
57954       -1.8   +/-    0.2   1.0   1.0                           
57959       -1.4   +/-    0.2   1.0   1.0                           
57964       -1.3   +/-    0.2   1.0   1.0                           
57969       -1.5   +/-    0.3   1.2   1.3          PTB 1708 CirT.356
57974       -1.6   +/-    0.3   1.2   1.3                           
57979       -0.8   +/-    0.3   1.2   1.3                           
57984       -0.6   +/-    0.3   1.2   1.3                           
57989       -0.5   +/-    0.3   1.2   1.3                           
57994       -0.3   +/-    0.3   1.2   1.3                           
57999        0.1   +/-    0.2   1.2   1.3          PTB 1709 CirT.357
58004        0.5   +/-    0.2   1.2   1.3                           
58009        1.0   +/-    0.2   1.2   1.3                           
58014        1.4   +/-    0.2   1.2   1.3                           
58019        1.5   +/-    0.2   1.2   1.3                           
58024        1.5   +/-    0.2   1.2   1.3                           
58029        1.6   +/-    0.2   1.2   1.2          PTB 1710 CirT.358
58034        1.6   +/-    0.2   1.2   1.2                           
58039        1.5   +/-    0.2   1.2   1.2                           
58044        1.6   +/-    0.2   1.2   1.2                           
58049        1.2   +/-    0.2   1.2   1.2                           
58054        1.2   +/-    0.2   1.2   1.2                           
58059        1.2   +/-    0.2   1.2   1.3          PTB 1711 CirT.359
58064        1.0   +/-    0.2   1.2   1.3                           
58069        0.9   +/-    0.2   1.2   1.3                           
58074        0.7   +/-    0.2   1.2   1.3                           
58079        0.7   +/-    0.2   1.2   1.3                           
58084        0.1   +/-    0.2   1.2   1.3                           
58089       -0.2   +/-    0.2   1.2   1.3          PTB 1712 CirT.360
58094       -0.3   +/-    0.2   1.2   1.3                           
58099       -0.2   +/-    0.2   1.2   1.3                           
58104       -0.3   +/-    0.2   1.2   1.3                           
58109       -0.3   +/-    0.2   1.2   1.3                           
58114       -0.2   +/-    0.2   1.2   1.3                           
58119       -0.2   +/-    0.2   1.2   1.2          PTB 1801 CirT.361
58124       -0.1   +/-    0.2   1.2   1.2                           
58129        0.0   +/-    0.2   1.2   1.2                           
58134        0.1   +/-    0.2   1.2   1.2                           
58139        0.4   +/-    0.2   1.2   1.2                           
58144        0.6   +/-    0.2   1.2   1.2                           
58149        0.5   +/-    0.2   1.2   1.2                           
58154        0.5   +/-    0.2   1.2   1.2          PTB 1802 CirT.362
58159        0.9   +/-    0.2   1.2   1.2                           
58164        1.4   +/-    0.2   1.2   1.2                           
58169        1.6   +/-    0.2   1.2   1.2                           
58174        1.5   +/-    0.2   1.2   1.2                           
58179        2.0   +/-    0.2   1.3   1.3          PTB 1803 CirT.363
58184        2.3   +/-    0.2   1.3   1.3                           
58189        3.2   +/-    0.2   1.3   1.3                           
58194        3.1   +/-    0.2   1.3   1.3                           
58199        2.7   +/-    0.2   1.3   1.3                           
58204        2.6   +/-    0.2   1.3   1.3                           
58209        2.4   +/-    0.2   1.3   1.3          PTB 1804 CirT.364
58214        1.6   +/-    0.2   1.3   1.3                           
58219        1.2   +/-    0.2   1.3   1.3                           
58224        0.6   +/-    0.2   1.3   1.3                           
58229        0.1   +/-    0.2   1.3   1.3                           
58234       -0.7   +/-    0.2   1.3   1.3                           
58239       -1.5   +/-    0.2   1.3   1.3          PTB 1805 CirT.365
58244       -1.9   +/-    0.2   1.3   1.3                           
58249       -2.2   +/-    0.2   1.3   1.3                           
58254       -2.7   +/-    0.2   1.3   1.3                           
58259       -3.0   +/-    0.2   1.3   1.3                           
58264       -3.1   +/-    0.2   1.3   1.3                           
58269       -3.1   +/-    0.2   1.3   1.3                           
58274       -3.1   +/-    0.2   1.2   1.3          PTB 1806 CirT.366
58279       -2.5   +/-    0.2   1.2   1.3                           
58284       -2.2   +/-    0.2   1.2   1.3                           
58289       -1.5   +/-    0.2   1.2   1.3                           
58294       -1.6   +/-    0.2   1.2   1.3                           
58299       -1.4   +/-    0.2   1.2   1.3                           
58304       -1.8   +/-    0.2   1.2   1.3          PTB 1807 CirT.367
58309       -2.2   +/-    0.2   1.2   1.3                           
58314       -1.9   +/-    0.2   1.2   1.3                           
58319       -1.5   +/-    0.2   1.2   1.3                           
58324       -1.3   +/-    0.2   1.2   1.3                           
58329       -1.2   +/-    0.2   1.2   1.3                           
58334       -1.3   +/-    0.2   1.3   1.3          PTB 1808 CirT.368
58339       -1.4   +/-    0.2   1.3   1.3                           
58344       -1.5   +/-    0.2   1.3   1.3                           
58349       -1.6   +/-    0.2   1.3   1.3                           
58354       -1.6   +/-    0.2   1.3   1.3                           
58359       -1.6   +/-    0.2   1.3   1.3                           
58364       -1.7   +/-    0.2   1.3   1.3          PTB 1809 CirT.369
58369       -1.6   +/-    0.2   1.3   1.3                           
58374       -1.7   +/-    0.2   1.3   1.3                           
58379       -1.9   +/-    0.2   1.3   1.3                           
58384       -1.9   +/-    0.2   1.3   1.3                           
58389       -1.8   +/-    0.2   1.3   1.3                           
58394       -1.8   +/-    0.2   1.2   1.2          PTB 1810 CirT.370
58399       -2.1   +/-    0.2   1.2   1.2                           
58404       -2.0   +/-    0.2   1.2   1.2                           
58409       -2.2   +/-    0.2   1.2   1.2                           
58414       -2.5   +/-    0.2   1.2   1.2                           
58419       -2.5   +/-    0.2   1.2   1.2                           
58424       -2.0   +/-    0.2   1.2   1.2          PTB 1811 CirT.371
58429       -1.1   +/-    0.2   1.2   1.2                           
58434       -0.6   +/-    0.2   1.2   1.2                           
58439       -0.3   +/-    0.2   1.2   1.2                           
58444       -0.3   +/-    0.2   1.2   1.2                           
58449        0.1   +/-    0.2   1.2   1.2                           
58454        0.1   +/-    0.2   1.2   1.2          PTB 1812 CirT.372
58459        0.5   +/-    0.2   1.2   1.2                           
58464        0.4   +/-    0.2   1.2   1.2                           
58469        0.4   +/-    0.2   1.2   1.2                           
58474        0.6   +/-    0.2   1.2   1.2                           
58479        0.6   +/-    0.2   1.2   1.2                           
58484        0.4   +/-    0.2   1.2   1.2          PTB 1901 CirT.373
58489        0.6   +/-    0.2   1.2   1.2                           
58494        0.9   +/-    0.2   1.2   1.2                           
58499        1.2   +/-    0.2   1.2   1.2                           
58504        0.7   +/-    0.2   1.2   1.2                           
58509        0.5   +/-    0.2   1.2   1.2                           
58514        0.6   +/-    0.2   1.2   1.2                           
58519        0.1   +/-    0.2   1.2   1.2          PTB 1902 CirT.374
58524        0.2   +/-    0.2   1.2   1.2                           
58529        0.2   +/-    0.2   1.2   1.2                           
58534        0.5   +/-    0.2   1.2   1.2                           
58539        0.5   +/-    0.2   1.2   1.2                           
58544        0.9   +/-    0.2   1.2   1.2          PTB 1903 CirT.375
58549        1.0   +/-    0.2   1.2   1.2                           
58554        1.3   +/-    0.2   1.2   1.2                           
58559        1.4   +/-    0.2   1.2   1.2                           
58564        1.4   +/-    0.2   1.2   1.2                           
58569        1.3   +/-    0.2   1.2   1.2                           
58574        1.6   +/-    0.2   0.5   0.6          PTB 1904 CirT.376
58579        1.5   +/-    0.2   0.5   0.6                           
58584        1.4   +/-    0.2   0.5   0.6                           
58589        1.5   +/-    0.2   0.5   0.6                           
58594        1.8   +/-    0.2   0.5   0.6                           
58599        1.1   +/-    0.2   0.5   0.6                           
58604        0.7   +/-    0.1   0.5   0.5          PTB 1905 CirT.377
58609        0.3   +/-    0.1   0.5   0.5                           
58614       -0.4   +/-    0.1   0.5   0.5                           
58619       -1.5   +/-    0.1   0.5   0.5                           
58624       -2.3   +/-    0.1   0.5   0.5                           
58629       -1.9   +/-    0.1   0.5   0.5                           
58634       -1.5   +/-    0.1   0.5   0.5                           
58639       -1.2   +/-    0.1   0.5   0.6          PTB 1906 CirT.378
58644       -1.1   +/-    0.1   0.5   0.6                           
58649       -1.6   +/-    0.1   0.5   0.6                           
58654       -1.6   +/-    0.1   0.5   0.6                           
58659       -1.8   +/-    0.1   0.5   0.6                           
58664       -1.7   +/-    0.1   0.5   0.6                           
58669       -1.5   +/-    0.1   0.6   0.6          PTB 1907 CirT.379
58674       -1.3   +/-    0.1   0.6   0.6                           
58679       -1.1   +/-    0.1   0.6   0.6                           
58684       -1.1   +/-    0.1   0.6   0.6                           
58689       -0.9   +/-    0.1   0.6   0.6                           
58694       -0.2   +/-    0.1   0.6   0.6                           
58699        0.0   +/-    0.1   0.6   0.6          PTB 1908 CirT.380
58704        0.1   +/-    0.1   0.6   0.6                           
58709        0.1   +/-    0.1   0.6   0.6                           
58714        0.1   +/-    0.1   0.6   0.6                           
58719        0.1   +/-    0.1   0.6   0.6                           
58724        0.1   +/-    0.1   0.6   0.6                           
58729        0.1   +/-    0.1   0.5   0.6          PTB 1909 CirT.381
58734        0.3   +/-    0.1   0.5   0.6                           
58739        0.7   +/-    0.1   0.5   0.6                           
58744        0.9   +/-    0.1   0.5   0.6                           
58749        1.1   +/-    0.1   0.5   0.6                           
58754        1.4   +/-    0.1   0.5   0.6                           
58759        1.4   +/-    0.1   0.6   0.6          PTB 1910 CirT.382
58764        1.6   +/-    0.1   0.6   0.6                           
58769        1.9   +/-    0.1   0.6   0.6                           
58774        2.3   +/-    0.1   0.6   0.6                           
58779        2.7   +/-    0.1   0.6   0.6                           
58784        2.8   +/-    0.1   0.6   0.6                           
58789        2.9   +/-    0.1   0.6   0.6          PTB 1911 CirT.383
58794        2.9   +/-    0.1   0.6   0.6                           
58799        2.9   +/-    0.1   0.6   0.6                           
58804        2.6   +/-    0.1   0.6   0.6                           
58809        2.5   +/-    0.1   0.6   0.6                           
58814        2.4   +/-    0.1   0.6   0.6                           
58819        2.1   +/-    0.1   0.6   0.6          PTB 1912 CirT.384
58824        2.4   +/-    0.1   0.6   0.6                           
58829        2.3   +/-    0.1   0.6   0.6                           
58834        2.3   +/-    0.1   0.6   0.6                           
58839        2.3   +/-    0.1   0.6   0.6                           
58844        2.4   +/-    0.1   0.6   0.6                           
58849        2.4   +/-    0.1   0.6   0.6          PTB 2001 CirT.385
58854        2.7   +/-    0.1   0.6   0.6                           
58859        2.5   +/-    0.1   0.6   0.6                           
58864        2.3   +/-    0.1   0.6   0.6                           
58869        2.0   +/-    0.1   0.6   0.6                           
58874        1.8   +/-    0.1   0.6   0.6                           
58879        1.7   +/-    0.1   0.6   0.6                           
58884        1.4   +/-    0.1   0.6   0.6          PTB 2002 CirT.386
58889        1.3   +/-    0.1   0.6   0.6                           
58894        1.2   +/-    0.1   0.6   0.6                           
58899        1.1   +/-    0.1   0.6   0.6                           
58904        1.1   +/-    0.1   0.6   0.6                           
58909        1.0   +/-    0.1   0.6   0.6          PTB 2003 CirT.387
58914        0.7   +/-    0.1   0.6   0.6                           
58919        0.3   +/-    0.1   0.6   0.6                           
58924       -0.1   +/-    0.1   0.6   0.6                           
58929       -0.2   +/-    0.1   0.6   0.6                           
58934       -0.2   +/-    0.1   0.6   0.6                           
58939       -0.1   +/-    0.1   0.6   0.6                           
58944       -0.1   +/-    0.1   0.6   0.6          PTB 2004 CirT.388
58949       -0.1   +/-    0.1   0.6   0.6                           
58954       -0.1   +/-    0.1   0.6   0.6                           
58959       -0.1   +/-    0.1   0.6   0.6                           
58964        0.2   +/-    0.1   0.6   0.6                           
58969        0.2   +/-    0.1   0.6   0.6                           
58974        0.4   +/-    0.1   0.6   0.6          PTB 2005 CirT.389
58979        0.5   +/-    0.1   0.6   0.6                           
58984        0.4   +/-    0.1   0.6   0.6                           
58989        0.5   +/-    0.1   0.6   0.6                           
58994        0.8   +/-    0.1   0.6   0.6                           
58999        1.0   +/-    0.1   0.6   0.6                           
59004        1.0   +/-    0.1   0.8   0.8          PTB 2006 CirT.390
59009        1.3   +/-    0.1   0.8   0.8                           
59014        1.2   +/-    0.1   0.8   0.8                           
59019        1.5   +/-    0.1   0.8   0.8                           
59024        1.5   +/-    0.1   0.8   0.8                           
59029        1.8   +/-    0.1   0.8   0.8                           
59034        1.9   +/-    0.1   0.8   0.8          PTB 2007 CirT.391
59039        1.8   +/-    0.1   0.8   0.8                           
59044        1.8   +/-    0.1   0.8   0.8                           
59049        1.8   +/-    0.1   0.8   0.8                           
59054        1.7   +/-    0.1   0.8   0.8                           
59059        1.7   +/-    0.1   0.8   0.8                           
59064        1.4   +/-    0.1   0.7   0.8          PTB 2008 CirT.392
59069        1.1   +/-    0.1   0.7   0.8                           
59074        0.9   +/-    0.1   0.7   0.8                           
59079        0.9   +/-    0.1   0.7   0.8                           
59084        0.9   +/-    0.1   0.7   0.8                           
59089        0.7   +/-    0.1   0.7   0.8                           
59094        0.6   +/-    0.1   0.7   0.7          PTB 2009 CirT.393
59099        0.4   +/-    0.1   0.7   0.7                           
59104        0.1   +/-    0.1   0.7   0.7                           
59109       -0.1   +/-    0.1   0.7   0.7                           
59114       -0.3   +/-    0.1   0.7   0.7                           
59119       -0.4   +/-    0.1   0.7   0.7                           
59124       -0.6   +/-    0.1   0.8   0.8          PTB 2010 CirT.394
59129       -1.0   +/-    0.1   0.8   0.8                           
59134       -1.2   +/-    0.1   0.8   0.8                           
59139       -1.3   +/-    0.1   0.8   0.8                           
59144       -1.4   +/-    0.1   0.8   0.8                           
59149       -1.4   +/-    0.1   0.8   0.8                           
59154       -1.6   +/-    0.1   0.8   0.8          PTB 2011 CirT.395
59159       -1.7   +/-    0.1   0.8   0.8                           
59164       -1.8   +/-    0.1   0.8   0.8                           
59169       -1.8   +/-    0.1   0.8   0.8                           
59174       -1.9   +/-    0.1   0.8   0.8                           
59179       -1.9   +/-    0.1   0.8   0.8                           
59184       -1.9   +/-    0.1   0.7   0.7          PTB 2012 CirT.396
59189       -1.8   +/-    0.1   0.7   0.7                           
59194       -3.5   +/-    0.1   0.7   0.7                           
59199       -3.4   +/-    0.1   0.7   0.7                           
59204       -3.3   +/-    0.1   0.7   0.7                           
59209       -2.9   +/-    0.1   0.7   0.7                           
59214       -2.6   +/-    0.1   0.7   0.7                           
59219       -2.3   +/-    0.1   0.8   0.8          PTB 2101 CirT.397
59224       -2.3   +/-    0.1   0.8   0.8                           
59229       -2.1   +/-    0.1   0.8   0.8                           
59234       -1.6   +/-    0.1   0.8   0.8                           
59239       -1.3   +/-    0.1   0.8   0.8                           
59244       -0.8   +/-    0.1   0.8   0.8                           
59249       -0.3   +/-    0.1   0.8   0.8          PTB 2102 CirT.398
59254       -0.1   +/-    0.1   0.8   0.8                           
59259       -0.1   +/-    0.1   0.8   0.8                           
59264       -0.1   +/-    0.1   0.8   0.8                           
59269        0.2   +/-    0.1   0.8   0.8                           
59274        0.3   +/-    0.1   0.8   0.8          PTB 2103 CirT.399
59279        0.5   +/-    0.1   0.8   0.8                           
59284        0.5   +/-    0.1   0.8   0.8                           
59289        0.6   +/-    0.1   0.8   0.8                           
59294        0.7   +/-    0.1   0.8   0.8                           
59299        0.9   +/-    0.1   0.8   0.8                           
59304        0.9   +/-    0.1   0.8   0.8                           
59309        0.9   +/-    0.1   0.8   0.8          PTB 2104 CirT.400
59314        0.7   +/-    0.1   0.8   0.8                           
59319        0.5   +/-    0.1   0.8   0.8                           
59324        0.3   +/-    0.1   0.8   0.8                           
59329        0.2   +/-    0.1   0.8   0.8                           
59334        0.1   +/-    0.1   0.8   0.8                           
59339        0.0   +/-    0.1   0.8   0.8          PTB 2105 CirT.401
59344        0.0   +/-    0.1   0.8   0.8                           
59349       -0.2   +/-    0.1   0.8   0.8                           
59354       -0.2   +/-    0.1   0.8   0.8                           
59359       -0.2   +/-    0.1   0.8   0.8                           
59364       -0.2   +/-    0.1   0.8   0.8                           
59369       -0.4   +/-    0.1   0.8   0.8          PTB 2106 CirT.402
59374       -0.4   +/-    0.1   0.8   0.8                           
59379       -0.6   +/-    0.1   0.8   0.8                           
59384       -0.4   +/-    0.1   0.8   0.8                           
59389       -0.5   +/-    0.1   0.8   0.8                           
59394       -0.6   +/-    0.1   0.8   0.8                           
59399       -0.6   +/-    0.1   0.9   0.9          PTB 2107 CirT.403
59404       -0.6   +/-    0.1   0.9   0.9                           
59409       -0.4   +/-    0.1   0.9   0.9                           
59414       -0.3   +/-    0.1   0.9   0.9                           
59419        0.3   +/-    0.1   0.9   0.9                           
59424        0.6   +/-    0.1   0.9   0.9                           
59429        0.9   +/-    0.1   0.8   0.8          PTB 2108 CirT.404
59434        1.0   +/-    0.1   0.8   0.8                           
59439        1.2   +/-    0.1   0.8   0.8                           
59444        0.8   +/-    0.1   0.8   0.8                           
59449        0.5   +/-    0.1   0.8   0.8                           
59454        0.5   +/-    0.1   0.8   0.8                           
59459        0.3   +/-    0.1   0.8   0.8          PTB 2109 CirT.405
59464        0.1   +/-    0.1   0.8   0.8                           
59469       -0.2   +/-    0.1   0.8   0.8                           
59474       -0.5   +/-    0.1   0.8   0.8                           
59479       -0.7   +/-    0.1   0.8   0.8                           
59484       -0.8   +/-    0.1   0.8   0.8                           
59489       -0.9   +/-    0.1   0.8   0.9          PTB 2110 CirT.406
59494       -1.3   +/-    0.1   0.8   0.9                           
59499       -1.3   +/-    0.1   0.8   0.9                           
59504       -1.3   +/-    0.1   0.8   0.9                           
59509       -1.1   +/-    0.1   0.8   0.9                           
59514       -1.0   +/-    0.1   0.8   0.9                           
59519       -0.8   +/-    0.1   0.8   0.8          PTB 2111 CirT.407
59524       -0.9   +/-    0.1   0.8   0.8                           
59529       -0.9   +/-    0.1   0.8   0.8                           
59534       -0.9   +/-    0.1   0.8   0.8                           
59539       -1.0   +/-    0.1   0.8   0.8                           
59544       -1.2   +/-    0.1   0.8   0.8                           
59549       -1.0   +/-    0.1   0.8   0.8          PTB 2112 CirT.408
59554       -1.0   +/-    0.1   0.8   0.8                           
59559       -0.8   +/-    0.1   0.8   0.8                           
59564       -1.5   +/-    0.1   0.8   0.8                           
59569       -1.3   +/-    0.1   0.8   0.8                           
59574       -0.9   +/-    0.1   0.8   0.8                           
59579       -0.6   +/-    0.1   0.8   0.8                           
59584       -0.2   +/-    0.1   0.7   0.7          PTB 2201 CirT.409
59589        0.2   +/-    0.1   0.7   0.7                           
59594        0.4   +/-    0.1   0.7   0.7                           
59599        0.5   +/-    0.1   0.7   0.7                           
59604        0.3   +/-    0.1   0.7   0.7                           
59609        0.4   +/-    0.1   0.7   0.7                           
59614        0.6   +/-    0.1   0.7   0.7          PTB 2202 CirT.410
59619        0.6   +/-    0.1   0.7   0.7                           
59624        0.7   +/-    0.1   0.7   0.7                           
59629        0.9   +/-    0.1   0.7   0.7                           
59634        0.9   +/-    0.1   0.7   0.7                           
59639        0.9   +/-    0.1   0.7   0.7          PTB 2203 CirT.411
59644        1.0   +/-    0.1   0.7   0.7                           
59649        1.0   +/-    0.1   0.7   0.7                           
59654        1.3   +/-    0.1   0.7   0.7                           
59659        1.2   +/-    0.1   0.7   0.7                           
59664        1.2   +/-    0.1   0.7   0.7                           
59669        1.2   +/-    0.1   0.7   0.7                           
59674        1.3   +/-    0.1   0.7   0.7          PTB 2204 CirT.412
59679        1.1   +/-    0.1   0.7   0.7                           
59684        1.0   +/-    0.1   0.7   0.7                           
59689        0.7   +/-    0.1   0.7   0.7                           
59694        0.6   +/-    0.1   0.7   0.7                           
59699        0.5   +/-    0.1   0.7   0.7                           
59704        0.2   +/-    0.1   1.0   1.0          PTB 2205 CirT.413
59709        0.1   +/-    0.1   1.0   1.0                           
59714       -0.1   +/-    0.1   1.0   1.0                           
59719       -0.4   +/-    0.1   1.0   1.0                           
59724       -0.4   +/-    0.1   1.0   1.0                           
59729       -0.5   +/-    0.1   1.0   1.0                           
59734       -0.7   +/-    0.1   0.7   0.7          PTB 2206 CirT.414
59739       -0.8   +/-    0.1   0.7   0.7                           
59744       -0.8   +/-    0.1   0.7   0.7                           
59749       -0.6   +/-    0.1   0.7   0.7                           
59754       -0.6   +/-    0.1   0.7   0.7                           
59759       -0.7   +/-    0.1   0.7   0.7                           
59764       -0.6   +/-    0.1   0.6   0.6          PTB 2207 CirT.415
59769       -0.6   +/-    0.1   0.6   0.6                           
59774       -0.4   +/-    0.1   0.6   0.6                           
59779       -0.4   +/-    0.1   0.6   0.6                           
59784       -0.5   +/-    0.1   0.6   0.6                           
59789       -0.6   +/-    0.1   0.6   0.6                           
59794       -0.8   +/-    0.1   0.6   0.6          PTB 2208 CirT.416
59799       -1.0   +/-    0.1   0.6   0.6                           
59804       -0.8   +/-    0.1   0.6   0.6                           
59809       -0.8   +/-    0.1   0.6   0.6                           
59814       -1.1   +/-    0.1   0.6   0.6                           
59819       -0.8   +/-    0.1   0.6   0.6                           
59824       -1.2   +/-    0.1   0.7   0.7          PTB 2209 CirT.417
59829       -1.0   +/-    0.1   0.7   0.7                           
59834       -1.2   +/-    0.1   0.7   0.7                           
59839       -1.3   +/-    0.1   0.7   0.7                           
59844       -1.4   +/-    0.1   0.7   0.7                           
59849       -1.6   +/-    0.1   0.7   0.7                           
59854       -1.6   +/-    0.1   0.7   0.7          PTB 2210 CirT.418
59859       -1.7   +/-    0.1   0.7   0.7                           
59864       -1.9   +/-    0.1   0.7   0.7                           
59869       -1.7   +/-    0.1   0.7   0.7                           
59874       -1.6   +/-    0.1   0.7   0.7                           
59879       -1.8   +/-    0.1   0.7   0.7                           
59884       -1.5   +/-    0.1   1.0   1.0          PTB 2211 CirT.419
59889       -1.5   +/-    0.1   1.0   1.0                           
59894       -1.3   +/-    0.1   1.0   1.0                           
59899       -1.2   +/-    0.1   1.0   1.0                           
59904       -1.1   +/-    0.1   1.0   1.0                           
59909       -0.8   +/-    0.1   1.0   1.0                           
59914       -0.5   +/-    0.1   1.0   1.0          PTB 2212 CirT.420
59919        0.0   +/-    0.1   1.0   1.0                           
59924        0.4   +/-    0.1   1.0   1.0                           
59929        0.8   +/-    0.1   1.0   1.0                           
59934        1.1   +/-    0.1   1.0   1.0                           
59939        1.2   +/-    0.1   1.0   1.0                           
59944        1.3   +/-    0.1   1.0   1.0                           
59949        1.3   +/-    0.2   1.0   1.0          PTB 2301 CirT.421
59954        1.6   +/-    0.2   1.0   1.0                           
59959        1.8   +/-    0.2   1.0   1.0                           
59964        1.6   +/-    0.2   1.0   1.0                           
59969        1.4   +/-    0.2   1.0   1.0                           
59974        1.2   +/-    0.2   1.0   1.0                           
59979        0.9   +/-    0.1   1.0   1.0          PTB 2302 CirT.422
59984        1.0   +/-    0.1   1.0   1.0                           
59989        0.7   +/-    0.1   1.0   1.0                           
59994        0.5   +/-    0.1   1.0   1.0                           
59999        0.4   +/-    0.1   1.0   1.0                           
60004        0.4   +/-    0.1   1.0   1.0          PTB 2303 CirT.423
60009        0.5   +/-    0.1   1.0   1.0                           
60014        0.3   +/-    0.1   1.0   1.0                           
60019        0.1   +/-    0.1   1.0   1.0                           
60024        0.1   +/-    0.1   1.0   1.0                           
60029       -0.1   +/-    0.1   1.0   1.0                           
60034       -0.1   +/-    0.1   1.0   1.0                           
60039       -0.4   +/-    0.1   0.7   0.7          PTB 2304 CirT.424
60044       -0.6   +/-    0.1   0.7   0.7                           
60049       -0.9   +/-    0.1   0.7   0.7                           
60054       -1.0   +/-    0.1   0.7   0.7                           
60059       -1.0   +/-    0.1   0.7   0.7                           
60064       -1.1   +/-    0.1   0.7   0.7                           
60069       -1.1   +/-    0.1   0.7   0.7          PTB 2305 CirT.425
60074       -0.9   +/-    0.1   0.7   0.7                           
60079       -1.1   +/-    0.1   0.7   0.7                           
60084       -1.3   +/-    0.1   0.7   0.7                           
60089       -1.1   +/-    0.1   0.7   0.7                           
60094       -1.0   +/-    0.1   0.7   0.7                           
60099       -0.8   +/-    0.1   0.7   0.7          PTB 2306 CirT.426
60104       -0.7   +/-    0.1   0.7   0.7                           
60109       -0.6   +/-    0.1   0.7   0.7                           
60114       -0.6   +/-    0.1   0.7   0.7                           
60119       -0.4   +/-    0.1   0.7   0.7                           
60124       -0.3   +/-    0.1   0.7   0.7                           
60129       -0.1   +/-    0.1   0.7   0.7          PTB 2307 CirT.427
60134       -0.1   +/-    0.1   0.7   0.7                           
60139        0.2   +/-    0.1   0.7   0.7                           
60144        0.2   +/-    0.1   0.7   0.7                           
60149        0.2   +/-    0.1   0.7   0.7                           
60154        0.0   +/-    0.1   0.7   0.7                           
60159        0.2   +/-    0.1   0.7   0.7          PTB 2308 CirT.428
60164        0.0   +/-    0.1   0.7   0.7                           
60169        0.1   +/-    0.1   0.7   0.7                           
60174       -0.1   +/-    0.1   0.7   0.7                           
60179        0.1   +/-    0.1   0.7   0.7                           
60184        0.1   +/-    0.1   0.7   0.7                           
60189        0.1   +/-    0.2   0.7   0.8          PTB 2309 CirT.429
60194        0.3   +/-    0.2   0.7   0.8                           
60199        0.4   +/-    0.2   0.7   0.8                           
60204        0.5   +/-    0.2   0.7   0.8                           
60209        0.5   +/-    0.2   0.7   0.8                           
60214        0.6   +/-    0.2   0.7   0.8                           
60219        0.4   +/-    0.2   0.8   0.8          PTB 2310 CirT.430
60224        0.3   +/-    0.2   0.8   0.8                           
60229        0.5   +/-    0.2   0.8   0.8                           
60234        0.2   +/-    0.2   0.8   0.8                           
60239        0.2   +/-    0.2   0.8   0.8                           
60244       -0.2   +/-    0.2   0.8   0.8                           
60249       -0.2   +/-    0.1   0.8   0.8          PTB 2311 CirT.431
60254       -0.3   +/-    0.1   0.8   0.8                           
60259       -0.6   +/-    0.1   0.8   0.8                           
60264       -0.5   +/-    0.1   0.8   0.8                           
60269       -0.5   +/-    0.1   0.8   0.8                           
60274       -0.4   +/-    0.1   0.8   0.8                           
60279       -0.5   +/-    0.1   0.8   0.8          PTB 2312 CirT.432
60284       -0.4   +/-    0.1   0.8   0.8                           
60289       -0.2   +/-    0.1   0.8   0.8                           
60294       -0.3   +/-    0.1   0.8   0.8                           
60299        0.0   +/-    0.1   0.8   0.8                           
60304       -0.1   +/-    0.1   0.8   0.8                           
60309       -0.1   +/-    0.1   0.8   0.8                           
60314       -0.2   +/-    0.1   0.8   0.8          PTB 2401 CirT.433
60319       -0.3   +/-    0.1   0.8   0.8                           
60324       -0.2   +/-    0.1   0.8   0.8                           
60329       -0.5   +/-    0.1   0.8   0.8                           
60334       -0.6   +/-    0.1   0.8   0.8                           
60339       -0.6   +/-    0.1   0.8   0.8                           
60344       -0.6   +/-    0.1   0.8   0.8          PTB 2402 CirT.434
60349       -0.8   +/-    0.1   0.8   0.8                           
60354       -1.0   +/-    0.1   0.8   0.8                           
60359       -1.1   +/-    0.1   0.8   0.8                           
60364       -1.3   +/-    0.1   0.8   0.8                           
60369       -1.6   +/-    0.1   0.8   0.8                           
60374       -1.8   +/-    0.1   0.8   0.8          PTB 2403 CirT.435
60379       -1.9   +/-    0.1   0.8   0.8                           
60384       -2.1   +/-    0.1   0.8   0.8                           
60389       -2.2   +/-    0.1   0.8   0.8                           
60394       -2.3   +/-    0.1   0.8   0.8                           
60399       -2.4   +/-    0.1   0.8   0.8                           
60404       -2.2   +/-    0.1   0.8   0.8          PTB 2404 CirT.436
60409       -2.3   +/-    0.1   0.8   0.8                           
60414       -2.3   +/-    0.1   0.8   0.8                           
60419       -2.1   +/-    0.1   0.8   0.8                           
60424       -1.9   +/-    0.1   0.8   0.8                           
60429       -1.8   +/-    0.1   0.8   0.8                           
60434       -1.3   +/-    0.2   1.6   1.6          PTB 2405 CirT.437
60439       -1.1   +/-    0.2   1.6   1.6                           
60444       -0.8   +/-    0.2   1.6   1.6                           
60449       -0.6   +/-    0.2   1.6   1.6                           
60454       -0.5   +/-    0.2   1.6   1.6                           
60459       -0.4   +/-    0.2   1.6   1.6                           
60464       -0.5   +/-    0.2   1.6   1.6          PTB 2406 CirT.438
60469       -0.3   +/-    0.2   1.6   1.6                           
60474       -0.4   +/-    0.2   1.6   1.6                           
60479       -0.3   +/-    0.2   1.6   1.6                           
60484       -0.6   +/-    0.2   1.6   1.6                           
60489       -0.4   +/-    0.2   1.6   1.6                           
60494       -0.5   +/-    0.2   1.7   1.7          PTB 2407 CirT.439
60499       -0.5   +/-    0.2   1.7   1.7                           
60504       -0.7   +/-    0.2   1.7   1.7                           
60509       -0.7   +/-    0.2   1.7   1.7                           
60514       -0.7   +/-    0.2   1.7   1.7                           
60519       -0.8   +/-    0.2   1.7   1.7                           
60524       -1.0   +/-    0.2   1.7   1.7          PTB 2408 CirT.440
60529       -1.1   +/-    0.2   1.7   1.7                           
60534       -1.1   +/-    0.2   1.7   1.7                           
60539       -1.0   +/-    0.2   1.7   1.7                           
60544       -1.1   +/-    0.2   1.7   1.7                           
60549       -1.1   +/-    0.2   1.7   1.7                           
60554       -1.0   +/-    0.2   1.7   1.7          PTB 2409 CirT.441
60559       -1.0   +/-    0.2   1.7   1.7                           
60564       -1.0   +/-    0.2   1.7   1.7                           
60569       -1.0   +/-    0.2   1.7   1.7                           
60574       -1.1   +/-    0.2   1.7   1.7                           
60579       -0.9   +/-    0.2   1.7   1.7                           
60584       -0.9   +/-    0.2   1.0   1.0          PTB 2410 CirT.442
60589       -0.9   +/-    0.2   1.0   1.0                           
60594       -1.1   +/-    0.2   1.0   1.0                           
60599       -0.9   +/-    0.2   1.0   1.0                           
60604       -1.0   +/-    0.2   1.0   1.0                           
60609       -1.1   +/-    0.2   1.0   1.0                           
60614       -1.0   +/-    0.2   1.0   1.0                           
60619       -1.0   +/-    0.2   1.0   1.0          PTB 2411 CirT.443
60624       -1.0   +/-    0.2   1.0   1.0                           
60629       -1.1   +/-    0.2   1.0   1.0                           
60634       -1.1   +/-    0.2   1.0   1.0                           
60639       -1.1   +/-    0.2   1.0   1.0                           
60644       -1.2   +/-    0.2   1.0   1.0                           
60649       -1.2   +/-    0.2   1.0   1.0          PTB 2412 CirT.444
60654       -1.1   +/-    0.2   1.0   1.0                           
60659       -0.9   +/-    0.2   1.0   1.0                           
60664       -1.0   +/-    0.2   1.0   1.0                           
60669       -0.9   +/-    0.2   1.0   1.0                           
60674       -0.7   +/-    0.2   1.0   1.0                           
60679       -0.5   +/-    0.2   1.0   1.0          PTB 2501 CirT.445
60684       -0.5   +/-    0.2   1.0   1.0                           
60689       -0.2   +/-    0.2   1.0   1.0                           
60694       -0.2   +/-    0.2   1.0   1.0                           
60699       -0.1   +/-    0.2   1.0   1.0                           
60704       -0.1   +/-    0.2   1.0   1.0                           
60709       -0.1   +/-    0.2   1.0   1.0          PTB 2502 CirT.446
60714        0.0   +/-    0.2   1.0   1.0                           
60719        0.0   +/-    0.2   1.0   1.0                           
60724        0.1   +/-    0.2   1.0   1.0                           
60729        0.0   +/-    0.2   1.0   1.0                           
60734        0.0   +/-    0.2   1.0   1.0                           
60739        0.0   +/-    0.2   1.0   1.0          PTB 2503 CirT.447
60744        0.0   +/-    0.2   1.0   1.0                           
60749       -0.1   +/-    0.2   1.0   1.0                           
60754       -0.1   +/-    0.2   1.0   1.0                           
60759        0.1   +/-    0.2   1.0   1.0                           
60764        0.1   +/-    0.2   1.0   1.0                           
60769        0.3   +/-    0.2   1.0   1.0          PTB 2504 CirT.448
60774        0.6   +/-    0.2   1.0   1.0                           
60779        0.7   +/-    0.2   1.0   1.0                           
60784        0.6   +/-    0.2   1.0   1.0                           
60789        0.6   +/-    0.2   1.0   1.0                           
60794        0.8   +/-    0.2   1.0   1.0                           
60799        0.8   +/-    0.2   1.1   1.1          PTB 2505 CirT.449
60804        0.7   +/-    0.2   1.1   1.1                           
60809        0.9   +/-    0.2   1.1   1.1                           
60814        0.8   +/-    0.2   1.1   1.1                           
60819        0.7   +/-    0.2   1.1   1.1                           
60824        0.4   +/-    0.2   1.1   1.1                           
60829        0.5   +/-    0.2   1.1   1.1          PTB 2506 CirT.450
60834        0.3   +/-    0.2   1.1   1.1                           
60839        0.2   +/-    0.2   1.1   1.1                           
60844        0.2   +/-    0.2   1.1   1.1                           
60849        0.1   +/-    0.2   1.1   1.1                           
60854        0.2   +/-    0.2   1.1   1.1                           
60859        0.4   +/-    0.2   1.1   1.1          PTB 2507 CirT.451
60864        0.2   +/-    0.2   1.1   1.1                           
60869        0.1   +/-    0.2   1.1   1.1                           
60874        0.1   +/-    0.2   1.1   1.1                           
60879        0.0   +/-    0.2   1.1   1.1                           
60884       -0.2   +/-    0.2   1.1   1.1                           
60889       -0.1   +/-    0.2   1.1   1.1          PTB 2508 CirT.452
60894       -0.2   +/-    0.2   1.1   1.1                           
60899       -0.4   +/-    0.2   1.1   1.1                           
60904       -0.8   +/-    0.2   1.1   1.1                           
60909       -0.9   +/-    0.2   1.1   1.1                           
60914       -1.0   +/-    0.2   1.1   1.1                           
60919       -1.3   +/-    0.2   1.1   1.1          PTB 2509 CirT.453
60924       -1.5   +/-    0.2   1.1   1.1                           
60929       -1.6   +/-    0.2   1.1   1.1                           
60934       -1.5   +/-    0.2   1.1   1.1                           
60939       -1.2   +/-    0.2   1.1   1.1                           
60944       -1.2   +/-    0.2   1.1   1.1                           
60949       -0.8   +/-    0.2   1.1   1.1          PTB 2510 CirT.454
60954       -0.7   +/-    0.2   1.1   1.1                           
60959       -0.5   +/-    0.2   1.1   1.1                           
60964       -0.3   +/-    0.2   1.1   1.1                           
60969        0.0   +/-    0.2   1.1   1.1                           
60974        0.1   +/-    0.2   1.1   1.1                           
60979        0.2   +/-    0.2   1.1   1.1                           
60984        0.0   +/-    0.2   1.1   1.1          PTB 2511 CirT.455
60989        0.1   +/-    0.2   1.1   1.1                           
60994        0.2   +/-    0.2   1.1   1.1                           
60999        0.0   +/-    0.2   1.1   1.1                           
61004       -0.3   +/-    0.2   1.1   1.1                           
61009       -0.4   +/-    0.2   1.1   1.1                           
61014       -0.3   +/-    0.2   1.1   1.1          PTB 2512 CirT.456
61019        0.3   +/-    0.2   1.1   1.1                           
61024        0.1   +/-    0.2   1.1   1.1                           
61029        0.1   +/-    0.2   1.1   1.1                           
61034        0.2   +/-    0.2   1.1   1.1                           
61039        0.2   +/-    0.2   1.1   1.1                           
61044        0.4   +/-    0.2   1.2   1.2          PTB 2601 CirT.457
61049        0.6   +/-    0.2   1.2   1.2                           
61054        0.7   +/-    0.2   1.2   1.2                           
61059        0.9   +/-    0.2   1.2   1.2                           
61064        0.8   +/-    0.2   1.2   1.2                           
61069        1.1   +/-    0.2   1.2   1.2                           
61074        1.1   +/-    0.2   1.2   1.2          PTB 2602 CirT.458
61079        1.0   +/-    0.2   1.2   1.2                           
61084        1.2   +/-    0.2   1.2   1.2                           
61089        1.0   +/-    0.2   1.2   1.2                           
61094        1.1   +/-    0.2   1.2   1.2                           
61099        1.0   +/-    0.2   1.2   1.2                           
