 MJD  [UTC-UTC(NPL )]/ns  uA/ns  uB/ns  u/ns  

50814       80
50819       79
50824       77
50829       74
50834       76
50839       76
50844       75
50849       73
50854       72
50859       72
50864       69
50869       71
50874       76
50879       77
50884       81
50889       84
50894       85
50899       87
50904       87
50909       90
50914       90
50919       92
50924       92
50929       91
50934       92
50939       90
50944       83
50949       81
50954       78
50959       70
50964       65
50969       55
50974       51
50979       50
50984       46
50989       42
50994       35
50999       32
51004       29
51009       29
51014       28
51019       32
51024       32
51029       30
51034       33
51039       36
51044       38
51049       39
51054       39
51059       38
51064       41
51069       46
51074       47
51079       47
51084       51
51089       54
51094       58
51099       62
51104       62
51109       59
51114       58
51119       59
51124       56
51129       55
51134       58
51139       53
51144       53
51149       52
51154       49
51159       45
51164       47
51169       46
51174       45
51179       44
51184       51
51189       51
51194       50
51199       50
51204       50
51209       50
51214       51
51219       53
51224       53
51229       51
51234       54
51239       53
51244       55
51249       54
51254       51
51259       52
51264       53
51269       50
51274       53
51279       53
51284       55
51289       52
51294       54
51299       55
51304       55
51309       54
51314       57
51319       56
51324       55
51329       56
51334       57
51339       58
51344       56
51349       57
51354       55
51359       58
51364       52
51369       54
51374       57
51379       55
51384       56
51389       53
51394       53
51399       49
51404       49
51409       50
51414       48
51419       49
51424       48
51429       50
51434       50
51439       51
51444       51
51449       52
51454       53
51459       48
51464       52
51469       56
51474       57
51479       62
51484       60
51489       67
51494       69
51499       74
51504       76
51509       79
51514       84
51519       87
51524       93
51529       96
51534      100
51539      102
51544       98
51549       96
51554       95
51559       96
51564       93
51569       86
51574       80
51579       75
51584       68
51589       64
51594       57
51599       55
51604       49
51609       44
51614       40
51619       38
51624       32
51629       29
51634       27
51639       22
51644       18
51649       16
51654       13
51659       14
51664       12
51669       10
51674       11
51679        9
51684       12
51689       12
51694       10
51699       10
51704        8
51709       10
51714        8
51719       10
51724        9
51729       11
51734        8
51739        9
51744        9
51749       11
51754       12
51759       13
51764       11
51769       11
51774        8
51779        6
51784        5
51789        2
51794        2
51799        1
51804        0
51809        1
51814        1
51819        2
51824        4
51829        3
51834        7
51839        9
51844        8
51849       11
51854       14
51859       18
51864       23
51869       21
51874       22
51879       22
51884       24
51889       22
51894       23
51899       23
51904       23
51909       24
51914       28
51919       26
51924       29
51929       28
51934       24
51939       22
51944       20
51949       18
51954       14
51959       13
51964       11
51969        9
51974        8
51979        3
51984        4
51989       -1
51994        4
51999        7
52004        1
52009        2
52014        0
52019        1
52024       -1
52029       -1
52034        0
52039        2
52044        2
52049        4
52054        2
52059        2
52064       -1
52069       -5
52074       -9
52079      -14
52084      -14
52089      -14
52094      -17
52099      -17
52104      -18
52109      -17
52114      -10
52119       -5
52124       -4
52129       -5
52134       -5
52139       -3
52144       -3
52149        0
52154        0
52159       -1
52164        0
52169        0
52174        2
52179        5
52184        6
52189        9
52194       12
52199       14
52204       18
52209       21
52214       22
52219       25
52224       27
52229       28
52234       33
52239       36
52244       39
52249       42
52254       42
52259       36
52264       34
52269       29
52274       27
52279       24
52284       23
52289       21
52294       18
52299       18
52304       16
52309       13
52314       11
52319       12
52324       13
52329       15
52334       15
52339       15
52344       15
52349       16
52354       16
52359       17
52364       18
52369       18
52374       21
52379       24
52384       25
52389       27
52394       29
52399       27
52404       28
52409       27
52414       23
52419       18
52424       15
52429       14
52434       13
52439       12
52444        8
52449        5
52454        3
52459        1
52464       -1
52469       -3
52474       -5
52479       -7
52484      -11
52489       -8
52494       -5
52499       -3
52504       -1
52509       -1
52514       -2
52519       -3
52524       -5
52529       -6
52534       -6
52539       -9
52544       -9
52549       -9
52554       -8
52559       -7
52564       -5
52569       -6
52574       -4
52579       -4
52584       -1
52589        0
52594        2
52599        4
52604        5
52609        7
52614       12
52619       13
52624       13
52629       16
52634       21
52639       26
52644       31.7
52649       34.2
52654       37.3
52659       30.8
52664       32.2
52669       32.5
52674       34.6
52679       36.6
52684       36.5
52689       38.4
52694       39.7
52699       40.2
52704       41.2
52709       43.9
52714       45.0
52719       48.3
52724       46.4
52729       42.8
52734       37.1
52739       36.3
52744       34.3
52749       32.0
52754       32.1
52759       31.6
52764       32.3
52769       30.0
52774       28.9
52779       25.9
52784       27.1
52789       24.8
52794       25.8
52799       25.8
52804       23.7
52809       23.9
52814       22.7
52819       23.6
52824       21.4
52829       20.6
52834       20.7
52839       20.5
52844       20.7
52849       22.1
52854       23.5
52859       23.0
52864       22.3
52869       21.7
52874       23.2
52879       27.1
52884       27.9
52889       26.8
52894       30.1
52899       32.7
52904       34.4
52909       36.6
52914       36.2
52919       38.8
52924       40.0
52929       41.4
52934       45.9
52939       50.9
52944       53.8
52949       56.6
52954       58.0
52959       57.5
52964       54.9
52969       54.6
52974       54.3
52979       55.3
52984       52.2
52989       51.7
52994       50.5
52999       50.2
53004       50.7
53009       53.3
53014       53.8
53019       55.8
53024       56.8
53029       59.9
53034       61.7
53039       59.2
53044       58.0
53049       57.1
53054       53.8
53059       52.1
53064       50.1
53069       48.5
53074       47.7
53079       49.2
53084       46.0
53089       46.7
53094       45.9
53099       46.2
53104       46.8
53109       46.7
53114       48.4
53119       49.5
53124       53.2
53129       53.1
53134       55.6
53139       55.7
53144       63.8
53149       64.4
53154       58.5
53159       50.0
53164       41.1
53169       32.5
53174       26.4
53179       16.6
53184        8.4
53189        2.6
53194       -4.6
53199      -10.8
53204      -15.1
53209      -16.7
53214      -18.7
53219      -20.1
53224      -21.4
53229      -23.5
53234      -24.2
53239      -25.0
53244      -26.4
53249      -27.3
53254      -29.3
53259      -29.5
53264      -30.5
53269      -30.8
53274      -30.7
53279      -32.0
53284      -31.7
53289      -30.9
53294      -31.3
53299      -31.0
53304      -27.8
53309      -26.9
53314      -24.4
53319      -24.1
53324      -24.4
53329      -21.1
53334      -14.1
53339      -12.5
53344       -9.5
53349       -7.1
53354        0.2
53359        3.1
53364        4.8
53369        8.0
53374       11.2
53379       14.6
53384       18.5
53389       22.7
53394       25.7
53399       33.7
53404       41.1
53409       42.2
53414       42.5
53419       42.0
53424       42.8
53429       41.3
53434       40.2
53439       38.7
53444       37.0
53449       34.5
53454       30.3
53459       28.3
53464       25.7
53469       22.8
53474       20.7
53479       18.7
53484       17.5
53489       15.4
53494       15.0          NPL 0505 CirT.209
53499       12.3                           
53504        9.6                           
53509        8.7                           
53514        9.6                           
53519        8.7                           
53524       11.7          NPL 0506 CirT.210
53529       10.8                           
53534       10.4                           
53539       10.8                           
53544        8.9                           
53549        8.8                           
53554        9.6          NPL 0507 CirT.211
53559        9.6                           
53564        9.4                           
53569       10.0                           
53574        9.4                           
53579       11.0                           
53584       11.7          NPL 0508 CirT.212
53589       11.9                           
53594       13.3                           
53599       14.8                           
53604       17.0                           
53609       19.5                           
53614       18.9          NPL 0509 CirT.213
53619       22.8                           
53624       26.1                           
53629       26.7                           
53634       28.5                           
53639       31.5                           
53644       33.4          NPL 0510 CirT.214
53649       35.9                           
53654       40.6                           
53659       45.7                           
53664       49.5                           
53669       53.4                           
53674       56.6                           
53679       62.4          NPL 0511 CirT.215
53684       69.0                           
53689       71.0                           
53694       75.8                           
53699       69.9                           
53704       64.3                           
53709       60.5          NPL 0512 CirT.216
53714       54.5                           
53719       51.1                           
53724       48.4                           
53729       45.4                           
53734       40.9                           
53739       38.3          NPL 0601 CirT.217
53744       35.4                           
53749       33.3                           
53754       31.6                           
53759       28.8                           
53764       28.2                           
53769       26.6          NPL 0602 CirT.218
53774       29.3                           
53779       27.0                           
53784       30.8                           
53789       29.4                           
53794       28.1                           
53799       33.0          NPL 0603 CirT.219
53804       33.7                           
53809       34.7                           
53814       39.4                           
53819       41.3                           
53824       41.8                           
53829       42.8          NPL 0604 CirT.220
53834       42.8                           
53839       42.0                           
53844       42.9                           
53849       42.7                           
53854       40.1                           
53859       36.3          NPL 0605 CirT.221
53864       32.7                           
53869       28.0                           
53874       26.8                           
53879       23.2                           
53884       20.0                           
53889       17.5          NPL 0606 CirT.222
53894       14.7                           
53899       11.9                           
53904        9.6                           
53909        9.3                           
53914        7.9                           
53919        4.9          NPL 0607 CirT.223
53924        5.2                           
53929        3.4                           
53934        1.1                           
53939        0.6                           
53944        0.5                           
53949       -0.7          NPL 0608 CirT.224
53954       -1.6                           
53959       -0.1                           
53964       -0.7                           
53969       -1.9                           
53974       -1.8                           
53979       -4.0          NPL 0609 CirT.225
53984       -2.8                           
53989       -3.4                           
53994       -4.1                           
53999       -3.4                           
54004       -3.6                           
54009       -2.2          NPL 0610 CirT.226
54014       -3.3                           
54019       -1.6                           
54024       -1.1                           
54029        0.1                           
54034       -1.2                           
54039      -12.5                           
54044        2.4          NPL 0611 CirT.227
54049        2.6                           
54054        3.3                           
54059       10.8                           
54064       11.3                           
54069       10.4                           
54074       16.7   +/-    0.6   5.1   5.1          NPL 0612 CirT.228
54079       18.3   +/-    0.6   5.1   5.1                           
54084       21.6   +/-    0.6   5.1   5.1                           
54089       23.8   +/-    0.6   5.1   5.1                           
54094       21.1   +/-    0.6   5.1   5.1                           
54099       20.3   +/-    0.6   5.1   5.1                           
54104       19.1   +/-    0.6   5.1   5.1          NPL 0701 CirT.229
54109       16.6   +/-    0.6   5.1   5.1                           
54114       15.7   +/-    0.6   5.1   5.1                           
54119       12.9   +/-    0.6   5.1   5.1                           
54124       10.0   +/-    0.6   5.1   5.1                           
54129        7.8   +/-    0.6   5.1   5.1                           
54134        6.3   +/-    1.5   5.1   5.3          NPL 0702 CirT.230
54139        6.8   +/-    1.5   5.1   5.3                           
54144        3.5   +/-    1.5   5.1   5.3                           
54149       -2.7   +/-    1.5   5.1   5.3                           
54154       -4.5   +/-    1.5   5.1   5.3                           
54159       -8.3   +/-    1.5   5.1   5.3                           
54164       -7.5   +/-    1.5   5.1   5.3          NPL 0703 CirT.231
54169      -14.1   +/-    1.5   5.1   5.3                           
54174      -19.2   +/-    1.5   5.1   5.3                           
54179      -14.3   +/-    1.5   5.1   5.3                           
54184      -14.2   +/-    1.5   5.1   5.3                           
54189      -16.7   +/-    1.5   5.1   5.3                           
54194      -17.8   +/-    1.5   5.1   5.3          NPL 0704 CirT.232
54199      -20.2   +/-    1.5   5.1   5.3                           
54204      -18.7   +/-    1.5   5.1   5.3                           
54209      -14.4   +/-    1.5   5.1   5.3                           
54214      -14.3   +/-    1.5   5.1   5.3                           
54219      -14.3   +/-    1.5   5.1   5.3                           
54224      -10.9   +/-    1.5   5.1   5.3          NPL 0705 CirT.233
54229      -10.8   +/-    1.5   5.1   5.3                           
54234       -6.0   +/-    1.5   5.1   5.3                           
54239       -7.7   +/-    1.5   5.1   5.3                           
54244       -8.0   +/-    1.5   5.1   5.3                           
54249        1.9   +/-    1.5   5.1   5.3                           
54254       -1.1   +/-    0.7   5.0   5.1          NPL 0706 CirT.234
54259       -0.8   +/-    0.7   5.0   5.1                           
54264        3.4   +/-    0.7   5.0   5.1                           
54269        7.5   +/-    0.7   5.0   5.1                           
54274       10.4   +/-    0.7   5.0   5.1                           
54279       12.3   +/-    0.7   5.0   5.1                           
54284       18.0   +/-    0.7   5.0   5.1          NPL 0707 CirT.235
54289       23.2   +/-    0.7   5.0   5.1                           
54294       25.2   +/-    0.7   5.0   5.1                           
54299       28.5   +/-    0.7   5.0   5.1                           
54304       35.4   +/-    0.7   5.0   5.1                           
54309       39.5   +/-    0.7   5.0   5.1                           
54314       45.8   +/-    0.7   5.0   5.1          NPL 0708 CirT.236
54319       59.3   +/-    0.7   5.0   5.1                           
54324       54.5   +/-    0.7   5.0   5.1                           
54329       48.4   +/-    0.7   5.0   5.1                           
54334       42.5   +/-    0.7   5.0   5.1                           
54339       35.5   +/-    0.7   5.0   5.1                           
54344       30.1   +/-    0.7   5.0   5.1          NPL 0709 CirT.237
54349       24.2   +/-    0.7   5.0   5.1                           
54354       18.3   +/-    0.7   5.0   5.1                           
54359       13.8   +/-    0.7   5.0   5.1                           
54364        7.7   +/-    0.7   5.0   5.1                           
54369        3.7   +/-    0.7   5.0   5.1                           
54374       -6.1   +/-    0.7   5.0   5.1          NPL 0710 CirT.238
54379      -11.4   +/-    0.7   5.0   5.1                           
54384      -15.9   +/-    0.7   5.0   5.1                           
54389      -20.7   +/-    0.7   5.0   5.1                           
54394      -24.6   +/-    0.7   5.0   5.1                           
54399      -28.2   +/-    0.7   5.0   5.1                           
54404      -32.8   +/-    0.7   5.0   5.1                           
54409      -31.7   +/-    0.7   5.1   5.1          NPL 0711 CirT.239
54414      -28.2   +/-    0.7   5.1   5.1                           
54419      -25.8   +/-    0.7   5.1   5.1                           
54424      -21.7   +/-    0.7   5.1   5.1                           
54429      -16.6   +/-    0.7   5.1   5.1                           
54434      -13.6   +/-    0.7   5.1   5.1                           
54439       -9.6   +/-    0.6   5.1   5.2          NPL 0712 CirT.240
54444       -4.2   +/-    0.6   5.1   5.2                           
54449        0.0   +/-    0.6   5.1   5.2                           
54454        3.5   +/-    0.6   5.1   5.2                           
54459        7.9   +/-    0.6   5.1   5.2                           
54464        9.8   +/-    0.6   5.1   5.2                           
54469        8.2   +/-    1.5   5.1   5.4          NPL 0801 CirT.241
54474      -39.2   +/-    1.5   5.1   5.4                           
54479       13.1   +/-    1.5   5.1   5.4                           
54484       15.1   +/-    1.5   5.1   5.4                           
54489       22.6   +/-    1.5   5.1   5.4                           
54494       32.9   +/-    1.5   5.1   5.4                           
54499       36.2   +/-    1.5   5.1   5.4          NPL 0802 CirT.242
54504       33.3   +/-    1.5   5.1   5.4                           
54509       35.4   +/-    1.5   5.1   5.4                           
54514       27.6   +/-    1.5   5.1   5.4                           
54519       20.1   +/-    1.5   5.1   5.4                           
54524       13.5   +/-    1.5   5.1   5.4                           
54529        8.9   +/-    1.5   5.1   5.3          NPL 0803 CirT.243
54534        5.6   +/-    1.5   5.1   5.3                           
54539       -1.9   +/-    1.5   5.1   5.3                           
54544       -4.5   +/-    1.5   5.1   5.3                           
54549       -7.3   +/-    1.5   5.1   5.3                           
54554      -12.4   +/-    1.5   5.1   5.3                           
54559      -19.5   +/-    1.5   5.1   5.3          NPL 0804 CirT.244
54564      -19.0   +/-    1.5   5.1   5.3                           
54569      -24.1   +/-    1.5   5.1   5.3                           
54574      -25.8   +/-    1.5   5.1   5.3                           
54579      -30.7   +/-    1.5   5.1   5.3                           
54584      -35.3   +/-    1.5   5.1   5.3                           
54589      -36.0   +/-    1.5   5.1   5.3          NPL 0805 CirT.245
54594      -37.1   +/-    1.5   5.1   5.3                           
54599      -38.7   +/-    1.5   5.1   5.3                           
54604      -39.1   +/-    1.5   5.1   5.3                           
54609      -44.8   +/-    1.5   5.1   5.3                           
54614      -38.8   +/-    1.5   5.1   5.3                           
54619      -34.5   +/-    1.5   5.0   5.3          NPL 0806 CirT.246
54624      -31.8   +/-    1.5   5.0   5.3                           
54629      -31.6   +/-    1.5   5.0   5.3                           
54634      -27.9   +/-    1.5   5.0   5.3                           
54639      -24.2   +/-    1.5   5.0   5.3                           
54644      -19.4   +/-    1.5   5.0   5.3                           
54649      -19.4   +/-    1.5   5.0   5.2          NPL 0807 CirT.247
54654      -14.0   +/-    1.5   5.0   5.2                           
54659      -22.6   +/-    1.5   5.0   5.2                           
54664      -17.1   +/-    1.5   5.0   5.2                           
54669      -13.5   +/-    1.5   5.0   5.2                           
54674      -12.8   +/-    1.5   5.0   5.2                           
54679      -12.5   +/-    1.5   5.0   5.2          NPL 0808 CirT.248
54684      -21.5   +/-    1.5   5.0   5.2                           
54689      -24.6   +/-    1.5   5.0   5.2                           
54694      -28.3   +/-    1.5   5.0   5.2                           
54699      -31.3   +/-    1.5   5.0   5.2                           
54704      -38.2   +/-    1.5   5.0   5.2                           
54709      -38.4   +/-    1.5   5.0   5.2                           
54714      -40.3   +/-    1.5   5.1   5.3          NPL 0809 CirT.249
54719      -40.7   +/-    1.5   5.1   5.3                           
54724      -43.6   +/-    1.5   5.1   5.3                           
54729      -45.1   +/-    1.5   5.1   5.3                           
54734      -41.8   +/-    1.5   5.1   5.3                           
54739      -41.2   +/-    1.5   5.1   5.3                           
54744      -32.0   +/-    0.6   5.0   5.1          NPL 0810 CirT.250
54749      -33.9   +/-    0.6   5.0   5.1                           
54754      -34.8   +/-    0.6   5.0   5.1                           
54759      -33.6   +/-    0.6   5.0   5.1                           
54764      -33.4   +/-    0.6   5.0   5.1                           
54769      -32.2   +/-    0.6   5.0   5.1                           
54774      -32.6   +/-    0.6   5.0   5.0          NPL 0811 CirT.251
54779      -33.0   +/-    0.6   5.0   5.0                           
54784      -32.6   +/-    0.6   5.0   5.0                           
54789      -33.0   +/-    0.6   5.0   5.0                           
54794      -30.7   +/-    0.6   5.0   5.0                           
54799      -30.6   +/-    0.6   5.0   5.0                           
54804      -32.1   +/-    0.6   5.0   5.1          NPL 0812 CirT.252
54809      -31.1   +/-    0.6   5.0   5.1                           
54814      -29.4   +/-    0.6   5.0   5.1                           
54819      -29.1   +/-    0.6   5.0   5.1                           
54824      -25.8   +/-    0.6   5.0   5.1                           
54829      -24.4   +/-    0.6   5.0   5.1                           
54834      -22.7   +/-    0.6   5.0   5.0          NPL 0901 CirT.253
54839      -20.9   +/-    0.6   5.0   5.0                           
54844      -19.3   +/-    0.6   5.0   5.0                           
54849      -17.6   +/-    0.6   5.0   5.0                           
54854      -14.1   +/-    0.6   5.0   5.0                           
54859      -12.7   +/-    0.6   5.0   5.0                           
54864      -10.0   +/-    0.5   5.0   5.0          NPL 0902 CirT.254
54869       -7.5   +/-    0.5   5.0   5.0                           
54874       -4.7   +/-    0.5   5.0   5.0                           
54879       -1.2   +/-    0.5   5.0   5.0                           
54884        2.5   +/-    0.5   5.0   5.0                           
54889        7.0   +/-    0.5   5.0   5.0                           
54894       11.3   +/-    0.5   5.0   5.0          NPL 0903 CirT.255
54899       15.8   +/-    0.5   5.0   5.0                           
54904       19.8   +/-    0.5   5.0   5.0                           
54909       19.8   +/-    0.5   5.0   5.0                           
54914       18.5   +/-    0.5   5.0   5.0                           
54919       18.5   +/-    0.5   5.0   5.0                           
54924       46.2   +/-    0.5   1.4   1.5          NPL 0904 CirT.256
54929       45.0   +/-    0.5   1.4   1.5                           
54934       43.7   +/-    0.5   1.4   1.5                           
54939       44.0   +/-    0.5   1.4   1.5                           
54944       44.5   +/-    0.5   1.4   1.5                           
54949       44.7   +/-    0.5   1.4   1.5                           
54954       45.5   +/-    0.5   1.4   1.5          NPL 0905 CirT.257
54959       46.4   +/-    0.5   1.4   1.5                           
54964       48.3   +/-    0.5   1.4   1.5                           
54969       48.5   +/-    0.5   1.4   1.5                           
54974       49.4   +/-    0.5   1.4   1.5                           
54979       51.1   +/-    0.5   1.4   1.5                           
54984       52.5   +/-    0.5   1.5   1.6          NPL 0906 CirT.258
54989       54.8   +/-    0.5   1.5   1.6                           
54994       56.7   +/-    0.5   1.5   1.6                           
54999       58.1   +/-    0.5   1.5   1.6                           
55004       57.2   +/-    0.5   1.5   1.6                           
55009       54.5   +/-    0.5   1.5   1.6                           
55014       51.8   +/-    0.5   1.6   1.6          NPL 0907 CirT.259
55019       50.2   +/-    0.5   1.6   1.6                           
55024       46.7   +/-    0.5   1.6   1.6                           
55029       44.5   +/-    0.5   1.6   1.6                           
55034       42.2   +/-    0.5   1.6   1.6                           
55039       39.7   +/-    0.5   1.6   1.6                           
55044       37.0   +/-    1.0   5.1   5.2          NPL 0908 CirT.260
55049       35.7   +/-    1.0   5.1   5.2                           
55054       35.3   +/-    1.0   5.1   5.2                           
55059       33.4   +/-    1.0   5.1   5.2                           
55064       32.2   +/-    1.0   5.1   5.2                           
55069       31.9   +/-    1.0   5.1   5.2                           
55074       30.7   +/-    1.0   5.1   5.2                           
55079       31.9   +/-    1.0   5.1   5.2          NPL 0909 CirT.261
55084       32.0   +/-    1.0   5.1   5.2                           
55089       32.5   +/-    1.0   5.1   5.2                           
55094       32.6   +/-    1.0   5.1   5.2                           
55099       34.0   +/-    1.0   5.1   5.2                           
55104       35.0   +/-    1.0   5.1   5.2                           
55109       36.7   +/-    1.0   5.1   5.2          NPL 0910 CirT.262
55114       38.8   +/-    1.0   5.1   5.2                           
55119       40.3   +/-    1.0   5.1   5.2                           
55124       43.1   +/-    1.0   5.1   5.2                           
55129       44.7   +/-    1.0   5.1   5.2                           
55134       47.3   +/-    1.0   5.1   5.2                           
55139       49.9   +/-    1.0   5.1   5.2          NPL 0911 CirT.263
55144       53.3   +/-    1.0   5.1   5.2                           
55149       36.5   +/-    1.0   5.1   5.2                           
55154       26.9   +/-    1.0   5.1   5.2                           
55159        5.7   +/-    1.0   5.1   5.2                           
55164       19.9   +/-    1.0   5.1   5.2                           
55169       30.8   +/-    0.6   5.1   5.1          NPL 0912 CirT.264
55174       23.1   +/-    0.6   5.1   5.1                           
55179       16.3   +/-    0.6   5.1   5.1                           
55184        9.5   +/-    0.6   5.1   5.1                           
55189        3.8   +/-    0.6   5.1   5.1                           
55194       -1.3   +/-    0.6   5.1   5.1                           
55199       -6.5   +/-    0.6   5.1   5.1          NPL 1001 CirT.265
55204      -12.1   +/-    0.6   5.1   5.1                           
55209      -17.4   +/-    0.6   5.1   5.1                           
55214      -24.2   +/-    0.6   5.1   5.1                           
55219      -31.0   +/-    0.6   5.1   5.1                           
55224      -34.9   +/-    0.6   5.1   5.1                           
55229      -38.1   +/-    0.6   5.2   5.2          NPL 1002 CirT.266
55234      -43.6   +/-    0.6   5.2   5.2                           
55239      -47.8   +/-    0.6   5.2   5.2                           
55244      -52.0   +/-    0.6   5.2   5.2                           
55249      -56.9   +/-    0.6   5.2   5.2                           
55254      -61.5   +/-    0.6   5.2   5.2                           
55259      -64.7   +/-    0.6   5.0   5.1          NPL 1003 CirT.267
55264      -68.5   +/-    0.6   5.0   5.1                           
55269      -69.4   +/-    0.6   5.0   5.1                           
55274      -69.0   +/-    0.6   5.0   5.1                           
55279      -67.5   +/-    0.6   5.0   5.1                           
55284      -65.4   +/-    0.6   5.0   5.1                           
55289      -63.5   +/-    0.6   5.0   5.1          NPL 1004 CirT.268
55294      -61.4   +/-    0.6   5.0   5.1                           
55299      -59.0   +/-    0.6   5.0   5.1                           
55304      -57.4   +/-    0.6   5.0   5.1                           
55309      -53.7   +/-    0.6   5.0   5.1                           
55314      -51.7   +/-    0.6   5.0   5.1                           
55319      -48.6   +/-    0.6   5.0   5.1          NPL 1005 CirT.269
55324      -46.1   +/-    0.6   5.0   5.1                           
55329      -42.8   +/-    0.6   5.0   5.1                           
55334      -40.6   +/-    0.6   5.0   5.1                           
55339      -37.3   +/-    0.6   5.0   5.1                           
55344      -34.1   +/-    0.6   5.0   5.1                           
55349      -29.6   +/-    0.6   5.1   5.1          NPL 1006 CirT.270
55354      -25.0   +/-    0.6   5.1   5.1                           
55359      -19.7   +/-    0.6   5.1   5.1                           
55364      -14.8   +/-    0.6   5.1   5.1                           
55369       -9.7   +/-    0.6   5.1   5.1                           
55374       -4.0   +/-    0.6   5.1   5.1                           
55379        2.9   +/-    0.6   5.1   5.1          NPL 1007 CirT.271
55384        9.8   +/-    0.6   5.1   5.1                           
55389       14.1   +/-    0.6   5.1   5.1                           
55394       13.1   +/-    0.6   5.1   5.1                           
55399       13.4   +/-    0.6   5.1   5.1                           
55404       13.7   +/-    0.6   5.1   5.1                           
55409       15.1   +/-    0.6   5.1   5.1          NPL 1008 CirT.272
55414       16.0   +/-    0.6   5.1   5.1                           
55419       16.8   +/-    0.6   5.1   5.1                           
55424       17.0   +/-    0.6   5.1   5.1                           
55429       18.4   +/-    0.6   5.1   5.1                           
55434       19.2   +/-    0.6   5.1   5.1                           
55439       20.0   +/-    0.6   5.1   5.1                           
55444       19.1   +/-    0.4   7.0   7.0          NPL 1009 CirT.273
55449       21.3   +/-    0.4   7.0   7.0                           
55454       23.0   +/-    0.4   7.0   7.0                           
55459       23.5   +/-    0.4   7.0   7.0                           
55464       20.0   +/-    0.4   7.0   7.0                           
55469       16.1   +/-    0.4   7.0   7.0                           
55474       11.6   +/-    4.0   5.2   6.5          NPL 1010 CirT.274
55479        9.2   +/-    4.0   5.2   6.5                           
55484        8.4   +/-    4.0   5.2   6.5                           
55489        5.7   +/-    4.0   5.2   6.5                           
55494        1.8   +/-    4.0   5.2   6.5                           
55499        0.9   +/-    4.0   5.2   6.5                           
55504       -2.2   +/-    0.3   7.2   7.2          NPL 1011 CirT.275
55509       -4.3   +/-    0.3   7.2   7.2                           
55514       -6.9   +/-    0.3   7.2   7.2                           
55519       -8.8   +/-    0.3   7.2   7.2                           
55524      -12.1   +/-    0.3   7.2   7.2                           
55529      -14.3   +/-    0.3   7.2   7.2                           
55534      -14.4   +/-    0.8   5.3   5.3          NPL 1012 CirT.276
55539      -16.4   +/-    0.8   5.3   5.3                           
55544      -19.3   +/-    0.8   5.3   5.3                           
55549      -19.6   +/-    0.8   5.3   5.3                           
55554      -20.0   +/-    0.8   5.3   5.3                           
55559      -20.3   +/-    0.8   5.3   5.3                           
55564      -18.7   +/-    0.8   5.3   5.3          NPL 1101 CirT.277
55569      -18.4   +/-    0.8   5.3   5.3                           
55574      -16.5   +/-    0.8   5.3   5.3                           
55579      -13.6   +/-    0.8   5.3   5.3                           
55584      -10.4   +/-    0.8   5.3   5.3                           
55589       -7.0   +/-    0.8   5.3   5.3                           
55594       -3.4   +/-    0.8   5.3   5.3          NPL 1102 CirT.278
55599       -0.1   +/-    0.8   5.3   5.3                           
55604        3.0   +/-    0.8   5.3   5.3                           
55609        7.0   +/-    0.8   5.3   5.3                           
55614       10.7   +/-    0.8   5.3   5.3                           
55619       15.4   +/-    0.8   5.3   5.3                           
55624       20.3   +/-    0.8   5.3   5.3          NPL 1103 CirT.279
55629       24.8   +/-    0.8   5.3   5.3                           
55634       29.8   +/-    0.8   5.3   5.3                           
55639       31.9   +/-    0.8   5.3   5.3                           
55644       29.7   +/-    0.8   5.3   5.3                           
55649       30.2   +/-    0.8   5.3   5.3                           
55654       29.8   +/-    0.8   5.2   5.2          NPL 1104 CirT.280
55659       29.6   +/-    0.8   5.2   5.2                           
55664       29.8   +/-    0.8   5.2   5.2                           
55669       29.5   +/-    0.8   5.2   5.2                           
55674       28.8   +/-    0.8   5.2   5.2                           
55679       29.0   +/-    0.8   5.2   5.2                           
55684       29.0   +/-    0.8   5.1   5.2          NPL 1105 CirT.281
55689       29.2   +/-    0.8   5.1   5.2                           
55694       30.9   +/-    0.8   5.1   5.2                           
55699       31.9   +/-    0.8   5.1   5.2                           
55704       32.7   +/-    0.8   5.1   5.2                           
55709       33.6   +/-    0.8   5.1   5.2                           
55714       29.9   +/-    0.4   5.1   5.1          NPL 1106 CirT.282
55719       26.8   +/-    0.4   5.1   5.1                           
55724       23.4   +/-    0.4   5.1   5.1                           
55729       20.5   +/-    0.4   5.1   5.1                           
55734       17.5   +/-    0.4   5.1   5.1                           
55739       13.9   +/-    0.4   5.1   5.1                           
55744       13.4   +/-    0.4   5.1   5.1          NPL 1107 CirT.283
55749       10.2   +/-    0.4   5.1   5.1                           
55754        8.0   +/-    0.4   5.1   5.1                           
55759        6.6   +/-    0.4   5.1   5.1                           
55764        4.0   +/-    0.4   5.1   5.1                           
55769        0.4   +/-    0.4   5.1   5.1                           
55774       -1.7   +/-    0.4   7.0   7.0          NPL 1108 CirT.284
55779       -3.9   +/-    0.4   7.0   7.0                           
55784       -6.5   +/-    0.4   7.0   7.0                           
55789       -7.8   +/-    0.4   7.0   7.0                           
55794       -8.6   +/-    0.4   7.0   7.0                           
55799       -9.5   +/-    0.4   7.0   7.0                           
55804       -9.8   +/-    0.4   7.0   7.0                           
55809      -10.7   +/-    0.4   5.1   5.1          NPL 1109 CirT.285
55814      -10.6   +/-    0.4   5.1   5.1                           
55819       -9.5   +/-    0.4   5.1   5.1                           
55824       -9.0   +/-    0.4   5.1   5.1                           
55829       -8.5   +/-    0.4   5.1   5.1                           
55834       -8.5   +/-    0.4   5.1   5.1                           
55839       -7.5   +/-    0.3   5.1   5.2          NPL 1110 CirT.286
55844       -5.8   +/-    0.3   5.1   5.2                           
55849       -6.2   +/-    0.3   5.1   5.2                           
55854       -4.4   +/-    0.3   5.1   5.2                           
55859       -2.5   +/-    0.3   5.1   5.2                           
55864       -0.9   +/-    0.3   5.1   5.2                           
55869        0.7   +/-    0.3   5.2   5.2          NPL 1111 CirT.287
55874        2.5   +/-    0.3   5.2   5.2                           
55879        2.2   +/-    0.3   5.2   5.2                           
55884        1.9   +/-    0.3   5.2   5.2                           
55889        1.3   +/-    0.3   5.2   5.2                           
55894        1.7   +/-    0.3   5.2   5.2                           
55899        3.0   +/-    0.4   5.1   5.2          NPL 1112 CirT.288
55904        3.1   +/-    0.4   5.1   5.2                           
55909        4.1   +/-    0.4   5.1   5.2                           
55914        4.3   +/-    0.4   5.1   5.2                           
55919        5.4   +/-    0.4   5.1   5.2                           
55924        6.5   +/-    0.4   5.1   5.2                           
55929        7.8   +/-    0.3   5.2   5.2          NPL 1201 CirT.289
55934        9.6   +/-    0.3   5.2   5.2                           
55939       11.1   +/-    0.3   5.2   5.2                           
55944       11.5   +/-    0.3   5.2   5.2                           
55949       10.4   +/-    0.3   5.2   5.2                           
55954        9.1   +/-    0.3   5.2   5.2                           
55959        8.4   +/-    0.3   5.1   5.2          NPL 1202 CirT.290
55964        7.4   +/-    0.3   5.1   5.2                           
55969        7.2   +/-    0.3   5.1   5.2                           
55974        6.4   +/-    0.3   5.1   5.2                           
55979        5.2   +/-    0.3   5.1   5.2                           
55984        6.5   +/-    0.3   5.1   5.2                           
55989        6.2   +/-    0.3   5.1   5.1          NPL 1203 CirT.291
55994        6.8   +/-    0.3   5.1   5.1                           
55999        8.3   +/-    0.3   5.1   5.1                           
56004        9.4   +/-    0.3   5.1   5.1                           
56009       10.6   +/-    0.3   5.1   5.1                           
56014       11.6   +/-    0.3   5.1   5.1                           
56019       11.0   +/-    0.3   5.2   5.2          NPL 1204 CirT.292
56024        7.8   +/-    0.3   5.2   5.2                           
56029        4.7   +/-    0.3   5.2   5.2                           
56034        2.5   +/-    0.3   5.2   5.2                           
56039        0.2   +/-    0.3   5.2   5.2                           
56044       -1.7   +/-    0.3   5.2   5.2                           
56049       -4.2   +/-    0.3   7.1   7.1          NPL 1205 CirT.293
56054       -5.2   +/-    0.3   7.1   7.1                           
56059       -7.2   +/-    0.3   7.1   7.1                           
56064       -7.2   +/-    0.3   7.1   7.1                           
56069       -8.9   +/-    0.3   7.1   7.1                           
56074       -9.3   +/-    0.3   7.1   7.1                           
56079       -9.5   +/-    0.3   7.1   7.1          NPL 1206 CirT.294
56084       -9.9   +/-    0.3   7.1   7.1                           
56089       -9.3   +/-    0.3   7.1   7.1                           
56094       -9.2   +/-    0.3   7.1   7.1                           
56099       -9.3   +/-    0.3   7.1   7.1                           
56104       -8.2   +/-    0.3   7.1   7.1                           
56109       -7.6   +/-    0.3   5.2   5.2          NPL 1207 CirT.295
56114       -6.5   +/-    0.3   5.2   5.2                           
56119       -4.5   +/-    0.3   5.2   5.2                           
56124       -2.6   +/-    0.3   5.2   5.2                           
56129       -1.2   +/-    0.3   5.2   5.2                           
56134       -0.1   +/-    0.3   5.2   5.2                           
56139        2.8   +/-    0.3   5.2   5.2                           
56144        6.0   +/-    0.3   5.2   5.2          NPL 1208 CirT.296
56149        8.6   +/-    0.3   5.2   5.2                           
56154       11.8   +/-    0.3   5.2   5.2                           
56159       11.7   +/-    0.3   5.2   5.2                           
56164        8.9   +/-    0.3   5.2   5.2                           
56169        6.5   +/-    0.3   5.2   5.2                           
56174        3.9   +/-    0.3   5.2   5.2          NPL 1209 CirT.297
56179        2.1   +/-    0.3   5.2   5.2                           
56184       -0.1   +/-    0.3   5.2   5.2                           
56189       -1.2   +/-    0.3   5.2   5.2                           
56194       -3.3   +/-    0.3   5.2   5.2                           
56199       -4.5   +/-    0.3   5.2   5.2                           
56204       -4.8   +/-    0.3   5.2   5.2          NPL 1210 CirT.298
56209       -6.4   +/-    0.3   5.2   5.2                           
56214       -6.7   +/-    0.3   5.2   5.2                           
56219       -7.4   +/-    0.3   5.2   5.2                           
56224       -7.2   +/-    0.3   5.2   5.2                           
56229       -6.3   +/-    0.3   5.2   5.2                           
56234       -6.1   +/-    0.3   5.2   5.2          NPL 1211 CirT.299
56239       -6.3   +/-    0.3   5.2   5.2                           
56244       -6.0   +/-    0.3   5.2   5.2                           
56249       -6.3   +/-    0.3   5.2   5.2                           
56254       -5.1   +/-    0.3   5.2   5.2                           
56259       -2.8   +/-    0.3   5.2   5.2                           
56264       -0.3   +/-    0.3   5.2   5.2          NPL 1212 CirT.300
56269        1.5   +/-    0.3   5.2   5.2                           
56274        3.5   +/-    0.3   5.2   5.2                           
56279        5.1   +/-    0.3   5.2   5.2                           
56284        7.1   +/-    0.3   5.2   5.2                           
56289        4.9   +/-    0.3   5.2   5.2                           
56294        3.5   +/-    0.3   5.2   5.2          NPL 1301 CirT.301
56299        2.4   +/-    0.3   5.2   5.2                           
56304        2.9   +/-    0.3   5.2   5.2                           
56309        3.4   +/-    0.3   5.2   5.2                           
56314        3.7   +/-    0.3   5.2   5.2                           
56319        3.2   +/-    0.3   5.2   5.2                           
56324        2.3   +/-    0.3   5.2   5.2          NPL 1302 CirT.302
56329        2.7   +/-    0.3   5.2   5.2                           
56334        3.4   +/-    0.3   5.2   5.2                           
56339        4.6   +/-    0.3   5.2   5.2                           
56344        2.2   +/-    0.3   5.2   5.2                           
56349        0.7   +/-    0.3   5.2   5.2                           
56354       -2.6   +/-    0.3   5.2   5.2          NPL 1303 CirT.303
56359       -5.3   +/-    0.3   5.2   5.2                           
56364       -7.1   +/-    0.3   5.2   5.2                           
56369       -8.9   +/-    0.3   5.2   5.2                           
56374      -10.3   +/-    0.3   5.2   5.2                           
56379      -11.3   +/-    0.3   5.2   5.2                           
56384      -12.1   +/-    0.3   5.2   5.2          NPL 1304 CirT.304
56389      -13.2   +/-    0.3   5.2   5.2                           
56394      -14.6   +/-    0.3   5.2   5.2                           
56399      -15.2   +/-    0.3   5.2   5.2                           
56404      -15.1   +/-    0.3   5.2   5.2                           
56409      -15.5   +/-    0.3   5.2   5.2                           
56414      -15.6   +/-    0.3   5.2   5.2          NPL 1305 CirT.305
56419      -17.1   +/-    0.3   5.2   5.2                           
56424      -18.1   +/-    0.3   5.2   5.2                           
56429      -16.4   +/-    0.3   5.2   5.2                           
56434      -16.9   +/-    0.3   5.2   5.2                           
56439      -15.2   +/-    0.3   5.2   5.2                           
56444      -15.4   +/-    0.3   5.2   5.2          NPL 1306 CirT.306
56449      -14.5   +/-    0.3   5.2   5.2                           
56454      -12.8   +/-    0.3   5.2   5.2                           
56459      -11.9   +/-    0.3   5.2   5.2                           
56464      -10.9   +/-    0.3   5.2   5.2                           
56469       -8.9   +/-    0.3   5.2   5.2                           
56474       -7.0   +/-    0.3   5.2   5.2          NPL 1307 CirT.307
56479       -5.3   +/-    0.3   5.2   5.2                           
56484       -2.7   +/-    0.3   5.2   5.2                           
56489       -1.9   +/-    0.3   5.2   5.2                           
56494       -2.0   +/-    0.3   5.2   5.2                           
56499       -2.7   +/-    0.3   5.2   5.2                           
56504       -2.7   +/-    0.3   5.2   5.2                           
56509       -2.5   +/-    0.3   5.2   5.2          NPL 1308 CirT.308
56514       -0.5   +/-    0.3   5.2   5.2                           
56519        0.6   +/-    0.3   5.2   5.2                           
56524        2.3   +/-    0.3   5.2   5.2                           
56529        3.9   +/-    0.3   5.2   5.2                           
56534        6.6   +/-    0.3   5.2   5.2                           
56539        7.7   +/-    0.3   5.2   5.2          NPL 1309 CirT.309
56544       11.9   +/-    0.3   5.2   5.2                           
56549       16.8   +/-    0.3   5.2   5.2                           
56554       15.8   +/-    0.3   5.2   5.2                           
56559       13.4   +/-    0.3   5.2   5.2                           
56564       11.4   +/-    0.3   5.2   5.2                           
56569       10.8   +/-    0.3   7.1   7.1          NPL 1310 CirT.310
56574        9.1   +/-    0.3   7.1   7.1                           
56579        8.7   +/-    0.3   7.1   7.1                           
56584        8.5   +/-    0.3   7.1   7.1                           
56589        6.7   +/-    0.3   7.1   7.1                           
56594        5.4   +/-    0.3   7.1   7.1                           
56599        4.1   +/-    0.3   7.1   7.1          NPL 1311 CirT.311
56604        3.2   +/-    0.3   7.1   7.1                           
56609        2.6   +/-    0.3   7.1   7.1                           
56614        2.1   +/-    0.3   7.1   7.1                           
56619        0.8   +/-    0.3   7.1   7.1                           
56624       -2.7   +/-    0.3   7.1   7.1                           
56629       -5.1   +/-    0.3   7.1   7.1          NPL 1312 CirT.312
56634       -6.4   +/-    0.3   7.1   7.1                           
56639       -6.9   +/-    0.3   7.1   7.1                           
56644       -6.6   +/-    0.3   7.1   7.1                           
56649       -4.1   +/-    0.3   7.1   7.1                           
56654       -1.2   +/-    0.3   7.1   7.1                           
56659        1.5   +/-    0.3   7.0   7.1          NPL 1401 CirT.313
56664        3.5   +/-    0.3   7.0   7.1                           
56669        6.1   +/-    0.3   7.0   7.1                           
56674        9.4   +/-    0.3   7.0   7.1                           
56679       12.7   +/-    0.3   7.0   7.1                           
56684       16.1   +/-    0.3   7.0   7.1                           
56689       19.3   +/-    0.3   7.1   7.1          NPL 1402 CirT.314
56694       22.5   +/-    0.3   7.1   7.1                           
56699       26.3   +/-    0.3   7.1   7.1                           
56704       25.0   +/-    0.3   7.1   7.1                           
56709       23.1   +/-    0.3   7.1   7.1                           
56714       21.8   +/-    0.3   7.1   7.1                           
56719       21.5   +/-    0.3   7.1   7.1          NPL 1403 CirT.315
56724       20.4   +/-    0.3   7.1   7.1                           
56729       19.7   +/-    0.3   7.1   7.1                           
56734       19.2   +/-    0.3   7.1   7.1                           
56739       18.3   +/-    0.3   7.1   7.1                           
56744       18.9   +/-    0.3   7.1   7.1                           
56749       18.1   +/-    0.3   7.1   7.1          NPL 1404 CirT.316
56754       17.3   +/-    0.3   7.1   7.1                           
56759       17.4   +/-    0.3   7.1   7.1                           
56764       18.0   +/-    0.3   7.1   7.1                           
56769       18.0   +/-    0.3   7.1   7.1                           
56774       18.0   +/-    0.3   7.1   7.1                           
56779       18.6   +/-    0.3   7.2   7.2          NPL 1405 CirT.317
56784       19.1   +/-    0.3   7.2   7.2                           
56789       19.3   +/-    0.3   7.2   7.2                           
56794       19.5   +/-    0.3   7.2   7.2                           
56799       19.7   +/-    0.3   7.2   7.2                           
56804       20.9   +/-    0.3   7.2   7.2                           
56809       22.4   +/-    0.3   7.2   7.2          NPL 1406 CirT.318
56814       23.0   +/-    0.3   7.2   7.2                           
56819       19.0   +/-    0.3   7.2   7.2                           
56824       20.6   +/-    0.3   7.2   7.2                           
56829       21.7   +/-    0.3   7.2   7.2                           
56834       22.0   +/-    0.3   7.2   7.2                           
56839       18.2   +/-    0.3   7.2   7.2          NPL 1407 CirT.319
56844       12.2   +/-    0.3   7.2   7.2                           
56849        5.9   +/-    0.3   7.2   7.2                           
56854       -0.1   +/-    0.3   7.2   7.2                           
56859       -6.2   +/-    0.3   7.2   7.2                           
56864      -11.9   +/-    0.3   7.2   7.2                           
56869      -17.3   +/-    0.3   7.2   7.2                           
56874      -22.2   +/-    0.3   7.1   7.1          NPL 1408 CirT.320
56879      -26.8   +/-    0.3   7.1   7.1                           
56884      -29.4   +/-    0.3   7.1   7.1                           
56889      -27.6   +/-    0.3   7.1   7.1                           
56894      -26.7   +/-    0.3   7.1   7.1                           
56899      -26.9   +/-    0.3   7.1   7.1                           
56904      -26.5   +/-    0.3   7.2   7.2          NPL 1409 CirT.321
56909      -23.5   +/-    0.3   7.2   7.2                           
56914      -21.4   +/-    0.3   7.2   7.2                           
56919      -19.5   +/-    0.3   7.2   7.2                           
56924      -17.5   +/-    0.3   7.2   7.2                           
56929      -15.3   +/-    0.3   7.2   7.2                           
56934      -10.8   +/-    0.3   7.0   7.0          NPL 1410 CirT.322
56939       -7.1   +/-    0.3   7.0   7.0                           
56944       -3.1   +/-    0.3   7.0   7.0                           
56949       -4.1   +/-    0.3   7.0   7.0                           
56954       -4.2   +/-    0.3   7.0   7.0                           
56959       -5.6   +/-    0.3   7.0   7.0                           
56964       -4.8   +/-    0.4   7.0   7.0          NPL 1411 CirT.323
56969       -4.4   +/-    0.4   7.0   7.0                           
56974       -3.8   +/-    0.4   7.0   7.0                           
56979       -2.9   +/-    0.4   7.0   7.0                           
56984       -0.9   +/-    0.4   7.0   7.0                           
56989        1.3   +/-    0.4   7.0   7.0                           
56994        4.1   +/-    0.4   7.0   7.0          NPL 1412 CirT.324
56999        7.1   +/-    0.4   7.0   7.0                           
57004        9.2   +/-    0.4   7.0   7.0                           
57009       11.1   +/-    0.4   7.0   7.0                           
57014       10.5   +/-    0.4   7.0   7.0                           
57019       10.8   +/-    0.4   7.0   7.0                           
57024       10.7   +/-    0.3   7.0   7.0          NPL 1501 CirT.325
57029       10.7   +/-    0.3   7.0   7.0                           
57034       11.2   +/-    0.3   7.0   7.0                           
57039       12.3   +/-    0.3   7.0   7.0                           
57044       13.7   +/-    0.3   7.0   7.0                           
57049       14.7   +/-    0.3   7.0   7.0                           
57054       16.1   +/-    0.3   7.0   7.0          NPL 1502 CirT.326
57059       17.6   +/-    0.3   7.0   7.0                           
57064       20.1   +/-    0.3   7.0   7.0                           
57069       21.9   +/-    0.3   7.0   7.0                           
57074       24.6   +/-    0.3   7.0   7.0                           
57079       27.6   +/-    0.3   7.0   7.0                           
57084       31.1   +/-    0.3   7.0   7.0          NPL 1503 CirT.327
57089       36.0   +/-    0.3   7.0   7.0                           
57094       40.2   +/-    0.3   7.0   7.0                           
57099       38.1   +/-    0.3   7.0   7.0                           
57104       34.9   +/-    0.3   7.0   7.0                           
57109       32.8   +/-    0.3   7.0   7.0                           
57114       30.7   +/-    0.3   7.0   7.0          NPL 1504 CirT.328
57119       28.4   +/-    0.3   7.0   7.0                           
57124       26.1   +/-    0.3   7.0   7.0                           
57129       25.6   +/-    0.3   7.0   7.0                           
57134       24.8   +/-    0.3   7.0   7.0                           
57139       24.5   +/-    0.3   7.0   7.0                           
57144       25.2   +/-    0.3   6.9   7.0          NPL 1505 CirT.329
57149       25.7   +/-    0.3   6.9   7.0                           
57154       26.6   +/-    0.3   6.9   7.0                           
57159       27.6   +/-    0.3   6.9   7.0                           
57164       29.6   +/-    0.3   6.9   7.0                           
57169       31.8   +/-    0.3   6.9   7.0                           
57174       34.1   +/-    0.3   6.9   6.9          NPL 1506 CirT.330
57179       36.8   +/-    0.3   6.9   6.9                           
57184       40.1   +/-    0.3   6.9   6.9                           
57189       42.9   +/-    0.3   6.9   6.9                           
57194       46.4   +/-    0.3   6.9   6.9                           
57199       50.0   +/-    0.3   6.9   6.9                           
57204       54.3   +/-    0.3   6.9   6.9          NPL 1507 CirT.331
57209       58.5   +/-    0.3   6.9   6.9                           
57214       58.9   +/-    0.3   6.9   6.9                           
57219       56.5   +/-    0.3   6.9   6.9                           
57224       54.9   +/-    0.3   6.9   6.9                           
57229       53.9   +/-    0.3   6.9   6.9                           
57234       54.3   +/-    0.3   6.9   6.9                           
57239       55.2   +/-    0.3   6.9   6.9          NPL 1508 CirT.332
57244       56.8   +/-    0.3   6.9   6.9                           
57249       58.3   +/-    0.3   6.9   6.9                           
57254       58.2   +/-    0.3   6.9   6.9                           
57259       53.7   +/-    0.3   6.9   6.9                           
57264       49.5   +/-    0.3   6.9   6.9                           
57269       45.9   +/-    0.3   6.9   6.9          NPL 1509 CirT.333
57274       43.3   +/-    0.3   6.9   6.9                           
57279       41.1   +/-    0.3   6.9   6.9                           
57284       39.6   +/-    0.3   6.9   6.9                           
57289       38.6   +/-    0.3   6.9   6.9                           
57294       37.9   +/-    0.3   6.9   6.9                           
57299       37.4   +/-    0.3   6.9   6.9          NPL 1510 CirT.334
57304       36.6   +/-    0.3   6.9   6.9                           
57309       37.0   +/-    0.3   6.9   6.9                           
57314       37.1   +/-    0.3   6.9   6.9                           
57319       34.1   +/-    0.3   6.9   6.9                           
57324       28.3   +/-    0.3   6.9   6.9                           
57329       22.9   +/-    0.3   6.9   6.9          NPL 1511 CirT.335
57334       17.5   +/-    0.3   6.9   6.9                           
57339       12.9   +/-    0.3   6.9   6.9                           
57344        9.7   +/-    0.3   6.9   6.9                           
57349        7.3   +/-    0.3   6.9   6.9                           
57354        5.1   +/-    0.3   6.9   6.9                           
57359        3.5   +/-    0.3   7.0   7.0          NPL 1512 CirT.336
57364        2.1   +/-    0.3   7.0   7.0                           
57369        3.0   +/-    0.3   7.0   7.0                           
57374        3.0   +/-    0.3   7.0   7.0                           
57379        1.1   +/-    0.3   7.0   7.0                           
57384       -0.4   +/-    0.3   7.0   7.0                           
57389       -1.1   +/-    0.3   7.3   7.3          NPL 1601 CirT.337
57394       -2.4   +/-    0.3   7.3   7.3                           
57399       -4.6   +/-    0.3   7.3   7.3                           
57404       -3.9   +/-    0.3   7.3   7.3                           
57409       -1.2   +/-    0.3   7.3   7.3                           
57414        0.5   +/-    0.3   7.3   7.3                           
57419        1.9   +/-    0.3   7.6   7.6          NPL 1602 CirT.338
57424        1.8   +/-    0.3   7.6   7.6                           
57429        4.1   +/-    0.3   7.6   7.6                           
57434        6.8   +/-    0.3   7.6   7.6                           
57439        8.5   +/-    0.3   7.6   7.6                           
57444        7.5   +/-    0.3   7.6   7.6                           
57449        7.1   +/-    0.3   7.6   7.6          NPL 1603 CirT.339
57454        6.0   +/-    0.3   7.6   7.6                           
57459        5.1   +/-    0.3   7.6   7.6                           
57464        7.7   +/-    0.3   7.6   7.6                           
57469        9.6   +/-    0.3   7.6   7.6                           
57474        8.7   +/-    0.3   7.6   7.6                           
57479        8.5   +/-    0.3   7.6   7.6          NPL 1604 CirT.340
57484        8.2   +/-    0.3   7.6   7.6                           
57489        8.0   +/-    0.3   7.6   7.6                           
57494        7.8   +/-    0.3   7.6   7.6                           
57499        8.1   +/-    0.3   7.6   7.6                           
57504        5.1   +/-    0.3   7.6   7.6                           
57509        1.2   +/-    1.0   7.1   7.2          NPL 1605 CirT.341
57514       -1.8   +/-    1.0   7.1   7.2                           
57519       -4.8   +/-    1.0   7.1   7.2                           
57524       -8.8   +/-    1.0   7.1   7.2                           
57529      -11.2   +/-    1.0   7.1   7.2                           
57534      -12.8   +/-    1.0   7.1   7.2                           
57539      -14.6   +/-    1.0   7.1   7.2                           
57544      -15.7   +/-    1.0   7.2   7.3          NPL 1606 CirT.342
57549      -17.1   +/-    1.0   7.2   7.3                           
57554      -13.6   +/-    1.0   7.2   7.3                           
57559       -7.4   +/-    1.0   7.2   7.3                           
57564       -7.1   +/-    1.0   7.2   7.3                           
57569       -6.6   +/-    1.0   7.2   7.3                           
57574       -6.4   +/-    1.0   7.2   7.3          NPL 1607 CirT.343
57579       -6.4   +/-    1.0   7.2   7.3                           
57584       -6.7   +/-    1.0   7.2   7.3                           
57589       -7.1   +/-    1.0   7.2   7.3                           
57594       -7.1   +/-    1.0   7.2   7.3                           
57599       -6.6   +/-    1.0   7.2   7.3                           
57604       -4.0   +/-    1.0   7.2   7.3          NPL 1608 CirT.344
57609       -5.6   +/-    1.0   7.2   7.3                           
57614       -2.2   +/-    1.0   7.2   7.3                           
57619       -1.9   +/-    1.0   7.2   7.3                           
57624        0.3   +/-    1.0   7.2   7.3                           
57629        3.3   +/-    1.0   7.2   7.3                           
57634        7.7   +/-    1.0   7.1   7.2          NPL 1609 CirT.345
57639       12.3   +/-    1.0   7.1   7.2                           
57644       16.1   +/-    1.0   7.1   7.2                           
57649       17.4   +/-    1.0   7.1   7.2                           
57654       13.6   +/-    1.0   7.1   7.2                           
57659       11.0   +/-    1.0   7.1   7.2                           
57664        8.6   +/-    1.0   7.1   7.2          NPL 1610 CirT.346
57669        7.2   +/-    1.0   7.1   7.2                           
57674        7.0   +/-    1.0   7.1   7.2                           
57679        7.1   +/-    1.0   7.1   7.2                           
57684        8.5   +/-    1.0   7.1   7.2                           
57689       10.1   +/-    1.0   7.1   7.2                           
57694       12.1   +/-    1.0   7.1   7.2          NPL 1611 CirT.347
57699       12.7   +/-    1.0   7.1   7.2                           
57704       13.6   +/-    1.0   7.1   7.2                           
57709       15.4   +/-    1.0   7.1   7.2                           
57714       17.0   +/-    1.0   7.1   7.2                           
57719       17.9   +/-    1.0   7.1   7.2                           
57724       17.9   +/-    1.0   7.1   7.2          NPL 1612 CirT.348
57729       15.3   +/-    1.0   7.1   7.2                           
57734       12.9   +/-    1.0   7.1   7.2                           
57739       10.5   +/-    1.0   7.1   7.2                           
57744        9.5   +/-    1.0   7.1   7.2                           
57749        6.5   +/-    1.0   7.1   7.2                           
57754        5.1   +/-    1.0   7.1   7.2          NPL 1701 CirT.349
57759        3.3   +/-    1.0   7.1   7.2                           
57764       -0.1   +/-    1.0   7.1   7.2                           
57769       -0.4   +/-    1.0   7.1   7.2                           
57774        0.5   +/-    1.0   7.1   7.2                           
57779        0.6   +/-    1.0   7.1   7.2                           
57784        0.9   +/-    1.0   7.1   7.2                           
57789        1.4   +/-    1.0   7.1   7.2          NPL 1702 CirT.350
57794        1.4   +/-    1.0   7.1   7.2                           
57799        0.7   +/-    1.0   7.1   7.2                           
57804       -0.3   +/-    1.0   7.1   7.2                           
57809       -0.6   +/-    1.0   7.1   7.2                           
57814       -0.5   +/-    1.0   7.1   7.2          NPL 1703 CirT.351
57819        0.6   +/-    1.0   7.1   7.2                           
57824        2.2   +/-    1.0   7.1   7.2                           
57829        3.1   +/-    1.0   7.1   7.2                           
57834        3.6   +/-    1.0   7.1   7.2                           
57839        4.2   +/-    1.0   7.1   7.2                           
57844        4.9   +/-    1.0   7.1   7.2          NPL 1704 CirT.352
57849        5.5   +/-    1.0   7.1   7.2                           
57854        5.6   +/-    1.0   7.1   7.2                           
57859        3.2   +/-    1.0   7.1   7.2                           
57864        1.6   +/-    1.0   7.1   7.2                           
57869       -0.6   +/-    1.0   7.1   7.2                           
57874       -3.6   +/-    1.0   7.1   7.2          NPL 1705 CirT.353
57879       -6.7   +/-    1.0   7.1   7.2                           
57884       -7.3   +/-    1.0   7.1   7.2                           
57889       -6.5   +/-    1.0   7.1   7.2                           
57894       -4.3   +/-    1.0   7.1   7.2                           
57899       -4.3   +/-    1.0   7.1   7.2                           
57904       -4.4   +/-    1.0   7.1   7.2                           
57909       -3.5   +/-    1.0   7.1   7.2          NPL 1706 CirT.354
57914       -3.8   +/-    1.0   7.1   7.2                           
57919       -4.6   +/-    1.0   7.1   7.2                           
57924       -7.2   +/-    1.0   7.1   7.2                           
57929       -9.7   +/-    1.0   7.1   7.2                           
57934       -9.9   +/-    1.0   7.1   7.2                           
57939      -11.6   +/-    1.0   7.1   7.2          NPL 1707 CirT.355
57944      -12.3   +/-    1.0   7.1   7.2                           
57949      -12.5   +/-    1.0   7.1   7.2                           
57954      -13.0   +/-    1.0   7.1   7.2                           
57959      -15.0   +/-    1.0   7.1   7.2                           
57964      -13.5   +/-    1.0   7.1   7.2                           
57969      -11.2   +/-    1.0   7.1   7.2          NPL 1708 CirT.356
57974       -8.8   +/-    1.0   7.1   7.2                           
57979       -6.6   +/-    1.0   7.1   7.2                           
57984       -4.0   +/-    1.0   7.1   7.2                           
57989       -1.5   +/-    1.0   7.1   7.2                           
57994        0.7   +/-    1.0   7.1   7.2                           
57999       -0.8   +/-    0.4   2.8   2.8          NPL 1709 CirT.357
58004       -0.3   +/-    0.4   2.8   2.8                           
58009        0.2   +/-    0.4   2.8   2.8                           
58014        1.8   +/-    0.4   2.8   2.8                           
58019        2.1   +/-    0.4   2.8   2.8                           
58024        3.1   +/-    0.4   2.8   2.8                           
58029        3.5   +/-    0.4   2.7   2.8          NPL 1710 CirT.358
58034        4.5   +/-    0.4   2.7   2.8                           
58039        4.9   +/-    0.4   2.7   2.8                           
58044        4.2   +/-    0.4   2.7   2.8                           
58049        3.4   +/-    0.4   2.7   2.8                           
58054        3.1   +/-    0.4   2.7   2.8                           
58059        1.9   +/-    0.4   2.8   2.8          NPL 1711 CirT.359
58064        0.7   +/-    0.4   2.8   2.8                           
58069       -1.0   +/-    0.4   2.8   2.8                           
58074       -1.8   +/-    0.4   2.8   2.8                           
58079       -2.4   +/-    0.4   2.8   2.8                           
58084       -2.7   +/-    0.4   2.8   2.8                           
58089       -2.6   +/-    0.4   2.9   2.9          NPL 1712 CirT.360
58094       -2.7   +/-    0.4   2.9   2.9                           
58099       -2.4   +/-    0.4   2.9   2.9                           
58104       -2.3   +/-    0.4   2.9   2.9                           
58109       -3.1   +/-    0.4   2.9   2.9                           
58114       -3.7   +/-    0.4   2.9   2.9                           
58119       -4.6   +/-    0.4   2.9   2.9          NPL 1801 CirT.361
58124       -3.6   +/-    0.4   2.9   2.9                           
58129       -4.6   +/-    0.4   2.9   2.9                           
58134       -4.8   +/-    0.4   2.9   2.9                           
58139       -4.9   +/-    0.4   2.9   2.9                           
58144       -4.9   +/-    0.4   2.9   2.9                           
58149       -4.3   +/-    0.4   2.9   2.9                           
58154       -2.7   +/-    0.4   2.9   2.9          NPL 1802 CirT.362
58159       -1.3   +/-    0.4   2.9   2.9                           
58164       -0.2   +/-    0.4   2.9   2.9                           
58169       -0.1   +/-    0.4   2.9   2.9                           
58174        0.0   +/-    0.4   2.9   2.9                           
58179       -1.1   +/-    0.4   2.9   2.9          NPL 1803 CirT.363
58184       -3.9   +/-    0.4   2.9   2.9                           
58189       -4.2   +/-    0.4   2.9   2.9                           
58194       -3.2   +/-    0.4   2.9   2.9                           
58199       -2.3   +/-    0.4   2.9   2.9                           
58204       -2.6   +/-    0.4   2.9   2.9                           
58209       -1.1   +/-    0.4   2.9   3.0          NPL 1804 CirT.364
58214        1.8   +/-    0.4   2.9   3.0                           
58219       -0.7   +/-    0.4   2.9   3.0                           
58224       -0.8   +/-    0.4   2.9   3.0                           
58229        0.0   +/-    0.4   2.9   3.0                           
58234        0.9   +/-    0.4   2.9   3.0                           
58239        1.2   +/-    0.4   3.0   3.0          NPL 1805 CirT.365
58244        1.1   +/-    0.4   3.0   3.0                           
58249        1.1   +/-    0.4   3.0   3.0                           
58254        1.5   +/-    0.4   3.0   3.0                           
58259        1.9   +/-    0.4   3.0   3.0                           
58264        1.7   +/-    0.4   3.0   3.0                           
58269        1.6   +/-    0.4   3.0   3.0                           
58274        1.8   +/-    0.4   3.0   3.0          NPL 1806 CirT.366
58279        1.4   +/-    0.4   3.0   3.0                           
58284        1.7   +/-    0.4   3.0   3.0                           
58289        0.1   +/-    0.4   3.0   3.0                           
58294        1.0   +/-    0.4   3.0   3.0                           
58299        0.4   +/-    0.4   3.0   3.0                           
58304       -0.8   +/-    0.4   3.0   3.0          NPL 1807 CirT.367
58309       -1.9   +/-    0.4   3.0   3.0                           
58314       -2.9   +/-    0.4   3.0   3.0                           
58319       -3.5   +/-    0.4   3.0   3.0                           
58324       -3.9   +/-    0.4   3.0   3.0                           
58329       -4.2   +/-    0.4   3.0   3.0                           
58334       -4.2   +/-    0.4   3.0   3.0          NPL 1808 CirT.368
58339       -4.6   +/-    0.4   3.0   3.0                           
58344       -4.0   +/-    0.4   3.0   3.0                           
58349       -4.5   +/-    0.4   3.0   3.0                           
58354       -4.0   +/-    0.4   3.0   3.0                           
58359       -2.3   +/-    0.4   3.0   3.0                           
58364       -1.0   +/-    0.4   3.1   3.1          NPL 1809 CirT.369
58369        0.1   +/-    0.4   3.1   3.1                           
58374        0.6   +/-    0.4   3.1   3.1                           
58379        0.7   +/-    0.4   3.1   3.1                           
58384        0.7   +/-    0.4   3.1   3.1                           
58389        1.3   +/-    0.4   3.1   3.1                           
58394        0.9   +/-    0.4   3.1   3.1          NPL 1810 CirT.370
58399        0.7   +/-    0.4   3.1   3.1                           
58404        0.4   +/-    0.4   3.1   3.1                           
58409        0.3   +/-    0.4   3.1   3.1                           
58414        0.9   +/-    0.4   3.1   3.1                           
58419        0.5   +/-    0.4   3.1   3.1                           
58424       -0.2   +/-    0.4   3.1   3.1          NPL 1811 CirT.371
58429       -0.6   +/-    0.4   3.1   3.1                           
58434       -1.0   +/-    0.4   3.1   3.1                           
58439       -1.3   +/-    0.4   3.1   3.1                           
58444       -1.1   +/-    0.4   3.1   3.1                           
58449       -1.4   +/-    0.4   3.1   3.1                           
58454       -1.9   +/-    0.4   3.2   3.2          NPL 1812 CirT.372
58459       -2.0   +/-    0.4   3.2   3.2                           
58464       -1.3   +/-    0.4   3.2   3.2                           
58469       -0.8   +/-    0.4   3.2   3.2                           
58474       -1.2   +/-    0.4   3.2   3.2                           
58479       -1.4   +/-    0.4   3.2   3.2                           
58484       -1.7   +/-    0.4   3.2   3.2          NPL 1901 CirT.373
58489       -1.0   +/-    0.4   3.2   3.2                           
58494       -1.4   +/-    0.4   3.2   3.2                           
58499       -1.8   +/-    0.4   3.2   3.2                           
58504       -2.1   +/-    0.4   3.2   3.2                           
58509       -2.3   +/-    0.4   3.2   3.2                           
58514       -2.5   +/-    0.4   3.2   3.2                           
58519       -2.7   +/-    0.5   3.4   3.4          NPL 1902 CirT.374
58524       -2.8   +/-    0.5   3.4   3.4                           
58529       -3.2   +/-    0.5   3.4   3.4                           
58534       -3.2   +/-    0.5   3.4   3.4                           
58539       -2.8   +/-    0.5   3.4   3.4                           
58544       -2.7   +/-    0.5   3.3   3.4          NPL 1903 CirT.375
58549       -2.8   +/-    0.5   3.3   3.4                           
58554       -2.4   +/-    0.5   3.3   3.4                           
58559       -3.0   +/-    0.5   3.3   3.4                           
58564       -3.1   +/-    0.5   3.3   3.4                           
58569       -3.1   +/-    0.5   3.3   3.4                           
58574       -3.6   +/-    0.5   3.2   3.2          NPL 1904 CirT.376
58579       -3.7   +/-    0.5   3.2   3.2                           
58584       -3.4   +/-    0.5   3.2   3.2                           
58589       -3.7   +/-    0.5   3.2   3.2                           
58594       -3.5   +/-    0.5   3.2   3.2                           
58599       -3.0   +/-    0.5   3.2   3.2                           
58604       -3.1   +/-    0.5   3.2   3.2          NPL 1905 CirT.377
58609       -3.0   +/-    0.5   3.2   3.2                           
58614       -3.5   +/-    0.5   3.2   3.2                           
58619       -2.8   +/-    0.5   3.2   3.2                           
58624       -2.5   +/-    0.5   3.2   3.2                           
58629       -2.0   +/-    0.5   3.2   3.2                           
58634       -1.5   +/-    0.5   3.2   3.2                           
58639       -1.2   +/-    0.5   3.2   3.2          NPL 1906 CirT.378
58644       -0.9   +/-    0.5   3.2   3.2                           
58649       -0.8   +/-    0.5   3.2   3.2                           
58654       -1.8   +/-    0.5   3.2   3.2                           
58659       -2.3   +/-    0.5   3.2   3.2                           
58664       -3.1   +/-    0.5   3.2   3.2                           
58669       -2.9   +/-    0.5   3.2   3.2          NPL 1907 CirT.379
58674       -3.3   +/-    0.5   3.2   3.2                           
58679       -3.8   +/-    0.5   3.2   3.2                           
58684       -4.1   +/-    0.5   3.2   3.2                           
58689       -4.3   +/-    0.5   3.2   3.2                           
58694       -4.1   +/-    0.5   3.2   3.2                           
58699       -4.5   +/-    0.5   3.2   3.2          NPL 1908 CirT.380
58704       -4.0   +/-    0.5   3.2   3.2                           
58709       -3.0   +/-    0.5   3.2   3.2                           
58714       -1.9   +/-    0.5   3.2   3.2                           
58719       -1.0   +/-    0.5   3.2   3.2                           
58724       -1.1   +/-    0.5   3.2   3.2                           
58729        0.1   +/-    0.5   3.2   3.2          NPL 1909 CirT.381
58734       -0.6   +/-    0.5   3.2   3.2                           
58739       -0.9   +/-    0.5   3.2   3.2                           
58744       -0.9   +/-    0.5   3.2   3.2                           
58749       -1.1   +/-    0.5   3.2   3.2                           
58754       -0.9   +/-    0.5   3.2   3.2                           
58759       -0.8   +/-    0.5   3.2   3.3          NPL 1910 CirT.382
58764        0.3   +/-    0.5   3.2   3.3                           
58769        1.5   +/-    0.5   3.2   3.3                           
58774        2.4   +/-    0.5   3.2   3.3                           
58779        2.6   +/-    0.5   3.2   3.3                           
58784        1.9   +/-    0.5   3.2   3.3                           
58789        1.2   +/-    0.3   3.2   3.2          NPL 1911 CirT.383
58794        0.9   +/-    0.3   3.2   3.2                           
58799        0.9   +/-    0.3   3.2   3.2                           
58804        0.8   +/-    0.3   3.2   3.2                           
58809        1.1   +/-    0.3   3.2   3.2                           
58814        2.2   +/-    0.3   3.2   3.2                           
58819       -0.2   +/-    0.3   2.8   2.9          NPL 1912 CirT.384
58824       -0.1   +/-    0.3   2.8   2.9                           
58829       -1.3   +/-    0.3   2.8   2.9                           
58834       -0.2   +/-    0.3   2.8   2.9                           
58839        0.3   +/-    0.3   2.8   2.9                           
58844        2.3   +/-    0.3   2.8   2.9                           
58849        3.1   +/-    0.3   2.6   2.7          NPL 2001 CirT.385
58854        4.7   +/-    0.3   2.6   2.7                           
58859        5.1   +/-    0.3   2.6   2.7                           
58864        5.6   +/-    0.3   2.6   2.7                           
58869        6.6   +/-    0.3   2.6   2.7                           
58874        5.9   +/-    0.3   2.6   2.7                           
58879        4.6   +/-    0.3   2.6   2.7                           
58884        4.0   +/-    0.3   2.7   2.7          NPL 2002 CirT.386
58889        3.9   +/-    0.3   2.7   2.7                           
58894        4.1   +/-    0.3   2.7   2.7                           
58899        4.3   +/-    0.3   2.7   2.7                           
58904        3.5   +/-    0.3   2.7   2.7                           
58909        3.7   +/-    0.3   2.6   2.7          NPL 2003 CirT.387
58914        3.4   +/-    0.3   2.6   2.7                           
58919        3.1   +/-    0.3   2.6   2.7                           
58924        2.5   +/-    0.3   2.6   2.7                           
58929        2.5   +/-    0.3   2.6   2.7                           
58934        3.0   +/-    0.3   2.6   2.7                           
58939        3.0   +/-    0.3   2.6   2.7                           
58944        2.5   +/-    0.3   2.6   2.7          NPL 2004 CirT.388
58949        1.9   +/-    0.3   2.6   2.7                           
58954        2.0   +/-    0.3   2.6   2.7                           
58959        1.8   +/-    0.3   2.6   2.7                           
58964        1.4   +/-    0.3   2.6   2.7                           
58969        0.2   +/-    0.3   2.6   2.7                           
58974       -0.9   +/-    0.3   2.6   2.7          NPL 2005 CirT.389
58979       -1.1   +/-    0.3   2.6   2.7                           
58984        0.0   +/-    0.3   2.6   2.7                           
58989        0.5   +/-    0.3   2.6   2.7                           
58994        0.7   +/-    0.3   2.6   2.7                           
58999        1.3   +/-    0.3   2.6   2.7                           
59004        1.7   +/-    0.3   2.8   2.8          NPL 2006 CirT.390
59009        2.1   +/-    0.3   2.8   2.8                           
59014        1.5   +/-    0.3   2.8   2.8                           
59019        0.7   +/-    0.3   2.8   2.8                           
59024       -0.4   +/-    0.3   2.8   2.8                           
59029       -0.9   +/-    0.3   2.8   2.8                           
59034       -0.8   +/-    0.3   2.7   2.7          NPL 2007 CirT.391
59039       -0.6   +/-    0.3   2.7   2.7                           
59044       -0.1   +/-    0.3   2.7   2.7                           
59049       -0.2   +/-    0.3   2.7   2.7                           
59054       -0.3   +/-    0.3   2.7   2.7                           
59059       -0.5   +/-    0.3   2.7   2.7                           
59064       -0.6   +/-    0.3   2.6   2.7          NPL 2008 CirT.392
59069       -0.6   +/-    0.3   2.6   2.7                           
59074       -1.9   +/-    0.3   2.6   2.7                           
59079       -1.9   +/-    0.3   2.6   2.7                           
59084       -0.9   +/-    0.3   2.6   2.7                           
59089        0.9   +/-    0.3   2.6   2.7                           
59094        1.3   +/-    0.3   2.7   2.7          NPL 2009 CirT.393
59099        1.0   +/-    0.3   2.7   2.7                           
59104        0.5   +/-    0.3   2.7   2.7                           
59109        0.0   +/-    0.3   2.7   2.7                           
59114       -0.4   +/-    0.3   2.7   2.7                           
59119       -0.2   +/-    0.3   2.7   2.7                           
59124        0.4   +/-    0.3   2.7   2.7          NPL 2010 CirT.394
59129       -0.3   +/-    0.3   2.7   2.7                           
59134       -0.4   +/-    0.3   2.7   2.7                           
59139        0.0   +/-    0.3   2.7   2.7                           
59144       -0.3   +/-    0.3   2.7   2.7                           
59149        0.0   +/-    0.3   2.7   2.7                           
59154        0.0   +/-    0.3   2.7   2.7          NPL 2011 CirT.395
59159        0.3   +/-    0.3   2.7   2.7                           
59164       -0.3   +/-    0.3   2.7   2.7                           
59169       -0.8   +/-    0.3   2.7   2.7                           
59174       -0.7   +/-    0.3   2.7   2.7                           
59179       -0.8   +/-    0.3   2.7   2.7                           
59184       -1.2   +/-    0.3   2.7   2.7          NPL 2012 CirT.396
59189       -1.7   +/-    0.3   2.7   2.7                           
59194       -2.3   +/-    0.3   2.7   2.7                           
59199       -2.2   +/-    0.3   2.7   2.7                           
59204       -2.1   +/-    0.3   2.7   2.7                           
59209       -1.6   +/-    0.3   2.7   2.7                           
59214       -1.8   +/-    0.3   2.7   2.7                           
59219       -1.8   +/-    0.3   2.7   2.7          NPL 2101 CirT.397
59224       -2.0   +/-    0.3   2.7   2.7                           
59229       -2.7   +/-    0.3   2.7   2.7                           
59234       -0.4   +/-    0.3   2.7   2.7                           
59239        0.8   +/-    0.3   2.7   2.7                           
59244        0.9   +/-    0.3   2.7   2.7                           
59249        0.1   +/-    0.3   2.8   2.8          NPL 2102 CirT.398
59254        0.0   +/-    0.3   2.8   2.8                           
59259       -1.8   +/-    0.3   2.8   2.8                           
59264       -1.0   +/-    0.3   2.8   2.8                           
59269       -0.9   +/-    0.3   2.8   2.8                           
59274       -2.3   +/-    0.3   2.8   2.8          NPL 2103 CirT.399
59279       -1.7   +/-    0.3   2.8   2.8                           
59284       -2.2   +/-    0.3   2.8   2.8                           
59289       -1.4   +/-    0.3   2.8   2.8                           
59294       -1.3   +/-    0.3   2.8   2.8                           
59299       -1.9   +/-    0.3   2.8   2.8                           
59304        0.3   +/-    0.3   2.8   2.8                           
59309        0.7   +/-    0.3   1.3   1.3          NPL 2104 CirT.400
59314        0.0   +/-    0.3   1.3   1.3                           
59319        1.3   +/-    0.3   1.3   1.3                           
59324       -1.8   +/-    0.3   1.3   1.3                           
59329       -1.1   +/-    0.3   1.3   1.3                           
59334       -0.9   +/-    0.3   1.3   1.3                           
59339       -1.2   +/-    0.3   1.4   1.4          NPL 2105 CirT.401
59344       -1.9   +/-    0.3   1.4   1.4                           
59349       -2.5   +/-    0.3   1.4   1.4                           
59354       -0.8   +/-    0.3   1.4   1.4                           
59359       -1.3   +/-    0.3   1.4   1.4                           
59364       -1.0   +/-    0.3   1.4   1.4                           
59369       -1.7   +/-    0.3   1.5   1.5          NPL 2106 CirT.402
59374        2.0   +/-    0.3   1.5   1.5                           
59379        0.0   +/-    0.3   1.5   1.5                           
59384       -0.9   +/-    0.3   1.5   1.5                           
59389        0.7   +/-    0.3   1.5   1.5                           
59394       -2.6   +/-    0.3   1.5   1.5                           
59399       -1.8   +/-    0.3   1.6   1.6          NPL 2107 CirT.403
59404       -0.8   +/-    0.3   1.6   1.6                           
59409        0.5   +/-    0.3   1.6   1.6                           
59414        2.0   +/-    0.3   1.6   1.6                           
59419        1.2   +/-    0.3   1.6   1.6                           
59424        2.1   +/-    0.3   1.6   1.6                           
59429        2.2   +/-    0.3   1.5   1.6          NPL 2108 CirT.404
59434        2.4   +/-    0.3   1.5   1.6                           
59439        1.8   +/-    0.3   1.5   1.6                           
59444        0.6   +/-    0.3   1.5   1.6                           
59449        0.3   +/-    0.3   1.5   1.6                           
59454        0.3   +/-    0.3   1.5   1.6                           
59459       -0.4   +/-    0.3   1.6   1.7          NPL 2109 CirT.405
59464        0.9   +/-    0.3   1.6   1.7                           
59469        0.6   +/-    0.3   1.6   1.7                           
59474       -0.6   +/-    0.3   1.6   1.7                           
59479        0.7   +/-    0.3   1.6   1.7                           
59484       -0.6   +/-    0.3   1.6   1.7                           
59489        0.6   +/-    0.3   1.6   1.7          NPL 2110 CirT.406
59494        1.1   +/-    0.3   1.6   1.7                           
59499        0.4   +/-    0.3   1.6   1.7                           
59504       -0.2   +/-    0.3   1.6   1.7                           
59509        1.4   +/-    0.3   1.6   1.7                           
59514        0.2   +/-    0.3   1.6   1.7                           
59519        1.9   +/-    0.3   1.6   1.7          NPL 2111 CirT.407
59524        2.3   +/-    0.3   1.6   1.7                           
59529       -0.5   +/-    0.3   1.6   1.7                           
59534        1.0   +/-    0.3   1.6   1.7                           
59539        0.0   +/-    0.3   1.6   1.7                           
59544        0.1   +/-    0.3   1.6   1.7                           
59549        0.4   +/-    0.3   1.6   1.7          NPL 2112 CirT.408
59554        0.6   +/-    0.3   1.6   1.7                           
59559        1.1   +/-    0.3   1.6   1.7                           
59564        2.2   +/-    0.3   1.6   1.7                           
59569       -1.3   +/-    0.3   1.6   1.7                           
59574       -0.2   +/-    0.3   1.6   1.7                           
59579        2.2   +/-    0.3   1.6   1.7                           
59584        1.5   +/-    0.3   1.6   1.6          NPL 2201 CirT.409
59589        2.3   +/-    0.3   1.6   1.6                           
59594        1.9   +/-    0.3   1.6   1.6                           
59599       -0.6   +/-    0.3   1.6   1.6                           
59604       -1.1   +/-    0.3   1.6   1.6                           
59609       -1.3   +/-    0.3   1.6   1.6                           
59614        0.7   +/-    0.3   1.5   1.5          NPL 2202 CirT.410
59619        1.1   +/-    0.3   1.5   1.5                           
59624        0.6   +/-    0.3   1.5   1.5                           
59629        0.7   +/-    0.3   1.5   1.5                           
59634        1.3   +/-    0.3   1.5   1.5                           
59639        2.0   +/-    0.3   1.6   1.6          NPL 2203 CirT.411
59644        2.7   +/-    0.3   1.6   1.6                           
59649        0.4   +/-    0.3   1.6   1.6                           
59654        2.0   +/-    0.3   1.6   1.6                           
59659        1.4   +/-    0.3   1.6   1.6                           
59664        1.3   +/-    0.3   1.6   1.6                           
59669        0.6   +/-    0.3   1.6   1.6                           
59674        1.3   +/-    0.3   1.6   1.6          NPL 2204 CirT.412
59679        1.6   +/-    0.3   1.6   1.6                           
59684        0.7   +/-    0.3   1.6   1.6                           
59689       -1.5   +/-    0.3   1.6   1.6                           
59694       -3.4   +/-    0.3   1.6   1.6                           
59699       -3.9   +/-    0.3   1.6   1.6                           
59704       -3.5   +/-    0.3   1.7   1.8          NPL 2205 CirT.413
59709        1.7   +/-    0.3   1.7   1.8                           
59714        4.3   +/-    0.3   1.7   1.8                           
59719        2.2   +/-    0.3   1.7   1.8                           
59724        0.8   +/-    0.3   1.7   1.8                           
59729        0.4   +/-    0.3   1.7   1.8                           
59734       -0.5   +/-    0.3   1.6   1.6          NPL 2206 CirT.414
59739       -1.0   +/-    0.3   1.6   1.6                           
59744        1.9   +/-    0.3   1.6   1.6                           
59749       -0.1   +/-    0.3   1.6   1.6                           
59754        0.9   +/-    0.3   1.6   1.6                           
59759        1.0   +/-    0.3   1.6   1.6                           
59764        0.3   +/-    0.3   1.5   1.6          NPL 2207 CirT.415
59769       -0.5   +/-    0.3   1.5   1.6                           
59774       -1.8   +/-    0.3   1.5   1.6                           
59779        0.1   +/-    0.3   1.5   1.6                           
59784       -3.6   +/-    0.3   1.5   1.6                           
59789       -0.4   +/-    0.3   1.5   1.6                           
59794       -0.8   +/-    0.3   1.5   1.6          NPL 2208 CirT.416
59799        0.2   +/-    0.3   1.5   1.6                           
59804        0.1   +/-    0.3   1.5   1.6                           
59809        0.3   +/-    0.3   1.5   1.6                           
59814        0.6   +/-    0.3   1.5   1.6                           
59819        0.3   +/-    0.3   1.5   1.6                           
59824       -0.3   +/-    0.3   1.6   1.6          NPL 2209 CirT.417
59829        0.1   +/-    0.3   1.6   1.6                           
59834        1.5   +/-    0.3   1.6   1.6                           
59839        2.4   +/-    0.3   1.6   1.6                           
59844       -0.1   +/-    0.3   1.6   1.6                           
59849        0.5   +/-    0.3   1.6   1.6                           
59854        0.2   +/-    0.3   1.6   1.6          NPL 2210 CirT.418
59859        0.8   +/-    0.3   1.6   1.6                           
59864        0.7   +/-    0.3   1.6   1.6                           
59869        1.4   +/-    0.3   1.6   1.6                           
59874       -0.2   +/-    0.3   1.6   1.6                           
59879        0.8   +/-    0.3   1.6   1.6                           
59884        0.7   +/-    0.5   1.8   1.8          NPL 2211 CirT.419
59889        0.6   +/-    0.5   1.8   1.8                           
59894        0.2   +/-    0.5   1.8   1.8                           
59899        0.3   +/-    0.5   1.8   1.8                           
59904        0.0   +/-    0.5   1.8   1.8                           
59909       -0.5   +/-    0.5   1.8   1.8                           
59914       -1.1   +/-    0.3   1.8   1.8          NPL 2212 CirT.420
59919       -0.7   +/-    0.3   1.8   1.8                           
59924       -0.4   +/-    0.3   1.8   1.8                           
59929       -0.5   +/-    0.3   1.8   1.8                           
59934       -1.4   +/-    0.3   1.8   1.8                           
59939        1.2   +/-    0.3   1.8   1.8                           
59944        0.5   +/-    0.3   1.8   1.8                           
59949       -0.3   +/-    0.3   1.8   1.8          NPL 2301 CirT.421
59954        0.1   +/-    0.3   1.8   1.8                           
59959        0.7   +/-    0.3   1.8   1.8                           
59964       -0.3   +/-    0.3   1.8   1.8                           
59969       -2.1   +/-    0.3   1.8   1.8                           
59974       -2.4   +/-    0.3   1.8   1.8                           
59979       -3.2   +/-    0.3   1.8   1.8          NPL 2302 CirT.422
59984       -3.9   +/-    0.3   1.8   1.8                           
59989       -1.6   +/-    0.3   1.8   1.8                           
59994       -1.4   +/-    0.3   1.8   1.8                           
59999       -0.5   +/-    0.3   1.8   1.8                           
60004        0.7   +/-    0.3   1.8   1.8          NPL 2303 CirT.423
60009        0.3   +/-    0.3   1.8   1.8                           
60014        0.6   +/-    0.3   1.8   1.8                           
60019        0.7   +/-    0.3   1.8   1.8                           
60024        0.7   +/-    0.3   1.8   1.8                           
60029        0.8   +/-    0.3   1.8   1.8                           
60034        0.9   +/-    0.3   1.8   1.8                           
60039        1.7   +/-    0.3   1.7   1.7          NPL 2304 CirT.424
60044        1.8   +/-    0.3   1.7   1.7                           
60049        0.9   +/-    0.3   1.7   1.7                           
60054       -0.1   +/-    0.3   1.7   1.7                           
60059        0.4   +/-    0.3   1.7   1.7                           
60064        0.2   +/-    0.3   1.7   1.7                           
60069       -0.5   +/-    0.3   1.6   1.7          NPL 2305 CirT.425
60074       -0.3   +/-    0.3   1.6   1.7                           
60079       -0.1   +/-    0.3   1.6   1.7                           
60084       -1.7   +/-    0.3   1.6   1.7                           
60089       -0.9   +/-    0.3   1.6   1.7                           
60094       -0.2   +/-    0.3   1.6   1.7                           
60099       -0.2   +/-    0.3   1.7   1.8          NPL 2306 CirT.426
60104       -1.1   +/-    0.3   1.7   1.8                           
60109       -2.5   +/-    0.3   1.7   1.8                           
60114       -1.1   +/-    0.3   1.7   1.8                           
60119       -1.2   +/-    0.3   1.7   1.8                           
60124       -0.5   +/-    0.3   1.7   1.8                           
60129       -0.4   +/-    0.3   1.7   1.8          NPL 2307 CirT.427
60134       -0.6   +/-    0.3   1.7   1.8                           
60139       -1.1   +/-    0.3   1.7   1.8                           
60144        0.0   +/-    0.3   1.7   1.8                           
60149        0.2   +/-    0.3   1.7   1.8                           
60154        0.2   +/-    0.3   1.7   1.8                           
60159        0.5   +/-    0.3   1.7   1.8          NPL 2308 CirT.428
60164        1.2   +/-    0.3   1.7   1.8                           
60169       -0.5   +/-    0.3   1.7   1.8                           
60174       -0.7   +/-    0.3   1.7   1.8                           
60179       -2.2   +/-    0.3   1.7   1.8                           
60184       -2.2   +/-    0.3   1.7   1.8                           
60189       -2.6   +/-    0.3   1.8   1.8          NPL 2309 CirT.429
60194       -3.6   +/-    0.3   1.8   1.8                           
60199       -3.4   +/-    0.3   1.8   1.8                           
60204       -0.6   +/-    0.3   1.8   1.8                           
60209        0.2   +/-    0.3   1.8   1.8                           
60214       -0.1   +/-    0.3   1.8   1.8                           
60219       -1.0   +/-    0.3   1.8   1.8          NPL 2310 CirT.430
60224       -0.5   +/-    0.3   1.8   1.8                           
60229       -1.5   +/-    0.3   1.8   1.8                           
60234       -1.6   +/-    0.3   1.8   1.8                           
60239       -1.9   +/-    0.3   1.8   1.8                           
60244       -2.1   +/-    0.3   1.8   1.8                           
60249       -2.2   +/-    0.3   1.8   1.8          NPL 2311 CirT.431
60254       -2.9   +/-    0.3   1.8   1.8                           
60259       -3.2   +/-    0.3   1.8   1.8                           
60264       -1.3   +/-    0.3   1.8   1.8                           
60269       -0.9   +/-    0.3   1.8   1.8                           
60274        0.7   +/-    0.3   1.8   1.8                           
60279        0.4   +/-    0.3   1.8   1.8          NPL 2312 CirT.432
60284       -1.2   +/-    0.3   1.8   1.8                           
60289       -2.3   +/-    0.3   1.8   1.8                           
60294       -2.0   +/-    0.3   1.8   1.8                           
60299       -2.4   +/-    0.3   1.8   1.8                           
60304       -2.2   +/-    0.3   1.8   1.8                           
60309       -2.4   +/-    0.3   1.8   1.8                           
60314       -3.1   +/-    0.3   1.9   1.9          NPL 2401 CirT.433
60319       -1.3   +/-    0.3   1.9   1.9                           
60324       -2.0   +/-    0.3   1.9   1.9                           
60329       -3.2   +/-    0.3   1.9   1.9                           
60334       -4.1   +/-    0.3   1.9   1.9                           
60339       -2.9   +/-    0.3   1.9   1.9                           
60344       -2.5   +/-    0.3   1.9   1.9          NPL 2402 CirT.434
60349       -2.9   +/-    0.3   1.9   1.9                           
60354       -1.9   +/-    0.3   1.9   1.9                           
60359       -2.5   +/-    0.3   1.9   1.9                           
60364       -3.2   +/-    0.3   1.9   1.9                           
60369       -1.7   +/-    0.3   1.9   1.9                           
60374       -3.4   +/-    0.3   1.9   1.9          NPL 2403 CirT.435
60379       -3.9   +/-    0.3   1.9   1.9                           
60384       -5.2   +/-    0.3   1.9   1.9                           
60389       -3.7   +/-    0.3   1.9   1.9                           
60394       -1.7   +/-    0.3   1.9   1.9                           
60399       -1.2   +/-    0.3   1.9   1.9                           
60404       -1.6   +/-    0.3   1.9   1.9          NPL 2404 CirT.436
60409       -3.3   +/-    0.3   1.9   1.9                           
60414       -3.1   +/-    0.3   1.9   1.9                           
60419       -1.2   +/-    0.3   1.9   1.9                           
60424       -0.6   +/-    0.3   1.9   1.9                           
60429       -1.3   +/-    0.3   1.9   1.9                           
60434       -2.0   +/-    0.2   1.7   1.7          NPL 2405 CirT.437
60439       -0.9   +/-    0.2   1.7   1.7                           
60444       -0.6   +/-    0.2   1.7   1.7                           
60449        0.0   +/-    0.2   1.7   1.7                           
60454       -0.4   +/-    0.2   1.7   1.7                           
60459       -0.2   +/-    0.2   1.7   1.7                           
60464       -1.0   +/-    0.2   1.7   1.7          NPL 2406 CirT.438
60469       -1.5   +/-    0.2   1.7   1.7                           
60474       -2.7   +/-    0.2   1.7   1.7                           
60479       -0.8   +/-    0.2   1.7   1.7                           
60484        0.1   +/-    0.2   1.7   1.7                           
60489       -0.3   +/-    0.2   1.7   1.7                           
60494        1.5   +/-    0.2   1.7   1.7          NPL 2407 CirT.439
60499        1.2   +/-    0.2   1.7   1.7                           
60504        1.5   +/-    0.2   1.7   1.7                           
60509        1.4   +/-    0.2   1.7   1.7                           
60514        1.0   +/-    0.2   1.7   1.7                           
60519        1.3   +/-    0.2   1.7   1.7                           
60524        1.5   +/-    0.2   1.8   1.8          NPL 2408 CirT.440
60529        1.1   +/-    0.2   1.8   1.8                           
60534        1.2   +/-    0.2   1.8   1.8                           
60539        1.0   +/-    0.2   1.8   1.8                           
60544        1.9   +/-    0.2   1.8   1.8                           
60549        0.8   +/-    0.2   1.8   1.8                           
60554        1.5   +/-    0.2   1.8   1.8          NPL 2409 CirT.441
60559        2.1   +/-    0.2   1.8   1.8                           
60564        3.2   +/-    0.2   1.8   1.8                           
60569        2.3   +/-    0.2   1.8   1.8                           
60574        0.1   +/-    0.2   1.8   1.8                           
60579        1.2   +/-    0.2   1.8   1.8                           
60584        3.2   +/-    0.3   1.0   1.0          NPL 2410 CirT.442
60589        2.9   +/-    0.3   1.0   1.0                           
60594        2.5   +/-    0.3   1.0   1.0                           
60599        3.2   +/-    0.3   1.0   1.0                           
60604        2.2   +/-    0.3   1.0   1.0                           
60609        2.4   +/-    0.3   1.0   1.0                           
60614        2.9   +/-    0.3   1.0   1.0                           
60619        3.3   +/-    0.2   1.0   1.0          NPL 2411 CirT.443
60624        3.5   +/-    0.2   1.0   1.0                           
60629        3.4   +/-    0.2   1.0   1.0                           
60634        1.3   +/-    0.2   1.0   1.0                           
60639        0.8   +/-    0.2   1.0   1.0                           
60644        1.0   +/-    0.2   1.0   1.0                           
60649        1.3   +/-    0.2   1.0   1.0          NPL 2412 CirT.444
60654        2.8   +/-    0.2   1.0   1.0                           
60659        2.1   +/-    0.2   1.0   1.0                           
60664        0.5   +/-    0.2   1.0   1.0                           
60669        1.8   +/-    0.2   1.0   1.0                           
60674        2.1   +/-    0.2   1.0   1.0                           
60679        2.8   +/-    0.2   1.0   1.0          NPL 2501 CirT.445
60684        3.7   +/-    0.2   1.0   1.0                           
60689        3.2   +/-    0.2   1.0   1.0                           
60694        1.9   +/-    0.2   1.0   1.0                           
60699        2.0   +/-    0.2   1.0   1.0                           
60704        1.8   +/-    0.2   1.0   1.0                           
60709        0.0   +/-    0.5   1.0   1.1          NPL 2502 CirT.446
60714       -0.1   +/-    0.5   1.0   1.1                           
60719        0.7   +/-    0.5   1.0   1.1                           
60724        0.2   +/-    0.5   1.0   1.1                           
60729        0.6   +/-    0.5   1.0   1.1                           
60734        0.1   +/-    0.5   1.0   1.1                           
60739        1.1   +/-    0.2   1.0   1.0          NPL 2503 CirT.447
60744        0.3   +/-    0.2   1.0   1.0                           
60749        2.0   +/-    0.2   1.0   1.0                           
60754        3.8   +/-    0.2   1.0   1.0                           
60759        0.6   +/-    0.2   1.0   1.0                           
60764        0.7   +/-    0.2   1.0   1.0                           
60769       -1.2   +/-    0.3   1.0   1.0          NPL 2504 CirT.448
60774       -1.8   +/-    0.3   1.0   1.0                           
60779       -3.5   +/-    0.3   1.0   1.0                           
60784       -0.4   +/-    0.3   1.0   1.0                           
60789        0.0   +/-    0.3   1.0   1.0                           
60794       -0.7   +/-    0.3   1.0   1.0                           
60799       -1.0   +/-    0.5   1.1   1.2          NPL 2505 CirT.449
60804        1.2   +/-    0.5   1.1   1.2                           
60809       -0.9   +/-    0.5   1.1   1.2                           
60814        0.4   +/-    0.5   1.1   1.2                           
60819        0.7   +/-    0.5   1.1   1.2                           
60824        0.1   +/-    0.5   1.1   1.2                           
60829        0.5   +/-    0.2   1.1   1.1          NPL 2506 CirT.450
60834        0.8   +/-    0.2   1.1   1.1                           
60839        0.0   +/-    0.2   1.1   1.1                           
60844       -0.7   +/-    0.2   1.1   1.1                           
60849       -2.0   +/-    0.2   1.1   1.1                           
60854       -1.6   +/-    0.2   1.1   1.1                           
60859        0.7   +/-    0.2   1.1   1.1          NPL 2507 CirT.451
60864        0.9   +/-    0.2   1.1   1.1                           
60869        0.1   +/-    0.2   1.1   1.1                           
60874        1.1   +/-    0.2   1.1   1.1                           
60879        1.0   +/-    0.2   1.1   1.1                           
60884        1.1   +/-    0.2   1.1   1.1                           
60889        0.5   +/-    0.2   1.1   1.1          NPL 2508 CirT.452
60894        0.5   +/-    0.2   1.1   1.1                           
60899       -1.2   +/-    0.2   1.1   1.1                           
60904       -2.0   +/-    0.2   1.1   1.1                           
60909       -0.5   +/-    0.2   1.1   1.1                           
60914       -0.6   +/-    0.2   1.1   1.1                           
60919       -1.4   +/-    0.2   1.1   1.1          NPL 2509 CirT.453
60924       -1.8   +/-    0.2   1.1   1.1                           
60929       -2.0   +/-    0.2   1.1   1.1                           
60934       -1.8   +/-    0.2   1.1   1.1                           
60939       -1.5   +/-    0.2   1.1   1.1                           
60944       -0.3   +/-    0.2   1.1   1.1                           
60949       -0.3   +/-    0.2   1.1   1.1          NPL 2510 CirT.454
60954       -0.6   +/-    0.2   1.1   1.1                           
60959       -0.1   +/-    0.2   1.1   1.1                           
60964        0.3   +/-    0.2   1.1   1.1                           
60969        1.3   +/-    0.2   1.1   1.1                           
60974        2.5   +/-    0.2   1.1   1.1                           
60979        1.6   +/-    0.2   1.1   1.1                           
60984        1.8   +/-    0.2   1.1   1.1          NPL 2511 CirT.455
60989        2.0   +/-    0.2   1.1   1.1                           
60994        0.9   +/-    0.2   1.1   1.1                           
60999        1.7   +/-    0.2   1.1   1.1                           
61004        0.9   +/-    0.2   1.1   1.1                           
61009        0.2   +/-    0.2   1.1   1.1                           
61014        1.2   +/-    0.2   1.1   1.1          NPL 2512 CirT.456
61019        1.3   +/-    0.2   1.1   1.1                           
61024       -0.1   +/-    0.2   1.1   1.1                           
61029        0.5   +/-    0.2   1.1   1.1                           
61034       -0.4   +/-    0.2   1.1   1.1                           
61039        0.1   +/-    0.2   1.1   1.1                           
61044        0.6   +/-    0.2   1.2   1.2          NPL 2601 CirT.457
61049        0.7   +/-    0.2   1.2   1.2                           
61054       -0.9   +/-    0.2   1.2   1.2                           
61059       -0.6   +/-    0.2   1.2   1.2                           
61064        0.9   +/-    0.2   1.2   1.2                           
61069        1.1   +/-    0.2   1.2   1.2                           
61074       -2.7   +/-    0.2   1.2   1.2          NPL 2602 CirT.458
61079       -0.5   +/-    0.2   1.2   1.2                           
61084        0.3   +/-    0.2   1.2   1.2                           
61089        0.4   +/-    0.2   1.2   1.2                           
61094       -1.0   +/-    0.2   1.2   1.2                           
61099       -1.7   +/-    0.2   1.2   1.2                           
