 MJD  [UTC-UTC(NMIJ)]/ns  uA/ns  uB/ns  u/ns  

50814      315
50819      328
50824      334
50829      337
50834      339
50839      347
50844      356
50849      367
50854      377
50859      387
50864      382
50869      385
50874      391
50879      401
50884      410
50889      421
50894      426
50899      436
50904      438
50909      452
50914      459
50919      466
50924      476
50929      481
50934      496
50939      507
50944      518
50949      530
50954      536
50959      544
50964      559
50969      569
50974      588
50979      597
50984      603
50989      608
50994      618
50999      625
51004      639
51009      646
51014      660
51019      668
51024      671
51029      696
51034      692
51039      695
51044      708
51049      717
51054      729
51059      733
51064      742
51069      761
51074      767
51079      785
51084      798
51089      819
51094      837
51099      831
51104      836
51109      869
51114      879
51119      896
51124      908
51129      916
51134      932
51139      941
51144      961
51149      965
51154      983
51159      994
51164     1006
51169     1015
51174     1027
51179     1037
51184     1044
51189     1059
51194     1071
51199     1085
51204     1106
51209     1119
51214     1131
51219     1144
51224     1156
51229     1168
51234     1182
51239     1198
51244     1209
51249     1222
51254     1237
51259     1245
51264     1260
51269     1272
51274     1285
51279     1300
51284     1316
51289     1333
51294     1360
51299     1371
51304     1379
51309     1404
51314     1416
51319     1430
51324     1450
51329     1477
51334     1487
51339     1502
51344     1520
51349     1539
51354     1547
51359     1567
51364     1583
51369     1590
51374     1609
51379     1627
51384     1645
51389     1660
51394     1684
51399     1700
51404     1717
51409     1746
51414     1764
51419     1774
51424     1792
51429     1807
51434     1825
51439     1839
51444     1865
51449     1884
51454     1892
51459     1912
51464     1931
51469     1930
51474     1946
51479     1973
51484     1994
51489     2002
51494     2025
51499     2045
51504     2074
51509     2096
51514     2126
51519     2156
51524     2182
51529     2201
51534     2229
51539     2250
51544     2264
51549     2308
51554     2335
51559     2348
51564     2376
51569     2392
51574     2418
51579     2433
51584     2450
51589     2470
51594     2488
51599     2508
51604     2528
51609     2544
51614     2569
51619     2591
51624     2614
51629     2637
51634     2651
51639     2684
51644     2702
51649     2727
51654     2754
51659     2775
51664     2793
51669     2813
51674     2844
51679     2867
51684     2891
51689     2911
51694     2940
51699     2958
51704     2989
51709     3010
51714     3031
51719     3046
51724     3074
51729     3101
51734     3128
51739     3142
51744     3166
51749     3191
51754     3219
51759     3243
51764     3269
51769     3292
51774     3313
51779     3336
51784     3354
51789     3378
51794     3407
51799     3428
51804     3457
51809     3488
51814     3514
51819     3546
51824     3563
51829     3597
51834     3627
51839     3653
51844     3727
51849     3748
51854     3787
51859     3928
51864     3812
51869     3990
51874     3739
51879        -
51884        -
51889        -
51894        -
51899        -
51904        -
51909        -
51914      -72
51919      -67
51924      -67
51929      -68
51934      -72
51939      -74
51944      -69
51949      -70
51954      -68
51959      -66
51964      -70
51969      -69
51974      -68
51979      -75
51984      -79
51989      -85
51994      -78
51999      -82
52004      -76
52009      -75
52014      -72
52019      -83
52024      -78
52029      -85
52034      -77
52039      -84
52044      -81
52049      -84
52054      -80
52059      -75
52064      -75
52069      -73
52074      -77
52079      -74
52084      -73
52089      -85
52094      -80
52099      -84
52104      -83
52109      -82
52114      -82
52119      -81
52124      -78
52129      -76
52134      -78
52139      -81
52144      -87
52149      -92
52154      -93
52159     -101
52164     -112
52169     -116
52174     -118
52179     -118
52184     -120
52189     -124
52194     -129
52199     -130
52204     -132
52209     -133
52214     -143
52219     -144
52224     -137
52229     -139
52234     -145
52239     -145
52244     -149
52249     -158
52254     -159
52259     -167
52264     -167
52269     -165
52274     -166
52279     -163
52284     -160
52289     -177
52294     -164
52299     -179
52304     -180
52309     -180
52314     -181
52319     -183
52324     -190
52329     -188
52334     -192
52339     -193
52344     -194
52349     -206
52354     -206
52359     -213
52364     -218
52369     -226
52374     -225
52379     -220
52384     -221
52389     -219
52394     -219
52399     -204
52404     -228
52409     -218
52414     -223
52419     -224
52424     -223
52429     -238
52434     -240
52439     -250
52444     -246
52449     -256
52454     -280
52459     -273
52464     -280
52469     -284
52474     -281
52479     -279
52484     -278
52489     -288
52494     -285
52499     -289
52504     -293
52509     -368
52514     -391
52519     -419
52524     -157
52529      260
52534      254
52539      266
52544      266
52549      284
52554      287
52559      299
52564      305
52569      321
52574       71
52579       83
52584       93
52589       97
52594      109
52599      120
52604      125
52609      132
52614      143
52619      153
52624      165
52629      171
52634      179
52639      187
52644      196.5
52649      199.6
52654      222.2
52659      238.7
52664      243.6
52669      232.8
52674      222.0
52679      211.2
52684      203.4
52689      195.9
52694      189.7
52699      193.7
52704      187.7
52709      185.3
52714      177.9
52719      169.7
52724      160.5
52729      151.4
52734      149.0
52739      143.1
52744      133.4
52749      111.1
52754      100.8
52759       89.2
52764       78.4
52769       75.1
52774       64.7
52779       54.0
52784       42.4
52789       28.5
52794       22.0
52799        7.9
52804       -6.9
52809      -17.2
52814      -16.9
52819      -15.1
52824      -15.8
52829      -11.8
52834       -7.9
52839       -6.7
52844       -7.1
52849      -14.9
52854       -8.1
52859       -3.2
52864        4.8
52869       12.3
52874       24.9
52879       26.6
52884       33.5
52889       37.0
52894       39.1
52899       33.1
52904       33.7
52909       37.5
52914       42.0
52919       41.8
52924       41.1
52929       43.1
52934       43.7
52939       44.7
52944       49.1
52949       51.8
52954       51.6
52959       56.6
52964       61.3
52969       65.2
52974       59.4
52979       57.9
52984       54.5
52989       57.4
52994       65.3
52999       63.3
53004       75.2
53009       81.0
53014       90.2
53019       87.0
53024       84.1
53029       86.2
53034       88.7
53039       97.3
53044       98.9
53049      102.5
53054      105.6
53059      110.0
53064      112.9
53069      115.4
53074      115.9
53079      118.7
53084      120.0
53089      123.5
53094      126.1
53099      138.5
53104      147.5
53109      145.7
53114      146.6
53119      142.2
53124      144.3
53129      151.6
53134      150.1
53139      151.8
53144      155.0
53149      163.2
53154      158.5
53159      160.9
53164      162.8
53169      164.1
53174      168.1
53179      155.8
53184      151.3
53189      147.6
53194      135.3
53199      125.1
53204      113.9
53209      102.3
53214       95.9
53219       87.4
53224       73.6
53229       59.9
53234       48.9
53239       38.0
53244       24.5
53249        8.6
53254        0.4
53259        0.9
53264       -2.5
53269       -7.0
53274      -12.8
53279      -16.3
53284      -26.3
53289      -20.4
53294      -23.6
53299      -21.2
53304      -33.5
53309      -36.4
53314      -44.5
53319      -43.4
53324      -42.8
53329      -40.4
53334      -25.9
53339      -14.7
53344       -2.0
53349        9.8
53354        5.8
53359        2.7
53364       -4.2
53369       -6.8
53374       -6.7
53379       -2.3
53384        3.8
53389        0.8
53394        4.2
53399        9.0
53404        7.8
53409        7.9
53414       18.4
53419       11.4
53424       -0.1
53429       -2.8
53434       -9.3
53439       -9.9
53444       -3.3
53449       12.0
53454       13.5
53459       23.9
53464       31.8
53469       30.3
53474       28.0
53479       22.7
53484       15.7
53489       16.9
53494       13.6          NMIJ0505 CirT.209
53499       12.0                           
53504        7.0                           
53509        8.4                           
53514        0.1                           
53519       -6.8                           
53524       -8.5          NMIJ0506 CirT.210
53529        0.8                           
53534       -8.3                           
53539       -6.5                           
53544        2.6                           
53549        6.9                           
53554        1.8          NMIJ0507 CirT.211
53559       12.5                           
53564       14.0                           
53569        7.8                           
53574        0.8                           
53579       -2.0                           
53584      -10.4          NMIJ0508 CirT.212
53589       -2.9                           
53594        3.1                           
53599        8.7                           
53604       11.1                           
53609        4.6                           
53614        8.5          NMIJ0509 CirT.213
53619        9.6                           
53624       15.2                           
53629       21.8                           
53634       16.1                           
53639       18.8                           
53644       24.0          NMIJ0510 CirT.214
53649       28.1                           
53654       27.9                           
53659       27.0                           
53664       27.1                           
53669       30.6                           
53674       20.0                           
53679       20.1          NMIJ0511 CirT.215
53684       12.4                           
53689       10.6                           
53694       10.2                           
53699        1.4                           
53704       -0.9                           
53709        0.2          NMIJ0512 CirT.216
53714       -4.7                           
53719      -17.8                           
53724      -18.3                           
53729      -16.8                           
53734      -15.3                           
53739      -11.2          NMIJ0601 CirT.217
53744      -13.6                           
53749      -15.1                           
53754      -18.6                           
53759      -14.3                           
53764      -10.9                           
53769       -8.5          NMIJ0602 CirT.218
53774      -12.0                           
53779      -18.4                           
53784      -20.4                           
53789       -5.3                           
53794       -2.7                           
53799       -2.1          NMIJ0603 CirT.219
53804       -3.1                           
53809       -0.8                           
53814        0.8                           
53819       -0.4                           
53824       -1.0                           
53829       -2.4          NMIJ0604 CirT.220
53834       -4.7                           
53839       -8.8                           
53844      -11.3                           
53849      -10.2                           
53854       -9.9                           
53859      -11.2          NMIJ0605 CirT.221
53864      -13.2                           
53869      -14.3                           
53874      -15.3                           
53879      -13.3                           
53884      -12.5                           
53889      -10.9          NMIJ0606 CirT.222
53894      -10.3                           
53899      -11.4                           
53904       -9.0                           
53909      -10.4                           
53914      -10.3                           
53919      -11.3          NMIJ0607 CirT.223
53924       -8.1                           
53929       -8.3                           
53934       -7.1                           
53939       -3.0                           
53944        0.4                           
53949        4.6          NMIJ0608 CirT.224
53954        0.1                           
53959       -3.7                           
53964       -7.2                           
53969       -8.9                           
53974      -12.3                           
53979      -13.7          NMIJ0609 CirT.225
53984      -15.0                           
53989      -17.3                           
53994      -18.7                           
53999      -22.3                           
54004      -25.8                           
54009      -28.6          NMIJ0610 CirT.226
54014      -27.4                           
54019      -17.7                           
54024      -15.1                           
54029      -11.9                           
54034      -11.0                           
54039       -8.3                           
54044       -8.4          NMIJ0611 CirT.227
54049       -6.0                           
54054       -4.9                           
54059       -3.9                           
54064       -2.6                           
54069       -1.2                           
54074       -0.4   +/-    0.7   5.1   5.1          NMIJ0612 CirT.228
54079        4.2   +/-    0.7   5.1   5.1                           
54084       14.1   +/-    0.7   5.1   5.1                           
54089       27.0   +/-    0.7   5.1   5.1                           
54094       36.6   +/-    0.7   5.1   5.1                           
54099       41.0   +/-    0.7   5.1   5.1                           
54104       41.3   +/-    0.7   5.1   5.1          NMIJ0701 CirT.229
54109       39.7   +/-    0.7   5.1   5.1                           
54114       35.3   +/-    0.7   5.1   5.1                           
54119       33.6   +/-    0.7   5.1   5.1                           
54124       30.8   +/-    0.7   5.1   5.1                           
54129       30.9   +/-    0.7   5.1   5.1                           
54134       24.3   +/-    0.7   5.1   5.1          NMIJ0702 CirT.230
54139       17.7   +/-    0.7   5.1   5.1                           
54144       11.2   +/-    0.7   5.1   5.1                           
54149       10.9   +/-    0.7   5.1   5.1                           
54154       11.0   +/-    0.7   5.1   5.1                           
54159       10.9   +/-    0.7   5.1   5.1                           
54164       11.3   +/-    0.7   5.1   5.1          NMIJ0703 CirT.231
54169       14.8   +/-    0.7   5.1   5.1                           
54174       21.5   +/-    0.7   5.1   5.1                           
54179       25.6   +/-    0.7   5.1   5.1                           
54184       22.3   +/-    0.7   5.1   5.1                           
54189       21.0   +/-    0.7   5.1   5.1                           
54194       20.4   +/-    0.7   5.1   5.1          NMIJ0704 CirT.232
54199       15.9   +/-    0.7   5.1   5.1                           
54204       13.0   +/-    0.7   5.1   5.1                           
54209       13.7   +/-    0.7   5.1   5.1                           
54214       14.4   +/-    0.7   5.1   5.1                           
54219       15.2   +/-    0.7   5.1   5.1                           
54224       18.3   +/-    0.7   5.1   5.1          NMIJ0705 CirT.233
54229       19.9   +/-    0.7   5.1   5.1                           
54234       22.0   +/-    0.7   5.1   5.1                           
54239       23.4   +/-    0.7   5.1   5.1                           
54244       26.8   +/-    0.7   5.1   5.1                           
54249       25.3   +/-    0.7   5.1   5.1                           
54254       21.3   +/-    0.7   5.1   5.1          NMIJ0706 CirT.234
54259       13.6   +/-    0.7   5.1   5.1                           
54264       10.9   +/-    0.7   5.1   5.1                           
54269        8.9   +/-    0.7   5.1   5.1                           
54274        6.5   +/-    0.7   5.1   5.1                           
54279        2.7   +/-    0.7   5.1   5.1                           
54284        2.9   +/-    0.7   5.0   5.1          NMIJ0707 CirT.235
54289        4.9   +/-    0.7   5.0   5.1                           
54294        6.5   +/-    0.7   5.0   5.1                           
54299        7.4   +/-    0.7   5.0   5.1                           
54304       11.2   +/-    0.7   5.0   5.1                           
54309       15.5   +/-    0.7   5.0   5.1                           
54314       18.0   +/-    0.7   5.0   5.1          NMIJ0708 CirT.236
54319       20.6   +/-    0.7   5.0   5.1                           
54324       22.6   +/-    0.7   5.0   5.1                           
54329       24.9   +/-    0.7   5.0   5.1                           
54334       25.6   +/-    0.7   5.0   5.1                           
54339       22.9   +/-    0.7   5.0   5.1                           
54344       20.6   +/-    0.7   5.0   5.1          NMIJ0709 CirT.237
54349       21.6   +/-    0.7   5.0   5.1                           
54354       22.2   +/-    0.7   5.0   5.1                           
54359       22.2   +/-    0.7   5.0   5.1                           
54364       21.7   +/-    0.7   5.0   5.1                           
54369       19.4   +/-    0.7   5.0   5.1                           
54374       17.2   +/-    0.7   5.0   5.1          NMIJ0710 CirT.238
54379       14.3   +/-    0.7   5.0   5.1                           
54384       12.2   +/-    0.7   5.0   5.1                           
54389        9.1   +/-    0.7   5.0   5.1                           
54394        6.2   +/-    0.7   5.0   5.1                           
54399        1.6   +/-    0.7   5.0   5.1                           
54404        0.8   +/-    0.7   5.0   5.1                           
54409        1.7   +/-    0.7   5.1   5.1          NMIJ0711 CirT.239
54414        3.5   +/-    0.7   5.1   5.1                           
54419        6.0   +/-    0.7   5.1   5.1                           
54424        8.9   +/-    0.7   5.1   5.1                           
54429       10.5   +/-    0.7   5.1   5.1                           
54434       12.0   +/-    0.7   5.1   5.1                           
54439       13.6   +/-    0.7   5.1   5.1          NMIJ0712 CirT.240
54444       18.3   +/-    0.7   5.1   5.1                           
54449       22.5   +/-    0.7   5.1   5.1                           
54454       24.9   +/-    0.7   5.1   5.1                           
54459       24.8   +/-    0.7   5.1   5.1                           
54464       20.6   +/-    0.7   5.1   5.1                           
54469       22.9   +/-    0.7   5.1   5.1          NMIJ0801 CirT.241
54474       21.6   +/-    0.7   5.1   5.1                           
54479       18.4   +/-    0.7   5.1   5.1                           
54484       16.7   +/-    0.7   5.1   5.1                           
54489       15.6   +/-    0.7   5.1   5.1                           
54494       13.3   +/-    0.7   5.1   5.1                           
54499       15.0   +/-    0.7   5.0   5.1          NMIJ0802 CirT.242
54504       16.5   +/-    0.7   5.0   5.1                           
54509       17.1   +/-    0.7   5.0   5.1                           
54514       20.7   +/-    0.7   5.0   5.1                           
54519       20.1   +/-    0.7   5.0   5.1                           
54524       20.7   +/-    0.7   5.0   5.1                           
54529       23.4   +/-    0.7   5.0   5.1          NMIJ0803 CirT.243
54534       22.3   +/-    0.7   5.0   5.1                           
54539       19.0   +/-    0.7   5.0   5.1                           
54544       20.5   +/-    0.7   5.0   5.1                           
54549       20.4   +/-    0.7   5.0   5.1                           
54554       20.6   +/-    0.7   5.0   5.1                           
54559       14.8   +/-    0.7   5.0   5.1          NMIJ0804 CirT.244
54564        6.0   +/-    0.7   5.0   5.1                           
54569        4.8   +/-    0.7   5.0   5.1                           
54574        4.7   +/-    0.7   5.0   5.1                           
54579        5.6   +/-    0.7   5.0   5.1                           
54584       11.8   +/-    0.7   5.0   5.1                           
54589       19.7   +/-    0.7   5.0   5.1          NMIJ0805 CirT.245
54594       28.2   +/-    0.7   5.0   5.1                           
54599       28.8   +/-    0.7   5.0   5.1                           
54604       29.2   +/-    0.7   5.0   5.1                           
54609       28.2   +/-    0.7   5.0   5.1                           
54614       30.0   +/-    0.7   5.0   5.1                           
54619       31.5   +/-    0.7   5.1   5.1          NMIJ0806 CirT.246
54624       30.9   +/-    0.7   5.1   5.1                           
54629       31.1   +/-    0.7   5.1   5.1                           
54634       30.5   +/-    0.7   5.1   5.1                           
54639       28.7   +/-    0.7   5.1   5.1                           
54644       29.6   +/-    0.7   5.1   5.1                           
54649       24.0   +/-    0.7   5.0   5.1          NMIJ0807 CirT.247
54654       18.4   +/-    0.7   5.0   5.1                           
54659       23.4   +/-    0.7   5.0   5.1                           
54664       25.4   +/-    0.7   5.0   5.1                           
54669       18.3   +/-    0.7   5.0   5.1                           
54674       11.1   +/-    0.7   5.0   5.1                           
54679        5.3   +/-    0.7   5.0   5.1          NMIJ0808 CirT.248
54684       -0.3   +/-    0.7   5.0   5.1                           
54689       -4.0   +/-    0.7   5.0   5.1                           
54694       -4.7   +/-    0.7   5.0   5.1                           
54699       -8.3   +/-    0.7   5.0   5.1                           
54704       -6.1   +/-    0.7   5.0   5.1                           
54709       -0.3   +/-    0.7   5.0   5.1                           
54714       10.9   +/-    0.7   5.1   5.1          NMIJ0809 CirT.249
54719       21.5   +/-    0.7   5.1   5.1                           
54724       30.0   +/-    0.7   5.1   5.1                           
54729       39.4   +/-    0.7   5.1   5.1                           
54734       46.8   +/-    0.7   5.1   5.1                           
54739       53.5   +/-    0.7   5.1   5.1                           
54744       59.4   +/-    0.7   5.1   5.1          NMIJ0810 CirT.250
54749       64.6   +/-    0.7   5.1   5.1                           
54754       67.8   +/-    0.7   5.1   5.1                           
54759       65.7   +/-    0.7   5.1   5.1                           
54764       61.7   +/-    0.7   5.1   5.1                           
54769       73.4   +/-    0.7   5.1   5.1                           
54774       77.8   +/-    0.7   5.1   5.1          NMIJ0811 CirT.251
54779       75.6   +/-    0.7   5.1   5.1                           
54784       77.0   +/-    0.7   5.1   5.1                           
54789       79.7   +/-    0.7   5.1   5.1                           
54794       80.1   +/-    0.7   5.1   5.1                           
54799       76.0   +/-    0.7   5.1   5.1                           
54804       70.3   +/-    0.7   5.1   5.1          NMIJ0812 CirT.252
54809       67.6   +/-    0.7   5.1   5.1                           
54814       68.6   +/-    0.7   5.1   5.1                           
54819       63.0   +/-    0.7   5.1   5.1                           
54824       60.0   +/-    0.7   5.1   5.1                           
54829       56.7   +/-    0.7   5.1   5.1                           
54834       55.1   +/-    0.7   5.1   5.1          NMIJ0901 CirT.253
54839       51.6   +/-    0.7   5.1   5.1                           
54844       47.7   +/-    0.7   5.1   5.1                           
54849       45.0   +/-    0.7   5.1   5.1                           
54854       45.6   +/-    0.7   5.1   5.1                           
54859       44.4   +/-    0.7   5.1   5.1                           
54864       37.7   +/-    0.7   5.1   5.1          NMIJ0902 CirT.254
54869       31.8   +/-    0.7   5.1   5.1                           
54874       26.6   +/-    0.7   5.1   5.1                           
54879       24.6   +/-    0.7   5.1   5.1                           
54884       23.5   +/-    0.7   5.1   5.1                           
54889       22.5   +/-    0.7   5.1   5.1                           
54894       22.6   +/-    0.7   5.0   5.1          NMIJ0903 CirT.255
54899       19.7   +/-    0.7   5.0   5.1                           
54904       20.1   +/-    0.7   5.0   5.1                           
54909       21.3   +/-    0.7   5.0   5.1                           
54914       20.9   +/-    0.7   5.0   5.1                           
54919       20.7   +/-    0.7   5.0   5.1                           
54924       21.7   +/-    0.7   5.1   5.1          NMIJ0904 CirT.256
54929       22.0   +/-    0.7   5.1   5.1                           
54934       23.2   +/-    0.7   5.1   5.1                           
54939       24.5   +/-    0.7   5.1   5.1                           
54944       26.5   +/-    0.7   5.1   5.1                           
54949       24.9   +/-    0.7   5.1   5.1                           
54954       25.9   +/-    0.7   5.0   5.1          NMIJ0905 CirT.257
54959       28.4   +/-    0.7   5.0   5.1                           
54964       33.1   +/-    0.7   5.0   5.1                           
54969       36.8   +/-    0.7   5.0   5.1                           
54974       37.6   +/-    0.7   5.0   5.1                           
54979       36.5   +/-    0.7   5.0   5.1                           
54984       33.5   +/-    0.7   5.1   5.1          NMIJ0906 CirT.258
54989       32.3   +/-    0.7   5.1   5.1                           
54994       33.3   +/-    0.7   5.1   5.1                           
54999       30.8   +/-    0.7   5.1   5.1                           
55004       31.4   +/-    0.7   5.1   5.1                           
55009       30.0   +/-    0.7   5.1   5.1                           
55014       27.4   +/-    0.7   5.0   5.1          NMIJ0907 CirT.259
55019       25.5   +/-    0.7   5.0   5.1                           
55024       25.0   +/-    0.7   5.0   5.1                           
55029       23.4   +/-    0.7   5.0   5.1                           
55034       23.1   +/-    0.7   5.0   5.1                           
55039       24.2   +/-    0.7   5.0   5.1                           
55044       22.4   +/-    0.7   5.1   5.1          NMIJ0908 CirT.260
55049       22.9   +/-    0.7   5.1   5.1                           
55054       19.9   +/-    0.7   5.1   5.1                           
55059       10.6   +/-    0.7   5.1   5.1                           
55064        7.5   +/-    0.7   5.1   5.1                           
55069       10.4   +/-    0.7   5.1   5.1                           
55074       12.8   +/-    0.7   5.1   5.1                           
55079       18.2   +/-    0.4   7.0   7.0          NMIJ0909 CirT.261
55084       17.6   +/-    0.4   7.0   7.0                           
55089       17.2   +/-    0.4   7.0   7.0                           
55094       15.9   +/-    0.4   7.0   7.0                           
55099       16.1   +/-    0.4   7.0   7.0                           
55104       15.7   +/-    0.4   7.0   7.0                           
55109       17.4   +/-    0.4   5.1   5.1          NMIJ0910 CirT.262
55114       18.3   +/-    0.4   5.1   5.1                           
55119       18.1   +/-    0.4   5.1   5.1                           
55124       16.1   +/-    0.4   5.1   5.1                           
55129        9.4   +/-    0.4   5.1   5.1                           
55134        7.2   +/-    0.4   5.1   5.1                           
55139        4.0   +/-    0.3   5.1   5.1          NMIJ0911 CirT.263
55144        1.8   +/-    0.3   5.1   5.1                           
55149        2.8   +/-    0.3   5.1   5.1                           
55154        4.9   +/-    0.3   5.1   5.1                           
55159        6.7   +/-    0.3   5.1   5.1                           
55164        8.2   +/-    0.3   5.1   5.1                           
55169        8.3   +/-    0.3   5.1   5.1          NMIJ0912 CirT.264
55174        8.9   +/-    0.3   5.1   5.1                           
55179        8.0   +/-    0.3   5.1   5.1                           
55184        7.2   +/-    0.3   5.1   5.1                           
55189        6.0   +/-    0.3   5.1   5.1                           
55194        4.4   +/-    0.3   5.1   5.1                           
55199        1.8   +/-    0.4   5.2   5.2          NMIJ1001 CirT.265
55204        2.8   +/-    0.4   5.2   5.2                           
55209        2.8   +/-    0.4   5.2   5.2                           
55214        2.6   +/-    0.4   5.2   5.2                           
55219       -0.5   +/-    0.4   5.2   5.2                           
55224       -5.1   +/-    0.4   5.2   5.2                           
55229       -4.9   +/-    0.3   5.3   5.3          NMIJ1002 CirT.266
55234       -1.5   +/-    0.3   5.3   5.3                           
55239        1.3   +/-    0.3   5.3   5.3                           
55244        2.5   +/-    0.3   5.3   5.3                           
55249        1.9   +/-    0.3   5.3   5.3                           
55254        0.7   +/-    0.3   5.3   5.3                           
55259        0.4   +/-    0.3   5.1   5.1          NMIJ1003 CirT.267
55264       -0.9   +/-    0.3   5.1   5.1                           
55269       -1.9   +/-    0.3   5.1   5.1                           
55274       -3.9   +/-    0.3   5.1   5.1                           
55279       -5.7   +/-    0.3   5.1   5.1                           
55284       -7.7   +/-    0.3   5.1   5.1                           
55289       -9.2   +/-    0.3   4.9   5.0          NMIJ1004 CirT.268
55294       -8.5   +/-    0.3   4.9   5.0                           
55299       -7.5   +/-    0.3   4.9   5.0                           
55304       -7.9   +/-    0.3   4.9   5.0                           
55309       -7.2   +/-    0.3   4.9   5.0                           
55314       -7.5   +/-    0.3   4.9   5.0                           
55319       -7.8   +/-    0.3   4.9   4.9          NMIJ1005 CirT.269
55324       -8.8   +/-    0.3   4.9   4.9                           
55329       -8.5   +/-    0.3   4.9   4.9                           
55334       -7.3   +/-    0.3   4.9   4.9                           
55339       -6.5   +/-    0.3   4.9   4.9                           
55344       -6.5   +/-    0.3   4.9   4.9                           
55349       -4.9   +/-    0.4   5.0   5.0          NMIJ1006 CirT.270
55354       -3.5   +/-    0.4   5.0   5.0                           
55359       -2.7   +/-    0.4   5.0   5.0                           
55364       -1.6   +/-    0.4   5.0   5.0                           
55369       -1.7   +/-    0.4   5.0   5.0                           
55374       -0.9   +/-    0.4   5.0   5.0                           
55379       -0.1   +/-    0.3   5.0   5.0          NMIJ1007 CirT.271
55384        0.3   +/-    0.3   5.0   5.0                           
55389        0.1   +/-    0.3   5.0   5.0                           
55394       -0.1   +/-    0.3   5.0   5.0                           
55399        0.1   +/-    0.3   5.0   5.0                           
55404       -1.0   +/-    0.3   5.0   5.0                           
55409       -0.7   +/-    0.4   5.0   5.1          NMIJ1008 CirT.272
55414       -0.3   +/-    0.4   5.0   5.1                           
55419        0.9   +/-    0.4   5.0   5.1                           
55424        1.7   +/-    0.4   5.0   5.1                           
55429        2.9   +/-    0.4   5.0   5.1                           
55434        3.9   +/-    0.4   5.0   5.1                           
55439        4.4   +/-    0.4   5.0   5.1                           
55444        3.8   +/-    0.4   5.0   5.1          NMIJ1009 CirT.273
55449        4.2   +/-    0.4   5.0   5.1                           
55454        3.6   +/-    0.4   5.0   5.1                           
55459        2.7   +/-    0.4   5.0   5.1                           
55464        1.0   +/-    0.4   5.0   5.1                           
55469       -0.5   +/-    0.4   5.0   5.1                           
55474       -1.5   +/-    0.4   5.0   5.1          NMIJ1010 CirT.274
55479       -2.4   +/-    0.4   5.0   5.1                           
55484       -3.0   +/-    0.4   5.0   5.1                           
55489       -2.0   +/-    0.4   5.0   5.1                           
55494       -0.1   +/-    0.4   5.0   5.1                           
55499        2.1   +/-    0.4   5.0   5.1                           
55504        4.2   +/-    0.3   5.2   5.2          NMIJ1011 CirT.275
55509        6.9   +/-    0.3   5.2   5.2                           
55514        7.6   +/-    0.3   5.2   5.2                           
55519        9.0   +/-    0.3   5.2   5.2                           
55524        7.5   +/-    0.3   5.2   5.2                           
55529        6.4   +/-    0.3   5.2   5.2                           
55534        6.0   +/-    0.3   5.2   5.2          NMIJ1012 CirT.276
55539        3.0   +/-    0.3   5.2   5.2                           
55544        0.6   +/-    0.3   5.2   5.2                           
55549       -2.0   +/-    0.3   5.2   5.2                           
55554       -5.1   +/-    0.3   5.2   5.2                           
55559       -7.7   +/-    0.3   5.2   5.2                           
55564       -9.5   +/-    0.3   5.2   5.2          NMIJ1101 CirT.277
55569      -11.5   +/-    0.3   5.2   5.2                           
55574      -13.0   +/-    0.3   5.2   5.2                           
55579      -13.0   +/-    0.3   5.2   5.2                           
55584      -12.2   +/-    0.3   5.2   5.2                           
55589      -11.0   +/-    0.3   5.2   5.2                           
55594       -9.7   +/-    0.3   5.2   5.2          NMIJ1102 CirT.278
55599       -8.5   +/-    0.3   5.2   5.2                           
55604       -8.2   +/-    0.3   5.2   5.2                           
55609       -7.8   +/-    0.3   5.2   5.2                           
55614       -6.6   +/-    0.3   5.2   5.2                           
55619       -5.8   +/-    0.3   5.2   5.2                           
55624       -5.5   +/-    0.4   5.3   5.3          NMIJ1103 CirT.279
55629       -6.4   +/-    0.4   5.3   5.3                           
55634          -   +/-    0.4   5.3   5.3                           
55639       -3.7   +/-    0.4   5.3   5.3                           
55644       -4.5   +/-    0.4   5.3   5.3                           
55649       -9.8   +/-    0.4   5.3   5.3                           
55654       -8.6   +/-    0.3   5.3   5.3          NMIJ1104 CirT.280
55659       -6.6   +/-    0.3   5.3   5.3                           
55664      -10.4   +/-    0.3   5.3   5.3                           
55669      -14.8   +/-    0.3   5.3   5.3                           
55674      -16.6   +/-    0.3   5.3   5.3                           
55679      -17.0   +/-    0.3   5.3   5.3                           
55684      -17.5   +/-    0.4   5.2   5.2          NMIJ1105 CirT.281
55689      -16.6   +/-    0.4   5.2   5.2                           
55694      -16.7   +/-    0.4   5.2   5.2                           
55699      -16.3   +/-    0.4   5.2   5.2                           
55704      -16.4   +/-    0.4   5.2   5.2                           
55709      -11.6   +/-    0.4   5.2   5.2                           
55714       -5.8   +/-    0.4   5.2   5.2          NMIJ1106 CirT.282
55719       -4.5   +/-    0.4   5.2   5.2                           
55724       -5.4   +/-    0.4   5.2   5.2                           
55729       -6.3   +/-    0.4   5.2   5.2                           
55734       -6.6   +/-    0.4   5.2   5.2                           
55739       -7.9   +/-    0.4   5.2   5.2                           
55744       -5.9   +/-    0.4   5.2   5.2          NMIJ1107 CirT.283
55749       -8.2   +/-    0.4   5.2   5.2                           
55754       -8.5   +/-    0.4   5.2   5.2                           
55759       -8.0   +/-    0.4   5.2   5.2                           
55764       -8.6   +/-    0.4   5.2   5.2                           
55769       -9.6   +/-    0.4   5.2   5.2                           
55774       -8.5   +/-    0.4   5.1   5.1          NMIJ1108 CirT.284
55779       -7.0   +/-    0.4   5.1   5.1                           
55784       -6.0   +/-    0.4   5.1   5.1                           
55789       -5.2   +/-    0.4   5.1   5.1                           
55794       -3.8   +/-    0.4   5.1   5.1                           
55799       -2.2   +/-    0.4   5.1   5.1                           
55804        0.2   +/-    0.4   5.1   5.1                           
55809        2.2   +/-    0.4   5.1   5.1          NMIJ1109 CirT.285
55814        3.8   +/-    0.4   5.1   5.1                           
55819        6.8   +/-    0.4   5.1   5.1                           
55824        8.8   +/-    0.4   5.1   5.1                           
55829       10.4   +/-    0.4   5.1   5.1                           
55834       10.2   +/-    0.4   5.1   5.1                           
55839       10.5   +/-    0.3   5.1   5.1          NMIJ1110 CirT.286
55844       13.0   +/-    0.3   5.1   5.1                           
55849       12.2   +/-    0.3   5.1   5.1                           
55854       12.3   +/-    0.3   5.1   5.1                           
55859       12.5   +/-    0.3   5.1   5.1                           
55864       11.9   +/-    0.3   5.1   5.1                           
55869        8.1   +/-    0.3   5.1   5.1          NMIJ1111 CirT.287
55874        5.9   +/-    0.3   5.1   5.1                           
55879        6.1   +/-    0.3   5.1   5.1                           
55884        8.0   +/-    0.3   5.1   5.1                           
55889        7.7   +/-    0.3   5.1   5.1                           
55894        8.3   +/-    0.3   5.1   5.1                           
55899        9.1   +/-    0.3   5.1   5.1          NMIJ1112 CirT.288
55904        8.7   +/-    0.3   5.1   5.1                           
55909        8.9   +/-    0.3   5.1   5.1                           
55914        6.4   +/-    0.3   5.1   5.1                           
55919        5.7   +/-    0.3   5.1   5.1                           
55924        3.4   +/-    0.3   5.1   5.1                           
55929        0.3   +/-    0.3   5.1   5.1          NMIJ1201 CirT.289
55934       -1.6   +/-    0.3   5.1   5.1                           
55939       -3.7   +/-    0.3   5.1   5.1                           
55944       -3.8   +/-    0.3   5.1   5.1                           
55949       -4.3   +/-    0.3   5.1   5.1                           
55954       -5.3   +/-    0.3   5.1   5.1                           
55959       -5.6   +/-    0.3   5.1   5.1          NMIJ1202 CirT.290
55964       -6.1   +/-    0.3   5.1   5.1                           
55969       -6.8   +/-    0.3   5.1   5.1                           
55974       -6.9   +/-    0.3   5.1   5.1                           
55979       -7.8   +/-    0.3   5.1   5.1                           
55984       -6.4   +/-    0.3   5.1   5.1                           
55989       -7.4   +/-    0.3   5.1   5.1          NMIJ1203 CirT.291
55994       -8.8   +/-    0.3   5.1   5.1                           
55999       -7.1   +/-    0.3   5.1   5.1                           
56004       -5.4   +/-    0.3   5.1   5.1                           
56009       -4.5   +/-    0.3   5.1   5.1                           
56014       -3.5   +/-    0.3   5.1   5.1                           
56019       -3.8   +/-    0.4   5.1   5.1          NMIJ1204 CirT.292
56024       -4.2   +/-    0.4   5.1   5.1                           
56029       -4.4   +/-    0.4   5.1   5.1                           
56034       -3.7   +/-    0.4   5.1   5.1                           
56039       -2.1   +/-    0.4   5.1   5.1                           
56044       -1.5   +/-    0.4   5.1   5.1                           
56049       -0.9   +/-    0.4   5.1   5.1          NMIJ1205 CirT.293
56054       -1.4   +/-    0.4   5.1   5.1                           
56059       -2.4   +/-    0.4   5.1   5.1                           
56064       -1.8   +/-    0.4   5.1   5.1                           
56069       -1.4   +/-    0.4   5.1   5.1                           
56074       -0.4   +/-    0.4   5.1   5.1                           
56079        0.8   +/-    0.4   5.1   5.1          NMIJ1206 CirT.294
56084        1.3   +/-    0.4   5.1   5.1                           
56089        2.3   +/-    0.4   5.1   5.1                           
56094        2.4   +/-    0.4   5.1   5.1                           
56099        1.4   +/-    0.4   5.1   5.1                           
56104        3.1   +/-    0.4   5.1   5.1                           
56109        3.4   +/-    0.4   5.2   5.2          NMIJ1207 CirT.295
56114        4.5   +/-    0.4   5.2   5.2                           
56119        5.8   +/-    0.4   5.2   5.2                           
56124        7.1   +/-    0.4   5.2   5.2                           
56129        8.5   +/-    0.4   5.2   5.2                           
56134        8.5   +/-    0.4   5.2   5.2                           
56139        8.8   +/-    0.4   5.2   5.2                           
56144        9.2   +/-    0.4   5.2   5.2          NMIJ1208 CirT.296
56149        8.2   +/-    0.4   5.2   5.2                           
56154       -3.8   +/-    0.4   5.2   5.2                           
56159       -3.0   +/-    0.4   5.2   5.2                           
56164       -0.5   +/-    0.4   5.2   5.2                           
56169        2.5   +/-    0.4   5.2   5.2                           
56174        5.3   +/-    0.4   5.2   5.2          NMIJ1209 CirT.297
56179        9.7   +/-    0.4   5.2   5.2                           
56184       10.6   +/-    0.4   5.2   5.2                           
56189       10.3   +/-    0.4   5.2   5.2                           
56194        9.0   +/-    0.4   5.2   5.2                           
56199        8.3   +/-    0.4   5.2   5.2                           
56204        8.0   +/-    0.4   5.2   5.2          NMIJ1210 CirT.298
56209        8.8   +/-    0.4   5.2   5.2                           
56214        9.3   +/-    0.4   5.2   5.2                           
56219        9.2   +/-    0.4   5.2   5.2                           
56224        7.5   +/-    0.4   5.2   5.2                           
56229        5.4   +/-    0.4   5.2   5.2                           
56234        2.4   +/-    0.4   5.2   5.2          NMIJ1211 CirT.299
56239       -0.1   +/-    0.4   5.2   5.2                           
56244       -1.6   +/-    0.4   5.2   5.2                           
56249       -4.4   +/-    0.4   5.2   5.2                           
56254       -6.7   +/-    0.4   5.2   5.2                           
56259       -8.2   +/-    0.4   5.2   5.2                           
56264       -9.0   +/-    0.4   5.2   5.2          NMIJ1212 CirT.300
56269      -10.8   +/-    0.4   5.2   5.2                           
56274      -10.7   +/-    0.4   5.2   5.2                           
56279       -9.1   +/-    0.4   5.2   5.2                           
56284       -6.7   +/-    0.4   5.2   5.2                           
56289       -7.2   +/-    0.4   5.2   5.2                           
56294       -8.5   +/-    0.4   5.2   5.2          NMIJ1301 CirT.301
56299       -9.8   +/-    0.4   5.2   5.2                           
56304       -8.9   +/-    0.4   5.2   5.2                           
56309       -8.8   +/-    0.4   5.2   5.2                           
56314       -9.5   +/-    0.4   5.2   5.2                           
56319       -8.9   +/-    0.4   5.2   5.2                           
56324       -6.3   +/-    0.4   5.2   5.2          NMIJ1302 CirT.302
56329       -6.0   +/-    0.4   5.2   5.2                           
56334       -5.6   +/-    0.4   5.2   5.2                           
56339       -4.3   +/-    0.4   5.2   5.2                           
56344       -3.6   +/-    0.4   5.2   5.2                           
56349       -1.9   +/-    0.4   5.2   5.2                           
56354       -1.5   +/-    0.4   5.2   5.2          NMIJ1303 CirT.303
56359        0.1   +/-    0.4   5.2   5.2                           
56364        0.8   +/-    0.4   5.2   5.2                           
56369        2.4   +/-    0.4   5.2   5.2                           
56374        3.7   +/-    0.4   5.2   5.2                           
56379        5.3   +/-    0.4   5.2   5.2                           
56384        7.7   +/-    0.4   5.2   5.2          NMIJ1304 CirT.304
56389        8.0   +/-    0.4   5.2   5.2                           
56394        6.8   +/-    0.4   5.2   5.2                           
56399        7.2   +/-    0.4   5.2   5.2                           
56404        7.5   +/-    0.4   5.2   5.2                           
56409        7.3   +/-    0.4   5.2   5.2                           
56414        7.4   +/-    0.4   5.2   5.2          NMIJ1305 CirT.305
56419        7.6   +/-    0.4   5.2   5.2                           
56424        6.7   +/-    0.4   5.2   5.2                           
56429        7.4   +/-    0.4   5.2   5.2                           
56434        5.6   +/-    0.4   5.2   5.2                           
56439        5.9   +/-    0.4   5.2   5.2                           
56444        5.0   +/-    0.4   5.2   5.2          NMIJ1306 CirT.306
56449        4.4   +/-    0.4   5.2   5.2                           
56454        2.2   +/-    0.4   5.2   5.2                           
56459       -0.4   +/-    0.4   5.2   5.2                           
56464       -2.9   +/-    0.4   5.2   5.2                           
56469       -5.6   +/-    0.4   5.2   5.2                           
56474       -7.3   +/-    0.4   5.2   5.2          NMIJ1307 CirT.307
56479       -9.4   +/-    0.4   5.2   5.2                           
56484      -10.6   +/-    0.4   5.2   5.2                           
56489      -10.6   +/-    0.4   5.2   5.2                           
56494      -10.8   +/-    0.4   5.2   5.2                           
56499      -11.2   +/-    0.4   5.2   5.2                           
56504      -10.4   +/-    0.4   5.2   5.2                           
56509       -9.8   +/-    0.3   5.2   5.2          NMIJ1308 CirT.308
56514       -8.4   +/-    0.3   5.2   5.2                           
56519       -7.3   +/-    0.3   5.2   5.2                           
56524       -6.1   +/-    0.3   5.2   5.2                           
56529       -5.4   +/-    0.3   5.2   5.2                           
56534       -3.7   +/-    0.3   5.2   5.2                           
56539       -2.8   +/-    0.3   5.2   5.2          NMIJ1309 CirT.309
56544       -1.3   +/-    0.3   5.2   5.2                           
56549        0.8   +/-    0.3   5.2   5.2                           
56554        2.9   +/-    0.3   5.2   5.2                           
56559        3.9   +/-    0.3   5.2   5.2                           
56564        4.4   +/-    0.3   5.2   5.2                           
56569        3.9   +/-    0.3   5.2   5.2          NMIJ1310 CirT.310
56574        3.9   +/-    0.3   5.2   5.2                           
56579        3.3   +/-    0.3   5.2   5.2                           
56584        3.7   +/-    0.3   5.2   5.2                           
56589        2.9   +/-    0.3   5.2   5.2                           
56594        1.9   +/-    0.3   5.2   5.2                           
56599        0.4   +/-    0.3   5.2   5.2          NMIJ1311 CirT.311
56604       -0.7   +/-    0.3   5.2   5.2                           
56609       -1.7   +/-    0.3   5.2   5.2                           
56614       -1.2   +/-    0.3   5.2   5.2                           
56619       -0.4   +/-    0.3   5.2   5.2                           
56624        0.2   +/-    0.3   5.2   5.2                           
56629        1.5   +/-    0.3   5.2   5.2          NMIJ1312 CirT.312
56634        0.9   +/-    0.3   5.2   5.2                           
56639        0.7   +/-    0.3   5.2   5.2                           
56644        0.7   +/-    0.3   5.2   5.2                           
56649        0.9   +/-    0.3   5.2   5.2                           
56654        1.8   +/-    0.3   5.2   5.2                           
56659        1.9   +/-    0.3   5.1   5.1          NMIJ1401 CirT.313
56664        1.7   +/-    0.3   5.1   5.1                           
56669        2.2   +/-    0.3   5.1   5.1                           
56674        2.5   +/-    0.3   5.1   5.1                           
56679        3.0   +/-    0.3   5.1   5.1                           
56684        3.2   +/-    0.3   5.1   5.1                           
56689        3.5   +/-    0.3   5.1   5.2          NMIJ1402 CirT.314
56694        3.2   +/-    0.3   5.1   5.2                           
56699        3.4   +/-    0.3   5.1   5.2                           
56704        3.4   +/-    0.3   5.1   5.2                           
56709        3.6   +/-    0.3   5.1   5.2                           
56714        3.8   +/-    0.3   5.1   5.2                           
56719        3.6   +/-    0.3   5.2   5.2          NMIJ1403 CirT.315
56724        3.8   +/-    0.3   5.2   5.2                           
56729        3.8   +/-    0.3   5.2   5.2                           
56734        2.8   +/-    0.3   5.2   5.2                           
56739        1.3   +/-    0.3   5.2   5.2                           
56744        0.8   +/-    0.3   5.2   5.2                           
56749       -4.5   +/-    0.3   5.1   5.2          NMIJ1404 CirT.316
56754       -5.0   +/-    0.3   5.1   5.2                           
56759       -4.5   +/-    0.3   5.1   5.2                           
56764       -2.7   +/-    0.3   5.1   5.2                           
56769       -1.3   +/-    0.3   5.1   5.2                           
56774        0.8   +/-    0.3   5.1   5.2                           
56779        2.3   +/-    0.3   5.2   5.2          NMIJ1405 CirT.317
56784        2.5   +/-    0.3   5.2   5.2                           
56789        3.1   +/-    0.3   5.2   5.2                           
56794        1.7   +/-    0.3   5.2   5.2                           
56799        0.5   +/-    0.3   5.2   5.2                           
56804        0.4   +/-    0.3   5.2   5.2                           
56809       -0.3   +/-    0.3   5.2   5.2          NMIJ1406 CirT.318
56814       -1.6   +/-    0.3   5.2   5.2                           
56819       -2.9   +/-    0.3   5.2   5.2                           
56824       -3.9   +/-    0.3   5.2   5.2                           
56829       -4.7   +/-    0.3   5.2   5.2                           
56834       -5.1   +/-    0.3   5.2   5.2                           
56839       -4.9   +/-    0.3   5.2   5.2          NMIJ1407 CirT.319
56844       -5.0   +/-    0.3   5.2   5.2                           
56849       -5.5   +/-    0.3   5.2   5.2                           
56854       -6.1   +/-    0.3   5.2   5.2                           
56859       -6.2   +/-    0.3   5.2   5.2                           
56864       -6.0   +/-    0.3   5.2   5.2                           
56869       -6.1   +/-    0.3   5.2   5.2                           
56874       -5.2   +/-    0.3   5.2   5.2          NMIJ1408 CirT.320
56879       -5.2   +/-    0.3   5.2   5.2                           
56884       -5.3   +/-    0.3   5.2   5.2                           
56889       -3.9   +/-    0.3   5.2   5.2                           
56894       -3.3   +/-    0.3   5.2   5.2                           
56899       -2.3   +/-    0.3   5.2   5.2                           
56904        0.0   +/-    0.3   5.3   5.3          NMIJ1409 CirT.321
56909        0.9   +/-    0.3   5.3   5.3                           
56914        5.2   +/-    0.3   5.3   5.3                           
56919        4.2   +/-    0.3   5.3   5.3                           
56924        2.4   +/-    0.3   5.3   5.3                           
56929       -1.4   +/-    0.3   5.3   5.3                           
56934       -4.2   +/-    0.3   5.0   5.0          NMIJ1410 CirT.322
56939       -7.4   +/-    0.3   5.0   5.0                           
56944      -10.0   +/-    0.3   5.0   5.0                           
56949      -10.9   +/-    0.3   5.0   5.0                           
56954      -12.7   +/-    0.3   5.0   5.0                           
56959      -15.6   +/-    0.3   5.0   5.0                           
56964      -18.9   +/-    0.4   5.0   5.1          NMIJ1411 CirT.323
56969      -20.5   +/-    0.4   5.0   5.1                           
56974      -21.6   +/-    0.4   5.0   5.1                           
56979      -20.8   +/-    0.4   5.0   5.1                           
56984      -18.8   +/-    0.4   5.0   5.1                           
56989      -17.0   +/-    0.4   5.0   5.1                           
56994      -14.8   +/-    0.4   5.0   5.1          NMIJ1412 CirT.324
56999      -15.2   +/-    0.4   5.0   5.1                           
57004      -16.8   +/-    0.4   5.0   5.1                           
57009      -16.1   +/-    0.4   5.0   5.1                           
57014      -16.7   +/-    0.4   5.0   5.1                           
57019      -13.5   +/-    0.4   5.0   5.1                           
57024       -9.9   +/-    0.4   5.0   5.1          NMIJ1501 CirT.325
57029       -7.8   +/-    0.4   5.0   5.1                           
57034       -6.7   +/-    0.4   5.0   5.1                           
57039       -8.0   +/-    0.4   5.0   5.1                           
57044       -9.7   +/-    0.4   5.0   5.1                           
57049       -9.4   +/-    0.4   5.0   5.1                           
57054       -7.2   +/-    0.3   5.0   5.1          NMIJ1502 CirT.326
57059       -8.4   +/-    0.3   5.0   5.1                           
57064      -10.0   +/-    0.3   5.0   5.1                           
57069      -10.5   +/-    0.3   5.0   5.1                           
57074      -12.4   +/-    0.3   5.0   5.1                           
57079      -14.6   +/-    0.3   5.0   5.1                           
57084      -14.2   +/-    0.3   5.0   5.1          NMIJ1503 CirT.327
57089      -15.4   +/-    0.3   5.0   5.1                           
57094      -18.1   +/-    0.3   5.0   5.1                           
57099      -17.3   +/-    0.3   5.0   5.1                           
57104      -16.0   +/-    0.3   5.0   5.1                           
57109      -13.9   +/-    0.3   5.0   5.1                           
57114      -11.4   +/-    0.3   5.0   5.0          NMIJ1504 CirT.328
57119       -8.4   +/-    0.3   5.0   5.0                           
57124       -5.3   +/-    0.3   5.0   5.0                           
57129       -0.5   +/-    0.3   5.0   5.0                           
57134       -4.2   +/-    0.3   5.0   5.0                           
57139       -8.7   +/-    0.3   5.0   5.0                           
57144      -10.8   +/-    0.3   5.0   5.0          NMIJ1505 CirT.329
57149      -12.2   +/-    0.3   5.0   5.0                           
57154      -11.9   +/-    0.3   5.0   5.0                           
57159       -9.1   +/-    0.3   5.0   5.0                           
57164       -5.0   +/-    0.3   5.0   5.0                           
57169       -2.8   +/-    0.3   5.0   5.0                           
57174       -0.9   +/-    0.3   5.0   5.0          NMIJ1506 CirT.330
57179        1.6   +/-    0.3   5.0   5.0                           
57184        4.1   +/-    0.3   5.0   5.0                           
57189        6.8   +/-    0.3   5.0   5.0                           
57194        7.9   +/-    0.3   5.0   5.0                           
57199        8.3   +/-    0.3   5.0   5.0                           
57204        8.9   +/-    0.3   5.0   5.0          NMIJ1507 CirT.331
57209        9.5   +/-    0.3   5.0   5.0                           
57214        9.4   +/-    0.3   5.0   5.0                           
57219        7.8   +/-    0.3   5.0   5.0                           
57224        6.5   +/-    0.3   5.0   5.0                           
57229        5.6   +/-    0.3   5.0   5.0                           
57234        4.7   +/-    0.3   5.0   5.0                           
57239        3.7   +/-    0.3   5.0   5.0          NMIJ1508 CirT.332
57244        2.9   +/-    0.3   5.0   5.0                           
57249        2.2   +/-    0.3   5.0   5.0                           
57254        2.4   +/-    0.3   5.0   5.0                           
57259        2.8   +/-    0.3   5.0   5.0                           
57264        2.9   +/-    0.3   5.0   5.0                           
57269        3.4   +/-    0.3   1.8   1.8          NMIJ1509 CirT.333
57274        3.3   +/-    0.3   1.8   1.8                           
57279        4.5   +/-    0.3   1.8   1.8                           
57284        4.6   +/-    0.3   1.8   1.8                           
57289        4.7   +/-    0.3   1.8   1.8                           
57294        4.6   +/-    0.3   1.8   1.8                           
57299        5.1   +/-    0.3   1.8   1.9          NMIJ1510 CirT.334
57304        5.0   +/-    0.3   1.8   1.9                           
57309        3.8   +/-    0.3   1.8   1.9                           
57314        2.9   +/-    0.3   1.8   1.9                           
57319        1.9   +/-    0.3   1.8   1.9                           
57324        1.6   +/-    0.3   1.8   1.9                           
57329        3.3   +/-    0.3   1.8   1.8          NMIJ1511 CirT.335
57334        5.6   +/-    0.3   1.8   1.8                           
57339        7.9   +/-    0.3   1.8   1.8                           
57344        9.0   +/-    0.3   1.8   1.8                           
57349       11.2   +/-    0.3   1.8   1.8                           
57354       11.8   +/-    0.3   1.8   1.8                           
57359       12.0   +/-    0.3   1.8   1.8          NMIJ1512 CirT.336
57364       11.1   +/-    0.3   1.8   1.8                           
57369       11.2   +/-    0.3   1.8   1.8                           
57374       10.5   +/-    0.3   1.8   1.8                           
57379        9.9   +/-    0.3   1.8   1.8                           
57384        7.9   +/-    0.3   1.8   1.8                           
57389        6.6   +/-    0.3   2.2   2.2          NMIJ1601 CirT.337
57394        4.6   +/-    0.3   2.2   2.2                           
57399        3.4   +/-    0.3   2.2   2.2                           
57404        3.4   +/-    0.3   2.2   2.2                           
57409        2.8   +/-    0.3   2.2   2.2                           
57414        2.2   +/-    0.3   2.2   2.2                           
57419        2.5   +/-    0.3   2.2   2.3          NMIJ1602 CirT.338
57424        2.3   +/-    0.3   2.2   2.3                           
57429        2.0   +/-    0.3   2.2   2.3                           
57434        2.1   +/-    0.3   2.2   2.3                           
57439        1.7   +/-    0.3   2.2   2.3                           
57444        2.4   +/-    0.3   2.2   2.3                           
57449        3.1   +/-    0.3   2.2   2.3          NMIJ1603 CirT.339
57454        4.3   +/-    0.3   2.2   2.3                           
57459        5.2   +/-    0.3   2.2   2.3                           
57464        8.0   +/-    0.3   2.2   2.3                           
57469       10.1   +/-    0.3   2.2   2.3                           
57474       11.2   +/-    0.3   2.2   2.3                           
57479        9.5   +/-    0.3   2.3   2.3          NMIJ1604 CirT.340
57484        9.1   +/-    0.3   2.3   2.3                           
57489        7.5   +/-    0.3   2.3   2.3                           
57494       20.1   +/-    0.3   2.3   2.3                           
57499       19.3   +/-    0.3   2.3   2.3                           
57504       16.2   +/-    0.3   2.3   2.3                           
57509       11.7   +/-    0.3   2.2   2.3          NMIJ1605 CirT.341
57514        7.9   +/-    0.3   2.2   2.3                           
57519        3.8   +/-    0.3   2.2   2.3                           
57524        0.8   +/-    0.3   2.2   2.3                           
57529       -2.6   +/-    0.3   2.2   2.3                           
57534       -5.0   +/-    0.3   2.2   2.3                           
57539       -6.9   +/-    0.3   2.2   2.3                           
57544       -7.5   +/-    0.3   2.4   2.4          NMIJ1606 CirT.342
57549       -7.3   +/-    0.3   2.4   2.4                           
57554       -5.8   +/-    0.3   2.4   2.4                           
57559       -3.4   +/-    0.3   2.4   2.4                           
57564       -1.2   +/-    0.3   2.4   2.4                           
57569        1.4   +/-    0.3   2.4   2.4                           
57574        5.1   +/-    0.3   2.4   2.5          NMIJ1607 CirT.343
57579        6.9   +/-    0.3   2.4   2.5                           
57584        8.0   +/-    0.3   2.4   2.5                           
57589        9.5   +/-    0.3   2.4   2.5                           
57594        9.3   +/-    0.3   2.4   2.5                           
57599        8.2   +/-    0.3   2.4   2.5                           
57604        7.7   +/-    0.3   2.4   2.4          NMIJ1608 CirT.344
57609        7.7   +/-    0.3   2.4   2.4                           
57614        6.5   +/-    0.3   2.4   2.4                           
57619        5.0   +/-    0.3   2.4   2.4                           
57624        3.0   +/-    0.3   2.4   2.4                           
57629        1.6   +/-    0.3   2.4   2.4                           
57634        0.5   +/-    0.3   2.2   2.2          NMIJ1609 CirT.345
57639       -0.5   +/-    0.3   2.2   2.2                           
57644       -1.5   +/-    0.3   2.2   2.2                           
57649       -2.1   +/-    0.3   2.2   2.2                           
57654       -2.4   +/-    0.3   2.2   2.2                           
57659       -2.9   +/-    0.3   2.2   2.2                           
57664       -2.5   +/-    0.3   2.2   2.2          NMIJ1610 CirT.346
57669       -2.6   +/-    0.3   2.2   2.2                           
57674       -3.0   +/-    0.3   2.2   2.2                           
57679       -2.8   +/-    0.3   2.2   2.2                           
57684       -3.1   +/-    0.3   2.2   2.2                           
57689       -3.3   +/-    0.3   2.2   2.2                           
57694       -3.2   +/-    0.4   2.2   2.2          NMIJ1611 CirT.347
57699       -0.8   +/-    0.4   2.2   2.2                           
57704        2.1   +/-    0.4   2.2   2.2                           
57709        4.8   +/-    0.4   2.2   2.2                           
57714        5.0   +/-    0.4   2.2   2.2                           
57719        5.0   +/-    0.4   2.2   2.2                           
57724        6.0   +/-    0.3   2.2   2.2          NMIJ1612 CirT.348
57729        5.8   +/-    0.3   2.2   2.2                           
57734        5.4   +/-    0.3   2.2   2.2                           
57739        4.3   +/-    0.3   2.2   2.2                           
57744        5.0   +/-    0.3   2.2   2.2                           
57749        4.4   +/-    0.3   2.2   2.2                           
57754        4.2   +/-    0.3   2.2   2.2          NMIJ1701 CirT.349
57759        3.8   +/-    0.3   2.2   2.2                           
57764        3.0   +/-    0.3   2.2   2.2                           
57769        3.2   +/-    0.3   2.2   2.2                           
57774        3.3   +/-    0.3   2.2   2.2                           
57779        4.0   +/-    0.3   2.2   2.2                           
57784        4.6   +/-    0.3   2.2   2.2                           
57789        4.1   +/-    0.3   2.1   2.2          NMIJ1702 CirT.350
57794        4.4   +/-    0.3   2.1   2.2                           
57799        5.7   +/-    0.3   2.1   2.2                           
57804        6.6   +/-    0.3   2.1   2.2                           
57809        5.8   +/-    0.3   2.1   2.2                           
57814        5.2   +/-    0.3   2.1   2.2          NMIJ1703 CirT.351
57819        4.9   +/-    0.3   2.1   2.2                           
57824        4.6   +/-    0.3   2.1   2.2                           
57829        3.8   +/-    0.3   2.1   2.2                           
57834        4.0   +/-    0.3   2.1   2.2                           
57839        3.8   +/-    0.3   2.1   2.2                           
57844        3.6   +/-    0.3   2.7   2.7          NMIJ1704 CirT.352
57849        3.9   +/-    0.3   2.7   2.7                           
57854        4.6   +/-    0.3   2.7   2.7                           
57859        4.8   +/-    0.3   2.7   2.7                           
57864        4.4   +/-    0.3   2.7   2.7                           
57869        3.6   +/-    0.3   2.7   2.7                           
57874        1.9   +/-    0.4   2.7   2.8          NMIJ1705 CirT.353
57879        1.1   +/-    0.4   2.7   2.8                           
57884       -0.2   +/-    0.4   2.7   2.8                           
57889       -1.6   +/-    0.4   2.7   2.8                           
57894       -1.9   +/-    0.4   2.7   2.8                           
57899       -2.7   +/-    0.4   2.7   2.8                           
57904       -3.3   +/-    0.4   2.7   2.8                           
57909       -2.7   +/-    0.4   2.7   2.8          NMIJ1706 CirT.354
57914       -1.5   +/-    0.4   2.7   2.8                           
57919       -0.7   +/-    0.4   2.7   2.8                           
57924        0.1   +/-    0.4   2.7   2.8                           
57929        1.5   +/-    0.4   2.7   2.8                           
57934        3.0   +/-    0.4   2.7   2.8                           
57939        3.7   +/-    0.4   2.7   2.8          NMIJ1707 CirT.355
57944        5.2   +/-    0.4   2.7   2.8                           
57949        6.7   +/-    0.4   2.7   2.8                           
57954        7.2   +/-    0.4   2.7   2.8                           
57959        7.8   +/-    0.4   2.7   2.8                           
57964        8.5   +/-    0.4   2.7   2.8                           
57969        9.9   +/-    0.4   2.8   2.9          NMIJ1708 CirT.356
57974        9.6   +/-    0.4   2.8   2.9                           
57979       10.0   +/-    0.4   2.8   2.9                           
57984       10.2   +/-    0.4   2.8   2.9                           
57989        9.5   +/-    0.4   2.8   2.9                           
57994        8.8   +/-    0.4   2.8   2.9                           
57999        8.1   +/-    0.4   2.8   2.8          NMIJ1709 CirT.357
58004        6.7   +/-    0.4   2.8   2.8                           
58009        5.8   +/-    0.4   2.8   2.8                           
58014        5.3   +/-    0.4   2.8   2.8                           
58019        4.1   +/-    0.4   2.8   2.8                           
58024        3.0   +/-    0.4   2.8   2.8                           
58029        2.9   +/-    0.4   2.8   2.8          NMIJ1710 CirT.358
58034        3.3   +/-    0.4   2.8   2.8                           
58039        3.5   +/-    0.4   2.8   2.8                           
58044        3.6   +/-    0.4   2.8   2.8                           
58049        3.4   +/-    0.4   2.8   2.8                           
58054        3.5   +/-    0.4   2.8   2.8                           
58059        3.0   +/-    0.4   2.8   2.8          NMIJ1711 CirT.359
58064        2.2   +/-    0.4   2.8   2.8                           
58069       -0.7   +/-    0.4   2.8   2.8                           
58074       -1.3   +/-    0.4   2.8   2.8                           
58079       -1.8   +/-    0.4   2.8   2.8                           
58084       -1.7   +/-    0.4   2.8   2.8                           
58089       -0.9   +/-    0.4   3.1   3.1          NMIJ1712 CirT.360
58094       -1.0   +/-    0.4   3.1   3.1                           
58099       -0.8   +/-    0.4   3.1   3.1                           
58104       -1.6   +/-    0.4   3.1   3.1                           
58109       -1.7   +/-    0.4   3.1   3.1                           
58114       -1.1   +/-    0.4   3.1   3.1                           
58119       -1.2   +/-    0.4   3.1   3.1          NMIJ1801 CirT.361
58124       -1.3   +/-    0.4   3.1   3.1                           
58129       -1.6   +/-    0.4   3.1   3.1                           
58134       -1.0   +/-    0.4   3.1   3.1                           
58139       -0.3   +/-    0.4   3.1   3.1                           
58144        0.2   +/-    0.4   3.1   3.1                           
58149        1.8   +/-    0.4   3.1   3.1                           
58154        4.0   +/-    0.4   3.1   3.1          NMIJ1802 CirT.362
58159        5.2   +/-    0.4   3.1   3.1                           
58164        6.9   +/-    0.4   3.1   3.1                           
58169        8.9   +/-    0.4   3.1   3.1                           
58174       10.3   +/-    0.4   3.1   3.1                           
58179       11.3   +/-    0.4   3.2   3.2          NMIJ1803 CirT.363
58184       10.8   +/-    0.4   3.2   3.2                           
58189       10.6   +/-    0.4   3.2   3.2                           
58194       11.8   +/-    0.4   3.2   3.2                           
58199       11.9   +/-    0.4   3.2   3.2                           
58204       11.4   +/-    0.4   3.2   3.2                           
58209       11.8   +/-    0.4   3.2   3.2          NMIJ1804 CirT.364
58214       11.7   +/-    0.4   3.2   3.2                           
58219       11.7   +/-    0.4   3.2   3.2                           
58224       11.2   +/-    0.4   3.2   3.2                           
58229       12.9   +/-    0.4   3.2   3.2                           
58234       13.2   +/-    0.4   3.2   3.2                           
58239       12.5   +/-    0.4   3.2   3.2          NMIJ1805 CirT.365
58244       12.1   +/-    0.4   3.2   3.2                           
58249       12.1   +/-    0.4   3.2   3.2                           
58254       10.9   +/-    0.4   3.2   3.2                           
58259        9.6   +/-    0.4   3.2   3.2                           
58264        8.0   +/-    0.4   3.2   3.2                           
58269        6.7   +/-    0.4   3.2   3.2                           
58274        6.8   +/-    0.4   3.3   3.3          NMIJ1806 CirT.366
58279        4.9   +/-    0.4   3.3   3.3                           
58284        2.7   +/-    0.4   3.3   3.3                           
58289        1.0   +/-    0.4   3.3   3.3                           
58294       -0.7   +/-    0.4   3.3   3.3                           
58299       -1.6   +/-    0.4   3.3   3.3                           
58304       -2.2   +/-    0.4   3.3   3.3          NMIJ1807 CirT.367
58309       -1.0   +/-    0.4   3.3   3.3                           
58314        0.5   +/-    0.4   3.3   3.3                           
58319        2.2   +/-    0.4   3.3   3.3                           
58324        3.5   +/-    0.4   3.3   3.3                           
58329        5.1   +/-    0.4   3.3   3.3                           
58334        7.1   +/-    0.4   3.3   3.3          NMIJ1808 CirT.368
58339        8.1   +/-    0.4   3.3   3.3                           
58344        9.7   +/-    0.4   3.3   3.3                           
58349        9.3   +/-    0.4   3.3   3.3                           
58354        9.6   +/-    0.4   3.3   3.3                           
58359       10.0   +/-    0.4   3.3   3.3                           
58364        9.3   +/-    0.4   3.4   3.4          NMIJ1809 CirT.369
58369        8.6   +/-    0.4   3.4   3.4                           
58374        8.4   +/-    0.4   3.4   3.4                           
58379        7.9   +/-    0.4   3.4   3.4                           
58384        7.5   +/-    0.4   3.4   3.4                           
58389        6.1   +/-    0.4   3.4   3.4                           
58394        5.7   +/-    0.4   3.3   3.4          NMIJ1810 CirT.370
58399        5.0   +/-    0.4   3.3   3.4                           
58404        4.6   +/-    0.4   3.3   3.4                           
58409        3.8   +/-    0.4   3.3   3.4                           
58414        4.0   +/-    0.4   3.3   3.4                           
58419        3.5   +/-    0.4   3.3   3.4                           
58424        3.2   +/-    0.4   3.4   3.4          NMIJ1811 CirT.371
58429        3.0   +/-    0.4   3.4   3.4                           
58434        3.7   +/-    0.4   3.4   3.4                           
58439        4.5   +/-    0.4   3.4   3.4                           
58444        4.9   +/-    0.4   3.4   3.4                           
58449        5.0   +/-    0.4   3.4   3.4                           
58454        4.7   +/-    0.4   3.3   3.4          NMIJ1812 CirT.372
58459        4.6   +/-    0.4   3.3   3.4                           
58464        4.6   +/-    0.4   3.3   3.4                           
58469        4.5   +/-    0.4   3.3   3.4                           
58474        3.2   +/-    0.4   3.3   3.4                           
58479        2.6   +/-    0.4   3.3   3.4                           
58484        2.6   +/-    0.4   3.4   3.4          NMIJ1901 CirT.373
58489        2.9   +/-    0.4   3.4   3.4                           
58494        3.1   +/-    0.4   3.4   3.4                           
58499        3.7   +/-    0.4   3.4   3.4                           
58504        3.4   +/-    0.4   3.4   3.4                           
58509        3.3   +/-    0.4   3.4   3.4                           
58514        3.3   +/-    0.4   3.4   3.4                           
58519        2.2   +/-    0.4   3.4   3.4          NMIJ1902 CirT.374
58524        0.9   +/-    0.4   3.4   3.4                           
58529        0.6   +/-    0.4   3.4   3.4                           
58534        0.1   +/-    0.4   3.4   3.4                           
58539       -0.1   +/-    0.4   3.4   3.4                           
58544       -0.5   +/-    0.4   3.4   3.4          NMIJ1903 CirT.375
58549       -0.4   +/-    0.4   3.4   3.4                           
58554        0.0   +/-    0.4   3.4   3.4                           
58559       -0.2   +/-    0.4   3.4   3.4                           
58564       -1.3   +/-    0.4   3.4   3.4                           
58569       -1.8   +/-    0.4   3.4   3.4                           
58574       -3.1   +/-    0.4   3.3   3.3          NMIJ1904 CirT.376
58579       -3.2   +/-    0.4   3.3   3.3                           
58584       -2.7   +/-    0.4   3.3   3.3                           
58589       -0.7   +/-    0.4   3.3   3.3                           
58594        1.0   +/-    0.4   3.3   3.3                           
58599        2.7   +/-    0.4   3.3   3.3                           
58604        5.1   +/-    0.3   3.4   3.4          NMIJ1905 CirT.377
58609        5.7   +/-    0.3   3.4   3.4                           
58614        6.0   +/-    0.3   3.4   3.4                           
58619        6.4   +/-    0.3   3.4   3.4                           
58624        7.1   +/-    0.3   3.4   3.4                           
58629        7.9   +/-    0.3   3.4   3.4                           
58634        7.9   +/-    0.3   3.4   3.4                           
58639        7.4   +/-    0.3   3.4   3.4          NMIJ1906 CirT.378
58644        7.6   +/-    0.3   3.4   3.4                           
58649        5.4   +/-    0.3   3.4   3.4                           
58654        1.9   +/-    0.3   3.4   3.4                           
58659       -1.3   +/-    0.3   3.4   3.4                           
58664       -4.3   +/-    0.3   3.4   3.4                           
58669       -6.8   +/-    0.3   3.4   3.4          NMIJ1907 CirT.379
58674       -8.4   +/-    0.3   3.4   3.4                           
58679       -9.6   +/-    0.3   3.4   3.4                           
58684       -9.9   +/-    0.3   3.4   3.4                           
58689       -9.6   +/-    0.3   3.4   3.4                           
58694      -10.0   +/-    0.3   3.4   3.4                           
58699       -7.5   +/-    0.3   3.5   3.5          NMIJ1908 CirT.380
58704       -5.5   +/-    0.3   3.5   3.5                           
58709       -4.0   +/-    0.3   3.5   3.5                           
58714       -2.5   +/-    0.3   3.5   3.5                           
58719       -0.6   +/-    0.3   3.5   3.5                           
58724        1.8   +/-    0.3   3.5   3.5                           
58729        3.8   +/-    0.3   3.5   3.5          NMIJ1909 CirT.381
58734        5.8   +/-    0.3   3.5   3.5                           
58739        5.6   +/-    0.3   3.5   3.5                           
58744        3.9   +/-    0.3   3.5   3.5                           
58749        2.8   +/-    0.3   3.5   3.5                           
58754        1.4   +/-    0.3   3.5   3.5                           
58759        0.9   +/-    0.3   3.5   3.5          NMIJ1910 CirT.382
58764        0.4   +/-    0.3   3.5   3.5                           
58769        0.4   +/-    0.3   3.5   3.5                           
58774        0.8   +/-    0.3   3.5   3.5                           
58779        1.0   +/-    0.3   3.5   3.5                           
58784        1.0   +/-    0.3   3.5   3.5                           
58789        0.8   +/-    0.3   3.6   3.6          NMIJ1911 CirT.383
58794        1.7   +/-    0.3   3.6   3.6                           
58799        0.6   +/-    0.3   3.6   3.6                           
58804        1.0   +/-    0.3   3.6   3.6                           
58809        1.3   +/-    0.3   3.6   3.6                           
58814        2.2   +/-    0.3   3.6   3.6                           
58819        2.9   +/-    0.3   3.6   3.6          NMIJ1912 CirT.384
58824        3.2   +/-    0.3   3.6   3.6                           
58829        3.8   +/-    0.3   3.6   3.6                           
58834        3.5   +/-    0.3   3.6   3.6                           
58839        2.7   +/-    0.3   3.6   3.6                           
58844        1.9   +/-    0.3   3.6   3.6                           
58849        1.2   +/-    0.3   3.7   3.7          NMIJ2001 CirT.385
58854        0.3   +/-    0.3   3.7   3.7                           
58859       -0.3   +/-    0.3   3.7   3.7                           
58864       -0.1   +/-    0.3   3.7   3.7                           
58869       -1.1   +/-    0.3   3.7   3.7                           
58874       -0.2   +/-    0.3   3.7   3.7                           
58879        0.6   +/-    0.3   3.7   3.7                           
58884        1.7   +/-    0.3   3.7   3.7          NMIJ2002 CirT.386
58889        2.1   +/-    0.3   3.7   3.7                           
58894        3.1   +/-    0.3   3.7   3.7                           
58899       -7.7   +/-    0.3   3.7   3.7                           
58904       -5.7   +/-    0.3   3.7   3.7                           
58909       -2.2   +/-    0.3   3.7   3.7          NMIJ2003 CirT.387
58914        0.3   +/-    0.3   3.7   3.7                           
58919        1.9   +/-    0.3   3.7   3.7                           
58924        1.4   +/-    0.3   3.7   3.7                           
58929        1.0   +/-    0.3   3.7   3.7                           
58934        1.2   +/-    0.3   3.7   3.7                           
58939        2.6   +/-    0.3   3.7   3.7                           
58944        2.8   +/-    0.3   3.7   3.7          NMIJ2004 CirT.388
58949        3.1   +/-    0.3   3.7   3.7                           
58954        2.8   +/-    0.3   3.7   3.7                           
58959        3.0   +/-    0.3   3.7   3.7                           
58964        2.2   +/-    0.3   3.7   3.7                           
58969        2.7   +/-    0.3   3.7   3.7                           
58974        3.5   +/-    0.3   3.8   3.8          NMIJ2005 CirT.389
58979        4.2   +/-    0.3   3.8   3.8                           
58984        4.1   +/-    0.3   3.8   3.8                           
58989        4.3   +/-    0.3   3.8   3.8                           
58994        2.0   +/-    0.3   3.8   3.8                           
58999       -1.3   +/-    0.3   3.8   3.8                           
59004       -4.1   +/-    0.3   3.8   3.9          NMIJ2006 CirT.390
59009       -4.4   +/-    0.3   3.8   3.9                           
59014       -5.2   +/-    0.3   3.8   3.9                           
59019       -5.7   +/-    0.3   3.8   3.9                           
59024       -2.6   +/-    0.3   3.8   3.9                           
59029       -0.7   +/-    0.3   3.8   3.9                           
59034        1.0   +/-    0.3   3.2   3.2          NMIJ2007 CirT.391
59039        3.2   +/-    0.3   3.2   3.2                           
59044        6.1   +/-    0.3   3.2   3.2                           
59049        8.6   +/-    0.3   3.2   3.2                           
59054       11.3   +/-    0.3   3.2   3.2                           
59059       13.5   +/-    0.3   3.2   3.2                           
59064       15.3   +/-    0.3   3.2   3.2          NMIJ2008 CirT.392
59069       18.0   +/-    0.3   3.2   3.2                           
59074       19.7   +/-    0.3   3.2   3.2                           
59079       20.2   +/-    0.3   3.2   3.2                           
59084       18.7   +/-    0.3   3.2   3.2                           
59089       16.3   +/-    0.3   3.2   3.2                           
59094       15.8   +/-    0.3   3.2   3.2          NMIJ2009 CirT.393
59099       14.5   +/-    0.3   3.2   3.2                           
59104       13.9   +/-    0.3   3.2   3.2                           
59109        9.6   +/-    0.3   3.2   3.2                           
59114        8.8   +/-    0.3   3.2   3.2                           
59119        8.7   +/-    0.3   3.2   3.2                           
59124        7.4   +/-    0.3   3.2   3.2          NMIJ2010 CirT.394
59129        4.9   +/-    0.3   3.2   3.2                           
59134        2.4   +/-    0.3   3.2   3.2                           
59139        1.7   +/-    0.3   3.2   3.2                           
59144        2.9   +/-    0.3   3.2   3.2                           
59149        3.0   +/-    0.3   3.2   3.2                           
59154        3.6   +/-    0.3   3.3   3.3          NMIJ2011 CirT.395
59159        2.2   +/-    0.3   3.3   3.3                           
59164        3.5   +/-    0.3   3.3   3.3                           
59169        6.7   +/-    0.3   3.3   3.3                           
59174        8.5   +/-    0.3   3.3   3.3                           
59179        8.7   +/-    0.3   3.3   3.3                           
59184        6.0   +/-    0.3   3.2   3.3          NMIJ2012 CirT.396
59189        5.1   +/-    0.3   3.2   3.3                           
59194        3.3   +/-    0.3   3.2   3.3                           
59199        0.8   +/-    0.3   3.2   3.3                           
59204       -1.6   +/-    0.3   3.2   3.3                           
59209       -3.1   +/-    0.3   3.2   3.3                           
59214       -4.1   +/-    0.3   3.2   3.3                           
59219       -3.0   +/-    0.3   3.3   3.3          NMIJ2101 CirT.397
59224       -3.2   +/-    0.3   3.3   3.3                           
59229       -1.9   +/-    0.3   3.3   3.3                           
59234       -1.6   +/-    0.3   3.3   3.3                           
59239        1.0   +/-    0.3   3.3   3.3                           
59244        2.2   +/-    0.3   3.3   3.3                           
59249        3.2   +/-    0.3   3.3   3.3          NMIJ2102 CirT.398
59254        3.5   +/-    0.3   3.3   3.3                           
59259        5.0   +/-    0.3   3.3   3.3                           
59264        3.7   +/-    0.3   3.3   3.3                           
59269        2.7   +/-    0.3   3.3   3.3                           
59274        1.7   +/-    0.3   3.3   3.3          NMIJ2103 CirT.399
59279        0.3   +/-    0.3   3.3   3.3                           
59284       -0.9   +/-    0.3   3.3   3.3                           
59289       -0.6   +/-    0.3   3.3   3.3                           
59294       -0.8   +/-    0.3   3.3   3.3                           
59299       -0.6   +/-    0.3   3.3   3.3                           
59304       -0.8   +/-    0.3   3.3   3.3                           
59309       -0.7   +/-    0.3   3.3   3.3          NMIJ2104 CirT.400
59314        0.7   +/-    0.3   3.3   3.3                           
59319        1.9   +/-    0.3   3.3   3.3                           
59324        0.7   +/-    0.3   3.3   3.3                           
59329       -0.9   +/-    0.3   3.3   3.3                           
59334       -2.2   +/-    0.3   3.3   3.3                           
59339       -4.4   +/-    0.3   3.4   3.4          NMIJ2105 CirT.401
59344       -5.0   +/-    0.3   3.4   3.4                           
59349       -4.2   +/-    0.3   3.4   3.4                           
59354       -4.1   +/-    0.3   3.4   3.4                           
59359       -3.9   +/-    0.3   3.4   3.4                           
59364       -3.2   +/-    0.3   3.4   3.4                           
59369       -1.4   +/-    0.3   3.4   3.4          NMIJ2106 CirT.402
59374        0.2   +/-    0.3   3.4   3.4                           
59379        3.1   +/-    0.3   3.4   3.4                           
59384        4.8   +/-    0.3   3.4   3.4                           
59389        3.2   +/-    0.3   3.4   3.4                           
59394        3.5   +/-    0.3   3.4   3.4                           
59399        2.6   +/-    0.3   3.4   3.4          NMIJ2107 CirT.403
59404        2.0   +/-    0.3   3.4   3.4                           
59409        0.6   +/-    0.3   3.4   3.4                           
59414        0.3   +/-    0.3   3.4   3.4                           
59419       -1.2   +/-    0.3   3.4   3.4                           
59424       -3.0   +/-    0.3   3.4   3.4                           
59429       -4.7   +/-    0.3   3.4   3.4          NMIJ2108 CirT.404
59434       -6.4   +/-    0.3   3.4   3.4                           
59439       -7.1   +/-    0.3   3.4   3.4                           
59444       -3.2   +/-    0.3   3.4   3.4                           
59449        1.4   +/-    0.3   3.4   3.4                           
59454        5.4   +/-    0.3   3.4   3.4                           
59459        9.8   +/-    0.3   3.4   3.4          NMIJ2109 CirT.405
59464       13.4   +/-    0.3   3.4   3.4                           
59469       16.3   +/-    0.3   3.4   3.4                           
59474       18.6   +/-    0.3   3.4   3.4                           
59479       19.0   +/-    0.3   3.4   3.4                           
59484       20.4   +/-    0.3   3.4   3.4                           
59489       19.2   +/-    0.3   3.5   3.5          NMIJ2110 CirT.406
59494       16.4   +/-    0.3   3.5   3.5                           
59499       14.4   +/-    0.3   3.5   3.5                           
59504       11.2   +/-    0.3   3.5   3.5                           
59509        8.3   +/-    0.3   3.5   3.5                           
59514        5.8   +/-    0.3   3.5   3.5                           
59519        2.0   +/-    0.3   3.5   3.5          NMIJ2111 CirT.407
59524       -0.8   +/-    0.3   3.5   3.5                           
59529       -5.2   +/-    0.3   3.5   3.5                           
59534       -6.4   +/-    0.3   3.5   3.5                           
59539       -8.0   +/-    0.3   3.5   3.5                           
59544       -8.9   +/-    0.3   3.5   3.5                           
59549       -7.6   +/-    0.3   3.5   3.5          NMIJ2112 CirT.408
59554       -5.6   +/-    0.3   3.5   3.5                           
59559       -2.6   +/-    0.3   3.5   3.5                           
59564       -1.2   +/-    0.3   3.5   3.5                           
59569       -0.9   +/-    0.3   3.5   3.5                           
59574       -3.1   +/-    0.3   3.5   3.5                           
59579       -4.3   +/-    0.3   3.5   3.5                           
59584       -4.5   +/-    0.3   3.4   3.4          NMIJ2201 CirT.409
59589       -3.9   +/-    0.3   3.4   3.4                           
59594       -2.0   +/-    0.3   3.4   3.4                           
59599        2.2   +/-    0.3   3.4   3.4                           
59604        3.1   +/-    0.3   3.4   3.4                           
59609        2.7   +/-    0.3   3.4   3.4                           
59614       -1.2   +/-    0.3   3.4   3.4          NMIJ2202 CirT.410
59619       -3.6   +/-    0.3   3.4   3.4                           
59624       -5.3   +/-    0.3   3.4   3.4                           
59629       -6.1   +/-    0.3   3.4   3.4                           
59634       -6.7   +/-    0.3   3.4   3.4                           
59639       -8.4   +/-    0.3   3.4   3.4          NMIJ2203 CirT.411
59644      -10.6   +/-    0.3   3.4   3.4                           
59649      -10.6   +/-    0.3   3.4   3.4                           
59654      -11.5   +/-    0.3   3.4   3.4                           
59659      -12.5   +/-    0.3   3.4   3.4                           
59664      -13.0   +/-    0.3   3.4   3.4                           
59669      -14.2   +/-    0.3   3.4   3.4                           
59674      -12.2   +/-    0.3   3.5   3.5          NMIJ2204 CirT.412
59679      -11.8   +/-    0.3   3.5   3.5                           
59684      -11.5   +/-    0.3   3.5   3.5                           
59689      -10.6   +/-    0.3   3.5   3.5                           
59694       -9.6   +/-    0.3   3.5   3.5                           
59699      -10.0   +/-    0.3   3.5   3.5                           
59704       -8.3   +/-    0.3   3.6   3.6          NMIJ2205 CirT.413
59709       -5.8   +/-    0.3   3.6   3.6                           
59714       -3.3   +/-    0.3   3.6   3.6                           
59719       -1.3   +/-    0.3   3.6   3.6                           
59724       -0.9   +/-    0.3   3.6   3.6                           
59729       -2.0   +/-    0.3   3.6   3.6                           
59734       -2.0   +/-    0.3   3.5   3.5          NMIJ2206 CirT.414
59739       -2.4   +/-    0.3   3.5   3.5                           
59744       -1.4   +/-    0.3   3.5   3.5                           
59749       -1.2   +/-    0.3   3.5   3.5                           
59754        0.2   +/-    0.3   3.5   3.5                           
59759       -2.0   +/-    0.3   3.5   3.5                           
59764       -4.2   +/-    0.3   3.5   3.5          NMIJ2207 CirT.415
59769       -3.2   +/-    0.3   3.5   3.5                           
59774       -2.9   +/-    0.3   3.5   3.5                           
59779       -2.0   +/-    0.3   3.5   3.5                           
59784       -2.7   +/-    0.3   3.5   3.5                           
59789       -2.7   +/-    0.3   3.5   3.5                           
59794       -4.4   +/-    0.3   3.5   3.5          NMIJ2208 CirT.416
59799       -5.9   +/-    0.3   3.5   3.5                           
59804       -6.0   +/-    0.3   3.5   3.5                           
59809       -4.8   +/-    0.3   3.5   3.5                           
59814       -3.4   +/-    0.3   3.5   3.5                           
59819       -3.8   +/-    0.3   3.5   3.5                           
59824       -3.4   +/-    0.3   3.5   3.5          NMIJ2209 CirT.417
59829       -2.4   +/-    0.3   3.5   3.5                           
59834       -1.9   +/-    0.3   3.5   3.5                           
59839       -0.8   +/-    0.3   3.5   3.5                           
59844        0.5   +/-    0.3   3.5   3.5                           
59849        1.2   +/-    0.3   3.5   3.5                           
59854        4.3   +/-    0.3   3.6   3.6          NMIJ2210 CirT.418
59859        2.9   +/-    0.3   3.6   3.6                           
59864        1.6   +/-    0.3   3.6   3.6                           
59869        1.3   +/-    0.3   3.6   3.6                           
59874        0.7   +/-    0.3   3.6   3.6                           
59879        0.4   +/-    0.3   3.6   3.6                           
59884        0.7   +/-    0.3   3.6   3.7          NMIJ2211 CirT.419
59889        0.3   +/-    0.3   3.6   3.7                           
59894        1.2   +/-    0.3   3.6   3.7                           
59899        1.2   +/-    0.3   3.6   3.7                           
59904        1.8   +/-    0.3   3.6   3.7                           
59909        3.1   +/-    0.3   3.6   3.7                           
59914       -7.9   +/-    0.7   2.7   2.8          NMIJ2212 CirT.420
59919       -8.1   +/-    0.7   2.7   2.8                           
59924       -4.3   +/-    0.7   2.7   2.8                           
59929        3.7   +/-    0.7   2.7   2.8                           
59934       26.7   +/-    0.7   2.7   2.8                           
59939       37.9   +/-    0.7   2.7   2.8                           
59944       41.5   +/-    0.7   2.7   2.8                           
59949       43.3   +/-    0.3   2.8   2.9          NMIJ2301 CirT.421
59954       46.1   +/-    0.3   2.8   2.9                           
59959       48.9   +/-    0.3   2.8   2.9                           
59964       50.6   +/-    0.3   2.8   2.9                           
59969       51.9   +/-    0.3   2.8   2.9                           
59974       51.1   +/-    0.3   2.8   2.9                           
59979       48.7   +/-    0.3   2.8   2.9          NMIJ2302 CirT.422
59984       45.9   +/-    0.3   2.8   2.9                           
59989       43.6   +/-    0.3   2.8   2.9                           
59994       41.4   +/-    0.3   2.8   2.9                           
59999       39.6   +/-    0.3   2.8   2.9                           
60004       38.6   +/-    0.7   2.8   2.9          NMIJ2303 CirT.423
60009       37.3   +/-    0.7   2.8   2.9                           
60014       36.7   +/-    0.7   2.8   2.9                           
60019       35.7   +/-    0.7   2.8   2.9                           
60024       35.5   +/-    0.7   2.8   2.9                           
60029       33.0   +/-    0.7   2.8   2.9                           
60034       32.4   +/-    0.7   2.8   2.9                           
60039       30.9   +/-    0.4   2.8   2.8          NMIJ2304 CirT.424
60044       30.1   +/-    0.4   2.8   2.8                           
60049       29.4   +/-    0.4   2.8   2.8                           
60054       28.9   +/-    0.4   2.8   2.8                           
60059       28.2   +/-    0.4   2.8   2.8                           
60064       27.7   +/-    0.4   2.8   2.8                           
60069       27.7   +/-    0.3   2.7   2.8          NMIJ2305 CirT.425
60074       27.1   +/-    0.3   2.7   2.8                           
60079       25.9   +/-    0.3   2.7   2.8                           
60084       24.7   +/-    0.3   2.7   2.8                           
60089       23.6   +/-    0.3   2.7   2.8                           
60094       22.6   +/-    0.3   2.7   2.8                           
60099       21.8   +/-    0.3   2.7   2.8          NMIJ2306 CirT.426
60104       21.4   +/-    0.3   2.7   2.8                           
60109       20.9   +/-    0.3   2.7   2.8                           
60114       20.8   +/-    0.3   2.7   2.8                           
60119       21.3   +/-    0.3   2.7   2.8                           
60124       21.4   +/-    0.3   2.7   2.8                           
60129       18.0   +/-    0.3   2.7   2.8          NMIJ2307 CirT.427
60134       14.2   +/-    0.3   2.7   2.8                           
60139       10.6   +/-    0.3   2.7   2.8                           
60144        7.1   +/-    0.3   2.7   2.8                           
60149        4.0   +/-    0.3   2.7   2.8                           
60154        1.6   +/-    0.3   2.7   2.8                           
60159        5.2   +/-    0.3   2.8   2.9          NMIJ2308 CirT.428
60164        8.7   +/-    0.3   2.8   2.9                           
60169       10.2   +/-    0.3   2.8   2.9                           
60174        9.7   +/-    0.3   2.8   2.9                           
60179        9.8   +/-    0.3   2.8   2.9                           
60184        9.7   +/-    0.3   2.8   2.9                           
60189        9.0   +/-    0.3   2.9   2.9          NMIJ2309 CirT.429
60194        7.4   +/-    0.3   2.9   2.9                           
60199        5.3   +/-    0.3   2.9   2.9                           
60204        3.6   +/-    0.3   2.9   2.9                           
60209        2.8   +/-    0.3   2.9   2.9                           
60214        5.8   +/-    0.3   2.9   2.9                           
60219        7.6   +/-    0.3   2.9   2.9          NMIJ2310 CirT.430
60224        8.6   +/-    0.3   2.9   2.9                           
60229       10.0   +/-    0.3   2.9   2.9                           
60234       10.0   +/-    0.3   2.9   2.9                           
60239        9.4   +/-    0.3   2.9   2.9                           
60244        8.8   +/-    0.3   2.9   2.9                           
60249        8.4   +/-    0.3   2.9   2.9          NMIJ2311 CirT.431
60254        8.1   +/-    0.3   2.9   2.9                           
60259        7.9   +/-    0.3   2.9   2.9                           
60264        7.6   +/-    0.3   2.9   2.9                           
60269        7.3   +/-    0.3   2.9   2.9                           
60274        6.4   +/-    0.3   2.9   2.9                           
60279        6.6   +/-    0.3   2.9   2.9          NMIJ2312 CirT.432
60284        6.8   +/-    0.3   2.9   2.9                           
60289        6.0   +/-    0.3   2.9   2.9                           
60294        4.8   +/-    0.3   2.9   2.9                           
60299        3.5   +/-    0.3   2.9   2.9                           
60304        2.0   +/-    0.3   2.9   2.9                           
60309        0.7   +/-    0.3   2.9   2.9                           
60314       -0.2   +/-    0.3   2.9   2.9          NMIJ2401 CirT.433
60319       -0.6   +/-    0.3   2.9   2.9                           
60324       -1.7   +/-    0.3   2.9   2.9                           
60329       -2.6   +/-    0.3   2.9   2.9                           
60334       -2.9   +/-    0.3   2.9   2.9                           
60339       -3.6   +/-    0.3   2.9   2.9                           
60344       -3.7   +/-    0.3   3.0   3.0          NMIJ2402 CirT.434
60349       -3.9   +/-    0.3   3.0   3.0                           
60354       -4.1   +/-    0.3   3.0   3.0                           
60359       -4.0   +/-    0.3   3.0   3.0                           
60364       -4.2   +/-    0.3   3.0   3.0                           
60369       -4.0   +/-    0.3   3.0   3.0                           
60374       -3.8   +/-    0.3   3.0   3.0          NMIJ2403 CirT.435
60379       -3.6   +/-    0.3   3.0   3.0                           
60384       -3.1   +/-    0.3   3.0   3.0                           
60389       -2.4   +/-    0.3   3.0   3.0                           
60394       -1.5   +/-    0.3   3.0   3.0                           
60399       49.5   +/-    0.3   3.0   3.0                           
60404       49.8   +/-    0.3   3.0   3.0          NMIJ2404 CirT.436
60409        0.3   +/-    0.3   3.0   3.0                           
60414        1.2   +/-    0.3   3.0   3.0                           
60419        2.3   +/-    0.3   3.0   3.0                           
60424        3.7   +/-    0.3   3.0   3.0                           
60429        4.7   +/-    0.3   3.0   3.0                           
60434        6.0   +/-    0.2   2.9   2.9          NMIJ2405 CirT.437
60439        7.5   +/-    0.2   2.9   2.9                           
60444      -24.9   +/-    0.2   2.9   2.9                           
60449      -70.7   +/-    0.2   2.9   2.9                           
60454     -148.1   +/-    0.2   2.9   2.9                           
60459     -202.5   +/-    0.2   2.9   2.9                           
60464     -194.3   +/-    0.2   2.7   2.7          NMIJ2406 CirT.438
60469     -156.9   +/-    0.2   2.7   2.7                           
60474     -117.2   +/-    0.2   2.7   2.7                           
60479      -82.4   +/-    0.2   2.7   2.7                           
60484      -47.3   +/-    0.2   2.7   2.7                           
60489       20.2   +/-    0.2   2.7   2.7                           
60494       72.4   +/-    0.2   2.7   2.7          NMIJ2407 CirT.439
60499      112.8   +/-    0.2   2.7   2.7                           
60504      141.9   +/-    0.2   2.7   2.7                           
60509      150.6   +/-    0.2   2.7   2.7                           
60514      205.5   +/-    0.2   2.7   2.7                           
60519      342.4   +/-    0.2   2.7   2.7                           
60524      906.0   +/-    0.4   2.7   2.7          NMIJ2408 CirT.440
60529     2598.4   +/-    0.4   2.7   2.7                           
60534    12471.9   +/-    0.4   2.7   2.7                           
60539    24412.9   +/-    0.4   2.7   2.7                           
60544      572.4   +/-    0.4   2.7   2.7                           
60549      171.2   +/-    0.4   2.7   2.7                           
60554      315.5   +/-    0.4   2.8   2.8          NMIJ2409 CirT.441
60559      323.7   +/-    0.4   2.8   2.8                           
60564      328.7   +/-    0.4   2.8   2.8                           
60569       -5.9   +/-    0.4   2.8   2.8                           
60574      -28.1   +/-    0.4   2.8   2.8                           
60579      -54.4   +/-    0.4   2.8   2.8                           
60584      -79.0   +/-    0.3   2.8   2.8          NMIJ2410 CirT.442
60589      -81.5   +/-    0.3   2.8   2.8                           
60594      -65.2   +/-    0.3   2.8   2.8                           
60599      -64.8   +/-    0.3   2.8   2.8                           
60604      -53.0   +/-    0.3   2.8   2.8                           
60609      -32.2   +/-    0.3   2.8   2.8                           
60614      -29.6   +/-    0.3   2.8   2.8                           
60619      -27.9   +/-    0.2   2.8   2.8          NMIJ2411 CirT.443
60624      -26.9   +/-    0.2   2.8   2.8                           
60629      -27.8   +/-    0.2   2.8   2.8                           
60634      -18.8   +/-    0.2   2.8   2.8                           
60639       -2.3   +/-    0.2   2.8   2.8                           
60644       19.4   +/-    0.2   2.8   2.8                           
60649       43.7   +/-    0.2   2.8   2.8          NMIJ2412 CirT.444
60654       65.6   +/-    0.2   2.8   2.8                           
60659       53.3   +/-    0.2   2.8   2.8                           
60664       46.8   +/-    0.2   2.8   2.8                           
60669       51.8   +/-    0.2   2.8   2.8                           
60674       39.0   +/-    0.2   2.8   2.8                           
60679       19.0   +/-    0.2   2.8   2.8          NMIJ2501 CirT.445
60684        0.7   +/-    0.2   2.8   2.8                           
60689       -8.8   +/-    0.2   2.8   2.8                           
60694      -14.5   +/-    0.2   2.8   2.8                           
60699      -24.1   +/-    0.2   2.8   2.8                           
60704      -13.4   +/-    0.2   2.8   2.8                           
60709      -11.4   +/-    0.2   2.8   2.8          NMIJ2502 CirT.446
60714        0.4   +/-    0.2   2.8   2.8                           
60719       11.4   +/-    0.2   2.8   2.8                           
60724        9.7   +/-    0.2   2.8   2.8                           
60729        3.0   +/-    0.2   2.8   2.8                           
60734       -6.2   +/-    0.2   2.8   2.8                           
60739      -12.3   +/-    0.2   2.9   2.9          NMIJ2503 CirT.447
60744      -11.0   +/-    0.2   2.9   2.9                           
60749       -5.6   +/-    0.2   2.9   2.9                           
60754        3.5   +/-    0.2   2.9   2.9                           
60759       17.9   +/-    0.2   2.9   2.9                           
60764       17.0   +/-    0.2   2.9   2.9                           
60769        3.8   +/-    0.3   2.9   2.9          NMIJ2504 CirT.448
60774      -12.3   +/-    0.3   2.9   2.9                           
60779      -25.3   +/-    0.3   2.9   2.9                           
60784      -34.0   +/-    0.3   2.9   2.9                           
60789      -33.9   +/-    0.3   2.9   2.9                           
60794      -33.8   +/-    0.3   2.9   2.9                           
60799      -23.3   +/-    0.3   2.9   2.9          NMIJ2505 CirT.449
60804      -10.4   +/-    0.3   2.9   2.9                           
60809        3.0   +/-    0.3   2.9   2.9                           
60814        6.5   +/-    0.3   2.9   2.9                           
60819        5.7   +/-    0.3   2.9   2.9                           
60824        2.9   +/-    0.3   2.9   2.9                           
60829        4.2   +/-    0.2   2.9   2.9          NMIJ2506 CirT.450
60834        5.3   +/-    0.2   2.9   2.9                           
60839        6.3   +/-    0.2   2.9   2.9                           
60844        7.7   +/-    0.2   2.9   2.9                           
60849        9.1   +/-    0.2   2.9   2.9                           
60854       10.7   +/-    0.2   2.9   2.9                           
60859       12.7   +/-    0.2   2.9   2.9          NMIJ2507 CirT.451
60864       13.1   +/-    0.2   2.9   2.9                           
60869       12.5   +/-    0.2   2.9   2.9                           
60874       12.1   +/-    0.2   2.9   2.9                           
60879       11.7   +/-    0.2   2.9   2.9                           
60884       11.8   +/-    0.2   2.9   2.9                           
60889       12.3   +/-    0.2   2.9   2.9          NMIJ2508 CirT.452
60894       12.6   +/-    0.2   2.9   2.9                           
60899       11.5   +/-    0.2   2.9   2.9                           
60904       10.4   +/-    0.2   2.9   2.9                           
60909        9.4   +/-    0.2   2.9   2.9                           
60914        8.5   +/-    0.2   2.9   2.9                           
60919        7.7   +/-    0.2   3.0   3.0          NMIJ2509 CirT.453
60924        7.2   +/-    0.2   3.0   3.0                           
60929        7.0   +/-    0.2   3.0   3.0                           
60934        6.9   +/-    0.2   3.0   3.0                           
60939        6.8   +/-    0.2   3.0   3.0                           
60944        7.2   +/-    0.2   3.0   3.0                           
60949        7.6   +/-    0.2   3.0   3.0          NMIJ2510 CirT.454
60954        6.6   +/-    0.2   3.0   3.0                           
60959        5.7   +/-    0.2   3.0   3.0                           
60964        4.9   +/-    0.2   3.0   3.0                           
60969        4.9   +/-    0.2   3.0   3.0                           
60974        6.0   +/-    0.2   3.0   3.0                           
60979        7.0   +/-    0.2   3.0   3.0                           
60984        6.8   +/-    0.2   3.0   3.0          NMIJ2511 CirT.455
60989        5.4   +/-    0.2   3.0   3.0                           
60994        4.3   +/-    0.2   3.0   3.0                           
60999        3.5   +/-    0.2   3.0   3.0                           
61004        2.2   +/-    0.2   3.0   3.0                           
61009        1.1   +/-    0.2   3.0   3.0                           
61014        0.1   +/-    0.2   3.0   3.0          NMIJ2512 CirT.456
61019       -1.3   +/-    0.2   3.0   3.0                           
61024       -2.0   +/-    0.2   3.0   3.0                           
61029       -2.3   +/-    0.2   3.0   3.0                           
61034       -1.8   +/-    0.2   3.0   3.0                           
61039       -1.8   +/-    0.2   3.0   3.0                           
61044       -1.4   +/-    0.2   3.0   3.0          NMIJ2601 CirT.457
61049       -1.2   +/-    0.2   3.0   3.0                           
61054       -0.9   +/-    0.2   3.0   3.0                           
61059       -0.6   +/-    0.2   3.0   3.0                           
61064       -1.0   +/-    0.2   3.0   3.0                           
61069       -0.9   +/-    0.2   3.0   3.0                           
61074       -0.9   +/-    0.2   3.0   3.0          NMIJ2602 CirT.458
61079       -0.7   +/-    0.2   3.0   3.0                           
61084       -0.6   +/-    0.2   3.0   3.0                           
61089       -0.3   +/-    0.2   3.0   3.0                           
61094        0.3   +/-    0.2   3.0   3.0                           
61099        0.9   +/-    0.2   3.0   3.0                           
