 MJD  [UTC-UTC(OP  )]/ns  uA/ns  uB/ns  u/ns  

50814       27
50819       27
50824       20
50829       16
50834       13
50839       13
50844       15
50849        9
50854       12
50859       13
50864        7
50869       11
50874        7
50879       17
50884       28
50889       22
50894       21
50899       14
50904       14
50909       11
50914       13
50919       11
50924       10
50929       11
50934       16
50939       29
50944       15
50949       -3
50954       -4
50959       -6
50964       -5
50969       -2
50974        4
50979       -1
50984        4
50989       16
50994       18
50999       26
51004       29
51009       36
51014       40
51019       40
51024       47
51029       54
51034       56
51039       59
51044       62
51049       68
51054       48
51059       45
51064       39
51069       38
51074       36
51079       33
51084       28
51089       26
51094       26
51099       18
51104       14
51109       10
51114       12
51119        6
51124        8
51129        9
51134       13
51139       12
51144       10
51149       15
51154        7
51159        2
51164        2
51169        3
51174       -1
51179       -4
51184       -4
51189      -13
51194      -15
51199      -15
51204      -17
51209      -14
51214      -14
51219      -24
51224      -18
51229      -24
51234      -22
51239      -22
51244      -19
51249      -13
51254      -18
51259      -21
51264      -23
51269      -31
51274      -35
51279      -28
51284      -30
51289      -32
51294      -27
51299      -31
51304      -30
51309      -33
51314      -28
51319      -31
51324      -30
51329      -34
51334      -37
51339      -42
51344      -37
51349      -41
51354      -42
51359      -44
51364      -48
51369      -45
51374      -40
51379      -34
51384      -29
51389      -33
51394      -36
51399      -45
51404      -38
51409      -43
51414      -46
51419      -45
51424      -43
51429      -44
51434      -39
51439      -35
51444      -32
51449      -37
51454      -35
51459      -48
51464      -41
51469      -32
51474      -31
51479      -30
51484      -28
51489      -33
51494      -30
51499      -32
51504      -28
51509      -32
51514      -32
51519      -29
51524      -36
51529      -43
51534      -44
51539      -49
51544      -51
51549      -51
51554      -48
51559      -40
51564      -34
51569      -32
51574      -41
51579      -35
51584      -44
51589      -46
51594      -49
51599      -47
51604      -41
51609      -37
51614      -39
51619      -39
51624      -41
51629      -44
51634      -43
51639      -34
51644      -27
51649      -26
51654      -19
51659      -19
51664      -21
51669      -16
51674      -11
51679      -17
51684      -21
51689      -23
51694      -32
51699      -31
51704      -24
51709      -20
51714      -27
51719      -24
51724      -31
51729      -30
51734      -33
51739      -28
51744      -30
51749      -33
51754      -32
51759      -30
51764      -30
51769      -31
51774      -29
51779      -29
51784      -24
51789      -28
51794      -30
51799      -37
51804      -38
51809      -35
51814      -39
51819      -35
51824      -39
51829      -38
51834      -34
51839      -33
51844      -30
51849      -24
51854      -17
51859      -19
51864      -10
51869       -6
51874       -3
51879        1
51884       -2
51889        1
51894        8
51899       16
51904       14
51909        9
51914       10
51919        9
51924       13
51929       16
51934       20
51939       18
51944       22
51949       23
51954       19
51959        9
51964       11
51969        3
51974        3
51979        3
51984        6
51989        4
51994        9
51999        9
52004        1
52009        0
52014       -4
52019       -6
52024      -11
52029      -15
52034      -15
52039      -13
52044      -15
52049      -22
52054      -24
52059      -29
52064      -33
52069      -35
52074      -26
52079      -20
52084      -17
52089      -19
52094      -17
52099      -16
52104      -24
52109      -24
52114      -28
52119      -30
52124      -38
52129      -36
52134      -38
52139      -39
52144      -42
52149      -46
52154      -41
52159      -41
52164      -37
52169      -31
52174      -21
52179      -19
52184      -11
52189      -14
52194      -13
52199       -6
52204        0
52209        4
52214        3
52219        7
52224       11
52229       10
52234       15
52239       18
52244       18
52249       15
52254       15
52259       14
52264       13
52269       -1
52274        1
52279        3
52284       -1
52289        0
52294       -4
52299        2
52304        3
52309       -1
52314       -1
52319       -9
52324      -11
52329      -18
52334      -17
52339      -22
52344      -25
52349      -30
52354      -33
52359      -40
52364      -42
52369      -43
52374      -43
52379      -42
52384      -45
52389      -39
52394      -35
52399      -30
52404      -24
52409      -20
52414      -14
52419       -9
52424       -3
52429       10
52434       11
52439       20
52444       24
52449       22
52454       26
52459       38
52464       38
52469       45
52474       48
52479       49
52484       43
52489       43
52494       38
52499       33
52504       32
52509       30
52514       28
52519       24
52524       23
52529       25
52534       21
52539       13
52544        6
52549        6
52554        7
52559       -1
52564        0
52569       -4
52574       -9
52579      -18
52584      -15
52589      -16
52594      -19
52599      -19
52604      -17
52609      -18
52614      -14
52619      -11
52624      -10
52629      -13
52634      -16
52639      -22
52644      -23.5
52649      -24.7
52654      -24.2
52659      -28.5
52664      -29.3
52669      -30.8
52674      -36.9
52679      -35.6
52684      -39.6
52689      -42.2
52694      -50.7
52699      -49.4
52704      -43.0
52709      -40.1
52714      -31.6
52719      -18.0
52724      -13.7
52729       -5.3
52734        5.4
52739        8.5
52744       16.7
52749       17.6
52754       19.5
52759       18.9
52764       22.0
52769       18.0
52774       19.7
52779       19.6
52784       26.8
52789       31.8
52794       36.8
52799       37.4
52804       41.4
52809       40.6
52814       42.9
52819       47.6
52824       43.0
52829       45.3
52834       45.9
52839       43.3
52844       40.9
52849       37.0
52854       35.7
52859       39.2
52864       38.0
52869       37.7
52874       33.8
52879       39.3
52884       41.8
52889       43.6
52894       46.5
52899       41.7
52904       34.2
52909       29.4
52914       23.3
52919       23.2
52924       31.6
52929       39.0
52934       35.3
52939       54.0
52944       57.3
52949       51.5
52954       41.4
52959       43.8
52964       44.9
52969       45.8
52974       51.9
52979       48.2
52984       39.7
52989       36.8
52994       37.1
52999       31.7
53004       33.6
53009       38.0
53014       36.6
53019       30.9
53024       32.9
53029       34.0
53034       35.1
53039       34.5
53044       40.0
53049       42.7
53054       39.7
53059       38.1
53064       38.5
53069       39.6
53074       40.0
53079       39.1
53084       33.2
53089       24.9
53094       22.4
53099       23.7
53104       23.5
53109       23.5
53114       20.9
53119       18.7
53124       17.4
53129       19.2
53134       21.1
53139       25.8
53144       17.9
53149       17.0
53154       18.1
53159       12.1
53164       12.4
53169       14.2
53174       10.5
53179       11.9
53184        8.3
53189        9.8
53194        6.5
53199        8.4
53204        8.6
53209       19.9
53214       20.8
53219       17.0
53224       16.2
53229        7.4
53234        5.0
53239       -0.8
53244       -5.3
53249       -4.5
53254       -0.5
53259       -7.3
53264      -10.6
53269      -13.3
53274      -10.9
53279       -6.6
53284       -4.5
53289        6.3
53294        6.2
53299        7.1
53304       -4.5
53309      -12.5
53314      -18.8
53319      -16.7
53324       -6.6
53329        0.6
53334        6.8
53339       15.7
53344       17.8
53349       21.0
53354       25.8
53359       34.2
53364       39.2
53369       41.7
53374       45.8
53379       49.4
53384       43.6
53389       40.3
53394       39.8
53399       36.4
53404       39.3
53409       39.6
53414       39.6
53419       32.1
53424       23.3
53429       22.8
53434       18.0
53439       18.5
53444       19.6
53449       18.4
53454       23.2
53459       19.9
53464       14.9
53469       11.9
53474       11.3
53479        7.0
53484       -3.4
53489       -9.4
53494       -5.5          OP  0505 CirT.209
53499       -7.2                           
53504       -3.3                           
53509       -3.4                           
53514        1.1                           
53519       13.3                           
53524       17.9          OP  0506 CirT.210
53529       16.7                           
53534       16.3                           
53539       17.7                           
53544       25.0                           
53549       24.0                           
53554       27.3          OP  0507 CirT.211
53559       36.6                           
53564       37.7                           
53569       32.5                           
53574       18.6                           
53579       24.1                           
53584       26.8          OP  0508 CirT.212
53589       25.1                           
53594       23.7                           
53599       23.8                           
53604       27.2                           
53609       22.9                           
53614       21.5          OP  0509 CirT.213
53619       21.7                           
53624       23.2                           
53629       25.9                           
53634       28.6                           
53639       23.3                           
53644       22.8          OP  0510 CirT.214
53649       13.0                           
53654       14.9                           
53659       12.4                           
53664        6.9                           
53669        4.5                           
53674        2.8                           
53679        8.4          OP  0511 CirT.215
53684        5.5                           
53689        6.9                           
53694        9.4                           
53699        5.2                           
53704       -0.3                           
53709        0.1          OP  0512 CirT.216
53714       -0.3                           
53719       -4.1                           
53724       -6.2                           
53729       -8.5                           
53734       -4.3                           
53739      -11.5          OP  0601 CirT.217
53744       -9.6                           
53749      -10.0                           
53754      -11.6                           
53759      -10.0                           
53764       -9.5                           
53769       -9.1          OP  0602 CirT.218
53774       -8.0                           
53779       -8.5                           
53784      -15.7                           
53789      -23.7                           
53794      -21.8                           
53799      -19.7          OP  0603 CirT.219
53804      -17.0                           
53809      -17.7                           
53814      -16.0                           
53819      -18.4                           
53824      -18.1                           
53829      -19.0          OP  0604 CirT.220
53834      -23.2                           
53839      -24.3                           
53844      -29.6                           
53849      -34.5                           
53854      -32.8                           
53859      -35.0          OP  0605 CirT.221
53864      -26.6                           
53869      -25.9                           
53874      -21.2                           
53879      -14.4                           
53884      -16.2                           
53889      -12.9          OP  0606 CirT.222
53894       -5.7                           
53899       -2.7                           
53904       -5.1                           
53909        0.7                           
53914       -2.9                           
53919       -2.8          OP  0607 CirT.223
53924       -2.6                           
53929        3.8                           
53934        3.2                           
53939        5.8                           
53944        2.4                           
53949        3.4          OP  0608 CirT.224
53954        1.4                           
53959        5.7                           
53964        5.2                           
53969        3.8                           
53974        4.7                           
53979       -3.1          OP  0609 CirT.225
53984       -0.9                           
53989       -3.9                           
53994       -8.4                           
53999       -6.3                           
54004      -13.8                           
54009      -15.4          OP  0610 CirT.226
54014      -28.5                           
54019      -31.1                           
54024      -30.3                           
54029      -32.0                           
54034      -38.7                           
54039      -32.9                           
54044      -30.3          OP  0611 CirT.227
54049      -24.6                           
54054      -22.2                           
54059      -23.5                           
54064      -29.4                           
54069      -28.5                           
54074      -27.8   +/-    0.5   1.4   1.5          OP  0612 CirT.228
54079      -24.9   +/-    0.5   1.4   1.5                           
54084      -19.5   +/-    0.5   1.4   1.5                           
54089      -20.4   +/-    0.5   1.4   1.5                           
54094      -27.8   +/-    0.5   1.4   1.5                           
54099      -23.3   +/-    0.5   1.4   1.5                           
54104      -21.7   +/-    0.5   1.4   1.5          OP  0701 CirT.229
54109      -13.8   +/-    0.5   1.4   1.5                           
54114      -13.2   +/-    0.5   1.4   1.5                           
54119      -14.4   +/-    0.5   1.4   1.5                           
54124      -11.4   +/-    0.5   1.4   1.5                           
54129      -17.7   +/-    0.5   1.4   1.5                           
54134      -17.2   +/-    0.5   1.4   1.5          OP  0702 CirT.230
54139      -12.9   +/-    0.5   1.4   1.5                           
54144      -12.7   +/-    0.5   1.4   1.5                           
54149      -17.0   +/-    0.5   1.4   1.5                           
54154      -22.1   +/-    0.5   1.4   1.5                           
54159      -21.9   +/-    0.5   1.4   1.5                           
54164      -20.8   +/-    0.5   1.4   1.5          OP  0703 CirT.231
54169      -21.8   +/-    0.5   1.4   1.5                           
54174      -27.6   +/-    0.5   1.4   1.5                           
54179      -32.6   +/-    0.5   1.4   1.5                           
54184      -33.9   +/-    0.5   1.4   1.5                           
54189      -29.9   +/-    0.5   1.4   1.5                           
54194      -22.8   +/-    0.5   1.4   1.5          OP  0704 CirT.232
54199      -16.1   +/-    0.5   1.4   1.5                           
54204       -7.9   +/-    0.5   1.4   1.5                           
54209       -7.3   +/-    0.5   1.4   1.5                           
54214       -4.8   +/-    0.5   1.4   1.5                           
54219        6.7   +/-    0.5   1.4   1.5                           
54224        9.2   +/-    0.5   1.4   1.5          OP  0705 CirT.233
54229       16.6   +/-    0.5   1.4   1.5                           
54234       19.4   +/-    0.5   1.4   1.5                           
54239       20.4   +/-    0.5   1.4   1.5                           
54244       16.0   +/-    0.5   1.4   1.5                           
54249       14.5   +/-    0.5   1.4   1.5                           
54254       13.8   +/-    0.5   1.3   1.4          OP  0706 CirT.234
54259       14.1   +/-    0.5   1.3   1.4                           
54264       12.5   +/-    0.5   1.3   1.4                           
54269       11.1   +/-    0.5   1.3   1.4                           
54274        7.5   +/-    0.5   1.3   1.4                           
54279        5.4   +/-    0.5   1.3   1.4                           
54284        6.6   +/-    0.5   1.2   1.3          OP  0707 CirT.235
54289        7.7   +/-    0.5   1.2   1.3                           
54294       14.6   +/-    0.5   1.2   1.3                           
54299       15.4   +/-    0.5   1.2   1.3                           
54304       12.8   +/-    0.5   1.2   1.3                           
54309       17.0   +/-    0.5   1.2   1.3                           
54314       14.6   +/-    0.5   1.3   1.4          OP  0708 CirT.236
54319       17.9   +/-    0.5   1.3   1.4                           
54324       11.7   +/-    0.5   1.3   1.4                           
54329       17.9   +/-    0.5   1.3   1.4                           
54334       15.4   +/-    0.5   1.3   1.4                           
54339       14.1   +/-    0.5   1.3   1.4                           
54344       11.4   +/-    0.5   1.3   1.4          OP  0709 CirT.237
54349        7.6   +/-    0.5   1.3   1.4                           
54354        3.7   +/-    0.5   1.3   1.4                           
54359        0.5   +/-    0.5   1.3   1.4                           
54364       -6.0   +/-    0.5   1.3   1.4                           
54369       -8.6   +/-    0.5   1.3   1.4                           
54374       -8.2   +/-    0.5   1.3   1.4          OP  0710 CirT.238
54379      -12.3   +/-    0.5   1.3   1.4                           
54384      -15.6   +/-    0.5   1.3   1.4                           
54389      -22.5   +/-    0.5   1.3   1.4                           
54394      -28.8   +/-    0.5   1.3   1.4                           
54399      -29.6   +/-    0.5   1.3   1.4                           
54404      -34.7   +/-    0.5   1.3   1.4                           
54409      -46.7   +/-    0.5   1.4   1.5          OP  0711 CirT.239
54414      -52.6   +/-    0.5   1.4   1.5                           
54419      -57.0   +/-    0.5   1.4   1.5                           
54424      -54.6   +/-    0.5   1.4   1.5                           
54429      -50.1   +/-    0.5   1.4   1.5                           
54434      -47.3   +/-    0.5   1.4   1.5                           
54439      -42.4   +/-    0.7   4.8   4.9          OP  0712 CirT.240
54444      -39.2   +/-    0.7   4.8   4.9                           
54449      -39.0   +/-    0.7   4.8   4.9                           
54454      -36.3   +/-    0.7   4.8   4.9                           
54459      -38.7   +/-    0.7   4.8   4.9                           
54464      -36.8   +/-    0.7   4.8   4.9                           
54469      -32.5   +/-    0.5   1.5   1.6          OP  0801 CirT.241
54474      -25.4   +/-    0.5   1.5   1.6                           
54479      -23.8   +/-    0.5   1.5   1.6                           
54484      -23.1   +/-    0.5   1.5   1.6                           
54489      -16.5   +/-    0.5   1.5   1.6                           
54494      -12.2   +/-    0.5   1.5   1.6                           
54499       -8.0   +/-    0.5   1.5   1.6          OP  0802 CirT.242
54504       -2.9   +/-    0.5   1.5   1.6                           
54509       -1.8   +/-    0.5   1.5   1.6                           
54514       -6.2   +/-    0.5   1.5   1.6                           
54519       -4.8   +/-    0.5   1.5   1.6                           
54524        2.3   +/-    0.5   1.5   1.6                           
54529        3.8   +/-    0.5   1.5   1.6          OP  0803 CirT.243
54534        4.6   +/-    0.5   1.5   1.6                           
54539        1.5   +/-    0.5   1.5   1.6                           
54544       -0.4   +/-    0.5   1.5   1.6                           
54549       -0.8   +/-    0.5   1.5   1.6                           
54554        5.5   +/-    0.5   1.5   1.6                           
54559        0.3   +/-    0.5   1.4   1.5          OP  0804 CirT.244
54564       -3.8   +/-    0.5   1.4   1.5                           
54569      -11.1   +/-    0.5   1.4   1.5                           
54574       -9.0   +/-    0.5   1.4   1.5                           
54579       -7.9   +/-    0.5   1.4   1.5                           
54584      -15.3   +/-    0.5   1.4   1.5                           
54589      -16.3   +/-    0.5   1.4   1.5          OP  0805 CirT.245
54594      -23.5   +/-    0.5   1.4   1.5                           
54599      -32.4   +/-    0.5   1.4   1.5                           
54604      -27.6   +/-    0.5   1.4   1.5                           
54609      -32.0   +/-    0.5   1.4   1.5                           
54614      -29.7   +/-    0.5   1.4   1.5                           
54619      -34.5   +/-    0.5   1.4   1.5          OP  0806 CirT.246
54624      -33.2   +/-    0.5   1.4   1.5                           
54629      -32.0   +/-    0.5   1.4   1.5                           
54634      -34.7   +/-    0.5   1.4   1.5                           
54639      -31.4   +/-    0.5   1.4   1.5                           
54644      -28.8   +/-    0.5   1.4   1.5                           
54649      -24.7   +/-    0.5   1.4   1.5          OP  0807 CirT.247
54654      -28.6   +/-    0.5   1.4   1.5                           
54659      -28.6   +/-    0.5   1.4   1.5                           
54664      -26.1   +/-    0.5   1.4   1.5                           
54669      -17.0   +/-    0.5   1.4   1.5                           
54674      -16.0   +/-    0.5   1.4   1.5                           
54679      -18.5   +/-    0.5   1.4   1.5          OP  0808 CirT.248
54684      -20.1   +/-    0.5   1.4   1.5                           
54689      -16.9   +/-    0.5   1.4   1.5                           
54694      -11.3   +/-    0.5   1.4   1.5                           
54699       -8.1   +/-    0.5   1.4   1.5                           
54704       -8.4   +/-    0.5   1.4   1.5                           
54709       -5.8   +/-    0.5   1.4   1.5                           
54714       -5.7   +/-    0.5   1.5   1.6          OP  0809 CirT.249
54719      -13.5   +/-    0.5   1.5   1.6                           
54724       -8.3   +/-    0.5   1.5   1.6                           
54729      -15.0   +/-    0.5   1.5   1.6                           
54734       -5.2   +/-    0.5   1.5   1.6                           
54739        0.5   +/-    0.5   1.5   1.6                           
54744        9.3   +/-    0.5   1.4   1.5          OP  0810 CirT.250
54749        8.6   +/-    0.5   1.4   1.5                           
54754       -0.4   +/-    0.5   1.4   1.5                           
54759       -2.0   +/-    0.5   1.4   1.5                           
54764       -7.8   +/-    0.5   1.4   1.5                           
54769      -11.0   +/-    0.5   1.4   1.5                           
54774      -15.2   +/-    0.5   1.4   1.5          OP  0811 CirT.251
54779      -13.6   +/-    0.5   1.4   1.5                           
54784      -10.9   +/-    0.5   1.4   1.5                           
54789       -8.8   +/-    0.5   1.4   1.5                           
54794      -11.4   +/-    0.5   1.4   1.5                           
54799      -23.4   +/-    0.5   1.4   1.5                           
54804      -28.6   +/-    0.5   1.4   1.5          OP  0812 CirT.252
54809      -33.3   +/-    0.5   1.4   1.5                           
54814      -39.9   +/-    0.5   1.4   1.5                           
54819      -47.1   +/-    0.5   1.4   1.5                           
54824      -51.7   +/-    0.5   1.4   1.5                           
54829      -54.8   +/-    0.5   1.4   1.5                           
54834      -62.4   +/-    0.5   1.4   1.5          OP  0901 CirT.253
54839      -73.2   +/-    0.5   1.4   1.5                           
54844      -76.1   +/-    0.5   1.4   1.5                           
54849      -77.4   +/-    0.5   1.4   1.5                           
54854      -77.8   +/-    0.5   1.4   1.5                           
54859      -76.3   +/-    0.5   1.4   1.5                           
54864      -70.7   +/-    0.5   1.4   1.5          OP  0902 CirT.254
54869      -72.1   +/-    0.5   1.4   1.5                           
54874      -63.5   +/-    0.5   1.4   1.5                           
54879      -63.4   +/-    0.5   1.4   1.5                           
54884      -52.8   +/-    0.5   1.4   1.5                           
54889      -45.8   +/-    0.5   1.4   1.5                           
54894      -39.9   +/-    0.5   1.4   1.5          OP  0903 CirT.255
54899      -27.0   +/-    0.5   1.4   1.5                           
54904      -23.3   +/-    0.5   1.4   1.5                           
54909      -19.3   +/-    0.5   1.4   1.5                           
54914      -25.2   +/-    0.5   1.4   1.5                           
54919      -20.4   +/-    0.5   1.4   1.5                           
54924      -16.2   +/-    0.5   1.4   1.5          OP  0904 CirT.256
54929       -5.8   +/-    0.5   1.4   1.5                           
54934       -4.0   +/-    0.5   1.4   1.5                           
54939        1.4   +/-    0.5   1.4   1.5                           
54944        7.2   +/-    0.5   1.4   1.5                           
54949       12.6   +/-    0.5   1.4   1.5                           
54954       14.1   +/-    0.5   1.3   1.4          OP  0905 CirT.257
54959        7.2   +/-    0.5   1.3   1.4                           
54964        7.0   +/-    0.5   1.3   1.4                           
54969       12.1   +/-    0.5   1.3   1.4                           
54974       25.7   +/-    0.5   1.3   1.4                           
54979       29.5   +/-    0.5   1.3   1.4                           
54984       29.3   +/-    0.5   1.4   1.5          OP  0906 CirT.258
54989       38.4   +/-    0.5   1.4   1.5                           
54994       38.4   +/-    0.5   1.4   1.5                           
54999       38.1   +/-    0.5   1.4   1.5                           
55004       32.6   +/-    0.5   1.4   1.5                           
55009       20.1   +/-    0.5   1.4   1.5                           
55014       13.2   +/-    0.5   1.4   1.5          OP  0907 CirT.259
55019        2.5   +/-    0.5   1.4   1.5                           
55024        0.4   +/-    0.5   1.4   1.5                           
55029       -7.7   +/-    0.5   1.4   1.5                           
55034      -11.0   +/-    0.5   1.4   1.5                           
55039      -12.2   +/-    0.5   1.4   1.5                           
55044       -3.8   +/-    0.7   4.8   4.8          OP  0908 CirT.260
55049        4.2   +/-    0.7   4.8   4.8                           
55054        5.8   +/-    0.7   4.8   4.8                           
55059       12.8   +/-    0.7   4.8   4.8                           
55064        9.7   +/-    0.7   4.8   4.8                           
55069       14.9   +/-    0.7   4.8   4.8                           
55074       12.3   +/-    0.7   4.8   4.8                           
55079       -0.9   +/-    0.5   1.6   1.7          OP  0909 CirT.261
55084       -5.3   +/-    0.5   1.6   1.7                           
55089      -16.7   +/-    0.5   1.6   1.7                           
55094      -17.8   +/-    0.5   1.6   1.7                           
55099      -22.2   +/-    0.5   1.6   1.7                           
55104      -18.5   +/-    0.5   1.6   1.7                           
55109      -20.0   +/-    0.5   1.5   1.5          OP  0910 CirT.262
55114      -19.8   +/-    0.5   1.5   1.5                           
55119      -22.9   +/-    0.5   1.5   1.5                           
55124      -18.7   +/-    0.5   1.5   1.5                           
55129      -10.3   +/-    0.5   1.5   1.5                           
55134       -3.3   +/-    0.5   1.5   1.5                           
55139        2.7   +/-    0.5   1.5   1.6          OP  0911 CirT.263
55144        8.0   +/-    0.5   1.5   1.6                           
55149       14.3   +/-    0.5   1.5   1.6                           
55154       12.9   +/-    0.5   1.5   1.6                           
55159       15.8   +/-    0.5   1.5   1.6                           
55164       15.5   +/-    0.5   1.5   1.6                           
55169       13.6   +/-    0.6   1.5   1.6          OP  0912 CirT.264
55174        5.9   +/-    0.6   1.5   1.6                           
55179        4.0   +/-    0.6   1.5   1.6                           
55184        0.3   +/-    0.6   1.5   1.6                           
55189       -5.9   +/-    0.6   1.5   1.6                           
55194       -7.1   +/-    0.6   1.5   1.6                           
55199       -7.3   +/-    0.7   1.6   1.8          OP  1001 CirT.265
55204       -8.3   +/-    0.7   1.6   1.8                           
55209       -7.3   +/-    0.7   1.6   1.8                           
55214      -14.6   +/-    0.7   1.6   1.8                           
55219      -21.3   +/-    0.7   1.6   1.8                           
55224      -25.1   +/-    0.7   1.6   1.8                           
55229      -28.3   +/-    0.7   1.9   2.0          OP  1002 CirT.266
55234      -38.6   +/-    0.7   1.9   2.0                           
55239      -37.9   +/-    0.7   1.9   2.0                           
55244      -35.4   +/-    0.7   1.9   2.0                           
55249      -26.5   +/-    0.7   1.9   2.0                           
55254      -10.0   +/-    0.7   1.9   2.0                           
55259        1.9   +/-    0.7   1.4   1.5          OP  1003 CirT.267
55264        6.7   +/-    0.7   1.4   1.5                           
55269        9.7   +/-    0.7   1.4   1.5                           
55274       -0.6   +/-    0.7   1.4   1.5                           
55279       -5.9   +/-    0.7   1.4   1.5                           
55284       -9.0   +/-    0.7   1.4   1.5                           
55289       -6.5   +/-    0.7   1.4   1.5          OP  1004 CirT.268
55294      -12.5   +/-    0.7   1.4   1.5                           
55299       -6.5   +/-    0.7   1.4   1.5                           
55304        2.3   +/-    0.7   1.4   1.5                           
55309        1.5   +/-    0.7   1.4   1.5                           
55314       -3.1   +/-    0.7   1.4   1.5                           
55319       -7.5   +/-    0.7   1.3   1.5          OP  1005 CirT.269
55324       -3.7   +/-    0.7   1.3   1.5                           
55329       -7.5   +/-    0.7   1.3   1.5                           
55334       -6.1   +/-    0.7   1.3   1.5                           
55339       -7.9   +/-    0.7   1.3   1.5                           
55344       -4.6   +/-    0.7   1.3   1.5                           
55349       -6.3   +/-    0.7   1.6   1.7          OP  1006 CirT.270
55354        3.5   +/-    0.7   1.6   1.7                           
55359      -10.8   +/-    0.7   1.6   1.7                           
55364      -10.4   +/-    0.7   1.6   1.7                           
55369       -1.1   +/-    0.7   1.6   1.7                           
55374       -4.2   +/-    0.7   1.6   1.7                           
55379        0.2   +/-    0.7   1.6   1.7          OP  1007 CirT.271
55384        3.1   +/-    0.7   1.6   1.7                           
55389        8.1   +/-    0.7   1.6   1.7                           
55394        8.3   +/-    0.7   1.6   1.7                           
55399       14.6   +/-    0.7   1.6   1.7                           
55404       30.6   +/-    0.7   1.6   1.7                           
55409       29.0   +/-    0.7   1.6   1.7          OP  1008 CirT.272
55414       28.7   +/-    0.7   1.6   1.7                           
55419       29.9   +/-    0.7   1.6   1.7                           
55424       35.3   +/-    0.7   1.6   1.7                           
55429       35.0   +/-    0.7   1.6   1.7                           
55434       26.3   +/-    0.7   1.6   1.7                           
55439       25.6   +/-    0.7   1.6   1.7                           
55444       26.6   +/-    0.7   1.6   1.7          OP  1009 CirT.273
55449       24.4   +/-    0.7   1.6   1.7                           
55454       22.4   +/-    0.7   1.6   1.7                           
55459       33.8   +/-    0.7   1.6   1.7                           
55464       32.1   +/-    0.7   1.6   1.7                           
55469       34.0   +/-    0.7   1.6   1.7                           
55474       47.1   +/-    0.7   1.6   1.7          OP  1010 CirT.274
55479       38.1   +/-    0.7   1.6   1.7                           
55484       30.4   +/-    0.7   1.6   1.7                           
55489       22.5   +/-    0.7   1.6   1.7                           
55494       15.9   +/-    0.7   1.6   1.7                           
55499        0.1   +/-    0.7   1.6   1.7                           
55504      -21.2   +/-    0.7   2.0   2.1          OP  1011 CirT.275
55509      -16.3   +/-    0.7   2.0   2.1                           
55514      -22.9   +/-    0.7   2.0   2.1                           
55519      -18.7   +/-    0.7   2.0   2.1                           
55524      -24.0   +/-    0.7   2.0   2.1                           
55529      -22.0   +/-    0.7   2.0   2.1                           
55534      -22.5   +/-    0.7   2.0   2.1          OP  1012 CirT.276
55539      -15.0   +/-    0.7   2.0   2.1                           
55544      -13.0   +/-    0.7   2.0   2.1                           
55549      -17.4   +/-    0.7   2.0   2.1                           
55554      -10.1   +/-    0.7   2.0   2.1                           
55559        2.9   +/-    0.7   2.0   2.1                           
55564        5.9   +/-    0.3   2.0   2.0          OP  1101 CirT.277
55569       10.8   +/-    0.3   2.0   2.0                           
55574       17.4   +/-    0.3   2.0   2.0                           
55579       23.7   +/-    0.3   2.0   2.0                           
55584       30.2   +/-    0.3   2.0   2.0                           
55589       38.2   +/-    0.3   2.0   2.0                           
55594       47.6   +/-    0.7   1.9   2.0          OP  1102 CirT.278
55599       53.3   +/-    0.7   1.9   2.0                           
55604       38.7   +/-    0.7   1.9   2.0                           
55609       37.8   +/-    0.7   1.9   2.0                           
55614       23.4   +/-    0.7   1.9   2.0                           
55619        9.1   +/-    0.7   1.9   2.0                           
55624        1.8   +/-    0.3   2.0   2.0          OP  1103 CirT.279
55629       -7.5   +/-    0.3   2.0   2.0                           
55634      -18.2   +/-    0.3   2.0   2.0                           
55639      -20.6   +/-    0.3   2.0   2.0                           
55644      -17.1   +/-    0.3   2.0   2.0                           
55649      -12.1   +/-    0.3   2.0   2.0                           
55654       -9.6   +/-    0.3   1.9   2.0          OP  1104 CirT.280
55659        1.6   +/-    0.3   1.9   2.0                           
55664        6.6   +/-    0.3   1.9   2.0                           
55669       20.0   +/-    0.3   1.9   2.0                           
55674       17.1   +/-    0.3   1.9   2.0                           
55679       23.6   +/-    0.3   1.9   2.0                           
55684       36.6   +/-    0.3   1.9   1.9          OP  1105 CirT.281
55689       21.7   +/-    0.3   1.9   1.9                           
55694       16.8   +/-    0.3   1.9   1.9                           
55699       13.1   +/-    0.3   1.9   1.9                           
55704        1.9   +/-    0.3   1.9   1.9                           
55709      -11.0   +/-    0.3   1.9   1.9                           
55714      -13.7   +/-    0.3   1.8   1.9          OP  1106 CirT.282
55719      -21.7   +/-    0.3   1.8   1.9                           
55724      -19.9   +/-    0.3   1.8   1.9                           
55729      -23.8   +/-    0.3   1.8   1.9                           
55734      -36.0   +/-    0.3   1.8   1.9                           
55739      -30.6   +/-    0.3   1.8   1.9                           
55744      -31.7   +/-    0.3   1.8   1.8          OP  1107 CirT.283
55749      -25.6   +/-    0.3   1.8   1.8                           
55754      -10.9   +/-    0.3   1.8   1.8                           
55759        0.7   +/-    0.3   1.8   1.8                           
55764        7.9   +/-    0.3   1.8   1.8                           
55769       -0.8   +/-    0.3   1.8   1.8                           
55774       13.5   +/-    0.3   1.8   1.8          OP  1108 CirT.284
55779       15.7   +/-    0.3   1.8   1.8                           
55784       12.9   +/-    0.3   1.8   1.8                           
55789       18.1   +/-    0.3   1.8   1.8                           
55794        9.6   +/-    0.3   1.8   1.8                           
55799       11.2   +/-    0.3   1.8   1.8                           
55804       12.0   +/-    0.3   1.8   1.8                           
55809       21.8   +/-    0.3   1.8   1.8          OP  1109 CirT.285
55814       22.7   +/-    0.3   1.8   1.8                           
55819       22.9   +/-    0.3   1.8   1.8                           
55824       21.6   +/-    0.3   1.8   1.8                           
55829       26.7   +/-    0.3   1.8   1.8                           
55834       28.1   +/-    0.3   1.8   1.8                           
55839       30.1   +/-    0.3   1.8   1.8          OP  1110 CirT.286
55844       35.1   +/-    0.3   1.8   1.8                           
55849       30.4   +/-    0.3   1.8   1.8                           
55854       32.4   +/-    0.3   1.8   1.8                           
55859       34.9   +/-    0.3   1.8   1.8                           
55864       28.4   +/-    0.3   1.8   1.8                           
55869       17.7   +/-    0.3   1.8   1.8          OP  1111 CirT.287
55874       15.3   +/-    0.3   1.8   1.8                           
55879       11.1   +/-    0.3   1.8   1.8                           
55884       11.0   +/-    0.3   1.8   1.8                           
55889       11.1   +/-    0.3   1.8   1.8                           
55894       -0.8   +/-    0.3   1.8   1.8                           
55899      -10.5   +/-    0.3   1.7   1.8          OP  1112 CirT.288
55904       -5.0   +/-    0.3   1.7   1.8                           
55909        5.9   +/-    0.3   1.7   1.8                           
55914        1.4   +/-    0.3   1.7   1.8                           
55919        0.8   +/-    0.3   1.7   1.8                           
55924       -8.7   +/-    0.3   1.7   1.8                           
55929      -15.1   +/-    0.3   1.8   1.8          OP  1201 CirT.289
55934      -18.5   +/-    0.3   1.8   1.8                           
55939      -21.2   +/-    0.3   1.8   1.8                           
55944      -27.2   +/-    0.3   1.8   1.8                           
55949      -24.8   +/-    0.3   1.8   1.8                           
55954      -25.1   +/-    0.3   1.8   1.8                           
55959      -23.2   +/-    0.3   1.8   1.8          OP  1202 CirT.290
55964      -20.8   +/-    0.3   1.8   1.8                           
55969      -21.3   +/-    0.3   1.8   1.8                           
55974      -19.7   +/-    0.3   1.8   1.8                           
55979      -14.9   +/-    0.3   1.8   1.8                           
55984      -19.9   +/-    0.3   1.8   1.8                           
55989      -21.0   +/-    0.3   1.8   1.8          OP  1203 CirT.291
55994      -22.2   +/-    0.3   1.8   1.8                           
55999      -23.0   +/-    0.3   1.8   1.8                           
56004      -23.8   +/-    0.3   1.8   1.8                           
56009      -21.3   +/-    0.3   1.8   1.8                           
56014      -11.2   +/-    0.3   1.8   1.8                           
56019       -5.9   +/-    0.3   1.8   1.9          OP  1204 CirT.292
56024        0.6   +/-    0.3   1.8   1.9                           
56029        0.1   +/-    0.3   1.8   1.9                           
56034       -2.6   +/-    0.3   1.8   1.9                           
56039        1.7   +/-    0.3   1.8   1.9                           
56044        3.2   +/-    0.3   1.8   1.9                           
56049        5.6   +/-    0.3   1.9   1.9          OP  1205 CirT.293
56054        2.7   +/-    0.3   1.9   1.9                           
56059        6.0   +/-    0.3   1.9   1.9                           
56064        4.1   +/-    0.3   1.9   1.9                           
56069        3.8   +/-    0.3   1.9   1.9                           
56074       -2.5   +/-    0.3   1.9   1.9                           
56079       -5.1   +/-    0.3   1.9   1.9          OP  1206 CirT.294
56084      -10.6   +/-    0.3   1.9   1.9                           
56089      -14.5   +/-    0.3   1.9   1.9                           
56094      -20.3   +/-    0.3   1.9   1.9                           
56099      -25.6   +/-    0.3   1.9   1.9                           
56104      -30.6   +/-    0.3   1.9   1.9                           
56109      -33.4   +/-    0.3   1.9   1.9          OP  1207 CirT.295
56114      -22.3   +/-    0.3   1.9   1.9                           
56119       -9.7   +/-    0.3   1.9   1.9                           
56124       -1.6   +/-    0.3   1.9   1.9                           
56129        3.5   +/-    0.3   1.9   1.9                           
56134       12.1   +/-    0.3   1.9   1.9                           
56139       17.1   +/-    0.3   1.9   1.9                           
56144       14.4   +/-    0.3   1.9   1.9          OP  1208 CirT.296
56149       14.7   +/-    0.3   1.9   1.9                           
56154       16.8   +/-    0.3   1.9   1.9                           
56159       17.7   +/-    0.3   1.9   1.9                           
56164       13.6   +/-    0.3   1.9   1.9                           
56169       18.8   +/-    0.3   1.9   1.9                           
56174       16.8   +/-    0.3   1.9   1.9          OP  1209 CirT.297
56179       27.9   +/-    0.3   1.9   1.9                           
56184       27.2   +/-    0.3   1.9   1.9                           
56189       29.2   +/-    0.3   1.9   1.9                           
56194       31.1   +/-    0.3   1.9   1.9                           
56199       35.0   +/-    0.3   1.9   1.9                           
56204       25.6   +/-    0.3   1.9   1.9          OP  1210 CirT.298
56209       20.0   +/-    0.3   1.9   1.9                           
56214       12.1   +/-    0.3   1.9   1.9                           
56219       10.3   +/-    0.3   1.9   1.9                           
56224        5.8   +/-    0.3   1.9   1.9                           
56229        1.4   +/-    0.3   1.9   1.9                           
56234       -0.7   +/-    0.3   1.9   1.9          OP  1211 CirT.299
56239       -1.5   +/-    0.3   1.9   1.9                           
56244       -1.6   +/-    0.3   1.9   1.9                           
56249       -2.2   +/-    0.3   1.9   1.9                           
56254       -3.2   +/-    0.3   1.9   1.9                           
56259       -3.2   +/-    0.3   1.9   1.9                           
56264       -2.9   +/-    0.3   1.9   1.9          OP  1212 CirT.300
56269       -3.2   +/-    0.3   1.9   1.9                           
56274       -3.1   +/-    0.3   1.9   1.9                           
56279       -4.2   +/-    0.3   1.9   1.9                           
56284       -3.9   +/-    0.3   1.9   1.9                           
56289       -4.1   +/-    0.3   1.9   1.9                           
56294       -4.2   +/-    0.3   1.9   1.9          OP  1301 CirT.301
56299       -4.7   +/-    0.3   1.9   1.9                           
56304       -4.2   +/-    0.3   1.9   1.9                           
56309       -2.6   +/-    0.3   1.9   1.9                           
56314       -3.0   +/-    0.3   1.9   1.9                           
56319       -3.3   +/-    0.3   1.9   1.9                           
56324       -3.6   +/-    0.3   1.9   1.9          OP  1302 CirT.302
56329       -3.4   +/-    0.3   1.9   1.9                           
56334       -3.4   +/-    0.3   1.9   1.9                           
56339       -2.7   +/-    0.3   1.9   1.9                           
56344       -2.2   +/-    0.3   1.9   1.9                           
56349       -1.1   +/-    0.3   1.9   1.9                           
56354       -1.3   +/-    0.3   1.9   1.9          OP  1303 CirT.303
56359       -1.9   +/-    0.3   1.9   1.9                           
56364       -1.4   +/-    0.3   1.9   1.9                           
56369       -2.3   +/-    0.3   1.9   1.9                           
56374       -2.8   +/-    0.3   1.9   1.9                           
56379       -2.4   +/-    0.3   1.9   1.9                           
56384       -1.9   +/-    0.3   1.9   1.9          OP  1304 CirT.304
56389       -2.0   +/-    0.3   1.9   1.9                           
56394       -3.4   +/-    0.3   1.9   1.9                           
56399       -2.6   +/-    0.3   1.9   1.9                           
56404       -1.2   +/-    0.3   1.9   1.9                           
56409       -1.4   +/-    0.3   1.9   1.9                           
56414       -0.9   +/-    0.3   1.8   1.9          OP  1305 CirT.305
56419        0.4   +/-    0.3   1.8   1.9                           
56424        0.8   +/-    0.3   1.8   1.9                           
56429        2.5   +/-    0.3   1.8   1.9                           
56434        2.0   +/-    0.3   1.8   1.9                           
56439        3.4   +/-    0.3   1.8   1.9                           
56444        3.1   +/-    0.3   1.8   1.9          OP  1306 CirT.306
56449        3.6   +/-    0.3   1.8   1.9                           
56454        3.6   +/-    0.3   1.8   1.9                           
56459        3.1   +/-    0.3   1.8   1.9                           
56464        2.6   +/-    0.3   1.8   1.9                           
56469        2.7   +/-    0.3   1.8   1.9                           
56474        2.7   +/-    0.3   1.8   1.9          OP  1307 CirT.307
56479        1.9   +/-    0.3   1.8   1.9                           
56484        1.6   +/-    0.3   1.8   1.9                           
56489        1.5   +/-    0.3   1.8   1.9                           
56494        1.4   +/-    0.3   1.8   1.9                           
56499        2.0   +/-    0.3   1.8   1.9                           
56504        1.7   +/-    0.3   1.8   1.9                           
56509        0.7   +/-    0.3   1.9   1.9          OP  1308 CirT.308
56514        0.5   +/-    0.3   1.9   1.9                           
56519       -0.8   +/-    0.3   1.9   1.9                           
56524       -0.7   +/-    0.3   1.9   1.9                           
56529       -1.1   +/-    0.3   1.9   1.9                           
56534       -0.5   +/-    0.3   1.9   1.9                           
56539       -1.7   +/-    0.3   1.8   1.9          OP  1309 CirT.309
56544       -0.6   +/-    0.3   1.8   1.9                           
56549       -0.6   +/-    0.3   1.8   1.9                           
56554       -1.0   +/-    0.3   1.8   1.9                           
56559       -2.4   +/-    0.3   1.8   1.9                           
56564       -2.5   +/-    0.3   1.8   1.9                           
56569       -2.7   +/-    0.3   1.9   1.9          OP  1310 CirT.310
56574       -3.0   +/-    0.3   1.9   1.9                           
56579       -2.8   +/-    0.3   1.9   1.9                           
56584       -2.6   +/-    0.3   1.9   1.9                           
56589       -2.8   +/-    0.3   1.9   1.9                           
56594       -2.4   +/-    0.3   1.9   1.9                           
56599       -2.9   +/-    0.3   1.8   1.9          OP  1311 CirT.311
56604       -3.1   +/-    0.3   1.8   1.9                           
56609       -3.0   +/-    0.3   1.8   1.9                           
56614       -2.6   +/-    0.3   1.8   1.9                           
56619       -2.4   +/-    0.3   1.8   1.9                           
56624       -3.4   +/-    0.3   1.8   1.9                           
56629       -3.0   +/-    0.3   1.8   1.8          OP  1312 CirT.312
56634       -2.2   +/-    0.3   1.8   1.8                           
56639       -1.1   +/-    0.3   1.8   1.8                           
56644        0.7   +/-    0.3   1.8   1.8                           
56649        3.1   +/-    0.3   1.8   1.8                           
56654        5.1   +/-    0.3   1.8   1.8                           
56659        5.5   +/-    0.3   2.0   2.0          OP  1401 CirT.313
56664        6.0   +/-    0.3   2.0   2.0                           
56669        6.8   +/-    0.3   2.0   2.0                           
56674        6.4   +/-    0.3   2.0   2.0                           
56679        5.5   +/-    0.3   2.0   2.0                           
56684        4.5   +/-    0.3   2.0   2.0                           
56689        3.9   +/-    0.3   2.0   2.0          OP  1402 CirT.314
56694        3.1   +/-    0.3   2.0   2.0                           
56699        2.3   +/-    0.3   2.0   2.0                           
56704        2.1   +/-    0.3   2.0   2.0                           
56709        1.7   +/-    0.3   2.0   2.0                           
56714        0.8   +/-    0.3   2.0   2.0                           
56719        0.2   +/-    0.3   2.0   2.1          OP  1403 CirT.315
56724        0.2   +/-    0.3   2.0   2.1                           
56729        0.8   +/-    0.3   2.0   2.1                           
56734        0.7   +/-    0.3   2.0   2.1                           
56739        0.5   +/-    0.3   2.0   2.1                           
56744        0.7   +/-    0.3   2.0   2.1                           
56749        0.9   +/-    0.3   2.1   2.1          OP  1404 CirT.316
56754        0.9   +/-    0.3   2.1   2.1                           
56759        1.4   +/-    0.3   2.1   2.1                           
56764        1.8   +/-    0.3   2.1   2.1                           
56769        1.5   +/-    0.3   2.1   2.1                           
56774        1.5   +/-    0.3   2.1   2.1                           
56779        1.2   +/-    0.3   2.1   2.1          OP  1405 CirT.317
56784        1.1   +/-    0.3   2.1   2.1                           
56789        1.4   +/-    0.3   2.1   2.1                           
56794        0.6   +/-    0.3   2.1   2.1                           
56799        0.5   +/-    0.3   2.1   2.1                           
56804        0.3   +/-    0.3   2.1   2.1                           
56809        0.1   +/-    0.3   2.1   2.1          OP  1406 CirT.318
56814       -0.3   +/-    0.3   2.1   2.1                           
56819       -0.9   +/-    0.3   2.1   2.1                           
56824       -0.8   +/-    0.3   2.1   2.1                           
56829       -0.8   +/-    0.3   2.1   2.1                           
56834       -0.4   +/-    0.3   2.1   2.1                           
56839        0.2   +/-    0.3   2.1   2.1          OP  1407 CirT.319
56844        0.7   +/-    0.3   2.1   2.1                           
56849        0.6   +/-    0.3   2.1   2.1                           
56854        0.2   +/-    0.3   2.1   2.1                           
56859        0.1   +/-    0.3   2.1   2.1                           
56864       -0.1   +/-    0.3   2.1   2.1                           
56869       -0.7   +/-    0.3   2.1   2.1                           
56874       -0.7   +/-    0.3   2.0   2.1          OP  1408 CirT.320
56879       -1.3   +/-    0.3   2.0   2.1                           
56884       -2.2   +/-    0.3   2.0   2.1                           
56889       -2.0   +/-    0.3   2.0   2.1                           
56894       -2.2   +/-    0.3   2.0   2.1                           
56899       -2.2   +/-    0.3   2.0   2.1                           
56904       -2.3   +/-    0.3   2.1   2.1          OP  1409 CirT.321
56909       -2.3   +/-    0.3   2.1   2.1                           
56914       -2.4   +/-    0.3   2.1   2.1                           
56919       -1.9   +/-    0.3   2.1   2.1                           
56924       -1.8   +/-    0.3   2.1   2.1                           
56929       -1.7   +/-    0.3   2.1   2.1                           
56934       -1.0   +/-    0.3   1.2   1.3          OP  1410 CirT.322
56939       -1.2   +/-    0.3   1.2   1.3                           
56944       -1.5   +/-    0.3   1.2   1.3                           
56949       -1.7   +/-    0.3   1.2   1.3                           
56954       -1.9   +/-    0.3   1.2   1.3                           
56959       -2.3   +/-    0.3   1.2   1.3                           
56964       -2.9   +/-    0.3   1.3   1.3          OP  1411 CirT.323
56969       -3.2   +/-    0.3   1.3   1.3                           
56974       -3.4   +/-    0.3   1.3   1.3                           
56979       -3.2   +/-    0.3   1.3   1.3                           
56984       -2.9   +/-    0.3   1.3   1.3                           
56989       -2.8   +/-    0.3   1.3   1.3                           
56994       -2.4   +/-    0.3   1.3   1.3          OP  1412 CirT.324
56999       -2.1   +/-    0.3   1.3   1.3                           
57004       -2.1   +/-    0.3   1.3   1.3                           
57009       -1.3   +/-    0.3   1.3   1.3                           
57014       -1.0   +/-    0.3   1.3   1.3                           
57019        0.6   +/-    0.3   1.3   1.3                           
57024        0.6   +/-    0.3   1.3   1.3          OP  1501 CirT.325
57029        1.0   +/-    0.3   1.3   1.3                           
57034        1.7   +/-    0.3   1.3   1.3                           
57039        1.4   +/-    0.3   1.3   1.3                           
57044        1.2   +/-    0.3   1.3   1.3                           
57049        1.1   +/-    0.3   1.3   1.3                           
57054        1.4   +/-    0.3   1.3   1.3          OP  1502 CirT.326
57059        0.9   +/-    0.3   1.3   1.3                           
57064        1.4   +/-    0.3   1.3   1.3                           
57069        1.1   +/-    0.3   1.3   1.3                           
57074        1.2   +/-    0.3   1.3   1.3                           
57079        1.1   +/-    0.3   1.3   1.3                           
57084        0.9   +/-    0.3   1.3   1.4          OP  1503 CirT.327
57089        1.3   +/-    0.3   1.3   1.4                           
57094        1.1   +/-    0.3   1.3   1.4                           
57099        0.6   +/-    0.3   1.3   1.4                           
57104        0.4   +/-    0.3   1.3   1.4                           
57109        0.3   +/-    0.3   1.3   1.4                           
57114        0.8   +/-    0.3   1.3   1.4          OP  1504 CirT.328
57119        0.7   +/-    0.3   1.3   1.4                           
57124        0.2   +/-    0.3   1.3   1.4                           
57129        0.4   +/-    0.3   1.3   1.4                           
57134        0.3   +/-    0.3   1.3   1.4                           
57139        0.5   +/-    0.3   1.3   1.4                           
57144        0.6   +/-    0.3   1.2   1.3          OP  1505 CirT.329
57149        0.8   +/-    0.3   1.2   1.3                           
57154        0.4   +/-    0.3   1.2   1.3                           
57159       -0.2   +/-    0.3   1.2   1.3                           
57164       -0.4   +/-    0.3   1.2   1.3                           
57169       -0.5   +/-    0.3   1.2   1.3                           
57174       -1.0   +/-    0.3   1.3   1.3          OP  1506 CirT.330
57179       -1.1   +/-    0.3   1.3   1.3                           
57184       -1.7   +/-    0.3   1.3   1.3                           
57189       -1.6   +/-    0.3   1.3   1.3                           
57194       -1.6   +/-    0.3   1.3   1.3                           
57199       -1.9   +/-    0.3   1.3   1.3                           
57204       -1.9   +/-    0.3   1.2   1.3          OP  1507 CirT.331
57209       -1.7   +/-    0.3   1.2   1.3                           
57214       -1.8   +/-    0.3   1.2   1.3                           
57219       -1.6   +/-    0.3   1.2   1.3                           
57224       -1.5   +/-    0.3   1.2   1.3                           
57229       -1.7   +/-    0.3   1.2   1.3                           
57234       -1.7   +/-    0.3   1.2   1.3                           
57239       -1.6   +/-    0.3   1.2   1.3          OP  1508 CirT.332
57244       -1.5   +/-    0.3   1.2   1.3                           
57249       -1.1   +/-    0.3   1.2   1.3                           
57254       -0.8   +/-    0.3   1.2   1.3                           
57259       -0.4   +/-    0.3   1.2   1.3                           
57264       -0.3   +/-    0.3   1.2   1.3                           
57269       -0.1   +/-    0.3   1.2   1.2          OP  1509 CirT.333
57274        0.4   +/-    0.3   1.2   1.2                           
57279        0.5   +/-    0.3   1.2   1.2                           
57284        0.3   +/-    0.3   1.2   1.2                           
57289        0.9   +/-    0.3   1.2   1.2                           
57294        1.1   +/-    0.3   1.2   1.2                           
57299        1.6   +/-    0.3   1.2   1.2          OP  1510 CirT.334
57304        1.3   +/-    0.3   1.2   1.2                           
57309        1.2   +/-    0.3   1.2   1.2                           
57314        1.0   +/-    0.3   1.2   1.2                           
57319        0.9   +/-    0.3   1.2   1.2                           
57324        1.2   +/-    0.3   1.2   1.2                           
57329        1.1   +/-    0.3   1.2   1.2          OP  1511 CirT.335
57334        1.0   +/-    0.3   1.2   1.2                           
57339        1.0   +/-    0.3   1.2   1.2                           
57344        1.1   +/-    0.3   1.2   1.2                           
57349        0.9   +/-    0.3   1.2   1.2                           
57354        0.9   +/-    0.3   1.2   1.2                           
57359        0.6   +/-    0.3   1.2   1.2          OP  1512 CirT.336
57364        0.0   +/-    0.3   1.2   1.2                           
57369       -0.1   +/-    0.3   1.2   1.2                           
57374        0.1   +/-    0.3   1.2   1.2                           
57379        0.5   +/-    0.3   1.2   1.2                           
57384        0.3   +/-    0.3   1.2   1.2                           
57389        0.0   +/-    0.3   1.4   1.4          OP  1601 CirT.337
57394        0.2   +/-    0.3   1.4   1.4                           
57399        0.8   +/-    0.3   1.4   1.4                           
57404        0.8   +/-    0.3   1.4   1.4                           
57409        0.6   +/-    0.3   1.4   1.4                           
57414        0.9   +/-    0.3   1.4   1.4                           
57419        1.1   +/-    0.3   1.4   1.5          OP  1602 CirT.338
57424        1.2   +/-    0.3   1.4   1.5                           
57429        1.5   +/-    0.3   1.4   1.5                           
57434        1.5   +/-    0.3   1.4   1.5                           
57439        0.9   +/-    0.3   1.4   1.5                           
57444        1.4   +/-    0.3   1.4   1.5                           
57449        1.0   +/-    0.3   1.5   1.5          OP  1603 CirT.339
57454        0.3   +/-    0.3   1.5   1.5                           
57459       -0.2   +/-    0.3   1.5   1.5                           
57464        0.3   +/-    0.3   1.5   1.5                           
57469        0.1   +/-    0.3   1.5   1.5                           
57474        0.0   +/-    0.3   1.5   1.5                           
57479        1.4   +/-    0.3   1.5   1.5          OP  1604 CirT.340
57484        2.5   +/-    0.3   1.5   1.5                           
57489        1.7   +/-    0.3   1.5   1.5                           
57494        1.0   +/-    0.3   1.5   1.5                           
57499        1.0   +/-    0.3   1.5   1.5                           
57504        1.7   +/-    0.3   1.5   1.5                           
57509        2.0   +/-    0.3   1.4   1.5          OP  1605 CirT.341
57514        2.7   +/-    0.3   1.4   1.5                           
57519        2.6   +/-    0.3   1.4   1.5                           
57524        1.9   +/-    0.3   1.4   1.5                           
57529        1.1   +/-    0.3   1.4   1.5                           
57534        1.0   +/-    0.3   1.4   1.5                           
57539        0.5   +/-    0.3   1.4   1.5                           
57544        0.0   +/-    0.3   1.7   1.7          OP  1606 CirT.342
57549       -0.9   +/-    0.3   1.7   1.7                           
57554       -0.8   +/-    0.3   1.7   1.7                           
57559       -0.6   +/-    0.3   1.7   1.7                           
57564       -1.3   +/-    0.3   1.7   1.7                           
57569       -2.3   +/-    0.3   1.7   1.7                           
57574       -1.4   +/-    0.3   1.7   1.8          OP  1607 CirT.343
57579       -0.3   +/-    0.3   1.7   1.8                           
57584        0.0   +/-    0.3   1.7   1.8                           
57589        0.6   +/-    0.3   1.7   1.8                           
57594        1.6   +/-    0.3   1.7   1.8                           
57599        1.4   +/-    0.3   1.7   1.8                           
57604        1.8   +/-    0.3   1.7   1.7          OP  1608 CirT.344
57609        2.5   +/-    0.3   1.7   1.7                           
57614        1.9   +/-    0.3   1.7   1.7                           
57619        1.4   +/-    0.3   1.7   1.7                           
57624        0.7   +/-    0.3   1.7   1.7                           
57629        0.2   +/-    0.3   1.7   1.7                           
57634        0.2   +/-    0.3   1.3   1.4          OP  1609 CirT.345
57639        0.0   +/-    0.3   1.3   1.4                           
57644        0.0   +/-    0.3   1.3   1.4                           
57649        0.3   +/-    0.3   1.3   1.4                           
57654        0.9   +/-    0.3   1.3   1.4                           
57659        0.9   +/-    0.3   1.3   1.4                           
57664        1.3   +/-    0.3   1.3   1.4          OP  1610 CirT.346
57669        2.0   +/-    0.3   1.3   1.4                           
57674        2.3   +/-    0.3   1.3   1.4                           
57679        2.6   +/-    0.3   1.3   1.4                           
57684        3.5   +/-    0.3   1.3   1.4                           
57689        3.8   +/-    0.3   1.3   1.4                           
57694        3.8   +/-    0.3   1.3   1.4          OP  1611 CirT.347
57699        3.9   +/-    0.3   1.3   1.4                           
57704        3.6   +/-    0.3   1.3   1.4                           
57709        2.9   +/-    0.3   1.3   1.4                           
57714        2.9   +/-    0.3   1.3   1.4                           
57719        2.8   +/-    0.3   1.3   1.4                           
57724        1.1   +/-    0.3   1.3   1.4          OP  1612 CirT.348
57729        0.2   +/-    0.3   1.3   1.4                           
57734       -0.3   +/-    0.3   1.3   1.4                           
57739       -1.0   +/-    0.3   1.3   1.4                           
57744       -0.8   +/-    0.3   1.3   1.4                           
57749       -1.5   +/-    0.3   1.3   1.4                           
57754       -1.9   +/-    0.3   1.3   1.4          OP  1701 CirT.349
57759       -2.6   +/-    0.3   1.3   1.4                           
57764       -2.8   +/-    0.3   1.3   1.4                           
57769       -2.2   +/-    0.3   1.3   1.4                           
57774       -1.5   +/-    0.3   1.3   1.4                           
57779       -0.7   +/-    0.3   1.3   1.4                           
57784        0.1   +/-    0.3   1.3   1.4                           
57789        0.7   +/-    0.5   1.3   1.4          OP  1702 CirT.350
57794        1.1   +/-    0.5   1.3   1.4                           
57799        1.4   +/-    0.5   1.3   1.4                           
57804        1.0   +/-    0.5   1.3   1.4                           
57809        1.2   +/-    0.5   1.3   1.4                           
57814        1.3   +/-    0.3   1.3   1.4          OP  1703 CirT.351
57819        0.7   +/-    0.3   1.3   1.4                           
57824        0.3   +/-    0.3   1.3   1.4                           
57829       -0.1   +/-    0.3   1.3   1.4                           
57834        0.0   +/-    0.3   1.3   1.4                           
57839       -0.5   +/-    0.3   1.3   1.4                           
57844       -5.3   +/-    0.5   1.1   1.2          OP  1704 CirT.352
57849       -5.4   +/-    0.5   1.1   1.2                           
57854       -5.2   +/-    0.5   1.1   1.2                           
57859       -5.3   +/-    0.5   1.1   1.2                           
57864       -5.7   +/-    0.5   1.1   1.2                           
57869       -5.7   +/-    0.5   1.1   1.2                           
57874       -6.3   +/-    0.4   1.2   1.3          OP  1705 CirT.353
57879       -6.6   +/-    0.4   1.2   1.3                           
57884       -7.1   +/-    0.4   1.2   1.3                           
57889       -7.2   +/-    0.4   1.2   1.3                           
57894       -7.1   +/-    0.4   1.2   1.3                           
57899       -7.3   +/-    0.4   1.2   1.3                           
57904       -7.2   +/-    0.4   1.2   1.3                           
57909       -7.1   +/-    0.4   1.2   1.3          OP  1706 CirT.354
57914       -6.8   +/-    0.4   1.2   1.3                           
57919       -7.0   +/-    0.4   1.2   1.3                           
57924       -6.4   +/-    0.4   1.2   1.3                           
57929       -5.9   +/-    0.4   1.2   1.3                           
57934       -5.8   +/-    0.4   1.2   1.3                           
57939       -5.1   +/-    0.4   1.2   1.3          OP  1707 CirT.355
57944       -5.0   +/-    0.4   1.2   1.3                           
57949       -3.2   +/-    0.4   1.2   1.3                           
57954       -2.2   +/-    0.4   1.2   1.3                           
57959       -1.8   +/-    0.4   1.2   1.3                           
57964       -1.8   +/-    0.4   1.2   1.3                           
57969       -0.7   +/-    0.4   1.4   1.5          OP  1708 CirT.356
57974        0.2   +/-    0.4   1.4   1.5                           
57979        1.3   +/-    0.4   1.4   1.5                           
57984        1.3   +/-    0.4   1.4   1.5                           
57989        1.3   +/-    0.4   1.4   1.5                           
57994        1.1   +/-    0.4   1.4   1.5                           
57999        1.5   +/-    0.4   1.4   1.5          OP  1709 CirT.357
58004        1.8   +/-    0.4   1.4   1.5                           
58009        2.0   +/-    0.4   1.4   1.5                           
58014        2.3   +/-    0.4   1.4   1.5                           
58019        2.7   +/-    0.4   1.4   1.5                           
58024        2.7   +/-    0.4   1.4   1.5                           
58029        2.2   +/-    0.4   1.6   1.7          OP  1710 CirT.358
58034        1.6   +/-    0.4   1.6   1.7                           
58039        1.3   +/-    0.4   1.6   1.7                           
58044        0.5   +/-    0.4   1.6   1.7                           
58049        0.0   +/-    0.4   1.6   1.7                           
58054       -0.3   +/-    0.4   1.6   1.7                           
58059       -0.8   +/-    0.4   1.6   1.6          OP  1711 CirT.359
58064       -2.0   +/-    0.4   1.6   1.6                           
58069       -2.9   +/-    0.4   1.6   1.6                           
58074       -3.1   +/-    0.4   1.6   1.6                           
58079       -2.8   +/-    0.4   1.6   1.6                           
58084       -2.9   +/-    0.4   1.6   1.6                           
58089       -2.9   +/-    0.4   1.6   1.7          OP  1712 CirT.360
58094       -2.9   +/-    0.4   1.6   1.7                           
58099       -1.7   +/-    0.4   1.6   1.7                           
58104       -0.8   +/-    0.4   1.6   1.7                           
58109       -1.5   +/-    0.4   1.6   1.7                           
58114       -1.7   +/-    0.4   1.6   1.7                           
58119       -1.0   +/-    0.4   1.6   1.7          OP  1801 CirT.361
58124        0.4   +/-    0.4   1.6   1.7                           
58129        0.4   +/-    0.4   1.6   1.7                           
58134        0.3   +/-    0.4   1.6   1.7                           
58139        1.3   +/-    0.4   1.6   1.7                           
58144        2.0   +/-    0.4   1.6   1.7                           
58149        2.4   +/-    0.4   1.6   1.7                           
58154        2.6   +/-    0.4   1.6   1.6          OP  1802 CirT.362
58159        2.2   +/-    0.4   1.6   1.6                           
58164        1.7   +/-    0.4   1.6   1.6                           
58169        1.3   +/-    0.4   1.6   1.6                           
58174        1.4   +/-    0.4   1.6   1.6                           
58179        0.7   +/-    0.4   1.6   1.7          OP  1803 CirT.363
58184        0.2   +/-    0.4   1.6   1.7                           
58189        1.2   +/-    0.4   1.6   1.7                           
58194        1.0   +/-    0.4   1.6   1.7                           
58199       -0.1   +/-    0.4   1.6   1.7                           
58204       -1.7   +/-    0.4   1.6   1.7                           
58209       -2.4   +/-    0.4   1.7   1.7          OP  1804 CirT.364
58214       -2.5   +/-    0.4   1.7   1.7                           
58219       -1.2   +/-    0.4   1.7   1.7                           
58224       -0.8   +/-    0.4   1.7   1.7                           
58229       -1.6   +/-    0.4   1.7   1.7                           
58234       -2.4   +/-    0.4   1.7   1.7                           
58239       -3.3   +/-    0.4   1.7   1.7          OP  1805 CirT.365
58244       -3.8   +/-    0.4   1.7   1.7                           
58249       -3.6   +/-    0.4   1.7   1.7                           
58254       -3.8   +/-    0.4   1.7   1.7                           
58259       -3.9   +/-    0.4   1.7   1.7                           
58264       -4.2   +/-    0.4   1.7   1.7                           
58269       -4.5   +/-    0.4   1.7   1.7                           
58274       -4.2   +/-    0.4   1.7   1.7          OP  1806 CirT.366
58279       -4.2   +/-    0.4   1.7   1.7                           
58284       -4.3   +/-    0.4   1.7   1.7                           
58289       -3.8   +/-    0.4   1.7   1.7                           
58294       -3.5   +/-    0.4   1.7   1.7                           
58299       -2.8   +/-    0.4   1.7   1.7                           
58304       -2.4   +/-    0.4   1.7   1.7          OP  1807 CirT.367
58309       -2.0   +/-    0.4   1.7   1.7                           
58314       -1.6   +/-    0.4   1.7   1.7                           
58319       -1.5   +/-    0.4   1.7   1.7                           
58324       -1.9   +/-    0.4   1.7   1.7                           
58329       -1.9   +/-    0.4   1.7   1.7                           
58334       -2.0   +/-    0.4   1.7   1.8          OP  1808 CirT.368
58339       -1.9   +/-    0.4   1.7   1.8                           
58344       -1.2   +/-    0.4   1.7   1.8                           
58349       -0.4   +/-    0.4   1.7   1.8                           
58354        0.1   +/-    0.4   1.7   1.8                           
58359        1.0   +/-    0.4   1.7   1.8                           
58364        1.5   +/-    0.4   1.7   1.8          OP  1809 CirT.369
58369        2.4   +/-    0.4   1.7   1.8                           
58374        2.9   +/-    0.4   1.7   1.8                           
58379        2.6   +/-    0.4   1.7   1.8                           
58384        2.7   +/-    0.4   1.7   1.8                           
58389        2.6   +/-    0.4   1.7   1.8                           
58394        2.4   +/-    0.4   1.7   1.7          OP  1810 CirT.370
58399        2.3   +/-    0.4   1.7   1.7                           
58404        2.1   +/-    0.4   1.7   1.7                           
58409        1.9   +/-    0.4   1.7   1.7                           
58414        1.8   +/-    0.4   1.7   1.7                           
58419        1.5   +/-    0.4   1.7   1.7                           
58424        0.8   +/-    0.4   1.7   1.7          OP  1811 CirT.371
58429        0.6   +/-    0.4   1.7   1.7                           
58434        0.6   +/-    0.4   1.7   1.7                           
58439        0.4   +/-    0.4   1.7   1.7                           
58444        0.1   +/-    0.4   1.7   1.7                           
58449        0.4   +/-    0.4   1.7   1.7                           
58454        0.1   +/-    0.4   1.7   1.7          OP  1812 CirT.372
58459       -0.5   +/-    0.4   1.7   1.7                           
58464       -0.9   +/-    0.4   1.7   1.7                           
58469       -0.9   +/-    0.4   1.7   1.7                           
58474       -0.4   +/-    0.4   1.7   1.7                           
58479       -0.2   +/-    0.4   1.7   1.7                           
58484       -0.6   +/-    0.4   1.7   1.7          OP  1901 CirT.373
58489       -0.3   +/-    0.4   1.7   1.7                           
58494       -0.3   +/-    0.4   1.7   1.7                           
58499        0.1   +/-    0.4   1.7   1.7                           
58504       -0.2   +/-    0.4   1.7   1.7                           
58509       -0.2   +/-    0.4   1.7   1.7                           
58514        0.0   +/-    0.4   1.7   1.7                           
58519        0.2   +/-    0.4   1.7   1.7          OP  1902 CirT.374
58524        0.1   +/-    0.4   1.7   1.7                           
58529        0.9   +/-    0.4   1.7   1.7                           
58534        0.9   +/-    0.4   1.7   1.7                           
58539        0.7   +/-    0.4   1.7   1.7                           
58544        1.1   +/-    0.4   1.7   1.7          OP  1903 CirT.375
58549        1.3   +/-    0.4   1.7   1.7                           
58554        1.3   +/-    0.4   1.7   1.7                           
58559        0.7   +/-    0.4   1.7   1.7                           
58564        0.2   +/-    0.4   1.7   1.7                           
58569       -0.2   +/-    0.4   1.7   1.7                           
58574        0.4   +/-    0.4   1.3   1.4          OP  1904 CirT.376
58579        0.3   +/-    0.4   1.3   1.4                           
58584        0.2   +/-    0.4   1.3   1.4                           
58589        0.2   +/-    0.4   1.3   1.4                           
58594        0.6   +/-    0.4   1.3   1.4                           
58599        0.9   +/-    0.4   1.3   1.4                           
58604        0.7   +/-    0.3   1.4   1.4          OP  1905 CirT.377
58609        0.8   +/-    0.3   1.4   1.4                           
58614        0.7   +/-    0.3   1.4   1.4                           
58619        0.5   +/-    0.3   1.4   1.4                           
58624       -0.2   +/-    0.3   1.4   1.4                           
58629       -0.5   +/-    0.3   1.4   1.4                           
58634       -0.9   +/-    0.3   1.4   1.4                           
58639       -1.4   +/-    0.3   1.4   1.5          OP  1906 CirT.378
58644       -1.6   +/-    0.3   1.4   1.5                           
58649       -1.7   +/-    0.3   1.4   1.5                           
58654       -1.4   +/-    0.3   1.4   1.5                           
58659       -0.9   +/-    0.3   1.4   1.5                           
58664       -0.3   +/-    0.3   1.4   1.5                           
58669       -0.2   +/-    0.3   1.5   1.5          OP  1907 CirT.379
58674       -0.1   +/-    0.3   1.5   1.5                           
58679       -0.1   +/-    0.3   1.5   1.5                           
58684       -0.4   +/-    0.3   1.5   1.5                           
58689       -0.7   +/-    0.3   1.5   1.5                           
58694       -1.3   +/-    0.3   1.5   1.5                           
58699       -1.6   +/-    0.3   1.5   1.5          OP  1908 CirT.380
58704       -1.5   +/-    0.3   1.5   1.5                           
58709       -1.2   +/-    0.3   1.5   1.5                           
58714       -0.7   +/-    0.3   1.5   1.5                           
58719       -0.5   +/-    0.3   1.5   1.5                           
58724       -0.2   +/-    0.3   1.5   1.5                           
58729        0.2   +/-    0.3   1.5   1.5          OP  1909 CirT.381
58734        0.7   +/-    0.3   1.5   1.5                           
58739        1.1   +/-    0.3   1.5   1.5                           
58744        1.1   +/-    0.3   1.5   1.5                           
58749        1.3   +/-    0.3   1.5   1.5                           
58754        1.5   +/-    0.3   1.5   1.5                           
58759        1.5   +/-    0.3   1.5   1.5          OP  1910 CirT.382
58764        1.9   +/-    0.3   1.5   1.5                           
58769        2.2   +/-    0.3   1.5   1.5                           
58774        2.4   +/-    0.3   1.5   1.5                           
58779        2.3   +/-    0.3   1.5   1.5                           
58784        2.3   +/-    0.3   1.5   1.5                           
58789        2.2   +/-    0.3   1.5   1.5          OP  1911 CirT.383
58794        2.2   +/-    0.3   1.5   1.5                           
58799        2.0   +/-    0.3   1.5   1.5                           
58804        1.8   +/-    0.3   1.5   1.5                           
58809        1.6   +/-    0.3   1.5   1.5                           
58814        1.4   +/-    0.3   1.5   1.5                           
58819        1.1   +/-    0.3   1.1   1.2          OP  1912 CirT.384
58824        1.2   +/-    0.3   1.1   1.2                           
58829        1.1   +/-    0.3   1.1   1.2                           
58834        1.2   +/-    0.3   1.1   1.2                           
58839        1.3   +/-    0.3   1.1   1.2                           
58844        1.2   +/-    0.3   1.1   1.2                           
58849        1.2   +/-    0.3   1.1   1.2          OP  2001 CirT.385
58854        1.5   +/-    0.3   1.1   1.2                           
58859        1.8   +/-    0.3   1.1   1.2                           
58864        1.9   +/-    0.3   1.1   1.2                           
58869        1.4   +/-    0.3   1.1   1.2                           
58874        1.6   +/-    0.3   1.1   1.2                           
58879        1.3   +/-    0.3   1.1   1.2                           
58884        1.0   +/-    0.3   1.1   1.2          OP  2002 CirT.386
58889        1.0   +/-    0.3   1.1   1.2                           
58894        0.4   +/-    0.3   1.1   1.2                           
58899        0.0   +/-    0.3   1.1   1.2                           
58904        0.0   +/-    0.3   1.1   1.2                           
58909       -0.3   +/-    0.3   1.1   1.2          OP  2003 CirT.387
58914       -0.4   +/-    0.3   1.1   1.2                           
58919       -0.7   +/-    0.3   1.1   1.2                           
58924       -1.1   +/-    0.3   1.1   1.2                           
58929       -0.8   +/-    0.3   1.1   1.2                           
58934       -0.7   +/-    0.3   1.1   1.2                           
58939       -0.6   +/-    0.3   1.1   1.2                           
58944       -0.4   +/-    0.3   1.1   1.2          OP  2004 CirT.388
58949       -0.3   +/-    0.3   1.1   1.2                           
58954       -0.4   +/-    0.3   1.1   1.2                           
58959       -0.3   +/-    0.3   1.1   1.2                           
58964       -0.4   +/-    0.3   1.1   1.2                           
58969       -0.4   +/-    0.3   1.1   1.2                           
58974       -0.3   +/-    0.3   1.1   1.2          OP  2005 CirT.389
58979       -0.2   +/-    0.3   1.1   1.2                           
58984       -0.3   +/-    0.3   1.1   1.2                           
58989       -0.2   +/-    0.3   1.1   1.2                           
58994       -0.4   +/-    0.3   1.1   1.2                           
58999       -0.2   +/-    0.3   1.1   1.2                           
59004       -0.4   +/-    0.3   1.2   1.3          OP  2006 CirT.390
59009       -0.5   +/-    0.3   1.2   1.3                           
59014       -0.8   +/-    0.3   1.2   1.3                           
59019       -0.5   +/-    0.3   1.2   1.3                           
59024       -0.7   +/-    0.3   1.2   1.3                           
59029       -0.5   +/-    0.3   1.2   1.3                           
59034       -0.5   +/-    0.3   1.2   1.2          OP  2007 CirT.391
59039       -0.7   +/-    0.3   1.2   1.2                           
59044       -0.7   +/-    0.3   1.2   1.2                           
59049       -0.5   +/-    0.3   1.2   1.2                           
59054       -0.6   +/-    0.3   1.2   1.2                           
59059       -0.1   +/-    0.3   1.2   1.2                           
59064       -0.1   +/-    0.3   1.2   1.2          OP  2008 CirT.392
59069       -0.1   +/-    0.3   1.2   1.2                           
59074       -0.2   +/-    0.3   1.2   1.2                           
59079        0.1   +/-    0.3   1.2   1.2                           
59084        0.4   +/-    0.3   1.2   1.2                           
59089        0.3   +/-    0.3   1.2   1.2                           
59094        0.5   +/-    0.3   1.2   1.2          OP  2009 CirT.393
59099        0.5   +/-    0.3   1.2   1.2                           
59104        0.5   +/-    0.3   1.2   1.2                           
59109        0.3   +/-    0.3   1.2   1.2                           
59114        0.0   +/-    0.3   1.2   1.2                           
59119        0.0   +/-    0.3   1.2   1.2                           
59124        0.0   +/-    0.3   1.2   1.2          OP  2010 CirT.394
59129       -0.2   +/-    0.3   1.2   1.2                           
59134       -0.5   +/-    0.3   1.2   1.2                           
59139       -0.5   +/-    0.3   1.2   1.2                           
59144       -0.5   +/-    0.3   1.2   1.2                           
59149       -0.6   +/-    0.3   1.2   1.2                           
59154       -1.3   +/-    0.3   1.2   1.3          OP  2011 CirT.395
59159       -1.7   +/-    0.3   1.2   1.3                           
59164       -1.8   +/-    0.3   1.2   1.3                           
59169       -1.7   +/-    0.3   1.2   1.3                           
59174       -2.4   +/-    0.3   1.2   1.3                           
59179       -2.0   +/-    0.3   1.2   1.3                           
59184       -2.8   +/-    0.3   1.2   1.2          OP  2012 CirT.396
59189       -2.4   +/-    0.3   1.2   1.2                           
59194       -2.3   +/-    0.3   1.2   1.2                           
59199       -1.8   +/-    0.3   1.2   1.2                           
59204       -1.7   +/-    0.3   1.2   1.2                           
59209       -1.4   +/-    0.3   1.2   1.2                           
59214       -1.2   +/-    0.3   1.2   1.2                           
59219       -0.6   +/-    0.3   1.2   1.3          OP  2101 CirT.397
59224       -0.7   +/-    0.3   1.2   1.3                           
59229       -0.5   +/-    0.3   1.2   1.3                           
59234        0.0   +/-    0.3   1.2   1.3                           
59239       -0.4   +/-    0.3   1.2   1.3                           
59244       -0.2   +/-    0.3   1.2   1.3                           
59249        0.1   +/-    0.3   1.3   1.3          OP  2102 CirT.398
59254       -0.1   +/-    0.3   1.3   1.3                           
59259       -0.3   +/-    0.3   1.3   1.3                           
59264        0.1   +/-    0.3   1.3   1.3                           
59269        0.4   +/-    0.3   1.3   1.3                           
59274        0.0   +/-    0.3   1.3   1.3          OP  2103 CirT.399
59279       -0.2   +/-    0.3   1.3   1.3                           
59284       -0.1   +/-    0.3   1.3   1.3                           
59289        0.0   +/-    0.3   1.3   1.3                           
59294       -0.3   +/-    0.3   1.3   1.3                           
59299        0.0   +/-    0.3   1.3   1.3                           
59304        0.1   +/-    0.3   1.3   1.3                           
59309        0.2   +/-    0.3   1.3   1.3          OP  2104 CirT.400
59314       -0.2   +/-    0.3   1.3   1.3                           
59319       -0.3   +/-    0.3   1.3   1.3                           
59324       -0.1   +/-    0.3   1.3   1.3                           
59329        0.0   +/-    0.3   1.3   1.3                           
59334        0.1   +/-    0.3   1.3   1.3                           
59339        0.2   +/-    0.3   1.3   1.4          OP  2105 CirT.401
59344        0.8   +/-    0.3   1.3   1.4                           
59349        0.6   +/-    0.3   1.3   1.4                           
59354        0.5   +/-    0.3   1.3   1.4                           
59359        0.0   +/-    0.3   1.3   1.4                           
59364        0.0   +/-    0.3   1.3   1.4                           
59369       -0.6   +/-    0.3   1.3   1.4          OP  2106 CirT.402
59374       -0.4   +/-    0.3   1.3   1.4                           
59379       -0.6   +/-    0.3   1.3   1.4                           
59384       -0.5   +/-    0.3   1.3   1.4                           
59389       -0.8   +/-    0.3   1.3   1.4                           
59394       -1.0   +/-    0.3   1.3   1.4                           
59399       -1.2   +/-    0.3   1.4   1.5          OP  2107 CirT.403
59404       -1.5   +/-    0.3   1.4   1.5                           
59409       -1.3   +/-    0.3   1.4   1.5                           
59414       -1.1   +/-    0.3   1.4   1.5                           
59419       -1.0   +/-    0.3   1.4   1.5                           
59424       -0.7   +/-    0.3   1.4   1.5                           
59429       -1.1   +/-    0.3   1.4   1.4          OP  2108 CirT.404
59434       -1.1   +/-    0.3   1.4   1.4                           
59439       -1.0   +/-    0.3   1.4   1.4                           
59444       -1.3   +/-    0.3   1.4   1.4                           
59449       -1.1   +/-    0.3   1.4   1.4                           
59454       -1.4   +/-    0.3   1.4   1.4                           
59459       -1.3   +/-    0.3   1.4   1.4          OP  2109 CirT.405
59464       -1.4   +/-    0.3   1.4   1.4                           
59469       -1.5   +/-    0.3   1.4   1.4                           
59474       -1.2   +/-    0.3   1.4   1.4                           
59479       -0.9   +/-    0.3   1.4   1.4                           
59484       -0.7   +/-    0.3   1.4   1.4                           
59489       -0.3   +/-    0.3   1.4   1.4          OP  2110 CirT.406
59494       -0.4   +/-    0.3   1.4   1.4                           
59499        0.3   +/-    0.3   1.4   1.4                           
59504        0.8   +/-    0.3   1.4   1.4                           
59509        0.7   +/-    0.3   1.4   1.4                           
59514        1.1   +/-    0.3   1.4   1.4                           
59519        1.4   +/-    0.3   1.4   1.4          OP  2111 CirT.407
59524        1.0   +/-    0.3   1.4   1.4                           
59529        1.0   +/-    0.3   1.4   1.4                           
59534        0.9   +/-    0.3   1.4   1.4                           
59539        0.6   +/-    0.3   1.4   1.4                           
59544        0.2   +/-    0.3   1.4   1.4                           
59549        0.6   +/-    0.3   1.5   1.5          OP  2112 CirT.408
59554        0.2   +/-    0.3   1.5   1.5                           
59559       -0.1   +/-    0.3   1.5   1.5                           
59564        0.0   +/-    0.3   1.5   1.5                           
59569        0.3   +/-    0.3   1.5   1.5                           
59574        0.8   +/-    0.3   1.5   1.5                           
59579        1.0   +/-    0.3   1.5   1.5                           
59584        1.2   +/-    0.3   1.4   1.4          OP  2201 CirT.409
59589        1.6   +/-    0.3   1.4   1.4                           
59594        1.3   +/-    0.3   1.4   1.4                           
59599        1.1   +/-    0.3   1.4   1.4                           
59604        0.8   +/-    0.3   1.4   1.4                           
59609        0.6   +/-    0.3   1.4   1.4                           
59614        0.4   +/-    0.3   1.3   1.3          OP  2202 CirT.410
59619       -0.2   +/-    0.3   1.3   1.3                           
59624       -0.1   +/-    0.3   1.3   1.3                           
59629       -0.3   +/-    0.3   1.3   1.3                           
59634       -0.5   +/-    0.3   1.3   1.3                           
59639       -0.6   +/-    0.3   1.3   1.3          OP  2203 CirT.411
59644       -0.6   +/-    0.3   1.3   1.3                           
59649       -0.5   +/-    0.3   1.3   1.3                           
59654       -0.5   +/-    0.3   1.3   1.3                           
59659       -0.4   +/-    0.3   1.3   1.3                           
59664       -0.3   +/-    0.3   1.3   1.3                           
59669        0.0   +/-    0.3   1.3   1.3                           
59674        0.2   +/-    0.3   1.3   1.3          OP  2204 CirT.412
59679        0.1   +/-    0.3   1.3   1.3                           
59684        0.2   +/-    0.3   1.3   1.3                           
59689        0.1   +/-    0.3   1.3   1.3                           
59694        0.2   +/-    0.3   1.3   1.3                           
59699        0.0   +/-    0.3   1.3   1.3                           
59704       -0.1   +/-    0.3   1.6   1.6          OP  2205 CirT.413
59709        0.0   +/-    0.3   1.6   1.6                           
59714       -0.4   +/-    0.3   1.6   1.6                           
59719       -0.4   +/-    0.3   1.6   1.6                           
59724       -0.4   +/-    0.3   1.6   1.6                           
59729       -0.4   +/-    0.3   1.6   1.6                           
59734       -0.5   +/-    0.3   1.4   1.4          OP  2206 CirT.414
59739       -0.6   +/-    0.3   1.4   1.4                           
59744       -0.6   +/-    0.3   1.4   1.4                           
59749       -0.5   +/-    0.3   1.4   1.4                           
59754       -0.4   +/-    0.3   1.4   1.4                           
59759       -0.5   +/-    0.3   1.4   1.4                           
59764       -0.4   +/-    0.3   1.4   1.4          OP  2207 CirT.415
59769       -0.3   +/-    0.3   1.4   1.4                           
59774       -0.2   +/-    0.3   1.4   1.4                           
59779        0.2   +/-    0.3   1.4   1.4                           
59784        0.2   +/-    0.3   1.4   1.4                           
59789        0.2   +/-    0.3   1.4   1.4                           
59794        0.3   +/-    0.3   1.4   1.4          OP  2208 CirT.416
59799        0.3   +/-    0.3   1.4   1.4                           
59804        0.4   +/-    0.3   1.4   1.4                           
59809        0.5   +/-    0.3   1.4   1.4                           
59814        0.5   +/-    0.3   1.4   1.4                           
59819        0.9   +/-    0.3   1.4   1.4                           
59824        0.9   +/-    0.3   1.4   1.5          OP  2209 CirT.417
59829        1.0   +/-    0.3   1.4   1.5                           
59834        0.9   +/-    0.3   1.4   1.5                           
59839        0.8   +/-    0.3   1.4   1.5                           
59844        0.6   +/-    0.3   1.4   1.5                           
59849        0.2   +/-    0.3   1.4   1.5                           
59854       -0.1   +/-    0.3   1.4   1.5          OP  2210 CirT.418
59859       -0.3   +/-    0.3   1.4   1.5                           
59864       -0.5   +/-    0.3   1.4   1.5                           
59869       -0.3   +/-    0.3   1.4   1.5                           
59874       -0.2   +/-    0.3   1.4   1.5                           
59879       -0.3   +/-    0.3   1.4   1.5                           
59884       -0.4   +/-    0.3   1.6   1.6          OP  2211 CirT.419
59889       -0.5   +/-    0.3   1.6   1.6                           
59894       -0.4   +/-    0.3   1.6   1.6                           
59899       -0.4   +/-    0.3   1.6   1.6                           
59904       -0.3   +/-    0.3   1.6   1.6                           
59909       -0.5   +/-    0.3   1.6   1.6                           
59914       -0.3   +/-    0.3   1.6   1.7          OP  2212 CirT.420
59919        0.0   +/-    0.3   1.6   1.7                           
59924        0.1   +/-    0.3   1.6   1.7                           
59929        0.6   +/-    0.3   1.6   1.7                           
59934        1.5   +/-    0.3   1.6   1.7                           
59939        2.0   +/-    0.3   1.6   1.7                           
59944        2.2   +/-    0.3   1.6   1.7                           
59949        2.3   +/-    0.3   1.7   1.7          OP  2301 CirT.421
59954        2.8   +/-    0.3   1.7   1.7                           
59959        3.0   +/-    0.3   1.7   1.7                           
59964        2.6   +/-    0.3   1.7   1.7                           
59969        2.3   +/-    0.3   1.7   1.7                           
59974        1.8   +/-    0.3   1.7   1.7                           
59979        1.6   +/-    0.3   1.7   1.7          OP  2302 CirT.422
59984        1.7   +/-    0.3   1.7   1.7                           
59989        0.8   +/-    0.3   1.7   1.7                           
59994        1.0   +/-    0.3   1.7   1.7                           
59999        0.9   +/-    0.3   1.7   1.7                           
60004        1.2   +/-    0.3   1.7   1.7          OP  2303 CirT.423
60009        0.9   +/-    0.3   1.7   1.7                           
60014        0.9   +/-    0.3   1.7   1.7                           
60019        0.6   +/-    0.3   1.7   1.7                           
60024        0.6   +/-    0.3   1.7   1.7                           
60029        1.0   +/-    0.3   1.7   1.7                           
60034        0.9   +/-    0.3   1.7   1.7                           
60039        1.0   +/-    0.3   1.5   1.6          OP  2304 CirT.424
60044        1.0   +/-    0.3   1.5   1.6                           
60049        0.8   +/-    0.3   1.5   1.6                           
60054        0.6   +/-    0.3   1.5   1.6                           
60059        0.4   +/-    0.3   1.5   1.6                           
60064       -0.5   +/-    0.3   1.5   1.6                           
60069        0.4   +/-    0.3   1.6   1.6          OP  2305 CirT.425
60074        0.7   +/-    0.3   1.6   1.6                           
60079        0.8   +/-    0.3   1.6   1.6                           
60084        1.0   +/-    0.3   1.6   1.6                           
60089        1.3   +/-    0.3   1.6   1.6                           
60094        1.7   +/-    0.3   1.6   1.6                           
60099        2.5   +/-    0.3   1.6   1.6          OP  2306 CirT.426
60104        3.1   +/-    0.3   1.6   1.6                           
60109        2.7   +/-    0.3   1.6   1.6                           
60114        2.2   +/-    0.3   1.6   1.6                           
60119        1.6   +/-    0.3   1.6   1.6                           
60124        1.1   +/-    0.3   1.6   1.6                           
60129        0.9   +/-    0.3   1.6   1.6          OP  2307 CirT.427
60134        0.3   +/-    0.3   1.6   1.6                           
60139       -0.5   +/-    0.3   1.6   1.6                           
60144       -1.3   +/-    0.3   1.6   1.6                           
60149       -2.2   +/-    0.3   1.6   1.6                           
60154       -2.7   +/-    0.3   1.6   1.6                           
60159       -3.2   +/-    0.3   1.6   1.6          OP  2308 CirT.428
60164       -4.0   +/-    0.3   1.6   1.6                           
60169       -3.8   +/-    0.3   1.6   1.6                           
60174       -3.4   +/-    0.3   1.6   1.6                           
60179       -2.9   +/-    0.3   1.6   1.6                           
60184       -2.7   +/-    0.3   1.6   1.6                           
60189       -2.4   +/-    0.3   1.6   1.6          OP  2309 CirT.429
60194       -2.2   +/-    0.3   1.6   1.6                           
60199       -1.2   +/-    0.3   1.6   1.6                           
60204       -0.8   +/-    0.3   1.6   1.6                           
60209       -0.4   +/-    0.3   1.6   1.6                           
60214        0.3   +/-    0.3   1.6   1.6                           
60219        0.5   +/-    0.3   1.6   1.7          OP  2310 CirT.430
60224        1.0   +/-    0.3   1.6   1.7                           
60229        1.3   +/-    0.3   1.6   1.7                           
60234        1.4   +/-    0.3   1.6   1.7                           
60239        1.6   +/-    0.3   1.6   1.7                           
60244        1.2   +/-    0.3   1.6   1.7                           
60249        1.8   +/-    0.3   1.6   1.7          OP  2311 CirT.431
60254        1.5   +/-    0.3   1.6   1.7                           
60259        2.0   +/-    0.3   1.6   1.7                           
60264        2.3   +/-    0.3   1.6   1.7                           
60269        2.2   +/-    0.3   1.6   1.7                           
60274        2.7   +/-    0.3   1.6   1.7                           
60279        2.3   +/-    0.3   1.7   1.7          OP  2312 CirT.432
60284        2.4   +/-    0.3   1.7   1.7                           
60289        2.6   +/-    0.3   1.7   1.7                           
60294        1.5   +/-    0.3   1.7   1.7                           
60299        1.4   +/-    0.3   1.7   1.7                           
60304        0.8   +/-    0.3   1.7   1.7                           
60309        0.3   +/-    0.3   1.7   1.7                           
60314       -0.2   +/-    0.3   1.7   1.8          OP  2401 CirT.433
60319       -0.7   +/-    0.3   1.7   1.8                           
60324       -0.5   +/-    0.3   1.7   1.8                           
60329       -0.6   +/-    0.3   1.7   1.8                           
60334       -1.0   +/-    0.3   1.7   1.8                           
60339       -1.2   +/-    0.3   1.7   1.8                           
60344       -1.2   +/-    0.3   1.7   1.8          OP  2402 CirT.434
60349       -0.8   +/-    0.3   1.7   1.8                           
60354       -1.1   +/-    0.3   1.7   1.8                           
60359       -0.6   +/-    0.3   1.7   1.8                           
60364        0.2   +/-    0.3   1.7   1.8                           
60369        0.0   +/-    0.3   1.7   1.8                           
60374        0.2   +/-    0.3   1.7   1.7          OP  2403 CirT.435
60379        0.5   +/-    0.3   1.7   1.7                           
60384        0.1   +/-    0.3   1.7   1.7                           
60389        0.1   +/-    0.3   1.7   1.7                           
60394        0.1   +/-    0.3   1.7   1.7                           
60399        0.0   +/-    0.3   1.7   1.7                           
60404       -0.3   +/-    0.3   1.7   1.7          OP  2404 CirT.436
60409       -0.1   +/-    0.3   1.7   1.7                           
60414       -0.6   +/-    0.3   1.7   1.7                           
60419       -0.5   +/-    0.3   1.7   1.7                           
60424       -0.5   +/-    0.3   1.7   1.7                           
60429       -0.4   +/-    0.3   1.7   1.7                           
60434       -0.7   +/-    0.2   1.6   1.6          OP  2405 CirT.437
60439       -1.2   +/-    0.2   1.6   1.6                           
60444       -0.7   +/-    0.2   1.6   1.6                           
60449       -1.1   +/-    0.2   1.6   1.6                           
60454       -1.4   +/-    0.2   1.6   1.6                           
60459       -1.3   +/-    0.2   1.6   1.6                           
60464       -1.6   +/-    0.2   1.7   1.7          OP  2406 CirT.438
60469       -1.3   +/-    0.2   1.7   1.7                           
60474       -1.3   +/-    0.2   1.7   1.7                           
60479       -0.7   +/-    0.2   1.7   1.7                           
60484       -0.6   +/-    0.2   1.7   1.7                           
60489        0.0   +/-    0.2   1.7   1.7                           
60494       -0.3   +/-    0.2   1.7   1.7          OP  2407 CirT.439
60499        0.4   +/-    0.2   1.7   1.7                           
60504        0.7   +/-    0.2   1.7   1.7                           
60509        0.7   +/-    0.2   1.7   1.7                           
60514        1.0   +/-    0.2   1.7   1.7                           
60519        1.1   +/-    0.2   1.7   1.7                           
60524        1.3   +/-    0.2   1.7   1.7          OP  2408 CirT.440
60529        1.3   +/-    0.2   1.7   1.7                           
60534        1.3   +/-    0.2   1.7   1.7                           
60539        1.2   +/-    0.2   1.7   1.7                           
60544        1.1   +/-    0.2   1.7   1.7                           
60549        0.8   +/-    0.2   1.7   1.7                           
60554        0.8   +/-    0.2   1.7   1.7          OP  2409 CirT.441
60559        1.0   +/-    0.2   1.7   1.7                           
60564        1.1   +/-    0.2   1.7   1.7                           
60569        0.9   +/-    0.2   1.7   1.7                           
60574        2.0   +/-    0.2   1.7   1.7                           
60579        2.1   +/-    0.2   1.7   1.7                           
60584        0.8   +/-    0.2   1.0   1.0          OP  2410 CirT.442
60589        0.7   +/-    0.2   1.0   1.0                           
60594        0.4   +/-    0.2   1.0   1.0                           
60599        0.4   +/-    0.2   1.0   1.0                           
60604        0.6   +/-    0.2   1.0   1.0                           
60609        0.5   +/-    0.2   1.0   1.0                           
60614        0.7   +/-    0.2   1.0   1.0                           
60619        0.4   +/-    0.2   1.0   1.0          OP  2411 CirT.443
60624        0.4   +/-    0.2   1.0   1.0                           
60629        1.3   +/-    0.2   1.0   1.0                           
60634        1.5   +/-    0.2   1.0   1.0                           
60639        1.4   +/-    0.2   1.0   1.0                           
60644        0.9   +/-    0.2   1.0   1.0                           
60649        0.7   +/-    0.2   1.0   1.0          OP  2412 CirT.444
60654        1.1   +/-    0.2   1.0   1.0                           
60659        0.9   +/-    0.2   1.0   1.0                           
60664        1.2   +/-    0.2   1.0   1.0                           
60669        0.9   +/-    0.2   1.0   1.0                           
60674        0.9   +/-    0.2   1.0   1.0                           
60679        0.8   +/-    0.2   1.0   1.0          OP  2501 CirT.445
60684        0.9   +/-    0.2   1.0   1.0                           
60689        0.4   +/-    0.2   1.0   1.0                           
60694        0.7   +/-    0.2   1.0   1.0                           
60699        1.3   +/-    0.2   1.0   1.0                           
60704        1.3   +/-    0.2   1.0   1.0                           
60709        1.1   +/-    0.2   1.0   1.0          OP  2502 CirT.446
60714        1.8   +/-    0.2   1.0   1.0                           
60719        1.8   +/-    0.2   1.0   1.0                           
60724        1.7   +/-    0.2   1.0   1.0                           
60729        1.6   +/-    0.2   1.0   1.0                           
60734        1.3   +/-    0.2   1.0   1.0                           
60739        0.9   +/-    0.2   1.0   1.0          OP  2503 CirT.447
60744        1.2   +/-    0.2   1.0   1.0                           
60749        0.6   +/-    0.2   1.0   1.0                           
60754        0.1   +/-    0.2   1.0   1.0                           
60759        0.5   +/-    0.2   1.0   1.0                           
60764       -0.3   +/-    0.2   1.0   1.0                           
60769       -0.2   +/-    0.3   1.0   1.0          OP  2504 CirT.448
60774       -0.5   +/-    0.3   1.0   1.0                           
60779       -0.5   +/-    0.3   1.0   1.0                           
60784       -0.3   +/-    0.3   1.0   1.0                           
60789       -0.2   +/-    0.3   1.0   1.0                           
60794       -0.2   +/-    0.3   1.0   1.0                           
60799        0.0   +/-    0.3   1.1   1.1          OP  2505 CirT.449
60804       -0.1   +/-    0.3   1.1   1.1                           
60809       -0.3   +/-    0.3   1.1   1.1                           
60814       -0.7   +/-    0.3   1.1   1.1                           
60819       -0.7   +/-    0.3   1.1   1.1                           
60824       -1.0   +/-    0.3   1.1   1.1                           
60829       -1.2   +/-    0.2   1.1   1.1          OP  2506 CirT.450
60834       -1.2   +/-    0.2   1.1   1.1                           
60839       -1.6   +/-    0.2   1.1   1.1                           
60844       -1.5   +/-    0.2   1.1   1.1                           
60849       -1.5   +/-    0.2   1.1   1.1                           
60854       -1.1   +/-    0.2   1.1   1.1                           
60859       -1.1   +/-    0.2   1.1   1.1          OP  2507 CirT.451
60864       -1.0   +/-    0.2   1.1   1.1                           
60869       -1.3   +/-    0.2   1.1   1.1                           
60874       -1.5   +/-    0.2   1.1   1.1                           
60879       -1.4   +/-    0.2   1.1   1.1                           
60884       -1.8   +/-    0.2   1.1   1.1                           
60889       -1.7   +/-    0.2   1.1   1.1          OP  2508 CirT.452
60894       -2.0   +/-    0.2   1.1   1.1                           
60899       -1.6   +/-    0.2   1.1   1.1                           
60904       -1.4   +/-    0.2   1.1   1.1                           
60909       -1.0   +/-    0.2   1.1   1.1                           
60914       -0.9   +/-    0.2   1.1   1.1                           
60919       -0.3   +/-    0.2   1.1   1.1          OP  2509 CirT.453
60924       -0.5   +/-    0.2   1.1   1.1                           
60929       -0.1   +/-    0.2   1.1   1.1                           
60934        0.3   +/-    0.2   1.1   1.1                           
60939        0.3   +/-    0.2   1.1   1.1                           
60944        0.4   +/-    0.2   1.1   1.1                           
60949        0.4   +/-    0.2   1.1   1.1          OP  2510 CirT.454
60954        0.6   +/-    0.2   1.1   1.1                           
60959        0.4   +/-    0.2   1.1   1.1                           
60964        0.5   +/-    0.2   1.1   1.1                           
60969        1.1   +/-    0.2   1.1   1.1                           
60974        0.9   +/-    0.2   1.1   1.1                           
60979        0.7   +/-    0.2   1.1   1.1                           
60984        0.4   +/-    0.2   1.1   1.1          OP  2511 CirT.455
60989        0.6   +/-    0.2   1.1   1.1                           
60994        0.7   +/-    0.2   1.1   1.1                           
60999        0.1   +/-    0.2   1.1   1.1                           
61004        0.4   +/-    0.2   1.1   1.1                           
61009        0.2   +/-    0.2   1.1   1.1                           
61014        0.2   +/-    0.2   1.1   1.1          OP  2512 CirT.456
61019       -0.1   +/-    0.2   1.1   1.1                           
61024       -0.5   +/-    0.2   1.1   1.1                           
61029        0.2   +/-    0.2   1.1   1.1                           
61034        0.4   +/-    0.2   1.1   1.1                           
61039       -0.1   +/-    0.2   1.1   1.1                           
61044        0.2   +/-    0.2   1.2   1.2          OP  2601 CirT.457
61049        0.2   +/-    0.2   1.2   1.2                           
61054       -0.1   +/-    0.2   1.2   1.2                           
61059        0.1   +/-    0.2   1.2   1.2                           
61064        0.3   +/-    0.2   1.2   1.2                           
61069        0.4   +/-    0.2   1.2   1.2                           
61074        0.2   +/-    0.2   1.2   1.2          OP  2602 CirT.458
61079        0.2   +/-    0.2   1.2   1.2                           
61084        0.0   +/-    0.2   1.2   1.2                           
61089       -0.3   +/-    0.2   1.2   1.2                           
61094       -0.2   +/-    0.2   1.2   1.2                           
61099       -0.3   +/-    0.2   1.2   1.2                           
