 MJD  [UTC-UTC(USNO)]/ns  uA/ns  uB/ns  u/ns  

50814       -3
50819       -5
50824       -4
50829       -5
50834       -3
50839       -2
50844       -3
50849       -2
50854        2
50859        4
50864        7
50869       10
50874       12
50879       12
50884       16
50889       17
50894       19
50899       17
50904       19
50909       20
50914       23
50919       22
50924       24
50929       24
50934       24
50939       23
50944       24
50949       23
50954       23
50959       21
50964       19
50969       22
50974       22
50979       23
50984       23
50989       23
50994       25
50999       23
51004       23
51009       24
51014       26
51019       24
51024       24
51029       18
51034       23
51039       21
51044       20
51049       18
51054       15
51059       11
51064        8
51069        6
51074        6
51079        2
51084        2
51089        2
51094        0
51099       -1
51104        1
51109        1
51114        2
51119       -1
51124        2
51129        3
51134        7
51139        2
51144       -2
51149       -2
51154       -3
51159       -2
51164       -5
51169       -6
51174       -7
51179       -6
51184        0
51189        0
51194       -2
51199       -4
51204       -1
51209        2
51214        4
51219        6
51224        7
51229        9
51234        7
51239        6
51244        5
51249        4
51254        1
51259        3
51264        4
51269        6
51274        7
51279        3
51284        4
51289        4
51294        8
51299        7
51304        7
51309        6
51314        6
51319        4
51324        2
51329        2
51334       -1
51339       -1
51344       -5
51349       -4
51354       -8
51359       -7
51364       -4
51369       -3
51374       -4
51379       -3
51384       -3
51389       -3
51394       -1
51399        0
51404        5
51409        7
51414        6
51419        8
51424        6
51429        5
51434        3
51439        0
51444        2
51449        2
51454        1
51459       -1
51464       -2
51469       -1
51474        1
51479       -2
51484       -3
51489       -7
51494       -8
51499      -10
51504      -11
51509      -11
51514       -8
51519       -5
51524       -5
51529       -4
51534       -6
51539       -5
51544       -2
51549       -3
51554       -5
51559       -3
51564       -6
51569       -8
51574      -11
51579      -14
51584      -19
51589      -20
51594      -20
51599      -13
51604      -12
51609       -9
51614       -7
51619       -3
51624       -4
51629        3
51634        6
51639        7
51644        9
51649       10
51654       10
51659       13
51664       12
51669       11
51674       12
51679       10
51684       11
51689       10
51694        7
51699        8
51704        6
51709        5
51714        4
51719        3
51724        2
51729        7
51734        3
51739        5
51744        7
51749        9
51754        9
51759       10
51764        6
51769        8
51774        7
51779        7
51784        6
51789        2
51794        1
51799       -2
51804       -4
51809       -4
51814       -3
51819       -3
51824       -2
51829       -5
51834       -4
51839       -5
51844       -7
51849       -4
51854       -4
51859       -1
51864        3
51869        3
51874        6
51879        4
51884        4
51889        2
51894        4
51899        1
51904        2
51909        4
51914        5
51919        2
51924        4
51929        5
51934        6
51939        5
51944        5
51949        7
51954        5
51959        6
51964        6
51969        3
51974        2
51979        1
51984        2
51989        0
51994       -4
51999       -3
52004       -8
52009       -5
52014       -6
52019       -4
52024       -6
52029       -6
52034       -4
52039       -3
52044       -2
52049        1
52054        1
52059        1
52064        4
52069        6
52074        7
52079        7
52084       10
52089       12
52094        9
52099       11
52104       10
52109       10
52114        9
52119        9
52124        8
52129        7
52134        5
52139        6
52144        4
52149        7
52154        6
52159        6
52164        5
52169        5
52174        5
52179        6
52184        4
52189        6
52194        7
52199        7
52204        9
52209        9
52214        7
52219        8
52224        6
52229        5
52234        6
52239        5
52244        4
52249        5
52254        4
52259        2
52264        3
52269        0
52274        0
52279       -1
52284        1
52289        1
52294        0
52299        1
52304        0
52309        2
52314        0
52319        3
52324        1
52329        1
52334        2
52339        2
52344        2
52349        3
52354        3
52359        4
52364        4
52369        2
52374        3
52379        5
52384        4
52389        2
52394        2
52399       -1
52404        0
52409        0
52414       -1
52419       -3
52424       -3
52429       -3
52434       -1
52439        0
52444       -3
52449       -3
52454       -2
52459       -2
52464       -4
52469       -4
52474       -4
52479       -4
52484       -5
52489       -4
52494       -3
52499       -3
52504       -5
52509       -4
52514       -4
52519       -4
52524       -4
52529       -4
52534       -3
52539       -4
52544       -4
52549       -4
52554       -4
52559       -4
52564       -3
52569       -4
52574       -3
52579       -5
52584       -4
52589       -4
52594       -5
52599       -4
52604       -5
52609       -5
52614       -1
52619       -2
52624       -4
52629       -2
52634        0
52639        2
52644        1.9
52649        2.7
52654        0.9
52659        3.1
52664        3.6
52669        3.6
52674        4.9
52679        5.9
52684        4.1
52689        5.0
52694        5.1
52699        6.1
52704        4.8
52709        5.4
52714        5.7
52719        4.7
52724        3.4
52729        3.0
52734        2.0
52739        0.9
52744       -0.1
52749        0.1
52754       -0.2
52759       -0.6
52764        1.0
52769       -0.7
52774       -0.5
52779       -2.3
52784       -2.0
52789       -2.3
52794       -1.7
52799       -2.2
52804       -2.6
52809       -2.3
52814       -2.6
52819       -3.4
52824       -1.1
52829       -1.4
52834       -1.3
52839       -2.0
52844       -2.4
52849       -1.8
52854       -2.0
52859       -1.4
52864       -1.6
52869       -2.9
52874       -1.9
52879       -1.1
52884       -1.9
52889       -0.3
52894        0.2
52899        0.1
52904       -0.4
52909        0.4
52914        1.1
52919        1.2
52924        1.3
52929        1.3
52934        1.4
52939        3.9
52944        2.4
52949        3.4
52954        5.1
52959        5.0
52964        4.1
52969        4.8
52974        5.8
52979        8.3
52984        8.1
52989        6.2
52994        7.0
52999        7.4
53004        8.5
53009        9.9
53014       12.4
53019       13.1
53024       12.3
53029       10.9
53034       12.6
53039       10.5
53044       10.5
53049       10.1
53054       10.3
53059        9.6
53064        7.7
53069        5.3
53074        2.7
53079        1.5
53084        1.7
53089        0.7
53094       -0.7
53099       -1.9
53104       -3.1
53109       -4.8
53114       -6.6
53119       -5.8
53124       -5.2
53129       -4.9
53134       -4.3
53139       -3.7
53144       -3.9
53149       -3.3
53154       -2.9
53159       -3.1
53164       -3.7
53169       -3.7
53174       -3.9
53179       -4.2
53184       -3.8
53189       -2.0
53194       -3.1
53199       -2.7
53204       -1.4
53209       -1.4
53214       -1.1
53219       -0.9
53224       -0.7
53229       -1.4
53234       -0.7
53239       -1.2
53244       -1.5
53249       -1.9
53254       -2.9
53259       -4.5
53264       -5.4
53269       -5.2
53274       -6.3
53279       -6.5
53284       -6.8
53289       -6.4
53294       -6.5
53299       -7.5
53304       -6.2
53309       -5.4
53314       -7.0
53319       -8.2
53324       -9.8
53329       -8.9
53334       -9.8
53339       -8.2
53344       -7.6
53349       -7.4
53354       -6.9
53359       -6.6
53364       -5.9
53369       -4.9
53374       -4.7
53379       -5.1
53384       -4.6
53389       -3.5
53394       -3.5
53399       -2.5
53404       -1.2
53409       -1.8
53414       -2.1
53419       -2.3
53424       -0.8
53429       -1.5
53434       -1.0
53439       -0.2
53444       -0.8
53449       -0.9
53454       -0.6
53459       -0.6
53464       -0.5
53469        0.0
53474        0.1
53479        0.3
53484        0.8
53489        0.3
53494        1.7          USNO0505 CirT.209
53499        1.7                           
53504        2.4                           
53509        3.0                           
53514        4.5                           
53519        3.5                           
53524        5.4          USNO0506 CirT.210
53529        5.3                           
53534        4.7                           
53539        4.8                           
53544        3.1                           
53549        2.4                           
53554        2.3          USNO0507 CirT.211
53559        2.1                           
53564        1.4                           
53569        1.8                           
53574        0.6                           
53579        0.2                           
53584        0.3          USNO0508 CirT.212
53589        0.2                           
53594        0.4                           
53599        0.0                           
53604       -1.1                           
53609       -1.1                           
53614       -2.2          USNO0509 CirT.213
53619       -3.7                           
53624       -3.5                           
53629       -4.9                           
53634       -5.2                           
53639       -6.7                           
53644       -7.1          USNO0510 CirT.214
53649       -7.8                           
53654       -8.2                           
53659       -7.6                           
53664       -7.1                           
53669       -6.8                           
53674       -6.5                           
53679       -5.6          USNO0511 CirT.215
53684       -5.5                           
53689       -5.7                           
53694       -4.2                           
53699       -5.3                           
53704       -3.8                           
53709       -3.4          USNO0512 CirT.216
53714       -2.3                           
53719       -0.3                           
53724        0.1                           
53729        0.0                           
53734       -0.3                           
53739        0.4          USNO0601 CirT.217
53744        0.8                           
53749        3.7                           
53754        3.3                           
53759        1.0                           
53764        1.1                           
53769        0.7          USNO0602 CirT.218
53774        1.3                           
53779        2.0                           
53784        2.6                           
53789        2.0                           
53794        0.9                           
53799        0.0          USNO0603 CirT.219
53804       -1.6                           
53809       -2.2                           
53814       -2.8                           
53819       -3.8                           
53824       -5.1                           
53829       -5.6          USNO0604 CirT.220
53834       -7.4                           
53839       -8.6                           
53844       -9.5                           
53849       -9.6                           
53854       -9.7                           
53859       -9.2          USNO0605 CirT.221
53864       -9.9                           
53869      -10.4                           
53874      -10.1                           
53879       -9.1                           
53884       -8.7                           
53889       -7.5          USNO0606 CirT.222
53894       -6.8                           
53899       -6.4                           
53904       -6.2                           
53909       -3.9                           
53914       -2.9                           
53919       -0.3          USNO0607 CirT.223
53924        2.9                           
53929        3.9                           
53934        5.3                           
53939        4.8                           
53944        5.7                           
53949        3.7          USNO0608 CirT.224
53954        2.9                           
53959        2.9                           
53964        2.6                           
53969        2.6                           
53974        1.3                           
53979       -1.0          USNO0609 CirT.225
53984       -0.5                           
53989       -2.0                           
53994       -2.0                           
53999       -1.1                           
54004       -0.2                           
54009        1.8          USNO0610 CirT.226
54014        1.9                           
54019        3.5                           
54024        2.9                           
54029        3.5                           
54034        3.7                           
54039        3.3                           
54044        4.6          USNO0611 CirT.227
54049        5.3                           
54054        4.6                           
54059        5.1                           
54064        3.8                           
54069        4.1                           
54074        0.9   +/-    0.3   1.3   1.4          USNO0612 CirT.228
54079        0.1   +/-    0.3   1.3   1.4                           
54084       -1.1   +/-    0.3   1.3   1.4                           
54089       -2.3   +/-    0.3   1.3   1.4                           
54094       -4.5   +/-    0.3   1.3   1.4                           
54099       -4.9   +/-    0.3   1.3   1.4                           
54104       -6.4   +/-    0.4   1.4   1.5          USNO0701 CirT.229
54109       -7.9   +/-    0.4   1.4   1.5                           
54114       -8.2   +/-    0.4   1.4   1.5                           
54119       -8.0   +/-    0.4   1.4   1.5                           
54124       -7.5   +/-    0.4   1.4   1.5                           
54129       -7.0   +/-    0.4   1.4   1.5                           
54134       -6.2   +/-    0.4   1.5   1.5          USNO0702 CirT.230
54139       -5.4   +/-    0.4   1.5   1.5                           
54144       -5.4   +/-    0.4   1.5   1.5                           
54149       -3.7   +/-    0.4   1.5   1.5                           
54154       -3.4   +/-    0.4   1.5   1.5                           
54159       -3.3   +/-    0.4   1.5   1.5                           
54164       -2.5   +/-    0.4   1.5   1.5          USNO0703 CirT.231
54169       -2.7   +/-    0.4   1.5   1.5                           
54174       -1.9   +/-    0.4   1.5   1.5                           
54179       -3.3   +/-    0.4   1.5   1.5                           
54184       -1.9   +/-    0.4   1.5   1.5                           
54189       -1.2   +/-    0.4   1.5   1.5                           
54194       -0.5   +/-    0.4   1.5   1.5          USNO0704 CirT.232
54199       -0.7   +/-    0.4   1.5   1.5                           
54204       -1.0   +/-    0.4   1.5   1.5                           
54209       -1.8   +/-    0.4   1.5   1.5                           
54214       -0.4   +/-    0.4   1.5   1.5                           
54219       -1.6   +/-    0.4   1.5   1.5                           
54224       -2.9   +/-    0.4   1.5   1.6          USNO0705 CirT.233
54229       -2.5   +/-    0.4   1.5   1.6                           
54234       -2.5   +/-    0.4   1.5   1.6                           
54239       -2.5   +/-    0.4   1.5   1.6                           
54244       -0.9   +/-    0.4   1.5   1.6                           
54249       -0.5   +/-    0.4   1.5   1.6                           
54254        0.4   +/-    0.4   1.1   1.2          USNO0706 CirT.234
54259       -0.6   +/-    0.4   1.1   1.2                           
54264       -1.1   +/-    0.4   1.1   1.2                           
54269       -0.1   +/-    0.4   1.1   1.2                           
54274       -0.1   +/-    0.4   1.1   1.2                           
54279        0.0   +/-    0.4   1.1   1.2                           
54284        0.3   +/-    0.4   1.0   1.1          USNO0707 CirT.235
54289        1.3   +/-    0.4   1.0   1.1                           
54294        2.0   +/-    0.4   1.0   1.1                           
54299        0.6   +/-    0.4   1.0   1.1                           
54304        0.9   +/-    0.4   1.0   1.1                           
54309        2.1   +/-    0.4   1.0   1.1                           
54314        3.1   +/-    0.4   1.1   1.2          USNO0708 CirT.236
54319        2.5   +/-    0.4   1.1   1.2                           
54324        1.6   +/-    0.4   1.1   1.2                           
54329        2.3   +/-    0.4   1.1   1.2                           
54334        2.6   +/-    0.4   1.1   1.2                           
54339        2.1   +/-    0.4   1.1   1.2                           
54344        1.8   +/-    0.4   1.1   1.2          USNO0709 CirT.237
54349        0.0   +/-    0.4   1.1   1.2                           
54354       -0.1   +/-    0.4   1.1   1.2                           
54359        0.8   +/-    0.4   1.1   1.2                           
54364       -0.3   +/-    0.4   1.1   1.2                           
54369       -0.6   +/-    0.4   1.1   1.2                           
54374       -1.7   +/-    0.4   1.1   1.2          USNO0710 CirT.238
54379       -1.8   +/-    0.4   1.1   1.2                           
54384       -3.0   +/-    0.4   1.1   1.2                           
54389       -3.3   +/-    0.4   1.1   1.2                           
54394       -2.4   +/-    0.4   1.1   1.2                           
54399       -0.9   +/-    0.4   1.1   1.2                           
54404        0.0   +/-    0.4   1.1   1.2                           
54409        0.0   +/-    0.4   1.7   1.8          USNO0711 CirT.239
54414        0.0   +/-    0.4   1.7   1.8                           
54419       -0.6   +/-    0.4   1.7   1.8                           
54424       -1.1   +/-    0.4   1.7   1.8                           
54429       -0.1   +/-    0.4   1.7   1.8                           
54434       -0.3   +/-    0.4   1.7   1.8                           
54439       -0.4   +/-    0.4   1.8   1.8          USNO0712 CirT.240
54444        1.1   +/-    0.4   1.8   1.8                           
54449        1.5   +/-    0.4   1.8   1.8                           
54454        0.5   +/-    0.4   1.8   1.8                           
54459        0.1   +/-    0.4   1.8   1.8                           
54464       -0.3   +/-    0.4   1.8   1.8                           
54469       -0.1   +/-    0.4   1.8   1.8          USNO0801 CirT.241
54474        0.3   +/-    0.4   1.8   1.8                           
54479        0.0   +/-    0.4   1.8   1.8                           
54484        0.1   +/-    0.4   1.8   1.8                           
54489        0.3   +/-    0.4   1.8   1.8                           
54494        0.0   +/-    0.4   1.8   1.8                           
54499        0.8   +/-    0.4   1.8   1.8          USNO0802 CirT.242
54504        1.7   +/-    0.4   1.8   1.8                           
54509        0.2   +/-    0.4   1.8   1.8                           
54514        1.6   +/-    0.4   1.8   1.8                           
54519        0.4   +/-    0.4   1.8   1.8                           
54524        0.5   +/-    0.4   1.8   1.8                           
54529       -1.1   +/-    0.4   1.7   1.8          USNO0803 CirT.243
54534       -1.0   +/-    0.4   1.7   1.8                           
54539       -1.6   +/-    0.4   1.7   1.8                           
54544        0.0   +/-    0.4   1.7   1.8                           
54549        0.3   +/-    0.4   1.7   1.8                           
54554        0.7   +/-    0.4   1.7   1.8                           
54559        2.1   +/-    0.4   1.3   1.3          USNO0804 CirT.244
54564        1.5   +/-    0.4   1.3   1.3                           
54569        2.6   +/-    0.4   1.3   1.3                           
54574        5.1   +/-    0.4   1.3   1.3                           
54579        4.7   +/-    0.4   1.3   1.3                           
54584        3.4   +/-    0.4   1.3   1.3                           
54589        4.2   +/-    0.4   1.3   1.3          USNO0805 CirT.245
54594        4.6   +/-    0.4   1.3   1.3                           
54599        6.8   +/-    0.4   1.3   1.3                           
54604        6.2   +/-    0.4   1.3   1.3                           
54609        5.3   +/-    0.4   1.3   1.3                           
54614        5.4   +/-    0.4   1.3   1.3                           
54619        5.3   +/-    0.4   1.3   1.3          USNO0806 CirT.246
54624        5.7   +/-    0.4   1.3   1.3                           
54629        6.2   +/-    0.4   1.3   1.3                           
54634        6.8   +/-    0.4   1.3   1.3                           
54639        7.0   +/-    0.4   1.3   1.3                           
54644        7.4   +/-    0.4   1.3   1.3                           
54649        5.3   +/-    0.4   1.3   1.3          USNO0807 CirT.247
54654        3.7   +/-    0.4   1.3   1.3                           
54659        2.9   +/-    0.4   1.3   1.3                           
54664        5.0   +/-    0.4   1.3   1.3                           
54669        1.9   +/-    0.4   1.3   1.3                           
54674       -0.3   +/-    0.4   1.3   1.3                           
54679       -1.4   +/-    0.4   1.3   1.3          USNO0808 CirT.248
54684       -2.5   +/-    0.4   1.3   1.3                           
54689       -2.2   +/-    0.4   1.3   1.3                           
54694       -1.4   +/-    0.4   1.3   1.3                           
54699       -0.6   +/-    0.4   1.3   1.3                           
54704        2.0   +/-    0.4   1.3   1.3                           
54709        3.3   +/-    0.4   1.3   1.3                           
54714        3.7   +/-    0.4   1.8   1.8          USNO0809 CirT.249
54719        4.9   +/-    0.4   1.8   1.8                           
54724        6.9   +/-    0.4   1.8   1.8                           
54729        7.2   +/-    0.4   1.8   1.8                           
54734        7.0   +/-    0.4   1.8   1.8                           
54739        7.2   +/-    0.4   1.8   1.8                           
54744        8.0   +/-    0.4   1.3   1.4          USNO0810 CirT.250
54749        7.8   +/-    0.4   1.3   1.4                           
54754        7.9   +/-    0.4   1.3   1.4                           
54759        6.3   +/-    0.4   1.3   1.4                           
54764        8.0   +/-    0.4   1.3   1.4                           
54769        7.4   +/-    0.4   1.3   1.4                           
54774        7.4   +/-    0.4   1.2   1.3          USNO0811 CirT.251
54779        2.3   +/-    0.4   1.2   1.3                           
54784        2.6   +/-    0.4   1.2   1.3                           
54789        1.3   +/-    0.4   1.2   1.3                           
54794        1.8   +/-    0.4   1.2   1.3                           
54799       -0.9   +/-    0.4   1.2   1.3                           
54804       -3.6   +/-    0.4   1.3   1.3          USNO0812 CirT.252
54809       -6.0   +/-    0.4   1.3   1.3                           
54814       -7.0   +/-    0.4   1.3   1.3                           
54819       -7.5   +/-    0.4   1.3   1.3                           
54824       -7.6   +/-    0.4   1.3   1.3                           
54829       -5.7   +/-    0.4   1.3   1.3                           
54834       -7.6   +/-    0.4   1.3   1.3          USNO0901 CirT.253
54839       -7.7   +/-    0.4   1.3   1.3                           
54844       -7.8   +/-    0.4   1.3   1.3                           
54849       -7.5   +/-    0.4   1.3   1.3                           
54854       -5.9   +/-    0.4   1.3   1.3                           
54859       -6.3   +/-    0.4   1.3   1.3                           
54864       -4.2   +/-    0.4   1.2   1.3          USNO0902 CirT.254
54869       -6.4   +/-    0.4   1.2   1.3                           
54874       -3.7   +/-    0.4   1.2   1.3                           
54879       -4.1   +/-    0.4   1.2   1.3                           
54884       -2.0   +/-    0.4   1.2   1.3                           
54889        0.2   +/-    0.4   1.2   1.3                           
54894        0.1   +/-    0.4   1.2   1.3          USNO0903 CirT.255
54899        1.3   +/-    0.4   1.2   1.3                           
54904        1.3   +/-    0.4   1.2   1.3                           
54909        2.1   +/-    0.4   1.2   1.3                           
54914        3.8   +/-    0.4   1.2   1.3                           
54919        3.6   +/-    0.4   1.2   1.3                           
54924        4.0   +/-    0.4   1.2   1.3          USNO0904 CirT.256
54929        4.7   +/-    0.4   1.2   1.3                           
54934        4.0   +/-    0.4   1.2   1.3                           
54939        4.7   +/-    0.4   1.2   1.3                           
54944        4.2   +/-    0.4   1.2   1.3                           
54949        5.4   +/-    0.4   1.2   1.3                           
54954        6.6   +/-    0.4   1.2   1.3          USNO0905 CirT.257
54959        6.9   +/-    0.4   1.2   1.3                           
54964        5.7   +/-    0.4   1.2   1.3                           
54969        5.7   +/-    0.4   1.2   1.3                           
54974        5.1   +/-    0.4   1.2   1.3                           
54979        4.7   +/-    0.4   1.2   1.3                           
54984        5.5   +/-    0.4   1.3   1.3          USNO0906 CirT.258
54989        4.6   +/-    0.4   1.3   1.3                           
54994        4.4   +/-    0.4   1.3   1.3                           
54999        1.9   +/-    0.4   1.3   1.3                           
55004        1.4   +/-    0.4   1.3   1.3                           
55009        0.0   +/-    0.4   1.3   1.3                           
55014       -1.2   +/-    0.4   1.3   1.3          USNO0907 CirT.259
55019       -1.8   +/-    0.4   1.3   1.3                           
55024       -2.7   +/-    0.4   1.3   1.3                           
55029       -2.3   +/-    0.4   1.3   1.3                           
55034       -1.6   +/-    0.4   1.3   1.3                           
55039       -0.9   +/-    0.4   1.3   1.3                           
55044       -0.5   +/-    0.4   1.8   1.9          USNO0908 CirT.260
55049        0.9   +/-    0.4   1.8   1.9                           
55054        2.5   +/-    0.4   1.8   1.9                           
55059        1.9   +/-    0.4   1.8   1.9                           
55064        3.4   +/-    0.4   1.8   1.9                           
55069        2.8   +/-    0.4   1.8   1.9                           
55074        1.4   +/-    0.4   1.8   1.9                           
55079        1.7   +/-    0.4   1.8   1.9          USNO0909 CirT.261
55084        0.8   +/-    0.4   1.8   1.9                           
55089        1.8   +/-    0.4   1.8   1.9                           
55094        2.5   +/-    0.4   1.8   1.9                           
55099        3.1   +/-    0.4   1.8   1.9                           
55104        3.4   +/-    0.4   1.8   1.9                           
55109        5.5   +/-    0.4   1.3   1.3          USNO0910 CirT.262
55114        5.1   +/-    0.4   1.3   1.3                           
55119        6.0   +/-    0.4   1.3   1.3                           
55124        4.4   +/-    0.4   1.3   1.3                           
55129        5.9   +/-    0.4   1.3   1.3                           
55134        4.4   +/-    0.4   1.3   1.3                           
55139        3.6   +/-    0.3   1.7   1.7          USNO0911 CirT.263
55144        3.6   +/-    0.3   1.7   1.7                           
55149        3.1   +/-    0.3   1.7   1.7                           
55154        3.1   +/-    0.3   1.7   1.7                           
55159        4.2   +/-    0.3   1.7   1.7                           
55164        3.2   +/-    0.3   1.7   1.7                           
55169        3.9   +/-    0.3   1.7   1.7          USNO0912 CirT.264
55174        4.5   +/-    0.3   1.7   1.7                           
55179        4.4   +/-    0.3   1.7   1.7                           
55184        5.3   +/-    0.3   1.7   1.7                           
55189        5.7   +/-    0.3   1.7   1.7                           
55194        4.1   +/-    0.3   1.7   1.7                           
55199        9.0   +/-    0.5   2.4   2.4          USNO1001 CirT.265
55204        7.8   +/-    0.5   2.4   2.4                           
55209        5.5   +/-    0.5   2.4   2.4                           
55214        5.2   +/-    0.5   2.4   2.4                           
55219        3.5   +/-    0.5   2.4   2.4                           
55224        2.8   +/-    0.5   2.4   2.4                           
55229        1.4   +/-    0.3   3.7   3.7          USNO1002 CirT.266
55234        1.4   +/-    0.3   3.7   3.7                           
55239        0.6   +/-    0.3   3.7   3.7                           
55244       -0.7   +/-    0.3   3.7   3.7                           
55249       -1.7   +/-    0.3   3.7   3.7                           
55254       -3.3   +/-    0.3   3.7   3.7                           
55259       -4.3   +/-    0.3   1.2   1.2          USNO1003 CirT.267
55264       -5.2   +/-    0.3   1.2   1.2                           
55269       -6.4   +/-    0.3   1.2   1.2                           
55274       -5.1   +/-    0.3   1.2   1.2                           
55279       -4.2   +/-    0.3   1.2   1.2                           
55284       -2.5   +/-    0.3   1.2   1.2                           
55289       -0.8   +/-    0.3   1.2   1.2          USNO1004 CirT.268
55294       -1.8   +/-    0.3   1.2   1.2                           
55299       -2.5   +/-    0.3   1.2   1.2                           
55304       -4.8   +/-    0.3   1.2   1.2                           
55309       -2.8   +/-    0.3   1.2   1.2                           
55314       -4.9   +/-    0.3   1.2   1.2                           
55319       -5.3   +/-    0.3   1.2   1.2          USNO1005 CirT.269
55324       -5.7   +/-    0.3   1.2   1.2                           
55329       -5.9   +/-    0.3   1.2   1.2                           
55334       -7.7   +/-    0.3   1.2   1.2                           
55339       -8.7   +/-    0.3   1.2   1.2                           
55344       -8.5   +/-    0.3   1.2   1.2                           
55349       -6.7   +/-    0.5   2.3   2.4          USNO1006 CirT.270
55354       -6.1   +/-    0.5   2.3   2.4                           
55359       -5.7   +/-    0.5   2.3   2.4                           
55364       -5.2   +/-    0.5   2.3   2.4                           
55369       -4.3   +/-    0.5   2.3   2.4                           
55374       -2.0   +/-    0.5   2.3   2.4                           
55379       -0.7   +/-    0.3   2.3   2.3          USNO1007 CirT.271
55384        1.0   +/-    0.3   2.3   2.3                           
55389        1.9   +/-    0.3   2.3   2.3                           
55394        3.1   +/-    0.3   2.3   2.3                           
55399        4.3   +/-    0.3   2.3   2.3                           
55404        3.8   +/-    0.3   2.3   2.3                           
55409        3.6   +/-    0.5   2.3   2.4          USNO1008 CirT.272
55414        3.7   +/-    0.5   2.3   2.4                           
55419        4.6   +/-    0.5   2.3   2.4                           
55424        4.8   +/-    0.5   2.3   2.4                           
55429        4.6   +/-    0.5   2.3   2.4                           
55434        3.5   +/-    0.5   2.3   2.4                           
55439        2.6   +/-    0.5   2.3   2.4                           
55444        3.0   +/-    0.5   2.3   2.4          USNO1009 CirT.273
55449        3.7   +/-    0.5   2.3   2.4                           
55454        6.8   +/-    0.5   2.3   2.4                           
55459        4.8   +/-    0.5   2.3   2.4                           
55464        3.4   +/-    0.5   2.3   2.4                           
55469        1.3   +/-    0.5   2.3   2.4                           
55474        1.4   +/-    0.5   2.4   2.4          USNO1010 CirT.274
55479        0.3   +/-    0.5   2.4   2.4                           
55484        0.5   +/-    0.5   2.4   2.4                           
55489        0.7   +/-    0.5   2.4   2.4                           
55494        1.1   +/-    0.5   2.4   2.4                           
55499        0.8   +/-    0.5   2.4   2.4                           
55504        1.0   +/-    0.3   3.7   3.7          USNO1011 CirT.275
55509        0.2   +/-    0.3   3.7   3.7                           
55514       -0.2   +/-    0.3   3.7   3.7                           
55519       -1.5   +/-    0.3   3.7   3.7                           
55524       -3.7   +/-    0.3   3.7   3.7                           
55529       -5.1   +/-    0.3   3.7   3.7                           
55534       -5.1   +/-    0.3   3.7   3.7          USNO1012 CirT.276
55539       -5.7   +/-    0.3   3.7   3.7                           
55544       -6.3   +/-    0.3   3.7   3.7                           
55549       -5.1   +/-    0.3   3.7   3.7                           
55554       -4.7   +/-    0.3   3.7   3.7                           
55559       -5.0   +/-    0.3   3.7   3.7                           
55564       -4.7   +/-    0.3   3.7   3.8          USNO1101 CirT.277
55569       -4.6   +/-    0.3   3.7   3.8                           
55574       -4.2   +/-    0.3   3.7   3.8                           
55579       -2.4   +/-    0.3   3.7   3.8                           
55584       -0.7   +/-    0.3   3.7   3.8                           
55589        0.9   +/-    0.3   3.7   3.8                           
55594        2.4   +/-    0.3   3.8   3.8          USNO1102 CirT.278
55599        2.5   +/-    0.3   3.8   3.8                           
55604        3.2   +/-    0.3   3.8   3.8                           
55609        3.9   +/-    0.3   3.8   3.8                           
55614        3.3   +/-    0.3   3.8   3.8                           
55619        2.7   +/-    0.3   3.8   3.8                           
55624        1.8   +/-    0.3   3.7   3.8          USNO1103 CirT.279
55629        2.3   +/-    0.3   3.7   3.8                           
55634        2.3   +/-    0.3   3.7   3.8                           
55639        1.8   +/-    0.3   3.7   3.8                           
55644        2.1   +/-    0.3   3.7   3.8                           
55649        2.1   +/-    0.3   3.7   3.8                           
55654        2.3   +/-    0.3   3.9   3.9          USNO1104 CirT.280
55659        2.6   +/-    0.3   3.9   3.9                           
55664        2.6   +/-    0.3   3.9   3.9                           
55669        3.4   +/-    0.3   3.9   3.9                           
55674        3.6   +/-    0.3   3.9   3.9                           
55679        2.6   +/-    0.3   3.9   3.9                           
55684        3.0   +/-    0.3   4.0   4.0          USNO1105 CirT.281
55689        3.5   +/-    0.3   4.0   4.0                           
55694        3.9   +/-    0.3   4.0   4.0                           
55699        4.4   +/-    0.3   4.0   4.0                           
55704        4.5   +/-    0.3   4.0   4.0                           
55709        4.3   +/-    0.3   4.0   4.0                           
55714        4.8   +/-    0.3   4.1   4.1          USNO1106 CirT.282
55719        4.4   +/-    0.3   4.1   4.1                           
55724        3.0   +/-    0.3   4.1   4.1                           
55729        1.7   +/-    0.3   4.1   4.1                           
55734        0.4   +/-    0.3   4.1   4.1                           
55739       -1.3   +/-    0.3   4.1   4.1                           
55744       -1.6   +/-    0.3   4.2   4.2          USNO1107 CirT.283
55749       -3.8   +/-    0.3   4.2   4.2                           
55754       -4.3   +/-    0.3   4.2   4.2                           
55759       -2.9   +/-    0.3   4.2   4.2                           
55764       -2.3   +/-    0.3   4.2   4.2                           
55769       -2.5   +/-    0.3   4.2   4.2                           
55774       -1.5   +/-    0.3   4.2   4.2          USNO1108 CirT.284
55779       -0.8   +/-    0.3   4.2   4.2                           
55784       -0.5   +/-    0.3   4.2   4.2                           
55789       -0.1   +/-    0.3   4.2   4.2                           
55794        1.1   +/-    0.3   4.2   4.2                           
55799        2.0   +/-    0.3   4.2   4.2                           
55804        2.0   +/-    0.3   4.2   4.2                           
55809        3.0   +/-    0.3   4.3   4.3          USNO1109 CirT.285
55814        3.6   +/-    0.3   4.3   4.3                           
55819        5.0   +/-    0.3   4.3   4.3                           
55824        5.7   +/-    0.3   4.3   4.3                           
55829        6.4   +/-    0.3   4.3   4.3                           
55834        6.2   +/-    0.3   4.3   4.3                           
55839        6.2   +/-    0.3   4.1   4.1          USNO1110 CirT.286
55844        8.5   +/-    0.3   4.1   4.1                           
55849        7.6   +/-    0.3   4.1   4.1                           
55854        6.7   +/-    0.3   4.1   4.1                           
55859        5.8   +/-    0.3   4.1   4.1                           
55864        4.9   +/-    0.3   4.1   4.1                           
55869        5.0   +/-    0.3   4.1   4.1          USNO1111 CirT.287
55874        5.4   +/-    0.3   4.1   4.1                           
55879        4.3   +/-    0.3   4.1   4.1                           
55884        4.0   +/-    0.3   4.1   4.1                           
55889        3.5   +/-    0.3   4.1   4.1                           
55894        3.9   +/-    0.3   4.1   4.1                           
55899        5.2   +/-    0.3   4.0   4.0          USNO1112 CirT.288
55904        5.0   +/-    0.3   4.0   4.0                           
55909        6.0   +/-    0.3   4.0   4.0                           
55914        4.1   +/-    0.3   4.0   4.0                           
55919        4.3   +/-    0.3   4.0   4.0                           
55924        4.4   +/-    0.3   4.0   4.0                           
55929        2.6   +/-    0.3   4.0   4.0          USNO1201 CirT.289
55934        3.4   +/-    0.3   4.0   4.0                           
55939        3.7   +/-    0.3   4.0   4.0                           
55944        3.6   +/-    0.3   4.0   4.0                           
55949        2.7   +/-    0.3   4.0   4.0                           
55954        1.8   +/-    0.3   4.0   4.0                           
55959        1.9   +/-    0.3   3.9   3.9          USNO1202 CirT.290
55964        1.7   +/-    0.3   3.9   3.9                           
55969        2.1   +/-    0.3   3.9   3.9                           
55974        2.0   +/-    0.3   3.9   3.9                           
55979        0.9   +/-    0.3   3.9   3.9                           
55984        0.8   +/-    0.3   3.9   3.9                           
55989        0.1   +/-    0.3   3.9   4.0          USNO1203 CirT.291
55994        0.6   +/-    0.3   3.9   4.0                           
55999        0.7   +/-    0.3   3.9   4.0                           
56004        1.0   +/-    0.3   3.9   4.0                           
56009        0.5   +/-    0.3   3.9   4.0                           
56014        0.1   +/-    0.3   3.9   4.0                           
56019        0.4   +/-    0.3   3.8   3.8          USNO1204 CirT.292
56024       -0.2   +/-    0.3   3.8   3.8                           
56029       -0.7   +/-    0.3   3.8   3.8                           
56034        0.1   +/-    0.3   3.8   3.8                           
56039        0.2   +/-    0.3   3.8   3.8                           
56044        1.1   +/-    0.3   3.8   3.8                           
56049        2.0   +/-    0.2   3.8   3.8          USNO1205 CirT.293
56054        2.7   +/-    0.2   3.8   3.8                           
56059        2.5   +/-    0.2   3.8   3.8                           
56064        3.7   +/-    0.2   3.8   3.8                           
56069        2.7   +/-    0.2   3.8   3.8                           
56074        2.3   +/-    0.2   3.8   3.8                           
56079        2.1   +/-    0.2   3.8   3.8          USNO1206 CirT.294
56084        1.6   +/-    0.2   3.8   3.8                           
56089        2.6   +/-    0.2   3.8   3.8                           
56094        2.4   +/-    0.2   3.8   3.8                           
56099        1.6   +/-    0.2   3.8   3.8                           
56104        2.0   +/-    0.2   3.8   3.8                           
56109        1.5   +/-    0.2   3.7   3.7          USNO1207 CirT.295
56114        2.0   +/-    0.2   3.7   3.7                           
56119        2.3   +/-    0.2   3.7   3.7                           
56124        3.3   +/-    0.2   3.7   3.7                           
56129        3.4   +/-    0.2   3.7   3.7                           
56134        2.7   +/-    0.2   3.7   3.7                           
56139        3.3   +/-    0.2   3.7   3.7                           
56144        4.5   +/-    0.2   3.8   3.8          USNO1208 CirT.296
56149        5.2   +/-    0.2   3.8   3.8                           
56154        6.5   +/-    0.2   3.8   3.8                           
56159        5.9   +/-    0.2   3.8   3.8                           
56164        6.7   +/-    0.2   3.8   3.8                           
56169        7.5   +/-    0.2   3.8   3.8                           
56174        7.3   +/-    0.2   3.8   3.8          USNO1209 CirT.297
56179        7.3   +/-    0.2   3.8   3.8                           
56184        6.8   +/-    0.2   3.8   3.8                           
56189        7.2   +/-    0.2   3.8   3.8                           
56194        5.8   +/-    0.2   3.8   3.8                           
56199        5.7   +/-    0.2   3.8   3.8                           
56204        6.0   +/-    0.2   3.7   3.7          USNO1210 CirT.298
56209        5.6   +/-    0.2   3.7   3.7                           
56214        5.2   +/-    0.2   3.7   3.7                           
56219        5.0   +/-    0.2   3.7   3.7                           
56224        4.8   +/-    0.2   3.7   3.7                           
56229        4.8   +/-    0.2   3.7   3.7                           
56234        4.0   +/-    0.2   3.8   3.8          USNO1211 CirT.299
56239        3.6   +/-    0.2   3.8   3.8                           
56244        4.6   +/-    0.2   3.8   3.8                           
56249        4.1   +/-    0.2   3.8   3.8                           
56254        2.6   +/-    0.2   3.8   3.8                           
56259        1.5   +/-    0.2   3.8   3.8                           
56264        0.9   +/-    0.2   3.8   3.8          USNO1212 CirT.300
56269        0.4   +/-    0.2   3.8   3.8                           
56274        0.1   +/-    0.2   3.8   3.8                           
56279       -0.2   +/-    0.2   3.8   3.8                           
56284        0.2   +/-    0.2   3.8   3.8                           
56289       -0.7   +/-    0.2   3.8   3.8                           
56294       -1.1   +/-    0.2   3.8   3.8          USNO1301 CirT.301
56299       -1.5   +/-    0.2   3.8   3.8                           
56304       -0.7   +/-    0.2   3.8   3.8                           
56309        0.4   +/-    0.2   3.8   3.8                           
56314        0.4   +/-    0.2   3.8   3.8                           
56319       -0.5   +/-    0.2   3.8   3.8                           
56324       -1.5   +/-    0.2   3.7   3.8          USNO1302 CirT.302
56329       -1.9   +/-    0.2   3.7   3.8                           
56334       -2.3   +/-    0.2   3.7   3.8                           
56339       -2.0   +/-    0.2   3.7   3.8                           
56344       -2.0   +/-    0.2   3.7   3.8                           
56349       -2.2   +/-    0.2   3.7   3.8                           
56354       -1.8   +/-    0.2   3.8   3.8          USNO1303 CirT.303
56359       -1.6   +/-    0.2   3.8   3.8                           
56364       -1.3   +/-    0.2   3.8   3.8                           
56369       -1.4   +/-    0.2   3.8   3.8                           
56374       -1.4   +/-    0.2   3.8   3.8                           
56379       -1.3   +/-    0.2   3.8   3.8                           
56384       -1.3   +/-    0.2   3.8   3.8          USNO1304 CirT.304
56389       -1.9   +/-    0.2   3.8   3.8                           
56394       -2.7   +/-    0.2   3.8   3.8                           
56399       -0.9   +/-    0.2   3.8   3.8                           
56404        0.4   +/-    0.2   3.8   3.8                           
56409        1.0   +/-    0.2   3.8   3.8                           
56414        2.5   +/-    0.2   3.8   3.8          USNO1305 CirT.305
56419        3.7   +/-    0.2   3.8   3.8                           
56424        3.3   +/-    0.2   3.8   3.8                           
56429        4.4   +/-    0.2   3.8   3.8                           
56434        3.3   +/-    0.2   3.8   3.8                           
56439        2.7   +/-    0.2   3.8   3.8                           
56444        1.3   +/-    0.2   3.8   3.8          USNO1306 CirT.306
56449        0.8   +/-    0.2   3.8   3.8                           
56454       -0.3   +/-    0.2   3.8   3.8                           
56459       -0.9   +/-    0.2   3.8   3.8                           
56464       -0.8   +/-    0.2   3.8   3.8                           
56469       -0.5   +/-    0.2   3.8   3.8                           
56474       -0.8   +/-    0.2   3.8   3.8          USNO1307 CirT.307
56479       -1.1   +/-    0.2   3.8   3.8                           
56484       -1.6   +/-    0.2   3.8   3.8                           
56489       -1.3   +/-    0.2   3.8   3.8                           
56494       -0.3   +/-    0.2   3.8   3.8                           
56499       -0.3   +/-    0.2   3.8   3.8                           
56504        0.0   +/-    0.2   3.8   3.8                           
56509       -0.1   +/-    0.2   3.8   3.8          USNO1308 CirT.308
56514        0.4   +/-    0.2   3.8   3.8                           
56519        0.1   +/-    0.2   3.8   3.8                           
56524        0.8   +/-    0.2   3.8   3.8                           
56529        0.7   +/-    0.2   3.8   3.8                           
56534        1.1   +/-    0.2   3.8   3.8                           
56539        0.7   +/-    0.2   3.8   3.9          USNO1309 CirT.309
56544        0.6   +/-    0.2   3.8   3.9                           
56549        0.8   +/-    0.2   3.8   3.9                           
56554        0.6   +/-    0.2   3.8   3.9                           
56559        0.1   +/-    0.2   3.8   3.9                           
56564       -0.3   +/-    0.2   3.8   3.9                           
56569       -1.2   +/-    0.2   3.8   3.8          USNO1310 CirT.310
56574       -1.6   +/-    0.2   3.8   3.8                           
56579       -1.5   +/-    0.2   3.8   3.8                           
56584       -1.0   +/-    0.2   3.8   3.8                           
56589       -1.3   +/-    0.2   3.8   3.8                           
56594       -2.9   +/-    0.2   3.8   3.8                           
56599       -4.5   +/-    0.2   3.9   3.9          USNO1311 CirT.311
56604       -4.8   +/-    0.2   3.9   3.9                           
56609       -5.2   +/-    0.2   3.9   3.9                           
56614       -4.2   +/-    0.2   3.9   3.9                           
56619       -2.5   +/-    0.2   3.9   3.9                           
56624       -2.4   +/-    0.2   3.9   3.9                           
56629       -1.4   +/-    0.2   3.9   3.9          USNO1312 CirT.312
56634       -1.5   +/-    0.2   3.9   3.9                           
56639       -1.0   +/-    0.2   3.9   3.9                           
56644       -0.1   +/-    0.2   3.9   3.9                           
56649        0.5   +/-    0.2   3.9   3.9                           
56654        1.6   +/-    0.2   3.9   3.9                           
56659        2.7   +/-    0.2   3.5   3.6          USNO1401 CirT.313
56664        3.2   +/-    0.2   3.5   3.6                           
56669        4.0   +/-    0.2   3.5   3.6                           
56674        4.1   +/-    0.2   3.5   3.6                           
56679        4.0   +/-    0.2   3.5   3.6                           
56684        2.6   +/-    0.2   3.5   3.6                           
56689        1.7   +/-    0.2   3.5   3.5          USNO1402 CirT.314
56694        0.6   +/-    0.2   3.5   3.5                           
56699        0.4   +/-    0.2   3.5   3.5                           
56704        0.4   +/-    0.2   3.5   3.5                           
56709        0.1   +/-    0.2   3.5   3.5                           
56714       -0.1   +/-    0.2   3.5   3.5                           
56719        0.9   +/-    0.2   3.4   3.4          USNO1403 CirT.315
56724        0.7   +/-    0.2   3.4   3.4                           
56729        1.4   +/-    0.2   3.4   3.4                           
56734        1.7   +/-    0.2   3.4   3.4                           
56739        1.3   +/-    0.2   3.4   3.4                           
56744        1.6   +/-    0.2   3.4   3.4                           
56749        1.8   +/-    0.2   3.4   3.4          USNO1404 CirT.316
56754        1.9   +/-    0.2   3.4   3.4                           
56759        1.7   +/-    0.2   3.4   3.4                           
56764        1.9   +/-    0.2   3.4   3.4                           
56769        1.0   +/-    0.2   3.4   3.4                           
56774        0.2   +/-    0.2   3.4   3.4                           
56779       -0.4   +/-    0.2   3.4   3.4          USNO1405 CirT.317
56784       -0.5   +/-    0.2   3.4   3.4                           
56789       -0.1   +/-    0.2   3.4   3.4                           
56794       -0.7   +/-    0.2   3.4   3.4                           
56799       -1.3   +/-    0.2   3.4   3.4                           
56804       -0.8   +/-    0.2   3.4   3.4                           
56809       -0.1   +/-    0.2   3.4   3.4          USNO1406 CirT.318
56814        0.0   +/-    0.2   3.4   3.4                           
56819       -0.1   +/-    0.2   3.4   3.4                           
56824        0.6   +/-    0.2   3.4   3.4                           
56829        1.0   +/-    0.2   3.4   3.4                           
56834        1.3   +/-    0.2   3.4   3.4                           
56839        1.5   +/-    0.2   3.4   3.4          USNO1407 CirT.319
56844        1.1   +/-    0.2   3.4   3.4                           
56849       -0.1   +/-    0.2   3.4   3.4                           
56854        0.0   +/-    0.2   3.4   3.4                           
56859       -0.7   +/-    0.2   3.4   3.4                           
56864       -1.4   +/-    0.2   3.4   3.4                           
56869       -1.9   +/-    0.2   3.4   3.4                           
56874       -1.9   +/-    0.2   3.4   3.4          USNO1408 CirT.320
56879       -2.4   +/-    0.2   3.4   3.4                           
56884       -3.4   +/-    0.2   3.4   3.4                           
56889       -3.2   +/-    0.2   3.4   3.4                           
56894       -3.6   +/-    0.2   3.4   3.4                           
56899       -3.7   +/-    0.2   3.4   3.4                           
56904       -4.4   +/-    0.2   3.4   3.4          USNO1409 CirT.321
56909       -4.1   +/-    0.2   3.4   3.4                           
56914       -4.2   +/-    0.2   3.4   3.4                           
56919       -4.1   +/-    0.2   3.4   3.4                           
56924       -4.6   +/-    0.2   3.4   3.4                           
56929       -3.4   +/-    0.2   3.4   3.4                           
56934       -4.0   +/-    0.2   0.9   0.9          USNO1410 CirT.322
56939       -3.0   +/-    0.2   0.9   0.9                           
56944       -2.7   +/-    0.2   0.9   0.9                           
56949       -2.6   +/-    0.2   0.9   0.9                           
56954       -2.4   +/-    0.2   0.9   0.9                           
56959       -2.0   +/-    0.2   0.9   0.9                           
56964       -1.1   +/-    0.3   0.9   1.0          USNO1411 CirT.323
56969       -1.1   +/-    0.3   0.9   1.0                           
56974       -1.3   +/-    0.3   0.9   1.0                           
56979       -1.2   +/-    0.3   0.9   1.0                           
56984       -1.6   +/-    0.3   0.9   1.0                           
56989       -1.1   +/-    0.3   0.9   1.0                           
56994       -0.7   +/-    0.3   1.0   1.0          USNO1412 CirT.324
56999       -0.1   +/-    0.3   1.0   1.0                           
57004       -0.7   +/-    0.3   1.0   1.0                           
57009       -0.4   +/-    0.3   1.0   1.0                           
57014       -0.8   +/-    0.3   1.0   1.0                           
57019       -0.3   +/-    0.3   1.0   1.0                           
57024        0.5   +/-    0.3   1.0   1.1          USNO1501 CirT.325
57029        0.8   +/-    0.3   1.0   1.1                           
57034        1.0   +/-    0.3   1.0   1.1                           
57039        1.1   +/-    0.3   1.0   1.1                           
57044        0.4   +/-    0.3   1.0   1.1                           
57049        0.6   +/-    0.3   1.0   1.1                           
57054        0.6   +/-    0.2   1.0   1.0          USNO1502 CirT.326
57059        0.8   +/-    0.2   1.0   1.0                           
57064        1.3   +/-    0.2   1.0   1.0                           
57069        1.3   +/-    0.2   1.0   1.0                           
57074        1.2   +/-    0.2   1.0   1.0                           
57079        1.8   +/-    0.2   1.0   1.0                           
57084        2.2   +/-    0.2   1.0   1.0          USNO1503 CirT.327
57089        2.3   +/-    0.2   1.0   1.0                           
57094        2.2   +/-    0.2   1.0   1.0                           
57099        2.4   +/-    0.2   1.0   1.0                           
57104        2.4   +/-    0.2   1.0   1.0                           
57109        2.3   +/-    0.2   1.0   1.0                           
57114        1.9   +/-    0.2   1.0   1.0          USNO1504 CirT.328
57119        1.6   +/-    0.2   1.0   1.0                           
57124        1.3   +/-    0.2   1.0   1.0                           
57129        1.1   +/-    0.2   1.0   1.0                           
57134        1.0   +/-    0.2   1.0   1.0                           
57139        1.3   +/-    0.2   1.0   1.0                           
57144        1.0   +/-    0.2   1.0   1.0          USNO1505 CirT.329
57149        1.3   +/-    0.2   1.0   1.0                           
57154        1.6   +/-    0.2   1.0   1.0                           
57159        1.5   +/-    0.2   1.0   1.0                           
57164        2.1   +/-    0.2   1.0   1.0                           
57169        2.2   +/-    0.2   1.0   1.0                           
57174        1.6   +/-    0.2   1.0   1.1          USNO1506 CirT.330
57179        0.9   +/-    0.2   1.0   1.1                           
57184        0.4   +/-    0.2   1.0   1.1                           
57189        0.4   +/-    0.2   1.0   1.1                           
57194        0.2   +/-    0.2   1.0   1.1                           
57199       -0.2   +/-    0.2   1.0   1.1                           
57204       -0.2   +/-    0.2   1.0   1.0          USNO1507 CirT.331
57209       -1.0   +/-    0.2   1.0   1.0                           
57214       -1.2   +/-    0.2   1.0   1.0                           
57219       -1.0   +/-    0.2   1.0   1.0                           
57224       -0.7   +/-    0.2   1.0   1.0                           
57229       -1.3   +/-    0.2   1.0   1.0                           
57234       -1.2   +/-    0.2   1.0   1.0                           
57239       -0.9   +/-    0.2   1.0   1.0          USNO1508 CirT.332
57244       -1.1   +/-    0.2   1.0   1.0                           
57249       -1.6   +/-    0.2   1.0   1.0                           
57254       -2.4   +/-    0.2   1.0   1.0                           
57259       -1.8   +/-    0.2   1.0   1.0                           
57264       -1.2   +/-    0.2   1.0   1.0                           
57269       -1.4   +/-    0.2   0.9   1.0          USNO1509 CirT.333
57274       -1.4   +/-    0.2   0.9   1.0                           
57279       -1.4   +/-    0.2   0.9   1.0                           
57284       -1.1   +/-    0.2   0.9   1.0                           
57289       -1.0   +/-    0.2   0.9   1.0                           
57294       -1.1   +/-    0.2   0.9   1.0                           
57299       -1.7   +/-    0.2   1.0   1.0          USNO1510 CirT.334
57304       -2.0   +/-    0.2   1.0   1.0                           
57309       -1.6   +/-    0.2   1.0   1.0                           
57314       -1.6   +/-    0.2   1.0   1.0                           
57319       -0.8   +/-    0.2   1.0   1.0                           
57324       -0.2   +/-    0.2   1.0   1.0                           
57329        0.1   +/-    0.2   1.0   1.0          USNO1511 CirT.335
57334        0.5   +/-    0.2   1.0   1.0                           
57339        0.3   +/-    0.2   1.0   1.0                           
57344        0.3   +/-    0.2   1.0   1.0                           
57349        0.1   +/-    0.2   1.0   1.0                           
57354        0.2   +/-    0.2   1.0   1.0                           
57359        0.9   +/-    0.2   1.0   1.0          USNO1512 CirT.336
57364        0.0   +/-    0.2   1.0   1.0                           
57369       -0.8   +/-    0.2   1.0   1.0                           
57374       -0.2   +/-    0.2   1.0   1.0                           
57379        0.6   +/-    0.2   1.0   1.0                           
57384        1.4   +/-    0.2   1.0   1.0                           
57389        1.9   +/-    0.2   1.2   1.2          USNO1601 CirT.337
57394        2.2   +/-    0.2   1.2   1.2                           
57399        2.1   +/-    0.2   1.2   1.2                           
57404        1.9   +/-    0.2   1.2   1.2                           
57409        1.1   +/-    0.2   1.2   1.2                           
57414        0.3   +/-    0.2   1.2   1.2                           
57419        0.4   +/-    0.2   1.2   1.3          USNO1602 CirT.338
57424        0.5   +/-    0.2   1.2   1.3                           
57429        1.2   +/-    0.2   1.2   1.3                           
57434        1.5   +/-    0.2   1.2   1.3                           
57439        1.8   +/-    0.2   1.2   1.3                           
57444        3.1   +/-    0.2   1.2   1.3                           
57449        3.8   +/-    0.2   1.3   1.3          USNO1603 CirT.339
57454        3.6   +/-    0.2   1.3   1.3                           
57459        3.3   +/-    0.2   1.3   1.3                           
57464        2.7   +/-    0.2   1.3   1.3                           
57469        2.0   +/-    0.2   1.3   1.3                           
57474        1.4   +/-    0.2   1.3   1.3                           
57479        1.8   +/-    0.2   1.3   1.3          USNO1604 CirT.340
57484        2.3   +/-    0.2   1.3   1.3                           
57489        2.4   +/-    0.2   1.3   1.3                           
57494        1.6   +/-    0.2   1.3   1.3                           
57499        1.3   +/-    0.2   1.3   1.3                           
57504        1.4   +/-    0.2   1.3   1.3                           
57509        0.1   +/-    0.2   1.2   1.2          USNO1605 CirT.341
57514        0.3   +/-    0.2   1.2   1.2                           
57519        0.6   +/-    0.2   1.2   1.2                           
57524        0.1   +/-    0.2   1.2   1.2                           
57529       -0.3   +/-    0.2   1.2   1.2                           
57534       -1.1   +/-    0.2   1.2   1.2                           
57539       -1.7   +/-    0.2   1.2   1.2                           
57544       -1.2   +/-    0.2   1.5   1.6          USNO1606 CirT.342
57549       -1.1   +/-    0.2   1.5   1.6                           
57554       -1.0   +/-    0.2   1.5   1.6                           
57559       -1.0   +/-    0.2   1.5   1.6                           
57564       -0.9   +/-    0.2   1.5   1.6                           
57569       -0.8   +/-    0.2   1.5   1.6                           
57574       -0.3   +/-    0.2   1.5   1.6          USNO1607 CirT.343
57579        0.2   +/-    0.2   1.5   1.6                           
57584        0.2   +/-    0.2   1.5   1.6                           
57589        0.7   +/-    0.2   1.5   1.6                           
57594        0.5   +/-    0.2   1.5   1.6                           
57599        0.6   +/-    0.2   1.5   1.6                           
57604        0.9   +/-    0.2   1.5   1.5          USNO1608 CirT.344
57609        0.9   +/-    0.2   1.5   1.5                           
57614        0.3   +/-    0.2   1.5   1.5                           
57619        0.4   +/-    0.2   1.5   1.5                           
57624        0.5   +/-    0.2   1.5   1.5                           
57629        0.4   +/-    0.2   1.5   1.5                           
57634        0.3   +/-    0.2   1.1   1.1          USNO1609 CirT.345
57639       -0.1   +/-    0.2   1.1   1.1                           
57644       -1.2   +/-    0.2   1.1   1.1                           
57649       -0.7   +/-    0.2   1.1   1.1                           
57654        0.1   +/-    0.2   1.1   1.1                           
57659        0.6   +/-    0.2   1.1   1.1                           
57664        0.7   +/-    0.2   1.0   1.1          USNO1610 CirT.346
57669        0.4   +/-    0.2   1.0   1.1                           
57674       -0.2   +/-    0.2   1.0   1.1                           
57679       -0.1   +/-    0.2   1.0   1.1                           
57684        0.3   +/-    0.2   1.0   1.1                           
57689        0.4   +/-    0.2   1.0   1.1                           
57694        0.6   +/-    0.3   1.1   1.1          USNO1611 CirT.347
57699        1.0   +/-    0.3   1.1   1.1                           
57704        1.3   +/-    0.3   1.1   1.1                           
57709        1.4   +/-    0.3   1.1   1.1                           
57714        0.9   +/-    0.3   1.1   1.1                           
57719        0.8   +/-    0.3   1.1   1.1                           
57724        0.6   +/-    0.3   1.1   1.1          USNO1612 CirT.348
57729        1.2   +/-    0.3   1.1   1.1                           
57734        1.3   +/-    0.3   1.1   1.1                           
57739        0.8   +/-    0.3   1.1   1.1                           
57744        1.4   +/-    0.3   1.1   1.1                           
57749        1.0   +/-    0.3   1.1   1.1                           
57754        0.7   +/-    0.3   1.1   1.1          USNO1701 CirT.349
57759        0.7   +/-    0.3   1.1   1.1                           
57764        0.7   +/-    0.3   1.1   1.1                           
57769        0.6   +/-    0.3   1.1   1.1                           
57774        0.4   +/-    0.3   1.1   1.1                           
57779        0.7   +/-    0.3   1.1   1.1                           
57784        1.1   +/-    0.3   1.1   1.1                           
57789        2.2   +/-    0.3   1.1   1.1          USNO1702 CirT.350
57794        2.7   +/-    0.3   1.1   1.1                           
57799        2.6   +/-    0.3   1.1   1.1                           
57804        1.7   +/-    0.3   1.1   1.1                           
57809        1.3   +/-    0.3   1.1   1.1                           
57814        1.1   +/-    0.3   1.1   1.1          USNO1703 CirT.351
57819        1.5   +/-    0.3   1.1   1.1                           
57824        1.2   +/-    0.3   1.1   1.1                           
57829        0.8   +/-    0.3   1.1   1.1                           
57834        0.9   +/-    0.3   1.1   1.1                           
57839        0.7   +/-    0.3   1.1   1.1                           
57844        0.2   +/-    0.3   1.1   1.1          USNO1704 CirT.352
57849       -0.5   +/-    0.3   1.1   1.1                           
57854       -1.0   +/-    0.3   1.1   1.1                           
57859       -1.7   +/-    0.3   1.1   1.1                           
57864       -2.2   +/-    0.3   1.1   1.1                           
57869       -3.2   +/-    0.3   1.1   1.1                           
57874       -3.8   +/-    0.3   1.2   1.2          USNO1705 CirT.353
57879       -4.0   +/-    0.3   1.2   1.2                           
57884       -4.1   +/-    0.3   1.2   1.2                           
57889       -3.7   +/-    0.3   1.2   1.2                           
57894       -3.1   +/-    0.3   1.2   1.2                           
57899       -2.0   +/-    0.3   1.2   1.2                           
57904       -2.4   +/-    0.3   1.2   1.2                           
57909       -1.7   +/-    0.3   1.2   1.2          USNO1706 CirT.354
57914       -1.3   +/-    0.3   1.2   1.2                           
57919       -1.0   +/-    0.3   1.2   1.2                           
57924       -1.2   +/-    0.3   1.2   1.2                           
57929       -1.1   +/-    0.3   1.2   1.2                           
57934       -0.8   +/-    0.3   1.2   1.2                           
57939       -0.2   +/-    0.3   1.2   1.3          USNO1707 CirT.355
57944        0.5   +/-    0.3   1.2   1.3                           
57949        1.4   +/-    0.3   1.2   1.3                           
57954        1.7   +/-    0.3   1.2   1.3                           
57959        1.1   +/-    0.3   1.2   1.3                           
57964        0.4   +/-    0.3   1.2   1.3                           
57969        0.8   +/-    0.3   1.4   1.5          USNO1708 CirT.356
57974        0.9   +/-    0.3   1.4   1.5                           
57979        1.6   +/-    0.3   1.4   1.5                           
57984        2.1   +/-    0.3   1.4   1.5                           
57989        1.9   +/-    0.3   1.4   1.5                           
57994        1.7   +/-    0.3   1.4   1.5                           
57999        1.8   +/-    0.3   1.4   1.5          USNO1709 CirT.357
58004        2.2   +/-    0.3   1.4   1.5                           
58009        2.6   +/-    0.3   1.4   1.5                           
58014        3.0   +/-    0.3   1.4   1.5                           
58019        2.7   +/-    0.3   1.4   1.5                           
58024        2.2   +/-    0.3   1.4   1.5                           
58029        2.1   +/-    0.3   1.5   1.6          USNO1710 CirT.358
58034        1.6   +/-    0.3   1.5   1.6                           
58039        0.8   +/-    0.3   1.5   1.6                           
58044        0.8   +/-    0.3   1.5   1.6                           
58049        0.1   +/-    0.3   1.5   1.6                           
58054       -0.8   +/-    0.3   1.5   1.6                           
58059       -1.3   +/-    0.3   1.4   1.5          USNO1711 CirT.359
58064       -0.4   +/-    0.3   1.4   1.5                           
58069        0.6   +/-    0.3   1.4   1.5                           
58074        0.9   +/-    0.3   1.4   1.5                           
58079        1.5   +/-    0.3   1.4   1.5                           
58084        2.0   +/-    0.3   1.4   1.5                           
58089        2.6   +/-    0.3   1.4   1.5          USNO1712 CirT.360
58094        2.0   +/-    0.3   1.4   1.5                           
58099        2.0   +/-    0.3   1.4   1.5                           
58104        2.3   +/-    0.3   1.4   1.5                           
58109        2.4   +/-    0.3   1.4   1.5                           
58114        2.8   +/-    0.3   1.4   1.5                           
58119        3.1   +/-    0.3   1.4   1.5          USNO1801 CirT.361
58124        3.6   +/-    0.3   1.4   1.5                           
58129        3.2   +/-    0.3   1.4   1.5                           
58134        2.6   +/-    0.3   1.4   1.5                           
58139        2.5   +/-    0.3   1.4   1.5                           
58144        1.2   +/-    0.3   1.4   1.5                           
58149       -0.3   +/-    0.3   1.4   1.5                           
58154       -0.6   +/-    0.3   1.4   1.4          USNO1802 CirT.362
58159       -0.8   +/-    0.3   1.4   1.4                           
58164       -0.3   +/-    0.3   1.4   1.4                           
58169       -0.1   +/-    0.3   1.4   1.4                           
58174        0.3   +/-    0.3   1.4   1.4                           
58179        0.4   +/-    0.3   1.5   1.5          USNO1803 CirT.363
58184        1.5   +/-    0.3   1.5   1.5                           
58189        2.1   +/-    0.3   1.5   1.5                           
58194        1.9   +/-    0.3   1.5   1.5                           
58199        1.8   +/-    0.3   1.5   1.5                           
58204        1.5   +/-    0.3   1.5   1.5                           
58209        1.3   +/-    0.3   1.5   1.5          USNO1804 CirT.364
58214        0.8   +/-    0.3   1.5   1.5                           
58219       -0.1   +/-    0.3   1.5   1.5                           
58224       -0.1   +/-    0.3   1.5   1.5                           
58229       -0.4   +/-    0.3   1.5   1.5                           
58234       -0.5   +/-    0.3   1.5   1.5                           
58239       -1.0   +/-    0.3   1.5   1.5          USNO1805 CirT.365
58244       -1.7   +/-    0.3   1.5   1.5                           
58249       -1.8   +/-    0.3   1.5   1.5                           
58254       -1.7   +/-    0.3   1.5   1.5                           
58259       -1.4   +/-    0.3   1.5   1.5                           
58264       -1.8   +/-    0.3   1.5   1.5                           
58269       -2.5   +/-    0.3   1.5   1.5                           
58274       -2.9   +/-    0.3   1.5   1.5          USNO1806 CirT.366
58279       -3.5   +/-    0.3   1.5   1.5                           
58284       -2.7   +/-    0.3   1.5   1.5                           
58289       -1.3   +/-    0.3   1.5   1.5                           
58294       -0.2   +/-    0.3   1.5   1.5                           
58299        0.8   +/-    0.3   1.5   1.5                           
58304        0.9   +/-    0.3   1.5   1.5          USNO1807 CirT.367
58309        0.8   +/-    0.3   1.5   1.5                           
58314        0.9   +/-    0.3   1.5   1.5                           
58319        0.9   +/-    0.3   1.5   1.5                           
58324        0.9   +/-    0.3   1.5   1.5                           
58329        0.1   +/-    0.3   1.5   1.5                           
58334       -0.3   +/-    0.3   1.5   1.5          USNO1808 CirT.368
58339       -0.9   +/-    0.3   1.5   1.5                           
58344       -1.3   +/-    0.3   1.5   1.5                           
58349       -0.7   +/-    0.3   1.5   1.5                           
58354       -0.7   +/-    0.3   1.5   1.5                           
58359        0.0   +/-    0.3   1.5   1.5                           
58364       -0.1   +/-    0.3   1.6   1.6          USNO1809 CirT.369
58369       -0.1   +/-    0.3   1.6   1.6                           
58374        0.0   +/-    0.3   1.6   1.6                           
58379        0.2   +/-    0.3   1.6   1.6                           
58384        0.4   +/-    0.3   1.6   1.6                           
58389        0.1   +/-    0.3   1.6   1.6                           
58394        0.2   +/-    0.3   1.5   1.5          USNO1810 CirT.370
58399       -0.1   +/-    0.3   1.5   1.5                           
58404       -1.0   +/-    0.3   1.5   1.5                           
58409       -0.9   +/-    0.3   1.5   1.5                           
58414       -0.7   +/-    0.3   1.5   1.5                           
58419       -0.2   +/-    0.3   1.5   1.5                           
58424        0.5   +/-    0.3   1.5   1.5          USNO1811 CirT.371
58429        0.2   +/-    0.3   1.5   1.5                           
58434        0.0   +/-    0.3   1.5   1.5                           
58439       -0.2   +/-    0.3   1.5   1.5                           
58444       -0.6   +/-    0.3   1.5   1.5                           
58449       -0.9   +/-    0.3   1.5   1.5                           
58454       -0.5   +/-    0.3   1.5   1.5          USNO1812 CirT.372
58459        0.6   +/-    0.3   1.5   1.5                           
58464        1.4   +/-    0.3   1.5   1.5                           
58469        2.1   +/-    0.3   1.5   1.5                           
58474        1.9   +/-    0.3   1.5   1.5                           
58479        0.9   +/-    0.3   1.5   1.5                           
58484        0.2   +/-    0.3   1.5   1.5          USNO1901 CirT.373
58489        0.6   +/-    0.3   1.5   1.5                           
58494        0.7   +/-    0.3   1.5   1.5                           
58499        0.4   +/-    0.3   1.5   1.5                           
58504       -0.3   +/-    0.3   1.5   1.5                           
58509       -0.9   +/-    0.3   1.5   1.5                           
58514       -1.4   +/-    0.3   1.5   1.5                           
58519       -0.7   +/-    0.3   1.5   1.5          USNO1902 CirT.374
58524       -0.5   +/-    0.3   1.5   1.5                           
58529       -0.3   +/-    0.3   1.5   1.5                           
58534        0.4   +/-    0.3   1.5   1.5                           
58539        0.0   +/-    0.3   1.5   1.5                           
58544       -0.3   +/-    0.3   1.4   1.5          USNO1903 CirT.375
58549       -0.8   +/-    0.3   1.4   1.5                           
58554       -0.7   +/-    0.3   1.4   1.5                           
58559       -1.0   +/-    0.3   1.4   1.5                           
58564       -0.8   +/-    0.3   1.4   1.5                           
58569       -1.1   +/-    0.3   1.4   1.5                           
58574        0.1   +/-    0.3   1.0   1.0          USNO1904 CirT.376
58579        0.3   +/-    0.3   1.0   1.0                           
58584        0.1   +/-    0.3   1.0   1.0                           
58589       -0.1   +/-    0.3   1.0   1.0                           
58594        0.4   +/-    0.3   1.0   1.0                           
58599        0.7   +/-    0.3   1.0   1.0                           
58604        1.2   +/-    0.3   1.1   1.1          USNO1905 CirT.377
58609        1.9   +/-    0.3   1.1   1.1                           
58614        2.3   +/-    0.3   1.1   1.1                           
58619        2.3   +/-    0.3   1.1   1.1                           
58624        2.2   +/-    0.3   1.1   1.1                           
58629        2.6   +/-    0.3   1.1   1.1                           
58634        2.7   +/-    0.3   1.1   1.1                           
58639        2.3   +/-    0.3   1.1   1.1          USNO1906 CirT.378
58644        1.7   +/-    0.3   1.1   1.1                           
58649        1.1   +/-    0.3   1.1   1.1                           
58654        0.8   +/-    0.3   1.1   1.1                           
58659       -0.1   +/-    0.3   1.1   1.1                           
58664       -0.3   +/-    0.3   1.1   1.1                           
58669       -0.8   +/-    0.2   1.1   1.1          USNO1907 CirT.379
58674       -0.5   +/-    0.2   1.1   1.1                           
58679       -0.2   +/-    0.2   1.1   1.1                           
58684        0.2   +/-    0.2   1.1   1.1                           
58689        0.8   +/-    0.2   1.1   1.1                           
58694        1.3   +/-    0.2   1.1   1.1                           
58699        1.8   +/-    0.2   1.1   1.1          USNO1908 CirT.380
58704        2.2   +/-    0.2   1.1   1.1                           
58709        2.3   +/-    0.2   1.1   1.1                           
58714        2.6   +/-    0.2   1.1   1.1                           
58719        2.6   +/-    0.2   1.1   1.1                           
58724        2.8   +/-    0.2   1.1   1.1                           
58729        2.7   +/-    0.2   1.1   1.1          USNO1909 CirT.381
58734        2.6   +/-    0.2   1.1   1.1                           
58739        3.3   +/-    0.2   1.1   1.1                           
58744        3.0   +/-    0.2   1.1   1.1                           
58749        2.8   +/-    0.2   1.1   1.1                           
58754        2.6   +/-    0.2   1.1   1.1                           
58759        2.4   +/-    0.2   1.0   1.1          USNO1910 CirT.382
58764        2.4   +/-    0.2   1.0   1.1                           
58769        2.6   +/-    0.2   1.0   1.1                           
58774        1.7   +/-    0.2   1.0   1.1                           
58779        1.4   +/-    0.2   1.0   1.1                           
58784        0.4   +/-    0.2   1.0   1.1                           
58789       -0.5   +/-    0.2   1.2   1.2          USNO1911 CirT.383
58794       -0.8   +/-    0.2   1.2   1.2                           
58799       -0.9   +/-    0.2   1.2   1.2                           
58804       -0.9   +/-    0.2   1.2   1.2                           
58809       -0.6   +/-    0.2   1.2   1.2                           
58814        0.1   +/-    0.2   1.2   1.2                           
58819        0.3   +/-    0.2   1.2   1.2          USNO1912 CirT.384
58824        0.6   +/-    0.2   1.2   1.2                           
58829        0.9   +/-    0.2   1.2   1.2                           
58834        0.4   +/-    0.2   1.2   1.2                           
58839        0.0   +/-    0.2   1.2   1.2                           
58844       -0.2   +/-    0.2   1.2   1.2                           
58849       -0.4   +/-    0.2   1.2   1.2          USNO2001 CirT.385
58854       -0.3   +/-    0.2   1.2   1.2                           
58859       -0.2   +/-    0.2   1.2   1.2                           
58864        0.1   +/-    0.2   1.2   1.2                           
58869        0.4   +/-    0.2   1.2   1.2                           
58874        0.4   +/-    0.2   1.2   1.2                           
58879       -0.4   +/-    0.2   1.2   1.2                           
58884       -0.6   +/-    0.2   1.2   1.2          USNO2002 CirT.386
58889       -0.7   +/-    0.2   1.2   1.2                           
58894       -0.4   +/-    0.2   1.2   1.2                           
58899       -0.5   +/-    0.2   1.2   1.2                           
58904       -0.3   +/-    0.2   1.2   1.2                           
58909        0.1   +/-    0.2   1.2   1.2          USNO2003 CirT.387
58914        0.9   +/-    0.2   1.2   1.2                           
58919        1.4   +/-    0.2   1.2   1.2                           
58924        1.7   +/-    0.2   1.2   1.2                           
58929        1.8   +/-    0.2   1.2   1.2                           
58934        1.4   +/-    0.2   1.2   1.2                           
58939        1.3   +/-    0.2   1.2   1.2                           
58944        1.9   +/-    0.2   1.3   1.3          USNO2004 CirT.388
58949        2.0   +/-    0.2   1.3   1.3                           
58954        1.7   +/-    0.2   1.3   1.3                           
58959        1.8   +/-    0.2   1.3   1.3                           
58964        1.4   +/-    0.2   1.3   1.3                           
58969        1.4   +/-    0.2   1.3   1.3                           
58974        1.7   +/-    0.2   1.3   1.3          USNO2005 CirT.389
58979        1.7   +/-    0.2   1.3   1.3                           
58984        1.2   +/-    0.2   1.3   1.3                           
58989        1.1   +/-    0.2   1.3   1.3                           
58994        0.4   +/-    0.2   1.3   1.3                           
58999        0.2   +/-    0.2   1.3   1.3                           
59004        0.2   +/-    0.2   1.4   1.4          USNO2006 CirT.390
59009        0.5   +/-    0.2   1.4   1.4                           
59014        0.9   +/-    0.2   1.4   1.4                           
59019        1.0   +/-    0.2   1.4   1.4                           
59024        1.1   +/-    0.2   1.4   1.4                           
59029        1.1   +/-    0.2   1.4   1.4                           
59034        0.7   +/-    0.3   1.4   1.4          USNO2007 CirT.391
59039        0.8   +/-    0.3   1.4   1.4                           
59044        1.0   +/-    0.3   1.4   1.4                           
59049        0.4   +/-    0.3   1.4   1.4                           
59054        0.1   +/-    0.3   1.4   1.4                           
59059        0.2   +/-    0.3   1.4   1.4                           
59064       -0.4   +/-    0.3   1.4   1.4          USNO2008 CirT.392
59069       -0.2   +/-    0.3   1.4   1.4                           
59074       -0.4   +/-    0.3   1.4   1.4                           
59079       -0.7   +/-    0.3   1.4   1.4                           
59084       -0.5   +/-    0.3   1.4   1.4                           
59089       -0.4   +/-    0.3   1.4   1.4                           
59094       -0.6   +/-    0.2   1.3   1.4          USNO2009 CirT.393
59099        0.0   +/-    0.2   1.3   1.4                           
59104        0.3   +/-    0.2   1.3   1.4                           
59109        0.7   +/-    0.2   1.3   1.4                           
59114        0.6   +/-    0.2   1.3   1.4                           
59119       -0.2   +/-    0.2   1.3   1.4                           
59124       -0.6   +/-    0.2   1.4   1.4          USNO2010 CirT.394
59129       -0.4   +/-    0.2   1.4   1.4                           
59134        0.2   +/-    0.2   1.4   1.4                           
59139        0.5   +/-    0.2   1.4   1.4                           
59144        0.7   +/-    0.2   1.4   1.4                           
59149        1.0   +/-    0.2   1.4   1.4                           
59154        0.3   +/-    0.2   1.4   1.5          USNO2011 CirT.395
59159       -0.2   +/-    0.2   1.4   1.5                           
59164       -0.3   +/-    0.2   1.4   1.5                           
59169       -0.9   +/-    0.2   1.4   1.5                           
59174       -1.0   +/-    0.2   1.4   1.5                           
59179       -1.1   +/-    0.2   1.4   1.5                           
59184       -0.5   +/-    0.2   1.4   1.4          USNO2012 CirT.396
59189        0.2   +/-    0.2   1.4   1.4                           
59194        0.6   +/-    0.2   1.4   1.4                           
59199        0.8   +/-    0.2   1.4   1.4                           
59204        1.2   +/-    0.2   1.4   1.4                           
59209        1.3   +/-    0.2   1.4   1.4                           
59214        1.8   +/-    0.2   1.4   1.4                           
59219        1.1   +/-    0.2   1.4   1.4          USNO2101 CirT.397
59224        0.8   +/-    0.2   1.4   1.4                           
59229        0.4   +/-    0.2   1.4   1.4                           
59234       -0.5   +/-    0.2   1.4   1.4                           
59239       -0.7   +/-    0.2   1.4   1.4                           
59244       -0.7   +/-    0.2   1.4   1.4                           
59249       -0.5   +/-    0.2   1.4   1.4          USNO2102 CirT.398
59254       -0.5   +/-    0.2   1.4   1.4                           
59259       -0.6   +/-    0.2   1.4   1.4                           
59264       -0.5   +/-    0.2   1.4   1.4                           
59269       -0.1   +/-    0.2   1.4   1.4                           
59274       -0.2   +/-    0.2   1.4   1.4          USNO2103 CirT.399
59279       -0.2   +/-    0.2   1.4   1.4                           
59284        0.2   +/-    0.2   1.4   1.4                           
59289        0.0   +/-    0.2   1.4   1.4                           
59294       -0.3   +/-    0.2   1.4   1.4                           
59299       -0.3   +/-    0.2   1.4   1.4                           
59304       -0.1   +/-    0.2   1.4   1.4                           
59309        0.3   +/-    0.2   1.4   1.4          USNO2104 CirT.400
59314        0.2   +/-    0.2   1.4   1.4                           
59319        0.3   +/-    0.2   1.4   1.4                           
59324        0.9   +/-    0.2   1.4   1.4                           
59329        1.4   +/-    0.2   1.4   1.4                           
59334        0.6   +/-    0.2   1.4   1.4                           
59339        0.6   +/-    0.2   1.5   1.5          USNO2105 CirT.401
59344        1.0   +/-    0.2   1.5   1.5                           
59349        0.5   +/-    0.2   1.5   1.5                           
59354        0.4   +/-    0.2   1.5   1.5                           
59359       -0.5   +/-    0.2   1.5   1.5                           
59364       -1.6   +/-    0.2   1.5   1.5                           
59369       -2.0   +/-    0.2   1.5   1.5          USNO2106 CirT.402
59374       -1.8   +/-    0.2   1.5   1.5                           
59379       -1.6   +/-    0.2   1.5   1.5                           
59384       -1.4   +/-    0.2   1.5   1.5                           
59389       -1.7   +/-    0.2   1.5   1.5                           
59394       -1.2   +/-    0.2   1.5   1.5                           
59399       -1.5   +/-    0.2   1.5   1.5          USNO2107 CirT.403
59404       -2.0   +/-    0.2   1.5   1.5                           
59409       -1.7   +/-    0.2   1.5   1.5                           
59414       -1.4   +/-    0.2   1.5   1.5                           
59419       -1.6   +/-    0.2   1.5   1.5                           
59424       -2.0   +/-    0.2   1.5   1.5                           
59429       -2.1   +/-    0.2   1.5   1.5          USNO2108 CirT.404
59434       -2.3   +/-    0.2   1.5   1.5                           
59439       -2.3   +/-    0.2   1.5   1.5                           
59444       -1.5   +/-    0.2   1.5   1.5                           
59449       -1.8   +/-    0.2   1.5   1.5                           
59454       -1.9   +/-    0.2   1.5   1.5                           
59459       -2.3   +/-    0.2   1.5   1.5          USNO2109 CirT.405
59464       -2.1   +/-    0.2   1.5   1.5                           
59469       -2.4   +/-    0.2   1.5   1.5                           
59474       -2.0   +/-    0.2   1.5   1.5                           
59479       -1.4   +/-    0.2   1.5   1.5                           
59484       -1.7   +/-    0.2   1.5   1.5                           
59489       -1.3   +/-    0.2   1.5   1.5          USNO2110 CirT.406
59494       -1.2   +/-    0.2   1.5   1.5                           
59499       -1.4   +/-    0.2   1.5   1.5                           
59504       -0.5   +/-    0.2   1.5   1.5                           
59509        0.0   +/-    0.2   1.5   1.5                           
59514        0.0   +/-    0.2   1.5   1.5                           
59519        0.1   +/-    0.2   1.6   1.6          USNO2111 CirT.407
59524        0.5   +/-    0.2   1.6   1.6                           
59529        0.4   +/-    0.2   1.6   1.6                           
59534       -0.2   +/-    0.2   1.6   1.6                           
59539       -0.2   +/-    0.2   1.6   1.6                           
59544       -0.4   +/-    0.2   1.6   1.6                           
59549        0.3   +/-    0.2   1.6   1.6          USNO2112 CirT.408
59554       -0.2   +/-    0.2   1.6   1.6                           
59559       -0.3   +/-    0.2   1.6   1.6                           
59564        0.2   +/-    0.2   1.6   1.6                           
59569        0.3   +/-    0.2   1.6   1.6                           
59574        0.5   +/-    0.2   1.6   1.6                           
59579        0.6   +/-    0.2   1.6   1.6                           
59584        0.9   +/-    0.2   1.5   1.5          USNO2201 CirT.409
59589       -0.1   +/-    0.2   1.5   1.5                           
59594       -0.2   +/-    0.2   1.5   1.5                           
59599       -0.4   +/-    0.2   1.5   1.5                           
59604       -0.2   +/-    0.2   1.5   1.5                           
59609       -0.5   +/-    0.2   1.5   1.5                           
59614       -0.4   +/-    0.2   1.4   1.4          USNO2202 CirT.410
59619       -0.3   +/-    0.2   1.4   1.4                           
59624       -0.6   +/-    0.2   1.4   1.4                           
59629        0.1   +/-    0.2   1.4   1.4                           
59634        0.2   +/-    0.2   1.4   1.4                           
59639        0.2   +/-    0.2   1.4   1.4          USNO2203 CirT.411
59644        0.2   +/-    0.2   1.4   1.4                           
59649        0.1   +/-    0.2   1.4   1.4                           
59654       -0.2   +/-    0.2   1.4   1.4                           
59659       -0.4   +/-    0.2   1.4   1.4                           
59664       -0.5   +/-    0.2   1.4   1.4                           
59669       -0.6   +/-    0.2   1.4   1.4                           
59674       -0.2   +/-    0.2   1.4   1.5          USNO2204 CirT.412
59679       -0.5   +/-    0.2   1.4   1.5                           
59684       -0.8   +/-    0.2   1.4   1.5                           
59689       -0.4   +/-    0.2   1.4   1.5                           
59694       -0.5   +/-    0.2   1.4   1.5                           
59699       -0.6   +/-    0.2   1.4   1.5                           
59704       -0.9   +/-    0.2   1.6   1.7          USNO2205 CirT.413
59709       -1.2   +/-    0.2   1.6   1.7                           
59714       -0.9   +/-    0.2   1.6   1.7                           
59719       -0.8   +/-    0.2   1.6   1.7                           
59724       -0.9   +/-    0.2   1.6   1.7                           
59729       -0.6   +/-    0.2   1.6   1.7                           
59734       -0.8   +/-    0.2   1.5   1.5          USNO2206 CirT.414
59739       -0.8   +/-    0.2   1.5   1.5                           
59744       -0.8   +/-    0.2   1.5   1.5                           
59749       -0.4   +/-    0.2   1.5   1.5                           
59754       -0.1   +/-    0.2   1.5   1.5                           
59759       -0.2   +/-    0.2   1.5   1.5                           
59764       -0.8   +/-    0.2   1.5   1.5          USNO2207 CirT.415
59769       -0.5   +/-    0.2   1.5   1.5                           
59774       -0.6   +/-    0.2   1.5   1.5                           
59779        0.0   +/-    0.2   1.5   1.5                           
59784        0.6   +/-    0.2   1.5   1.5                           
59789        0.5   +/-    0.2   1.5   1.5                           
59794        0.5   +/-    0.2   1.5   1.5          USNO2208 CirT.416
59799        0.7   +/-    0.2   1.5   1.5                           
59804       -0.1   +/-    0.2   1.5   1.5                           
59809       -0.4   +/-    0.2   1.5   1.5                           
59814        0.3   +/-    0.2   1.5   1.5                           
59819       -0.3   +/-    0.2   1.5   1.5                           
59824       -0.1   +/-    0.3   1.6   1.6          USNO2209 CirT.417
59829       -0.3   +/-    0.3   1.6   1.6                           
59834        0.0   +/-    0.3   1.6   1.6                           
59839       -0.7   +/-    0.3   1.6   1.6                           
59844       -0.5   +/-    0.3   1.6   1.6                           
59849       -0.6   +/-    0.3   1.6   1.6                           
59854       -0.6   +/-    0.3   1.6   1.6          USNO2210 CirT.418
59859       -1.0   +/-    0.3   1.6   1.6                           
59864       -0.9   +/-    0.3   1.6   1.6                           
59869       -1.2   +/-    0.3   1.6   1.6                           
59874       -0.8   +/-    0.3   1.6   1.6                           
59879       -0.8   +/-    0.3   1.6   1.6                           
59884       -0.8   +/-    0.3   1.8   1.8          USNO2211 CirT.419
59889       -0.8   +/-    0.3   1.8   1.8                           
59894       -0.9   +/-    0.3   1.8   1.8                           
59899       -0.9   +/-    0.3   1.8   1.8                           
59904       -0.7   +/-    0.3   1.8   1.8                           
59909       -0.4   +/-    0.3   1.8   1.8                           
59914       -0.7   +/-    0.3   1.8   1.9          USNO2212 CirT.420
59919       -1.0   +/-    0.3   1.8   1.9                           
59924       -0.7   +/-    0.3   1.8   1.9                           
59929       -0.9   +/-    0.3   1.8   1.9                           
59934       -0.5   +/-    0.3   1.8   1.9                           
59939        0.1   +/-    0.3   1.8   1.9                           
59944        0.3   +/-    0.3   1.8   1.9                           
59949        0.5   +/-    0.3   1.8   1.9          USNO2301 CirT.421
59954        1.1   +/-    0.3   1.8   1.9                           
59959        1.0   +/-    0.3   1.8   1.9                           
59964        0.7   +/-    0.3   1.8   1.9                           
59969       -0.3   +/-    0.3   1.8   1.9                           
59974       -0.4   +/-    0.3   1.8   1.9                           
59979       -0.3   +/-    0.3   1.8   1.9          USNO2302 CirT.422
59984       -0.4   +/-    0.3   1.8   1.9                           
59989        0.1   +/-    0.3   1.8   1.9                           
59994       -0.1   +/-    0.3   1.8   1.9                           
59999        0.2   +/-    0.3   1.8   1.9                           
60004        0.2   +/-    0.3   1.8   1.8          USNO2303 CirT.423
60009        0.1   +/-    0.3   1.8   1.8                           
60014        0.4   +/-    0.3   1.8   1.8                           
60019       -0.1   +/-    0.3   1.8   1.8                           
60024       -0.7   +/-    0.3   1.8   1.8                           
60029       -0.8   +/-    0.3   1.8   1.8                           
60034       -0.8   +/-    0.3   1.8   1.8                           
60039       -1.0   +/-    0.3   1.7   1.7          USNO2304 CirT.424
60044       -0.8   +/-    0.3   1.7   1.7                           
60049       -1.0   +/-    0.3   1.7   1.7                           
60054       -0.2   +/-    0.3   1.7   1.7                           
60059       -0.2   +/-    0.3   1.7   1.7                           
60064       -0.4   +/-    0.3   1.7   1.7                           
60069       -0.6   +/-    0.3   1.6   1.7          USNO2305 CirT.425
60074        0.0   +/-    0.3   1.6   1.7                           
60079        0.1   +/-    0.3   1.6   1.7                           
60084        0.1   +/-    0.3   1.6   1.7                           
60089        0.7   +/-    0.3   1.6   1.7                           
60094        0.8   +/-    0.3   1.6   1.7                           
60099        0.5   +/-    0.3   1.7   1.7          USNO2306 CirT.426
60104        0.5   +/-    0.3   1.7   1.7                           
60109        0.0   +/-    0.3   1.7   1.7                           
60114        0.4   +/-    0.3   1.7   1.7                           
60119        0.6   +/-    0.3   1.7   1.7                           
60124        0.5   +/-    0.3   1.7   1.7                           
60129        0.6   +/-    0.3   1.7   1.7          USNO2307 CirT.427
60134        0.4   +/-    0.3   1.7   1.7                           
60139        0.7   +/-    0.3   1.7   1.7                           
60144        0.6   +/-    0.3   1.7   1.7                           
60149        0.1   +/-    0.3   1.7   1.7                           
60154       -0.3   +/-    0.3   1.7   1.7                           
60159        0.2   +/-    0.3   1.7   1.8          USNO2308 CirT.428
60164       -0.6   +/-    0.3   1.7   1.8                           
60169        0.2   +/-    0.3   1.7   1.8                           
60174        0.4   +/-    0.3   1.7   1.8                           
60179        0.2   +/-    0.3   1.7   1.8                           
60184       -0.2   +/-    0.3   1.7   1.8                           
60189       -0.1   +/-    0.3   1.8   1.8          USNO2309 CirT.429
60194        0.8   +/-    0.3   1.8   1.8                           
60199        0.9   +/-    0.3   1.8   1.8                           
60204        1.1   +/-    0.3   1.8   1.8                           
60209        0.8   +/-    0.3   1.8   1.8                           
60214        0.7   +/-    0.3   1.8   1.8                           
60219        0.5   +/-    0.3   1.8   1.8          USNO2310 CirT.430
60224        0.6   +/-    0.3   1.8   1.8                           
60229       -0.2   +/-    0.3   1.8   1.8                           
60234        0.3   +/-    0.3   1.8   1.8                           
60239        0.1   +/-    0.3   1.8   1.8                           
60244       -0.3   +/-    0.3   1.8   1.8                           
60249       -0.1   +/-    0.3   1.8   1.8          USNO2311 CirT.431
60254       -0.3   +/-    0.3   1.8   1.8                           
60259       -0.5   +/-    0.3   1.8   1.8                           
60264        0.2   +/-    0.3   1.8   1.8                           
60269        0.1   +/-    0.3   1.8   1.8                           
60274        0.5   +/-    0.3   1.8   1.8                           
60279        0.5   +/-    0.3   1.7   1.8          USNO2312 CirT.432
60284        0.4   +/-    0.3   1.7   1.8                           
60289        0.6   +/-    0.3   1.7   1.8                           
60294        0.4   +/-    0.3   1.7   1.8                           
60299        0.2   +/-    0.3   1.7   1.8                           
60304       -0.3   +/-    0.3   1.7   1.8                           
60309       -0.7   +/-    0.3   1.7   1.8                           
60314       -1.0   +/-    0.3   1.8   1.8          USNO2401 CirT.433
60319       -0.6   +/-    0.3   1.8   1.8                           
60324       -0.8   +/-    0.3   1.8   1.8                           
60329       -0.6   +/-    0.3   1.8   1.8                           
60334       -0.4   +/-    0.3   1.8   1.8                           
60339       -0.5   +/-    0.3   1.8   1.8                           
60344       -0.4   +/-    0.3   1.8   1.9          USNO2402 CirT.434
60349       -0.2   +/-    0.3   1.8   1.9                           
60354       -0.4   +/-    0.3   1.8   1.9                           
60359       -0.7   +/-    0.3   1.8   1.9                           
60364       -0.2   +/-    0.3   1.8   1.9                           
60369       -0.7   +/-    0.3   1.8   1.9                           
60374       -1.2   +/-    0.3   1.9   1.9          USNO2403 CirT.435
60379       -1.3   +/-    0.3   1.9   1.9                           
60384       -1.5   +/-    0.3   1.9   1.9                           
60389       -0.7   +/-    0.3   1.9   1.9                           
60394       -0.4   +/-    0.3   1.9   1.9                           
60399       -0.9   +/-    0.3   1.9   1.9                           
60404       -0.9   +/-    0.3   1.9   1.9          USNO2404 CirT.436
60409       -1.2   +/-    0.3   1.9   1.9                           
60414       -1.4   +/-    0.3   1.9   1.9                           
60419       -1.1   +/-    0.3   1.9   1.9                           
60424        0.0   +/-    0.3   1.9   1.9                           
60429        0.4   +/-    0.3   1.9   1.9                           
60434       -0.2   +/-    0.2   2.1   2.1          USNO2405 CirT.437
60439       -0.4   +/-    0.2   2.1   2.1                           
60444       -0.5   +/-    0.2   2.1   2.1                           
60449       -0.8   +/-    0.2   2.1   2.1                           
60454       -0.6   +/-    0.2   2.1   2.1                           
60459       -0.7   +/-    0.2   2.1   2.1                           
60464       -0.9   +/-    0.2   2.1   2.1          USNO2406 CirT.438
60469       -1.7   +/-    0.2   2.1   2.1                           
60474       -1.6   +/-    0.2   2.1   2.1                           
60479       -1.1   +/-    0.2   2.1   2.1                           
60484       -1.0   +/-    0.2   2.1   2.1                           
60489       -1.8   +/-    0.2   2.1   2.1                           
60494       -1.1   +/-    0.2   2.1   2.1          USNO2407 CirT.439
60499       -0.5   +/-    0.2   2.1   2.1                           
60504       -0.1   +/-    0.2   2.1   2.1                           
60509       -0.2   +/-    0.2   2.1   2.1                           
60514       -0.6   +/-    0.2   2.1   2.1                           
60519       -0.5   +/-    0.2   2.1   2.1                           
60524       -1.0   +/-    0.4   2.2   2.2          USNO2408 CirT.440
60529       -1.4   +/-    0.4   2.2   2.2                           
60534       -0.5   +/-    0.4   2.2   2.2                           
60539        0.4   +/-    0.4   2.2   2.2                           
60544       -0.3   +/-    0.4   2.2   2.2                           
60549       -0.5   +/-    0.4   2.2   2.2                           
60554       -0.1   +/-    0.4   2.2   2.2          USNO2409 CirT.441
60559       -0.1   +/-    0.4   2.2   2.2                           
60564       -0.1   +/-    0.4   2.2   2.2                           
60569       -0.4   +/-    0.4   2.2   2.2                           
60574       -0.9   +/-    0.4   2.2   2.2                           
60579       -1.6   +/-    0.4   2.2   2.2                           
60584       -2.0   +/-    0.2   2.2   2.2          USNO2410 CirT.442
60589       -2.1   +/-    0.2   2.2   2.2                           
60594       -2.8   +/-    0.2   2.2   2.2                           
60599       -2.8   +/-    0.2   2.2   2.2                           
60604       -2.6   +/-    0.2   2.2   2.2                           
60609       -2.9   +/-    0.2   2.2   2.2                           
60614       -3.2   +/-    0.2   2.2   2.2                           
60619       -3.0   +/-    0.2   2.2   2.2          USNO2411 CirT.443
60624       -3.5   +/-    0.2   2.2   2.2                           
60629       -3.5   +/-    0.2   2.2   2.2                           
60634       -2.5   +/-    0.2   2.2   2.2                           
60639       -2.4   +/-    0.2   2.2   2.2                           
60644       -2.7   +/-    0.2   2.2   2.2                           
60649       -2.5   +/-    0.2   2.2   2.2          USNO2412 CirT.444
60654       -2.5   +/-    0.2   2.2   2.2                           
60659       -2.5   +/-    0.2   2.2   2.2                           
60664       -1.4   +/-    0.2   2.2   2.2                           
60669       -0.2   +/-    0.2   2.2   2.2                           
60674        0.4   +/-    0.2   2.2   2.2                           
60679        0.0   +/-    0.2   2.2   2.2          USNO2501 CirT.445
60684       -0.6   +/-    0.2   2.2   2.2                           
60689       -0.7   +/-    0.2   2.2   2.2                           
60694        0.3   +/-    0.2   2.2   2.2                           
60699        0.5   +/-    0.2   2.2   2.2                           
60704        0.7   +/-    0.2   2.2   2.2                           
60709        0.7   +/-    0.2   2.2   2.2          USNO2502 CirT.446
60714        1.1   +/-    0.2   2.2   2.2                           
60719        1.5   +/-    0.2   2.2   2.2                           
60724        1.3   +/-    0.2   2.2   2.2                           
60729        1.0   +/-    0.2   2.2   2.2                           
60734        1.3   +/-    0.2   2.2   2.2                           
60739        1.2   +/-    0.2   2.3   2.3          USNO2503 CirT.447
60744        1.8   +/-    0.2   2.3   2.3                           
60749        1.8   +/-    0.2   2.3   2.3                           
60754        2.3   +/-    0.2   2.3   2.3                           
60759        1.1   +/-    0.2   2.3   2.3                           
60764        1.1   +/-    0.2   2.3   2.3                           
60769        1.0   +/-    0.2   2.3   2.3          USNO2504 CirT.448
60774        1.0   +/-    0.2   2.3   2.3                           
60779        1.4   +/-    0.2   2.3   2.3                           
60784        0.9   +/-    0.2   2.3   2.3                           
60789        0.1   +/-    0.2   2.3   2.3                           
60794        0.0   +/-    0.2   2.3   2.3                           
60799       -0.2   +/-    0.2   2.3   2.3          USNO2505 CirT.449
60804       -0.3   +/-    0.2   2.3   2.3                           
60809        0.2   +/-    0.2   2.3   2.3                           
60814       -0.2   +/-    0.2   2.3   2.3                           
60819        0.1   +/-    0.2   2.3   2.3                           
60824        0.5   +/-    0.2   2.3   2.3                           
60829        0.3   +/-    0.2   2.3   2.3          USNO2506 CirT.450
60834        0.8   +/-    0.2   2.3   2.3                           
60839        0.5   +/-    0.2   2.3   2.3                           
60844        1.2   +/-    0.2   2.3   2.3                           
60849        1.1   +/-    0.2   2.3   2.3                           
60854        0.5   +/-    0.2   2.3   2.3                           
60859       -0.3   +/-    0.2   2.3   2.3          USNO2507 CirT.451
60864        0.1   +/-    0.2   2.3   2.3                           
60869        0.0   +/-    0.2   2.3   2.3                           
60874        0.5   +/-    0.2   2.3   2.3                           
60879        0.4   +/-    0.2   2.3   2.3                           
60884        0.4   +/-    0.2   2.3   2.3                           
60889        0.8   +/-    0.2   2.3   2.3          USNO2508 CirT.452
60894        0.8   +/-    0.2   2.3   2.3                           
60899        1.0   +/-    0.2   2.3   2.3                           
60904        0.6   +/-    0.2   2.3   2.3                           
60909        0.4   +/-    0.2   2.3   2.3                           
60914        0.0   +/-    0.2   2.3   2.3                           
60919       -0.1   +/-    0.2   2.3   2.3          USNO2509 CirT.453
60924       -0.2   +/-    0.2   2.3   2.3                           
60929       -0.2   +/-    0.2   2.3   2.3                           
60934       -0.1   +/-    0.2   2.3   2.3                           
60939        0.5   +/-    0.2   2.3   2.3                           
60944        1.2   +/-    0.2   2.3   2.3                           
60949        0.3   +/-    0.2   2.3   2.3          USNO2510 CirT.454
60954        0.2   +/-    0.2   2.3   2.3                           
60959        0.0   +/-    0.2   2.3   2.3                           
60964        0.1   +/-    0.2   2.3   2.3                           
60969       -0.1   +/-    0.2   2.3   2.3                           
60974        0.0   +/-    0.2   2.3   2.3                           
60979        0.6   +/-    0.2   2.3   2.3                           
60984        0.0   +/-    0.2   2.4   2.4          USNO2511 CirT.455
60989        0.4   +/-    0.2   2.4   2.4                           
60994        0.4   +/-    0.2   2.4   2.4                           
60999        0.3   +/-    0.2   2.4   2.4                           
61004        0.0   +/-    0.2   2.4   2.4                           
61009       -0.3   +/-    0.2   2.4   2.4                           
61014       -0.3   +/-    0.2   2.4   2.4          USNO2512 CirT.456
61019        0.1   +/-    0.2   2.4   2.4                           
61024       -0.2   +/-    0.2   2.4   2.4                           
61029       -0.1   +/-    0.2   2.4   2.4                           
61034       -0.5   +/-    0.2   2.4   2.4                           
61039       -0.9   +/-    0.2   2.4   2.4                           
61044       -1.0   +/-    0.2   2.4   2.4          USNO2601 CirT.457
61049       -1.1   +/-    0.2   2.4   2.4                           
61054       -0.6   +/-    0.2   2.4   2.4                           
61059        0.0   +/-    0.2   2.4   2.4                           
61064        0.4   +/-    0.2   2.4   2.4                           
61069        0.9   +/-    0.2   2.4   2.4                           
61074        0.8   +/-    0.2   2.4   2.4          USNO2602 CirT.458
61079        1.1   +/-    0.2   2.4   2.4                           
61084        1.6   +/-    0.2   2.4   2.4                           
61089        1.0   +/-    0.2   2.4   2.4                           
61094        1.1   +/-    0.2   2.4   2.4                           
61099        1.1   +/-    0.2   2.4   2.4                           
