 MJD  [UTC-UTC(NIST)]/ns  uA/ns  uB/ns  u/ns  

50814        0
50819        2
50824        4
50829        2
50834        5
50839        5
50844        5
50849        7
50854       10
50859       11
50864       14
50869       15
50874       16
50879       18
50884       22
50889       22
50894       24
50899       24
50904       26
50909       24
50914       24
50919       24
50924       24
50929       26
50934       26
50939       26
50944       27
50949       28
50954       28
50959       26
50964       29
50969       30
50974       28
50979       27
50984       28
50989       26
50994       25
50999       24
51004       23
51009       23
51014       23
51019       22
51024       22
51029       15
51034       15
51039       16
51044       13
51049       11
51054        8
51059        6
51064        2
51069        1
51074       -1
51079       -4
51084       -6
51089       -7
51094       -6
51099       -5
51104       -3
51109       -3
51114       -2
51119       -3
51124       -1
51129       -1
51134        2
51139       -1
51144        0
51149        3
51154        4
51159        2
51164        6
51169       10
51174        9
51179       10
51184       17
51189       19
51194       20
51199       22
51204       25
51209       25
51214       26
51219       25
51224       27
51229       26
51234       26
51239       24
51244       21
51249       21
51254       17
51259       15
51264       13
51269       10
51274        6
51279        2
51284       -3
51289       -9
51294      -13
51299      -18
51304      -17
51309      -18
51314      -17
51319      -18
51324      -18
51329      -16
51334      -16
51339      -16
51344      -17
51349      -14
51354      -16
51359      -12
51364       -8
51369       -6
51374       -6
51379       -3
51384       -3
51389       -1
51394        0
51399       -2
51404        3
51409        4
51414        5
51419       12
51424       11
51429       15
51434       15
51439       13
51444       13
51449       15
51454       12
51459        9
51464        8
51469        9
51474       10
51479       10
51484       11
51489        7
51494        6
51499        6
51504        3
51509       -1
51514       -1
51519       -1
51524       -4
51529       -5
51534       -7
51539       -3
51544       -2
51549        0
51554        2
51559        2
51564        3
51569        0
51574        3
51579        6
51584        2
51589        5
51594        5
51599        7
51604        9
51609        8
51614       10
51619       15
51624       17
51629       15
51634       14
51639       20
51644       18
51649       20
51654       16
51659       17
51664       17
51669       17
51674       17
51679       17
51684       19
51689       18
51694       16
51699       18
51704       18
51709       20
51714       21
51719       23
51724       23
51729       24
51734       24
51739       24
51744       26
51749       24
51754       28
51759       26
51764       23
51769       25
51774       23
51779       22
51784       18
51789       12
51794        9
51799        6
51804       -1
51809        0
51814       -7
51819       -8
51824       -8
51829      -13
51834      -15
51839      -19
51844      -24
51849      -25
51854      -27
51859      -22
51864      -20
51869      -21
51874      -18
51879      -16
51884      -14
51889      -10
51894       -8
51899       -5
51904       -3
51909       -3
51914        1
51919        2
51924        4
51929        7
51934        9
51939       11
51944       11
51949       11
51954        6
51959        5
51964        3
51969        1
51974       -1
51979        0
51984       -1
51989       -2
51994        3
51999        3
52004       -1
52009       -5
52014       -5
52019       -8
52024      -10
52029      -11
52034      -17
52039      -13
52044      -15
52049      -14
52054      -10
52059      -17
52064      -22
52069      -21
52074      -19
52079      -23
52084      -24
52089      -26
52094      -20
52099      -23
52104      -22
52109      -20
52114      -20
52119      -18
52124      -17
52129      -11
52134       -3
52139        2
52144        9
52149       17
52154       23
52159       26
52164       28
52169       32
52174       39
52179       40
52184       43
52189       46
52194       41
52199       42
52204       41
52209       39
52214       38
52219       34
52224       30
52229       31
52234       28
52239       27
52244       24
52249       17
52254       17
52259        9
52264        4
52269       -1
52274       -6
52279      -11
52284      -15
52289      -19
52294      -25
52299      -20
52304      -19
52309      -19
52314      -21
52319      -19
52324      -16
52329      -12
52334       -7
52339       -9
52344      -10
52349      -13
52354      -15
52359      -15
52364      -15
52369      -14
52374      -11
52379       -7
52384       -6
52389       -2
52394        0
52399        0
52404        7
52409       14
52414       14
52419       12
52424       10
52429       11
52434       12
52439       12
52444        8
52449        8
52454        5
52459        3
52464        0
52469        0
52474       -3
52479       -4
52484       -7
52489      -11
52494      -10
52499      -13
52504      -10
52509       -6
52514       -3
52519       -1
52524        0
52529        0
52534        2
52539        3
52544        4
52549        4
52554        4
52559        4
52564        5
52569        5
52574        6
52579        4
52584        5
52589        3
52594        3
52599        2
52604       -1
52609       -3
52614       -1
52619       -4
52624        0
52629       -3
52634       -1
52639       -2
52644        0.1
52649       -0.8
52654        3.2
52659       -0.8
52664        0.5
52669        1.7
52674        4.0
52679        6.5
52684        5.3
52689        7.4
52694        7.3
52699        6.9
52704        8.9
52709       10.7
52714       10.5
52719       11.4
52724       10.8
52729       10.8
52734       10.7
52739       10.9
52744       10.9
52749       10.7
52754       10.0
52759        8.9
52764       10.5
52769       10.4
52774       10.1
52779        4.0
52784        0.3
52789        0.6
52794        2.6
52799        3.8
52804        5.5
52809        7.5
52814        9.4
52819        9.2
52824       10.3
52829       12.6
52834       11.7
52839       12.7
52844       13.7
52849       10.7
52854       11.2
52859       10.2
52864       10.2
52869        8.0
52874        7.7
52879        7.7
52884        9.2
52889        7.6
52894        8.3
52899        7.5
52904        5.2
52909        7.9
52914        5.5
52919        3.9
52924        4.7
52929        1.2
52934        0.1
52939        1.8
52944        3.3
52949        2.1
52954        2.3
52959        2.0
52964       -0.8
52969       -1.1
52974       -0.7
52979       -0.2
52984       -1.6
52989       -2.8
52994       -4.1
52999       -4.0
53004       -3.7
53009       -3.6
53014       -3.8
53019       -4.2
53024       -4.8
53029       -4.6
53034       -3.1
53039       -4.5
53044       -1.5
53049       -2.0
53054       -0.5
53059        1.2
53064        1.1
53069        3.2
53074        3.6
53079        4.1
53084        5.0
53089        6.3
53094        6.2
53099        6.7
53104        7.5
53109        6.9
53114        7.3
53119        7.5
53124       10.3
53129       10.5
53134       10.6
53139        9.9
53144        8.9
53149        5.4
53154        2.8
53159        0.2
53164       -2.2
53169       -5.2
53174       -4.9
53179       -6.4
53184       -5.9
53189       -5.3
53194       -6.0
53199       -6.0
53204       -5.2
53209       -4.0
53214       -4.5
53219       -2.5
53224       -1.3
53229       -2.5
53234       -0.2
53239        0.9
53244        2.4
53249        2.5
53254        3.7
53259        4.7
53264        4.2
53269        4.1
53274        3.6
53279        3.5
53284        2.8
53289        3.7
53294        2.2
53299        1.4
53304        4.3
53309        3.4
53314        3.6
53319        2.6
53324        2.5
53329        2.5
53334        5.3
53339        4.7
53344        5.6
53349        5.1
53354        5.7
53359        4.2
53364        3.5
53369        3.5
53374        2.6
53379        1.3
53384        1.5
53389        0.8
53394       -0.6
53399       -1.7
53404       -2.1
53409       -1.8
53414       -1.6
53419       -1.8
53424       -1.1
53429       -2.2
53434       -3.3
53439       -3.6
53444       -2.7
53449       -2.2
53454       -3.2
53459       -1.1
53464       -0.6
53469        0.6
53474        0.3
53479        1.8
53484        1.6
53489        1.4
53494        2.8          NIST0505 CirT.209
53499        3.4                           
53504        4.9                           
53509        5.7                           
53514        7.8                           
53519        8.4                           
53524       12.2          NIST0506 CirT.210
53529       14.0                           
53534       14.6                           
53539       15.6                           
53544       12.5                           
53549       10.5                           
53554        8.3          NIST0507 CirT.211
53559        8.4                           
53564        6.8                           
53569        4.3                           
53574        0.9                           
53579       -1.9                           
53584       -3.3          NIST0508 CirT.212
53589       -6.1                           
53594       -7.7                           
53599      -10.3                           
53604      -12.0                           
53609      -11.6                           
53614      -11.4          NIST0509 CirT.213
53619      -11.8                           
53624      -11.7                           
53629      -12.6                           
53634      -12.2                           
53639      -12.7                           
53644      -12.5          NIST0510 CirT.214
53649      -12.2                           
53654      -11.3                           
53659      -11.5                           
53664      -10.9                           
53669       -9.7                           
53674       -7.8                           
53679       -7.2          NIST0511 CirT.215
53684       -5.1                           
53689       -4.3                           
53694       -1.1                           
53699        0.1                           
53704        0.6                           
53709        3.4          NIST0512 CirT.216
53714        2.0                           
53719        2.6                           
53724        3.3                           
53729        3.7                           
53734        3.9                           
53739        4.1          NIST0601 CirT.217
53744        4.2                           
53749        4.1                           
53754        3.4                           
53759        2.0                           
53764        2.6                           
53769        2.0          NIST0602 CirT.218
53774        2.0                           
53779        1.3                           
53784        2.8                           
53789        2.5                           
53794        1.6                           
53799        3.2          NIST0603 CirT.219
53804        4.1                           
53809        3.8                           
53814        5.8                           
53819        5.7                           
53824        5.4                           
53829        6.2          NIST0604 CirT.220
53834        6.8                           
53839        6.0                           
53844        6.7                           
53849        6.2                           
53854        6.4                           
53859        7.0          NIST0605 CirT.221
53864        6.4                           
53869        6.2                           
53874        6.5                           
53879        6.6                           
53884        6.5                           
53889        7.1          NIST0606 CirT.222
53894        7.4                           
53899        6.9                           
53904        6.9                           
53909        8.5                           
53914        9.2                           
53919        8.3          NIST0607 CirT.223
53924        9.2                           
53929        8.6                           
53934        8.1                           
53939        6.7                           
53944        6.5                           
53949        4.2          NIST0608 CirT.224
53954        3.2                           
53959        2.3                           
53964        1.1                           
53969       -0.2                           
53974       -2.2                           
53979       -5.4          NIST0609 CirT.225
53984       -6.7                           
53989       -8.8                           
53994      -11.3                           
53999      -13.0                           
54004      -14.6                           
54009      -14.4          NIST0610 CirT.226
54014      -14.9                           
54019      -14.3                           
54024      -14.0                           
54029      -11.8                           
54034       -7.4                           
54039       -4.9                           
54044       -1.9          NIST0611 CirT.227
54049        2.7                           
54054        6.0                           
54059        9.8                           
54064        9.9                           
54069       11.6                           
54074       12.4   +/-    0.5   4.8   4.9          NIST0612 CirT.228
54079       14.5   +/-    0.5   4.8   4.9                           
54084       16.2   +/-    0.5   4.8   4.9                           
54089       15.5   +/-    0.5   4.8   4.9                           
54094       14.6   +/-    0.5   4.8   4.9                           
54099       15.9   +/-    0.5   4.8   4.9                           
54104       16.7   +/-    0.5   4.8   4.8          NIST0701 CirT.229
54109       16.1   +/-    0.5   4.8   4.8                           
54114       16.5   +/-    0.5   4.8   4.8                           
54119       15.5   +/-    0.5   4.8   4.8                           
54124       14.7   +/-    0.5   4.8   4.8                           
54129       13.3   +/-    0.5   4.8   4.8                           
54134       13.6   +/-    0.5   4.8   4.9          NIST0702 CirT.230
54139       14.0   +/-    0.5   4.8   4.9                           
54144       13.8   +/-    0.5   4.8   4.9                           
54149       15.3   +/-    0.5   4.8   4.9                           
54154       15.3   +/-    0.5   4.8   4.9                           
54159       15.2   +/-    0.5   4.8   4.9                           
54164       15.5   +/-    0.5   4.8   4.9          NIST0703 CirT.231
54169       15.2   +/-    0.5   4.8   4.9                           
54174       14.8   +/-    0.5   4.8   4.9                           
54179       13.6   +/-    0.5   4.8   4.9                           
54184       13.4   +/-    0.5   4.8   4.9                           
54189       12.5   +/-    0.5   4.8   4.9                           
54194       12.4   +/-    0.5   4.8   4.9          NIST0704 CirT.232
54199       11.4   +/-    0.5   4.8   4.9                           
54204       11.5   +/-    0.5   4.8   4.9                           
54209       10.4   +/-    0.5   4.8   4.9                           
54214       11.6   +/-    0.5   4.8   4.9                           
54219       11.2   +/-    0.5   4.8   4.9                           
54224       10.8   +/-    0.5   4.9   4.9          NIST0705 CirT.233
54229        9.4   +/-    0.5   4.9   4.9                           
54234        8.6   +/-    0.5   4.9   4.9                           
54239        7.9   +/-    0.5   4.9   4.9                           
54244        6.3   +/-    0.5   4.9   4.9                           
54249        5.4   +/-    0.5   4.9   4.9                           
54254        4.2   +/-    0.5   4.9   4.9          NIST0706 CirT.234
54259        2.1   +/-    0.5   4.9   4.9                           
54264        1.4   +/-    0.5   4.9   4.9                           
54269        2.6   +/-    0.5   4.9   4.9                           
54274        1.7   +/-    0.5   4.9   4.9                           
54279       -0.2   +/-    0.5   4.9   4.9                           
54284        0.0   +/-    0.5   4.9   4.9          NIST0707 CirT.235
54289       -1.7   +/-    0.5   4.9   4.9                           
54294       -1.9   +/-    0.5   4.9   4.9                           
54299       -2.8   +/-    0.5   4.9   4.9                           
54304       -2.7   +/-    0.5   4.9   4.9                           
54309       -1.8   +/-    0.5   4.9   4.9                           
54314       -2.6   +/-    0.5   4.9   4.9          NIST0708 CirT.236
54319       -2.4   +/-    0.5   4.9   4.9                           
54324       -2.5   +/-    0.5   4.9   4.9                           
54329       -2.3   +/-    0.5   4.9   4.9                           
54334       -2.1   +/-    0.5   4.9   4.9                           
54339       -3.0   +/-    0.5   4.9   4.9                           
54344       -3.1   +/-    0.5   4.9   4.9          NIST0709 CirT.237
54349       -3.0   +/-    0.5   4.9   4.9                           
54354       -2.4   +/-    0.5   4.9   4.9                           
54359        0.0   +/-    0.5   4.9   4.9                           
54364       -0.6   +/-    0.5   4.9   4.9                           
54369        1.2   +/-    0.5   4.9   4.9                           
54374       -0.3   +/-    0.5   4.9   4.9          NIST0710 CirT.238
54379        1.7   +/-    0.5   4.9   4.9                           
54384        1.5   +/-    0.5   4.9   4.9                           
54389        2.3   +/-    0.5   4.9   4.9                           
54394        4.0   +/-    0.5   4.9   4.9                           
54399        4.5   +/-    0.5   4.9   4.9                           
54404        5.8   +/-    0.5   4.9   4.9                           
54409        5.8   +/-    0.5   4.9   4.9          NIST0711 CirT.239
54414        6.6   +/-    0.5   4.9   4.9                           
54419        5.6   +/-    0.5   4.9   4.9                           
54424        6.3   +/-    0.5   4.9   4.9                           
54429        7.1   +/-    0.5   4.9   4.9                           
54434        6.2   +/-    0.5   4.9   4.9                           
54439        5.1   +/-    0.5   4.9   5.0          NIST0712 CirT.240
54444        4.9   +/-    0.5   4.9   5.0                           
54449        5.2   +/-    0.5   4.9   5.0                           
54454        3.3   +/-    0.5   4.9   5.0                           
54459        3.0   +/-    0.5   4.9   5.0                           
54464        0.9   +/-    0.5   4.9   5.0                           
54469        1.3   +/-    0.5   4.9   4.9          NIST0801 CirT.241
54474        0.6   +/-    0.5   4.9   4.9                           
54479       -0.9   +/-    0.5   4.9   4.9                           
54484       -1.9   +/-    0.5   4.9   4.9                           
54489       -1.2   +/-    0.5   4.9   4.9                           
54494       -2.3   +/-    0.5   4.9   4.9                           
54499       -3.8   +/-    0.5   4.9   5.0          NIST0802 CirT.242
54504       -2.9   +/-    0.5   4.9   5.0                           
54509       -5.1   +/-    0.5   4.9   5.0                           
54514       -5.3   +/-    0.5   4.9   5.0                           
54519       -6.7   +/-    0.5   4.9   5.0                           
54524       -8.4   +/-    0.5   4.9   5.0                           
54529       -9.9   +/-    0.5   4.9   4.9          NIST0803 CirT.243
54534      -10.1   +/-    0.5   4.9   4.9                           
54539      -13.0   +/-    0.5   4.9   4.9                           
54544      -11.9   +/-    0.5   4.9   4.9                           
54549      -12.6   +/-    0.5   4.9   4.9                           
54554      -11.9   +/-    0.5   4.9   4.9                           
54559      -12.5   +/-    0.5   4.9   4.9          NIST0804 CirT.244
54564      -13.9   +/-    0.5   4.9   4.9                           
54569      -12.8   +/-    0.5   4.9   4.9                           
54574      -10.5   +/-    0.5   4.9   4.9                           
54579      -10.1   +/-    0.5   4.9   4.9                           
54584      -11.2   +/-    0.5   4.9   4.9                           
54589      -10.2   +/-    0.5   4.9   4.9          NIST0805 CirT.245
54594       -8.7   +/-    0.5   4.9   4.9                           
54599       -8.4   +/-    0.5   4.9   4.9                           
54604       -8.4   +/-    0.5   4.9   4.9                           
54609       -7.8   +/-    0.5   4.9   4.9                           
54614       -6.2   +/-    0.5   4.9   4.9                           
54619       -4.6   +/-    0.5   4.8   4.9          NIST0806 CirT.246
54624       -3.7   +/-    0.5   4.8   4.9                           
54629       -2.0   +/-    0.5   4.8   4.9                           
54634       -0.5   +/-    0.5   4.8   4.9                           
54639        1.1   +/-    0.5   4.8   4.9                           
54644        3.1   +/-    0.5   4.8   4.9                           
54649        3.9   +/-    0.5   4.8   4.8          NIST0807 CirT.247
54654        3.3   +/-    0.5   4.8   4.8                           
54659        4.1   +/-    0.5   4.8   4.8                           
54664        4.9   +/-    0.5   4.8   4.8                           
54669        3.5   +/-    0.5   4.8   4.8                           
54674        3.0   +/-    0.5   4.8   4.8                           
54679        3.0   +/-    0.5   4.8   4.9          NIST0808 CirT.248
54684        1.6   +/-    0.5   4.8   4.9                           
54689        1.3   +/-    0.5   4.8   4.9                           
54694        1.3   +/-    0.5   4.8   4.9                           
54699        0.9   +/-    0.5   4.8   4.9                           
54704        0.0   +/-    0.5   4.8   4.9                           
54709       -1.4   +/-    0.5   4.8   4.9                           
54714       -0.1   +/-    0.5   4.9   4.9          NIST0809 CirT.249
54719       -1.2   +/-    0.5   4.9   4.9                           
54724       -1.0   +/-    0.5   4.9   4.9                           
54729       -2.0   +/-    0.5   4.9   4.9                           
54734       -2.7   +/-    0.5   4.9   4.9                           
54739       -4.7   +/-    0.5   4.9   4.9                           
54744       -5.5   +/-    0.5   4.9   4.9          NIST0810 CirT.250
54749       -5.4   +/-    0.5   4.9   4.9                           
54754       -5.4   +/-    0.5   4.9   4.9                           
54759       -5.7   +/-    0.5   4.9   4.9                           
54764       -5.3   +/-    0.5   4.9   4.9                           
54769       -3.3   +/-    0.5   4.9   4.9                           
54774       -0.9   +/-    0.5   4.9   4.9          NIST0811 CirT.251
54779       -2.1   +/-    0.5   4.9   4.9                           
54784       -1.6   +/-    0.5   4.9   4.9                           
54789       -1.0   +/-    0.5   4.9   4.9                           
54794        1.0   +/-    0.5   4.9   4.9                           
54799        0.5   +/-    0.5   4.9   4.9                           
54804        0.6   +/-    0.5   4.9   4.9          NIST0812 CirT.252
54809        0.7   +/-    0.5   4.9   4.9                           
54814        2.1   +/-    0.5   4.9   4.9                           
54819        2.5   +/-    0.5   4.9   4.9                           
54824        3.0   +/-    0.5   4.9   4.9                           
54829        4.1   +/-    0.5   4.9   4.9                           
54834        3.0   +/-    0.5   4.9   4.9          NIST0901 CirT.253
54839        4.0   +/-    0.5   4.9   4.9                           
54844        5.0   +/-    0.5   4.9   4.9                           
54849        3.9   +/-    0.5   4.9   4.9                           
54854        5.1   +/-    0.5   4.9   4.9                           
54859        3.9   +/-    0.5   4.9   4.9                           
54864        3.8   +/-    0.5   4.9   4.9          NIST0902 CirT.254
54869        1.7   +/-    0.5   4.9   4.9                           
54874        2.8   +/-    0.5   4.9   4.9                           
54879        2.0   +/-    0.5   4.9   4.9                           
54884        3.6   +/-    0.5   4.9   4.9                           
54889        4.3   +/-    0.5   4.9   4.9                           
54894        4.9   +/-    0.5   4.9   4.9          NIST0903 CirT.255
54899        4.9   +/-    0.5   4.9   4.9                           
54904        5.4   +/-    0.5   4.9   4.9                           
54909        7.1   +/-    0.5   4.9   4.9                           
54914        7.5   +/-    0.5   4.9   4.9                           
54919        7.5   +/-    0.5   4.9   4.9                           
54924        8.2   +/-    0.5   4.9   5.0          NIST0904 CirT.256
54929       10.0   +/-    0.5   4.9   5.0                           
54934        9.4   +/-    0.5   4.9   5.0                           
54939        7.0   +/-    0.5   4.9   5.0                           
54944        8.2   +/-    0.5   4.9   5.0                           
54949        9.7   +/-    0.5   4.9   5.0                           
54954       10.4   +/-    0.5   4.9   4.9          NIST0905 CirT.257
54959       10.8   +/-    0.5   4.9   4.9                           
54964        9.7   +/-    0.5   4.9   4.9                           
54969       11.2   +/-    0.5   4.9   4.9                           
54974       10.5   +/-    0.5   4.9   4.9                           
54979       10.3   +/-    0.5   4.9   4.9                           
54984        9.8   +/-    0.5   4.9   4.9          NIST0906 CirT.258
54989        5.7   +/-    0.5   4.9   4.9                           
54994        5.3   +/-    0.5   4.9   4.9                           
54999        4.7   +/-    0.5   4.9   4.9                           
55004        2.3   +/-    0.5   4.9   4.9                           
55009        0.0   +/-    0.5   4.9   4.9                           
55014       -3.0   +/-    0.5   4.9   4.9          NIST0907 CirT.259
55019       -4.9   +/-    0.5   4.9   4.9                           
55024       -7.8   +/-    0.5   4.9   4.9                           
55029       -9.6   +/-    0.5   4.9   4.9                           
55034      -10.6   +/-    0.5   4.9   4.9                           
55039      -12.3   +/-    0.5   4.9   4.9                           
55044      -14.7   +/-    0.5   4.9   5.0          NIST0908 CirT.260
55049      -14.7   +/-    0.5   4.9   5.0                           
55054      -16.1   +/-    0.5   4.9   5.0                           
55059      -16.4   +/-    0.5   4.9   5.0                           
55064      -15.8   +/-    0.5   4.9   5.0                           
55069      -15.8   +/-    0.5   4.9   5.0                           
55074      -16.7   +/-    0.5   4.9   5.0                           
55079      -15.1   +/-    0.5   5.0   5.0          NIST0909 CirT.261
55084      -14.3   +/-    0.5   5.0   5.0                           
55089      -13.8   +/-    0.5   5.0   5.0                           
55094      -12.7   +/-    0.5   5.0   5.0                           
55099      -10.2   +/-    0.5   5.0   5.0                           
55104       -8.3   +/-    0.5   5.0   5.0                           
55109       -5.2   +/-    0.5   4.9   5.0          NIST0910 CirT.262
55114       -2.7   +/-    0.5   4.9   5.0                           
55119        0.6   +/-    0.5   4.9   5.0                           
55124        3.3   +/-    0.5   4.9   5.0                           
55129        3.9   +/-    0.5   4.9   5.0                           
55134        5.2   +/-    0.5   4.9   5.0                           
55139        7.8   +/-    0.5   4.9   5.0          NIST0911 CirT.263
55144       11.1   +/-    0.5   4.9   5.0                           
55149       14.1   +/-    0.5   4.9   5.0                           
55154       15.9   +/-    0.5   4.9   5.0                           
55159       15.6   +/-    0.5   4.9   5.0                           
55164       19.6   +/-    0.5   4.9   5.0                           
55169       18.1   +/-    0.6   4.9   4.9          NIST0912 CirT.264
55174       18.6   +/-    0.6   4.9   4.9                           
55179       17.9   +/-    0.6   4.9   4.9                           
55184       16.9   +/-    0.6   4.9   4.9                           
55189       16.0   +/-    0.6   4.9   4.9                           
55194       15.0   +/-    0.6   4.9   4.9                           
55199       15.0   +/-    0.6   4.9   4.9          NIST1001 CirT.265
55204       12.1   +/-    0.6   4.9   4.9                           
55209       10.1   +/-    0.6   4.9   4.9                           
55214        8.0   +/-    0.6   4.9   4.9                           
55219        5.7   +/-    0.6   4.9   4.9                           
55224        4.2   +/-    0.6   4.9   4.9                           
55229        3.7   +/-    0.6   5.0   5.0          NIST1002 CirT.266
55234        1.9   +/-    0.6   5.0   5.0                           
55239       -0.4   +/-    0.6   5.0   5.0                           
55244       -1.3   +/-    0.6   5.0   5.0                           
55249       -2.2   +/-    0.6   5.0   5.0                           
55254       -2.8   +/-    0.6   5.0   5.0                           
55259       -1.8   +/-    0.6   4.9   4.9          NIST1003 CirT.267
55264       -2.1   +/-    0.6   4.9   4.9                           
55269       -2.5   +/-    0.6   4.9   4.9                           
55274       -2.9   +/-    0.6   4.9   4.9                           
55279       -3.4   +/-    0.6   4.9   4.9                           
55284       -3.1   +/-    0.6   4.9   4.9                           
55289       -4.0   +/-    0.6   4.9   4.9          NIST1004 CirT.268
55294       -4.3   +/-    0.6   4.9   4.9                           
55299       -3.9   +/-    0.6   4.9   4.9                           
55304       -4.7   +/-    0.6   4.9   4.9                           
55309       -4.6   +/-    0.6   4.9   4.9                           
55314       -5.2   +/-    0.6   4.9   4.9                           
55319       -5.6   +/-    0.6   4.8   4.9          NIST1005 CirT.269
55324       -6.3   +/-    0.6   4.8   4.9                           
55329       -6.8   +/-    0.6   4.8   4.9                           
55334       -7.8   +/-    0.6   4.8   4.9                           
55339       -8.1   +/-    0.6   4.8   4.9                           
55344       -9.0   +/-    0.6   4.8   4.9                           
55349       -9.3   +/-    0.6   4.9   4.9          NIST1006 CirT.270
55354      -10.3   +/-    0.6   4.9   4.9                           
55359      -10.7   +/-    0.6   4.9   4.9                           
55364      -11.8   +/-    0.6   4.9   4.9                           
55369      -11.8   +/-    0.6   4.9   4.9                           
55374      -11.4   +/-    0.6   4.9   4.9                           
55379      -10.6   +/-    0.6   4.9   4.9          NIST1007 CirT.271
55384      -10.3   +/-    0.6   4.9   4.9                           
55389       -9.5   +/-    0.6   4.9   4.9                           
55394      -10.2   +/-    0.6   4.9   4.9                           
55399       -9.4   +/-    0.6   4.9   4.9                           
55404       -8.9   +/-    0.6   4.9   4.9                           
55409       -7.4   +/-    0.6   4.9   4.9          NIST1008 CirT.272
55414       -5.7   +/-    0.6   4.9   4.9                           
55419       -5.1   +/-    0.6   4.9   4.9                           
55424       -4.0   +/-    0.6   4.9   4.9                           
55429       -3.6   +/-    0.6   4.9   4.9                           
55434       -2.7   +/-    0.6   4.9   4.9                           
55439       -2.2   +/-    0.6   4.9   4.9                           
55444       -2.0   +/-    0.5   4.9   4.9          NIST1009 CirT.273
55449       -0.1   +/-    0.5   4.9   4.9                           
55454        0.0   +/-    0.5   4.9   4.9                           
55459       -0.5   +/-    0.5   4.9   4.9                           
55464       -1.5   +/-    0.5   4.9   4.9                           
55469       -3.3   +/-    0.5   4.9   4.9                           
55474       -4.0   +/-    0.4   4.9   4.9          NIST1010 CirT.274
55479       -4.6   +/-    0.4   4.9   4.9                           
55484       -3.6   +/-    0.4   4.9   4.9                           
55489       -3.7   +/-    0.4   4.9   4.9                           
55494       -2.9   +/-    0.4   4.9   4.9                           
55499       -1.6   +/-    0.4   4.9   4.9                           
55504       -1.6   +/-    0.3   5.1   5.1          NIST1011 CirT.275
55509       -0.6   +/-    0.3   5.1   5.1                           
55514        0.4   +/-    0.3   5.1   5.1                           
55519        1.1   +/-    0.3   5.1   5.1                           
55524        0.6   +/-    0.3   5.1   5.1                           
55529        0.9   +/-    0.3   5.1   5.1                           
55534        3.3   +/-    0.3   5.1   5.1          NIST1012 CirT.276
55539        3.9   +/-    0.3   5.1   5.1                           
55544        4.7   +/-    0.3   5.1   5.1                           
55549        5.5   +/-    0.3   5.1   5.1                           
55554        6.4   +/-    0.3   5.1   5.1                           
55559        6.7   +/-    0.3   5.1   5.1                           
55564        7.4   +/-    0.3   5.1   5.1          NIST1101 CirT.277
55569        8.2   +/-    0.3   5.1   5.1                           
55574        9.0   +/-    0.3   5.1   5.1                           
55579        9.1   +/-    0.3   5.1   5.1                           
55584        8.7   +/-    0.3   5.1   5.1                           
55589        9.1   +/-    0.3   5.1   5.1                           
55594        9.7   +/-    0.3   5.1   5.1          NIST1102 CirT.278
55599       10.2   +/-    0.3   5.1   5.1                           
55604       10.2   +/-    0.3   5.1   5.1                           
55609        9.8   +/-    0.3   5.1   5.1                           
55614        9.5   +/-    0.3   5.1   5.1                           
55619        9.4   +/-    0.3   5.1   5.1                           
55624        9.4   +/-    0.3   5.1   5.1          NIST1103 CirT.279
55629        9.5   +/-    0.3   5.1   5.1                           
55634        9.9   +/-    0.3   5.1   5.1                           
55639       10.3   +/-    0.3   5.1   5.1                           
55644       10.2   +/-    0.3   5.1   5.1                           
55649       10.8   +/-    0.3   5.1   5.1                           
55654       11.6   +/-    0.3   5.0   5.1          NIST1104 CirT.280
55659       12.0   +/-    0.3   5.0   5.1                           
55664       11.1   +/-    0.3   5.0   5.1                           
55669       10.3   +/-    0.3   5.0   5.1                           
55674        9.4   +/-    0.3   5.0   5.1                           
55679        8.6   +/-    0.3   5.0   5.1                           
55684        8.3   +/-    0.3   5.0   5.0          NIST1105 CirT.281
55689        7.9   +/-    0.3   5.0   5.0                           
55694        6.9   +/-    0.3   5.0   5.0                           
55699        6.5   +/-    0.3   5.0   5.0                           
55704        5.6   +/-    0.3   5.0   5.0                           
55709        4.8   +/-    0.3   5.0   5.0                           
55714        4.6   +/-    0.3   5.0   5.0          NIST1106 CirT.282
55719        4.6   +/-    0.3   5.0   5.0                           
55724        3.7   +/-    0.3   5.0   5.0                           
55729        3.4   +/-    0.3   5.0   5.0                           
55734        2.9   +/-    0.3   5.0   5.0                           
55739        2.1   +/-    0.3   5.0   5.0                           
55744        3.6   +/-    0.3   5.0   5.0          NIST1107 CirT.283
55749        2.9   +/-    0.3   5.0   5.0                           
55754        3.2   +/-    0.3   5.0   5.0                           
55759        4.3   +/-    0.3   5.0   5.0                           
55764        4.8   +/-    0.3   5.0   5.0                           
55769        4.1   +/-    0.3   5.0   5.0                           
55774        5.1   +/-    0.3   5.0   5.0          NIST1108 CirT.284
55779        5.9   +/-    0.3   5.0   5.0                           
55784        6.3   +/-    0.3   5.0   5.0                           
55789        6.9   +/-    0.3   5.0   5.0                           
55794        7.7   +/-    0.3   5.0   5.0                           
55799        8.8   +/-    0.3   5.0   5.0                           
55804        9.1   +/-    0.3   5.0   5.0                           
55809        9.3   +/-    0.3   5.0   5.0          NIST1109 CirT.285
55814        9.7   +/-    0.3   5.0   5.0                           
55819       10.3   +/-    0.3   5.0   5.0                           
55824       10.4   +/-    0.3   5.0   5.0                           
55829       10.6   +/-    0.3   5.0   5.0                           
55834       10.2   +/-    0.3   5.0   5.0                           
55839       10.8   +/-    0.3   5.0   5.0          NIST1110 CirT.286
55844       11.2   +/-    0.3   5.0   5.0                           
55849        9.6   +/-    0.3   5.0   5.0                           
55854        8.9   +/-    0.3   5.0   5.0                           
55859        8.5   +/-    0.3   5.0   5.0                           
55864        7.4   +/-    0.3   5.0   5.0                           
55869        6.5   +/-    0.3   5.0   5.0          NIST1111 CirT.287
55874        6.1   +/-    0.3   5.0   5.0                           
55879        4.4   +/-    0.3   5.0   5.0                           
55884        4.0   +/-    0.3   5.0   5.0                           
55889        3.0   +/-    0.3   5.0   5.0                           
55894        3.7   +/-    0.3   5.0   5.0                           
55899        5.0   +/-    0.3   5.0   5.0          NIST1112 CirT.288
55904        5.0   +/-    0.3   5.0   5.0                           
55909        5.6   +/-    0.3   5.0   5.0                           
55914        5.0   +/-    0.3   5.0   5.0                           
55919        5.8   +/-    0.3   5.0   5.0                           
55924        5.7   +/-    0.3   5.0   5.0                           
55929        4.5   +/-    0.3   5.0   5.0          NIST1201 CirT.289
55934        3.7   +/-    0.3   5.0   5.0                           
55939        2.7   +/-    0.3   5.0   5.0                           
55944        2.5   +/-    0.3   5.0   5.0                           
55949        1.4   +/-    0.3   5.0   5.0                           
55954       -0.2   +/-    0.3   5.0   5.0                           
55959       -0.8   +/-    0.3   5.0   5.0          NIST1202 CirT.290
55964       -2.1   +/-    0.3   5.0   5.0                           
55969       -2.7   +/-    0.3   5.0   5.0                           
55974       -3.2   +/-    0.3   5.0   5.0                           
55979       -4.7   +/-    0.3   5.0   5.0                           
55984       -3.2   +/-    0.3   5.0   5.0                           
55989       -3.4   +/-    0.3   5.0   5.0          NIST1203 CirT.291
55994       -3.3   +/-    0.3   5.0   5.0                           
55999       -2.3   +/-    0.3   5.0   5.0                           
56004       -2.1   +/-    0.3   5.0   5.0                           
56009       -1.9   +/-    0.3   5.0   5.0                           
56014       -1.8   +/-    0.3   5.0   5.0                           
56019       -0.6   +/-    0.3   5.0   5.0          NIST1204 CirT.292
56024        0.1   +/-    0.3   5.0   5.0                           
56029        0.9   +/-    0.3   5.0   5.0                           
56034        2.4   +/-    0.3   5.0   5.0                           
56039        4.1   +/-    0.3   5.0   5.0                           
56044        5.5   +/-    0.3   5.0   5.0                           
56049        7.0   +/-    0.3   5.0   5.1          NIST1205 CirT.293
56054        8.4   +/-    0.3   5.0   5.1                           
56059        9.1   +/-    0.3   5.0   5.1                           
56064       11.1   +/-    0.3   5.0   5.1                           
56069       10.2   +/-    0.3   5.0   5.1                           
56074        9.8   +/-    0.3   5.0   5.1                           
56079        9.3   +/-    0.3   5.0   5.0          NIST1206 CirT.294
56084        8.4   +/-    0.3   5.0   5.0                           
56089        7.8   +/-    0.3   5.0   5.0                           
56094        6.8   +/-    0.3   5.0   5.0                           
56099        5.5   +/-    0.3   5.0   5.0                           
56104        5.5   +/-    0.3   5.0   5.0                           
56109        4.8   +/-    0.3   5.0   5.1          NIST1207 CirT.295
56114        4.2   +/-    0.3   5.0   5.1                           
56119        3.5   +/-    0.3   5.0   5.1                           
56124        3.3   +/-    0.3   5.0   5.1                           
56129        2.9   +/-    0.3   5.0   5.1                           
56134        1.9   +/-    0.3   5.0   5.1                           
56139        2.3   +/-    0.3   5.0   5.1                           
56144        3.0   +/-    0.3   5.0   5.0          NIST1208 CirT.296
56149        2.8   +/-    0.3   5.0   5.0                           
56154        3.0   +/-    0.3   5.0   5.0                           
56159        2.7   +/-    0.3   5.0   5.0                           
56164        2.6   +/-    0.3   5.0   5.0                           
56169        2.8   +/-    0.3   5.0   5.0                           
56174        2.8   +/-    0.3   5.1   5.1          NIST1209 CirT.297
56179        3.3   +/-    0.3   5.1   5.1                           
56184        2.9   +/-    0.3   5.1   5.1                           
56189        3.9   +/-    0.3   5.1   5.1                           
56194        3.0   +/-    0.3   5.1   5.1                           
56199        2.9   +/-    0.3   5.1   5.1                           
56204        3.0   +/-    0.3   5.1   5.1          NIST1210 CirT.298
56209        2.8   +/-    0.3   5.1   5.1                           
56214        2.5   +/-    0.3   5.1   5.1                           
56219        0.8   +/-    0.3   5.1   5.1                           
56224        0.3   +/-    0.3   5.1   5.1                           
56229        0.5   +/-    0.3   5.1   5.1                           
56234        0.3   +/-    0.3   5.1   5.1          NIST1211 CirT.299
56239       -0.4   +/-    0.3   5.1   5.1                           
56244       -0.9   +/-    0.3   5.1   5.1                           
56249       -1.3   +/-    0.3   5.1   5.1                           
56254       -2.4   +/-    0.3   5.1   5.1                           
56259       -3.1   +/-    0.3   5.1   5.1                           
56264       -3.7   +/-    0.3   5.1   5.1          NIST1212 CirT.300
56269       -4.7   +/-    0.3   5.1   5.1                           
56274       -5.0   +/-    0.3   5.1   5.1                           
56279       -6.6   +/-    0.3   5.1   5.1                           
56284       -7.7   +/-    0.3   5.1   5.1                           
56289       -9.5   +/-    0.3   5.1   5.1                           
56294      -10.2   +/-    0.3   5.1   5.1          NIST1301 CirT.301
56299      -11.8   +/-    0.3   5.1   5.1                           
56304      -13.6   +/-    0.3   5.1   5.1                           
56309      -14.8   +/-    0.3   5.1   5.1                           
56314      -15.8   +/-    0.3   5.1   5.1                           
56319      -16.8   +/-    0.3   5.1   5.1                           
56324      -17.9   +/-    0.3   5.1   5.1          NIST1302 CirT.302
56329      -19.0   +/-    0.3   5.1   5.1                           
56334      -20.1   +/-    0.3   5.1   5.1                           
56339      -20.2   +/-    0.3   5.1   5.1                           
56344      -19.7   +/-    0.3   5.1   5.1                           
56349      -18.5   +/-    0.3   5.1   5.1                           
56354      -18.3   +/-    0.3   5.1   5.1          NIST1303 CirT.303
56359      -17.9   +/-    0.3   5.1   5.1                           
56364      -17.5   +/-    0.3   5.1   5.1                           
56369      -16.5   +/-    0.3   5.1   5.1                           
56374      -15.8   +/-    0.3   5.1   5.1                           
56379      -14.4   +/-    0.3   5.1   5.1                           
56384      -13.1   +/-    0.3   5.1   5.1          NIST1304 CirT.304
56389      -11.9   +/-    0.3   5.1   5.1                           
56394      -10.8   +/-    0.3   5.1   5.1                           
56399       -8.9   +/-    0.3   5.1   5.1                           
56404       -6.6   +/-    0.3   5.1   5.1                           
56409       -4.8   +/-    0.3   5.1   5.1                           
56414       -3.0   +/-    0.3   5.0   5.0          NIST1305 CirT.305
56419       -0.6   +/-    0.3   5.0   5.0                           
56424        0.9   +/-    0.3   5.0   5.0                           
56429        4.3   +/-    0.3   5.0   5.0                           
56434        5.4   +/-    0.3   5.0   5.0                           
56439        6.4   +/-    0.3   5.0   5.0                           
56444        6.6   +/-    0.3   5.0   5.0          NIST1306 CirT.306
56449        7.9   +/-    0.3   5.0   5.0                           
56454        9.0   +/-    0.3   5.0   5.0                           
56459        9.8   +/-    0.3   5.0   5.0                           
56464       11.1   +/-    0.3   5.0   5.0                           
56469       12.3   +/-    0.3   5.0   5.0                           
56474       13.6   +/-    0.3   5.0   5.0          NIST1307 CirT.307
56479       13.5   +/-    0.3   5.0   5.0                           
56484       13.5   +/-    0.3   5.0   5.0                           
56489       14.0   +/-    0.3   5.0   5.0                           
56494       14.5   +/-    0.3   5.0   5.0                           
56499       14.4   +/-    0.3   5.0   5.0                           
56504       14.6   +/-    0.3   5.0   5.0                           
56509       14.6   +/-    0.3   5.0   5.0          NIST1308 CirT.308
56514       15.4   +/-    0.3   5.0   5.0                           
56519       14.5   +/-    0.3   5.0   5.0                           
56524       14.6   +/-    0.3   5.0   5.0                           
56529       14.0   +/-    0.3   5.0   5.0                           
56534       14.3   +/-    0.3   5.0   5.0                           
56539       13.9   +/-    0.3   5.0   5.0          NIST1309 CirT.309
56544       13.9   +/-    0.3   5.0   5.0                           
56549       13.1   +/-    0.3   5.0   5.0                           
56554       12.0   +/-    0.3   5.0   5.0                           
56559       10.2   +/-    0.3   5.0   5.0                           
56564        8.6   +/-    0.3   5.0   5.0                           
56569        6.9   +/-    0.3   5.0   5.0          NIST1310 CirT.310
56574        5.6   +/-    0.3   5.0   5.0                           
56579        3.8   +/-    0.3   5.0   5.0                           
56584        3.1   +/-    0.3   5.0   5.0                           
56589        1.1   +/-    0.3   5.0   5.0                           
56594       -0.9   +/-    0.3   5.0   5.0                           
56599       -2.8   +/-    0.3   5.0   5.1          NIST1311 CirT.311
56604       -4.1   +/-    0.3   5.0   5.1                           
56609       -4.8   +/-    0.3   5.0   5.1                           
56614       -5.6   +/-    0.3   5.0   5.1                           
56619       -5.9   +/-    0.3   5.0   5.1                           
56624       -5.6   +/-    0.3   5.0   5.1                           
56629       -5.1   +/-    0.3   5.1   5.1          NIST1312 CirT.312
56634       -4.9   +/-    0.3   5.1   5.1                           
56639       -4.6   +/-    0.3   5.1   5.1                           
56644       -3.6   +/-    0.3   5.1   5.1                           
56649       -2.6   +/-    0.3   5.1   5.1                           
56654       -1.2   +/-    0.3   5.1   5.1                           
56659       -0.7   +/-    0.3   5.0   5.0          NIST1401 CirT.313
56664       -0.5   +/-    0.3   5.0   5.0                           
56669        0.6   +/-    0.3   5.0   5.0                           
56674        1.2   +/-    0.3   5.0   5.0                           
56679        2.1   +/-    0.3   5.0   5.0                           
56684        2.4   +/-    0.3   5.0   5.0                           
56689        3.2   +/-    0.3   5.0   5.0          NIST1402 CirT.314
56694        3.6   +/-    0.3   5.0   5.0                           
56699        4.3   +/-    0.3   5.0   5.0                           
56704        4.8   +/-    0.3   5.0   5.0                           
56709        5.1   +/-    0.3   5.0   5.0                           
56714        5.2   +/-    0.3   5.0   5.0                           
56719        5.7   +/-    0.3   5.1   5.1          NIST1403 CirT.315
56724        6.2   +/-    0.3   5.1   5.1                           
56729        6.3   +/-    0.3   5.1   5.1                           
56734        6.3   +/-    0.3   5.1   5.1                           
56739        5.8   +/-    0.3   5.1   5.1                           
56744        5.7   +/-    0.3   5.1   5.1                           
56749        6.0   +/-    0.3   5.1   5.1          NIST1404 CirT.316
56754        5.7   +/-    0.3   5.1   5.1                           
56759        5.5   +/-    0.3   5.1   5.1                           
56764        5.4   +/-    0.3   5.1   5.1                           
56769        5.2   +/-    0.3   5.1   5.1                           
56774        4.9   +/-    0.3   5.1   5.1                           
56779        5.5   +/-    0.3   5.1   5.1          NIST1405 CirT.317
56784        5.5   +/-    0.3   5.1   5.1                           
56789        5.9   +/-    0.3   5.1   5.1                           
56794        5.8   +/-    0.3   5.1   5.1                           
56799        6.0   +/-    0.3   5.1   5.1                           
56804        6.0   +/-    0.3   5.1   5.1                           
56809        6.4   +/-    0.3   5.1   5.1          NIST1406 CirT.318
56814        5.6   +/-    0.3   5.1   5.1                           
56819        5.4   +/-    0.3   5.1   5.1                           
56824        5.2   +/-    0.3   5.1   5.1                           
56829        4.8   +/-    0.3   5.1   5.1                           
56834        4.7   +/-    0.3   5.1   5.1                           
56839        5.1   +/-    0.3   5.1   5.2          NIST1407 CirT.319
56844        5.4   +/-    0.3   5.1   5.2                           
56849        5.0   +/-    0.3   5.1   5.2                           
56854        4.9   +/-    0.3   5.1   5.2                           
56859        4.9   +/-    0.3   5.1   5.2                           
56864        4.8   +/-    0.3   5.1   5.2                           
56869        4.5   +/-    0.3   5.1   5.2                           
56874        4.4   +/-    0.3   5.1   5.1          NIST1408 CirT.320
56879        4.1   +/-    0.3   5.1   5.1                           
56884        3.6   +/-    0.3   5.1   5.1                           
56889        3.8   +/-    0.3   5.1   5.1                           
56894        4.1   +/-    0.3   5.1   5.1                           
56899        4.6   +/-    0.3   5.1   5.1                           
56904        4.6   +/-    0.3   5.1   5.1          NIST1409 CirT.321
56909        4.8   +/-    0.3   5.1   5.1                           
56914        5.0   +/-    0.3   5.1   5.1                           
56919        5.6   +/-    0.3   5.1   5.1                           
56924        6.5   +/-    0.3   5.1   5.1                           
56929        7.2   +/-    0.3   5.1   5.1                           
56934        8.7   +/-    0.3   4.8   4.8          NIST1410 CirT.322
56939        9.3   +/-    0.3   4.8   4.8                           
56944       10.2   +/-    0.3   4.8   4.8                           
56949       10.6   +/-    0.3   4.8   4.8                           
56954       10.9   +/-    0.3   4.8   4.8                           
56959       10.9   +/-    0.3   4.8   4.8                           
56964       11.5   +/-    0.3   4.8   4.8          NIST1411 CirT.323
56969       12.2   +/-    0.3   4.8   4.8                           
56974       11.9   +/-    0.3   4.8   4.8                           
56979       11.6   +/-    0.3   4.8   4.8                           
56984       11.4   +/-    0.3   4.8   4.8                           
56989       11.1   +/-    0.3   4.8   4.8                           
56994       11.1   +/-    0.3   4.8   4.9          NIST1412 CirT.324
56999       11.2   +/-    0.3   4.8   4.9                           
57004       10.4   +/-    0.3   4.8   4.9                           
57009        9.6   +/-    0.3   4.8   4.9                           
57014        8.4   +/-    0.3   4.8   4.9                           
57019        7.8   +/-    0.3   4.8   4.9                           
57024        6.7   +/-    0.3   4.8   4.9          NIST1501 CirT.325
57029        5.8   +/-    0.3   4.8   4.9                           
57034        5.3   +/-    0.3   4.8   4.9                           
57039        5.0   +/-    0.3   4.8   4.9                           
57044        3.9   +/-    0.3   4.8   4.9                           
57049        3.5   +/-    0.3   4.8   4.9                           
57054        2.6   +/-    0.3   4.8   4.8          NIST1502 CirT.326
57059        2.5   +/-    0.3   4.8   4.8                           
57064        3.0   +/-    0.3   4.8   4.8                           
57069        2.5   +/-    0.3   4.8   4.8                           
57074        2.6   +/-    0.3   4.8   4.8                           
57079        3.5   +/-    0.3   4.8   4.8                           
57084        3.1   +/-    0.3   4.8   4.8          NIST1503 CirT.327
57089        4.2   +/-    0.3   4.8   4.8                           
57094        4.2   +/-    0.3   4.8   4.8                           
57099        4.3   +/-    0.3   4.8   4.8                           
57104        4.2   +/-    0.3   4.8   4.8                           
57109        4.3   +/-    0.3   4.8   4.8                           
57114        4.6   +/-    0.3   4.8   4.8          NIST1504 CirT.328
57119        4.5   +/-    0.3   4.8   4.8                           
57124        4.2   +/-    0.3   4.8   4.8                           
57129        4.4   +/-    0.3   4.8   4.8                           
57134        4.3   +/-    0.3   4.8   4.8                           
57139        4.4   +/-    0.3   4.8   4.8                           
57144        5.1   +/-    0.3   4.8   4.8          NIST1505 CirT.329
57149        4.8   +/-    0.3   4.8   4.8                           
57154        5.0   +/-    0.3   4.8   4.8                           
57159        4.7   +/-    0.3   4.8   4.8                           
57164        5.1   +/-    0.3   4.8   4.8                           
57169        5.6   +/-    0.3   4.8   4.8                           
57174        5.4   +/-    0.3   4.8   4.8          NIST1506 CirT.330
57179        5.8   +/-    0.3   4.8   4.8                           
57184        5.9   +/-    0.3   4.8   4.8                           
57189        6.3   +/-    0.3   4.8   4.8                           
57194        6.7   +/-    0.3   4.8   4.8                           
57199        6.6   +/-    0.3   4.8   4.8                           
57204        7.3   +/-    0.3   4.8   4.8          NIST1507 CirT.331
57209        7.7   +/-    0.3   4.8   4.8                           
57214        8.5   +/-    0.3   4.8   4.8                           
57219        8.8   +/-    0.3   4.8   4.8                           
57224        9.0   +/-    0.3   4.8   4.8                           
57229        9.4   +/-    0.3   4.8   4.8                           
57234       10.2   +/-    0.3   4.8   4.8                           
57239       11.2   +/-    0.3   4.7   4.7          NIST1508 CirT.332
57244       12.4   +/-    0.3   4.7   4.7                           
57249       13.0   +/-    0.3   4.7   4.7                           
57254       12.8   +/-    0.3   4.7   4.7                           
57259       13.5   +/-    0.3   4.7   4.7                           
57264       13.8   +/-    0.3   4.7   4.7                           
57269       13.6   +/-    0.3   4.7   4.7          NIST1509 CirT.333
57274       13.9   +/-    0.3   4.7   4.7                           
57279       14.3   +/-    0.3   4.7   4.7                           
57284       14.9   +/-    0.3   4.7   4.7                           
57289       15.8   +/-    0.3   4.7   4.7                           
57294       16.4   +/-    0.3   4.7   4.7                           
57299       16.0   +/-    0.3   4.8   4.8          NIST1510 CirT.334
57304       15.2   +/-    0.3   4.8   4.8                           
57309       13.9   +/-    0.3   4.8   4.8                           
57314       11.6   +/-    0.3   4.8   4.8                           
57319        9.6   +/-    0.3   4.8   4.8                           
57324        7.8   +/-    0.3   4.8   4.8                           
57329        5.3   +/-    0.3   4.8   4.8          NIST1511 CirT.335
57334        4.2   +/-    0.3   4.8   4.8                           
57339        4.8   +/-    0.3   4.8   4.8                           
57344        5.4   +/-    0.3   4.8   4.8                           
57349        5.8   +/-    0.3   4.8   4.8                           
57354        5.6   +/-    0.3   4.8   4.8                           
57359        6.4   +/-    0.3   4.8   4.8          NIST1512 CirT.336
57364        5.5   +/-    0.3   4.8   4.8                           
57369        4.3   +/-    0.3   4.8   4.8                           
57374        3.3   +/-    0.3   4.8   4.8                           
57379        3.5   +/-    0.3   4.8   4.8                           
57384        3.1   +/-    0.3   4.8   4.8                           
57389        1.7   +/-    0.3   5.0   5.0          NIST1601 CirT.337
57394       -0.6   +/-    0.3   5.0   5.0                           
57399       -3.0   +/-    0.3   5.0   5.0                           
57404       -5.6   +/-    0.3   5.0   5.0                           
57409       -7.4   +/-    0.3   5.0   5.0                           
57414       -7.9   +/-    0.3   5.0   5.0                           
57419       -8.6   +/-    0.3   5.0   5.0          NIST1602 CirT.338
57424       -8.7   +/-    0.3   5.0   5.0                           
57429       -7.6   +/-    0.3   5.0   5.0                           
57434       -6.3   +/-    0.3   5.0   5.0                           
57439       -4.9   +/-    0.3   5.0   5.0                           
57444       -2.6   +/-    0.3   5.0   5.0                           
57449       -0.4   +/-    0.3   5.0   5.0          NIST1603 CirT.339
57454        0.7   +/-    0.3   5.0   5.0                           
57459        0.9   +/-    0.3   5.0   5.0                           
57464        1.6   +/-    0.3   5.0   5.0                           
57469        2.8   +/-    0.3   5.0   5.0                           
57474        3.3   +/-    0.3   5.0   5.0                           
57479        4.4   +/-    0.3   5.0   5.0          NIST1604 CirT.340
57484        4.8   +/-    0.3   5.0   5.0                           
57489        3.4   +/-    0.3   5.0   5.0                           
57494        0.9   +/-    0.3   5.0   5.0                           
57499       -1.4   +/-    0.3   5.0   5.0                           
57504       -3.5   +/-    0.3   5.0   5.0                           
57509       -2.0   +/-    0.3   1.8   1.8          NIST1605 CirT.341
57514       -0.7   +/-    0.3   1.8   1.8                           
57519       -0.6   +/-    0.3   1.8   1.8                           
57524       -0.4   +/-    0.3   1.8   1.8                           
57529       -0.3   +/-    0.3   1.8   1.8                           
57534        0.3   +/-    0.3   1.8   1.8                           
57539        0.4   +/-    0.3   1.8   1.8                           
57544        0.8   +/-    0.3   2.0   2.0          NIST1606 CirT.342
57549        0.9   +/-    0.3   2.0   2.0                           
57554        1.0   +/-    0.3   2.0   2.0                           
57559        1.1   +/-    0.3   2.0   2.0                           
57564        1.1   +/-    0.3   2.0   2.0                           
57569        0.7   +/-    0.3   2.0   2.0                           
57574        0.2   +/-    0.3   2.0   2.0          NIST1607 CirT.343
57579       -0.3   +/-    0.3   2.0   2.0                           
57584       -1.3   +/-    0.3   2.0   2.0                           
57589       -2.0   +/-    0.3   2.0   2.0                           
57594       -3.1   +/-    0.3   2.0   2.0                           
57599       -4.1   +/-    0.3   2.0   2.0                           
57604       -4.2   +/-    0.3   2.0   2.0          NIST1608 CirT.344
57609       -4.2   +/-    0.3   2.0   2.0                           
57614       -4.7   +/-    0.3   2.0   2.0                           
57619       -4.7   +/-    0.3   2.0   2.0                           
57624       -3.7   +/-    0.3   2.0   2.0                           
57629       -1.6   +/-    0.3   2.0   2.0                           
57634        0.0   +/-    0.3   1.7   1.7          NIST1609 CirT.345
57639        0.4   +/-    0.3   1.7   1.7                           
57644        0.4   +/-    0.3   1.7   1.7                           
57649        1.3   +/-    0.3   1.7   1.7                           
57654        2.9   +/-    0.3   1.7   1.7                           
57659        4.1   +/-    0.3   1.7   1.7                           
57664        5.6   +/-    0.3   1.7   1.7          NIST1610 CirT.346
57669        5.5   +/-    0.3   1.7   1.7                           
57674        5.5   +/-    0.3   1.7   1.7                           
57679        4.5   +/-    0.3   1.7   1.7                           
57684        3.3   +/-    0.3   1.7   1.7                           
57689        1.8   +/-    0.3   1.7   1.7                           
57694        0.5   +/-    0.3   1.7   1.7          NIST1611 CirT.347
57699        1.2   +/-    0.3   1.7   1.7                           
57704        2.2   +/-    0.3   1.7   1.7                           
57709        1.6   +/-    0.3   1.7   1.7                           
57714        1.2   +/-    0.3   1.7   1.7                           
57719        0.9   +/-    0.3   1.7   1.7                           
57724       -0.3   +/-    0.3   1.7   1.7          NIST1612 CirT.348
57729       -1.3   +/-    0.3   1.7   1.7                           
57734       -2.1   +/-    0.3   1.7   1.7                           
57739       -2.6   +/-    0.3   1.7   1.7                           
57744       -1.2   +/-    0.3   1.7   1.7                           
57749       -1.2   +/-    0.3   1.7   1.7                           
57754       -1.2   +/-    0.3   1.7   1.7          NIST1701 CirT.349
57759       -1.4   +/-    0.3   1.7   1.7                           
57764       -1.3   +/-    0.3   1.7   1.7                           
57769       -1.2   +/-    0.3   1.7   1.7                           
57774       -0.9   +/-    0.3   1.7   1.7                           
57779       -0.6   +/-    0.3   1.7   1.7                           
57784       -0.4   +/-    0.3   1.7   1.7                           
57789       -0.6   +/-    0.3   1.7   1.7          NIST1702 CirT.350
57794       -0.8   +/-    0.3   1.7   1.7                           
57799       -2.0   +/-    0.3   1.7   1.7                           
57804       -3.7   +/-    0.3   1.7   1.7                           
57809       -5.1   +/-    0.3   1.7   1.7                           
57814       -6.9   +/-    0.3   1.7   1.7          NIST1703 CirT.351
57819       -6.6   +/-    0.3   1.7   1.7                           
57824       -6.3   +/-    0.3   1.7   1.7                           
57829       -4.9   +/-    0.3   1.7   1.7                           
57834        0.6   +/-    0.3   1.7   1.7                           
57839        5.5   +/-    0.3   1.7   1.7                           
57844        9.2   +/-    0.3   1.7   1.7          NIST1704 CirT.352
57849       10.0   +/-    0.3   1.7   1.7                           
57854        8.6   +/-    0.3   1.7   1.7                           
57859        6.9   +/-    0.3   1.7   1.7                           
57864        4.6   +/-    0.3   1.7   1.7                           
57869        0.5   +/-    0.3   1.7   1.7                           
57874       -2.3   +/-    0.3   1.7   1.8          NIST1705 CirT.353
57879       -3.8   +/-    0.3   1.7   1.8                           
57884       -4.2   +/-    0.3   1.7   1.8                           
57889       -4.3   +/-    0.3   1.7   1.8                           
57894       -4.3   +/-    0.3   1.7   1.8                           
57899       -3.8   +/-    0.3   1.7   1.8                           
57904       -2.6   +/-    0.3   1.7   1.8                           
57909       -1.3   +/-    0.4   1.7   1.8          NIST1706 CirT.354
57914       -0.6   +/-    0.4   1.7   1.8                           
57919        0.0   +/-    0.4   1.7   1.8                           
57924        0.8   +/-    0.4   1.7   1.8                           
57929        1.0   +/-    0.4   1.7   1.8                           
57934        0.9   +/-    0.4   1.7   1.8                           
57939        0.6   +/-    0.3   1.7   1.8          NIST1707 CirT.355
57944        0.0   +/-    0.3   1.7   1.8                           
57949        0.7   +/-    0.3   1.7   1.8                           
57954        1.1   +/-    0.3   1.7   1.8                           
57959        1.6   +/-    0.3   1.7   1.8                           
57964        1.9   +/-    0.3   1.7   1.8                           
57969        2.7   +/-    0.4   1.9   1.9          NIST1708 CirT.356
57974        3.0   +/-    0.4   1.9   1.9                           
57979        3.4   +/-    0.4   1.9   1.9                           
57984        2.5   +/-    0.4   1.9   1.9                           
57989        1.2   +/-    0.4   1.9   1.9                           
57994        0.5   +/-    0.4   1.9   1.9                           
57999        0.6   +/-    0.4   4.9   4.9          NIST1709 CirT.357
58004        1.1   +/-    0.4   4.9   4.9                           
58009        1.7   +/-    0.4   4.9   4.9                           
58014        2.2   +/-    0.4   4.9   4.9                           
58019        2.2   +/-    0.4   4.9   4.9                           
58024        1.4   +/-    0.4   4.9   4.9                           
58029        0.6   +/-    0.4   2.1   2.1          NIST1710 CirT.358
58034        0.1   +/-    0.4   2.1   2.1                           
58039       -0.3   +/-    0.4   2.1   2.1                           
58044       -0.4   +/-    0.4   2.1   2.1                           
58049       -0.3   +/-    0.4   2.1   2.1                           
58054        0.2   +/-    0.4   2.1   2.1                           
58059        0.9   +/-    0.4   1.9   1.9          NIST1711 CirT.359
58064        0.2   +/-    0.4   1.9   1.9                           
58069       -0.1   +/-    0.4   1.9   1.9                           
58074       -0.8   +/-    0.4   1.9   1.9                           
58079       -0.8   +/-    0.4   1.9   1.9                           
58084       -0.3   +/-    0.4   1.9   1.9                           
58089        0.4   +/-    0.4   2.0   2.1          NIST1712 CirT.360
58094        0.7   +/-    0.4   2.0   2.1                           
58099        1.4   +/-    0.4   2.0   2.1                           
58104        0.9   +/-    0.4   2.0   2.1                           
58109       -0.3   +/-    0.4   2.0   2.1                           
58114       -0.7   +/-    0.4   2.0   2.1                           
58119       -0.8   +/-    0.4   2.0   2.1          NIST1801 CirT.361
58124        0.0   +/-    0.4   2.0   2.1                           
58129        0.1   +/-    0.4   2.0   2.1                           
58134       -0.4   +/-    0.4   2.0   2.1                           
58139       -0.9   +/-    0.4   2.0   2.1                           
58144       -0.7   +/-    0.4   2.0   2.1                           
58149       -0.3   +/-    0.4   2.0   2.1                           
58154       -0.2   +/-    0.4   2.0   2.0          NIST1802 CirT.362
58159        0.1   +/-    0.4   2.0   2.0                           
58164        0.5   +/-    0.4   2.0   2.0                           
58169       -1.0   +/-    0.4   2.0   2.0                           
58174       -1.8   +/-    0.4   2.0   2.0                           
58179       -2.6   +/-    0.4   2.0   2.1          NIST1803 CirT.363
58184       -2.8   +/-    0.4   2.0   2.1                           
58189       -2.9   +/-    0.4   2.0   2.1                           
58194       -2.2   +/-    0.4   2.0   2.1                           
58199       -0.7   +/-    0.4   2.0   2.1                           
58204        0.4   +/-    0.4   2.0   2.1                           
58209        1.2   +/-    0.4   2.0   2.1          NIST1804 CirT.364
58214        0.6   +/-    0.4   2.0   2.1                           
58219        0.1   +/-    0.4   2.0   2.1                           
58224       -0.7   +/-    0.4   2.0   2.1                           
58229       -1.5   +/-    0.4   2.0   2.1                           
58234       -2.6   +/-    0.4   2.0   2.1                           
58239       -4.0   +/-    0.4   2.1   2.1          NIST1805 CirT.365
58244       -3.5   +/-    0.4   2.1   2.1                           
58249       -2.2   +/-    0.4   2.1   2.1                           
58254       -0.9   +/-    0.4   2.1   2.1                           
58259        0.1   +/-    0.4   2.1   2.1                           
58264        1.6   +/-    0.4   2.1   2.1                           
58269        2.7   +/-    0.4   2.1   2.1                           
58274        2.5   +/-    0.4   2.1   2.1          NIST1806 CirT.366
58279        2.4   +/-    0.4   2.1   2.1                           
58284        2.0   +/-    0.4   2.1   2.1                           
58289        1.7   +/-    0.4   2.1   2.1                           
58294        1.8   +/-    0.4   2.1   2.1                           
58299        1.5   +/-    0.4   2.1   2.1                           
58304        1.1   +/-    0.4   2.1   2.1          NIST1807 CirT.367
58309        0.3   +/-    0.4   2.1   2.1                           
58314        0.0   +/-    0.4   2.1   2.1                           
58319       -0.4   +/-    0.4   2.1   2.1                           
58324       -0.9   +/-    0.4   2.1   2.1                           
58329       -1.0   +/-    0.4   2.1   2.1                           
58334       -0.6   +/-    0.4   2.1   2.1          NIST1808 CirT.368
58339       -0.5   +/-    0.4   2.1   2.1                           
58344       -0.1   +/-    0.4   2.1   2.1                           
58349        0.2   +/-    0.4   2.1   2.1                           
58354       -0.1   +/-    0.4   2.1   2.1                           
58359        0.1   +/-    0.4   2.1   2.1                           
58364        0.9   +/-    0.4   2.1   2.1          NIST1809 CirT.369
58369        2.2   +/-    0.4   2.1   2.1                           
58374        3.3   +/-    0.4   2.1   2.1                           
58379        2.5   +/-    0.4   2.1   2.1                           
58384        1.7   +/-    0.4   2.1   2.1                           
58389        0.5   +/-    0.4   2.1   2.1                           
58394       -0.1   +/-    0.4   2.1   2.1          NIST1810 CirT.370
58399       -1.3   +/-    0.4   2.1   2.1                           
58404       -1.1   +/-    0.4   2.1   2.1                           
58409       -0.6   +/-    0.4   2.1   2.1                           
58414       -0.1   +/-    0.4   2.1   2.1                           
58419        0.1   +/-    0.4   2.1   2.1                           
58424        0.6   +/-    0.4   2.1   2.1          NIST1811 CirT.371
58429        0.7   +/-    0.4   2.1   2.1                           
58434        0.5   +/-    0.4   2.1   2.1                           
58439        1.1   +/-    0.4   2.1   2.1                           
58444        1.3   +/-    0.4   2.1   2.1                           
58449        2.0   +/-    0.4   2.1   2.1                           
58454        2.7   +/-    0.4   2.0   2.1          NIST1812 CirT.372
58459        3.7   +/-    0.4   2.0   2.1                           
58464        3.7   +/-    0.4   2.0   2.1                           
58469        3.0   +/-    0.4   2.0   2.1                           
58474        1.8   +/-    0.4   2.0   2.1                           
58479        0.3   +/-    0.4   2.0   2.1                           
58484       -0.9   +/-    0.4   2.1   2.2          NIST1901 CirT.373
58489       -1.4   +/-    0.4   2.1   2.2                           
58494       -2.3   +/-    0.4   2.1   2.2                           
58499       -2.4   +/-    0.4   2.1   2.2                           
58504       -2.3   +/-    0.4   2.1   2.2                           
58509       -2.1   +/-    0.4   2.1   2.2                           
58514       -1.6   +/-    0.4   2.1   2.2                           
58519       -3.3   +/-    0.4   2.1   2.2          NIST1902 CirT.374
58524       -4.6   +/-    0.4   2.1   2.2                           
58529       -5.3   +/-    0.4   2.1   2.2                           
58534       -3.7   +/-    0.4   2.1   2.2                           
58539       -2.4   +/-    0.4   2.1   2.2                           
58544       -0.7   +/-    0.4   2.1   2.2          NIST1903 CirT.375
58549        0.7   +/-    0.4   2.1   2.2                           
58554       -0.1   +/-    0.4   2.1   2.2                           
58559       -1.0   +/-    0.4   2.1   2.2                           
58564       -1.3   +/-    0.4   2.1   2.2                           
58569       -1.9   +/-    0.4   2.1   2.2                           
58574       -0.9   +/-    0.4   1.9   1.9          NIST1904 CirT.376
58579       -0.3   +/-    0.4   1.9   1.9                           
58584        0.4   +/-    0.4   1.9   1.9                           
58589        0.6   +/-    0.4   1.9   1.9                           
58594        0.7   +/-    0.4   1.9   1.9                           
58599        0.4   +/-    0.4   1.9   1.9                           
58604       -0.4   +/-    0.3   1.9   1.9          NIST1905 CirT.377
58609       -0.8   +/-    0.3   1.9   1.9                           
58614       -1.8   +/-    0.3   1.9   1.9                           
58619       -2.8   +/-    0.3   1.9   1.9                           
58624       -2.8   +/-    0.3   1.9   1.9                           
58629       -2.3   +/-    0.3   1.9   1.9                           
58634       -2.4   +/-    0.3   1.9   1.9                           
58639       -2.6   +/-    0.3   1.9   1.9          NIST1906 CirT.378
58644       -3.5   +/-    0.3   1.9   1.9                           
58649       -3.6   +/-    0.3   1.9   1.9                           
58654       -3.1   +/-    0.3   1.9   1.9                           
58659       -1.9   +/-    0.3   1.9   1.9                           
58664       -0.6   +/-    0.3   1.9   1.9                           
58669        0.7   +/-    0.3   1.9   1.9          NIST1907 CirT.379
58674        0.7   +/-    0.3   1.9   1.9                           
58679        1.2   +/-    0.3   1.9   1.9                           
58684        1.1   +/-    0.3   1.9   1.9                           
58689        1.2   +/-    0.3   1.9   1.9                           
58694        0.7   +/-    0.3   1.9   1.9                           
58699       -0.1   +/-    0.3   1.9   1.9          NIST1908 CirT.380
58704       -0.3   +/-    0.3   1.9   1.9                           
58709       -0.1   +/-    0.3   1.9   1.9                           
58714        0.2   +/-    0.3   1.9   1.9                           
58719        0.3   +/-    0.3   1.9   1.9                           
58724        0.3   +/-    0.3   1.9   1.9                           
58729        0.6   +/-    0.3   2.0   2.0          NIST1909 CirT.381
58734        0.9   +/-    0.3   2.0   2.0                           
58739        1.0   +/-    0.3   2.0   2.0                           
58744        1.3   +/-    0.3   2.0   2.0                           
58749        1.1   +/-    0.3   2.0   2.0                           
58754        1.0   +/-    0.3   2.0   2.0                           
58759        0.6   +/-    0.3   2.0   2.0          NIST1910 CirT.382
58764        0.5   +/-    0.3   2.0   2.0                           
58769        1.1   +/-    0.3   2.0   2.0                           
58774        2.1   +/-    0.3   2.0   2.0                           
58779        2.4   +/-    0.3   2.0   2.0                           
58784        1.7   +/-    0.3   2.0   2.0                           
58789        0.8   +/-    0.3   1.8   1.9          NIST1911 CirT.383
58794       -0.3   +/-    0.3   1.8   1.9                           
58799        0.1   +/-    0.3   1.8   1.9                           
58804        0.8   +/-    0.3   1.8   1.9                           
58809        0.7   +/-    0.3   1.8   1.9                           
58814        0.5   +/-    0.3   1.8   1.9                           
58819        0.4   +/-    0.3   1.8   1.9          NIST1912 CirT.384
58824        0.8   +/-    0.3   1.8   1.9                           
58829        1.2   +/-    0.3   1.8   1.9                           
58834        2.5   +/-    0.3   1.8   1.9                           
58839        2.8   +/-    0.3   1.8   1.9                           
58844        1.5   +/-    0.3   1.8   1.9                           
58849       -0.8   +/-    0.3   1.9   2.0          NIST2001 CirT.385
58854       -1.5   +/-    0.3   1.9   2.0                           
58859       -2.0   +/-    0.3   1.9   2.0                           
58864       -0.9   +/-    0.3   1.9   2.0                           
58869        0.6   +/-    0.3   1.9   2.0                           
58874        1.3   +/-    0.3   1.9   2.0                           
58879        1.5   +/-    0.3   1.9   2.0                           
58884        1.8   +/-    0.3   1.9   1.9          NIST2002 CirT.386
58889        2.2   +/-    0.3   1.9   1.9                           
58894        2.3   +/-    0.3   1.9   1.9                           
58899        1.5   +/-    0.3   1.9   1.9                           
58904        0.3   +/-    0.3   1.9   1.9                           
58909        0.1   +/-    0.3   1.9   1.9          NIST2003 CirT.387
58914        0.3   +/-    0.3   1.9   1.9                           
58919        0.1   +/-    0.3   1.9   1.9                           
58924       -0.5   +/-    0.3   1.9   1.9                           
58929       -0.7   +/-    0.3   1.9   1.9                           
58934       -0.9   +/-    0.3   1.9   1.9                           
58939       -1.0   +/-    0.3   1.9   1.9                           
58944       -0.9   +/-    0.3   1.9   1.9          NIST2004 CirT.388
58949       -0.7   +/-    0.3   1.9   1.9                           
58954       -1.1   +/-    0.3   1.9   1.9                           
58959       -1.1   +/-    0.3   1.9   1.9                           
58964       -1.3   +/-    0.3   1.9   1.9                           
58969       -1.7   +/-    0.3   1.9   1.9                           
58974       -1.9   +/-    0.3   1.9   1.9          NIST2005 CirT.389
58979       -2.3   +/-    0.3   1.9   1.9                           
58984       -2.7   +/-    0.3   1.9   1.9                           
58989       -2.4   +/-    0.3   1.9   1.9                           
58994       -2.1   +/-    0.3   1.9   1.9                           
58999       -2.4   +/-    0.3   1.9   1.9                           
59004       -3.1   +/-    0.3   2.0   2.0          NIST2006 CirT.390
59009       -2.3   +/-    0.3   2.0   2.0                           
59014       -1.3   +/-    0.3   2.0   2.0                           
59019       -0.5   +/-    0.3   2.0   2.0                           
59024        0.0   +/-    0.3   2.0   2.0                           
59029        0.5   +/-    0.3   2.0   2.0                           
59034        0.7   +/-    0.3   2.0   2.0          NIST2007 CirT.391
59039        0.2   +/-    0.3   2.0   2.0                           
59044       -0.4   +/-    0.3   2.0   2.0                           
59049       -0.4   +/-    0.3   2.0   2.0                           
59054       -0.2   +/-    0.3   2.0   2.0                           
59059        0.0   +/-    0.3   2.0   2.0                           
59064       -0.2   +/-    0.3   2.1   2.1          NIST2008 CirT.392
59069       -0.3   +/-    0.3   2.1   2.1                           
59074       -0.5   +/-    0.3   2.1   2.1                           
59079       -0.6   +/-    0.3   2.1   2.1                           
59084       -0.6   +/-    0.3   2.1   2.1                           
59089       -0.9   +/-    0.3   2.1   2.1                           
59094       -0.7   +/-    0.3   2.1   2.1          NIST2009 CirT.393
59099       -0.7   +/-    0.3   2.1   2.1                           
59104       -0.6   +/-    0.3   2.1   2.1                           
59109        0.3   +/-    0.3   2.1   2.1                           
59114        0.8   +/-    0.3   2.1   2.1                           
59119        1.4   +/-    0.3   2.1   2.1                           
59124        1.5   +/-    0.3   2.1   2.1          NIST2010 CirT.394
59129        0.8   +/-    0.3   2.1   2.1                           
59134        0.3   +/-    0.3   2.1   2.1                           
59139        0.3   +/-    0.3   2.1   2.1                           
59144        0.9   +/-    0.3   2.1   2.1                           
59149        1.3   +/-    0.3   2.1   2.1                           
59154        1.6   +/-    0.3   2.1   2.1          NIST2011 CirT.395
59159        1.2   +/-    0.3   2.1   2.1                           
59164        1.1   +/-    0.3   2.1   2.1                           
59169        1.0   +/-    0.3   2.1   2.1                           
59174        0.9   +/-    0.3   2.1   2.1                           
59179        0.0   +/-    0.3   2.1   2.1                           
59184       -0.6   +/-    0.3   2.0   2.1          NIST2012 CirT.396
59189       -0.9   +/-    0.3   2.0   2.1                           
59194       -0.8   +/-    0.3   2.0   2.1                           
59199       -0.7   +/-    0.3   2.0   2.1                           
59204       -0.8   +/-    0.3   2.0   2.1                           
59209       -0.7   +/-    0.3   2.0   2.1                           
59214       -1.1   +/-    0.3   2.0   2.1                           
59219       -1.0   +/-    0.3   2.1   2.1          NIST2101 CirT.397
59224       -0.9   +/-    0.3   2.1   2.1                           
59229       -1.0   +/-    0.3   2.1   2.1                           
59234       -0.8   +/-    0.3   2.1   2.1                           
59239       -0.5   +/-    0.3   2.1   2.1                           
59244        0.2   +/-    0.3   2.1   2.1                           
59249        0.6   +/-    0.3   2.1   2.1          NIST2102 CirT.398
59254        0.1   +/-    0.3   2.1   2.1                           
59259       -0.4   +/-    0.3   2.1   2.1                           
59264       -0.6   +/-    0.3   2.1   2.1                           
59269       -0.5   +/-    0.3   2.1   2.1                           
59274       -1.0   +/-    0.3   2.1   2.1          NIST2103 CirT.399
59279       -1.0   +/-    0.3   2.1   2.1                           
59284       -0.9   +/-    0.3   2.1   2.1                           
59289       -1.1   +/-    0.3   2.1   2.1                           
59294       -0.6   +/-    0.3   2.1   2.1                           
59299        0.0   +/-    0.3   2.1   2.1                           
59304        0.8   +/-    0.3   2.1   2.1                           
59309        0.7   +/-    0.3   2.2   2.2          NIST2104 CirT.400
59314        0.3   +/-    0.3   2.2   2.2                           
59319        0.2   +/-    0.3   2.2   2.2                           
59324        0.6   +/-    0.3   2.2   2.2                           
59329        1.1   +/-    0.3   2.2   2.2                           
59334        1.9   +/-    0.3   2.2   2.2                           
59339        2.2   +/-    0.3   2.2   2.2          NIST2105 CirT.401
59344        2.0   +/-    0.3   2.2   2.2                           
59349        1.7   +/-    0.3   2.2   2.2                           
59354        0.6   +/-    0.3   2.2   2.2                           
59359       -0.6   +/-    0.3   2.2   2.2                           
59364       -1.5   +/-    0.3   2.2   2.2                           
59369       -1.5   +/-    0.3   2.2   2.2          NIST2106 CirT.402
59374       -1.2   +/-    0.3   2.2   2.2                           
59379       -0.8   +/-    0.3   2.2   2.2                           
59384       -0.6   +/-    0.3   2.2   2.2                           
59389       -0.5   +/-    0.3   2.2   2.2                           
59394       -0.6   +/-    0.3   2.2   2.2                           
59399       -0.6   +/-    0.3   2.2   2.2          NIST2107 CirT.403
59404       -1.2   +/-    0.3   2.2   2.2                           
59409       -1.7   +/-    0.3   2.2   2.2                           
59414       -2.2   +/-    0.3   2.2   2.2                           
59419       -2.0   +/-    0.3   2.2   2.2                           
59424       -1.8   +/-    0.3   2.2   2.2                           
59429       -0.8   +/-    0.3   2.3   2.3          NIST2108 CirT.404
59434       -0.6   +/-    0.3   2.3   2.3                           
59439        0.1   +/-    0.3   2.3   2.3                           
59444        0.7   +/-    0.3   2.3   2.3                           
59449        0.6   +/-    0.3   2.3   2.3                           
59454        0.7   +/-    0.3   2.3   2.3                           
59459       -0.1   +/-    0.3   2.3   2.3          NIST2109 CirT.405
59464       -0.6   +/-    0.3   2.3   2.3                           
59469       -1.2   +/-    0.3   2.3   2.3                           
59474       -1.9   +/-    0.3   2.3   2.3                           
59479       -2.1   +/-    0.3   2.3   2.3                           
59484       -1.8   +/-    0.3   2.3   2.3                           
59489       -1.4   +/-    0.3   2.3   2.3          NIST2110 CirT.406
59494       -0.5   +/-    0.3   2.3   2.3                           
59499        0.6   +/-    0.3   2.3   2.3                           
59504        0.9   +/-    0.3   2.3   2.3                           
59509        0.5   +/-    0.3   2.3   2.3                           
59514        0.0   +/-    0.3   2.3   2.3                           
59519       -0.4   +/-    0.3   2.3   2.3          NIST2111 CirT.407
59524       -0.8   +/-    0.3   2.3   2.3                           
59529       -0.8   +/-    0.3   2.3   2.3                           
59534       -0.1   +/-    0.3   2.3   2.3                           
59539        0.0   +/-    0.3   2.3   2.3                           
59544        0.1   +/-    0.3   2.3   2.3                           
59549        0.6   +/-    0.3   2.3   2.3          NIST2112 CirT.408
59554        0.2   +/-    0.3   2.3   2.3                           
59559        0.0   +/-    0.3   2.3   2.3                           
59564        0.3   +/-    0.3   2.3   2.3                           
59569        0.2   +/-    0.3   2.3   2.3                           
59574        0.5   +/-    0.3   2.3   2.3                           
59579        0.7   +/-    0.3   2.3   2.3                           
59584        0.9   +/-    0.3   2.3   2.3          NIST2201 CirT.409
59589        1.1   +/-    0.3   2.3   2.3                           
59594        1.1   +/-    0.3   2.3   2.3                           
59599        0.5   +/-    0.3   2.3   2.3                           
59604        0.1   +/-    0.3   2.3   2.3                           
59609       -0.6   +/-    0.3   2.3   2.3                           
59614       -0.8   +/-    0.3   2.4   2.5          NIST2202 CirT.410
59619       -1.1   +/-    0.3   2.4   2.5                           
59624       -1.2   +/-    0.3   2.4   2.5                           
59629       -0.9   +/-    0.3   2.4   2.5                           
59634       -1.2   +/-    0.3   2.4   2.5                           
59639       -0.4   +/-    0.3   2.4   2.5          NIST2203 CirT.411
59644       -0.2   +/-    0.3   2.4   2.5                           
59649        0.2   +/-    0.3   2.4   2.5                           
59654        0.7   +/-    0.3   2.4   2.5                           
59659        0.3   +/-    0.3   2.4   2.5                           
59664       -0.5   +/-    0.3   2.4   2.5                           
59669       -1.4   +/-    0.3   2.4   2.5                           
59674       -1.3   +/-    0.3   2.5   2.5          NIST2204 CirT.412
59679       -0.8   +/-    0.3   2.5   2.5                           
59684        0.1   +/-    0.3   2.5   2.5                           
59689        1.1   +/-    0.3   2.5   2.5                           
59694        1.5   +/-    0.3   2.5   2.5                           
59699        1.4   +/-    0.3   2.5   2.5                           
59704        0.7   +/-    0.5   2.6   2.6          NIST2205 CirT.413
59709        0.0   +/-    0.5   2.6   2.6                           
59714       -0.4   +/-    0.5   2.6   2.6                           
59719       -1.0   +/-    0.5   2.6   2.6                           
59724       -1.0   +/-    0.5   2.6   2.6                           
59729       -0.2   +/-    0.5   2.6   2.6                           
59734        0.3   +/-    0.5   2.5   2.5          NIST2206 CirT.414
59739        0.3   +/-    0.5   2.5   2.5                           
59744        0.1   +/-    0.5   2.5   2.5                           
59749        0.2   +/-    0.5   2.5   2.5                           
59754        0.3   +/-    0.5   2.5   2.5                           
59759       -0.4   +/-    0.5   2.5   2.5                           
59764       -1.1   +/-    0.3   2.5   2.5          NIST2207 CirT.415
59769       -1.8   +/-    0.3   2.5   2.5                           
59774       -2.4   +/-    0.3   2.5   2.5                           
59779       -2.4   +/-    0.3   2.5   2.5                           
59784       -1.9   +/-    0.3   2.5   2.5                           
59789       -1.5   +/-    0.3   2.5   2.5                           
59794       -1.2   +/-    0.3   2.4   2.5          NIST2208 CirT.416
59799       -0.8   +/-    0.3   2.4   2.5                           
59804       -0.7   +/-    0.3   2.4   2.5                           
59809       -0.7   +/-    0.3   2.4   2.5                           
59814       -1.0   +/-    0.3   2.4   2.5                           
59819       -1.1   +/-    0.3   2.4   2.5                           
59824       -1.3   +/-    0.3   2.6   2.6          NIST2209 CirT.417
59829       -1.8   +/-    0.3   2.6   2.6                           
59834       -2.5   +/-    0.3   2.6   2.6                           
59839       -2.6   +/-    0.3   2.6   2.6                           
59844       -2.1   +/-    0.3   2.6   2.6                           
59849       -1.9   +/-    0.3   2.6   2.6                           
59854       -1.5   +/-    0.3   2.6   2.6          NIST2210 CirT.418
59859       -1.3   +/-    0.3   2.6   2.6                           
59864       -1.5   +/-    0.3   2.6   2.6                           
59869       -0.8   +/-    0.3   2.6   2.6                           
59874        0.0   +/-    0.3   2.6   2.6                           
59879        0.8   +/-    0.3   2.6   2.6                           
59884        1.7   +/-    0.3   2.7   2.7          NIST2211 CirT.419
59889        2.3   +/-    0.3   2.7   2.7                           
59894        2.4   +/-    0.3   2.7   2.7                           
59899        1.2   +/-    0.3   2.7   2.7                           
59904        0.2   +/-    0.3   2.7   2.7                           
59909       -0.7   +/-    0.3   2.7   2.7                           
59914       -1.0   +/-    0.3   2.7   2.7          NIST2212 CirT.420
59919        0.1   +/-    0.3   2.7   2.7                           
59924        0.9   +/-    0.3   2.7   2.7                           
59929        1.9   +/-    0.3   2.7   2.7                           
59934        2.0   +/-    0.3   2.7   2.7                           
59939        1.9   +/-    0.3   2.7   2.7                           
59944        1.3   +/-    0.3   2.7   2.7                           
59949        0.8   +/-    0.5   2.7   2.7          NIST2301 CirT.421
59954        1.4   +/-    0.5   2.7   2.7                           
59959        1.6   +/-    0.5   2.7   2.7                           
59964        1.9   +/-    0.5   2.7   2.7                           
59969        1.6   +/-    0.5   2.7   2.7                           
59974        1.1   +/-    0.5   2.7   2.7                           
59979        0.7   +/-    0.5   2.7   2.7          NIST2302 CirT.422
59984       -0.3   +/-    0.5   2.7   2.7                           
59989       -1.5   +/-    0.5   2.7   2.7                           
59994       -1.8   +/-    0.5   2.7   2.7                           
59999       -2.0   +/-    0.5   2.7   2.7                           
60004       -1.8   +/-    0.5   2.7   2.7          NIST2303 CirT.423
60009       -1.1   +/-    0.5   2.7   2.7                           
60014       -0.8   +/-    0.5   2.7   2.7                           
60019       -0.3   +/-    0.5   2.7   2.7                           
60024       -0.4   +/-    0.5   2.7   2.7                           
60029        0.1   +/-    0.5   2.7   2.7                           
60034        1.1   +/-    0.5   2.7   2.7                           
60039        1.6   +/-    0.5   2.6   2.6          NIST2304 CirT.424
60044        2.3   +/-    0.5   2.6   2.6                           
60049        1.8   +/-    0.5   2.6   2.6                           
60054        1.2   +/-    0.5   2.6   2.6                           
60059        0.9   +/-    0.5   2.6   2.6                           
60064        0.0   +/-    0.5   2.6   2.6                           
60069       -0.8   +/-    0.3   2.6   2.6          NIST2305 CirT.425
60074       -1.9   +/-    0.3   2.6   2.6                           
60079       -2.2   +/-    0.3   2.6   2.6                           
60084       -2.3   +/-    0.3   2.6   2.6                           
60089       -2.0   +/-    0.3   2.6   2.6                           
60094       -1.3   +/-    0.3   2.6   2.6                           
60099       -0.6   +/-    0.3   2.7   2.7          NIST2306 CirT.426
60104       -0.2   +/-    0.3   2.7   2.7                           
60109       -0.5   +/-    0.3   2.7   2.7                           
60114       -0.5   +/-    0.3   2.7   2.7                           
60119       -0.8   +/-    0.3   2.7   2.7                           
60124       -0.9   +/-    0.3   2.7   2.7                           
60129       -0.2   +/-    0.3   2.7   2.7          NIST2307 CirT.427
60134        0.2   +/-    0.3   2.7   2.7                           
60139        0.8   +/-    0.3   2.7   2.7                           
60144        0.8   +/-    0.3   2.7   2.7                           
60149        0.8   +/-    0.3   2.7   2.7                           
60154        0.6   +/-    0.3   2.7   2.7                           
60159        0.8   +/-    0.3   2.7   2.7          NIST2308 CirT.428
60164        0.0   +/-    0.3   2.7   2.7                           
60169       -0.7   +/-    0.3   2.7   2.7                           
60174       -1.3   +/-    0.3   2.7   2.7                           
60179       -0.7   +/-    0.3   2.7   2.7                           
60184       -0.2   +/-    0.3   2.7   2.7                           
60189        0.0   +/-    0.3   2.7   2.7          NIST2309 CirT.429
60194        0.3   +/-    0.3   2.7   2.7                           
60199        0.1   +/-    0.3   2.7   2.7                           
60204        0.1   +/-    0.3   2.7   2.7                           
60209        0.5   +/-    0.3   2.7   2.7                           
60214        0.9   +/-    0.3   2.7   2.7                           
60219        1.7   +/-    0.3   2.7   2.7          NIST2310 CirT.430
60224        2.0   +/-    0.3   2.7   2.7                           
60229        1.9   +/-    0.3   2.7   2.7                           
60234        2.1   +/-    0.3   2.7   2.7                           
60239        1.6   +/-    0.3   2.7   2.7                           
60244        0.6   +/-    0.3   2.7   2.7                           
60249        0.2   +/-    0.3   2.7   2.7          NIST2311 CirT.431
60254        0.1   +/-    0.3   2.7   2.7                           
60259       -0.6   +/-    0.3   2.7   2.7                           
60264       -0.9   +/-    0.3   2.7   2.7                           
60269       -1.0   +/-    0.3   2.7   2.7                           
60274       -0.6   +/-    0.3   2.7   2.7                           
60279        0.0   +/-    0.3   2.7   2.7          NIST2312 CirT.432
60284        1.3   +/-    0.3   2.7   2.7                           
60289        1.2   +/-    0.3   2.7   2.7                           
60294        0.0   +/-    0.3   2.7   2.7                           
60299       -1.0   +/-    0.3   2.7   2.7                           
60304       -0.9   +/-    0.3   2.7   2.7                           
60309       -0.8   +/-    0.3   2.7   2.7                           
60314       -1.3   +/-    0.3   2.7   2.7          NIST2401 CirT.433
60319       -2.0   +/-    0.3   2.7   2.7                           
60324       -1.8   +/-    0.3   2.7   2.7                           
60329       -1.6   +/-    0.3   2.7   2.7                           
60334       -2.1   +/-    0.3   2.7   2.7                           
60339       -1.7   +/-    0.3   2.7   2.7                           
60344       -2.2   +/-    0.3   2.7   2.7          NIST2402 CirT.434
60349       -1.5   +/-    0.3   2.7   2.7                           
60354       -0.7   +/-    0.3   2.7   2.7                           
60359       -0.4   +/-    0.3   2.7   2.7                           
60364       -0.8   +/-    0.3   2.7   2.7                           
60369       -0.7   +/-    0.3   2.7   2.7                           
60374       -0.5   +/-    0.3   2.8   2.8          NIST2403 CirT.435
60379       -0.5   +/-    0.3   2.8   2.8                           
60384       -1.1   +/-    0.3   2.8   2.8                           
60389       -1.6   +/-    0.3   2.8   2.8                           
60394       -1.5   +/-    0.3   2.8   2.8                           
60399        0.0   +/-    0.3   2.8   2.8                           
60404        2.5   +/-    0.3   2.8   2.8          NIST2404 CirT.436
60409        2.0   +/-    0.3   2.8   2.8                           
60414        0.9   +/-    0.3   2.8   2.8                           
60419       -0.1   +/-    0.3   2.8   2.8                           
60424       -0.3   +/-    0.3   2.8   2.8                           
60429       -0.2   +/-    0.3   2.8   2.8                           
60434        0.0   +/-    0.2   2.7   2.7          NIST2405 CirT.437
60439        0.3   +/-    0.2   2.7   2.7                           
60444        0.5   +/-    0.2   2.7   2.7                           
60449        0.5   +/-    0.2   2.7   2.7                           
60454        0.1   +/-    0.2   2.7   2.7                           
60459        0.0   +/-    0.2   2.7   2.7                           
60464       -0.3   +/-    0.2   2.7   2.7          NIST2406 CirT.438
60469       -0.2   +/-    0.2   2.7   2.7                           
60474        0.0   +/-    0.2   2.7   2.7                           
60479        0.0   +/-    0.2   2.7   2.7                           
60484        0.0   +/-    0.2   2.7   2.7                           
60489        0.1   +/-    0.2   2.7   2.7                           
60494        0.1   +/-    0.2   2.7   2.7          NIST2407 CirT.439
60499        0.2   +/-    0.2   2.7   2.7                           
60504        0.0   +/-    0.2   2.7   2.7                           
60509       -0.1   +/-    0.2   2.7   2.7                           
60514       -0.1   +/-    0.2   2.7   2.7                           
60519        0.2   +/-    0.2   2.7   2.7                           
60524        0.5   +/-    0.2   2.7   2.7          NIST2408 CirT.440
60529        0.6   +/-    0.2   2.7   2.7                           
60534        0.7   +/-    0.2   2.7   2.7                           
60539       -0.1   +/-    0.2   2.7   2.7                           
60544       -0.7   +/-    0.2   2.7   2.7                           
60549       -1.1   +/-    0.2   2.7   2.7                           
60554       -0.9   +/-    0.2   2.7   2.7          NIST2409 CirT.441
60559       -1.5   +/-    0.2   2.7   2.7                           
60564       -1.3   +/-    0.2   2.7   2.7                           
60569       -0.8   +/-    0.2   2.7   2.7                           
60574       -0.2   +/-    0.2   2.7   2.7                           
60579       -0.2   +/-    0.2   2.7   2.7                           
60584       -1.6   +/-    0.5   2.0   2.1          NIST2410 CirT.442
60589       -2.0   +/-    0.5   2.0   2.1                           
60594       -2.6   +/-    0.5   2.0   2.1                           
60599       -2.2   +/-    0.5   2.0   2.1                           
60604       -0.8   +/-    0.5   2.0   2.1                           
60609        0.0   +/-    0.5   2.0   2.1                           
60614        1.3   +/-    0.5   2.0   2.1                           
60619        1.5   +/-    0.2   2.0   2.0          NIST2411 CirT.443
60624        1.3   +/-    0.2   2.0   2.0                           
60629        1.7   +/-    0.2   2.0   2.0                           
60634        2.4   +/-    0.2   2.0   2.0                           
60639        2.4   +/-    0.2   2.0   2.0                           
60644        1.6   +/-    0.2   2.0   2.0                           
60649        0.0   +/-    0.2   2.0   2.0          NIST2412 CirT.444
60654       -1.2   +/-    0.2   2.0   2.0                           
60659       -1.7   +/-    0.2   2.0   2.0                           
60664       -1.2   +/-    0.2   2.0   2.0                           
60669       -0.5   +/-    0.2   2.0   2.0                           
60674        0.1   +/-    0.2   2.0   2.0                           
60679        0.6   +/-    0.2   2.0   2.0          NIST2501 CirT.445
60684        0.4   +/-    0.2   2.0   2.0                           
60689        0.6   +/-    0.2   2.0   2.0                           
60694        0.5   +/-    0.2   2.0   2.0                           
60699        0.8   +/-    0.2   2.0   2.0                           
60704        0.6   +/-    0.2   2.0   2.0                           
60709        0.6   +/-    0.2   2.0   2.0          NIST2502 CirT.446
60714        0.4   +/-    0.2   2.0   2.0                           
60719        0.4   +/-    0.2   2.0   2.0                           
60724        0.4   +/-    0.2   2.0   2.0                           
60729        0.2   +/-    0.2   2.0   2.0                           
60734       -0.1   +/-    0.2   2.0   2.0                           
60739       -0.3   +/-    0.2   2.0   2.0          NIST2503 CirT.447
60744       -0.2   +/-    0.2   2.0   2.0                           
60749        0.0   +/-    0.2   2.0   2.0                           
60754        0.3   +/-    0.2   2.0   2.0                           
60759       -0.1   +/-    0.2   2.0   2.0                           
60764       -0.6   +/-    0.2   2.0   2.0                           
60769       -0.5   +/-    0.3   2.0   2.0          NIST2504 CirT.448
60774       -0.3   +/-    0.3   2.0   2.0                           
60779       -0.6   +/-    0.3   2.0   2.0                           
60784       -0.8   +/-    0.3   2.0   2.0                           
60789       -0.6   +/-    0.3   2.0   2.0                           
60794       -0.5   +/-    0.3   2.0   2.0                           
60799       -0.1   +/-    0.3   2.0   2.0          NIST2505 CirT.449
60804        0.4   +/-    0.3   2.0   2.0                           
60809        0.7   +/-    0.3   2.0   2.0                           
60814        0.3   +/-    0.3   2.0   2.0                           
60819        0.0   +/-    0.3   2.0   2.0                           
60824       -0.8   +/-    0.3   2.0   2.0                           
60829       -0.9   +/-    0.2   2.0   2.0          NIST2506 CirT.450
60834       -1.4   +/-    0.2   2.0   2.0                           
60839       -1.5   +/-    0.2   2.0   2.0                           
60844       -1.1   +/-    0.2   2.0   2.0                           
60849       -1.1   +/-    0.2   2.0   2.0                           
60854       -1.0   +/-    0.2   2.0   2.0                           
60859       -0.2   +/-    0.2   2.0   2.0          NIST2507 CirT.451
60864        0.1   +/-    0.2   2.0   2.0                           
60869        0.3   +/-    0.2   2.0   2.0                           
60874        0.4   +/-    0.2   2.0   2.0                           
60879       -0.3   +/-    0.2   2.0   2.0                           
60884       -0.6   +/-    0.2   2.0   2.0                           
60889       -0.2   +/-    0.2   2.0   2.0          NIST2508 CirT.452
60894        0.4   +/-    0.2   2.0   2.0                           
60899        1.3   +/-    0.2   2.0   2.0                           
60904        1.7   +/-    0.2   2.0   2.0                           
60909        1.7   +/-    0.2   2.0   2.0                           
60914        0.6   +/-    0.2   2.0   2.0                           
60919       -0.4   +/-    0.2   2.0   2.0          NIST2509 CirT.453
60924       -0.6   +/-    0.2   2.0   2.0                           
60929        0.2   +/-    0.2   2.0   2.0                           
60934        0.6   +/-    0.2   2.0   2.0                           
60939        0.6   +/-    0.2   2.0   2.0                           
60944        0.5   +/-    0.2   2.0   2.0                           
60949        1.0   +/-    0.2   2.0   2.0          NIST2510 CirT.454
60954        1.3   +/-    0.2   2.0   2.0                           
60959        1.9   +/-    0.2   2.0   2.0                           
60964        2.4   +/-    0.2   2.0   2.0                           
60969        1.8   +/-    0.2   2.0   2.0                           
60974        1.0   +/-    0.2   2.0   2.0                           
60979        0.6   +/-    0.2   2.0   2.0                           
60984        0.7   +/-    0.2   2.0   2.0          NIST2511 CirT.455
60989        0.6   +/-    0.2   2.0   2.0                           
60994        0.3   +/-    0.2   2.0   2.0                           
60999        0.0   +/-    0.2   2.0   2.0                           
61004       -0.5   +/-    0.2   2.0   2.0                           
61009       -0.4   +/-    0.2   2.0   2.0                           
61014       -0.2   +/-    0.2   2.0   2.0          NIST2512 CirT.456
61019       -0.2   +/-    0.2   2.0   2.0                           
61024       -0.4   +/-    0.2   2.0   2.0                           
61029       -0.2   +/-    0.2   2.0   2.0                           
61034        1.3   +/-    0.2   2.0   2.0                           
61039        2.3   +/-    0.2   2.0   2.0                           
61044        1.9   +/-    0.2   2.0   2.0          NIST2601 CirT.457
61049        0.6   +/-    0.2   2.0   2.0                           
61054       -0.3   +/-    0.2   2.0   2.0                           
61059       -1.7   +/-    0.2   2.0   2.0                           
61064       -1.8   +/-    0.2   2.0   2.0                           
61069       -1.0   +/-    0.2   2.0   2.0                           
61074        0.3   +/-    0.2   2.0   2.0          NIST2602 CirT.458
61079        0.9   +/-    0.2   2.0   2.0                           
61084        1.2   +/-    0.2   2.0   2.0                           
61089        1.3   +/-    0.2   2.0   2.0                           
61094        1.3   +/-    0.2   2.0   2.0                           
61099        0.2   +/-    0.2   2.0   2.0                           
