date,spy_close,spy_R_k,spy_URF_k,spy_Hyst_k,spy_g_k,spy_D_k,spy_M_k,spy_B_k,spy_U_star_k
2021-04-01,400.61,0.4666666666666666,0.4666666666666666,0,1,0.0,0.0,0.0,0.3333333333333333
2021-04-05,406.36,0.4666666666666666,0.4666666666666666,0,1,0.0,0.0,0.0,0.3333333333333333
2021-04-06,406.12,0.4666666666666666,0.4666666666666666,0,1,0.0,0.0,0.0,0.3333333333333333
2021-04-07,406.59,0.4666666666666666,0.4666666666666666,0,1,0.0,0.0,0.0,0.3333333333333333
2021-04-08,408.52,0.4666666666666666,0.4666666666666666,0,1,0.0,0.0,0.0,0.3333333333333333
2021-04-09,411.49,0.4666666666666666,0.4666666666666666,0,1,0.0,0.0,0.0,0.3333333333333333
2021-04-12,411.64,0.4666666666666666,0.4666666666666666,0,1,0.0,0.0,0.0,0.3333333333333333
2021-04-13,412.86,0.4666666666666666,0.4666666666666666,0,1,0.0,0.0,0.0,0.3333333333333333
2021-04-14,411.45,0.4666666666666666,0.4666666666666666,0,1,0.0,0.0,0.0,0.3333333333333333
2021-04-15,415.87,0.4666666666666666,0.4666666666666666,0,1,0.0,0.0,0.0,0.3333333333333333
2021-04-16,417.26,0.4666666666666666,0.4666666666666666,0,1,0.0,0.0,0.0,0.3333333333333333
2021-04-19,415.21,0.4666666666666666,0.4666666666666666,0,1,0.0,0.0,0.0,0.3333333333333333
2021-04-20,412.17,0.4666666666666666,0.4666666666666666,0,1,0.0,0.0,0.0,0.3333333333333333
2021-04-21,416.07,0.4666666666666666,0.4666666666666666,0,1,0.0,0.0,0.0,0.3333333333333333
2021-04-22,412.27,0.4666666666666666,0.4666666666666666,0,1,0.0,0.0,0.0,0.3333333333333333
2021-04-23,416.74,0.4666666666666666,0.4666666666666666,0,1,0.0,0.0,0.0,0.3333333333333333
2021-04-26,417.61,0.4666666666666666,0.4666666666666666,0,1,0.0,0.0,0.0,0.3333333333333333
2021-04-27,417.52,0.4666666666666666,0.4666666666666666,0,1,0.0,0.0,0.0,0.3333333333333333
2021-04-28,417.4,0.4666666666666666,0.4666666666666666,0,1,0.0,0.0,0.0,0.3333333333333333
2021-04-29,420.06,0.4666666666666666,0.4666666666666666,0,1,0.0,0.0,0.0,0.3333333333333333
2021-04-30,417.3,0.4666666666666666,0.4666666666666666,0,1,0.0,0.0,0.0,0.3333333333333333
2021-05-03,418.2,0.4666666666666666,0.4666666666666666,0,1,0.0,0.0,0.0,0.3333333333333333
2021-05-04,415.62,0.4666666666666666,0.4666666666666666,0,1,0.0,0.0,0.0,0.3333333333333333
2021-05-05,415.75,0.4666666666666666,0.4666666666666666,0,1,0.0,0.0,0.0,0.3333333333333333
2021-05-06,419.07,0.4666666666666666,0.4666666666666666,0,1,0.0,0.0,0.0,0.3333333333333333
2021-05-07,422.12,0.4666666666666666,0.4666666666666666,0,1,0.0,0.0,0.0,0.3333333333333333
2021-05-10,417.94,0.4666666666666666,0.4666666666666666,0,1,0.0,0.0,0.0,0.3333333333333333
2021-05-11,414.21,0.4666666666666666,0.4666666666666666,0,1,0.0,0.0,0.0,0.3333333333333333
2021-05-12,405.41,0.4666666666666666,0.4666666666666666,0,1,0.0,0.0,0.0,0.3333333333333333
2021-05-13,410.28,0.4666666666666666,0.4666666666666666,0,1,0.0,0.0,0.0,0.3333333333333333
2021-05-14,416.58,0.4666666666666666,0.4666666666666666,0,1,0.0,0.0,0.0,0.3333333333333333
2021-05-17,415.52,0.4666666666666666,0.4666666666666666,0,1,0.0,0.0,0.0,0.3333333333333333
2021-05-18,411.94,0.4666666666666666,0.4666666666666666,0,1,0.0,0.0,0.0,0.3333333333333333
2021-05-19,410.86,0.4666666666666666,0.4666666666666666,0,1,0.0,0.0,0.0,0.3333333333333333
2021-05-20,415.28,0.4666666666666666,0.4666666666666666,0,1,0.0,0.0,0.0,0.3333333333333333
2021-05-21,414.94,0.4666666666666666,0.4666666666666666,0,1,0.0,0.0,0.0,0.3333333333333333
2021-05-24,419.17,0.4666666666666666,0.4666666666666666,0,1,0.0,0.0,0.0,0.3333333333333333
2021-05-25,418.24,0.4666666666666666,0.4666666666666666,0,1,0.0,0.0,0.0,0.3333333333333333
2021-05-26,419.07,0.4666666666666666,0.4666666666666666,0,1,0.0,0.0,0.0,0.3333333333333333
2021-05-27,419.29,0.4666666666666666,0.4666666666666666,0,1,0.0,0.0,0.0,0.3333333333333333
2021-05-28,420.04,0.4666666666666666,0.4666666666666666,0,1,0.0,0.0,0.0,0.3333333333333333
2021-06-01,419.67,0.4666666666666666,0.4666666666666666,0,1,0.0,0.0,0.0,0.3333333333333333
2021-06-02,420.33,0.4666666666666666,0.4666666666666666,0,1,0.0,0.0,0.0,0.3333333333333333
2021-06-03,418.77,0.4666666666666666,0.4666666666666666,0,1,0.0,0.0,0.0,0.3333333333333333
2021-06-04,422.6,0.4666666666666666,0.4666666666666666,0,1,0.0,0.0,0.0,0.3333333333333333
2021-06-07,422.19,0.4666666666666666,0.4666666666666666,0,1,0.0,0.0,0.0,0.3333333333333333
2021-06-08,422.28,0.4666666666666666,0.4666666666666666,0,1,0.0,0.0,0.0,0.3333333333333333
2021-06-09,421.65,0.4666666666666666,0.4666666666666666,0,1,0.0,0.0,0.0,0.3333333333333333
2021-06-10,423.61,0.4666666666666666,0.4666666666666666,0,1,0.0,0.0,0.0,0.3333333333333333
2021-06-11,424.31,0.4666666666666666,0.4666666666666666,0,1,0.0,0.0,0.0,0.3333333333333333
2021-06-14,425.26,0.4666666666666666,0.4666666666666666,0,1,0.0,0.0,0.0,0.3333333333333333
2021-06-15,424.48,0.4666666666666666,0.4666666666666666,0,1,0.0,0.0,0.0,0.3333333333333333
2021-06-16,422.11,0.4666666666666666,0.4666666666666666,0,1,0.0,0.0,0.0,0.3333333333333333
2021-06-17,421.97,0.4666666666666666,0.4666666666666666,0,1,0.0,0.0,0.0,0.3333333333333333
2021-06-18,414.92,0.4666666666666666,0.4666666666666666,0,1,0.0,0.0,0.0,0.3333333333333333
2021-06-21,420.86,0.4666666666666666,0.4666666666666666,0,1,0.0,0.0,0.0,0.3333333333333333
2021-06-22,423.11,0.4666666666666666,0.4666666666666666,0,1,0.0,0.0,0.0,0.3333333333333333
2021-06-23,422.6,0.4666666666666666,0.4666666666666666,0,1,0.0,0.0,0.0,0.3333333333333333
2021-06-24,425.1,0.4666666666666666,0.4666666666666666,0,1,0.0,0.0,0.0,0.3333333333333333
2021-06-25,426.61,0.4666666666666666,0.4666666666666666,0,1,0.0,0.0,0.0,0.3333333333333333
2021-06-28,427.47,0.4666666666666666,0.4666666666666666,0,1,0.0,0.0,0.0,0.3333333333333333
2021-06-29,427.7,0.4666666666666666,0.4666666666666666,0,1,0.0,0.0,0.0,0.3333333333333333
2021-06-30,428.06,0.4666666666666666,0.4666666666666666,0,1,0.0,0.0,0.0,0.3333333333333333
2021-07-01,430.43,0.4666666666666666,0.4666666666666666,0,1,0.0,0.0,0.0,0.3333333333333333
2021-07-02,433.72,0.4666666666666666,0.4666666666666666,0,1,0.0,0.0,0.0,0.3333333333333333
2021-07-06,432.93,0.4666666666666666,0.4666666666666666,0,1,0.0,0.0,0.0,0.3333333333333333
2021-07-07,434.46,0.4666666666666666,0.4666666666666666,0,1,0.0,0.0,0.0,0.3333333333333333
2021-07-08,430.92,0.4666666666666666,0.4666666666666666,0,1,0.0,0.0,0.0,0.3333333333333333
2021-07-09,435.52,0.4666666666666666,0.4666666666666666,0,1,0.0,0.0,0.0,0.3333333333333333
2021-07-12,437.08,0.4666666666666666,0.4666666666666666,0,1,0.0,0.0,0.0,0.3333333333333333
2021-07-13,435.59,0.4666666666666666,0.4666666666666666,0,1,0.0,0.0,0.0,0.3333333333333333
2021-07-14,436.24,0.4666666666666666,0.4666666666666666,0,1,0.0,0.0,0.0,0.3333333333333333
2021-07-15,434.75,0.4666666666666666,0.4666666666666666,0,1,0.0,0.0,0.0,0.3333333333333333
2021-07-16,431.34,0.4666666666666666,0.4666666666666666,0,1,0.0,0.0,0.0,0.3333333333333333
2021-07-19,424.97,0.4666666666666666,0.4666666666666666,0,1,0.0,0.0,0.0,0.3333333333333333
2021-07-20,431.06,0.4666666666666666,0.4666666666666666,0,1,0.0,0.0,0.0,0.3333333333333333
2021-07-21,434.55,0.4666666666666666,0.4666666666666666,0,1,0.0,0.0,0.0,0.3333333333333333
2021-07-22,435.46,0.4666666666666666,0.4666666666666666,0,1,0.0,0.0,0.0,0.3333333333333333
2021-07-23,439.94,0.4666666666666666,0.4666666666666666,0,1,0.0,0.0,0.0,0.3333333333333333
2021-07-26,441.02,0.4666666666666666,0.4666666666666666,0,1,0.0,0.0,0.0,0.3333333333333333
2021-07-27,439.01,0.4666666666666666,0.4666666666666666,0,1,0.0,0.0,0.0,0.3333333333333333
2021-07-28,438.83,0.4666666666666666,0.4666666666666666,0,1,0.0,0.0,0.0,0.3333333333333333
2021-07-29,440.65,0.4666666666666666,0.4666666666666666,0,1,0.0,0.0,0.0,0.3333333333333333
2021-07-30,438.51,0.4666666666666666,0.4666666666666666,0,1,0.0,0.0,0.0,0.3333333333333333
2021-08-02,437.59,0.4666666666666666,0.4666666666666666,0,1,0.0,0.0,0.0,0.3333333333333333
2021-08-03,441.15,0.4666666666666666,0.4666666666666666,0,1,0.0,0.0,0.0,0.3333333333333333
2021-08-04,438.98,0.4666666666666666,0.4666666666666666,0,1,0.0,0.0,0.0,0.3333333333333333
2021-08-05,441.76,0.4666666666666666,0.4666666666666666,0,1,0.0,0.0,0.0,0.3333333333333333
2021-08-06,442.49,0.4666666666666666,0.4666666666666666,0,1,0.0,0.0,0.0,0.3333333333333333
2021-08-09,442.13,0.4666666666666666,0.4666666666666666,0,1,0.0,0.0,0.0,0.3333333333333333
2021-08-10,442.68,0.4666666666666666,0.4666666666666666,0,1,0.0,0.0,0.0,0.3333333333333333
2021-08-11,443.78,0.4666666666666666,0.4666666666666666,0,1,0.0,0.0,0.0,0.3333333333333333
2021-08-12,445.11,0.4666666666666666,0.4666666666666666,0,1,0.0,0.0,0.0,0.3333333333333333
2021-08-13,445.92,0.4666666666666666,0.4666666666666666,0,1,0.0,0.0,0.0,0.3333333333333333
2021-08-16,446.97,0.4666666666666666,0.4666666666666666,0,1,0.0,0.0,0.0,0.3333333333333333
2021-08-17,444.04,0.4666666666666666,0.4666666666666666,0,1,0.0,0.0,0.0,0.3333333333333333
2021-08-18,439.18,0.4666666666666666,0.4666666666666666,0,1,0.0,0.0,0.0,0.3333333333333333
2021-08-19,439.86,0.4666666666666666,0.4666666666666666,0,1,0.0,0.0,0.0,0.3333333333333333
2021-08-20,443.36,0.4666666666666666,0.4666666666666666,0,1,0.0,0.0,0.0,0.3333333333333333
2021-08-23,447.26,0.4666666666666666,0.4666666666666666,0,1,0.0,0.0,0.0,0.3333333333333333
2021-08-24,447.97,0.4666666666666666,0.4666666666666666,0,1,0.0,0.0,0.0,0.3333333333333333
2021-08-25,448.91,0.4666666666666666,0.4666666666666666,0,1,0.0,0.0,0.0,0.3333333333333333
2021-08-26,446.26,0.4666666666666666,0.4666666666666666,0,1,0.0,0.0,0.0,0.3333333333333333
2021-08-27,450.25,0.4666666666666666,0.4666666666666666,0,1,0.0,0.0,0.0,0.3333333333333333
2021-08-30,452.23,0.4666666666666666,0.4666666666666666,0,1,0.0,0.0,0.0,0.3333333333333333
2021-08-31,451.56,0.4666666666666666,0.4666666666666666,0,1,0.0,0.0,0.0,0.3333333333333333
2021-09-01,451.8,0.4666666666666666,0.4666666666666666,0,1,0.0,0.0,0.0,0.3333333333333333
2021-09-02,453.19,0.4666666666666666,0.4666666666666666,0,1,0.0,0.0,0.0,0.3333333333333333
2021-09-03,453.08,0.4666666666666666,0.4666666666666666,0,1,0.0,0.0,0.0,0.3333333333333333
2021-09-07,451.46,0.4666666666666666,0.4666666666666666,0,1,0.0,0.0,0.0,0.3333333333333333
2021-09-08,450.91,0.4666666666666666,0.4666666666666666,0,1,0.0,0.0,0.0,0.3333333333333333
2021-09-09,448.98,0.4666666666666666,0.4666666666666666,0,1,0.0,0.0,0.0,0.3333333333333333
2021-09-10,445.44,0.4666666666666666,0.4666666666666666,0,1,0.0,0.0,0.0,0.3333333333333333
2021-09-13,446.58,0.4666666666666666,0.4666666666666666,0,1,0.0,0.0,0.0,0.3333333333333333
2021-09-14,444.17,0.4666666666666666,0.4666666666666666,0,1,0.0,0.0,0.0,0.3333333333333333
2021-09-15,447.88,0.4666666666666666,0.4666666666666666,0,1,0.0,0.0,0.0,0.3333333333333333
2021-09-16,447.17,0.4666666666666666,0.4666666666666666,0,1,0.0,0.0,0.0,0.3333333333333333
2021-09-17,441.4,0.4666666666666666,0.4666666666666666,0,1,0.0,0.0,0.0,0.3333333333333333
2021-09-20,434.04,0.4666666666666666,0.4666666666666666,0,1,0.0,0.0,0.0,0.3333333333333333
2021-09-21,433.63,0.4666666666666666,0.4666666666666666,0,1,0.0,0.0,0.0,0.3333333333333333
2021-09-22,437.86,0.4666666666666666,0.4666666666666666,0,1,0.0,0.0,0.0,0.3333333333333333
2021-09-23,443.18,0.4666666666666666,0.4666666666666666,0,1,0.0,0.0,0.0,0.3333333333333333
2021-09-24,443.91,0.4666666666666666,0.4666666666666666,0,1,0.0,0.0,0.0,0.3333333333333333
2021-09-27,442.64,0.4666666666666666,0.4666666666666666,0,1,0.0,0.0,0.0,0.3333333333333333
2021-09-28,433.72,0.4666666666666666,0.4666666666666666,0,1,0.0,0.0,0.0,0.3333333333333333
2021-09-29,434.45,0.4666666666666666,0.4666666666666666,0,1,0.0,0.0,0.0,0.3333333333333333
2021-09-30,429.14,0.4666666666666666,0.4666666666666666,0,1,0.0,0.0,0.0,0.3333333333333333
2021-10-01,434.24,0.4666666666666666,0.4666666666666666,0,1,0.0,0.0,0.0,0.3333333333333333
2021-10-04,428.64,0.4666666666666666,0.4666666666666666,0,1,0.0,0.0,0.0,0.3333333333333333
2021-10-05,433.1,0.4666666666666666,0.4666666666666666,0,1,0.0,0.0,0.0,0.3333333333333333
2021-10-06,434.9,0.4666666666666666,0.4666666666666666,0,1,0.0,0.0,0.0,0.3333333333333333
2021-10-07,438.66,0.4666666666666666,0.4666666666666666,0,1,0.0,0.0,0.0,0.3333333333333333
2021-10-08,437.86,0.4666666666666666,0.4666666666666666,0,1,0.0,0.0,0.0,0.3333333333333333
2021-10-11,434.69,0.4666666666666666,0.4666666666666666,0,1,0.0,0.0,0.0,0.3333333333333333
2021-10-12,433.62,0.4666666666666666,0.4666666666666666,0,1,0.0,0.0,0.0,0.3333333333333333
2021-10-13,435.18,0.4666666666666666,0.4666666666666666,0,1,0.0,0.0,0.0,0.3333333333333333
2021-10-14,442.5,0.4666666666666666,0.4666666666666666,0,1,0.0,0.0,0.0,0.3333333333333333
2021-10-15,445.87,0.4666666666666666,0.4666666666666666,0,1,0.0,0.0,0.0,0.3333333333333333
2021-10-18,447.19,0.4666666666666666,0.4666666666666666,0,1,0.0,0.0,0.0,0.3333333333333333
2021-10-19,450.64,0.4666666666666666,0.4666666666666666,0,1,0.0,0.0,0.0,0.3333333333333333
2021-10-20,452.41,0.4666666666666666,0.4666666666666666,0,1,0.0,0.0,0.0,0.3333333333333333
2021-10-21,453.59,0.4666666666666666,0.4666666666666666,0,1,0.0,0.0,0.0,0.3333333333333333
2021-10-22,453.12,0.4666666666666666,0.4666666666666666,0,1,0.0,0.0,0.0,0.3333333333333333
2021-10-25,455.55,0.4666666666666666,0.4666666666666666,0,1,0.0,0.0,0.0,0.3333333333333333
2021-10-26,455.96,0.4666666666666666,0.4666666666666666,0,1,0.0,0.0,0.0,0.3333333333333333
2021-10-27,453.94,0.4666666666666666,0.4666666666666666,0,1,0.0,0.0,0.0,0.3333333333333333
2021-10-28,458.32,0.4666666666666666,0.4666666666666666,0,1,0.0,0.0,0.0,0.3333333333333333
2021-10-29,459.25,0.4666666666666666,0.4666666666666666,0,1,0.0,0.0,0.0,0.3333333333333333
2021-11-01,460.04,0.4666666666666666,0.4666666666666666,0,1,0.0,0.0,0.0,0.3333333333333333
2021-11-02,461.9,0.4666666666666666,0.4666666666666666,0,1,0.0,0.0,0.0,0.3333333333333333
2021-11-03,464.72,0.4666666666666666,0.4666666666666666,0,1,0.0,0.0,0.0,0.3333333333333333
2021-11-04,466.91,0.4666666666666666,0.4666666666666666,0,1,0.0,0.0,0.0,0.3333333333333333
2021-11-05,468.53,0.4666666666666666,0.4666666666666666,0,1,0.0,0.0,0.0,0.3333333333333333
2021-11-08,468.93,0.4666666666666666,0.4666666666666666,0,1,0.0,0.0,0.0,0.3333333333333333
2021-11-09,467.38,0.4666666666666666,0.4666666666666666,0,1,0.0,0.0,0.0,0.3333333333333333
2021-11-10,463.62,0.4666666666666666,0.4666666666666666,0,1,0.0,0.0,0.0,0.3333333333333333
2021-11-11,463.77,0.4666666666666666,0.4666666666666666,0,1,0.0,0.0,0.0,0.3333333333333333
2021-11-12,467.27,0.4666666666666666,0.4666666666666666,0,1,0.0,0.0,0.0,0.3333333333333333
2021-11-15,467.43,0.4666666666666666,0.4666666666666666,0,1,0.0,0.0,0.0,0.3333333333333333
2021-11-16,469.28,0.4666666666666666,0.4666666666666666,0,1,0.0,0.0,0.0,0.3333333333333333
2021-11-17,468.14,0.4666666666666666,0.4666666666666666,0,1,0.0,0.0,0.0,0.3333333333333333
2021-11-18,469.73,0.4666666666666666,0.4666666666666666,0,1,0.0,0.0,0.0,0.3333333333333333
2021-11-19,468.89,0.4666666666666666,0.4666666666666666,0,1,0.0,0.0,0.0,0.3333333333333333
2021-11-22,467.57,0.4666666666666666,0.4666666666666666,0,1,0.0,0.0,0.0,0.3333333333333333
2021-11-23,468.19,0.4666666666666666,0.4666666666666666,0,1,0.0,0.0,0.0,0.3333333333333333
2021-11-24,469.44,0.4666666666666666,0.4666666666666666,0,1,0.0,0.0,0.0,0.3333333333333333
2021-11-26,458.97,0.4666666666666666,0.4666666666666666,0,1,0.0,0.0,0.0,0.3333333333333333
2021-11-29,464.6,0.4666666666666666,0.4666666666666666,0,1,0.0,0.0,0.0,0.3333333333333333
2021-11-30,455.56,0.4666666666666666,0.4666666666666666,0,1,0.0,0.0,0.0,0.3333333333333333
2021-12-01,450.5,0.4666666666666666,0.4666666666666666,0,1,0.0,0.0,0.0,0.3333333333333333
2021-12-02,457.4,0.4666666666666666,0.4666666666666666,0,1,0.0,0.0,0.0,0.3333333333333333
2021-12-03,453.42,0.4666666666666666,0.4666666666666666,0,1,0.0,0.0,0.0,0.3333333333333333
2021-12-06,458.79,0.4666666666666666,0.4666666666666666,0,1,0.0,0.0,0.0,0.3333333333333333
2021-12-07,468.28,0.4666666666666666,0.4666666666666666,0,1,0.0,0.0,0.0,0.3333333333333333
2021-12-08,469.52,0.4666666666666666,0.4666666666666666,0,1,0.0,0.0,0.0,0.3333333333333333
2021-12-09,466.35,0.4666666666666666,0.4666666666666666,0,1,0.0,0.0,0.0,0.3333333333333333
2021-12-10,470.74,0.4666666666666666,0.4666666666666666,0,1,0.0,0.0,0.0,0.3333333333333333
2021-12-13,466.57,0.4666666666666666,0.4666666666666666,0,1,0.0,0.0,0.0,0.3333333333333333
2021-12-14,463.36,0.4666666666666666,0.4666666666666666,0,1,0.0,0.0,0.0,0.3333333333333333
2021-12-15,470.6,0.4666666666666666,0.4666666666666666,0,1,0.0,0.0,0.0,0.3333333333333333
2021-12-16,466.45,0.4666666666666666,0.4666666666666666,0,1,0.0,0.0,0.0,0.3333333333333333
2021-12-17,459.87,0.4666666666666666,0.4666666666666666,0,1,0.0,0.0,0.0,0.3333333333333333
2021-12-20,454.98,0.4666666666666666,0.4666666666666666,0,1,0.0,0.0,0.0,0.3333333333333333
2021-12-21,463.06,0.4666666666666666,0.4666666666666666,0,1,0.0,0.0,0.0,0.3333333333333333
2021-12-22,467.69,0.4666666666666666,0.4666666666666666,0,1,0.0,0.0,0.0,0.3333333333333333
2021-12-23,470.6,0.4666666666666666,0.4666666666666666,0,1,0.0,0.0,0.0,0.3333333333333333
2021-12-27,477.26,0.4666666666666666,0.4666666666666666,0,1,0.0,0.0,0.0,0.3333333333333333
2021-12-28,476.87,0.4666666666666666,0.4666666666666666,0,1,0.0,0.0,0.0,0.3333333333333333
2021-12-29,477.48,0.4666666666666666,0.4666666666666666,0,1,0.0,0.0,0.0,0.3333333333333333
2021-12-30,476.16,0.4666666666666666,0.4666666666666666,0,1,0.0,0.0,0.0,0.3333333333333333
2021-12-31,474.96,0.4666666666666666,0.4666666666666666,0,1,0.0,0.0,0.0,0.3333333333333333
2022-01-03,477.71,0.4666666666666666,0.4666666666666666,0,1,0.0,0.0,0.0,0.3333333333333333
2022-01-04,477.55,0.4666666666666666,0.4666666666666666,0,1,0.0,0.0,0.0,0.3333333333333333
2022-01-05,468.38,0.4666666666666666,0.4666666666666666,0,1,0.0,0.0,0.0,0.3333333333333333
2022-01-06,467.94,0.4666666666666666,0.4666666666666666,0,1,0.0,0.0,0.0,0.3333333333333333
2022-01-07,466.09,0.4666666666666666,0.4666666666666666,0,1,0.0,0.0,0.0,0.3333333333333333
2022-01-10,465.51,0.4666666666666666,0.4666666666666666,0,1,0.0,0.0,0.0,0.3333333333333333
2022-01-11,469.75,0.4666666666666666,0.4666666666666666,0,1,0.0,0.0,0.0,0.3333333333333333
2022-01-12,471.02,0.4666666666666666,0.4666666666666666,0,1,0.0,0.0,0.0,0.3333333333333333
2022-01-13,464.53,0.4666666666666666,0.4666666666666666,0,1,0.0,0.0,0.0,0.3333333333333333
2022-01-14,464.72,0.4666666666666666,0.4666666666666666,0,1,0.0,0.0,0.0,0.3333333333333333
2022-01-18,456.49,0.4666666666666666,0.4666666666666666,0,1,0.0,0.0,0.0,0.3333333333333333
2022-01-19,451.75,0.4666666666666666,0.4666666666666666,0,1,0.0,0.0,0.0,0.3333333333333333
2022-01-20,446.75,0.4666666666666666,0.4666666666666666,0,1,0.0,0.0,0.0,0.3333333333333333
2022-01-21,437.98,0.4666666666666666,0.4666666666666666,0,1,0.0,0.0,0.0,0.3333333333333333
2022-01-24,439.84,0.4666666666666666,0.4666666666666666,0,1,0.0,0.0,0.0,0.3333333333333333
2022-01-25,434.47,0.4666666666666666,0.4666666666666666,0,1,0.0,0.0,0.0,0.3333333333333333
2022-01-26,433.38,0.4666666666666666,0.4666666666666666,0,1,0.0,0.0,0.0,0.3333333333333333
2022-01-27,431.24,0.4666666666666666,0.4666666666666666,0,1,0.0,0.0,0.0,0.3333333333333333
2022-01-28,441.95,0.4666666666666666,0.4666666666666666,0,1,0.0,0.0,0.0,0.3333333333333333
2022-01-31,449.91,0.4666666666666666,0.4666666666666666,0,1,0.0,0.0,0.0,0.3333333333333333
2022-02-01,452.95,0.4666666666666666,0.4666666666666666,0,1,0.0,0.0,0.0,0.3333333333333333
2022-02-02,457.35,0.4666666666666666,0.4666666666666666,0,1,0.0,0.0,0.0,0.3333333333333333
2022-02-03,446.6,0.4666666666666666,0.4666666666666666,0,1,0.0,0.0,0.0,0.3333333333333333
2022-02-04,448.7,0.4666666666666666,0.4666666666666666,0,1,0.0,0.0,0.0,0.3333333333333333
2022-02-07,447.26,0.4666666666666666,0.4666666666666666,0,1,0.0,0.0,0.0,0.3333333333333333
2022-02-08,450.94,0.4666666666666666,0.4666666666666666,0,1,0.0,0.0,0.0,0.3333333333333333
2022-02-09,457.54,0.4666666666666666,0.4666666666666666,0,1,0.0,0.0,0.0,0.3333333333333333
2022-02-10,449.32,0.4666666666666666,0.4666666666666666,0,1,0.0,0.0,0.0,0.3333333333333333
2022-02-11,440.46,0.4666666666666666,0.4666666666666666,0,1,0.0,0.0,0.0,0.3333333333333333
2022-02-14,439.02,0.4666666666666666,0.4666666666666666,0,1,0.0,0.0,0.0,0.3333333333333333
2022-02-15,446.1,0.4666666666666666,0.4666666666666666,0,1,0.0,0.0,0.0,0.3333333333333333
2022-02-16,446.6,0.4666666666666666,0.4666666666666666,0,1,0.0,0.0,0.0,0.3333333333333333
2022-02-17,437.06,0.4666666666666666,0.4666666666666666,0,1,0.0,0.0,0.0,0.3333333333333333
2022-02-18,434.23,0.4666666666666666,0.4666666666666666,0,1,0.0,0.0,0.0,0.3333333333333333
2022-02-22,429.57,0.4666666666666666,0.4666666666666666,0,1,0.0,0.0,0.0,0.3333333333333333
2022-02-23,421.95,0.4666666666666666,0.4666666666666666,0,1,0.0,0.0,0.0,0.3333333333333333
2022-02-24,428.3,0.4666666666666666,0.4666666666666666,0,1,0.0,0.0,0.0,0.3333333333333333
2022-02-25,437.75,0.4666666666666666,0.4666666666666666,0,1,0.0,0.0,0.0,0.3333333333333333
2022-02-28,436.63,0.4666666666666666,0.4666666666666666,0,1,0.0,0.0,0.0,0.3333333333333333
2022-03-01,429.98,0.4666666666666666,0.4666666666666666,0,1,0.0,0.0,0.0,0.3333333333333333
2022-03-02,437.89,0.4666666666666666,0.4666666666666666,0,1,0.0,0.0,0.0,0.3333333333333333
2022-03-03,435.71,0.4666666666666666,0.4666666666666666,0,1,0.0,0.0,0.0,0.3333333333333333
2022-03-04,432.17,0.4666666666666666,0.4666666666666666,0,1,0.0,0.0,0.0,0.3333333333333333
2022-03-07,419.43,0.4666666666666666,0.4666666666666666,0,1,0.0,0.0,0.0,0.3333333333333333
2022-03-08,416.25,0.4666666666666666,0.4666666666666666,0,1,0.0,0.0,0.0,0.3333333333333333
2022-03-09,427.41,0.4666666666666666,0.4666666666666666,0,1,0.0,0.0,0.0,0.3333333333333333
2022-03-10,425.48,0.4666666666666666,0.4666666666666666,0,1,0.0,0.0,0.0,0.3333333333333333
2022-03-11,420.07,0.4666666666666666,0.4666666666666666,0,1,0.0,0.0,0.0,0.3333333333333333
2022-03-14,417.0,0.4666666666666666,0.4666666666666666,0,1,0.0,0.0,0.0,0.3333333333333333
2022-03-15,426.17,0.4666666666666666,0.4666666666666666,0,1,0.0,0.0,0.0,0.3333333333333333
2022-03-16,435.62,0.4666666666666666,0.4666666666666666,0,1,0.0,0.0,0.0,0.3333333333333333
2022-03-17,441.07,0.4666666666666666,0.4666666666666666,0,1,0.0,0.0,0.0,0.3333333333333333
2022-03-18,444.52,0.4666666666666666,0.4666666666666666,0,1,0.0,0.0,0.0,0.3333333333333333
2022-03-21,444.39,0.4666666666666666,0.4666666666666666,0,1,0.0,0.0,0.0,0.3333333333333333
2022-03-22,449.59,0.4666666666666666,0.4666666666666666,0,1,0.0,0.0,0.0,0.3333333333333333
2022-03-23,443.8,0.4666666666666666,0.4666666666666666,0,1,0.0,0.0,0.0,0.3333333333333333
2022-03-24,450.49,0.4666666666666666,0.4666666666666666,0,1,0.0,0.0,0.0,0.3333333333333333
2022-03-25,452.69,0.4666666666666666,0.4666666666666666,0,1,0.0,0.0,0.0,0.3333333333333333
2022-03-28,455.91,0.4666666666666666,0.4666666666666666,0,1,0.0,0.0,0.0,0.3333333333333333
2022-03-29,461.55,0.4666666666666666,0.4666666666666666,0,1,0.0,0.0,0.0,0.3333333333333333
2022-03-30,458.7,0.4666666666666666,0.4666666666666666,0,1,0.0,0.0,0.0,0.3333333333333333
2022-03-31,451.64,0.4666666666666666,0.4666666666666666,0,1,0.0,0.0,0.0,0.3333333333333333
2022-04-01,452.92,0.4666666666666666,0.4666666666666666,0,1,0.0,0.0,0.0,0.3333333333333333
2022-04-04,456.8,0.4666666666666666,0.4666666666666666,0,1,0.0,0.0,0.0,0.3333333333333333
2022-04-05,451.03,0.4666666666666666,0.4666666666666666,0,1,0.0,0.0,0.0,0.3333333333333333
2022-04-06,446.52,0.4666666666666666,0.4666666666666666,0,1,0.0,0.0,0.0,0.3333333333333333
2022-04-07,448.77,0.4666666666666666,0.4666666666666666,0,1,0.0,0.0,0.0,0.3333333333333333
2022-04-08,447.57,0.4666666666666666,0.4666666666666666,0,1,0.0,0.0,0.0,0.3333333333333333
2022-04-11,439.92,0.4666666666666666,0.4666666666666666,0,1,0.0,0.0,0.0,0.3333333333333333
2022-04-12,438.29,0.4666666666666666,0.4666666666666666,0,1,0.0,0.0,0.0,0.3333333333333333
2022-04-13,443.31,0.4666666666666666,0.4666666666666666,0,1,0.0,0.0,0.0,0.3333333333333333
2022-04-14,437.79,0.4666666666666666,0.4666666666666666,0,1,0.0,0.0,0.0,0.3333333333333333
2022-04-18,437.97,0.4666666666666666,0.4666666666666666,0,1,0.0,0.0,0.0,0.3333333333333333
2022-04-19,445.04,0.4666666666666666,0.4666666666666666,0,1,0.0,0.0,0.0,0.3333333333333333
2022-04-20,444.71,0.4666666666666666,0.4666666666666666,0,1,0.0,0.0,0.0,0.3333333333333333
2022-04-21,438.06,0.4666666666666666,0.4666666666666666,0,1,0.0,0.0,0.0,0.3333333333333333
2022-04-22,426.04,0.4666666666666666,0.4666666666666666,0,1,0.0,0.0,0.0,0.3333333333333333
2022-04-25,428.51,0.4666666666666666,0.4666666666666666,0,1,0.0,0.0,0.0,0.3333333333333333
2022-04-26,416.1,0.4666666666666666,0.4666666666666666,0,1,0.0,0.0,0.0,0.3333333333333333
2022-04-27,417.27,0.4666666666666666,0.4666666666666666,0,1,0.0,0.0,0.0,0.3333333333333333
2022-04-28,427.81,0.4666666666666666,0.4666666666666666,0,1,0.0,0.0,0.0,0.3333333333333333
2022-04-29,412.0,0.4666666666666666,0.4666666666666666,0,1,0.0,0.0,0.0,0.3333333333333333
2022-05-02,414.48,0.4666666666666666,0.4666666666666666,0,1,0.0,0.0,0.0,0.3333333333333333
2022-05-03,416.38,0.4666666666666666,0.4666666666666666,0,1,0.0,0.0,0.0,0.3333333333333333
2022-05-04,429.06,0.4666666666666666,0.4666666666666666,0,1,0.0,0.0,0.0,0.3333333333333333
2022-05-05,413.81,0.4666666666666666,0.4666666666666666,0,1,0.0,0.0,0.0,0.3333333333333333
2022-05-06,411.34,0.4666666666666666,0.4666666666666666,0,1,0.0,0.0,0.0,0.3333333333333333
2022-05-09,398.17,0.4666666666666666,0.4666666666666666,0,1,0.0,0.0,0.0,0.3333333333333333
2022-05-10,399.09,0.4666666666666666,0.4666666666666666,0,1,0.0,0.0,0.0,0.3333333333333333
2022-05-11,392.75,0.4666666666666666,0.4666666666666666,0,1,0.0,0.0,0.0,0.3333333333333333
2022-05-12,392.34,0.4666666666666666,0.4666666666666666,0,1,0.0,0.0,0.0,0.3333333333333333
2022-05-13,401.72,0.4666666666666666,0.4666666666666666,0,1,0.0,0.0,0.0,0.3333333333333333
2022-05-16,400.09,0.4666666666666666,0.4666666666666666,0,1,0.0,0.0,0.0,0.3333333333333333
2022-05-17,408.32,0.4666666666666666,0.4666666666666666,0,1,0.0,0.0,0.0,0.3333333333333333
2022-05-18,391.86,0.4666666666666666,0.4666666666666666,0,1,0.0,0.0,0.0,0.3333333333333333
2022-05-19,389.46,0.4666666666666666,0.4666666666666666,0,1,0.0,0.0,0.0,0.3333333333333333
2022-05-20,389.63,0.4666666666666666,0.4666666666666666,0,1,0.0,0.0,0.0,0.3333333333333333
2022-05-23,396.92,0.4666666666666666,0.4666666666666666,0,1,0.0,0.0,0.0,0.3333333333333333
2022-05-24,393.89,0.4666666666666666,0.4666666666666666,0,1,0.0,0.0,0.0,0.3333333333333333
2022-05-25,397.37,0.4666666666666666,0.4666666666666666,0,1,0.0,0.0,0.0,0.3333333333333333
2022-05-26,405.31,0.4666666666666666,0.4666666666666666,0,1,0.0,0.0,0.0,0.3333333333333333
2022-05-27,415.26,0.4666666666666666,0.4666666666666666,0,1,0.0,0.0,0.0,0.3333333333333333
2022-05-31,412.93,0.4666666666666666,0.4666666666666666,0,1,0.0,0.0,0.0,0.3333333333333333
2022-06-01,409.59,0.4666666666666666,0.4666666666666666,0,1,0.0,0.0,0.0,0.3333333333333333
2022-06-02,417.39,0.4666666666666666,0.4666666666666666,0,1,0.0,0.0,0.0,0.3333333333333333
2022-06-03,410.54,0.4666666666666666,0.4666666666666666,0,1,0.0,0.0,0.0,0.3333333333333333
2022-06-06,411.79,0.4666666666666666,0.4666666666666666,0,1,0.0,0.0,0.0,0.3333333333333333
2022-06-07,415.74,0.4666666666666666,0.4666666666666666,0,1,0.0,0.0,0.0,0.3333333333333333
2022-06-08,411.22,0.4666666666666666,0.4666666666666666,0,1,0.0,0.0,0.0,0.3333333333333333
2022-06-09,401.44,0.4666666666666666,0.4666666666666666,0,1,0.0,0.0,0.0,0.3333333333333333
2022-06-10,389.8,0.4666666666666666,0.4666666666666666,0,1,0.0,0.0,0.0,0.3333333333333333
2022-06-13,375.0,0.4666666666666666,0.4666666666666666,0,1,0.0,0.0,0.0,0.3333333333333333
2022-06-14,373.87,0.4666666666666666,0.4666666666666666,0,1,0.0,0.0,0.0,0.3333333333333333
2022-06-15,379.2,0.4666666666666666,0.4666666666666666,0,1,0.0,0.0,0.0,0.3333333333333333
2022-06-16,366.65,0.4666666666666666,0.4666666666666666,0,1,0.0,0.0,0.0,0.3333333333333333
2022-06-17,365.86,0.4666666666666666,0.4666666666666666,0,1,0.0,0.0,0.0,0.3333333333333333
2022-06-21,375.07,0.4666666666666666,0.4666666666666666,0,1,0.0,0.0,0.0,0.3333333333333333
2022-06-22,374.39,0.4666666666666666,0.4666666666666666,0,1,0.0,0.0,0.0,0.3333333333333333
2022-06-23,378.06,0.4666666666666666,0.4666666666666666,0,1,0.0,0.0,0.0,0.3333333333333333
2022-06-24,390.08,0.4666666666666666,0.4666666666666666,0,1,0.0,0.0,0.0,0.3333333333333333
2022-06-27,388.59,0.4666666666666666,0.4666666666666666,0,1,0.0,0.0,0.0,0.3333333333333333
2022-06-28,380.65,0.4666666666666666,0.4666666666666666,0,1,0.0,0.0,0.0,0.3333333333333333
2022-06-29,380.34,0.4666666666666666,0.4666666666666666,0,1,0.0,0.0,0.0,0.3333333333333333
2022-06-30,377.25,0.4666666666666666,0.4666666666666666,0,1,0.0,0.0,0.0,0.3333333333333333
2022-07-01,381.24,0.4666666666666666,0.4666666666666666,0,1,0.0,0.0,0.0,0.3333333333333333
2022-07-05,381.96,0.4666666666666666,0.4666666666666666,0,1,0.0,0.0,0.0,0.3333333333333333
2022-07-06,383.25,0.4666666666666666,0.4666666666666666,0,1,0.0,0.0,0.0,0.3333333333333333
2022-07-07,388.99,0.4666666666666666,0.4666666666666666,0,1,0.0,0.0,0.0,0.3333333333333333
2022-07-08,388.67,0.4666666666666666,0.4666666666666666,0,1,0.0,0.0,0.0,0.3333333333333333
2022-07-11,384.23,0.4666666666666666,0.4666666666666666,0,1,0.0,0.0,0.0,0.3333333333333333
2022-07-12,380.83,0.4666666666666666,0.4666666666666666,0,1,0.0,0.0,0.0,0.3333333333333333
2022-07-13,378.83,0.4666666666666666,0.4666666666666666,0,1,0.0,0.0,0.0,0.3333333333333333
2022-07-14,377.91,0.4666666666666666,0.4666666666666666,0,1,0.0,0.0,0.0,0.3333333333333333
2022-07-15,385.13,0.4666666666666666,0.4666666666666666,0,1,0.0,0.0,0.0,0.3333333333333333
2022-07-18,381.95,0.4666666666666666,0.4666666666666666,0,1,0.0,0.0,0.0,0.3333333333333333
2022-07-19,392.27,0.4666666666666666,0.4666666666666666,0,1,0.0,0.0,0.0,0.3333333333333333
2022-07-20,394.77,0.4666666666666666,0.4666666666666666,0,1,0.0,0.0,0.0,0.3333333333333333
2022-07-21,398.79,0.4666666666666666,0.4666666666666666,0,1,0.0,0.0,0.0,0.3333333333333333
2022-07-22,395.09,0.4666666666666666,0.4666666666666666,0,1,0.0,0.0,0.0,0.3333333333333333
2022-07-25,395.57,0.4666666666666666,0.4666666666666666,0,1,0.0,0.0,0.0,0.3333333333333333
2022-07-26,390.89,0.4666666666666666,0.4666666666666666,0,1,0.0,0.0,0.0,0.3333333333333333
2022-07-27,401.04,0.4666666666666666,0.4666666666666666,0,1,0.0,0.0,0.0,0.3333333333333333
2022-07-28,406.07,0.4666666666666666,0.4666666666666666,0,1,0.0,0.0,0.0,0.3333333333333333
2022-07-29,411.99,0.4666666666666666,0.4666666666666666,0,1,0.0,0.0,0.0,0.3333333333333333
2022-08-01,410.77,0.4666666666666666,0.4666666666666666,0,1,0.0,0.0,0.0,0.3333333333333333
2022-08-02,408.06,0.4666666666666666,0.4666666666666666,0,1,0.0,0.0,0.0,0.3333333333333333
2022-08-03,414.45,0.4666666666666666,0.4666666666666666,0,1,0.0,0.0,0.0,0.3333333333333333
2022-08-04,414.17,0.4666666666666666,0.4666666666666666,0,1,0.0,0.0,0.0,0.3333333333333333
2022-08-05,413.47,0.4666666666666666,0.4666666666666666,0,1,0.0,0.0,0.0,0.3333333333333333
2022-08-08,412.99,0.4666666666666666,0.4666666666666666,0,1,0.0,0.0,0.0,0.3333333333333333
2022-08-09,411.35,0.4666666666666666,0.4666666666666666,0,1,0.0,0.0,0.0,0.3333333333333333
2022-08-10,419.99,0.4666666666666666,0.4666666666666666,0,1,0.0,0.0,0.0,0.3333333333333333
2022-08-11,419.99,0.4666666666666666,0.4666666666666666,0,1,0.0,0.0,0.0,0.3333333333333333
2022-08-12,427.1,0.4666666666666666,0.4666666666666666,0,1,0.0,0.0,0.0,0.3333333333333333
2022-08-15,428.86,0.4666666666666666,0.4666666666666666,0,1,0.0,0.0,0.0,0.3333333333333333
2022-08-16,429.7,0.4666666666666666,0.4666666666666666,0,1,0.0,0.0,0.0,0.3333333333333333
2022-08-17,426.65,0.4666666666666666,0.4666666666666666,0,1,0.0,0.0,0.0,0.3333333333333333
2022-08-18,427.89,0.4666666666666666,0.4666666666666666,0,1,0.0,0.0,0.0,0.3333333333333333
2022-08-19,422.14,0.4666666666666666,0.4666666666666666,0,1,0.0,0.0,0.0,0.3333333333333333
2022-08-22,413.35,0.4666666666666666,0.4666666666666666,0,1,0.0,0.0,0.0,0.3333333333333333
2022-08-23,412.35,0.4666666666666666,0.4666666666666666,0,1,0.0,0.0,0.0,0.3333333333333333
2022-08-24,413.67,0.4666666666666666,0.4666666666666666,0,1,0.0,0.0,0.0,0.3333333333333333
2022-08-25,419.51,0.4666666666666666,0.4666666666666666,0,1,0.0,0.0,0.0,0.3333333333333333
2022-08-26,405.31,0.4666666666666666,0.4666666666666666,0,1,0.0,0.0,0.0,0.3333333333333333
2022-08-29,402.63,0.4666666666666666,0.4666666666666666,0,1,0.0,0.0,0.0,0.3333333333333333
2022-08-30,398.21,0.4666666666666666,0.4666666666666666,0,1,0.0,0.0,0.0,0.3333333333333333
2022-08-31,395.18,0.4666666666666666,0.4666666666666666,0,1,0.0,0.0,0.0,0.3333333333333333
2022-09-01,396.42,0.4666666666666666,0.4666666666666666,0,1,0.0,0.0,0.0,0.3333333333333333
2022-09-02,392.24,0.4666666666666666,0.4666666666666666,0,1,0.0,0.0,0.0,0.3333333333333333
2022-09-06,390.76,0.4666666666666666,0.4666666666666666,0,1,0.0,0.0,0.0,0.3333333333333333
2022-09-07,397.78,0.4666666666666666,0.4666666666666666,0,1,0.0,0.0,0.0,0.3333333333333333
2022-09-08,400.38,0.4666666666666666,0.4666666666666666,0,1,0.0,0.0,0.0,0.3333333333333333
2022-09-09,406.6,0.4666666666666666,0.4666666666666666,0,1,0.0,0.0,0.0,0.3333333333333333
2022-09-12,410.97,0.4666666666666666,0.4666666666666666,0,1,0.0,0.0,0.0,0.3333333333333333
2022-09-13,393.1,0.4666666666666666,0.4666666666666666,0,1,0.0,0.0,0.0,0.3333333333333333
2022-09-14,394.6,0.4666666666666666,0.4666666666666666,0,1,0.0,0.0,0.0,0.3333333333333333
2022-09-15,390.12,0.4666666666666666,0.4666666666666666,0,1,0.0,0.0,0.0,0.3333333333333333
2022-09-16,385.56,0.4666666666666666,0.4666666666666666,0,1,0.0,0.0,0.0,0.3333333333333333
2022-09-19,388.55,0.4666666666666666,0.4666666666666666,0,1,0.0,0.0,0.0,0.3333333333333333
2022-09-20,384.09,0.4666666666666666,0.4666666666666666,0,1,0.0,0.0,0.0,0.3333333333333333
2022-09-21,377.39,0.4666666666666666,0.4666666666666666,0,1,0.0,0.0,0.0,0.3333333333333333
2022-09-22,374.22,0.4666666666666666,0.4666666666666666,0,1,0.0,0.0,0.0,0.3333333333333333
2022-09-23,367.95,0.4666666666666666,0.4666666666666666,0,1,0.0,0.0,0.0,0.3333333333333333
2022-09-26,364.31,0.4666666666666666,0.4666666666666666,0,1,0.0,0.0,0.0,0.3333333333333333
2022-09-27,363.38,0.4666666666666666,0.4666666666666666,0,1,0.0,0.0,0.0,0.3333333333333333
2022-09-28,370.53,0.4666666666666666,0.4666666666666666,0,1,0.0,0.0,0.0,0.3333333333333333
2022-09-29,362.79,0.4666666666666666,0.4666666666666666,0,1,0.0,0.0,0.0,0.3333333333333333
2022-09-30,357.18,0.4666666666666666,0.4666666666666666,0,1,0.0,0.0,0.0,0.3333333333333333
2022-10-03,366.61,0.4666666666666666,0.4666666666666666,0,1,0.0,0.0,0.0,0.3333333333333333
2022-10-04,377.97,0.4666666666666666,0.4666666666666666,0,1,0.0,0.0,0.0,0.3333333333333333
2022-10-05,377.09,0.4666666666666666,0.4666666666666666,0,1,0.0,0.0,0.0,0.3333333333333333
2022-10-06,373.2,0.4666666666666666,0.4666666666666666,0,1,0.0,0.0,0.0,0.3333333333333333
2022-10-07,362.79,0.4666666666666666,0.4666666666666666,0,1,0.0,0.0,0.0,0.3333333333333333
2022-10-10,360.02,0.4666666666666666,0.4666666666666666,0,1,0.0,0.0,0.0,0.3333333333333333
2022-10-11,357.74,0.4666666666666666,0.4666666666666666,0,1,0.0,0.0,0.0,0.3333333333333333
2022-10-12,356.56,0.4666666666666666,0.4666666666666666,0,1,0.0,0.0,0.0,0.3333333333333333
2022-10-13,365.97,0.4666666666666666,0.4666666666666666,0,1,0.0,0.0,0.0,0.3333333333333333
2022-10-14,357.63,0.4666666666666666,0.4666666666666666,0,1,0.0,0.0,0.0,0.3333333333333333
2022-10-17,366.82,0.4666666666666666,0.4666666666666666,0,1,0.0,0.0,0.0,0.3333333333333333
2022-10-18,371.13,0.4666666666666666,0.4666666666666666,0,1,0.0,0.0,0.0,0.3333333333333333
2022-10-19,368.5,0.4666666666666666,0.4666666666666666,0,1,0.0,0.0,0.0,0.3333333333333333
2022-10-20,365.41,0.4666666666666666,0.4666666666666666,0,1,0.0,0.0,0.0,0.3333333333333333
2022-10-21,374.29,0.4666666666666666,0.4666666666666666,0,1,0.0,0.0,0.0,0.3333333333333333
2022-10-24,378.87,0.4666666666666666,0.4666666666666666,0,1,0.0,0.0,0.0,0.3333333333333333
2022-10-25,384.92,0.4666666666666666,0.4666666666666666,0,1,0.0,0.0,0.0,0.3333333333333333
2022-10-26,382.02,0.4666666666666666,0.4666666666666666,0,1,0.0,0.0,0.0,0.3333333333333333
2022-10-27,379.98,0.4666666666666666,0.4666666666666666,0,1,0.0,0.0,0.0,0.3333333333333333
2022-10-28,389.02,0.4666666666666666,0.4666666666666666,0,1,0.0,0.0,0.0,0.3333333333333333
2022-10-31,386.21,0.4666666666666666,0.4666666666666666,0,1,0.0,0.0,0.0,0.3333333333333333
2022-11-01,384.52,0.4666666666666666,0.4666666666666666,0,1,0.0,0.0,0.0,0.3333333333333333
2022-11-02,374.87,0.4666666666666666,0.4666666666666666,0,1,0.0,0.0,0.0,0.3333333333333333
2022-11-03,371.01,0.4666666666666666,0.4666666666666666,0,1,0.0,0.0,0.0,0.3333333333333333
2022-11-04,376.35,0.4666666666666666,0.4666666666666666,0,1,0.0,0.0,0.0,0.3333333333333333
2022-11-07,379.95,0.4666666666666666,0.4666666666666666,0,1,0.0,0.0,0.0,0.3333333333333333
2022-11-08,382.0,0.4666666666666666,0.4666666666666666,0,1,0.0,0.0,0.0,0.3333333333333333
2022-11-09,374.13,0.4666666666666666,0.4666666666666666,0,1,0.0,0.0,0.0,0.3333333333333333
2022-11-10,394.69,0.4666666666666666,0.4666666666666666,0,1,0.0,0.0,0.0,0.3333333333333333
2022-11-11,398.51,0.4666666666666666,0.4666666666666666,0,1,0.0,0.0,0.0,0.3333333333333333
2022-11-14,395.12,0.4666666666666666,0.4666666666666666,0,1,0.0,0.0,0.0,0.3333333333333333
2022-11-15,398.49,0.4666666666666666,0.4666666666666666,0,1,0.0,0.0,0.0,0.3333333333333333
2022-11-16,395.45,0.4666666666666666,0.4666666666666666,0,1,0.0,0.0,0.0,0.3333333333333333
2022-11-17,394.24,0.4666666666666666,0.4666666666666666,0,1,0.0,0.0,0.0,0.3333333333333333
2022-11-18,396.03,0.4666666666666666,0.4666666666666666,0,1,0.0,0.0,0.0,0.3333333333333333
2022-11-21,394.59,0.4666666666666666,0.4666666666666666,0,1,0.0,0.0,0.0,0.3333333333333333
2022-11-22,399.9,0.4666666666666666,0.4666666666666666,0,1,0.0,0.0,0.0,0.3333333333333333
2022-11-23,402.42,0.4666666666666666,0.4666666666666666,0,1,0.0,0.0,0.0,0.3333333333333333
2022-11-25,402.33,0.4666666666666666,0.4666666666666666,0,1,0.0,0.0,0.0,0.3333333333333333
2022-11-28,395.91,0.4666666666666666,0.4666666666666666,0,1,0.0,0.0,0.0,0.3333333333333333
2022-11-29,395.23,0.4666666666666666,0.4666666666666666,0,1,0.0,0.0,0.0,0.3333333333333333
2022-11-30,407.68,0.4666666666666666,0.4666666666666666,0,1,0.0,0.0,0.0,0.3333333333333333
2022-12-01,407.38,0.4666666666666666,0.4666666666666666,0,1,0.0,0.0,0.0,0.3333333333333333
2022-12-02,406.91,0.4666666666666666,0.4666666666666666,0,1,0.0,0.0,0.0,0.3333333333333333
2022-12-05,399.59,0.4666666666666666,0.4666666666666666,0,1,0.0,0.0,0.0,0.3333333333333333
2022-12-06,393.83,0.4666666666666666,0.4666666666666666,0,1,0.0,0.0,0.0,0.3333333333333333
2022-12-07,393.16,0.4666666666666666,0.4666666666666666,0,1,0.0,0.0,0.0,0.3333333333333333
2022-12-08,396.24,0.4666666666666666,0.4666666666666666,0,1,0.0,0.0,0.0,0.3333333333333333
2022-12-09,393.28,0.4666666666666666,0.4666666666666666,0,1,0.0,0.0,0.0,0.3333333333333333
2022-12-12,398.95,0.4666666666666666,0.4666666666666666,0,1,0.0,0.0,0.0,0.3333333333333333
2022-12-13,401.97,0.4666666666666666,0.4666666666666666,0,1,0.0,0.0,0.0,0.3333333333333333
2022-12-14,399.4,0.4666666666666666,0.4666666666666666,0,1,0.0,0.0,0.0,0.3333333333333333
2022-12-15,389.63,0.4666666666666666,0.4666666666666666,0,1,0.0,0.0,0.0,0.3333333333333333
2022-12-16,383.27,0.4666666666666666,0.4666666666666666,0,1,0.0,0.0,0.0,0.3333333333333333
2022-12-19,380.02,0.4666666666666666,0.4666666666666666,0,1,0.0,0.0,0.0,0.3333333333333333
2022-12-20,380.54,0.4666666666666666,0.4666666666666666,0,1,0.0,0.0,0.0,0.3333333333333333
2022-12-21,386.23,0.4666666666666666,0.4666666666666666,0,1,0.0,0.0,0.0,0.3333333333333333
2022-12-22,380.72,0.4666666666666666,0.4666666666666666,0,1,0.0,0.0,0.0,0.3333333333333333
2022-12-23,382.91,0.4666666666666666,0.4666666666666666,0,1,0.0,0.0,0.0,0.3333333333333333
2022-12-27,381.4,0.4666666666666666,0.4666666666666666,0,1,0.0,0.0,0.0,0.3333333333333333
2022-12-28,376.66,0.4666666666666666,0.4666666666666666,0,1,0.0,0.0,0.0,0.3333333333333333
2022-12-29,383.44,0.4666666666666666,0.4666666666666666,0,1,0.0,0.0,0.0,0.3333333333333333
2022-12-30,382.43,0.4666666666666666,0.4666666666666666,0,1,0.0,0.0,0.0,0.3333333333333333
2023-01-03,380.82,0.4666666666666666,0.4666666666666666,0,1,0.0,0.0,0.0,0.3333333333333333
2023-01-04,383.76,0.4666666666666666,0.4666666666666666,0,1,0.0,0.0,0.0,0.3333333333333333
2023-01-05,379.38,0.4666666666666666,0.4666666666666666,0,1,0.0,0.0,0.0,0.3333333333333333
2023-01-06,388.08,0.4666666666666666,0.4666666666666666,0,1,0.0,0.0,0.0,0.3333333333333333
2023-01-09,387.86,0.4666666666666666,0.4666666666666666,0,1,0.0,0.0,0.0,0.3333333333333333
2023-01-10,390.58,0.4666666666666666,0.4666666666666666,0,1,0.0,0.0,0.0,0.3333333333333333
2023-01-11,395.52,0.4666666666666666,0.4666666666666666,0,1,0.0,0.0,0.0,0.3333333333333333
2023-01-12,396.96,0.4666666666666666,0.4666666666666666,0,1,0.0,0.0,0.0,0.3333333333333333
2023-01-13,398.5,0.4666666666666666,0.4666666666666666,0,1,0.0,0.0,0.0,0.3333333333333333
2023-01-17,397.77,0.4666666666666666,0.4666666666666666,0,1,0.0,0.0,0.0,0.3333333333333333
2023-01-18,391.49,0.4666666666666666,0.4666666666666666,0,1,0.0,0.0,0.0,0.3333333333333333
2023-01-19,388.64,0.4666666666666666,0.4666666666666666,0,1,0.0,0.0,0.0,0.3333333333333333
2023-01-20,395.88,0.4666666666666666,0.4666666666666666,0,1,0.0,0.0,0.0,0.3333333333333333
2023-01-23,400.63,0.4666666666666666,0.4666666666666666,0,1,0.0,0.0,0.0,0.3333333333333333
2023-01-24,400.2,0.4666666666666666,0.4666666666666666,0,1,0.0,0.0,0.0,0.3333333333333333
2023-01-25,400.35,0.4666666666666666,0.4666666666666666,0,1,0.0,0.0,0.0,0.3333333333333333
2023-01-26,404.75,0.4666666666666666,0.4666666666666666,0,1,0.0,0.0,0.0,0.3333333333333333
2023-01-27,405.68,0.4666666666666666,0.4666666666666666,0,1,0.0,0.0,0.0,0.3333333333333333
2023-01-30,400.59,0.4666666666666666,0.4666666666666666,0,1,0.0,0.0,0.0,0.3333333333333333
2023-01-31,406.48,0.4666666666666666,0.4666666666666666,0,1,0.0,0.0,0.0,0.3333333333333333
2023-02-01,410.8,0.4666666666666666,0.4666666666666666,0,1,0.0,0.0,0.0,0.3333333333333333
2023-02-02,416.78,0.4666666666666666,0.4666666666666666,0,1,0.0,0.0,0.0,0.3333333333333333
2023-02-03,412.35,0.4666666666666666,0.4666666666666666,0,1,0.0,0.0,0.0,0.3333333333333333
2023-02-06,409.83,0.4666666666666666,0.4666666666666666,0,1,0.0,0.0,0.0,0.3333333333333333
2023-02-07,415.19,0.4666666666666666,0.4666666666666666,0,1,0.0,0.0,0.0,0.3333333333333333
2023-02-08,410.65,0.4666666666666666,0.4666666666666666,0,1,0.0,0.0,0.0,0.3333333333333333
2023-02-09,407.09,0.4666666666666666,0.4666666666666666,0,1,0.0,0.0,0.0,0.3333333333333333
2023-02-10,408.04,0.4666666666666666,0.4666666666666666,0,1,0.0,0.0,0.0,0.3333333333333333
2023-02-13,412.83,0.4666666666666666,0.4666666666666666,0,1,0.0,0.0,0.0,0.3333333333333333
2023-02-14,412.64,0.4666666666666666,0.4666666666666666,0,1,0.0,0.0,0.0,0.3333333333333333
2023-02-15,413.98,0.4666666666666666,0.4666666666666666,0,1,0.0,0.0,0.0,0.3333333333333333
2023-02-16,408.28,0.4666666666666666,0.4666666666666666,0,1,0.0,0.0,0.0,0.3333333333333333
2023-02-17,407.26,0.4666666666666666,0.4666666666666666,0,1,0.0,0.0,0.0,0.3333333333333333
2023-02-21,399.09,0.4666666666666666,0.4666666666666666,0,1,0.0,0.0,0.0,0.3333333333333333
2023-02-22,398.54,0.4666666666666666,0.4666666666666666,0,1,0.0,0.0,0.0,0.3333333333333333
2023-02-23,400.66,0.4666666666666666,0.4666666666666666,0,1,0.0,0.0,0.0,0.3333333333333333
2023-02-24,396.38,0.4666666666666666,0.4666666666666666,0,1,0.0,0.0,0.0,0.3333333333333333
2023-02-27,397.73,0.4666666666666666,0.4666666666666666,0,1,0.0,0.0,0.0,0.3333333333333333
2023-02-28,396.26,0.4666666666666666,0.4666666666666666,0,1,0.0,0.0,0.0,0.3333333333333333
2023-03-01,394.74,0.4666666666666666,0.4666666666666666,0,1,0.0,0.0,0.0,0.3333333333333333
2023-03-02,397.81,0.4666666666666666,0.4666666666666666,0,1,0.0,0.0,0.0,0.3333333333333333
2023-03-03,404.19,0.4666666666666666,0.4666666666666666,0,1,0.0,0.0,0.0,0.3333333333333333
2023-03-06,404.47,0.4666666666666666,0.4666666666666666,0,1,0.0,0.0,0.0,0.3333333333333333
2023-03-07,398.27,0.4666666666666666,0.4666666666666666,0,1,0.0,0.0,0.0,0.3333333333333333
2023-03-08,398.92,0.4666666666666666,0.4666666666666666,0,1,0.0,0.0,0.0,0.3333333333333333
2023-03-09,391.56,0.4666666666666666,0.4666666666666666,0,1,0.0,0.0,0.0,0.3333333333333333
2023-03-10,385.91,0.4666666666666666,0.4666666666666666,0,1,0.0,0.0,0.0,0.3333333333333333
2023-03-13,385.36,0.4666666666666666,0.4666666666666666,0,1,0.0,0.0,0.0,0.3333333333333333
2023-03-14,391.73,0.4666666666666666,0.4666666666666666,0,1,0.0,0.0,0.0,0.3333333333333333
2023-03-15,389.28,0.4666666666666666,0.4666666666666666,0,1,0.0,0.0,0.0,0.3333333333333333
2023-03-16,396.11,0.4666666666666666,0.4666666666666666,0,1,0.0,0.0,0.0,0.3333333333333333
2023-03-17,389.99,0.4666666666666666,0.4666666666666666,0,1,0.0,0.0,0.0,0.3333333333333333
2023-03-20,393.74,0.4666666666666666,0.4666666666666666,0,1,0.0,0.0,0.0,0.3333333333333333
2023-03-21,398.91,0.4666666666666666,0.4666666666666666,0,1,0.0,0.0,0.0,0.3333333333333333
2023-03-22,392.11,0.4666666666666666,0.4666666666666666,0,1,0.0,0.0,0.0,0.3333333333333333
2023-03-23,393.17,0.4666666666666666,0.4666666666666666,0,1,0.0,0.0,0.0,0.3333333333333333
2023-03-24,395.75,0.4666666666666666,0.4666666666666666,0,1,0.0,0.0,0.0,0.3333333333333333
2023-03-27,396.49,0.4666666666666666,0.4666666666666666,0,1,0.0,0.0,0.0,0.3333333333333333
2023-03-28,395.6,0.4666666666666666,0.4666666666666666,0,1,0.0,0.0,0.0,0.3333333333333333
2023-03-29,401.35,0.4666666666666666,0.4666666666666666,0,1,0.0,0.0,0.0,0.3333333333333333
2023-03-30,403.7,0.4666666666666666,0.4666666666666666,0,1,0.0,0.0,0.0,0.3333333333333333
2023-03-31,409.39,0.4666666666666666,0.4666666666666666,0,1,0.0,0.0,0.0,0.3333333333333333
2023-04-03,410.95,0.4666666666666666,0.4666666666666666,0,1,0.0,0.0,0.0,0.3333333333333333
2023-04-04,408.67,0.4666666666666666,0.4666666666666666,0,1,0.0,0.0,0.0,0.3333333333333333
2023-04-05,407.6,0.4666666666666666,0.4666666666666666,0,1,0.0,0.0,0.0,0.3333333333333333
2023-04-06,409.19,0.4666666666666666,0.4666666666666666,0,1,0.0,0.0,0.0,0.3333333333333333
2023-04-10,409.61,0.4666666666666666,0.4666666666666666,0,1,0.0,0.0,0.0,0.3333333333333333
2023-04-11,409.72,0.4666666666666666,0.4666666666666666,0,1,0.0,0.0,0.0,0.3333333333333333
2023-04-12,408.05,0.4666666666666666,0.4666666666666666,0,1,0.0,0.0,0.0,0.3333333333333333
2023-04-13,413.47,0.4666666666666666,0.4666666666666666,0,1,0.0,0.0,0.0,0.3333333333333333
2023-04-14,412.46,0.4666666666666666,0.4666666666666666,0,1,0.0,0.0,0.0,0.3333333333333333
2023-04-17,413.94,0.4666666666666666,0.4666666666666666,0,1,0.0,0.0,0.0,0.3333333333333333
2023-04-18,414.21,0.4666666666666666,0.4666666666666666,0,1,0.0,0.0,0.0,0.3333333333333333
2023-04-19,414.14,0.4666666666666666,0.4666666666666666,0,1,0.0,0.0,0.0,0.3333333333333333
2023-04-20,411.88,0.4666666666666666,0.4666666666666666,0,1,0.0,0.0,0.0,0.3333333333333333
2023-04-21,412.2,0.4666666666666666,0.4666666666666666,0,1,0.0,0.0,0.0,0.3333333333333333
2023-04-24,412.63,0.4666666666666666,0.4666666666666666,0,1,0.0,0.0,0.0,0.3333333333333333
2023-04-25,406.08,0.4666666666666666,0.4666666666666666,0,1,0.0,0.0,0.0,0.3333333333333333
2023-04-26,404.36,0.4666666666666666,0.4666666666666666,0,1,0.0,0.0,0.0,0.3333333333333333
2023-04-27,412.41,0.4666666666666666,0.4666666666666666,0,1,0.0,0.0,0.0,0.3333333333333333
2023-04-28,415.93,0.4666666666666666,0.4666666666666666,0,1,0.0,0.0,0.0,0.3333333333333333
2023-05-01,415.51,0.4666666666666666,0.4666666666666666,0,1,0.0,0.0,0.0,0.3333333333333333
2023-05-02,410.84,0.4666666666666666,0.4666666666666666,0,1,0.0,0.0,0.0,0.3333333333333333
2023-05-03,408.02,0.4666666666666666,0.4666666666666666,0,1,0.0,0.0,0.0,0.3333333333333333
2023-05-04,405.13,0.4666666666666666,0.4666666666666666,0,1,0.0,0.0,0.0,0.3333333333333333
2023-05-05,412.63,0.4666666666666666,0.4666666666666666,0,1,0.0,0.0,0.0,0.3333333333333333
2023-05-08,412.74,0.4666666666666666,0.4666666666666666,0,1,0.0,0.0,0.0,0.3333333333333333
2023-05-09,410.93,0.4666666666666666,0.4666666666666666,0,1,0.0,0.0,0.0,0.3333333333333333
2023-05-10,412.85,0.4666666666666666,0.4666666666666666,0,1,0.0,0.0,0.0,0.3333333333333333
2023-05-11,412.13,0.4666666666666666,0.4666666666666666,0,1,0.0,0.0,0.0,0.3333333333333333
2023-05-12,411.59,0.4666666666666666,0.4666666666666666,0,1,0.0,0.0,0.0,0.3333333333333333
2023-05-15,413.01,0.4666666666666666,0.4666666666666666,0,1,0.0,0.0,0.0,0.3333333333333333
2023-05-16,410.25,0.4666666666666666,0.4666666666666666,0,1,0.0,0.0,0.0,0.3333333333333333
2023-05-17,415.23,0.4666666666666666,0.4666666666666666,0,1,0.0,0.0,0.0,0.3333333333333333
2023-05-18,419.23,0.4666666666666666,0.4666666666666666,0,1,0.0,0.0,0.0,0.3333333333333333
2023-05-19,418.62,0.4666666666666666,0.4666666666666666,0,1,0.0,0.0,0.0,0.3333333333333333
2023-05-22,418.79,0.4666666666666666,0.4666666666666666,0,1,0.0,0.0,0.0,0.3333333333333333
2023-05-23,414.09,0.4666666666666666,0.4666666666666666,0,1,0.0,0.0,0.0,0.3333333333333333
2023-05-24,411.09,0.4666666666666666,0.4666666666666666,0,1,0.0,0.0,0.0,0.3333333333333333
2023-05-25,414.65,0.4666666666666666,0.4666666666666666,0,1,0.0,0.0,0.0,0.3333333333333333
2023-05-26,420.02,0.4666666666666666,0.4666666666666666,0,1,0.0,0.0,0.0,0.3333333333333333
2023-05-30,420.18,0.4666666666666666,0.4666666666666666,0,1,0.0,0.0,0.0,0.3333333333333333
2023-05-31,417.85,0.4666666666666666,0.4666666666666666,0,1,0.0,0.0,0.0,0.3333333333333333
2023-06-01,421.82,0.4666666666666666,0.4666666666666666,0,1,0.0,0.0,0.0,0.3333333333333333
2023-06-02,427.92,0.4666666666666666,0.4666666666666666,0,1,0.0,0.0,0.0,0.3333333333333333
2023-06-05,427.1,0.4666666666666666,0.4666666666666666,0,1,0.0,0.0,0.0,0.3333333333333333
2023-06-06,428.03,0.4666666666666666,0.4666666666666666,0,1,0.0,0.0,0.0,0.3333333333333333
2023-06-07,426.55,0.4666666666666666,0.4666666666666666,0,1,0.0,0.0,0.0,0.3333333333333333
2023-06-08,429.13,0.4666666666666666,0.4666666666666666,0,1,0.0,0.0,0.0,0.3333333333333333
2023-06-09,429.9,0.4666666666666666,0.4666666666666666,0,1,0.0,0.0,0.0,0.3333333333333333
2023-06-12,433.8,0.4666666666666666,0.4666666666666666,0,1,0.0,0.0,0.0,0.3333333333333333
2023-06-13,436.66,0.4666666666666666,0.4666666666666666,0,1,0.0,0.0,0.0,0.3333333333333333
2023-06-14,437.18,0.4666666666666666,0.4666666666666666,0,1,0.0,0.0,0.0,0.3333333333333333
2023-06-15,442.6,0.4666666666666666,0.4666666666666666,0,1,0.0,0.0,0.0,0.3333333333333333
2023-06-16,439.46,0.4666666666666666,0.4666666666666666,0,1,0.0,0.0,0.0,0.3333333333333333
2023-06-20,437.18,0.4666666666666666,0.4666666666666666,0,1,0.0,0.0,0.0,0.3333333333333333
2023-06-21,434.94,0.4666666666666666,0.4666666666666666,0,1,0.0,0.0,0.0,0.3333333333333333
2023-06-22,436.51,0.4666666666666666,0.4666666666666666,0,1,0.0,0.0,0.0,0.3333333333333333
2023-06-23,433.21,0.4666666666666666,0.4666666666666666,0,1,0.0,0.0,0.0,0.3333333333333333
2023-06-26,431.44,0.4666666666666666,0.4666666666666666,0,1,0.0,0.0,0.0,0.3333333333333333
2023-06-27,436.17,0.4666666666666666,0.4666666666666666,0,1,0.0,0.0,0.0,0.3333333333333333
2023-06-28,436.39,0.4666666666666666,0.4666666666666666,0,1,0.0,0.0,0.0,0.3333333333333333
2023-06-29,438.11,0.4666666666666666,0.4666666666666666,0,1,0.0,0.0,0.0,0.3333333333333333
2023-06-30,443.28,0.4666666666666666,0.4666666666666666,0,1,0.0,0.0,0.0,0.3333333333333333
2023-07-03,443.79,0.4666666666666666,0.4666666666666666,0,1,0.0,0.0,0.0,0.3333333333333333
2023-07-05,443.13,0.4666666666666666,0.4666666666666666,0,1,0.0,0.0,0.0,0.3333333333333333
2023-07-06,439.66,0.4666666666666666,0.4666666666666666,0,1,0.0,0.0,0.0,0.3333333333333333
2023-07-07,438.55,0.4666666666666666,0.4666666666666666,0,1,0.0,0.0,0.0,0.3333333333333333
2023-07-10,439.66,0.4666666666666666,0.4666666666666666,0,1,0.0,0.0,0.0,0.3333333333333333
2023-07-11,442.46,0.4666666666666666,0.4666666666666666,0,1,0.0,0.0,0.0,0.3333333333333333
2023-07-12,446.02,0.4666666666666666,0.4666666666666666,0,1,0.0,0.0,0.0,0.3333333333333333
2023-07-13,449.56,0.4666666666666666,0.4666666666666666,0,1,0.0,0.0,0.0,0.3333333333333333
2023-07-14,449.28,0.4666666666666666,0.4666666666666666,0,1,0.0,0.0,0.0,0.3333333333333333
2023-07-17,450.84,0.4666666666666666,0.4666666666666666,0,1,0.0,0.0,0.0,0.3333333333333333
2023-07-18,454.19,0.4666666666666666,0.4666666666666666,0,1,0.0,0.0,0.0,0.3333333333333333
2023-07-19,455.2,0.4666666666666666,0.4666666666666666,0,1,0.0,0.0,0.0,0.3333333333333333
2023-07-20,452.18,0.4666666666666666,0.4666666666666666,0,1,0.0,0.0,0.0,0.3333333333333333
2023-07-21,452.18,0.4666666666666666,0.4666666666666666,0,1,0.0,0.0,0.0,0.3333333333333333
2023-07-24,454.2,0.4666666666666666,0.4666666666666666,0,1,0.0,0.0,0.0,0.3333333333333333
2023-07-25,455.44,0.4666666666666666,0.4666666666666666,0,1,0.0,0.0,0.0,0.3333333333333333
2023-07-26,455.51,0.4666666666666666,0.4666666666666666,0,1,0.0,0.0,0.0,0.3333333333333333
2023-07-27,452.49,0.4666666666666666,0.4666666666666666,0,1,0.0,0.0,0.0,0.3333333333333333
2023-07-28,456.92,0.4666666666666666,0.4666666666666666,0,1,0.0,0.0,0.0,0.3333333333333333
2023-07-31,457.79,0.4666666666666666,0.4666666666666666,0,1,0.0,0.0,0.0,0.3333333333333333
2023-08-01,456.48,0.4666666666666666,0.4666666666666666,0,1,0.0,0.0,0.0,0.3333333333333333
2023-08-02,450.13,0.4666666666666666,0.4666666666666666,0,1,0.0,0.0,0.0,0.3333333333333333
2023-08-03,448.84,0.4666666666666666,0.4666666666666666,0,1,0.0,0.0,0.0,0.3333333333333333
2023-08-04,446.81,0.4666666666666666,0.4666666666666666,0,1,0.0,0.0,0.0,0.3333333333333333
2023-08-07,450.71,0.4666666666666666,0.4666666666666666,0,1,0.0,0.0,0.0,0.3333333333333333
2023-08-08,448.75,0.4666666666666666,0.4666666666666666,0,1,0.0,0.0,0.0,0.3333333333333333
2023-08-09,445.75,0.4666666666666666,0.4666666666666666,0,1,0.0,0.0,0.0,0.3333333333333333
2023-08-10,445.91,0.4666666666666666,0.4666666666666666,0,1,0.0,0.0,0.0,0.3333333333333333
2023-08-11,445.65,0.4666666666666666,0.4666666666666666,0,1,0.0,0.0,0.0,0.3333333333333333
2023-08-14,448.11,0.4666666666666666,0.4666666666666666,0,1,0.0,0.0,0.0,0.3333333333333333
2023-08-15,442.89,0.4666666666666666,0.4666666666666666,0,1,0.0,0.0,0.0,0.3333333333333333
2023-08-16,439.64,0.4666666666666666,0.4666666666666666,0,1,0.0,0.0,0.0,0.3333333333333333
2023-08-17,436.29,0.4666666666666666,0.4666666666666666,0,1,0.0,0.0,0.0,0.3333333333333333
2023-08-18,436.5,0.4666666666666666,0.4666666666666666,0,1,0.0,0.0,0.0,0.3333333333333333
2023-08-21,439.34,0.4666666666666666,0.4666666666666666,0,1,0.0,0.0,0.0,0.3333333333333333
2023-08-22,438.15,0.4666666666666666,0.4666666666666666,0,1,0.0,0.0,0.0,0.3333333333333333
2023-08-23,443.03,0.4666666666666666,0.4666666666666666,0,1,0.0,0.0,0.0,0.3333333333333333
2023-08-24,436.89,0.4666666666666666,0.4666666666666666,0,1,0.0,0.0,0.0,0.3333333333333333
2023-08-25,439.97,0.4666666666666666,0.4666666666666666,0,1,0.0,0.0,0.0,0.3333333333333333
2023-08-28,442.76,0.4666666666666666,0.4666666666666666,0,1,0.0,0.0,0.0,0.3333333333333333
2023-08-29,449.16,0.4666666666666666,0.4666666666666666,0,1,0.0,0.0,0.0,0.3333333333333333
2023-08-30,451.01,0.4666666666666666,0.4666666666666666,0,1,0.0,0.0,0.0,0.3333333333333333
2023-08-31,450.35,0.4666666666666666,0.4666666666666666,0,1,0.0,0.0,0.0,0.3333333333333333
2023-09-01,451.19,0.4666666666666666,0.4666666666666666,0,1,0.0,0.0,0.0,0.3333333333333333
2023-09-05,449.24,0.4666666666666666,0.4666666666666666,0,1,0.0,0.0,0.0,0.3333333333333333
2023-09-06,446.22,0.4666666666666666,0.4666666666666666,0,1,0.0,0.0,0.0,0.3333333333333333
2023-09-07,444.85,0.4666666666666666,0.4666666666666666,0,1,0.0,0.0,0.0,0.3333333333333333
2023-09-08,445.52,0.4666666666666666,0.4666666666666666,0,1,0.0,0.0,0.0,0.3333333333333333
2023-09-11,448.45,0.4666666666666666,0.4666666666666666,0,1,0.0,0.0,0.0,0.3333333333333333
2023-09-12,445.99,0.4666666666666666,0.4666666666666666,0,1,0.0,0.0,0.0,0.3333333333333333
2023-09-13,446.51,0.4666666666666666,0.4666666666666666,0,1,0.0,0.0,0.0,0.3333333333333333
2023-09-14,450.36,0.4666666666666666,0.4666666666666666,0,1,0.0,0.0,0.0,0.3333333333333333
2023-09-15,443.37,0.4666666666666666,0.4666666666666666,0,1,0.0,0.0,0.0,0.3333333333333333
2023-09-18,443.63,0.4666666666666666,0.4666666666666666,0,1,0.0,0.0,0.0,0.3333333333333333
2023-09-19,442.71,0.4666666666666666,0.4666666666666666,0,1,0.0,0.0,0.0,0.3333333333333333
2023-09-20,438.64,0.4666666666666666,0.4666666666666666,0,1,0.0,0.0,0.0,0.3333333333333333
2023-09-21,431.39,0.4666666666666666,0.4666666666666666,0,1,0.0,0.0,0.0,0.3333333333333333
2023-09-22,430.42,0.4666666666666666,0.4666666666666666,0,1,0.0,0.0,0.0,0.3333333333333333
2023-09-25,432.23,0.4666666666666666,0.4666666666666666,0,1,0.0,0.0,0.0,0.3333333333333333
2023-09-26,425.88,0.4666666666666666,0.4666666666666666,0,1,0.0,0.0,0.0,0.3333333333333333
2023-09-27,426.05,0.4666666666666666,0.4666666666666666,0,1,0.0,0.0,0.0,0.3333333333333333
2023-09-28,428.52,0.4666666666666666,0.4666666666666666,0,1,0.0,0.0,0.0,0.3333333333333333
2023-09-29,427.48,0.4666666666666666,0.4666666666666666,0,1,0.0,0.0,0.0,0.3333333333333333
2023-10-02,427.31,0.4666666666666666,0.4666666666666666,0,1,0.0,0.0,0.0,0.3333333333333333
2023-10-03,421.59,0.4666666666666666,0.4666666666666666,0,1,0.0,0.0,0.0,0.3333333333333333
2023-10-04,424.66,0.4666666666666666,0.4666666666666666,0,1,0.0,0.0,0.0,0.3333333333333333
2023-10-05,424.5,0.4666666666666666,0.4666666666666666,0,1,0.0,0.0,0.0,0.3333333333333333
2023-10-06,429.54,0.4666666666666666,0.4666666666666666,0,1,0.0,0.0,0.0,0.3333333333333333
2023-10-09,432.29,0.4666666666666666,0.4666666666666666,0,1,0.0,0.0,0.0,0.3333333333333333
2023-10-10,434.54,0.4666666666666666,0.4666666666666666,0,1,0.0,0.0,0.0,0.3333333333333333
2023-10-11,436.32,0.4666666666666666,0.4666666666666666,0,1,0.0,0.0,0.0,0.3333333333333333
2023-10-12,433.66,0.4666666666666666,0.4666666666666666,0,1,0.0,0.0,0.0,0.3333333333333333
2023-10-13,431.5,0.4666666666666666,0.4666666666666666,0,1,0.0,0.0,0.0,0.3333333333333333
2023-10-16,436.04,0.4666666666666666,0.4666666666666666,0,1,0.0,0.0,0.0,0.3333333333333333
2023-10-17,436.02,0.4666666666666666,0.4666666666666666,0,1,0.0,0.0,0.0,0.3333333333333333
2023-10-18,430.21,0.4666666666666666,0.4666666666666666,0,1,0.0,0.0,0.0,0.3333333333333333
2023-10-19,426.43,0.4666666666666666,0.4666666666666666,0,1,0.0,0.0,0.0,0.3333333333333333
2023-10-20,421.19,0.4666666666666666,0.4666666666666666,0,1,0.0,0.0,0.0,0.3333333333333333
2023-10-23,420.46,0.4666666666666666,0.4666666666666666,0,1,0.0,0.0,0.0,0.3333333333333333
2023-10-24,423.63,0.4666666666666666,0.4666666666666666,0,1,0.0,0.0,0.0,0.3333333333333333
2023-10-25,417.55,0.4666666666666666,0.4666666666666666,0,1,0.0,0.0,0.0,0.3333333333333333
2023-10-26,412.55,0.4666666666666666,0.4666666666666666,0,1,0.0,0.0,0.0,0.3333333333333333
2023-10-27,410.68,0.4666666666666666,0.4666666666666666,0,1,0.0,0.0,0.0,0.3333333333333333
2023-10-30,415.59,0.4666666666666666,0.4666666666666666,0,1,0.0,0.0,0.0,0.3333333333333333
2023-10-31,418.2,0.4666666666666666,0.4666666666666666,0,1,0.0,0.0,0.0,0.3333333333333333
2023-11-01,422.66,0.4666666666666666,0.4666666666666666,0,1,0.0,0.0,0.0,0.3333333333333333
2023-11-02,430.76,0.4666666666666666,0.4666666666666666,0,1,0.0,0.0,0.0,0.3333333333333333
2023-11-03,434.69,0.4666666666666666,0.4666666666666666,0,1,0.0,0.0,0.0,0.3333333333333333
2023-11-06,435.69,0.4666666666666666,0.4666666666666666,0,1,0.0,0.0,0.0,0.3333333333333333
2023-11-07,436.93,0.4666666666666666,0.4666666666666666,0,1,0.0,0.0,0.0,0.3333333333333333
2023-11-08,437.25,0.4666666666666666,0.4666666666666666,0,1,0.0,0.0,0.0,0.3333333333333333
2023-11-09,433.84,0.4666666666666666,0.4666666666666666,0,1,0.0,0.0,0.0,0.3333333333333333
2023-11-10,440.61,0.4666666666666666,0.4666666666666666,0,1,0.0,0.0,0.0,0.3333333333333333
2023-11-13,440.19,0.4666666666666666,0.4666666666666666,0,1,0.0,0.0,0.0,0.3333333333333333
2023-11-14,448.73,0.4666666666666666,0.4666666666666666,0,1,0.0,0.0,0.0,0.3333333333333333
2023-11-15,449.68,0.4666666666666666,0.4666666666666666,0,1,0.0,0.0,0.0,0.3333333333333333
2023-11-16,450.23,0.4666666666666666,0.4666666666666666,0,1,0.0,0.0,0.0,0.3333333333333333
2023-11-17,450.79,0.4666666666666666,0.4666666666666666,0,1,0.0,0.0,0.0,0.3333333333333333
2023-11-20,454.26,0.4666666666666666,0.4666666666666666,0,1,0.0,0.0,0.0,0.3333333333333333
2023-11-21,453.27,0.4666666666666666,0.4666666666666666,0,1,0.0,0.0,0.0,0.3333333333333333
2023-11-22,455.02,0.4666666666666666,0.4666666666666666,0,1,0.0,0.0,0.0,0.3333333333333333
2023-11-24,455.3,0.4666666666666666,0.4666666666666666,0,1,0.0,0.0,0.0,0.3333333333333333
2023-11-27,454.48,0.4666666666666666,0.4666666666666666,0,1,0.0,0.0,0.0,0.3333333333333333
2023-11-28,454.93,0.4666666666666666,0.4666666666666666,0,1,0.0,0.0,0.0,0.3333333333333333
2023-11-29,454.61,0.4666666666666666,0.4666666666666666,0,1,0.0,0.0,0.0,0.3333333333333333
2023-11-30,456.4,0.4666666666666666,0.4666666666666666,0,1,0.0,0.0,0.0,0.3333333333333333
2023-12-01,459.1,0.4666666666666666,0.4666666666666666,0,1,0.0,0.0,0.0,0.3333333333333333
2023-12-04,456.69,0.4666666666666666,0.4666666666666666,0,1,0.0,0.0,0.0,0.3333333333333333
2023-12-05,456.6,0.4666666666666666,0.4666666666666666,0,1,0.0,0.0,0.0,0.3333333333333333
2023-12-06,454.76,0.4666666666666666,0.4666666666666666,0,1,0.0,0.0,0.0,0.3333333333333333
2023-12-07,458.23,0.4666666666666666,0.4666666666666666,0,1,0.0,0.0,0.0,0.3333333333333333
2023-12-08,460.2,0.4666666666666666,0.4666666666666666,0,1,0.0,0.0,0.0,0.3333333333333333
2023-12-11,461.99,0.4666666666666666,0.4666666666666666,0,1,0.0,0.0,0.0,0.3333333333333333
2023-12-12,464.1,0.4666666666666666,0.4666666666666666,0,1,0.0,0.0,0.0,0.3333333333333333
2023-12-13,470.5,0.4666666666666666,0.4666666666666666,0,1,0.0,0.0,0.0,0.3333333333333333
2023-12-14,472.01,0.4666666666666666,0.4666666666666666,0,1,0.0,0.0,0.0,0.3333333333333333
2023-12-15,469.33,0.4666666666666666,0.4666666666666666,0,1,0.0,0.0,0.0,0.3333333333333333
2023-12-18,471.97,0.4666666666666666,0.4666666666666666,0,1,0.0,0.0,0.0,0.3333333333333333
2023-12-19,474.84,0.4666666666666666,0.4666666666666666,0,1,0.0,0.0,0.0,0.3333333333333333
2023-12-20,468.26,0.4666666666666666,0.4666666666666666,0,1,0.0,0.0,0.0,0.3333333333333333
2023-12-21,472.7,0.4666666666666666,0.4666666666666666,0,1,0.0,0.0,0.0,0.3333333333333333
2023-12-22,473.65,0.4666666666666666,0.4666666666666666,0,1,0.0,0.0,0.0,0.3333333333333333
2023-12-26,475.65,0.4666666666666666,0.4666666666666666,0,1,0.0,0.0,0.0,0.3333333333333333
2023-12-27,476.51,0.4666666666666666,0.4666666666666666,0,1,0.0,0.0,0.0,0.3333333333333333
2023-12-28,476.69,0.4666666666666666,0.4666666666666666,0,1,0.0,0.0,0.0,0.3333333333333333
2023-12-29,475.31,0.4666666666666666,0.4666666666666666,0,1,0.0,0.0,0.0,0.3333333333333333
2024-01-02,472.65,0.4666666666666666,0.4666666666666666,0,1,0.0,0.0,0.0,0.3333333333333333
2024-01-03,468.79,0.4666666666666666,0.4666666666666666,0,1,0.0,0.0,0.0,0.3333333333333333
2024-01-04,467.28,0.4666666666666666,0.4666666666666666,0,1,0.0,0.0,0.0,0.3333333333333333
2024-01-05,467.92,0.4666666666666666,0.4666666666666666,0,1,0.0,0.0,0.0,0.3333333333333333
2024-01-08,474.6,0.4666666666666666,0.4666666666666666,0,1,0.0,0.0,0.0,0.3333333333333333
2024-01-09,473.88,0.4666666666666666,0.4666666666666666,0,1,0.0,0.0,0.0,0.3333333333333333
2024-01-10,476.56,0.4666666666666666,0.4666666666666666,0,1,0.0,0.0,0.0,0.3333333333333333
2024-01-11,476.35,0.4666666666666666,0.4666666666666666,0,1,0.0,0.0,0.0,0.3333333333333333
2024-01-12,476.68,0.4666666666666666,0.4666666666666666,0,1,0.0,0.0,0.0,0.3333333333333333
2024-01-16,474.93,0.4666666666666666,0.4666666666666666,0,1,0.0,0.0,0.0,0.3333333333333333
2024-01-17,472.29,0.4666666666666666,0.4666666666666666,0,1,0.0,0.0,0.0,0.3333333333333333
2024-01-18,476.49,0.4666666666666666,0.4666666666666666,0,1,0.0,0.0,0.0,0.3333333333333333
2024-01-19,482.43,0.4666666666666666,0.4666666666666666,0,1,0.0,0.0,0.0,0.3333333333333333
2024-01-22,483.45,0.4666666666666666,0.4666666666666666,0,1,0.0,0.0,0.0,0.3333333333333333
2024-01-23,484.86,0.4666666666666666,0.4666666666666666,0,1,0.0,0.0,0.0,0.3333333333333333
2024-01-24,485.39,0.4666666666666666,0.4666666666666666,0,1,0.0,0.0,0.0,0.3333333333333333
2024-01-25,488.03,0.4666666666666666,0.4666666666666666,0,1,0.0,0.0,0.0,0.3333333333333333
2024-01-26,487.41,0.4666666666666666,0.4666666666666666,0,1,0.0,0.0,0.0,0.3333333333333333
2024-01-29,491.27,0.4666666666666666,0.4666666666666666,0,1,0.0,0.0,0.0,0.3333333333333333
2024-01-30,490.89,0.4666666666666666,0.4666666666666666,0,1,0.0,0.0,0.0,0.3333333333333333
2024-01-31,482.88,0.4666666666666666,0.4666666666666666,0,1,0.0,0.0,0.0,0.3333333333333333
2024-02-01,489.2,0.4666666666666666,0.4666666666666666,0,1,0.0,0.0,0.0,0.3333333333333333
2024-02-02,494.35,0.4666666666666666,0.4666666666666666,0,1,0.0,0.0,0.0,0.3333333333333333
2024-02-05,492.55,0.4666666666666666,0.4666666666666666,0,1,0.0,0.0,0.0,0.3333333333333333
2024-02-06,493.98,0.4666666666666666,0.4666666666666666,0,1,0.0,0.0,0.0,0.3333333333333333
2024-02-07,498.1,0.4666666666666666,0.4666666666666666,0,1,0.0,0.0,0.0,0.3333333333333333
2024-02-08,498.32,0.4666666666666666,0.4666666666666666,0,1,0.0,0.0,0.0,0.3333333333333333
2024-02-09,501.2,0.4666666666666666,0.4666666666666666,0,1,0.0,0.0,0.0,0.3333333333333333
2024-02-12,500.98,0.4666666666666666,0.4666666666666666,0,1,0.0,0.0,0.0,0.3333333333333333
2024-02-13,494.08,0.4666666666666666,0.4666666666666666,0,1,0.0,0.0,0.0,0.3333333333333333
2024-02-14,498.57,0.4666666666666666,0.4666666666666666,0,1,0.0,0.0,0.0,0.3333333333333333
2024-02-15,502.01,0.4666666666666666,0.4666666666666666,0,1,0.0,0.0,0.0,0.3333333333333333
2024-02-16,499.51,0.4666666666666666,0.4666666666666666,0,1,0.0,0.0,0.0,0.3333333333333333
2024-02-20,496.76,0.4666666666666666,0.4666666666666666,0,1,0.0,0.0,0.0,0.3333333333333333
2024-02-21,497.21,0.4666666666666666,0.4666666666666666,0,1,0.0,0.0,0.0,0.3333333333333333
2024-02-22,507.5,0.4666666666666666,0.4666666666666666,0,1,0.0,0.0,0.0,0.3333333333333333
2024-02-23,507.85,0.4666666666666666,0.4666666666666666,0,1,0.0,0.0,0.0,0.3333333333333333
2024-02-26,505.99,0.4666666666666666,0.4666666666666666,0,1,0.0,0.0,0.0,0.3333333333333333
2024-02-27,506.93,0.4666666666666666,0.4666666666666666,0,1,0.0,0.0,0.0,0.3333333333333333
2024-02-28,506.26,0.4666666666666666,0.4666666666666666,0,1,0.0,0.0,0.0,0.3333333333333333
2024-02-29,508.08,0.4666666666666666,0.4666666666666666,0,1,0.0,0.0,0.0,0.3333333333333333
2024-03-01,512.85,0.4666666666666666,0.4666666666666666,0,1,0.0,0.0,0.0,0.3333333333333333
2024-03-04,512.3,0.4666666666666666,0.4666666666666666,0,1,0.0,0.0,0.0,0.3333333333333333
2024-03-05,507.18,0.4666666666666666,0.4666666666666666,0,1,0.0,0.0,0.0,0.3333333333333333
2024-03-06,509.75,0.4666666666666666,0.4666666666666666,0,1,0.0,0.0,0.0,0.3333333333333333
2024-03-07,514.81,0.4666666666666666,0.4666666666666666,0,1,0.0,0.0,0.0,0.3333333333333333
2024-03-08,511.72,0.4666666666666666,0.4666666666666666,0,1,0.0,0.0,0.0,0.3333333333333333
2024-03-11,511.28,0.4666666666666666,0.4666666666666666,0,1,0.0,0.0,0.0,0.3333333333333333
2024-03-12,516.78,0.4666666666666666,0.4666666666666666,0,1,0.0,0.0,0.0,0.3333333333333333
2024-03-13,515.97,0.4666666666666666,0.4666666666666666,0,1,0.0,0.0,0.0,0.3333333333333333
2024-03-14,514.95,0.4666666666666666,0.4666666666666666,0,1,0.0,0.0,0.0,0.3333333333333333
2024-03-15,509.83,0.4666666666666666,0.4666666666666666,0,1,0.0,0.0,0.0,0.3333333333333333
2024-03-18,512.86,0.4666666666666666,0.4666666666666666,0,1,0.0,0.0,0.0,0.3333333333333333
2024-03-19,515.71,0.4666666666666666,0.4666666666666666,0,1,0.0,0.0,0.0,0.3333333333333333
2024-03-20,520.48,0.4666666666666666,0.4666666666666666,0,1,0.0,0.0,0.0,0.3333333333333333
2024-03-21,522.2,0.4666666666666666,0.4666666666666666,0,1,0.0,0.0,0.0,0.3333333333333333
2024-03-22,521.21,0.4666666666666666,0.4666666666666666,0,1,0.0,0.0,0.0,0.3333333333333333
2024-03-25,519.77,0.4666666666666666,0.4666666666666666,0,1,0.0,0.0,0.0,0.3333333333333333
2024-03-26,518.81,0.4666666666666666,0.4666666666666666,0,1,0.0,0.0,0.0,0.3333333333333333
2024-03-27,523.17,0.4666666666666666,0.4666666666666666,0,1,0.0,0.0,0.0,0.3333333333333333
2024-03-28,523.07,0.4666666666666666,0.4666666666666666,0,1,0.0,0.0,0.0,0.3333333333333333
2024-04-01,522.16,0.4666666666666666,0.4666666666666666,0,1,0.0,0.0,0.0,0.3333333333333333
2024-04-02,518.84,0.4666666666666666,0.4666666666666666,0,1,0.0,0.0,0.0,0.3333333333333333
2024-04-03,519.41,0.4666666666666666,0.4666666666666666,0,1,0.0,0.0,0.0,0.3333333333333333
2024-04-04,513.07,0.4666666666666666,0.4666666666666666,0,1,0.0,0.0,0.0,0.3333333333333333
2024-04-05,518.43,0.4666666666666666,0.4666666666666666,0,1,0.0,0.0,0.0,0.3333333333333333
2024-04-08,518.72,0.4666666666666666,0.4666666666666666,0,1,0.0,0.0,0.0,0.3333333333333333
2024-04-09,519.32,0.4666666666666666,0.4666666666666666,0,1,0.0,0.0,0.0,0.3333333333333333
2024-04-10,514.12,0.4666666666666666,0.4666666666666666,0,1,0.0,0.0,0.0,0.3333333333333333
2024-04-11,518.0,0.4666666666666666,0.4666666666666666,0,1,0.0,0.0,0.0,0.3333333333333333
2024-04-12,510.85,0.4666666666666666,0.4666666666666666,0,1,0.0,0.0,0.0,0.3333333333333333
2024-04-15,504.45,0.4666666666666666,0.4666666666666666,0,1,0.0,0.0,0.0,0.3333333333333333
2024-04-16,503.53,0.4666666666666666,0.4666666666666666,0,1,0.0,0.0,0.0,0.3333333333333333
2024-04-17,500.55,0.4666666666666666,0.4666666666666666,0,1,0.0,0.0,0.0,0.3333333333333333
2024-04-18,499.52,0.4666666666666666,0.4666666666666666,0,1,0.0,0.0,0.0,0.3333333333333333
2024-04-19,495.16,0.4666666666666666,0.4666666666666666,0,1,0.0,0.0,0.0,0.3333333333333333
2024-04-22,499.72,0.4666666666666666,0.4666666666666666,0,1,0.0,0.0,0.0,0.3333333333333333
2024-04-23,505.65,0.4666666666666666,0.4666666666666666,0,1,0.0,0.0,0.0,0.3333333333333333
2024-04-24,505.41,0.4666666666666666,0.4666666666666666,0,1,0.0,0.0,0.0,0.3333333333333333
2024-04-25,503.49,0.4666666666666666,0.4666666666666666,0,1,0.0,0.0,0.0,0.3333333333333333
2024-04-26,508.26,0.4666666666666666,0.4666666666666666,0,1,0.0,0.0,0.0,0.3333333333333333
2024-04-29,510.06,0.4666666666666666,0.4666666666666666,0,1,0.0,0.0,0.0,0.3333333333333333
2024-04-30,501.98,0.4666666666666666,0.4666666666666666,0,1,0.0,0.0,0.0,0.3333333333333333
2024-05-01,500.35,0.4666666666666666,0.4666666666666666,0,1,0.0,0.0,0.0,0.3333333333333333
2024-05-02,505.03,0.4666666666666666,0.4666666666666666,0,1,0.0,0.0,0.0,0.3333333333333333
2024-05-03,511.29,0.4666666666666666,0.4666666666666666,0,1,0.0,0.0,0.0,0.3333333333333333
2024-05-06,516.57,0.4666666666666666,0.4666666666666666,0,1,0.0,0.0,0.0,0.3333333333333333
2024-05-07,517.14,0.4666666666666666,0.4666666666666666,0,1,0.0,0.0,0.0,0.3333333333333333
2024-05-08,517.19,0.4666666666666666,0.4666666666666666,0,1,0.0,0.0,0.0,0.3333333333333333
2024-05-09,520.17,0.4666666666666666,0.4666666666666666,0,1,0.0,0.0,0.0,0.3333333333333333
2024-05-10,520.84,0.4666666666666666,0.4666666666666666,0,1,0.0,0.0,0.0,0.3333333333333333
2024-05-13,520.91,0.4666666666666666,0.4666666666666666,0,1,0.0,0.0,0.0,0.3333333333333333
2024-05-14,523.3,0.4666666666666666,0.4666666666666666,0,1,0.0,0.0,0.0,0.3333333333333333
2024-05-15,529.78,0.4666666666666666,0.4666666666666666,0,1,0.0,0.0,0.0,0.3333333333333333
2024-05-16,528.69,0.4666666666666666,0.4666666666666666,0,1,0.0,0.0,0.0,0.3333333333333333
2024-05-17,529.45,0.4666666666666666,0.4666666666666666,0,1,0.0,0.0,0.0,0.3333333333333333
2024-05-20,530.06,0.4666666666666666,0.4666666666666666,0,1,0.0,0.0,0.0,0.3333333333333333
2024-05-21,531.36,0.4666666666666666,0.4666666666666666,0,1,0.0,0.0,0.0,0.3333333333333333
2024-05-22,529.83,0.4666666666666666,0.4666666666666666,0,1,0.0,0.0,0.0,0.3333333333333333
2024-05-23,525.96,0.4666666666666666,0.4666666666666666,0,1,0.0,0.0,0.0,0.3333333333333333
2024-05-24,529.44,0.4666666666666666,0.4666666666666666,0,1,0.0,0.0,0.0,0.3333333333333333
2024-05-28,529.81,0.4666666666666666,0.4666666666666666,0,1,0.0,0.0,0.0,0.3333333333333333
2024-05-29,526.1,0.4666666666666666,0.4666666666666666,0,1,0.0,0.0,0.0,0.3333333333333333
2024-05-30,522.61,0.4666666666666666,0.4666666666666666,0,1,0.0,0.0,0.0,0.3333333333333333
2024-05-31,527.37,0.4666666666666666,0.4666666666666666,0,1,0.0,0.0,0.0,0.3333333333333333
2024-06-03,527.8,0.4666666666666666,0.4666666666666666,0,1,0.0,0.0,0.0,0.3333333333333333
2024-06-04,528.39,0.4666666666666666,0.4666666666666666,0,1,0.0,0.0,0.0,0.3333333333333333
2024-06-05,534.67,0.4666666666666666,0.4666666666666666,0,1,0.0,0.0,0.0,0.3333333333333333
2024-06-06,534.66,0.4666666666666666,0.4666666666666666,0,1,0.0,0.0,0.0,0.3333333333333333
2024-06-07,534.01,0.4666666666666666,0.4666666666666666,0,1,0.0,0.0,0.0,0.3333333333333333
2024-06-10,535.66,0.4666666666666666,0.4666666666666666,0,1,0.0,0.0,0.0,0.3333333333333333
2024-06-11,536.95,0.4666666666666666,0.4666666666666666,0,1,0.0,0.0,0.0,0.3333333333333333
2024-06-12,541.36,0.4666666666666666,0.4666666666666666,0,1,0.0,0.0,0.0,0.3333333333333333
2024-06-13,542.45,0.4666666666666666,0.4666666666666666,0,1,0.0,0.0,0.0,0.3333333333333333
2024-06-14,542.78,0.4666666666666666,0.4666666666666666,0,1,0.0,0.0,0.0,0.3333333333333333
2024-06-17,547.1,0.4666666666666666,0.4666666666666666,0,1,0.0,0.0,0.0,0.3333333333333333
2024-06-18,548.49,0.4666666666666666,0.4666666666666666,0,1,0.0,0.0,0.0,0.3333333333333333
2024-06-20,547.0,0.4666666666666666,0.4666666666666666,0,1,0.0,0.0,0.0,0.3333333333333333
2024-06-21,544.51,0.4666666666666666,0.4666666666666666,0,1,0.0,0.0,0.0,0.3333333333333333
2024-06-24,542.74,0.4666666666666666,0.4666666666666666,0,1,0.0,0.0,0.0,0.3333333333333333
2024-06-25,544.83,0.4666666666666666,0.4666666666666666,0,1,0.0,0.0,0.0,0.3333333333333333
2024-06-26,545.51,0.4666666666666666,0.4666666666666666,0,1,0.0,0.0,0.0,0.3333333333333333
2024-06-27,546.37,0.4666666666666666,0.4666666666666666,0,1,0.0,0.0,0.0,0.3333333333333333
2024-06-28,544.22,0.4666666666666666,0.4666666666666666,0,1,0.0,0.0,0.0,0.3333333333333333
2024-07-01,545.34,0.4666666666666666,0.4666666666666666,0,1,0.0,0.0,0.0,0.3333333333333333
2024-07-02,549.01,0.4666666666666666,0.4666666666666666,0,1,0.0,0.0,0.0,0.3333333333333333
2024-07-03,551.46,0.4666666666666666,0.4666666666666666,0,1,0.0,0.0,0.0,0.3333333333333333
2024-07-05,554.64,0.4666666666666666,0.4666666666666666,0,1,0.0,0.0,0.0,0.3333333333333333
2024-07-08,555.28,0.4666666666666666,0.4666666666666666,0,1,0.0,0.0,0.0,0.3333333333333333
2024-07-09,555.82,0.4666666666666666,0.4666666666666666,0,1,0.0,0.0,0.0,0.3333333333333333
2024-07-10,561.32,0.4666666666666666,0.4666666666666666,0,1,0.0,0.0,0.0,0.3333333333333333
2024-07-11,556.48,0.4666666666666666,0.4666666666666666,0,1,0.0,0.0,0.0,0.3333333333333333
2024-07-12,559.99,0.4666666666666666,0.4666666666666666,0,1,0.0,0.0,0.0,0.3333333333333333
2024-07-15,561.53,0.4666666666666666,0.4666666666666666,0,1,0.0,0.0,0.0,0.3333333333333333
2024-07-16,564.86,0.4666666666666666,0.4666666666666666,0,1,0.0,0.0,0.0,0.3333333333333333
2024-07-17,556.94,0.4666666666666666,0.4666666666666666,0,1,0.0,0.0,0.0,0.3333333333333333
2024-07-18,552.66,0.4666666666666666,0.4666666666666666,0,1,0.0,0.0,0.0,0.3333333333333333
2024-07-19,548.99,0.4666666666666666,0.4666666666666666,0,1,0.0,0.0,0.0,0.3333333333333333
2024-07-22,554.65,0.4666666666666666,0.4666666666666666,0,1,0.0,0.0,0.0,0.3333333333333333
2024-07-23,553.78,0.4666666666666666,0.4666666666666666,0,1,0.0,0.0,0.0,0.3333333333333333
2024-07-24,541.23,0.4666666666666666,0.4666666666666666,0,1,0.0,0.0,0.0,0.3333333333333333
2024-07-25,538.41,0.4666666666666666,0.4666666666666666,0,1,0.0,0.0,0.0,0.3333333333333333
2024-07-26,544.44,0.4666666666666666,0.4666666666666666,0,1,0.0,0.0,0.0,0.3333333333333333
2024-07-29,544.76,0.4666666666666666,0.4666666666666666,0,1,0.0,0.0,0.0,0.3333333333333333
2024-07-30,542.0,0.4666666666666666,0.4666666666666666,0,1,0.0,0.0,0.0,0.3333333333333333
2024-07-31,550.81,0.4666666666666666,0.4666666666666666,0,1,0.0,0.0,0.0,0.3333333333333333
2024-08-01,543.01,0.4666666666666666,0.4666666666666666,0,1,0.0,0.0,0.0,0.3333333333333333
2024-08-02,532.9,0.4666666666666666,0.4666666666666666,0,1,0.0,0.0,0.0,0.3333333333333333
2024-08-05,517.38,0.4666666666666666,0.4666666666666666,0,1,0.0,0.0,0.0,0.3333333333333333
2024-08-06,522.15,0.4666666666666666,0.4666666666666666,0,1,0.0,0.0,0.0,0.3333333333333333
2024-08-07,518.66,0.4666666666666666,0.4666666666666666,0,1,0.0,0.0,0.0,0.3333333333333333
2024-08-08,530.65,0.4666666666666666,0.4666666666666666,0,1,0.0,0.0,0.0,0.3333333333333333
2024-08-09,532.99,0.4666666666666666,0.4666666666666666,0,1,0.0,0.0,0.0,0.3333333333333333
2024-08-12,533.27,0.4666666666666666,0.4666666666666666,0,1,0.0,0.0,0.0,0.3333333333333333
2024-08-13,542.04,0.4666666666666666,0.4666666666666666,0,1,0.0,0.0,0.0,0.3333333333333333
2024-08-14,543.75,0.4666666666666666,0.4666666666666666,0,1,0.0,0.0,0.0,0.3333333333333333
2024-08-15,553.07,0.4666666666666666,0.4666666666666666,0,1,0.0,0.0,0.0,0.3333333333333333
2024-08-16,554.31,0.4666666666666666,0.4666666666666666,0,1,0.0,0.0,0.0,0.3333333333333333
2024-08-19,559.61,0.4666666666666666,0.4666666666666666,0,1,0.0,0.0,0.0,0.3333333333333333
2024-08-20,558.7,0.4666666666666666,0.4666666666666666,0,1,0.0,0.0,0.0,0.3333333333333333
2024-08-21,560.62,0.4666666666666666,0.4666666666666666,0,1,0.0,0.0,0.0,0.3333333333333333
2024-08-22,556.22,0.4666666666666666,0.4666666666666666,0,1,0.0,0.0,0.0,0.3333333333333333
2024-08-23,562.13,0.4666666666666666,0.4666666666666666,0,1,0.0,0.0,0.0,0.3333333333333333
2024-08-26,560.79,0.4666666666666666,0.4666666666666666,0,1,0.0,0.0,0.0,0.3333333333333333
2024-08-27,561.56,0.4666666666666666,0.4666666666666666,0,1,0.0,0.0,0.0,0.3333333333333333
2024-08-28,558.3,0.4666666666666666,0.4666666666666666,0,1,0.0,0.0,0.0,0.3333333333333333
2024-08-29,558.35,0.4666666666666666,0.4666666666666666,0,1,0.0,0.0,0.0,0.3333333333333333
2024-08-30,563.68,0.4666666666666666,0.4666666666666666,0,1,0.0,0.0,0.0,0.3333333333333333
2024-09-03,552.08,0.4666666666666666,0.4666666666666666,0,1,0.0,0.0,0.0,0.3333333333333333
2024-09-04,550.95,0.4666666666666666,0.4666666666666666,0,1,0.0,0.0,0.0,0.3333333333333333
2024-09-05,549.61,0.4666666666666666,0.4666666666666666,0,1,0.0,0.0,0.0,0.3333333333333333
2024-09-06,540.36,0.4666666666666666,0.4666666666666666,0,1,0.0,0.0,0.0,0.3333333333333333
2024-09-09,546.41,0.4666666666666666,0.4666666666666666,0,1,0.0,0.0,0.0,0.3333333333333333
2024-09-10,548.79,0.4666666666666666,0.4666666666666666,0,1,0.0,0.0,0.0,0.3333333333333333
2024-09-11,554.42,0.4666666666666666,0.4666666666666666,0,1,0.0,0.0,0.0,0.3333333333333333
2024-09-12,559.09,0.4666666666666666,0.4666666666666666,0,1,0.0,0.0,0.0,0.3333333333333333
2024-09-13,562.01,0.4666666666666666,0.4666666666666666,0,1,0.0,0.0,0.0,0.3333333333333333
2024-09-16,562.84,0.4666666666666666,0.4666666666666666,0,1,0.0,0.0,0.0,0.3333333333333333
2024-09-17,563.07,0.4666666666666666,0.4666666666666666,0,1,0.0,0.0,0.0,0.3333333333333333
2024-09-18,561.4,0.4666666666666666,0.4666666666666666,0,1,0.0,0.0,0.0,0.3333333333333333
2024-09-19,570.98,0.4666666666666666,0.4666666666666666,0,1,0.0,0.0,0.0,0.3333333333333333
2024-09-20,568.25,0.4666666666666666,0.4666666666666666,0,1,0.0,0.0,0.0,0.3333333333333333
2024-09-23,569.67,0.4666666666666666,0.4666666666666666,0,1,0.0,0.0,0.0,0.3333333333333333
2024-09-24,571.3,0.4666666666666666,0.4666666666666666,0,1,0.0,0.0,0.0,0.3333333333333333
2024-09-25,570.04,0.4666666666666666,0.4666666666666666,0,1,0.0,0.0,0.0,0.3333333333333333
2024-09-26,572.3,0.4666666666666666,0.4666666666666666,0,1,0.0,0.0,0.0,0.3333333333333333
2024-09-27,571.47,0.4666666666666666,0.4666666666666666,0,1,0.0,0.0,0.0,0.3333333333333333
2024-09-30,573.76,0.4666666666666666,0.4666666666666666,0,1,0.0,0.0,0.0,0.3333333333333333
2024-10-01,568.62,0.4666666666666666,0.4666666666666666,0,1,0.0,0.0,0.0,0.3333333333333333
2024-10-02,568.86,0.4666666666666666,0.4666666666666666,0,1,0.0,0.0,0.0,0.3333333333333333
2024-10-03,567.82,0.4666666666666666,0.4666666666666666,0,1,0.0,0.0,0.0,0.3333333333333333
2024-10-04,572.98,0.4666666666666666,0.4666666666666666,0,1,0.0,0.0,0.0,0.3333333333333333
2024-10-07,567.8,0.4666666666666666,0.4666666666666666,0,1,0.0,0.0,0.0,0.3333333333333333
2024-10-08,573.17,0.4666666666666666,0.4666666666666666,0,1,0.0,0.0,0.0,0.3333333333333333
2024-10-09,577.14,0.4666666666666666,0.4666666666666666,0,1,0.0,0.0,0.0,0.3333333333333333
2024-10-10,576.13,0.4666666666666666,0.4666666666666666,0,1,0.0,0.0,0.0,0.3333333333333333
2024-10-11,579.58,0.4666666666666666,0.4666666666666666,0,1,0.0,0.0,0.0,0.3333333333333333
2024-10-14,584.32,0.4666666666666666,0.4666666666666666,0,1,0.0,0.0,0.0,0.3333333333333333
2024-10-15,579.78,0.4666666666666666,0.4666666666666666,0,1,0.0,0.0,0.0,0.3333333333333333
2024-10-16,582.3,0.4666666666666666,0.4666666666666666,0,1,0.0,0.0,0.0,0.3333333333333333
2024-10-17,582.35,0.4666666666666666,0.4666666666666666,0,1,0.0,0.0,0.0,0.3333333333333333
2024-10-18,584.59,0.4666666666666666,0.4666666666666666,0,1,0.0,0.0,0.0,0.3333333333333333
2024-10-21,583.63,0.4666666666666666,0.4666666666666666,0,1,0.0,0.0,0.0,0.3333333333333333
2024-10-22,583.32,0.4666666666666666,0.4666666666666666,0,1,0.0,0.0,0.0,0.3333333333333333
2024-10-23,577.99,0.4666666666666666,0.4666666666666666,0,1,0.0,0.0,0.0,0.3333333333333333
2024-10-24,579.24,0.4666666666666666,0.4666666666666666,0,1,0.0,0.0,0.0,0.3333333333333333
2024-10-25,579.04,0.4666666666666666,0.4666666666666666,0,1,0.0,0.0,0.0,0.3333333333333333
2024-10-28,580.83,0.4666666666666666,0.4666666666666666,0,1,0.0,0.0,0.0,0.3333333333333333
2024-10-29,581.77,0.4666666666666666,0.4666666666666666,0,1,0.0,0.0,0.0,0.3333333333333333
2024-10-30,580.01,0.4666666666666666,0.4666666666666666,0,1,0.0,0.0,0.0,0.3333333333333333
2024-10-31,568.64,0.4666666666666666,0.4666666666666666,0,1,0.0,0.0,0.0,0.3333333333333333
2024-11-01,571.04,0.4666666666666666,0.4666666666666666,0,1,0.0,0.0,0.0,0.3333333333333333
2024-11-04,569.81,0.4666666666666666,0.4666666666666666,0,1,0.0,0.0,0.0,0.3333333333333333
2024-11-05,576.7,0.4666666666666666,0.4666666666666666,0,1,0.0,0.0,0.0,0.3333333333333333
2024-11-06,591.04,0.4666666666666666,0.4666666666666666,0,1,0.0,0.0,0.0,0.3333333333333333
2024-11-07,595.61,0.4666666666666666,0.4666666666666666,0,1,0.0,0.0,0.0,0.3333333333333333
2024-11-08,598.19,0.4666666666666666,0.4666666666666666,0,1,0.0,0.0,0.0,0.3333333333333333
2024-11-11,598.76,0.4666666666666666,0.4666666666666666,0,1,0.0,0.0,0.0,0.3333333333333333
2024-11-12,596.9,0.4666666666666666,0.4666666666666666,0,1,0.0,0.0,0.0,0.3333333333333333
2024-11-13,597.19,0.4666666666666666,0.4666666666666666,0,1,0.0,0.0,0.0,0.3333333333333333
2024-11-14,593.35,0.4666666666666666,0.4666666666666666,0,1,0.0,0.0,0.0,0.3333333333333333
2024-11-15,585.75,0.4666666666666666,0.4666666666666666,0,1,0.0,0.0,0.0,0.3333333333333333
2024-11-18,588.15,0.4666666666666666,0.4666666666666666,0,1,0.0,0.0,0.0,0.3333333333333333
2024-11-19,590.3,0.4666666666666666,0.4666666666666666,0,1,0.0,0.0,0.0,0.3333333333333333
2024-11-20,590.5,0.4666666666666666,0.4666666666666666,0,1,0.0,0.0,0.0,0.3333333333333333
2024-11-21,593.67,0.4666666666666666,0.4666666666666666,0,1,0.0,0.0,0.0,0.3333333333333333
2024-11-22,595.51,0.4666666666666666,0.4666666666666666,0,1,0.0,0.0,0.0,0.3333333333333333
2024-11-25,597.53,0.4666666666666666,0.4666666666666666,0,1,0.0,0.0,0.0,0.3333333333333333
2024-11-26,600.65,0.4666666666666666,0.4666666666666666,0,1,0.0,0.0,0.0,0.3333333333333333
2024-11-27,598.83,0.4666666666666666,0.4666666666666666,0,1,0.0,0.0,0.0,0.3333333333333333
2024-11-29,602.55,0.4666666666666666,0.4666666666666666,0,1,0.0,0.0,0.0,0.3333333333333333
2024-12-02,603.63,0.4666666666666666,0.4666666666666666,0,1,0.0,0.0,0.0,0.3333333333333333
2024-12-03,603.91,0.4666666666666666,0.4666666666666666,0,1,0.0,0.0,0.0,0.3333333333333333
2024-12-04,607.66,0.4666666666666666,0.4666666666666666,0,1,0.0,0.0,0.0,0.3333333333333333
2024-12-05,606.66,0.4666666666666666,0.4666666666666666,0,1,0.0,0.0,0.0,0.3333333333333333
2024-12-06,607.81,0.4666666666666666,0.4666666666666666,0,1,0.0,0.0,0.0,0.3333333333333333
2024-12-09,604.68,0.4666666666666666,0.4666666666666666,0,1,0.0,0.0,0.0,0.3333333333333333
2024-12-10,602.8,0.4666666666666666,0.4666666666666666,0,1,0.0,0.0,0.0,0.3333333333333333
2024-12-11,607.46,0.4666666666666666,0.4666666666666666,0,1,0.0,0.0,0.0,0.3333333333333333
2024-12-12,604.33,0.4666666666666666,0.4666666666666666,0,1,0.0,0.0,0.0,0.3333333333333333
2024-12-13,604.21,0.4666666666666666,0.4666666666666666,0,1,0.0,0.0,0.0,0.3333333333333333
2024-12-16,606.79,0.4666666666666666,0.4666666666666666,0,1,0.0,0.0,0.0,0.3333333333333333
2024-12-17,604.29,0.4666666666666666,0.4666666666666666,0,1,0.0,0.0,0.0,0.3333333333333333
2024-12-18,586.28,0.4666666666666666,0.4666666666666666,0,1,0.0,0.0,0.0,0.3333333333333333
2024-12-19,586.1,0.4666666666666666,0.4666666666666666,0,1,0.0,0.0,0.0,0.3333333333333333
2024-12-20,591.15,0.4666666666666666,0.4666666666666666,0,1,0.0,0.0,0.0,0.3333333333333333
2024-12-23,594.69,0.4666666666666666,0.4666666666666666,0,1,0.0,0.0,0.0,0.3333333333333333
2024-12-24,601.3,0.4666666666666666,0.4666666666666666,0,1,0.0,0.0,0.0,0.3333333333333333
2024-12-26,601.34,0.4666666666666666,0.4666666666666666,0,1,0.0,0.0,0.0,0.3333333333333333
2024-12-27,595.01,0.4666666666666666,0.4666666666666666,0,1,0.0,0.0,0.0,0.3333333333333333
2024-12-30,588.22,0.4666666666666666,0.4666666666666666,0,1,0.0,0.0,0.0,0.3333333333333333
2024-12-31,586.08,0.4666666666666666,0.4666666666666666,0,1,0.0,0.0,0.0,0.3333333333333333
2025-01-02,584.64,0.4666666666666666,0.4666666666666666,0,1,0.0,0.0,0.0,0.3333333333333333
2025-01-03,591.95,0.4666666666666666,0.4666666666666666,0,1,0.0,0.0,0.0,0.3333333333333333
2025-01-06,595.36,0.4666666666666666,0.4666666666666666,0,1,0.0,0.0,0.0,0.3333333333333333
2025-01-07,588.63,0.4666666666666666,0.4666666666666666,0,1,0.0,0.0,0.0,0.3333333333333333
2025-01-08,589.49,0.4666666666666666,0.4666666666666666,0,1,0.0,0.0,0.0,0.3333333333333333
2025-01-10,580.49,0.4666666666666666,0.4666666666666666,0,1,0.0,0.0,0.0,0.3333333333333333
2025-01-13,581.39,0.4666666666666666,0.4666666666666666,0,1,0.0,0.0,0.0,0.3333333333333333
2025-01-14,582.19,0.4666666666666666,0.4666666666666666,0,1,0.0,0.0,0.0,0.3333333333333333
2025-01-15,592.78,0.4666666666666666,0.4666666666666666,0,1,0.0,0.0,0.0,0.3333333333333333
2025-01-16,591.64,0.4666666666666666,0.4666666666666666,0,1,0.0,0.0,0.0,0.3333333333333333
2025-01-17,597.58,0.4666666666666666,0.4666666666666666,0,1,0.0,0.0,0.0,0.3333333333333333
2025-01-21,603.05,0.4666666666666666,0.4666666666666666,0,1,0.0,0.0,0.0,0.3333333333333333
2025-01-22,606.44,0.4666666666666666,0.4666666666666666,0,1,0.0,0.0,0.0,0.3333333333333333
2025-01-23,609.75,0.4666666666666666,0.4666666666666666,0,1,0.0,0.0,0.0,0.3333333333333333
2025-01-24,607.97,0.4666666666666666,0.4666666666666666,0,1,0.0,0.0,0.0,0.3333333333333333
2025-01-27,599.37,0.4666666666666666,0.4666666666666666,0,1,0.0,0.0,0.0,0.3333333333333333
2025-01-28,604.52,0.4666666666666666,0.4666666666666666,0,1,0.0,0.0,0.0,0.3333333333333333
2025-01-29,601.81,0.4666666666666666,0.4666666666666666,0,1,0.0,0.0,0.0,0.3333333333333333
2025-01-30,605.04,0.4666666666666666,0.4666666666666666,0,1,0.0,0.0,0.0,0.3333333333333333
2025-01-31,601.82,0.4666666666666666,0.4666666666666666,0,1,0.0,0.0,0.0,0.3333333333333333
2025-02-03,597.77,0.4666666666666666,0.4666666666666666,0,1,0.0,0.0,0.0,0.3333333333333333
2025-02-04,601.78,0.4666666666666666,0.4666666666666666,0,1,0.0,0.0,0.0,0.3333333333333333
2025-02-05,604.22,0.4666666666666666,0.4666666666666666,0,1,0.0,0.0,0.0,0.3333333333333333
2025-02-06,606.32,0.4666666666666666,0.4666666666666666,0,1,0.0,0.0,0.0,0.3333333333333333
2025-02-07,600.77,0.4666666666666666,0.4666666666666666,0,1,0.0,0.0,0.0,0.3333333333333333
2025-02-10,604.85,0.4666666666666666,0.4666666666666666,0,1,0.0,0.0,0.0,0.3333333333333333
2025-02-11,605.31,0.4666666666666666,0.4666666666666666,0,1,0.0,0.0,0.0,0.3333333333333333
2025-02-12,603.36,0.4666666666666666,0.4666666666666666,0,1,0.0,0.0,0.0,0.3333333333333333
2025-02-13,609.73,0.4666666666666666,0.4666666666666666,0,1,0.0,0.0,0.0,0.3333333333333333
2025-02-14,609.7,0.4666666666666666,0.4666666666666666,0,1,0.0,0.0,0.0,0.3333333333333333
2025-02-18,611.49,0.4666666666666666,0.4666666666666666,0,1,0.0,0.0,0.0,0.3333333333333333
2025-02-19,612.93,0.4666666666666666,0.4666666666666666,0,1,0.0,0.0,0.0,0.3333333333333333
2025-02-20,610.38,0.4666666666666666,0.4666666666666666,0,1,0.0,0.0,0.0,0.3333333333333333
2025-02-21,599.94,0.4666666666666666,0.4666666666666666,0,1,0.0,0.0,0.0,0.3333333333333333
2025-02-24,597.21,0.4666666666666666,0.4666666666666666,0,1,0.0,0.0,0.0,0.3333333333333333
2025-02-25,594.24,0.4666666666666666,0.4666666666666666,0,1,0.0,0.0,0.0,0.3333333333333333
2025-02-26,594.54,0.4666666666666666,0.4666666666666666,0,1,0.0,0.0,0.0,0.3333333333333333
2025-02-27,585.05,0.4666666666666666,0.4666666666666666,0,1,0.0,0.0,0.0,0.3333333333333333
2025-02-28,594.18,0.4666666666666666,0.4666666666666666,0,1,0.0,0.0,0.0,0.3333333333333333
2025-03-03,583.77,0.4666666666666666,0.4666666666666666,0,1,0.0,0.0,0.0,0.3333333333333333
2025-03-04,576.86,0.4666666666666666,0.4666666666666666,0,1,0.0,0.0,0.0,0.3333333333333333
2025-03-05,583.06,0.4666666666666666,0.4666666666666666,0,1,0.0,0.0,0.0,0.3333333333333333
2025-03-06,572.71,0.4666666666666666,0.4666666666666666,0,1,0.0,0.0,0.0,0.3333333333333333
2025-03-07,575.92,0.4666666666666666,0.4666666666666666,0,1,0.0,0.0,0.0,0.3333333333333333
2025-03-10,560.58,0.4666666666666666,0.4666666666666666,0,1,0.0,0.0,0.0,0.3333333333333333
2025-03-11,555.92,0.4666666666666666,0.4666666666666666,0,1,0.0,0.0,0.0,0.3333333333333333
2025-03-12,558.87,0.4666666666666666,0.4666666666666666,0,1,0.0,0.0,0.0,0.3333333333333333
2025-03-13,551.42,0.4666666666666666,0.4666666666666666,0,1,0.0,0.0,0.0,0.3333333333333333
2025-03-14,562.81,0.4666666666666666,0.4666666666666666,0,1,0.0,0.0,0.0,0.3333333333333333
2025-03-17,567.15,0.4666666666666666,0.4666666666666666,0,1,0.0,0.0,0.0,0.3333333333333333
2025-03-18,561.02,0.4666666666666666,0.4666666666666666,0,1,0.0,0.0,0.0,0.3333333333333333
2025-03-19,567.13,0.4666666666666666,0.4666666666666666,0,1,0.0,0.0,0.0,0.3333333333333333
2025-03-20,565.49,0.4666666666666666,0.4666666666666666,0,1,0.0,0.0,0.0,0.3333333333333333
2025-03-21,563.98,0.4666666666666666,0.4666666666666666,0,1,0.0,0.0,0.0,0.3333333333333333
2025-03-24,574.08,0.4666666666666666,0.4666666666666666,0,1,0.0,0.0,0.0,0.3333333333333333
2025-03-25,575.46,0.4666666666666666,0.4666666666666666,0,1,0.0,0.0,0.0,0.3333333333333333
2025-03-26,568.59,0.4666666666666666,0.4666666666666666,0,1,0.0,0.0,0.0,0.3333333333333333
2025-03-27,567.08,0.4666666666666666,0.4666666666666666,0,1,0.0,0.0,0.0,0.3333333333333333
2025-03-28,555.66,0.4666666666666666,0.4666666666666666,0,1,0.0,0.0,0.0,0.3333333333333333
2025-03-31,559.39,0.4666666666666666,0.4666666666666666,0,1,0.0,0.0,0.0,0.3333333333333333
2025-04-01,560.97,0.4666666666666666,0.4666666666666666,0,1,0.0,0.0,0.0,0.3333333333333333
2025-04-02,564.52,0.4666666666666666,0.4666666666666666,0,1,0.0,0.0,0.0,0.3333333333333333
2025-04-03,536.7,0.4666666666666666,0.4666666666666666,0,1,0.0,0.0,0.0,0.3333333333333333
2025-04-04,505.28,0.4666666666666666,0.4666666666666666,0,1,0.0,0.0,0.0,0.3333333333333333
2025-04-07,504.38,0.4666666666666666,0.4666666666666666,0,1,0.0,0.0,0.0,0.3333333333333333
2025-04-08,496.48,0.4666666666666666,0.4666666666666666,0,1,0.0,0.0,0.0,0.3333333333333333
2025-04-09,548.62,0.4666666666666666,0.4666666666666666,0,1,0.0,0.0,0.0,0.3333333333333333
2025-04-10,524.58,0.6666666666666667,0.6666666666666667,0,1,1.0,0.0,-0.060540130735351846,0.6666666666666666
2025-04-11,533.94,0.6666666666666667,0.6666666666666667,0,1,1.0,0.0,-0.06084176806378506,0.6666666666666666
2025-04-14,539.12,0.6666666666666667,0.6666666666666667,0,1,1.0,0.0,-0.061196776620775314,0.6666666666666666
2025-04-15,537.61,0.6666666666666667,0.6666666666666667,0,1,1.0,0.0,-0.06152955375095836,0.6666666666666666
2025-04-16,525.66,0.6666666666666667,0.6666666666666667,0,1,1.0,0.0,-0.06172476725063378,0.6666666666666666
2025-04-17,526.41,0.6666666666666667,0.6666666666666667,0,1,1.0,0.0,-0.06195839774179085,0.6666666666666666
2025-04-21,513.88,0.6666666666666667,0.6666666666666667,0,1,1.0,0.0,-0.06206836065362669,0.6666666666666666
2025-04-22,527.25,0.6666666666666667,0.6666666666666667,0,1,1.0,0.0,-0.062069933080692426,0.6666666666666666
2025-04-23,535.42,0.6666666666666667,0.6666666666666667,0,1,1.0,0.0,-0.06222486603668786,0.6666666666666666
2025-04-24,546.69,0.6666666666666667,0.6666666666666667,0,1,1.0,0.0,-0.06237241308485233,0.6666666666666666
2025-04-25,550.64,0.6666666666666667,0.6666666666666667,0,1,1.0,0.0,-0.06252206561290356,0.6666666666666666
2025-04-28,550.85,0.6666666666666667,0.6666666666666667,0,1,1.0,0.0,-0.06272701779005975,0.6666666666666666
2025-04-29,554.32,0.6666666666666667,0.6666666666666667,0,1,1.0,0.0,-0.06289924556802597,0.6666666666666666
2025-04-30,554.54,0.6666666666666667,0.6666666666666667,0,1,1.0,0.0,-0.06309167331187067,0.6666666666666666
2025-05-01,558.47,0.6666666666666667,0.6666666666666667,0,1,1.0,0.0,-0.06324163368087783,0.6666666666666666
2025-05-02,566.76,0.6666666666666667,0.6666666666666667,0,1,1.0,0.0,-0.06334090131447061,0.6666666666666666
2025-05-05,563.51,0.6666666666666667,0.6666666666666667,0,1,1.0,0.0,-0.06342658113991509,0.6666666666666666
2025-05-06,558.8,0.6666666666666667,0.6666666666666667,0,1,1.0,0.0,-0.063576413347443,0.6666666666666666
2025-05-07,561.15,0.6666666666666667,0.6666666666666667,0,1,1.0,0.0,-0.06369581015465249,0.6666666666666666
2025-05-08,565.06,0.6666666666666667,0.6666666666666667,0,1,1.0,0.0,-0.06383873777330912,0.6666666666666666
2025-05-09,564.34,0.6666666666666667,0.6666666666666667,0,1,1.0,0.0,-0.06399613576038878,0.6666666666666666
2025-05-12,582.99,0.6666666666666667,0.6666666666666667,0,1,1.0,0.0,-0.06388573520064174,0.6666666666666666
2025-05-13,586.84,0.6666666666666667,0.6666666666666667,0,1,1.0,0.0,-0.06392340807253481,0.6666666666666666
2025-05-14,587.59,0.6666666666666667,0.6666666666666667,0,1,1.0,0.0,-0.06407512770122328,0.6666666666666666
2025-05-15,590.46,0.6666666666666667,0.6666666666666667,0,1,1.0,0.0,-0.0642149883153484,0.6666666666666666
2025-05-16,594.2,0.6666666666666667,0.6666666666666667,0,1,1.0,0.0,-0.06434797737396086,0.6666666666666666
2025-05-19,594.85,0.6666666666666667,0.6666666666666667,0,1,1.0,0.0,-0.06447095287360707,0.6666666666666666
2025-05-20,592.85,0.6666666666666667,0.6666666666666667,0,1,1.0,0.0,-0.06460920978894767,0.6666666666666666
2025-05-21,582.86,0.6666666666666667,0.6666666666666667,0,1,1.0,0.0,-0.06464425107800713,0.6666666666666666
2025-05-22,583.09,0.6666666666666667,0.6666666666666667,0,1,1.0,0.0,-0.06473647134034469,0.6666666666666666
2025-05-23,579.11,0.6666666666666667,0.6666666666666667,0,1,1.0,0.0,-0.06483782109136087,0.6666666666666666
2025-05-27,591.15,0.6666666666666667,0.6666666666666667,0,1,1.0,0.0,-0.06478472560583162,0.6666666666666666
2025-05-28,587.73,0.6666666666666667,0.6666666666666667,0,1,1.0,0.0,-0.06478728302986615,0.6666666666666666
2025-05-29,590.05,0.6666666666666667,0.6666666666666667,0,1,1.0,0.0,-0.06487813476321484,0.6666666666666666
2025-05-30,589.39,0.6666666666666667,0.6666666666666667,0,1,1.0,0.0,-0.06500523267763478,0.6666666666666666
2025-06-02,592.71,0.6666666666666667,0.6666666666666667,0,1,1.0,0.0,-0.06510568135220612,0.6666666666666666
2025-06-03,596.09,0.6666666666666667,0.6666666666666667,0,1,1.0,0.0,-0.06521456446013228,0.6666666666666666
2025-06-04,595.93,0.6666666666666667,0.6666666666666667,0,1,1.0,0.0,-0.06532635402806541,0.6666666666666666
2025-06-05,593.05,0.6666666666666667,0.6666666666666667,0,1,1.0,0.0,-0.06544558366445324,0.6666666666666666
2025-06-06,599.14,0.6666666666666667,0.6666666666666667,0,1,1.0,0.0,-0.06547637014089065,0.6666666666666666
2025-06-09,599.68,0.6666666666666667,0.6666666666666667,0,1,1.0,0.0,-0.06555776555311678,0.6666666666666666
2025-06-10,603.08,0.6666666666666667,0.6666666666666667,0,1,1.0,0.0,-0.0656697475158387,0.6666666666666666
2025-06-11,601.36,0.6666666666666667,0.6666666666666667,0,1,1.0,0.0,-0.06577028467130036,0.6666666666666666
2025-06-12,603.75,0.6666666666666667,0.6666666666666667,0,1,1.0,0.0,-0.06587511160491227,0.6666666666666666
2025-06-13,597.0,0.6666666666666667,0.6666666666666667,0,1,1.0,0.0,-0.06589925889228555,0.6666666666666666
2025-06-16,602.68,0.6666666666666667,0.6666666666666667,0,1,1.0,0.0,-0.0658968061782734,0.6666666666666666
2025-06-17,597.53,0.6666666666666667,0.6666666666666667,0,1,1.0,0.0,-0.06592766259772581,0.6666666666666666
2025-06-18,597.44,0.6666666666666667,0.6666666666666667,0,1,1.0,0.0,-0.06603161638913946,0.6666666666666666
2025-06-20,594.28,0.6666666666666667,0.6666666666666667,0,1,1.0,0.0,-0.06611802432461047,0.6666666666666666
2025-06-23,600.15,0.6666666666666667,0.6666666666666667,0,1,1.0,0.0,-0.06614737303488502,0.6666666666666666
2025-06-24,606.78,0.6666666666666667,0.6666666666666667,0,1,1.0,0.0,-0.06623886503881107,0.6666666666666666
2025-06-25,607.12,0.6666666666666667,0.6666666666666667,0,1,1.0,0.0,-0.06633296831365963,0.6666666666666666
2025-06-26,611.87,0.6666666666666667,0.6666666666666667,0,1,1.0,0.0,-0.06640070899541482,0.6666666666666666
2025-06-27,614.91,0.6666666666666667,0.6666666666666667,0,1,1.0,0.0,-0.06650696702794906,0.6666666666666666
2025-06-30,617.85,0.6666666666666667,0.6666666666666667,0,1,1.0,0.0,-0.06663473511747153,0.6666666666666666
2025-07-01,617.65,0.6666666666666667,0.6666666666666667,0,1,-1.0,0.0,-0.06675095353906967,0.6666666666666666
2025-07-02,620.45,0.6666666666666667,0.6666666666666667,0,1,-1.0,0.0,-0.06684319859607511,0.6666666666666666
2025-07-03,625.34,0.6666666666666667,0.6666666666666667,0,1,-1.0,0.0,-0.06693165518255065,0.6666666666666666
2025-07-07,620.68,0.6666666666666667,0.6666666666666667,0,1,-1.0,0.0,-0.06696021965327449,0.6666666666666666
2025-07-08,620.34,0.6666666666666667,0.6666666666666667,0,1,-1.0,0.0,-0.06706719526695579,0.6666666666666666
2025-07-09,624.06,0.6666666666666667,0.6666666666666667,0,1,-1.0,0.0,-0.06714147435862816,0.6666666666666666
2025-07-10,625.82,0.6666666666666667,0.6666666666666667,0,1,-1.0,0.0,-0.06726411029001939,0.6666666666666666
2025-07-11,623.62,0.6666666666666667,0.6666666666666667,0,1,-1.0,0.0,-0.06735161001052442,0.6666666666666666
2025-07-14,624.81,0.6666666666666667,0.6666666666666667,0,1,-1.0,0.0,-0.06741407162968434,0.6666666666666666
2025-07-15,622.14,0.6666666666666667,0.6666666666666667,0,1,-1.0,0.0,-0.06746940380186292,0.6666666666666666
2025-07-16,624.22,0.6666666666666667,0.6666666666666667,0,1,-1.0,0.0,-0.06754989025116762,0.6666666666666666
2025-07-17,628.04,0.6666666666666667,0.6666666666666667,0,1,-1.0,0.0,-0.06764835589884155,0.6666666666666666
2025-07-18,627.58,0.6666666666666667,0.6666666666666667,0,1,-1.0,0.0,-0.06771061816114501,0.6666666666666666
2025-07-21,628.77,0.6666666666666667,0.6666666666666667,0,1,-1.0,0.0,-0.06779672098691583,0.6666666666666666
2025-07-22,628.86,0.6666666666666667,0.6666666666666667,0,1,-1.0,0.0,-0.0679232710039942,0.6666666666666666
2025-07-23,634.21,0.6666666666666667,0.6666666666666667,0,1,-1.0,0.0,-0.0679427616115084,0.6666666666666666
2025-07-24,634.42,0.6666666666666667,0.6666666666666667,0,1,-1.0,0.0,-0.06800698043090322,0.6666666666666666
2025-07-25,637.1,0.6666666666666667,0.6666666666666667,0,1,-1.0,0.0,-0.06806878703603238,0.6666666666666666
2025-07-28,636.94,0.6666666666666667,0.6666666666666667,0,1,-1.0,0.0,-0.06810469279059238,0.6666666666666666
2025-07-29,635.26,0.6666666666666667,0.6666666666666667,0,1,-1.0,0.0,-0.06818471189797759,0.6666666666666666
2025-07-30,634.46,0.6666666666666667,0.6666666666666667,0,1,-1.0,0.0,-0.06827609568650651,0.6666666666666666
2025-07-31,632.08,0.6666666666666667,0.6666666666666667,0,1,-1.0,0.0,-0.06838581753443165,0.6666666666666666
2025-08-01,621.72,0.6666666666666667,0.6666666666666667,0,1,-1.0,0.0,-0.06832873143506901,0.6666666666666666
2025-08-04,631.17,0.6666666666666667,0.6666666666666667,0,1,-1.0,0.0,-0.0681400786277633,0.6666666666666666
2025-08-05,627.97,0.6666666666666667,0.6666666666666667,0,1,-1.0,0.0,-0.0681210204324499,0.6666666666666666
2025-08-06,632.78,0.6666666666666667,0.6666666666666667,0,1,-1.0,0.0,-0.06810064087053518,0.6666666666666666
2025-08-07,632.25,0.6666666666666667,0.6666666666666667,0,1,-1.0,0.0,-0.068036842999154,0.6666666666666666
2025-08-08,637.18,0.6666666666666667,0.6666666666666667,0,1,-1.0,0.0,-0.06804148151520095,0.6666666666666666
2025-08-11,635.92,0.6666666666666667,0.6666666666666667,0,1,-1.0,0.0,-0.06803920378381009,0.6666666666666666
2025-08-12,642.69,0.6666666666666667,0.6666666666666667,0,1,-1.0,0.0,-0.06796623088618095,0.6666666666666666
2025-08-13,644.89,0.6666666666666667,0.6666666666666667,0,1,-1.0,0.0,-0.06803749835657966,0.6666666666666666
2025-08-14,644.95,0.6666666666666667,0.6666666666666667,0,1,-1.0,0.0,-0.0681196720499567,0.6666666666666666
2025-08-15,643.44,0.6666666666666667,0.6666666666666667,0,1,-1.0,0.0,-0.06815875937234697,0.6666666666666666
2025-08-18,643.3,0.6666666666666667,0.6666666666666667,0,1,-1.0,0.0,-0.06824399925100187,0.6666666666666666
2025-08-19,639.81,0.6666666666666667,0.6666666666666667,0,1,-1.0,0.0,-0.06825072631954568,0.6666666666666666
2025-08-20,638.11,0.6666666666666667,0.6666666666666667,0,1,-1.0,0.0,-0.06834307411467659,0.6666666666666666
2025-08-21,635.55,0.6666666666666667,0.6666666666666667,0,1,-1.0,0.0,-0.06840497379020195,0.6666666666666666
2025-08-22,645.31,0.6666666666666667,0.6666666666666667,0,1,-1.0,0.0,-0.06837452418297828,0.6666666666666666
2025-08-25,642.47,0.6666666666666667,0.6666666666666667,0,1,-1.0,0.0,-0.06836959542745191,0.6666666666666666
2025-08-26,645.16,0.6666666666666667,0.6666666666666667,0,1,-1.0,0.0,-0.06838163634207096,0.6666666666666666
2025-08-27,646.63,0.6666666666666667,0.6666666666666667,0,1,-1.0,0.0,-0.06843824256862699,0.6666666666666666
2025-08-28,648.92,0.6666666666666667,0.6666666666666667,0,1,-1.0,0.0,-0.06854180208873607,0.6666666666666666
2025-08-29,645.05,0.6666666666666667,0.6666666666666667,0,1,-1.0,0.0,-0.06859172066381906,0.6666666666666666
2025-09-02,640.27,0.6666666666666667,0.6666666666666667,0,1,-1.0,0.0,-0.06866153492931958,0.6666666666666666
2025-09-03,643.74,0.6666666666666667,0.6666666666666667,0,1,-1.0,0.0,-0.06869729750652641,0.6666666666666666
2025-09-04,649.12,0.6666666666666667,0.6666666666666667,0,1,-1.0,0.0,-0.06867280445458578,0.6666666666666666
2025-09-05,647.24,0.6666666666666667,0.6666666666666667,0,1,-1.0,0.0,-0.06863215815093221,0.6666666666666666
2025-09-08,648.83,0.6666666666666667,0.6666666666666667,0,1,-1.0,0.0,-0.06873425018656357,0.6666666666666666
2025-09-09,650.33,0.6666666666666667,0.6666666666666667,0,1,-1.0,0.0,-0.06881520848435517,0.6666666666666666
2025-09-10,652.21,0.6666666666666667,0.6666666666666667,0,1,-1.0,0.0,-0.0688018478526809,0.6666666666666666
2025-09-11,657.63,0.6666666666666667,0.6666666666666667,0,1,-1.0,0.0,-0.06882413617075074,0.6666666666666666
2025-09-12,657.41,0.6665280641857914,0.6665280641857914,0,1,-1.0,0.0,-0.06889350897158474,0.6666666666666666
2025-09-15,660.91,0.6649094251226005,0.6649094251226005,0,1,-1.0,0.0,-0.06894746360702443,0.6666666666666666
2025-09-16,660.0,0.6628513446774906,0.6628513446774906,0,1,-1.0,0.0,-0.06901606628852809,0.6666666666666666
2025-09-17,659.18,0.6596911861563894,0.6596911861563894,0,1,-1.0,0.0,-0.06912140490589813,0.6666666666666666
2025-09-18,662.26,0.6571045633219991,0.6571045633219991,0,1,-1.0,0.0,-0.06920762566704447,0.6666666666666666
2025-09-19,663.7,0.6539361835971974,0.6539361835971974,0,1,-1.0,0.0,-0.06931323832453787,0.6666666666666666
2025-09-22,666.84,0.6529256881738519,0.6529256881738519,0,1,-1.0,0.0,-0.06934692150531604,0.6666666666666666
2025-09-23,663.21,0.6545058474518475,0.6545058474518475,0,1,-1.0,0.0,-0.06929424952938286,0.6666666666666666
2025-09-24,661.1,0.6522763245554349,0.6522763245554349,0,1,-1.0,0.0,-0.06936856695926329,0.6666666666666666
2025-09-25,658.05,0.6492688986406288,0.6492688986406288,0,1,-1.0,0.0,-0.06946881448975682,0.6666666666666666
2025-09-26,661.82,0.6479430526937718,0.6479430526937718,0,1,-1.0,0.0,-0.06951300935465204,0.6666666666666666
2025-09-29,663.68,0.6454624829643543,0.6454624829643543,0,1,-1.0,0.0,-0.0695956950122993,0.6666666666666666
2025-09-30,666.18,0.6429893806035463,0.6429893806035463,0,1,-1.0,0.0,-0.06967813175765956,0.6666666666666666
2025-10-01,668.45,0.6402052457842375,0.6402052457842375,0,1,-1.0,0.0,-0.06977093625163652,0.6666666666666666
2025-10-02,669.22,0.6383489078151212,0.6383489078151212,0,1,-1.0,0.0,-0.06983281418394041,0.6666666666666666
2025-10-03,669.21,0.6364091033400158,0.6364091033400158,0,1,-1.0,0.0,-0.06989747433311058,0.6666666666666666
2025-10-06,671.61,0.6337062292291475,0.6337062292291475,0,1,-1.0,0.0,-0.06998757013680619,0.6666666666666666
2025-10-07,669.12,0.6323610124594298,0.6323610124594298,0,1,-1.0,0.0,-0.07003241069579678,0.6666666666666666
2025-10-08,673.11,0.6328653404488864,0.6328653404488864,0,1,-1.0,0.0,-0.07001559976281489,0.6666666666666666
2025-10-09,671.16,0.6329892396854289,0.6329892396854289,0,1,-1.0,0.0,-0.07001146978826349,0.6666666666666666
2025-10-10,653.02,0.6359449852861554,0.6359449852861554,0,1,-1.0,0.0,-0.06991294493490594,0.6666666666666666
2025-10-13,663.04,0.6397539512347719,0.6397539512347719,0,1,-1.0,0.0,-0.06978597940328539,0.6666666666666666
2025-10-14,662.23,0.6387063888129976,0.6387063888129976,0,1,-1.0,0.0,-0.06982089815067787,0.6666666666666666
2025-10-15,665.17,0.6367586287680367,0.6367586287680367,0,1,-1.0,0.0,-0.0698858234855099,0.6666666666666666
2025-10-16,660.64,0.6371761802161304,0.6371761802161304,0,1,-1.0,0.0,-0.06987190510390677,0.6666666666666666
2025-10-17,664.39,0.6371960769243794,0.6371960769243794,0,1,-1.0,0.0,-0.06987124188029846,0.6666666666666666
2025-10-20,671.3,0.6357714785747166,0.6357714785747166,0,1,-1.0,0.0,-0.0699187284919539,0.6666666666666666
2025-10-21,671.29,0.6334181441134408,0.6334181441134408,0,1,-1.0,0.0,-0.06999717297399642,0.6666666666666666
2025-10-22,667.8,0.6316166337114139,0.6316166337114139,0,1,-1.0,0.0,-0.07005722332073065,0.6666666666666666
2025-10-23,671.76,0.6298208760488139,0.6298208760488139,0,1,-1.0,0.0,-0.07011708190948399,0.6666666666666666
2025-10-24,677.25,0.6280139046470102,0.6280139046470102,0,1,-1.0,0.0,-0.0701773142895441,0.6666666666666666
2025-10-27,685.24,0.6277804387963805,0.6277804387963805,0,1,-1.0,0.0,-0.0701850964845651,0.6666666666666666
2025-10-28,687.06,0.6256662512624993,0.6256662512624993,0,1,-1.0,0.0,-0.07025556940236113,0.6666666666666666
2025-10-29,687.39,0.6226500266356143,0.6226500266356143,0,1,-1.0,0.0,-0.0703561102232573,0.6666666666666666
2025-10-30,679.83,0.6215241769798814,0.6215241769798814,0,1,-1.0,0.0,-0.07039363854511507,0.6666666666666666
2025-10-31,682.06,0.6200973727494904,0.6200973727494904,0,1,-1.0,0.0,-0.0704411986861281,0.6666666666666666
2025-11-03,683.34,0.6186983333368847,0.6186983333368847,0,1,-1.0,0.0,-0.07048783333321496,0.6666666666666666
2025-11-04,675.24,0.6216145066728301,0.6216145066728301,0,1,-1.0,0.0,-0.07039062755535011,0.6666666666666666
2025-11-05,677.58,0.6207879904372453,0.6207879904372453,0,1,-1.0,0.0,-0.07041817809653626,0.6666666666666666
2025-11-06,670.31,0.6210572470188334,0.6210572470188334,0,1,-1.0,0.0,-0.07040920287715,0.6666666666666666
2025-11-07,670.97,0.6212008225258828,0.6212008225258828,0,1,-1.0,0.0,-0.07040441702691502,0.6666666666666666
2025-11-10,681.44,0.6245379069801068,0.6245379069801068,0,1,-1.0,0.0,-0.07029318087844089,0.6666666666666666
2025-11-11,683.0,0.6233420228866444,0.6233420228866444,0,1,-1.0,0.0,-0.0703330436815563,0.6666666666666666
2025-11-12,683.38,0.6206654369226509,0.6206654369226509,0,1,-1.0,0.0,-0.07042226321368941,0.6666666666666666
2025-11-13,672.04,0.6203653782129628,0.6203653782129628,0,1,-1.0,0.0,-0.07043226517067902,0.6666666666666666
2025-11-14,671.93,0.6187853720118375,0.6187853720118375,0,1,-1.0,0.0,-0.07048493204404986,0.6666666666666666
2025-11-17,665.67,0.61741314648745,0.61741314648745,0,1,-1.0,0.0,-0.07053067289486278,0.6666666666666666
2025-11-18,660.08,0.6158684610231708,0.6158684610231708,0,1,-1.0,0.0,-0.07058216241033875,0.6666666666666666
2025-11-19,662.63,0.6166147767188483,0.6166147767188483,0,1,-1.0,0.0,-0.07055728522048284,0.6666666666666666
2025-11-20,652.53,0.6162084933574125,0.6162084933574125,0,1,-1.0,0.0,-0.07057082799919737,0.6666666666666666
2025-11-21,659.03,0.6160510910025521,0.6160510910025521,0,1,-1.0,0.0,-0.07057607474435938,0.6666666666666666
2025-11-24,668.73,0.6144612667446168,0.6144612667446168,0,1,-1.0,0.0,-0.07062906888629056,0.6666666666666666
2025-11-25,675.02,0.61275105556308,0.61275105556308,0,1,-1.0,0.0,-0.07068607592567511,0.6666666666666666
2025-11-26,679.68,0.6101946457160319,0.6101946457160319,0,1,-1.0,0.0,-0.07077128958724338,0.6666666666666666
2025-11-28,683.39,0.6076504825841109,0.6076504825841109,0,1,-1.0,0.0,-0.07085609502497409,0.6666666666666666
2025-12-01,680.27,0.6065042935428937,0.6065042935428937,0,1,-1.0,0.0,-0.07089430132634798,0.6666666666666666
2025-12-02,681.53,0.6047664945746702,0.6047664945746702,0,1,-1.0,0.0,-0.0709522279586221,0.6666666666666666
2025-12-03,683.89,0.602647887661876,0.602647887661876,0,1,-1.0,0.0,-0.07102284818904858,0.6666666666666666
2025-12-04,684.39,0.5996645980605307,0.5996645980605307,0,1,-1.0,0.0,-0.07112229117576009,0.6666666666666666
2025-12-05,685.69,0.5969807849198554,0.5969807849198554,0,1,-1.0,0.0,-0.0712117516137826,0.6666666666666666
2025-12-08,683.63,0.5954123731181783,0.5954123731181783,0,1,-1.0,0.0,-0.07126403200717184,0.6666666666666666
2025-12-09,683.04,0.5926539746162176,0.5926539746162176,0,1,-1.0,0.0,-0.07135597862390386,0.6666666666666666
2025-12-10,687.57,0.591004042729695,0.591004042729695,0,1,-1.0,0.0,-0.07141097635345461,0.6666666666666666
2025-12-11,689.17,0.5887038416719018,0.5887038416719018,0,1,-1.0,0.0,-0.07148764972204771,0.6666666666666666
2025-12-12,681.76,0.5881520954336227,0.5881520954336227,0,1,-1.0,0.0,-0.07150604126332369,0.6666666666666666
2025-12-15,680.73,0.5873841581429188,0.5873841581429188,0,1,-1.0,0.0,-0.07153163917301382,0.6666666666666666
2025-12-16,678.87,0.5851924578952417,0.5851924578952417,0,1,-1.0,0.0,-0.0716046958479364,0.6666666666666666
2025-12-17,671.4,0.5834182760631135,0.5834182760631135,0,1,-1.0,0.0,-0.07166383524234067,0.6666666666666666
2025-12-18,676.47,0.5828074190530239,0.5828074190530239,0,1,-1.0,0.0,-0.07168419714267699,0.6666666666666666
2025-12-19,680.59,0.5828036677403232,0.5828036677403232,0,1,-1.0,0.0,-0.07168432218643367,0.6666666666666666
2025-12-22,684.83,0.5858220993935602,0.5858220993935602,0,1,-1.0,0.0,-0.07158370779799245,0.6666666666666666
2025-12-23,687.96,0.5835953703790979,0.5835953703790979,0,1,-1.0,0.0,-0.07165793209847451,0.6666666666666666
2025-12-24,690.38,0.5814909726649151,0.5814909726649151,0,1,-1.0,0.0,-0.07172807868894727,0.6666666666666666
2025-12-26,690.31,0.5793020396258273,0.5793020396258273,0,1,-1.0,0.0,-0.07180104312358354,0.6666666666666666
2025-12-29,687.85,0.5784183678899061,0.5784183678899061,0,1,-1.0,0.0,-0.07183049884811424,0.6666666666666666
2025-12-30,687.01,0.5762134780303944,0.5762134780303944,0,1,-1.0,0.0,-0.07190399517676463,0.6666666666666666
2025-12-31,681.92,0.5746963513114869,0.5746963513114869,0,1,-1.0,0.0,-0.07195456606739488,0.6666666666666666
2026-01-02,683.17,0.5737700905008912,0.5737700905008912,0,1,-1.0,0.0,-0.07198544142774807,0.6666666666666666
2026-01-05,687.72,0.5713616490515467,0.5713616490515467,0,1,-1.0,0.0,-0.07206572280939288,0.6666666666666666
2026-01-06,691.81,0.569941602482883,0.569941602482883,0,1,-1.0,0.0,-0.07211305769501501,0.6666666666666666
2026-01-07,689.58,0.5690274071519561,0.5690274071519561,0,1,-1.0,0.0,-0.07214353087271258,0.6666666666666666
2026-01-08,689.51,0.5679585652642032,0.5679585652642032,0,1,-1.0,0.0,-0.07217915893563767,0.6666666666666666
2026-01-09,694.07,0.5675933508609867,0.5675933508609867,0,1,-1.0,0.0,-0.07219133274907823,0.6666666666666666
2026-01-12,695.16,0.5662332259694093,0.5662332259694093,0,1,-1.0,0.0,-0.07223667024546414,0.6666666666666666
2026-01-13,693.77,0.5662916682847082,0.5662916682847082,0,1,-1.0,0.0,-0.07223472216828751,0.6666666666666666
2026-01-14,690.36,0.5633202875041808,0.5633202875041808,0,1,-1.0,0.0,-0.07233376819430509,0.6666666666666666
2026-01-15,692.24,0.5622002916801905,0.5622002916801905,0,1,-1.0,0.0,-0.0723711013884381,0.6666666666666666
2026-01-16,691.66,0.5629397788134805,0.5629397788134805,0,1,-1.0,0.0,-0.07234645181732843,0.6666666666666666
2026-01-20,677.58,0.5628146477834333,0.5628146477834333,0,1,-1.0,0.0,-0.07235062285166334,0.6666666666666666
2026-01-21,685.4,0.562512013010427,0.562512013010427,0,1,-1.0,0.0,-0.07236071067743022,0.6666666666666666
2026-01-22,688.98,0.5607021707596425,0.5607021707596425,0,1,-1.0,0.0,-0.07242103875245637,0.6666666666666666
2026-01-23,689.23,0.5578005177082878,0.5578005177082878,0,1,-1.0,0.0,-0.07251776052083486,0.6666666666666666
2026-01-26,692.73,0.5559740193209607,0.5559740193209607,0,1,-1.0,0.0,-0.07257864380041243,0.6666666666666666
2026-01-27,695.49,0.5539702792005976,0.5539702792005976,0,1,-1.0,0.0,-0.07264543513775785,0.6666666666666666
2026-01-28,695.42,0.5543835281403424,0.5543835281403424,0,1,-1.0,0.0,-0.0726316601730997,0.6666666666666666
2026-01-29,694.04,0.5530924195831048,0.5530924195831048,0,1,-1.0,0.0,-0.07267469712500763,0.6666666666666666
2026-01-30,691.97,0.550978470415459,0.550978470415459,0,1,-1.0,0.0,-0.07274516209726248,0.6666666666666666
2026-02-02,695.41,0.5494409700557767,0.5494409700557767,0,1,-1.0,0.0,-0.07279641210925189,0.6666666666666666
2026-02-03,689.53,0.5472569421051181,0.5472569421051181,0,1,-1.0,0.0,-0.07286921304094052,0.6666666666666666
2026-02-04,686.19,0.5459135977882552,0.5459135977882552,0,1,-1.0,0.0,-0.07291399118483594,0.6666666666666666
2026-02-05,677.62,0.5438826407532495,0.5438826407532495,0,1,-1.0,0.0,-0.07298168975266946,0.6666666666666666
2026-02-06,690.62,0.5425585773160998,0.5425585773160998,0,1,-1.0,0.0,-0.07302582520057445,0.6666666666666666
2026-02-09,693.95,0.5410847567172399,0.5410847567172399,0,1,-1.0,0.0,-0.07307495255386978,0.6666666666666666
2026-02-10,692.12,0.5401971713570688,0.5401971713570688,0,1,-1.0,0.0,-0.07310453873254215,0.6666666666666666
2026-02-11,691.96,0.5376193759687242,0.5376193759687242,0,1,-1.0,0.0,-0.07319046524548697,0.6666666666666666
2026-02-12,681.27,0.5352513702627218,0.5352513702627218,0,1,-1.0,0.0,-0.07326939876902039,0.6666666666666666
2026-02-13,681.75,0.533605741356032,0.533605741356032,0,1,-1.0,0.0,-0.07332425306591005,0.6666666666666666
2026-02-17,682.85,0.5318159670973028,0.0,1,0,-1.0,0.0,-0.09377777777777778,0.7666666666666666
2026-02-18,686.29,0.5282955666653021,0.0,1,0,-1.0,0.0,-0.09377777777777778,0.7666666666666666
2026-02-19,684.48,0.5249055785651224,0.0,1,0,-1.0,0.0,-0.09377777777777778,0.7666666666666666
2026-02-20,689.43,0.5223335236375399,0.0,1,0,-1.0,0.0,-0.09377777777777778,0.7666666666666666
2026-02-23,682.39,0.5210175270295039,0.0,1,0,-1.0,0.0,-0.09377777777777778,0.7666666666666666
2026-02-24,687.35,0.5209012772598277,0.0,1,0,-1.0,0.0,-0.09377777777777778,0.7666666666666666
2026-02-25,693.15,0.5174779468079731,0.0,1,0,-1.0,0.0,-0.09377777777777778,0.7666666666666666
2026-02-26,689.3,0.5149073039922407,0.0,1,0,-1.0,0.0,-0.09377777777777778,0.7666666666666666
2026-02-27,685.99,0.512498983593562,0.0,1,0,-1.0,0.0,-0.09377777777777778,0.7666666666666666
2026-03-02,686.38,0.51326436656843,0.0,1,0,-1.0,0.0,-0.09377777777777778,0.7666666666666666
2026-03-03,680.33,0.5145276706297993,0.0,1,0,-1.0,0.0,-0.09377777777777778,0.7666666666666666
2026-03-04,685.13,0.5133359232345022,0.0,1,0,-1.0,0.0,-0.09377777777777778,0.7666666666666666
2026-03-05,681.31,0.5130525850304263,0.0,1,0,-1.0,0.0,-0.09377777777777778,0.7666666666666666
2026-03-06,672.38,0.5133365479470451,0.0,1,0,-1.0,0.0,-0.09377777777777778,0.7666666666666666
2026-03-09,678.27,0.5143897483714229,0.0,1,0,-1.0,0.0,-0.09377777777777778,0.7666666666666666
2026-03-10,677.18,0.5143096230822587,0.0,1,0,-1.0,0.0,-0.09377777777777778,0.7666666666666666
2026-03-11,676.33,0.515184570143726,0.0,1,0,-1.0,0.0,-0.09377777777777778,0.7666666666666666
2026-03-12,666.06,0.5132313334444698,0.0,1,0,-1.0,0.0,-0.09377777777777778,0.7666666666666666
2026-03-13,662.29,0.5110143955501505,0.0,1,0,-1.0,0.0,-0.09377777777777778,0.7666666666666666
2026-03-16,669.03,0.5125791505319868,0.0,1,0,-1.0,0.0,-0.09377777777777778,0.7666666666666666
2026-03-17,670.79,0.5116173799454277,0.0,1,0,-1.0,0.0,-0.09377777777777778,0.7666666666666666
2026-03-18,661.43,0.5097728996798995,0.0,1,0,-1.0,0.0,-0.09377777777777778,0.7666666666666666
2026-03-19,659.8,0.508378333017144,0.0,1,0,-1.0,0.0,-0.09377777777777778,0.7666666666666666
2026-03-20,648.57,0.5058557809332871,0.0,1,0,-1.0,0.0,-0.09377777777777778,0.7666666666666666
2026-03-23,655.38,0.4993285221818346,0.0,1,0,-1.0,0.0,-0.09377777777777778,0.7666666666666666
2026-03-24,653.18,0.4954843620728142,0.0,1,0,-1.0,0.0,-0.09377777777777778,0.7666666666666666
