date_dt,n,temperature,hot_share,polarity,spy,temp_band,epic_window,polarity_day,phase,releasing,release_polarity
2016-01-04,1538,,0.0,0.0,201.0192,,False,DOWN,,,
2016-01-05,1482,,0.0,0.5310391363022942,201.36,,False,UP,,,
2016-01-06,1500,,0.0,0.194,198.82,,False,DOWN,,,
2016-01-07,1510,,0.0,0.0748344370860927,194.05,,False,DOWN,,,
2016-01-08,1520,,0.0,0.1828947368421052,191.923,,False,DOWN,,,
2016-01-11,1496,,0.0,0.46524064171123,192.11,,False,DOWN,,,
2016-01-12,1503,,0.0,0.5948103792415169,193.6608,,False,UP,,,
2016-01-13,1517,,0.0,0.071193144363876,188.83,,False,DOWN,,,
2016-01-14,1512,,0.0,0.7559523809523809,191.93,,False,UP,,,
2016-01-15,1522,,0.0,0.1222076215505913,187.81,,False,DOWN,,,
2016-01-19,1500,,0.0,0.3693333333333333,188.06,,False,DOWN,,,
2016-01-20,1544,,0.0,0.3879533678756476,185.65,,False,DOWN,,,
2016-01-21,1495,,0.0,0.5444816053511705,186.69,,False,UP,,,
2016-01-22,1485,,0.0,0.9151515151515152,190.52,,False,UP,,,
2016-01-25,1450,,0.0,0.1186206896551724,187.64,,False,DOWN,,,
2016-01-26,1465,,0.0,0.8873720136518771,190.2,,False,UP,,,
2016-01-27,1481,,0.0,0.2478055367994598,188.13,,False,DOWN,,,
2016-01-28,1455,,0.0,0.5663230240549828,189.11,,False,UP,,,
2016-01-29,1537,,0.0,0.9401431359791802,193.7208,,False,UP,,,
2016-02-01,1484,,0.0,0.4622641509433962,193.65,,False,DOWN,,,
2016-02-02,1447,,0.0,0.10573600552868,190.16,,False,DOWN,,,
2016-02-03,1477,,0.0,0.6194989844278944,191.3,,False,UP,,,
2016-02-04,1467,,0.0,0.6359918200408998,191.6,,False,UP,,,
2016-02-05,1500,,0.0,0.158,187.95,,False,DOWN,,,
2016-02-08,1487,,0.0,0.2488231338264963,185.42,,False,DOWN,,,
2016-02-09,1447,,0.0,0.4063579820317899,185.43,,False,DOWN,,,
2016-02-10,1435,,0.0,0.5261324041811847,185.27,,False,UP,,,
2016-02-11,1444,,0.0,0.2202216066481994,182.86,,False,DOWN,,,
2016-02-12,1448,,0.0,0.875,186.63,,False,UP,,,
2016-02-16,1454,,0.0,0.9105914718019256,189.78,,False,UP,,,
2016-02-17,1496,,0.0,0.8248663101604278,192.88,,False,UP,,,
2016-02-18,1448,,0.0,0.4281767955801105,192.09,,False,DOWN,,,
2016-02-19,1449,,0.0,0.5134575569358178,192.0,,False,UP,,,
2016-02-22,1483,,0.0,0.8307484828051247,194.78,,False,UP,,,
2016-02-23,1458,,0.0,0.2448559670781893,192.32,,False,DOWN,,,
2016-02-24,1446,,0.0,0.6666666666666666,193.2,,False,UP,,,
2016-02-25,1450,,0.0,0.7779310344827586,195.54,,False,UP,,,
2016-02-26,1464,,0.0,0.60724043715847,195.0892,,False,UP,,,
2016-02-29,1519,,0.0,0.3982883475971033,193.56,,False,DOWN,,,
2016-03-01,1491,,0.0,0.8705566733735748,198.11,,False,UP,,,
2016-03-02,1498,,0.0,0.7002670226969292,199.0,,False,UP,,,
2016-03-03,1504,,0.0,0.7480053191489362,199.775,,False,UP,,,
2016-03-04,1516,,0.0,0.633245382585752,200.43,,False,UP,,,
2016-03-07,1508,,0.0,0.6518567639257294,200.59,,False,UP,,,
2016-03-08,1507,,0.0,0.1479761114797611,198.4,,False,DOWN,,,
2016-03-09,1457,,0.0,0.6650652024708305,199.38,,False,UP,,,
2016-03-10,1476,,0.0,0.3970189701897019,199.54,,False,DOWN,,,
2016-03-11,1499,,0.0,0.9032688458972647,202.76,,False,UP,,,
2016-03-14,1474,,0.0,0.3622795115332429,202.5,,False,DOWN,,,
2016-03-15,1469,,0.0,0.2688904016337645,202.17,,False,DOWN,,,
2016-03-16,1471,,0.0,0.7709041468388851,203.34,,False,UP,,,
2016-03-17,1507,,0.0,0.8115461181154612,204.63,,False,UP,,,
2016-03-18,1599,,0.0,0.6435272045028143,204.38,,False,UP,,,
2016-03-21,1479,,0.0,0.4638269100743746,204.67,,False,DOWN,,,
2016-03-22,1452,,0.0,0.4421487603305785,204.56,,False,DOWN,,,
2016-03-23,1471,,0.0,0.150237933378654,203.2092,,False,DOWN,,,
2016-03-24,1460,,0.0,0.5424657534246575,203.12,,False,UP,,,
2016-03-28,1430,,0.0,0.5468531468531469,203.24,,False,UP,,,
2016-03-29,1510,,0.0,0.8900662251655629,205.1208,,False,UP,,,
2016-03-30,1496,,0.0,0.5935828877005348,206.02,,False,UP,,,
2016-03-31,1509,0.5918391104989598,0.0019880715705765,0.508283631544069,205.52,,False,UP,,,
2016-04-01,1479,0.6731986034857855,0.0020283975659229,0.6118999323867478,206.92,,False,UP,,,
2016-04-04,1474,0.7192223393374939,0.0040705563093622,0.2347354138398914,206.25,,False,DOWN,,,
2016-04-05,1485,0.7190909055358947,0.004040404040404,0.169023569023569,204.1892,,False,DOWN,,,
2016-04-06,1463,0.6436572138129159,0.0041011619958988,0.7785372522214627,206.42,,False,UP,,,
2016-04-07,1505,0.6486394616806589,0.0046511627906976,0.1528239202657807,203.95,,False,DOWN,,,
2016-04-08,1460,0.5752452204322127,0.0054794520547945,0.7095890410958904,204.4992,,False,UP,,,
2016-04-11,1465,0.5612490146590164,0.0075085324232081,0.4614334470989761,204.0201,,False,DOWN,,,
2016-04-12,1468,0.6452108880686822,0.0068119891008174,0.8167574931880109,205.92,,False,UP,,,
2016-04-13,1503,0.6945411529329502,0.0066533599467731,0.8469727212242182,208.0008,,False,UP,,,
2016-04-14,1454,0.6167131509365542,0.0055020632737276,0.420907840440165,208.01,,False,DOWN,,,
2016-04-15,1449,0.5645396465928463,0.0055210489993098,0.5645272601794341,207.78,,False,UP,,,
2016-04-18,1458,0.6148077981625031,0.0041152263374485,0.7654320987654321,209.2392,,False,UP,,,
2016-04-19,1460,0.7093495859189526,0.0068493150684931,0.636986301369863,209.9,,False,UP,,,
2016-04-20,1472,0.7126176651979454,0.0033967391304347,0.5197010869565217,210.1,,False,UP,,,
2016-04-21,1480,0.7873448206031705,0.0094594594594594,0.3148648648648648,208.97,,False,DOWN,,,
2016-04-22,1479,0.7607181307110613,0.0081135902636916,0.7281947261663286,208.97,,False,UP,,,
2016-04-25,1472,0.7567554351933985,0.0081521739130434,0.3294836956521739,208.61,,False,DOWN,,,
2016-04-26,1487,0.77198763551929,0.0100874243443174,0.773369199731002,208.9192,,False,UP,,,
2016-04-27,1493,0.835338110430393,0.0133958472873409,0.6316141995981246,209.35,,False,UP,,,
2016-04-28,1491,0.8472531751316217,0.0120724346076458,0.2454728370221328,207.4475,,False,DOWN,,,
2016-04-29,1522,0.8889123677293792,0.0157687253613666,0.323915900131406,206.3308,,False,DOWN,,,
2016-05-02,1507,0.8597262028956132,0.0139349701393497,0.7060384870603849,207.97,,False,UP,,,
2016-05-03,1491,0.8453659277403994,0.0194500335345405,0.158953722334004,206.1592,,False,DOWN,,,
2016-05-04,1507,0.8640024547744136,0.0225613802256138,0.3012607830126078,205.01,,False,DOWN,,,
2016-05-05,1496,0.8376047413289869,0.0213903743315508,0.4237967914438502,204.97,,False,DOWN,,,
2016-05-06,1513,0.8735816580550608,0.0224719101123595,0.6814276272306675,205.72,,False,UP,,,
2016-05-09,1494,0.8325493578144617,0.0254350736278447,0.5220883534136547,205.8892,,False,UP,,,
2016-05-10,1485,0.8473178116361331,0.0276094276094276,0.8323232323232324,208.45,,False,UP,,,
2016-05-11,1484,0.8228511798976195,0.0309973045822102,0.2297843665768194,206.5,,False,DOWN,,,
2016-05-12,1494,0.8315438402830648,0.0341365461847389,0.4678714859437751,206.56,,False,DOWN,,,
2016-05-13,1488,0.8779172594792454,0.032258064516129,0.2224462365591397,204.76,,False,DOWN,,,
2016-05-16,1490,0.8700605541575634,0.0335570469798657,0.8389261744966443,206.78,,False,UP,,,
2016-05-17,1525,0.9216830416290022,0.0334426229508196,0.2249180327868852,204.8508,,False,DOWN,,,
2016-05-18,1495,0.9475009102769062,0.0374581939799331,0.4735785953177257,204.91,,False,DOWN,,,
2016-05-19,1488,0.9716996152847044,0.0383064516129032,0.2809139784946236,204.2,,False,DOWN,,,
2016-05-20,1491,0.8618113984240965,0.0315224681421864,0.869215291750503,205.49,,False,UP,,,
2016-05-23,1478,0.8286728785366204,0.0263870094722598,0.4059539918809202,205.21,,False,DOWN,,,
2016-05-24,1532,0.8636203207268963,0.0241514360313315,0.8955613577023499,207.87,,False,UP,,,
2016-05-25,1486,0.8462568278888329,0.0235531628532974,0.6837146702557201,209.28,,False,UP,,,
2016-05-26,1443,0.7333565766605313,0.0221760221760221,0.4670824670824671,209.34,,False,DOWN,,,
2016-05-27,1455,0.6893657823383182,0.0164948453608247,0.770446735395189,210.24,,False,UP,,,
2016-05-31,1559,0.7011929684943259,0.0166773572803078,0.5202052597819115,209.84,,False,UP,,,
2016-06-01,1518,0.7083687208114944,0.0204216073781291,0.6554677206851119,210.27,,False,UP,,,
2016-06-02,1502,0.7127491814577496,0.0199733688415446,0.6877496671105193,210.91,,False,UP,,,
2016-06-03,1493,0.758465030379384,0.0167448091091761,0.3710649698593436,210.28,,False,DOWN,,,
2016-06-06,1521,0.7445335991405054,0.0177514792899408,0.7455621301775148,211.35,,False,UP,,,
2016-06-07,1496,0.7379021370518986,0.017379679144385,0.6049465240641712,211.68,,False,UP,,,
2016-06-08,1508,0.7946899502456416,0.019893899204244,0.6889920424403183,212.37,,False,UP,,,
2016-06-09,1504,0.823704795180269,0.0219414893617021,0.351063829787234,212.08,,False,DOWN,,,
2016-06-10,1510,0.8595173875144839,0.023841059602649,0.1013245033112582,210.07,,False,DOWN,,,
2016-06-13,1528,0.8371346315961786,0.0248691099476439,0.1289267015706806,208.4492,,False,DOWN,,,
2016-06-14,1503,0.888715290364144,0.0232867598137059,0.3785761809713905,208.04,,False,DOWN,,,
2016-06-15,1496,0.8082064675273775,0.0220588235294117,0.5227272727272727,207.75,,False,UP,,,
2016-06-16,1503,0.88811547779924,0.0186294078509647,0.5362608117099135,208.37,,False,UP,,,
2016-06-17,1611,0.7976140139894425,0.0167597765363128,0.4779639975170701,206.52,,False,DOWN,,,
2016-06-20,1532,0.8695673084328106,0.0163185378590078,0.8466057441253264,207.85,,False,UP,,,
2016-06-21,1493,0.6729694582234123,0.014735432016075,0.4949765572672471,208.44,,False,DOWN,,,
2016-06-22,1491,0.6897656650555962,0.0140845070422535,0.3883299798792756,208.1,,False,DOWN,,,
2016-06-23,1520,1.1504829303854311,0.0184210526315789,0.9171052631578948,210.81,,False,UP,,,
2016-06-24,1698,1.167045677118606,0.0229681978798586,0.0806831566548881,203.13,,False,DOWN,,,
2016-06-27,1571,1.2730354795431733,0.01973265436028,0.1120305537873965,199.6,,False,DOWN,,,
2016-06-28,1547,1.0248260821272392,0.0148674854557207,0.8720103425985779,203.1997,,False,UP,,,
2016-06-29,1520,1.039203396031664,0.0157894736842105,0.9282894736842106,206.66,,False,UP,,,
2016-06-30,1549,1.0434582931895149,0.0174306003873466,0.8695932859909619,209.475,,False,UP,,,
2016-07-01,1503,1.138961532429363,0.0199600798403193,0.5775116433799069,209.9208,,False,UP,,,
2016-07-05,1503,1.037339956960186,0.0172987358616101,0.2248835662009314,208.41,,False,DOWN,,,
2016-07-06,1491,1.0315884993677646,0.0228034875922199,0.6787391012743126,209.66,,False,UP,,,
2016-07-07,1483,0.9727711012257,0.0229265003371544,0.5380984490896831,209.526,,False,UP,,,
2016-07-08,1545,0.9873389213369184,0.0239482200647249,0.9521035598705502,212.65,,False,UP,,,
2016-07-11,1511,0.9664225040355496,0.0251489080079417,0.7657180675049636,213.4,,False,UP,,,
2016-07-12,1554,1.0712450978974095,0.0302445302445302,0.7696267696267697,214.95,,False,UP,,,
2016-07-13,1519,1.026183917427514,0.0329163923633969,0.4687294272547729,214.92,,False,DOWN,,,
2016-07-14,1509,1.0866556235182754,0.0344599072233267,0.5957587806494367,216.12,,False,UP,,,
2016-07-15,1500,1.089949760572568,0.0366666666666666,0.5113333333333333,215.83,,False,UP,,,
2016-07-18,1492,1.1246451081070137,0.0315013404825737,0.5797587131367292,216.4092,,False,UP,,,
2016-07-19,1488,1.159102211250186,0.0336021505376344,0.344758064516129,216.19,,False,DOWN,,,
2016-07-20,1480,1.1866685959962144,0.0358108108108108,0.7,217.085,,False,UP,,,
2016-07-21,1491,1.2049297063727284,0.0389000670690811,0.335345405767941,216.265,,False,DOWN,,,
2016-07-22,1473,1.2185603102970994,0.0325865580448065,0.7460964019008826,217.24,,False,UP,,,
2016-07-25,1468,1.1528241104781327,0.0354223433242506,0.3889645776566757,216.65,,False,DOWN,,,
2016-07-26,1498,1.0432554458009515,0.0293724966622162,0.6495327102803738,216.75,,False,UP,,,
2016-07-27,1498,1.0022710981117515,0.0293724966622162,0.4412550066755674,216.52,,False,DOWN,,,
2016-07-28,1491,0.9660885134248752,0.0214621059691482,0.5036887994634474,216.77,,False,UP,,,
2016-07-29,1548,0.9297397238744852,0.0219638242894056,0.539405684754522,217.12,,False,UP,,,
2016-08-01,1524,0.9303344399537244,0.0242782152230971,0.4494750656167979,216.94,,False,DOWN,,,
2016-08-02,1552,0.9479024013154967,0.032860824742268,0.1694587628865979,215.5492,,False,DOWN,,,
2016-08-03,1520,0.9517894992944524,0.0302631578947368,0.6703947368421053,216.18,,False,UP,,,
2016-08-04,1512,0.8513419712259197,0.031084656084656,0.5595238095238095,216.4097,,False,UP,,,
2016-08-05,1567,0.8351920260790501,0.0357370772176132,0.7721761327377153,218.18,,False,UP,,,
2016-08-08,1519,0.8014792385365583,0.0329163923633969,0.4838709677419355,218.05,,False,DOWN,,,
2016-08-09,1525,0.7719681768051648,0.0354098360655737,0.5429508196721311,218.18,,False,UP,,,
2016-08-10,1518,0.8019936432392838,0.0395256916996047,0.3992094861660079,217.64,,False,DOWN,,,
2016-08-11,1527,0.7915536373515194,0.0419122462344466,0.6804191224623445,218.65,,False,UP,,,
2016-08-12,1499,0.7679465280142044,0.0426951300867244,0.4069379586390927,218.46,,False,DOWN,,,
2016-08-15,1531,0.8060494984243672,0.0496407576747224,0.7406923579359895,219.09,,False,UP,,,
2016-08-16,1520,0.7901759899208181,0.05,0.2019736842105263,217.96,,False,DOWN,,,
2016-08-17,1513,0.7835646343647822,0.0475875743555849,0.4844679444811632,218.37,,False,DOWN,,,
2016-08-18,1513,0.7582110319518661,0.0495703899537343,0.7415730337078652,218.86,,False,UP,,,
2016-08-19,1526,0.7105986841360026,0.0439056356487549,0.4665792922673656,218.54,,False,DOWN,,,
2016-08-22,1515,0.7052123256963254,0.0442244224422442,0.5293729372937294,218.53,,False,UP,,,
2016-08-23,1516,0.7472593998175147,0.0441952506596306,0.6932717678100264,218.97,,False,UP,,,
2016-08-24,1516,0.69435991669012,0.0415567282321899,0.2565963060686015,217.85,,False,DOWN,,,
2016-08-25,1506,0.6741234963706795,0.0345285524568393,0.6075697211155379,217.7,,False,UP,,,
2016-08-26,1493,0.6771037274395179,0.0308104487608841,0.3824514400535834,217.29,,False,DOWN,,,
2016-08-29,1504,0.6548632382300709,0.0279255319148936,0.7486702127659575,218.3608,,False,UP,,,
2016-08-30,1504,0.6274291130479415,0.0305851063829787,0.4767287234042553,218.0,,False,DOWN,,,
2016-08-31,1546,0.581627715476795,0.0291073738680465,0.3272962483829236,217.38,,False,DOWN,,,
2016-09-01,1518,0.6019788205943649,0.0296442687747035,0.5059288537549407,217.39,,False,UP,,,
2016-09-02,1488,0.6450582395372103,0.0275537634408602,0.8313172043010753,218.37,,False,UP,,,
2016-09-06,1546,0.6208970002587675,0.0284605433376455,0.5284605433376456,219.0308,,False,UP,,,
2016-09-07,1568,0.6155489791798661,0.0248724489795918,0.6479591836734694,219.01,,False,UP,,,
2016-09-08,1529,0.7601249780588225,0.026814911706998,0.3642903858731197,218.51,,False,DOWN,,,
2016-09-09,1559,0.975549786289829,0.0282232200128287,0.0282232200128287,213.28,,False,DOWN,,,
2016-09-12,1546,0.9695888644320768,0.0304010349288486,0.869987063389392,216.34,,False,UP,,,
2016-09-13,1556,0.7884853087690826,0.025064267352185,0.0610539845758354,213.23,,False,DOWN,,,
2016-09-14,1516,0.7223931608190101,0.0224274406332453,0.4379947229551451,213.15,,False,DOWN,,,
2016-09-15,1522,0.7655347549820475,0.026281208935611,0.871222076215506,215.28,,False,UP,,,
2016-09-16,1662,0.8008705760771773,0.0258724428399518,0.345367027677497,213.37,,False,DOWN,,,
2016-09-19,1536,0.7879366565347553,0.0260416666666666,0.6940104166666666,213.41,,False,UP,,,
2016-09-20,1516,0.7891413272265305,0.0270448548812664,0.4017150395778364,213.42,MID,False,DOWN,,,
2016-09-21,1536,0.8657211738805584,0.02734375,0.8912760416666666,215.82,MID,False,UP,,,
2016-09-22,1557,0.989988004271764,0.0308285163776493,0.8304431599229287,217.18,HOT,False,UP,,,
2016-09-23,1521,0.7824430015057636,0.0230111768573307,0.2465483234714004,215.99,MID,False,DOWN,,,
2016-09-26,1520,0.84641738744957,0.0243421052631578,0.1980263157894737,214.24,MID,False,DOWN,,,
2016-09-27,1529,0.8456443279347767,0.0241988227599738,0.657946370176586,215.57,MID,False,UP,,,
2016-09-28,1528,0.8830516492950078,0.0235602094240837,0.7153141361256544,216.64,MID,False,UP,,,
2016-09-29,1522,0.8714818338687979,0.0236530880420499,0.1622864651773981,214.68,MID,False,DOWN,,,
2016-09-30,1604,0.8275264979723533,0.0193266832917705,0.7793017456359103,216.3,MID,False,UP,,,
2016-10-03,1539,0.7825518958817465,0.0194931773879142,0.336582196231319,215.78,MID,False,DOWN,,,
2016-10-04,1529,0.8001496177634211,0.0202746893394375,0.3328973185088293,214.68,MID,False,DOWN,,,
2016-10-05,1562,0.8052477418788725,0.0217669654289372,0.6722151088348272,215.63,MID,False,UP,,,
2016-10-06,1530,0.7729789778000424,0.0294117647058823,0.457516339869281,215.78,MID,False,DOWN,,,
2016-10-07,1527,0.8038279480325228,0.0261951538965291,0.2645710543549443,215.04,MID,False,DOWN,,,
2016-10-10,1507,0.8686634206514822,0.0232249502322495,0.7730590577305906,216.16,MID,False,UP,,,
2016-10-11,1534,0.8711430480698521,0.0221642764015645,0.075619295958279,213.43,MID,False,DOWN,,,
2016-10-12,1494,0.8045323283661707,0.0274431057563587,0.5910307898259706,213.71,MID,False,UP,,,
2016-10-13,1521,0.8860115312734047,0.0269559500328731,0.31689677843524,213.01,MID,False,DOWN,,,
2016-10-14,1494,0.7997487658163113,0.0274431057563587,0.4712182061579651,213.12,MID,False,DOWN,,,
2016-10-17,1479,0.7779970467552944,0.0277214334009465,0.4137931034482758,212.38,MID,False,DOWN,,,
2016-10-18,1484,0.7795068594708199,0.0283018867924528,0.7621293800539084,213.71,MID,False,UP,,,
2016-10-19,1500,0.7914081864568535,0.026,0.6313333333333333,214.28,MID,False,UP,,,
2016-10-20,1483,0.7932467298429066,0.0249494268374915,0.3715441672285907,213.88,MID,False,DOWN,,,
2016-10-21,1484,0.9007683054117298,0.0262803234501347,0.410377358490566,213.98,MID,False,DOWN,,,
2016-10-24,1494,0.928626718622954,0.0267737617135207,0.7095046854082999,214.89,MID,False,UP,,,
2016-10-25,1505,0.8355774283922028,0.0272425249169435,0.2837209302325581,214.17,MID,False,DOWN,,,
2016-10-26,1523,0.8844276602959811,0.0315167432698621,0.3571897570584373,213.74,MID,False,DOWN,,,
2016-10-27,1522,0.96154294385907,0.0407358738501971,0.2923784494086728,213.17,HOT,False,DOWN,,,
2016-10-28,1527,0.941299459204262,0.0366732154551408,0.4885396201702685,212.54,MID,False,DOWN,,,
2016-10-31,1574,0.9562622577116088,0.036848792884371,0.6054637865311309,212.55,HOT,False,UP,,,
2016-11-01,1566,1.0097044307673473,0.045338441890166,0.2081736909323116,211.01,HOT,False,DOWN,,,
2016-11-02,1544,1.084934496853409,0.0544041450777202,0.2273316062176165,209.74,HOT,False,DOWN,,,
2016-11-03,1546,1.050243991320135,0.0601552393272962,0.4333764553686934,208.78,HOT,False,DOWN,,,
2016-11-04,1557,1.140481626506801,0.062941554271034,0.5362877328195247,208.55,HOT,False,UP,,,
2016-11-07,1576,1.198827122568085,0.0621827411167512,0.9282994923857868,213.15,EPIC,True,UP,,,
2016-11-08,1533,1.2298589556286164,0.065883887801696,0.629484670580561,214.11,EPIC,True,UP,,,
2016-11-09,1639,1.5446373506470124,0.0939597315436241,0.7315436241610739,216.3792,EPIC,True,UP,,,
2016-11-10,1669,1.8191541280072947,0.1162372678250449,0.6009586578789694,216.92,EPIC,True,UP,,,
2016-11-11,1697,1.714386135573594,0.1249263406010607,0.6876841484973483,216.42,EPIC,True,UP,,,
2016-11-14,1670,1.9313020759224635,0.1844311377245509,0.6862275449101797,216.59,EPIC,True,UP,,,
2016-11-15,1628,1.9098278986370465,0.1861179361179361,0.6431203931203932,218.28,EPIC,True,UP,,,
2016-11-16,1638,1.8362123348991428,0.2106227106227106,0.4468864468864469,217.87,EPIC,True,DOWN,,,
2016-11-17,1628,1.89373771885793,0.2321867321867322,0.6314496314496314,218.99,EPIC,True,UP,,,
2016-11-18,1628,2.0045361415062137,0.2567567567567567,0.5202702702702703,218.5,EPIC,True,UP,,,
2016-11-21,1609,1.9681726698380408,0.2585456805469235,0.6880049720323183,220.15,EPIC,True,UP,,,
2016-11-22,1636,2.0393034491507924,0.2744498777506112,0.6625916870415648,220.58,EPIC,True,UP,,,
2016-11-23,1590,2.0033580060308016,0.2918238993710692,0.6144654088050314,220.7,EPIC,True,UP,,,
2016-11-25,1398,2.013019967691895,0.2868383404864091,0.6852646638054364,221.52,EPIC,True,UP,,,
2016-11-28,1607,1.999710107918116,0.2868699439950218,0.2601120099564405,220.48,EPIC,True,DOWN,,,
2016-11-29,1605,2.099430806942538,0.2853582554517134,0.5171339563862928,220.91,EPIC,True,UP,,,
2016-11-30,1639,2.066121131859713,0.2715070164734594,0.3557046979865771,220.38,EPIC,True,DOWN,,,
2016-12-01,1624,2.010734865128261,0.2543103448275862,0.4137931034482758,219.57,EPIC,True,DOWN,,,
2016-12-02,1568,1.8385594433161407,0.2174744897959183,0.5159438775510204,219.68,HOT,True,UP,,,
2016-12-05,1636,1.538426047581487,0.182762836185819,0.8147921760391198,221.0,HOT,True,UP,,,
2016-12-06,1629,1.3970560136457275,0.1430325352977286,0.7317372621240025,221.7,HOT,True,UP,,,
2016-12-07,1615,1.3088492290252018,0.0947368421052631,0.7795665634674923,224.6,HOT,True,UP,,,
2016-12-08,1664,1.2695326743618345,0.0805288461538461,0.7307692307692307,225.15,HOT,True,UP,,,
2016-12-09,1659,1.2278533955186213,0.0783604581072935,0.5557564798071127,226.51,HOT,True,UP,,,
2016-12-12,1636,1.177342586704928,0.0660146699266503,0.3429095354523227,226.25,HOT,True,DOWN,,,
2016-12-13,1636,1.1718561551547555,0.0647921760391198,0.55440097799511,227.76,HOT,False,UP,,,
2016-12-14,1613,1.1961993282204235,0.0607563546187228,0.1531308121512709,225.88,HOT,False,DOWN,,,
2016-12-15,1662,1.2324157487527567,0.0589651022864019,0.6510228640192539,226.81,HOT,False,UP,,,
2016-12-16,1728,1.1144727383492867,0.0596064814814814,0.4577546296296296,225.04,MID,False,DOWN,,,
2016-12-19,1630,1.0844149555116156,0.0472392638036809,0.6092024539877301,225.53,MID,False,UP,,,
2016-12-20,1619,1.0232973165060404,0.0487955528103767,0.7090796788140827,226.4,MID,False,UP,,,
2016-12-21,1573,0.9850689002158716,0.045772409408773,0.3471074380165289,225.77,MID,False,DOWN,,,
2016-12-22,1571,0.998741792014,0.0407383831954169,0.3131763208147676,225.38,MID,False,DOWN,,,
2016-12-23,1497,0.9282179809954808,0.034068136272545,0.6366065464261857,225.71,MID,False,UP,,,
2016-12-27,1521,0.934456579952357,0.0348454963839579,0.7034845496383958,226.27,MID,False,UP,,,
2016-12-28,1553,0.9324646065614082,0.0328396651641983,0.1139729555698647,224.4,MID,False,DOWN,,,
2016-12-29,1541,0.8752180227671099,0.0304996755353666,0.5762491888384166,224.35,MID,False,UP,,,
2016-12-30,1577,0.8331172844607364,0.0253646163601775,0.2897907419150285,223.53,MID,False,DOWN,,,
2017-01-03,1650,0.8351892766210354,0.0224242424242424,0.7115151515151515,225.24,MID,False,UP,,,
2017-01-04,1642,0.8599250480900641,0.0188794153471376,0.8623629719853837,226.58,MID,False,UP,,,
2017-01-05,1610,0.7528637391042041,0.0161490683229813,0.3354037267080745,226.4,COOL,False,DOWN,,,
2017-01-06,1591,0.7041484409053864,0.015713387806411,0.4412319296040226,227.21,COOL,False,DOWN,,,
2017-01-09,1600,0.7611826192025207,0.0125,0.28625,226.46,MID,False,DOWN,,,
2017-01-10,1601,0.7243962381421174,0.0112429731417863,0.6708307307932542,226.46,COOL,False,UP,,,
2017-01-11,1611,0.707600006017506,0.015518311607697,0.6312849162011173,227.1,COOL,False,UP,,,
2017-01-12,1584,0.7608901601212124,0.0157828282828282,0.3371212121212121,226.53,MID,False,DOWN,,,
2017-01-13,1569,0.7784277266421694,0.017208413001912,0.6978967495219885,227.05,MID,False,UP,,,
2017-01-17,1611,0.7669048086335993,0.0223463687150838,0.3376784605834885,226.25,MID,False,DOWN,,,
2017-01-18,1597,0.7255723252311164,0.0244207889793362,0.6261740763932373,226.75,COOL,False,UP,,,
2017-01-19,1575,0.7161951186151487,0.0273015873015873,0.2311111111111111,225.91,COOL,False,DOWN,,,
2017-01-20,1574,0.6761807027769345,0.0273189326556543,0.7013977128335451,226.74,COOL,False,UP,,,
2017-01-23,1552,0.7352410565202958,0.0302835051546391,0.4143041237113402,226.15,COOL,False,DOWN,,,
2017-01-24,1614,0.8198198912768401,0.037174721189591,0.815365551425031,227.6,MID,False,UP,,,
2017-01-25,1588,0.9395190395470132,0.0409319899244332,0.7424433249370277,229.57,MID,False,UP,,,
2017-01-26,1571,0.8411023815723215,0.0394653087205601,0.3621896880967536,229.33,MID,False,DOWN,,,
2017-01-27,1558,0.8410843093423812,0.0404364569961489,0.3908857509627728,228.97,MID,False,DOWN,,,
2017-01-30,1605,0.9328068325258024,0.0423676012461059,0.1975077881619937,227.55,MID,False,DOWN,,,
2017-01-31,1623,0.905560190069786,0.0375847196549599,0.5995070856438693,227.53,MID,False,UP,,,
2017-02-01,1614,0.9459295061278428,0.0421313506815365,0.4460966542750929,227.62,MID,False,DOWN,,,
2017-02-02,1598,0.9381657681798666,0.0444305381727158,0.4849812265331664,227.77,MID,False,DOWN,,,
2017-02-03,1596,0.917500063694687,0.0426065162907268,0.8327067669172933,229.34,MID,False,UP,,,
2017-02-06,1579,0.7928772849990362,0.0373654211526282,0.305256491450285,228.93,MID,False,DOWN,,,
2017-02-07,1603,0.8011534734174818,0.040548970679975,0.4173424828446662,228.94,MID,False,DOWN,,,
2017-02-08,1609,0.9144000102011112,0.0435052827843381,0.4990677439403356,229.24,MID,False,DOWN,,,
2017-02-09,1596,0.8993339254693574,0.0469924812030075,0.7656641604010025,230.6,MID,False,UP,,,
2017-02-10,1589,0.8777944748425819,0.0459408432976714,0.7212083071113908,231.51,MID,False,UP,,,
2017-02-13,1609,0.8987496406254027,0.0466128029832193,0.6295835922933499,232.77,MID,False,UP,,,
2017-02-14,1637,0.8846954560024245,0.0470372632864996,0.5693341478313989,233.7,MID,False,UP,,,
2017-02-15,1615,0.9480509607914068,0.0464396284829721,0.6681114551083591,234.92,MID,False,UP,,,
2017-02-16,1620,0.9451067453311665,0.0462962962962962,0.4395061728395061,234.72,MID,False,DOWN,,,
2017-02-17,1636,0.9784869990294872,0.0507334963325183,0.5128361858190709,235.09,MID,False,UP,,,
2017-02-21,1636,0.995152545866278,0.0550122249388753,0.7341075794621027,236.49,MID,False,UP,,,
2017-02-22,1614,0.9672061653833172,0.060718711276332,0.3890954151177199,236.28,MID,False,DOWN,,,
2017-02-23,1626,1.0550971508958866,0.0584255842558425,0.4052890528905289,236.44,HOT,False,DOWN,,,
2017-02-24,1609,1.140299626105155,0.060285891858297,0.5183343691733996,236.74,HOT,False,UP,,,
2017-02-27,1641,1.060437281248591,0.0670322973796465,0.6459475929311396,237.11,MID,False,UP,,,
2017-02-28,1682,1.1866208887941367,0.0665873959571938,0.232461355529132,236.47,HOT,False,DOWN,,,
2017-03-01,1673,1.273817900402629,0.072922893006575,0.8260609683203826,239.78,HOT,False,UP,,,
2017-03-02,1642,1.1169531576841385,0.0663824604141291,0.2289890377588307,238.27,HOT,False,DOWN,,,
2017-03-03,1631,1.0162347034787504,0.0606989576946658,0.4978540772532189,238.42,MID,False,DOWN,,,
2017-03-06,1623,0.9608225377305069,0.0542205791743684,0.2464571780653111,237.71,MID,False,DOWN,,,
2017-03-07,1612,0.933176877444491,0.053349875930521,0.2791563275434243,237.0,MID,False,DOWN,,,
2017-03-08,1641,0.9854282849154544,0.0548446069469835,0.340036563071298,236.56,MID,False,DOWN,,,
2017-03-09,1620,0.9899129540919646,0.0493827160493827,0.362962962962963,236.86,MID,False,DOWN,,,
2017-03-10,1635,0.8890237449897471,0.0477064220183486,0.6868501529051988,237.69,MID,False,UP,,,
2017-03-13,1605,0.8983771821679065,0.0479750778816199,0.6012461059190031,237.81,MID,False,UP,,,
2017-03-14,1589,0.9612383829784814,0.0421648835745752,0.2756450597860289,236.9,MID,False,DOWN,,,
2017-03-15,1646,0.9992945891498084,0.0455650060753341,0.8523693803159174,238.95,MID,False,UP,,,
2017-03-16,1622,0.9538452833392144,0.0425400739827373,0.5228113440197287,238.48,MID,False,UP,,,
2017-03-17,1759,0.8992005807568565,0.0392268334280841,0.5804434337691871,237.03,MID,False,UP,,,
2017-03-20,1631,0.9430399113876088,0.0361741263028816,0.322501532801962,236.77,MID,False,DOWN,,,
2017-03-21,1667,1.0916323680210174,0.0443911217756448,0.1145770845830833,233.73,HOT,False,DOWN,,,
2017-03-22,1641,1.1085872999889306,0.056672760511883,0.5301645338208409,234.28,HOT,False,UP,,,
2017-03-23,1622,0.8408506897555288,0.033908754623921,0.6337854500616523,234.03,MID,False,UP,,,
2017-03-24,1608,0.8907389937553726,0.0317164179104477,0.4825870646766169,233.86,MID,False,DOWN,,,
2017-03-27,1612,1.007199983316419,0.0390818858560794,0.4906947890818858,233.62,MID,False,DOWN,,,
2017-03-28,1633,0.8722545744902913,0.0367421922841396,0.7428046540110227,235.32,MID,False,UP,,,
2017-03-29,1608,0.802194449001758,0.0304726368159203,0.5497512437810945,235.54,MID,False,UP,,,
2017-03-30,1633,0.7735267727197301,0.0330679730557256,0.6509491733006736,236.29,MID,False,UP,,,
2017-03-31,1703,0.8205446173573294,0.0311215502055196,0.5290663534938345,235.74,MID,False,UP,,,
2017-04-03,1663,0.8418022013244202,0.0294648226097414,0.2609741431148527,235.33,MID,False,DOWN,,,
2017-04-04,1638,0.8499366191646285,0.0268620268620268,0.4981684981684982,235.48,MID,False,DOWN,,,
2017-04-05,1679,0.8478101045065586,0.0256104824300178,0.2561048243001786,234.78,MID,False,DOWN,,,
2017-04-06,1645,0.793514113350997,0.0273556231003039,0.7483282674772036,235.44,MID,False,UP,,,
2017-04-07,1633,0.7040474760438413,0.0177587262706674,0.4170238824249846,235.2,COOL,False,DOWN,,,
2017-04-10,1636,0.7282291371021999,0.0183374083129584,0.5886308068459658,235.34,COOL,False,UP,,,
2017-04-11,1618,0.7693764945116698,0.0179233621755253,0.6402966625463535,235.06,COOL,False,UP,,,
2017-04-12,1603,0.7639526558233793,0.0205864004990642,0.2301933873986275,234.03,COOL,False,DOWN,,,
2017-04-13,1606,0.8172511295045197,0.0211706102117061,0.1699875466998754,232.51,MID,False,DOWN,,,
2017-04-17,1587,0.7226449120150394,0.0201638311279143,0.8783868935097668,234.57,COOL,False,UP,,,
2017-04-18,1597,0.662305511476305,0.0200375704445835,0.4571070757670632,233.87,COOL,False,DOWN,,,
2017-04-19,1627,0.7022904926838414,0.0208973570989551,0.5500921942224954,233.44,COOL,False,UP,,,
2017-04-20,1634,0.7554609664851627,0.02203182374541,0.791921664626683,235.34,COOL,False,UP,,,
2017-04-21,1639,0.7845967870304871,0.0176937156802928,0.3941427699816962,234.59,MID,False,DOWN,,,
2017-04-24,1644,0.8920533356966358,0.0200729927007299,0.8290754257907542,237.17,MID,False,UP,,,
2017-04-25,1663,0.8662504716191604,0.0228502705953096,0.7468430547203848,238.55,MID,False,UP,,,
2017-04-26,1677,0.9454479390763868,0.0316040548598688,0.5879546809779368,238.4,MID,False,UP,,,
2017-04-27,1629,1.0439561125984878,0.0435850214855739,0.4898710865561694,238.6,MID,False,DOWN,,,
2017-04-28,1652,1.0539684958626725,0.0526634382566586,0.2548426150121065,238.08,MID,False,DOWN,,,
2017-05-01,1627,1.0137676044725257,0.0491702519975414,0.5691456668715427,238.68,MID,False,UP,,,
2017-05-02,1645,1.0719272422019344,0.0559270516717325,0.468693009118541,238.77,HOT,False,DOWN,,,
2017-05-03,1638,1.16578808800009,0.0714285714285714,0.3284493284493284,238.48,HOT,False,DOWN,,,
2017-05-04,1633,1.2981108068846468,0.0765462339252908,0.4972443355786895,238.76,HOT,False,DOWN,,,
2017-05-05,1637,1.2441486120476637,0.0836896762370189,0.6927306047648136,239.7,HOT,False,UP,,,
2017-05-08,1637,1.1837050499972908,0.0836896762370189,0.3897373243738546,239.66,HOT,False,DOWN,,,
2017-05-09,1667,1.2324667900802857,0.0941811637672465,0.4685062987402519,239.44,HOT,False,DOWN,,,
2017-05-10,1653,1.2485294413450183,0.0980036297640653,0.6460980036297641,239.87,HOT,False,UP,,,
2017-05-11,1653,1.1852912392723502,0.1034482758620689,0.3309134906231095,239.38,HOT,False,DOWN,,,
2017-05-12,1628,1.2227134309833478,0.0952088452088452,0.3304668304668304,238.98,HOT,False,DOWN,,,
2017-05-15,1629,1.146177260986165,0.0853284223449969,0.7728667894413751,240.3,HOT,False,UP,,,
2017-05-16,1644,1.2463959391405646,0.0967153284671532,0.4726277372262774,240.08,HOT,False,DOWN,,,
2017-05-17,1679,1.3693762286726343,0.0941036331149493,0.118522930315664,235.82,HOT,False,DOWN,,,
2017-05-18,1670,1.2608750773228676,0.0922155688622754,0.5976047904191617,236.77,HOT,False,UP,,,
2017-05-19,1666,1.133988735171355,0.0762304921968787,0.7533013205282113,238.31,MID,False,UP,,,
2017-05-22,1621,1.0814703393993217,0.0727945712523133,0.7199259716224553,239.52,MID,False,UP,,,
2017-05-23,1616,1.0128395620655366,0.068069306930693,0.5594059405940595,240.05,MID,False,UP,,,
2017-05-24,1634,0.9844268284778842,0.0660954712362301,0.5673194614443084,240.61,MID,False,UP,,,
2017-05-25,1620,0.980845654051116,0.0641975308641975,0.5666666666666667,241.76,MID,False,UP,,,
2017-05-26,1595,0.9478587798916032,0.0583072100313479,0.463949843260188,241.71,MID,False,DOWN,,,
2017-05-30,1644,0.9429036691303374,0.0535279805352798,0.3461070559610705,241.5,MID,False,DOWN,,,
2017-05-31,1686,1.0056407659690605,0.0510083036773428,0.5023724792408066,241.44,MID,False,UP,,,
2017-06-01,1662,1.0398211612165136,0.0505415162454873,0.8826714801444043,243.36,MID,False,UP,,,
2017-06-02,1674,1.1097929447587902,0.0436081242532855,0.6290322580645161,244.17,MID,False,UP,,,
2017-06-05,1627,0.959909747149287,0.0430239704978488,0.3171481253841426,243.99,MID,False,DOWN,,,
2017-06-06,1646,1.0125205675896818,0.0394896719319562,0.37910085054678,243.21,MID,False,DOWN,,,
2017-06-07,1631,0.9664419295229024,0.0392397302268546,0.545677498467198,243.66,MID,False,UP,,,
2017-06-08,1666,1.0337649678756622,0.0408163265306122,0.6554621848739496,243.78,MID,False,UP,,,
2017-06-09,1699,1.1339117851873473,0.0512065921130076,0.6015303119482048,243.41,MID,False,UP,,,
2017-06-12,1686,1.1054437235940957,0.0563463819691577,0.4804270462633452,243.36,MID,False,DOWN,,,
2017-06-13,1654,1.0247025101289402,0.0386940749697702,0.7164449818621523,244.55,MID,False,UP,,,
2017-06-14,1652,1.0768155672581097,0.0357142857142857,0.4031476997578692,244.24,MID,False,DOWN,,,
2017-06-15,1623,1.09856561818808,0.0345040049291435,0.3629081947011707,243.77,MID,False,DOWN,,,
2017-06-16,1739,1.0328507557304938,0.0322024151811385,0.5060379528464635,242.64,MID,False,UP,,,
2017-06-19,1653,1.0870451092874511,0.0308529945553539,0.7144585601935874,244.66,MID,False,UP,,,
2017-06-20,1625,0.975859989907584,0.0233846153846153,0.187076923076923,243.01,MID,False,DOWN,,,
2017-06-21,1645,0.965770729137374,0.0303951367781155,0.3762917933130699,242.95,MID,False,DOWN,,,
2017-06-22,1625,0.959395572152384,0.0252307692307692,0.5316923076923077,242.84,MID,False,UP,,,
2017-06-23,1811,0.9347592672127089,0.0287134180011043,0.6929872998343457,243.13,MID,False,UP,,,
2017-06-26,1655,0.978953710891999,0.0326283987915407,0.5981873111782477,243.29,MID,False,UP,,,
2017-06-27,1662,0.9930478429873796,0.0288808664259927,0.2803850782190132,241.33,MID,False,DOWN,,,
2017-06-28,1666,1.0292481851088415,0.0270108043217286,0.82953181272509,243.49,MID,False,UP,,,
2017-06-29,1675,1.024779758287412,0.0280597014925373,0.2901492537313432,241.35,MID,False,DOWN,,,
2017-06-30,1662,0.9300203957744708,0.0300842358604091,0.5565583634175691,241.8,MID,False,UP,,,
2017-07-03,1501,1.0034955175606173,0.0259826782145236,0.6482345103264491,242.21,MID,False,UP,,,
2017-07-05,1640,0.956750764163082,0.025,0.4256097560975609,242.77,MID,False,DOWN,,,
2017-07-06,1649,0.9783548362851447,0.026682838083687,0.118253486961795,240.55,MID,False,DOWN,,,
2017-07-07,1604,0.9050471711201704,0.0243142144638403,0.7973815461346634,242.11,MID,False,UP,,,
2017-07-10,1634,0.8402307559782811,0.0269277845777233,0.4216646266829865,242.37,MID,False,DOWN,,,
2017-07-11,1648,0.8739974410428938,0.0273058252427184,0.5400485436893204,242.19,MID,False,UP,,,
2017-07-12,1631,0.9422225673355862,0.0306560392397302,0.7774371551195586,244.01,MID,False,UP,,,
2017-07-13,1615,0.8374956780905298,0.0291021671826625,0.503405572755418,244.42,MID,False,UP,,,
2017-07-14,1618,0.8261740824384546,0.0290482076637824,0.6582200247218789,245.56,MID,False,UP,,,
2017-07-17,1642,0.79796444574314,0.0334957369062119,0.559074299634592,245.53,MID,False,UP,,,
2017-07-18,1640,0.8413405057960693,0.0317073170731707,0.3908536585365854,245.66,MID,False,DOWN,,,
2017-07-19,1640,0.8643179299554292,0.0347560975609756,0.7908536585365854,246.99,MID,False,UP,,,
2017-07-20,1618,0.8895222716596253,0.0407911001236094,0.5092707045735476,247.1,MID,False,UP,,,
2017-07-21,1681,0.8801201460937823,0.039857227840571,0.4259369422962522,246.88,MID,False,DOWN,,,
2017-07-24,1652,0.8960704197760955,0.0411622276029055,0.4987893462469733,246.82,MID,False,DOWN,,,
2017-07-25,1666,0.9721350263008586,0.0486194477791116,0.6968787515006002,247.42,MID,False,UP,,,
2017-07-26,1635,0.9951672341294826,0.0538226299694189,0.4165137614678899,247.43,MID,False,DOWN,,,
2017-07-27,1654,1.082852115024788,0.0671100362756952,0.3929866989117291,247.2,MID,False,DOWN,,,
2017-07-28,1637,1.0712038807261937,0.0653634697617593,0.4624312767257177,246.91,MID,False,DOWN,,,
2017-07-31,1672,0.9791388719014944,0.0592105263157894,0.4760765550239234,246.77,MID,False,DOWN,,,
2017-08-01,1656,1.029032427163042,0.0664251207729468,0.5972222222222222,247.32,MID,False,UP,,,
2017-08-02,1644,1.1014125267210506,0.0778588807785888,0.3181265206812652,247.44,MID,False,DOWN,,,
2017-08-03,1648,1.1150498946389502,0.0898058252427184,0.3968446601941747,246.96,HOT,False,DOWN,,,
2017-08-04,1632,1.05646293080919,0.0876225490196078,0.6060049019607843,247.41,MID,False,UP,,,
2017-08-07,1653,1.030865117272796,0.0822746521476104,0.514216575922565,247.87,MID,False,UP,,,
2017-08-08,1667,1.0763364266963729,0.0875824835032993,0.3695260947810438,247.26,MID,False,DOWN,,,
2017-08-09,1674,1.1357322888775032,0.0997610513739545,0.3219832735961768,247.25,HOT,False,DOWN,,,
2017-08-10,1670,1.202440765583585,0.1077844311377245,0.1245508982035928,243.76,HOT,False,DOWN,,,
2017-08-11,1678,1.3381635728251378,0.1072705601907032,0.5065554231227652,244.12,HOT,False,UP,,,
2017-08-14,1656,1.2414516461428209,0.107487922705314,0.841183574879227,246.54,HOT,False,UP,,,
2017-08-15,1621,1.0972508955049929,0.1061073411474398,0.3399136335595311,246.51,MID,False,DOWN,,,
2017-08-16,1617,1.0889013698997467,0.0970933828076685,0.5794681508967223,246.94,MID,False,UP,,,
2017-08-17,1655,1.1810201107109213,0.0930513595166163,0.0791540785498489,243.09,HOT,False,DOWN,,,
2017-08-18,1661,1.20154892669466,0.0933172787477423,0.4352799518362432,242.71,HOT,False,DOWN,,,
2017-08-21,1612,1.0571265748323186,0.0856079404466501,0.5055831265508685,242.9,MID,False,UP,,,
2017-08-22,1601,1.063953147603302,0.0811992504684572,0.7913803872579638,245.44,MID,False,UP,,,
2017-08-23,1614,0.988055988994532,0.0762081784386617,0.4250309789343247,244.56,MID,False,DOWN,,,
2017-08-24,1594,0.97950889210577,0.06900878293601,0.5269761606022585,243.99,MID,False,UP,,,
2017-08-25,1585,0.923523935142689,0.0637223974763406,0.656782334384858,244.56,MID,False,UP,,,
2017-08-28,1626,0.924262187958526,0.056580565805658,0.479089790897909,244.57,MID,False,DOWN,,,
2017-08-29,1634,0.962864168750921,0.0483476132190942,0.4443084455324357,244.85,MID,False,DOWN,,,
2017-08-30,1617,0.8549833113472585,0.0457637600494743,0.6536796536796536,246.01,MID,False,UP,,,
2017-08-31,1666,0.8812581070349934,0.0456182472989195,0.7575030012004802,247.49,MID,False,UP,,,
2017-09-01,1620,0.9472573852478854,0.0432098765432098,0.6944444444444444,247.84,MID,False,UP,,,
2017-09-05,1678,0.9365165068784091,0.0423122765196662,0.2705601907032181,246.06,MID,False,DOWN,,,
2017-09-06,1658,0.8726030623836116,0.0452352231604342,0.5711700844390832,246.9,MID,False,UP,,,
2017-09-07,1659,0.9159706766379948,0.0476190476190476,0.4755877034358047,246.87,MID,False,DOWN,,,
2017-09-08,1641,0.9624694383747924,0.0554539914686166,0.538086532602072,246.58,MID,False,UP,,,
2017-09-11,1655,0.9745278941027944,0.0537764350453172,0.8102719033232628,249.21,MID,False,UP,,,
2017-09-12,1637,0.9661401809842076,0.0427611484422724,0.6530238240684179,250.05,MID,False,UP,,,
2017-09-13,1670,0.9283285694307356,0.0461077844311377,0.4832335329341317,250.17,MID,False,DOWN,,,
2017-09-14,1659,0.9492327328286074,0.0524412296564195,0.4737793851717902,250.09,MID,False,DOWN,,,
2017-09-15,1787,0.9363654098390796,0.0492445439283715,0.6334639059876889,249.19,MID,False,UP,,,
2017-09-18,1691,0.9750857712862422,0.0532229450029568,0.6102897693672383,249.72,MID,False,UP,,,
2017-09-19,1667,0.9484547914372996,0.0563887222555488,0.5272945410917816,249.97,MID,False,UP,,,
2017-09-20,1692,0.974194839867504,0.0567375886524822,0.5703309692671394,250.06,MID,False,UP,,,
2017-09-21,1644,1.0010358315641996,0.0565693430656934,0.4172749391727494,249.39,MID,False,DOWN,,,
2017-09-22,1639,1.018874752509617,0.061012812690665,0.6394142769981697,249.44,MID,False,UP,,,
2017-09-25,1668,1.0582244119876427,0.0575539568345323,0.5281774580335732,248.93,MID,False,UP,,,
2017-09-26,1675,1.0901381744481349,0.0495522388059701,0.56,249.08,MID,False,UP,,,
2017-09-27,1740,1.2071079036865626,0.0517241379310344,0.7333333333333333,250.05,HOT,False,UP,,,
2017-09-28,1676,1.1562319341493004,0.0483293556085918,0.5745823389021479,250.35,HOT,False,UP,,,
2017-09-29,1701,1.15199526388788,0.0587889476778365,0.5737801293356849,251.23,HOT,False,UP,,,
2017-10-02,1716,1.2039017068068862,0.0664335664335664,0.7517482517482518,252.32,HOT,False,UP,,,
2017-10-03,1715,1.2109117645125869,0.0787172011661807,0.5860058309037901,252.86,HOT,False,UP,,,
2017-10-04,1669,1.1794212574174248,0.0766926303175554,0.4913121629718394,253.16,HOT,False,DOWN,,,
2017-10-05,1677,1.1898414258780687,0.0703637447823494,0.6201550387596899,254.66,HOT,False,UP,,,
2017-10-06,1645,1.1613874731133471,0.0680851063829787,0.4516717325227963,254.37,MID,False,DOWN,,,
2017-10-09,1634,1.0877596717087976,0.0648714810281517,0.3916768665850673,253.95,MID,False,DOWN,,,
2017-10-10,1660,1.0751405463859616,0.0626506024096385,0.6216867469879518,254.62,MID,False,UP,,,
2017-10-11,1664,1.0093513566639405,0.0625,0.5384615384615384,255.02,MID,False,UP,,,
2017-10-12,1655,1.0182552894672623,0.0537764350453172,0.4960725075528701,254.64,MID,False,DOWN,,,
2017-10-13,1661,1.0252612048315748,0.049367850692354,0.5105358217941,254.95,MID,False,UP,,,
2017-10-16,1654,0.9685189972029624,0.0465538089480048,0.526602176541717,255.29,MID,False,UP,,,
2017-10-17,1639,0.9384274483570996,0.0414887126296522,0.3813300793166565,255.47,MID,False,DOWN,,,
2017-10-18,1664,0.9258745563820228,0.0438701923076923,0.6051682692307693,255.72,MID,False,UP,,,
2017-10-19,1646,0.9731475282071274,0.0431348724179829,0.4842041312272175,255.79,MID,False,DOWN,,,
2017-10-20,1684,1.011208458930025,0.0457244655581947,0.6549881235154394,257.11,MID,False,UP,,,
2017-10-23,1641,0.8811448642697303,0.0390006093845216,0.3022547227300426,256.11,MID,False,DOWN,,,
2017-10-24,1663,0.8778583860444453,0.0438965724594107,0.5790739627179795,256.56,MID,False,UP,,,
2017-10-25,1667,0.9561854580359646,0.0467906418716256,0.2927414517096581,255.29,MID,False,DOWN,,,
2017-10-26,1663,0.9848135001536034,0.0523150932050511,0.6007215874924835,255.62,MID,False,UP,,,
2017-10-27,1678,1.0467853222527443,0.0560190703218116,0.6471990464839095,257.71,MID,False,UP,,,
2017-10-30,1661,1.0478270310586577,0.0565924142083082,0.2841661649608669,256.75,MID,False,DOWN,,,
2017-10-31,1727,1.0758550592509797,0.0642733063115228,0.6375217139548349,257.15,MID,False,UP,,,
2017-11-01,1692,1.149127420056251,0.0780141843971631,0.4196217494089834,257.49,MID,False,DOWN,,,
2017-11-02,1702,1.1836616268884028,0.0934195064629847,0.5411280846063454,257.59,HOT,False,UP,,,
2017-11-03,1691,1.1636749175912382,0.0993494973388527,0.5062093435836783,258.45,MID,False,UP,,,
2017-11-06,1689,1.2004694205292166,0.0988750740082889,0.5743043220840734,258.85,HOT,False,UP,,,
2017-11-07,1716,1.236617630098,0.1066433566433566,0.3315850815850816,258.67,HOT,False,DOWN,,,
2017-11-08,1697,1.3309065551666055,0.1149086623453152,0.5456688273423689,259.11,HOT,False,UP,,,
2017-11-09,1689,1.318539086959428,0.1219656601539372,0.3505032563647128,258.17,HOT,False,DOWN,,,
2017-11-10,1657,1.2638060371198667,0.1279420639710319,0.4870247435123717,258.09,HOT,False,DOWN,,,
2017-11-13,1667,1.254703297115445,0.1277744451109778,0.4925014997000599,258.33,HOT,False,DOWN,,,
2017-11-14,1670,1.3125150416640037,0.1293413173652694,0.4449101796407185,257.73,HOT,False,DOWN,,,
2017-11-15,1695,1.4090235372409272,0.1303834808259587,0.3020648967551622,256.44,HOT,False,DOWN,,,
2017-11-16,1687,1.345712359841795,0.1274451689389448,0.8168346176644932,258.62,HOT,False,UP,,,
2017-11-17,1678,1.2260961832713255,0.1150178784266984,0.5876042908224076,257.86,HOT,False,UP,,,
2017-11-20,1696,1.2176716036742945,0.1143867924528301,0.6597877358490566,258.3,HOT,False,UP,,,
2017-11-21,1710,1.240977643671347,0.1116959064327485,0.735672514619883,259.99,HOT,False,UP,,,
2017-11-22,1666,1.1387799759692845,0.0984393757503001,0.460984393757503,259.76,MID,False,DOWN,,,
2017-11-24,1499,1.0888735858651823,0.0940627084723148,0.5703802535023349,260.36,MID,False,UP,,,
2017-11-27,1672,1.0852799879213617,0.089712918660287,0.4090909090909091,260.23,MID,False,DOWN,,,
2017-11-28,1722,1.208869276480338,0.0911730545876887,0.7787456445993032,262.87,HOT,False,UP,,,
2017-11-29,1744,1.3816976310717315,0.0911697247706422,0.5647935779816514,262.71,EPIC,True,UP,,,
2017-11-30,1775,1.423566352389126,0.0873239436619718,0.5729577464788732,265.01,EPIC,True,UP,,,
2017-12-01,1736,1.476247956807091,0.0858294930875576,0.3703917050691244,264.46,EPIC,True,DOWN,,,
2017-12-04,1732,1.5332697958270454,0.1016166281755196,0.4982678983833718,264.14,EPIC,True,DOWN,,,
2017-12-05,1717,1.397267375689669,0.0995923121723937,0.2696563774024461,263.19,EPIC,True,DOWN,,,
2017-12-06,1693,1.3244084777961622,0.0950974601299468,0.377436503248671,263.24,HOT,True,DOWN,,,
2017-12-07,1719,1.263390768067508,0.1000581733566026,0.6783013379872018,264.07,HOT,True,UP,,,
2017-12-08,1686,1.294410346613997,0.097864768683274,0.6411625148279952,265.51,HOT,True,UP,,,
2017-12-11,1712,1.227893481924761,0.0969626168224299,0.4824766355140187,266.31,HOT,True,DOWN,,,
2017-12-12,1713,1.2151842697815145,0.0893169877408056,0.4559252772913018,266.78,HOT,True,DOWN,,,
2017-12-13,1739,1.2162966655246228,0.0845313398504887,0.550316273720529,266.75,HOT,True,UP,,,
2017-12-14,1735,1.2661774853754928,0.078386167146974,0.2357348703170028,265.66,HOT,True,DOWN,,,
2017-12-15,1839,1.2700431179761258,0.0712343665035345,0.7922784121805329,266.51,HOT,False,UP,,,
2017-12-18,1753,1.342299600005544,0.0781517398745008,0.7712492869366799,268.2,EPIC,True,UP,,,
2017-12-19,1729,1.1820457207924773,0.0711393869288606,0.3157894736842105,267.17,HOT,True,DOWN,,,
2017-12-20,1704,1.1375467177063734,0.0657276995305164,0.5129107981220657,267.03,MID,True,UP,,,
2017-12-21,1704,1.1078362551019594,0.0627934272300469,0.5815727699530516,267.58,MID,True,UP,,,
2017-12-22,1668,1.052426821606632,0.0605515587529976,0.4580335731414868,267.51,MID,True,DOWN,,,
2017-12-26,1651,0.974098799629853,0.0581465778316172,0.5208964264082374,267.19,MID,True,UP,,,
2017-12-27,1675,0.8930304800087695,0.0555223880597014,0.5259701492537313,267.32,MID,True,UP,,,
2017-12-28,1672,0.860559991469702,0.0526315789473684,0.6614832535885168,267.87,COOL,True,UP,,,
2017-12-29,1714,0.9505931270778684,0.0525087514585764,0.2292882147024504,266.86,MID,False,DOWN,,,
2018-01-02,1753,0.9956028825820412,0.0553337136337706,0.6930975470621791,268.77,MID,False,UP,,,
2018-01-03,1737,1.0452361346627932,0.0541162924582613,0.5348301669545192,270.47,MID,False,UP,,,
2018-01-04,1733,1.048464269442764,0.0548182342758222,0.5856895556837853,271.61,MID,False,UP,,,
2018-01-05,1728,1.020012315967769,0.0619212962962962,0.6319444444444444,273.42,MID,False,UP,,,
2018-01-08,1729,1.0316959625043174,0.0636205899363794,0.5795257374204743,273.92,MID,False,UP,,,
2018-01-09,1711,1.123063961795277,0.0701344243132671,0.4202220923436587,274.54,MID,False,DOWN,,,
2018-01-10,1727,1.2239918130580802,0.0775911986103068,0.3925883034163289,274.12,HOT,False,DOWN,,,
2018-01-11,1733,1.1918230261339562,0.0778995960761684,0.8141950375072129,276.12,HOT,False,UP,,,
2018-01-12,1718,1.2924819920834738,0.0844004656577415,0.6367869615832363,277.92,HOT,False,UP,,,
2018-01-16,1757,1.3490669600625051,0.0910643141718838,0.2965281730221969,276.97,EPIC,True,DOWN,,,
2018-01-17,1743,1.346969860672881,0.0929432013769363,0.7837062535857716,279.61,HOT,True,UP,,,
2018-01-18,1724,1.2798001355292488,0.0887470997679814,0.3167053364269142,279.14,HOT,True,DOWN,,,
2018-01-19,1732,1.3119415777939325,0.0877598152424942,0.7875288683602771,280.41,HOT,True,UP,,,
2018-01-22,1724,1.3399946855063718,0.105568445475638,0.6293503480278422,282.69,HOT,True,UP,,,
2018-01-23,1703,1.4285298706232143,0.1162654139753376,0.5725190839694656,283.29,EPIC,True,UP,,,
2018-01-24,1727,1.4862292941763038,0.123335263462652,0.4035900405327157,283.18,EPIC,True,DOWN,,,
2018-01-25,1737,1.489737580564841,0.132412204951065,0.5066206102475532,283.3,EPIC,True,UP,,,
2018-01-26,1723,1.543507349379964,0.1363900174114916,0.6639582124201974,286.58,EPIC,True,UP,,,
2018-01-29,1744,1.550387431666026,0.1313073394495413,0.2293577981651376,284.68,EPIC,True,DOWN,,,
2018-01-30,1748,1.5538250747362654,0.1310068649885583,0.1979405034324942,281.76,EPIC,True,DOWN,,,
2018-01-31,1760,1.4221217953620957,0.125,0.4113636363636364,281.9,HOT,True,DOWN,,,
2018-02-01,1743,1.5071060352287715,0.1227768215720023,0.5025817555938038,281.58,EPIC,True,UP,,,
2018-02-02,1763,1.6227554487095766,0.1219512195121951,0.0771412365286443,275.45,EPIC,True,DOWN,,,
2018-02-05,1797,2.0852227951038262,0.1608235948803561,0.026711185308848,263.93,EPIC,True,DOWN,,,
2018-02-06,1809,2.610011578820656,0.2338308457711442,0.7446102819237148,269.13,EPIC,True,UP,,,
2018-02-07,1748,2.3566270105170286,0.2110983981693363,0.4633867276887872,267.67,EPIC,True,DOWN,,,
2018-02-08,1763,2.5062665417908123,0.2427680090754395,0.0623936471922858,257.63,EPIC,True,DOWN,,,
2018-02-09,1790,2.686035575607342,0.293854748603352,0.7189944134078212,261.5,EPIC,True,UP,,,
2018-02-12,1750,2.5137914345826604,0.2891428571428571,0.7628571428571429,265.34,EPIC,True,UP,,,
2018-02-13,1720,2.462926352043456,0.2895348837209302,0.5877906976744186,266.0,EPIC,True,UP,,,
2018-02-14,1747,2.6369719065383874,0.3131081854607899,0.8311390955924441,269.59,EPIC,True,UP,,,
2018-02-15,1720,2.781013671765636,0.3302325581395349,0.7488372093023256,273.03,EPIC,True,UP,,,
2018-02-16,1732,2.55462045316405,0.3008083140877598,0.5560046189376443,273.11,EPIC,True,UP,,,
2018-02-20,1736,2.503790113302589,0.2845622119815668,0.2851382488479262,271.4,EPIC,True,DOWN,,,
2018-02-21,1716,2.446495693207752,0.2738927738927739,0.4498834498834498,270.05,HOT,True,DOWN,,,
2018-02-22,1707,2.4055638946122957,0.2542472173403632,0.4721734036321031,270.4,HOT,True,DOWN,,,
2018-02-23,1705,2.285532730541468,0.2222873900293255,0.8363636363636363,274.71,HOT,True,UP,,,
2018-02-26,1705,2.168686199132228,0.2005865102639296,0.6914956011730206,277.9,HOT,True,UP,,,
2018-02-27,1733,1.9882872750179903,0.1765724177726486,0.1154068090017311,274.43,HOT,True,DOWN,,,
2018-02-28,1766,1.8948840565789544,0.1613816534541336,0.1681766704416761,271.65,HOT,True,DOWN,,,
2018-03-01,1764,1.771786228755881,0.1434240362811791,0.3628117913832199,267.7,HOT,True,DOWN,,,
2018-03-02,1736,1.6620984662728304,0.1347926267281106,0.7407834101382489,269.08,HOT,False,UP,,,
2018-03-05,1742,1.4777428672976582,0.1182548794489093,0.7726750861079219,272.19,HOT,False,UP,,,
2018-03-06,1737,1.5476218987693204,0.1243523316062176,0.7495682210708118,272.88,HOT,False,UP,,,
2018-03-07,1745,1.3557886666508223,0.1174785100286533,0.5805157593123209,272.78,HOT,False,UP,,,
2018-03-08,1712,1.3893488970776895,0.1244158878504673,0.5210280373831776,274.1,HOT,False,UP,,,
2018-03-09,1754,1.393753638529191,0.1271379703534777,0.8454960091220068,278.87,HOT,False,UP,,,
2018-03-12,1750,1.3346831488717477,0.112,0.5405714285714286,278.52,HOT,False,UP,,,
2018-03-13,1753,1.2694106070633373,0.098687963491158,0.3245864232743867,276.72,MID,False,DOWN,,,
2018-03-14,1746,1.2333767317577229,0.0933562428407789,0.3264604810996563,275.3,MID,False,DOWN,,,
2018-03-15,1754,1.2144167995569888,0.0855188141391106,0.3740022805017103,275.0,MID,False,DOWN,,,
2018-03-16,1854,1.2083634473683464,0.0846817691477885,0.7168284789644013,274.2,MID,False,UP,,,
2018-03-19,1764,1.177969551160003,0.0833333333333333,0.1831065759637188,270.49,MID,False,DOWN,,,
2018-03-20,1734,1.1229210209481095,0.0790080738177624,0.5086505190311419,270.95,MID,False,UP,,,
2018-03-21,1720,1.2125280242580825,0.0755813953488372,0.5575581395348838,270.43,MID,False,UP,,,
2018-03-22,1758,1.2351837360854507,0.0733788395904436,0.0955631399317406,263.67,MID,False,DOWN,,,
2018-03-23,1776,1.494858844995436,0.071509009009009,0.1030405405405405,258.05,HOT,False,DOWN,,,
2018-03-26,1760,1.4038937900615576,0.0738636363636363,0.9073863636363636,265.11,HOT,False,UP,,,
2018-03-27,1761,1.298145550845332,0.0749574105621805,0.1839863713798978,260.6,MID,False,DOWN,,,
2018-03-28,1749,1.371236465131292,0.0783304745568896,0.4762721555174385,259.83,HOT,False,DOWN,,,
2018-03-29,1781,1.3866415152416935,0.0668163952835485,0.8029197080291971,263.15,HOT,False,UP,,,
2018-04-02,1746,1.416650348308924,0.0693012600229095,0.0733104238258877,257.47,HOT,False,DOWN,,,
2018-04-03,1744,1.2480959930988074,0.0705275229357798,0.841743119266055,260.77,MID,False,UP,,,
2018-04-04,1745,1.347752519859116,0.0859598853868194,0.8022922636103151,263.56,HOT,False,UP,,,
2018-04-05,1723,1.5829547008891582,0.0975043528728961,0.7359257109692396,265.64,HOT,False,UP,,,
2018-04-06,1721,1.2857499717553489,0.0859965136548518,0.0871586287042417,259.72,MID,False,DOWN,,,
2018-04-09,1721,1.182995342072493,0.0703079604880883,0.4776292852992446,261.0,MID,False,DOWN,,,
2018-04-10,1730,1.173773316912551,0.0601156069364161,0.8664739884393063,265.15,MID,False,UP,,,
2018-04-11,1704,1.1051228696606208,0.0498826291079812,0.4190140845070422,263.76,MID,False,DOWN,,,
2018-04-12,1699,1.098500822900518,0.0464979399646851,0.6597998822836962,265.93,MID,False,UP,,,
2018-04-13,1696,1.0501625234329108,0.0448113207547169,0.3608490566037736,265.15,MID,False,DOWN,,,
2018-04-16,1708,1.0046773398317823,0.0427400468384074,0.797423887587822,267.33,MID,False,UP,,,
2018-04-17,1744,1.0409761238513988,0.0452981651376146,0.7712155963302753,270.19,MID,False,UP,,,
2018-04-18,1728,1.054197527265491,0.0462962962962962,0.5642361111111112,270.39,MID,False,UP,,,
2018-04-19,1692,0.9826164581594554,0.0496453900709219,0.3079196217494089,268.89,MID,False,DOWN,,,
2018-04-20,1715,0.9844235429577092,0.0524781341107871,0.2822157434402332,266.61,MID,False,DOWN,,,
2018-04-23,1701,0.9889478494164692,0.0523221634332745,0.4779541446208112,266.57,MID,False,DOWN,,,
2018-04-24,1731,1.0679442938570691,0.0560369728480647,0.340265742345465,262.98,MID,False,DOWN,,,
2018-04-25,1706,1.1466823124244374,0.0627198124267292,0.4841735052754982,263.63,MID,False,DOWN,,,
2018-04-26,1705,1.0927141389348656,0.0615835777126099,0.6539589442815249,266.31,MID,False,UP,,,
2018-04-27,1689,1.109601858645489,0.0657193605683836,0.53700414446418,266.56,MID,False,UP,,,
2018-04-30,1724,1.13754870931505,0.0649651972157772,0.2401392111368909,264.51,MID,False,DOWN,,,
2018-05-01,1722,1.2249643632916098,0.0708478513356562,0.5737514518002322,264.98,MID,False,UP,,,
2018-05-02,1744,1.1942855326440465,0.0774082568807339,0.4375,263.2,MID,False,DOWN,,,
2018-05-03,1719,1.245113712980892,0.0837696335078534,0.4176847004072135,262.62,MID,False,DOWN,,,
2018-05-04,1716,1.2421256001377676,0.0874125874125874,0.8059440559440559,266.02,MID,False,UP,,,
2018-05-07,1724,1.2697763870954697,0.0870069605568445,0.6676334106728539,266.92,MID,False,UP,,,
2018-05-08,1777,1.1987948357933438,0.0889138998311761,0.562183455261677,266.92,MID,False,UP,,,
2018-05-09,1751,1.3095855616065992,0.0993717875499714,0.6893203883495146,269.5,MID,False,UP,,,
2018-05-10,1750,1.268604310374704,0.108,0.7222857142857143,272.02,MID,False,UP,,,
2018-05-11,1727,1.22923076475068,0.1094383323682686,0.5246091488129705,272.85,MID,False,UP,,,
2018-05-14,1755,1.2984286746451978,0.1094017094017094,0.4074074074074074,272.98,MID,False,DOWN,,,
2018-05-15,1761,1.3672109530169316,0.1130039750141964,0.4304372515616127,271.1,HOT,False,DOWN,,,
2018-05-16,1775,1.2649768123314324,0.1030985915492957,0.7250704225352113,272.24,MID,False,UP,,,
2018-05-17,1762,1.2619556637501763,0.1010215664018161,0.5800227014755959,272.01,MID,False,UP,,,
2018-05-18,1771,1.2679248199326991,0.1038961038961039,0.489553924336533,271.33,MID,False,DOWN,,,
2018-05-21,1749,1.3053716620173232,0.104631217838765,0.7501429388221841,273.37,MID,False,UP,,,
2018-05-22,1765,1.2638811730701374,0.1048158640226629,0.3637393767705382,272.61,MID,False,DOWN,,,
2018-05-23,1747,1.2606206359303702,0.1036061820263308,0.5094447624499141,273.36,MID,False,UP,,,
2018-05-24,1733,1.148637902287198,0.0917484131563762,0.4847085978072706,272.8,MID,False,DOWN,,,
2018-05-25,1721,1.1968574825107354,0.0877396862289366,0.4601975595583963,272.15,MID,False,DOWN,,,
2018-05-29,1777,1.2887949947607578,0.0810354530106921,0.3528418683173888,269.02,MID,False,DOWN,,,
2018-05-30,1799,1.2309866684955857,0.0733740967204002,0.8532518065591995,272.61,MID,False,UP,,,
2018-05-31,1807,1.1226483542442032,0.0664084117321527,0.2246817930271167,270.94,MID,False,DOWN,,,
2018-06-01,1782,0.9965822744613356,0.0561167227833894,0.7328843995510662,273.6,MID,False,UP,,,
2018-06-04,1785,0.9495594979825496,0.0565826330532212,0.7159663865546219,274.9,COOL,False,UP,,,
2018-06-05,1791,0.9364085867762412,0.0530429927414852,0.5901730876605249,275.1,COOL,False,UP,,,
2018-06-06,1791,0.9825597382466348,0.0569514237855946,0.7174762702400893,277.4,MID,False,UP,,,
2018-06-07,1771,0.9801677435926504,0.0632411067193675,0.4460756634669678,277.37,MID,False,DOWN,,,
2018-06-08,1768,0.9477960392186132,0.0644796380090497,0.6385746606334841,278.19,COOL,False,UP,,,
2018-06-11,1790,0.970752382520599,0.0636871508379888,0.5173184357541899,278.56,COOL,False,UP,,,
2018-06-12,1771,0.9912666157588744,0.0660643704121965,0.5601355166572558,278.92,MID,False,UP,,,
2018-06-13,1800,0.9988364761658228,0.0727777777777777,0.3361111111111111,278.03,MID,False,DOWN,,,
2018-06-14,1790,1.0102728677635713,0.0748603351955307,0.6,278.73,MID,False,UP,,,
2018-06-15,1870,1.0063388764837995,0.0721925133689839,0.4844919786096257,277.13,MID,False,DOWN,,,
2018-06-18,1808,0.9879678472485908,0.0757743362831858,0.5486725663716814,276.56,MID,False,UP,,,
2018-06-19,1814,1.019143193333632,0.0771775082690187,0.4068357221609702,275.5,MID,False,DOWN,,,
2018-06-20,1817,1.050663962219032,0.0709961474958723,0.6378646119977985,275.97,MID,False,UP,,,
2018-06-21,1805,1.0331968993666123,0.0686980609418282,0.2576177285318559,274.24,MID,False,DOWN,,,
2018-06-22,1946,1.0554790354502723,0.0621788283658787,0.5673175745118191,274.74,MID,False,UP,,,
2018-06-25,1837,1.1485330006838037,0.0631464344039194,0.170386499727817,271.0,MID,False,DOWN,,,
2018-06-26,1787,1.0463661925727754,0.0548405148293228,0.5976496922216005,271.6,MID,False,UP,,,
2018-06-27,1788,1.147128832408734,0.0553691275167785,0.1437360178970917,269.35,MID,False,DOWN,,,
2018-06-28,1789,1.215651121902836,0.0648406931246506,0.6031302403577418,270.89,MID,False,UP,,,
2018-06-29,1808,1.1701426406841997,0.058075221238938,0.5110619469026548,271.28,MID,False,UP,,,
2018-07-02,1773,1.2252014332009749,0.0620417371686407,0.6023688663282571,271.86,MID,False,UP,,,
2018-07-03,1639,1.1720985585829469,0.0640634533251982,0.5417937766931056,270.9,MID,False,UP,,,
2018-07-05,1774,1.0071081810473523,0.0614430665163472,0.8077790304396844,273.11,MID,False,UP,,,
2018-07-06,1759,1.0646566182437212,0.0653780557134735,0.801591813530415,275.42,MID,False,UP,,,
2018-07-09,1777,1.0763291638848285,0.0680922903770399,0.7011817670230726,277.9,MID,False,UP,,,
2018-07-10,1757,1.059847231115509,0.0597609561752988,0.4741035856573705,278.9,MID,False,DOWN,,,
2018-07-11,1734,1.043114688427104,0.0507497116493656,0.2687427912341407,276.86,MID,False,DOWN,,,
2018-07-12,1761,0.9618814646124564,0.0454287336740488,0.6365701306076094,279.37,COOL,False,UP,,,
2018-07-13,1714,0.9403109847376028,0.0414235705950991,0.4789964994165694,279.59,COOL,False,DOWN,,,
2018-07-16,1742,0.9137837998470804,0.0361653272101033,0.3530424799081516,279.34,COOL,False,DOWN,,,
2018-07-17,1738,0.9096243680858396,0.0316455696202531,0.6570771001150748,280.47,COOL,False,UP,,,
2018-07-18,1748,0.9376199287507077,0.0291762013729977,0.5818077803203662,281.06,COOL,False,UP,,,
2018-07-19,1770,0.9299973131883486,0.0293785310734463,0.576271186440678,280.0,COOL,False,UP,,,
2018-07-20,1755,0.8815926115378075,0.0313390313390313,0.421082621082621,279.68,COOL,False,DOWN,,,
2018-07-23,1738,0.8710116811809825,0.0356731875719217,0.4643268124280783,280.2,COOL,False,DOWN,,,
2018-07-24,1764,0.954105082211074,0.0419501133786848,0.3616780045351473,281.61,COOL,False,DOWN,,,
2018-07-25,1752,1.0190266921416826,0.0450913242009132,0.648972602739726,284.01,MID,False,UP,,,
2018-07-26,1768,1.0795405288641229,0.0514705882352941,0.6176470588235294,283.34,MID,False,UP,,,
2018-07-27,1775,1.050275114569433,0.0478873239436619,0.2264788732394366,281.42,MID,False,DOWN,,,
2018-07-30,1758,1.0761320824249387,0.0529010238907849,0.3646188850967008,279.95,MID,False,DOWN,,,
2018-07-31,1813,1.0860767700396077,0.0579150579150579,0.7308328736900166,281.33,MID,False,UP,,,
2018-08-01,1780,1.0915692109377624,0.0629213483146067,0.4140449438202247,280.86,MID,False,DOWN,,,
2018-08-02,1777,1.2137618908628085,0.0810354530106921,0.6336522228474958,282.39,MID,False,UP,,,
2018-08-03,1766,1.1287893926840185,0.080973952434881,0.5283125707814269,283.6,MID,False,UP,,,
2018-08-06,1741,1.0791310374414274,0.0832854681217691,0.6513497989661114,284.64,MID,False,UP,,,
2018-08-07,1770,1.1188985134560336,0.0949152542372881,0.5943502824858757,285.58,MID,False,UP,,,
2018-08-08,1800,1.1038888315666318,0.095,0.4733333333333333,285.46,MID,False,DOWN,,,
2018-08-09,1774,1.1813215750559316,0.0992108229988726,0.4797068771138669,285.07,MID,False,DOWN,,,
2018-08-10,1765,1.1529897868883825,0.0980169971671388,0.3002832861189802,283.16,MID,False,DOWN,,,
2018-08-13,1778,1.1121091049758849,0.0944881889763779,0.2935883014623172,282.1,MID,False,DOWN,,,
2018-08-14,1778,1.1584414154726408,0.0956130483689538,0.7845894263217098,283.9,MID,False,UP,,,
2018-08-15,1773,1.2322116903042082,0.0970107163000564,0.2380146644106035,281.78,MID,False,DOWN,,,
2018-08-16,1757,1.0888755734130977,0.0944792259533295,0.7797381900967558,284.06,MID,False,UP,,,
2018-08-17,1775,1.0553021435660392,0.0901408450704225,0.708169014084507,285.06,MID,False,UP,,,
2018-08-20,1749,1.0726193556124914,0.0886220697541452,0.6535162950257289,285.67,MID,False,UP,,,
2018-08-21,1765,1.049794615249792,0.0810198300283286,0.7263456090651558,286.34,MID,False,UP,,,
2018-08-22,1760,1.0110803606065604,0.0755681818181818,0.4875,286.17,MID,False,DOWN,,,
2018-08-23,1730,0.977794891295335,0.0734104046242774,0.330057803468208,285.79,COOL,False,DOWN,,,
2018-08-24,1726,0.9280890359402312,0.0701042873696407,0.7097334878331402,287.51,COOL,False,UP,,,
2018-08-27,1763,0.9585910652784052,0.0726035167328417,0.6602382302892796,289.78,COOL,False,UP,,,
2018-08-28,1738,0.8900967913233331,0.0632911392405063,0.4574223245109321,289.92,COOL,False,DOWN,,,
2018-08-29,1746,0.8648948812341535,0.0607101947308132,0.6288659793814433,291.48,COOL,False,UP,,,
2018-08-30,1738,0.8083127625182586,0.051783659378596,0.2848101265822785,290.3,COOL,False,DOWN,,,
2018-08-31,1761,0.8110373750910957,0.0477001703577512,0.588869960249858,290.31,COOL,False,UP,,,
2018-09-04,1773,0.8477043820886243,0.0445572476029328,0.3948110547095319,289.81,COOL,False,DOWN,,,
2018-09-05,1767,0.8518566209330357,0.0424448217317487,0.4714204867006225,289.03,COOL,False,DOWN,,,
2018-09-06,1759,0.8480242639524126,0.0454803865832859,0.3996588971006253,288.16,COOL,False,DOWN,,,
2018-09-07,1753,0.8709129348696935,0.0439247005134055,0.4004563605248146,287.6,COOL,False,DOWN,,,
2018-09-10,1743,0.8227305545316299,0.0430292598967297,0.5874928284566838,288.1,COOL,False,UP,,,
2018-09-11,1752,0.8012486484783792,0.045662100456621,0.4977168949771689,289.05,COOL,False,DOWN,,,
2018-09-12,1766,0.8245431041330753,0.0469988674971687,0.4920724801812005,289.12,COOL,False,DOWN,,,
2018-09-13,1748,0.8261324464103029,0.0474828375286041,0.584096109839817,290.83,COOL,False,UP,,,
2018-09-14,1757,0.8270451456884165,0.0517928286852589,0.5896414342629482,290.88,COOL,False,UP,,,
2018-09-17,1756,0.8241695006176444,0.0484054669703872,0.3331435079726651,289.34,COOL,False,DOWN,,,
2018-09-18,1768,0.8623596522770023,0.044683257918552,0.6153846153846154,290.91,COOL,False,UP,,,
2018-09-19,1788,0.9091692257813496,0.0430648769574944,0.4546979865771812,291.22,COOL,False,DOWN,,,
2018-09-20,1795,0.9597648794875402,0.0440111420612813,0.7894150417827298,293.58,COOL,False,UP,,,
2018-09-21,1927,0.94234086341559,0.0409963674104826,0.4270887389724961,291.99,COOL,False,DOWN,,,
2018-09-24,1782,0.9700574025774436,0.0426487093153759,0.2979797979797979,291.02,COOL,False,DOWN,,,
2018-09-25,1769,0.9294071908666688,0.040135669869983,0.4855850763143018,290.75,COOL,False,DOWN,,,
2018-09-26,1782,0.9344660397744784,0.0404040404040404,0.2861952861952861,289.88,COOL,False,DOWN,,,
2018-09-27,1756,0.9352990425361312,0.041002277904328,0.4806378132118451,290.69,COOL,False,DOWN,,,
2018-09-28,1792,0.964932014631522,0.0345982142857142,0.5725446428571429,290.72,COOL,False,UP,,,
2018-10-01,1781,1.0453639539014978,0.0364963503649635,0.3498034811903425,291.73,MID,False,DOWN,,,
2018-10-02,1768,1.0575733330850683,0.0401583710407239,0.3523755656108597,291.56,MID,False,DOWN,,,
2018-10-03,1782,1.0388698544115036,0.0375982042648709,0.6127946127946128,291.72,MID,False,UP,,,
2018-10-04,1791,1.0652075727295516,0.0368509212730318,0.2010050251256281,289.44,MID,False,DOWN,,,
2018-10-05,1784,1.0308270569645035,0.0392376681614349,0.2993273542600896,287.82,MID,False,DOWN,,,
2018-10-08,1748,1.118355997434994,0.045766590389016,0.4982837528604119,287.82,MID,False,DOWN,,,
2018-10-09,1794,1.161430750174728,0.0529542920847268,0.3779264214046823,287.4,MID,False,DOWN,,,
2018-10-10,1814,1.3880879532479458,0.0788313120176405,0.0606394707828004,278.3,HOT,False,DOWN,,,
2018-10-11,1821,1.6910530917114146,0.1131246567819879,0.1510159253157605,272.17,HOT,False,DOWN,,,
2018-10-12,1814,1.6911898375305925,0.1256890848952591,0.6108048511576626,275.95,HOT,False,UP,,,
2018-10-15,1753,1.8107079852025567,0.1431831146605818,0.5955504848830576,274.4,HOT,False,UP,,,
2018-10-16,1792,1.7708837475572223,0.1512276785714285,0.9408482142857144,280.4,HOT,False,UP,,,
2018-10-17,1748,1.7348694834830969,0.1498855835240274,0.3838672768878718,280.45,HOT,False,DOWN,,,
2018-10-18,1758,1.695081900008324,0.1547212741751991,0.139362912400455,276.4,HOT,False,DOWN,,,
2018-10-19,1768,1.691561352097477,0.1555429864253393,0.3716063348416289,276.25,HOT,False,DOWN,,,
2018-10-22,1766,1.7738719278324635,0.1659116647791619,0.4150622876557191,275.01,HOT,False,DOWN,,,
2018-10-23,1785,1.987037724989969,0.1938375350140056,0.2969187675070028,273.61,HOT,False,DOWN,,,
2018-10-24,1799,2.1825991073008457,0.2273485269594219,0.1306281267370761,265.32,HOT,False,DOWN,,,
2018-10-25,1796,2.159932756421963,0.2366369710467706,0.8223830734966593,270.08,HOT,False,UP,,,
2018-10-26,1785,2.084006896090903,0.2369747899159663,0.2492997198879551,265.33,HOT,False,DOWN,,,
2018-10-29,1775,2.0760515556923687,0.2326760563380281,0.4422535211267606,263.86,HOT,False,DOWN,,,
2018-10-30,1770,2.106247719974842,0.2401129943502825,0.8463276836158192,267.77,HOT,False,UP,,,
2018-10-31,1829,2.0140471158085678,0.2033898305084746,0.5986878075451066,270.63,HOT,False,UP,,,
2018-11-01,1814,1.804014741255412,0.1681367144432194,0.8070562293274531,273.51,HOT,False,UP,,,
2018-11-02,1801,1.7390267091967175,0.1476957245974458,0.5019433647973348,271.89,HOT,False,UP,,,
2018-11-05,1790,1.5563778428829895,0.1195530726256983,0.5726256983240223,273.39,HOT,False,UP,,,
2018-11-06,1776,1.4913993870250404,0.116554054054054,0.6717342342342343,275.12,HOT,False,UP,,,
2018-11-07,1806,1.5807055222383717,0.1229235880398671,0.8289036544850499,281.01,HOT,False,UP,,,
2018-11-08,1785,1.5994266242082895,0.1288515406162464,0.453781512605042,280.5,HOT,False,DOWN,,,
2018-11-09,1788,1.5801634950415766,0.1219239373601789,0.2416107382550335,277.76,HOT,False,DOWN,,,
2018-11-12,1775,1.5681645488183449,0.1250704225352112,0.1757746478873239,272.57,HOT,False,DOWN,,,
2018-11-13,1792,1.4874261800540054,0.1188616071428571,0.5011160714285714,272.06,MID,False,UP,,,
2018-11-14,1787,1.5298639602355175,0.1163961947397873,0.3603805260212647,270.2,HOT,False,DOWN,,,
2018-11-15,1788,1.5827878530323096,0.1090604026845637,0.7354586129753915,273.02,HOT,False,UP,,,
2018-11-16,1791,1.4728978487925442,0.1055276381909547,0.5996649916247906,273.73,MID,False,UP,,,
2018-11-19,1767,1.490291077793262,0.1092246745897,0.2337294850028296,269.1,MID,False,DOWN,,,
2018-11-20,1788,1.659767416711812,0.1196868008948545,0.168903803131991,264.12,HOT,False,DOWN,,,
2018-11-21,1715,1.4075853884442444,0.0973760932944606,0.7877551020408163,265.02,MID,False,UP,,,
2018-11-23,1527,1.3156897853381364,0.0798952193844138,0.4754420432220039,263.25,MID,False,DOWN,,,
2018-11-26,1765,1.2747518971563985,0.0753541076487252,0.7858356940509915,267.5,MID,False,UP,,,
2018-11-27,1732,1.1365183754910606,0.0710161662817552,0.371824480369515,268.4,MID,False,DOWN,,,
2018-11-28,1799,1.1238891183560575,0.0650361311839911,0.9038354641467482,274.58,MID,False,UP,,,
2018-11-29,1760,1.039868733385006,0.0568181818181818,0.3977272727272727,273.98,MID,False,DOWN,,,
2018-11-30,1819,1.017674638638252,0.0472787245739417,0.6564046179219352,275.65,MID,False,UP,,,
2018-12-03,1807,1.3172156991164314,0.0514665190924183,0.7221914775871611,279.3,MID,False,UP,,,
2018-12-04,1814,1.4105648182401789,0.0490628445424476,0.0540242557883131,270.25,MID,False,DOWN,,,
2018-12-06,1834,1.6532588233453156,0.0577971646673936,0.4591057797164667,269.84,HOT,False,DOWN,,,
2018-12-07,1800,1.2318366324825138,0.0422222222222222,0.1561111111111111,263.57,MID,False,DOWN,,,
2018-12-10,1799,1.2265336407253402,0.037242912729294,0.3740967204002223,264.07,MID,False,DOWN,,,
2018-12-11,1775,1.085481529791326,0.0349295774647887,0.4523943661971831,264.13,MID,False,DOWN,,,
2018-12-12,1792,1.1618429200356963,0.0368303571428571,0.7405133928571429,265.46,MID,False,UP,,,
2018-12-13,1786,1.142303543199792,0.0391937290033594,0.2928331466965285,265.37,MID,False,DOWN,,,
2018-12-14,1784,1.24505693660149,0.0482062780269058,0.1496636771300448,260.47,MID,False,DOWN,,,
2018-12-17,1848,1.421258517867663,0.0611471861471861,0.1066017316017316,255.36,MID,False,DOWN,,,
2018-12-18,1809,1.4341989636065977,0.074074074074074,0.5085682697622996,255.08,MID,False,UP,,,
2018-12-19,1826,1.4821289853701614,0.0930996714129244,0.1484118291347207,251.26,MID,False,DOWN,,,
2018-12-20,1836,1.7457176696860262,0.1388888888888889,0.1988017429193899,247.17,HOT,False,DOWN,,,
2018-12-21,1901,1.9354271630861908,0.1699105733824303,0.1299316149395055,240.7,HOT,False,DOWN,,,
2018-12-24,1669,2.6538051323796568,0.2774116237267825,0.1180347513481126,234.34,EPIC,True,DOWN,,,
2018-12-26,1801,2.6874710445131846,0.2942809550249861,0.983342587451416,246.18,EPIC,True,UP,,,
2018-12-27,1790,2.473621520555459,0.2748603351955307,0.6391061452513966,248.07,HOT,True,UP,,,
2018-12-28,1788,2.5288041201196085,0.2824384787472035,0.5419463087248322,247.75,EPIC,True,UP,,,
2018-12-31,1791,2.2762094620863507,0.2389726409826912,0.7520938023450586,249.92,HOT,True,UP,,,
2019-01-02,1808,2.190920074615587,0.2190265486725663,0.5691371681415929,250.18,HOT,True,UP,,,
2019-01-03,1764,1.9990397270436355,0.1717687074829932,0.223922902494331,244.21,HOT,True,DOWN,,,
2019-01-04,1798,1.6691850160853303,0.1307007786429365,0.9655172413793104,252.39,HOT,True,UP,,,
2019-01-07,1807,1.5050136203604445,0.1040398450470393,0.7819590481460985,254.38,MID,True,UP,,,
2019-01-08,1790,1.4425997542163915,0.0871508379888268,0.8162011173184358,256.77,MID,True,UP,,,
2019-01-09,1789,1.4084408923226168,0.0743432084963666,0.7221911682504192,257.97,MID,True,UP,,,
2019-01-10,1756,1.3352903020887503,0.0518223234624145,0.6594533029612756,258.88,MID,False,UP,,,
2019-01-11,1763,1.2822572923223448,0.0397050482132728,0.554736245036869,258.98,MID,False,UP,,,
2019-01-14,1754,1.237737830534377,0.032497149372862,0.2924743443557582,257.4,MID,False,DOWN,,,
2019-01-15,1737,1.2631276922623609,0.0333909038572251,0.7109959700633276,260.35,MID,False,UP,,,
2019-01-16,1774,1.3172430257975918,0.040586245772266,0.6753100338218715,260.98,MID,False,UP,,,
2019-01-17,1773,1.3525677606022777,0.047941342357586,0.7969543147208121,262.96,MID,False,UP,,,
2019-01-18,1801,1.6040471767510929,0.0716268739589117,0.8295391449194892,266.46,HOT,False,UP,,,
2019-01-22,1784,1.5468759574833049,0.0728699551569506,0.1541479820627802,262.86,MID,False,DOWN,,,
2019-01-23,1738,1.5170981051493562,0.074223245109321,0.4746835443037974,263.41,MID,False,DOWN,,,
2019-01-24,1724,1.4242022583841027,0.0585846867749419,0.6583526682134571,263.55,MID,False,UP,,,
2019-01-25,1749,1.4055329336545948,0.0583190394511149,0.8010291595197255,265.78,MID,False,UP,,,
2019-01-28,1729,1.2344650844809608,0.0456911509543088,0.3846153846153846,263.76,MID,False,DOWN,,,
2019-01-29,1746,1.1937199423239315,0.0492554410080183,0.5177548682703322,263.41,MID,False,UP,,,
2019-01-30,1755,1.1581987017416522,0.0461538461538461,0.7772079772079772,267.58,MID,False,UP,,,
2019-01-31,1805,1.133832339205883,0.0404432132963988,0.6903047091412743,269.93,MID,False,UP,,,
2019-02-01,1768,1.0019400990775933,0.0328054298642533,0.5690045248868778,270.06,COOL,False,UP,,,
2019-02-04,1752,0.9154617843069516,0.0319634703196347,0.75,271.96,COOL,False,UP,,,
2019-02-05,1749,0.9037901507234976,0.0348770726129216,0.6472269868496283,273.1,COOL,False,UP,,,
2019-02-06,1732,0.914796007660416,0.0381062355658198,0.4249422632794457,272.74,COOL,False,DOWN,,,
2019-02-07,1746,0.9693140721628516,0.0441008018327606,0.3396334478808706,270.14,COOL,False,DOWN,,,
2019-02-08,1737,0.934780770158986,0.0437535981577432,0.4905008635578584,270.47,COOL,False,DOWN,,,
2019-02-11,1742,0.9084756022646906,0.0419058553386911,0.6659012629161883,270.62,COOL,False,UP,,,
2019-02-12,1764,0.9278963099990626,0.0459183673469387,0.796485260770975,274.1,COOL,False,UP,,,
2019-02-13,1764,0.9046578194570308,0.0476190476190476,0.6082766439909297,274.99,COOL,False,UP,,,
2019-02-14,1785,0.9431028346838306,0.0453781512605042,0.472829131652661,274.38,COOL,False,DOWN,,,
2019-02-15,1806,0.9316973166070858,0.0487264673311184,0.8366555924695459,277.37,COOL,False,UP,,,
2019-02-19,1821,0.9301013116496906,0.0543657331136738,0.6073585941790225,277.85,COOL,False,UP,,,
2019-02-20,1815,0.979436253091883,0.0589531680440771,0.6330578512396694,278.41,COOL,False,UP,,,
2019-02-21,1784,0.9974949882169912,0.0588565022421524,0.3811659192825112,277.42,MID,False,DOWN,,,
2019-02-22,1801,1.015368481797968,0.0610771793448084,0.7745696835091616,279.14,MID,False,UP,,,
2019-02-25,1815,1.03178678537554,0.0666666666666666,0.456198347107438,279.52,MID,False,DOWN,,,
2019-02-26,1793,0.979978489367242,0.0591187953151143,0.3240379252649191,279.32,MID,False,DOWN,,,
2019-02-27,1788,0.9713934261704492,0.0609619686800894,0.5341163310961968,279.2,COOL,False,UP,,,
2019-02-28,1817,0.9523002977625056,0.0632911392405063,0.3995597138139791,278.68,COOL,False,DOWN,,,
2019-03-01,1809,0.9442055248983348,0.0597014925373134,0.6661138750690989,280.42,COOL,False,UP,,,
2019-03-04,1828,0.9159547741664292,0.0579868708971553,0.3572210065645514,279.4,COOL,False,DOWN,,,
2019-03-05,1797,0.8615154658005938,0.0539788536449638,0.3756260434056761,279.02,COOL,False,DOWN,,,
2019-03-06,1822,0.8837615084411055,0.0548847420417124,0.1476399560922063,277.33,COOL,False,DOWN,,,
2019-03-07,1798,0.8961211287620078,0.0528364849833147,0.2497219132369299,275.01,COOL,False,DOWN,,,
2019-03-08,1774,0.9457206392212314,0.0496054114994363,0.4447576099210823,274.46,COOL,False,DOWN,,,
2019-03-11,1804,0.8344944499435176,0.048780487804878,0.8913525498891353,278.44,COOL,False,UP,,,
2019-03-12,1794,0.7580153065745808,0.0484949832775919,0.5512820512820513,279.49,COOL,False,UP,,,
2019-03-13,1796,0.735250709276632,0.0462138084632516,0.7043429844097996,281.34,COOL,False,UP,,,
2019-03-14,1785,0.7128134274748684,0.04593837535014,0.4184873949579832,281.16,COOL,False,DOWN,,,
2019-03-15,1932,0.7126626732692931,0.0419254658385093,0.6092132505175983,281.31,COOL,False,UP,,,
2019-03-18,1820,0.7567866914259362,0.045054945054945,0.6934065934065934,282.33,COOL,False,UP,,,
2019-03-19,1777,0.8011085709503549,0.0433314575126617,0.3669105233539673,282.4,COOL,False,DOWN,,,
2019-03-20,1802,0.8047884393333172,0.0399556048834628,0.3007769145394006,281.55,COOL,False,DOWN,,,
2019-03-21,1806,0.9064465262453668,0.0365448504983388,0.7940199335548173,284.73,COOL,False,UP,,,
2019-03-22,1828,0.971851170329579,0.0339168490153172,0.0782275711159737,279.25,MID,False,DOWN,,,
2019-03-25,1790,0.9113640132950254,0.0284916201117318,0.5854748603351956,279.04,COOL,False,UP,,,
2019-03-26,1788,0.7812495134951033,0.0268456375838926,0.7947427293064877,281.12,COOL,False,UP,,,
2019-03-27,1785,0.7246327919410009,0.0235294117647058,0.403921568627451,279.65,COOL,False,DOWN,,,
2019-03-28,1756,0.73350975298743,0.0239179954441913,0.7260820045558086,280.71,COOL,False,UP,,,
2019-03-29,1858,0.732153607486137,0.0215285252960172,0.6345532831001076,282.48,COOL,False,UP,,,
2019-04-01,1814,0.7776118564912186,0.0187431091510474,0.7734288864388092,285.83,COOL,False,UP,,,
2019-04-02,1787,0.6882342236262461,0.0201454952434247,0.4208170117515389,285.97,COOL,False,DOWN,,,
2019-04-03,1791,0.7179934145192505,0.021217197096594,0.638749302065885,286.42,COOL,False,UP,,,
2019-04-04,1764,0.7228206301774235,0.0198412698412698,0.6417233560090703,287.18,COOL,False,UP,,,
2019-04-05,1794,0.7256226881759631,0.020066889632107,0.774247491638796,288.57,COOL,False,UP,,,
2019-04-08,1761,0.7076772273843187,0.0181714934696195,0.4974446337308347,288.79,COOL,False,DOWN,,,
2019-04-09,1780,0.7392065100867163,0.0174157303370786,0.1640449438202247,287.31,COOL,False,DOWN,,,
2019-04-10,1795,0.7182795193714357,0.0172701949860724,0.8,288.29,COOL,False,UP,,,
2019-04-11,1748,0.7210803823178799,0.017162471395881,0.5503432494279176,288.21,COOL,False,UP,,,
2019-04-12,1766,0.7741723824712955,0.0175537938844847,0.702718006795017,290.16,COOL,False,UP,,,
2019-04-15,1742,0.7757495089916235,0.018369690011481,0.3938002296211251,289.97,COOL,False,DOWN,,,
2019-04-16,1776,0.8446182374240574,0.018018018018018,0.5900900900900901,290.16,COOL,False,UP,,,
2019-04-17,1790,0.9139191046490313,0.0217877094972067,0.3737430167597765,289.45,MID,False,DOWN,,,
2019-04-18,1767,0.9170676811936346,0.0237691001697792,0.5268817204301075,290.02,MID,False,UP,,,
2019-04-22,1773,0.9336061557634272,0.0253807106598984,0.386350817822899,290.27,MID,False,DOWN,,,
2019-04-23,1828,0.877377711756245,0.0257111597374179,0.8107221006564551,292.88,COOL,False,UP,,,
2019-04-24,1816,0.9098616146111818,0.0269823788546255,0.5324889867841409,292.23,COOL,False,UP,,,
2019-04-25,1784,0.8575209480912304,0.0280269058295964,0.3548206278026906,292.05,COOL,False,DOWN,,,
2019-04-26,1768,0.809390081433741,0.0305429864253393,0.7686651583710408,293.41,COOL,False,UP,,,
2019-04-29,1792,0.7939097834938686,0.0306919642857142,0.5563616071428571,293.87,COOL,False,UP,,,
2019-04-30,1851,0.7916514703284885,0.0340356564019448,0.4883846569421934,294.02,COOL,False,DOWN,,,
2019-05-01,1843,0.8524966507017938,0.0379815518176885,0.2447097124253933,291.81,COOL,False,DOWN,,,
2019-05-02,1792,0.9271397399545506,0.0373883928571428,0.5697544642857143,291.18,MID,False,UP,,,
2019-05-03,1830,0.923584832215162,0.0360655737704918,0.8519125683060109,294.03,MID,False,UP,,,
2019-05-06,1804,0.8813861362796374,0.0376940133037694,0.3991130820399113,292.82,COOL,False,DOWN,,,
2019-05-07,1821,0.9534504359296716,0.0400878638110928,0.1109280615046677,287.93,MID,False,DOWN,,,
2019-05-08,1815,0.9256350427554816,0.0385674931129476,0.3889807162534435,287.53,MID,False,DOWN,,,
2019-05-09,1809,0.9544134227128174,0.0414593698175787,0.4499723604201216,286.66,MID,False,DOWN,,,
2019-05-10,1814,0.9951740723574676,0.0429988974641675,0.6300992282249173,288.1,MID,False,UP,,,
2019-05-13,1834,1.1428418757775956,0.044711014176663,0.0888767720828789,280.86,MID,False,DOWN,,,
2019-05-14,1820,0.935008716547431,0.0472527472527472,0.7857142857142857,283.4,MID,False,UP,,,
2019-05-15,1791,0.9332448750985948,0.0496929089893914,0.6381909547738693,285.06,MID,False,UP,,,
2019-05-16,1805,1.0420447906094037,0.0520775623268698,0.7168975069252077,287.7,MID,False,UP,,,
2019-05-17,1802,0.9202809615826436,0.0538290788013318,0.206992230854606,285.84,MID,False,DOWN,,,
2019-05-20,1778,1.0038465731897626,0.0579302587176602,0.3323959505061867,283.95,MID,False,DOWN,,,
2019-05-21,1800,0.95293871015148,0.0583333333333333,0.8477777777777777,286.51,MID,False,UP,,,
2019-05-22,1763,0.9409564255194977,0.0584231423709585,0.3040272263187748,285.63,MID,False,DOWN,,,
2019-05-23,1810,1.1171748652995008,0.0635359116022099,0.1535911602209944,282.14,MID,False,DOWN,,,
2019-05-24,1755,0.9611004609109524,0.0552706552706552,0.6774928774928775,282.78,MID,False,UP,,,
2019-05-28,1841,0.9801553344749944,0.0516023900054318,0.2705051602390005,280.15,MID,False,DOWN,,,
2019-05-29,1805,1.0869549337051605,0.0498614958448753,0.2770083102493075,278.27,MID,False,DOWN,,,
2019-05-30,1801,1.0204836629730634,0.0449750138811771,0.4764019988895058,279.03,MID,False,DOWN,,,
2019-05-31,1824,1.1417120373514034,0.0455043859649122,0.2176535087719298,275.27,MID,False,DOWN,,,
2019-06-03,1834,1.0885831743577143,0.0381679389312977,0.6750272628135223,274.57,MID,False,UP,,,
2019-06-04,1835,1.1418266690757417,0.0310626702997275,0.8817438692098093,280.53,MID,False,UP,,,
2019-06-05,1793,1.0132895594416251,0.0267707752370329,0.5443390964863357,282.96,MID,False,UP,,,
2019-06-06,1780,0.8954783062805852,0.0247191011235955,0.5443820224719101,284.8,COOL,False,UP,,,
2019-06-07,1778,0.8916374514262179,0.0241844769403824,0.7142857142857143,287.65,COOL,False,UP,,,
2019-06-10,1804,0.8859510616774201,0.0249445676274944,0.6457871396895787,288.97,COOL,False,UP,,,
2019-06-11,1829,0.8991090854962644,0.0284308365226899,0.4756697648988518,288.9,MID,False,DOWN,,,
2019-06-12,1778,0.9071038142828148,0.0314960629921259,0.5,288.39,MID,False,DOWN,,,
2019-06-13,1805,0.8625756043878348,0.0293628808864265,0.7313019390581718,289.58,COOL,False,UP,,,
2019-06-14,1772,0.8224402008755156,0.0304740406320541,0.3318284424379232,289.26,COOL,False,DOWN,,,
2019-06-17,1818,0.8607805487816897,0.0302530253025302,0.5088008800880088,289.37,COOL,False,UP,,,
2019-06-18,1821,0.9015160226117764,0.0323997803404722,0.7655134541460736,292.4,MID,False,UP,,,
2019-06-19,1811,0.889642130157154,0.0325786858089453,0.623964660408614,293.06,MID,False,UP,,,
2019-06-20,1823,0.9920856418120372,0.0389467910038398,0.7180471749862863,295.86,MID,False,UP,,,
2019-06-21,1907,0.8916621930954178,0.0361824855794441,0.3156790770844258,294.0,MID,False,DOWN,,,
2019-06-24,1828,0.903456864223152,0.0399343544857768,0.2850109409190372,293.64,MID,False,DOWN,,,
2019-06-25,1823,0.9547914436200786,0.0389467910038398,0.3143170597915524,290.76,MID,False,DOWN,,,
2019-06-26,1822,0.9452612781609756,0.0323819978046103,0.4857299670691548,290.47,MID,False,DOWN,,,
2019-06-27,1859,0.9253533428578156,0.0263582571274878,0.8031199569661108,291.5,MID,False,UP,,,
2019-06-28,2015,0.8903390218788808,0.0233250620347394,0.8084367245657568,293.0,MID,False,UP,,,
2019-07-01,1873,0.9367956589419127,0.0234917245061398,0.6246663107314468,295.66,MID,False,UP,,,
2019-07-02,1827,0.7963374850523977,0.0207991242474001,0.4597701149425287,296.43,COOL,False,DOWN,,,
2019-07-03,1667,0.7721957602923999,0.0197960407918416,0.7870425914817036,298.8,COOL,False,UP,,,
2019-07-05,1774,0.7240485695874179,0.0174746335963923,0.5180383314543405,298.46,COOL,False,UP,,,
2019-07-08,1802,0.7143469444480874,0.0183129855715871,0.2652608213096559,296.82,COOL,False,DOWN,,,
2019-07-09,1813,0.7338978666630938,0.017650303364589,0.5278543849972421,297.19,COOL,False,UP,,,
2019-07-10,1815,0.7314844683649057,0.0181818181818181,0.5498622589531681,298.61,COOL,False,UP,,,
2019-07-11,1811,0.7202103178726842,0.0176697956929873,0.4815019326339039,299.31,COOL,False,DOWN,,,
2019-07-12,1813,0.7391577912881042,0.0159955874241588,0.7082184225041368,300.65,COOL,False,UP,,,
2019-07-15,1809,0.7115838011070186,0.015478164731896,0.4383637368711995,300.75,COOL,False,DOWN,,,
2019-07-16,1809,0.6896872111660204,0.0121614151464897,0.4958540630182421,299.71,COOL,False,DOWN,,,
2019-07-17,1812,0.676971560716499,0.0132450331125827,0.3118101545253863,297.74,COOL,False,DOWN,,,
2019-07-18,1800,0.7057437680264722,0.0144444444444444,0.6166666666666667,298.83,COOL,False,UP,,,
2019-07-19,1811,0.7001445439888845,0.0165654334621755,0.3412479293208172,297.17,COOL,False,DOWN,,,
2019-07-22,1801,0.7210814932208872,0.0188784008883953,0.455857856746252,297.9,COOL,False,DOWN,,,
2019-07-23,1803,0.7054019160091056,0.016638935108153,0.7171381031613977,300.03,COOL,False,UP,,,
2019-07-24,1834,0.792386355968869,0.0218102508178844,0.7758996728462377,301.44,COOL,False,UP,,,
2019-07-25,1819,0.8068335813864684,0.0214403518416712,0.2666300164925783,300.0,COOL,False,DOWN,,,
2019-07-26,1818,0.7374117829131549,0.0236523652365236,0.7541254125412541,302.01,COOL,False,UP,,,
2019-07-29,1821,0.7553509114461708,0.0274574409665019,0.4129599121361889,301.46,COOL,False,DOWN,,,
2019-07-30,1849,0.8155951795438184,0.038939967550027,0.599242833964305,300.72,COOL,False,UP,,,
2019-07-31,1894,0.9171831439604576,0.0464625131995776,0.247624076029567,297.43,MID,False,DOWN,,,
2019-08-01,1874,0.9720327013534856,0.0528281750266809,0.2652081109925293,294.84,MID,False,DOWN,,,
2019-08-02,1829,1.0525953407258537,0.050300710770913,0.2684527063969382,292.62,MID,False,DOWN,,,
2019-08-05,1860,1.3646292639484396,0.0591397849462365,0.0451612903225806,283.82,MID,False,DOWN,,,
2019-08-06,1826,1.155839400799371,0.0575027382256297,0.7573932092004381,287.8,MID,False,UP,,,
2019-08-07,1828,1.3394767450539138,0.0678336980306345,0.524070021881838,287.97,MID,False,UP,,,
2019-08-08,1848,1.467916845295686,0.0784632034632034,0.900974025974026,293.62,HOT,False,UP,,,
2019-08-09,1820,1.3116220742696216,0.0846153846153846,0.2291208791208791,291.62,MID,False,DOWN,,,
2019-08-12,1789,1.3807098636414792,0.1006148686416992,0.1738401341531582,288.07,MID,False,DOWN,,,
2019-08-13,1807,1.4589284967299418,0.1128942999446596,0.7985611510791367,292.55,HOT,False,UP,,,
2019-08-14,1843,1.5269970246590816,0.12316874660879,0.0320130222463374,283.9,HOT,False,DOWN,,,
2019-08-15,1804,1.4800809858873232,0.1241685144124168,0.4789356984478936,284.65,HOT,False,DOWN,,,
2019-08-16,1810,1.47454769611447,0.1287292817679558,0.9265193370165746,288.85,HOT,False,UP,,,
2019-08-19,1801,1.5868652190810837,0.1332593003886729,0.8239866740699612,292.33,HOT,False,UP,,,
2019-08-20,1784,1.369535618010858,0.1188340807174887,0.2561659192825112,290.09,MID,False,DOWN,,,
2019-08-21,1792,1.2733898090138251,0.1004464285714285,0.7879464285714286,292.45,MID,False,UP,,,
2019-08-22,1790,1.3215444343141864,0.0949720670391061,0.4430167597765363,292.36,MID,False,DOWN,,,
2019-08-23,1827,1.4183925330124922,0.0859332238642583,0.0410509031198686,284.85,MID,False,DOWN,,,
2019-08-26,1765,1.2202523797417828,0.065155807365439,0.7943342776203967,288.0,MID,False,UP,,,
2019-08-27,1827,1.1247697463019375,0.0569239189928845,0.2594417077175698,286.87,MID,False,DOWN,,,
2019-08-28,1778,1.0996212506478686,0.0500562429696287,0.7823397075365579,288.89,MID,False,UP,,,
2019-08-29,1784,0.9639037388446844,0.0448430493273542,0.8766816143497758,292.58,MID,False,UP,,,
2019-08-30,1778,0.8485462597703799,0.0399325084364454,0.5669291338582677,292.45,MID,False,UP,,,
2019-09-03,1827,0.9109889664957328,0.0333880678708264,0.2671045429666119,290.74,MID,False,DOWN,,,
2019-09-04,1785,0.7783913012166533,0.0274509803921568,0.8162464985994398,294.04,COOL,False,UP,,,
2019-09-05,1863,0.8687792817489983,0.0279119699409554,0.7885131508319914,297.82,MID,False,UP,,,
2019-09-06,1773,0.7852029230412401,0.0293288212069937,0.4771573604060913,298.05,COOL,False,DOWN,,,
2019-09-09,1844,0.8481534651192228,0.0292841648590021,0.6420824295010846,298.2,MID,False,UP,,,
2019-09-10,1871,0.9507943942100444,0.0326028861571352,0.6536611437733832,298.13,MID,False,UP,,,
2019-09-11,1891,1.0446057513647455,0.032258064516129,0.7985193019566367,300.25,MID,False,UP,,,
2019-09-12,1870,1.0985006960567592,0.0352941176470588,0.5187165775401069,301.29,MID,False,UP,,,
2019-09-13,1858,1.1759430325672624,0.0360602798708288,0.5371367061356297,301.09,MID,False,UP,,,
2019-09-16,1853,1.196314951813039,0.0420939017808958,0.4986508364813815,300.16,MID,False,DOWN,,,
2019-09-17,1815,1.2149791229222122,0.0462809917355371,0.5002754820936639,300.92,MID,False,UP,,,
2019-09-18,1843,1.1883490909763454,0.0504612045577862,0.3917525773195876,301.1,MID,False,DOWN,,,
2019-09-19,1824,1.1903728229875044,0.0471491228070175,0.4161184210526316,301.08,MID,False,DOWN,,,
2019-09-20,1971,1.2198522339979294,0.0466768138001014,0.4185692541856925,298.28,MID,False,DOWN,,,
2019-09-23,1813,1.2232508134750748,0.0485383342526199,0.5052399338113623,298.21,MID,False,UP,,,
2019-09-24,1869,1.2173332002659765,0.0470840021401819,0.2113429641519529,295.87,MID,False,DOWN,,,
2019-09-25,1845,1.1826414472751865,0.0357723577235772,0.7327913279132792,297.62,MID,False,UP,,,
2019-09-26,1813,1.036797446140342,0.0292333149476006,0.3496966354109211,297.0,MID,False,DOWN,,,
2019-09-27,1809,0.9723840350308104,0.0248756218905472,0.3272526257600884,295.4,MID,False,DOWN,,,
2019-09-30,1848,0.9598685118000406,0.0238095238095238,0.6125541125541125,296.77,MID,False,UP,,,
2019-10-01,1828,1.0064848822553922,0.0235229759299781,0.1329321663019693,293.24,MID,False,DOWN,,,
2019-10-02,1841,1.059842199463228,0.0217273221075502,0.1705594785442694,288.06,MID,False,DOWN,,,
2019-10-03,1811,0.867774882357088,0.0193263390392048,0.6670347874102706,290.42,MID,False,UP,,,
2019-10-04,1793,0.8307599782746058,0.0172894590072504,0.8187395426659231,294.35,COOL,False,UP,,,
2019-10-07,1801,0.8127734454614883,0.0166574125485841,0.3464741810105497,293.08,COOL,False,DOWN,,,
2019-10-08,1790,0.8970308640046785,0.0229050279329608,0.1044692737430167,288.53,MID,False,DOWN,,,
2019-10-09,1773,0.7766865051280719,0.0214326001128031,0.7405527354765934,291.27,COOL,False,UP,,,
2019-10-10,1794,0.8390827546571331,0.0228539576365663,0.6867335562987736,293.24,MID,False,UP,,,
2019-10-11,1839,0.9873381412759796,0.0212071778140293,0.8477433387710712,296.28,MID,False,UP,,,
2019-10-14,1749,0.782914740765231,0.0200114351057747,0.357347055460263,295.95,COOL,False,DOWN,,,
2019-10-15,1808,0.7406682352985018,0.0182522123893805,0.7671460176991151,298.88,COOL,False,UP,,,
2019-10-16,1794,0.7307372060114781,0.0167224080267558,0.4905239687848383,298.4,COOL,False,DOWN,,,
2019-10-17,1827,0.7305313980176485,0.016967706622879,0.7449370552818829,299.28,COOL,False,UP,,,
2019-10-18,1817,0.7411061882121435,0.0159603742432581,0.4722069345074298,297.97,COOL,False,DOWN,,,
2019-10-21,1822,0.802497420730505,0.0159165751920965,0.7623490669593853,299.99,COOL,False,UP,,,
2019-10-22,1814,0.795425702110617,0.0148842337375964,0.5016538037486218,299.01,COOL,False,UP,,,
2019-10-23,1802,0.8342983061928708,0.0155382907880133,0.5921198668146503,299.88,MID,False,UP,,,
2019-10-24,1809,0.8572358519628818,0.0182421227197346,0.4687672747374239,300.37,MID,False,DOWN,,,
2019-10-25,1815,0.8724670517569209,0.0220385674931129,0.631404958677686,301.6,MID,False,UP,,,
2019-10-28,1836,0.9165971886031108,0.022875816993464,0.6721132897603486,303.3,MID,False,UP,,,
2019-10-29,1848,0.9133775365265088,0.0367965367965368,0.5735930735930735,303.21,MID,False,UP,,,
2019-10-30,1832,0.986937522256402,0.0480349344978165,0.4907205240174672,304.14,MID,False,DOWN,,,
2019-10-31,1853,1.0742227050476203,0.0534268753372908,0.3081489476524555,303.33,MID,False,DOWN,,,
2019-11-01,1869,1.0505628315337772,0.0572498662386302,0.7859818084537186,306.14,MID,False,UP,,,
2019-11-04,1876,1.097960389519535,0.0676972281449893,0.6391257995735607,307.37,MID,False,UP,,,
2019-11-05,1877,1.156433063456283,0.069792221630261,0.5162493340436868,307.03,MID,False,UP,,,
2019-11-06,1868,1.1575859736164065,0.0765524625267665,0.4271948608137045,307.1,MID,False,DOWN,,,
2019-11-07,1873,1.1450282349144505,0.0806193272824346,0.5461825947677522,308.18,MID,False,UP,,,
2019-11-08,1844,1.140304614759497,0.0818872017353579,0.5504338394793926,308.94,MID,False,UP,,,
2019-11-11,1840,1.0711436130907,0.0766304347826087,0.4451086956521739,308.35,MID,False,DOWN,,,
2019-11-12,1851,1.075647374886881,0.0848190167477039,0.4932468935710427,309.0,MID,False,DOWN,,,
2019-11-13,1859,1.080941978193019,0.0866057019903173,0.4405594405594406,309.1,MID,False,DOWN,,,
2019-11-14,1836,1.0190577490169384,0.0789760348583878,0.5337690631808278,309.55,MID,False,UP,,,
2019-11-15,1863,1.0148198748995592,0.0799785292538915,0.6811594202898551,311.79,MID,False,UP,,,
2019-11-18,1837,0.9962162145530404,0.0745781164942841,0.4501905280348394,312.02,MID,False,DOWN,,,
2019-11-19,1841,0.97694769353247,0.0727865290602933,0.5491580662683324,311.93,MID,False,UP,,,
2019-11-20,1906,0.9329012125076136,0.0650577124868835,0.3840503672612801,310.77,MID,False,DOWN,,,
2019-11-21,1843,0.898610468801768,0.0569723277265328,0.3640803038524145,310.27,MID,False,DOWN,,,
2019-11-22,1821,0.8649883387420876,0.0527182866556836,0.6018671059857221,310.96,MID,False,UP,,,
2019-11-25,1897,0.885146588253722,0.0484976278334211,0.8460727464417501,313.37,MID,False,UP,,,
2019-11-26,1894,0.8320450587855662,0.0454065469904963,0.5533262935586061,314.08,MID,False,UP,,,
2019-11-27,1815,0.790514218709581,0.0473829201101928,0.7041322314049587,315.48,COOL,False,UP,,,
2019-11-29,1662,0.7378215140306543,0.0457280385078219,0.2298435619735258,314.31,COOL,False,DOWN,,,
2019-12-02,1892,0.7967309460536255,0.0443974630021141,0.2087737843551797,311.64,COOL,False,DOWN,,,
2019-12-03,1874,0.9331712299441064,0.0410885805763073,0.3367129135538954,309.55,MID,False,DOWN,,,
2019-12-04,1890,0.7133912799968745,0.0317460317460317,0.7232804232804233,311.46,COOL,False,UP,,,
2019-12-05,1871,0.6615551639971547,0.0299305184393372,0.5799037947621593,312.02,COOL,False,UP,,,
2019-12-06,1907,0.6920767287253902,0.0251704247509176,0.795490298898794,314.87,COOL,False,UP,,,
2019-12-09,1890,0.600654926970478,0.0238095238095238,0.3888888888888889,313.88,COOL,False,DOWN,,,
2019-12-10,1884,0.5919155502613956,0.0228237791932059,0.4729299363057325,313.53,COOL,False,DOWN,,,
2019-12-11,1868,0.6283999150725478,0.019271948608137,0.5770877944325482,314.42,COOL,False,UP,,,
2019-12-12,1906,0.7188088890825126,0.0204616998950682,0.7009443861490031,317.13,COOL,False,UP,,,
2019-12-13,1888,0.7136213994083568,0.0201271186440677,0.4274364406779661,317.32,COOL,False,DOWN,,,
2019-12-16,1940,0.7099905686349473,0.0185567010309278,0.7211340206185567,319.5,COOL,False,UP,,,
2019-12-17,1931,0.7015107013190196,0.0191610564474365,0.6038322112894873,319.57,COOL,False,UP,,,
2019-12-18,1914,0.7173691134266249,0.0177638453500522,0.54858934169279,319.59,COOL,False,UP,,,
2019-12-19,1927,0.7486494352842652,0.0192008303061754,0.6024909185262065,320.9,COOL,False,UP,,,
2019-12-20,2040,0.812395663107254,0.0230392156862745,0.6161764705882353,320.73,MID,False,UP,,,
2019-12-23,1928,0.7783696183886749,0.0233402489626556,0.4776970954356846,321.22,MID,False,DOWN,,,
2019-12-24,1681,0.7352100547810266,0.0261748958953004,0.546103509815586,321.23,COOL,False,UP,,,
2019-12-26,1801,0.6849999136974873,0.0294280955024986,0.6102165463631316,322.94,COOL,False,UP,,,
2019-12-27,1854,0.7105534798876387,0.0296655879180151,0.3824163969795038,322.86,COOL,False,DOWN,,,
2019-12-30,1885,0.707580111929523,0.029708222811671,0.3474801061007957,321.08,COOL,False,DOWN,,,
2019-12-31,1906,0.7699134263135767,0.0283315844700944,0.6327387198321092,321.86,MID,False,UP,,,
2020-01-02,1897,0.8364734467089459,0.0300474433315761,0.5614127569847127,324.87,MID,False,UP,,,
2020-01-03,1883,0.7916902369111423,0.0238980350504514,0.3659054699946893,322.41,MID,False,DOWN,,,
2020-01-06,1892,0.6921762501287511,0.0253699788583509,0.5110993657505285,323.64,COOL,False,UP,,,
2020-01-07,1885,0.7014101268814321,0.026525198938992,0.3862068965517241,322.73,COOL,False,DOWN,,,
2020-01-08,1891,0.6914910300853174,0.0232681121099947,0.6176626123744051,324.45,COOL,False,UP,,,
2020-01-09,1885,0.6918705001663329,0.0222811671087533,0.5877984084880636,326.65,COOL,False,UP,,,
2020-01-10,1893,0.6740235904538867,0.0221870047543581,0.3819334389857369,325.71,COOL,False,DOWN,,,
2020-01-13,1894,0.6855030449281914,0.0216473072861668,0.7587117212249208,327.95,COOL,False,UP,,,
2020-01-14,1903,0.6929723618969126,0.0231213872832369,0.5417761429322123,327.45,COOL,False,UP,,,
2020-01-15,1877,0.7179515653977889,0.0234416622269579,0.567394778902504,328.19,COOL,False,UP,,,
2020-01-16,1888,0.7566576081486868,0.0301906779661016,0.8119703389830508,330.92,MID,False,UP,,,
2020-01-17,1885,0.8211498412650592,0.0381962864721485,0.4806366047745358,331.95,MID,False,DOWN,,,
2020-01-21,1919,0.8479106518466352,0.0422094841063053,0.3434080250130276,331.3,MID,False,DOWN,,,
2020-01-22,1899,0.8719199160502402,0.0468667719852554,0.4902580305423907,331.34,MID,False,DOWN,,,
2020-01-23,1910,0.9560667556540492,0.050261780104712,0.5397905759162304,331.72,MID,False,UP,,,
2020-01-24,1870,1.1233348942220522,0.0620320855614973,0.1775401069518716,328.77,HOT,False,DOWN,,,
2020-01-27,1867,1.377165973483205,0.0712372790573112,0.1526513122656668,323.5,HOT,False,DOWN,,,
2020-01-28,1843,1.0661912602057315,0.0607704829083016,0.7661421595225176,326.89,HOT,False,UP,,,
2020-01-29,1865,1.16031781784483,0.0616621983914209,0.3833780160857908,326.62,HOT,False,DOWN,,,
2020-01-30,1867,1.2745011896018243,0.0669523299410819,0.5291912158543117,327.68,HOT,False,UP,,,
2020-01-31,1920,1.334986498197392,0.06875,0.0833333333333333,321.73,HOT,False,DOWN,,,
2020-02-03,1900,1.3095087399542606,0.0647368421052631,0.7310526315789474,324.12,HOT,False,UP,,,
2020-02-04,1899,1.2941057341443716,0.0726698262243285,0.8009478672985783,329.06,HOT,False,UP,,,
2020-02-05,1900,1.3432250501319518,0.0736842105263157,0.7868421052631579,332.86,HOT,False,UP,,,
2020-02-06,1870,1.3449288974329223,0.0732620320855615,0.4459893048128342,333.98,HOT,False,DOWN,,,
2020-02-07,1855,1.277467230582047,0.0727762803234501,0.2442048517520215,332.2,HOT,False,DOWN,,,
2020-02-10,1853,1.2518498372235478,0.0750134916351861,0.6562331354560172,334.68,HOT,False,UP,,,
2020-02-11,1870,1.2248057549001738,0.0802139037433155,0.7165775401069518,335.26,HOT,False,UP,,,
2020-02-12,1875,1.251062870521903,0.0832,0.7002666666666667,337.42,HOT,False,UP,,,
2020-02-13,1848,1.187906432657062,0.0806277056277056,0.5297619047619048,337.06,HOT,False,UP,,,
2020-02-14,1856,1.1806599899471362,0.0872844827586206,0.4714439655172414,337.6,HOT,False,DOWN,,,
2020-02-18,1867,1.2174140354298135,0.0873058382431708,0.3942153186930905,336.73,HOT,False,DOWN,,,
2020-02-19,1876,1.2293027116169286,0.0991471215351812,0.6199360341151386,338.34,HOT,False,UP,,,
2020-02-20,1881,1.2585996733815743,0.1100478468899521,0.5544922913343966,336.95,HOT,False,UP,,,
2020-02-21,1882,1.4215323931796633,0.1115834218916046,0.2651434643995749,333.48,EPIC,True,DOWN,,,
2020-02-24,1909,1.6639344138075645,0.1278156102671555,0.0534311157674175,322.42,EPIC,True,DOWN,,,
2020-02-25,1952,1.702163907311519,0.1193647540983606,0.0496926229508196,312.65,EPIC,True,DOWN,,,
2020-02-26,1905,1.969517127583145,0.1364829396325459,0.2850393700787401,311.5,EPIC,True,DOWN,,,
2020-02-27,1965,2.54675176888934,0.2442748091603053,0.0748091603053435,297.51,EPIC,True,DOWN,,,
2020-02-28,1995,3.694183677400465,0.4817042606516291,0.293734335839599,296.26,EPIC,True,DOWN,,,
2020-03-02,1943,3.599819189486679,0.4714359238291302,0.8600102933607823,309.09,EPIC,True,UP,,,
2020-03-03,1933,3.8426686115294486,0.5059493016037248,0.1686497672012415,300.24,EPIC,True,DOWN,,,
2020-03-04,1911,3.952879117705652,0.5190999476713762,0.9063317634746206,312.86,EPIC,True,UP,,,
2020-03-05,1930,3.962200777855267,0.5196891191709845,0.0901554404145077,302.46,EPIC,True,DOWN,,,
2020-03-06,1952,4.685994822548313,0.6168032786885246,0.1977459016393442,297.46,EPIC,True,DOWN,,,
2020-03-09,1931,6.701924620897764,0.76540652511652,0.0165717244950802,274.23,EPIC,True,DOWN,,,
2020-03-10,1943,6.448390721268376,0.7241379310344828,0.840452907874421,288.42,EPIC,True,UP,,,
2020-03-11,1932,7.494571682976922,0.7867494824016563,0.0243271221532091,274.36,EPIC,True,DOWN,,,
2020-03-12,1914,10.88538037273955,0.8939393939393939,0.0114942528735632,248.11,EPIC,True,DOWN,,,
2020-03-13,1936,11.336206933392605,0.8879132231404959,0.9080578512396694,269.32,EPIC,True,UP,,,
2020-03-16,1874,13.90151479367258,0.924759871931697,0.0330843116328708,239.85,EPIC,True,DOWN,,,
2020-03-17,1900,14.418780461056492,0.93,0.7273684210526316,252.8,EPIC,True,UP,,,
2020-03-18,1819,15.81470142436484,0.9362286970863112,0.1072017592083562,240.0,EPIC,True,DOWN,,,
2020-03-19,1865,16.224981991513573,0.928686327077748,0.7345844504021448,240.51,EPIC,True,UP,,,
2020-03-20,1886,16.048216415917583,0.9209968186638388,0.271474019088017,228.8,EPIC,True,DOWN,,,
2020-03-23,1816,16.59536124496413,0.9240088105726872,0.3397577092511013,222.95,EPIC,True,DOWN,,,
2020-03-24,1832,15.338744212627455,0.9088427947598252,0.956877729257642,243.15,EPIC,True,UP,,,
2020-03-25,1859,14.119836359298755,0.8902635825712749,0.6729424421732114,246.79,EPIC,True,UP,,,
2020-03-26,1889,13.160670682050975,0.8808893594494441,0.89571201694018,261.2,EPIC,True,UP,,,
2020-03-27,1838,12.266566415686604,0.8715995647442872,0.1588683351468988,253.42,HOT,True,DOWN,,,
2020-03-30,1827,10.988368713227567,0.8461959496442255,0.7027914614121511,261.65,HOT,True,UP,,,
2020-03-31,1882,9.580733577545994,0.8262486716259299,0.4080765143464399,257.75,HOT,True,DOWN,,,
2020-04-01,1827,8.236356824845142,0.7898193760262726,0.0645867542419266,246.15,HOT,True,DOWN,,,
2020-04-02,1792,6.506661276540159,0.7025669642857143,0.6417410714285714,251.83,HOT,True,UP,,,
2020-04-03,1772,5.4162670495427845,0.6450338600451467,0.2048532731376975,248.19,HOT,True,DOWN,,,
2020-04-06,1841,4.921008220097842,0.6105377512221619,0.966865833785986,264.86,HOT,True,UP,,,
2020-04-07,1858,4.4355540909938815,0.5710441334768568,0.6076426264800862,265.13,HOT,False,UP,,,
2020-04-08,1858,3.745167661471992,0.492465016146394,0.9090419806243272,274.03,HOT,False,UP,,,
2020-04-09,1881,4.208685175439691,0.5449229133439659,0.8219032429558746,278.2,HOT,False,UP,,,
2020-04-13,1826,3.8648005095888873,0.5038335158817087,0.2217962760131434,275.66,HOT,False,DOWN,,,
2020-04-14,1854,3.8264483288362814,0.5016181229773463,0.7632146709816613,283.79,HOT,False,UP,,,
2020-04-15,1833,3.8338996090511777,0.5090016366612111,0.0905619203491543,277.76,HOT,False,DOWN,,,
2020-04-16,1841,3.585561040803781,0.4714828897338403,0.4464964693101575,279.1,HOT,False,DOWN,,,
2020-04-17,1849,3.488058693976237,0.458085451595457,0.9118442401298,286.64,HOT,False,UP,,,
2020-04-20,1812,3.028831569198013,0.3951434878587196,0.2505518763796909,281.59,HOT,False,DOWN,,,
2020-04-21,1812,2.7397068774058746,0.3504415011037528,0.1434878587196468,273.04,HOT,False,DOWN,,,
2020-04-22,1791,2.3346530679085147,0.294249022892239,0.7487437185929648,279.1,HOT,False,UP,,,
2020-04-23,1826,2.178381781978901,0.2656078860898138,0.6122672508214677,279.08,HOT,False,UP,,,
2020-04-24,1807,2.2080006711947857,0.2595462091864969,0.7399003873824018,282.97,HOT,False,UP,,,
2020-04-27,1860,2.341494355990349,0.2752688172043011,0.9005376344086021,287.05,HOT,False,UP,,,
2020-04-28,1879,2.502816659569843,0.2980308674827036,0.6711016498137307,285.73,HOT,False,UP,,,
2020-04-29,1946,3.018034506764299,0.3751284686536485,0.8669064748201439,293.21,HOT,False,UP,,,
2020-04-30,1899,2.697594143973131,0.3317535545023696,0.1437598736176935,290.48,HOT,False,DOWN,,,
2020-05-01,1879,2.478556308665603,0.2879191059073975,0.0856838744012772,282.79,HOT,False,DOWN,,,
2020-05-04,1843,2.040921040249341,0.2018448182311448,0.4807379272924579,283.57,HOT,False,DOWN,,,
2020-05-05,1878,1.925063763722915,0.1650692225772098,0.5942492012779552,286.19,HOT,False,UP,,,
2020-05-06,1847,1.8096929623444864,0.1537628586897672,0.3232268543584191,284.25,HOT,False,DOWN,,,
2020-05-07,1870,1.7380934422875831,0.1545454545454545,0.7513368983957219,287.68,HOT,False,UP,,,
2020-05-08,1880,1.864679887902728,0.1712765957446808,0.8781914893617021,292.44,HOT,False,UP,,,
2020-05-11,1894,1.687713473874837,0.1531151003167898,0.3416050686378036,292.5,MID,False,DOWN,,,
2020-05-12,1889,1.8367824134531503,0.1683430386447856,0.1307570142932768,286.67,HOT,False,DOWN,,,
2020-05-13,1880,1.9199278022594428,0.1845744680851063,0.1159574468085106,281.6,HOT,False,DOWN,,,
2020-05-14,1876,1.99183958101662,0.1908315565031983,0.650319829424307,284.97,HOT,False,UP,,,
2020-05-15,1849,1.9134710198206728,0.1833423472147106,0.6262844780962683,286.28,HOT,False,UP,,,
2020-05-18,1924,2.2063481783833296,0.2354469854469854,0.9246361746361746,295.0,HOT,False,UP,,,
2020-05-19,1869,1.6849674985666172,0.1578384162653825,0.2659176029962546,291.97,MID,False,DOWN,,,
2020-05-20,1895,1.6208144200182042,0.1519788918205804,0.8311345646437994,296.93,MID,False,UP,,,
2020-05-21,1845,1.537939628132176,0.1360433604336043,0.4205962059620596,294.88,MID,False,DOWN,,,
2020-05-22,1803,1.6996055379585835,0.1419855795895729,0.5285635052689961,295.44,MID,False,UP,,,
2020-05-26,1929,1.8795377971232023,0.1658890616899948,0.8097459823742872,299.08,MID,False,UP,,,
2020-05-27,1945,1.9812295969168043,0.1809768637532133,0.8159383033419023,303.53,HOT,False,UP,,,
2020-05-28,1928,1.975426526316563,0.1763485477178423,0.2717842323651452,302.97,HOT,False,DOWN,,,
2020-05-29,1937,2.02655000776981,0.1899845121321631,0.4455343314403717,304.32,HOT,False,DOWN,,,
2020-06-01,1937,1.8318143189811475,0.1683014971605575,0.6948890036138359,305.55,MID,False,UP,,,
2020-06-02,1904,1.896434098959563,0.1801470588235294,0.7121848739495799,308.08,MID,False,UP,,,
2020-06-03,1960,2.1671807708981943,0.2132653061224489,0.811734693877551,312.18,HOT,False,UP,,,
2020-06-04,1932,2.312690854259727,0.260351966873706,0.5393374741200828,311.36,HOT,False,UP,,,
2020-06-05,2025,2.8198102574096424,0.3516049382716049,0.8533333333333334,319.34,HOT,False,UP,,,
2020-06-08,1997,3.0018437859550544,0.3765648472709063,0.7626439659489234,323.2,HOT,False,UP,,,
2020-06-09,1956,3.0356439938009343,0.390081799591002,0.1753578732106339,320.79,HOT,False,DOWN,,,
2020-06-10,1952,3.345400979020325,0.4385245901639344,0.2120901639344262,319.0,HOT,False,DOWN,,,
2020-06-11,1964,3.5878725396652618,0.4679226069246436,0.0106924643584521,300.61,HOT,False,DOWN,,,
2020-06-12,1936,2.414606700181757,0.2908057851239669,0.8305785123966942,304.21,HOT,False,UP,,,
2020-06-15,1950,2.4948844109204686,0.2671794871794872,0.78,307.05,HOT,False,UP,,,
2020-06-16,1954,2.5013186225269157,0.2691914022517912,0.8623336745138178,312.96,HOT,False,UP,,,
2020-06-17,1918,1.7980520882752065,0.1517205422314911,0.2685088633993743,311.66,MID,False,DOWN,,,
2020-06-18,1930,1.746281292694803,0.1326424870466321,0.4507772020725388,311.78,MID,False,DOWN,,,
2020-06-19,2032,1.6706896615455815,0.1102362204724409,0.3346456692913386,308.64,MID,False,DOWN,,,
2020-06-22,1930,1.5916947424588224,0.0989637305699481,0.5782383419689119,310.62,MID,False,UP,,,
2020-06-23,1940,1.5981141197885873,0.0896907216494845,0.5422680412371134,312.05,MID,False,UP,,,
2020-06-24,1942,1.585809406464622,0.0957775489186405,0.0695159629248197,304.09,MID,False,DOWN,,,
2020-06-25,1932,1.5502887512453336,0.0905797101449275,0.744824016563147,307.35,MID,False,UP,,,
2020-06-26,2062,1.5660322085494731,0.088748787584869,0.1416100872938894,300.05,MID,False,DOWN,,,
2020-06-29,1930,1.5283031793294408,0.0870466321243523,0.8393782383419689,304.46,MID,False,UP,,,
2020-06-30,1944,1.4826248540472684,0.0889917695473251,0.7880658436213992,308.36,MID,False,UP,,,
2020-07-01,1898,1.433378731087498,0.0853530031612223,0.3830347734457323,310.52,MID,False,DOWN,,,
2020-07-02,1892,1.3837070955539472,0.0835095137420718,0.6183932346723044,312.23,MID,False,UP,,,
2020-07-06,1898,1.338085694499889,0.0748155953635405,0.7497365648050579,317.05,MID,False,UP,,,
2020-07-07,1914,1.1748204875496204,0.0595611285266457,0.1886102403343782,313.78,MID,False,DOWN,,,
2020-07-08,1915,0.98908668025661,0.056396866840731,0.6114882506527415,316.18,MID,False,UP,,,
2020-07-09,1913,1.007492569027369,0.0575013068478829,0.2179822268687924,314.38,MID,False,DOWN,,,
2020-07-10,1889,1.0201101810350672,0.0587612493382742,0.7215457914240339,317.59,MID,False,UP,,,
2020-07-13,1927,1.0255316468481852,0.0607161390762843,0.3559937727036845,314.84,MID,False,DOWN,,,
2020-07-14,1892,1.0426580295565526,0.0613107822410148,0.7637420718816068,318.92,MID,False,UP,,,
2020-07-15,1975,1.090563846480901,0.0546835443037974,0.8713924050632912,321.85,MID,False,UP,,,
2020-07-16,1885,0.7996452326423562,0.0493368700265252,0.3596816976127321,320.79,COOL,False,DOWN,,,
2020-07-17,1894,0.8225773032510079,0.0485744456177402,0.5638859556494192,321.72,MID,False,UP,,,
2020-07-20,1890,0.9058905777332388,0.0544973544973544,0.3936507936507936,324.32,MID,False,DOWN,,,
2020-07-21,1935,0.9154071711594504,0.0578811369509043,0.7018087855297158,325.01,MID,False,UP,,,
2020-07-22,1899,0.8945160859673145,0.0647709320695102,0.5876777251184834,326.86,MID,False,UP,,,
2020-07-23,1912,0.9106014823166002,0.0711297071129707,0.4513598326359833,322.96,MID,False,DOWN,,,
2020-07-24,1877,0.9507721606332388,0.0724560468833244,0.2067128396377197,320.88,MID,False,DOWN,,,
2020-07-27,1895,0.9272670476132476,0.0696569920844327,0.6591029023746702,323.22,MID,False,UP,,,
2020-07-28,1885,0.9174315956080744,0.0679045092838196,0.3257294429708223,321.17,MID,False,DOWN,,,
2020-07-29,1923,0.9323363468376816,0.0712428497139885,0.8122724908996359,325.12,MID,False,UP,,,
2020-07-30,1918,0.8792687109068634,0.0698644421272158,0.3263816475495307,323.96,MID,False,DOWN,,,
2020-07-31,1967,0.9064890824419548,0.0681240467717336,0.3614641586171835,326.52,MID,False,DOWN,,,
2020-08-03,1953,0.9254026561577432,0.0742447516641065,0.65847414234511,328.79,MID,False,UP,,,
2020-08-04,1931,0.9650757109503548,0.0750906266183324,0.6059036768513724,330.06,MID,False,UP,,,
2020-08-05,1966,0.999105836834166,0.0803662258392675,0.728382502543235,332.11,MID,False,UP,,,
2020-08-06,1945,0.9542936166006728,0.0874035989717223,0.4503856041131105,334.33,MID,False,DOWN,,,
2020-08-07,1958,0.9715935383187114,0.0934627170582226,0.6593462717058223,334.57,MID,False,UP,,,
2020-08-10,1987,0.989863002313192,0.0951182687468545,0.6567689984901862,335.57,MID,False,UP,,,
2020-08-11,2004,1.0371721869972057,0.0898203592814371,0.4890219560878243,332.8,MID,False,DOWN,,,
2020-08-12,1958,1.0085418829861217,0.0883554647599591,0.6251276813074566,337.44,MID,False,UP,,,
2020-08-13,1918,1.018498731629247,0.086548488008342,0.3748696558915537,336.83,MID,False,DOWN,,,
2020-08-14,1928,0.9878787167214172,0.0845435684647303,0.4579875518672199,336.84,MID,False,DOWN,,,
2020-08-17,1942,0.9728514806399184,0.0870236869207003,0.5283213182286303,337.91,MID,False,UP,,,
2020-08-18,1922,0.9376917382762198,0.082726326742976,0.3069719042663891,338.64,MID,False,DOWN,,,
2020-08-19,1929,0.9212643217427082,0.0813893208916537,0.390357698289269,337.23,MID,False,DOWN,,,
2020-08-20,1898,0.9217680700316702,0.0763962065331928,0.3566912539515279,338.28,MID,False,DOWN,,,
2020-08-21,1950,0.9263453863161292,0.0769230769230769,0.341025641025641,339.48,MID,False,DOWN,,,
2020-08-24,1942,0.9270652184001787,0.0710607621009268,0.7451081359423275,342.92,MID,False,UP,,,
2020-08-25,1893,0.9220754563940046,0.0644479661912308,0.5145272054939249,344.12,MID,False,UP,,,
2020-08-26,1899,0.8489800763486873,0.0631911532385466,0.3954713006845708,347.57,MID,False,DOWN,,,
2020-08-27,1902,0.8235067118591015,0.0588853838065194,0.5793901156677181,348.33,COOL,False,UP,,,
2020-08-28,1896,0.781803844168605,0.0532700421940928,0.7130801687763713,350.58,COOL,False,UP,,,
2020-08-31,1982,0.7469717085631022,0.0509586276488395,0.2608476286579212,349.31,COOL,False,DOWN,,,
2020-09-01,1945,0.7636035655382662,0.0508997429305912,0.6442159383033419,352.6,COOL,False,UP,,,
2020-09-02,1937,0.7817015798420127,0.0526587506453278,0.7263810015487868,357.7,COOL,False,UP,,,
2020-09-03,1958,0.7719553305322896,0.0505617977528089,0.1389172625127681,345.39,COOL,False,DOWN,,,
2020-09-04,1951,0.7431613442431444,0.0497180932854946,0.3941568426447975,342.57,COOL,False,DOWN,,,
2020-09-08,1949,0.8530007896575824,0.0492560287326834,0.1759876859928168,333.21,MID,False,DOWN,,,
2020-09-09,1936,0.7495188724526428,0.0449380165289256,0.746900826446281,339.79,COOL,False,UP,,,
2020-09-10,1929,0.7201492608275781,0.0435458786936236,0.1757387247278382,333.89,COOL,False,DOWN,,,
2020-09-11,1913,0.7913259164601415,0.0460010454783063,0.4887611082070047,334.06,COOL,False,DOWN,,,
2020-09-14,1942,0.7757393459464674,0.0442842430484037,0.8516992790937178,338.46,COOL,False,UP,,,
2020-09-15,1920,0.7820558018481488,0.0458333333333333,0.5276041666666667,340.17,COOL,False,UP,,,
2020-09-16,1965,0.791353650517448,0.043765903307888,0.6005089058524173,338.82,COOL,False,UP,,,
2020-09-17,1936,0.8132018180257365,0.0532024793388429,0.3651859504132231,335.84,MID,False,DOWN,,,
2020-09-18,2083,0.95683791671884,0.0508881421027364,0.3086893903024484,330.65,MID,False,DOWN,,,
2020-09-21,2006,1.1653964839026412,0.0558325024925224,0.1420737786640079,326.97,MID,False,DOWN,,,
2020-09-22,1944,0.9439818136254798,0.0545267489711934,0.625,330.3,MID,False,UP,,,
2020-09-23,1955,1.0095697913103865,0.0562659846547314,0.0925831202046035,322.64,MID,False,DOWN,,,
2020-09-24,1933,1.0648405847666398,0.0543197102948784,0.5431971029487843,323.5,MID,False,UP,,,
2020-09-25,1903,1.0496768292571628,0.047293746715712,0.7929584866001052,328.73,MID,False,UP,,,
2020-09-28,1911,1.1946871618728936,0.0444793301936159,0.8822605965463108,334.19,MID,False,UP,,,
2020-09-29,1915,0.947442985291606,0.0402088772845953,0.3352480417754569,332.37,MID,False,DOWN,,,
2020-09-30,1955,0.9100404308529042,0.037851662404092,0.6030690537084399,334.89,MID,False,UP,,,
2020-10-01,1943,0.8988959706848231,0.0365414307771487,0.700977869274318,337.04,MID,False,UP,,,
2020-10-02,1920,0.9893999535305894,0.0359375,0.6135416666666667,333.84,MID,False,UP,,,
2020-10-05,1925,0.9915413239104356,0.0379220779220779,0.8701298701298701,339.76,MID,False,UP,,,
2020-10-06,1963,0.8904067950150985,0.0387162506367804,0.3616912888436067,334.93,MID,False,DOWN,,,
2020-10-07,1956,0.8896958383391188,0.0414110429447852,0.8271983640081799,340.76,MID,False,UP,,,
2020-10-08,1925,0.956466541810448,0.0477922077922077,0.785974025974026,343.78,MID,False,UP,,,
2020-10-09,1897,1.007241448230246,0.0521876647337902,0.5703742751713231,346.85,MID,False,UP,,,
2020-10-12,1914,1.056483192637861,0.0585161964472309,0.6765935214211076,352.43,MID,False,UP,,,
2020-10-13,1903,1.0721034955868471,0.0725170782974251,0.303205465055176,350.13,MID,False,DOWN,,,
2020-10-14,1884,1.087372793946233,0.0801486199575371,0.3428874734607218,347.93,MID,False,DOWN,,,
2020-10-15,1908,1.168785715075635,0.0833333333333333,0.6457023060796646,347.5,MID,False,UP,,,
2020-10-16,1908,1.1311272444479663,0.0880503144654088,0.449685534591195,347.29,MID,False,DOWN,,,
2020-10-19,1912,1.0514571605619234,0.0847280334728033,0.2086820083682008,342.01,MID,False,DOWN,,,
2020-10-20,1918,1.0284355785229622,0.083941605839416,0.6501564129301356,343.38,MID,False,UP,,,
2020-10-21,1906,1.0423902172101454,0.0813221406086044,0.3840503672612801,342.73,MID,False,DOWN,,,
2020-10-22,1933,0.9996892162001793,0.0713916192446973,0.7459906880496637,344.61,MID,False,UP,,,
2020-10-23,1899,1.0190583315163209,0.0647709320695102,0.6524486571879937,345.78,MID,False,UP,,,
2020-10-26,1922,0.9233902564132804,0.0593132154006243,0.1139438085327783,339.39,MID,False,DOWN,,,
2020-10-27,1909,0.9391798098326388,0.0560502881089575,0.3043478260869565,338.22,MID,False,DOWN,,,
2020-10-28,1958,1.1404942481826996,0.0515832482124616,0.0760980592441266,326.66,MID,False,DOWN,,,
2020-10-29,1937,0.974767664644566,0.0454310789881259,0.7093443469282396,329.98,MID,False,UP,,,
2020-10-30,1958,0.9335324691245174,0.0408580183861082,0.3319713993871297,326.54,MID,False,DOWN,,,
2020-11-02,1933,0.945128818026642,0.0455250905328504,0.8173823072943611,330.2,MID,False,UP,,,
2020-11-03,1966,1.1105268501123402,0.048321464903357,0.887589013224822,336.03,MID,False,UP,,,
2020-11-04,1935,1.104167778075565,0.0532299741602067,0.4940568475452196,343.54,MID,False,DOWN,,,
2020-11-05,1956,1.1287179396911862,0.0541922290388548,0.843558282208589,350.24,MID,False,UP,,,
2020-11-06,1933,1.3615263767637529,0.0631143300569063,0.3874806001034661,350.16,MID,False,DOWN,,,
2020-11-09,2082,1.835899641205348,0.0946205571565802,0.7142170989433237,354.56,MID,False,UP,,,
2020-11-10,2039,1.6650630593245677,0.0941638057871505,0.674350171652771,354.04,MID,False,UP,,,
2020-11-11,1994,1.5869224123843506,0.1003009027081243,0.4779338014042126,356.67,MID,False,DOWN,,,
2020-11-12,1988,1.6136737035506823,0.1106639839034205,0.1790744466800805,353.21,MID,False,DOWN,,,
2020-11-13,1970,1.5648195821304736,0.1203045685279187,0.86751269035533,358.1,MID,False,UP,,,
2020-11-16,2036,1.842429351124934,0.1581532416502947,0.8158153241650294,362.57,MID,False,UP,,,
2020-11-17,2029,1.6617236991015962,0.1675702316412025,0.5007392804337112,360.62,MID,False,UP,,,
2020-11-18,2029,1.8195913950081632,0.1956628881222277,0.2661409561360276,356.28,MID,False,DOWN,,,
2020-11-19,1986,1.8526700559882017,0.2119838872104733,0.6339375629405841,357.78,MID,False,UP,,,
2020-11-20,1990,1.8398816924628325,0.214572864321608,0.4497487437185929,355.33,MID,False,DOWN,,,
2020-11-23,2043,1.957858072215192,0.2295643661282427,0.7459618208516887,357.46,MID,False,UP,,,
2020-11-24,2094,2.1723547619480086,0.2569245463228271,0.7631327602674307,363.22,MID,False,UP,,,
2020-11-25,2017,1.9585463888308656,0.2310361923648983,0.3634110064452157,362.66,MID,False,DOWN,,,
2020-11-27,1861,1.8892924490924792,0.2203116603976356,0.5260612573885008,363.67,MID,False,UP,,,
2020-11-30,2085,1.739510150831017,0.1808153477218225,0.2369304556354916,362.06,MID,False,DOWN,,,
2020-12-01,2062,1.4954714486925382,0.1469447138700291,0.7347235693501455,366.02,MID,False,UP,,,
2020-12-02,2018,1.3593279198439618,0.1243805748265609,0.5455896927651139,366.79,MID,False,UP,,,
2020-12-03,2014,1.2194010548418643,0.0933465739821251,0.6112214498510427,366.69,MID,False,UP,,,
2020-12-04,2032,1.168083134189002,0.0856299212598425,0.8179133858267716,369.85,MID,False,UP,,,
2020-12-07,2057,0.9818694442068042,0.0743801652892562,0.3976665046183762,369.09,MID,False,DOWN,,,
2020-12-08,2067,0.9435344960601928,0.0759554910498306,0.6400580551523948,370.17,MID,False,UP,,,
2020-12-09,2068,0.991344640826476,0.077852998065764,0.4366537717601547,366.85,MID,False,DOWN,,,
2020-12-10,2045,0.9376815964347218,0.0767726161369193,0.560880195599022,366.73,MID,False,UP,,,
2020-12-11,2046,0.8533578495184029,0.0713587487781036,0.3695014662756598,366.3,COOL,False,DOWN,,,
2020-12-14,2094,0.8622429413617669,0.0778414517669532,0.3882521489971346,364.66,COOL,False,DOWN,,,
2020-12-15,2088,0.847320905865549,0.0761494252873563,0.8510536398467433,369.59,COOL,False,UP,,,
2020-12-16,2082,0.8155139848280828,0.073967339097022,0.4130643611911623,370.17,COOL,False,DOWN,,,
2020-12-17,2108,0.8037112770191093,0.079696394686907,0.7063567362428842,372.24,COOL,False,UP,,,
2020-12-18,2241,0.8517143036032242,0.0785363676929942,0.4038375725122713,369.18,COOL,False,DOWN,,,
2020-12-21,2122,0.918677468591572,0.0824693685202639,0.3449575871819039,367.86,MID,False,DOWN,,,
2020-12-22,2080,0.7575060717616859,0.0831730769230769,0.4740384615384615,367.24,COOL,False,DOWN,,,
2020-12-23,2064,0.7670973272492785,0.0852713178294573,0.6623062015503876,367.57,COOL,False,UP,,,
2020-12-24,1835,0.714063691265645,0.0910081743869209,0.5291553133514987,369.0,COOL,False,UP,,,
2020-12-28,2071,0.7315608008429618,0.0878802510864316,0.5224529212940608,372.17,COOL,False,UP,,,
2020-12-29,2063,0.7113055175270522,0.0877363063499757,0.232670867668444,371.46,COOL,False,DOWN,,,
2020-12-30,2031,0.6508852443621159,0.0861644510093549,0.7163958641063516,371.99,COOL,False,UP,,,
2020-12-31,2054,0.6476223651926397,0.0774099318403115,0.5827653359298929,373.88,COOL,False,UP,,,
2021-01-04,2115,0.7492146543975318,0.075177304964539,0.2614657210401891,368.79,COOL,False,DOWN,,,
2021-01-05,2105,0.8531980467421183,0.0707838479809976,0.7619952494061758,371.33,COOL,False,UP,,,
2021-01-06,2178,0.9476666608714112,0.0684113865932047,0.7988980716253443,373.55,MID,False,UP,,,
2021-01-07,2113,0.9254523249264934,0.0738286796024609,0.690487458589683,379.1,MID,False,UP,,,
2021-01-08,2110,0.9303804668488914,0.0791469194312796,0.4677725118483412,381.26,MID,False,DOWN,,,
2021-01-11,2082,0.9868143458297906,0.0802113352545629,0.4428434197886647,378.69,MID,False,DOWN,,,
2021-01-12,2105,1.0150912743527207,0.0878859857482185,0.7178147268408551,378.77,MID,False,UP,,,
2021-01-13,2087,0.9904811140887468,0.0948730234786775,0.362721609966459,379.79,MID,False,DOWN,,,
2021-01-14,2119,1.0513740492360213,0.0995752713544124,0.7003303445021236,378.46,MID,False,UP,,,
2021-01-15,2122,1.094329292441303,0.1008482563619227,0.292177191328935,375.7,MID,False,DOWN,,,
2021-01-19,2149,1.0901986816499276,0.1088878548161935,0.652396463471382,378.65,MID,False,UP,,,
2021-01-20,2123,1.1023276754781488,0.1168158266603862,0.6161092793217146,383.89,MID,False,UP,,,
2021-01-21,2123,1.1072788355851,0.1168158266603862,0.3320772491756947,384.24,MID,False,DOWN,,,
2021-01-22,2132,1.135079137814658,0.1177298311444653,0.5328330206378987,382.88,MID,False,UP,,,
2021-01-25,2150,1.1088730040224373,0.1237209302325581,0.4427906976744186,384.39,MID,False,DOWN,,,
2021-01-26,2132,1.2243615827591112,0.1280487804878048,0.3456848030018761,383.79,MID,False,DOWN,,,
2021-01-27,2186,1.4880354529814537,0.1363220494053064,0.1628545288197621,374.41,MID,False,DOWN,,,
2021-01-28,2171,1.27243250539078,0.1197604790419161,0.6232151082450483,377.63,MID,False,UP,,,
2021-01-29,2167,1.2403369009736454,0.1158283341024457,0.1679741578218735,370.07,MID,False,DOWN,,,
2021-02-01,2140,1.1880150846632014,0.1121495327102803,0.8350467289719626,376.23,MID,False,UP,,,
2021-02-02,2147,1.1455216418503804,0.1094550535631113,0.7792268281322776,381.55,MID,False,UP,,,
2021-02-03,2134,1.0235709360408851,0.0970009372071227,0.5463917525773195,381.85,MID,False,UP,,,
2021-02-04,2145,1.044807307021618,0.0937062937062937,0.7794871794871795,386.19,MID,False,UP,,,
2021-02-05,2162,1.0483628055393253,0.0994449583718778,0.683163737280296,387.71,MID,False,UP,,,
2021-02-08,2203,1.0725961548168197,0.1034952337721289,0.8007262823422605,390.51,MID,False,UP,,,
2021-02-09,2190,1.0691803658510255,0.1105022831050228,0.545662100456621,390.25,MID,False,UP,,,
2021-02-10,2192,1.082791030514025,0.1186131386861313,0.4849452554744525,390.08,MID,False,DOWN,,,
2021-02-11,2198,1.0646288532805914,0.1228389444949954,0.5013648771610555,390.71,MID,False,UP,,,
2021-02-12,2157,1.1201584743450963,0.1372276309689383,0.5855354659248957,392.64,MID,False,UP,,,
2021-02-16,2213,1.1905106100157403,0.1432444645277903,0.4898328061455038,392.3,MID,False,DOWN,,,
2021-02-17,2175,1.1513620834807066,0.1416091954022988,0.3747126436781609,392.39,MID,False,DOWN,,,
2021-02-18,2191,1.1845794448035285,0.1387494294842537,0.2724783204016431,390.72,MID,False,DOWN,,,
2021-02-19,2184,1.2095266119900594,0.1419413919413919,0.7220695970695971,390.03,MID,False,UP,,,
2021-02-22,2225,1.2897417861296274,0.1465168539325842,0.4876404494382022,387.03,MID,False,DOWN,,,
2021-02-23,2234,1.405779198420839,0.1611459265890779,0.4525514771709937,387.5,MID,False,DOWN,,,
2021-02-24,2231,1.5217051952142344,0.1640519946212461,0.7830569251456746,391.77,MID,False,UP,,,
2021-02-25,2216,1.5297365980908926,0.1570397111913357,0.1051444043321299,382.33,MID,False,DOWN,,,
2021-02-26,2223,1.5601822639318708,0.1502474134053081,0.3661718398560504,380.36,MID,False,DOWN,,,
2021-03-01,2223,1.3981044860934924,0.1448493027440396,0.8888888888888888,389.58,MID,False,UP,,,
2021-03-02,2185,1.263454564672526,0.1299771167048055,0.3107551487414187,386.54,MID,False,DOWN,,,
2021-03-03,2225,1.2660754679409554,0.1312359550561797,0.4485393258426966,381.42,MID,False,DOWN,,,
2021-03-04,2266,1.3492497728603987,0.1407766990291262,0.1822594880847308,376.7,MID,False,DOWN,,,
2021-03-05,2258,1.3720669189669263,0.1479185119574845,0.8011514614703277,383.63,MID,False,UP,,,
2021-03-08,2247,1.5019120250517477,0.1619937694704049,0.6114819759679573,381.72,MID,False,UP,,,
2021-03-09,2233,1.41819732053216,0.1585311240483654,0.5991939095387371,387.17,MID,False,UP,,,
2021-03-10,2236,1.3894477689572962,0.1645796064400715,0.7365831842576028,389.58,MID,False,UP,,,
2021-03-11,2240,1.436631214939888,0.1665178571428571,0.7357142857142858,393.53,MID,False,UP,,,
2021-03-12,2226,1.4472002413995824,0.1608265947888589,0.6401617250673854,394.06,MID,False,UP,,,
2021-03-15,2250,1.4537280241381028,0.16,0.6271111111111111,396.41,MID,False,UP,,,
2021-03-16,2241,1.4662977262733898,0.1526104417670682,0.251673360107095,395.91,MID,False,DOWN,,,
2021-03-17,2233,1.4476300365265704,0.1442006269592476,0.6412897447380206,397.26,MID,False,UP,,,
2021-03-18,2248,1.4388669254327,0.1396797153024911,0.2250889679715302,391.48,MID,False,DOWN,,,
2021-03-19,2361,1.3373084271367557,0.1177467174925878,0.5484963998305803,389.48,MID,False,UP,,,
2021-03-22,2228,1.2590847606546245,0.1086175942549371,0.4093357271095152,392.59,MID,False,DOWN,,,
2021-03-23,2234,1.3112147860315713,0.1025067144136078,0.1298119964189794,389.5,MID,False,DOWN,,,
2021-03-24,2227,1.1999201468454226,0.0951953300404131,0.3309384822631342,387.52,MID,False,DOWN,,,
2021-03-25,2224,1.38851470743937,0.1029676258992805,0.7954136690647482,389.7,MID,False,UP,,,
2021-03-26,2193,1.3580364428307954,0.0975832193342453,0.7893296853625171,395.98,MID,False,UP,,,
2021-03-29,2201,1.1880935883760038,0.0863243980009086,0.214447978191731,395.78,MID,False,DOWN,,,
2021-03-30,2169,1.1121967689731738,0.0788381742738589,0.6625172890733056,394.73,MID,False,UP,,,
2021-03-31,2259,1.0308503773914426,0.0756972111553784,0.5325365205843293,396.33,MID,False,UP,,,
2021-04-01,2217,0.9969600211015408,0.0726206585475868,0.7830401443391971,400.61,MID,False,UP,,,
2021-04-05,2209,0.9777380190036856,0.0724309642372114,0.6781349026708918,406.36,MID,False,UP,,,
2021-04-06,2202,0.905414171579258,0.0663033605812897,0.5104450499545867,406.12,COOL,False,UP,,,
2021-04-07,2203,0.9091984643605402,0.0671811166591012,0.2900590104403087,406.59,COOL,False,DOWN,,,
2021-04-08,2170,0.8985391471503343,0.0677419354838709,0.619815668202765,408.52,COOL,False,UP,,,
2021-04-09,2164,0.8713783771820215,0.066543438077634,0.5730129390018485,411.49,COOL,False,UP,,,
2021-04-12,2148,0.8920938180219024,0.0679702048417132,0.5121042830540037,411.64,COOL,False,UP,,,
2021-04-13,2174,0.9201322233795584,0.0653173873045078,0.4342226310947562,412.86,COOL,False,DOWN,,,
2021-04-14,2159,0.8920815932650071,0.063918480778138,0.6016674386289949,411.45,COOL,False,UP,CHARGING,MID,UP
2021-04-15,2160,0.8422741106179028,0.0652777777777777,0.6625,415.87,COOL,False,UP,CHARGING,MID,UP
2021-04-16,2183,0.8416553993831377,0.0627576729271644,0.624828218048557,417.26,COOL,False,UP,CHARGING,HI,UP
2021-04-19,2187,0.8213809330732392,0.0644718792866941,0.2775491540923639,415.21,COOL,False,DOWN,CHARGING,MID,UP
2021-04-20,2195,0.9332844826197312,0.0683371298405467,0.2391799544419134,412.17,MID,False,DOWN,CHARGING,HI,UP
2021-04-21,2175,0.9376464906462894,0.0657471264367816,0.8772413793103448,416.07,MID,False,UP,CHARGING,MID,UP
2021-04-22,2184,0.8757718288575069,0.0595238095238095,0.3672161172161172,412.27,COOL,False,DOWN,CHARGING,MID,UP
2021-04-23,2184,0.7860432723556892,0.0531135531135531,0.8081501831501832,416.74,COOL,False,UP,CHARGING,MID,UP
2021-04-26,2182,0.8212709314311801,0.0554537121906507,0.6471127406049496,417.61,COOL,False,UP,CHARGING,MID,UP
2021-04-27,2173,0.7510438495464948,0.0547630004601932,0.4947077772664519,417.52,COOL,False,DOWN,CHARGING,MID,UP
2021-04-28,2172,0.7531552740759664,0.0506445672191528,0.5377532228360957,417.4,COOL,False,UP,CHARGING,MID,UP
2021-04-29,2190,0.8331340502561415,0.0525114155251141,0.5557077625570777,420.06,COOL,False,UP,DISCHARGING,MID,UP
2021-04-30,2235,0.8240249864799787,0.0483221476510067,0.2255033557046979,417.3,COOL,False,DOWN,DISCHARGING,MID,UP
2021-05-03,2233,0.8088519735019577,0.0492610837438423,0.6444245409762651,418.2,COOL,False,UP,DISCHARGING,MID,DOWN
2021-05-04,2219,0.8550938140449189,0.0513744930148715,0.3465525011266336,415.62,COOL,False,DOWN,DISCHARGING,MID,UP
2021-05-05,2207,0.8796485906271474,0.053013140009062,0.4984141368373357,415.75,COOL,False,DOWN,DISCHARGING,MID,DOWN
2021-05-06,2235,0.9412264323819832,0.0550335570469798,0.5829977628635347,419.07,MID,False,UP,DISCHARGING,HI,DOWN
2021-05-07,2222,1.0054006721927289,0.0594059405940594,0.7614761476147615,422.12,MID,False,UP,DISCHARGING,HI,DOWN
2021-05-10,2245,1.1617300307223055,0.0730512249443207,0.2592427616926503,417.94,MID,False,DOWN,DISCHARGING,HI,DOWN
2021-05-11,2219,1.174756102953304,0.0820189274447949,0.3271744028841821,414.21,MID,False,DOWN,DISCHARGING,MID,DOWN
2021-05-12,2244,1.1968319784242851,0.0819964349376114,0.1011586452762923,405.41,MID,False,DOWN,DISCHARGING,MID,DOWN
2021-05-13,2223,1.2347994699881342,0.0854700854700854,0.7314439946018894,410.28,MID,False,UP,DISCHARGING,HI,DOWN
2021-05-14,2204,1.2024782566544772,0.088021778584392,0.8938294010889292,416.58,MID,False,UP,DISCHARGING,HI,DOWN
2021-05-17,2195,1.0715552657887788,0.0915717539863325,0.4856492027334852,415.52,MID,False,DOWN,DISCHARGING,HI,DOWN
2021-05-18,2212,1.1414983984796447,0.0908679927667269,0.3462929475587703,411.94,MID,False,DOWN,DISCHARGING,HI,DOWN
2021-05-19,2206,1.227675778020901,0.0929283771532185,0.3304623753399818,410.86,MID,False,DOWN,DISCHARGING,MID,DOWN
2021-05-20,2183,1.0534015531165697,0.0797068254695373,0.6871278057718736,415.28,MID,False,UP,DISCHARGING,HI,DOWN
2021-05-21,2196,1.0309091229105776,0.0765027322404371,0.5432604735883424,414.94,MID,False,UP,DISCHARGING,HI,DOWN
2021-05-24,2199,0.9503798236303806,0.0695770804911323,0.6557526148249204,419.17,MID,False,UP,DISCHARGING,HI,DOWN
2021-05-25,2236,0.9615417447438432,0.0608228980322003,0.2839892665474061,418.24,MID,False,DOWN,DISCHARGING,HI,DOWN
2021-05-26,2193,0.9523579485154504,0.0583675330597355,0.7829457364341085,419.07,MID,False,UP,DISCHARGING,HI,DOWN
2021-05-27,2245,0.8972077144435916,0.0543429844097995,0.6922048997772828,419.29,MID,False,UP,DISCHARGING,HI,DOWN
2021-05-28,2201,0.8159490479712335,0.0508859609268514,0.5338482507950931,420.04,COOL,False,UP,DISCHARGING,MID,UP
2021-06-01,2282,0.8492721023913653,0.0508326029798422,0.6914986853637161,419.67,COOL,False,UP,DISCHARGING,MID,UP
2021-06-02,2251,0.8488285857032523,0.0470901821412705,0.4384717903154154,420.33,COOL,False,DOWN,DISCHARGING,MID,UP
2021-06-03,2245,0.8471219421915485,0.0498886414253897,0.3853006681514476,418.77,COOL,False,DOWN,DISCHARGING,LO,UP
2021-06-04,2207,0.7772141813221398,0.050747621205256,0.6379700951517897,422.6,COOL,False,UP,CHARGING,LO,UP
2021-06-07,2265,0.7868117317456695,0.0525386313465783,0.5770419426048565,422.19,COOL,False,UP,CHARGING,MID,UP
2021-06-08,2253,0.8025526829563872,0.0581446959609409,0.6626719928983578,422.28,COOL,False,UP,CHARGING,MID,UP
2021-06-09,2244,0.791779506435661,0.0610516934046345,0.3444741532976827,421.65,COOL,False,DOWN,CHARGING,MID,UP
2021-06-10,2235,0.7827689908537023,0.0568232662192393,0.4809843400447427,423.61,COOL,False,DOWN,DISCHARGING,MID,UP
2021-06-11,2229,0.7876074708564821,0.0574248541947061,0.6922386720502467,424.31,COOL,False,UP,DISCHARGING,LO,UP
2021-06-14,2275,0.7763052076459747,0.0536263736263736,0.3846153846153846,425.26,COOL,False,DOWN,DISCHARGING,LO,UP
2021-06-15,2261,0.7562475408171829,0.0552852720035382,0.4582043343653251,424.48,COOL,False,DOWN,DISCHARGING,MID,UP
2021-06-16,2275,0.8053070797764045,0.0501098901098901,0.3854945054945055,422.11,COOL,False,DOWN,CHARGING,MID,UP
2021-06-17,2297,0.9555228906590972,0.0483239007400957,0.3326077492381367,421.97,MID,False,DOWN,CHARGING,MID,UP
2021-06-18,2381,1.1891667458484605,0.0470390592188156,0.1558168836623267,414.92,MID,False,DOWN,CHARGING,LO,UP
2021-06-21,2296,0.966925313522712,0.039198606271777,0.8427700348432056,420.86,MID,False,UP,CHARGING,MID,UP
2021-06-22,2277,0.890495512208122,0.038647342995169,0.5054896794027229,423.11,MID,False,UP,CHARGING,MID,UP
2021-06-23,2284,0.875246680006471,0.0433450087565674,0.5004378283712785,422.6,MID,False,UP,CHARGING,MID,UP
2021-06-24,2275,0.8946283831043609,0.0435164835164835,0.7683516483516484,425.1,MID,False,UP,CHARGING,MID,UP
2021-06-25,2451,0.9746073086707866,0.0432476540187678,0.5924112607099143,426.61,MID,False,UP,CHARGING,MID,UP
2021-06-28,2300,0.9798316915492448,0.0430434782608695,0.3469565217391304,427.47,MID,False,DOWN,CHARGING,MID,UP
2021-06-29,2238,0.8964863063536719,0.0415549597855227,0.3775692582663092,427.7,MID,False,DOWN,CHARGING,MID,UP
2021-06-30,2295,0.9195890048235136,0.0427015250544662,0.5167755991285403,428.06,MID,False,UP,CHARGING,MID,UP
2021-07-01,2276,0.9250852075743264,0.039103690685413,0.6933216168717048,430.43,MID,False,UP,CHARGING,MID,UP
2021-07-02,2218,0.8576258280558149,0.0342651036970243,0.3985572587917042,433.72,MID,False,DOWN,CHARGING,MID,UP
2021-07-06,2274,0.9228416308757836,0.0325417766051011,0.2594547053649956,432.93,MID,False,DOWN,CHARGING,HI,UP
2021-07-07,2258,0.899268707312968,0.0336581045172719,0.4304694419840567,434.46,MID,False,DOWN,CHARGING,MID,UP
2021-07-08,2255,1.0718970227356102,0.0354767184035476,0.1751662971175166,430.92,MID,False,DOWN,CHARGING,MID,UP
2021-07-09,2197,0.9370809524860936,0.0291306326809285,0.9094219390077378,435.52,MID,False,UP,CHARGING,MID,UP
2021-07-12,2212,0.7940008932755444,0.0275768535262206,0.5610307414104883,437.08,COOL,False,UP,CHARGING,MID,UP
2021-07-13,2226,0.785187911711041,0.0305480682839173,0.1410601976639712,435.59,COOL,False,DOWN,CHARGING,MID,UP
2021-07-14,2227,0.7486588805899185,0.0309833857207004,0.3273462056578357,436.24,COOL,False,DOWN,CHARGING,MID,UP
2021-07-15,2237,0.8065343741535906,0.0286097451944568,0.402771569065713,434.75,COOL,False,DOWN,CHARGING,MID,UP
2021-07-16,2244,0.9444742533471168,0.0325311942959001,0.2713903743315508,431.34,MID,False,DOWN,CHARGING,MID,UP
2021-07-19,2288,1.240270968363468,0.0362762237762237,0.180506993006993,424.97,HOT,False,DOWN,CHARGING,MID,DOWN
2021-07-20,2303,0.9886796545769276,0.0347372991749891,0.9144594007815892,431.06,MID,False,UP,CHARGING,LO,DOWN
2021-07-21,2224,1.0770009229579287,0.0355215827338129,0.8125,434.55,MID,False,UP,CHARGING,MID,DOWN
2021-07-22,2186,0.908852824504004,0.0288197621225983,0.2566331198536139,435.46,MID,False,DOWN,CHARGING,MID,DOWN
2021-07-23,2170,0.8525316058266987,0.0294930875576036,0.6824884792626729,439.94,MID,False,UP,CHARGING,MID,DOWN
2021-07-26,2194,0.8526055722689424,0.0350957155879671,0.5692798541476755,441.02,MID,False,UP,CHARGING,MID,DOWN
2021-07-27,2201,0.8605865237164347,0.0358927760109041,0.3257610177192185,439.01,MID,False,DOWN,CHARGING,HI,DOWN
2021-07-28,2206,0.8475959396069228,0.0303717135086128,0.7062556663644606,438.83,COOL,False,UP,CHARGING,HI,DOWN
2021-07-29,2203,0.9020962253485162,0.0304130730821606,0.7035860190649115,440.65,MID,False,UP,CHARGING,MID,DOWN
2021-07-30,2242,0.8042338124590311,0.0285459411239964,0.3733273862622658,438.51,COOL,False,DOWN,CHARGING,MID,DOWN
2021-08-02,2253,0.8191556823938836,0.0301819795827785,0.4065690190856635,437.59,COOL,False,DOWN,CHARGING,HI,DOWN
2021-08-03,2267,0.8802611936702665,0.0374944861049845,0.6387295985884429,441.15,MID,False,UP,CHARGING,MID,DOWN
2021-08-04,2240,0.9002557683160081,0.0419642857142857,0.2678571428571428,438.98,MID,False,DOWN,DISCHARGING,MID,DOWN
2021-08-05,2248,0.8993024486054173,0.0484875444839857,0.7584519572953736,441.76,MID,False,UP,DISCHARGING,HI,DOWN
2021-08-06,2245,0.9565318845574138,0.0521158129175946,0.6066815144766147,442.49,MID,False,UP,DISCHARGING,HI,DOWN
2021-08-09,2229,0.8702163891200783,0.0560789591745177,0.3701211305518169,442.13,MID,False,DOWN,DISCHARGING,HI,DOWN
2021-08-10,2248,0.8707643060069246,0.0613879003558718,0.5862989323843416,442.68,MID,False,UP,DISCHARGING,MID,DOWN
2021-08-11,2257,0.9037673984939316,0.0642445724412937,0.666371289322109,443.78,MID,False,UP,DISCHARGING,HI,DOWN
2021-08-12,2240,0.8849053979631893,0.065625,0.4200892857142857,445.11,MID,False,DOWN,DISCHARGING,HI,DOWN
2021-08-13,2204,0.9059107091778066,0.0689655172413793,0.4078947368421052,445.92,MID,False,DOWN,DISCHARGING,HI,DOWN
2021-08-16,2218,0.8897612856835078,0.0658250676284941,0.3399458972046889,446.97,MID,False,DOWN,DISCHARGING,HI,DOWN
2021-08-17,2247,0.8825491866647188,0.0631953716065865,0.2634623943035158,444.04,MID,False,DOWN,DISCHARGING,HI,DOWN
2021-08-18,2241,0.8928761290471289,0.0580098170459616,0.2552431950022311,439.18,MID,False,DOWN,DISCHARGING,HI,DOWN
2021-08-19,2244,1.0072732549308907,0.0574866310160427,0.267825311942959,439.86,MID,False,DOWN,DISCHARGING,MID,DOWN
2021-08-20,2270,0.919302945461622,0.0515418502202643,0.8352422907488987,443.36,MID,False,UP,DISCHARGING,MID,DOWN
2021-08-23,2227,0.9180760423367864,0.0498428378985181,0.7916479568926807,447.26,MID,False,UP,DISCHARGING,MID,DOWN
2021-08-24,2215,0.8269770978416888,0.0474040632054176,0.7119638826185102,447.97,COOL,False,UP,DISCHARGING,MID,DOWN
2021-08-25,2223,0.7926930907753953,0.0418353576248313,0.6338281601439496,448.91,COOL,False,UP,DISCHARGING,MID,DOWN
2021-08-26,2222,0.8274621602249759,0.0364536453645364,0.2173717371737173,446.26,COOL,False,DOWN,DISCHARGING,HI,DOWN
2021-08-27,2279,0.8844477805466205,0.0333479596314172,0.8986397542781922,450.25,MID,False,UP,DISCHARGING,MID,DOWN
2021-08-30,2241,0.8538353522784216,0.0316822846943328,0.4024988844265952,452.23,MID,False,DOWN,DISCHARGING,MID,DOWN
2021-08-31,2287,0.739794315065534,0.0306077831219938,0.5522518583296896,451.56,COOL,False,UP,DISCHARGING,MID,DOWN
2021-09-01,2253,0.7147386994222567,0.0306258322237017,0.596537949400799,451.8,COOL,False,UP,DISCHARGING,MID,DOWN
2021-09-02,2258,0.7145373842750782,0.0336581045172719,0.6798051372896369,453.19,COOL,False,UP,DISCHARGING,MID,DOWN
2021-09-03,2242,0.7177298722204247,0.0365744870651204,0.3612845673505798,453.08,COOL,False,DOWN,DISCHARGING,HI,DOWN
2021-09-07,2287,0.7543511308899463,0.0406646261477918,0.2881504153913424,451.46,COOL,False,DOWN,DISCHARGING,HI,UP
2021-09-08,2290,0.807162677658062,0.045414847161572,0.3314410480349345,450.91,COOL,False,DOWN,DISCHARGING,MID,UP
2021-09-09,2296,0.7609656683932313,0.0470383275261324,0.4686411149825784,448.98,COOL,False,DOWN,DISCHARGING,MID,UP
2021-09-10,2267,0.7737349681337098,0.0467578297309219,0.2611380679311866,445.44,COOL,False,DOWN,CHARGING,MID,UP
2021-09-13,2299,0.790748767168687,0.0500217485863418,0.6185297955632884,446.58,COOL,False,UP,CHARGING,HI,DOWN
2021-09-14,2295,0.8144404032711992,0.0470588235294117,0.2296296296296296,444.17,COOL,False,DOWN,CHARGING,HI,DOWN
2021-09-15,2311,0.8394986987482829,0.045002163565556,0.7286888792730419,447.88,COOL,False,UP,CHARGING,MID,DOWN
2021-09-16,2284,0.8103012643646101,0.0411558669001751,0.4211908931698774,447.17,COOL,False,DOWN,CHARGING,MID,UP
2021-09-17,2474,0.8451513269036397,0.036378334680679,0.3908649959579628,441.4,MID,False,DOWN,CHARGING,MID,UP
2021-09-20,2349,1.024101627698474,0.0383141762452107,0.1042997020008514,434.04,MID,False,DOWN,CHARGING,MID,UP
2021-09-21,2281,0.7837553632231302,0.0372643577378342,0.4870670758439281,433.63,COOL,False,DOWN,CHARGING,LO,UP
2021-09-22,2281,0.805818905378461,0.0363875493204734,0.8136782113108286,437.86,COOL,False,UP,CHARGING,LO,UP
2021-09-23,2271,0.8410109539849239,0.0383091149273447,0.8168207837956847,443.18,MID,False,UP,CHARGING,MID,UP
2021-09-24,2260,0.8084499064381576,0.0398230088495575,0.4269911504424779,443.91,COOL,False,DOWN,CHARGING,LO,UP
2021-09-27,2335,0.9774260188076408,0.043254817987152,0.6689507494646681,442.64,MID,False,UP,CHARGING,MID,UP
2021-09-28,2303,0.984301155434637,0.0451584889274858,0.1224489795918367,433.72,MID,False,DOWN,CHARGING,MID,DOWN
2021-09-29,2252,0.9503833208097724,0.0439609236234458,0.4782415630550621,434.45,MID,False,DOWN,CHARGING,MID,DOWN
2021-09-30,2295,0.9905828901483522,0.0444444444444444,0.2871459694989107,429.14,MID,False,DOWN,CHARGING,MID,DOWN
2021-10-01,2315,0.999896589315886,0.0466522678185745,0.7788336933045357,434.24,MID,False,UP,CHARGING,MID,DOWN
2021-10-04,2293,0.9403669648221064,0.0475359790667248,0.3270824247710423,428.64,MID,False,DOWN,CHARGING,MID,DOWN
2021-10-05,2289,0.9202600402148586,0.0506771515945827,0.6688510266491918,433.1,MID,False,UP,CHARGING,MID,DOWN
2021-10-06,2264,1.0226208818025488,0.0565371024734982,0.4434628975265017,434.9,MID,False,DOWN,CHARGING,MID,DOWN
2021-10-07,2290,1.004515111550078,0.0537117903930131,0.7938864628820961,438.66,MID,False,UP,CHARGING,MID,DOWN
2021-10-08,2211,0.8774948818294557,0.0529172320217096,0.3740388964269561,437.86,MID,False,DOWN,CHARGING,MID,DOWN
2021-10-11,2189,0.9029412847841816,0.0552763819095477,0.3444495203289173,434.69,MID,False,DOWN,CHARGING,MID,DOWN
2021-10-12,2226,0.8878580002651564,0.054806828391734,0.5983827493261455,433.62,MID,False,UP,CHARGING,MID,DOWN
2021-10-13,2227,0.9202723656275832,0.0529860799281544,0.5913785361472833,435.18,MID,False,UP,CHARGING,MID,DOWN
2021-10-14,2246,0.949977638601766,0.0520926090828138,0.8174532502226179,442.5,MID,False,UP,CHARGING,MID,DOWN
2021-10-15,2315,0.9928388387275005,0.0587473002159827,0.4915766738660907,445.87,MID,False,DOWN,CHARGING,MID,DOWN
2021-10-18,2241,0.954410564152128,0.0566711289602855,0.49888442659527,447.19,MID,False,DOWN,CHARGING,MID,DOWN
2021-10-19,2233,0.8856900915376529,0.0474697716077026,0.6421854008060904,450.64,MID,False,UP,CHARGING,MID,UP
2021-10-20,2250,0.8822869849383637,0.0466666666666666,0.6893333333333334,452.41,MID,False,UP,CHARGING,HI,UP
2021-10-21,2260,0.8559088530243525,0.0460176991150442,0.5336283185840708,453.59,MID,False,UP,CHARGING,HI,UP
2021-10-22,2259,0.8417837759793435,0.0455953961930057,0.4931385568835768,453.12,MID,False,DOWN,DISCHARGING,HI,UP
2021-10-25,2314,0.8381720269815536,0.0540190146931719,0.6326707000864304,455.55,MID,False,UP,CHARGING,HI,UP
2021-10-26,2319,0.901546003028938,0.0586459680896938,0.3492884864165588,455.96,MID,False,DOWN,DISCHARGING,HI,UP
2021-10-27,2286,1.0011770547895626,0.0629921259842519,0.1719160104986876,453.94,MID,False,DOWN,DISCHARGING,HI,UP
2021-10-28,2297,0.9717183667772444,0.0679146713104048,0.7962559860687853,458.32,MID,False,UP,DISCHARGING,HI,UP
2021-10-29,2341,0.9619975294561064,0.0640751815463477,0.4527979495941905,459.25,MID,False,DOWN,DISCHARGING,HI,UP
2021-11-01,2367,1.010092202807114,0.0646387832699619,0.8115758343895226,460.04,MID,False,UP,DISCHARGING,HI,UP
2021-11-02,2326,1.0237016149757288,0.0743766122098022,0.4419604471195185,461.9,MID,False,DOWN,DISCHARGING,HI,UP
2021-11-03,2371,1.0846565365083671,0.0797132011809363,0.7503163222269085,464.72,MID,False,UP,DISCHARGING,HI,UP
2021-11-04,2361,1.1217053743068224,0.0889453621346886,0.4176196526895383,466.91,MID,False,DOWN,DISCHARGING,HI,UP
2021-11-05,2395,1.1331921821828068,0.0951983298538622,0.6693110647181628,468.53,MID,False,UP,DISCHARGING,HI,UP
2021-11-08,2367,1.1295958408039972,0.1039290240811153,0.5416138572032109,468.93,MID,False,UP,DISCHARGING,HI,UP
2021-11-09,2356,1.0925782623469356,0.114176570458404,0.4609507640067912,467.38,MID,False,DOWN,DISCHARGING,HI,UP
2021-11-10,2362,1.0815859613978889,0.1130397967823878,0.3132938187976291,463.62,MID,False,DOWN,DISCHARGING,HI,UP
2021-11-11,2350,1.0577278820830196,0.1153191489361702,0.634468085106383,463.77,MID,False,UP,DISCHARGING,HI,UP
2021-11-12,2332,1.0497196698848978,0.1144939965694682,0.5690394511149228,467.27,MID,False,UP,DISCHARGING,HI,UP
2021-11-15,2364,1.0532685162327708,0.1142131979695431,0.4665820642978003,467.43,MID,False,DOWN,DISCHARGING,HI,UP
2021-11-16,2382,1.080513231679891,0.1116708648194794,0.4832073887489505,469.28,MID,False,DOWN,DISCHARGING,HI,UP
2021-11-17,2370,1.0970645914323949,0.1071729957805907,0.2831223628691983,468.14,MID,False,DOWN,DISCHARGING,HI,UP
2021-11-18,2395,1.0886771238883424,0.1052192066805845,0.3198329853862213,469.73,MID,False,DOWN,DISCHARGING,HI,UP
2021-11-19,2347,1.1951070222427806,0.1009799744354495,0.311887515977844,468.89,HOT,False,DOWN,DISCHARGING,HI,UP
2021-11-22,2396,1.1521475640504444,0.0951585976627712,0.4787145242070116,467.57,MID,False,DOWN,DISCHARGING,MID,UP
2021-11-23,2355,1.1454304147981205,0.0934182590233545,0.5180467091295117,468.19,MID,False,UP,DISCHARGING,HI,DOWN
2021-11-24,2279,1.2160244250938976,0.0855638437911364,0.5212812637121544,469.44,HOT,False,UP,DISCHARGING,HI,DOWN
2021-11-26,2310,1.4726149303093683,0.0809523809523809,0.0844155844155844,458.97,HOT,False,DOWN,DISCHARGING,MID,UP
2021-11-29,2383,1.1979799586850963,0.0704993705413344,0.4817456986991187,464.6,HOT,False,DOWN,DISCHARGING,MID,DOWN
2021-11-30,2427,1.3676751221910737,0.0770498557890399,0.1334981458590853,455.56,HOT,False,DOWN,DISCHARGING,HI,DOWN
2021-12-01,2392,1.3666041481258993,0.0806856187290969,0.1906354515050167,450.5,HOT,False,DOWN,DISCHARGING,MID,DOWN
2021-12-02,2346,1.528132954485366,0.0890878090366581,0.8623188405797102,457.4,EPIC,True,UP,DISCHARGING,MID,DOWN
2021-12-03,2341,1.4507507831289843,0.0914139256727894,0.2281076463049978,453.42,HOT,True,DOWN,DISCHARGING,MID,DOWN
2021-12-06,2360,1.4423401708361672,0.0940677966101695,0.8144067796610169,458.79,HOT,True,UP,DISCHARGING,MID,DOWN
2021-12-07,2350,1.4011624995706913,0.0863829787234042,0.8251063829787234,468.28,HOT,True,UP,DISCHARGING,HI,DOWN
2021-12-08,2302,1.2267237420676111,0.0738488271068636,0.6585577758470895,469.52,HOT,True,UP,DISCHARGING,HI,DOWN
2021-12-09,2297,1.2149472791328706,0.0700914235959947,0.1401828471919895,466.35,HOT,True,DOWN,DISCHARGING,HI,DOWN
2021-12-10,2298,1.1772241902219387,0.0657093124456048,0.5043516100957354,470.74,MID,True,UP,CHARGING,HI,DOWN
2021-12-13,2369,1.2221110098804735,0.0590966652596032,0.2794428028704094,466.57,HOT,True,DOWN,CHARGING,HI,DOWN
2021-12-14,2380,1.186975684124146,0.0592436974789915,0.3121848739495798,463.36,MID,False,DOWN,CHARGING,HI,DOWN
2021-12-15,2427,1.1834488187820995,0.0618046971569839,0.7585496497733828,470.6,MID,False,UP,CHARGING,HI,DOWN
2021-12-16,2407,1.2459213271471614,0.06439551308683,0.3290402991275447,466.45,HOT,False,DOWN,CHARGING,MID,DOWN
2021-12-17,2486,1.13299200421184,0.0635559131134352,0.4863234111021721,459.87,MID,False,DOWN,CHARGING,MID,DOWN
2021-12-20,2406,1.3831980389338492,0.0652535328345802,0.1812136325852036,454.98,HOT,False,DOWN,CHARGING,HI,DOWN
2021-12-21,2355,1.1270938050431716,0.0594479830148619,0.8959660297239915,463.06,MID,False,UP,CHARGING,HI,DOWN
2021-12-22,2312,0.9147501896296176,0.0544982698961937,0.7668685121107266,467.69,MID,False,UP,CHARGING,HI,DOWN
2021-12-23,2279,0.8945269514434981,0.0557261956998683,0.77270732777534,470.6,MID,False,UP,CHARGING,HI,DOWN
2021-12-27,2293,0.8960276929983615,0.0510248582642826,0.768425643262102,477.26,MID,False,UP,CHARGING,HI,DOWN
2021-12-28,2273,0.8940653175829166,0.051473823141223,0.4364276286845578,476.87,MID,False,DOWN,CHARGING,HI,UP
2021-12-29,2264,0.8659628233724955,0.0468197879858657,0.5507950530035336,477.48,MID,False,UP,CHARGING,HI,DOWN
2021-12-30,2295,0.8341845258287058,0.0418300653594771,0.4623093681917211,476.16,COOL,False,DOWN,CHARGING,HI,UP
2021-12-31,2268,0.852321552030193,0.0427689594356261,0.5057319223985891,474.96,MID,False,UP,CHARGING,HI,UP
2022-01-03,2343,0.8733911842438369,0.0401195049082373,0.6372172428510456,477.71,MID,False,UP,CHARGING,MID,UP
2022-01-04,2343,0.9971816119629656,0.0367050789586,0.5501493811352967,477.55,MID,False,UP,CHARGING,MID,UP
2022-01-05,2341,1.0222891852934426,0.0371636052968816,0.1307133703545493,468.38,MID,False,DOWN,CHARGING,MID,DOWN
2022-01-06,2309,1.0365683008536932,0.0355132091814638,0.5786054569077522,467.94,MID,False,UP,CHARGING,MID,DOWN
2022-01-07,2273,1.0813929164719809,0.0351957765068191,0.4346678398592169,466.09,MID,False,DOWN,CHARGING,HI,DOWN
2022-01-10,2313,1.1775873208331984,0.0475572849113705,0.3860786856895806,465.51,MID,False,DOWN,CHARGING,HI,DOWN
2022-01-11,2314,1.1307274212441856,0.0479688850475367,0.7458945548833189,469.75,MID,False,UP,CHARGING,HI,DOWN
2022-01-12,2319,1.1492023687725108,0.0534713238464855,0.4290642518326865,471.02,MID,False,DOWN,CHARGING,HI,DOWN
2022-01-13,2295,1.1564507009567482,0.0596949891067538,0.4156862745098039,464.53,MID,False,DOWN,CHARGING,HI,DOWN
2022-01-14,2314,1.2081122132542574,0.0790838375108038,0.4762316335350043,464.72,HOT,False,DOWN,CHARGING,HI,DOWN
2022-01-18,2344,1.261087930772046,0.098976109215017,0.1130546075085324,456.49,HOT,False,DOWN,CHARGING,HI,DOWN
2022-01-19,2326,1.2005422190467965,0.1057609630266552,0.233877901977644,451.75,HOT,False,DOWN,CHARGING,HI,DOWN
2022-01-20,2318,1.2607460437603262,0.1143226919758412,0.1893874029335634,446.75,HOT,False,DOWN,DISCHARGING,HI,DOWN
2022-01-21,2372,1.3958227826190397,0.1340640809443507,0.163575042158516,437.98,HOT,False,DOWN,DISCHARGING,HI,DOWN
2022-01-24,2408,1.6540773699772586,0.1661129568106312,0.6806478405315615,439.84,EPIC,True,UP,DISCHARGING,HI,DOWN
2022-01-25,2322,1.5435079813879011,0.1670973298880275,0.3100775193798449,434.47,EPIC,True,DOWN,DISCHARGING,HI,DOWN
2022-01-26,2332,1.6839651043588582,0.1779588336192109,0.2645797598627787,433.38,EPIC,True,DOWN,DISCHARGING,HI,DOWN
2022-01-27,2293,1.6735963795712427,0.185782817269952,0.2211077191452246,431.24,EPIC,True,DOWN,DISCHARGING,HI,DOWN
2022-01-28,2307,1.8587846933786207,0.1985262245340268,0.8205461638491548,441.95,EPIC,True,UP,DISCHARGING,HI,DOWN
2022-01-31,2350,1.654434472753234,0.1744680851063829,0.8902127659574468,449.91,EPIC,True,UP,DISCHARGING,HI,DOWN
2022-02-01,2328,1.5812995609862015,0.1494845360824742,0.7276632302405498,452.95,EPIC,True,UP,DISCHARGING,HI,DOWN
2022-02-02,2307,1.4662418455923856,0.1196358907672301,0.4343302990897269,457.35,HOT,True,DOWN,DISCHARGING,HI,DOWN
2022-02-03,2287,1.374833320102925,0.1023174464363795,0.1477918670747704,446.6,HOT,True,DOWN,DISCHARGING,HI,DOWN
2022-02-04,2295,1.3473264680215973,0.0967320261437908,0.5830065359477125,448.7,HOT,True,UP,DISCHARGING,HI,DOWN
2022-02-07,2256,1.2503858251311188,0.0846631205673758,0.5771276595744681,447.26,HOT,True,UP,DISCHARGING,HI,DOWN
2022-02-08,2281,1.257020727085667,0.0850504164839982,0.7816747040771591,450.94,HOT,True,UP,DISCHARGING,MID,DOWN
2022-02-09,2310,1.312113859915359,0.0779220779220779,0.8043290043290043,457.54,HOT,True,UP,DISCHARGING,MID,DOWN
2022-02-10,2346,1.1601659387929777,0.0596760443307757,0.1965046888320545,449.32,MID,True,DOWN,DISCHARGING,MID,DOWN
2022-02-11,2319,1.0866813521644354,0.0530401034928848,0.2854678740836567,440.46,MID,False,DOWN,DISCHARGING,MID,DOWN
2022-02-14,2292,1.091802694962786,0.0536649214659685,0.3071553228621291,439.02,MID,False,DOWN,DISCHARGING,HI,DOWN
2022-02-15,2292,1.0020978430816991,0.0510471204188481,0.8695462478184991,446.1,MID,False,UP,DISCHARGING,MID,DOWN
2022-02-16,2262,0.9707317021943942,0.048629531388152,0.5649867374005305,446.6,MID,False,UP,DISCHARGING,MID,DOWN
2022-02-17,2275,0.9440808957255974,0.0549450549450549,0.1498901098901099,437.06,MID,False,DOWN,DISCHARGING,MID,DOWN
2022-02-18,2283,0.9374133407132624,0.0543144984669294,0.316688567674113,434.23,MID,False,DOWN,DISCHARGING,HI,DOWN
2022-02-22,2334,0.9682454626215696,0.0552699228791773,0.2022279348757497,429.57,MID,False,DOWN,DISCHARGING,MID,DOWN
2022-02-23,2302,1.1433455367320111,0.0599478714161598,0.158992180712424,421.95,MID,False,DOWN,DISCHARGING,MID,DOWN
2022-02-24,2375,1.590856065920896,0.0901052631578947,0.6766315789473685,428.3,EPIC,True,UP,DISCHARGING,MID,DOWN
2022-02-25,2292,1.3564247468987256,0.075043630017452,0.868673647469459,437.75,HOT,True,UP,DISCHARGING,LO,DOWN
2022-02-28,2363,1.0299494811942425,0.063901819720694,0.4464663563267033,436.63,MID,True,DOWN,DISCHARGING,MID,UP
2022-03-01,2351,1.2404252658579369,0.0659293917481922,0.238196512122501,429.98,HOT,True,DOWN,DISCHARGING,MID,UP
2022-03-02,2327,1.2232591266061748,0.0683283197249677,0.8397077782552643,437.89,HOT,True,UP,CHARGING,MID,DOWN
2022-03-03,2307,1.2400425528694687,0.0754226267880364,0.3454703077589943,435.71,HOT,True,DOWN,CHARGING,MID,DOWN
2022-03-04,2313,1.2404890791520289,0.0843060959792477,0.2788586251621271,432.17,HOT,True,DOWN,CHARGING,MID,DOWN
2022-03-07,2361,1.4104863482872174,0.110546378653113,0.1986446421008047,419.43,HOT,True,DOWN,CHARGING,LO,DOWN
2022-03-08,2365,1.5393748469566702,0.1403805496828752,0.5323467230443975,416.25,EPIC,True,UP,CHARGING,LO,DOWN
2022-03-09,2339,1.5526227606093448,0.1440786660966224,0.8546387345019238,427.41,EPIC,True,UP,CHARGING,LO,DOWN
2022-03-10,2301,1.3681195341871022,0.1364624076488483,0.4180790960451977,425.48,HOT,True,DOWN,CHARGING,LO,DOWN
2022-03-11,2302,1.3769178183694095,0.1337966985230234,0.2276281494352736,420.07,HOT,True,DOWN,CHARGING,LO,DOWN
2022-03-14,2341,1.4002903692409996,0.1388295600170867,0.3131140538231525,417.0,HOT,True,DOWN,CHARGING,MID,DOWN
2022-03-15,2328,1.418501139559741,0.1400343642611684,0.7779209621993127,426.17,HOT,True,UP,CHARGING,MID,DOWN
2022-03-16,2364,1.333852699786818,0.1260575296108291,0.8705583756345178,435.62,HOT,True,UP,CHARGING,MID,DOWN
2022-03-17,2341,1.2182744576556823,0.1097821443827424,0.7765912003417343,441.07,HOT,True,UP,CHARGING,LO,DOWN
2022-03-18,2485,1.196220401153801,0.0985915492957746,0.6712273641851106,444.52,MID,True,UP,CHARGING,LO,DOWN
2022-03-21,2358,1.2043524064233695,0.0920271416454622,0.3494486853265479,444.39,MID,False,DOWN,CHARGING,MID,DOWN
2022-03-22,2335,1.1808931907703637,0.0830835117773019,0.7284796573875802,449.59,MID,False,UP,CHARGING,MID,DOWN
2022-03-23,2308,1.1755828331058802,0.0675909878682842,0.2162045060658579,443.8,MID,False,DOWN,CHARGING,MID,UP
2022-03-24,2278,1.0946003240863975,0.0588235294117647,0.7726075504828798,450.49,MID,False,UP,CHARGING,MID,UP
2022-03-25,2307,1.09883938273744,0.0541829215431296,0.5669700910273082,452.69,MID,False,UP,CHARGING,MID,UP
2022-03-28,2308,1.0864704850142548,0.0545927209705372,0.4930675909878683,455.91,MID,False,DOWN,CHARGING,MID,DOWN
2022-03-29,2364,1.2559596696059578,0.0579526226734348,0.872673434856176,461.55,HOT,False,UP,CHARGING,LO,DOWN
2022-03-30,2332,1.1166856080811662,0.0540308747855917,0.2367066895368782,458.7,MID,False,DOWN,CHARGING,LO,UP
2022-03-31,2355,1.0843086976825582,0.0552016985138004,0.227176220806794,451.64,MID,False,DOWN,CHARGING,MID,DOWN
2022-04-01,2363,1.0804614897690898,0.0575539568345323,0.7046127803639441,452.92,MID,False,UP,CHARGING,MID,DOWN
2022-04-04,2342,1.0804879995371053,0.0597779675491033,0.5422715627668659,456.8,MID,False,UP,CHARGING,MID,UP
2022-04-05,2336,1.0379703709783783,0.0535102739726027,0.1673801369863013,451.03,MID,False,DOWN,CHARGING,MID,UP
2022-04-06,2336,1.0865979500502134,0.0556506849315068,0.2958047945205479,446.52,MID,False,DOWN,CHARGING,MID,UP
2022-04-07,2306,1.0369658931752388,0.0559410234171725,0.4271465741543799,448.77,MID,False,DOWN,CHARGING,MID,DOWN
2022-04-08,2266,1.0405410210231918,0.057369814651368,0.4135039717563989,447.57,MID,False,DOWN,CHARGING,MID,UP
2022-04-11,2270,1.013608823191557,0.0616740088105726,0.3295154185022026,439.92,MID,False,DOWN,CHARGING,MID,UP
2022-04-12,2287,0.9268407247149492,0.0550940096195889,0.4678618277219064,438.29,MID,False,DOWN,CHARGING,MID,UP
2022-04-13,2303,0.9432148495289172,0.0551454624402952,0.8619192357794182,443.31,MID,False,UP,CHARGING,MID,DOWN
2022-04-14,2290,0.9592571768942656,0.0580786026200873,0.3157205240174672,437.79,MID,False,DOWN,CHARGING,MID,DOWN
2022-04-18,2273,1.006973790008984,0.0593928728552573,0.3695556533216014,437.97,MID,False,DOWN,CHARGING,MID,DOWN
2022-04-19,2299,0.9985829229874404,0.0552414093083949,0.8403653762505437,445.04,MID,False,UP,DISCHARGING,MID,DOWN
2022-04-20,2274,1.0743148127135242,0.0580474934036939,0.6226912928759895,444.71,MID,False,UP,DISCHARGING,MID,DOWN
2022-04-21,2284,1.1075147596166508,0.0529772329246935,0.1409807355516637,438.06,MID,False,DOWN,DISCHARGING,MID,DOWN
2022-04-22,2269,1.1399085629740364,0.0498016747465843,0.0665491405905685,426.04,MID,False,DOWN,DISCHARGING,MID,DOWN
2022-04-25,2320,1.2302221709966987,0.0564655172413793,0.5982758620689655,428.51,HOT,False,UP,DISCHARGING,MID,DOWN
2022-04-26,2290,1.180832666377531,0.0502183406113537,0.0641921397379912,416.1,MID,False,DOWN,DISCHARGING,MID,DOWN
2022-04-27,2271,1.1882116535505922,0.047556142668428,0.4597093791281373,417.27,MID,False,DOWN,DISCHARGING,MID,DOWN
2022-04-28,2288,1.2093058380942692,0.0432692307692307,0.8365384615384616,427.81,HOT,False,UP,DISCHARGING,MID,DOWN
2022-04-29,2295,1.246992597456583,0.0444444444444444,0.0749455337690631,412.0,HOT,False,DOWN,DISCHARGING,MID,DOWN
2022-05-02,2333,1.29894430038442,0.0540077153879125,0.6219459922846121,414.48,HOT,False,UP,DISCHARGING,MID,DOWN
2022-05-03,2272,1.17885616742381,0.0620598591549295,0.6650528169014085,416.38,MID,False,UP,DISCHARGING,MID,DOWN
2022-05-04,2305,1.3029134535682956,0.0772234273318872,0.8872017353579176,429.06,HOT,False,UP,DISCHARGING,HI,DOWN
2022-05-05,2295,1.27129440125,0.0801742919389978,0.0448801742919389,413.81,HOT,False,DOWN,DISCHARGING,MID,DOWN
2022-05-06,2296,1.2663936054278806,0.0945121951219512,0.2486933797909407,411.34,HOT,False,DOWN,DISCHARGING,MID,DOWN
2022-05-09,2328,1.429565265775859,0.1219931271477663,0.1353092783505154,398.17,HOT,False,DOWN,DISCHARGING,HI,DOWN
2022-05-10,2315,1.4564903312097943,0.1252699784017278,0.4289416846652268,399.09,HOT,False,DOWN,DISCHARGING,HI,DOWN
2022-05-11,2274,1.5692961848358666,0.1420404573438874,0.2229551451187335,392.75,EPIC,True,DOWN,DISCHARGING,HI,DOWN
2022-05-12,2296,1.7728898525915122,0.1807491289198606,0.6476480836236934,392.34,EPIC,True,UP,DISCHARGING,HI,DOWN
2022-05-13,2299,1.6714683625674205,0.1722488038277512,0.9043062200956936,401.72,EPIC,True,UP,DISCHARGING,MID,DOWN
2022-05-16,2265,1.5730526460888792,0.1624724061810154,0.4048565121412804,400.09,HOT,True,DOWN,DISCHARGING,HI,DOWN
2022-05-17,2276,1.702261164133955,0.1625659050966608,0.9165202108963092,408.32,EPIC,True,UP,DISCHARGING,HI,DOWN
2022-05-18,2279,1.518633987661361,0.1342694164107064,0.054848617814831,391.86,HOT,True,DOWN,DISCHARGING,HI,DOWN
2022-05-19,2289,1.374764539049501,0.1179554390563564,0.5054608999563128,389.46,HOT,True,UP,DISCHARGING,HI,DOWN
2022-05-20,2284,1.210666747924264,0.1020140105078809,0.5091943957968477,389.63,MID,True,UP,DISCHARGING,HI,DOWN
2022-05-23,2264,1.201866534556563,0.0936395759717314,0.7120141342756183,396.92,MID,True,UP,DISCHARGING,HI,UP
2022-05-24,2263,1.182107101390216,0.0861688024745912,0.3252319929297393,393.89,MID,True,DOWN,DISCHARGING,HI,UP
2022-05-25,2237,1.1587213615705232,0.0849351810460438,0.8010728654447922,397.37,MID,True,UP,DISCHARGING,MID,UP
2022-05-26,2242,1.11232367349367,0.0691347011596788,0.864406779661017,405.31,MID,True,UP,DISCHARGING,HI,UP
2022-05-27,2249,1.1264437827660614,0.0595820364606491,0.9244108492663408,415.26,MID,False,UP,DISCHARGING,MID,UP
2022-05-31,2345,1.0291318042226285,0.0554371002132196,0.2678038379530917,412.93,MID,False,DOWN,DISCHARGING,MID,UP
2022-06-01,2277,1.021908829427047,0.0452349582784365,0.3249890206411945,409.59,MID,False,DOWN,DISCHARGING,MID,UP
2022-06-02,2260,1.0098951275296475,0.0424778761061946,0.8792035398230088,417.39,MID,False,UP,CHARGING,LO,UP
2022-06-03,2252,0.9147593078585315,0.041740674955595,0.2131438721136767,410.54,MID,False,DOWN,CHARGING,LO,UP
2022-06-06,2267,0.91762157635641,0.0476400529333921,0.6065284516982796,411.79,MID,False,UP,CHARGING,LO,UP
2022-06-07,2286,0.9563817163044024,0.0489938757655293,0.7537182852143482,415.74,MID,False,UP,CHARGING,LO,UP
2022-06-08,2263,0.9365223710948803,0.0494918250110472,0.1997348652231551,411.22,MID,False,DOWN,CHARGING,LO,UP
2022-06-09,2247,0.9443732215222816,0.0467289719626168,0.0890075656430796,401.44,MID,False,DOWN,CHARGING,MID,UP
2022-06-10,2254,1.013653202259813,0.0408163265306122,0.0860692102928127,389.8,MID,False,DOWN,CHARGING,MID,UP
2022-06-13,2296,1.2564921151867878,0.0444250871080139,0.0178571428571428,375.0,HOT,False,DOWN,CHARGING,LO,UP
2022-06-14,2254,1.1593441077935709,0.0381543921916592,0.4330079858030168,373.87,MID,False,DOWN,CHARGING,LO,DOWN
2022-06-15,2281,1.3151058605224608,0.0455940377027619,0.7992108724243753,379.2,HOT,False,UP,CHARGING,LO,DOWN
2022-06-16,2290,1.5496509565962984,0.0733624454148471,0.0419213973799126,366.65,HOT,False,DOWN,CHARGING,LO,DOWN
2022-06-17,2372,1.519017065466636,0.1053962900505902,0.6964586846543002,365.86,HOT,False,UP,CHARGING,LO,DOWN
2022-06-21,2299,1.651930785076219,0.1287516311439756,0.80426272292301,375.07,EPIC,True,UP,CHARGING,LO,DOWN
2022-06-22,2256,1.6079214724681392,0.1480496453900709,0.4738475177304964,374.39,HOT,True,DOWN,CHARGING,LO,UP
2022-06-23,2269,1.7384965422297716,0.1749669457910974,0.628029969149405,378.06,EPIC,True,UP,CHARGING,LO,UP
2022-06-24,2430,1.7487941121421111,0.179835390946502,0.8851851851851852,390.08,EPIC,True,UP,CHARGING,LO,UP
2022-06-27,2252,1.7961382490721274,0.1851687388987566,0.5328596802841918,388.59,EPIC,True,UP,CHARGING,LO,UP
2022-06-28,2231,1.685008491675881,0.1743612729717615,0.1761541909457642,380.65,EPIC,True,DOWN,CHARGING,LO,UP
2022-06-29,2212,1.6350950242877098,0.1663652802893309,0.2938517179023508,380.34,HOT,True,DOWN,CHARGING,LO,DOWN
2022-06-30,2240,1.6000654835839967,0.1540178571428571,0.3625,377.25,HOT,True,DOWN,CHARGING,LO,DOWN
2022-07-01,2189,1.475718620068827,0.1329374143444495,0.7839195979899497,381.24,HOT,True,UP,CHARGING,LO,DOWN
2022-07-05,2253,1.4053118384005985,0.1220594762538837,0.5290723479804705,381.96,HOT,True,UP,CHARGING,LO,DOWN
2022-07-06,2193,1.3155677464385278,0.1025991792065663,0.3429092567259462,383.25,HOT,True,DOWN,CHARGING,LO,UP
2022-07-07,2202,1.1439513137604185,0.0753860127157129,0.8428701180744778,388.99,MID,True,UP,CHARGING,LO,DOWN
2022-07-08,2165,0.9548432161087278,0.0549653579676674,0.3939953810623556,388.67,MID,True,DOWN,CHARGING,MID,DOWN
2022-07-11,2152,0.8231536863803733,0.0464684014869888,0.1761152416356877,384.23,COOL,False,DOWN,CHARGING,MID,DOWN
2022-07-12,2166,0.7459554147904027,0.0397045244690674,0.4358264081255771,380.83,COOL,False,DOWN,CHARGING,MID,DOWN
2022-07-13,2142,0.7394606882738526,0.0359477124183006,0.4327731092436975,378.83,COOL,False,DOWN,CHARGING,MID,DOWN
2022-07-14,2146,0.8573475152059871,0.03215284249767,0.2320596458527493,377.91,COOL,False,DOWN,CHARGING,MID,DOWN
2022-07-15,2184,0.7743027974020533,0.0155677655677655,0.9033882783882784,385.13,COOL,False,UP,CHARGING,MID,DOWN
2022-07-18,2167,0.7053542699791353,0.012921089063221,0.4683894785417628,381.95,COOL,False,DOWN,CHARGING,MID,DOWN
2022-07-19,2211,0.6954114874073192,0.0099502487562189,0.9656264133876076,392.27,COOL,False,UP,CHARGING,MID,DOWN
2022-07-20,2218,0.6639280782430891,0.008566275924256,0.739404869251578,394.77,COOL,False,UP,CHARGING,LO,DOWN
2022-07-21,2178,0.6724442711428522,0.0091827364554637,0.6639118457300276,398.79,COOL,False,UP,CHARGING,MID,DOWN
2022-07-22,2160,0.6952237320722345,0.0129629629629629,0.2421296296296296,395.09,COOL,False,DOWN,CHARGING,MID,DOWN
2022-07-25,2178,0.698498748837604,0.0142332415059687,0.5927456382001837,395.57,COOL,False,UP,CHARGING,MID,DOWN
2022-07-26,2151,0.7423763035307848,0.0181311018131101,0.3598326359832636,390.89,COOL,False,DOWN,CHARGING,MID,DOWN
2022-07-27,2210,0.78095537234644,0.0171945701357466,0.8873303167420814,401.04,COOL,False,UP,CHARGING,MID,DOWN
2022-07-28,2201,0.873515774647807,0.0236256247160381,0.7455701953657429,406.07,COOL,False,UP,DISCHARGING,MID,DOWN
2022-07-29,2223,0.9199191680109662,0.0278902384165542,0.6923076923076923,411.99,MID,False,UP,DISCHARGING,MID,DOWN
2022-08-01,2233,0.9540645131951307,0.0349305866547245,0.4805194805194805,410.77,MID,False,DOWN,DISCHARGING,MID,UP
2022-08-02,2200,1.0049763687587854,0.0418181818181818,0.3663636363636364,408.06,MID,False,DOWN,DISCHARGING,MID,DOWN
2022-08-03,2246,1.0652070284101378,0.0507569011576135,0.7399821905609973,414.45,MID,False,UP,DISCHARGING,MID,DOWN
2022-08-04,2233,1.1343615254552106,0.0595611285266457,0.4823107926556202,414.17,MID,False,DOWN,DISCHARGING,LO,DOWN
2022-08-05,2229,1.1886076055475074,0.0646029609690444,0.5773889636608345,413.47,MID,False,UP,DISCHARGING,MID,DOWN
2022-08-08,2275,1.1829881610294792,0.0672527472527472,0.6597802197802198,412.99,MID,False,UP,DISCHARGING,MID,UP
2022-08-09,2256,1.189209898129876,0.0682624113475177,0.3408687943262411,411.35,MID,False,DOWN,DISCHARGING,MID,UP
2022-08-10,2285,1.1410410389790573,0.0669584245076586,0.9107221006564552,419.99,MID,False,UP,DISCHARGING,MID,UP
2022-08-11,2259,1.037018729941804,0.0672864099158919,0.5958388667552014,419.99,MID,False,UP,DISCHARGING,MID,UP
2022-08-12,2294,1.004559191353323,0.0701830863121185,0.8884045335658239,427.1,MID,False,UP,DISCHARGING,MID,UP
2022-08-15,2268,0.9754880400439464,0.0679012345679012,0.5590828924162258,428.86,MID,False,UP,DISCHARGING,MID,UP
2022-08-16,2274,1.0299439279013285,0.0664028144239226,0.5659630606860159,429.7,MID,False,UP,DISCHARGING,MID,UP
2022-08-17,2233,1.0049797063347206,0.064039408866995,0.1688311688311688,426.65,MID,False,DOWN,DISCHARGING,MID,UP
2022-08-18,2220,0.9985163607918552,0.0621621621621621,0.6153153153153154,427.89,MID,False,UP,DISCHARGING,MID,UP
2022-08-19,2255,0.9729522066629794,0.0545454545454545,0.1148558758314855,422.14,MID,False,DOWN,DISCHARGING,MID,UP
2022-08-22,2235,1.014099017261311,0.0465324384787472,0.1073825503355704,413.35,MID,False,DOWN,DISCHARGING,MID,UP
2022-08-23,2206,0.7997250326400569,0.0398912058023572,0.4895738893925657,412.35,COOL,False,DOWN,DISCHARGING,LO,UP
2022-08-24,2181,0.7440180526607921,0.0371389270976616,0.6602475928473177,413.67,COOL,False,UP,DISCHARGING,MID,UP
2022-08-25,2195,0.8088601873431539,0.033257403189066,0.8751708428246013,419.51,COOL,False,UP,DISCHARGING,LO,UP
2022-08-26,2206,0.8806666473706108,0.0299184043517679,0.0403445149592021,405.31,COOL,False,DOWN,CHARGING,LO,UP
2022-08-29,2180,0.925577522721674,0.0288990825688073,0.2596330275229357,402.63,MID,False,DOWN,CHARGING,LO,DOWN
2022-08-30,2220,0.7647372063234683,0.027027027027027,0.1752252252252252,398.21,COOL,False,DOWN,CHARGING,LO,DOWN
2022-08-31,2260,0.8061895746515623,0.0225663716814159,0.2769911504424778,395.18,COOL,False,DOWN,CHARGING,MID,DOWN
2022-09-01,2241,0.9584696064094892,0.0196340919232485,0.3333333333333333,396.42,MID,False,DOWN,CHARGING,MID,DOWN
2022-09-02,2182,0.9414277584547684,0.0178735105407882,0.2584784601283226,392.24,MID,False,DOWN,CHARGING,MID,DOWN
2022-09-06,2236,1.0082731650853076,0.0183363148479427,0.3264758497316636,390.76,MID,False,DOWN,CHARGING,MID,DOWN
2022-09-07,2232,1.0656450352341182,0.0219534050179211,0.8763440860215054,397.78,MID,False,UP,CHARGING,MID,DOWN
2022-09-08,2201,1.0151001595397482,0.0222626079054975,0.6615174920490686,400.38,MID,False,UP,CHARGING,MID,DOWN
2022-09-09,2202,1.0166245247005383,0.0208900999091734,0.8950953678474114,406.6,MID,False,UP,CHARGING,MID,DOWN
2022-09-12,2235,1.1018632428088564,0.0241610738255033,0.8250559284116331,410.97,MID,False,UP,CHARGING,MID,DOWN
2022-09-13,2260,1.0420397714185698,0.0221238938053097,0.0265486725663716,393.1,MID,False,DOWN,CHARGING,MID,DOWN
2022-09-14,2250,0.8866855844992562,0.0186666666666666,0.5151111111111111,394.6,COOL,False,UP,CHARGING,LO,DOWN
2022-09-15,2255,0.8382765785461354,0.0177383592017738,0.3299334811529933,390.12,COOL,False,DOWN,CHARGING,MID,DOWN
2022-09-16,2382,0.8485325164335749,0.0172124265323257,0.2661628883291352,385.56,COOL,False,DOWN,CHARGING,MID,DOWN
2022-09-19,2236,0.7677381711179406,0.0174418604651162,0.7101967799642218,388.55,COOL,False,UP,CHARGING,LO,DOWN
2022-09-20,2216,0.7204804136302285,0.0153429602888086,0.141696750902527,384.09,COOL,False,DOWN,CHARGING,LO,DOWN
2022-09-21,2202,0.7822212617494981,0.014078110808356,0.1376021798365122,377.39,COOL,False,DOWN,CHARGING,LO,DOWN
2022-09-22,2197,0.8403824547991843,0.0154756486117432,0.1347291761492945,374.22,COOL,False,DOWN,CHARGING,LO,DOWN
2022-09-23,2216,0.972594548961556,0.0194043321299639,0.0992779783393501,367.95,MID,False,DOWN,CHARGING,LO,DOWN
2022-09-26,2202,0.9166994725625182,0.0195277020890099,0.1680290644868301,364.31,COOL,False,DOWN,CHARGING,LO,DOWN
2022-09-27,2195,0.9668681982240136,0.0227790432801822,0.5184510250569476,363.38,MID,False,UP,CHARGING,LO,DOWN
2022-09-28,2213,1.083945950794507,0.0293718933574333,0.9502937189335744,370.53,MID,False,UP,CHARGING,LO,DOWN
2022-09-29,2201,1.0559882126795972,0.0454338936846887,0.1076783280327124,362.79,MID,False,DOWN,CHARGING,LO,DOWN
2022-09-30,2222,1.1279035073518378,0.0549054905490549,0.3195319531953195,357.18,MID,False,DOWN,CHARGING,MID,DOWN
2022-10-03,2224,1.1786864380060709,0.0629496402877697,0.9114208633093526,366.61,MID,False,UP,CHARGING,LO,DOWN
2022-10-04,2256,1.3400481727108975,0.0740248226950354,0.9698581560283688,377.97,HOT,False,UP,CHARGING,MID,DOWN
2022-10-05,2179,1.073098522860248,0.0550711335474988,0.3093162000917852,377.09,MID,False,DOWN,CHARGING,LO,DOWN
2022-10-06,2149,1.0855948314247366,0.0581665891112145,0.2940902745463006,373.2,MID,False,DOWN,CHARGING,MID,DOWN
2022-10-07,2175,1.0623195762136028,0.0551724137931034,0.0662068965517241,362.79,MID,False,DOWN,CHARGING,MID,DOWN
2022-10-10,2131,0.8848198971234911,0.0483341154387611,0.3716564992961051,360.02,COOL,False,DOWN,CHARGING,MID,DOWN
2022-10-11,2193,0.8548258634631082,0.04468764249886,0.4614683082535339,357.74,COOL,False,DOWN,CHARGING,LO,DOWN
2022-10-12,2146,0.8624258627143004,0.0447343895619757,0.3979496738117428,356.56,COOL,False,DOWN,CHARGING,LO,DOWN
2022-10-13,2237,1.016688462851559,0.0415735359856951,0.8690210102816271,365.97,MID,False,UP,CHARGING,LO,DOWN
2022-10-14,2148,0.9964947518065292,0.0405027932960893,0.0782122905027933,357.63,MID,False,DOWN,CHARGING,LO,DOWN
2022-10-17,2203,0.8015775997669862,0.0335905583295506,0.955969133000454,366.82,COOL,False,UP,CHARGING,LO,DOWN
2022-10-18,2192,0.8545913795141604,0.0310218978102189,0.8052007299270073,371.13,COOL,False,UP,CHARGING,LO,DOWN
2022-10-19,2181,0.7174631427087463,0.025217790004585,0.1999082989454378,368.5,COOL,False,DOWN,CHARGING,LO,DOWN
2022-10-20,2161,0.6905744450684843,0.0254511800092549,0.2892179546506247,365.41,COOL,False,DOWN,CHARGING,LO,DOWN
2022-10-21,2195,0.7448890589467196,0.0241457858769931,0.8861047835990888,374.29,COOL,False,UP,CHARGING,LO,DOWN
2022-10-24,2166,0.7472478985608494,0.0230840258541089,0.6454293628808865,378.87,COOL,False,UP,CHARGING,LO,DOWN
2022-10-25,2219,0.7778177056177862,0.0184767913474538,0.8995042812077513,384.92,COOL,False,UP,CHARGING,MID,DOWN
2022-10-26,2202,0.8157516582753158,0.0231607629427792,0.564486830154405,382.02,COOL,False,UP,CHARGING,MID,DOWN
2022-10-27,2192,0.7976536863264521,0.0287408759124087,0.5501824817518248,379.98,COOL,False,UP,CHARGING,MID,DOWN
2022-10-28,2235,0.862073607049272,0.0335570469798657,0.8478747203579419,389.02,COOL,False,UP,CHARGING,MID,DOWN
2022-10-31,2254,0.8494857275393726,0.0363797692990239,0.4179236912156167,386.21,COOL,False,DOWN,CHARGING,MID,UP
2022-11-01,2221,0.9768914536819558,0.0490769923457901,0.6042323277802791,384.52,MID,False,UP,CHARGING,MID,DOWN
2022-11-02,2248,1.0242878842627836,0.0596085409252669,0.0898576512455516,374.87,MID,False,DOWN,DISCHARGING,MID,DOWN
2022-11-03,2189,1.2117290716451172,0.076290543627227,0.4230242119689356,371.01,MID,False,DOWN,DISCHARGING,MID,DOWN
2022-11-04,2219,1.0870617545841723,0.0761604326273096,0.7354664263181613,376.35,MID,False,UP,DISCHARGING,MID,DOWN
2022-11-07,2238,1.039271549696786,0.0759606791778373,0.6568364611260054,379.95,MID,False,UP,DISCHARGING,LO,UP
2022-11-08,2241,1.0702620318111309,0.0767514502454261,0.5872378402498885,382.0,MID,False,UP,DISCHARGING,MID,UP
2022-11-09,2209,1.2394032027259885,0.0823902218198279,0.1199637845178814,374.13,MID,False,DOWN,DISCHARGING,MID,UP
2022-11-10,2296,1.288875397906173,0.0810104529616724,0.9586236933797908,394.69,MID,False,UP,DISCHARGING,LO,UP
2022-11-11,2258,1.2335875465149335,0.08325952170062,0.641718334809566,398.51,MID,False,UP,DISCHARGING,LO,UP
2022-11-14,2254,1.1677283532961082,0.0794143744454303,0.2635314995563442,395.12,MID,False,DOWN,DISCHARGING,MID,UP
2022-11-15,2260,1.2210301615297698,0.081858407079646,0.7831858407079646,398.49,MID,False,UP,DISCHARGING,HI,UP
2022-11-16,2206,1.1728309736618048,0.0802357207615593,0.2048957388939256,395.45,MID,False,DOWN,DISCHARGING,HI,UP
2022-11-17,2194,1.2144252963956554,0.0752051048313582,0.3463992707383774,394.24,MID,False,DOWN,DISCHARGING,HI,UP
2022-11-18,2216,1.0982644270604514,0.062725631768953,0.6227436823104693,396.03,MID,False,UP,DISCHARGING,MID,UP
2022-11-21,2203,1.001473589310694,0.0540172492056286,0.4266908760780754,394.59,MID,False,DOWN,DISCHARGING,HI,UP
2022-11-22,2187,0.9558158920361324,0.042981252857796,0.7942386831275721,399.9,MID,False,UP,DISCHARGING,MID,UP
2022-11-23,2146,0.8755365908964208,0.0438024231127679,0.6081081081081081,402.42,COOL,False,UP,DISCHARGING,MID,UP
2022-11-25,1923,0.9321043388461376,0.0416016640665626,0.642225689027561,402.33,MID,False,UP,DISCHARGING,HI,UP
2022-11-28,2197,0.9058866438267285,0.0364132908511606,0.1115157032316795,395.91,COOL,False,DOWN,DISCHARGING,MID,UP
2022-11-29,2167,0.8746867422820661,0.0290724503922473,0.5971389017074297,395.23,COOL,False,UP,DISCHARGING,MID,UP
2022-11-30,2312,0.922597988943199,0.0246539792387543,0.9333910034602076,407.68,MID,False,UP,DISCHARGING,MID,UP
2022-12-01,2230,0.9587034396233498,0.02152466367713,0.4932735426008968,407.38,MID,False,DOWN,DISCHARGING,MID,UP
2022-12-02,2205,0.7931698871752159,0.0167800453514739,0.5487528344671202,406.91,COOL,False,UP,DISCHARGING,MID,UP
2022-12-05,2226,0.7548547649242581,0.0166217430368373,0.0849056603773584,399.59,COOL,False,DOWN,DISCHARGING,MID,UP
2022-12-06,2229,0.6903096958096683,0.0170480035890533,0.22790489008524,393.83,COOL,False,DOWN,DISCHARGING,MID,UP
2022-12-07,2194,0.6290385118468989,0.0164083865086599,0.4074749316317229,393.16,COOL,False,DOWN,DISCHARGING,MID,UP
2022-12-08,2202,0.553062272407613,0.0177111716621253,0.6725703905540418,396.24,COOL,False,UP,DISCHARGING,MID,DOWN
2022-12-09,2167,0.5525426468326342,0.0161513613290263,0.2551915089986156,393.28,COOL,False,DOWN,DISCHARGING,MID,UP
2022-12-12,2233,0.634367934891418,0.0152261531571876,0.7792207792207793,398.95,COOL,False,UP,DISCHARGING,MID,DOWN
2022-12-13,2296,0.8122810035232808,0.0143728222996515,0.6794425087108014,401.97,COOL,False,UP,DISCHARGING,MID,DOWN
2022-12-14,2259,0.5983908466793675,0.0159362549800796,0.3302346170872067,399.4,COOL,False,DOWN,DISCHARGING,MID,UP
2022-12-15,2245,0.6369661338121102,0.0155902004454342,0.0926503340757238,389.63,COOL,False,DOWN,DISCHARGING,MID,DOWN
2022-12-16,2377,0.6748604399535796,0.0147244425746739,0.2641985696255784,383.27,COOL,False,DOWN,DISCHARGING,MID,DOWN
2022-12-19,2244,0.6147378857874334,0.017825311942959,0.2517825311942959,380.02,COOL,False,DOWN,DISCHARGING,MID,DOWN
2022-12-20,2234,0.6777959131066853,0.0196956132497761,0.6181736794986571,380.54,COOL,False,UP,DISCHARGING,MID,DOWN
2022-12-21,2221,0.7388042232064383,0.0189104007203962,0.8622242233228276,386.23,COOL,False,UP,CHARGING,MID,DOWN
2022-12-22,2211,0.7026103150632617,0.018543645409317,0.2071460877431026,380.72,COOL,False,DOWN,CHARGING,MID,DOWN
2022-12-23,2140,0.6344313586541178,0.0177570093457943,0.6934579439252336,382.91,COOL,False,UP,CHARGING,LO,DOWN
2022-12-27,2165,0.6673358506721797,0.0133949191685912,0.4646651270207852,381.4,COOL,False,DOWN,CHARGING,LO,DOWN
2022-12-28,2172,0.7203317043492371,0.0156537753222836,0.1266114180478821,376.66,COOL,False,DOWN,CHARGING,LO,DOWN
2022-12-29,2195,0.6834057474591496,0.0145785876993166,0.9389521640091116,383.44,COOL,False,UP,CHARGING,LO,DOWN
2022-12-30,2200,0.6022122753379031,0.0159090909090909,0.3377272727272727,382.43,COOL,False,DOWN,CHARGING,LO,DOWN
2023-01-03,2245,0.6096122822818909,0.0178173719376391,0.487750556792873,380.82,COOL,False,DOWN,CHARGING,LO,DOWN
2023-01-04,2222,0.6571465631168059,0.0157515751575157,0.7767776777677767,383.76,COOL,False,UP,CHARGING,LO,DOWN
2023-01-05,2182,0.6524651526980096,0.0146654445462878,0.2988084326306141,379.38,COOL,False,DOWN,CHARGING,LO,DOWN
2023-01-06,2215,0.6823150741918212,0.0162528216704288,0.8826185101580135,388.08,COOL,False,UP,CHARGING,MID,DOWN
2023-01-09,2216,0.6935267454013847,0.0157942238267148,0.5392599277978339,387.86,COOL,False,UP,CHARGING,MID,DOWN
2023-01-10,2212,0.661491454392316,0.0162748643761302,0.7707956600361664,390.58,COOL,False,UP,CHARGING,MID,DOWN
2023-01-11,2215,0.6794727392035013,0.0176072234762979,0.7602708803611739,395.52,COOL,False,UP,CHARGING,MID,DOWN
2023-01-12,2244,0.7071548728925748,0.0182709447415329,0.7486631016042781,396.96,COOL,False,UP,CHARGING,MID,DOWN
2023-01-13,2214,0.6860176551448963,0.019873532068654,0.6449864498644986,398.5,COOL,False,UP,CHARGING,LO,DOWN
2023-01-17,2240,0.765993535735008,0.021875,0.4575892857142857,397.77,COOL,False,DOWN,CHARGING,LO,UP
2023-01-18,2238,0.8605342048752611,0.0232350312779267,0.1823056300268096,391.49,MID,False,DOWN,CHARGING,LO,UP
2023-01-19,2206,0.9346603965901876,0.0231187669990933,0.2937443336355394,388.64,MID,False,DOWN,CHARGING,LO,UP
2023-01-20,2248,0.795752735885056,0.021797153024911,0.875,395.88,COOL,False,UP,CHARGING,LO,UP
2023-01-23,2225,0.8515832212044495,0.0233707865168539,0.7591011235955056,400.63,MID,False,UP,CHARGING,LO,UP
2023-01-24,2175,0.8745897812540874,0.0266666666666666,0.4211494252873563,400.2,MID,False,DOWN,CHARGING,LO,UP
2023-01-25,2202,0.9163449394293934,0.0272479564032697,0.564486830154405,400.35,MID,False,UP,CHARGING,LO,UP
2023-01-26,2218,0.9157673827299984,0.0302073940486925,0.6812443642921551,404.75,MID,False,UP,CHARGING,LO,UP
2023-01-27,2217,0.8837453051028152,0.0266125394677492,0.5800631483987371,405.68,MID,False,UP,CHARGING,LO,UP
2023-01-30,2217,0.8788178718370703,0.0243572395128552,0.1953089760938204,400.59,MID,False,DOWN,CHARGING,MID,UP
2023-01-31,2298,0.8417865484160838,0.0200174064403829,0.9225413402959096,406.48,MID,False,UP,CHARGING,LO,UP
2023-02-01,2317,0.8725993122368929,0.0194216659473457,0.7695295640914976,410.8,MID,False,UP,CHARGING,LO,UP
2023-02-02,2329,1.0169683800862226,0.0227565478746243,0.7260626878488622,416.78,MID,False,UP,CHARGING,MID,UP
2023-02-03,2290,0.8816329002123322,0.0231441048034934,0.2943231441048035,412.35,MID,False,DOWN,CHARGING,MID,UP
2023-02-06,2254,0.8557941902848648,0.0217391304347826,0.217391304347826,409.83,MID,False,DOWN,CHARGING,MID,UP
2023-02-07,2264,0.7968252367594506,0.0220848056537102,0.6969964664310954,415.19,MID,False,UP,CHARGING,LO,UP
2023-02-08,2234,0.7616532406930462,0.0259623992837958,0.1996418979409131,410.65,COOL,False,DOWN,CHARGING,MID,UP
2023-02-09,2245,0.8101676215172817,0.0298440979955456,0.2267260579064588,407.09,MID,False,DOWN,CHARGING,MID,UP
2023-02-10,2234,0.8389093228845085,0.031781557743957,0.5156669650850493,408.04,MID,False,UP,CHARGING,MID,UP
2023-02-13,2230,0.7187462756887113,0.0313901345291479,0.820627802690583,412.83,COOL,False,UP,CHARGING,MID,UP
2023-02-14,2231,0.7027435603926835,0.0309278350515463,0.447333034513671,412.64,COOL,False,DOWN,CHARGING,MID,UP
2023-02-15,2243,0.7373446277651066,0.0329915292019616,0.7164511814534106,413.98,COOL,False,UP,CHARGING,MID,UP
2023-02-16,2256,0.6972859739457304,0.0314716312056737,0.2375886524822695,408.28,COOL,False,DOWN,DISCHARGING,MID,UP
2023-02-17,2263,0.7337104039422131,0.0300486080424215,0.5028722934158197,407.26,COOL,False,UP,DISCHARGING,MID,UP
2023-02-21,2254,0.7586368926180462,0.0292812777284826,0.0811889973380656,399.09,COOL,False,DOWN,DISCHARGING,MID,UP
2023-02-22,2264,0.7124124936588392,0.0234098939929328,0.5106007067137809,398.54,COOL,False,UP,DISCHARGING,LO,DOWN
2023-02-23,2236,0.6892602259542369,0.0201252236135957,0.6310375670840788,400.66,COOL,False,UP,DISCHARGING,LO,UP
2023-02-24,2240,0.7436153339952338,0.0209821428571428,0.2433035714285714,396.38,COOL,False,DOWN,DISCHARGING,MID,UP
2023-02-27,2239,0.7130481041517284,0.0192050022331397,0.5560518088432336,397.73,COOL,False,UP,DISCHARGING,LO,DOWN
2023-02-28,2317,0.6805303752283751,0.0224428139835994,0.4428139835994821,396.26,COOL,False,DOWN,DISCHARGING,LO,DOWN
2023-03-01,2270,0.7270193042782023,0.0251101321585903,0.4863436123348018,394.74,COOL,False,DOWN,DISCHARGING,MID,DOWN
2023-03-02,2253,0.7557274202909974,0.027075011096316,0.6222814025743453,397.81,MID,False,UP,DISCHARGING,MID,DOWN
2023-03-03,2266,0.7338723365894351,0.0300088261253309,0.8459841129744042,404.19,COOL,False,UP,DISCHARGING,MID,DOWN
2023-03-06,2315,0.7167023779942231,0.0289416846652267,0.23585313174946,404.47,COOL,False,DOWN,DISCHARGING,MID,DOWN
2023-03-07,2260,0.7157727081315873,0.0287610619469026,0.1721238938053097,398.27,COOL,False,DOWN,DISCHARGING,MID,DOWN
2023-03-08,2260,0.7142753074167791,0.0292035398230088,0.5482300884955752,398.92,COOL,False,UP,DISCHARGING,MID,DOWN
2023-03-09,2287,0.7778336404478599,0.0292960209881941,0.0765194578049847,391.56,MID,False,DOWN,DISCHARGING,MID,DOWN
2023-03-10,2324,0.8979901037894986,0.0327022375215146,0.0826161790017211,385.91,MID,False,DOWN,DISCHARGING,MID,DOWN
2023-03-13,2329,1.130850330285908,0.0759982825246887,0.3258909403177329,385.36,MID,False,DOWN,DISCHARGING,MID,DOWN
2023-03-14,2319,1.1149603253630058,0.0789133247089262,0.8137128072445019,391.73,MID,False,UP,DISCHARGING,LO,DOWN
2023-03-15,2303,1.1768383679922816,0.0981328701693443,0.2388189318280503,389.28,MID,False,DOWN,DISCHARGING,LO,DOWN
2023-03-16,2312,1.1016434616098263,0.0912629757785467,0.7867647058823529,396.11,MID,False,UP,DISCHARGING,LO,DOWN
2023-03-17,2366,1.1435761059591685,0.1027049873203719,0.1065088757396449,389.99,MID,False,DOWN,DISCHARGING,LO,DOWN
2023-03-20,2269,1.0824726864644707,0.0916703393565447,0.753195240193918,393.74,MID,False,UP,DISCHARGING,LO,DOWN
2023-03-21,2280,1.1310227160778838,0.1026315789473684,0.8245614035087719,398.91,MID,False,UP,CHARGING,LO,DOWN
2023-03-22,2247,1.0296811449220284,0.0890075656430796,0.0685358255451713,392.11,MID,False,DOWN,CHARGING,LO,UP
2023-03-23,2243,1.0386778709198443,0.0922871154703522,0.4030316540347748,393.17,MID,False,DOWN,CHARGING,LO,DOWN
2023-03-24,2218,1.1432574526848955,0.1041478809738503,0.6618575293056808,395.75,MID,False,UP,CHARGING,LO,DOWN
2023-03-27,2226,1.0880483945346875,0.0956873315363881,0.7556154537286612,396.49,MID,False,UP,CHARGING,LO,DOWN
2023-03-28,2205,0.9492579956624289,0.0770975056689342,0.5650793650793651,395.6,MID,False,UP,CHARGING,LO,DOWN
2023-03-29,2237,0.9323577063543692,0.0683951721054984,0.8122485471613768,401.35,MID,False,UP,CHARGING,LO,UP
2023-03-30,2199,0.904208159457486,0.056844020009095,0.6002728512960437,403.7,MID,False,UP,CHARGING,LO,UP
2023-03-31,2330,0.8706589586435824,0.0472103004291845,0.9,409.39,MID,False,UP,CHARGING,LO,UP
2023-04-03,2298,0.8321931686167743,0.0322019147084421,0.4482158398607485,410.95,MID,False,DOWN,CHARGING,MID,UP
2023-04-04,2250,0.7897802789318913,0.0257777777777777,0.2137777777777778,408.67,MID,False,DOWN,CHARGING,LO,UP
2023-04-05,2206,0.7617290048709513,0.0213055303717135,0.3105167724388032,407.6,MID,False,DOWN,CHARGING,MID,UP
2023-04-06,2175,0.631102706883302,0.0179310344827586,0.5563218390804597,409.19,COOL,False,UP,CHARGING,MID,UP
2023-04-10,2235,0.6130229765802607,0.0183445190156599,0.7042505592841163,409.61,COOL,False,UP,CHARGING,MID,UP
2023-04-11,2208,0.6304743134493973,0.0203804347826086,0.7051630434782609,409.72,COOL,False,UP,CHARGING,MID,UP
2023-04-12,2184,0.6286257467449736,0.0196886446886446,0.3621794871794871,408.05,COOL,False,DOWN,CHARGING,MID,UP
2023-04-13,2208,0.6325095500282462,0.0190217391304347,0.7903079710144928,413.47,COOL,False,UP,CHARGING,MID,UP
2023-04-14,2206,0.6191439162215355,0.0194922937443336,0.3009972801450589,412.46,COOL,False,DOWN,CHARGING,MID,UP
2023-04-17,2216,0.6214126008667553,0.0207581227436823,0.7084837545126353,413.94,COOL,False,UP,CHARGING,MID,UP
2023-04-18,2207,0.6313550365371629,0.0194834617127322,0.4318078840054372,414.21,COOL,False,DOWN,CHARGING,MID,UP
2023-04-19,2191,0.6264649948934466,0.018256503879507,0.5148334094020995,414.14,COOL,False,UP,CHARGING,LO,UP
2023-04-20,2181,0.5941388561429896,0.0155891792755616,0.3204951856946355,411.88,COOL,False,DOWN,CHARGING,LO,UP
2023-04-21,2197,0.5744373159800005,0.0159308147473827,0.4865725989986345,412.2,COOL,False,DOWN,CHARGING,MID,UP
2023-04-24,2169,0.5775774947756439,0.016136468418626,0.4744121715076071,412.63,COOL,False,DOWN,DISCHARGING,MID,UP
2023-04-25,2194,0.6161240998477857,0.0159525979945305,0.1134913400182315,406.08,COOL,False,DOWN,DISCHARGING,MID,UP
2023-04-26,2199,0.6381605865139189,0.0172805820827648,0.284674852205548,404.36,COOL,False,DOWN,DISCHARGING,LO,UP
2023-04-27,2195,0.62814863399972,0.0186788154897494,0.7981776765375854,412.41,COOL,False,UP,DISCHARGING,LO,UP
2023-04-28,2223,0.6241179591591736,0.0220422852001799,0.7422402159244265,415.93,COOL,False,UP,DISCHARGING,MID,UP
2023-05-01,2215,0.6624374822067403,0.0216704288939051,0.4893905191873589,415.51,COOL,False,DOWN,DISCHARGING,MID,UP
2023-05-02,2233,0.7297501124885422,0.0268696820420958,0.1751007613076578,410.84,MID,False,DOWN,DISCHARGING,MID,UP
2023-05-03,2235,0.7394173590239131,0.0317673378076062,0.4237136465324385,408.02,MID,False,DOWN,DISCHARGING,MID,UP
2023-05-04,2249,0.8977080261653598,0.0404624277456647,0.303245887060916,405.13,MID,False,DOWN,DISCHARGING,MID,UP
2023-05-05,2243,0.8244837695544078,0.0419081587160053,0.8805171645118145,412.63,MID,False,UP,DISCHARGING,MID,UP
2023-05-08,2228,0.7687482773497994,0.0444344703770197,0.4528725314183124,412.74,MID,False,DOWN,DISCHARGING,MID,UP
2023-05-09,2223,0.7960445688668883,0.0467836257309941,0.3994601889338731,410.93,MID,False,DOWN,DISCHARGING,MID,DOWN
2023-05-10,2251,0.8463721486794983,0.0537538871612616,0.5535317636605953,412.85,MID,False,UP,DISCHARGING,MID,DOWN
2023-05-11,2225,0.836837178349754,0.0561797752808988,0.3195505617977528,412.13,MID,False,DOWN,DISCHARGING,MID,DOWN
2023-05-12,2185,0.7561488002889875,0.0553775743707093,0.4324942791762013,411.59,MID,False,DOWN,DISCHARGING,MID,DOWN
2023-05-15,2222,0.7804752070494267,0.0531053105310531,0.7313231323132313,413.01,MID,False,UP,DISCHARGING,MID,DOWN
2023-05-16,2205,0.8175480340843149,0.0526077097505668,0.1532879818594104,410.25,MID,False,DOWN,DISCHARGING,MID,DOWN
2023-05-17,2253,0.7783474420845835,0.0497114957833999,0.817132711939636,415.23,MID,False,UP,DISCHARGING,LO,DOWN
2023-05-18,2224,0.7966013008133057,0.049910071942446,0.6402877697841727,419.23,MID,False,UP,DISCHARGING,MID,DOWN
2023-05-19,2226,0.8064256081717665,0.0480682839173405,0.3818508535489667,418.62,MID,False,DOWN,DISCHARGING,MID,DOWN
2023-05-22,2246,0.7625690128634952,0.0471950133570792,0.6593944790739091,418.79,MID,False,UP,DISCHARGING,MID,DOWN
2023-05-23,2250,0.8004180972513182,0.0448888888888888,0.3364444444444444,414.09,MID,False,DOWN,DISCHARGING,MID,DOWN
2023-05-24,2207,0.7934619405417431,0.0448572723153602,0.1880380607159039,411.09,MID,False,DOWN,DISCHARGING,MID,DOWN
2023-05-25,2194,0.7873785323217053,0.0387420237010027,0.3445761166818596,414.65,MID,False,DOWN,DISCHARGING,LO,DOWN
2023-05-26,2188,0.752775913974494,0.0406764168190127,0.7157221206581352,420.02,MID,False,UP,DISCHARGING,LO,DOWN
2023-05-30,2212,0.7782088316719526,0.0438517179023508,0.3919529837251356,420.18,MID,False,DOWN,CHARGING,MID,DOWN
2023-05-31,2298,0.813959513808832,0.0430809399477806,0.3324630113141862,417.85,MID,False,DOWN,DISCHARGING,MID,DOWN
2023-06-01,2242,0.8132999877626159,0.0401427297056199,0.7270294380017841,421.82,MID,False,UP,CHARGING,MID,DOWN
2023-06-02,2290,0.9384549460879996,0.0410480349344978,0.8986899563318778,427.92,MID,False,UP,CHARGING,MID,DOWN
2023-06-05,2243,0.8024877012632148,0.0383415069103878,0.3009362460989745,427.1,MID,False,DOWN,CHARGING,MID,DOWN
2023-06-06,2303,0.8277908360956062,0.0377768128528007,0.827181936604429,428.03,MID,False,UP,CHARGING,MID,DOWN
2023-06-07,2329,0.917789103037646,0.0382138256762559,0.7303563761270931,426.55,MID,False,UP,CHARGING,MID,DOWN
2023-06-08,2252,0.7840165680970805,0.0359680284191829,0.441829484902309,429.13,MID,False,DOWN,CHARGING,MID,DOWN
2023-06-09,2211,0.7782498941936209,0.0357304387155133,0.3328810492989597,429.9,MID,False,DOWN,CHARGING,MID,DOWN
2023-06-12,2272,0.8024507004089318,0.0360915492957746,0.5955105633802817,433.8,MID,False,UP,CHARGING,MID,DOWN
2023-06-13,2297,0.8382598856350397,0.042228994340444,0.7662168045276447,436.66,MID,False,UP,CHARGING,MID,UP
2023-06-14,2277,0.8601341907301304,0.043917435221783,0.3368467281510759,437.18,MID,False,DOWN,CHARGING,MID,UP
2023-06-15,2275,0.8745658320036629,0.0435164835164835,0.7665934065934066,442.6,MID,False,UP,CHARGING,MID,UP
2023-06-16,2381,0.9301350731641408,0.0491390172196556,0.3569928601427971,439.46,MID,False,DOWN,CHARGING,LO,UP
2023-06-20,2288,0.862840439113128,0.0511363636363636,0.2902097902097902,437.18,MID,False,DOWN,CHARGING,MID,DOWN
2023-06-21,2266,0.8330488276914816,0.0529567519858782,0.4532215357458076,434.94,MID,False,DOWN,CHARGING,MID,DOWN
2023-06-22,2263,0.8382330970363683,0.0494918250110472,0.3256738842244808,436.51,MID,False,DOWN,CHARGING,MID,DOWN
2023-06-23,2439,0.9224793189684144,0.046330463304633,0.1865518655186551,433.21,MID,False,DOWN,CHARGING,MID,DOWN
2023-06-26,2274,0.820108098988299,0.0426561125769569,0.6156552330694811,431.44,MID,False,UP,CHARGING,MID,DOWN
2023-06-27,2244,0.8143646876591034,0.035204991087344,0.8021390374331551,436.17,MID,False,UP,CHARGING,MID,DOWN
2023-06-28,2236,0.7848590712579797,0.0326475849731663,0.5147584973166368,436.39,MID,False,UP,CHARGING,MID,DOWN
2023-06-29,2248,0.7573129853751659,0.0306939501779359,0.7437722419928826,438.11,MID,False,UP,CHARGING,MID,UP
2023-06-30,2268,0.733502538898849,0.027336860670194,0.6768077601410935,443.28,MID,False,UP,CHARGING,MID,UP
2023-07-03,2087,0.677321942450024,0.0263536176329659,0.6387158600862483,443.79,COOL,False,UP,CHARGING,MID,UP
2023-07-05,2249,0.6607749919706501,0.0262338817252112,0.2578923966207203,443.13,COOL,False,DOWN,CHARGING,MID,UP
2023-07-06,2241,0.7745397686159123,0.0254350736278447,0.145470771976796,439.66,MID,False,DOWN,CHARGING,HI,UP
2023-07-07,2273,0.6489453982743115,0.0233172019357677,0.6977562692476903,438.55,COOL,False,UP,CHARGING,HI,DOWN
2023-07-10,2228,0.6266641737359898,0.0242369838420107,0.7553859964093357,439.66,COOL,False,UP,CHARGING,HI,UP
2023-07-11,2240,0.6729278378210009,0.025,0.7700892857142857,442.46,COOL,False,UP,CHARGING,HI,UP
2023-07-12,2256,0.7475935354884133,0.026595744680851,0.7229609929078015,446.02,MID,False,UP,CHARGING,HI,UP
2023-07-13,2258,0.7152493155643289,0.0296722763507528,0.7156775907883083,449.56,MID,False,UP,CHARGING,HI,UP
2023-07-14,2238,0.742804325926729,0.0299374441465594,0.2788203753351206,449.28,MID,False,DOWN,CHARGING,MID,UP
2023-07-17,2251,0.7704529035765739,0.0315415370946246,0.6468236339404709,450.84,MID,False,UP,CHARGING,MID,UP
2023-07-18,2260,0.7747479872171605,0.0331858407079646,0.6946902654867256,454.19,MID,False,UP,CHARGING,MID,UP
2023-07-19,2274,0.8417392370159635,0.0329815303430079,0.6196130167106421,455.2,MID,False,UP,CHARGING,MID,UP
2023-07-20,2245,0.8376397013110676,0.0351893095768374,0.3884187082405345,452.18,MID,False,DOWN,CHARGING,MID,UP
2023-07-21,2257,0.8265784761553882,0.0350022153300841,0.4621178555604785,452.18,MID,False,DOWN,DISCHARGING,MID,UP
2023-07-24,2232,0.8377331932003951,0.0353942652329749,0.5640681003584229,454.2,MID,False,UP,DISCHARGING,MID,UP
2023-07-25,2226,0.831638121848709,0.0368373764600179,0.5354896675651393,455.44,MID,False,UP,DISCHARGING,LO,UP
2023-07-26,2235,0.8530754786551853,0.0357941834451901,0.6031319910514541,455.51,MID,False,UP,DISCHARGING,MID,UP
2023-07-27,2257,0.937954665223338,0.0420912715994683,0.2193176783340718,452.49,MID,False,DOWN,DISCHARGING,MID,UP
2023-07-28,2229,0.8688423221300492,0.044414535666218,0.7335127860026918,456.92,MID,False,UP,DISCHARGING,MID,UP
2023-07-31,2280,0.8873559769245065,0.0495614035087719,0.6855263157894737,457.79,MID,False,UP,DISCHARGING,MID,UP
2023-08-01,2243,0.908595472017506,0.0539456085599643,0.3508693713776192,456.48,MID,False,DOWN,DISCHARGING,LO,UP
2023-08-02,2243,0.9806360584100178,0.0534997770842621,0.2309407044137316,450.13,MID,False,DOWN,DISCHARGING,MID,UP
2023-08-03,2251,0.9715950258650088,0.0568636161705908,0.4433585073300755,448.84,MID,False,DOWN,DISCHARGING,MID,UP
2023-08-04,2249,0.9270770849008472,0.0578034682080924,0.4664295242329924,446.81,MID,False,DOWN,DISCHARGING,HI,UP
2023-08-07,2251,0.9077907584864966,0.0604175921812527,0.6628165259884495,450.71,MID,False,UP,DISCHARGING,HI,UP
2023-08-08,2258,0.9708310613667324,0.0668733392382639,0.3237378210806023,448.75,MID,False,DOWN,DISCHARGING,HI,UP
2023-08-09,2271,0.9790820325789158,0.0682518714222809,0.3835314839277851,445.75,MID,False,DOWN,DISCHARGING,HI,UP
2023-08-10,2252,0.9480021270423428,0.0728241563055062,0.4231793960923623,445.91,MID,False,DOWN,DISCHARGING,HI,UP
2023-08-11,2234,0.9448294036686198,0.072515666965085,0.4991047448522829,445.65,MID,False,DOWN,DISCHARGING,HI,UP
2023-08-14,2238,0.9217252810786958,0.0728328865058087,0.4195710455764075,448.11,MID,False,DOWN,DISCHARGING,HI,UP
2023-08-15,2235,0.9413031789845232,0.0769574944071588,0.1637583892617449,442.89,MID,False,DOWN,DISCHARGING,HI,UP
2023-08-16,2232,0.9423027706382884,0.0761648745519713,0.2146057347670251,439.64,MID,False,DOWN,DISCHARGING,HI,DOWN
2023-08-17,2223,0.9866549495205106,0.078272604588394,0.2793522267206478,436.29,HOT,False,DOWN,DISCHARGING,HI,DOWN
2023-08-18,2256,1.058401990994685,0.0806737588652482,0.6081560283687943,436.5,HOT,False,UP,DISCHARGING,HI,DOWN
2023-08-21,2208,0.9989624900300054,0.0760869565217391,0.4492753623188406,439.34,HOT,False,DOWN,DISCHARGING,HI,DOWN
2023-08-22,2220,1.0033547903315427,0.0698198198198198,0.4072072072072072,438.15,HOT,False,DOWN,DISCHARGING,HI,DOWN
2023-08-23,2209,1.0175839099003228,0.0692621095518334,0.7818017202354006,443.03,HOT,False,UP,DISCHARGING,HI,DOWN
2023-08-24,2206,0.9690733047143752,0.0634632819582955,0.2103354487760652,436.89,MID,False,DOWN,DISCHARGING,MID,DOWN
2023-08-25,2169,0.920366813125322,0.0567081604426002,0.6505301982480406,439.97,MID,False,UP,DISCHARGING,MID,DOWN
2023-08-28,2183,0.8177423912804452,0.0476408612001832,0.7764544205222171,442.76,MID,False,UP,DISCHARGING,MID,DOWN
2023-08-29,2206,0.7645304634262808,0.0385312783318223,0.8517679057116954,449.16,MID,False,UP,DISCHARGING,MID,DOWN
2023-08-30,2232,0.7462420530172684,0.0340501792114695,0.607078853046595,451.01,MID,False,UP,DISCHARGING,MID,DOWN
2023-08-31,2271,0.7002982566355371,0.0264200792602377,0.4007045354469397,450.35,COOL,False,DOWN,DISCHARGING,MID,DOWN
2023-09-01,2232,0.7768457399832817,0.0264336917562724,0.7361111111111112,451.19,MID,False,UP,DISCHARGING,MID,DOWN
2023-09-05,2267,0.7887785473152449,0.023820026466696,0.1698279664755183,449.24,MID,False,DOWN,DISCHARGING,MID,UP
2023-09-06,2215,0.7289301585588448,0.0221218961625282,0.3864559819413092,446.22,MID,False,DOWN,DISCHARGING,HI,DOWN
2023-09-07,2279,0.6961541236539132,0.0228170250109697,0.3268977621763931,444.85,COOL,False,DOWN,DISCHARGING,HI,DOWN
2023-09-08,2205,0.6425344859247892,0.0222222222222222,0.473015873015873,445.52,COOL,False,DOWN,CHARGING,HI,DOWN
2023-09-11,2221,0.646799645471187,0.0234128770823953,0.5632597928860873,448.45,COOL,False,UP,CHARGING,HI,DOWN
2023-09-12,2212,0.657753660264533,0.0253164556962025,0.4724231464737793,445.99,COOL,False,DOWN,CHARGING,HI,DOWN
2023-09-13,2235,0.6939246382545129,0.0237136465324384,0.3400447427293065,446.51,COOL,False,DOWN,CHARGING,MID,DOWN
2023-09-14,2244,0.7063320802391575,0.0262923351158645,0.8186274509803921,450.36,MID,False,UP,CHARGING,MID,DOWN
2023-09-15,2376,0.6580994101949655,0.0248316498316498,0.2702020202020202,443.37,COOL,False,DOWN,CHARGING,MID,DOWN
2023-09-18,2220,0.658361559913623,0.0256756756756756,0.3918918918918919,443.63,COOL,False,DOWN,CHARGING,HI,DOWN
2023-09-19,2195,0.6503518263079751,0.0232346241457858,0.3945330296127562,442.71,COOL,False,DOWN,CHARGING,HI,DOWN
2023-09-20,2194,0.7271719210605297,0.0223336371923427,0.316317228805834,438.64,MID,False,DOWN,CHARGING,MID,DOWN
2023-09-21,2205,0.8214199170807001,0.0217687074829931,0.1410430839002267,431.39,MID,False,DOWN,CHARGING,MID,DOWN
2023-09-22,2159,0.7116317066071669,0.0208429828624363,0.413617415470125,430.42,MID,False,DOWN,CHARGING,MID,DOWN
2023-09-25,2174,0.761528967017233,0.0262189512419503,0.5878564857405704,432.23,MID,False,UP,CHARGING,MID,DOWN
2023-09-26,2198,0.8248992732486994,0.0291173794358507,0.1414922656960873,425.88,MID,False,DOWN,CHARGING,MID,DOWN
2023-09-27,2213,0.8457334580187674,0.027112516945323,0.6068685042928151,426.05,MID,False,UP,CHARGING,MID,DOWN
2023-09-28,2222,0.87934694099762,0.027002700270027,0.743024302430243,428.52,MID,False,UP,CHARGING,MID,DOWN
2023-09-29,2250,0.9368416901498264,0.0262222222222222,0.4004444444444444,427.48,MID,False,DOWN,CHARGING,MID,DOWN
2023-10-02,2222,0.8550529671705634,0.0256525652565256,0.1912691269126912,427.31,MID,False,DOWN,CHARGING,MID,DOWN
2023-10-03,2200,0.9078449300661598,0.0286363636363636,0.1663636363636363,421.59,MID,False,DOWN,CHARGING,HI,DOWN
2023-10-04,2184,0.8562540612781673,0.0302197802197802,0.6556776556776557,424.66,MID,False,UP,CHARGING,MID,DOWN
2023-10-05,2209,0.8691233817443818,0.0303304662743322,0.5133544590312359,424.5,MID,False,UP,CHARGING,MID,DOWN
2023-10-06,2188,0.903312983165112,0.0306215722120658,0.723491773308958,429.54,MID,False,UP,CHARGING,MID,DOWN
2023-10-09,2156,0.8950183967914092,0.0296846011131725,0.6377551020408163,432.29,MID,False,UP,CHARGING,MID,DOWN
2023-10-10,2193,0.878410098245503,0.0291837665298677,0.7628818969448244,434.54,MID,False,UP,CHARGING,HI,DOWN
2023-10-11,2152,0.855702677573694,0.0311338289962825,0.5715613382899628,436.32,MID,False,UP,CHARGING,MID,DOWN
2023-10-12,2184,0.8617305701239018,0.0306776556776556,0.1185897435897435,433.66,MID,False,DOWN,CHARGING,MID,DOWN
2023-10-13,2161,0.906438707967408,0.0342434058306339,0.3526145303100416,431.5,MID,False,DOWN,CHARGING,MID,DOWN
2023-10-16,2201,0.784243687339228,0.0290776919582008,0.8659700136301681,436.04,MID,False,UP,CHARGING,MID,DOWN
2023-10-17,2240,0.8137655798385781,0.0276785714285714,0.7178571428571429,436.02,MID,False,UP,CHARGING,MID,DOWN
2023-10-18,2168,0.7776666135359966,0.0262915129151291,0.1208487084870848,430.21,MID,False,DOWN,CHARGING,MID,UP
2023-10-19,2185,0.7428410526297701,0.0274599542334096,0.1670480549199084,426.43,MID,False,DOWN,CHARGING,MID,UP
2023-10-20,2203,0.7470557137190037,0.0240581025873808,0.1852019972764412,421.19,MID,False,DOWN,CHARGING,HI,UP
2023-10-23,2181,0.8372512833709351,0.025217790004585,0.2700596056854654,420.46,MID,False,DOWN,CHARGING,HI,UP
2023-10-24,2186,0.8351687186642682,0.0242451967063129,0.6779505946935042,423.63,MID,False,UP,CHARGING,MID,DOWN
2023-10-25,2163,0.9206273459176916,0.0272769301895515,0.2145168747110494,417.55,MID,False,DOWN,CHARGING,HI,UP
2023-10-26,2174,0.9548368671377782,0.0317387304507819,0.5248390064397425,412.55,HOT,False,UP,CHARGING,MID,DOWN
2023-10-27,2172,0.9720369462938432,0.0299263351749539,0.2228360957642725,410.68,HOT,False,DOWN,CHARGING,HI,DOWN
2023-10-30,2165,0.9223317667020928,0.0364896073903002,0.7187066974595843,415.59,MID,False,UP,CHARGING,MID,DOWN
2023-10-31,2172,0.9413248245421068,0.044659300184162,0.7329650092081031,418.2,HOT,False,UP,DISCHARGING,HI,DOWN
2023-11-01,2202,1.0358688225105666,0.0544959128065395,0.6099000908265213,422.66,HOT,False,UP,DISCHARGING,HI,UP
2023-11-02,2234,1.150859295113481,0.0590868397493285,0.8643688451208594,430.76,HOT,False,UP,DISCHARGING,MID,UP
2023-11-03,2259,1.343645993799867,0.0593182824258521,0.8539176626826029,434.69,EPIC,True,UP,DISCHARGING,MID,UP
2023-11-06,2216,1.1045134812684263,0.0586642599277978,0.2779783393501805,435.69,HOT,True,DOWN,DISCHARGING,MID,UP
2023-11-07,2204,1.1373858831243508,0.0630671506352087,0.4224137931034483,436.93,HOT,True,DOWN,DISCHARGING,HI,DOWN
2023-11-08,2197,1.1194953535743546,0.0655439235320892,0.3359126081019572,437.25,HOT,True,DOWN,DISCHARGING,HI,DOWN
2023-11-09,2207,1.1330112628149591,0.0629814227458087,0.2419574082464884,433.84,HOT,True,DOWN,DISCHARGING,HI,DOWN
2023-11-10,2195,1.1197247489593225,0.0683371298405467,0.7772209567198177,440.61,HOT,True,UP,DISCHARGING,HI,DOWN
2023-11-13,2157,1.2505947698478876,0.0764951321279554,0.4622160407974038,440.19,EPIC,True,DOWN,DISCHARGING,MID,UP
2023-11-14,2294,1.467548780983289,0.094158674803836,0.949433304272014,448.73,EPIC,True,UP,DISCHARGING,MID,UP
2023-11-15,2262,1.314543417005637,0.0950486295313881,0.5866489832007074,449.68,EPIC,True,UP,DISCHARGING,MID,UP
2023-11-16,2214,1.287061255241873,0.1061427280939476,0.2533875338753387,450.23,EPIC,True,DOWN,DISCHARGING,MID,UP
2023-11-17,2248,1.2610935194048714,0.1054270462633451,0.7566725978647687,450.79,EPIC,True,UP,DISCHARGING,MID,UP
2023-11-20,2239,1.277486941063169,0.1125502456453774,0.6592228673514962,454.26,EPIC,True,UP,DISCHARGING,HI,UP
2023-11-21,2197,1.2766541239509828,0.108329540282203,0.2831133363677742,453.27,EPIC,True,DOWN,DISCHARGING,HI,UP
2023-11-22,2154,1.216302629464474,0.1021355617455896,0.7270194986072424,455.02,EPIC,True,UP,DISCHARGING,HI,UP
2023-11-24,1970,1.189440009453203,0.1020304568527918,0.7619289340101523,455.3,HOT,True,UP,DISCHARGING,HI,UP
2023-11-27,2223,1.0691722860406376,0.0881691408007197,0.3580746738641475,454.48,HOT,True,DOWN,DISCHARGING,HI,UP
2023-11-28,2215,1.0685228686378538,0.0790067720090293,0.4108352144469526,454.93,HOT,True,DOWN,DISCHARGING,HI,UP
2023-11-29,2250,1.0343138071809703,0.0631111111111111,0.6071111111111112,454.61,HOT,True,UP,DISCHARGING,HI,UP
2023-11-30,2281,0.9445038267694016,0.052170100832968,0.6137658921525647,456.4,HOT,True,UP,DISCHARGING,MID,UP
2023-12-01,2321,0.999438678306498,0.0469625161568289,0.8918569582076691,459.1,HOT,True,UP,DISCHARGING,HI,UP
2023-12-04,2292,1.0437721227272587,0.0488656195462478,0.6269633507853403,456.69,HOT,True,UP,DISCHARGING,MID,UP
2023-12-05,2264,0.9765289391494342,0.0468197879858657,0.2031802120141342,456.6,HOT,False,DOWN,DISCHARGING,MID,UP
2023-12-06,2277,0.9765613009166112,0.0474308300395256,0.4888010540184453,454.76,HOT,False,DOWN,CHARGING,MID,UP
2023-12-07,2256,0.9636964875011472,0.0443262411347517,0.68927304964539,458.23,HOT,False,UP,CHARGING,HI,UP
2023-12-08,2251,0.891362269925469,0.047978676143936,0.6339404709018214,460.2,MID,False,UP,CHARGING,MID,UP
2023-12-11,2267,0.8336804921470079,0.0441111601235112,0.6052051168945743,461.99,MID,False,UP,CHARGING,MID,UP
2023-12-12,2236,0.8857082171473475,0.0456171735241502,0.4825581395348837,464.1,MID,False,DOWN,CHARGING,MID,UP
2023-12-13,2378,1.1340842430697555,0.0492010092514718,0.9175777964676198,470.5,HOT,False,UP,CHARGING,MID,UP
2023-12-14,2378,1.4562383539702728,0.0782169890664424,0.7577796467619848,472.01,EPIC,True,UP,CHARGING,LO,UP
2023-12-15,2430,1.2254794229769588,0.0699588477366255,0.2958847736625514,469.33,HOT,True,DOWN,CHARGING,LO,UP
2023-12-18,2305,1.1974675443880731,0.0798264642082429,0.5127982646420824,471.97,HOT,True,UP,CHARGING,MID,UP
2023-12-19,2331,1.2950166585907543,0.0982410982410982,0.8678678678678678,474.84,EPIC,True,UP,CHARGING,MID,UP
2023-12-20,2328,1.333469907624392,0.1121134020618556,0.0992268041237113,468.26,EPIC,True,DOWN,CHARGING,MID,UP
2023-12-21,2278,1.2989874189262474,0.1185250219490781,0.9064969271290606,472.7,EPIC,True,UP,CHARGING,MID,UP
2023-12-22,2275,1.2861080243310945,0.1217582417582417,0.7098901098901099,473.65,EPIC,True,UP,CHARGING,MID,UP
2023-12-26,2255,1.2396511945070134,0.119290465631929,0.8146341463414634,475.65,HOT,True,UP,CHARGING,MID,UP
2023-12-27,2273,1.2295889962685127,0.1209854817421909,0.5582930048394192,476.51,HOT,True,UP,CHARGING,MID,UP
2023-12-28,2253,1.2134292814237395,0.114513981358189,0.4651575676875277,476.69,HOT,True,DOWN,CHARGING,MID,UP
2023-12-29,2298,1.1868441559809444,0.1018276762402088,0.170147954743255,475.31,HOT,True,DOWN,CHARGING,MID,UP
2024-01-02,2307,1.234520031030272,0.0936280884265279,0.3909839618552232,472.65,HOT,True,DOWN,CHARGING,MID,UP
2024-01-03,2303,1.2725864879298985,0.0833695180199739,0.1554494138080764,468.79,HOT,True,DOWN,CHARGING,MID,UP
2024-01-04,2284,1.1042155900213206,0.0643607705779334,0.4767950963222417,467.28,HOT,True,DOWN,CHARGING,MID,UP
2024-01-05,2331,1.0678945941033715,0.0557700557700557,0.5019305019305019,467.92,HOT,False,UP,CHARGING,MID,UP
2024-01-08,2279,1.035390183014426,0.0478279947345326,0.7981570864414217,474.6,HOT,False,UP,CHARGING,MID,UP
2024-01-09,2266,0.9294986567646956,0.0401588702559576,0.2422771403353927,473.88,MID,False,DOWN,CHARGING,MID,UP
2024-01-10,2255,0.865074809819114,0.0350332594235033,0.5525498891352549,476.56,MID,False,UP,CHARGING,MID,UP
2024-01-11,2260,0.8218451641011253,0.0300884955752212,0.3535398230088495,476.35,MID,False,DOWN,CHARGING,MID,UP
2024-01-12,2228,0.858911713540667,0.0269299820466786,0.4600538599640933,476.68,MID,False,DOWN,CHARGING,MID,DOWN
2024-01-16,2276,0.8634757676741267,0.0250439367311072,0.242091388400703,474.93,MID,False,DOWN,CHARGING,MID,DOWN
2024-01-17,2249,0.93056934558125,0.0235660293463761,0.2489995553579368,472.29,MID,False,DOWN,CHARGING,MID,DOWN
2024-01-18,2248,0.8625297983578772,0.0262455516014234,0.6516903914590747,476.49,MID,False,UP,CHARGING,MID,DOWN
2024-01-19,2249,0.9088743825399797,0.0266785237883503,0.7114273010226767,482.43,MID,False,UP,CHARGING,MID,DOWN
2024-01-22,2284,1.0282800302551014,0.0293345008756567,0.7924693520140105,483.45,HOT,False,UP,CHARGING,MID,DOWN
2024-01-23,2268,0.9868379468719952,0.0308641975308641,0.4603174603174603,484.86,MID,False,DOWN,CHARGING,MID,DOWN
2024-01-24,2267,0.9971229027676404,0.0348478164975738,0.3171592412880459,485.39,MID,False,DOWN,CHARGING,HI,DOWN
2024-01-25,2273,0.9783620920599432,0.0400351957765068,0.7166739991201055,488.03,MID,False,UP,DISCHARGING,HI,DOWN
2024-01-26,2243,0.9283660995285402,0.0405706642888987,0.5465893892108783,487.41,MID,False,UP,DISCHARGING,HI,DOWN
2024-01-29,2279,0.9000553578981804,0.0425625274243089,0.775340061430452,491.27,MID,False,UP,DISCHARGING,HI,DOWN
2024-01-30,2266,0.9261978608771162,0.0432480141218005,0.3896734333627537,490.89,MID,False,DOWN,DISCHARGING,HI,DOWN
2024-01-31,2302,0.9905548385842462,0.0443092962641181,0.1059947871416159,482.88,MID,False,DOWN,DISCHARGING,MID,DOWN
2024-02-01,2298,0.985426687326894,0.0491731940818102,0.7728459530026109,489.2,MID,False,UP,DISCHARGING,MID,DOWN
2024-02-02,2261,0.9184842059789852,0.0482087571870853,0.3595754091110128,494.35,MID,False,DOWN,DISCHARGING,HI,DOWN
2024-02-05,2274,0.9629099955420996,0.0474934036939313,0.1802990325417766,492.55,MID,False,DOWN,DISCHARGING,HI,DOWN
2024-02-06,2252,0.9246637000922712,0.0510657193605683,0.7024866785079928,493.98,MID,False,UP,DISCHARGING,MID,DOWN
2024-02-07,2258,0.9578826467612004,0.0553587245349867,0.4725420726306465,498.1,MID,False,DOWN,DISCHARGING,HI,DOWN
2024-02-08,2268,0.9547512482300736,0.060405643738977,0.6750440917107584,498.32,MID,False,UP,DISCHARGING,HI,UP
2024-02-09,2285,0.9478348119582084,0.0643326039387308,0.7190371991247265,501.2,MID,False,UP,DISCHARGING,HI,UP
2024-02-12,2326,1.2452988716787925,0.0700773860705073,0.7773000859845228,500.98,HOT,False,UP,DISCHARGING,HI,UP
2024-02-13,2325,1.3251513187129962,0.0709677419354838,0.0529032258064516,494.08,EPIC,True,DOWN,DISCHARGING,MID,UP
2024-02-14,2289,1.0031019533192855,0.072957623416339,0.854958497160332,498.57,MID,True,UP,DISCHARGING,MID,UP
2024-02-15,2329,1.1138624224736058,0.0747101760412194,0.8355517389437527,502.01,HOT,True,UP,DISCHARGING,HI,UP
2024-02-16,2300,1.0228751742854685,0.0843478260869565,0.3121739130434782,499.51,MID,True,DOWN,DISCHARGING,HI,UP
2024-02-20,2289,1.015140453866174,0.0878112712975098,0.3010048055919616,496.76,MID,True,DOWN,DISCHARGING,HI,UP
2024-02-21,2261,1.0476804995944993,0.091110128261831,0.4683768244139761,497.21,HOT,True,DOWN,DISCHARGING,HI,UP
2024-02-22,2291,1.021129749035946,0.0951549541684853,0.6294194674814492,507.5,MID,True,UP,DISCHARGING,HI,UP
2024-02-23,2258,0.9959932899443716,0.099645704162976,0.5943312666076174,507.85,MID,True,UP,DISCHARGING,HI,UP
2024-02-26,2278,1.0370350965287825,0.0952589991220368,0.4429323968393327,505.99,HOT,False,DOWN,DISCHARGING,HI,UP
2024-02-27,2295,1.0640444543546317,0.1067538126361655,0.6583877995642702,506.93,HOT,False,UP,DISCHARGING,HI,UP
2024-02-28,2291,1.1186938692968498,0.1099956350938454,0.3749454386730685,506.26,HOT,False,DOWN,DISCHARGING,HI,UP
2024-02-29,2321,1.0901824723862965,0.1137440758293838,0.6660922016372254,508.08,HOT,False,UP,DISCHARGING,HI,UP
2024-03-01,2339,1.06480514651408,0.1120136810602821,0.6323215049166311,512.85,HOT,False,UP,DISCHARGING,HI,UP
2024-03-04,2329,1.1329693548988802,0.120223271790468,0.4572778016316015,512.3,HOT,False,DOWN,DISCHARGING,HI,UP
2024-03-05,2311,1.1196150635419595,0.1181306793595846,0.3379489398528775,507.18,HOT,False,DOWN,DISCHARGING,HI,UP
2024-03-06,2336,1.0463897143824132,0.1095890410958904,0.6934931506849316,509.75,MID,False,UP,DISCHARGING,HI,UP
2024-03-07,2296,1.066640463619828,0.1210801393728223,0.6912020905923345,514.81,HOT,False,UP,DISCHARGING,HI,UP
2024-03-08,2312,1.0832927402627144,0.1180795847750865,0.477076124567474,511.72,HOT,False,DOWN,DISCHARGING,HI,UP
2024-03-11,2295,1.0537407284122775,0.1124183006535947,0.4570806100217865,511.28,MID,False,DOWN,DISCHARGING,HI,UP
2024-03-12,2296,1.0052650097291287,0.1040940766550522,0.5274390243902439,516.78,MID,False,UP,DISCHARGING,HI,UP
2024-03-13,2324,0.9963017487154422,0.0981067125645439,0.5451807228915663,515.97,MID,False,UP,DISCHARGING,HI,UP
2024-03-14,2313,1.0255716964090316,0.0933852140077821,0.159533073929961,514.95,MID,False,DOWN,DISCHARGING,MID,UP
2024-03-15,2425,0.9966190042182884,0.0870103092783505,0.5435051546391753,509.83,MID,False,UP,DISCHARGING,MID,UP
2024-03-18,2333,0.9376197274885708,0.0857265323617659,0.4354907843977711,512.86,MID,False,DOWN,DISCHARGING,MID,UP
2024-03-19,2304,0.9206454118834292,0.0794270833333333,0.6762152777777778,515.71,MID,False,UP,DISCHARGING,MID,UP
2024-03-20,2327,0.9361689084105608,0.076063601203266,0.8289643317576278,520.48,MID,False,UP,DISCHARGING,MID,UP
2024-03-21,2333,1.0629440479462229,0.0771538791255893,0.6956708101157308,522.2,HOT,False,UP,DISCHARGING,MID,UP
2024-03-22,2283,0.9119275248844476,0.0709592641261498,0.2282084975908891,521.21,MID,False,DOWN,DISCHARGING,LO,UP
2024-03-25,2265,0.8773281996019596,0.0666666666666666,0.4392935982339956,519.77,MID,False,DOWN,DISCHARGING,LO,UP
2024-03-26,2292,0.8839306735989617,0.06282722513089,0.4328097731239092,518.81,MID,False,DOWN,DISCHARGING,MID,UP
2024-03-27,2307,0.9127275694741146,0.0576506285218899,0.8660598179453837,523.17,MID,False,UP,CHARGING,LO,UP
2024-03-28,2370,0.9406379225040928,0.0531645569620253,0.6839662447257384,523.07,MID,False,UP,CHARGING,LO,UP
2024-04-01,2332,0.8987472660339609,0.054459691252144,0.2778730703259005,522.16,MID,False,DOWN,CHARGING,LO,UP
2024-04-02,2325,0.979851237232944,0.0524731182795698,0.1982795698924731,518.84,MID,False,DOWN,CHARGING,MID,UP
2024-04-03,2314,0.8812982920249676,0.0566119273984442,0.5985306828003457,519.41,MID,False,UP,CHARGING,MID,UP
2024-04-04,2325,0.9713658610895636,0.0572043010752688,0.2219354838709677,513.07,MID,False,DOWN,CHARGING,MID,UP
2024-04-05,2288,0.9598256861905284,0.0533216783216783,0.6551573426573427,518.43,MID,False,UP,CHARGING,MID,UP
2024-04-08,2283,0.8279704572133021,0.0503723171265878,0.6206745510293473,518.72,MID,False,UP,CHARGING,MID,UP
2024-04-09,2269,0.9791111537819706,0.0524460114587924,0.6403702071397092,519.32,MID,False,UP,CHARGING,MID,UP
2024-04-10,2346,1.0737468876056595,0.0502983802216538,0.1283034953111679,514.12,HOT,False,DOWN,CHARGING,MID,UP
2024-04-11,2288,0.8459447018559676,0.0432692307692307,0.5799825174825175,518.0,MID,False,UP,CHARGING,LO,UP
2024-04-12,2288,0.8735400866716336,0.0445804195804195,0.0646853146853146,510.85,MID,False,DOWN,CHARGING,MID,UP
2024-04-15,2289,0.899579015250004,0.0428134556574923,0.164263870685889,504.45,MID,False,DOWN,CHARGING,MID,UP
2024-04-16,2265,1.0813421362928908,0.0463576158940397,0.2966887417218543,503.53,HOT,False,DOWN,CHARGING,MID,UP
2024-04-17,2271,0.9567935468763462,0.0466754733597534,0.3298106560986349,500.55,MID,False,DOWN,CHARGING,MID,DOWN
2024-04-18,2277,0.9995722692559228,0.0461133069828722,0.5094422485726834,499.52,MID,False,UP,CHARGING,HI,DOWN
2024-04-19,2298,1.076251957735067,0.0483028720626631,0.6588337684943429,495.16,HOT,False,UP,CHARGING,HI,DOWN
2024-04-22,2280,1.114090276132067,0.0517543859649122,0.7710526315789473,499.72,HOT,False,UP,CHARGING,MID,DOWN
2024-04-23,2269,1.163957536901021,0.0546496253856324,0.8364918466284706,505.65,HOT,False,UP,CHARGING,MID,DOWN
2024-04-24,2269,1.1558179744810442,0.0520052886734244,0.4781842221242838,505.41,HOT,False,DOWN,CHARGING,MID,DOWN
2024-04-25,2268,1.1821021048926776,0.0599647266313932,0.3192239858906525,503.49,HOT,False,DOWN,CHARGING,MID,DOWN
2024-04-26,2236,1.069116969164201,0.0563506261180679,0.6547406082289803,508.26,HOT,False,UP,CHARGING,MID,DOWN
2024-04-29,2284,1.0610996102355577,0.0507880910683012,0.6703152364273205,510.06,MID,False,UP,CHARGING,MID,DOWN
2024-04-30,2286,1.1188911884405537,0.0546806649168853,0.1404199475065616,501.98,HOT,False,DOWN,CHARGING,MID,DOWN
2024-05-01,2292,1.1408361960331823,0.0667539267015706,0.5881326352530541,500.35,HOT,False,UP,CHARGING,HI,DOWN
2024-05-02,2292,1.142294294618968,0.0684991273996509,0.7831588132635253,505.03,HOT,False,UP,CHARGING,HI,DOWN
2024-05-03,2285,1.1275579139716585,0.0691466083150984,0.7317286652078775,511.29,HOT,False,UP,DISCHARGING,HI,DOWN
2024-05-06,2293,1.0677824762189014,0.0771914522459659,0.7614478848669864,516.57,MID,False,UP,DISCHARGING,HI,DOWN
2024-05-07,2315,1.0764423488129402,0.0846652267818574,0.5494600431965443,517.14,HOT,False,UP,DISCHARGING,MID,DOWN
2024-05-08,2293,1.1696185055539174,0.1003052769297863,0.4657653728739642,517.19,HOT,False,DOWN,DISCHARGING,HI,DOWN
2024-05-09,2322,1.1608717454293676,0.1111111111111111,0.7463393626184324,520.17,HOT,False,UP,DISCHARGING,HI,DOWN
2024-05-10,2302,1.1648158187189055,0.1229365768896611,0.4526498696785404,520.84,HOT,False,DOWN,DISCHARGING,HI,DOWN
2024-05-13,2319,1.1585160080429362,0.118154376886589,0.4967658473479948,520.91,HOT,False,DOWN,DISCHARGING,HI,DOWN
2024-05-14,2315,1.1769827951176672,0.1226781857451403,0.7062634989200864,523.3,HOT,False,UP,DISCHARGING,MID,DOWN
2024-05-15,2329,1.2177506854962552,0.12881064834693,0.6612279948475741,529.78,HOT,False,UP,DISCHARGING,MID,UP
2024-05-16,2326,1.1784481489488028,0.1311263972484952,0.4269131556319862,528.69,HOT,False,DOWN,DISCHARGING,HI,UP
2024-05-17,2303,1.1312280464200906,0.1293964394268345,0.5262700825010855,529.45,HOT,False,UP,DISCHARGING,HI,UP
2024-05-20,2318,1.1030218071399265,0.1285591026747196,0.4685073339085418,530.06,MID,False,DOWN,DISCHARGING,HI,UP
2024-05-21,2282,1.0992348593862853,0.1262050832602979,0.4338299737072743,531.36,MID,False,DOWN,DISCHARGING,MID,UP
2024-05-22,2314,1.0992305099457584,0.1192739844425237,0.3202247191011236,529.83,MID,False,DOWN,DISCHARGING,MID,UP
2024-05-23,2327,1.1183380585411635,0.1134507950150408,0.1345079501504082,525.96,HOT,False,DOWN,DISCHARGING,MID,UP
2024-05-24,2259,1.055123297954944,0.1057990261177512,0.7073926516157591,529.44,MID,False,UP,DISCHARGING,MID,UP
2024-05-28,2319,1.087165259799527,0.1086675291073738,0.3721431651573954,529.81,MID,False,DOWN,DISCHARGING,MID,UP
2024-05-29,2292,1.2172599441061924,0.0916230366492146,0.1448516579406631,526.1,HOT,False,DOWN,DISCHARGING,MID,UP
2024-05-30,2284,0.9697412023744894,0.0770577933450087,0.7478108581436077,522.61,MID,False,UP,DISCHARGING,MID,UP
2024-05-31,2337,1.0022746884778675,0.0684638425331621,0.7351305091998288,527.37,MID,False,UP,DISCHARGING,HI,UP
2024-06-03,2321,1.0628204078490555,0.0659198621283929,0.3886255924170616,527.8,MID,False,DOWN,DISCHARGING,MID,UP
2024-06-04,2309,1.0502913462165635,0.0627977479428324,0.2819402338674751,528.39,MID,False,DOWN,DISCHARGING,MID,DOWN
2024-06-05,2294,0.9116037570539588,0.0553618134263295,0.7040104620749782,534.67,MID,False,UP,DISCHARGING,MID,DOWN
2024-06-06,2259,0.9139180807677856,0.0584329349269588,0.3975210270030987,534.66,MID,False,DOWN,CHARGING,MID,DOWN
2024-06-07,2273,0.92595247596455,0.0580730312362516,0.2318521777386713,534.01,MID,False,DOWN,CHARGING,MID,DOWN
2024-06-10,2306,0.9446671175081996,0.0585429314830876,0.5234171725932351,535.66,MID,False,UP,CHARGING,HI,DOWN
2024-06-11,2292,1.0409270987501866,0.0580279232111692,0.3490401396160558,536.95,MID,False,DOWN,CHARGING,MID,DOWN
2024-06-12,2319,1.234909589192672,0.0564898663216903,0.703751617076326,541.36,HOT,False,UP,CHARGING,MID,DOWN
2024-06-13,2288,0.9825800310396546,0.0537587412587412,0.2727272727272727,542.45,MID,False,DOWN,CHARGING,MID,DOWN
2024-06-14,2283,1.032564138112753,0.0543144984669294,0.1844064826982041,542.78,MID,False,DOWN,CHARGING,MID,DOWN
2024-06-17,2283,0.9447073340918056,0.0560665790626368,0.6513359614542269,547.1,MID,False,UP,CHARGING,MID,DOWN
2024-06-18,2282,0.9185891883077102,0.0543382997370727,0.5017528483786152,548.49,MID,False,UP,CHARGING,MID,DOWN
2024-06-20,2293,0.904382378811228,0.0527692978630614,0.4941125163541212,547.0,MID,False,DOWN,CHARGING,MID,DOWN
2024-06-21,2393,0.8820735740512858,0.046385290430422,0.5344755536982867,544.51,MID,False,UP,CHARGING,MID,DOWN
2024-06-24,2304,0.9130374887908006,0.0451388888888888,0.6714409722222222,542.74,MID,False,UP,CHARGING,MID,DOWN
2024-06-25,2268,0.8676983509651139,0.0432098765432098,0.281305114638448,544.83,MID,False,DOWN,CHARGING,MID,DOWN
2024-06-26,2287,0.8617961232711197,0.0432881504153913,0.4459991254919108,545.51,MID,False,DOWN,CHARGING,MID,DOWN
2024-06-27,2289,0.8199124239207524,0.0410659676714722,0.6282219309742245,546.37,COOL,False,UP,CHARGING,LO,DOWN
2024-06-28,2462,0.8859790982622344,0.0398050365556458,0.6344435418359058,544.22,MID,False,UP,CHARGING,MID,DOWN
2024-07-01,2324,0.8514043152948889,0.0425989672977624,0.273235800344234,545.34,MID,False,DOWN,CHARGING,LO,DOWN
2024-07-02,2275,0.848758898308765,0.04,0.6254945054945055,549.01,MID,False,UP,CHARGING,LO,DOWN
2024-07-03,2118,0.8016403771341031,0.0382436260623229,0.5717658168083097,551.46,COOL,False,UP,CHARGING,LO,DOWN
2024-07-05,2276,0.8043120108407117,0.0360281195079086,0.3760984182776801,554.64,COOL,False,DOWN,CHARGING,MID,DOWN
2024-07-08,2271,0.7743499258417461,0.0378687802730074,0.6045794804051079,555.28,COOL,False,UP,CHARGING,LO,DOWN
2024-07-09,2279,0.7935260216629001,0.0381746379991224,0.3808688021061869,555.82,COOL,False,DOWN,CHARGING,MID,DOWN
2024-07-10,2279,0.8905219695610938,0.0355419043440105,0.7485739359368144,561.32,MID,False,UP,CHARGING,MID,DOWN
2024-07-11,2378,1.0306839317468288,0.0357443229604709,0.8738435660218671,556.48,MID,False,UP,CHARGING,MID,DOWN
2024-07-12,2351,0.9797448794060626,0.0378562313908974,0.7686091025095704,559.99,MID,False,UP,CHARGING,LO,UP
2024-07-15,2377,1.0307810386021972,0.043331931005469,0.6701724863273033,561.53,MID,False,UP,CHARGING,MID,UP
2024-07-16,2418,1.299645830438081,0.0674110835401158,0.8974358974358975,564.86,EPIC,True,UP,CHARGING,LO,UP
2024-07-17,2387,1.356556366792193,0.0888144113950565,0.4038542103058232,556.94,EPIC,True,DOWN,CHARGING,LO,UP
2024-07-18,2330,1.3913628408804066,0.1064377682403433,0.1652360515021459,552.66,EPIC,True,DOWN,CHARGING,LO,UP
2024-07-19,2291,1.4446995847511603,0.1139240506329113,0.3264949803579223,548.99,EPIC,True,DOWN,CHARGING,LO,UP
2024-07-22,2330,1.3887848041523665,0.1248927038626609,0.81931330472103,554.65,EPIC,True,UP,CHARGING,LO,UP
2024-07-23,2356,1.506364012373571,0.1536502546689304,0.580220713073005,553.78,EPIC,True,UP,CHARGING,MID,UP
2024-07-24,2347,1.5640419247725694,0.167873881550916,0.1725607158074137,541.23,EPIC,True,DOWN,CHARGING,MID,UP
2024-07-25,2358,1.641112652206635,0.1730279898218829,0.6501272264631043,538.41,EPIC,True,UP,CHARGING,LO,UP
2024-07-26,2341,1.6185448699171128,0.1798376762067492,0.8483554036736437,544.44,EPIC,True,UP,CHARGING,LO,UP
2024-07-29,2294,1.5490488401648663,0.1734960767218831,0.3792502179598954,544.76,EPIC,True,DOWN,CHARGING,MID,UP
2024-07-30,2330,1.6450063706009508,0.1888412017167382,0.5935622317596566,542.0,EPIC,True,UP,CHARGING,HI,UP
2024-07-31,2382,1.8474973598945892,0.2157850545759865,0.6057934508816121,550.81,EPIC,True,UP,CHARGING,MID,UP
2024-08-01,2374,1.991160566241436,0.2287278854254422,0.1735467565290648,543.01,EPIC,True,DOWN,DISCHARGING,HI,UP
2024-08-02,2358,2.0758224913429686,0.2353689567430025,0.1382527565733672,532.9,EPIC,True,DOWN,CHARGING,HI,UP
2024-08-05,2378,2.5355593836511163,0.283851976450799,0.0559293523969722,517.38,EPIC,True,DOWN,DISCHARGING,HI,UP
2024-08-06,2315,2.0173139113740555,0.203023758099352,0.7321814254859611,522.15,EPIC,True,UP,DISCHARGING,HI,UP
2024-08-07,2298,2.0037455713611942,0.1927763272410792,0.2767624020887728,518.66,EPIC,True,DOWN,DISCHARGING,HI,UP
2024-08-08,2289,1.8773683431022317,0.1887287024901703,0.8842289209261687,530.65,EPIC,True,UP,DISCHARGING,HI,UP
2024-08-09,2288,1.7608242004641943,0.1840034965034965,0.4737762237762238,532.99,EPIC,True,DOWN,DISCHARGING,HI,UP
2024-08-12,2276,1.756484565797482,0.1884885764499121,0.3009666080843585,533.27,EPIC,True,DOWN,DISCHARGING,HI,UP
2024-08-13,2290,1.7521207808020205,0.1842794759825327,0.8349344978165939,542.04,HOT,True,UP,DISCHARGING,HI,DOWN
2024-08-14,2260,1.7214652939197874,0.1756637168141593,0.4672566371681416,543.75,HOT,True,DOWN,DISCHARGING,HI,DOWN
2024-08-15,2315,1.77785916121177,0.1740820734341252,0.8872570194384449,553.07,EPIC,True,UP,DISCHARGING,MID,UP
2024-08-16,2312,1.6501116026480618,0.1583044982698962,0.5826124567474048,554.31,HOT,True,UP,DISCHARGING,MID,UP
2024-08-19,2295,1.6410072018828608,0.1546840958605664,0.8117647058823529,559.61,HOT,True,UP,DISCHARGING,MID,UP
2024-08-20,2279,1.5785679202559069,0.1399736726634488,0.2351908731899956,558.7,HOT,True,DOWN,DISCHARGING,MID,UP
2024-08-21,2273,1.515663612499084,0.1337439507259128,0.7989441267047954,560.62,HOT,True,UP,DISCHARGING,MID,UP
2024-08-22,2231,1.5218506004036658,0.1290900941281936,0.3097265800089646,556.22,HOT,True,DOWN,DISCHARGING,MID,UP
2024-08-23,2344,1.542418747849031,0.114334470989761,0.9215017064846416,562.13,HOT,True,UP,DISCHARGING,MID,UP
2024-08-26,2322,1.5611424752995346,0.1080964685615848,0.4987080103359173,560.79,HOT,True,DOWN,DISCHARGING,MID,UP
2024-08-27,2255,1.3442297708223825,0.0913525498891352,0.3862527716186252,561.56,HOT,False,DOWN,DISCHARGING,MID,UP
2024-08-28,2270,1.2243708451105304,0.0885462555066079,0.3303964757709251,558.3,MID,False,DOWN,DISCHARGING,HI,UP
2024-08-29,2282,1.1583502476853067,0.0819456617002629,0.6853637160385626,558.35,MID,False,UP,DISCHARGING,HI,DOWN
2024-08-30,2314,1.2174097509664326,0.081676750216076,0.7255834053586863,563.68,MID,False,UP,DISCHARGING,HI,UP
2024-09-03,2318,1.2061042302650555,0.0694564279551337,0.1522864538395168,552.08,MID,False,DOWN,DISCHARGING,HI,UP
2024-09-04,2265,1.1071648824671612,0.0609271523178807,0.4428256070640176,550.95,MID,False,DOWN,DISCHARGING,MID,UP
2024-09-05,2276,0.9936609213300704,0.047451669595782,0.3374340949033392,549.61,MID,False,DOWN,DISCHARGING,MID,UP
2024-09-06,2273,1.021201054276598,0.042234931808183,0.1368235811702595,540.36,MID,False,DOWN,DISCHARGING,MID,UP
2024-09-09,2302,0.9937117464694624,0.0395308427454387,0.6116420503909644,546.41,MID,False,UP,DISCHARGING,MID,DOWN
2024-09-10,2294,0.9576986898237704,0.037489102005231,0.4742807323452485,548.79,MID,False,DOWN,DISCHARGING,MID,DOWN
2024-09-11,2278,1.0178293417108295,0.0377524143985952,0.5307287093942055,554.42,MID,False,UP,DISCHARGING,MID,UP
2024-09-12,2270,0.9296113043195202,0.037885462555066,0.7638766519823789,559.09,MID,False,UP,DISCHARGING,MID,UP
2024-09-13,2312,0.9937035224385652,0.0363321799307958,0.8819204152249135,562.01,MID,False,UP,DISCHARGING,MID,UP
2024-09-16,2307,0.9314960728091296,0.0377113133940182,0.6753359341135674,562.84,MID,False,UP,DISCHARGING,MID,UP
2024-09-17,2330,0.9519756246997064,0.0356223175965665,0.6107296137339056,563.07,MID,False,UP,DISCHARGING,MID,UP
2024-09-18,2334,0.9833649710599226,0.0364181662382176,0.4588688946015424,561.4,MID,False,DOWN,DISCHARGING,MID,UP
2024-09-19,2338,1.1512575901512934,0.0402053036783575,0.8246364414029085,570.98,MID,False,UP,DISCHARGING,MID,UP
2024-09-20,2474,1.028324667969415,0.0404203718674211,0.2627324171382377,568.25,MID,False,DOWN,DISCHARGING,MID,UP
2024-09-23,2303,1.0161046940759295,0.0464611376465479,0.5453755970473295,569.67,MID,False,UP,CHARGING,HI,UP
2024-09-24,2316,1.038530908118433,0.0531088082901554,0.562607944732297,571.3,MID,False,UP,DISCHARGING,HI,UP
2024-09-25,2318,1.0582562272240958,0.0556514236410698,0.2234685073339085,570.04,MID,False,DOWN,DISCHARGING,HI,UP
2024-09-26,2328,1.0708942243181738,0.0627147766323024,0.6756872852233677,572.3,MID,False,UP,DISCHARGING,HI,UP
2024-09-27,2303,1.032241214499379,0.065566652192792,0.6178897090751194,571.47,MID,False,UP,CHARGING,HI,UP
2024-09-30,2336,1.0371006066351067,0.074486301369863,0.5573630136986302,573.76,MID,False,UP,CHARGING,HI,UP
2024-10-01,2326,1.0588051401126286,0.0722269991401547,0.2867583834909716,568.62,MID,False,DOWN,CHARGING,HI,UP
2024-10-02,2269,1.030491516448886,0.0784486557955046,0.4482150727192596,568.86,MID,False,DOWN,CHARGING,HI,UP
2024-10-03,2275,1.0721179216546572,0.0756043956043956,0.2852747252747252,567.82,MID,False,DOWN,CHARGING,HI,UP
2024-10-04,2280,1.0749702881791323,0.0732456140350877,0.769298245614035,572.98,MID,False,UP,CHARGING,HI,UP
2024-10-07,2274,1.0067334786932989,0.0729991204925241,0.2286719437115215,567.8,MID,False,DOWN,CHARGING,HI,UP
2024-10-08,2279,0.9328767242421236,0.0662571303203159,0.4975866608161474,573.17,MID,False,DOWN,CHARGING,HI,UP
2024-10-09,2271,0.8568777110043505,0.0559225011008366,0.6045794804051079,577.14,COOL,False,UP,CHARGING,HI,UP
2024-10-10,2273,0.8785056669658761,0.0536735591728992,0.3682358117025957,576.13,COOL,False,DOWN,CHARGING,HI,UP
2024-10-11,2289,0.8668631877478551,0.0493665356050677,0.8619484491044124,579.58,COOL,False,UP,CHARGING,HI,UP
2024-10-14,2252,0.8349107202349162,0.0479573712255772,0.6700710479573713,584.32,COOL,False,UP,CHARGING,HI,UP
2024-10-15,2318,0.8932907948178661,0.0500431406384814,0.5185504745470233,579.78,COOL,False,UP,CHARGING,HI,UP
2024-10-16,2344,0.8983333189464482,0.0447952218430034,0.7734641638225256,582.3,COOL,False,UP,CHARGING,MID,UP
2024-10-17,2295,0.8534928596350126,0.0448801742919389,0.485838779956427,582.35,COOL,False,DOWN,CHARGING,MID,UP
2024-10-18,2297,0.8933992385332179,0.0483239007400957,0.5337396604266434,584.59,COOL,False,UP,CHARGING,MID,UP
2024-10-21,2317,0.9223727766348732,0.0496331463098834,0.1911955114372032,583.63,MID,False,DOWN,CHARGING,MID,UP
2024-10-22,2283,0.926786461986096,0.0503723171265878,0.3837056504599211,583.32,MID,False,DOWN,CHARGING,MID,UP
2024-10-23,2293,0.898283241395878,0.0523331879633667,0.3030963802878325,577.99,COOL,False,DOWN,CHARGING,MID,UP
2024-10-24,2289,0.8898325098905827,0.0537352555701179,0.5565749235474006,579.24,COOL,False,UP,CHARGING,HI,UP
2024-10-25,2272,0.9488129282874576,0.056338028169014,0.375,579.04,MID,False,DOWN,CHARGING,HI,UP
2024-10-28,2319,0.9530101227683366,0.055627425614489,0.7671410090556274,580.83,MID,False,UP,DISCHARGING,HI,DOWN
2024-10-29,2288,0.9578049551512356,0.0585664335664335,0.3977272727272727,581.77,MID,False,DOWN,DISCHARGING,HI,DOWN
2024-10-30,2306,1.039273189868207,0.0672159583694709,0.4648742411101474,580.01,MID,False,DOWN,DISCHARGING,HI,DOWN
2024-10-31,2321,1.0719594070231162,0.0693666523050409,0.1908660060318828,568.64,MID,False,DOWN,DISCHARGING,MID,DOWN
2024-11-01,2334,1.0028214619692772,0.0702656383890317,0.5467009425878321,571.04,MID,False,UP,DISCHARGING,MID,DOWN
2024-11-04,2355,1.0508783454452983,0.0832271762208067,0.5447983014861996,569.81,MID,False,UP,DISCHARGING,MID,DOWN
2024-11-05,2344,1.3583340527670502,0.0976962457337883,0.8532423208191127,576.7,HOT,False,UP,DISCHARGING,MID,DOWN
2024-11-06,2479,1.940204172284492,0.1912061315046389,0.7862041145623235,591.04,EPIC,True,UP,DISCHARGING,MID,DOWN
2024-11-07,2424,1.5800052435530212,0.1489273927392739,0.4892739273927393,595.61,HOT,True,DOWN,DISCHARGING,MID,DOWN
2024-11-08,2394,1.5847784254398125,0.1654135338345864,0.5664160401002506,598.19,HOT,True,UP,DISCHARGING,MID,UP
2024-11-11,2412,1.709687646326822,0.1981757877280265,0.6687396351575456,598.76,HOT,True,UP,DISCHARGING,HI,UP
2024-11-12,2414,1.714091072788723,0.2137531068765534,0.231980115990058,596.9,HOT,True,DOWN,DISCHARGING,HI,UP
2024-11-13,2394,1.8026405708216808,0.2343358395989974,0.3713450292397661,597.19,HOT,True,DOWN,DISCHARGING,HI,UP
2024-11-14,2374,1.8847390265276456,0.2544229149115417,0.2948609941027801,593.35,EPIC,True,DOWN,DISCHARGING,HI,DOWN
2024-11-15,2362,1.8901421724987664,0.2595258255715495,0.2845046570702794,585.75,EPIC,True,DOWN,DISCHARGING,MID,DOWN
2024-11-18,2354,1.8590359889890573,0.2608326253186066,0.5560747663551402,588.15,HOT,True,UP,DISCHARGING,MID,DOWN
2024-11-19,2338,1.872068002067932,0.2562018819503849,0.5162532078699743,590.3,HOT,True,UP,DISCHARGING,MID,DOWN
2024-11-20,2341,1.841529609176627,0.2451943613840239,0.5305425032037591,590.5,HOT,True,UP,DISCHARGING,MID,DOWN
2024-11-21,2361,1.8115782890593912,0.2316814908936891,0.8132147395171537,593.67,HOT,True,UP,DISCHARGING,MID,UP
2024-11-22,2392,1.8564087059424172,0.2307692307692307,0.8060200668896321,595.51,HOT,True,UP,DISCHARGING,MID,UP
2024-11-25,2431,2.002208648745285,0.2414644179350061,0.7527766351295763,597.53,EPIC,True,UP,DISCHARGING,MID,UP
2024-11-26,2379,1.7993050572269562,0.2198402690205969,0.3656998738965952,600.65,HOT,True,DOWN,DISCHARGING,MID,UP
2024-11-27,2360,1.64405665430757,0.2038135593220339,0.514406779661017,598.83,HOT,True,UP,DISCHARGING,MID,UP
2024-11-29,2259,1.6030819181590812,0.1775121735281097,0.5741478530323152,602.55,HOT,True,UP,DISCHARGING,MID,UP
2024-12-02,2415,1.4891178761637145,0.1503105590062111,0.4873706004140786,603.63,HOT,True,DOWN,DISCHARGING,HI,UP
2024-12-03,2391,1.3287743265650036,0.1225428690924299,0.3337515683814304,603.91,MID,True,DOWN,DISCHARGING,MID,UP
2024-12-04,2402,1.130108325632666,0.1007493755203996,0.54496253122398,607.66,MID,True,UP,DISCHARGING,MID,UP
2024-12-05,2397,1.089200120285772,0.0951188986232791,0.3024614100959533,606.66,MID,True,DOWN,DISCHARGING,MID,UP
2024-12-06,2360,1.0604937417693314,0.0927966101694915,0.4923728813559322,607.81,MID,False,DOWN,DISCHARGING,MID,DOWN
2024-12-09,2403,1.081063556916213,0.0890553474823137,0.4577611319184353,604.68,MID,False,DOWN,DISCHARGING,HI,DOWN
2024-12-10,2406,1.0515520066198332,0.0789692435577722,0.3819617622610141,602.8,MID,False,DOWN,DISCHARGING,MID,DOWN
2024-12-11,2422,1.018409434245671,0.0792733278282411,0.573905862923204,607.46,MID,False,UP,CHARGING,MID,DOWN
2024-12-12,2352,0.9786243290413904,0.0782312925170068,0.2767857142857143,604.33,MID,False,DOWN,CHARGING,MID,DOWN
2024-12-13,2364,1.0155198897460318,0.0723350253807106,0.3049915397631134,604.21,MID,False,DOWN,CHARGING,MID,DOWN
2024-12-16,2384,1.028878099242946,0.0704697986577181,0.4828020134228188,606.79,MID,False,DOWN,CHARGING,MID,DOWN
2024-12-17,2396,1.1240619388123276,0.0726210350584307,0.2558430717863105,604.29,MID,False,DOWN,CHARGING,MID,DOWN
2024-12-18,2431,1.4080376704597204,0.0822706705059646,0.0316742081447963,586.28,HOT,False,DOWN,CHARGING,LO,DOWN
2024-12-19,2396,1.389411184435419,0.0880634390651085,0.41110183639399,586.1,HOT,False,DOWN,CHARGING,LO,DOWN
2024-12-20,2489,1.3966059935578317,0.1008437123342708,0.732824427480916,591.15,HOT,False,UP,CHARGING,MID,DOWN
2024-12-23,2356,1.349575028101794,0.1090831918505942,0.5029711375212224,594.69,MID,False,UP,CHARGING,MID,DOWN
2024-12-24,2133,1.3537748628083062,0.1162681669010782,0.829817158931083,601.3,MID,False,UP,CHARGING,HI,DOWN
2024-12-26,2314,1.3542960699295814,0.1123595505617977,0.6668107173725151,601.34,MID,False,UP,CHARGING,HI,DOWN
2024-12-27,2344,1.326387650338166,0.1075085324232082,0.1207337883959044,595.01,MID,False,DOWN,CHARGING,HI,DOWN
2024-12-30,2351,1.4168606943791862,0.1029349213100808,0.2037430880476393,588.22,HOT,False,DOWN,CHARGING,HI,DOWN
2024-12-31,2347,1.3119723212634773,0.0967192160204516,0.5790370685982105,586.08,MID,False,UP,DISCHARGING,HI,DOWN
2025-01-02,2375,1.3288379686248957,0.0913684210526315,0.4223157894736842,584.64,MID,False,DOWN,CHARGING,HI,DOWN
2025-01-03,2350,1.3094737314855904,0.0876595744680851,0.7748936170212766,591.95,MID,False,UP,CHARGING,HI,DOWN
2025-01-06,2396,1.316645504081683,0.0730383973288814,0.4624373956594323,595.36,MID,False,DOWN,CHARGING,HI,DOWN
2025-01-07,2387,1.2172935827889435,0.0599078341013824,0.3464599916212819,588.63,MID,False,DOWN,CHARGING,MID,DOWN
2025-01-08,2357,1.194794133321098,0.0538820534577853,0.4713619007212558,589.49,MID,False,DOWN,CHARGING,MID,DOWN
2025-01-10,2377,1.2763730947971204,0.0525872949095498,0.1653344551956247,580.49,MID,False,DOWN,CHARGING,LO,DOWN
2025-01-13,2355,1.231566580048861,0.0526539278131634,0.629723991507431,581.39,MID,False,UP,CHARGING,LO,DOWN
2025-01-14,2352,1.103384164068113,0.0446428571428571,0.7355442176870748,582.19,MID,False,UP,CHARGING,LO,DOWN
2025-01-15,2358,1.1736848805367393,0.0508905852417302,0.8223070398642918,592.78,MID,False,UP,CHARGING,LO,DOWN
2025-01-16,2359,0.9575921160179568,0.0470538363713437,0.6078846969054684,591.64,MID,False,UP,CHARGING,MID,DOWN
2025-01-17,2359,0.8993447182329748,0.0474777448071216,0.6235693090292497,597.58,COOL,False,UP,CHARGING,MID,DOWN
2025-01-21,2381,0.984622459643276,0.0625787484250315,0.8101637967240655,603.05,MID,False,UP,CHARGING,LO,UP
2025-01-22,2378,1.0076558862414462,0.0656013456686291,0.3359966358284272,606.44,MID,False,DOWN,CHARGING,MID,UP
2025-01-23,2364,1.0088877278103323,0.0685279187817258,0.6146362098138748,609.75,MID,False,UP,CHARGING,HI,UP
2025-01-24,2361,1.080917608374148,0.0834392206692079,0.48284625158831,607.97,MID,False,DOWN,CHARGING,HI,UP
2025-01-27,2400,1.2136404205023394,0.0933333333333333,0.5679166666666666,599.37,MID,False,UP,CHARGING,HI,UP
2025-01-28,2359,1.180554397949981,0.0902924968206867,0.4607884696905468,604.52,MID,False,DOWN,CHARGING,HI,UP
2025-01-29,2340,1.190783840059266,0.0935897435897435,0.4170940170940171,601.81,MID,False,DOWN,CHARGING,HI,UP
2025-01-30,2349,1.2296658526538662,0.1021711366538952,0.7752234993614304,605.04,MID,False,UP,CHARGING,HI,UP
2025-01-31,2394,1.2440032790343836,0.1052631578947368,0.2548036758563074,601.82,MID,False,DOWN,CHARGING,HI,UP
2025-02-03,2383,1.466628864579082,0.1137221989089383,0.2501049097775912,597.77,HOT,False,DOWN,CHARGING,HI,UP
2025-02-04,2362,1.2571829526515208,0.1033022861981371,0.70575783234547,601.78,MID,False,UP,CHARGING,HI,UP
2025-02-05,2369,1.2859989932698683,0.1067961165048543,0.6960742929506121,604.22,MID,False,UP,CHARGING,HI,UP
2025-02-06,2359,1.2749979958770867,0.1119118270453582,0.5061466723187792,606.32,MID,False,UP,CHARGING,HI,UP
2025-02-07,2351,1.2249794850206153,0.1105912377711612,0.2377711612079966,600.77,MID,False,DOWN,CHARGING,HI,UP
2025-02-10,2376,1.1298898361369063,0.1035353535353535,0.5471380471380471,604.85,MID,False,UP,CHARGING,HI,UP
2025-02-11,2355,1.0948298483511607,0.10276008492569,0.481104033970276,605.31,MID,False,DOWN,DISCHARGING,HI,UP
2025-02-12,2375,1.129438371634394,0.1136842105263157,0.3351578947368421,603.36,MID,False,DOWN,DISCHARGING,HI,UP
2025-02-13,2366,1.12251744187882,0.1166525781910397,0.779374471682164,609.73,MID,False,UP,DISCHARGING,HI,UP
2025-02-14,2340,1.144370730835777,0.1235042735042735,0.4670940170940171,609.7,MID,False,DOWN,DISCHARGING,HI,UP
2025-02-18,2397,1.1532723817933337,0.1214017521902378,0.6403838130997079,611.49,MID,False,UP,DISCHARGING,HI,DOWN
2025-02-19,2374,1.1500481897115655,0.124262847514743,0.4326032013479359,612.93,MID,False,DOWN,DISCHARGING,HI,DOWN
2025-02-20,2373,1.147197010670494,0.1205225453013063,0.3657817109144542,610.38,MID,False,DOWN,DISCHARGING,HI,DOWN
2025-02-21,2382,1.2036297408633445,0.125104953820319,0.1654072208228379,599.94,MID,False,DOWN,DISCHARGING,HI,DOWN
2025-02-24,2377,1.2253533929306093,0.1169541438788388,0.4118636937315944,597.21,MID,False,DOWN,DISCHARGING,HI,DOWN
2025-02-25,2383,1.2508434750881134,0.117498950902224,0.5031472933277381,594.24,MID,False,UP,DISCHARGING,HI,DOWN
2025-02-26,2348,1.2786239012164156,0.1222316865417376,0.4765758091993186,594.54,MID,False,DOWN,DISCHARGING,HI,DOWN
2025-02-27,2338,1.3410859127458856,0.1291702309666381,0.2942686056458511,585.05,MID,False,DOWN,DISCHARGING,HI,DOWN
2025-02-28,2375,1.3679667923675132,0.1284210526315789,0.7381052631578947,594.18,MID,False,UP,DISCHARGING,HI,DOWN
2025-03-03,2383,1.5062737163590485,0.1351237935375577,0.2031053294167016,583.77,HOT,False,DOWN,DISCHARGING,MID,DOWN
2025-03-04,2393,1.6832043415698328,0.1512745507730881,0.262849979105725,576.86,HOT,False,DOWN,DISCHARGING,MID,DOWN
2025-03-05,2368,1.5117507871693032,0.1465371621621621,0.7250844594594594,583.06,HOT,False,UP,DISCHARGING,MID,DOWN
2025-03-06,2362,1.5218406771648765,0.1486028789161727,0.296359017781541,572.71,HOT,False,DOWN,DISCHARGING,HI,DOWN
2025-03-07,2353,1.5850924637949997,0.163620909477263,0.6094347641308967,575.92,HOT,False,UP,DISCHARGING,HI,DOWN
2025-03-10,2385,1.7087949791926629,0.1890985324947589,0.1668763102725367,560.58,HOT,False,DOWN,DISCHARGING,HI,DOWN
2025-03-11,2375,1.7045893622566644,0.1991578947368421,0.4138947368421052,555.92,HOT,False,DOWN,DISCHARGING,HI,DOWN
2025-03-12,2368,1.7016498733542975,0.1929898648648648,0.4940878378378378,558.87,HOT,False,DOWN,DISCHARGING,HI,DOWN
2025-03-13,2329,1.7052737596793188,0.1979390296264491,0.2133963074280807,551.42,HOT,False,DOWN,DISCHARGING,HI,DOWN
2025-03-14,2346,1.657082059538442,0.1947996589940324,0.9002557544757033,562.81,HOT,False,UP,DISCHARGING,HI,DOWN
2025-03-17,2358,1.601063051116614,0.1870229007633587,0.8265479219677693,567.15,HOT,False,UP,DISCHARGING,HI,DOWN
2025-03-18,2356,1.4724169253366473,0.1672325976230899,0.3234295415959253,561.02,MID,False,DOWN,DISCHARGING,HI,DOWN
2025-03-19,2353,1.3179339617188877,0.1423714407139821,0.773905652358691,567.13,MID,False,UP,DISCHARGING,HI,DOWN
2025-03-20,2340,1.2185853130708886,0.1162393162393162,0.3252136752136752,565.49,MID,False,DOWN,DISCHARGING,HI,DOWN
2025-03-21,2442,1.235084783302672,0.1036036036036036,0.30999180999181,563.98,MID,False,DOWN,DISCHARGING,HI,DOWN
2025-03-24,2334,1.181638011665792,0.0895458440445587,0.8449014567266495,574.08,MID,False,UP,CHARGING,MID,DOWN
2025-03-25,2346,1.0643231630534455,0.0728900255754475,0.3712702472293265,575.46,MID,False,DOWN,CHARGING,MID,UP
2025-03-26,2314,1.0113973909944542,0.0557476231633535,0.3945548833189282,568.59,MID,False,DOWN,CHARGING,HI,UP
2025-03-27,2320,0.9692316029498718,0.0461206896551724,0.4327586206896551,567.08,MID,False,DOWN,CHARGING,MID,DOWN
2025-03-28,2311,0.9704521505042096,0.040242319342276,0.1328429251406317,555.66,MID,False,DOWN,CHARGING,MID,DOWN
2025-03-31,2385,0.986198852054259,0.0360587002096436,0.4884696016771488,559.39,MID,False,DOWN,CHARGING,MID,DOWN
2025-04-01,2334,0.8431059335571589,0.0278491859468723,0.5938303341902313,560.97,COOL,False,UP,CHARGING,MID,DOWN
2025-04-02,2322,1.0644314465649516,0.0335917312661498,0.8044788975021533,564.52,MID,False,UP,CHARGING,MID,UP
2025-04-03,2357,1.3419020280328018,0.0364870598218073,0.103097157403479,536.7,MID,False,DOWN,CHARGING,MID,UP
2025-04-04,2387,1.7657499241642416,0.0892333472978634,0.064516129032258,505.28,HOT,False,DOWN,CHARGING,LO,UP
2025-04-07,2371,2.0469985330576046,0.1471952762547448,0.2914382117250105,504.38,EPIC,True,DOWN,CHARGING,LO,DOWN
2025-04-08,2327,2.3136002899750068,0.2079931241942415,0.1173184357541899,496.48,EPIC,True,DOWN,CHARGING,LO,DOWN
2025-04-09,2391,2.732350711957772,0.3082392304475115,0.987034713508992,548.62,EPIC,True,UP,CHARGING,LO,DOWN
2025-04-10,2323,2.5215550168427665,0.2737839001291433,0.0942746448557899,524.58,EPIC,True,DOWN,CHARGING,LO,DOWN
2025-04-11,2289,2.3683541982660405,0.2573176059414591,0.7868064657055482,533.94,EPIC,True,UP,CHARGING,LO,DOWN
2025-04-14,2316,2.326272554816448,0.251727115716753,0.7966321243523317,539.12,EPIC,True,UP,CHARGING,LO,DOWN
2025-04-15,2280,2.1730928879209914,0.2355263157894737,0.4951754385964912,537.61,EPIC,True,DOWN,CHARGING,LO,DOWN
2025-04-16,2283,2.1479801577742124,0.2360928602715725,0.2706964520367937,525.66,EPIC,True,DOWN,CHARGING,MID,DOWN
2025-04-17,2287,2.167701557891794,0.2330564057717533,0.7555749890686488,526.41,EPIC,True,UP,CHARGING,MID,DOWN
2025-04-21,2284,2.2510298575048724,0.2403677758318739,0.1427320490367775,513.88,EPIC,True,DOWN,CHARGING,MID,DOWN
2025-04-22,2303,2.090931337126481,0.2127659574468085,0.9287885366912724,527.25,HOT,True,UP,CHARGING,MID,DOWN
2025-04-23,2317,2.0800639124564864,0.1920586965904186,0.7440656020716444,535.42,HOT,True,UP,CHARGING,MID,DOWN
2025-04-24,2313,1.7370117044823266,0.1335927367055771,0.832252485948984,546.69,HOT,True,UP,CHARGING,LO,DOWN
2025-04-25,2281,1.5893405462401242,0.1069706269180184,0.4756685664182376,550.64,MID,True,DOWN,CHARGING,MID,DOWN
2025-04-28,2294,1.4422817207512124,0.0858761987794245,0.6346992153443767,550.85,MID,True,UP,CHARGING,MID,DOWN
2025-04-29,2310,1.434139047742392,0.0805194805194805,0.6696969696969697,554.32,MID,True,UP,CHARGING,MID,UP
2025-04-30,2332,1.427285463514838,0.0703259005145797,0.4219554030874786,554.54,MID,True,DOWN,CHARGING,MID,UP
2025-05-01,2319,1.2640845067812914,0.0707201379905131,0.5480810694264769,558.47,MID,False,UP,CHARGING,MID,UP
2025-05-02,2333,1.3115750448110646,0.0831547363909129,0.8752678954136305,566.76,MID,False,UP,CHARGING,MID,UP
2025-05-05,2317,1.2336294760644906,0.0871817004747518,0.3362106171773845,563.51,MID,False,DOWN,CHARGING,HI,UP
2025-05-06,2324,1.2146133439882916,0.0826161790017211,0.3373493975903614,558.8,MID,False,DOWN,CHARGING,MID,UP
2025-05-07,2331,1.231408921554415,0.0776490776490776,0.6018876018876019,561.15,MID,False,UP,CHARGING,MID,UP
2025-05-08,2347,1.2246678812714114,0.0830847890924584,0.7409458883681296,565.06,MID,False,UP,CHARGING,MID,UP
2025-05-09,2315,1.24240254866939,0.088120950323974,0.4898488120950324,564.34,MID,False,DOWN,CHARGING,MID,UP
2025-05-12,2394,1.438812552849298,0.0989974937343358,0.8487886382623224,582.99,MID,False,UP,CHARGING,MID,UP
2025-05-13,2350,1.2888479033269955,0.1131914893617021,0.585531914893617,586.84,MID,False,UP,DISCHARGING,MID,UP
2025-05-14,2360,1.3665299476635715,0.1296610169491525,0.3063559322033898,587.59,MID,False,DOWN,DISCHARGING,MID,UP
2025-05-15,2335,1.3658823542006886,0.1361884368308351,0.6312633832976445,590.46,MID,False,UP,DISCHARGING,MID,UP
2025-05-16,2357,1.3191474287268372,0.1357658039881205,0.7216801018243529,594.2,MID,False,UP,DISCHARGING,MID,UP
2025-05-19,2329,1.2222882677877278,0.1249463288965221,0.4293688278231,594.85,MID,False,DOWN,DISCHARGING,HI,UP
2025-05-20,2320,1.2458294366516065,0.1133620689655172,0.4168103448275862,592.85,MID,False,DOWN,DISCHARGING,HI,UP
2025-05-21,2334,1.2508610334059815,0.1062553556126821,0.0814053127677806,582.86,MID,False,DOWN,DISCHARGING,HI,UP
2025-05-22,2311,1.151327283915858,0.0969277369104283,0.4154045867589788,583.09,MID,False,DOWN,DISCHARGING,MID,UP
2025-05-23,2322,1.1653599053870929,0.0895779500430663,0.3819982773471145,579.11,MID,False,DOWN,DISCHARGING,HI,UP
2025-05-27,2355,1.1596176393809272,0.0802547770700636,0.8861995753715499,591.15,MID,False,UP,DISCHARGING,MID,UP
2025-05-28,2314,0.9755253358281212,0.0652549697493517,0.2156439066551426,587.73,COOL,False,DOWN,DISCHARGING,MID,UP
2025-05-29,2317,0.8952114989550689,0.055675442382391,0.660336642209754,590.05,COOL,False,UP,DISCHARGING,HI,UP
2025-05-30,2351,0.8304070936270576,0.0489153551680136,0.3823904721395151,589.39,COOL,False,DOWN,DISCHARGING,MID,UP
2025-06-02,2382,0.8205824039505165,0.0436607892527288,0.4471032745591939,592.71,COOL,False,DOWN,DISCHARGING,MID,DOWN
2025-06-03,2364,0.8046105700154791,0.0406091370558375,0.7411167512690355,596.09,COOL,False,UP,DISCHARGING,MID,DOWN
2025-06-04,2339,0.7516505440666336,0.0393330483112441,0.4253954681487815,595.93,COOL,False,DOWN,DISCHARGING,MID,UP
2025-06-05,2355,0.6927727652302024,0.0377919320594479,0.4526539278131635,593.05,COOL,False,DOWN,DISCHARGING,MID,UP
2025-06-06,2354,0.6497550822175322,0.0378079864061172,0.8101104502973662,599.14,COOL,False,UP,DISCHARGING,MID,UP
2025-06-09,2380,0.6270697978451406,0.0373949579831932,0.6180672268907563,599.68,COOL,False,UP,DISCHARGING,MID,UP
2025-06-10,2372,0.6375783782539486,0.0354131534569983,0.6391231028667791,603.08,COOL,False,UP,DISCHARGING,MID,UP
2025-06-11,2400,0.6521350551816929,0.0358333333333333,0.365,601.36,COOL,False,DOWN,DISCHARGING,MID,DOWN
2025-06-12,2368,0.6441820844025404,0.0354729729729729,0.4797297297297297,603.75,COOL,False,DOWN,DISCHARGING,MID,DOWN
2025-06-13,2380,0.733984242935465,0.0352941176470588,0.15,597.0,COOL,False,DOWN,DISCHARGING,MID,DOWN
2025-06-16,2391,0.6528052037182694,0.0372229192806357,0.6905060644081974,602.68,COOL,False,UP,DISCHARGING,MID,DOWN
2025-06-17,2392,0.6538757596552895,0.0355351170568561,0.2274247491638795,597.53,COOL,False,DOWN,DISCHARGING,LO,DOWN
2025-06-18,2379,0.6062345536961489,0.0336275746111811,0.5615804960067255,597.44,COOL,False,UP,CHARGING,LO,DOWN
2025-06-20,2443,0.655665293628896,0.0327466230045026,0.4310274252967663,594.28,COOL,False,DOWN,CHARGING,MID,DOWN
2025-06-23,2400,0.757662789157809,0.0366666666666666,0.7183333333333334,600.15,COOL,False,UP,CHARGING,LO,DOWN
2025-06-24,2404,0.7919559131503997,0.0345257903494176,0.7658069883527454,606.78,COOL,False,UP,CHARGING,LO,DOWN
2025-06-25,2372,0.675947098356294,0.0337268128161888,0.2415682967959528,607.12,COOL,False,DOWN,CHARGING,LO,UP
2025-06-26,2384,0.6726138486335662,0.033976510067114,0.8116610738255033,611.87,COOL,False,UP,CHARGING,MID,DOWN
2025-06-27,2490,0.6674149521112932,0.0333333333333333,0.5590361445783133,614.91,COOL,False,UP,CHARGING,MID,UP
2025-06-30,2419,0.6941567763596992,0.0322447292269532,0.5398925175692435,617.85,COOL,False,UP,CHARGING,MID,UP
2025-07-01,2421,0.7929345876110283,0.0326311441553077,0.704667492771582,617.65,COOL,False,UP,CHARGING,MID,UP
2025-07-02,2425,0.7850758766527851,0.0325773195876288,0.7348453608247423,620.45,COOL,False,UP,CHARGING,MID,UP
2025-07-03,2292,0.8048691510383703,0.031413612565445,0.7238219895287958,625.34,COOL,False,UP,CHARGING,MID,UP
2025-07-07,2413,0.7905991278480999,0.0306672192291753,0.1902196435971819,620.68,COOL,False,DOWN,CHARGING,MID,UP
2025-07-08,2417,0.7837121966999354,0.0289615225486139,0.6181216383947041,620.34,COOL,False,UP,CHARGING,MID,UP
2025-07-09,2381,0.8068833389549568,0.0302393952120957,0.626627467450651,624.06,COOL,False,UP,CHARGING,MID,UP
2025-07-10,2396,0.857349237489087,0.0350584307178631,0.6648580968280468,625.82,COOL,False,UP,CHARGING,MID,UP
2025-07-11,2390,0.8466236937109437,0.0359832635983263,0.2238493723849372,623.62,COOL,False,DOWN,CHARGING,MID,UP
2025-07-14,2410,0.8614301391362489,0.0369294605809128,0.5842323651452282,624.81,COOL,False,UP,CHARGING,MID,UP
2025-07-15,2419,0.8855570220116813,0.0355518809425382,0.1368334022323274,622.14,COOL,False,DOWN,CHARGING,LO,UP
2025-07-16,2402,0.8639231750569059,0.0341382181515403,0.6952539550374688,624.22,COOL,False,UP,CHARGING,LO,UP
2025-07-17,2410,0.8161900106454788,0.0365145228215767,0.7311203319502074,628.04,COOL,False,UP,CHARGING,MID,UP
2025-07-18,2402,0.814820134021204,0.0395503746877602,0.3646960865945046,627.58,COOL,False,DOWN,CHARGING,MID,UP
2025-07-21,2383,0.7660503442717453,0.0402853545950482,0.4255140579101972,628.77,COOL,False,DOWN,CHARGING,MID,UP
2025-07-22,2411,0.8017577005550451,0.0385732061385317,0.7490667772708419,628.86,COOL,False,UP,CHARGING,MID,UP
2025-07-23,2408,0.8533266814805344,0.0386212624584717,0.7541528239202658,634.21,COOL,False,UP,DISCHARGING,MID,UP
2025-07-24,2401,0.7454861172834967,0.0374843815077051,0.273219491878384,634.42,COOL,False,DOWN,DISCHARGING,MID,UP
2025-07-25,2380,0.7237793900747137,0.0394957983193277,0.5915966386554622,637.1,COOL,False,UP,DISCHARGING,MID,UP
2025-07-28,2400,0.7222718702516258,0.03875,0.3541666666666667,636.94,COOL,False,DOWN,DISCHARGING,MID,UP
2025-07-29,2407,0.757162135085909,0.0394682176983797,0.3988367262152056,635.26,COOL,False,DOWN,DISCHARGING,MID,UP
2025-07-30,2413,0.7958977807482284,0.0410277662660588,0.2755905511811024,634.46,COOL,False,DOWN,DISCHARGING,HI,UP
2025-07-31,2420,0.8783272867266421,0.0504132231404958,0.2793388429752066,632.08,COOL,False,DOWN,DISCHARGING,MID,UP
2025-08-01,2426,1.0083579372281424,0.0556471558120362,0.2271228359439406,621.72,MID,False,DOWN,DISCHARGING,MID,DOWN
2025-08-04,2401,0.9063079203781726,0.0591420241566014,0.838817159516868,631.17,MID,False,UP,DISCHARGING,MID,DOWN
2025-08-05,2412,0.9454604624332166,0.0634328358208955,0.5451907131011609,627.97,MID,False,UP,DISCHARGING,HI,DOWN
2025-08-06,2389,1.0385514012009311,0.0761825031393888,0.4667224780242779,632.78,MID,False,DOWN,DISCHARGING,HI,DOWN
2025-08-07,2384,1.0845764688151789,0.0868288590604026,0.4500838926174497,632.25,MID,False,DOWN,DISCHARGING,HI,DOWN
2025-08-08,2390,1.0905150213960362,0.0945606694560669,0.5142259414225941,637.18,MID,False,UP,DISCHARGING,HI,DOWN
2025-08-11,2390,1.1157743643333975,0.1,0.396652719665272,635.92,MID,False,DOWN,DISCHARGING,MID,DOWN
2025-08-12,2430,1.1378240029195783,0.102880658436214,0.8629629629629629,642.69,MID,False,UP,DISCHARGING,MID,DOWN
2025-08-13,2441,1.2610286242581947,0.1081523965587873,0.8357230643179026,644.89,MID,False,UP,DISCHARGING,HI,DOWN
2025-08-14,2408,1.1074195148366104,0.1079734219269103,0.2284053156146179,644.95,MID,False,DOWN,DISCHARGING,MID,DOWN
2025-08-15,2446,1.1200170262356577,0.107113654946852,0.3916598528209321,643.44,MID,False,DOWN,DISCHARGING,HI,DOWN
2025-08-18,2394,1.1107102134225242,0.1098579782790309,0.545530492898914,643.3,MID,False,UP,DISCHARGING,HI,DOWN
2025-08-19,2395,1.0939282162535149,0.1081419624217119,0.5135699373695198,639.81,MID,False,UP,DISCHARGING,HI,DOWN
2025-08-20,2396,1.0583651290921074,0.10559265442404,0.4449081803005008,638.11,MID,False,DOWN,DISCHARGING,MID,DOWN
2025-08-21,2382,1.10235377298592,0.1015952980688497,0.4890848026868178,635.55,MID,False,DOWN,DISCHARGING,MID,DOWN
2025-08-22,2471,1.2356370593752195,0.0959125859975718,0.9125859975718332,645.31,MID,False,UP,DISCHARGING,MID,DOWN
2025-08-25,2403,1.10303133132897,0.0911360799001248,0.2205576362879733,642.47,MID,False,DOWN,DISCHARGING,LO,DOWN
2025-08-26,2422,0.950355140473016,0.0829892650701899,0.5813377374071016,645.16,MID,False,UP,DISCHARGING,MID,DOWN
2025-08-27,2409,0.926439057077432,0.0755500207555002,0.6629306766293067,646.63,MID,False,UP,DISCHARGING,MID,DOWN
2025-08-28,2408,0.9411415792391238,0.0710132890365448,0.4684385382059801,648.92,MID,False,DOWN,DISCHARGING,MID,DOWN
2025-08-29,2409,0.9171705339390944,0.0606060606060606,0.4595267745952677,645.05,MID,False,DOWN,DISCHARGING,MID,DOWN
2025-09-02,2442,0.9415154726205208,0.0589680589680589,0.2817362817362817,640.27,MID,False,DOWN,DISCHARGING,MID,DOWN
2025-09-03,2431,0.8483158518098479,0.0468942821883998,0.4537227478403949,643.74,COOL,False,DOWN,DISCHARGING,MID,DOWN
2025-09-04,2426,0.8494848367866066,0.0432811211871393,0.7304204451772465,649.12,COOL,False,UP,DISCHARGING,LO,DOWN
2025-09-05,2437,0.8669109354553804,0.0422650800164136,0.5707837505129257,647.24,COOL,False,UP,DISCHARGING,LO,DOWN
2025-09-08,2441,0.7607195014765601,0.0434248258910282,0.4887341253584596,648.83,COOL,False,DOWN,CHARGING,LO,UP
2025-09-09,2418,0.7063615457957286,0.042597187758478,0.3391232423490488,650.33,COOL,False,DOWN,CHARGING,LO,UP
2025-09-10,2424,0.7138176221806235,0.0462046204620462,0.4047029702970297,652.21,COOL,False,DOWN,CHARGING,MID,UP
2025-09-11,2452,0.7464117362342075,0.048531810766721,0.8446166394779772,657.63,COOL,False,UP,CHARGING,LO,UP
2025-09-12,2413,0.7127053800593841,0.049730625777041,0.2163282221301284,657.41,COOL,False,DOWN,CHARGING,MID,UP
2025-09-15,2446,0.6838462016822461,0.0478331970564186,0.473017170891251,660.91,COOL,False,DOWN,CHARGING,MID,UP
2025-09-16,2451,0.7343649383294139,0.0509995920032639,0.4149326805385557,660.0,COOL,False,DOWN,CHARGING,MID,UP
2025-09-17,2487,0.7047366564619453,0.0498592681946119,0.5186972255729795,659.18,COOL,False,UP,CHARGING,MID,UP
2025-09-18,2482,0.7479002474212932,0.0503626107977437,0.7594681708299759,662.26,COOL,False,UP,CHARGING,MID,DOWN
2025-09-19,2554,0.7398093643031203,0.0493343774471417,0.2748629600626468,663.7,COOL,False,DOWN,CHARGING,MID,UP
2025-09-22,2484,0.7525431988849846,0.0527375201288244,0.5322061191626409,666.84,COOL,False,UP,CHARGING,MID,UP
2025-09-23,2458,0.7208008712306624,0.0557363710333604,0.435313262815297,663.21,COOL,False,DOWN,CHARGING,MID,UP
2025-09-24,2439,0.7197924680890785,0.059450594505945,0.3858138581385814,661.1,COOL,False,DOWN,CHARGING,MID,UP
2025-09-25,2432,0.8077072822139817,0.0600328947368421,0.2685032894736842,658.05,COOL,False,DOWN,CHARGING,MID,DOWN
2025-09-26,2436,0.7374778445789787,0.0587027914614121,0.7577996715927751,661.82,COOL,False,UP,CHARGING,MID,DOWN
2025-09-29,2449,0.7649185914717501,0.0592078399346672,0.4663127807268273,663.68,COOL,False,DOWN,CHARGING,MID,DOWN
2025-09-30,2468,0.7882199117854201,0.0575364667747163,0.5109400324149108,666.18,COOL,False,UP,CHARGING,HI,UP
2025-10-01,2477,0.8133215833013279,0.0609608397254743,0.477190149374243,668.45,COOL,False,DOWN,CHARGING,MID,UP
2025-10-02,2461,0.8325791979848742,0.0621698496546119,0.5318976026005688,669.22,MID,False,UP,CHARGING,HI,UP
2025-10-03,2457,0.8199175349225207,0.0582010582010582,0.6393976393976394,669.21,MID,False,UP,CHARGING,MID,UP
2025-10-06,2493,0.8287203790390049,0.0613718411552346,0.4733253108704372,671.61,MID,False,DOWN,CHARGING,MID,UP
2025-10-07,2476,0.8628334398151924,0.0634087237479806,0.2673667205169628,669.12,MID,False,DOWN,CHARGING,MID,UP
2025-10-08,2445,0.8535581547977632,0.0719836400817996,0.6110429447852761,673.11,MID,False,UP,CHARGING,MID,UP
2025-10-09,2458,0.9069456199691228,0.0744507729861676,0.2595606183889341,671.16,MID,False,DOWN,CHARGING,MID,UP
2025-10-10,2491,1.0691027894971472,0.0750702529104777,0.1019670814933761,653.02,MID,False,DOWN,CHARGING,MID,UP
2025-10-13,2473,0.9888699779397564,0.0703598867771937,0.7917509098261222,663.04,MID,False,UP,CHARGING,LO,UP
2025-10-14,2497,1.031593691280329,0.0696836203444132,0.7260712855426512,662.23,MID,False,UP,CHARGING,LO,UP
2025-10-15,2476,1.099630363588196,0.0743134087237479,0.5726978998384491,665.17,MID,False,UP,DISCHARGING,MID,UP
2025-10-16,2492,1.0401851451714124,0.0742375601926163,0.2800963081861958,660.64,MID,False,DOWN,DISCHARGING,MID,UP
2025-10-17,2479,1.0420815591997052,0.0766438079870915,0.536103267446551,664.39,MID,False,UP,DISCHARGING,MID,UP
2025-10-20,2464,0.9341705242055977,0.067775974025974,0.8287337662337663,671.3,MID,False,UP,DISCHARGING,MID,UP
2025-10-21,2442,0.907755078464098,0.07002457002457,0.5573300573300574,671.29,MID,False,UP,DISCHARGING,MID,UP
2025-10-22,2469,0.9157426330574948,0.0639935196435804,0.3876063183475091,667.8,MID,False,DOWN,DISCHARGING,MID,UP
2025-10-23,2448,0.9224590094999776,0.059640522875817,0.625,671.76,MID,False,UP,DISCHARGING,HI,UP
2025-10-24,2438,0.9049508852084304,0.0582444626743232,0.6164889253486464,677.25,MID,False,UP,DISCHARGING,MID,UP
2025-10-27,2465,0.8700901591775105,0.0612576064908722,0.5387423935091278,685.24,MID,False,UP,DISCHARGING,HI,UP
2025-10-28,2453,0.9189867951405744,0.0631879331430901,0.3379535262943334,687.06,MID,False,DOWN,DISCHARGING,HI,UP
2025-10-29,2482,1.0275211357964138,0.0701047542304593,0.2602739726027397,687.39,MID,False,DOWN,DISCHARGING,MID,UP
2025-10-30,2454,1.013616235672187,0.0770171149144254,0.3793806030969845,679.83,MID,False,DOWN,DISCHARGING,MID,UP
2025-10-31,2464,0.9584541476377836,0.080762987012987,0.5620941558441559,682.06,MID,False,UP,DISCHARGING,HI,UP
2025-11-03,2472,0.995024857118582,0.0841423948220064,0.4530744336569579,683.34,MID,False,DOWN,DISCHARGING,HI,UP
2025-11-04,2464,1.0990505582797825,0.0986201298701298,0.3149350649350649,675.24,MID,False,DOWN,DISCHARGING,HI,DOWN
2025-11-05,2467,1.1436753103613695,0.1057965139845966,0.6858532630725578,677.58,MID,False,UP,DISCHARGING,HI,DOWN
2025-11-06,2444,1.2497302100972694,0.1227495908346972,0.2810965630114566,670.31,MID,False,DOWN,DISCHARGING,HI,DOWN
2025-11-07,2459,1.2744585796429548,0.1256608377389182,0.6636844245628304,670.97,MID,False,UP,DISCHARGING,HI,DOWN
2025-11-10,2453,1.2380619271287172,0.1316754993885038,0.6473705666530779,681.44,MID,False,UP,DISCHARGING,HI,UP
2025-11-11,2455,1.1933742362556898,0.1319755600814664,0.6329938900203665,683.0,MID,False,UP,DISCHARGING,HI,UP
2025-11-12,2458,1.2331546377695064,0.1358828315703824,0.5268510984540277,683.38,MID,False,UP,DISCHARGING,HI,DOWN
2025-11-13,2466,1.2039438692550395,0.140713706407137,0.2080291970802919,672.04,MID,False,DOWN,DISCHARGING,HI,DOWN
2025-11-14,2445,1.2377995401417183,0.1505112474437628,0.4077709611451943,671.93,MID,False,DOWN,DISCHARGING,HI,DOWN
2025-11-17,2456,1.2479392521630512,0.1445439739413681,0.1640879478827361,665.67,MID,False,DOWN,DISCHARGING,HI,DOWN
2025-11-18,2439,1.2572144176789652,0.1426814268142681,0.5625256252562526,660.08,MID,False,UP,DISCHARGING,MID,DOWN
2025-11-19,2441,1.1700328591540663,0.1405161818926669,0.4268742318721835,662.63,MID,False,DOWN,DISCHARGING,MID,DOWN
2025-11-20,2457,1.2701192473984446,0.1408221408221408,0.2401302401302401,652.53,MID,False,DOWN,DISCHARGING,HI,DOWN
2025-11-21,2475,1.305206301014741,0.1454545454545454,0.888080808080808,659.03,MID,False,UP,DISCHARGING,MID,DOWN
2025-11-24,2462,1.1612234943656927,0.1332250203086921,0.5970755483346872,668.73,MID,False,UP,DISCHARGING,MID,DOWN
2025-11-25,2488,1.142035352601186,0.1157556270096463,0.8545016077170418,675.02,MID,False,UP,DISCHARGING,MID,DOWN
2025-11-26,2455,1.0440215503183643,0.1067209775967413,0.6578411405295316,679.68,MID,False,UP,DISCHARGING,MID,DOWN
2025-11-28,2315,1.011774222791896,0.1032397408207343,0.6401727861771058,683.39,MID,False,UP,DISCHARGING,MID,DOWN
2025-12-01,2475,0.978540266931295,0.0905050505050505,0.3498989898989899,680.27,MID,False,DOWN,DISCHARGING,HI,UP
2025-12-02,2450,0.9801103305940646,0.0795918367346938,0.4351020408163265,681.53,MID,False,DOWN,DISCHARGING,MID,DOWN
2025-12-03,2480,1.0225836937727235,0.0689516129032258,0.7536290322580645,683.89,MID,False,UP,DISCHARGING,HI,DOWN
2025-12-04,2467,1.0052223905521287,0.0737738143494122,0.5127685447912445,684.39,MID,False,UP,DISCHARGING,HI,UP
2025-12-05,2454,0.991978051306564,0.069682151589242,0.4592502037489812,685.69,MID,False,DOWN,CHARGING,MID,UP
2025-12-08,2474,1.0070565569579544,0.0679062247372675,0.3852061438965238,683.63,MID,False,DOWN,CHARGING,MID,UP
2025-12-09,2482,1.0243616957998998,0.0701047542304593,0.5366639806607575,683.04,MID,False,UP,CHARGING,MID,UP
2025-12-10,2542,1.1150808714844578,0.074744295830055,0.7659323367427223,687.57,MID,False,UP,CHARGING,MID,DOWN
2025-12-11,2513,1.1596718569847324,0.0887385594906486,0.6908077994428969,689.17,MID,False,UP,CHARGING,MID,UP
2025-12-12,2502,1.123099785692558,0.0919264588329336,0.3669064748201439,681.76,MID,False,DOWN,CHARGING,MID,UP
2025-12-15,2504,1.1582246289104343,0.0898562300319488,0.4424920127795527,680.73,MID,False,DOWN,CHARGING,MID,UP
2025-12-16,2498,1.1655472013209909,0.0844675740592474,0.344275420336269,678.87,MID,False,DOWN,CHARGING,MID,UP
2025-12-17,2480,1.1135992360501326,0.0802419354838709,0.4604838709677419,671.4,MID,False,DOWN,CHARGING,MID,UP
2025-12-18,2499,1.0677547588586336,0.070828331332533,0.5898359343737495,676.47,MID,False,UP,CHARGING,MID,DOWN
2025-12-19,2549,0.9923552078496244,0.0651235778736759,0.5362887406826207,680.59,MID,False,UP,CHARGING,MID,UP
2025-12-22,2495,0.9245551182448516,0.0609218436873747,0.6945891783567134,684.83,MID,False,UP,CHARGING,MID,UP
2025-12-23,2466,0.8515149820449688,0.0535279805352798,0.3686131386861314,687.96,MID,False,DOWN,CHARGING,MID,UP
2025-12-24,2289,0.7632323632210838,0.0519877675840978,0.6697247706422018,690.38,COOL,False,UP,CHARGING,MID,UP
2025-12-26,2399,0.7022367893165267,0.0504376823676531,0.4897874114214255,690.31,COOL,False,DOWN,CHARGING,MID,UP
2025-12-29,2454,0.6945765794076403,0.0476772616136919,0.3288508557457212,687.85,COOL,False,DOWN,CHARGING,MID,DOWN
2025-12-30,2463,0.6685732750845392,0.0406008932196508,0.3386114494518879,687.01,COOL,False,DOWN,CHARGING,MID,DOWN
2025-12-31,2462,0.693107410523361,0.0385865150284321,0.1661251015434606,681.92,COOL,False,DOWN,CHARGING,HI,DOWN
2026-01-02,2475,0.7814420652748967,0.0371717171717171,0.6048484848484849,683.17,COOL,False,UP,CHARGING,MID,DOWN
2026-01-05,2505,0.8594619026722754,0.0375249500998004,0.7117764471057885,687.72,MID,False,UP,CHARGING,LO,DOWN
2026-01-06,2500,0.845286186822946,0.0392,0.6972,691.81,MID,False,UP,CHARGING,MID,DOWN
2026-01-07,2484,0.8921423758323835,0.039049919484702,0.3333333333333333,689.58,MID,False,DOWN,CHARGING,MID,DOWN
2026-01-08,2498,0.8825025696005345,0.0384307445956765,0.6897518014411529,689.51,MID,False,UP,CHARGING,MID,DOWN
2026-01-09,2480,0.8630300562005064,0.0391129032258064,0.55,694.07,MID,False,UP,CHARGING,LO,DOWN
2026-01-12,2489,0.7942650884209249,0.0445962233828846,0.5343511450381679,695.16,COOL,False,UP,CHARGING,MID,DOWN
2026-01-13,2475,0.8245625756955036,0.0521212121212121,0.4593939393939394,693.77,MID,False,DOWN,CHARGING,MID,DOWN
2026-01-14,2508,0.8906236587968648,0.0598086124401913,0.6407496012759171,690.36,MID,False,UP,CHARGING,HI,DOWN
2026-01-15,2515,0.9685379673568228,0.0679920477137177,0.65168986083499,692.24,MID,False,UP,CHARGING,MID,DOWN
2026-01-16,2513,1.014894189554136,0.0803820135296458,0.3923597294070832,691.66,MID,False,DOWN,CHARGING,HI,UP
2026-01-20,2516,1.1840988690306775,0.0930047694753577,0.2372813990461049,677.58,MID,False,DOWN,CHARGING,HI,UP
2026-01-21,2532,1.1372594433362466,0.0959715639810426,0.8151658767772512,685.4,MID,False,UP,DISCHARGING,MID,UP
2026-01-22,2529,1.2687819267546725,0.1067615658362989,0.6069592724396995,688.98,HOT,False,UP,DISCHARGING,HI,UP
2026-01-23,2495,1.2302291498593176,0.1142284569138276,0.2929859719438877,689.23,MID,False,DOWN,DISCHARGING,HI,UP
2026-01-26,2504,1.189859522878406,0.1162140575079872,0.5223642172523961,692.73,MID,False,UP,DISCHARGING,HI,UP
2026-01-27,2492,1.1989020665326264,0.1215890850722311,0.5184590690208668,695.49,MID,False,UP,DISCHARGING,HI,UP
2026-01-28,2506,1.253134371336004,0.1229050279329608,0.3308060654429369,695.42,MID,False,DOWN,DISCHARGING,HI,UP
2026-01-29,2499,1.2616138522652114,0.1256502601040416,0.5922368947579032,694.04,HOT,False,UP,DISCHARGING,HI,UP
2026-01-30,2517,1.20355605189063,0.1132300357568533,0.3802145411203814,691.97,MID,False,DOWN,CHARGING,MID,UP
2026-02-02,2530,1.2309228178482048,0.1094861660079051,0.6505928853754941,695.41,MID,False,UP,DISCHARGING,MID,UP
2026-02-03,2530,1.2957464353703232,0.11699604743083,0.5557312252964427,689.53,HOT,False,UP,DISCHARGING,MID,UP
2026-02-04,2528,1.4733997753530663,0.127373417721519,0.6064082278481012,686.19,HOT,False,UP,DISCHARGING,MID,UP
2026-02-05,2506,1.5034653721312723,0.1428571428571428,0.3176376695929768,677.62,HOT,False,DOWN,DISCHARGING,MID,UP
2026-02-06,2530,1.5209673106196964,0.1407114624505928,0.841501976284585,690.62,HOT,False,UP,DISCHARGING,HI,UP
2026-02-09,2511,1.4948713066988415,0.1437674233373158,0.5316606929510155,693.95,HOT,False,UP,DISCHARGING,HI,UP
2026-02-10,2508,1.566829260307943,0.1598883572567783,0.543859649122807,692.12,HOT,False,UP,DISCHARGING,HI,UP
2026-02-11,2509,1.6762895818530352,0.1793543244320446,0.4603427660422479,691.96,HOT,False,DOWN,DISCHARGING,HI,UP
2026-02-12,2508,1.8365583566641648,0.2093301435406698,0.2444178628389154,681.27,HOT,False,DOWN,DISCHARGING,HI,DOWN
2026-02-13,2481,1.849454442588744,0.2168480451430874,0.6989117291414753,681.75,HOT,False,UP,DISCHARGING,HI,DOWN
2026-02-17,2487,1.7981421759866472,0.2131081624447125,0.4869320466425412,682.85,HOT,False,DOWN,DISCHARGING,HI,DOWN
2026-02-18,2484,1.7755060700455754,0.2125603864734299,0.5885668276972624,686.29,HOT,False,UP,DISCHARGING,HI,DOWN
2026-02-19,2499,1.7774957790892671,0.2116846738695478,0.4849939975990396,684.48,HOT,False,DOWN,DISCHARGING,HI,DOWN
2026-02-20,2506,1.7772924414281066,0.2086991221069433,0.6121308858739026,689.43,HOT,False,UP,DISCHARGING,HI,DOWN
2026-02-23,2507,1.88564186420554,0.2070203430394894,0.2708416433984842,682.39,HOT,False,DOWN,DISCHARGING,HI,DOWN
2026-02-24,2507,1.8670384342427555,0.2030315117670522,0.7060231352213802,687.35,HOT,False,UP,DISCHARGING,HI,DOWN
2026-02-25,2494,1.7556251767705002,0.198075380914194,0.578588612670409,693.15,HOT,False,UP,DISCHARGING,HI,DOWN
2026-02-26,2511,1.7444917756205047,0.1839904420549581,0.6431700517722023,689.3,HOT,False,UP,DISCHARGING,HI,DOWN
2026-02-27,2511,1.675212031934339,0.1744324970131421,0.379131819992035,685.99,HOT,False,DOWN,DISCHARGING,HI,DOWN
2026-03-02,2523,1.646208244603626,0.1597304795877923,0.5584621482362268,686.38,HOT,False,UP,DISCHARGING,HI,DOWN
2026-03-03,2509,1.5779420406541111,0.1594260661618174,0.2754085292945397,680.33,HOT,False,DOWN,DISCHARGING,HI,UP
2026-03-04,2513,1.5457203542612887,0.1388778352566653,0.6370871468364505,685.13,HOT,False,UP,DISCHARGING,HI,DOWN
2026-03-05,2520,1.45541456900446,0.1361111111111111,0.244047619047619,681.31,HOT,False,DOWN,DISCHARGING,HI,UP
2026-03-06,2524,1.5889616776420987,0.1370839936608557,0.2242472266244057,672.38,HOT,False,DOWN,DISCHARGING,HI,UP
2026-03-09,2542,1.648395975893005,0.1435877261998426,0.510228166797797,678.27,HOT,False,UP,DISCHARGING,MID,UP
2026-03-10,2533,1.6090691224532698,0.1421239636794315,0.4026845637583892,677.18,HOT,False,DOWN,DISCHARGING,HI,UP
2026-03-11,2498,1.481718121408796,0.1349079263410728,0.3642914331465172,676.33,HOT,False,DOWN,DISCHARGING,HI,DOWN
2026-03-12,2496,1.5708686389764612,0.1514423076923076,0.2023237179487179,666.06,HOT,False,DOWN,DISCHARGING,HI,DOWN
2026-03-13,2498,1.527869543709628,0.1597277822257806,0.4023218574859888,662.29,HOT,False,DOWN,DISCHARGING,MID,DOWN
2026-03-16,2505,1.4675171806401872,0.1580838323353293,0.704191616766467,669.03,HOT,False,UP,DISCHARGING,MID,DOWN
2026-03-17,2521,1.465361067911184,0.1642205474018246,0.627925426418088,670.79,HOT,False,UP,DISCHARGING,MID,DOWN
2026-03-18,2508,1.4918524566304456,0.1614832535885167,0.1690590111642743,661.43,HOT,False,DOWN,DISCHARGING,MID,DOWN
2026-03-19,2505,1.5262237553668867,0.1760479041916167,0.5409181636726547,659.8,HOT,False,UP,DISCHARGING,MID,DOWN
2026-03-20,2530,1.600225987241991,0.175494071146245,0.167193675889328,648.57,HOT,False,DOWN,DISCHARGING,MID,DOWN
2026-03-23,2517,1.5392924671427477,0.1664680174811283,0.8339292808899483,655.38,HOT,False,UP,CHARGING,MID,DOWN
2026-03-24,2497,1.4649964203394883,0.1565879054865839,0.5558670404485383,653.18,HOT,False,UP,DISCHARGING,HI,DOWN
2026-03-25,2494,1.446364347582949,0.1391339214113873,0.6824378508420208,656.82,HOT,False,UP,DISCHARGING,HI,DOWN
2026-03-26,2474,1.2129677138118955,0.1188358932902182,0.3629749393694422,645.09,MID,False,DOWN,CHARGING,MID,DOWN
2026-03-27,2471,1.2203355864507066,0.1023876972885471,0.1780655605018211,634.09,MID,False,DOWN,CHARGING,HI,DOWN
2026-03-30,2481,1.152619689909625,0.0959290608625554,0.5034260378879484,631.97,MID,False,UP,CHARGING,MID,DOWN
2026-03-31,2507,1.1209400628581516,0.0849621061029118,0.8444355803749501,650.34,MID,False,UP,CHARGING,MID,DOWN
2026-04-01,2489,1.1169407976103007,0.0847730012053033,0.6376054640417839,655.24,MID,False,UP,CHARGING,MID,DOWN
2026-04-02,2475,0.9823993485784918,0.0747474747474747,0.6008080808080808,655.83,MID,False,UP,CHARGING,MID,DOWN
2026-04-06,2483,0.90939457245034,0.0680628272251308,0.6314941602899719,658.93,MID,False,UP,CHARGING,MID,DOWN
2026-04-07,2489,0.9874985153205704,0.0699075934110084,0.4825231016472479,659.22,MID,False,DOWN,CHARGING,MID,DOWN
2026-04-08,2518,1.2441084691950088,0.0806195393169181,0.8133439237490071,676.01,MID,False,UP,CHARGING,MID,DOWN
2026-04-09,2502,1.0995958220074042,0.0611510791366906,0.60431654676259,679.91,MID,False,UP,CHARGING,LO,DOWN
2026-04-10,2474,1.171075482103098,0.0715440582053354,0.3581244947453517,679.46,MID,False,DOWN,CHARGING,MID,UP
2026-04-13,2502,1.1935572523869888,0.0787370103916866,0.7442046362909672,686.1,MID,False,UP,CHARGING,MID,UP
2026-04-14,2520,1.2172750278516722,0.0956349206349206,0.6138888888888889,694.46,MID,False,UP,CHARGING,MID,UP
2026-04-15,2502,1.1914776290430622,0.1075139888089528,0.5007993605115907,699.94,MID,False,UP,CHARGING,HI,UP
2026-04-16,2515,1.301860030816036,0.1232604373757455,0.5244532803180915,701.66,MID,False,UP,CHARGING,HI,UP
2026-04-17,2552,1.420555731848037,0.1414576802507837,0.8056426332288401,710.14,HOT,False,UP,CHARGING,MID,UP
2026-04-20,2520,1.307928091699286,0.1361111111111111,0.5531746031746032,708.72,MID,False,UP,CHARGING,MID,UP
2026-04-21,2512,1.4012319402167497,0.1449044585987261,0.2925955414012738,704.08,HOT,False,DOWN,CHARGING,HI,UP
2026-04-22,2516,1.439324467031418,0.1482511923688394,0.5186804451510334,711.21,HOT,False,UP,CHARGING,HI,UP
2026-04-23,2488,1.4729676914186585,0.1591639871382636,0.4505627009646302,708.45,HOT,False,DOWN,CHARGING,HI,UP
2026-04-24,2496,1.3824678217438928,0.156650641025641,0.5124198717948718,713.94,HOT,False,UP,CHARGING,HI,UP
2026-04-27,2499,1.3165382111441633,0.141656662665066,0.5270108043217286,715.17,HOT,False,UP,CHARGING,HI,UP
2026-04-28,2499,1.314577553837351,0.1336534613845538,0.4565826330532213,711.69,HOT,False,DOWN,CHARGING,HI,UP
2026-04-29,2491,1.3472638682982965,0.1328783621035728,0.2782015254917703,711.58,HOT,False,DOWN,CHARGING,HI,UP
2026-04-30,2513,1.3312215288068812,0.126541981695185,0.7719856744926383,718.66,HOT,False,UP,CHARGING,HI,UP
2026-05-01,2513,1.2733915312578852,0.1229606048547552,0.4938320732192598,720.65,MID,False,DOWN,CHARGING,HI,UP
2026-05-04,2530,1.2275092348557135,0.1209486166007905,0.3324110671936759,718.01,MID,False,DOWN,CHARGING,HI,UP
2026-05-05,2524,1.224669959959363,0.1283676703645007,0.6826465927099842,723.77,MID,False,UP,CHARGING,HI,UP
2026-05-06,2534,1.3736209132814885,0.1404893449092344,0.6424625098658248,733.83,HOT,False,UP,CHARGING,HI,UP
2026-05-07,2537,1.334338090986963,0.1430823807646827,0.3657863618446985,731.58,HOT,False,DOWN,DISCHARGING,HI,UP
2026-05-08,2524,1.3020373347485006,0.1485736925515055,0.5253565768621236,737.62,MID,False,UP,DISCHARGING,HI,UP
2026-05-11,2539,1.314143887780805,0.1453328081922016,0.3666797951949586,739.3,HOT,False,DOWN,DISCHARGING,HI,UP
2026-05-12,2524,1.288058877393937,0.1537242472266244,0.3882725832012678,738.18,MID,False,DOWN,DISCHARGING,HI,DOWN
2026-05-13,2528,1.320835465127807,0.1609968354430379,0.367879746835443,742.31,HOT,False,DOWN,DISCHARGING,HI,DOWN
2026-05-14,2503,1.3774606299460772,0.1689972033559728,0.5948861366360367,748.17,HOT,False,UP,DISCHARGING,MID,DOWN
2026-05-15,2515,1.3946300366873396,0.1673956262425447,0.2306163021868787,739.17,HOT,False,DOWN,DISCHARGING,MID,UP
2026-05-18,2506,1.3247500345664305,0.1612130885873902,0.6396648044692738,738.65,HOT,False,UP,DISCHARGING,HI,DOWN
2026-05-19,2498,1.4032159223583938,0.1673338670936749,0.3038430744595676,733.73,HOT,False,DOWN,DISCHARGING,HI,DOWN
2026-05-20,2514,1.3044306921846682,0.1567223548130469,0.7836117740652346,741.25,MID,False,UP,DISCHARGING,MID,DOWN
2026-05-21,2520,1.2412369665618708,0.148015873015873,0.5801587301587302,742.72,MID,False,UP,DISCHARGING,MID,DOWN
2026-05-22,2506,1.2706294477160465,0.1452513966480447,0.577414205905826,745.64,MID,False,UP,DISCHARGING,MID,DOWN
2026-05-26,2526,1.2473968982764363,0.1393507521773555,0.6603325415676959,750.59,MID,False,UP,DISCHARGING,MID,DOWN
2026-05-27,2521,1.2480538917796,0.135263784212614,0.4708449028163427,750.46,MID,False,DOWN,DISCHARGING,MID,DOWN
2026-05-28,2517,1.1860506442966938,0.1307111640842272,0.5379419944378228,754.6,MID,False,UP,DISCHARGING,MID,DOWN
2026-05-29,2531,1.23384331328925,0.1303832477281706,0.3970762544448834,756.48,MID,False,DOWN,DISCHARGING,MID,UP
2026-06-01,2549,1.3743737610235982,0.1310317771675166,0.4374264417418596,758.54,HOT,False,DOWN,DISCHARGING,MID,DOWN
2026-06-02,2514,1.3166692318545716,0.1316626889419252,0.5330151153540175,759.57,HOT,False,UP,DISCHARGING,LO,DOWN
2026-06-03,2522,1.333813994010411,0.1284694686756542,0.2930214115781126,754.24,HOT,False,DOWN,DISCHARGING,MID,UP
2026-06-04,2509,1.268217721690057,0.1227580709445994,0.7134316460741331,757.09,MID,False,UP,DISCHARGING,MID,DOWN
2026-06-05,2499,1.2192490869902797,0.1236494597839135,0.3569427771108443,737.55,MID,False,DOWN,DISCHARGING,MID,DOWN
2026-06-08,2489,1.1710486201153194,0.1173161912414624,0.4901566894335074,739.22,MID,False,DOWN,DISCHARGING,MID,DOWN
2026-06-09,2500,1.2003924401581672,0.1196,0.6756,737.05,MID,False,UP,CHARGING,HI,DOWN
2026-06-10,2492,1.23844077643232,0.1215890850722311,0.4065008025682183,725.43,MID,False,DOWN,CHARGING,HI,UP
2026-06-11,2516,1.2455724232214251,0.1144674085850556,0.7205882352941176,737.76,MID,False,UP,CHARGING,HI,UP
2026-06-12,2505,1.2894398604163635,0.1153692614770459,0.7005988023952096,741.75,MID,False,UP,CHARGING,HI,UP
2026-06-15,2521,1.3046803802374372,0.1193970646568821,0.4736215787385958,754.83,MID,False,DOWN,CHARGING,HI,UP
2026-06-16,2515,1.2362938162325878,0.1165009940357852,0.4846918489065606,750.33,MID,False,DOWN,CHARGING,MID,UP
2026-06-17,2527,1.2804336228341873,0.1088246933122279,0.2508903838543728,740.96,MID,False,DOWN,CHARGING,HI,UP
2026-06-18,2551,1.2365524787667914,0.1042728341826734,0.6456291650333202,746.74,MID,False,UP,CHARGING,HI,UP
2026-06-22,2527,1.2180232454859792,0.1064503363672338,0.4887218045112781,744.39,MID,False,DOWN,CHARGING,MID,UP
2026-06-23,2521,1.2055823934355934,0.10710035700119,0.5517651725505752,733.58,MID,False,UP,CHARGING,HI,UP
2026-06-24,2524,1.2841032880490564,0.1077654516640253,0.6065768621236133,733.24,MID,False,UP,CHARGING,HI,UP
2026-06-25,2509,1.3066296786919538,0.1207652451175767,0.5934635312873655,734.3,MID,False,UP,CHARGING,HI,UP
2026-06-26,2558,1.416489616017535,0.1333072713057075,0.7150117279124316,728.99,HOT,False,UP,CHARGING,HI,UP
2026-06-29,2538,1.4304848965897403,0.1418439716312056,0.4732072498029945,741.0,HOT,False,DOWN,CHARGING,HI,UP
2026-06-30,2512,1.4240744866409591,0.1449044585987261,0.4848726114649681,746.77,HOT,False,DOWN,CHARGING,HI,UP
2026-07-01,2525,1.467481444566073,0.1497029702970297,0.5413861386138614,745.76,HOT,False,UP,CHARGING,MID,UP
2026-07-02,2518,1.492776163614479,0.1517077045274027,0.5698967434471803,744.78,HOT,False,UP,CHARGING,MID,UP
2026-07-06,2521,1.4552832668322797,0.1491471638238794,0.5307417691392304,751.28,HOT,False,UP,CHARGING,MID,UP
2026-07-07,2512,1.4902844806983315,0.151671974522293,0.4371019108280254,747.71,HOT,False,DOWN,CHARGING,MID,UP
2026-07-08,2512,1.517276711900258,0.1568471337579617,0.2921974522292994,745.4,HOT,False,DOWN,CHARGING,MID,UP
2026-07-09,2498,1.3599971315355754,0.1477181745396317,0.677341873498799,751.71,MID,False,UP,CHARGING,MID,UP
2026-07-10,2476,1.319148779856187,0.1425686591276252,0.5690630048465266,754.95,MID,False,UP,DISCHARGING,HI,UP
2026-07-13,2504,1.2794768204124978,0.1429712460063897,0.4776357827476038,749.17,MID,False,DOWN,DISCHARGING,HI,UP
2026-07-14,2497,1.2684636150380155,0.1281537845414497,0.5094112935522627,751.83,MID,False,UP,DISCHARGING,HI,UP
2026-07-15,2506,1.275626961369516,0.1245011971268954,0.5853950518754988,754.81,MID,False,UP,DISCHARGING,HI,UP
2026-07-16,2502,1.3906298143809148,0.1278976818545164,0.6290967226219025,750.72,HOT,False,UP,DISCHARGING,HI,DOWN
2026-07-17,2497,1.3309927386837968,0.1313576291549859,0.3171806167400881,743.29,MID,False,DOWN,DISCHARGING,HI,DOWN
2026-07-20,2492,1.1873337762596532,0.1147672552166934,0.3210272873194221,742.09,MID,False,DOWN,DISCHARGING,HI,DOWN
2026-07-21,2505,1.1301313319399922,0.1005988023952095,0.6015968063872256,748.28,MID,False,UP,DISCHARGING,HI,DOWN
2026-07-22,2498,1.1121051677151694,0.0940752602081665,0.4127301841473179,747.41,MID,False,DOWN,DISCHARGING,HI,DOWN
2026-07-23,2498,1.1512312331567311,0.0924739791833466,0.3418734987990392,738.18,MID,False,DOWN,DISCHARGING,HI,DOWN
2026-07-24,2476,1.041411702428188,0.0852180936995153,0.6183360258481422,738.93,MID,False,UP,DISCHARGING,HI,DOWN
2026-07-27,2486,1.045456566420817,0.084070796460177,0.6448109412711183,739.09,MID,False,UP,DISCHARGING,HI,DOWN
2026-07-28,2482,1.135872438731883,0.0854149879129734,0.645044319097502,740.86,MID,False,UP,DISCHARGING,HI,DOWN
2026-07-29,2484,1.171107577185905,0.0938003220611916,0.3337359098228663,729.46,MID,False,DOWN,DISCHARGING,HI,DOWN
2026-07-30,2466,1.1726027211857928,0.097323600973236,0.5004055150040552,741.69,MID,False,UP,DISCHARGING,HI,DOWN
2026-07-31,2477,1.157646013269096,0.0916431166733952,0.4380298748486071,747.03,MID,False,DOWN,DISCHARGING,HI,DOWN
2026-08-03,2502,1.1427442574833813,0.0931254996003197,0.7310151878497202,757.67,MID,False,UP,DISCHARGING,HI,DOWN
2026-08-04,2519,1.2029417434153165,0.1040095275903136,0.722111949186185,771.33,MID,False,UP,DISCHARGING,HI,DOWN
2026-08-05,2500,1.2778661005599194,0.1084,0.4036,769.79,MID,False,DOWN,DISCHARGING,HI,DOWN
2026-08-06,2509,1.3554481946510568,0.114388202471104,0.3937823834196891,768.56,MID,False,DOWN,DISCHARGING,HI,DOWN
2026-08-07,2508,1.3739721641930114,0.1216108452950558,0.6160287081339713,773.26,MID,False,UP,DISCHARGING,HI,DOWN
2026-08-10,2512,1.324903211458916,0.1234076433121019,0.3742038216560509,773.03,MID,False,DOWN,DISCHARGING,MID,DOWN
2026-08-11,2503,1.279428834807692,0.1310427487015581,0.5633240111865762,770.56,MID,False,UP,DISCHARGING,HI,DOWN
2026-08-12,2505,1.3261420841646967,0.1301397205588822,0.555688622754491,772.49,MID,False,UP,DISCHARGING,HI,DOWN
2026-08-13,2508,1.361948596611377,0.1423444976076555,0.604066985645933,777.88,MID,False,UP,DISCHARGING,MID,DOWN
2026-08-14,2495,1.3612667176340127,0.1422845691382765,0.544689378757515,776.34,MID,False,UP,DISCHARGING,MID,DOWN
2026-08-17,2503,1.3378227754876586,0.1394326807830603,0.3264083100279664,772.67,MID,False,DOWN,DISCHARGING,HI,DOWN
2026-08-18,2503,1.333788124323515,0.1394326807830603,0.3659608469836196,767.45,MID,False,DOWN,DISCHARGING,MID,DOWN
2026-08-19,2508,1.345569307716611,0.1355661881977671,0.5829346092503987,769.06,MID,False,UP,DISCHARGING,MID,DOWN
2026-08-20,2499,1.3108076631102037,0.1232492997198879,0.3237294917967186,762.6,MID,False,DOWN,DISCHARGING,MID,DOWN
2026-08-21,2506,1.1821574660464873,0.1153232242617717,0.6572226656025538,765.72,MID,False,UP,DISCHARGING,MID,DOWN
2026-08-24,2501,1.155952325480741,0.1099560175929628,0.4634146341463415,763.47,MID,False,DOWN,DISCHARGING,MID,DOWN
2026-08-25,2477,1.0815696339383492,0.1025433992733144,0.5127169963665724,765.91,MID,False,UP,DISCHARGING,MID,DOWN
2026-08-26,2478,1.01588929665971,0.0952380952380952,0.4725585149313963,766.08,MID,False,DOWN,DISCHARGING,MID,DOWN
2026-08-27,2486,1.0056289511626535,0.0921158487530169,0.4275945293644408,771.1,MID,False,DOWN,DISCHARGING,HI,UP
2026-08-28,2472,0.9722784501871136,0.0768608414239482,0.3871359223300971,769.35,MID,False,DOWN,DISCHARGING,HI,UP
2026-08-31,2494,0.9414922518861756,0.0649558941459502,0.3231756214915798,767.05,MID,False,DOWN,CHARGING,MID,UP
2026-09-01,2477,0.9672586194075544,0.0593459830440048,0.2858296326201049,761.78,MID,False,DOWN,,,
2026-09-02,2493,0.9286841163304632,0.0521460088247091,0.686321700762134,765.16,COOL,False,UP,,,
2026-09-03,2469,0.9496457009693956,0.0518428513568246,0.6342648845686513,773.17,MID,False,UP,,,
2026-09-04,2441,0.8748803281373169,0.0495698484227775,0.5043015157722245,770.19,COOL,False,UP,,,
2026-09-08,2488,0.8879744904892819,0.0446141479099678,0.2954180064308682,765.96,COOL,False,DOWN,,,
2026-09-09,2480,0.893717240142873,0.0399193548387096,0.2221774193548387,762.4,COOL,False,DOWN,,,
2026-09-10,2477,0.9176675114533256,0.0371417036737989,0.320952765442067,757.83,COOL,False,DOWN,,,
2026-09-11,2461,0.900796125602316,0.0386021942299878,0.6265745631856968,764.29,COOL,False,UP,,,
2026-09-14,2479,0.8992176449339367,0.0326744655102864,0.5006050826946349,760.88,COOL,False,UP,,,
2026-09-15,2481,0.8434262477589404,0.0350665054413542,0.3389762192664248,757.39,COOL,False,DOWN,,,
2026-09-16,2478,0.850488669069476,0.0343018563357546,0.3494753833736884,754.05,COOL,False,DOWN,,,
2026-09-17,2471,0.8490950834860683,0.0392553622015378,0.5928773775799272,762.6,COOL,False,UP,,,
2026-09-18,2507,0.8556200448150479,0.039489429597128,0.3214998005584363,761.69,COOL,False,DOWN,,,
2026-09-21,2489,0.8419620803619696,0.0425873844917637,0.564483728404982,773.5,COOL,False,UP,,,
2026-09-22,2483,0.9065606325185164,0.0430930326218284,0.5428916633105115,773.38,COOL,False,UP,,,
2026-09-23,2466,0.9014434154893988,0.0409570154095701,0.2356042173560421,767.81,COOL,False,DOWN,,,
2026-09-24,2466,0.8853120186924277,0.0413625304136253,0.4225466342254663,767.18,COOL,False,DOWN,,,
2026-09-25,2460,0.8834075087943192,0.0430894308943089,0.5849593495934959,771.35,COOL,False,UP,,,
2026-09-28,2470,0.8572076070184327,0.0433198380566801,0.3141700404858299,765.61,COOL,False,DOWN,,,
2026-09-29,2465,0.7117683053063816,0.0377281947261663,0.3975659229208925,764.2,COOL,False,DOWN,,,
