Date,Open,High,Low,Close,Volume
2016-01-04,32.73,32.98,32.34,32.95,3115465.0
2016-01-05,33.03,33.37,32.705,33.25,3545684.0
2016-01-06,32.82,33.2,32.71,33.01,2956772.0
2016-01-07,32.49,32.99,32.36,32.72,3420586.0
2016-01-08,32.89,33.0,32.15,32.29,2720900.0
2016-01-11,32.38,32.53,32.065,32.39,1666521.0
2016-01-12,32.63,32.63,31.91,32.32,1849534.0
2016-01-13,32.51,33.01,31.5,31.55,3119296.0
2016-01-14,31.59,32.49,31.49,32.33,2385234.0
2016-01-15,31.65,31.98,31.51,31.87,3027099.0
2016-01-19,32.12,32.42,31.65,31.92,2305125.0
2016-01-20,31.49,32.315,31.0,32.13,3174807.0
2016-01-21,32.24,32.65,31.97,32.26,2139190.0
2016-01-22,32.71,32.78,32.318,32.69,1956932.0
2016-01-25,32.66,32.74,32.34,32.47,2315337.0
2016-01-26,32.7,32.91,32.39,32.83,1802064.0
2016-01-27,32.85,33.19,32.5,32.73,2225490.0
2016-01-28,33.11,33.11,32.63,32.99,1703638.0
2016-01-29,33.03,34.07,32.92,34.05,2738123.0
2016-02-01,33.8,34.57,33.7,34.47,2292025.0
2016-02-02,34.12,34.42,33.885,34.05,1704573.0
2016-02-03,34.25,34.335,33.7,34.07,2316803.0
2016-02-04,33.99,34.65,33.82,34.62,2062795.0
2016-02-05,34.62,35.08,34.57,34.98,3906760.0
2016-02-08,34.63,34.88,34.08,34.5,3604859.0
2016-02-09,34.2,34.69,33.91,34.18,2838851.0
2016-02-10,34.52,34.76,33.97,34.02,2423653.0
2016-02-11,33.52,33.66,32.77,33.16,3369001.0
2016-02-12,33.45,33.85,33.2,33.72,2510417.0
2016-02-16,34.0,34.68,33.61,34.59,3546794.0
2016-02-17,34.92,35.14,34.63,34.68,2534168.0
2016-02-18,34.62,34.78,34.18,34.2,1881901.0
2016-02-19,34.25,34.25,33.7,33.96,1835126.0
2016-02-22,34.35,34.67,33.84,34.03,2126918.0
2016-02-23,33.79,33.91,33.43,33.65,2079607.0
2016-02-24,33.39,33.555,32.73,33.49,1836414.0
2016-02-25,33.63,33.87,33.38,33.71,2065782.0
2016-02-26,33.84,34.0,33.64,33.73,1606875.0
2016-02-29,33.68,33.7,32.855,32.88,2812965.0
2016-03-01,33.17,33.25,32.4,32.81,3798435.0
2016-03-02,32.71,32.81,32.4,32.59,2784636.0
2016-03-03,32.62,32.99,32.45,32.9,2839168.0
2016-03-04,29.27,29.81,26.93,27.76,22307806.0
2016-03-07,27.54,28.2999,27.3,28.11,9105813.0
2016-03-08,28.02,28.16,27.33,27.88,6399889.0
2016-03-09,28.0,28.2,27.37,27.41,5075396.0
2016-03-10,27.56,28.1,27.52,28.07,5921199.0
2016-03-11,28.07,28.61,28.01,28.17,3685640.0
2016-03-14,28.2,28.32,27.78,27.92,2379819.0
2016-03-15,27.71,27.76,27.2,27.23,2955888.0
2016-03-16,27.08,27.18,26.75,27.09,2881382.0
2016-03-17,27.1,27.23,26.89,27.01,2807895.0
2016-03-18,26.95,27.39,26.765,27.37,6988929.0
2016-03-21,27.39,27.725,27.38,27.58,3007610.0
2016-03-22,27.16,27.275,26.77,26.97,3241335.0
2016-03-23,26.96,27.11,26.76,26.99,2575224.0
2016-03-24,26.84,27.085,26.6,26.61,3828012.0
2016-03-28,26.66,26.74,26.19,26.42,3934544.0
2016-03-29,26.46,26.765,26.17,26.72,3714093.0
2016-03-30,26.79,26.95,26.33,26.41,2624182.0
2016-03-31,26.45,26.565,26.2235,26.42,3721122.0
2016-04-01,26.38,26.42,25.94,26.23,4316972.0
2016-04-04,26.24,26.59,26.2,26.33,3409477.0
2016-04-05,26.22,26.23,25.2,25.42,5544134.0
2016-04-06,25.49,25.57,25.31,25.42,3675202.0
2016-04-07,25.31,25.38,24.61,24.76,4088536.0
2016-04-08,24.89,24.92,24.21,24.35,3930242.0
2016-04-11,24.4,24.77,23.96,23.99,4245107.0
2016-04-12,23.99,24.375,23.83,24.21,3456779.0
2016-04-13,24.33,25.12,24.21,25.01,4433330.0
2016-04-14,25.03,25.07,23.98,24.02,5295789.0
2016-04-15,23.97,24.02,23.43,23.87,3826056.0
2016-04-18,23.78,24.16,23.7,24.15,4611361.0
2016-04-19,24.2,24.265,23.9,24.0,2833187.0
2016-04-20,24.08,24.09,23.77,23.77,2666717.0
2016-04-21,23.87,24.01,23.6,23.76,2492115.0
2016-04-22,23.67,23.98,23.64,23.83,3024375.0
2016-04-25,23.77,24.335,23.7564,24.04,5711680.0
2016-04-26,24.03,24.12,23.8,23.82,4956061.0
2016-04-27,21.84,21.84,19.75,20.59,16132224.0
2016-04-28,20.6,21.3,20.51,21.01,6202842.0
2016-04-29,20.87,20.93,20.19,20.24,7820462.0
2016-05-02,20.38,20.5,20.01,20.22,5515248.0
2016-05-03,20.01,20.39,19.82,20.29,4724419.0
2016-05-04,20.13,20.25,19.96,20.21,3844125.0
2016-05-05,20.24,20.33,19.95,20.03,2985569.0
2016-05-06,19.93,20.07,19.35,19.7,4224094.0
2016-05-09,19.68,20.11,19.66,19.85,3068273.0
2016-05-10,19.87,20.09,19.86,20.01,2522275.0
2016-05-11,19.99,20.0,19.44,19.46,4489214.0
2016-05-12,19.54,19.76,19.18,19.52,4241402.0
2016-05-13,19.49,19.935,19.49,19.81,2520390.0
2016-05-16,19.75,20.11,19.7,19.98,3330761.0
2016-05-17,19.95,20.46,19.95,20.44,4266622.0
2016-05-18,20.36,20.64,20.3,20.42,3203137.0
2016-05-19,20.34,20.42,20.025,20.16,2014489.0
2016-05-20,20.24,20.57,20.22,20.57,3092765.0
2016-05-23,20.52,20.64,20.01,20.05,2786683.0
2016-05-24,20.13,20.45,20.0,20.38,3071427.0
2016-05-25,20.49,20.69,20.27,20.53,2010655.0
2016-05-26,20.42,20.735,20.42,20.71,2604568.0
2016-05-27,20.71,21.03,20.71,20.97,2123707.0
2016-05-31,20.95,21.4,20.79,21.36,4450221.0
2016-06-01,21.35,21.63,21.29,21.58,3096403.0
2016-06-02,21.47,21.93,21.4,21.72,2620275.0
2016-06-03,21.7,21.73,21.39,21.66,2290624.0
2016-06-06,21.81,21.915,21.56,21.59,3307504.0
2016-06-07,21.58,21.7965,21.47,21.52,3879150.0
2016-06-08,21.56,21.68,20.78,21.01,7742962.0
2016-06-09,21.01,21.66,20.84,21.54,7180551.0
2016-06-10,21.76,24.345,21.17,24.23,21466502.0
2016-06-13,24.16,24.235,23.69,23.75,6646635.0
2016-06-14,23.66,24.14,23.59,23.79,6168541.0
2016-06-15,23.77,24.06,23.65,23.68,5058591.0
2016-06-16,23.37,23.55,23.04,23.46,3198269.0
2016-06-17,23.34,23.56,23.03,23.22,5886009.0
2016-06-20,23.5,23.54,22.74,22.76,4892709.0
2016-06-21,22.82,22.82,22.44,22.59,4311217.0
2016-06-22,22.67,22.85,22.59,22.6,3885149.0
2016-06-23,22.76,22.945,22.705,22.85,3307036.0
2016-06-24,22.05,22.4899,22.05,22.23,6856034.0
2016-06-27,22.0,22.013,21.655,21.73,4232060.0
2016-06-28,22.01,22.32,21.98,22.32,4145791.0
2016-06-29,22.65,22.85,22.55,22.77,2816604.0
2016-06-30,22.89,23.0,22.54,23.0,3511728.0
2016-07-01,23.0,23.42,22.86,23.38,3821819.0
2016-07-05,23.29,23.29,22.9,23.09,2520373.0
2016-07-06,23.0,23.4,22.84,23.39,2895178.0
2016-07-07,23.4,23.62,23.27,23.5,3013729.0
2016-07-08,23.62,23.77,23.515,23.59,2753311.0
2016-07-11,23.64,23.74,23.46,23.56,3591411.0
2016-07-12,23.7,23.84,23.575,23.61,3204051.0
2016-07-13,23.65,23.78,23.61,23.65,3783696.0
2016-07-14,23.83,23.99,23.625,23.8,2762176.0
2016-07-15,23.93,24.53,23.85,24.27,5419094.0
2016-07-18,24.23,24.3,23.865,23.91,1806004.0
2016-07-19,23.77,23.87,23.715,23.85,1745616.0
2016-07-20,23.97,24.11,23.88,24.03,2026464.0
2016-07-21,24.08,24.11,23.76,23.8,1768332.0
2016-07-22,23.68,23.96,23.67,23.91,1166026.0
2016-07-25,23.9,23.93,23.72,23.91,1770337.0
2016-07-26,23.86,24.13,23.86,24.08,1907398.0
2016-07-27,24.1,24.23,23.97,24.12,1354632.0
2016-07-28,24.07,24.15,23.835,24.05,1759113.0
2016-07-29,23.96,23.98,23.74,23.79,1499513.0
2016-08-01,23.75,24.01,23.54,23.92,1851220.0
2016-08-02,23.8,23.82,23.32,23.38,1982531.0
2016-08-03,23.25,23.58,23.155,23.58,1645012.0
2016-08-04,23.53,23.965,23.53,23.85,1229459.0
2016-08-05,23.89,24.12,23.75,23.8,1803538.0
2016-08-08,23.9,23.99,23.69,23.74,2218502.0
2016-08-09,23.74,23.89,23.57,23.77,1307782.0
2016-08-10,23.82,23.97,23.74,23.88,1146603.0
2016-08-11,23.96,24.33,23.8985,24.04,1970079.0
2016-08-12,24.07,24.95,24.07,24.56,4863849.0
2016-08-15,24.52,24.55,24.17,24.31,2024293.0
2016-08-16,24.23,24.66,23.91,24.39,2595847.0
2016-08-17,24.4,24.58,24.28,24.47,2795363.0
2016-08-18,24.44,24.57,23.9,23.95,2125981.0
2016-08-19,23.86,24.22,23.79,24.05,1437600.0
2016-08-22,24.07,24.28,23.96,24.23,1444017.0
2016-08-23,24.25,24.51,24.22,24.51,1679089.0
2016-08-24,24.55,24.75,24.48,24.56,1384367.0
2016-08-25,24.56,24.68,24.42,24.47,1345550.0
2016-08-26,24.5,24.73,24.18,24.26,1367299.0
2016-08-29,24.33,24.56,24.28,24.55,2299289.0
2016-08-30,24.5,24.5172,23.975,24.2,2525781.0
2016-08-31,23.1,23.17,20.58,21.66,18632419.0
2016-09-01,21.7,21.91,21.49,21.57,4978080.0
2016-09-02,21.63,21.77,21.37,21.65,3762998.0
2016-09-06,21.7,21.78,20.965,21.39,4221458.0
2016-09-07,21.46,21.92,21.28,21.83,4606982.0
2016-09-08,21.85,22.28,21.76,22.17,3938734.0
2016-09-09,22.01,22.05,21.8,21.94,2882939.0
2016-09-12,21.53,22.31,21.5,22.25,3254704.0
2016-09-13,22.09,22.21,22.01,22.13,3098238.0
2016-09-14,22.17,22.32,21.93,22.2,2903879.0
2016-09-15,22.09,22.45,21.94,22.39,2770772.0
2016-09-16,22.35,22.43,22.185,22.41,4518528.0
2016-09-19,22.46,22.49,22.2,22.36,1924872.0
2016-09-20,22.39,22.595,22.31,22.45,1969345.0
2016-09-21,22.43,23.0,22.43,22.84,2455096.0
2016-09-22,22.85,23.14,22.82,23.06,1285847.0
2016-09-23,22.9,23.215,22.84,23.09,1712372.0
2016-09-26,22.94,23.07,22.705,22.78,1727642.0
2016-09-27,22.86,22.95,22.67,22.75,1752361.0
2016-09-28,22.89,23.0,22.58,22.92,1926941.0
2016-09-29,22.87,23.04,22.58,22.65,1498012.0
2016-09-30,22.79,23.24,22.595,23.15,2235567.0
2016-10-03,23.06,23.24,22.81,22.82,1384567.0
2016-10-04,22.89,22.96,22.525,22.59,2161481.0
2016-10-05,22.64,22.95,22.61,22.88,1508464.0
2016-10-06,22.87,23.0,22.7503,22.77,1368594.0
2016-10-07,22.85,22.87,22.53,22.65,1939036.0
2016-10-10,22.74,22.95,22.69,22.83,922749.0
2016-10-11,22.8,23.005,22.67,22.82,1249743.0
2016-10-12,22.8,23.05,22.77,23.01,1049959.0
2016-10-13,22.85,23.03,22.67,22.95,994712.0
2016-10-14,23.01,23.31,23.01,23.07,1108822.0
2016-10-17,23.04,23.3,23.0,23.12,1543254.0
2016-10-18,23.28,23.28,23.03,23.09,1816969.0
2016-10-19,23.19,23.3,23.09,23.21,1372444.0
2016-10-20,23.17,23.31,23.095,23.29,2333797.0
2016-10-21,23.24,23.63,23.11,23.39,2106742.0
2016-10-24,23.54,23.72,23.46,23.49,2658927.0
2016-10-25,23.5,23.55,23.0,23.0,1827504.0
2016-10-26,23.01,23.21,22.79,22.79,1750691.0
2016-10-27,22.85,22.92,22.63,22.69,2190611.0
2016-10-28,22.68,22.945,22.57,22.73,2256222.0
2016-10-31,22.83,23.02,22.635,22.97,2638160.0
2016-11-01,23.06,23.14,22.26,22.35,1746158.0
2016-11-02,22.39,22.53,22.31,22.35,1839056.0
2016-11-03,22.41,22.52,22.11,22.17,1400079.0
2016-11-04,22.18,22.24,21.92,21.93,1584297.0
2016-11-07,22.23,22.4,21.94,22.03,2079714.0
2016-11-08,21.99,22.31,21.845,22.14,2166875.0
2016-11-09,21.72,21.72,20.905,21.3,6586494.0
2016-11-10,21.37,22.325,21.3,22.04,4422116.0
2016-11-11,21.92,22.995,21.84,22.83,3223919.0
2016-11-14,22.94,23.62,22.85,23.57,3610010.0
2016-11-15,23.63,23.96,23.44,23.9,2161530.0
2016-11-16,23.35,23.42,22.075,22.23,4387917.0
2016-11-17,22.23,23.09,22.09,23.03,2958778.0
2016-11-18,23.0,23.43,22.94,23.15,2278631.0
2016-11-21,23.23,23.615,23.18,23.25,2180325.0
2016-11-22,23.4,23.66,23.28,23.39,2216492.0
2016-11-23,23.38,23.875,23.35,23.68,1751417.0
2016-11-25,23.66,24.06,23.66,23.98,956391.0
2016-11-28,23.2,23.33,21.78,21.82,5283434.0
2016-11-29,21.91,22.62,21.68,22.38,3554998.0
2016-11-30,22.37,22.435,22.16,22.16,2693998.0
2016-12-01,21.99,22.185,21.65,21.78,2773458.0
2016-12-02,21.78,22.16,21.55,21.72,2043861.0
2016-12-05,21.72,22.16,21.59,22.14,3533059.0
2016-12-06,22.15,22.73,21.99,22.69,4076273.0
2016-12-07,22.74,23.6,22.6901,23.34,6374795.0
2016-12-08,23.17,23.17,21.45,22.79,9291024.0
2016-12-09,22.76,23.06,22.38,22.95,4322061.0
2016-12-12,22.84,23.44,22.78,23.44,4803592.0
2016-12-13,23.41,23.86,23.24,23.25,6318392.0
2016-12-14,23.13,23.2154,22.74,22.89,2458707.0
2016-12-15,23.0,23.27,22.87,23.09,1653966.0
2016-12-16,23.12,23.505,23.11,23.45,6143167.0
2016-12-19,23.42,23.5,22.98,23.2,1820074.0
2016-12-20,23.26,23.32,23.035,23.2,2169764.0
2016-12-21,23.15,23.38,23.09,23.21,1753506.0
2016-12-22,23.22,23.365,23.08,23.3,1554939.0
2016-12-23,23.27,23.33,23.12,23.28,2364567.0
2016-12-27,23.29,23.62,23.24,23.51,1460976.0
2016-12-28,23.51,23.56,23.21,23.29,2511094.0
2016-12-29,23.29,23.43,23.17,23.22,2730754.0
2016-12-30,23.24,23.24,22.9,22.99,1514778.0
2017-01-03,23.09,23.19,22.69,22.91,3305426.0
2017-01-04,22.92,23.42,22.92,23.4,1736858.0
2017-01-05,23.32,23.72,23.22,23.69,1955366.0
2017-01-06,23.75,24.02,23.44,24.0,1963754.0
2017-01-09,23.99,24.0,23.5,23.59,1638655.0
2017-01-10,23.71,23.92,23.505,23.65,1967046.0
2017-01-11,23.63,23.98,23.59,23.72,1160425.0
2017-01-12,23.65,23.76,23.235,23.75,1660837.0
2017-01-13,23.76,23.88,23.65,23.79,883596.0
2017-01-17,23.8,23.88,23.63,23.82,1432150.0
2017-01-18,23.93,24.0,23.57,23.66,1657183.0
2017-01-19,23.65,23.715,23.01,23.27,1315745.0
2017-01-20,23.33,23.44,23.05,23.14,1399236.0
2017-01-23,23.12,23.16,22.88,22.91,1261410.0
2017-01-24,22.92,23.325,22.8501,23.11,1414137.0
2017-01-25,23.24,23.33,23.015,23.09,1701365.0
2017-01-26,23.16,23.26,22.84,22.9,1389184.0
2017-01-27,22.97,22.97,22.13,22.19,1745127.0
2017-01-30,22.13,22.13,21.745,21.9,2218603.0
2017-01-31,21.91,21.97,21.23,21.46,3056993.0
2017-02-01,21.55,21.55,21.05,21.1,3080400.0
2017-02-02,20.93,21.24,20.9,21.14,1683429.0
2017-02-03,21.2,21.46,21.13,21.43,1408835.0
2017-02-06,21.37,21.705,21.35,21.63,2192755.0
2017-02-07,21.62,21.7,21.27,21.5,2815673.0
2017-02-08,20.9,21.5,20.81,21.16,2463146.0
2017-02-09,21.19,21.48,20.98,21.11,2727775.0
2017-02-10,21.09,21.14,20.86,21.05,2375191.0
2017-02-13,21.24,21.36,20.78,20.85,2243438.0
2017-02-14,20.81,21.23,20.8,20.97,2275869.0
2017-02-15,20.97,21.14,20.53,20.8,5456995.0
2017-02-16,20.78,20.9,20.45,20.56,4097995.0
2017-02-17,20.5,20.57,20.4,20.51,4405050.0
2017-02-21,20.55,20.8,20.55,20.6,4079440.0
2017-02-22,20.57,20.61,20.265,20.28,3285806.0
2017-02-23,20.28,20.33,19.9295,20.05,3438760.0
2017-02-24,19.94,20.24,19.85,20.05,6006051.0
2017-02-27,20.05,20.455,20.02,20.26,5049368.0
2017-02-28,20.25,20.72,20.19,20.56,5700675.0
2017-03-01,20.78,21.06,20.54,20.63,4645106.0
2017-03-02,20.66,20.72,20.41,20.65,4403973.0
2017-03-03,20.63,20.99,20.55,20.98,3252142.0
2017-03-06,21.03,21.26,20.73,20.97,4038830.0
2017-03-07,20.87,20.96,20.5,20.84,6024700.0
2017-03-08,22.81,24.35,22.61,23.94,17749101.0
2017-03-09,24.14,24.25,23.305,23.35,5863536.0
2017-03-10,23.37,23.86,23.31,23.73,5218079.0
2017-03-13,23.78,24.3099,23.76,24.07,4467045.0
2017-03-14,24.03,24.29,23.94,24.04,2961271.0
2017-03-15,24.1,24.5,24.1,24.42,3812489.0
2017-03-16,24.42,24.56,24.225,24.26,2615269.0
2017-03-17,24.24,24.59,23.97,24.45,7901499.0
2017-03-20,24.4,24.41,23.8101,23.87,4698359.0
2017-03-21,23.87,23.99,23.28,23.31,4447689.0
2017-03-22,23.31,23.37,23.095,23.35,2195965.0
2017-03-23,23.34,23.42,22.69,22.76,3297467.0
2017-03-24,22.86,22.86,22.38,22.42,2811624.0
2017-03-27,22.17,22.625,22.16,22.61,3052606.0
2017-03-28,22.51,23.03,22.4,22.98,5444675.0
2017-03-29,22.91,23.09,22.64,22.83,3276550.0
2017-03-30,22.8,23.22,22.65,23.19,3143470.0
2017-03-31,23.15,23.3699,23.03,23.25,2709144.0
2017-04-03,23.25,23.465,22.815,23.18,2827629.0
2017-04-04,23.17,23.3,22.98,23.28,2701127.0
2017-04-05,23.32,23.36,22.95,22.95,3122644.0
2017-04-06,22.95,23.65,22.84,23.58,3586378.0
2017-04-07,23.53,23.59,23.22,23.4,2406711.0
2017-04-10,23.46,23.75,23.29,23.55,2354203.0
2017-04-11,23.53,23.72,23.395,23.61,3634412.0
2017-04-12,23.56,23.68,23.34,23.63,3179576.0
2017-04-13,23.61,23.74,23.47,23.5,1718578.0
2017-04-17,23.56,23.71,23.455,23.67,1214767.0
2017-04-18,23.59,24.0,23.55,23.81,2296635.0
2017-04-19,23.9,24.345,23.9,24.22,3715246.0
2017-04-20,24.29,24.491,23.56,23.64,5378198.0
2017-04-21,23.6,23.645,22.82,23.08,5796265.0
2017-04-24,23.38,23.705,23.155,23.61,3088258.0
2017-04-25,23.82,24.5,23.8,24.24,3347762.0
2017-04-26,24.3,24.815,23.81,23.89,5883823.0
2017-04-27,24.14,24.53,24.04,24.27,9350758.0
2017-04-28,24.15,24.81,24.07,24.79,3654720.0
2017-05-01,24.79,24.84,24.55,24.65,2226473.0
2017-05-02,24.7,24.87,24.625,24.79,3042026.0
2017-05-03,24.81,24.99,24.68,24.81,2328150.0
2017-05-04,24.82,25.245,24.69,25.16,2373170.0
2017-05-05,25.13,25.32,24.86,25.27,1748600.0
2017-05-08,25.23,25.42,25.16,25.27,3377579.0
2017-05-09,25.28,26.02,25.2,25.88,3381634.0
2017-05-10,25.84,26.53,25.72,26.5,2597171.0
2017-05-11,26.37,26.43,26.13,26.42,1904525.0
2017-05-12,26.36,26.69,26.215,26.58,1995216.0
2017-05-15,26.68,26.87,26.58,26.79,1943512.0
2017-05-16,26.69,26.92,25.09,25.18,5043509.0
2017-05-17,25.02,25.33,24.915,25.08,2939986.0
2017-05-18,25.1,25.42,25.0,25.29,2472194.0
2017-05-19,25.37,25.7,25.33,25.65,1875044.0
2017-05-22,25.75,25.91,25.64,25.81,1638026.0
2017-05-23,25.88,25.89,25.59,25.75,1164201.0
2017-05-24,25.82,26.01,25.69,25.9,1843764.0
2017-05-25,26.05,26.35,25.92,26.06,1549383.0
2017-05-26,26.07,26.22,25.92,26.11,1180806.0
2017-05-30,26.0,26.4,26.0,26.29,1654154.0
2017-05-31,26.31,26.59,26.145,26.54,2030501.0
2017-06-01,26.56,27.26,26.48,27.19,1874463.0
2017-06-02,27.3,27.36,26.87,26.89,1547780.0
2017-06-05,26.89,27.08,26.69,26.77,1803689.0
2017-06-06,26.69,26.69,26.36,26.36,1938101.0
2017-06-07,26.4,26.4599,26.025,26.36,2258047.0
2017-06-08,26.42,26.45,26.14,26.38,1506506.0
2017-06-09,26.34,26.48,26.06,26.19,1371239.0
2017-06-12,26.01,26.47,26.01,26.44,2072118.0
2017-06-13,26.58,27.125,26.49,26.99,4679346.0
2017-06-14,29.06,29.89,28.57,29.13,15441492.0
2017-06-15,29.04,30.02,28.87,30.01,5864789.0
2017-06-16,29.98,30.08,29.8,29.92,4868481.0
2017-06-19,30.02,30.77,29.86,30.62,3049521.0
2017-06-20,30.51,30.52,29.96,30.11,5388111.0
2017-06-21,29.99,31.02,29.9,30.89,5764712.0
2017-06-22,30.87,31.27,30.715,31.15,2541282.0
2017-06-23,31.04,31.39,30.92,31.25,4498934.0
2017-06-26,31.26,31.4679,31.19,31.32,2251587.0
2017-06-27,31.36,31.61,31.34,31.34,2804379.0
2017-06-28,31.54,31.56,30.551,30.74,6667122.0
2017-06-29,30.82,31.22,30.52,30.88,4841565.0
2017-06-30,31.0,31.395,30.76,30.91,5212632.0
2017-07-03,31.06,31.635,30.97,31.06,1523886.0
2017-07-05,31.01,31.7,30.65,31.04,4271230.0
2017-07-06,30.82,31.405,30.8,31.28,5022762.0
2017-07-07,31.37,31.475,30.93,31.37,2886717.0
2017-07-10,31.35,31.48,30.96,31.33,2497817.0
2017-07-11,31.34,31.49,31.065,31.32,3345830.0
2017-07-12,31.49,31.6,31.36,31.51,1887369.0
2017-07-13,31.53,31.59,31.19,31.25,2667215.0
2017-07-14,31.21,31.23,30.47,30.53,2126298.0
2017-07-17,30.5,30.675,30.27,30.31,2816642.0
2017-07-18,30.31,30.52,30.09,30.35,3089752.0
2017-07-19,30.48,30.75,30.18,30.28,2932211.0
2017-07-20,30.22,30.79,30.145,30.59,2167047.0
2017-07-21,30.53,30.53,29.7328,29.8,3036928.0
2017-07-24,29.75,30.01,29.6704,29.78,2505969.0
2017-07-25,29.85,30.43,29.78,30.22,2678444.0
2017-07-26,30.3,30.3499,29.86,30.18,1888005.0
2017-07-27,30.25,30.42,30.0,30.41,2263091.0
2017-07-28,30.35,30.455,30.21,30.23,1687977.0
2017-07-31,30.29,30.52,30.155,30.5,1778576.0
2017-08-01,30.57,30.725,30.27,30.62,2262124.0
2017-08-02,30.7,30.7,30.14,30.47,1677241.0
2017-08-03,30.51,30.69,30.38,30.54,2207749.0
2017-08-04,30.61,30.7134,30.055,30.09,2800929.0
2017-08-07,30.12,30.395,29.8786,30.23,2175525.0
2017-08-08,30.2,30.39,29.96,30.31,1583821.0
2017-08-09,30.22,30.98,30.22,30.9,2591934.0
2017-08-10,30.8,30.875,30.375,30.63,2892182.0
2017-08-11,30.44,30.865,30.265,30.7,1618186.0
2017-08-14,30.86,31.36,30.86,31.27,1337550.0
2017-08-15,31.37,31.8,31.24,31.49,2431418.0
2017-08-16,31.5,31.79,30.72,30.74,2695111.0
2017-08-17,30.72,30.74,30.07,30.2,3610474.0
2017-08-18,30.17,30.19,29.78,29.78,2392512.0
2017-08-21,29.82,29.95,29.63,29.73,2314475.0
2017-08-22,29.75,30.37,29.72,30.24,2297150.0
2017-08-23,30.13,30.62,30.07,30.07,1919242.0
2017-08-24,30.11,30.6,30.11,30.44,1969230.0
2017-08-25,30.47,30.56,29.69,29.71,1603935.0
2017-08-28,29.79,29.92,29.1,29.61,3079498.0
2017-08-29,29.36,29.54,29.15,29.23,3646023.0
2017-08-30,27.0,27.74,26.56,26.81,8428397.0
2017-08-31,26.75,26.93,26.54,26.74,6106333.0
2017-09-01,26.85,27.005,26.58,26.77,3595577.0
2017-09-05,26.64,26.81,26.29,26.39,2583489.0
2017-09-06,26.42,26.42,25.9,26.0,4429351.0
2017-09-07,26.0,26.24,25.45,25.69,2852325.0
2017-09-08,25.67,26.09,25.5701,26.08,2120291.0
2017-09-11,26.02,26.52,25.91,26.09,3018768.0
2017-09-12,25.87,26.56,25.86,26.55,2774483.0
2017-09-13,26.5,26.82,25.86,25.97,2813835.0
2017-09-14,25.87,26.515,25.87,26.44,2502575.0
2017-09-15,26.4,26.42,25.53,25.88,3107326.0
2017-09-18,25.91,26.09,25.66,25.98,2516382.0
2017-09-19,26.07,26.18,25.825,26.16,3450535.0
2017-09-20,26.05,26.24,25.97,26.21,2400002.0
2017-09-21,26.12,26.22,25.86,26.21,2346193.0
2017-09-22,26.19,26.805,26.11,26.75,2653183.0
2017-09-25,26.63,26.82,25.78,26.21,3182339.0
2017-09-26,26.25,26.57,25.99,26.36,3587072.0
2017-09-27,26.48,26.89,26.41,26.69,2631282.0
2017-09-28,26.73,27.26,26.66,27.24,2351211.0
2017-09-29,27.18,27.2,26.415,26.48,2163762.0
2017-10-02,26.39,26.93,26.21,26.39,3414213.0
2017-10-03,26.41,26.61,26.135,26.59,1894473.0
2017-10-04,26.7,26.72,25.58,25.7,3029882.0
2017-10-05,25.66,25.74,24.635,24.68,4584191.0
2017-10-06,24.7,25.15,24.7,24.86,3610571.0
2017-10-09,24.85,25.415,24.81,25.36,2122574.0
2017-10-10,25.41,25.72,25.24,25.71,2875349.0
2017-10-11,25.62,25.66,25.33,25.61,3300874.0
2017-10-12,25.56,26.0,25.49,25.75,2330836.0
2017-10-13,25.66,25.7,24.97,25.2,1687372.0
2017-10-16,25.21,25.51,25.15,25.33,1653116.0
2017-10-17,25.39,25.4432,24.755,24.84,2603977.0
2017-10-18,25.0,25.27,24.99,25.04,1402553.0
2017-10-19,25.0,25.59,24.92,25.55,1567071.0
2017-10-20,25.66,26.03,25.5,25.72,1817983.0
2017-10-23,25.82,26.34,25.73,26.25,2500076.0
2017-10-24,26.21,26.56,26.2,26.41,2331936.0
2017-10-25,26.34,26.37,25.86,25.94,2996368.0
2017-10-26,26.05,26.56,25.98,26.51,1976348.0
2017-10-27,26.51,26.51,26.08,26.27,1869975.0
2017-10-30,26.25,26.31,25.21,25.3,2464224.0
2017-10-31,25.26,25.26,24.585,24.74,2831794.0
2017-11-01,24.81,24.83,24.19,24.49,2503572.0
2017-11-02,24.55,24.599,23.63,23.86,3883418.0
2017-11-03,23.76,24.4,23.5946,24.06,2352877.0
2017-11-06,24.08,24.48,23.92,24.34,2067575.0
2017-11-07,24.45,24.51,23.77,24.02,2076806.0
2017-11-08,24.12,25.35,23.99,25.25,3135210.0
2017-11-09,25.0,25.56,24.86,25.4,3104081.0
2017-11-10,25.31,26.04,24.99,25.08,4449495.0
2017-11-13,25.01,25.975,24.89,25.95,2789849.0
2017-11-14,25.82,25.925,25.51,25.86,2411673.0
2017-11-15,25.77,25.92,25.13,25.24,5099774.0
2017-11-16,25.36,25.89,25.3,25.88,3361180.0
2017-11-17,25.76,26.1992,25.64,26.09,3111703.0
2017-11-20,26.09,26.37,25.85,25.88,2013939.0
2017-11-21,25.92,25.93,25.33,25.58,1536367.0
2017-11-22,25.67,26.18,25.65,25.85,1561969.0
2017-11-24,25.88,25.955,25.57,25.66,873457.0
2017-11-27,25.65,25.7,25.075,25.49,1847071.0
2017-11-28,25.4,25.6,25.06,25.55,1966106.0
2017-11-29,25.58,26.1,25.44,25.87,2644579.0
2017-11-30,25.93,26.22,25.71,26.18,3628177.0
2017-12-01,26.02,26.0568,24.98,25.86,3227612.0
2017-12-04,25.67,26.59,25.6,26.25,4556463.0
2017-12-05,26.29,26.35,25.66,26.29,5937679.0
2017-12-06,26.5,29.159,25.67,28.99,6813623.0
2017-12-07,28.38,28.72,26.46,27.39,7178327.0
2017-12-08,27.39,28.0,27.16,27.22,4838010.0
2017-12-11,27.29,27.54,27.07,27.5,3416179.0
2017-12-12,27.5,27.735,27.29,27.54,2337665.0
2017-12-13,27.57,27.69,27.28,27.31,2633522.0
2017-12-14,27.28,27.445,26.61,26.89,2359989.0
2017-12-15,26.97,27.43,26.88,27.2,3130257.0
2017-12-18,27.37,27.73,27.08,27.7,4181911.0
2017-12-19,27.76,27.78,27.4,27.63,1530273.0
2017-12-20,27.77,28.4,27.61,27.85,2019666.0
2017-12-21,27.82,27.87,26.63,26.7,4314837.0
2017-12-22,26.68,26.82,26.09,26.23,2424217.0
2017-12-26,26.24,26.63,25.95,26.06,1234933.0
2017-12-27,26.15,26.45,26.08,26.45,1182623.0
2017-12-28,26.52,26.8,26.41,26.57,2052136.0
2017-12-29,26.68,26.68,26.08,26.22,1805151.0
2018-01-02,26.45,27.0,26.08,26.76,2194136.0
2018-01-03,26.8,26.86,26.01,26.65,2753984.0
2018-01-04,26.74,26.79,26.23,26.62,2030625.0
2018-01-05,26.68,26.815,26.38,26.79,1847914.0
2018-01-08,26.73,26.82,26.11,26.31,3029683.0
2018-01-09,26.33,26.69,26.31,26.44,1776218.0
2018-01-10,26.35,26.35,25.9,25.97,1806592.0
2018-01-11,25.97,26.18,25.6,26.08,2286224.0
2018-01-12,26.15,26.46,26.0,26.36,1980317.0
2018-01-16,26.47,27.49,26.45,26.63,4154765.0
2018-01-17,26.71,26.82,26.28,26.48,1929716.0
2018-01-18,26.35,26.59,26.07,26.53,2213320.0
2018-01-19,26.66,27.005,26.13,26.28,2668334.0
2018-01-22,26.34,26.73,26.12,26.48,3450893.0
2018-01-23,27.7,28.355,27.01,27.53,5950649.0
2018-01-24,27.67,27.7,26.92,27.16,4176429.0
2018-01-25,27.05,27.18,26.54,26.82,2896292.0
2018-01-26,26.88,26.89,26.43,26.72,2768450.0
2018-01-29,26.71,26.93,26.545,26.83,2145306.0
2018-01-30,26.7,26.72,26.11,26.44,2917787.0
2018-01-31,26.54,26.715,26.37,26.54,3112497.0
2018-02-01,26.52,26.61,25.83,26.15,2517496.0
2018-02-02,26.03,26.1,25.45,25.46,2913591.0
2018-02-05,25.31,25.42,24.41,24.47,3947935.0
2018-02-06,24.01,25.33,23.8,25.17,4381853.0
2018-02-07,25.04,25.91,25.0,25.74,3764506.0
2018-02-08,25.68,25.77,25.18,25.19,2515540.0
2018-02-09,25.36,25.69,24.25,24.92,4760731.0
2018-02-12,25.0,25.35,24.87,25.13,4988961.0
2018-02-13,25.13,26.08,25.12,25.91,2740556.0
2018-02-14,25.8,26.97,25.76,26.94,3550265.0
2018-02-15,27.1,27.77,27.05,27.56,4706459.0
2018-02-16,27.485,28.495,27.31,28.04,3520099.0
2018-02-20,27.83,28.12,27.07,27.17,4884359.0
2018-02-21,27.23,27.29,26.41,26.41,3108952.0
2018-02-22,26.54,26.65,26.12,26.15,3031529.0
2018-02-23,26.14,26.91,26.13,26.82,2282237.0
2018-02-26,26.88,27.18,26.76,26.87,4551878.0
2018-02-27,26.92,27.02,25.93,25.93,2748660.0
2018-02-28,25.93,26.16,25.32,25.33,3772880.0
2018-03-01,25.33,25.43,24.7,25.13,4092897.0
2018-03-02,24.88,24.93,24.5,24.69,4221598.0
2018-03-05,24.87,25.94,24.87,25.8,8492080.0
2018-03-06,25.96,26.1699,25.6,25.77,5145843.0
2018-03-07,28.89,29.47,28.02,28.73,9447921.0
2018-03-08,28.83,28.9,27.6075,27.67,5478868.0
2018-03-09,27.79,27.79,26.815,27.69,5331371.0
2018-03-12,27.53,27.91,27.425,27.78,3946423.0
2018-03-13,27.82,27.94,27.08,27.19,3279202.0
2018-03-14,27.22,27.36,26.55,26.62,4027854.0
2018-03-15,26.64,26.825,26.25,26.71,3827095.0
2018-03-16,26.67,27.22,26.54,27.05,5177675.0
2018-03-19,26.98,27.07,26.08,26.09,4440096.0
2018-03-20,26.17,26.305,25.94,26.2,2970690.0
2018-03-21,26.15,26.27,25.76,25.84,2016500.0
2018-03-22,25.67,25.79,25.18,25.19,2314563.0
2018-03-23,25.34,25.85,25.26,25.5,3514184.0
2018-03-26,25.68,25.97,25.56,25.79,3306943.0
2018-03-27,25.8,25.87,24.92,25.06,2815217.0
2018-03-28,25.1,25.375,24.815,25.15,2548365.0
2018-03-29,25.26,25.65,25.26,25.41,1856958.0
2018-04-02,25.3,25.43,24.295,24.57,4152973.0
2018-04-03,24.77,25.385,24.68,25.33,2155032.0
2018-04-04,24.98,25.74,24.88,25.67,2051175.0
2018-04-05,25.93,26.14,25.62,25.84,2349870.0
2018-04-06,25.61,25.88,25.18,25.51,2693479.0
2018-04-09,25.66,25.74,25.28,25.34,1480147.0
2018-04-10,25.71,26.06,25.46,25.78,5461035.0
2018-04-11,25.7,26.175,25.7,25.89,2311668.0
2018-04-12,26.06,26.54,25.84,26.27,2533903.0
2018-04-13,26.39,26.68,25.99,26.05,1856683.0
2018-04-16,26.28,26.605,26.105,26.44,2059168.0
2018-04-17,26.66,26.895,26.3,26.46,2909796.0
2018-04-18,26.55,26.86,26.44,26.69,2518505.0
2018-04-19,26.63,26.655,25.89,26.33,1906419.0
2018-04-20,26.35,27.14,26.25,27.1,4036059.0
2018-04-23,27.24,27.42,27.04,27.13,3751610.0
2018-04-24,27.21,27.35,26.55,26.68,3072508.0
2018-04-25,26.79,28.65,26.79,28.12,5182352.0
2018-04-26,28.36,28.9,27.99,28.55,2706064.0
2018-04-27,28.55,28.77,28.2,28.22,2064027.0
2018-04-30,28.2,28.26,27.64,27.65,2347254.0
2018-05-01,27.66,27.775,27.075,27.7,1930654.0
2018-05-02,27.7,27.7,26.67,26.72,2655036.0
2018-05-03,26.69,26.77,26.25,26.53,2524566.0
2018-05-04,26.45,27.57,26.31,27.49,3055379.0
2018-05-07,27.47,27.71,27.24,27.67,1848526.0
2018-05-08,27.47,27.895,27.38,27.82,2122378.0
2018-05-09,28.02,28.02,27.325,27.39,1806672.0
2018-05-10,27.57,27.9,27.37,27.78,1160428.0
2018-05-11,27.8,27.96,27.52,27.85,2033736.0
2018-05-14,27.97,28.15,27.6,27.7,1904819.0
2018-05-15,27.54,27.91,27.41,27.8,2262599.0
2018-05-16,27.72,27.99,27.58,27.94,2216011.0
2018-05-17,27.9,27.98,27.53,27.74,1713013.0
2018-05-18,27.74,27.925,27.64,27.68,1564326.0
2018-05-21,27.88,28.14,27.835,27.89,1351510.0
2018-05-22,27.89,28.14,27.78,27.9,891740.0
2018-05-23,27.81,27.9,27.45,27.76,1317566.0
2018-05-24,27.78,28.105,27.65,28.06,1580633.0
2018-05-25,27.99,28.25,27.93,27.93,1130354.0
2018-05-29,27.81,28.07,27.75,27.94,1530437.0
2018-05-30,28.04,28.3,27.92,28.1,1290123.0
2018-05-31,28.11,28.11,27.405,27.45,2086899.0
2018-06-01,27.61,27.96,27.59,27.89,1298519.0
2018-06-04,28.0,28.28,27.86,28.23,1916322.0
2018-06-05,28.18,28.42,28.01,28.34,1856076.0
2018-06-06,28.34,28.93,28.24,28.83,2094482.0
2018-06-07,28.83,29.07,28.7,28.94,2426698.0
2018-06-08,28.94,29.285,28.77,29.15,2321310.0
2018-06-11,29.28,29.545,28.86,29.38,3161026.0
2018-06-12,29.8,29.81,29.05,29.6,7990750.0
2018-06-13,23.82,24.72,23.3305,24.29,30730561.0
2018-06-14,24.46,24.5,23.51,23.77,10459588.0
2018-06-15,23.64,23.82,23.5,23.66,6737139.0
2018-06-18,23.5,23.85,23.43,23.55,6310168.0
2018-06-19,23.4,24.0,23.28,23.99,6200021.0
2018-06-20,24.0,24.17,23.82,24.07,4787412.0
2018-06-21,23.77,23.98,23.43,23.48,4038789.0
2018-06-22,23.5,23.55,22.99,23.0,4829582.0
2018-06-25,23.0,23.14,22.67,22.99,3400144.0
2018-06-26,23.11,23.2,22.85,22.86,3852450.0
2018-06-27,22.86,22.9,22.5,22.5,3948107.0
2018-06-28,22.49,22.78,22.45,22.73,2904297.0
2018-06-29,22.74,22.95,22.65,22.78,3320662.0
2018-07-02,22.65,23.69,22.6,23.28,5270425.0
2018-07-03,23.37,23.61,23.32,23.38,1932344.0
2018-07-05,23.41,23.595,23.145,23.56,3312123.0
2018-07-06,23.63,23.67,23.39,23.51,2424396.0
2018-07-09,23.56,23.91,23.45,23.68,2722490.0
2018-07-10,23.71,23.9,23.63,23.76,2822807.0
2018-07-11,23.61,24.09,23.51,23.96,2332821.0
2018-07-12,24.09,24.09,23.885,24.06,1911330.0
2018-07-13,24.1,24.235,23.89,23.93,2190498.0
2018-07-16,23.97,24.04,23.71,24.0,2853949.0
2018-07-17,23.92,24.1,23.765,23.97,2285431.0
2018-07-18,23.97,24.45,23.84,24.43,2585579.0
2018-07-19,24.39,24.48,24.265,24.41,2481513.0
2018-07-20,24.4,24.51,24.23,24.4,2426042.0
2018-07-23,24.41,24.68,24.3,24.59,1882158.0
2018-07-24,24.63,25.04,24.45,25.03,2243112.0
2018-07-25,24.99,25.17,24.86,25.12,2448251.0
2018-07-26,25.1,25.5,25.02,25.38,2287894.0
2018-07-27,25.42,25.42,24.82,24.87,2217636.0
2018-07-30,24.88,25.22,24.86,25.07,1822651.0
2018-07-31,25.11,25.21,24.89,25.16,2677236.0
2018-08-01,25.2,25.365,24.91,24.95,2213354.0
2018-08-02,24.87,25.22,24.84,25.17,1586885.0
2018-08-03,25.22,25.505,25.2,25.35,1497912.0
2018-08-06,25.35,25.73,25.35,25.6,1957247.0
2018-08-07,25.65,25.8,25.59,25.62,2033270.0
2018-08-08,25.55,25.79,25.4,25.7,1509497.0
2018-08-09,25.73,25.82,25.6,25.63,2055433.0
2018-08-10,25.57,25.98,25.51,25.86,1530389.0
2018-08-13,25.8,25.84,25.62,25.71,1473114.0
2018-08-14,25.8,26.18,25.75,26.1,2355671.0
2018-08-15,26.11,26.22,25.905,26.14,2287436.0
2018-08-16,26.25,26.51,26.24,26.37,3496721.0
2018-08-17,26.35,26.55,26.3,26.42,1475595.0
2018-08-20,26.54,26.72,26.36,26.44,2164886.0
2018-08-21,26.5,26.83,26.5,26.73,2182465.0
2018-08-22,26.64,26.885,26.43,26.56,1731186.0
2018-08-23,26.58,26.71,26.22,26.3,2637075.0
2018-08-24,26.38,26.52,26.26,26.47,2211674.0
2018-08-27,26.61,26.685,26.41,26.6,2413643.0
2018-08-28,26.58,26.64,26.07,26.11,2894651.0
2018-08-29,25.99,27.219,25.73,26.31,5572705.0
2018-08-30,26.38,27.49,26.31,27.33,4267881.0
2018-08-31,27.4,27.54,26.55,27.06,3521882.0
2018-09-04,26.98,27.0,26.66,26.72,2204736.0
2018-09-05,26.72,26.82,26.25,26.3,3579874.0
2018-09-06,26.33,26.54,26.24,26.46,1845912.0
2018-09-07,26.4,26.46,26.14,26.17,1614131.0
2018-09-10,26.27,26.38,25.47,25.75,3209208.0
2018-09-11,25.43,25.56,25.17,25.5,2278671.0
2018-09-12,25.42,25.65,25.3,25.55,1873190.0
2018-09-13,25.58,25.58,24.84,24.93,2261380.0
2018-09-14,24.92,25.08,24.72,25.01,3555672.0
2018-09-17,25.09,25.39,24.83,24.87,2760610.0
2018-09-18,24.93,25.3,24.68,25.3,2301097.0
2018-09-19,25.35,25.595,25.32,25.36,2208442.0
2018-09-20,25.47,25.74,25.35,25.74,1902311.0
2018-09-21,25.91,26.295,25.75,26.12,4827184.0
2018-09-24,26.04,26.15,25.265,25.41,4578243.0
2018-09-25,25.5,25.645,25.37,25.53,2436360.0
2018-09-26,25.66,26.1,25.66,25.79,2609586.0
2018-09-27,25.75,26.05,25.66,25.97,1557342.0
2018-09-28,26.08,26.15,25.74,25.75,3309647.0
2018-10-01,25.85,26.32,25.85,26.01,2733892.0
2018-10-02,26.02,26.25,25.89,25.93,2174458.0
2018-10-03,26.01,26.01,25.29,25.37,2975817.0
2018-10-04,25.26,25.41,24.83,25.06,2802823.0
2018-10-05,25.04,25.475,24.73,25.44,2832104.0
2018-10-08,25.36,26.6,25.27,26.51,2725320.0
2018-10-09,26.6,26.9,26.2,26.76,3025288.0
2018-10-10,26.7,27.215,26.56,26.61,4569421.0
2018-10-11,26.57,27.015,25.93,25.97,4811157.0
2018-10-12,26.22,26.31,25.33,25.69,2470640.0
2018-10-15,25.66,26.03,25.56,25.91,2721786.0
2018-10-16,26.08,26.81,25.79,26.76,2380712.0
2018-10-17,26.76,26.86,26.33,26.52,1940938.0
2018-10-18,26.41,26.47,25.79,25.99,2705224.0
2018-10-19,26.06,26.185,25.79,25.81,2074263.0
2018-10-22,25.86,26.01,25.74,25.83,2212551.0
2018-10-23,25.44,26.54,25.4,26.37,2808721.0
2018-10-24,26.32,26.66,25.5,25.53,2262934.0
2018-10-25,25.62,26.13,25.495,25.9,1880267.0
2018-10-26,25.7,25.81,25.325,25.5,2785574.0
2018-10-29,25.82,26.23,25.42,25.73,3092245.0
2018-10-30,25.76,26.65,25.76,26.6,2465803.0
2018-10-31,26.84,26.905,26.29,26.54,3790612.0
2018-11-01,26.67,26.71,26.39,26.46,2108196.0
2018-11-02,26.54,27.225,26.37,27.13,2998686.0
2018-11-05,27.17,27.47,26.83,26.99,2466180.0
2018-11-06,26.99,27.41,26.86,27.37,2022766.0
2018-11-07,27.5,28.39,27.5,28.32,2641878.0
2018-11-08,28.21,28.39,28.02,28.33,3301970.0
2018-11-09,28.34,28.8,28.1791,28.73,2806415.0
2018-11-12,28.8,29.16,28.32,28.39,3653148.0
2018-11-13,28.48,28.74,27.99,28.13,2760318.0
2018-11-14,28.31,28.525,27.98,28.24,1885669.0
2018-11-15,28.11,28.22,27.62,28.17,2881357.0
2018-11-16,28.02,28.52,27.89,28.38,1625771.0
2018-11-19,28.3,28.62,27.89,27.96,2645898.0
2018-11-20,27.67,28.04,27.62,27.73,2005919.0
2018-11-21,27.78,28.155,27.65,27.76,1448533.0
2018-11-23,27.7,28.08,27.5731,27.95,900910.0
2018-11-26,28.19,28.24,27.75,28.05,2197448.0
2018-11-27,27.97,28.19,27.73,27.79,2676161.0
2018-11-28,27.78,28.37,27.76,28.29,3175727.0
2018-11-29,28.27,28.4099,28.06,28.24,4009696.0
2018-11-30,27.93,28.15,26.79,27.01,4302989.0
2018-12-03,27.27,28.13,27.12,27.98,3715426.0
2018-12-04,27.97,28.14,26.88,27.52,5108018.0
2018-12-06,27.34,28.25,26.52,27.7,4331739.0
2018-12-07,27.65,27.96,26.84,27.04,4597063.0
2018-12-10,27.06,27.985,26.93,27.88,3433866.0
2018-12-11,28.21,28.63,27.61,27.76,3472248.0
2018-12-12,28.15,28.46,27.855,28.04,4309669.0
2018-12-13,28.13,28.33,26.865,27.03,3531138.0
2018-12-14,26.82,27.38,26.73,26.98,2836141.0
2018-12-17,26.85,27.04,26.08,26.23,3227974.0
2018-12-18,26.38,26.55,25.84,26.02,3883190.0
2018-12-19,26.08,26.24,25.04,25.1,3514658.0
2018-12-20,25.03,25.07,24.44,24.52,4190910.0
2018-12-21,24.52,24.87,23.845,23.94,4434618.0
2018-12-24,23.84,24.19,23.605,23.63,1678071.0
2018-12-26,23.76,24.88,23.62,24.84,3066263.0
2018-12-27,24.58,25.13,24.24,25.12,3214414.0
2018-12-28,25.3,25.49,24.99,25.23,2151268.0
2018-12-31,25.35,25.455,25.05,25.37,2139675.0
2019-01-02,25.04,25.6,24.99,25.58,3916696.0
2019-01-03,25.49,25.49,24.62,24.69,3607999.0
2019-01-04,24.97,25.46,24.89,25.46,2965249.0
2019-01-07,25.44,25.64,25.22,25.3,2923416.0
2019-01-08,25.56,25.66,25.19,25.45,3359928.0
2019-01-09,25.53,25.9215,25.44,25.68,3290033.0
2019-01-10,25.62,25.775,25.39,25.6,3411119.0
2019-01-11,25.6,25.815,25.45,25.78,2593798.0
2019-01-14,25.53,25.96,25.52,25.57,3607440.0
2019-01-15,25.52,25.735,25.32,25.34,3872260.0
2019-01-16,25.4,25.51,24.79,25.03,4719516.0
2019-01-17,24.93,25.46,24.91,25.24,3205215.0
2019-01-18,25.13,25.745,24.995,25.63,2861735.0
2019-01-22,25.6,25.75,24.88,25.08,3552725.0
2019-01-23,25.2,25.74,25.2,25.37,2596165.0
2019-01-24,25.43,25.76,25.415,25.7,3097199.0
2019-01-25,25.88,25.97,25.605,25.91,3001400.0
2019-01-28,25.66,25.79,25.21,25.76,2964015.0
2019-01-29,25.75,25.79,25.33,25.65,2454295.0
2019-01-30,25.82,25.82,25.41,25.52,1677269.0
2019-01-31,24.79,24.82,22.96,23.59,12991246.0
2019-02-01,23.665,24.03,23.5,23.99,6252156.0
2019-02-04,23.96,23.99,23.45,23.62,3299514.0
2019-02-05,23.67,24.05,23.61,23.93,5185692.0
2019-02-06,23.88,24.03,23.66,24.01,2348412.0
2019-02-07,23.88,24.015,23.83,23.98,2989256.0
2019-02-08,23.79,24.03,23.79,23.91,2508989.0
2019-02-11,23.9,24.105,23.83,23.94,2533525.0
2019-02-12,24.0,24.18,23.92,24.07,2472823.0
2019-02-13,24.19,24.375,24.015,24.25,2935059.0
2019-02-14,24.11,24.61,24.1,24.2,2469552.0
2019-02-15,24.25,24.29,23.94,24.1,3053922.0
2019-02-19,24.13,24.235,23.99,24.21,3268588.0
2019-02-20,24.13,24.305,23.84,23.9,4085335.0
2019-02-21,23.99,24.7,23.94,24.57,3323727.0
2019-02-22,24.66,25.25,24.65,25.08,3109445.0
2019-02-25,25.4,25.51,24.23,24.25,3906615.0
2019-02-26,24.17,24.41,24.11,24.27,1823334.0
2019-02-27,24.25,24.74,24.25,24.32,2623029.0
2019-02-28,24.25,24.25,23.93,24.15,4017947.0
2019-03-01,24.2,24.5,24.14,24.14,3270156.0
2019-03-04,24.18,24.1905,23.91,23.93,2811319.0
2019-03-05,23.97,24.04,23.775,23.89,5484628.0
2019-03-06,23.96,24.08,23.53,23.53,5401126.0
2019-03-07,23.53,24.79,23.53,24.16,6898523.0
2019-03-08,24.02,24.97,23.96,24.95,4271715.0
2019-03-11,25.0,25.0,24.585,24.87,3011962.0
2019-03-12,24.92,24.92,23.79,24.13,4987322.0
2019-03-13,24.21,24.36,23.94,24.21,4096402.0
2019-03-14,24.21,24.5,24.07,24.25,3501977.0
2019-03-15,24.15,24.5,24.15,24.35,5195067.0
2019-03-18,24.4,24.45,24.04,24.32,2417370.0
2019-03-19,24.37,24.52,24.19,24.22,2452111.0
2019-03-20,24.31,24.34,23.69,23.8,3246490.0
2019-03-21,23.82,24.27,23.73,24.24,2815963.0
2019-03-22,24.15,24.35,24.12,24.13,2542774.0
2019-03-25,24.07,24.16,23.9,23.92,2124349.0
2019-03-26,24.01,24.315,23.86,24.29,2272193.0
2019-03-27,24.33,24.47,24.105,24.41,2093680.0
2019-03-28,24.5,24.576,24.11,24.11,2269405.0
2019-03-29,24.19,24.19,23.82,23.94,2846573.0
2019-04-01,24.04,24.38,23.95,24.33,4317020.0
2019-04-02,24.41,24.49,24.175,24.44,2651738.0
2019-04-03,24.55,24.685,24.375,24.4,2656689.0
2019-04-04,24.5,24.94,24.5,24.76,2211043.0
2019-04-05,24.78,25.095,24.77,24.93,2512928.0
2019-04-08,24.89,25.2,24.78,25.16,1856977.0
2019-04-09,25.14,25.14,24.75,24.79,1890661.0
2019-04-10,24.78,25.08,24.78,25.07,1757427.0
2019-04-11,25.15,25.49,25.15,25.23,2726736.0
2019-04-12,25.4,25.82,25.3,25.79,2181118.0
2019-04-15,25.89,26.15,25.78,26.06,1928795.0
2019-04-16,26.11,26.52,26.08,26.49,2014689.0
2019-04-17,26.53,26.68,26.31,26.61,1898136.0
2019-04-18,26.57,27.01,26.51,27.0,2050796.0
2019-04-22,26.93,27.015,26.69,26.71,1579433.0
2019-04-23,26.75,26.75,26.04,26.31,4428852.0
2019-04-24,26.35,26.3531,25.87,26.15,3051317.0
2019-04-25,26.03,26.08,25.7,26.04,2635428.0
2019-04-26,26.18,26.92,26.17,26.83,2721294.0
2019-04-29,26.76,27.04,26.73,27.03,1900856.0
2019-04-30,27.05,27.375,26.98,27.21,2840519.0
2019-05-01,27.31,27.36,26.43,26.45,3294522.0
2019-05-02,26.3,26.7457,26.25,26.71,2294902.0
2019-05-03,26.79,26.8825,26.62,26.65,1973174.0
2019-05-06,26.41,27.025,26.3,26.97,2649885.0
2019-05-07,26.82,27.215,26.73,26.85,2691063.0
2019-05-08,26.79,26.85,26.25,26.52,3101204.0
2019-05-09,26.35,26.915,26.3,26.8,2295548.0
2019-05-10,26.78,27.29,26.69,27.19,1631584.0
2019-05-13,26.79,27.27,26.685,27.17,2122096.0
2019-05-14,27.22,27.435,27.12,27.14,2009583.0
2019-05-15,27.06,27.43,26.92,27.4,1595138.0
2019-05-16,27.44,27.63,27.355,27.44,1398923.0
2019-05-17,27.31,27.56,26.99,27.02,2429919.0
2019-05-20,26.99,27.09,26.86,26.98,1650892.0
2019-05-21,27.09,27.45,26.94,27.34,1846808.0
2019-05-22,27.27,27.32,26.91,26.96,2029456.0
2019-05-23,26.86,27.24,26.7,27.22,1977826.0
2019-05-24,27.24,27.54,27.145,27.54,1585399.0
2019-05-28,27.59,27.68,27.06,27.1,3029773.0
2019-05-29,26.94,26.97,26.385,26.53,3258932.0
2019-05-30,26.56,26.75,26.5,26.66,1747735.0
2019-05-31,26.58,26.62,26.13,26.25,2844067.0
2019-06-03,26.19,26.78,26.0,26.6,2542475.0
2019-06-04,26.7,27.16,26.69,27.1,3233518.0
2019-06-05,27.3,27.6,27.07,27.55,2068584.0
2019-06-06,27.6,27.74,27.08,27.2,2016613.0
2019-06-07,27.31,27.515,27.16,27.21,2465714.0
2019-06-10,27.25,27.3,26.72,26.94,3819288.0
2019-06-11,27.47,29.29,27.11,27.78,7567171.0
2019-06-12,27.7,28.24,27.42,28.07,5594834.0
2019-06-13,28.07,28.57,27.98,28.43,2292258.0
2019-06-14,28.45,29.02,28.37,28.69,2846799.0
2019-06-17,28.78,28.83,28.26,28.35,2593369.0
2019-06-18,28.39,28.71,28.18,28.47,3057894.0
2019-06-19,28.42,28.74,28.27,28.62,3769617.0
2019-06-20,28.41,28.41,27.88,28.04,2783614.0
2019-06-21,27.95,27.99,27.715,27.9,2721786.0
2019-06-24,27.89,27.98,27.54,27.61,1467737.0
2019-06-25,27.64,28.0,27.62,27.87,3862625.0
2019-06-26,27.94,28.4,27.765,28.25,6568703.0
2019-06-27,28.37,29.08,28.32,29.01,3679007.0
2019-06-28,29.04,29.55,28.96,29.3,4375754.0
2019-07-01,29.45,29.62,28.75,28.96,3404454.0
2019-07-02,28.97,28.97,28.02,28.81,3042930.0
2019-07-03,28.91,29.33,28.67,29.09,1909790.0
2019-07-05,28.96,29.01,28.67,28.83,1606625.0
2019-07-08,28.83,29.24,28.81,29.12,3230909.0
2019-07-09,28.7,29.12,28.7,28.84,3255547.0
2019-07-10,28.83,28.89,28.34,28.44,2692220.0
2019-07-11,28.56,28.58,28.05,28.13,2236816.0
2019-07-12,28.12,28.37,28.085,28.33,2151097.0
2019-07-15,28.27,28.315,27.825,27.96,1746952.0
2019-07-16,28.03,28.49,28.03,28.44,2077407.0
2019-07-17,28.5,28.5,28.09,28.19,1694222.0
2019-07-18,28.1,28.41,28.01,28.18,3166464.0
2019-07-19,28.23,28.505,28.01,28.02,3140435.0
2019-07-22,28.13,28.21,27.875,27.9,1780003.0
2019-07-23,27.95,27.98,27.2,27.77,2289159.0
2019-07-24,27.72,28.12,27.51,27.99,2736082.0
2019-07-25,27.9,27.9,27.42,27.44,3249089.0
2019-07-26,27.46,27.61,27.36,27.45,1680341.0
2019-07-29,27.51,27.87,27.49,27.79,1505370.0
2019-07-30,27.75,27.98,27.57,27.86,1951653.0
2019-07-31,27.81,27.92,27.5799,27.69,2771783.0
2019-08-01,27.73,28.075,27.4,27.47,2142833.0
2019-08-02,27.47,27.63,27.23,27.47,1349728.0
2019-08-05,27.38,27.4,26.52,26.7,2101752.0
2019-08-06,26.74,26.935,26.625,26.91,1795962.0
2019-08-07,26.75,27.16,26.58,27.1,2143811.0
2019-08-08,27.26,27.74,27.22,27.7,2952435.0
2019-08-09,27.6,27.63,27.195,27.47,2435109.0
2019-08-12,27.37,27.46,26.965,27.09,2294276.0
2019-08-13,27.07,27.86,26.98,27.78,2575768.0
2019-08-14,27.48,27.515,27.125,27.18,2103701.0
2019-08-15,27.24,27.505,27.1,27.25,2176266.0
2019-08-16,27.38,27.7,27.3,27.52,2647174.0
2019-08-19,27.81,27.84,27.67,27.68,1815158.0
2019-08-20,27.63,27.705,27.115,27.21,2089612.0
2019-08-21,27.32,27.36,26.93,27.05,2448230.0
2019-08-22,27.12,27.31,27.02,27.2,2165999.0
2019-08-23,27.13,27.265,26.615,26.71,2911955.0
2019-08-26,26.92,27.35,26.92,27.16,3187495.0
2019-08-27,27.25,27.28,26.61,26.9,3691867.0
2019-08-28,26.8,27.18,26.71,26.88,4138394.0
2019-08-29,25.96,26.04,23.87,24.37,9770250.0
2019-08-30,24.23,24.54,23.9,24.22,5237244.0
2019-09-03,24.11,24.52,24.05,24.26,6135662.0
2019-09-04,24.32,24.3846,24.07,24.18,5540857.0
2019-09-05,24.32,24.37,24.08,24.24,3382052.0
2019-09-06,24.34,24.5,24.1,24.14,3505990.0
2019-09-09,24.17,24.285,23.97,24.2,4465267.0
2019-09-10,24.1,24.52,24.0,24.45,5635505.0
2019-09-11,24.35,24.66,24.31,24.64,3696435.0
2019-09-12,24.51,24.64,24.09,24.09,2936976.0
2019-09-13,24.1,24.64,24.1,24.17,2581602.0
2019-09-16,24.02,24.155,23.92,24.06,2278528.0
2019-09-17,24.04,24.23,23.955,24.05,2906014.0
2019-09-18,24.05,24.17,23.81,24.05,3038338.0
2019-09-19,24.11,24.11,23.675,23.75,2267087.0
2019-09-20,23.85,23.89,23.42,23.42,4493886.0
2019-09-23,23.35,23.88,23.25,23.74,2284166.0
2019-09-24,23.82,23.92,23.52,23.7,2317391.0
2019-09-25,23.72,23.85,23.515,23.56,2162224.0
2019-09-26,23.56,23.65,23.42,23.64,2366962.0
2019-09-27,23.74,23.86,23.155,23.33,3382331.0
2019-09-30,23.24,23.705,23.24,23.62,3363265.0
2019-10-01,23.64,23.88,23.37,23.39,2465432.0
2019-10-02,23.29,23.535,23.19,23.43,3909715.0
2019-10-03,23.29,23.56,23.105,23.55,2640151.0
2019-10-04,23.66,23.66,23.11,23.4,2207969.0
2019-10-07,23.32,23.7,23.29,23.56,3130864.0
2019-10-08,23.47,23.47,23.01,23.11,2405407.0
2019-10-09,23.19,23.4,23.09,23.26,2738068.0
2019-10-10,23.26,23.8,23.26,23.63,2958265.0
2019-10-11,23.76,23.9,23.575,23.63,2213102.0
2019-10-14,23.56,23.78,23.51,23.61,2050612.0
2019-10-15,23.66,23.75,22.985,23.44,4057879.0
2019-10-16,23.46,23.66,23.32,23.6,3174837.0
2019-10-17,23.66,23.845,23.55,23.72,1959541.0
2019-10-18,23.66,23.7499,23.27,23.28,2109046.0
2019-10-21,23.38,23.795,23.38,23.73,2972876.0
2019-10-22,23.76,24.38,23.74,24.35,2389613.0
2019-10-23,24.35,24.77,24.15,24.61,3097624.0
2019-10-24,24.69,24.88,24.39,24.87,1765070.0
2019-10-25,24.9,25.285,24.795,25.18,2188577.0
2019-10-28,25.21,25.38,24.9,24.93,2043170.0
2019-10-29,24.89,25.06,24.84,24.91,1472172.0
2019-10-30,24.85,25.12,24.71,25.12,1562640.0
2019-10-31,25.14,25.14,24.77,24.99,2739028.0
2019-11-01,25.03,25.18,24.9,24.95,1661315.0
2019-11-04,25.03,25.3,24.92,24.95,2274607.0
2019-11-05,25.11,25.29,25.0,25.02,2794521.0
2019-11-06,25.06,25.13,24.75,25.12,2109145.0
2019-11-07,25.21,25.44,25.1,25.14,2414651.0
2019-11-08,24.76,24.97,23.703,24.42,7358979.0
2019-11-11,24.36,24.64,24.29,24.6,2426415.0
2019-11-12,24.6,24.76,24.48,24.58,1906526.0
2019-11-13,24.57,24.72,24.277,24.32,2622153.0
2019-11-14,24.35,24.76,24.3,24.74,2255250.0
2019-11-15,24.86,25.06,24.6,24.92,2119283.0
2019-11-18,24.85,25.0,24.55,24.86,2797906.0
2019-11-19,24.78,25.04,24.635,24.65,2281866.0
2019-11-20,24.54,24.6,24.35,24.49,3358970.0
2019-11-21,24.48,24.6,24.325,24.34,3012780.0
2019-11-22,24.38,24.63,24.25,24.51,2670518.0
2019-11-25,24.6,24.64,24.31,24.4,3558924.0
2019-11-26,24.41,24.71,24.06,24.41,16600760.0
2019-11-27,24.49,25.0,24.16,24.72,3440054.0
2019-11-29,24.69,24.71,24.315,24.38,1499107.0
2019-12-02,24.39,24.51,24.05,24.07,3363928.0
2019-12-03,23.9,24.0,23.59,23.6,4042016.0
2019-12-04,23.62,23.85,23.39,23.39,5179603.0
2019-12-05,23.46,23.895,22.79,23.36,6549443.0
2019-12-06,23.38,23.805,23.2563,23.5,5822735.0
2019-12-09,23.56,23.73,23.105,23.13,5224817.0
2019-12-10,23.15,23.545,23.01,23.16,4794255.0
2019-12-11,23.11,23.16,22.915,23.02,4322965.0
2019-12-12,23.05,23.58,22.965,23.51,5846509.0
2019-12-13,23.57,23.77,23.37,23.49,3571817.0
2019-12-16,23.57,23.8,23.2,23.34,4884951.0
2019-12-17,23.4,23.87,23.34,23.4,3217535.0
2019-12-18,23.39,23.53,23.23,23.46,3879435.0
2019-12-19,23.43,23.705,23.43,23.43,5148964.0
2019-12-20,23.47,23.66,23.33,23.63,4433428.0
2019-12-23,23.75,23.8453,23.4,23.4,1995875.0
2019-12-24,23.4,23.47,23.19,23.34,994909.0
2019-12-26,23.43,23.5,23.26,23.39,1825826.0
2019-12-27,23.41,23.51,23.36,23.39,1710555.0
2019-12-30,23.46,23.5,23.28,23.37,2566878.0
2019-12-31,23.32,23.515,23.31,23.48,2812478.0
2020-01-02,23.6,23.6,23.315,23.48,2865737.0
2020-01-03,23.29,23.52,23.19,23.46,2626564.0
2020-01-06,23.36,23.63,23.26,23.53,3233861.0
2020-01-07,23.5,23.615,23.43,23.52,2921463.0
2020-01-08,23.52,23.63,23.34,23.38,2328596.0
2020-01-09,23.46,23.6,23.275,23.45,3105027.0
2020-01-10,23.45,23.67,23.27,23.65,2825273.0
2020-01-13,23.7,23.895,23.58,23.77,2735014.0
2020-01-14,23.79,23.94,23.72,23.94,2522238.0
2020-01-15,24.04,24.72,23.98,24.54,5251132.0
2020-01-16,24.61,25.11,24.61,24.97,4541242.0
2020-01-17,24.98,25.0,24.36,24.47,3794200.0
2020-01-21,24.45,24.595,24.29,24.34,5126497.0
2020-01-22,24.41,24.47,24.22,24.26,3008640.0
2020-01-23,24.16,24.52,24.05,24.36,3064941.0
2020-01-24,24.38,24.51,23.87,23.94,2220859.0
2020-01-27,23.68,24.01,23.6,23.6,3264334.0
2020-01-28,23.69,23.77,23.45,23.72,2278889.0
2020-01-29,23.81,23.965,23.64,23.75,1746457.0
2020-01-30,23.56,23.625,23.07,23.47,3220215.0
2020-01-31,23.53,23.62,23.2,23.2,10591745.0
2020-02-03,23.23,23.445,22.525,22.53,3202372.0
2020-02-04,22.76,22.8,21.98,22.26,4067571.0
2020-02-05,22.4,23.355,22.3,23.28,4242763.0
2020-02-06,23.56,23.8,23.22,23.22,3668641.0
2020-02-07,23.15,23.22,22.26,22.31,2276566.0
2020-02-10,22.22,22.31,21.61,21.67,2303934.0
2020-02-11,21.88,22.21,21.78,22.03,2426349.0
2020-02-12,22.1,22.39,22.06,22.22,2262729.0
2020-02-13,22.15,22.51,22.01,22.48,1853225.0
2020-02-14,22.39,22.53,22.265,22.38,2367847.0
2020-02-18,22.38,22.98,22.36,22.98,2735634.0
2020-02-19,23.0,23.275,22.94,23.1,2141398.0
2020-02-20,23.08,23.71,23.0775,23.68,2876465.0
2020-02-21,23.62,23.71,23.2,23.47,2444363.0
2020-02-24,22.97,22.97,22.44,22.88,2695251.0
2020-02-25,22.98,23.0,21.88,21.96,2527119.0
2020-02-26,21.95,22.3,21.49,21.49,3848922.0
2020-02-27,21.15,21.81,20.7,21.27,3803976.0
2020-02-28,20.96,21.05,20.21,20.67,4753452.0
2020-03-02,20.77,21.5,20.141,21.5,5024307.0
2020-03-03,21.5,21.64,20.55,20.82,3715657.0
2020-03-04,21.09,21.88,20.89,21.87,2606062.0
2020-03-05,21.26,21.34,20.55,20.84,3346988.0
2020-03-06,19.11,19.83,17.61,19.79,8121059.0
2020-03-09,18.7,20.59,18.52,20.12,4352439.0
2020-03-10,20.4,20.975,19.93,20.82,5201633.0
2020-03-11,20.34,20.54,18.95,19.06,5073335.0
2020-03-12,18.05,18.6,14.53,15.72,5531138.0
2020-03-13,16.78,18.29,16.77,17.46,9755954.0
2020-03-16,15.84,17.37,14.65,15.72,5754940.0
2020-03-17,16.0,17.71,15.68,17.37,4315539.0
2020-03-18,16.2,16.63,13.61,14.74,4277368.0
2020-03-19,14.76,16.09,13.78,14.75,2831374.0
2020-03-20,15.0,15.39,12.755,13.08,5951977.0
2020-03-23,12.94,12.99,11.2901,12.38,3945243.0
2020-03-24,13.11,13.47,12.26,12.9,4423587.0
2020-03-25,13.03,14.165,12.38,13.8,5948637.0
2020-03-26,14.0,16.28,13.64,15.88,8059857.0
2020-03-27,15.14,15.86,14.57,15.08,4778518.0
2020-03-30,14.87,15.04,13.9,14.0,4351363.0
2020-03-31,14.14,14.63,13.93,14.08,4286810.0
2020-04-01,13.33,13.5,12.81,12.98,2894146.0
2020-04-02,12.84,13.49,12.305,12.56,3142527.0
2020-04-03,12.59,12.76,11.86,11.94,3251360.0
2020-04-06,12.81,13.64,12.61,13.56,4427129.0
2020-04-07,14.05,14.73,13.615,13.66,3696718.0
2020-04-08,13.84,14.71,13.7,14.56,2430322.0
2020-04-09,14.99,15.67,14.84,14.99,3924116.0
2020-04-13,14.89,14.97,14.235,14.49,2098431.0
2020-04-14,14.87,15.02,14.26,14.53,1983570.0
2020-04-15,13.88,14.13,13.45,13.52,2544095.0
2020-04-16,13.54,13.835,13.18,13.68,3054666.0
2020-04-17,14.25,14.71,14.095,14.36,3690271.0
2020-04-20,14.11,14.31,13.69,13.72,2244801.0
2020-04-21,13.25,14.06,13.2,13.89,2963436.0
2020-04-22,14.25,14.38,13.785,13.86,1939390.0
2020-04-23,13.93,14.39,13.91,14.25,2562954.0
2020-04-24,14.41,14.93,14.31,14.7,4132197.0
2020-04-27,14.84,15.055,14.71,14.9,2078601.0
2020-04-28,15.42,16.115,15.17,15.81,3379963.0
2020-04-29,16.31,16.85,16.23,16.78,9402656.0
2020-04-30,16.85,16.96,16.39,16.65,4436618.0
2020-05-01,16.11,16.47,15.91,16.06,2730618.0
2020-05-04,15.71,16.52,15.54,16.5,2753686.0
2020-05-05,16.55,16.77,15.84,15.86,2799331.0
2020-05-06,16.03,16.11,15.5,15.54,2033832.0
2020-05-07,15.7,16.135,15.39,15.6,2185301.0
2020-05-08,15.84,16.325,15.78,16.22,2374612.0
2020-05-11,16.22,16.22,15.66,16.06,1989121.0
2020-05-12,16.13,16.42,15.605,15.63,1803840.0
2020-05-13,15.54,15.6099,14.52,14.71,2901932.0
2020-05-14,14.41,15.45,14.11,15.37,2168567.0
2020-05-15,15.2,15.98,15.06,15.63,1978272.0
2020-05-18,16.34,17.25,16.34,16.73,2749707.0
2020-05-19,16.7,16.84,16.225,16.51,2078831.0
2020-05-20,16.79,16.925,16.515,16.68,2407738.0
2020-05-21,16.66,17.235,16.6567,16.99,2417182.0
2020-05-22,17.0,17.11,16.67,16.94,1412721.0
2020-05-26,17.72,17.88,17.42,17.59,2209962.0
2020-05-27,18.12,18.14,17.67,17.98,2553688.0
2020-05-28,18.05,18.055,17.22,17.27,1992874.0
2020-05-29,17.07,17.32,16.72,17.0,3195827.0
2020-06-01,17.05,17.61,17.005,17.37,2415274.0
2020-06-02,17.68,17.79,16.78,17.16,3561999.0
2020-06-03,17.46,18.31,17.46,18.07,2746841.0
2020-06-04,18.08,18.655,17.69,18.59,2165645.0
2020-06-05,19.19,19.74,18.95,18.97,3207754.0
2020-06-08,19.38,19.81,19.26,19.76,2443968.0
2020-06-09,19.33,19.38,18.69,19.1,2393116.0
2020-06-10,19.12,19.44,18.405,18.93,3682141.0
2020-06-11,17.88,18.21,17.36,17.37,2801997.0
2020-06-12,18.02,18.1769,17.301,17.87,3441927.0
2020-06-15,17.23,18.04,16.95,17.74,3740495.0
2020-06-16,18.4,18.48,17.5,18.03,4112729.0
2020-06-17,18.3,18.3268,16.25,16.32,7882694.0
2020-06-18,16.0,16.53,15.7,16.37,4844487.0
2020-06-19,16.67,16.75,15.425,15.73,7231199.0
2020-06-22,15.5,15.555,14.97,15.28,3811509.0
2020-06-23,15.45,16.075,15.39,15.76,4616225.0
2020-06-24,15.6,15.675,14.83,14.86,5280432.0
2020-06-25,14.46,14.52,13.885,14.1,5149885.0
2020-06-26,13.94,14.13,13.46,13.5,6172279.0
2020-06-29,13.59,14.38,13.55,14.21,3654349.0
2020-06-30,14.15,14.33,14.04,14.28,3112051.0
2020-07-01,14.28,14.63,13.99,14.0,3375314.0
2020-07-02,14.24,14.51,13.91,13.94,2676702.0
2020-07-06,14.21,14.49,13.8815,14.41,4540545.0
2020-07-07,14.22,14.31,14.05,14.11,3595347.0
2020-07-08,14.09,14.28,13.63,13.93,2728157.0
2020-07-09,13.89,13.89,13.045,13.15,3753443.0
2020-07-10,13.17,14.01,13.17,13.96,3075468.0
2020-07-13,14.09,14.45,13.855,14.09,3315847.0
2020-07-14,14.0,14.12,13.54,13.61,3943063.0
2020-07-15,14.2,15.345,14.17,15.26,4899693.0
2020-07-16,15.15,15.305,14.785,14.95,3163196.0
2020-07-17,14.99,15.095,14.54,14.74,3323908.0
2020-07-20,14.56,14.695,14.06,14.14,3299864.0
2020-07-21,14.3,14.77,14.29,14.37,2929882.0
2020-07-22,14.28,14.42,14.2,14.36,3054315.0
2020-07-23,14.28,14.745,14.21,14.55,2029892.0
2020-07-24,14.6,14.82,14.46,14.65,2264814.0
2020-07-27,14.58,14.85,14.47,14.82,2297411.0
2020-07-28,14.78,15.075,14.61,14.79,2557777.0
2020-07-29,14.98,15.3,14.72,14.94,3286727.0
2020-07-30,14.8,14.96,14.56,14.85,2267819.0
2020-07-31,14.8,14.97,14.39,14.5,7430386.0
2020-08-03,14.53,14.57,14.02,14.04,4219742.0
2020-08-04,13.97,14.19,13.85,13.9,4734259.0
2020-08-05,14.0,14.19,13.83,14.17,4173190.0
2020-08-06,14.11,14.915,14.11,14.8,3060469.0
2020-08-07,14.7,15.4,14.465,15.35,3349320.0
2020-08-10,15.34,15.515,15.16,15.45,2211956.0
2020-08-11,15.74,15.98,15.435,15.49,2023151.0
2020-08-12,15.63,15.71,15.01,15.14,2253858.0
2020-08-13,15.05,15.23,14.775,14.88,1905206.0
2020-08-14,14.79,15.3,14.69,15.11,1400245.0
2020-08-17,15.1,15.25,14.7001,15.14,2189554.0
2020-08-18,15.1,15.14,14.845,14.92,1363165.0
2020-08-19,14.81,15.0755,14.72,14.75,1490945.0
2020-08-20,14.6,14.68,14.3,14.34,1969861.0
2020-08-21,14.33,14.925,14.33,14.62,2353653.0
2020-08-24,14.7,15.0,14.35,14.87,1956476.0
2020-08-25,14.9,15.03,14.475,14.72,1714776.0
2020-08-26,14.68,14.755,14.245,14.26,1927248.0
2020-08-27,14.31,14.8,14.27,14.76,2259056.0
2020-08-28,14.8,14.935,14.4199,14.89,2430336.0
2020-08-31,15.07,15.07,14.445,14.5,3595793.0
2020-09-01,14.36,14.66,14.25,14.63,4616362.0
2020-09-02,14.27,15.015,13.83,14.79,5895241.0
2020-09-03,15.04,15.47,14.86,15.04,4399048.0
2020-09-04,15.16,15.44,15.001,15.15,4238818.0
2020-09-08,15.27,15.78,15.08,15.42,5725089.0
2020-09-09,15.76,15.8,15.3,15.33,4638262.0
2020-09-10,15.08,15.195,14.61,14.71,4199106.0
2020-09-11,14.73,15.185,14.545,14.99,4798689.0
2020-09-14,15.06,15.31,14.7,14.72,4383771.0
2020-09-15,14.71,14.89,14.39,14.7,5605391.0
2020-09-16,14.76,15.235,14.73,14.89,5377415.0
2020-09-17,14.7,15.0,14.57,14.99,5740030.0
2020-09-18,14.99,14.99,13.78,13.9,47106330.0
2020-09-21,13.64,14.43,13.51,14.18,9252004.0
2020-09-22,14.23,14.55,14.04,14.2,9378534.0
2020-09-23,14.34,14.59,14.2,14.48,5220733.0
2020-09-24,14.41,14.97,14.235,14.92,5300629.0
2020-09-25,14.83,15.475,14.83,15.29,4293563.0
2020-09-28,15.46,16.03,15.425,15.81,5140661.0
2020-09-29,15.75,16.34,15.75,16.2,4590601.0
2020-09-30,16.3,16.6,16.28,16.29,4005407.0
2020-10-01,16.35,16.685,16.215,16.66,4280337.0
2020-10-02,16.3,16.67,16.3,16.49,3356167.0
2020-10-05,16.54,16.82,16.54,16.64,3436447.0
2020-10-06,16.78,17.17,16.74,16.8,3261180.0
2020-10-07,17.05,17.38,17.035,17.24,3087157.0
2020-10-08,17.36,17.77,17.285,17.73,2942824.0
2020-10-09,17.8,17.85,17.41,17.41,2327664.0
2020-10-12,17.4,17.94,17.35,17.68,3096219.0
2020-10-13,17.65,17.98,17.54,17.56,3167935.0
2020-10-14,17.39,17.78,17.3704,17.46,2405065.0
2020-10-15,17.35,17.69,17.32,17.47,2659882.0
2020-10-16,17.49,17.715,17.43,17.44,2853994.0
2020-10-19,17.57,17.8181,17.46,17.67,4122059.0
2020-10-20,17.97,18.295,17.79,17.96,2822998.0
2020-10-21,17.88,18.285,17.78,18.15,2154936.0
2020-10-22,18.22,18.715,18.07,18.68,2420100.0
2020-10-23,18.76,18.815,18.38,18.4,2758575.0
2020-10-26,18.18,18.4278,18.05,18.38,3089509.0
2020-10-27,18.24,18.38,17.9,17.96,2061660.0
2020-10-28,17.65,17.78,17.05,17.05,2580199.0
2020-10-29,17.01,17.9,16.9,17.78,2707436.0
2020-10-30,17.66,17.95,17.165,17.26,3362052.0
2020-11-02,17.44,17.63,17.02,17.06,3047436.0
2020-11-03,17.32,17.9,17.27,17.58,2137351.0
2020-11-04,17.34,17.775,17.17,17.22,2844561.0
2020-11-05,17.3,17.9,17.23,17.85,4050058.0
2020-11-06,17.88,17.9599,17.3702,17.5,1472778.0
2020-11-09,18.73,19.36,18.31,18.34,2506647.0
2020-11-10,18.44,18.56,18.0,18.04,2562760.0
2020-11-11,18.15,18.19,17.8,17.88,2741480.0
2020-11-12,17.71,17.79,17.045,17.2,2126346.0
2020-11-13,17.33,17.495,17.22,17.46,1813491.0
2020-11-16,17.82,17.945,17.2,17.62,4663875.0
2020-11-17,17.46,18.36,17.305,18.28,3106614.0
2020-11-18,18.35,18.77,18.18,18.43,2330818.0
2020-11-19,18.34,18.44,17.875,18.07,1585420.0
2020-11-20,17.89,18.0,17.74,17.93,1522260.0
2020-11-23,18.19,18.475,17.99,18.33,1795768.0
2020-11-24,18.53,19.285,18.41,19.18,2573423.0
2020-11-25,19.2,19.2,18.6,18.67,1962892.0
2020-11-27,18.59,19.04,18.59,19.0,1013369.0
2020-11-30,19.0,19.09,18.72,18.8,2602312.0
2020-12-01,19.06,19.22,18.66,18.7,2477746.0
2020-12-02,18.8,18.84,18.31,18.46,2026477.0
2020-12-03,18.4,18.4901,18.06,18.14,2824035.0
2020-12-04,17.89,18.39,17.76,18.19,2970727.0
2020-12-07,18.12,18.18,17.51,17.7,3067315.0
2020-12-08,17.16,17.4,16.12,16.3,7718169.0
2020-12-09,16.3,16.799,16.265,16.38,6173695.0
2020-12-10,16.31,16.3688,15.655,15.96,5189315.0
2020-12-11,15.86,16.08,15.52,15.91,4542425.0
2020-12-14,16.0,16.01,15.555,15.74,4469688.0
2020-12-15,15.83,16.255,15.67,16.11,3600305.0
2020-12-16,16.15,16.15,15.755,15.93,2708592.0
2020-12-17,15.9,16.04,15.67,15.82,3113837.0
2020-12-18,15.85,15.91,15.3,15.5,6684187.0
2020-12-21,15.29,15.33,14.95,15.2,3104283.0
2020-12-22,15.2,15.245,14.91,15.16,2139561.0
2020-12-23,15.41,15.665,15.28,15.57,3492686.0
2020-12-24,15.57,15.65,15.29,15.47,1094431.0
2020-12-28,15.55,16.02,15.55,15.81,2491091.0
2020-12-29,15.85,15.9,15.64,15.66,1780295.0
2020-12-30,15.66,15.87,15.25,15.51,3447944.0
2020-12-31,15.47,15.925,15.4283,15.86,2605993.0
2021-01-04,15.85,15.9,15.425,15.66,3283597.0
2021-01-05,15.55,15.905,15.42,15.83,2693716.0
2021-01-06,16.05,16.4076,15.94,16.16,3574937.0
2021-01-07,16.23,16.29,15.8921,15.91,2727176.0
2021-01-08,16.19,16.19,15.74,15.91,2319251.0
2021-01-11,15.8,16.235,15.8,16.13,2164994.0
2021-01-12,16.2,16.375,16.055,16.36,2217940.0
2021-01-13,16.41,16.57,16.21,16.44,2588201.0
2021-01-14,16.5,16.65,16.09,16.12,2806040.0
2021-01-15,16.07,16.5,15.9,16.5,2629939.0
2021-01-19,16.46,16.56,16.12,16.41,3249691.0
2021-01-20,16.48,16.95,16.44,16.88,2763553.0
2021-01-21,16.71,16.86,16.55,16.67,2001642.0
2021-01-22,16.49,16.765,16.425,16.68,2558607.0
2021-01-25,16.61,17.07,16.53,16.89,2302833.0
2021-01-26,17.02,18.57,17.0,18.44,5901589.0
2021-01-27,18.21,20.75,18.07,18.58,9041654.0
2021-01-28,18.44,18.56,17.57,17.58,4192248.0
2021-01-29,17.65,18.1,17.195,17.23,3738637.0
2021-02-01,17.39,18.2,17.22,18.16,4146371.0
2021-02-02,18.32,18.79,18.21,18.54,3232318.0
2021-02-03,18.5,18.78,18.39,18.55,2775227.0
2021-02-04,18.58,18.87,18.17,18.65,3896290.0
2021-02-05,18.76,19.125,18.67,18.98,2734691.0
2021-02-08,19.08,19.21,18.95,19.03,1877177.0
2021-02-09,19.17,19.355,19.0,19.27,1217554.0
2021-02-10,19.46,19.88,19.27,19.71,1961418.0
2021-02-11,19.68,19.8,19.2,19.31,1885740.0
2021-02-12,19.23,19.61,19.23,19.6,1857162.0
2021-02-16,19.64,19.84,19.43,19.71,2695351.0
2021-02-17,19.64,19.835,19.35,19.36,1787953.0
2021-02-18,19.35,19.695,19.31,19.48,1663400.0
2021-02-19,19.36,19.585,19.12,19.22,2042326.0
2021-02-22,19.26,19.65,19.2,19.45,1659165.0
2021-02-23,19.55,19.705,19.1,19.62,1863663.0
2021-02-24,19.72,19.77,19.355,19.53,2714610.0
2021-02-25,19.5,19.84,19.03,19.05,2694865.0
2021-02-26,19.11,19.4,18.75,19.23,3661102.0
2021-03-01,19.55,20.025,19.4,19.87,1624365.0
2021-03-02,19.92,19.93,19.55,19.67,1254441.0
2021-03-03,19.71,19.89,19.45,19.74,1758442.0
2021-03-04,19.75,19.84,19.15,19.58,2618636.0
2021-03-05,19.68,20.04,19.355,19.91,1929015.0
2021-03-08,19.98,20.18,19.81,20.12,2797295.0
2021-03-09,20.13,20.15,19.66,19.76,2295482.0
2021-03-10,19.75,20.71,19.17,20.6,3127950.0
2021-03-11,20.65,20.98,20.32,20.77,2685850.0
2021-03-12,20.81,21.2281,20.74,21.17,2131156.0
2021-03-15,21.06,21.135,20.61,20.86,2104735.0
2021-03-16,20.76,21.06,20.6,20.67,2117928.0
2021-03-17,20.73,21.01,20.66,20.77,1934766.0
2021-03-18,20.71,21.19,20.415,20.96,2378919.0
2021-03-19,21.01,21.44,20.77,21.38,5286034.0
2021-03-22,21.37,21.39,20.215,20.35,2833605.0
2021-03-23,20.24,20.25,19.715,19.85,2845924.0
2021-03-24,19.95,20.37,19.82,19.82,1746361.0
2021-03-25,19.84,20.635,19.56,20.55,1731921.0
2021-03-26,20.79,20.9,20.48,20.87,1547914.0
2021-03-29,21.25,21.32,20.99,21.17,2477910.0
2021-03-30,21.14,21.9,20.83,21.79,4909391.0
2021-03-31,21.75,21.95,21.56,21.8,2234314.0
2021-04-01,21.95,22.3,21.66,22.29,2622642.0
2021-04-05,22.44,22.64,22.18,22.45,1727091.0
2021-04-06,22.43,22.65,22.2701,22.56,1975589.0
2021-04-07,22.64,22.79,22.5,22.79,1246916.0
2021-04-08,22.68,22.68,22.315,22.52,1419989.0
2021-04-09,22.55,22.99,22.4,22.84,1858900.0
2021-04-12,22.79,22.93,22.64,22.68,1342405.0
2021-04-13,22.5,22.6,22.285,22.4,2062071.0
2021-04-14,22.35,22.425,22.08,22.12,1785230.0
2021-04-15,22.2,22.25,21.83,21.96,1359058.0
2021-04-16,22.21,22.21,22.01,22.09,1210434.0
2021-04-19,22.1,22.18,21.84,21.86,1388949.0
2021-04-20,21.85,22.04,21.735,21.93,1264410.0
2021-04-21,22.0,22.325,21.93,22.2,1860942.0
2021-04-22,22.12,22.25,22.01,22.08,1604953.0
2021-04-23,22.06,22.25,21.94,22.19,1061737.0
2021-04-26,22.27,22.3,22.01,22.08,1032374.0
2021-04-27,22.12,22.44,22.1,22.31,1141040.0
2021-04-28,22.41,22.61,22.255,22.4,1715154.0
2021-04-29,22.5,22.67,22.23,22.34,1560472.0
2021-04-30,22.22,22.42,22.14,22.26,1553446.0
2021-05-03,22.2,22.59,22.1199,22.33,1943441.0
2021-05-04,22.3,22.69,22.3,22.68,1808255.0
2021-05-05,22.69,23.035,22.56,22.85,1760262.0
2021-05-06,22.96,23.34,22.96,23.3,1926029.0
2021-05-07,23.3,23.5399,23.17,23.46,1092925.0
2021-05-10,23.57,24.1,23.43,23.85,1666586.0
2021-05-11,23.64,23.85,23.42,23.66,1550094.0
2021-05-12,23.64,23.71,23.23,23.32,1263705.0
2021-05-13,23.3,24.52,23.1536,24.4,2232749.0
2021-05-14,24.46,24.575,24.27,24.55,1324630.0
2021-05-17,24.5,25.03,24.5,24.96,1250203.0
2021-05-18,25.04,25.17,24.79,24.81,1223774.0
2021-05-19,24.59,25.025,24.29,24.93,1475368.0
2021-05-20,24.82,24.96,24.47,24.49,2045990.0
2021-05-21,24.64,25.84,24.59,25.72,3799975.0
2021-05-24,25.67,25.9619,24.37,24.4,3270659.0
2021-05-25,24.66,25.0,24.515,24.58,1794794.0
2021-05-26,24.64,24.78,24.52,24.77,1378457.0
2021-05-27,24.86,24.94,24.59,24.76,1749135.0
2021-05-28,24.72,24.82,24.58,24.82,1714879.0
2021-06-01,24.99,24.99,24.46,24.61,1046345.0
2021-06-02,24.73,24.85,24.545,24.59,1601229.0
2021-06-03,24.57,24.98,24.42,24.97,1328462.0
2021-06-04,24.99,25.36,24.89,25.29,1406611.0
2021-06-07,25.2,25.3,24.97,25.11,1434843.0
2021-06-08,25.11,25.815,24.96,25.76,1355184.0
2021-06-09,25.72,26.05,25.55,25.81,1164444.0
2021-06-10,25.88,25.98,25.62,25.74,1114142.0
2021-06-11,25.79,26.2,25.78,26.19,1569119.0
2021-06-14,26.14,26.23,25.46,25.52,2043765.0
2021-06-15,25.52,25.575,24.97,25.26,2918310.0
2021-06-16,24.11,24.7,22.81,23.62,8881305.0
2021-06-17,23.73,24.015,23.04,23.25,3428350.0
2021-06-18,23.07,23.79,22.95,23.56,3529617.0
2021-06-21,23.75,24.23,23.68,24.18,2208149.0
2021-06-22,24.28,24.375,24.1,24.26,1895185.0
2021-06-23,24.24,24.635,24.23,24.42,1955691.0
2021-06-24,24.22,24.37,24.01,24.21,1657087.0
2021-06-25,24.2,24.315,23.975,24.02,2515136.0
2021-06-28,23.89,23.9425,23.035,23.2,2558625.0
2021-06-29,23.23,23.635,23.19,23.34,1344800.0
2021-06-30,23.33,23.51,23.175,23.48,1367541.0
2021-07-01,23.53,24.0,23.42,23.78,1902374.0
2021-07-02,23.81,23.96,23.65,23.78,1636112.0
2021-07-06,23.71,23.9,23.44,23.6,2474873.0
2021-07-07,23.6,23.81,23.515,23.53,1947351.0
2021-07-08,23.3,23.77,23.13,23.47,1791271.0
2021-07-09,23.7,24.18,23.665,24.08,1248406.0
2021-07-12,23.96,24.26,23.93,24.2,1396487.0
2021-07-13,24.2,24.205,23.62,23.62,1636133.0
2021-07-14,23.65,24.07,23.63,23.96,1344035.0
2021-07-15,23.88,24.17,23.84,23.92,1420835.0
2021-07-16,23.96,24.238,23.595,23.61,2149044.0
2021-07-19,23.565,23.7,23.18,23.34,2315503.0
2021-07-20,23.43,24.31,23.35,24.09,2317418.0
2021-07-21,24.29,24.496,23.99,23.99,2675137.0
2021-07-22,24.02,24.26,23.99,24.21,1691531.0
2021-07-23,24.38,24.63,24.32,24.53,1827919.0
2021-07-26,24.5,24.85,24.24,24.37,1602445.0
2021-07-27,24.32,24.669,24.26,24.53,1162252.0
2021-07-28,24.62,24.73,24.2,24.34,1136580.0
2021-07-29,24.51,24.91,24.51,24.6,1504718.0
2021-07-30,24.49,24.8034,24.4374,24.55,1204300.0
2021-08-02,24.73,24.93,24.52,24.57,1150372.0
2021-08-03,24.53,24.77,24.44,24.66,1281746.0
2021-08-04,24.53,24.95,24.33,24.85,1496578.0
2021-08-05,24.97,25.21,24.9,25.11,1257892.0
2021-08-06,25.13,25.365,24.91,25.28,1185070.0
2021-08-09,25.26,25.34,24.875,24.98,1031919.0
2021-08-10,25.01,25.19,24.811,25.16,1097557.0
2021-08-11,25.08,25.675,24.98,25.66,994310.0
2021-08-12,25.68,25.875,25.57,25.75,1154085.0
2021-08-13,25.84,25.96,25.57,25.66,670599.0
2021-08-16,25.56,25.83,25.47,25.73,810901.0
2021-08-17,25.69,25.98,25.5,25.75,1035979.0
2021-08-18,25.67,25.775,25.37,25.39,805357.0
2021-08-19,25.19,25.8,25.07,25.32,1465047.0
2021-08-20,25.31,25.53,25.1,25.48,1624176.0
2021-08-23,25.52,25.6199,25.29,25.39,1037270.0
2021-08-24,25.5,25.565,25.1332,25.46,1141928.0
2021-08-25,25.45,25.715,25.28,25.57,1076442.0
2021-08-26,25.49,25.49,25.06,25.23,1332573.0
2021-08-27,25.33,25.85,25.29,25.82,1555159.0
2021-08-30,25.79,25.94,25.62,25.66,1472513.0
2021-08-31,25.61,25.945,25.56,25.65,1570767.0
2021-09-01,25.73,26.39,25.44,26.23,1723932.0
2021-09-02,26.43,26.5132,26.105,26.18,1687189.0
2021-09-03,26.1,26.11,25.675,25.98,1289794.0
2021-09-07,25.86,25.8843,25.475,25.69,1292743.0
2021-09-08,25.74,26.365,25.69,26.27,2198601.0
2021-09-09,26.01,26.01,25.23,25.24,1583905.0
2021-09-10,25.24,25.41,24.77,24.78,1605468.0
2021-09-13,24.88,24.99,24.59,24.82,1453372.0
2021-09-14,24.87,24.97,24.47,24.58,1659214.0
2021-09-15,24.59,25.13,24.5,24.85,1461182.0
2021-09-16,24.89,25.135,24.7,24.98,1501200.0
2021-09-17,25.04,25.25,24.9,25.05,3282006.0
2021-09-20,24.68,25.28,24.55,25.27,1658294.0
2021-09-21,25.46,25.48,24.975,25.0,1499767.0
2021-09-22,25.04,25.59,24.955,25.33,1072979.0
2021-09-23,25.51,25.665,25.43,25.44,1096812.0
2021-09-24,25.48,25.64,25.41,25.54,752977.0
2021-09-27,25.64,25.7,25.4873,25.54,1170329.0
2021-09-28,25.54,25.647,25.11,25.15,904038.0
2021-09-29,25.2,25.45,25.01,25.2,1007733.0
2021-09-30,25.44,25.49,24.975,25.0,1231078.0
2021-10-01,25.3,25.7,24.77,25.49,1335215.0
2021-10-04,25.49,25.755,25.2,25.71,1046601.0
2021-10-05,25.69,25.82,25.42,25.62,1484999.0
2021-10-06,25.47,25.49,25.07,25.11,1744828.0
2021-10-07,25.22,25.74,25.22,25.41,1280086.0
2021-10-08,25.44,25.56,25.24,25.39,1067144.0
2021-10-11,25.38,25.569,25.125,25.14,771857.0
2021-10-12,25.18,25.26,24.9,24.96,1083309.0
2021-10-13,24.88,24.88,24.45,24.59,931920.0
2021-10-14,24.7,24.78,24.54,24.75,805616.0
2021-10-15,24.89,25.16,24.73,24.75,945175.0
2021-10-18,24.64,24.76,24.135,24.55,933151.0
2021-10-19,24.64,24.69,24.44,24.54,715241.0
2021-10-20,24.54,24.91,24.51,24.62,1188689.0
2021-10-21,24.72,24.885,24.63,24.82,834651.0
2021-10-22,24.82,24.87,24.535,24.6,949943.0
2021-10-25,24.65,24.905,24.65,24.68,909226.0
2021-10-26,24.79,24.88,24.48,24.49,1292018.0
2021-10-27,24.5,24.545,23.02,23.03,2221507.0
2021-10-28,23.08,23.38,22.97,23.36,2556427.0
2021-10-29,23.32,23.53,23.01,23.07,2214242.0
2021-11-01,23.07,23.31,22.92,23.03,4034929.0
2021-11-02,23.04,23.12,22.565,22.76,2041028.0
2021-11-03,23.0,24.44,22.63,24.19,3202208.0
2021-11-04,24.23,25.17,24.23,24.58,3291742.0
2021-11-05,24.77,25.26,24.66,25.24,1887300.0
2021-11-08,25.3,25.31,24.56,24.57,1829849.0
2021-11-09,24.85,25.3482,24.61,24.83,1891198.0
2021-11-10,24.61,25.3,24.55,24.97,1545173.0
2021-11-11,24.96,25.1406,24.585,24.6,1982200.0
2021-11-12,24.55,24.57,24.28,24.47,1493399.0
2021-11-15,24.53,24.7,24.47,24.55,883405.0
2021-11-16,24.51,24.64,24.38,24.38,1784568.0
2021-11-17,24.26,24.42,24.01,24.32,1631477.0
2021-11-18,24.32,24.54,24.065,24.24,1508119.0
2021-11-19,24.23,24.66,24.07,24.47,1969647.0
2021-11-22,24.44,25.43,24.41,25.24,1574714.0
2021-11-23,25.285,25.42,25.04,25.25,1349546.0
2021-11-24,25.32,25.537,25.15,25.48,977656.0
2021-11-26,25.19,25.26,24.8,25.03,919314.0
2021-11-29,25.28,25.29,24.435,24.45,1569050.0
2021-11-30,24.25,24.33,23.65,23.68,1985983.0
2021-12-01,24.0,24.085,23.12,23.13,1937683.0
2021-12-02,23.23,23.8,22.93,23.68,2599916.0
2021-12-03,23.47,23.7,23.19,23.33,1919049.0
2021-12-06,23.45,24.35,23.31,24.12,2645797.0
2021-12-07,24.15,24.33,23.495,23.64,2238121.0
2021-12-08,23.97,24.39,23.74,24.24,1648099.0
2021-12-09,24.14,24.24,23.6,23.61,1289256.0
2021-12-10,23.66,23.82,23.37,23.6,1927450.0
2021-12-13,23.46,23.71,23.125,23.49,2179063.0
2021-12-14,23.56,23.79,23.49,23.57,2449975.0
2021-12-15,23.74,24.31,23.67,24.16,1927835.0
2021-12-16,24.28,24.47,23.995,24.01,1572914.0
2021-12-17,23.97,24.18,23.52,23.55,3537712.0
2021-12-20,23.24,23.31,22.48,22.83,2439068.0
2021-12-21,22.97,23.48,22.9686,23.41,1900602.0
2021-12-22,23.52,23.71,23.341,23.36,1372091.0
2021-12-23,23.54,23.64,23.42,23.54,850060.0
2021-12-27,23.42,23.62,23.31,23.6,894940.0
2021-12-28,23.55,23.8,23.55,23.6,923175.0
2021-12-29,23.6,23.835,23.6,23.67,821563.0
2021-12-30,23.74,23.87,23.62,23.62,886604.0
2021-12-31,23.55,23.71,23.51,23.56,1243778.0
2022-01-03,23.73,24.59,23.681,24.43,2240961.0
2022-01-04,24.49,24.96,24.36,24.73,2724076.0
2022-01-05,24.84,24.95,23.795,23.86,3892915.0
2022-01-06,24.08,24.22,23.62,23.75,1801098.0
2022-01-07,23.67,23.79,23.175,23.26,1844972.0
2022-01-10,23.26,23.34,22.67,22.88,1606045.0
2022-01-11,22.99,23.04,22.5015,22.66,1668445.0
2022-01-12,22.88,22.925,22.445,22.51,1335438.0
2022-01-13,22.55,22.87,22.5,22.57,999991.0
2022-01-14,22.49,22.6,21.985,22.1,1797520.0
2022-01-18,22.0,22.39,21.99,22.22,2100187.0
2022-01-19,22.29,22.465,21.97,22.13,1839519.0
2022-01-20,22.17,22.355,21.55,21.58,2453117.0
2022-01-21,21.54,21.905,21.425,21.44,2518844.0
2022-01-24,21.14,22.01,21.08,21.93,2743137.0
2022-01-25,21.52,22.04,21.28,21.87,2428237.0
2022-01-26,22.0,22.475,21.69,21.9,2274077.0
2022-01-27,21.91,22.545,21.72,21.79,2251845.0
2022-01-28,21.97,22.48,21.86,22.47,2652896.0
2022-01-31,22.29,22.89,22.2,22.86,5177701.0
2022-02-01,22.89,23.29,22.78,23.2,3094673.0
2022-02-02,23.2,24.27,23.01,24.02,3460982.0
2022-02-03,23.91,24.345,23.715,23.83,2377298.0
2022-02-04,23.67,24.17,23.51,23.96,2008000.0
2022-02-07,24.02,24.295,23.99,24.11,2087365.0
2022-02-08,24.15,24.53,23.91,24.51,3227826.0
2022-02-09,24.65,24.93,24.65,24.75,2170346.0
2022-02-10,24.51,24.985,24.46,24.61,2512331.0
2022-02-11,24.7,24.98,24.33,24.55,2404295.0
2022-02-14,24.49,24.845,24.325,24.59,3210565.0
2022-02-15,24.6,24.98,24.4,24.45,2903305.0
2022-02-16,24.41,25.079,24.28,24.96,2899679.0
2022-02-17,24.7,25.13,24.56,25.07,1845216.0
2022-02-18,24.97,25.1615,24.65,24.98,3066162.0
2022-02-22,24.88,24.94,24.26,24.35,2161430.0
2022-02-23,24.35,24.35,23.63,23.65,3040462.0
2022-02-24,23.25,23.86,23.03,23.78,2382953.0
2022-02-25,23.84,24.51,23.655,24.49,2293198.0
2022-02-28,24.225,24.82,24.18,24.81,3899357.0
2022-03-01,24.81,25.51,24.62,25.31,2357669.0
2022-03-02,25.39,26.215,25.355,26.13,3135040.0
2022-03-03,26.31,26.3116,25.615,25.99,2891833.0
2022-03-04,25.75,25.95,25.39,25.64,2520126.0
2022-03-07,25.29,25.345,24.115,24.2,3312325.0
2022-03-08,24.29,24.45,23.79,23.95,2990877.0
2022-03-09,24.3,25.15,24.17,24.68,2797482.0
2022-03-10,24.43,24.915,24.175,24.78,2062994.0
2022-03-11,25.01,25.01,24.15,24.26,1829431.0
2022-03-14,24.42,25.875,24.41,25.47,3339583.0
2022-03-15,25.49,25.835,25.0619,25.8,2426943.0
2022-03-16,25.98,26.39,25.72,26.23,2807790.0
2022-03-17,26.18,26.35,25.89,26.26,2398637.0
2022-03-18,26.19,26.685,25.81,26.64,6635738.0
2022-03-21,26.75,26.841,25.91,25.99,2031469.0
2022-03-22,26.15,26.69,25.94,26.05,2111701.0
2022-03-23,25.95,26.24,25.69,25.71,1074076.0
2022-03-24,25.76,26.07,25.615,25.83,1744611.0
2022-03-25,25.86,25.96,25.68,25.92,1475538.0
2022-03-28,25.81,26.19,25.71,26.06,1119639.0
2022-03-29,26.28,26.39,25.975,26.19,1441850.0
2022-03-30,26.12,26.21,25.845,26.21,1575646.0
2022-03-31,26.22,26.35,25.98,26.04,1733822.0
2022-04-01,26.15,26.55,26.115,26.37,1688437.0
2022-04-04,26.24,26.37,25.0421,25.64,2733419.0
2022-04-05,25.56,26.28,25.56,26.06,1894506.0
2022-04-06,26.1,26.48,25.97,26.42,1828362.0
2022-04-07,26.42,26.66,26.195,26.58,1871056.0
2022-04-08,26.49,26.89,26.39,26.63,1848015.0
2022-04-11,26.64,27.29,26.64,26.92,2100295.0
2022-04-12,27.02,27.33,26.855,27.03,1814504.0
2022-04-13,27.1,27.23,26.32,26.81,2101279.0
2022-04-14,26.89,27.23,26.77,26.78,1571948.0
2022-04-18,26.78,27.405,26.65,27.19,1239861.0
2022-04-19,27.23,27.735,27.23,27.69,1458938.0
2022-04-20,27.79,28.165,27.65,28.06,1942674.0
2022-04-21,28.23,28.33,27.945,28.04,1624902.0
2022-04-22,28.0,28.25,27.8,28.02,2169054.0
2022-04-25,27.96,28.505,27.42,28.39,2290110.0
2022-04-26,28.19,28.33,27.335,27.38,1931106.0
2022-04-27,27.55,27.86,27.25,27.44,1581287.0
2022-04-28,27.84,27.85,27.12,27.32,1755693.0
2022-04-29,27.28,27.37,25.96,26.07,2519413.0
2022-05-02,26.15,26.285,25.365,25.91,2090878.0
2022-05-03,25.86,26.0,25.54,25.93,1706763.0
2022-05-04,25.97,26.16,25.2,26.06,1928959.0
2022-05-05,25.79,26.03,25.215,25.44,1915394.0
2022-05-06,25.44,25.765,25.17,25.31,1712470.0
2022-05-09,25.07,25.1935,24.185,24.27,2088187.0
2022-05-10,24.36,24.63,23.65,23.77,2250288.0
2022-05-11,25.0,28.625,24.99,28.41,6495323.0
2022-05-12,28.28,30.48,28.28,30.45,7596670.0
2022-05-13,30.45,32.36,30.28,32.31,5374102.0
2022-05-16,32.37,33.38,31.91,32.59,5718921.0
2022-05-17,32.64,34.9605,32.19,34.05,6506547.0
2022-05-18,33.65,33.99,33.015,33.33,6448893.0
2022-05-19,33.07,33.83,32.56,32.94,3096728.0
2022-05-20,33.03,33.3225,32.335,33.08,3167318.0
2022-05-23,33.24,33.77,32.86,33.01,3482013.0
2022-05-24,33.24,34.6186,32.49,34.58,3774228.0
2022-05-25,34.22,34.42,33.245,34.25,3910531.0
2022-05-26,34.59,34.795,34.0,34.46,3175009.0
2022-05-27,34.81,35.51,34.39,35.51,1766064.0
2022-05-31,35.33,35.48,34.84,35.24,2580270.0
2022-06-01,35.39,35.699,34.66,35.46,1972055.0
2022-06-02,35.35,36.26,35.22,36.21,2248640.0
2022-06-03,36.04,36.83,35.94,35.94,1610449.0
2022-06-06,36.0,36.52,35.53,35.83,1964817.0
2022-06-07,35.36,36.485,35.36,36.27,1988389.0
2022-06-08,36.17,36.35,35.48,35.61,1290371.0
2022-06-09,35.62,36.45,35.48,35.76,1812705.0
2022-06-10,35.37,35.78,35.0,35.45,1744748.0
2022-06-13,34.59,35.16,33.5101,33.67,2440091.0
2022-06-14,33.89,34.47,33.47,34.38,1838938.0
2022-06-15,34.14,34.63,33.71,34.02,1957996.0
2022-06-16,33.77,33.795,32.75,33.27,2136766.0
2022-06-17,33.71,33.74,32.64,33.0,4311996.0
2022-06-21,33.76,33.94,33.09,33.77,1665120.0
2022-06-22,33.5,34.36,33.38,34.19,1186015.0
2022-06-23,34.2,34.64,33.61,34.15,1262602.0
2022-06-24,34.5,34.99,34.3,34.82,2353475.0
2022-06-27,34.91,36.01,34.91,35.98,1704799.0
2022-06-28,35.94,36.21,34.5,34.52,2292100.0
2022-06-29,34.52,34.73,34.32,34.58,1356016.0
2022-06-30,34.34,35.73,34.155,35.32,2065016.0
2022-07-01,35.23,36.875,35.0901,36.77,2385228.0
2022-07-05,36.36,36.75,35.77,36.49,2081093.0
2022-07-06,36.66,36.88,35.93,36.75,1614453.0
2022-07-07,36.87,37.28,36.145,36.45,1960292.0
2022-07-08,36.77,37.65,36.75,37.27,1943252.0
2022-07-11,37.0,37.35,36.77,36.93,1392010.0
2022-07-12,36.89,37.19,36.5,36.78,1289893.0
2022-07-13,36.46,37.11,36.27,37.07,1033624.0
2022-07-14,36.45,36.95,36.34,36.76,891383.0
2022-07-15,36.93,37.61,36.9012,37.41,1037039.0
2022-07-18,37.41,37.7799,36.63,36.74,1450140.0
2022-07-19,37.03,38.2,36.7936,38.06,1799222.0
2022-07-20,37.95,38.045,37.5,37.7,1503393.0
2022-07-21,37.57,37.78,37.34,37.71,1293208.0
2022-07-22,37.94,38.13,37.545,37.95,1191270.0
2022-07-25,38.1,38.85,37.82,38.64,1361717.0
2022-07-26,38.49,38.96,38.445,38.73,1553144.0
2022-07-27,38.97,39.44,38.61,39.36,1973667.0
2022-07-28,39.5,39.7657,39.01,39.62,1918157.0
2022-07-29,39.65,40.05,39.28,39.96,1682307.0
2022-08-01,39.9,40.24,39.48,39.56,2921216.0
2022-08-02,39.47,39.52,38.8,39.3,2429325.0
2022-08-03,39.31,40.11,39.19,39.84,1631323.0
2022-08-04,39.76,40.055,39.47,39.61,1081022.0
2022-08-05,39.44,40.11,39.381,39.95,1411729.0
2022-08-08,39.95,40.6,39.91,40.21,1525782.0
2022-08-09,40.25,40.56,39.08,39.44,3808568.0
2022-08-10,41.42,45.72,41.0,45.47,5032637.0
2022-08-11,45.4,45.865,44.22,44.79,3278517.0
2022-08-12,44.85,45.35,44.49,45.34,1837278.0
2022-08-15,45.1,46.51,45.0,46.07,2170129.0
2022-08-16,46.1,47.63,46.1,47.51,2256268.0
2022-08-17,47.25,48.6083,47.0101,48.4,2063197.0
2022-08-18,48.14,48.76,47.46,48.44,2054090.0
2022-08-19,48.29,48.32,47.37,47.75,2104451.0
2022-08-22,47.07,47.1484,46.19,46.65,2498651.0
2022-08-23,46.67,47.414,46.14,46.7,2061676.0
2022-08-24,46.73,46.78,45.77,46.46,1517909.0
2022-08-25,46.46,46.92,46.23,46.83,970349.0
2022-08-26,46.69,47.065,46.19,46.26,1616011.0
2022-08-29,45.74,46.13,45.45,45.82,1398743.0
2022-08-30,45.86,45.95,44.47,44.88,1951486.0
2022-08-31,45.01,45.46,44.63,45.0,1931416.0
2022-09-01,44.59,45.09,44.4,45.06,1591537.0
2022-09-02,45.2,45.36,44.19,44.47,1492486.0
2022-09-06,44.62,44.98,43.88,44.41,1852605.0
2022-09-07,43.97,45.1,43.955,44.94,2053257.0
2022-09-08,44.59,45.51,44.5,45.27,1695214.0
2022-09-09,45.32,45.75,44.97,44.99,1540461.0
2022-09-12,45.14,45.63,44.91,45.63,1605138.0
2022-09-13,45.16,45.705,44.51,44.82,1279566.0
2022-09-14,45.04,45.505,44.67,45.47,1930357.0
2022-09-15,45.35,45.93,44.6,44.98,1681103.0
2022-09-16,44.71,44.95,44.385,44.93,3452257.0
2022-09-19,44.59,45.695,44.4,45.62,1337769.0
2022-09-20,45.53,45.595,44.56,44.94,1097556.0
2022-09-21,45.04,45.87,44.76,44.78,1036783.0
2022-09-22,44.65,44.85,43.99,44.0,1495473.0
2022-09-23,43.47,43.87,43.15,43.82,1548817.0
2022-09-26,43.27,43.65,42.0401,42.32,1568026.0
2022-09-27,42.83,44.1699,42.83,43.63,2156797.0
2022-09-28,43.67,45.095,43.29,44.84,1814378.0
2022-09-29,44.64,44.99,43.25,43.41,2334062.0
2022-09-30,43.21,43.58,42.46,42.54,2366163.0
2022-10-03,42.88,42.88,40.23,40.29,3352754.0
2022-10-04,40.84,42.18,40.77,41.17,2907190.0
2022-10-05,41.01,41.32,39.97,41.02,1659074.0
2022-10-06,41.01,41.35,38.95,39.18,1690674.0
2022-10-07,39.0,39.26,37.67,38.05,2324054.0
2022-10-10,38.03,39.29,37.86,38.69,1751764.0
2022-10-11,38.4,38.92,37.97,38.71,1468504.0
2022-10-12,38.83,38.88,38.23,38.75,1286817.0
2022-10-13,38.31,39.77,37.79,39.43,1192544.0
2022-10-14,39.61,40.23,39.12,39.29,1349013.0
2022-10-17,39.5,40.91,39.31,40.62,1568035.0
2022-10-18,41.19,41.6033,40.68,41.11,1518952.0
2022-10-19,41.06,41.095,40.15,40.3,1313886.0
2022-10-20,40.46,41.055,40.27,40.57,1426501.0
2022-10-21,40.65,41.08,40.34,41.02,1516826.0
2022-10-24,41.42,41.63,40.9849,41.55,1245851.0
2022-10-25,41.24,41.77,40.74,41.15,1522648.0
2022-10-26,41.29,41.86,40.63,40.74,1122578.0
2022-10-27,41.14,41.91,40.89,41.21,1364513.0
2022-10-28,41.22,41.76,41.01,41.65,1860678.0
2022-10-31,41.55,41.92,41.07,41.15,2098278.0
2022-11-01,41.67,41.76,40.97,41.38,1812885.0
2022-11-02,40.22,40.56,38.28,38.51,3538790.0
2022-11-03,38.34,39.7525,37.57,39.03,2800666.0
2022-11-04,39.28,39.99,38.69,39.76,2067353.0
2022-11-07,39.8,40.32,39.695,39.85,1772951.0
2022-11-08,40.59,41.11,40.11,40.62,1243592.0
2022-11-09,40.45,40.57,39.91,40.16,1526087.0
2022-11-10,41.27,41.99,40.73,41.32,1817490.0
2022-11-11,41.28,41.365,39.95,40.47,2341115.0
2022-11-14,40.4,41.48,40.21,40.77,2126791.0
2022-11-15,41.17,41.44,40.65,40.84,2242284.0
2022-11-16,40.67,41.31,40.67,40.92,1039094.0
2022-11-17,40.77,41.98,40.46,41.9,2116449.0
2022-11-18,42.38,43.14,42.0,42.82,1906537.0
2022-11-21,42.67,43.11,42.11,42.47,1593038.0
2022-11-22,42.52,43.28,41.91,43.21,1691307.0
2022-11-23,43.16,43.3,42.45,42.59,1091357.0
2022-11-25,42.6,43.29,42.43,43.1,613939.0
2022-11-28,42.71,43.48,42.63,43.31,1377587.0
2022-11-29,43.03,43.24,42.4,42.92,1598424.0
2022-11-30,42.86,43.77,42.2256,43.71,1756545.0
2022-12-01,43.9,44.02,43.2,43.45,1816044.0
2022-12-02,42.92,43.0899,42.16,42.38,1359474.0
2022-12-05,41.58,42.38,40.56,42.25,1479659.0
2022-12-06,42.33,42.61,41.32,41.52,1492050.0
2022-12-07,41.34,42.27,41.11,41.58,1434192.0
2022-12-08,41.85,42.271,41.7113,41.82,1001130.0
2022-12-09,41.73,41.9172,41.39,41.6,1173392.0
2022-12-12,41.75,41.75,41.04,41.61,980241.0
2022-12-13,42.25,42.285,41.51,41.56,1909468.0
2022-12-14,41.58,42.19,41.26,41.78,1528135.0
2022-12-15,41.32,41.41,39.71,40.46,1630149.0
2022-12-16,40.25,40.58,39.85,40.33,4080863.0
2022-12-19,40.34,40.46,38.96,39.02,2071290.0
2022-12-20,39.05,40.1,39.05,39.75,1558950.0
2022-12-21,40.05,40.06,39.46,39.73,1174001.0
2022-12-22,39.59,39.69,38.69,39.29,833115.0
2022-12-23,39.29,39.425,39.04,39.15,709714.0
2022-12-27,39.19,39.19,37.75,37.79,1203507.0
2022-12-28,37.71,37.72,36.625,36.68,1783126.0
2022-12-29,36.77,37.055,36.57,36.72,1049516.0
2022-12-30,36.35,36.57,35.83,36.51,1646743.0
2023-01-03,36.27,36.4,35.06,35.07,2583209.0
2023-01-04,34.98,35.68,34.75,35.65,2338983.0
2023-01-05,35.44,35.85,35.23,35.7,1582515.0
2023-01-06,36.07,36.76,35.86,36.68,1388325.0
2023-01-09,36.69,36.955,35.77,36.14,1722865.0
2023-01-10,36.13,36.41,35.39,36.36,2262998.0
2023-01-11,36.5,37.915,36.38,37.79,2132635.0
2023-01-12,37.93,38.08,37.465,37.59,1611741.0
2023-01-13,37.36,37.97,37.23,37.85,1148963.0
2023-01-17,37.88,38.31,37.81,38.16,1452942.0
2023-01-18,38.3,38.66,38.07,38.49,1455996.0
2023-01-19,38.43,38.59,37.19,37.25,1945084.0
2023-01-20,37.43,38.08,37.08,37.44,1365413.0
2023-01-23,37.56,39.17,37.56,38.5,1727324.0
2023-01-24,38.53,39.11,38.231,38.66,1128803.0
2023-01-25,38.47,38.475,37.706,37.82,1487594.0
2023-01-26,37.94,38.63,37.62,38.56,1099373.0
2023-01-27,38.48,38.78,38.06,38.25,961741.0
2023-01-30,38.13,38.555,38.03,38.27,1094488.0
2023-01-31,38.54,39.035,38.3,38.98,2892816.0
2023-02-01,38.91,39.66,38.685,39.46,1837313.0
2023-02-02,39.47,39.725,38.73,39.09,1757056.0
2023-02-03,39.03,39.74,38.63,39.33,1550009.0
2023-02-06,39.16,39.67,39.08,39.37,1524093.0
2023-02-07,39.06,39.675,38.805,39.52,2574047.0
2023-02-08,40.21,40.21,38.49,39.4,2382645.0
2023-02-09,39.46,39.46,37.61,37.69,1766112.0
2023-02-10,37.47,38.93,37.42,38.9,1894826.0
2023-02-13,38.98,39.76,38.74,39.75,1293766.0
2023-02-14,39.64,39.69,39.195,39.65,1239046.0
2023-02-15,39.7,39.795,39.07,39.71,1124897.0
2023-02-16,39.38,39.59,39.15,39.33,1135977.0
2023-02-17,39.42,39.55,38.8,39.0,1412184.0
2023-02-21,38.63,38.79,37.34,37.35,1176012.0
2023-02-22,37.25,37.88,36.92,37.65,1353129.0
2023-02-23,37.83,38.21,37.3,37.66,729248.0
2023-02-24,37.42,37.54,37.04,37.1,956609.0
2023-02-27,37.42,37.53,36.92,37.07,1000065.0
2023-02-28,36.81,37.36,36.74,36.8,1382436.0
2023-03-01,36.7,36.83,36.19,36.54,1142533.0
2023-03-02,36.47,36.72,36.23,36.36,872346.0
2023-03-03,36.41,36.43,36.035,36.12,1061430.0
2023-03-06,35.91,36.04,35.55,35.94,1390772.0
2023-03-07,36.0,36.74,36.0,36.24,1838615.0
2023-03-08,36.37,37.405,36.28,37.17,2053767.0
2023-03-09,37.27,37.27,36.1232,36.23,1606474.0
2023-03-10,36.23,36.38,35.37,35.58,1441010.0
2023-03-13,35.13,35.645,34.66,34.83,1558746.0
2023-03-14,35.3,35.795,35.05,35.38,1479355.0
2023-03-15,34.73,34.965,34.325,34.79,1676701.0
2023-03-16,34.45,35.05,34.19,35.04,1123748.0
2023-03-17,34.96,34.96,33.945,34.38,5700231.0
2023-03-20,34.61,35.59,34.54,35.47,1313991.0
2023-03-21,36.02,36.02,34.98,35.13,1393693.0
2023-03-22,35.11,35.3085,34.125,34.19,1376145.0
2023-03-23,34.2,34.349,33.13,33.24,1948776.0
2023-03-24,33.14,34.1,32.91,34.08,1171665.0
2023-03-27,34.35,34.815,34.23,34.48,1103403.0
2023-03-28,34.43,34.69,34.21,34.48,985195.0
2023-03-29,34.74,34.87,34.345,34.36,860873.0
2023-03-30,34.68,34.78,34.31,34.6,1007024.0
2023-03-31,34.89,35.33,34.66,35.25,1471517.0
2023-04-03,35.31,35.5,35.08,35.45,946473.0
2023-04-04,35.36,35.36,34.01,34.27,1087008.0
2023-04-05,33.85,34.79,33.72,34.48,961872.0
2023-04-06,34.64,34.65,33.78,34.01,1234585.0
2023-04-10,33.81,34.38,33.8,33.89,1211896.0
2023-04-11,34.09,34.58,33.85,33.9,1651907.0
2023-04-12,34.2,34.64,34.11,34.43,1951810.0
2023-04-13,34.42,34.65,34.108,34.42,1146028.0
2023-04-14,34.42,34.85,34.07,34.35,902260.0
2023-04-17,34.3,34.45,33.94,34.26,931192.0
2023-04-18,34.37,34.51,33.705,33.93,1179838.0
2023-04-19,33.91,33.9936,33.6,33.86,783827.0
2023-04-20,33.7,33.795,33.255,33.59,1734562.0
2023-04-21,33.91,34.05,33.44,33.9,2150162.0
2023-04-24,33.91,34.285,33.76,34.0,1435678.0
2023-04-25,33.94,34.23,33.68,33.88,1126111.0
2023-04-26,33.86,34.08,33.215,33.32,1062306.0
2023-04-27,33.34,33.98,33.26,33.97,1097536.0
2023-04-28,33.92,34.025,33.64,33.91,1259051.0
2023-05-01,34.1,34.24,33.51,34.08,1286944.0
2023-05-02,33.81,33.94,32.44,33.09,1542654.0
2023-05-03,33.13,33.36,32.34,32.44,2414371.0
2023-05-04,32.21,32.315,31.5,32.12,1855287.0
2023-05-05,32.49,33.06,32.27,32.43,2102796.0
2023-05-08,32.5,32.76,32.14,32.16,1807070.0
2023-05-09,32.28,33.01,31.97,32.76,2299625.0
2023-05-10,30.81,32.04,30.75,31.23,5411398.0
2023-05-11,31.25,32.25,31.23,31.65,2537623.0
2023-05-12,31.99,32.91,31.67,32.04,2568935.0
2023-05-15,30.52,31.5499,30.5,31.13,4358613.0
2023-05-16,31.05,31.28,29.72,30.18,4279347.0
2023-05-17,30.32,30.6,29.71,30.05,2014269.0
2023-05-18,29.92,29.99,29.145,29.31,2664057.0
2023-05-19,29.41,29.675,29.14,29.62,3107921.0
2023-05-22,29.68,29.81,29.02,29.15,1393510.0
2023-05-23,29.12,29.46,28.83,28.87,2014094.0
2023-05-24,29.24,30.18,29.13,29.67,2866108.0
2023-05-25,29.55,30.15,29.55,29.91,2441447.0
2023-05-26,29.92,30.36,29.92,30.01,2286943.0
2023-05-30,30.0,30.55,29.92,30.19,2764357.0
2023-05-31,30.04,30.33,29.8,29.85,3440139.0
2023-06-01,29.99,30.525,29.85,29.94,2822758.0
2023-06-02,30.18,30.915,30.18,30.74,2985653.0
2023-06-05,30.61,31.25,30.495,31.02,2544541.0
2023-06-06,30.67,31.25,30.67,31.22,1993875.0
2023-06-07,30.95,31.94,30.94,31.83,1614835.0
2023-06-08,31.85,31.97,31.37,31.69,1500242.0
2023-06-09,31.81,32.05,31.75,31.75,1107708.0
2023-06-12,31.85,32.02,31.575,31.8,1290700.0
2023-06-13,31.77,32.215,31.74,32.12,1178247.0
2023-06-14,32.5,32.64,32.09,32.59,1747837.0
2023-06-15,32.61,33.07,32.48,32.96,1273495.0
2023-06-16,33.08,33.15,32.751,32.88,2616248.0
2023-06-20,32.9,33.01,32.51,32.9,1643969.0
2023-06-21,32.84,33.44,32.84,33.37,1791911.0
2023-06-22,33.19,33.39,32.98,33.37,1175822.0
2023-06-23,33.21,33.35,32.53,32.6,2248798.0
2023-06-26,32.46,32.89,32.001,32.04,980464.0
2023-06-27,32.08,32.44,31.91,32.31,1005624.0
2023-06-28,32.31,32.46,31.59,32.04,2121637.0
2023-06-29,31.98,32.12,31.8,32.02,1107263.0
2023-06-30,32.13,32.39,31.805,31.87,1158655.0
2023-07-03,31.85,32.58,31.79,32.38,747044.0
2023-07-05,32.18,32.19,30.965,31.07,1698022.0
2023-07-06,30.94,31.195,30.66,31.1,1637190.0
2023-07-07,31.15,31.71,31.06,31.41,1522871.0
2023-07-10,31.29,31.705,31.28,31.67,1017399.0
2023-07-11,31.71,32.185,31.7,32.1,908393.0
2023-07-12,32.38,32.485,31.905,31.93,1067215.0
2023-07-13,32.0,32.53,31.91,32.53,906003.0
2023-07-14,32.64,32.645,32.27,32.55,1236980.0
2023-07-17,32.2,32.97,32.19,32.96,918769.0
2023-07-18,33.07,33.63,33.0,33.61,937993.0
2023-07-19,33.87,34.105,33.46,34.04,1217708.0
2023-07-20,34.08,34.15,33.75,34.07,851087.0
2023-07-21,34.33,34.39,33.67,33.68,951464.0
2023-07-24,33.67,33.77,33.065,33.2,987705.0
2023-07-25,33.13,33.43,33.08,33.38,783702.0
2023-07-26,33.53,33.8,33.36,33.38,798214.0
2023-07-27,33.46,33.54,33.01,33.09,904643.0
2023-07-28,33.21,33.77,33.115,33.74,775709.0
2023-07-31,33.83,33.9179,33.425,33.61,926401.0
2023-08-01,33.56,33.77,33.23,33.74,858097.0
2023-08-02,33.47,34.07,33.395,34.01,808121.0
2023-08-03,34.01,34.45,33.69,34.28,1738900.0
2023-08-04,34.25,34.41,33.645,33.74,1240035.0
2023-08-07,33.94,34.495,33.86,34.48,1053903.0
2023-08-08,34.42,35.13,34.23,35.08,1069141.0
2023-08-09,35.06,35.81,35.02,35.66,1638519.0
2023-08-10,35.71,35.8445,35.47,35.63,1128123.0
2023-08-11,35.61,35.97,35.18,35.21,1358387.0
2023-08-14,35.28,35.45,35.005,35.16,1032888.0
2023-08-15,35.2,35.605,35.06,35.35,1770714.0
2023-08-16,36.35,39.52,36.33,38.78,5407759.0
2023-08-17,38.66,39.47,38.4,38.82,2513925.0
2023-08-18,38.82,39.43,38.61,39.4,1749742.0
2023-08-21,39.26,39.845,39.2,39.6,1409734.0
2023-08-22,39.52,39.875,39.14,39.34,1533317.0
2023-08-23,39.56,39.859,39.14,39.65,1398920.0
2023-08-24,39.53,39.87,39.28,39.35,934624.0
2023-08-25,39.6,39.955,39.26,39.78,931121.0
2023-08-28,39.76,40.09,39.66,39.87,864742.0
2023-08-29,39.86,40.08,39.65,39.95,1099302.0
2023-08-30,40.0,40.24,39.67,39.71,1477999.0
2023-08-31,39.84,40.32,39.69,39.98,1810003.0
2023-09-01,40.1,40.77,39.9997,40.07,1507216.0
2023-09-05,39.97,39.99,39.26,39.39,1590170.0
2023-09-06,38.95,39.16,38.7,38.9,2132914.0
2023-09-07,38.92,39.38,38.81,39.13,1778482.0
2023-09-08,39.29,39.915,39.01,39.53,1333883.0
2023-09-11,39.5,39.76,39.395,39.65,864160.0
2023-09-12,39.44,39.6,39.09,39.19,942733.0
2023-09-13,39.19,39.26,38.78,39.07,1344877.0
2023-09-14,39.15,39.42,39.09,39.41,1448122.0
2023-09-15,39.32,39.75,39.24,39.64,3727838.0
2023-09-18,39.7,40.86,39.7,40.81,1854400.0
2023-09-19,40.86,41.39,40.73,41.29,2187063.0
2023-09-20,41.5,41.925,41.44,41.5,1321147.0
2023-09-21,41.47,41.645,41.26,41.45,1387374.0
2023-09-22,41.4,42.325,41.12,42.05,1738483.0
2023-09-25,41.9,42.63,41.87,42.59,1164592.0
2023-09-26,42.56,42.72,41.84,41.89,1490181.0
2023-09-27,41.92,42.47,41.92,42.39,910869.0
2023-09-28,42.48,43.305,42.48,43.09,1061005.0
2023-09-29,43.29,43.89,43.02,43.06,1475320.0
2023-10-02,43.06,43.1351,42.28,42.42,1094031.0
2023-10-03,42.39,42.44,41.19,41.4,1148587.0
2023-10-04,41.46,41.995,41.33,41.93,1351078.0
2023-10-05,41.83,42.035,41.53,41.57,1138667.0
2023-10-06,41.43,42.01,40.84,40.86,1756366.0
2023-10-09,41.09,42.645,41.08,42.41,1507662.0
2023-10-10,42.76,43.12,42.52,42.63,1393895.0
2023-10-11,42.64,43.325,42.63,43.23,991568.0
2023-10-12,43.26,43.3897,42.38,43.05,985509.0
2023-10-13,43.14,43.342,42.715,42.84,1220479.0
2023-10-16,43.24,44.03,43.08,43.76,1973022.0
2023-10-17,43.76,44.83,43.52,43.93,1734971.0
2023-10-18,43.79,44.03,43.28,43.36,1243886.0
2023-10-19,43.27,43.91,43.03,43.39,1534055.0
2023-10-20,43.39,43.68,43.1,43.25,944141.0
2023-10-23,43.14,43.18,42.57,42.68,915052.0
2023-10-24,42.95,43.165,42.48,42.55,942771.0
2023-10-25,42.43,42.585,41.84,42.06,1154103.0
2023-10-26,42.01,42.4,41.61,41.73,1180755.0
2023-10-27,41.65,41.7111,40.71,40.91,1161236.0
2023-10-30,41.06,41.18,40.77,41.01,1253028.0
2023-10-31,41.13,41.13,40.48,41.05,1319047.0
2023-11-01,41.16,41.74,40.955,41.74,1201020.0
2023-11-02,41.84,42.22,41.77,42.15,1169595.0
2023-11-03,42.3,43.28,42.2,42.68,1058024.0
2023-11-06,42.62,42.82,41.47,41.76,1273563.0
2023-11-07,41.8,41.88,41.285,41.46,1350381.0
2023-11-08,41.25,41.79,39.2,41.75,2066697.0
2023-11-09,42.02,44.0,41.98,43.5,2217092.0
2023-11-10,43.41,45.09,43.41,44.97,1641269.0
2023-11-13,44.97,45.25,44.44,45.18,1331363.0
2023-11-14,45.46,46.13,45.46,45.75,1626533.0
2023-11-15,45.51,46.1125,45.43,45.56,1130815.0
2023-11-16,45.62,45.91,44.6,44.73,1382610.0
2023-11-17,44.88,45.88,44.84,45.58,1488556.0
2023-11-20,45.6,46.17,45.02,45.97,1441961.0
2023-11-21,45.84,46.75,45.58,46.16,1366690.0
2023-11-22,46.3,46.96,46.1986,46.78,1075735.0
2023-11-24,46.84,47.18,46.84,47.16,512874.0
2023-11-27,46.97,47.3,46.56,46.58,1446965.0
2023-11-28,46.13,46.255,45.25,45.81,1767332.0
2023-11-29,46.15,46.2,45.381,45.51,1369266.0
2023-11-30,45.56,46.11,45.32,45.42,2270641.0
2023-12-01,45.59,46.4225,45.38,46.25,1377791.0
2023-12-04,45.84,46.895,45.84,46.41,1453346.0
2023-12-05,46.19,46.6,45.46,45.47,1226136.0
2023-12-06,45.49,45.68,44.83,45.03,1371274.0
2023-12-07,45.01,45.75,44.88,45.75,1015549.0
2023-12-08,45.75,45.96,45.41,45.43,1976470.0
2023-12-11,45.51,46.33,45.5,46.22,1149259.0
2023-12-12,46.27,47.15,46.27,46.47,1158888.0
2023-12-13,46.35,47.105,46.03,46.74,1389959.0
2023-12-14,47.12,48.06,46.84,47.89,1789925.0
2023-12-15,47.56,47.72,46.08,46.49,3929516.0
2023-12-18,46.82,47.101,45.86,47.06,1128839.0
2023-12-19,47.0,47.48,46.4,47.28,1366793.0
2023-12-20,47.06,47.56,46.46,46.88,1117872.0
2023-12-21,47.03,47.345,46.52,47.34,999579.0
2023-12-22,47.4,48.22,47.27,48.02,939686.0
2023-12-26,47.88,49.035,47.8,48.75,1031944.0
2023-12-27,48.73,49.01,48.49,48.95,969914.0
2023-12-28,48.81,48.995,48.465,48.93,992388.0
2023-12-29,48.78,49.0,48.19,48.37,935367.0
2024-01-02,48.37,49.11,48.22,49.0,1243802.0
2024-01-03,48.94,49.144,47.22,47.27,964541.0
2024-01-04,47.42,47.97,47.28,47.71,862097.0
2024-01-05,47.55,47.86,46.56,46.77,1634023.0
2024-01-08,46.97,47.4,46.75,47.23,1007654.0
2024-01-09,46.99,46.99,45.76,46.48,672531.0
2024-01-10,46.46,46.635,46.05,46.14,710023.0
2024-01-11,46.19,46.75,45.68,46.69,979189.0
2024-01-12,46.3,46.3581,44.96,45.44,1457587.0
2024-01-16,45.47,45.79,45.08,45.65,905469.0
2024-01-17,45.54,46.09,45.29,45.57,688654.0
2024-01-18,45.53,45.74,45.09,45.62,707218.0
2024-01-19,45.85,46.74,45.64,46.69,909972.0
2024-01-22,46.87,47.1,46.46,47.07,778493.0
2024-01-23,47.1,47.77,46.76,47.77,727417.0
2024-01-24,48.13,48.25,46.91,47.11,868511.0
2024-01-25,47.44,47.71,47.02,47.49,776570.0
2024-01-26,47.74,48.53,47.65,47.74,665792.0
2024-01-29,47.67,48.28,47.42,48.24,625375.0
2024-01-30,48.0,48.03,47.36,47.39,903398.0
2024-01-31,47.51,47.51,46.76,46.84,850221.0
2024-02-01,46.89,46.89,45.88,46.38,853468.0
2024-02-02,46.19,46.75,46.07,46.58,627332.0
2024-02-05,46.45,47.04,45.86,46.99,1042724.0
2024-02-06,46.95,47.485,46.25,47.34,1122174.0
2024-02-07,45.42,46.48,42.28,46.45,4184268.0
2024-02-08,46.61,46.94,44.81,45.71,1701975.0
2024-02-09,45.77,47.175,45.51,46.93,1458991.0
2024-02-12,47.0,47.62,46.67,47.48,1287126.0
2024-02-13,46.83,47.49,46.31,47.01,1413518.0
2024-02-14,47.42,47.56,46.52,47.26,1241112.0
2024-02-15,47.36,48.14,47.14,47.55,1269962.0
2024-02-16,47.42,47.49,46.4,46.86,1373291.0
2024-02-20,46.67,46.9299,45.95,46.11,1210450.0
2024-02-21,46.13,46.43,45.64,46.29,899394.0
2024-02-22,46.53,47.93,46.26,47.89,1118293.0
2024-02-23,48.03,49.81,47.85,49.12,2146255.0
2024-02-26,48.9,49.41,48.65,49.12,1279713.0
2024-02-27,49.22,50.25,49.01,50.15,1171208.0
2024-02-28,50.13,50.29,49.44,49.77,784115.0
2024-02-29,50.09,50.21,48.8163,48.95,1289012.0
2024-03-01,49.06,49.07,48.05,48.14,1009738.0
2024-03-04,49.28,52.9,48.664,50.49,2801016.0
2024-03-05,50.0,50.32,49.265,49.37,1432332.0
2024-03-06,49.53,49.53,48.64,49.07,1056594.0
2024-03-07,49.21,49.285,48.09,48.35,939129.0
2024-03-08,48.48,48.94,48.18,48.19,647211.0
2024-03-11,48.18,48.25,47.27,47.77,961284.0
2024-03-12,47.32,47.98,46.96,47.78,923647.0
2024-03-13,47.96,48.2,47.49,47.69,862248.0
2024-03-14,47.67,47.69,46.34,46.64,1037414.0
2024-03-15,46.4,47.25,46.3,46.76,3375215.0
2024-03-18,46.67,47.365,46.45,46.68,945661.0
2024-03-19,46.87,47.62,46.72,47.36,841826.0
2024-03-20,47.24,48.13,47.0,48.06,682051.0
2024-03-21,48.33,48.6199,47.89,48.21,738071.0
2024-03-22,48.22,48.72,47.74,48.69,935540.0
2024-03-25,48.81,48.8887,47.71,47.73,891544.0
2024-03-26,47.9,48.18,47.39,47.42,743761.0
2024-03-27,47.64,48.7,47.64,48.66,755403.0
2024-03-28,48.67,49.37,47.5,49.11,1051649.0
2024-04-01,49.03,49.0677,48.15,48.22,877035.0
2024-04-02,48.12,48.32,46.89,47.42,818961.0
2024-04-03,47.44,47.4699,46.625,46.77,817065.0
2024-04-04,47.08,47.49,46.315,46.51,647130.0
2024-04-05,46.6,47.18,46.58,46.94,626148.0
2024-04-08,46.83,47.725,46.83,47.62,1028025.0
2024-04-09,47.8,47.8,46.69,46.86,676256.0
2024-04-10,46.45,47.12,46.24,46.45,825011.0
2024-04-11,46.6,46.98,46.23,46.92,872770.0
2024-04-12,46.74,47.08,45.93,46.26,878348.0
2024-04-15,46.71,46.93,45.97,46.32,911956.0
2024-04-16,46.45,47.17,46.295,47.11,924988.0
2024-04-17,47.43,47.5,46.7,46.87,797986.0
2024-04-18,47.11,47.11,46.15,46.57,606719.0
2024-04-19,46.55,46.95,46.43,46.84,641879.0
2024-04-22,47.01,47.47,46.49,47.28,996894.0
2024-04-23,47.22,48.1,46.87,47.65,1032580.0
2024-04-24,47.74,48.21,47.635,47.93,908779.0
2024-04-25,47.67,47.92,46.58,46.64,1321448.0
2024-04-26,46.45,47.24,45.87,46.5,1384554.0
2024-04-29,46.72,47.39,46.64,47.23,962894.0
2024-04-30,46.96,47.63,46.96,47.23,1033104.0
2024-05-01,47.07,48.001,46.46,47.7,814291.0
2024-05-02,48.23,48.23,47.51,48.03,645296.0
2024-05-03,48.43,48.59,47.51,47.53,668514.0
2024-05-06,47.79,48.815,47.7,48.76,942024.0
2024-05-07,48.93,50.05,48.775,49.31,1603556.0
2024-05-08,49.3,49.56,48.33,48.53,880080.0
2024-05-09,48.55,49.28,48.4575,49.19,1131762.0
2024-05-10,52.5,54.21,50.805,53.53,3575133.0
2024-05-13,53.23,53.41,52.1,52.7,3322934.0
2024-05-14,53.0,53.55,52.43,53.04,2397698.0
2024-05-15,53.16,53.735,53.005,53.17,901748.0
2024-05-16,53.08,53.23,52.13,53.01,1480847.0
2024-05-17,52.89,52.89,51.83,52.3,1284177.0
2024-05-20,52.35,53.29,52.35,53.28,900698.0
2024-05-21,53.3,54.08,53.075,53.83,1009682.0
2024-05-22,53.74,53.925,52.96,52.99,736287.0
2024-05-23,52.93,53.37,52.44,52.57,681200.0
2024-05-24,52.75,52.83,50.34,50.65,958960.0
2024-05-28,50.65,50.76,48.23,48.92,1480153.0
2024-05-29,48.92,49.95,48.89,49.94,1064483.0
2024-05-30,50.04,50.34,48.92,49.08,1293868.0
2024-05-31,49.15,49.67,48.89,49.64,1574128.0
2024-06-03,49.86,50.19,49.07,50.17,778995.0
2024-06-04,50.04,51.57,49.62,51.25,1036686.0
2024-06-05,51.05,51.17,50.58,51.0,626438.0
2024-06-06,51.15,52.005,50.99,51.35,953080.0
2024-06-07,51.04,51.205,49.83,49.89,948452.0
2024-06-10,49.44,50.13,48.78,50.12,945170.0
2024-06-11,49.94,49.94,49.1068,49.85,989905.0
2024-06-12,50.28,51.135,49.69,51.0,703596.0
2024-06-13,50.76,51.24,50.21,50.71,778039.0
2024-06-14,50.24,50.53,49.71,50.36,894490.0
2024-06-17,50.04,51.87,50.04,51.8,1132074.0
2024-06-18,52.03,53.62,51.87,53.1,1150190.0
2024-06-20,53.06,53.77,52.62,53.0,1025043.0
2024-06-21,53.08,53.65,52.765,53.17,2429495.0
2024-06-24,53.27,53.66,52.895,53.0,808437.0
2024-06-25,53.14,53.56,52.74,53.31,782710.0
2024-06-26,53.15,53.7,52.94,53.67,1230721.0
2024-06-27,53.67,54.37,53.1,53.53,1006766.0
2024-06-28,53.83,54.47,53.69,54.23,2580775.0
2024-07-01,54.22,54.95,54.16,54.73,1088283.0
2024-07-02,54.31,55.43,54.25,55.1,1057691.0
2024-07-03,55.28,56.63,55.18,55.97,812465.0
2024-07-05,55.75,55.765,54.58,54.74,1408887.0
2024-07-08,54.96,55.47,53.56,53.58,925109.0
2024-07-09,53.6,54.09,52.91,52.99,722606.0
2024-07-10,52.99,53.09,52.29,53.01,866968.0
2024-07-11,53.26,53.65,52.77,53.2,944191.0
2024-07-12,53.58,54.22,53.28,53.47,787157.0
2024-07-15,53.79,54.715,53.64,54.66,785752.0
2024-07-16,54.85,55.91,54.72,55.75,670436.0
2024-07-17,55.52,56.58,55.42,56.27,774850.0
2024-07-18,55.98,56.44,55.48,55.53,722497.0
2024-07-19,55.85,56.06,55.4521,55.81,655540.0
2024-07-22,55.8,57.69,55.8,57.26,1090613.0
2024-07-23,57.0,57.08,56.17,56.45,785896.0
2024-07-24,56.14,56.59,55.5,55.85,740503.0
2024-07-25,56.0,56.865,55.81,56.08,894998.0
2024-07-26,56.25,57.09,55.8794,56.95,551495.0
2024-07-29,57.04,57.62,56.54,57.45,548148.0
2024-07-30,57.69,58.43,57.63,58.07,550890.0
2024-07-31,58.38,58.63,57.79,57.94,790156.0
2024-08-01,58.04,58.59,56.68,56.99,721457.0
2024-08-02,56.21,56.91,55.24,56.79,645084.0
2024-08-05,54.92,55.82,53.72,54.82,851976.0
2024-08-06,54.82,55.15,54.06,54.54,1901898.0
2024-08-07,55.03,55.615,54.32,54.35,693868.0
2024-08-08,54.9,55.92,54.45,55.91,493571.0
2024-08-09,56.07,57.28,55.54,57.18,1272846.0
2024-08-12,57.17,57.4252,55.69,56.24,1069084.0
2024-08-13,56.4,56.61,55.56,56.39,899500.0
2024-08-14,56.44,57.01,56.39,56.92,1199735.0
2024-08-15,57.37,57.94,56.75,57.49,1597725.0
2024-08-16,64.8,68.45,63.05,64.45,9156296.0
2024-08-19,64.1,66.25,63.9,65.32,3150708.0
2024-08-20,65.43,66.85,65.05,66.6,2068367.0
2024-08-21,66.44,66.85,64.07,64.55,2232982.0
2024-08-22,64.64,64.71,63.49,63.65,1333810.0
2024-08-23,63.88,64.405,63.21,63.35,981355.0
2024-08-26,63.75,64.435,63.615,63.8,786507.0
2024-08-27,63.44,65.08,63.44,64.66,902955.0
2024-08-28,64.64,64.9,64.03,64.04,988289.0
2024-08-29,64.24,64.84,63.41,63.65,927798.0
2024-08-30,63.77,64.1,62.89,63.31,1722384.0
2024-09-03,63.07,63.79,62.78,63.01,1342232.0
2024-09-04,63.0,64.37,62.9,64.35,2460108.0
2024-09-05,64.0,64.17,63.13,63.55,1490986.0
2024-09-06,63.55,64.24,62.8,62.92,1380892.0
2024-09-09,62.83,63.6,62.34,62.86,1577878.0
2024-09-10,62.86,63.42,62.3,63.1,1092441.0
2024-09-11,62.75,63.38,61.95,62.94,1055169.0
2024-09-12,62.93,63.31,62.43,62.77,761874.0
2024-09-13,62.96,63.65,62.775,63.2,996574.0
2024-09-16,63.6,64.85,63.6,64.44,1502305.0
2024-09-17,64.42,64.7,63.3631,63.5,977920.0
2024-09-18,63.2,63.66,62.58,62.77,1097766.0
2024-09-19,63.28,63.87,63.07,63.68,1317462.0
2024-09-20,63.74,64.47,63.31,64.46,2641021.0
2024-09-23,64.48,64.9,64.18,64.22,1374173.0
2024-09-24,63.98,64.29,63.455,63.53,1261324.0
2024-09-25,63.69,63.96,63.03,63.11,1118858.0
2024-09-26,63.07,64.19,62.9601,63.43,1358358.0
2024-09-27,63.39,63.87,63.135,63.64,1004777.0
2024-09-30,63.55,63.89,63.29,63.55,1214389.0
2024-10-01,63.47,63.53,62.31,63.07,996332.0
2024-10-02,62.82,63.23,62.52,62.85,896848.0
2024-10-03,62.68,63.0,62.0,62.48,730191.0
2024-10-04,62.85,62.989,62.24,62.48,665875.0
2024-10-07,62.48,62.54,61.32,61.73,1020164.0
2024-10-08,62.15,62.3,61.77,61.87,743271.0
2024-10-09,62.2,62.61,61.24,61.74,2447398.0
2024-10-10,61.22,61.355,60.045,60.79,1546520.0
2024-10-11,61.0,61.53,60.845,60.9,1170367.0
2024-10-14,60.87,61.17,60.52,60.65,1134117.0
2024-10-15,60.73,61.2,60.405,60.8,1676270.0
2024-10-16,60.78,62.01,60.7,61.27,1067375.0
2024-10-17,61.41,61.9,61.03,61.64,1154531.0
2024-10-18,61.61,61.72,60.85,61.49,854555.0
2024-10-21,61.49,61.83,60.68,61.04,902177.0
2024-10-22,60.74,61.0399,60.11,60.67,910197.0
2024-10-23,60.56,61.07,60.29,60.48,1196044.0
2024-10-24,60.33,60.71,59.7275,59.99,1025385.0
2024-10-25,60.1,60.3,59.52,60.03,829881.0
2024-10-28,60.43,60.63,59.69,59.8,713998.0
2024-10-29,59.51,60.11,59.26,60.1,961518.0
2024-10-30,60.13,60.7,59.9538,60.7,968800.0
2024-10-31,60.62,61.27,59.69,59.73,1418416.0
2024-11-01,59.99,60.3,59.55,59.57,950406.0
2024-11-04,59.65,60.63,59.65,60.31,870009.0
2024-11-05,60.22,61.18,60.09,60.99,848593.0
2024-11-06,63.49,63.81,61.92,62.52,1263574.0
2024-11-07,62.5,63.74,62.34,63.36,1648856.0
2024-11-08,61.93,61.93,58.18,59.18,2518404.0
2024-11-11,59.96,61.42,59.64,61.25,2188632.0
2024-11-12,60.74,61.45,59.84,59.96,1595568.0
2024-11-13,59.68,60.78,59.36,59.36,1274543.0
2024-11-14,59.25,59.8,58.88,59.14,1202627.0
2024-11-15,58.99,60.31,58.99,60.08,1304453.0
2024-11-18,60.36,60.49,59.6,60.35,1150772.0
2024-11-19,58.34,58.6701,55.08,55.4,3103034.0
2024-11-20,55.11,56.73,55.11,56.55,2971503.0
2024-11-21,56.53,57.47,55.85,56.87,2584802.0
2024-11-22,56.96,58.73,56.885,58.3,1569744.0
2024-11-25,58.71,60.61,58.71,59.53,2412561.0
2024-11-26,59.21,59.89,58.57,59.59,1854406.0
2024-11-27,60.01,60.31,59.19,59.33,1072311.0
2024-11-29,59.63,60.095,59.225,59.28,717854.0
2024-12-02,59.33,59.38,58.43,59.11,1195611.0
2024-12-03,59.09,59.114,57.67,58.15,1398212.0
2024-12-04,58.01,58.875,57.5551,58.53,1138028.0
2024-12-05,58.16,58.48,57.27,57.35,900035.0
2024-12-06,58.02,58.2,57.12,57.32,926112.0
2024-12-09,57.34,57.34,55.67,56.02,1109380.0
2024-12-10,55.94,56.83,55.0409,56.33,1320334.0
2024-12-11,56.66,56.66,55.96,56.32,1122420.0
2024-12-12,56.41,56.65,55.92,56.0,739855.0
2024-12-13,56.04,56.16,55.15,55.5,824880.0
2024-12-16,55.62,55.78,55.0,55.23,986588.0
2024-12-17,55.14,55.54,54.351,54.65,913798.0
2024-12-18,54.79,54.99,53.16,53.49,1421920.0
2024-12-19,53.66,54.17,53.09,53.89,1409998.0
2024-12-20,54.0,55.28,53.81,54.72,3709565.0
2024-12-23,54.07,54.515,53.36,54.43,994418.0
2024-12-24,54.16,54.33,53.65,54.29,308311.0
2024-12-26,54.04,54.54,53.9,53.92,958261.0
2024-12-27,53.67,54.1193,53.01,53.43,759160.0
2024-12-30,53.1,53.275,51.41,52.14,1302926.0
2024-12-31,52.2,53.14,52.19,52.84,1413641.0
2025-01-02,53.33,53.565,52.7,53.09,858028.0
2025-01-03,52.88,53.87,52.7,53.83,853490.0
2025-01-06,53.81,54.0,53.001,53.09,1211204.0
2025-01-07,53.37,53.69,53.1,53.66,1165689.0
2025-01-08,53.7,54.32,53.19,54.32,1134831.0
2025-01-10,53.7,53.97,53.09,53.62,1205833.0
2025-01-13,53.27,54.7,53.18,54.58,1017426.0
2025-01-14,54.56,54.94,54.09,54.84,1105077.0
2025-01-15,55.59,55.66,54.76,55.49,856074.0
2025-01-16,55.3,55.6,54.9,55.45,940197.0
2025-01-17,55.83,56.0,55.06,55.18,952141.0
2025-01-21,55.27,55.665,54.705,54.94,917015.0
2025-01-22,54.89,54.925,53.21,53.25,1535415.0
2025-01-23,53.05,53.05,51.91,52.32,1380610.0
2025-01-24,52.13,53.07,51.93,52.91,1119578.0
2025-01-27,52.93,54.41,52.9,54.4,863356.0
2025-01-28,54.08,55.11,53.69,54.27,1179167.0
2025-01-29,54.33,54.64,53.92,54.54,1098402.0
2025-01-30,54.79,55.55,54.27,55.43,1192618.0
2025-01-31,55.16,55.75,54.57,55.31,1580198.0
2025-02-03,54.49,55.87,53.8,55.76,1541257.0
2025-02-04,55.13,55.74,54.41,54.43,1497745.0
2025-02-05,51.63,54.4,51.195,54.37,2149124.0
2025-02-06,54.73,54.81,53.72,54.2,1297892.0
2025-02-07,54.41,54.48,53.115,53.22,1290117.0
2025-02-10,53.22,53.45,52.55,52.59,963264.0
2025-02-11,52.59,52.59,51.9333,52.43,1189026.0
2025-02-12,52.02,52.28,51.26,51.49,1066555.0
2025-02-13,51.92,52.43,51.5606,52.33,1115780.0
2025-02-14,52.45,53.1889,52.385,52.6,1219365.0
2025-02-18,52.55,52.55,51.35,51.78,1497021.0
2025-02-19,51.76,52.69,51.6,52.44,1125772.0
2025-02-20,52.44,52.84,52.12,52.42,1144986.0
2025-02-21,52.76,53.0,51.84,52.27,1327179.0
2025-02-24,52.42,53.79,52.13,53.53,1381692.0
2025-02-25,53.65,54.63,53.11,54.11,1476810.0
2025-02-26,53.93,54.54,53.22,53.77,1048480.0
2025-02-27,53.75,54.0,53.11,53.35,925567.0
2025-02-28,53.58,54.57,53.52,54.51,1264936.0
2025-03-03,54.5,54.52,53.1,53.61,1313670.0
2025-03-04,53.08,53.08,52.24,52.41,1902962.0
2025-03-05,52.57,52.845,51.6439,52.22,1219522.0
2025-03-06,51.89,53.23,51.58,53.1,1302518.0
2025-03-07,52.86,56.12,52.6,55.51,1575690.0
2025-03-10,55.31,57.13,55.0,55.97,2041164.0
2025-03-11,55.57,55.82,53.21,53.35,1972050.0
2025-03-12,53.1,53.59,50.18,50.23,2446596.0
2025-03-13,50.53,50.6,49.16,49.96,1648636.0
2025-03-14,49.94,50.49,49.64,50.23,1307018.0
2025-03-17,49.88,52.14,49.88,52.13,1906524.0
2025-03-18,52.12,52.44,51.18,52.05,1586782.0
2025-03-19,52.18,52.89,51.44,52.86,1808421.0
2025-03-20,52.53,52.92,52.01,52.4,1460497.0
2025-03-21,52.14,52.58,51.38,52.49,11809720.0
2025-03-24,52.66,53.219,52.02,53.11,1889049.0
2025-03-25,52.77,53.023,51.925,52.56,1458476.0
2025-03-26,53.16,54.1,52.85,54.07,1102650.0
2025-03-27,54.26,54.38,53.55,53.95,1117319.0
2025-03-28,53.96,54.195,53.28,54.1,923998.0
2025-03-31,53.68,55.13,53.4,54.91,1219025.0
2025-04-01,55.39,56.415,55.17,56.33,1060892.0
2025-04-02,55.99,56.75,55.805,56.65,1868435.0
2025-04-03,56.2,57.1,55.84,56.9,1663659.0
2025-04-04,55.63,56.83,54.23,55.52,2134024.0
2025-04-07,53.52,56.2,52.94,54.66,1790538.0
2025-04-08,55.5,56.21,54.29,54.75,1675361.0
2025-04-09,54.28,57.64,54.14,56.64,2648194.0
2025-04-10,56.17,57.305,55.09,57.07,1521677.0
2025-04-11,57.13,59.51,56.28,59.08,1922557.0
2025-04-14,59.07,60.78,58.71,60.75,2044778.0
2025-04-15,60.92,61.78,60.68,61.43,2046945.0
2025-04-16,61.58,63.97,61.11,63.03,2541981.0
2025-04-17,62.35,64.08,62.35,63.04,2141849.0
2025-04-21,63.01,63.01,59.55,59.63,1803179.0
2025-04-22,59.85,60.98,59.6,60.01,1625486.0
2025-04-23,60.65,61.08,58.7779,59.37,1605761.0
2025-04-24,59.39,59.615,58.36,58.81,1431112.0
2025-04-25,59.05,59.8,58.31,59.69,1366628.0
2025-04-28,59.68,60.76,59.51,60.6,1740987.0
2025-04-29,60.22,61.3802,60.1155,60.78,1766634.0
2025-04-30,61.17,61.17,59.67,60.37,2284324.0
2025-05-01,60.82,62.16,60.5,62.09,1474920.0
2025-05-02,61.27,63.17,61.23,62.48,1498234.0
2025-05-05,62.67,62.67,61.355,61.5,1248633.0
2025-05-06,61.26,61.69,60.57,61.2,1483574.0
2025-05-07,61.52,62.44,61.37,61.64,1914594.0
2025-05-08,63.99,64.6197,58.29,58.37,3459547.0
2025-05-09,58.28,59.17,57.1478,57.66,2119067.0
2025-05-12,58.25,58.4,56.94,57.5,2364353.0
2025-05-13,57.68,58.09,56.41,56.95,1449570.0
2025-05-14,56.64,56.74,55.535,56.34,1545616.0
2025-05-15,56.52,57.3574,56.26,56.73,1182247.0
2025-05-16,56.7,57.74,56.51,57.65,1358227.0
2025-05-19,57.66,58.06,57.28,58.0,768477.0
2025-05-20,57.82,58.05,57.57,58.01,760522.0
2025-05-21,57.88,58.5,57.25,58.17,1421723.0
2025-05-22,58.13,58.32,57.525,57.6,1108651.0
2025-05-23,57.73,58.01,57.17,57.76,891608.0
2025-05-27,57.99,58.37,56.94,57.26,1412919.0
2025-05-28,57.08,57.2395,56.01,56.2,1009793.0
2025-05-29,56.0,56.89,55.76,56.82,917759.0
2025-05-30,56.94,57.0,56.42,56.95,1614415.0
2025-06-02,56.7,58.54,56.55,58.49,1400959.0
2025-06-03,58.29,59.05,58.0,58.91,1461830.0
2025-06-04,58.33,58.81,57.8401,58.26,1080842.0
2025-06-05,58.3,58.34,57.47,57.75,992231.0
2025-06-06,58.05,58.375,57.67,58.25,1049395.0
2025-06-09,58.04,58.2107,56.15,56.21,1141855.0
2025-06-10,56.32,56.5114,54.82,54.96,1247011.0
2025-06-11,54.97,55.45,54.72,54.95,981670.0
2025-06-12,55.02,56.09,54.8,56.07,1215629.0
2025-06-13,55.92,56.135,55.53,55.79,1159421.0
2025-06-16,56.01,56.12,54.45,54.85,1164115.0
2025-06-17,54.66,55.4,54.44,55.1,1089007.0
2025-06-18,55.1,55.35,54.63,55.12,896802.0
2025-06-20,55.23,55.48,54.47,54.88,1993330.0
2025-06-23,55.46,56.17,55.1608,55.33,1121242.0
2025-06-24,55.26,55.61,54.3,54.92,1119425.0
2025-06-25,54.83,54.95,54.313,54.53,894398.0
2025-06-26,54.57,54.67,54.03,54.32,1212043.0
2025-06-27,54.5,55.43,54.28,54.7,2664795.0
2025-06-30,54.63,54.92,54.15,54.89,1357662.0
2025-07-01,54.8,55.88,54.61,55.78,1471760.0
2025-07-02,55.47,56.05,55.12,55.9,1222550.0
2025-07-03,56.05,56.41,55.8424,56.12,522877.0
2025-07-07,56.1,56.1,54.77,55.03,1078576.0
2025-07-08,54.78,55.575,54.46,55.28,1617229.0
2025-07-09,55.25,55.7,54.905,55.61,965519.0
2025-07-10,55.55,57.55,55.55,56.76,1920718.0
2025-07-11,56.76,57.08,56.04,56.13,846533.0
2025-07-14,55.92,56.3,55.51,55.98,962490.0
2025-07-15,55.68,55.91,54.86,54.89,800056.0
2025-07-16,55.0,55.81,54.96,55.68,848119.0
2025-07-17,55.75,56.345,55.37,55.49,991633.0
2025-07-18,55.6,55.965,55.27,55.44,565910.0
2025-07-21,55.37,55.75,55.12,55.45,812611.0
2025-07-22,55.84,56.345,55.58,56.12,1005113.0
2025-07-23,55.91,56.755,55.64,56.64,899713.0
2025-07-24,56.43,56.76,56.03,56.23,948822.0
2025-07-25,56.51,56.51,55.66,55.85,1043306.0
2025-07-28,55.71,55.905,55.15,55.59,1075982.0
2025-07-29,55.63,55.85,54.685,55.03,797877.0
2025-07-30,55.2,55.53,54.57,54.78,925742.0
2025-07-31,54.6,55.425,54.32,54.34,952215.0
2025-08-01,54.83,54.87,53.68,54.48,1081661.0
2025-08-04,54.64,55.4,54.49,54.98,912661.0
2025-08-05,54.58,55.13,54.165,54.64,889278.0
2025-08-06,54.92,55.19,54.4742,54.94,967919.0
2025-08-07,54.91,55.335,54.6251,55.15,1212925.0
2025-08-08,55.28,55.73,55.08,55.35,1011289.0
2025-08-11,55.78,55.95,54.44,54.45,1533211.0
2025-08-12,54.25,54.425,50.6,51.5,3770319.0
2025-08-13,50.56,50.975,47.0006,49.92,6247041.0
2025-08-14,49.8,50.75,48.36,49.37,3343425.0
2025-08-15,49.51,50.565,49.51,50.15,2423088.0
2025-08-18,49.63,50.95,49.51,50.42,2471607.0
2025-08-19,50.62,51.58,50.61,51.21,1959681.0
2025-08-20,51.51,51.78,51.0151,51.44,1981453.0
2025-08-21,51.3,51.54,51.0,51.33,1702069.0
2025-08-22,51.48,52.28,51.375,52.13,1807600.0
2025-08-25,52.08,52.53,51.69,51.86,1739288.0
2025-08-26,51.86,52.3804,50.3,50.32,2206932.0
2025-08-27,50.18,50.96,50.18,50.9,1911883.0
2025-08-28,50.85,51.045,49.715,50.13,2220258.0
2025-08-29,49.93,50.52,49.93,50.35,2241059.0
2025-09-02,50.11,50.695,49.9,50.35,2275245.0
2025-09-03,49.99,51.33,49.99,51.0,2449529.0
2025-09-04,50.69,51.39,50.21,51.37,2037958.0
2025-09-05,51.36,51.67,50.93,51.13,1837926.0
2025-09-08,50.91,52.04,50.91,52.04,1976123.0
2025-09-09,51.89,52.22,51.27,51.42,2046921.0
2025-09-10,51.08,51.395,49.94,50.22,1916446.0
2025-09-11,50.22,52.325,50.22,52.13,1928837.0
2025-09-12,51.93,52.52,51.12,51.22,1345200.0
2025-09-15,51.21,51.605,50.015,50.13,1585277.0
2025-09-16,50.09,50.52,49.62,50.19,1521558.0
2025-09-17,50.44,51.855,50.135,51.34,1383744.0
2025-09-18,51.05,51.27,50.41,50.44,1185785.0
2025-09-19,50.5,50.67,49.95,50.27,2674632.0
2025-09-22,50.34,50.6,49.87,50.14,1340109.0
2025-09-23,50.07,50.495,49.47,49.82,1053775.0
2025-09-24,49.8,50.35,49.44,49.45,1059250.0
2025-09-25,49.61,49.9,48.97,49.28,1008701.0
2025-09-26,49.49,50.17,49.46,49.95,976808.0
2025-09-29,49.99,50.79,49.785,50.6,1385536.0
2025-09-30,50.34,50.81,50.26,50.57,1047383.0
2025-10-01,50.75,51.35,50.28,51.12,1107243.0
2025-10-02,50.88,51.515,50.81,51.14,981367.0
2025-10-03,50.96,52.425,50.79,51.76,1045915.0
2025-10-06,50.98,51.8199,50.82,50.91,1213703.0
2025-10-07,50.93,51.26,50.13,50.66,1364631.0
2025-10-08,50.78,50.99,50.43,50.45,1000019.0
2025-10-09,50.56,50.605,49.4,49.63,925287.0
2025-10-10,49.96,50.94,49.68,50.81,1146528.0
2025-10-13,50.81,51.24,50.42,50.72,953241.0
2025-10-14,50.75,51.68,50.45,51.66,1154154.0
2025-10-15,51.52,52.25,51.2,51.21,1401774.0
2025-10-16,51.01,51.81,50.97,51.33,876538.0
2025-10-17,51.63,52.85,51.33,52.59,926255.0
2025-10-20,52.64,52.9,51.18,51.37,1050813.0
2025-10-21,51.08,52.31,50.55,51.93,729628.0
2025-10-22,51.91,52.595,51.5,52.41,1174954.0
2025-10-23,52.4,52.75,51.91,52.27,967745.0
2025-10-24,52.32,52.65,52.04,52.21,824152.0
2025-10-27,52.15,52.81,52.025,52.43,1084113.0
2025-10-28,52.37,52.56,51.23,51.25,1051953.0
2025-10-29,50.79,51.3517,50.128,50.79,1070034.0
2025-10-30,50.89,51.86,50.641,50.72,1272576.0
2025-10-31,50.21,50.515,49.64,49.74,1114635.0
2025-11-03,49.31,49.575,48.78,49.43,1282033.0
2025-11-04,49.55,50.2,49.4,49.98,1255061.0
2025-11-05,49.9,50.84,49.87,50.58,1283030.0
2025-11-06,50.26,52.0,50.05,51.45,1856073.0
2025-11-07,51.81,52.435,49.02,49.64,2475940.0
2025-11-10,49.25,49.58,47.18,47.69,1684524.0
2025-11-11,47.89,47.99,46.88,47.54,1332248.0
2025-11-12,47.44,47.95,45.87,45.97,1951662.0
2025-11-13,46.0,46.47,44.73,44.85,1666080.0
2025-11-14,45.11,45.57,44.22,44.27,1622531.0
2025-11-17,44.2,44.39,43.11,43.78,2202530.0
2025-11-18,43.87,44.81,43.6,44.47,1958804.0
2025-11-19,44.43,45.24,44.025,44.47,1906290.0
2025-11-20,44.48,44.92,43.01,43.33,1606837.0
2025-11-21,43.59,44.7599,43.34,43.88,2031692.0
2025-11-24,43.61,43.725,41.38,41.4,1869576.0
2025-11-25,41.69,42.55,41.56,41.94,2739915.0
2025-11-26,41.83,42.19,41.4,41.72,1401228.0
2025-11-28,41.72,42.195,41.49,42.12,979932.0
2025-12-01,41.73,42.39,41.702,42.24,2150538.0
2025-12-02,42.21,42.435,41.7,41.93,1670234.0
2025-12-03,42.14,42.78,41.76,42.73,1752552.0
2025-12-04,42.34,42.576,41.78,42.07,1408466.0
2025-12-05,41.87,42.66,41.7,42.11,1400840.0
2025-12-08,41.9,42.09,41.1725,41.25,1394737.0
2025-12-09,41.38,42.29,41.38,41.86,1597026.0
2025-12-10,41.86,42.21,41.23,41.71,1680349.0
2025-12-11,41.93,42.835,41.51,42.72,1387975.0
2025-12-12,42.95,43.82,42.84,43.31,1253243.0
2025-12-15,42.99,43.59,42.7101,43.53,1681176.0
2025-12-16,43.51,43.98,43.185,43.53,1314551.0
2025-12-17,43.42,44.47,43.245,43.95,1511706.0
2025-12-18,43.6,43.9899,43.08,43.28,1534243.0
2025-12-19,43.19,43.75,42.66,43.71,4688253.0
2025-12-22,43.49,43.92,42.69,42.92,1649573.0
2025-12-23,43.0,43.42,42.88,43.3,1327892.0
2025-12-24,43.36,43.71,43.228,43.49,479901.0
2025-12-26,43.47,43.865,43.39,43.77,700757.0
2025-12-29,43.86,43.86,43.35,43.65,956059.0
2025-12-30,43.46,43.75,43.3,43.55,741207.0
2025-12-31,43.35,43.8,43.12,43.58,1115295.0
2026-01-02,43.25,43.535,42.433,42.61,1334299.0
2026-01-05,42.65,44.23,42.37,43.71,1869126.0
2026-01-06,43.43,43.78,42.96,43.48,1508760.0
2026-01-07,43.6,43.8248,42.93,43.43,847544.0
2026-01-08,43.2,45.045,43.2,44.87,1394365.0
2026-01-09,44.87,45.24,44.53,45.08,1021016.0
2026-01-12,45.02,45.02,43.7738,43.92,1492752.0
2026-01-13,43.73,44.03,42.89,43.01,1495888.0
2026-01-14,42.96,43.45,41.94,42.01,1584914.0
2026-01-15,42.04,43.328,41.97,42.68,2084278.0
2026-01-16,42.5,42.7,41.81,42.05,2158616.0
2026-01-20,41.75,41.9,40.07,40.21,2197152.0
2026-01-21,40.32,40.62,38.88,40.52,2082219.0
2026-01-22,40.32,40.885,39.94,40.62,1568413.0
2026-01-23,40.5,40.9125,39.66,40.04,1172116.0
2026-01-26,40.01,40.77,39.9,40.67,1883428.0
2026-01-27,40.38,40.525,39.28,39.29,1973764.0
2026-01-28,39.29,39.9,38.61,39.05,3170873.0
2026-01-29,39.15,39.52,38.4,38.87,2029234.0
2026-01-30,38.88,39.46,38.35,39.45,3052036.0
2026-02-02,39.43,39.758,38.51,38.72,2369787.0
2026-02-03,38.32,38.635,36.565,37.2,4347782.0
2026-02-04,38.29,38.29,34.3701,34.56,5276740.0
2026-02-05,35.56,36.8153,33.27,33.71,4324684.0
2026-02-06,33.96,34.3,32.705,32.88,3864227.0
2026-02-09,32.76,33.04,32.22,32.77,2811839.0
2026-02-10,32.63,33.3,32.36,32.63,2751664.0
2026-02-11,32.5,32.615,29.765,29.83,3432687.0
2026-02-12,29.67,30.5,28.16,28.34,4062955.0
2026-02-13,28.9,31.125,28.61,31.05,5538922.0
2026-02-17,31.38,32.065,30.1,30.53,3243589.0
2026-02-18,30.8,31.76,30.27,31.68,3352549.0
2026-02-19,31.69,31.84,30.61,30.83,2112526.0
2026-02-20,31.02,31.2,29.8609,30.39,2571584.0
2026-02-23,30.08,30.15,28.37,29.0,5793770.150253
2026-02-24,28.97,30.36,28.97,29.94,3215183.616785
2026-02-25,30.04,30.62,29.25,30.52,2244709.70172
2026-02-26,30.65,31.76,30.62,31.49,2714884.787794
2026-02-27,31.2,31.3,29.94,30.62,2943542.230935
2026-03-02,30.21,31.22,29.9,30.94,2485167.828187
2026-03-03,30.67,31.58,29.93,31.5,2491530.741109
2026-03-04,31.02,31.07,30.435,30.85,1618286.898259
2026-03-05,30.94,31.915,30.6,31.67,1860994.172592
2026-03-06,31.48,32.65,31.47,32.26,2921986.960468
2026-03-09,31.78,32.01,30.12,30.97,2604249.837293
2026-03-10,30.72,31.15,29.03,30.06,2133616.020492
2026-03-11,30.11,30.485,29.6656,30.46,1855227.953555
2026-03-12,30.37,31.25,30.154,30.22,1866756.998516
2026-03-13,30.02,30.7999,29.53,30.51,2206210.350834
2026-03-16,30.5,30.95,30.18,30.62,2375615.240819
2026-03-17,30.97,31.85,30.97,31.17,1886395.047131
2026-03-18,30.91,31.38,30.475,30.49,1984654.180807
2026-03-19,30.49,31.485,30.42,30.88,2164093.064049
2026-03-20,30.66,32.06,30.2101,31.79,5905744.252267
2026-03-23,31.64,31.93,30.85,31.58,2358035.510442
2026-03-24,31.37,31.655,30.92,30.96,1471300.540542
2026-03-25,31.15,31.4899,29.99,30.78,2018507.09359
2026-03-26,30.79,31.7069,30.63,31.28,1488995.679629
2026-03-27,31.12,31.515,30.42,31.21,1784590.210642
2026-03-30,31.48,31.8,30.8,31.64,1584083.521097
2026-03-31,31.74,32.175,31.02,31.74,1670446.367091
2026-04-01,31.39,31.84,30.43,31.79,1888755.369403
2026-04-02,31.95,32.65,31.38,32.18,2212789.639043
2026-04-06,31.74,32.88,31.74,32.66,2171424.947548
2026-04-07,32.68,33.41,32.435,32.46,1903336.238077
2026-04-08,32.66,33.05,31.81,31.86,2101972.59805
2026-04-09,31.66,31.8,30.54,30.87,1884823.66653
2026-04-10,30.67,31.015,29.745,29.8,1823648.51211
2026-04-13,29.84,31.26,29.84,31.17,2340122.90505
2026-04-14,31.1,31.79,30.4,30.52,1719480.138125
2026-04-15,30.66,31.18,30.575,30.9,1899347.85632
2026-04-16,31.23,32.665,31.18,31.95,1847316.468206
2026-04-17,31.81,32.485,31.81,32.16,2058205.962478
2026-04-20,31.98,32.442,31.675,31.71,1630463.670721
2026-04-21,31.79,32.62,31.36,32.3,2086821.968533
2026-04-22,32.03,32.6,31.26,31.48,2218790.73896
2026-04-23,31.33,31.87,30.3,31.01,2338673.969116
2026-04-24,30.85,31.37,29.76,30.26,2709960.621551
2026-04-27,30.18,31.45,30.18,30.64,2749027.099028
2026-04-28,31.36,32.085,31.03,31.51,2493189.815881
2026-04-29,31.48,31.69,31.1,31.43,2015637.448922
2026-04-30,30.94,31.93,30.56,31.73,2511889.091091
2026-05-01,32.0,32.335,31.225,31.25,2063909.93353
2026-05-04,31.12,32.4,31.03,31.08,3175930.43513
2026-05-05,30.87,31.005,29.525,30.02,2822513.575832
2026-05-06,29.88,30.18,29.12,29.32,3193032.810052
2026-05-07,31.27,36.97,31.0,36.29,6670593.982001
2026-05-08,35.93,37.0,34.6701,36.96,4135875.924011
2026-05-11,36.87,37.9,35.52,36.06,4203572.249215
2026-05-12,36.55,36.92,35.22,36.67,3157030.579765
2026-05-13,36.09,36.31,35.1912,36.04,2410557.863748
2026-05-14,36.03,36.75,35.3,35.71,2906016.192239
2026-05-15,36.03,37.25,35.82,37.25,2781577.025564
2026-05-18,37.45,39.06,37.45,38.71,3016802.662738
2026-05-19,38.94,39.54,38.145,38.81,2689143.186499
2026-05-20,38.43,39.84,37.55,39.8,2768284.74779
2026-05-21,38.99,39.0,37.43,37.89,3757413.953725
2026-05-22,37.81,39.15,37.81,38.89,1895261.49526
2026-05-26,38.64,39.14,37.855,38.83,1618885.677209
2026-05-27,38.89,39.275,38.16,38.68,2268189.25521
2026-05-28,38.53,39.23,38.2,38.3,1901438.89719
2026-05-29,38.27,39.21,38.135,38.49,2370900.000379
2026-06-01,38.75,40.08,38.75,39.57,2638684.029241
2026-06-02,39.15,39.31,38.15,38.58,2262605.958017
2026-06-03,37.8,38.075,37.1,37.96,2491592.361812
2026-06-04,38.48,39.0,37.41,37.47,1786202.010418
2026-06-05,38.15,38.73,37.51,38.09,2249020.033438
2026-06-08,37.5,38.08,37.25,37.53,1914252.450282
2026-06-09,37.63,38.68,37.435,38.26,2849731.013464
2026-06-10,37.92,38.25,36.87,37.21,2385283.155708
2026-06-11,37.16,37.23,35.5,35.89,3165050.282549
2026-06-12,35.89,36.52,35.75,36.52,2534325.703551
2026-06-15,36.29,36.905,35.815,36.2,2086845.096364
2026-06-16,36.47,36.68,36.05,36.23,1615722.794076
2026-06-17,35.77,36.4,35.24,35.32,2071702.906688
2026-06-18,34.99,35.22,33.73,34.38,3310763.856277
2026-06-22,34.38,34.64,33.564,34.04,3158818.649425
2026-06-23,34.71,35.96,34.57,35.87,2498014.09167
2026-06-24,36.16,36.96,35.74,36.33,1479213.091323
2026-06-25,36.12,36.66,35.65,35.78,1199792.750647
2026-06-26,36.12,37.24,35.93,37.22,2348666.131085
2026-06-29,37.46,38.37,37.1875,38.22,2248281.590484
2026-06-30,38.23,38.82,37.82,38.08,1676282.701888
2026-07-01,38.91,40.195,38.77,39.34,1621227.749088
2026-07-02,39.6,40.17,39.19,40.04,2580487.050199
2026-07-06,39.84,40.01,39.19,39.22,1253231.629657
2026-07-07,39.89,40.54,39.57,39.83,2144434.680794
2026-07-08,39.71,39.85,39.085,39.12,2437839.225331
2026-07-09,38.35,38.85,37.76,38.66,2511136.48142
2026-07-10,39.33,39.63,38.96,39.59,1754245.281801
2026-07-13,40.5,42.1,40.3,40.86,2603239.742913
2026-07-14,40.16,41.06,39.62,40.94,1404724.652451
2026-07-15,41.47,42.39,40.82,41.14,1433960.659429
2026-07-16,41.83,42.52,41.7,41.85,1520455.731398
2026-07-17,42.36,42.89,41.6641,42.08,1589076.354597
2026-07-20,41.85,42.17,41.2,41.7,1652892.347926
2026-07-21,41.03,41.92,40.28,40.42,1603634.638682
2026-07-22,41.03,41.1809,38.89,39.55,2210989.47336
2026-07-23,39.8,40.07,39.17,39.95,1567286.676031
2026-07-24,40.36,41.07,39.88,40.83,1364806.636533
2026-07-27,40.9,43.0,40.9,42.33,1533887.598246
2026-07-28,42.6,45.25,42.6,44.94,2143660.423565
2026-07-29,45.07,47.33,45.07,47.18,2332631.16119
2026-07-30,45.82,47.1821,44.14,44.29,1809608.300639
2026-07-31,43.16,44.17,42.1,44.03,2394409.612191
2026-08-03,44.48,45.99,44.48,45.19,1741260.139604
2026-08-04,44.64,46.16,44.64,46.07,1659367.540904
2026-08-05,46.5,46.59,45.04,45.88,2465850.671998
2026-08-06,45.61,46.05,44.44,45.95,2056735.112708
2026-08-07,45.71,46.88,45.4,46.19,4757811.879627
2026-08-10,45.52,46.585,45.45,45.93,2089125.699487
2026-08-11,45.36,47.04,45.27,46.67,4599613.104609
2026-08-12,54.5,58.67,52.29,54.18,8524624.026721
2026-08-13,54.22,54.25,52.1205,53.34,3792319.171
2026-08-14,53.73,54.455,52.6,53.92,3251361.171638
2026-08-17,53.3,53.74,50.11,50.13,3168827.449589
2026-08-18,50.93,51.45,50.29,50.94,2162115.910243
2026-08-19,51.19,52.865,51.045,52.25,2030483.380063
2026-08-20,52.07,53.79,52.06,53.04,948269.223183
2026-08-21,53.04,53.78,52.2301,53.68,1615312.488555
2026-08-24,53.88,54.74,53.55,53.68,1335822.788416
2026-08-25,53.13,53.435,52.72,53.19,1024570.689553
2026-08-26,51.97,52.965,51.38,52.67,1640068.540011
2026-08-27,52.52,53.6287,52.48,52.51,916905.360768
2026-08-28,52.61,53.0428,52.193,52.48,1004126.113097
2026-08-31,52.26,52.97,51.53,51.65,1438242.66377
2026-09-01,52.03,52.98,50.87,50.92,2257492.600883
2026-09-02,51.07,51.73,50.655,50.96,1383610.067857
2026-09-03,50.92,51.77,50.44,51.1,1412849.241119
2026-09-04,50.53,50.92,48.63,49.06,1251147.880474
2026-09-08,48.67,49.0187,45.85,45.89,2281877.407005
2026-09-09,45.86,46.14,44.93,45.14,1819278.094805
2026-09-10,45.32,45.51,44.32,44.88,1906556.737263
2026-09-11,45.13,45.215,44.4,45.12,1157790.742448
2026-09-14,46.23,46.85,45.49,45.74,1867528.353602
2026-09-15,45.2,45.85,45.15,45.84,1872410.995672
2026-09-16,45.51,45.87,44.79,45.11,1865686.039093
2026-09-17,45.08,45.71,44.24,44.81,1906862.464954
2026-09-18,44.71,44.76,43.7101,44.25,4758782.538591
2026-09-21,45.08,45.24,44.0955,44.5,1830758.413782
2026-09-22,45.15,45.52,42.78,42.86,2608946.498874
2026-09-23,42.8,43.195,41.845,42.54,2191409.453099
2026-09-24,42.64,43.24,42.08,42.61,2429127.009551
2026-09-25,42.16,42.635,41.23,42.19,1843910.037065
2026-09-28,41.94,41.94,40.1,40.34,1647540.361292
2026-09-29,40.11,40.93,39.5,40.58,2563318.527523
