t,D_k,M_k,R_rev_k,U_star_k,C_k,P_k,B_k,R_k,URF_k,g_k,Hyst_k,w_k,psi_k,S_k,U_k,IAS_k,regime,T_k,V_k,delta_g,date,close,r5,r20
1,0,0.0,0,0.5,2,0,-0.05,0.45555555555555555,0.45555555555555555,1,0,0.0,1.0,0.4444444444444444,0.5,0,DEGENERATE,1.0,0.0,0.0,2016-01-05,201.36,-0.038235995232419606,-0.049960270162892395
2,-1,0.0,0,0.7666666666666666,3,1,-0.1372962962962963,0.6666666666666667,0.0,0,1,1.0,1.0,0.75,0.6666666666666666,0,DEGENERATE,1.0,3108491217796932.0,3108490953514812.5,2016-01-06,198.82,-0.05024645407906636,-0.036314254099185206
3,0,0.45555555555555555,0,0.5394431918449805,3,1,-0.19124061548079435,0.4234003451054715,0.0,0,1,0.6816703862375646,0.23566330179168857,0.38911122934308434,0.43944319184498043,0,VOLATILE,1.0,2118966409051712.0,989524605786575.4,2016-01-07,194.05,-0.010925019324916296,-0.031435197114145996
4,1,0.5055505531779192,0,0.336469376806978,3,1,-0.19134272580092,0.5055505531779192,0.5055505531779192,1,0,0.6722622775084259,0.4759043295140045,0.46605553567414343,0.336469376806978,0,VOLATILE,1.0,2089721385691106.0,29245088302961.324,2016-01-08,191.923,-0.021430469511210193,-0.033883380313980194
5,-1,-0.6319065857887103,1,0.3569764404137101,3,2,-0.23516536042875022,0.37919452056712805,0.37919452056712805,1,0,0.6013329287155,0.08837885372151284,0.3132372608123376,0.3569764404137101,0,VOLATILE,1.0,1869238127884240.5,220483153417000.0,2016-01-11,192.11,-0.02108167195877364,-0.034771745354224226
6,-1,0.10438256471731977,0,0.36616298280646986,3,0,-0.2731744184440968,0.35722105267365667,0.35722105267365667,1,0,0.5028439906850343,0.11135719394603066,0.2880670615436883,0.36616298280646986,0,VOLATILE,1.0,1563086128966391.2,306152005182922.06,2016-01-12,193.6608,-0.04136510847832908,-0.043327302169566484
7,1,0.06162532780376301,1,0.3558524470353064,3,2,-0.3062054982944561,0.3968729125839483,0.3968729125839483,1,0,0.43528667202514604,0.3198760854411399,0.3350542524887619,0.3558524470353064,0,VOLATILE,1.0,1353084797214220.0,210001383671264.4,2016-01-13,188.83,-0.011332944976963466,-0.03161573902451942
8,-1,-0.040865093041566436,1,0.33387451167691135,3,2,-0.33967376601334925,0.3956596794526735,0.3956596794526735,1,0,0.43691020627115973,0.2972194754340493,0.3280432272350697,0.33387451167691135,0,VOLATILE,1.0,1358131539159746.0,5046743955751.403,2016-01-14,191.93,-0.007346428385348824,-0.027614234356275746
9,1,0.01963479871742657,1,0.34866099273735784,3,2,-0.37333999686297425,0.41408124503882526,0.41408124503882526,1,0,0.482893182504229,0.33140723094438407,0.354766804482871,0.34866099273735784,0,VOLATILE,1.0,1501069216948407.0,142937671787899.3,2016-01-15,187.81,-0.0009051701187371419,0.0104893243171289
10,-1,-0.43250281062497703,1,0.5867619316369163,3,2,-0.4491276034111884,0.6874953488762898,0.0,0,1,0.9431790070137739,1.0,0.7310596690045913,0.4867619316369163,0,DEGENERATE,1.0,2931863660112747.0,1430794229511437.2,2016-01-19,188.06,0.011379347016909458,0.02563011804743165
11,1,1.1046250677152194,1,0.3609705856035685,3,2,-0.4410968805095483,0.6905438226763941,0.6905438226763941,1,0,0.8602672742391546,1.0,0.7034224247463848,0.3609705856035685,0,DEGENERATE,1.0,2674133266930517.0,257730445986098.12,2016-01-20,185.65,0.013358470239698272,0.03468893078373281
12,-1,-0.7236152239645799,1,0.36441041290157045,3,2,-0.47963990562865777,0.6574724213882084,0.6574724213882084,1,0,0.9534984802060742,0.7853309096758849,0.6629431299606531,0.36441041290157045,0,DEGENERATE,1.0,2963941651903303.5,289808462098575.6,2016-01-21,186.69,0.012962665381113236,0.02844287321227701
13,-1,-0.07616661350679521,0,0.35590987048483697,3,0,-0.5222668053868693,0.5482344065932274,0.5482344065932274,1,0,0.8857688361358629,0.4370425914523677,0.5242704758627434,0.35590987048483697,0,VOLATILE,1.0,2753404648126539.5,210536884491420.5,2016-01-22,190.52,0.016800335922737775,0.02235985723283629
14,-1,0.018106685510775544,0,0.3419200223144266,3,0,-0.5624559779324927,0.457103077309022,0.457103077309022,1,0,0.8600087340177777,0.11056782262687476,0.4068588522148841,0.3419200223144266,0,VOLATILE,1.0,2673329596922919.5,80074935055121.47,2016-01-25,187.64,0.03202941803453441,0.02494137710509481
15,1,0.14084743901166985,1,0.35365947629613487,3,2,-0.5946085719223294,0.5068191870364864,0.5068191870364864,1,0,0.9209871733606015,0.24482938524832384,0.47193885286964177,0.35365947629613487,0,VOLATILE,1.0,2862880540095050.5,189550894559152.12,2016-01-26,190.2,-0.0002103049421661174,0.01577287066246047
16,-1,-0.0732999753813961,1,0.33759506262475336,3,2,-0.6299302850899606,0.48323532138255476,0.48323532138255476,1,0,0.933772346663531,0.13155640548961434,0.4384429173843818,0.33759506262475336,0,VOLATILE,1.0,2902623139025218.5,39742640846125.06,2016-01-27,188.13,0.016850050496996838,0.039387657470897786
17,1,0.07234131879679861,1,0.3506960106620698,3,2,-0.6618340452726055,0.5319927745254217,0.5319927745254217,1,0,0.8816843469417925,0.37631056552509123,0.5026649708222946,0.3506960106620698,0,VOLATILE,1.0,2740708049337585.5,161915176215522.1,2016-01-28,189.11,0.013166939876262385,0.031617577071545666
18,1,-0.02882052603483143,0,0.3333952584768819,3,0,-0.6938445661061319,0.5519297016334572,0.5519297016334572,1,0,0.881498577743466,0.4382842472396598,0.523260941661042,0.3333952584768819,0,VOLATILE,1.0,2740130587416050.0,577481245547.4341,2016-01-29,193.7208,-0.029789263723874804,-0.0008300605820334983
19,1,0.008837568933321438,0,0.3474379203453364,3,0,-0.7267106436428892,0.5807041976748142,0.5807041976748142,1,0,0.839184838780947,0.5990343427586083,0.5627397271798518,0.3474379203453364,0,VOLATILE,1.0,2608598701458908.0,131531943389622.39,2016-02-01,193.65,-0.04249935450555131,0.023031241931319446
20,-1,-0.03490280114729172,1,0.33729282399161736,3,2,-0.760846053219098,0.5745758925688794,0.5745758925688794,1,0,0.8510633057278654,0.5565659093991456,0.5525430717090036,0.33729282399161736,0,VOLATILE,1.0,2645522811644295.0,36924122675407.35,2016-02-02,190.16,-0.02487379049221705,0.0464871687000421
21,-1,-0.09224770781311864,0,0.33802806860015355,3,0,-0.8011610760066576,0.476199879649826,0.476199879649826,1,0,0.8369790609374468,0.20229153919951617,0.42975686671232094,0.33802806860015355,0,VOLATILE,1.0,2601742060403976.5,43780626318172.8,2016-02-03,191.3,-0.03152117093570306,0.044302143230527946
22,0,0.09802050281172914,0,0.3685561822839448,3,1,-0.8380391427009927,0.47584436954250175,0.47584436954250175,1,0,0.7313105359331679,0.3295229865641723,0.43694450749911334,0.3685561822839448,0,VOLATILE,1.0,2273272378430620.0,328469721959983.6,2016-02-04,191.6,-0.045615866388308834,0.04608559498956155
23,1,0.05435961197597172,0,0.33994853877376363,3,1,-0.8684694479433078,0.5298484714111492,0.5298484714111492,1,0,0.7511561704480784,0.49073700142405374,0.4972977239573773,0.33994853877376363,0,VOLATILE,1.0,2334962359031827.0,61689918801658.87,2016-02-05,187.95,-0.00702314445331198,0.06725192870444285
24,-1,-0.13052954685963747,1,0.33451866608990843,3,2,-0.9070139400733653,0.4533230264201592,0.4533230264201592,1,0,0.7476001401409211,0.2032502085021074,0.40028344954767614,0.33451866608990843,0,VOLATILE,1.0,2323908470051809.0,11053788452155.705,2016-02-08,185.42,0.023514184014669537,0.07000323589688295
25,-1,0.04260025939798773,0,0.33494536843815687,3,0,-0.9427646870977031,0.4193978408271569,0.4193978408271569,1,0,0.7427640213130845,0.08118690811737175,0.3579836431434854,0.33494536843815687,0,VOLATILE,1.0,2308875437147256.5,15032989620276.896,2016-02-09,185.43,0.04017688615650106,0.07523054521922012
26,1,0.041695242191684745,1,0.3335422404490907,3,2,-0.975601069691378,0.4271678974258394,0.4271678974258394,1,0,0.7433907451191316,0.10864555056458398,0.3673454318945718,0.3335422404490907,0,VOLATILE,1.0,2310823602594338.0,1948157638370.2017,2016-02-10,185.27,0.036811140497652106,0.07702272359259443
27,1,0.08032138525097299,0,0.3413370239472317,3,0,-1.0,0.5152593392754948,0.5152593392754948,1,0,0.7674018493875434,0.4208234408559861,0.47940843008117645,0.3413370239472317,0,VOLATILE,1.0,2385461909342302.5,74638199604103.86,2016-02-11,182.86,0.04998359400634356,0.10882642458711578
28,1,-0.01955620369912703,0,0.33400189638095157,3,0,-1.0,0.5837945774260233,0.5837945774260233,1,0,0.7653961892631297,0.674334898370171,0.5632436958777669,0.33400189638095157,0,VOLATILE,1.0,2379227332459677.0,6234666556126.928,2016-02-12,186.63,0.043669292182392905,0.08503456036007084
29,-1,-0.11364468945982031,1,0.3375439872189874,3,2,-1.0,0.5386851261167314,0.5386851261167314,1,0,0.7780281313017723,0.4951990820502108,0.507742404450661,0.3375439872189874,0,VOLATILE,1.0,2418493613350517.5,39266338535812.81,2016-02-16,189.78,0.013383918221097968,0.06528612077141949
30,-1,-0.49357567480743947,0,0.527253163591773,3,0,-1.0,0.33751599280322064,0.0,0,1,0.49626861785147236,0.08985622785443484,0.27870828190196906,0.42725316359177296,0,VOLATILE,1.0,1542646640259523.5,875846828142019.1,2016-02-17,192.88,0.0016590626296142386,0.05423060970551652
31,1,0.9250629274755904,1,0.3381082230408279,3,2,-1.0,0.3863778013588591,0.3863778013588591,1,0,0.5105932969067859,0.19190462546955656,0.3174993074587808,0.3381082230408279,0,VOLATILE,1.0,1587174779300725.5,44528104379333.55,2016-02-18,192.09,0.01796033109479933,0.06528189910979232
32,-1,-0.430427993554801,1,0.3874310403704322,3,2,-1.0,0.34232760916291716,0.34232760916291716,1,0,0.34830019428999365,0.22600162034876972,0.2747672715462544,0.3874310403704322,0,VOLATILE,1.0,1082688095107410.4,504486698792149.44,2016-02-19,192.0,0.016089583333333435,0.06447916666666664
33,-1,0.02483669315668996,0,0.33780160897747696,3,0,-1.0,0.3231141101236652,0.3231141101236652,1,0,0.3617050060147321,0.10332411368212015,0.23834303989895073,0.33780160897747696,0,VOLATILE,1.0,1124356834629981.2,41668783252893.36,2016-02-22,194.78,-0.006263476742992102,0.05077523359687852
34,1,0.02412648072822532,1,0.3477646568694579,3,2,-1.0,0.32802709181263856,0.32802709181263856,1,0,0.40499897103386334,0.08592611591562462,0.24697502898316265,0.3477646568694579,0,VOLATILE,1.0,1258935744675558.2,134578915977866.1,2016-02-23,192.32,0.030106073211314532,0.06364392678868547
35,1,0.010523488837624828,0,0.34018623330057735,3,0,-1.0,0.34346356233923675,0.34346356233923675,1,0,0.42555767215907503,0.11757036158849583,0.26437601124919025,0.34018623330057735,0,VOLATILE,1.0,1322842286572590.8,63906532660559.82,2016-02-24,193.2,0.03002070393374745,0.05180745341614923
36,1,0.0447426958890359,0,0.33422897393259204,3,0,-1.0,0.40364272875487084,0.40364272875487084,1,0,0.42287077614583374,0.34146118713437584,0.3381106544267365,0.33422897393259204,0,VOLATILE,1.0,1314490093912296.5,8352272101189.153,2016-02-25,195.54,0.021657972793290403,0.03876444717193417
37,-1,-0.07367477896364333,1,0.337058043599745,3,2,-1.0,0.3901471162068616,0.3901471162068616,1,0,0.43404489971401283,0.28180031876152684,0.32194840615851317,0.337058043599745,0,VOLATILE,1.0,1349224758890559.0,34734684502813.41,2016-02-26,195.0892,0.027376195094346523,0.04177986274996259
38,-1,-0.027927359253056838,0,0.3353999159567,3,0,-1.0,0.3487241444057955,0.3487241444057955,1,0,0.4402446286729156,0.11902084981634274,0.2697551594964194,0.3353999159567,0,VOLATILE,1.0,1368496561912029.5,19271860168278.86,2016-02-29,193.56,0.03631948749741687,0.05972721636701794
39,-1,0.011013215286189815,0,0.3515448370535459,3,0,-1.0,0.31831438789091926,0.31831438789091926,1,0,0.3856101162336444,0.07172746614746234,0.23577919412703557,0.3515448370535459,0,VOLATILE,1.0,1198665659805937.8,169830883692546.44,2016-03-01,198.11,0.001463833223966482,0.03992731310887887
40,1,0.07067340684739337,1,0.33377939876627427,3,2,-1.0,0.35857803822343637,0.35857803822343637,1,0,0.38427193530852427,0.21073025710406793,0.28166739747086406,0.33377939876627427,0,VOLATILE,1.0,1194505936152378.5,4159771088917.6787,2016-03-02,199.0,0.0019095477386934512,0.03276381909547754
41,-1,-0.041521275331209584,1,0.33490596612834156,3,2,-1.0,0.3573204132247439,0.3573204132247439,1,0,0.3889898334142819,0.20214119077476395,0.28037700806301524,0.33490596612834156,0,VOLATILE,1.0,1209171480980586.8,14665544449451.314,2016-03-03,199.775,-0.0011763233637843706,0.03576523589037661
42,-1,-0.025298791426575096,0,0.3457582235314365,3,0,-1.0,0.3307639967994763,0.3307639967994763,1,0,0.3517151586157697,0.14796849703084383,0.2498945518822045,0.3457582235314365,0,VOLATILE,1.0,1093303481723175.0,115867976337655.58,2016-03-04,200.43,0.01162500623659124,0.02903756922616374
43,1,0.06402200593808277,1,0.3335697222026153,3,2,-1.0,0.3682295863122915,0.3682295863122915,1,0,0.3524243408333716,0.2786138994896832,0.2936794134410182,0.3335697222026153,0,VOLATILE,1.0,1095507968418408.4,2204437985024.347,2016-03-07,200.59,0.009521910364424846,0.01794306794954892
44,-1,-0.054600370377806406,1,0.3386968533521666,3,2,-1.0,0.3510948054473003,0.3510948054473003,1,0,0.33633377718674146,0.23429438325475974,0.273542720147167,0.3386968533521666,0,VOLATILE,1.0,1045490592633456.0,50017360372616.7,2016-03-08,198.4,0.019002016129032073,0.040423387096774066
45,-1,-0.004875026774484537,0,0.3530061425209506,3,0,-1.0,0.3290849978078246,0.3290849978078246,1,0,0.27731535296243226,0.22150799570762278,0.24960778289001834,0.3530061425209506,0,VOLATILE,1.0,862032339243977.1,183458248169793.94,2016-03-09,199.38,0.019861570869696088,0.02292105527134103
46,1,0.04886721563227292,1,0.3458357373775574,3,2,-1.0,0.35594240580062175,0.35594240580062175,1,0,0.23980815807667796,0.35435266670882165,0.28138694159516653,0.3458357373775574,0,VOLATILE,1.0,745441553337411.9,116590829605972.66,2016-03-10,199.54,0.02550866994086398,0.024853162273228424
47,1,-0.009444723669827015,0,0.33591296598959847,3,0,-1.0,0.3733550901235919,0.3733550901235919,1,0,0.24754706264644755,0.4044692498092211,0.3006721041518895,0.33591296598959847,0,VOLATILE,1.0,769497870227909.1,24056294326174.902,2016-03-11,202.76,0.007989741566383879,0.0062147366344447175
48,-1,-0.12340787726792257,1,0.38176102973841747,3,2,-1.0,0.2673598971786395,0.2673598971786395,1,0,0.10226396049860047,0.18665642622511083,0.17964012890790376,0.38176102973841747,0,VOLATILE,1.0,317886623107031.94,451611168524297.6,2016-03-14,202.5,0.010716049382716086,0.01688888888888873
49,1,0.18431431851372554,1,0.3442365405918105,3,2,-1.0,0.34567902274741263,0.34567902274741263,1,0,0.13497360648677037,0.41950013425988497,0.2681579135822184,0.3442365405918105,0,VOLATILE,1.0,419564270398504.75,101677563381820.27,2016-03-15,202.17,0.011821734184102484,0.028841074343374462
50,-1,-0.15892366862760982,1,0.33644263911928646,3,2,-1.0,0.26507447968857595,0.26507447968857595,1,0,0.14430148697997702,0.10205979119164768,0.16545375939054158,0.33644263911928646,0,VOLATILE,1.0,448559904992296.94,28995746722039.97,2016-03-16,203.34,-0.0006432575981114574,0.022966460116061738
51,1,0.10352702404793929,1,0.33449002195268845,3,2,-1.0,0.28799696067767855,0.28799696067767855,1,0,0.14083143144069957,0.19002468756511123,0.19361870633527026,0.33449002195268845,0,VOLATILE,1.0,437773267823185.4,10786668327897.156,2016-03-17,204.63,-0.00737917216439421,0.015393637296584162
52,-1,-0.06838516320009724,1,0.3337127811475187,3,2,-1.0,0.2425342784666839,0.2425342784666839,1,0,0.14196975502242756,0.01781837508827612,0.13659604337023457,0.3337127811475187,0,VOLATILE,1.0,441311736679997.94,3538530293178.2817,2016-03-18,204.38,-0.005577845190331665,0.02377532048145614
53,1,0.10426500018081619,1,0.3353541311206569,3,2,-1.0,0.30133659643650546,0.30133659643650546,1,0,0.14803216967269472,0.23349566530469362,0.21050927832579608,0.3353541311206569,0,VOLATILE,1.0,460156699378996.9,18844894922334.03,2016-03-21,204.67,0.002202569990716885,0.025553329750329867
54,1,0.0027165206709126033,0,0.3432563043093232,3,0,-1.0,0.3628554350772396,0.3628554350772396,1,0,0.17780110638577667,0.44034900338586447,0.28938336992388036,0.3432563043093232,0,VOLATILE,1.0,552693177714764.8,92536396532563.53,2016-03-22,204.56,0.007137270238560811,0.027082518576456716
55,-1,-0.1260070229737713,1,0.33525734567350474,3,2,-1.0,0.29836725074420245,0.29836725074420245,1,0,0.1835731139861384,0.18674708555974953,0.2067733998486293,0.33525734567350474,0,VOLATILE,1.0,570635412649546.4,17942324861621.16,2016-03-23,203.2092,0.011371532391249994,0.028349110178082393
56,-1,0.04175996202032195,0,0.3338802061970719,3,0,-1.0,0.27563902843148724,0.27563902843148724,1,0,0.1819324860884651,0.10212402517741596,0.17801883708862704,0.3338802061970719,0,VOLATILE,1.0,565535535237956.2,5099848048962.816,2016-03-24,203.12,0.0187081528160693,0.028800708940527775
57,-1,0.02170639955988718,0,0.33764620404161766,3,0,-1.0,0.2746172056786592,0.2746172056786592,1,0,0.19487109467547684,0.0881780796507084,0.17768305810872842,0.33764620404161766,0,VOLATILE,1.0,605755086401194.2,40219558741142.516,2016-03-28,203.24,0.014810076756544,0.026421964180279423
58,1,0.04212451638588344,1,0.3436959538256966,3,2,-1.0,0.3157198993117146,0.3157198993117146,1,0,0.22595896825959097,0.21576261952861117,0.23057386259606738,0.3436959538256966,0,VOLATILE,1.0,702391468417394.2,96636336165655.62,2016-03-29,205.1208,-0.004541713955873772,0.01851786849505266
59,-1,-0.04616163425508274,1,0.33385619161617375,3,2,-1.0,0.3106609586896873,0.3106609586896873,1,0,0.22439039134623293,0.19098034745222475,0.2217902462661525,0.33385619161617375,0,VOLATILE,1.0,697515560857781.8,4875900726539.321,2016-03-30,206.02,0.0019415590719347176,0.01616347927385675
60,-1,-0.034285878710704376,0,0.33829721686847575,3,0,-1.0,0.2713161393569556,0.2713161393569556,1,0,0.2094987271273219,0.061659708112618346,0.17371947841331342,0.33829721686847575,0,VOLATILE,1.0,651224953414916.0,46290561189874.32,2016-03-31,205.52,-0.007639159205916846,0.009378649279875306
61,0,0.0391786376595879,0,0.3338078476584851,3,1,-1.0,0.2711499576838118,0.2711499576838118,1,0,0.21092226950095594,0.056245957557201944,0.17238940901938593,0.3338078476584851,0,VOLATILE,1.0,655650022381519.2,4425070461142.6875,2016-04-01,206.92,-0.011699207423158664,-0.002847477285907507
62,1,0.056972388292978404,0,0.33340805840827525,3,1,-1.0,0.3279561643036464,0.3279561643036464,1,0,0.2111464674712296,0.26874519247365075,0.24329721998162673,0.33340805840827525,0,VOLATILE,1.0,656346939803162.8,696846658373.39,2016-04-04,206.25,-0.010811636363636246,0.008339393939393869
63,1,-0.020527158956921532,0,0.3381854174754182,3,0,-1.0,0.36423521196655945,0.36423521196655945,1,0,0.2257027339126408,0.39381837406852077,0.28984036932705387,0.3381854174754182,0,VOLATILE,1.0,701594966200201.8,45247978984090.625,2016-04-05,204.1892,0.008476452231557685,0.00964791477707938
64,-1,-0.07992303833545344,1,0.3333433219986882,3,2,-1.0,0.32059122129401907,0.32059122129401907,1,0,0.22573268128729404,0.22649189006429346,0.23407485711719583,0.3333433219986882,0,VOLATILE,1.0,701688057351307.4,93149027680.31331,2016-04-06,206.42,0.007658172657688311,-0.006830733456060445
65,-1,0.010704482460409281,0,0.33578382334827683,3,0,-1.0,0.28765171308188797,0.28765171308188797,1,0,0.218381198198894,0.11215059336939358,0.1935105971894292,0.33578382334827683,0,VOLATILE,1.0,678836036733233.2,22851978129391.08,2016-04-07,203.95,0.019906839911743024,0.005001225790635111
66,1,0.051987317207376704,1,0.33412237162146374,3,2,-1.0,0.3066995220771336,0.3066995220771336,1,0,0.2207483209665771,0.17996666553877172,0.21690499550178294,0.33412237162146374,0,VOLATILE,1.0,686194217068023.2,7358155141890.912,2016-04-08,204.4992,0.0160430945451131,0.005969705504960343
67,-1,-0.06404423232510503,1,0.350920208513784,3,2,-1.0,0.26170309874727415,0.26170309874727415,1,0,0.16798768816783538,0.07658908851978079,0.16485892556253873,0.350920208513784,0,VOLATILE,1.0,522188253367725.9,164005927197075.78,2016-04-11,204.0201,0.02558130301867312,0.00916135223931347
68,1,0.06273764591997899,1,0.34168078305951183,3,2,-1.0,0.2794443213373937,0.2794443213373937,1,0,0.14294535006341583,0.16123144224644448,0.1847255974366201,0.34168078305951183,0,VOLATILE,1.0,444344365297036.25,77843915876237.02,2016-04-12,205.92,0.0193278943278945,0.012286324786324743
69,1,0.0025606432014771974,0,0.3340975897502127,3,0,-1.0,0.2997461871289905,0.2997461871289905,1,0,0.14065259002849037,0.2339688040178834,0.20820713134879126,0.3340975897502127,0,VOLATILE,1.0,437217340863954.7,7127052474105.694,2016-04-13,208.0008,0.010092268875888877,-0.00721535686401209
70,-1,-0.05902080271069615,1,0.3334202381818901,3,2,-1.0,0.2610272502098911,0.2610272502098911,1,0,0.140391859073949,0.08852550784956026,0.1596391223078364,0.3334202381818901,0,VOLATILE,1.0,436406860981554.94,810428806665.7515,2016-04-14,208.01,0.004615162732561018,-0.006970818710638871
71,1,0.06907809165966988,1,0.3343433595798121,3,2,-1.0,0.2913864049504616,0.2913864049504616,1,0,0.137361793998097,0.20609474425099297,0.19781884608302996,0.3343433595798121,0,VOLATILE,1.0,426987930303915.9,9418972349975.24,2016-04-15,207.78,0.005727211473674165,-0.01453460390797967
72,-1,-0.08165851328337603,1,0.3410495468288906,3,2,-1.0,0.24008704640765605,0.24008704640765605,1,0,0.11421313667048062,0.041900447479897525,0.1353711947167927,0.3410495468288906,0,VOLATILE,1.0,355030532297229.75,71957339538986.05,2016-04-18,209.2392,-0.003007084714527708,-0.011753055832750325
73,-1,0.03569283530617545,0,0.34566119953217095,3,0,-1.0,0.22448052317102593,0.22448052317102593,1,0,0.07722953910326937,0.023818322437206094,0.11701595384682514,0.34566119953217095,0,VOLATILE,1.0,240067344057017.56,114963181665683.28,2016-04-19,209.9,-0.004672701286326908,-0.024055264411624644
74,1,0.024838912371557165,1,0.33469175519538125,3,2,-1.0,0.23371291230595298,0.23371291230595298,1,0,0.07315427741270733,0.05428796013115229,0.12581407918128654,0.33469175519538125,0,VOLATILE,1.0,227399428881681.2,12667926207698.113,2016-04-20,210.1,-0.0035697287006187794,-0.024702522608281763
75,0,-0.00906519217728688,0,0.33341369174991314,3,1,-1.0,0.23388010926359315,0.23388010926359315,1,0,0.07291320226076028,0.05419747629014889,0.1257035595169697,0.33341369174991314,0,VOLATILE,1.0,226650048889024.75,749380232931.7487,2016-04-21,208.97,-0.007285734794468146,-0.022826243001387803
76,-1,-0.0044865893552556435,0,0.333590289126247,3,1,-1.0,0.22956071686597768,0.22956071686597768,1,0,0.07214233318801214,0.0389030719040894,0.12034846836403384,0.333590289126247,0,VOLATILE,1.0,224253809146315.88,2396234273176.0015,2016-04-22,208.97,-0.012629564052256237,-0.016653108101641334
77,1,0.04177847682303765,1,0.3337776867560061,3,2,-1.0,0.26701980129139985,0.26701980129139985,1,0,0.07347540834731532,0.1781821115624386,0.1672191733032513,0.3337776867560061,0,VOLATILE,1.0,228397661571673.06,4143805783625.192,2016-04-25,208.61,-0.0030679257945449567,-0.016298355783519458
78,1,-0.028667233330589736,0,0.3343490286494565,3,0,-1.0,0.2758116523862323,0.2758116523862323,1,0,0.07042832769889819,0.21462714023656507,0.17835182264515442,0.3343490286494565,0,VOLATILE,1.0,218925838136149.44,9471839105088.543,2016-04-26,208.9192,-0.013210848978935319,-0.005022037227789378
79,-1,-0.05179523226387078,1,0.3342047379576401,3,2,-1.0,0.23280827121719394,0.23280827121719394,1,0,0.07304252271088696,0.050642047821820455,0.12456152351090247,0.3342047379576401,0,VOLATILE,1.0,227052040372525.06,8126260174525.7295,2016-04-27,209.35,-0.020730833532362047,-0.0003343682827799954
80,1,0.04673634216152503,1,0.33397840752368946,3,2,-1.0,0.23654123220968062,0.23654123220968062,1,0,0.07497774574686769,0.06253568068220172,0.12917114214302314,0.33397840752368946,0,VOLATILE,1.0,233067664184349.5,6015621855203.7,2016-04-28,207.4475,-0.011942780703551481,0.00912279010352024
81,1,0.013941429940850625,0,0.33354657922444003,3,0,-1.0,0.25421562314301793,0.25421562314301793,1,0,0.0756174915115948,0.12785102969305256,0.15115617373488244,0.33354657922444003,0,VOLATILE,1.0,235056308275626.5,1988618770138.2932,2016-04-29,206.3308,-0.002960294827529464,0.018946274623081072
82,1,0.08839190727483467,0,0.34513751925908864,3,0,-1.0,0.3602819213511899,0.3602819213511899,1,0,0.11103008663338824,0.4988802578778904,0.28663678150375954,0.34513751925908864,0,VOLATILE,1.0,345136049211119.9,110079615491451.83,2016-05-02,207.97,-0.010005289224407465,0.008991681492523051
83,1,-0.08131053377099112,0,0.33371140724407516,3,0,-1.0,0.3850376857883708,0.3850376857883708,1,0,0.11216431922438158,0.5820105579150653,0.31472495904648223,0.33371140724407516,0,VOLATILE,1.0,348661801259161.75,3525717993903.0127,2016-05-03,206.1592,0.011111800977108954,0.019939929918237898
84,-1,-0.1018416156120221,1,0.33428497463552076,3,2,-1.0,0.30795183461352954,0.30795183461352954,1,0,0.11501921005553783,0.2905139007218385,0.2185110369257921,0.33428497463552076,0,VOLATILE,1.0,357536204335579.94,8874505136522.066,2016-05-04,205.01,0.007267938149358555,0.028779083947124473
85,-1,0.018407731249782733,0,0.3333417758283255,3,0,-1.0,0.24927371468847107,0.24927371468847107,1,0,0.11504451243217906,0.06973824952083162,0.14492758731767022,0.3333417758283255,0,VOLATILE,1.0,357614856551158.56,78730257925.26822,2016-05-05,204.97,0.007757232765770672,0.025906230180026357
86,1,0.09339483691116751,1,0.3342217721077565,3,2,-1.0,0.2839904316745801,0.2839904316745801,1,0,0.11237921123677906,0.20325123662371364,0.18854348262016424,0.3342217721077565,0,VOLATILE,1.0,349329791192474.0,8285111679138.814,2016-05-06,205.72,-0.004666537040637797,0.02736729535290694
87,-1,-0.04465498689589284,1,0.3336114373837836,3,2,-1.0,0.2740521617647963,0.2740521617647963,1,0,0.11154489509867141,0.16635928955715254,0.1759680615519413,0.3336114373837836,0,VOLATILE,1.0,346736326804300.1,2593451774881.611,2016-05-09,205.8892,0.004326598966823081,0.02812580747314586
88,-1,-0.009026592647851162,0,0.3341587876930559,3,0,-1.0,0.25508729920716133,0.25508729920716133,1,0,0.1140212498108601,0.09317521298578685,0.15239882093221563,0.3341587876930559,0,VOLATILE,1.0,354434053679288.75,7697752229211.058,2016-05-10,208.45,-0.017266490765171505,0.018805468937395098
89,-1,-0.0065994591432518845,0,0.3375260987259923,3,0,-1.0,0.22952297750627446,0.22952297750627446,1,0,0.10144294546221738,0.012412794230806061,0.12128524656434114,0.3375260987259923,0,VOLATILE,1.0,315334505076755.9,39099519879871.31,2016-05-11,206.5,-0.0076997578692493684,0.027021791767554593
90,1,0.028345841832814994,1,0.33399991458835077,3,2,-1.0,0.23230449763820257,0.23230449763820257,1,0,0.09944320302675994,0.022198599057762853,0.12388060069484091,0.33399991458835077,0,VOLATILE,1.0,309118323278280.56,6216185403012.902,2016-05-12,206.56,-0.01142525174283504,0.016992641363284156
91,0,-0.00327367324940106,0,0.3353252680566329,3,1,-1.0,0.23181234452072963,0.23181234452072963,1,0,0.09346739967729005,0.027322843317920682,0.12359674766507024,0.3353252680566329,0,VOLATILE,1.0,290542591047171.94,18575733202106.16,2016-05-13,204.76,0.0035651494432507036,0.01801719085758946
92,1,0.019591009426097067,0,0.333339983390461,3,1,-1.0,0.25091120082935375,0.25091120082935375,1,0,0.09344745720881181,0.09747453344411056,0.14697399688430746,0.333339983390461,0,VOLATILE,1.0,290480600059046.1,62014927265.35067,2016-05-16,206.78,-0.00759261050391713,0.0060934326337169775
93,1,0.014142489748195708,0,0.3336865881648823,3,0,-1.0,0.2841525468861736,0.2841525468861736,1,0,0.09450723533355397,0.22132975661325865,0.1886123306489375,0.3336865881648823,0,VOLATILE,1.0,293774911052620.44,3294268344466.1865,2016-05-17,204.8508,0.014738531653281317,0.014152739457204966
94,-1,-0.039677739915495225,1,0.33748256637904767,3,2,-1.0,0.2777161530274982,0.2777161530274982,1,0,0.10695493048302268,0.18759256815438138,0.1815158328791347,0.33748256637904767,0,VOLATILE,1.0,332468462106557.4,38693560159883.15,2016-05-18,204.91,0.021326435996291027,0.01688546191010687
95,-1,-0.019798611792185727,0,0.3394671258531349,3,0,-1.0,0.25148114737663707,0.25148114737663707,1,0,0.1253562932535161,0.0722983537987243,0.1492182156840801,0.3394671258531349,0,VOLATILE,1.0,389668936674131.6,57200515675619.84,2016-05-19,204.2,0.02517140058765932,0.011361410381978576
96,-1,0.018320502853945098,0,0.33650780685771875,3,0,-1.0,0.24356664457972105,0.24356664457972105,1,0,0.13487970826882367,0.030876064048419388,0.138585257439081,0.33650780685771875,0,VOLATILE,1.0,419272388612650.6,29603466698173.438,2016-05-20,205.49,0.02311548007202302,0.011484743783152451
97,1,0.037256253024084085,1,0.3339872976500601,3,2,-1.0,0.2729083948068891,0.2729083948068891,1,0,0.1368416125908062,0.13705534117257315,0.17463231792112643,0.3339872976500601,0,VOLATILE,1.0,425370950967691.2,6098526487399.983,2016-05-23,205.21,0.02256225330149597,0.015739973685492847
98,1,0.03272782989643774,0,0.3356627283970441,3,0,-1.0,0.3349779749304949,0.3349779749304949,1,0,0.1438298232978976,0.36408462898924143,0.25263815076237967,0.3356627283970441,0,VOLATILE,1.0,447093742578799.2,21722710448120.836,2016-05-24,207.87,0.011545677586953351,0.0011064607687496508
99,-1,-0.0964985165209693,1,0.3346607577835076,3,2,-1.0,0.3005490385331314,0.3005490385331314,1,0,0.13984753631000013,0.2382069265268734,0.20935148761229116,0.3346607577835076,0,VOLATILE,1.0,434714838450172.94,12378860684523.887,2016-05-25,209.28,0.007788608562691035,0.007310779816513735
100,-1,-0.010983256718712697,0,0.33361573811539624,3,0,-1.0,0.2551368454170552,0.2551368454170552,1,0,0.13900030270635286,0.06797467119415147,0.1523249913001681,0.33361573811539624,0,VOLATILE,1.0,432081220233813.0,2633558130815.958,2016-05-26,209.34,0.004490302856597017,-0.02966466036113502
101,1,0.07429214281531549,1,0.3400538005450202,3,2,-1.0,0.2840167951162945,0.2840167951162945,1,0,0.15916171320199446,0.16094161889287528,0.19003444403162323,0.3400538005450202,0,VOLATILE,1.0,494752787697913.8,62671534592764.86,2016-05-27,210.24,0.005279680365296802,-0.05060882800608835
102,-1,-0.046722422298140776,1,0.3460213807158502,3,2,-1.0,0.26617432251739304,0.26617432251739304,1,0,0.12109757070561608,0.13657217427149557,0.16922324832570387,0.3460213807158502,0,VOLATILE,1.0,376430735034950.6,118322041518963.2,2016-05-31,209.84,0.008768585589020272,-0.03164458635150591
103,1,0.083527782989609,1,0.33404559561204916,3,2,-1.0,0.33185963290810055,0.33185963290810055,1,0,0.11896081159234789,0.37604700852206596,0.24833594003813791,0.33404559561204916,0,VOLATILE,1.0,369788638096808.9,6642182549754.155,2016-06-01,210.27,0.00998715936652883,-0.01716840253008045
104,-1,-0.11100844808989163,1,0.3335182388705963,3,2,-1.0,0.28653649520891644,0.28653649520891644,1,0,0.1184060762778454,0.20624445990853837,0.1915501787287946,0.3335182388705963,0,VOLATILE,1.0,368064248243476.06,1724331569510.3557,2016-06-02,210.91,0.005547389881940257,-0.006803849983405219
105,-1,0.03486847923271574,0,0.33596978012166234,3,0,-1.0,0.2760818367424481,0.2760818367424481,1,0,0.1263154093756806,0.1609688134997465,0.1790947409584757,0.33596978012166234,0,VOLATILE,1.0,392650340716727.4,24586112972831.734,2016-06-03,210.28,-0.0009986684420772995,-0.0017081985923529386
106,1,0.05497522263332244,1,0.3338823488080495,3,2,-1.0,0.32060240090930214,0.32060240090930214,1,0,0.1246683829724982,0.3280023820434222,0.2342235883386401,0.3338823488080495,0,VOLATILE,1.0,387530573606955.25,5119828909484.78,2016-06-06,211.35,-0.013725100544121127,-0.013910574875798387
107,-1,-0.07784990659189372,1,0.3357772226897651,3,2,-1.0,0.2872730584842625,0.2872730584842625,1,0,0.13200003611344974,0.19710685021985846,0.1930356287777694,0.3357772226897651,0,VOLATILE,1.0,410320953007536.4,22790423867578.06,2016-06-07,211.68,-0.01719576719576732,-0.009542705971277488
108,-1,-0.007155513506102884,0,0.33589254480866343,3,0,-1.0,0.24678820255311992,0.24678820255311992,1,0,0.13967765161185008,0.03769751656884716,0.14245838939356575,0.33589254480866343,0,VOLATILE,1.0,434186753357935.5,23865857157584.797,2016-06-08,212.37,-0.02175448509676514,-0.013391721994632011
109,-1,0.037747944131359124,0,0.33491432672268423,3,0,-1.0,0.24405129075333648,0.24405129075333648,1,0,0.14442062963794264,0.02195745572908226,0.13879269512234163,0.33491432672268423,0,VOLATILE,1.0,448930258898248.0,14743510945092.072,2016-06-09,212.08,-0.017493398717465136,0.002687665032063302
110,1,0.029531473729058594,1,0.3338977955823394,3,2,-1.0,0.27084585268261163,0.27084585268261163,1,0,0.14611402667249906,0.11998126757404907,0.17203176474884938,0.3338977955823394,0,VOLATILE,1.0,454194168708410.0,5263877383908.082,2016-06-10,210.07,-0.01689912886180789,0.015851858904174954
111,1,0.0012870320710838823,0,0.33773029993606946,3,0,-1.0,0.29892744668297067,0.29892744668297067,1,0,0.1593049369791004,0.21497071303409168,0.20809188333773068,0.33773029993606946,0,VOLATILE,1.0,495197997551227.3,41003792722536.305,2016-06-13,208.4492,-0.002874561283996324,0.031186495318763496
112,-1,-0.07612507972497595,1,0.3381658688882103,3,2,-1.0,0.25088396095835375,0.25088396095835375,1,0,0.17380252026070428,0.02063673499927998,0.14814641841999476,0.3381658688882103,0,VOLATILE,1.0,540263607861372.6,45065679164621.67,2016-06-14,208.04,0.001922707171697846,0.033070563353201354
113,1,0.0716799855670418,1,0.3402813057448895,3,2,-1.0,0.27452046080077863,0.27452046080077863,1,0,0.19464644320047036,0.0900162641111166,0.17822090243719563,0.3402813057448895,0,VOLATILE,1.0,605056759264071.5,64793128159779.01,2016-06-15,207.75,0.001684717208182862,0.04028880866425988
114,1,0.009438138568689303,0,0.33478428783054615,3,0,-1.0,0.3075950992118928,0.3075950992118928,1,0,0.19029359350250766,0.21427624441499996,0.21818994597250252,0.33478428783054615,0,VOLATILE,1.0,591525964205564.4,13530836785643.361,2016-06-16,208.37,0.011709939050727147,0.035801698900993495
115,1,0.004396979289883141,0,0.3465437246314697,3,0,-1.0,0.34506671691289015,0.34506671691289015,1,0,0.22992477722242055,0.32398320467451985,0.2679693272989801,0.3465437246314697,0,VOLATILE,1.0,714719150749810.4,123193145527943.53,2016-06-17,206.52,-0.016414875072632285,0.047884950610110444
116,-1,-0.09192737025291225,1,0.33379252644126317,3,2,-1.0,0.2906109643609752,0.2906109643609752,1,0,0.23130233100553096,0.10883318017907348,0.19671183706153478,0.33379252644126317,0,VOLATILE,1.0,719001264586652.0,4282192865749.1807,2016-06-20,207.85,-0.03969208563868176,0.04012509020928556
117,1,0.06847058499866499,1,0.33440684925323777,3,2,-1.0,0.3046257968077253,0.3046257968077253,1,0,0.22808179122054273,0.16507008374835538,0.21438395832296603,0.33440684925323777,0,VOLATILE,1.0,708990244948450.5,10011043576431.162,2016-06-21,208.44,-0.025140568029168975,0.04147476492036084
118,-1,-0.02689209171075385,1,0.3368201192418772,3,2,-1.0,0.2917485375437215,0.2917485375437215,1,0,0.21762142973579923,0.12905067548456417,0.19889070174012113,0.3368201192418772,0,VOLATILE,1.0,676474303138144.0,32515927360654.695,2016-06-22,208.1,-0.006919750120134571,0.03923594425756849
119,-1,0.008752109068627556,0,0.333441433468674,3,0,-1.0,0.28762338734834525,0.28762338734834525,1,0,0.2179457285931932,0.11072304906460687,0.19288959255260002,0.333441433468674,0,VOLATILE,1.0,677482383288294.8,1008084878340.52,2016-06-23,210.81,-0.006332716664294913,0.030501399364356585
120,1,0.1721234299610867,1,0.33352819346135437,3,2,-1.0,0.4556216671140557,0.4556216671140557,1,0,0.21853037058910357,0.740197026184621,0.40290913225790814,0.33352819346135437,0,VOLATILE,1.0,679299737798137.4,1817162835462.5874,2016-06-24,203.13,0.03343080785703756,0.06655836164032891
121,-1,-0.6236199468797662,1,0.7215267569591836,3,2,-1.0,0.6756946486081633,0.0,0,1,1.0,1.0,0.75,0.6215267569591836,0,DEGENERATE,1.0,3366840003577158.0,2687539950610253.0,2016-06-27,199.6,0.044138276553106204,0.08592184368737477
122,1,0.9525133356302733,1,0.42701732076797577,3,2,-1.0,0.4968916685162176,0.4968916685162176,1,0,1.0,0.18360674751179779,0.4778689158372659,0.42701732076797577,0,VOLATILE,1.0,4240487029590877.0,873647482289344.2,2016-06-28,203.1997,0.031792861898910285,0.06555275426095619
123,1,-0.4524630353217115,0,0.34366076277132585,3,0,-1.0,0.5413203017107237,0.5413203017107237,1,0,1.0,0.2876967034937082,0.5125655678312361,0.34366076277132585,0,VOLATILE,1.0,4336795260086519.5,96308162943186.86,2016-06-29,206.66,0.013868189296428968,0.04892093293332045
124,-1,-0.09137580412357504,1,0.34378737160516476,3,2,-1.0,0.4943731307816547,0.4943731307816547,1,0,0.9775205123372782,0.13421925679780028,0.45391325637835944,0.34378737160516476,0,VOLATILE,1.0,4239306324541654.5,97488850187057.03,2016-06-30,209.475,0.015156939968970162,0.036496001909535725
125,1,0.06428131053683461,1,0.34240874369477026,3,2,-1.0,0.5117072703894203,0.5117072703894203,1,0,0.9580055374777531,0.21770328425365104,0.475236273910468,0.34240874369477026,0,VOLATILE,1.0,4154673874070158.0,84632493023883.73,2016-07-01,209.9208,0.01657386976421571,0.033437372570988666
126,1,-0.015108973792458902,0,0.33430507812652527,3,0,-1.0,0.5139324362047271,0.5139324362047271,1,0,0.955915982443584,0.2220594619190364,0.4759918147875401,0.33430507812652527,0,VOLATILE,1.0,4145611901702283.5,9061979696287.098,2016-07-05,208.41,0.031380451993666236,0.034255553956144214
127,-1,-0.06467427738909537,1,0.3520574009341431,3,2,-1.0,0.4514833246309384,0.4514833246309384,1,0,0.9156533289907021,0.0414521890759243,0.40236850602220875,0.3520574009341431,0,VOLATILE,1.0,3971001017049319.0,174610784250351.06,2016-07-06,209.66,0.025088238099780558,0.031097968138891652
128,-1,0.04952583067857985,0,0.35201923566707743,3,0,-1.0,0.43856004373572954,0.43856004373572954,1,0,0.8754727650535334,0.03314182570576032,0.38620486358643125,0.35201923566707743,0,VOLATILE,1.0,3796746137819003.0,174254875088114.88,2016-07-07,209.526,0.03147103462100165,0.032853679256989565
129,1,0.03549704766668266,1,0.34451748964737183,3,2,-1.0,0.46113381050720337,0.46113381050720337,1,0,0.851423325819258,0.13621658081828347,0.41254663554584714,0.34451748964737183,0,VOLATILE,1.0,3692448643740058.0,104297546174652.8,2016-07-08,212.65,0.014954150011756484,0.02600517281918635
130,1,0.00780902978679715,0,0.3512049077948627,3,0,-1.0,0.49151660706547434,0.49151660706547434,1,0,0.8129938439640313,0.29359711337764444,0.4521969857805585,0.3512049077948627,0,VOLATILE,1.0,3525787848982730.5,166660882616191.28,2016-07-11,213.4,0.014101218369259483,0.0217900656044987
131,1,-0.026347885849475894,0,0.3498584165562192,3,0,-1.0,0.4955515177742694,0.4955515177742694,1,0,0.8485279646904548,0.27218403938022007,0.4569040013568916,0.3498584165562192,0,VOLATILE,1.0,3679892055320426.0,154104215113260.38,2016-07-12,214.95,0.0057687834380089065,0.015026750407071576
132,-1,-0.038002864754088705,1,0.3370682428473407,3,2,-1.0,0.46158356372897585,0.46158356372897585,1,0,0.8565591757898338,0.1271803703293314,0.411246515373055,0.3370682428473407,0,VOLATILE,1.0,3714721773548967.0,34829797309465.234,2016-07-13,214.92,0.010073515726782167,0.012655871952354403
133,-1,0.019808131551292574,0,0.3426833858689498,3,0,-1.0,0.44742374123497486,0.44742374123497486,1,0,0.8766647188259303,0.05818685020693782,0.394950523010956,0.3426833858689498,0,VOLATILE,1.0,3801915397289376.0,87193661165556.3,2016-07-14,216.12,0.0006709235609845265,0.011706459374421607
134,-1,0.010576685885877624,0,0.3386541479600939,3,0,-1.0,0.4438406046268515,0.4438406046268515,1,0,0.8881061389384497,0.030286739382313743,0.3894642927735878,0.3386541479600939,0,VOLATILE,1.0,3851534493802008.5,49619112397843.86,2016-07-15,215.83,0.006532919427327144,0.0121855163786313
135,1,0.03725035688255085,1,0.3342164178706675,3,2,-1.0,0.47750782490127897,0.47750782490127897,1,0,0.8862072444695134,0.15510941231328323,0.43043888559426546,0.3342164178706675,0,VOLATILE,1.0,3843299377269721.0,8235180886476.573,2016-07-18,216.4092,0.0011127068534979578,0.012387643408875437
136,1,-0.021432295947532598,0,0.3558462108436922,3,0,-1.0,0.48974274922817385,0.48974274922817385,1,0,0.9346170097097687,0.16880295802865242,0.45113998924614035,0.3558462108436922,0,VOLATILE,1.0,4053242617705561.5,209943228235613.0,2016-07-19,216.19,0.0025903140755816345,0.008187242703177722
137,-1,-0.04048201355231795,1,0.3495436149252509,3,2,-1.0,0.4614956600027508,0.4614956600027508,1,0,0.9694741915863964,0.023292244617857557,0.41425547873475127,0.3495436149252509,0,VOLATILE,1.0,4204411078848094.0,151168541047210.16,2016-07-20,217.085,-0.0026026671580255956,0.00591934035055397
138,1,0.03315992688820352,1,0.3418198562109941,3,2,-1.0,0.4664084976655312,0.4664084976655312,1,0,0.9877228823992018,0.01767387600478592,0.41846558613466256,0.3418198562109941,0,VOLATILE,1.0,4283551914667853.0,79140838776015.03,2016-07-21,216.265,0.00233509814348154,0.011999167687790635
139,1,0.004956044895017386,0,0.34463201345534156,3,0,-1.0,0.47627738022332905,0.47627738022332905,1,0,1.0,0.04451418592899015,0.43150472864299666,0.34463201345534156,0,VOLATILE,1.0,4388917464113299.0,105365534837760.52,2016-07-22,217.24,-0.0005523844595839433,0.005984164978825257
140,-1,-0.019017197512496364,1,0.3483851118081681,3,2,-1.0,0.4671290652686305,0.4671290652686305,1,0,1.0,0.01302282861349043,0.4210076095378301,0.3483851118081681,0,VOLATILE,1.0,4529282398472088.0,140364951669998.66,2016-07-25,216.65,0.0013385645049619477,0.008677590583890948
141,-1,-0.16593452354378274,0,0.5854317226487997,3,0,-1.0,0.29204622677014924,0.29204622677014924,1,0,0.48094720977880767,0.05329993259585188,0.2614157141248865,0.5854317226487997,0,VOLATILE,1.0,2178345731845416.5,2350936687748347.5,2016-07-26,216.75,-0.005540023068050681,0.010242214532871996
142,-1,0.13169223791023632,0,0.4503313898821868,3,0,-1.0,0.24865562618190432,0.24865562618190432,1,0,0.24005646402280226,0.030150676570978967,0.17340238019792706,0.4503313898821868,0,VOLATILE,1.0,1087283517137926.2,1091062201082776.4,2016-07-27,216.52,-0.001570293737299111,0.0061426196194345195
143,1,0.0643972571019083,1,0.3571839604689443,3,2,-1.0,0.2696622826955677,0.2696622826955677,1,0,0.19094971291992321,0.08817181754016373,0.17637384348669566,0.3571839604689443,0,VOLATILE,1.0,864865173721506.5,222418376060105.2,2016-07-28,216.77,-0.0016621303685935285,0.004290261567559961
144,0,-0.021204915504760086,0,0.34316081119897324,3,1,-1.0,0.269464023704471,0.269464023704471,1,0,0.1707156306667502,0.09714506662424591,0.17262023243033203,0.34316081119897324,0,VOLATILE,1.0,773219301122973.5,91645878123626.14,2016-07-29,217.12,0.004882092851879127,0.0007829771554899168
145,-1,-0.03243646389658933,0,0.36790891990900615,3,1,-1.0,0.23682930081678494,0.23682930081678494,1,0,0.09952693380778878,0.06451463418690949,0.13801385599823274,0.36790891990900615,0,VOLATILE,1.0,450785589469514.3,322433694248841.44,2016-08-01,216.94,0.0051166221074951945,0.006549276297593831
146,1,0.03640336179146714,1,0.3361701575095003,3,2,-1.0,0.24059793972056603,0.24059793972056603,1,0,0.09368611216919057,0.060683779915057245,0.1347899640280826,0.3361701575095003,0,VOLATILE,1.0,424330858829196.5,26454726864981.49,2016-08-02,215.5492,0.012205102129815293,0.011370025961590091
147,1,0.016344077164302195,0,0.33722001758022474,3,0,-1.0,0.2607106557886493,0.2607106557886493,1,0,0.08568371346599507,0.14489625892660848,0.16019332413086784,0.33722001758022474,0,VOLATILE,1.0,388085735237257.3,36245168461891.65,2016-08-03,216.18,0.006753631233231472,0.005550929780738123
148,-1,-0.02363574048032846,1,0.3350692701227654,3,2,-1.0,0.25718763137640416,0.25718763137640416,1,0,0.08925788326130553,0.126497686992284,0.15525185675119652,0.3350692701227654,0,VOLATILE,1.0,404274159580307.56,16188431417469.291,2016-08-04,216.4097,0.010352123772640498,0.004529833921492532
149,-1,-0.007517198511796164,0,0.33782745124370717,3,0,-1.0,0.2461474084523628,0.2461474084523628,1,0,0.09851094850328986,0.07791242162585105,0.1421411233763803,0.33782745124370717,0,VOLATILE,1.0,446183905112741.0,41909774605277.87,2016-08-05,218.18,0.001283344027867006,0.0008708405903381511
150,1,0.018071159525452685,1,0.3523889023221409,3,2,-1.0,0.2531783450537741,0.2531783450537741,1,0,0.05927688594380321,0.15443358474945548,0.1545701568977529,0.3523889023221409,0,VOLATILE,1.0,268481756141505.4,177702191447357.2,2016-08-08,218.05,0.00476954826874576,0.004498050905755502
151,1,-0.005705662664361816,0,0.33880936215401974,3,0,-1.0,0.25450361899082363,0.25450361899082363,1,0,0.07055164127497002,0.13794395155613343,0.1528318642770345,0.33880936215401974,0,VOLATILE,1.0,319548307010038.56,51066558150870.5,2016-08-09,218.18,-0.0010083417361811398,0.003804198368319689
152,-1,-0.03159606189051767,1,0.3367912765316991,3,2,-1.0,0.2242328310373555,0.2242328310373555,1,0,0.06343196713497999,0.03003460665387754,0.11448885792961917,0.3367912765316991,0,VOLATILE,1.0,287301292244924.8,32246955449664.55,2016-08-10,217.64,0.0033541628377138366,0.003997426943576521
153,-1,0.02891398693298497,0,0.33484586546841544,3,0,-1.0,0.22287603001687234,0.22287603001687234,1,0,0.06031776987955544,0.026601741785027413,0.11230650388819428,0.33484586546841544,0,VOLATILE,1.0,273196213430560.34,14105077376409.604,2016-08-11,218.65,0.0009604390578550337,-0.0245597987651498
154,1,0.012140774668219806,1,0.3363933185800836,3,2,-1.0,0.23366000366460898,0.23366000366460898,1,0,0.0540174818630803,0.07450252081426616,0.12617333422578214,0.3363933185800836,0,VOLATILE,1.0,244660429812234.84,28535809372236.188,2016-08-12,218.46,0.00036619976197016513,-0.009704293692209154
155,-1,-0.03074002748205934,1,0.3427810597931757,3,2,-1.0,0.21370394983028626,0.21370394983028626,1,0,0.03456527337595988,0.023910333332495325,0.10282520223615173,0.3427810597931757,0,VOLATILE,1.0,156555884300110.97,88104516695107.61,2016-08-15,219.09,-0.0025560272034323983,-0.02674699895020316
156,1,0.028663317510551012,1,0.3342294713939854,3,2,-1.0,0.22241121350651455,0.22241121350651455,1,0,0.03641036169876342,0.048303792496155296,0.11157138473163956,0.3342294713939854,0,VOLATILE,1.0,164912810364211.4,8356911163912.181,2016-08-16,217.96,0.0046338777757386485,-0.022068269407230723
157,-1,-0.009887676319433408,1,0.33345006613176836,3,2,-1.0,0.22123080086330943,0.22123080086330943,1,0,0.03665070530474553,0.04305234753149101,0.10990101761207885,0.33345006613176836,0,VOLATILE,1.0,166001394428371.53,1088588543741.28,2016-08-17,218.37,-0.0023812794797820613,-0.014150295370243149
158,1,0.02260868790489759,1,0.33385312181493626,3,2,-1.0,0.2426590761250019,0.2426590761250019,1,0,0.03772092283980918,0.12264045399015017,0.13678712560998643,0.33385312181493626,0,VOLATILE,1.0,170848711872471.47,4847273378411.631,2016-08-18,218.86,-0.005300191903500062,-0.025084528922598937
159,0,-0.020754368433563375,0,0.3338824413842777,3,1,-1.0,0.243332982953131,0.243332982953131,1,0,0.03885149773743323,0.12405901937501626,0.13763683903748317,0.3338824413842777,0,VOLATILE,1.0,175969404856434.5,5120692226588.064,2016-08-19,218.54,-0.005719776699917634,-0.02347396357646192
160,-1,-0.004424628084287424,0,0.3340556512403425,3,1,-1.0,0.23958226169697266,0.23958226169697266,1,0,0.04033869762556488,0.10863652216833955,0.13299173993130148,0.3340556512403425,0,VOLATILE,1.0,182705353132758.8,6735956038499.154,2016-08-22,218.53,-0.0007742644030567236,-0.023383517137235188
161,-1,-0.015252451311181026,0,0.3336648524374126,3,0,-1.0,0.2205790891296333,0.2205790891296333,1,0,0.039656114616042175,0.0377641089481422,0.10914007452139479,0.3336648524374126,0,VOLATILE,1.0,179613741922231.53,3091572407843.331,2016-08-23,218.97,-0.004429830570397808,-0.014385532264693857
162,1,0.026589300061214405,1,0.3337316990499529,3,2,-1.0,0.22816521662350836,0.22816521662350836,1,0,0.04047632462772876,0.06544201199789236,0.1186394455418737,0.3337316990499529,0,VOLATILE,1.0,183328704691214.16,3714948678907.531,2016-08-24,217.85,-0.0021574477851732388,-0.003075510672481019
163,0,-0.007344189911725446,0,0.3352763054754974,3,1,-1.0,0.22840715420565796,0.22840715420565796,1,0,0.0364758831688555,0.07150817420898496,0.11932801912594682,0.3352763054754974,0,VOLATILE,1.0,165209575605421.5,18119133980545.445,2016-08-25,217.7,-0.0014239779513091078,-0.007854846118511616
164,1,0.013211366948083975,0,0.33351721425506764,3,1,-1.0,0.24186045873589154,0.24186045873589154,1,0,0.036854485234277506,0.12026014571661658,0.13570487698363137,0.33351721425506764,0,VOLATILE,1.0,166924371276362.56,1714776545205.2954,2016-08-26,217.29,0.00497031616733401,-0.01403654102811902
165,1,0.0389594835903678,0,0.3502952292371052,3,0,-1.0,0.2942732468564929,0.2942732468564929,1,0,0.07177785416458653,0.2944682434750909,0.20541536587989245,0.3502952292371052,0,VOLATILE,1.0,325102171467758.2,158177699914004.5,2016-08-29,218.3608,0.003068316291202411,-0.0127806822469968
166,-1,-0.08298072569008677,1,0.3335347511491326,3,2,-1.0,0.2637053092870075,0.2637053092870075,1,0,0.07136313431383513,0.16768283887429244,0.16301532439604252,0.3335347511491326,0,VOLATILE,1.0,323223788147452.94,1878316374866.639,2016-08-30,218.0,0.0046330275229358175,-0.006238532110091843
167,-1,0.00929168692580351,0,0.3373319029757539,3,0,-1.0,0.24242905864332562,0.24242905864332562,1,0,0.06313035280643174,0.09897754433785476,0.13736929904809547,0.3373319029757539,0,VOLATILE,1.0,285935195775504.25,37288552681389.734,2016-08-31,217.38,0.005198270310056152,-0.012420645873585379
168,-1,0.01692701551227807,0,0.3351471727199456,3,0,-1.0,0.23807982351192178,0.23807982351192178,1,0,0.0668649178633221,0.0772947998463438,0.13138657256988862,0.3351471727199456,0,VOLATILE,1.0,302850095553626.7,16914909973239.303,2016-09-01,217.39,-0.018906113436680583,-0.005014030084180443
169,1,0.007129711955303403,1,0.3365918825585618,3,2,-1.0,0.24086030033582134,0.24086030033582134,1,0,0.0735740412201815,0.08209599695806995,0.13522334605941716,0.3365918825585618,0,VOLATILE,1.0,333237609883027.94,30387512364616.254,2016-09-02,218.37,-0.009296148738379806,-0.011860603562760419
170,-1,-0.012080072154269622,1,0.33395559172002603,3,2,-1.0,0.23156070500545128,0.23156070500545128,1,0,0.07485522266984082,0.04396411489062114,0.12293977918682064,0.33395559172002603,0,VOLATILE,1.0,339040442472218.9,5802853697349.218,2016-09-06,219.0308,-0.026483946549982984,-0.019863873026076617
171,1,0.027127229275749398,1,0.33694510847006204,3,2,-1.0,0.24938833895083062,0.24938833895083062,1,0,0.06741884189067815,0.12049626052748336,0.14597170080605382,0.33694510847006204,0,VOLATILE,1.0,305358973900821.2,33681511015952.824,2016-09-07,219.01,-0.026756769097301403,-0.015433085247248957
172,-1,-0.029832817651474053,1,0.334827626219842,3,2,-1.0,0.2373831552447359,0.2373831552447359,1,0,0.06434219322723415,0.07696535860540697,0.13043585061088037,0.334827626219842,0,VOLATILE,1.0,291423963263201.6,13934987758841.385,2016-09-08,218.51,-0.014781932177017065,-0.012493707381813102
173,1,0.0761441630643438,1,0.33410024676416655,3,2,-1.0,0.301522134602985,0.301522134602985,1,0,0.06276319692657534,0.3185199929077433,0.21042772994477288,0.33410024676416655,0,VOLATILE,1.0,284272243111375.1,7151830385622.559,2016-09-09,213.28,0.0004219804951237638,0.008252063015753874
174,1,0.06172384189818475,0,0.44918733058368376,3,0,-1.0,0.4273849558594188,0.4273849558594188,1,0,0.3012984455939108,0.6382856368166726,0.39652802747019444,0.44918733058368376,0,VOLATILE,1.0,1364665746315500.2,1080393307143733.0,2016-09-12,216.34,-0.013543496348340622,-0.000832023666450965
175,-1,-0.2000685430653369,1,0.3719695460761239,3,2,-1.0,0.35317923405051577,0.35317923405051577,1,0,0.3808476312910364,0.22255165595549076,0.2844664290821757,0.3719695460761239,0,VOLATILE,1.0,1724966472906278.8,360300953367115.2,2016-09-13,213.23,0.0008910566055433389,0.0009379543216245789
176,1,0.07757232977567707,1,0.3751978678981888,3,2,-1.0,0.3565458420172898,0.3565458420172898,1,0,0.4670437442648127,0.15140156422366566,0.28948176949615945,0.3751978678981888,0,VOLATILE,1.0,2115373010215115.5,390406580903884.7,2016-09-14,213.15,0.012526389866291288,0.002627257799671545
177,1,0.01810673144647179,0,0.33453087834535855,3,0,-1.0,0.3780191814305356,0.3780191814305356,1,0,0.46950941173362964,0.19896067738989795,0.30615669637450915,0.33453087834535855,0,VOLATILE,1.0,2126540714482113.2,11167673508921.729,2016-09-15,215.28,0.008825715347454466,-0.010544407283537782
178,-1,-0.06336865402100267,1,0.34417898735039465,3,2,-1.0,0.3361238668227787,0.3361238668227787,1,0,0.49183982703049006,0.026758914067726063,0.25619958036607204,0.34417898735039465,0,VOLATILE,1.0,2227681471436755.0,101140852190960.27,2016-09-16,213.37,0.0122791395228945,-0.0011716736185968246
179,1,0.08868706597318277,1,0.33737026575048856,3,2,-1.0,0.38291561818820463,0.38291561818820463,1,0,0.5001516037688837,0.1888096637497503,0.312987089172878,0.33737026575048856,0,VOLATILE,1.0,2265327855517991.0,37646303696033.305,2016-09-19,213.41,0.0038892273089359275,-0.004826390515908385
180,1,-0.029422734152655672,0,0.33463556923797333,3,0,-1.0,0.40028463540097486,0.40028463540097486,1,0,0.4974704019541195,0.2545736577280162,0.33401468656071187,0.33463556923797333,0,VOLATILE,1.0,2253183935331628.0,12143965586747.174,2016-09-20,213.42,0.010074032424327584,0.0013588229781651417
181,-1,-0.05536425720283522,1,0.3367067385986818,3,2,-1.0,0.3622893954109099,0.3622893954109099,1,0,0.490524781416721,0.12059050532320231,0.2870384289133077,0.3367067385986818,0,VOLATILE,1.0,2221725258485122.8,31458599249624.938,2016-09-21,215.82,0.0037994625150588046,-0.007135575942915362
182,1,0.052572991974250693,1,0.3474991092651531,3,2,-1.0,0.3768671473950956,0.3768671473950956,1,0,0.46135846006063574,0.21251767461983756,0.30795871156015775,0.3474991092651531,0,VOLATILE,1.0,2089622752538825.2,132102559000738.92,2016-09-22,217.18,-0.011511188875587108,-0.015194769315775014
183,-1,-0.038472623128716965,1,0.3350534002301304,3,2,-1.0,0.3529722762505643,0.3529722762505643,1,0,0.4578169525030314,0.11711913360918255,0.274978695370738,0.3350534002301304,0,VOLATILE,1.0,2073582264694112.0,16040437164402.22,2016-09-23,215.99,0.0014352516320199626,-0.009305986388258858
184,-1,0.003515901792315146,0,0.3350067022941086,3,0,-1.0,0.3325933068983482,0.3325933068983482,1,0,0.4543715946453978,0.04410833294398937,0.2494933091964624,0.3350067022941086,0,VOLATILE,1.0,2057977265993094.5,15604956829387.521,2016-09-26,214.24,0.007188200149365054,0.0030339805825241317
185,1,0.03045590186220798,1,0.33334365399960664,3,2,-1.0,0.34267023940834007,0.34267023940834007,1,0,0.4543503498542281,0.08067078842675211,0.26167371276032675,0.33334365399960664,0,VOLATILE,1.0,2057881042334390.8,96245093234.47092,2016-09-27,215.57,-0.004128589321334086,-0.006494410168390807
186,-1,-0.018009450594658916,1,0.3359921379338716,3,2,-1.0,0.334737721323673,0.334737721323673,1,0,0.4488760561126236,0.058384502301553926,0.25242018613805917,0.3359921379338716,0,VOLATILE,1.0,2033086420046475.5,24794610143810.793,2016-09-28,216.64,-0.004662112259970375,-0.013386262924667602
187,-1,0.005764350864228662,0,0.3439171217731544,3,0,-1.0,0.33256955410323463,0.33256955410323463,1,0,0.42708478453897925,0.0779888846780166,0.25169122307233194,0.3439171217731544,0,VOLATILE,1.0,1934387597267642.8,98698831857295.45,2016-09-29,214.68,0.005123905347493851,-0.007033724613378145
188,1,0.027902094716605153,1,0.3340607328566794,3,2,-1.0,0.3583034815994014,0.3583034815994014,1,0,0.425587131624111,0.16859647401615369,0.28139453521342156,0.3340607328566794,0,VOLATILE,1.0,1927604304281309.8,6783344513737.123,2016-09-30,216.3,-0.005825242718446644,-0.017383263985205843
189,-1,-0.05416943383862949,1,0.33380774204104996,3,2,-1.0,0.3298679752569387,0.3298679752569387,1,0,0.4246103446553937,0.06275036908891377,0.24578690458143582,0.33380774204104996,0,VOLATILE,1.0,1923180160256841.5,4424085528617.679,2016-10-03,215.78,0.001761052924274642,-0.014968949856335123
190,1,0.062355599554291874,1,0.3346448829517234,3,2,-1.0,0.3637880684687678,0.3637880684687678,1,0,0.4219099720204891,0.1932789469511828,0.28839630632389057,0.3346448829517234,0,VOLATILE,1.0,1910949410012252.2,12230820371554.02,2016-10-04,214.68,-0.0058226197130613055,-0.017095211477548
191,-1,-0.03739643425563394,1,0.3494474095911967,3,2,-1.0,0.36031172742496304,0.36031172742496304,1,0,0.38873222963026616,0.22452230540674276,0.2877515116790029,0.3494474095911967,0,VOLATILE,1.0,1760678045383174.5,150271380815448.38,2016-10-05,215.63,-0.00890414135324391,-0.02731530863052445
192,-1,-0.011480837012756484,0,0.33489244945391167,3,0,-1.0,0.34535454936840176,0.34535454936840176,1,0,0.3919423318409894,0.15430656538095097,0.2654162990739801,0.33489244945391167,0,VOLATILE,1.0,1775217504823499.5,14539495068890.732,2016-10-06,215.78,-0.012837148948002697,-0.03244044860506068
193,-1,-9.598205616667688e-05,0,0.33868826706614213,3,0,-1.0,0.3303013892556738,0.3303013892556738,1,0,0.402967754206929,0.0896786558014545,0.24754880333612783,0.33868826706614213,0,VOLATILE,1.0,1825154756281270.2,49937289195322.64,2016-10-07,215.04,-0.008928571428571397,-0.030180431547618958
194,-1,-0.010703673414844295,0,0.3984365931721432,3,0,-1.0,0.3045445557281016,0.3045445557281016,1,0,0.2689247459927223,0.171944782866766,0.23028984295316274,0.3984365931721432,0,VOLATILE,1.0,1218036118538414.2,607118682759793.9,2016-10-10,216.16,-0.017487046632124303,-0.013924870466321182
195,1,0.06508772760564524,1,0.34151018819440576,3,2,-1.0,0.34387544980617457,0.34387544980617457,1,0,0.2520891926623707,0.2935763852565883,0.26522185930631964,0.34151018819440576,0,VOLATILE,1.0,1141783143170714.5,76253038091542.05,2016-10-11,213.43,0.0013119055428010284,0.0031860563182308788
196,1,-0.03506620240436964,0,0.3656199088563735,3,0,-1.0,0.34814014147987793,0.34814014147987793,1,0,0.1856134249437463,0.39412703724807624,0.2765801540639408,0.3656199088563735,0,VOLATILE,1.0,840695618517830.1,301087583800029.7,2016-10-12,213.71,0.0026671657854100417,0.012489822656871485
197,-1,-0.037814659412351403,1,0.3382746526825621,3,2,-1.0,0.3145901737412299,0.3145901737412299,1,0,0.17543958095145545,0.2579795600900783,0.22780638034717787,0.3382746526825621,0,VOLATILE,1.0,794615405998746.2,46080139486516.375,2016-10-13,213.01,0.004084315290362017,0.018355945730247347
198,-1,-0.014138350553503654,0,0.3475042310077084,3,0,-1.0,0.2669018554490782,0.2669018554490782,1,0,0.146262685464115,0.11524744572570932,0.17050337706327476,0.3475042310077084,0,VOLATILE,1.0,662465006825875.4,132150321671936.95,2016-10-14,213.12,0.004035285285285184,0.015484234234234062
199,-1,0.021179570484615162,0,0.3553531827101705,3,0,-1.0,0.24039310764154168,0.24039310764154168,1,0,0.10092536321013318,0.06706367747827599,0.13932968022946973,0.3553531827101705,0,VOLATILE,1.0,457119471147058.6,205345507756971.84,2016-10-17,212.38,0.01181843864770693,0.01982295884734908
200,1,0.058144301252508634,1,0.3379878802558801,3,2,-1.0,0.2720286610865138,0.2720286610865138,1,0,0.11050875873510904,0.1630896305312276,0.17453279642211222,0.3379878802558801,0,VOLATILE,1.0,500525375815928.0,43405851004340.96,2016-10-18,213.71,0.0021524495812081934,0.02138411866548129
201,-1,-0.051772409361585864,1,0.3345214272137162,3,2,-1.0,0.25189180516990006,0.25189180516990006,1,0,0.10806254817475647,0.08742279162265595,0.1484951132658041,0.3345214272137162,0,VOLATILE,1.0,489445797381966.5,11079537237289.328,2016-10-19,214.28,-0.0025200672017919867,0.01675378010080264
202,-1,0.010510439608492128,0,0.33364752597729586,3,0,-1.0,0.24226538886177845,0.24226538886177845,1,0,0.10741564333788084,0.05131520937676033,0.13624361757154704,0.33364752597729586,0,VOLATILE,1.0,486515782690819.3,2929994974255.248,2016-10-20,213.88,-0.003319618477651054,0.023891902001122123
203,-1,0.0036596875932724537,0,0.33370492084787995,3,0,-1.0,0.2362986601469293,0.2362986601469293,1,0,0.10818071307854646,0.028217953108348372,0.1287995553956316,0.33370492084787995,0,VOLATILE,1.0,489980999600819.7,3465229282221.9404,2016-10-21,213.98,-0.006729600897280141,0.021123469483129265
204,1,0.028062440543544065,1,0.33424713719319343,3,2,-1.0,0.2583943719756242,0.2583943719756242,1,0,0.10629926521254045,0.11336498259094545,0.15655474926782864,0.33424713719319343,0,VOLATILE,1.0,481459390897675.8,8521653094986.254,2016-10-24,214.89,-0.010889292196007094,0.024477639722648936
205,1,-0.019534108500287417,0,0.3370031195099802,3,0,-1.0,0.2609559753040317,0.2609559753040317,1,0,0.11385509698085218,0.11748215004175173,0.1604457490075346,0.3370031195099802,0,VOLATILE,1.0,515681886731706.4,34222491394321.42,2016-10-25,214.17,-0.01475463416911793,0.029929495260774264
206,-1,-0.028002994686466498,1,0.33499413406198897,3,2,-1.0,0.2355145839459727,0.2355145839459727,1,0,0.11727455632157173,0.017150734022317673,0.12814176344796313,0.33499413406198897,0,VOLATILE,1.0,531169583735918.4,15487752121850.66,2016-10-26,213.74,-0.018714325816412414,0.03256292692055762
207,1,0.029536818016228206,1,0.33375089953738035,3,2,-1.0,0.2396100106041419,0.2396100106041419,1,0,0.11813429735980877,0.030716417058758636,0.13295023813952245,0.33375089953738035,0,VOLATILE,1.0,535063593687649.5,3894002303321.1675,2016-10-27,213.17,-0.020593892198714547,0.039170615002111164
208,1,0.015108696232909558,0,0.343870656333863,3,0,-1.0,0.25881413349522064,0.25881413349522064,1,0,0.09643870312926203,0.13201728972821253,0.1594853309524915,0.343870656333863,0,VOLATILE,1.0,436798120614841.6,98265519664230.14,2016-10-28,212.54,-0.0187729368589441,0.0373576738496284
209,1,0.054511893089644214,0,0.3449556824983338,3,0,-1.0,0.3325301494759436,0.3325301494759436,1,0,0.1203683314748348,0.3853364909337041,0.25190160746951296,0.3449556824983338,0,VOLATILE,1.0,545182165082423.1,108383901713983.34,2016-10-31,212.55,0.0028228652081863093,0.039331921900729094
210,1,-0.0647608442889448,0,0.3357831282974695,3,0,-1.0,0.3414853211677218,0.3414853211677218,1,0,0.1254122895450356,0.4069950110570233,0.2608024335340196,0.3357831282974695,0,VOLATILE,1.0,568027675588414.9,22845496451950.395,2016-11-01,211.01,0.014691246860338403,0.04440547841334541
211,-1,-0.04704527310485018,1,0.33452407260495237,3,2,-1.0,0.3033952197546498,0.3033952197546498,1,0,0.12786392051951598,0.260761208014135,0.21287504284455028,0.33452407260495237,0,VOLATILE,1.0,579131804608677.8,11104206761467.766,2016-11-02,209.74,0.03165442929341089,0.04686755030037171
212,-1,-0.018037442022591832,0,0.33498909058950294,3,0,-1.0,0.24726767631898597,0.24726767631898597,1,0,0.1312729818317349,0.047222622306589634,0.14283186804610817,0.33498909058950294,0,VOLATILE,1.0,594572406005423.0,15440719356059.08,2016-11-03,208.78,0.03898840885142252,0.05220806590669613
213,1,0.06658197200002142,1,0.33570235983113084,3,2,-1.0,0.2577221048833436,0.2577221048833436,1,0,0.12639532883675167,0.09183933434913498,0.1560782210619622,0.33570235983113084,0,VOLATILE,1.0,572480138149390.9,22092292311121.42,2016-11-04,208.55,0.03773675377607266,0.059697914169263955
214,-1,-0.014151469779512621,1,0.33621408499182615,3,2,-1.0,0.25402506366818856,0.25402506366818856,1,0,0.13232659118093487,0.07242796131864171,0.15158485083319218,0.33621408499182615,0,VOLATILE,1.0,599344500285620.1,26864371409243.098,2016-11-07,213.15,0.016138869340839745,0.04011259676284307
215,-1,-0.015854860206235943,0,0.3374756072140245,3,0,-1.0,0.23447316224679762,0.23447316224679762,1,0,0.1237979337510852,0.008583130084924114,0.1274603546120031,0.3374756072140245,0,VOLATILE,1.0,560715802306003.9,38628662655327.414,2016-11-08,214.11,0.01947597029564241,0.04899350800990132
216,1,0.10013114207170876,1,0.340979362611161,3,2,-1.0,0.31505240289711545,0.31505240289711545,1,0,0.10805533284564134,0.32912569997691243,0.2290603442741846,0.340979362611161,0,VOLATILE,1.0,489413117118806.2,71302838521310.58,2016-11-09,216.3792,0.006889756501549105,0.04053439517291868
217,1,0.07527198393835702,0,0.4793389324643713,3,0,-1.0,0.4709036274857903,0.4709036274857903,1,0,0.40867061012894257,0.7167221922910493,0.4584642674733306,0.4793389324643713,0,VOLATILE,1.0,1850984601229868.5,1361571252184025.8,2016-11-10,216.92,0.009542688548773937,0.04420984694818375
218,-1,-0.2545901635787946,1,0.3621483957909406,3,2,-1.0,0.3721646884956705,0.3721646884956705,1,0,0.4679987267540546,0.1992301519479155,0.30574295956732334,0.3621483957909406,0,VOLATILE,1.0,2119698395594487.8,268714082923309.9,2016-11-11,216.42,0.009610941687459684,0.045420940763330586
219,1,0.1179096701760296,1,0.3336236916147969,3,2,-1.0,0.39133541968158037,0.39133541968158037,1,0,0.46740090750649704,0.25032468501052707,0.3225751975056747,0.3336236916147969,0,VOLATILE,1.0,2116990703399057.5,2707728273622.5986,2016-11-14,216.59,0.01643658525324354,0.05157209474121616
220,-1,-0.08879870232443005,1,0.34320868309495906,3,2,-1.0,0.32170744854306016,0.32170744854306016,1,0,0.4470682308882847,0.01674121346941014,0.2379364814525649,0.34320868309495906,0,VOLATILE,1.0,2024898269078363.2,92092306190424.84,2016-11-15,218.28,0.010536925050393942,0.03481766538391051
221,1,0.07878352600138872,1,0.3363152366182405,3,2,-1.0,0.33086300340592867,0.33086300340592867,1,0,0.44092870619254965,0.05204398404336336,0.24765756341197098,0.3363152366182405,0,VOLATILE,1.0,1997090627938985.8,27807658156169.902,2016-11-16,217.87,0.012989397347041631,0.04103364391609676
222,1,0.005082781431894168,0,0.33369441263904376,3,0,-1.0,0.34510133970069135,0.34510133970069135,1,0,0.44167214967519336,0.10272868368168216,0.26480027778562515,0.33369441263904376,0,VOLATILE,1.0,2000457893419182.8,3367235265906.787,2016-11-17,218.99,0.011553038951550354,0.027626832275446267
223,-1,-0.032775565111357485,1,0.3346346836630516,3,2,-1.0,0.32656411088409654,0.32656411088409654,1,0,0.44435152939441985,0.031239899168230827,0.24186380952088354,0.3346346836630516,0,VOLATILE,1.0,2012593560820298.5,12135707181848.668,2016-11-18,218.5,0.009061784897025138,0.032173913043478164
224,1,0.03373235279263026,1,0.3338012769196101,3,2,-1.0,0.341759234860132,0.341759234860132,1,0,0.4453149989160334,0.08663308949916912,0.2606493628050675,0.3338012769196101,0,VOLATILE,1.0,2016957386366007.0,4363795214090.1035,2016-11-21,220.15,0.003452191687485673,0.02838973427208713
225,-1,-0.030696946349263787,1,0.3382085298539457,3,2,-1.0,0.32625741248690365,0.32625741248690365,1,0,0.43527730797721903,0.041844386239129026,0.242373898072116,0.3382085298539457,0,VOLATILE,1.0,1971493849475532.2,45463512842791.88,2016-11-22,220.58,-0.0009067005168194031,0.023528878411460674
226,-1,0.010321656970407267,0,0.33368237896071484,3,0,-1.0,0.3210772470840826,0.3210772470840826,1,0,0.43455864502298425,0.019742815762861545,0.23476715359528194,0.33368237896071484,0,VOLATILE,1.0,1968238822006482.8,3255015525238.0713,2016-11-23,220.7,-0.005120072496601735,0.021205256003624884
227,1,0.011791778833043942,1,0.34092204316324054,3,2,-1.0,0.32768886051430546,0.32768886051430546,1,0,0.45018326483659565,0.03434149446448003,0.24484158643369192,0.34092204316324054,0,VOLATILE,1.0,2039007137511091.2,70768307565346.77,2016-11-25,221.52,-0.008306247742867479,0.01891477067533409
228,1,0.030899197336698436,0,0.35199826319612687,3,0,-1.0,0.36519967128122677,0.36519967128122677,1,0,0.48861305106197983,0.14488441363971596,0.2944991549005652,0.35199826319612687,0,VOLATILE,1.0,2213066491838768.8,174059296879446.72,2016-11-28,220.48,0.002358490566037874,0.02626088534107418
229,1,-0.036293166874654226,0,0.3397900435611368,3,0,-1.0,0.36641731517349385,0.36641731517349385,1,0,0.47531914204717096,0.1535883225242837,0.2929691548571515,0.3397900435611368,0,VOLATILE,1.0,2152854623731105.5,60211875997780.766,2016-11-29,220.91,0.003576116970712029,0.01579828889593049
230,-1,-0.01291626638647475,1,0.336310657262685,3,2,-1.0,0.3547186926792862,0.3547186926792862,1,0,0.4691890361347743,0.11323905435956273,0.277476030164779,0.336310657262685,0,VOLATILE,1.0,2125089642921317.8,27764953500218.605,2016-11-30,220.38,0.019148743080134256,0.018014338869225988
231,1,0.040239071641709034,1,0.3353938037706289,3,2,-1.0,0.38325914182678755,0.38325914182678755,1,0,0.4649466870896774,0.22382044758874772,0.31292237822614166,0.3353938037706289,0,VOLATILE,1.0,2105874846063185.5,19214861142954.105,2016-12-01,219.57,0.02541330782893847,0.018035250717311158
232,-1,-0.055980370894965326,1,0.3348334536678943,3,2,-1.0,0.3558192200793236,0.3558192200793236,1,0,0.46803531647456503,0.11741184907381913,0.27848238851612805,0.3348334536678943,0,VOLATILE,1.0,2119864120771560.8,13989331467499.244,2016-12-02,219.68,0.031090677348871054,0.02530954115076467
233,-1,0.0006037129488861703,0,0.33546437220655007,3,0,-1.0,0.3289830112807458,0.3289830112807458,1,0,0.47242296249188215,0.012861608965827283,0.2450948571525698,0.33546437220655007,0,VOLATILE,1.0,2139737008648521.2,19872945176947.902,2016-12-05,221.0,0.0237556561085972,0.025248868778280587
234,1,0.029007611522142818,1,0.336042953235155,3,2,-1.0,0.33115441400431084,0.33115441400431084,1,0,0.47800187888342155,0.015859388559110333,0.24795375581417728,0.336042953235155,0,VOLATILE,1.0,2165005496463268.0,25268486856828.973,2016-12-06,221.7,0.02733423545331526,0.021199819576003698
235,1,0.03103607952650772,0,0.3373395858959024,3,0,-1.0,0.3643618962543836,0.3643618962543836,1,0,0.48625048320502445,0.1331113171708408,0.28978726679195504,0.3373395858959024,0,VOLATILE,1.0,2202365754829065.0,37360199544724.82,2016-12-07,224.6,0.0056990204808549105,0.011620658949243134
236,1,-0.012696010395666313,0,0.3340811142773542,3,0,-1.0,0.38487336810879,0.38487336810879,1,0,0.48779012155143603,0.20604584456454206,0.31461198870532603,0.3340811142773542,0,VOLATILE,1.0,2209339211691479.5,6973410899099.133,2016-12-08,225.15,0.007372862536086933,0.005818343326671194
237,-1,-0.18590315885085956,1,0.4895187343133985,3,2,-1.0,0.21948168111233687,0.21948168111233687,1,0,0.1662153794729618,0.023979975433350224,0.14673178496877065,0.4895187343133985,0,VOLATILE,1.0,752836392602244.8,1456502718052848.5,2016-12-09,226.51,-0.006489779700675435,-0.00022074080614531422
238,1,0.17587930001589916,1,0.3773710640927971,3,2,-1.0,0.22996929413178288,0.22996929413178288,1,0,0.07554480493406834,0.06986834612971533,0.13180438368792788,0.3773710640927971,0,VOLATILE,1.0,342163755283883.1,410672663037342.4,2016-12-12,226.25,-0.0031823204419889617,0.003756906077348132
239,0,-0.01038115373605411,0,0.3336804197033522,3,1,-1.0,0.23007575341517478,0.23007575341517478,1,0,0.07625942733355957,0.03678496275086011,0.12101479669480655,0.3336804197033522,0,VOLATILE,1.0,345400481939452.6,3236744523876.1636,2016-12-13,227.76,-0.005971197752019597,-0.0054004214963118136
240,1,0.007667184916258507,0,0.33724202234185874,3,1,-1.0,0.23784939761482518,0.23784939761482518,1,0,0.08430714494696617,0.06055961286502224,0.13162225260399613,0.33724202234185874,0,VOLATILE,1.0,381850867673728.94,36450373269312.19,2016-12-14,225.88,-0.00048698423941906377,0.005179741455640263
241,1,0.02367166381802327,0,0.3528585344499011,3,0,-1.0,0.26929470563249885,0.26929470563249885,1,0,0.12450816723787708,0.14999087972141947,0.17483301565309883,0.3528585344499011,0,VOLATILE,1.0,563932650336535.8,182081733109225.2,2016-12-15,226.81,-0.006304836647414214,-0.0024690269388475405
242,0,-0.03148982023208288,0,0.34050710056512123,3,1,-1.0,0.26925019341808965,0.26925019341808965,1,0,0.13927844444087709,0.12579010630079993,0.17168951691389234,0.34050710056512123,0,VOLATILE,1.0,630831406892637.2,66898771627901.08,2016-12-16,225.04,0.00297724848915748,0.007598649129043844
243,1,0.04162469498089433,0,0.3569596145532531,3,1,-1.0,0.31083037618457476,0.31083037618457476,1,0,0.18792330413307884,0.24541031747401623,0.22777787386903164,0.3569596145532531,0,VOLATILE,1.0,851157713672671.0,220326244311952.53,2016-12-19,225.53,0.0032811599343769426,0.0016849199663016012
244,1,-0.03829156569606418,0,0.33340489914965254,3,0,-1.0,0.3141189932549957,0.3141189932549957,1,0,0.18777595575954453,0.2402239433089288,0.22599996635615777,0.33340489914965254,0,VOLATILE,1.0,850490331277978.5,667385077827.8071,2016-12-20,226.4,-0.00883392226148405,0.001501766784452352
245,-1,-0.05646226313948466,1,0.335083052788652,3,2,-1.0,0.260945347185932,0.260945347185932,1,0,0.18417338263993596,0.04568395889879794,0.15995244717957796,0.335083052788652,0,VOLATILE,1.0,834173260258126.8,16316961294141.252,2016-12-21,225.77,-0.006289586747575071,0.0016831288479426387
246,1,0.057245010513101935,1,0.33345306585049844,3,2,-1.0,0.2650167116299702,0.2650167116299702,1,0,0.18392686409658787,0.05997560390367429,0.16463415600008738,0.33345306585049844,0,VOLATILE,1.0,833056708158843.2,1116562339348.1504,2016-12-22,225.38,-0.008208359215547079,0.00985003105865645
247,-1,-0.010429009325443439,1,0.3334817854430581,3,2,-1.0,0.258659066748565,0.258659066748565,1,0,0.1842325137227696,0.035850325666642736,0.15669427979647077,0.3334817854430581,0,VOLATILE,1.0,834441081630807.8,1384386120329.4653,2016-12-23,225.71,-0.0020823180186965162,0.017101590536529043
248,1,0.019031050167382213,1,0.33400841589211316,3,2,-1.0,0.27133247203454197,0.27133247203454197,1,0,0.1856224667048438,0.08238061534377344,0.17266769401620574,0.33400841589211316,0,VOLATILE,1.0,840736571207220.2,6295464080528.154,2016-12-27,226.27,0.001370044636938239,0.013523666416228375
249,-1,-0.01989260043221963,1,0.3443807137750041,3,2,-1.0,0.26411327688829933,0.26411327688829933,1,0,0.2083682382930819,0.04034208536929384,0.16623677455412522,0.3443807137750041,0,VOLATILE,1.0,943758594101493.6,103022046488910.75,2016-12-28,224.4,0.00891265597147961,0.020365418894830567
250,1,0.02781630863842094,1,0.33470148559361906,3,2,-1.0,0.28471039038047763,0.28471039038047763,1,0,0.2111851753862791,0.10750490273572638,0.18956335937400182,0.33470148559361906,0,VOLATILE,1.0,956517297695314.8,12758666772387.38,2016-12-29,224.35,0.012747938488968158,0.014263427679964469
251,1,-2.3137754270763367e-05,0,0.33767404763862774,3,0,-1.0,0.30528436611838516,0.30528436611838516,1,0,0.22012240710297756,0.1779495015699376,0.21602396955763836,0.33767404763862774,0,VOLATILE,1.0,996996544000823.6,40479213449399.99,2016-12-30,223.53,0.013107860242473013,0.01789468975081654
252,1,0.0011395723254073453,0,0.3357828030951284,3,0,-1.0,0.32699791418170004,0.32699791418170004,1,0,0.2251657029085542,0.2529135775941674,0.24269309350090718,0.3357828030951284,0,VOLATILE,1.0,1019839054923310.0,22842463786344.617,2017-01-03,225.24,0.005416444681228816,0.010566506837151435
253,-1,-0.07768518554272924,1,0.33412250963245005,3,2,-1.0,0.2710262767022857,0.2710262767022857,1,0,0.2235408190734516,0.04339960078445733,0.17231347328596963,0.33412250963245005,0,VOLATILE,1.0,1012479497169418.0,7359442159598.004,2017-01-04,226.58,0.002294995145202483,0.005252008120752105
254,0,0.055352101365857775,0,0.33508196705746235,3,1,-1.0,0.2704067405887291,0.2704067405887291,1,0,0.2199405061175488,0.04539624638328217,0.171778917500277,0.33508196705746235,0,VOLATILE,1.0,996172663069256.4,16306836337398.004,2017-01-05,226.4,0.0005742049469963373,0.01298586572438154
255,-1,-0.010353409176701245,0,0.33727144611042237,3,1,-1.0,0.25943379529847127,0.25943379529847127,1,0,0.21183220580565826,0.013998111146425955,0.15861010565069472,0.33727144611042237,0,VOLATILE,1.0,959447881185084.8,36724763824507.13,2017-01-06,227.21,-0.0007041943576426846,0.007570089344659081
256,1,0.01955210445026989,1,0.33446271296900737,3,2,-1.0,0.26801295445848333,0.26801295445848333,1,0,0.20950689675800013,0.04638871718806795,0.168631871315356,0.33446271296900737,0,VOLATILE,1.0,948915899844519.0,10531999141729.84,2017-01-09,226.46,-0.0009273160823103366,0.010951161352998229
257,1,0.014306543797018179,0,0.34059685875628487,3,0,-1.0,0.2908986574155136,0.2908986574155136,1,0,0.22446199222278318,0.12185561715260629,0.19877253645846316,0.34059685875628487,0,VOLATILE,1.0,1016651750500630.6,67735809203609.09,2017-01-10,226.46,0.0012805793517618458,0.012275898613441694
258,-1,-0.04167002537529735,1,0.3355026679223557,3,2,-1.0,0.27211433499724647,0.27211433499724647,1,0,0.22892848951071004,0.04312726767073121,0.17401858572714707,0.3355026679223557,0,VOLATILE,1.0,1036881778049661.0,20230070835369.02,2017-01-11,227.1,-0.005239982386613828,0.01541171290180543
259,0,0.018375276524273565,0,0.3349139876403377,3,1,-1.0,0.2717052891032529,0.2717052891032529,1,0,0.2256740341602772,0.044406290707174556,0.17336010828915058,0.3349139876403377,0,VOLATILE,1.0,1022141430714332.2,14740348841871.842,2017-01-12,226.53,0.0009270295325123357,0.021983843199576247
260,-1,-0.009465597029870654,0,0.33744391644797556,3,1,-1.0,0.2618306461793887,0.2618306461793887,1,0,0.2172106302914411,0.017737230217248275,0.16164928683622978,0.33744391644797556,0,VOLATILE,1.0,983808284540052.4,38333131276608.34,2017-01-13,227.05,-0.003963884606914769,0.02519268883505843
261,-1,-0.001145703396353337,0,0.3540890147932891,3,0,-1.0,0.2508102998591712,0.2508102998591712,1,0,0.17447614848832985,0.031629237078529,0.1520351285222863,0.3540890147932891,0,VOLATILE,1.0,790251748301394.8,193556544156922.75,2017-01-17,226.25,0.005966850828729164,0.03292817679558002
262,-1,0.0006331752155100401,0,0.3458704729615055,3,0,-1.0,0.24042312875446373,0.24042312875446373,1,0,0.14866306024793108,0.012326527302437149,0.13699652918345606,0.3458704729615055,0,VOLATILE,1.0,673336982083949.8,116914755351376.31,2017-01-18,226.75,0.012436604189636213,0.036030871003307485
263,-1,-0.006472409241648547,0,0.3714524565198111,3,0,-1.0,0.2235635484081077,0.2235635484081077,1,0,0.07017847942334632,0.04677416949691587,0.12231754964008738,0.3714524565198111,0,VOLATILE,1.0,317858151603698.06,355478848743248.94,2017-01-19,225.91,0.015138772077375906,0.038997830994643934
264,1,0.042261556688603236,1,0.3361278970314975,3,2,-1.0,0.24896552475035488,0.24896552475035488,1,0,0.06442467831707474,0.12129196227037914,0.14523888019581793,0.3361278970314975,0,VOLATILE,1.0,291797561528753.0,26060627924292.855,2017-01-20,226.74,0.00983505336508772,0.03682632089618054
265,1,0.037460112178591326,0,0.35088634687910014,3,0,-1.0,0.3118276132711934,0.3118276132711934,1,0,0.1005651203800006,0.3319531895462999,0.2275061033087668,0.35088634687910014,0,VOLATILE,1.0,455487829637363.4,163690151441817.5,2017-01-23,226.15,0.006190581472474088,0.04572186601812955
266,-1,-0.08491784011094383,1,0.33352043680091403,3,2,-1.0,0.2897718616810881,0.2897718616810881,1,0,0.10095034206325328,0.23583446684151252,0.19559493630158858,0.33352043680091403,0,VOLATILE,1.0,457232607426829.5,1744828309037.6885,2017-01-24,227.6,-0.00030755711775043437,0.03813708260105453
267,-1,-0.014415613709770791,0,0.33572884082072657,3,0,-1.0,0.253300496381212,0.253300496381212,1,0,0.10588250603378936,0.09579098601130069,0.15055783068169667,0.33572884082072657,0,VOLATILE,1.0,479571770884956.8,22339240060916.965,2017-01-25,229.57,-0.008494141220542706,0.029925512915450536
268,-1,0.018796128945398782,0,0.3393829471379416,3,0,-1.0,0.23562526002673465,0.23562526002673465,1,0,0.09342677198449112,0.04470516346922012,0.12937731181790374,0.3393829471379416,0,VOLATILE,1.0,423156233895420.8,56415509351649.734,2017-01-26,229.33,-0.006802424453843825,0.03231151615575811
269,1,0.027494781702942617,1,0.3375420877774338,3,2,-1.0,0.24544480537519991,0.24544480537519991,1,0,0.084761248909357,0.08881333708071794,0.14119152866335832,0.3375420877774338,0,VOLATILE,1.0,383907632757662.1,39248625345154.46,2017-01-27,228.97,0.0016159322181945601,0.03555050880027966
270,-1,-0.02098639071488359,1,0.33391770316916564,3,2,-1.0,0.2342779600087816,0.2342779600087816,1,0,0.08596441895618595,0.04301620845361918,0.12632687580326837,0.33391770316916564,0,VOLATILE,1.0,389357129673133.3,5449525044575.364,2017-01-30,227.55,0.0060646011865523874,0.03920017578554158
271,1,0.018516106500568785,1,0.3369228132788539,3,2,-1.0,0.24162722114293206,0.24162722114293206,1,0,0.07857393818966804,0.08022025105546769,0.13626472974837855,0.3369228132788539,0,VOLATILE,1.0,355883555221097.25,33473597815421.09,2017-01-31,227.53,0.006196985012965284,0.053839054190656155
272,-1,-0.02727141084522655,1,0.33954497655911664,3,2,-1.0,0.22170507143185597,0.22170507143185597,1,0,0.06578459582056811,0.020268154468229275,0.11201758342959912,0.33954497655911664,0,VOLATILE,1.0,297957011940699.6,57926510321427.32,2017-02-01,227.62,0.007117125032949589,0.04678850716105787
273,1,0.022831003086360935,1,0.33483436803274874,3,2,-1.0,0.22461392480714082,0.22461392480714082,1,0,0.06269407239177685,0.030733921659562746,0.1144759980171132,0.33483436803274874,0,VOLATILE,1.0,283959158572609.75,13997858352134.01,2017-02-02,227.77,0.012424814505861193,0.04675769416516662
274,1,0.003960628971470148,0,0.3334229969750123,3,0,-1.0,0.23148340715389581,0.23148340715389581,1,0,0.06250946434762575,0.055620560210742756,0.12271000818612282,0.3334229969750123,0,VOLATILE,1.0,283123016607619.8,836155857055.2632,2017-02-03,229.34,0.009461934246097536,0.0364960320920904
275,1,0.0009852897662322724,0,0.33348235996639886,3,0,-1.0,0.23933817926688308,0.23933817926688308,1,0,0.06281630292784789,0.08481363929776276,0.13254331407520353,0.33348235996639886,0,VOLATILE,1.0,284512775188192.1,1389743822150.8296,2017-02-06,228.93,0.016773686279648814,0.03525095007207435
276,0,-0.007792228521377231,0,0.3345358004990673,3,1,-1.0,0.23940072285849312,0.23940072285849312,1,0,0.06529209821639212,0.08336246287725761,0.13288485369788322,0.3345358004990673,0,VOLATILE,1.0,295726351210815.6,11213574919747.947,2017-02-07,228.94,0.02079147374858037,0.03328382982440825
277,-1,-0.0201498869330132,0,0.3357276131266667,3,1,-1.0,0.21931337951708998,0.21931337951708998,1,0,0.06036243644901392,0.013858446585073458,0.10807362767802911,0.3357276131266667,0,VOLATILE,1.0,273398520937408.75,22327791233280.375,2017-02-08,229.24,0.024777525737218475,0.03324027220380388
278,1,0.03135863018094942,1,0.3353031273938168,3,2,-1.0,0.23058466635663627,0.23058466635663627,1,0,0.06441810794566526,0.05175173643708324,0.1220566147942495,0.3353031273938168,0,VOLATILE,1.0,291767802461176.6,18369261051900.457,2017-02-09,230.6,0.017866435385949675,0.030745880312228913
279,0,-0.010643155109809094,0,0.33350989114396273,3,1,-1.0,0.23121279808637346,0.23121279808637346,1,0,0.06478162837229602,0.05239878280957647,0.1223934703939575,0.33350989114396273,0,VOLATILE,1.0,293414289131000.4,1646485071341.8408,2017-02-10,231.51,0.015463694872791756,0.02721264740184015
280,-1,-0.008364714362245368,0,0.3335139178484525,3,1,-1.0,0.22347621545386528,0.22347621545386528,1,0,0.06515343522474827,0.02301781111358602,0.11272374877944476,0.3335139178484525,0,VOLATILE,1.0,295098307363443.7,1684035994778.769,2017-02-13,232.77,0.015981440907333333,0.017742836276152474
281,1,0.02081980941655054,1,0.3343463293440192,3,2,-1.0,0.23655944223790765,0.23655944223790765,1,0,0.06723912841273301,0.07061852698743508,0.12928588513338934,0.3343463293440192,0,VOLATILE,1.0,304545000808396.06,9446666805490.842,2017-02-14,233.7,0.011039794608472375,0.0224646983311938
282,-1,-0.023118321694815674,1,0.3339014847482767,3,2,-1.0,0.22652434732713433,0.22652434732713433,1,0,0.06606934001092192,0.03382307602703931,0.11663080534598708,0.3339014847482767,0,VOLATILE,1.0,299246698790136.3,5298280600734.523,2017-02-15,234.92,0.006470287757534443,0.01515409501106757
283,1,0.01693649317075227,1,0.3339511654029129,3,2,-1.0,0.2334257455871133,0.2334257455871133,1,0,0.06479727118185005,0.0610126488220095,0.12526997333461984,0.3339511654029129,0,VOLATILE,1.0,293485139832976.1,5761576197238.74,2017-02-16,234.72,0.00860599863667355,0.009841513292433657
284,-1,-0.019144089306550538,1,0.333687329014689,3,2,-1.0,0.2211830545405417,0.2211830545405417,1,0,0.06552611759282972,0.014175833695218498,0.1099006504293494,0.333687329014689,0,VOLATILE,1.0,296786291053415.9,3301177119232.679,2017-02-17,235.09,0.008592453953804924,0.007146199327916936
285,-1,0.009373054022036725,0,0.3501558908120116,3,0,-1.0,0.21831341751600686,0.21831341751600686,1,0,0.030889663039895657,0.050402570754138835,0.1104307445980115,0.3501558908120116,0,VOLATILE,1.0,139908007101333.22,156878303212363.38,2017-02-21,236.49,-8.457017210039552e-05,-0.011670683749841482
286,1,0.018926646058681523,1,0.33481609646045707,3,2,-1.0,0.23437042655015353,0.23437042655015353,1,0,0.033942572887470206,0.0960585990209484,0.1266670573028062,0.33481609646045707,0,VOLATILE,1.0,153735497938074.72,13827467300608.63,2017-02-22,236.28,0.014812933807347273,-0.00846453360419841
287,1,-0.010947733727518616,0,0.3359436006847103,3,0,-1.0,0.23947970185678158,0.23947970185678158,1,0,0.028568220097158592,0.12143836237930508,0.13333552749215455,0.3359436006847103,0,VOLATILE,1.0,129393536441736.97,24341977344031.438,2017-02-23,236.44,0.007739807139232058,-0.010192860768059586
288,-1,-0.029019477530868282,1,0.33428675264908425,3,2,-1.0,0.21556949963254132,0.21556949963254132,1,0,0.026605186199471054,0.032495501909372164,0.10303356270294774,0.33428675264908425,0,VOLATILE,1.0,120502401561336.75,8891085953754.076,2017-02-24,236.74,0.007096392667060858,-0.012165244572104439
289,1,0.03688123218646211,1,0.3334263420963689,3,2,-1.0,0.22854052959476318,0.22854052959476318,1,0,0.026796690014103418,0.08030005253853516,0.11903224751754618,0.3334263420963689,0,VOLATILE,1.0,121369776418191.38,867350695480.9174,2017-02-27,237.11,0.0025304710893678806,-0.014718906836489465
290,1,0.012059785349831292,0,0.33378417505664054,3,0,-1.0,0.2535713449068163,0.2535713449068163,1,0,0.02772495252156042,0.17350572217148114,0.15041022489768052,0.33378417505664054,0,VOLATILE,1.0,125574139454377.95,4204312255102.5576,2017-02-28,236.47,0.002241299107709205,-0.004863196177104956
291,-1,-0.04348447572554215,1,0.33642333995885665,3,2,-1.0,0.23511768449332732,0.23511768449332732,1,0,0.03408704929703986,0.09992177252208004,0.1280029406063733,0.33642333995885665,0,VOLATILE,1.0,154389872396933.0,28815772925220.395,2017-03-01,239.78,-0.013428976561848383,-0.01768287596963891
292,1,0.0949268712076935,1,0.36369313024148225,3,2,-1.0,0.3115908952875318,0.3115908952875318,1,0,0.0965957578117684,0.34463994719758767,0.23041190166978537,0.36369313024148225,0,VOLATILE,1.0,437509465623915.3,283119462118583.7,2017-03-02,238.27,-0.005917656440172947,-0.00830990053300884
293,-1,-0.07971345730309687,1,0.33341049901165576,3,2,-1.0,0.30835064877863944,0.30835064877863944,1,0,0.09675463346183175,0.309618173716808,0.21879093572621322,0.33341049901165576,0,VOLATILE,1.0,438229058309293.06,719606438961.5558,2017-03-03,238.42,-0.003061823672510622,-0.01124066772921728
294,-1,-0.05383116627568901,0,0.3333646170075697,3,0,-1.0,0.25127923599405805,0.25127923599405805,1,0,0.09681901795007734,0.09550157978331773,0.147440199244465,0.3333646170075697,0,VOLATILE,1.0,438520673838638.44,291735055069.53143,2017-03-06,237.71,0.00042068066131006887,-0.010012199739177996
295,1,0.06301227832496781,1,0.33529846934457197,3,2,-1.0,0.25722010153444447,0.25722010153444447,1,0,0.10086509716664104,0.11518413559595472,0.15534974425419856,0.33529846934457197,0,VOLATILE,1.0,456846509217044.1,18325822540084.816,2017-03-07,237.0,-0.00042194092826997043,-0.006413502109704705
296,-1,-0.030445398049227912,1,0.3343814486597818,3,2,-1.0,0.23271556902560295,0.23271556902560295,1,0,0.09870709066931527,0.024762379671532237,0.12448982344694916,0.3343814486597818,0,VOLATILE,1.0,447072288372918.1,9774171031516.072,2017-03-08,236.56,0.010103145079472409,-0.007524518092661525
297,0,0.02439956899725032,0,0.33495010470022824,3,1,-1.0,0.23261060551401175,0.23261060551401175,1,0,0.09537827262987604,0.02812407657283932,0.12450078306757179,0.33495010470022824,0,VOLATILE,1.0,431995131419169.7,15077157503684.07,2017-03-09,236.86,0.006839483239044153,-0.005995102592248669
298,1,0.007676717152752144,0,0.3357909514841936,3,1,-1.0,0.2401823591551727,0.2401823591551727,1,0,0.09031821471261489,0.06220884573242803,0.1341756868150143,0.3357909514841936,0,VOLATILE,1.0,409076700159269.4,22918451367428.63,2017-03-10,237.69,-0.0027767259876309014,-0.0104758298624259
299,-1,-0.012023593807829525,1,0.33408813543825183,3,2,-1.0,0.2357305189885041,0.2357305189885041,1,0,0.08876412845503137,0.04579141933054797,0.12818518259519313,0.33408813543825183,0,VOLATILE,1.0,402037804627089.0,7038886544499.308,2017-03-13,237.81,-0.004373239140490259,-0.010386442958664421
300,1,0.018303941842659183,1,0.3349214705354198,3,2,-1.0,0.24958262066449471,0.24958262066449471,1,0,0.09203399693146894,0.09509193346195102,0.14570864346447332,0.3349214705354198,0,VOLATILE,1.0,416847962362736.44,14810130376878.45,2017-03-14,236.9,-0.013381173490924492,-0.007766990291262155
301,-1,-0.020037948432125363,1,0.33438699300995967,3,2,-1.0,0.24339677390835995,0.24339677390835995,1,0,0.0898645824973955,0.07366356441642409,0.13784271563793987,0.33438699300995967,0,VOLATILE,1.0,407022071751496.3,9825874718628.97,2017-03-15,238.95,-0.019543837622933657,-0.020590081607030686
302,1,0.03130656301034218,1,0.3345143953866397,3,2,-1.0,0.2685174901625674,0.2685174901625674,1,0,0.09229631783523709,0.16553006681437019,0.16927546154986908,0.3345143953866397,0,VOLATILE,1.0,418036087814924.8,11013962124727.502,2017-03-16,238.48,-0.01865984568936596,-0.025033545790003386
303,-1,-0.0465809622358474,1,0.3336018880214376,3,2,-1.0,0.2470572441809274,0.2470572441809274,1,0,0.09174337296650473,0.08492270872805115,0.1422220272315186,0.3336018880214376,0,VOLATILE,1.0,415531644353649.9,2504399455488.2534,2017-03-17,237.03,-0.013373834535712725,-0.010378433109732965
304,1,0.02890865864904263,1,0.333671471445044,3,2,-1.0,0.25450565684833004,0.25450565684833004,1,0,0.0924395780502434,0.11221023871477724,0.15154993892167354,0.333671471445044,0,VOLATILE,1.0,418684953785154.2,3153297783873.8706,2017-03-20,236.77,-0.01330405034421589,-0.012248173332770174
305,1,0.041332414088669445,0,0.33706666663583956,3,0,-1.0,0.30328648360440214,0.30328648360440214,1,0,0.10012626873322311,0.28999804476016455,0.21337477116446252,0.33706666663583956,0,VOLATILE,1.0,453500146598073.6,34815098391888.613,2017-03-21,233.73,0.006802721088435382,-0.0012407478714755449
306,1,-0.02610848888639722,0,0.34755366568589297,3,0,-1.0,0.325958821474077,0.325958821474077,1,0,0.12940493858356147,0.35360589120864694,0.24433694326406946,0.34755366568589297,0,VOLATILE,1.0,586111510601886.5,132611323421716.8,2017-03-22,234.28,0.005378179955608742,0.004524500597575587
307,-1,-0.07985418706423186,1,0.3339245765379696,3,2,-1.0,0.26877697227952,0.26877697227952,1,0,0.12818758372765515,0.13016949472402212,0.16945235948389242,0.3339245765379696,0,VOLATILE,1.0,580597766680335.5,5513622458816.653,2017-03-23,234.03,0.009656881596376454,0.0023928556168013593
308,-1,0.029185232129845973,0,0.33460142223712613,3,0,-1.0,0.24078035521480898,0.24078035521480898,1,0,0.13079847622452254,0.023078922508855747,0.13462579957779275,0.33460142223712613,0,VOLATILE,1.0,592423236110699.8,11825528657077.678,2017-03-24,233.86,0.008038997690926086,0.014153767211151802
309,1,0.04854532189760763,1,0.3375703166730458,3,2,-1.0,0.26132906004770556,0.26132906004770556,1,0,0.13952213414953135,0.09363957853414898,0.16105390422789345,0.3375703166730458,0,VOLATILE,1.0,631935146400733.8,39511873145067.93,2017-03-27,233.62,0.00731957880318479,0.02110264532146222
310,0,-0.02075451720040586,0,0.33793433742753987,3,1,-1.0,0.2611232476801963,0.2611232476801963,1,0,0.1300489928997085,0.1026139389716826,0.16088764395713034,0.33793433742753987,0,VOLATILE,1.0,589028614479671.2,42906538811776.88,2017-03-28,235.32,0.0006799252082270169,0.013088560258371684
311,-1,-0.0034940357962237045,0,0.33365718718003645,3,1,-1.0,0.2574233995164633,0.2574233995164633,1,0,0.12938219791316866,0.08619844065859604,0.15519354619058823,0.33365718718003645,0,VOLATILE,1.0,586008511683746.9,3020090258213.232,2017-03-29,235.54,-0.0032266281735585656,0.012991423961959736
312,-1,-0.0059407365096753595,0,0.35323519097782036,3,0,-1.0,0.24778281484305498,0.24778281484305498,1,0,0.08840568049872828,0.10570626839609325,0.14803731629827382,0.35323519097782036,0,VOLATILE,1.0,400414292607837.1,185594233338082.84,2017-03-30,236.29,-0.003597274535528383,0.007575436963054072
313,-1,0.0005262679754400312,0,0.3359786978329405,3,0,-1.0,0.23866849814508667,0.23866849814508667,1,0,0.09385229262013539,0.053138598798644895,0.13233029713959343,0.3359786978329405,0,VOLATILE,1.0,425083537020631.06,24669274847334.324,2017-03-31,235.74,-0.0022906592008145044,0.012471366759989833
314,-1,0.006866086072016331,0,0.3336300105650126,3,0,-1.0,0.2364202675191347,0.2364202675191347,1,0,0.09446312894822717,0.04233538217228752,0.12893283704017156,0.3336300105650126,0,VOLATILE,1.0,427850187249804.5,2766655472366.916,2017-04-03,235.33,4.2493519738284746e-05,0.014617770789954632
315,1,0.015198965712318158,1,0.3369839611363348,3,2,-1.0,0.24937100260550088,0.24937100260550088,1,0,0.0869467506402097,0.10093247998266983,0.14595974354095984,0.3369839611363348,0,VOLATILE,1.0,393806387279043.5,34043830500839.125,2017-04-04,235.48,-0.00178359096313907,0.012739935450993611
316,1,0.017296865327884103,0,0.3353258053438068,3,0,-1.0,0.27961860301975117,0.27961860301975117,1,0,0.09104912267450738,0.2090149926574147,0.18335470511064067,0.3353258053438068,0,VOLATILE,1.0,412387188725972.1,18580743659064.832,2017-04-05,234.78,-0.0031944799386659506,0.016952040207854013
317,1,-0.013259967668300843,0,0.33682773363046903,3,0,-1.0,0.2966062357657006,0.2966062357657006,1,0,0.09824385378345177,0.2666503305607773,0.204964728114743,0.33682773363046903,0,VOLATILE,1.0,444974157699453.56,32586935134817.453,2017-04-06,235.44,-0.012444784233775041,0.01809378185524979
318,-1,-0.04594689685984488,1,0.33406435929515677,3,2,-1.0,0.2676469716518052,0.2676469716518052,1,0,0.09974897146877129,0.15447544169686586,0.16807480438854572,0.33406435929515677,0,VOLATILE,1.0,451791260739200.3,6817162767337.939,2017-04-07,235.2,-0.002678571428571419,0.0189625850340136
319,-1,-0.003315171110114201,0,0.33367008730915587,3,0,-1.0,0.23537253642779557,0.23537253642779557,1,0,0.10044230929349639,0.032457267792603814,0.12763319236203338,0.33367008730915587,0,VOLATILE,1.0,454931583544922.6,3140390062213.594,2017-04-10,235.34,-0.006246281975014867,0.017421602787456525
320,1,0.039545857236824994,1,0.33555251798634095,3,2,-1.0,0.24264395844061096,0.24264395844061096,1,0,0.09587316836572818,0.06570606427631859,0.1371930775473489,0.33555251798634095,0,VOLATILE,1.0,434236653964643.6,20694946254159.605,2017-04-11,235.06,-0.006891857398111156,0.020462860546243578
321,1,-0.0035247282911496924,0,0.3361767802640384,3,0,-1.0,0.24639065216227665,0.24639065216227665,1,0,0.09001871465031526,0.086078816156251,0.1420325102688554,0.3361767802640384,0,VOLATILE,1.0,407720179798754.4,26516487182688.76,2017-04-12,234.03,0.0055975729607316005,0.022860317053369217
322,-1,-0.0149432209898058,1,0.33413320140375796,3,2,-1.0,0.23519412489413655,0.23519412489413655,1,0,0.08837183750959914,0.04420603189623141,0.12752595646861017,0.33413320140375796,0,VOLATILE,1.0,400261008152862.8,7459147982761.113,2017-04-13,232.51,0.008945851791320791,0.027826760139348927
323,1,0.023320698361166847,1,0.33362601547311344,3,2,-1.0,0.2473182959871633,0.2473182959871633,1,0,0.08897445448959708,0.08868866706710038,0.14255437385223246,0.33362601547311344,0,VOLATILE,1.0,402990430633387.9,2729399351285.6553,2017-04-17,234.57,0.011084111352687831,0.024427676173423896
324,1,-0.0040329675416299615,0,0.3344110020788226,3,0,-1.0,0.25540949953856007,0.25540949953856007,1,0,0.09119330220500173,0.11740057262371548,0.1528646249429057,0.3344110020788226,0,VOLATILE,1.0,413040218535660.2,10049770638717.045,2017-04-18,233.87,0.020011117287381808,0.026553213323641467
325,-1,-0.021240941839060806,1,0.3385835551258987,3,2,-1.0,0.24225976125089604,0.24225976125089604,1,0,0.08038346167517099,0.08202830936011325,0.13747059034509473,0.3385835551258987,0,VOLATILE,1.0,364079398093607.6,48960800838407.52,2017-04-19,233.44,0.02124742974640159,0.010195339273475046
326,-1,0.010201787498416992,0,0.3449934272812274,3,0,-1.0,0.239311810461649,0.239311810461649,1,0,0.05637615293641748,0.09978820675568692,0.13538811989736813,0.3449934272812274,0,VOLATILE,1.0,255343517188486.2,108735889662484.81,2017-04-20,235.34,0.013852298801733554,0.006076315118551889
327,-1,-0.006484262796602941,0,0.33407004278677077,3,0,-1.0,0.22987959687579904,0.22987959687579904,1,0,0.05485931507847745,0.05774170529584694,0.12086700679144145,0.33407004278677077,0,VOLATILE,1.0,248473330177182.34,6870164014137.335,2017-04-21,234.59,0.014877019480796339,0.01585745342938738
328,-1,0.00835716298031805,0,0.3358966772572873,3,0,-1.0,0.2288045462702671,0.2288045462702671,1,0,0.060137058654690406,0.049802497801776875,0.11997985215215576,0.3358966772572873,0,VOLATILE,1.0,272377721260572.8,23904394195074.418,2017-04-24,237.17,0.0063667411561327825,0.00990850444828606
329,1,0.020770820000412638,1,0.335777470634984,3,2,-1.0,0.24850031566514783,0.24850031566514783,1,0,0.06516937225430504,0.11853991446623724,0.14456976224018075,0.335777470634984,0,VOLATILE,1.0,295170490670899.06,22792736073987.34,2017-04-25,238.55,0.0009222385244183062,0.006287989939216088
330,1,-0.005524628411778226,0,0.33336952668167086,3,0,-1.0,0.2626714566482503,0.2626714566482503,1,0,0.06509485996283408,0.16995024747935775,0.1616817024807306,0.33336952668167086,0,VOLATILE,1.0,294833003460669.8,337520087653.7992,2017-04-26,238.4,0.00033557046979848515,0.00927013422818801
331,-1,-0.0376151609124343,1,0.3340696258202594,3,2,-1.0,0.2392274367189185,0.2392274367189185,1,0,0.06357887470800216,0.08407623235313665,0.13255170235371294,0.3340696258202594,0,VOLATILE,1.0,287966678129616.44,6866275604251.953,2017-04-27,238.6,0.0006705783738474302,0.01324392288348708
332,1,0.03112030161906182,1,0.33436839498823945,3,2,-1.0,0.2469037184086485,0.2469037184086485,1,0,0.0657099974618676,0.11095524281174377,0.14222174675787044,0.33436839498823945,0,VOLATILE,1.0,297619134907682.5,9652439371817.518,2017-04-28,238.08,0.006804435483870774,0.015246975806451513
333,-1,-0.03376665250286587,1,0.3348534384645688,3,2,-1.0,0.22081334759551266,0.22081334759551266,1,0,0.0625801968200134,0.01660993551158565,0.10973004411053301,0.3348534384645688,0,VOLATILE,1.0,283443383949805.6,14175699146510.799,2017-05-01,238.68,0.004105915870621812,0.011814982403217655
334,1,0.03056452063921289,1,0.334118502432305,3,2,-1.0,0.2252874974215897,0.2252874974215897,1,0,0.06419680620534123,0.03122018594984892,0.11513899738506338,0.334118502432305,0,VOLATILE,1.0,290765464383975.75,7322073123398.593,2017-05-02,238.77,0.0028060476609288454,0.011182309335343588
335,1,0.005761041277176332,0,0.33594920762308333,3,0,-1.0,0.2355226885248431,0.2355226885248431,1,0,0.069582710884926,0.06558927680054805,0.1283906625618247,0.33594920762308333,0,VOLATILE,1.0,315159747649067.5,24394264695659.688,2017-05-03,238.48,0.005828581013082923,0.0204629319020464
336,1,-0.007941679672921087,0,0.33602050468994216,3,0,-1.0,0.2378161999551754,0.2378161999551754,1,0,0.06405001653521605,0.07977611181414833,0.1312753761164548,0.33602050468994216,0,VOLATILE,1.0,290100612514800.25,25059143557688.125,2017-05-04,238.76,0.002596749874350879,0.02265873680683539
337,-1,-0.013711507163493258,1,0.3364121789857389,3,2,-1.0,0.22639820422201443,0.22639820422201443,1,0,0.05771088632477553,0.043591513747082714,0.11710080002395273,0.3364121789857389,0,VOLATILE,1.0,261388901631029.34,28711691573313.23,2017-05-05,239.7,-0.003003754693366667,0.01789737171464334
338,-1,0.008841310590167323,0,0.33426180847665415,3,0,-1.0,0.2238215190790208,0.2238215190790208,1,0,0.05962254909893157,0.03040450380488709,0.11334235096793954,0.33426180847665415,0,VOLATILE,1.0,270047362185828.6,8658469750728.629,2017-05-08,239.66,0.0026704498038889746,0.014812651255945886
339,1,0.010884500565068234,1,0.33765270144113635,3,2,-1.0,0.23212933450109538,0.23212933450109538,1,0,0.06851582667277849,0.055208703787181415,0.12457484348665329,0.33765270144113635,0,VOLATILE,1.0,310327527765780.0,40280150064018.6,2017-05-09,239.44,0.0026729034413632835,0.01762445706648852
340,-1,-0.01948674999994085,1,0.33617915350583694,3,2,-1.0,0.22095039992322912,0.22095039992322912,1,0,0.0743751635976323,0.006323201243854696,0.11023278828049565,0.33617915350583694,0,VOLATILE,1.0,336866119366237.94,26538618784672.227,2017-05-10,239.87,-0.016884145578855314,0.016300496102055195
341,1,0.014463780011839511,1,0.33456351481340124,3,2,-1.0,0.22423524535720238,0.22423524535720238,1,0,0.07690802157310159,0.014896784626458272,0.11393493539985328,0.33456351481340124,0,VOLATILE,1.0,348338148412360.6,11472024005917.814,2017-05-11,239.38,-0.010903166513493101,0.01683515749018305
342,1,0.005261299227913907,0,0.33356879113049187,3,0,-1.0,0.23278139001908954,0.23278139001908954,1,0,0.0773928162081356,0.04571398971131915,0.1243689353064849,0.33356879113049187,0,VOLATILE,1.0,350533920219693.9,2195755297205.7222,2017-05-12,238.98,-0.0028035818896978704,0.018327893547577245
343,0,-0.008875594340994913,0,0.3340108298775585,3,1,-1.0,0.2324519403399818,0.2324519403399818,1,0,0.07599789870074262,0.04620499998235795,0.12406763289436686,0.3340108298775585,0,VOLATILE,1.0,344215944906138.3,6317975636284.574,2017-05-15,240.3,-0.003245942571785232,0.017686225551394097
344,1,0.001604779686503438,0,0.3337142722824489,3,1,-1.0,0.23372727034737747,0.23372727034737747,1,0,0.07678222551260577,0.049980742501896415,0.12558765600483407,0.3337142722824489,0,VOLATILE,1.0,347768382529759.8,3552435831501.228,2017-05-16,240.08,-0.00012495834721759635,0.017327557480839806
345,1,0.06288343428774618,0,0.3341713252808762,3,0,-1.0,0.29788603464251934,0.29788603464251934,1,0,0.07850761732368688,0.28919350654641796,0.20590037462336827,0.3341713252808762,0,VOLATILE,1.0,355583169290157.4,7814671164165.939,2017-05-17,235.82,0.020312102451021996,0.03371215333729127
346,1,0.02834620415348485,0,0.3876727205919964,3,0,-1.0,0.39039100309114605,0.39039100309114605,1,0,0.19038861772557863,0.5643321843102165,0.33490693401193167,0.3876727205919964,0,VOLATILE,1.0,862323815133894.2,506740481139276.8,2017-05-18,236.77,0.021075305148456236,0.024791992228745174
347,-1,-0.16346054390591186,1,0.3372755549177304,3,2,-1.0,0.3194354276338609,0.3194354276338609,1,0,0.1985053365314692,0.2523341832838071,0.23361317327175873,0.3372755549177304,0,VOLATILE,1.0,899086726754761.9,36763080395547.555,2017-05-19,238.31,0.014267131047794868,0.02664596533926389
348,-1,0.04236240456206469,0,0.33520712844016204,3,0,-1.0,0.29084225673864045,0.29084225673864045,1,0,0.20236333335947354,0.13970047574054967,0.19735460303334107,0.33520712844016204,0,VOLATILE,1.0,916560683881203.0,17474025414952.164,2017-05-22,239.52,0.008266533066132231,0.014570808283232983
349,1,0.030495744986811346,1,0.3436677212515984,3,2,-1.0,0.29274483083023134,0.29274483083023134,1,0,0.18108556346590307,0.17445834308616331,0.20184796885068879,0.3436677212515984,0,VOLATILE,1.0,820187655223515.0,96373054062119.2,2017-05-23,240.05,0.005790460320766355,0.012080816496563118
350,-1,-0.032677561411984135,1,0.3360296471908159,3,2,-1.0,0.2619698435098381,0.2619698435098381,1,0,0.18663706817104742,0.04777208038395734,0.16146971618500158,0.3360296471908159,0,VOLATILE,1.0,845331987769560.2,25144401701463.617,2017-05-24,240.61,0.011429283903412246,0.00926811021985774
351,-1,0.027094322672739313,0,0.33441833378646735,3,0,-1.0,0.25828917886218417,0.25828917886218417,1,0,0.1888710050516655,0.030527166021375552,0.15646605702434702,0.33441833378646735,0,VOLATILE,1.0,855450118762241.4,10118142279380.055,2017-05-25,241.76,0.00996856386499001,0.005666776968894727
352,1,0.018805307856862297,1,0.33392819791061773,3,2,-1.0,0.27341382207139253,0.27341382207139253,1,0,0.18764622800074227,0.08810175319994291,0.17524932706689506,0.33392819791061773,0,VOLATILE,1.0,849902757623442.2,5547393471165.043,2017-05-26,241.71,0.009432791361549064,0.006536758925985708
353,-1,-0.025775077058175166,1,0.33582221329263856,3,2,-1.0,0.26276338822242573,0.26276338822242573,1,0,0.1927706509676327,0.04445871483594256,0.16240978860119176,0.33582221329263856,0,VOLATILE,1.0,873112716369705.2,23209982513654.062,2017-05-30,241.5,0.007080745341614847,-0.0007039337474119556
354,1,0.043055255467942866,1,0.33895772823680903,3,2,-1.0,0.2951682098414018,0.2951682098414018,1,0,0.20435089556479777,0.15674818751806588,0.20369969436095453,0.33895772823680903,0,VOLATILE,1.0,925562914393646.4,52450142029347.125,2017-05-31,241.44,0.009194831013916493,0.008490722332670675
355,1,-0.005693708518490714,0,0.33588723241976143,3,0,-1.0,0.32187932294188715,0.32187932294188715,1,0,0.20960920606430167,0.24935367928259616,0.23632096178229928,0.33588723241976143,0,VOLATILE,1.0,949379287584750.4,23816316619054.56,2017-06-01,243.36,0.0017258382642997283,-0.00825936883629197
356,-1,-0.060496701226963046,1,0.3334509706686839,3,2,-1.0,0.28809373481540945,0.28809373481540945,1,0,0.20936698349333302,0.1210727500659654,0.19347991118643282,0.3334509706686839,0,VOLATILE,1.0,948282193157549.4,1097023778198.7289,2017-06-02,244.17,-0.0031125854937134045,-0.009706352131711449
357,1,0.04454721372493836,1,0.33510285507086274,3,2,-1.0,0.2988553604138701,0.2988553604138701,1,0,0.21301030786375647,0.15902443499140356,0.20734491428505333,0.33510285507086274,0,VOLATILE,1.0,964783838100432.8,16501626939474.203,2017-06-05,243.99,-0.0025820730357801747,-0.0072953809582360085
358,1,-0.006208568482036159,0,0.33628265014420416,3,0,-1.0,0.3034084175302946,0.3034084175302946,1,0,0.2190827453257896,0.17091080802096856,0.21333118444891935,0.33628265014420416,0,VOLATILE,1.0,992287622213042.0,27503773876923.53,2017-06-06,243.21,0.005509641873278293,-0.0018091361374943382
359,-1,-0.046011605009121326,1,0.3337490163377624,3,2,-1.0,0.2619498696375978,0.2619498696375978,1,0,0.21822686435795696,0.014396909036356575,0.16087459113143784,0.3337490163377624,0,VOLATILE,1.0,988411095610250.4,3876440576392.661,2017-06-07,243.66,0.002380366083887475,-0.012763687104982324
360,1,0.043208422175021466,1,0.3338173155362889,3,2,-1.0,0.26369974391992246,0.26369974391992246,1,0,0.21723038008527934,0.02200664626664667,0.16307900878397533,0.3338173155362889,0,VOLATILE,1.0,983897736933657.2,4513362898648.69,2017-06-08,243.78,-4.102059233734856e-05,-0.006850438920337987
361,1,0.026034494694472554,0,0.33448597503127686,3,0,-1.0,0.29148411289671966,0.29148411289671966,1,0,0.21485718419527788,0.12907272044087845,0.19797663487871875,0.33448597503127686,0,VOLATILE,1.0,973148862560947.4,10748928872104.295,2017-06-09,243.41,-0.0031633868781069108,-0.004272626432767712
362,1,0.03274912772332028,0,0.35276522796554477,3,0,-1.0,0.35201760959683714,0.35201760959683714,1,0,0.2548661089063294,0.3297738480559686,0.2782133189874326,0.35276522796554477,0,VOLATILE,1.0,1154360581036508.0,181211606021647.1,2017-06-12,243.36,0.005341880341880323,-0.004807692307692402
363,-1,-0.11254419093762058,1,0.33468810447856734,3,2,-1.0,0.30000691535933405,0.30000691535933405,1,0,0.2520767058752294,0.12396530508119886,0.20868067031880938,0.33468810447856734,0,VOLATILE,1.0,1141726586985502.0,12633881547128.584,2017-06-13,244.55,-0.006297280719689269,-0.002208137395215748
364,1,0.054071853047758245,1,0.33360541094847684,3,2,-1.0,0.3020680741695892,0.3020680741695892,1,0,0.25263689544939366,0.13032244089792341,0.21098644544910566,0.33360541094847684,0,VOLATILE,1.0,1144263843763571.8,2537252415982.414,2017-06-14,244.24,-0.005281690140845119,0.0007369800196526111
365,-1,-0.014862195817208101,1,0.3363872265550403,3,2,-1.0,0.28926703716263624,0.28926703716263624,1,0,0.24634914006961237,0.09069266920655368,0.19568060309205534,0.3363872265550403,0,VOLATILE,1.0,1115784823996030.2,28478998358028.883,2017-06-15,243.77,-0.0038150715838700666,0.007342987242072496
366,-1,-0.028556524479322998,0,0.3854171342799037,3,0,-1.0,0.2479094756763603,0.2479094756763603,1,0,0.13911226757736656,0.07961111691891232,0.1562411281654263,0.3854171342799037,0,VOLATILE,1.0,630078744949705.6,485706072201240.7,2017-06-16,242.64,0.0020194526871084584,0.011910649521925443
367,1,0.05351425540364896,1,0.3395165134428812,3,2,-1.0,0.2600661695937333,0.2600661695937333,1,0,0.1263815389568152,0.10350398210184548,0.1599618403528869,0.3395165134428812,0,VOLATILE,1.0,572417679888917.6,57661078303446.766,2017-06-19,244.66,-0.005599607618736235,0.004087304831194238
368,-1,-0.03213390536438271,1,0.3449473781556795,3,2,-1.0,0.2400889581467236,0.2400889581467236,1,0,0.10246903467290794,0.0565750919940652,0.13634804222232438,0.3449473781556795,0,VOLATILE,1.0,464111195132428.0,108306459791935.83,2017-06-20,243.01,-0.006913295749146009,0.016377926834286738
369,-1,0.01488626141763355,0,0.3336875866205464,3,0,-1.0,0.23499800811734745,0.23499800811734745,1,0,0.1031984138526363,0.02830980655282641,0.1271694068018209,0.3336875866205464,0,VOLATILE,1.0,467414759412983.7,3303579415664.0425,2017-06-21,242.95,0.0022226795636963725,0.017081704054332292
370,-1,0.0030977815055745483,0,0.3345563518161347,3,0,-1.0,0.23300483959354584,0.23300483959354584,1,0,0.10068030428417313,0.02400510805372472,0.12489513744596595,0.3345563518161347,0,VOLATILE,1.0,456009530067119.3,11405225669308.275,2017-06-22,242.84,-0.006135727227804311,0.016636468456596942
371,1,0.01973902629266877,1,0.3344395457427309,3,2,-1.0,0.250750697362413,0.250750697362413,1,0,0.10295792523214792,0.08818684918394913,0.14704825813869898,0.3344395457427309,0,VOLATILE,1.0,466325518537172.8,10315953801834.639,2017-06-23,243.13,-0.005470324517747649,0.015177065767284947
372,1,-0.013694932759000078,0,0.3333826886821545,3,0,-1.0,0.2548016223722801,0.2548016223722801,1,0,0.10285630814156216,0.10268679226610394,0.1518477001358887,0.3333826886821545,0,VOLATILE,1.0,465865266037398.8,460261965954.25464,2017-06-26,243.29,-0.00443914669735701,0.016975625796374683
373,-1,-0.009139480009129508,1,0.33503607004632213,3,2,-1.0,0.24971306737301768,0.24971306737301768,1,0,0.09935049122563035,0.08835056395792759,0.14590035172785265,0.33503607004632213,0,VOLATILE,1.0,449986431187803.1,15878825005629.879,2017-06-27,241.33,0.005966933244934358,0.025276592218124616
374,1,0.009028562389853723,1,0.3384467439304263,3,2,-1.0,0.253653074763609,0.253653074763609,1,0,0.0888223434147351,0.11621174489661838,0.15167802943711783,0.3384467439304263,0,VOLATILE,1.0,402301476619402.9,47684971748010.73,2017-06-28,243.49,-0.012074417840568397,0.01523676537024099
375,0,-0.004318419515858707,0,0.3359987438349793,3,1,-1.0,0.2532746626383416,0.2532746626383416,1,0,0.08333445083248425,0.11844459193753126,0.15059301425667182,0.3359987438349793,0,VOLATILE,1.0,377445261341908.56,24856213295309.49,2017-06-29,241.35,0.0031489538015330165,0.023037083074373355
376,1,0.017952043574522458,0,0.3406889489169514,3,1,-1.0,0.27084829408759664,0.27084829408759664,1,0,0.09847915149119653,0.1727186630250045,0.17373260483873365,0.3406889489169514,0,VOLATILE,1.0,446039887465542.7,68594593497628.03,2017-06-30,241.8,0.002357320099255489,0.020554177005789986
377,-1,-0.03912551371759776,1,0.33366858249166576,3,2,-1.0,0.24929641181925394,0.24929641181925394,1,0,0.0977888869131263,0.08732409427782534,0.14503766039698388,0.33366858249166576,0,VOLATILE,1.0,442913484261800.5,3126356927549.372,2017-07-03,242.21,-8.257297386571327e-05,0.021097394822674476
378,1,0.052916968940251274,1,0.33503934631022997,3,2,-1.0,0.2806614984911625,0.2806614984911625,1,0,0.10130146114823434,0.20245866792629766,0.18458670969151064,0.33503934631022997,0,VOLATILE,1.0,458822924918201.9,15909377715786.598,2017-07-05,242.77,0.005107715121308143,0.019236314206862337
379,-1,-0.07585824087052156,1,0.3341232495204733,3,2,-1.0,0.23616834429254951,0.23616834429254951,1,0,0.09967505920095011,0.03654866903646559,0.12874124274580523,0.3341232495204733,0,VOLATILE,1.0,451456491205526.7,7366341965278.537,2017-07-06,240.55,0.016088131365620262,0.02664726668052375
380,1,0.04936703859045982,1,0.33472627118069676,3,2,-1.0,0.24104222868439634,0.24104222868439634,1,0,0.09680710125738005,0.0581459596946289,0.13498435365066963,0.33472627118069676,0,VOLATILE,1.0,438466699772156.6,12989804092012.715,2017-07-07,242.11,0.01424972120110679,0.021890876048077157
381,-1,-0.009364692330275537,1,0.33411352824921814,3,2,-1.0,0.23655142074596763,0.23655142074596763,1,0,0.09841346528250076,0.039239508701791485,0.1292176579947641,0.33411352824921814,0,VOLATILE,1.0,445742376076674.6,7275686514018.916,2017-07-10,242.37,0.013037917233981178,0.02269257746420772
382,1,0.009588959665274621,1,0.3497021635266216,3,2,-1.0,0.24164957247281355,0.24164957247281355,1,0,0.0647112066691875,0.1037513127488296,0.13948750647267236,0.3497021635266216,0,VOLATILE,1.0,293095329350640.56,152647081726370.2,2017-07-11,242.19,0.014327594037738978,0.020933977455716457
383,-1,-0.021164475364470414,1,0.3344925797297651,3,2,-1.0,0.22558324883518904,0.22558324883518904,1,0,0.062324391708246156,0.03448222622103645,0.11560220597642754,0.3344925797297651,0,VOLATILE,1.0,282284770359639.06,10810520808608.393,2017-07-12,244.01,0.0122126142371215,0.013278144338346731
384,1,0.02674912711765587,1,0.33335518680453524,3,2,-1.0,0.2362660523152204,0.2362660523152204,1,0,0.06236939099434836,0.07364469529112966,0.12867136209515934,0.33335518680453524,0,VOLATILE,1.0,282488584834125.56,203793952602.1569,2017-07-13,244.42,0.01096473283692001,-0.0027002700270026825
385,1,0.0005919003156013014,0,0.33512751516296435,3,0,-1.0,0.24754075611085308,0.24754075611085308,1,0,0.06606348972905832,0.11355998205886401,0.14320782392930742,0.33512751516296435,0,VOLATILE,1.0,299220201211465.4,16731593959106.328,2017-07-14,245.56,0.0053754683173155016,-0.005864147255253305
386,1,-0.0071809253685926056,0,0.3334120996959565,3,0,-1.0,0.25163453453789314,0.25163453453789314,1,0,0.06590131694581786,0.12778726234324875,0.14789619309635554,0.3334120996959565,0,VOLATILE,1.0,298485674878823.1,734533576966.1193,2017-07-17,245.53,0.005253940455341555,0.004113550278988187
387,-1,-0.007224872227516332,1,0.3342669251636686,3,2,-1.0,0.24850344073741687,0.24850344073741687,1,0,0.06782351540241911,0.11476458123564556,0.14419603221268823,0.3342669251636686,0,VOLATILE,1.0,307191854514677.44,8706185276618.04,2017-07-18,245.66,0.00716437352438315,0.0034600667589350653
388,-1,-0.021417472919831204,0,0.33452870590272743,3,0,-1.0,0.2239548740171094,0.2239548740171094,1,0,0.070284691573524,0.020442615417681793,0.11357576899706859,0.33452870590272743,0,VOLATILE,1.0,318339216426001.75,11147414454124.096,2017-07-19,246.99,0.0017814486416454223,-0.00020243734564151517
389,1,0.029455614566997634,1,0.3336001422263431,3,2,-1.0,0.22886192186379956,0.22886192186379956,1,0,0.07083403454333513,0.03759827911567054,0.11947743788633522,0.3336001422263431,0,VOLATILE,1.0,320827345869891.7,2488119090714.64,2017-07-20,247.1,0.00040469445568591667,-0.01622824767300679
390,1,0.012040539372797088,0,0.33392910998932573,3,0,-1.0,0.2458095090832868,0.2458095090832868,1,0,0.0720607030172561,0.10017178853706377,0.14074416385143995,0.33392910998932573,0,VOLATILE,1.0,326383273797582.56,5555899036403.311,2017-07-21,246.88,0.00012151652624758924,-0.01689079714841213
391,1,0.01981747001460521,0,0.3370113906976167,3,0,-1.0,0.28257456631737926,0.28257456631737926,1,0,0.0796335803472552,0.23277958636612958,0.18747105557112825,0.3370113906976167,0,VOLATILE,1.0,360682973794135.8,34299624130150.203,2017-07-24,246.82,-0.00020257677659829554,-0.01588201928530908
392,-1,-0.05285719648616338,1,0.33388649585830116,3,2,-1.0,0.26648242706530834,0.26648242706530834,1,0,0.0807724957185106,0.16895147767012167,0.16657465779621075,0.33388649585830116,0,VOLATILE,1.0,365841443138512.1,5158502114057.707,2017-07-25,247.42,-0.00040417104518630786,-0.008002586694689118
393,-1,-0.017007824178375153,0,0.3333902905829598,3,0,-1.0,0.23338246363486226,0.23338246363486226,1,0,0.08088975154242403,0.044337205025529326,0.12507565218931777,0.3333902905829598,0,VOLATILE,1.0,366372527877881.6,531153285603.28687,2017-07-26,247.43,4.041547104227661e-05,-0.011599240189144377
394,1,0.03887258200133292,1,0.335950480804434,3,2,-1.0,0.2391550822057491,0.2391550822057491,1,0,0.07550123265091582,0.07329318622396876,0.13293147295829486,0.335950480804434,0,VOLATILE,1.0,341966404108739.1,24406137713792.066,2017-07-27,247.2,-0.0009708737864076999,-0.01298543689320375
395,1,0.00838481973098626,0,0.33343721350960503,3,0,-1.0,0.2533125205076222,0.2533125205076222,1,0,0.07571512104826829,0.12428474098751881,0.149999954011929,0.33343721350960503,0,VOLATILE,1.0,342935165062105.06,968731764570.4419,2017-07-28,246.91,0.002025029362925812,-0.009517638005751006
396,-1,-0.029601286664260373,1,0.34729566320211835,3,2,-1.0,0.23786867214523494,0.23786867214523494,1,0,0.04696766686898585,0.10551160107723402,0.13415975598207328,0.34729566320211835,0,VOLATILE,1.0,212729826846998.25,130205328261324.05,2017-07-31,246.77,0.004457592089800233,-0.008915184179600466
397,-1,0.007080117291258847,0,0.33843074374747895,3,0,-1.0,0.22950494107410652,0.22950494107410652,1,0,0.036472455241186655,0.07799413159732209,0.12148886227950291,0.33843074374747895,0,VOLATILE,1.0,165194049552967.78,47535762476171.75,2017-08-01,247.32,-0.00024260067928194573,-0.009987061297104916
398,-1,-0.00520057052596043,0,0.33443197158297877,3,0,-1.0,0.21594063947701767,0.21594063947701767,1,0,0.034210430304172416,0.026390946421877906,0.10353379224201677,0.33443197158297877,0,VOLATILE,1.0,154948699820844.25,10245321180624.89,2017-08-02,247.44,-0.0007678629162625183,-0.005779178790818018
399,-1,0.011701005121262986,0,0.33356120316425225,3,0,-1.0,0.2140773430011918,0.2140773430011918,1,0,0.03467959723236076,0.018281341395297673,0.10098697954255281,0.33356120316425225,0,VOLATILE,1.0,157073689330632.94,2124993923971.2388,2017-08-03,246.96,-0.012957563977972208,0.0021460965338515603
400,1,0.013437364095576249,1,0.33347782887389654,3,2,-1.0,0.22565141062094218,0.22565141062094218,1,0,0.03438209612730704,0.06191906535664863,0.11543372049465189,0.33347782887389654,0,VOLATILE,1.0,155726222811987.12,1347489241992.065,2017-08-04,247.41,-0.013297764843781534,0.0017380057394609238
401,1,0.005485259933073916,0,0.33349294033704646,3,0,-1.0,0.24271073817376648,0.24271073817376648,1,0,0.03471072337386271,0.12557425003054642,0.1367616578014697,0.33349294033704646,0,VOLATILE,1.0,157214668415470.06,1488410781479.797,2017-08-07,247.87,-0.005365715899463441,-0.007302214870698376
402,1,-0.007473375548837868,0,0.33423368912587714,3,0,-1.0,0.2522966901777529,0.2522966901777529,1,0,0.03656449666927252,0.16022335834170878,0.14892928500366043,0.33423368912587714,0,VOLATILE,1.0,165610931173127.3,8396243508201.353,2017-08-08,247.26,-0.0030332443581655433,-0.0014559572919193853
403,-1,-0.023498245009822283,1,0.3337665227101584,3,2,-1.0,0.23838439717191706,0.23838439717191706,1,0,0.03745639693933474,0.10680998448797299,0.1314221271424359,0.3337665227101584,0,VOLATILE,1.0,169650599367512.62,4039695777058.4854,2017-08-09,247.25,-0.0012537917087968031,-0.0015369059656218376
404,1,0.017857189222333564,1,0.3336016548013501,3,2,-1.0,0.24232929338841477,0.24232929338841477,1,0,0.038008851756430116,0.12092723955113778,0.13631203043585596,0.3336016548013501,0,VOLATILE,1.0,172152823246533.84,2502224567892.1216,2017-08-10,243.76,-0.002748605185428188,0.011568756153593762
405,1,0.05097573778912906,0,0.3550785835109145,3,0,-1.0,0.29724992739404155,0.29724992739404155,1,0,0.08278081031250303,0.2982153550483386,0.21033205512028053,0.3550785835109145,0,VOLATILE,1.0,374937667079676.7,202784740376782.2,2017-08-11,244.12,-0.0057758479436342824,0.020850401441913746
406,-1,-0.0859174060458279,1,0.3349362312526742,3,2,-1.0,0.2662531553538404,0.2662531553538404,1,0,0.08608104820178736,0.1635704578146198,0.16655050200546906,0.3349362312526742,0,VOLATILE,1.0,389885376462382.9,14947781045036.318,2017-08-14,246.54,-0.014764338444065772,0.014237040642492094
407,-1,-0.004260005768800423,0,0.3355847062436536,3,0,-1.0,0.23099637754483887,0.23099637754483887,1,0,0.08144561443571881,0.036479331040167304,0.12264164849196203,0.3355847062436536,0,VOLATILE,1.0,368890187896445.4,20995116974156.76,2017-08-15,246.51,-0.004340594702040512,0.014847267859316116
408,1,0.043159776180971055,1,0.3348086583019542,3,2,-1.0,0.23889937591680838,0.23889937591680838,1,0,0.07840802873825428,0.06857112467624284,0.13232638447149903,0.3348086583019542,0,VOLATILE,1.0,355132104463068.75,13758102955357.822,2017-08-16,246.94,-0.009637968737345126,0.012756135093545007
409,1,0.013725012214927224,0,0.3337341114391662,3,0,-1.0,0.2605273865037051,0.2605273865037051,1,0,0.07758286245005458,0.1496954205182142,0.15909276098942293,0.3337341114391662,0,VOLATILE,1.0,351394693318113.3,3737445349045.168,2017-08-17,243.09,0.003702332469455838,0.025093586737422235
410,1,0.012071748184112885,0,0.35530332022004746,3,0,-1.0,0.2942271452747147,0.2942271452747147,1,0,0.12281752921424981,0.2470117557309661,0.20660976164840528,0.35530332022004746,0,VOLATILE,1.0,556275273293933.1,204880516458570.0,2017-08-18,242.71,0.0076222652548307845,0.028882205100737357
411,-1,-0.03957151259959529,1,0.3574744127903909,3,2,-1.0,0.28835539144612904,0.28835539144612904,1,0,0.17252229787214768,0.17691622964362935,0.199812842505259,0.3574744127903909,0,VOLATILE,1.0,781402207096277.0,225126981301037.4,2017-08-21,242.9,0.006875257307533911,0.029106628242074883
412,1,0.030015999723840503,1,0.3356556003211131,3,2,-1.0,0.31249963734138386,0.31249963734138386,1,0,0.16774092558605336,0.2558744146849711,0.22453844675700813,0.3356556003211131,0,VOLATILE,1.0,759746021760327.8,21656237769478.535,2017-08-22,245.44,-0.0024038461538461453,0.018823337679269914
413,-1,-0.08580964475730907,1,0.33414341364741323,3,2,-1.0,0.2508342384793296,0.2508342384793296,1,0,0.166072999276927,0.02516295525611906,0.14707865151101535,0.33414341364741323,0,VOLATILE,1.0,752191512486453.2,7554381983813.432,2017-08-23,244.56,0.005929015374550151,0.019749754661432695
414,1,0.06755495700812819,1,0.33388561764627384,3,2,-1.0,0.25672379662540357,0.25672379662540357,1,0,0.16493588782208396,0.048192562757884666,0.15437615019332285,0.33388561764627384,0,VOLATILE,1.0,747041213588931.8,5150312371631.22,2017-08-24,243.99,0.014344850198778625,0.02233698102381232
415,-1,-0.010530593769025265,1,0.3348998866744606,3,2,-1.0,0.25208276100245225,0.25208276100245225,1,0,0.16816130780607072,0.028323960958970745,0.14882842292168047,0.3348998866744606,0,VOLATILE,1.0,761650051550083.0,14608850667277.516,2017-08-25,244.56,0.013411841674844549,0.017868825646058184
416,1,0.022015653664066437,1,0.3349715731766495,3,2,-1.0,0.26945737904356737,0.26945737904356737,1,0,0.16478829586526322,0.09690555543060145,0.17056461709862153,0.3349715731766495,0,VOLATILE,1.0,746372727936747.5,15277361197907.688,2017-08-28,244.57,0.006092325305638413,0.0184405282741138
417,1,-0.012986348165829165,0,0.33724476929367136,3,0,-1.0,0.2738456489188533,0.2738456489188533,1,0,0.1728416680612928,0.10701309235466065,0.17661825347198448,0.33724476929367136,0,VOLATILE,1.0,782848724872568.8,36475989893889.805,2017-08-29,244.85,0.008372472942618003,0.021237492342250475
418,-1,-0.0259083363212394,1,0.33391314515030396,3,2,-1.0,0.2523255824728999,0.2523255824728999,1,0,0.17403544920628203,0.02262034392982038,0.1488852643787008,0.33391314515030396,0,VOLATILE,1.0,788255696800196.2,5407019363382.571,2017-08-30,246.01,0.0034957928539491867,0.01764155928620781
419,1,0.03519567446919869,1,0.3353288007683721,3,2,-1.0,0.2660011904961451,0.2660011904961451,1,0,0.16992692938031087,0.07907413555651252,0.16633368831227446,0.3353288007683721,0,VOLATILE,1.0,769647050268651.5,18608677409554.836,2017-08-31,247.49,-0.0036769162390399845,0.01511172168572461
420,1,0.02850089228832281,0,0.3354987187806249,3,0,-1.0,0.3081776908077132,0.3081776908077132,1,0,0.17438532367209125,0.23290505594230182,0.2190967932047977,0.3354987187806249,0,VOLATILE,1.0,789840377059860.9,20193243221335.73,2017-09-01,247.84,0.005527759845061375,0.018076178179470492
421,-1,-0.04840015635484046,1,0.33352100304065,3,2,-1.0,0.30195403476444077,0.30195403476444077,1,0,0.17399892225884625,0.20846946038829425,0.21082279421571348,0.33352100304065,0,VOLATILE,1.0,788090255940105.5,1750108762328.1714,2017-09-05,246.06,0.01621555718117529,0.027635536048118414
422,-1,-0.008508085973476742,0,0.3400694461962162,3,0,-1.0,0.2872222927476916,0.2872222927476916,1,0,0.1601297366170652,0.17200594583394063,0.1940452274836686,0.3400694461962162,0,VOLATILE,1.0,725272797531644.8,62817437688378.52,2017-09-06,246.9,0.013244228432563787,0.025354394491696963
423,-1,0.0030476192350768483,0,0.3338978047892591,3,0,-1.0,0.2755381699660193,0.2755381699660193,1,0,0.16129193795400937,0.12239955301050742,0.17789716365483893,0.3338978047892591,0,VOLATILE,1.0,730536735590546.8,5263963242787.987,2017-09-07,246.87,0.013043302142828228,0.03155506946976128
424,-1,-0.017392103008552262,0,0.33398010663225647,3,0,-1.0,0.24646194417579476,0.24646194417579476,1,0,0.16262358500792734,0.012093785625495413,0.14157245687780756,0.33398010663225647,0,VOLATILE,1.0,736568141152834.6,6031466846032.774,2017-09-08,246.58,0.0105848000648876,0.03159218103658046
425,-1,0.02061187298091599,0,0.34562529436823436,3,0,-1.0,0.23799759136648618,0.23799759136648618,1,0,0.13731530497253364,0.014394633427965313,0.13390331280016632,0.34562529436823436,0,VOLATILE,1.0,621939793852923.4,114628349033839.45,2017-09-11,249.21,0.0020464668351991566,0.019020103527145782
426,1,0.02194170636249898,1,0.33343484357823655,3,2,-1.0,0.2514749449196766,0.2514749449196766,1,0,0.13710630739862018,0.05600086873384449,0.14770239204415486,0.33343484357823655,0,VOLATILE,1.0,620993184820073.8,946631033912.1654,2017-09-12,250.05,-0.00031993601279745043,0.018276344731053662
427,0,-0.012865579003517258,0,0.3341816874730916,3,1,-1.0,0.25208671946934974,0.25208671946934974,1,0,0.13885300909376305,0.05710845452111722,0.14865382120496007,0.3341816874730916,0,VOLATILE,1.0,628904490063265.8,7911303506446.75,2017-09-13,250.17,-0.000439701003317694,0.019386816964464204
428,1,0.0036594185243701838,0,0.3338621171810395,3,1,-1.0,0.2563579125433931,0.2563579125433931,1,0,0.13776428155631312,0.07397447836719051,0.15391291997450118,0.3338621171810395,0,VOLATILE,1.0,623973335591162.0,4931159420878.285,2017-09-14,250.09,-0.0027989923627494973,0.01819345035787112
429,1,0.012143708561018152,0,0.3355778051431263,3,0,-1.0,0.27277281417845456,0.27277281417845456,1,0,0.14238549863649091,0.13219590839005854,0.17486046900884983,0.3355778051431263,0,VOLATILE,1.0,644904132771929.8,20930760948481.312,2017-09-15,249.19,0.001003250531722788,0.023114892250892805
430,-1,-0.03450587098767427,1,0.34791810376963755,3,2,-1.0,0.2546818448258418,0.2546818448258418,1,0,0.1123564803133192,0.10363901561081572,0.15533183197471162,0.34791810376963755,0,VOLATILE,1.0,508894228637392.3,136009880881025.88,2017-09-18,249.72,-0.003163543168348548,0.022304981579368777
431,1,0.02439607954122547,1,0.35639692649814336,3,2,-1.0,0.26098695501445446,0.26098695501445446,1,0,0.06487018046865296,0.18112859570915882,0.1653329253926039,0.35639692649814336,0,VOLATILE,1.0,293815366582377.7,215078912125074.25,2017-09-19,249.97,-0.0035604272512701485,0.022002640316838074
432,-1,-0.04262216868081037,1,0.33504998744899894,3,2,-1.0,0.2246698965222568,0.2246698965222568,1,0,0.06840463099675423,0.025394971548458007,0.11459986751507073,0.33504998744899894,0,VOLATILE,1.0,309823891147577.1,16008611366581.615,2017-09-20,250.06,-3.999040230340256e-05,0.022634567703751163
433,1,0.04787576807883373,1,0.3334519597691633,3,2,-1.0,0.23622860610889287,0.23622860610889287,1,0,0.06864887971852536,0.0672973630166953,0.12864874757840689,0.3334519597691633,0,VOLATILE,1.0,310930162583944.44,1106247607875.7231,2017-09-21,249.39,0.0038493925177434107,0.025662616784955405
434,-1,-0.016821410480852145,1,0.33365622468082634,3,2,-1.0,0.2309659052146768,0.2309659052146768,1,0,0.06931368788601801,0.04705062517963978,0.12212143768855259,0.33365622468082634,0,VOLATILE,1.0,313941266515329.4,3011114497951.0103,2017-09-22,249.44,0.007176074406670896,0.03074887748556776
435,-1,-0.004423115385915916,0,0.33340072415531435,3,0,-1.0,0.22128008893454482,0.22128008893454482,1,0,0.06917493055016188,0.010675946070866894,0.10995029220700958,0.33340072415531435,0,VOLATILE,1.0,313312795356377.3,628451281434.2096,2017-09-25,248.93,0.013618286265214996,0.028843449965853862
436,1,0.014138328496809738,1,0.33359885457006755,3,2,-1.0,0.22573260115122257,0.22573260115122257,1,0,0.06972162199086622,0.02697477325376906,0.11556546508154508,0.33359885457006755,0,VOLATILE,1.0,315788915276154.8,2476111087063.3706,2017-09-26,249.08,0.01517584711739195,0.030030512285209587
437,1,0.0042658014482880036,0,0.3357885002654487,3,0,-1.0,0.23445091481618832,0.23445091481618832,1,0,0.0646666105391521,0.06636569522064052,0.12701076858659754,0.3357885002654487,0,VOLATILE,1.0,292893340883831.2,22895592593548.5,2017-09-27,250.05,0.01243751249750047,0.020955808838232226
438,1,0.019142879361375875,0,0.33356425873013545,3,0,-1.0,0.26231210784252995,0.26231210784252995,1,0,0.0651420822602975,0.1687015161967915,0.1612811994856963,0.33356425873013545,0,VOLATILE,1.0,295046886581386.3,2153488520688.7007,2017-09-28,250.35,0.01721589774315957,0.021050529259037498
439,1,-0.015729974981644274,0,0.33560104848774186,3,0,-1.0,0.2744433258872273,0.2744433258872273,1,0,0.06981115286579159,0.21105210557711737,0.17695441948096963,0.33560104848774186,0,VOLATILE,1.0,316194425892074.1,21147516127882.41,2017-09-29,251.23,0.012498507343868148,0.025793097958046296
440,-1,-0.01918748494858369,1,0.33917998257258497,3,2,-1.0,0.267387058983341,0.267387058983341,1,0,0.05777331351288481,0.19931314460408256,0.16902881937232245,0.33917998257258497,0,VOLATILE,1.0,261671651995318.8,54522768805764.36,2017-10-02,252.32,0.006460050729232725,0.017557070386810425
441,-1,-0.015171571855759347,0,0.3334527091008102,3,0,-1.0,0.24515922022369527,0.24515922022369527,1,0,0.05801908936106035,0.11141751830340456,0.13981220255482163,0.3334527091008102,0,VOLATILE,1.0,262784840218429.84,1113235479812.63,2017-10-03,252.86,0.006960373329114811,0.016965909989717476
442,-1,0.002686727523738941,0,0.3374329295867783,3,0,-1.0,0.22561810898778853,0.22561810898778853,1,0,0.04957830234369976,0.04956430355059086,0.1163808686314302,0.3374329295867783,0,VOLATILE,1.0,224554132151446.78,38230673600690.89,2017-10-04,253.16,0.007347132248380461,0.01710380786854171
443,1,0.0215932784351692,1,0.3334587497657998,3,2,-1.0,0.227670276187051,0.227670276187051,1,0,0.04983652655796897,0.0540210714678221,0.11795253267526368,0.3334587497657998,0,VOLATILE,1.0,225723702539995.6,1169567537232.8604,2017-10-05,254.66,-7.853608733221495e-05,0.011505536794156779
444,-1,-0.008179491321242321,1,0.33346291648109994,3,2,-1.0,0.22154295206507113,0.22154295206507113,1,0,0.049569721315918,0.03131353628892376,0.11029441920161391,0.33346291648109994,0,VOLATILE,1.0,224515266253354.06,1208424127681.568,2017-10-06,254.37,0.0022801430986358895,0.016039627314541782
445,1,0.03884237133554286,1,0.3349021003898218,3,2,-1.0,0.25425799927863413,0.25425799927863413,1,0,0.052799715670153693,0.15184435691709056,0.1515480241957481,0.3349021003898218,0,VOLATILE,1.0,239144822829158.0,14629494609799.945,2017-10-09,253.95,0.005276629257727983,0.01929513683796036
446,1,-0.024418578459108053,0,0.3369505271886091,3,0,-1.0,0.2625544680330891,0.2625544680330891,1,0,0.06024726652074135,0.17704488399479948,0.1624307168385136,0.3369505271886091,0,VOLATILE,1.0,272876883808450.5,33732043128702.336,2017-10-10,254.62,0.0033383080669231457,0.015906056083575537
447,-1,-0.04918621250353583,1,0.33509298552075417,3,2,-1.0,0.22166472428400819,0.22166472428400819,1,0,0.06387024698995475,0.018692208215641548,0.11085415173519876,0.33509298552075417,0,VOLATILE,1.0,289286385477666.9,16409588717790.963,2017-10-11,255.02,0.0027448827542937426,0.01603795780723072
448,0,0.04138457370642648,0,0.33429332482121626,3,1,-1.0,0.22215955424135378,0.22215955424135378,1,0,0.0658468017133348,0.01797152030765403,0.11127277400699627,0.33429332482121626,0,VOLATILE,1.0,298238759995889.06,8952374566605.951,2017-10-12,254.64,0.0045161797046811,0.013862708136977764
449,-1,-0.004716992798319358,0,0.3393278618057898,3,1,-1.0,0.21793739140038002,0.21793739140038002,1,0,0.05350449038164057,0.0182566237241268,0.10725370470192244,0.3393278618057898,0,VOLATILE,1.0,242336946524783.75,55901812581653.54,2017-10-13,254.95,0.008472249460678594,0.012316140419690091
450,1,0.011070209656465185,1,0.3410194356061901,3,2,-1.0,0.22478543821587144,0.22478543821587144,1,0,0.03767935325232775,0.061030616761832676,0.1162366566713868,0.3410194356061901,0,VOLATILE,1.0,170660431471580.1,71676538148894.78,2017-10-16,255.29,0.0032120333738101525,0.011908026166320695
451,-1,-0.008137197260745022,1,0.3345390771216052,3,2,-1.0,0.22349628777061784,0.22349628777061784,1,0,0.04016189340604983,0.04885349357497096,0.11300512899367358,0.3345390771216052,0,VOLATILE,1.0,181904556893333.72,11244130974299.318,2017-10-17,255.47,0.004266645790112378,0.00884643989509537
452,0,0.0007807659725878879,0,0.3360568713115481,3,1,-1.0,0.22298790329795212,0.22298790329795212,1,0,0.04576946507370481,0.04247782577727683,0.1127490969503272,0.3360568713115481,0,VOLATILE,1.0,207302832545814.2,25398279500504.133,2017-10-18,255.72,-0.0016815266697951525,0.002815579540121904
453,0,0.0002932127064945722,0,0.3342518008630177,3,0,-1.0,0.22277273153178098,0.22277273153178098,1,0,0.04766052454725865,0.038426069344183474,0.1120288646304807,0.3342518008630177,0,VOLATILE,1.0,215867974933845.5,8565144021362.808,2017-10-19,255.79,-0.0006646076859924133,0.011063763243285507
454,1,0.004073313514840832,0,0.3333872833716666,3,1,-1.0,0.22663087328045067,0.22663087328045067,1,0,0.04777160525077991,0.0521346320796602,0.11663541244348002,0.3333872833716666,0,VOLATILE,1.0,216371090809114.25,503109618302.8302,2017-10-20,257.11,0.0023336315195829904,0.002917039399478849
455,1,0.023744063997041515,0,0.33911947042127644,3,0,-1.0,0.2542330790261619,0.2542330790261619,1,0,0.05968486482868682,0.14802878433537758,0.15257121638802146,0.33911947042127644,0,VOLATILE,1.0,270329607723757.0,53958464381002.95,2017-10-23,256.11,0.0024989262426300396,0.008551013236499871
456,-1,-0.03976639227360712,1,0.3335822305794628,3,2,-1.0,0.24206889249826596,0.24206889249826596,1,0,0.06019732089700289,0.0977476989060915,0.1359816732676981,0.3335822305794628,0,VOLATILE,1.0,272650665973971.2,2321084513844.7583,2017-10-24,256.56,0.002299657000311761,0.013369192391643248
457,-1,0.006158191494500365,0,0.3337350531281256,3,0,-1.0,0.2360628974648704,0.2360628974648704,1,0,0.061024429906966174,0.0745127254323921,0.1285123851131194,0.3337350531281256,0,VOLATILE,1.0,276396876254415.56,3746227043879.397,2017-10-25,255.29,0.00861765051510055,0.017509499001135964
458,1,0.04225164947358728,1,0.34158412143862604,3,2,-1.0,0.27230855190506215,0.27230855190506215,1,0,0.07801223602756702,0.1993329246953855,0.17578172024098415,0.34158412143862604,0,VOLATILE,1.0,353339447505109.4,76942500554010.1,2017-10-26,255.62,0.007706752210312029,0.018543149988263785
459,-1,-0.04731381140071739,1,0.3339741642347213,3,2,-1.0,0.2612403949445365,0.2612403949445365,1,0,0.07669280514863983,0.1534392990694131,0.16004403473935097,0.3339741642347213,0,VOLATILE,1.0,347363372449183.9,5976051179092.135,2017-10-27,257.71,0.0028714446470838872,0.00977843312250215
460,-1,0.0020735120111737837,0,0.33333752181371457,3,0,-1.0,0.2522457499951846,0.2522457499951846,1,0,0.07668417677319624,0.11924052706903207,0.14864156794740943,0.33333752181371457,0,VOLATILE,1.0,347324292100159.8,39059560122.51349,2017-10-30,256.75,0.008179162609542434,0.02383641674780912
461,1,0.010668799327550216,1,0.33351260168725794,3,2,-1.0,0.25391990437338297,0.25391990437338297,1,0,0.07705327893749248,0.12528081372813707,0.1507780308885432,0.33351260168725794,0,VOLATILE,1.0,348996060036144.75,1671762169278.3123,2017-10-31,257.15,0.005910946918141313,0.021621621621621623
462,-1,-0.026246129952651576,1,0.3335883225505406,3,2,-1.0,0.22934792879892973,0.22934792879892973,1,0,0.07652826299723937,0.03371771191165254,0.12008199163629729,0.3335883225505406,0,VOLATILE,1.0,346618114579039.1,2377895024798.031,2017-11-01,257.49,0.0062915064662705245,0.02920501767058914
463,-1,0.022721470299122137,0,0.3334200304217679,3,0,-1.0,0.22749742352359864,0.22749742352359864,1,0,0.07670676537019908,0.026473595659621676,0.11772678700994024,0.3334200304217679,0,VOLATILE,1.0,347426602234971.0,808491345284.6797,2017-11-02,257.59,0.0022516402034242766,0.026670289995729624
464,-1,-0.003646296760202117,0,0.3333720881114827,3,0,-1.0,0.22200062148806543,0.22200062148806543,1,0,0.07662696951941105,0.005904427144446339,0.11084379888795245,0.3333720881114827,0,VOLATILE,1.0,347065184292525.6,361406631848.83673,2017-11-03,258.45,-0.0013929193267556705,0.02201586380344356
465,1,0.010381276644426118,1,0.33589515980312606,3,2,-1.0,0.22688509609695834,0.22688509609695834,1,0,0.07135235247451097,0.0313881277414275,0.11758016007197948,0.33589515980312606,0,VOLATILE,1.0,323174954152378.9,23890243217476.875,2017-11-06,258.85,-0.002008885454896858,0.016766467065868262
466,1,-0.000838424827852513,0,0.335689318166073,3,0,-1.0,0.23093114587799873,0.23093114587799873,1,0,0.06650154848872435,0.05125723717832566,0.12258626188901667,0.335689318166073,0,VOLATILE,1.0,301204293041117.25,21970672617568.18,2017-11-07,258.67,-0.0036339737889975465,0.017667298101828655
467,-1,-0.007054324928967626,1,0.33473040091634515,3,2,-1.0,0.2279228707300715,0.2279228707300715,1,0,0.06362508381382641,0.04213348211120064,0.11858618864167568,0.33473040091634515,0,VOLATILE,1.0,288175972219275.3,13028315829723.43,2017-11-08,259.11,-0.010304503878661664,0.019142449152869334
468,1,0.022994979492271,1,0.3336528062362093,3,2,-1.0,0.24790957507441527,0.24790957507441527,1,0,0.06296731958679273,0.11693319161942149,0.14330017040207138,0.3336528062362093,0,VOLATILE,1.0,285196772283427.06,2979235885449.2266,2017-11-09,258.17,0.0017430375334082093,0.028430878878258348
469,1,0.012000584431074324,0,0.33852121727792733,3,0,-1.0,0.27989686384983337,0.27989686384983337,1,0,0.07364882105308516,0.22985533134223546,0.18450138413177353,0.33852121727792733,0,VOLATILE,1.0,333576308863959.2,48379470928965.87,2017-11-10,258.09,-0.0008911619977525209,0.03184935487620599
470,-1,-0.06291170102982765,1,0.3336078528346641,3,2,-1.0,0.24897245159542378,0.24897245159542378,1,0,0.073083590665456,0.11076899244338126,0.14461752770294573,0.3336078528346641,0,VOLATILE,1.0,331016220818188.9,2560024159350.3936,2017-11-13,258.33,-0.00011613053071646284,0.032710099485154576
471,-1,0.014863868922246892,0,0.3357198340229908,3,0,-1.0,0.23291190826326108,0.23291190826326108,1,0,0.0681699475533179,0.05703958395115428,0.12506984383482406,0.3357198340229908,0,VOLATILE,1.0,308760943558008.1,22255247413071.637,2017-11-14,257.73,0.008768866643386497,0.034997865983781296
472,-1,0.006692906137654192,0,0.33887431964943454,3,0,-1.0,0.22354427106875258,0.22354427106875258,1,0,0.0567614452636309,0.035685310981267114,0.11414891874829933,0.33887431964943454,0,VOLATILE,1.0,257088614944400.3,51672317511450.32,2017-11-15,256.44,0.012946498206207968,0.03595382935579483
473,1,0.025032008516281595,1,0.3353439332641763,3,2,-1.0,0.23920864239052567,0.23920864239052567,1,0,0.05262176906151883,0.0959185898510846,0.13284678630420113,0.3353439332641763,0,VOLATILE,1.0,238338852386800.3,18749795088488.402,2017-11-16,258.62,0.006728017941381115,0.030508081354883476
474,-1,-0.02420979653360486,1,0.3334499039684623,3,2,-1.0,0.2306632171786939,0.2306632171786939,1,0,0.05238175437995241,0.06269273801649648,0.12169149746548295,0.3334499039684623,0,VOLATILE,1.0,237251758114206.66,1087076294231.8655,2017-11-17,257.86,0.009191033894361267,0.0400992786783525
475,1,0.012743345348863927,1,0.33563057912422223,3,2,-1.0,0.23486113731572605,0.23486113731572605,1,0,0.04765188951393595,0.08480030976320338,0.1274840664257131,0.33563057912422223,0,VOLATILE,1.0,215828864429406.78,21422903276934.48,2017-11-20,258.3,0.017692605497483527,0.0343399148277197
476,1,0.011901937711515626,0,0.3349937950679282,3,0,-1.0,0.25096099516427384,0.25096099516427384,1,0,0.05107067030581912,0.14127840786115392,0.14744969272232433,0.3349937950679282,0,VOLATILE,1.0,231313488094317.66,15484590841936.969,2017-11-21,259.99,0.010461940843878414,0.027077964537097543
477,-1,-0.020433305970384008,1,0.33339641538150944,3,2,-1.0,0.24662754704243764,0.24662754704243764,1,0,0.05120054955787441,0.12370006338739892,0.14163353764842443,0.33339641538150944,0,VOLATILE,1.0,231901747904578.4,588269928254.1888,2017-11-22,259.76,0.020210963966738493,0.030104712041884696
478,-1,-0.01763343088952557,0,0.3398488493356262,3,0,-1.0,0.22466066803107587,0.22466066803107587,1,0,0.037785554081250707,0.05957858803700345,0.11578804737275138,0.3398488493356262,0,VOLATILE,1.0,171141445016724.0,60760267651825.54,2017-11-24,260.36,0.01574742664003681,0.027461975725917798
479,1,0.03878044161719085,1,0.3390349861659872,3,2,-1.0,0.24147423063690496,0.24147423063690496,1,0,0.049524861047694865,0.1102797434651891,0.136601534837628,0.3390349861659872,0,VOLATILE,1.0,224312081430100.28,53170608751160.016,2017-11-27,260.23,0.015025170041885971,0.02674557122545429
480,-1,-0.024837223008911002,1,0.3366511745305997,3,2,-1.0,0.23345057023382304,0.23345057023382304,1,0,0.042693657471936125,0.08523436180284993,0.12597600642492868,0.3366511745305997,0,VOLATILE,1.0,193371631314036.62,30940438040703.535,2017-11-28,262.87,0.0012173317609465162,0.0169285198006619
481,1,0.04496282156637424,1,0.3413452105164339,3,2,-1.0,0.27038973139711536,0.27038973139711536,1,0,0.05918956230105887,0.21078083832544917,0.17332346687550265,0.3413452105164339,0,VOLATILE,1.0,268086242703453.0,74714543233019.78,2017-11-29,262.71,0.002017433672109936,0.019641429713372238
482,-1,-0.04351229037868215,1,0.3347084269857376,3,2,-1.0,0.26381660218172553,0.26381660218172553,1,0,0.06202077834287898,0.17832280007789494,0.1634478594735913,0.3347084269857376,0,VOLATILE,1.0,280909619687940.66,12823398536203.02,2017-11-30,265.01,-0.003547035960907108,0.006980868646466298
483,-1,-0.00026040816567274305,0,0.3549220665734505,3,0,-1.0,0.25698306480066296,0.25698306480066296,1,0,0.1064704503171173,0.1234075926154568,0.15995934764419134,0.3549220665734505,0,VOLATILE,1.0,482234736578716.3,201325145924246.06,2017-12-01,264.46,0.003970354685018496,0.016297360659456972
484,1,0.0677646334134745,1,0.3821224053715614,3,2,-1.0,0.3179141608330749,0.3179141608330749,1,0,0.20692372441908646,0.2718461827336155,0.24292330238423399,0.3821224053715614,0,VOLATILE,1.0,937215982837657.2,454981167183643.6,2017-12-04,264.14,0.008215340349814637,0.023964564246233167
485,-1,-0.062202316574768046,1,0.33517525690985744,3,2,-1.0,0.31664294029071877,0.31664294029071877,1,0,0.21071611096602677,0.22807635780656174,0.2295974895908628,0.33517525690985744,0,VOLATILE,1.0,954392772472916.4,17176808324072.848,2017-12-05,263.19,0.013640335879022691,0.03199209696417049
486,-1,-0.04675360873621853,0,0.3362435168275421,3,0,-1.0,0.2686181110121441,0.2686181110121441,1,0,0.20472422760231043,0.05477632631388664,0.1698335179720657,0.3362435168275421,0,VOLATILE,1.0,927253840619938.2,27138837194448.46,2017-12-06,263.24,0.013333839841969342,0.03867193435648075
487,-1,0.0355448134459202,0,0.3348852934678273,3,0,-1.0,0.25613809517948966,0.25613809517948966,1,0,0.2015288457899869,0.01015298123396976,0.15389394234131887,0.3348852934678273,0,VOLATILE,1.0,912781054020983.4,14472762114870.434,2017-12-07,264.07,0.006021130760783144,0.037300715719317035
488,-1,0.00915007595268258,0,0.3367329627485327,3,0,-1.0,0.2528081552995178,0.2528081552995178,1,0,0.19452924822121917,0.006051056213372115,0.1501934348115304,0.3367329627485327,0,VOLATILE,1.0,881077899956375.8,31703151847350.668,2017-12-08,265.51,0.0037663364845015312,0.03401001845504892
489,1,0.005143450416887407,1,0.33530413952628974,3,2,-1.0,0.2546216658364333,0.2546216658364333,1,0,0.19047149833491114,0.01583785319643098,0.15210311717711403,0.33530413952628974,0,VOLATILE,1.0,862699204818918.6,18378699665807.87,2017-12-11,266.31,0.007096992227103804,0.029326724494010747
490,0,-0.001133418185498225,0,0.3344439722612217,3,1,-1.0,0.2553017581878506,0.2553017581878506,1,0,0.18818477183330723,0.020029800567048707,0.15273819080011863,0.3344439722612217,0,VOLATILE,1.0,852341974725084.4,10357233179887.28,2017-12-12,266.78,0.0014618787015518997,0.03501012069870324
491,1,0.0008723641956167594,0,0.3369912626992348,3,1,-1.0,0.2568542147348847,0.2568542147348847,1,0,0.1806533548833612,0.035293397396882434,0.15531558409341456,0.3369912626992348,0,VOLATILE,1.0,818230060498139.5,34111921027502.996,2017-12-13,266.75,0.0010496719775068275,0.041874414245548275
492,1,0.008526357659142614,0,0.3345503005858117,3,0,-1.0,0.26693302894106136,0.26693302894106136,1,0,0.18315900898815962,0.06875257498017928,0.16730386132277963,0.3345503005858117,0,VOLATILE,1.0,829578875531662.4,11348795085158.422,2017-12-14,265.66,0.007227282993299555,0.04257321388240598
493,1,-0.0008411893564959083,0,0.33542444102882224,3,0,-1.0,0.2761706537907421,0.2761706537907421,1,0,0.18746445455549923,0.0997438279314005,0.17906942749563326,0.33542444102882224,0,VOLATILE,1.0,849079454357393.2,19500568062757.66,2017-12-15,266.51,0.0037522044200968274,0.049153877903268306
494,1,0.04557577627558096,0,0.35216682420321704,3,0,-1.0,0.33098405491600386,0.33098405491600386,1,0,0.2262413054885581,0.2790740185988692,0.2517717746958091,0.35216682420321704,0,VOLATILE,1.0,1024710762756672.8,175631207976412.25,2017-12-18,268.2,-0.003765846383296023,0.040790454884414684
495,-1,-0.0671289322277197,1,0.33382006614814796,3,2,-1.0,0.3186685238135459,0.3186685238135459,1,0,0.2252391507416298,0.22013286317027808,0.2317906713039693,0.33382006614814796,0,VOLATILE,1.0,1020171720900865.2,4539013654890.58,2017-12-19,267.17,0.0005614402814686503,0.04955646217763965
496,-1,-0.04927875742845361,0,0.3411616628422807,3,0,-1.0,0.2570742352826343,0.2570742352826343,1,0,0.2091211472771,0.010778482164489133,0.15663320981386303,0.3411616628422807,0,VOLATILE,1.0,947168731510458.2,73002874379088.36,2017-12-20,267.03,0.0031457139647230736,0.058645096056622936
497,1,0.0641468161808515,1,0.3345185142507744,3,2,-1.0,0.2596267629325742,0.2596267629325742,1,0,0.2066809443000512,0.017808302385182898,0.15816308222841136,0.3345185142507744,0,VOLATILE,1.0,936116363117812.0,11052372480432.113,2017-12-21,267.58,-0.0026907840645786774,0.05871141340907404
498,1,0.0027321327818105035,0,0.34094394418595847,3,0,-1.0,0.2649114233643246,0.2649114233643246,1,0,0.1910112383054403,0.05811455745024577,0.16637526525189533,0.34094394418595847,0,VOLATILE,1.0,865143839567188.2,70972544958320.98,2017-12-22,267.51,0.004710104295166495,0.05857724944861875
499,0,-0.00508792691074561,0,0.3534203527858514,3,1,-1.0,0.2651081568853294,0.2651081568853294,1,0,0.1496534883249527,0.1095673645844211,0.1697402843031246,0.3534203527858514,0,VOLATILE,1.0,677822910540156.4,187320954753685.38,2017-12-26,267.19,0.012275908529510993,0.06029417268610349
500,1,0.014541631128257515,0,0.33653382730178605,3,1,-1.0,0.2798465215345917,0.2798465215345917,1,0,0.15624308456190347,0.14558174166915497,0.18394160874368615,0.33653382730178605,0,VOLATILE,1.0,707669052789215.4,29846119643141.965,2017-12-27,267.32,0.016048181954212204,0.07204848122100849
501,-1,-0.03246445180055357,1,0.3384804494646768,3,2,-1.0,0.26212043438330046,0.26212043438330046,1,0,0.16684062425110843,0.06997134178477593,0.16227065534529478,0.3384804494646768,0,VOLATILE,1.0,755668302770640.8,47999291792914.484,2017-12-28,267.87,0.02071900548773664,0.06275432112591939
502,1,0.04307203173093482,1,0.34266125383847174,3,2,-1.0,0.287466378962944,0.287466378962944,1,0,0.18604616287204898,0.1489486986178448,0.19499828716329792,0.34266125383847174,0,VOLATILE,1.0,842655610799642.8,86987269515984.47,2017-12-29,266.86,0.026455819530840197,0.05583451997301947
503,1,-0.015565436815963118,0,0.34201592421745136,3,0,-1.0,0.29724688672662447,0.29724688672662447,1,0,0.1681693286293679,0.20301843975856243,0.20706258946264344,0.34201592421745136,0,VOLATILE,1.0,761686380123864.2,80969265649053.61,2018-01-02,268.77,0.021468169810618942,0.04885217844253442
504,-1,-0.07741818863192812,1,0.3680982010846431,3,2,-1.0,0.2296092058583768,0.2296092058583768,1,0,0.09659089937513474,0.04051727340726054,0.12903605759413175,0.3680982010846431,0,VOLATILE,1.0,437487460392386.4,324198830715256.0,2018-01-03,270.47,0.013495027174917684,0.04107664435981784
505,1,0.07180344802021768,1,0.3337710001546237,3,2,-1.0,0.2337749730103468,0.2337749730103468,1,0,0.09568977298037697,0.031294625924391375,0.12566146630158942,0.3337710001546237,0,VOLATILE,1.0,433406004473811.4,4081450063904.319,2018-01-04,271.61,0.016604690548948753,0.014137918338794409
506,1,-0.0018583207257165668,0,0.3334020734791018,3,0,-1.0,0.23608241943660024,0.23608241943660024,1,0,0.09554824308334063,0.03981238491323651,0.12845354266552572,0.3334020734791018,0,VOLATILE,1.0,432764975602307.1,641034363793.7277,2018-01-05,273.42,0.016458196181698526,-0.034708507058737514
507,1,0.004163496045574533,0,0.33352036765557164,3,0,-1.0,0.24255336190842822,0.24255336190842822,1,0,0.09516315486889299,0.06455222802939153,0.13657179429942817,0.33352036765557164,0,VOLATILE,1.0,431020802330750.4,1744183496023.6633,2018-01-08,273.92,0.01113463785046731,-0.017486857476635587
508,1,0.002895940489384685,0,0.33641099232931787,3,0,-1.0,0.2519202448696409,0.2519202448696409,1,0,0.10149984207018801,0.0955093204379537,0.14900305416938056,0.33641099232931787,0,VOLATILE,1.0,459721448136199.3,28700625441064.56,2018-01-09,274.54,0.01846725431631091,-0.025023675967072223
509,-1,-0.026245768556396404,1,0.3361913892729863,3,2,-1.0,0.23504135927445713,0.23504135927445713,1,0,0.10738436877017615,0.026164270463777853,0.127849546411318,0.3361913892729863,0,VOLATILE,1.0,486374131341794.6,26652723099151.68,2018-01-10,274.12,0.018313147526630713,-0.06015613599883263
510,1,0.026284408103278062,1,0.33384958187673935,3,2,-1.0,0.24444688178255145,0.24444688178255145,1,0,0.10844729237705607,0.05861570071506647,0.13902099769737417,0.33384958187673935,0,VOLATILE,1.0,491188412525356.3,4814261780828.592,2018-01-11,276.12,0.015536723163841915,-0.0529479936259597
511,1,-0.002145271511982405,0,0.33460761974945535,3,0,-1.0,0.25170713277866336,0.25170713277866336,1,0,0.11107096062544461,0.08378650210663455,0.14828582091069303,0.33460761974945535,0,VOLATILE,1.0,503071746942212.6,11883323390106.361,2018-01-12,277.92,0.017163212435233,-0.045264824409902316
512,-1,-0.010655012677067893,1,0.33576418042542194,3,2,-1.0,0.24831237109770737,0.24831237109770737,1,0,0.10606601761213143,0.0769285093233376,0.14433150897848968,0.33576418042542194,0,VOLATILE,1.0,480402946646657.4,22668798585405.82,2018-01-16,276.97,0.022818355778604138,-0.03960717767267219
513,-1,-0.003867167044330211,0,0.3349533656116043,3,0,-1.0,0.24105044237242118,0.24105044237242118,1,0,0.10940154613947865,0.04575263696580413,0.13505139436842759,0.3349533656116043,0,VOLATILE,1.0,495510497295172.7,15107567044222.111,2018-01-17,279.61,0.012767783698723223,-0.03583562819641661
514,-1,-0.004510623534911162,0,0.35068637771574535,3,0,-1.0,0.22927789011222383,0.22927789011222383,1,0,0.07367285248881027,0.04913401871883808,0.1242689570692161,0.35068637771574535,0,VOLATILE,1.0,333685154022798.9,161825344436006.4,2018-01-18,279.14,0.014902916099448493,-0.021888658021064766
515,1,0.036812296624129714,1,0.3361217986930746,3,2,-1.0,0.2543176344761562,0.2543176344761562,1,0,0.07941411458347607,0.1263683637219156,0.1519274927684639,0.3361217986930746,0,VOLATILE,1.0,359688951373183.7,26003758034836.03,2018-01-19,280.41,0.022003494882493424,-0.026033308369887043
516,1,0.013767973103960218,0,0.3539223583812789,3,0,-1.0,0.29312535194404876,0.29312535194404876,1,0,0.12180547863325282,0.24285635994288923,0.20488727952538066,0.3539223583812789,0,VOLATILE,1.0,551691410411060.0,192002394309685.88,2018-01-22,282.69,0.007039513247727225,-0.03993774098836189
517,-1,-0.048173687936415466,1,0.3338579869297626,3,2,-1.0,0.2837593814755259,0.2837593814755259,1,0,0.1228856978423722,0.19160547288817195,0.18816372357684805,0.3338579869297626,0,VOLATILE,1.0,556584028261415.9,4892642874688.058,2018-01-23,283.29,-0.005400826008683746,-0.04673655970913204
518,-1,-0.021814176902387516,0,0.33341834572580803,3,0,-1.0,0.25257923410461547,0.25257923410461547,1,0,0.12306071751685495,0.07417516966980914,0.14907862906222136,0.33341834572580803,0,VOLATILE,1.0,557376741792436.9,792780758832.9716,2018-01-24,283.18,-0.004520093226922928,-0.0451303058125575
519,1,0.07897276642501666,1,0.34706023240363204,3,2,-1.0,0.3003718531587217,0.3003718531587217,1,0,0.15132345351735058,0.23536617013057984,0.21222987454931014,0.34706023240363204,0,VOLATILE,1.0,685386654492145.1,128009824739503.48,2018-01-25,283.3,-0.006071302506177267,-0.030321214260501383
520,-1,-0.05408288375411252,1,0.3423694979387999,3,2,-1.0,0.29408158845871546,0.29408158845871546,1,0,0.13271862775105722,0.22686445242322564,0.20319436005809427,0.3423694979387999,0,VOLATILE,1.0,601120144622232.6,84266507791690.69,2018-01-26,286.58,-0.03883732291157793,-0.03028822667318032
521,-1,-0.023235996696294947,0,0.3364536951559153,3,0,-1.0,0.26455532706241425,0.26455532706241425,1,0,0.12629400976336622,0.11812873808762347,0.16480758261699657,0.3364536951559153,0,VOLATILE,1.0,572021235453676.6,29098849491566.86,2018-01-29,284.68,-0.0728888576647464,-0.03600533932836869
522,0,0.02943695481169306,0,0.3445895175219035,3,1,-1.0,0.2644660204778061,0.2644660204778061,1,0,0.10311832365292249,0.14707139128027805,0.1667299049777335,0.3445895175219035,0,VOLATILE,1.0,467052008281129.8,104969240163800.6,2018-01-30,281.76,-0.04482538330494035,-0.035881601362862114
523,1,0.012875538618811966,0,0.341369443552912,3,1,-1.0,0.2772522525120099,0.2772522525120099,1,0,0.11966411180230063,0.17605891778242064,0.18190767652824041,0.341369443552912,0,VOLATILE,1.0,541992555314956.3,74940527757024.52,2018-01-31,281.9,-0.05047889322454757,-0.05037247250798149
524,-1,-0.043081230942899174,1,0.33615120870552223,3,2,-1.0,0.24695725360331452,0.24695725360331452,1,0,0.12546590348518932,0.052737204056381916,0.14273436918052373,0.33615120870552223,0,VOLATILE,1.0,568270508263865.8,26278020307744.496,2018-02-01,281.58,-0.08505575680090915,-0.04439235741174796
525,1,0.08915173193319414,1,0.33333518469365053,3,2,-1.0,0.3058139866278133,0.3058139866278133,1,0,0.12546211643527064,0.2713417219392671,0.21560127945817925,0.33333518469365053,0,VOLATILE,1.0,568253355645327.0,17264810393.420586,2018-02-02,275.45,-0.0506444000726084,-0.01183517879832996
526,-1,-0.06069163079082221,1,0.3622284703449777,3,2,-1.0,0.30397908886148983,0.30397908886148983,1,0,0.18495516037487378,0.22663777561444623,0.22053097866310667,0.3622284703449777,0,VOLATILE,1.0,837714152392498.0,269460816003802.47,2018-02-05,263.93,0.00534232561664072,0.03391050657371264
527,1,0.10383179959929834,1,0.5229099703240692,3,2,-1.0,0.4059759906944647,0.4059759906944647,1,0,0.5752800924234548,0.3393123504238397,0.3881974809490982,0.5229099703240692,0,VOLATILE,1.0,2605605996804950.0,1767891783250392.5,2018-02-06,269.13,-0.011630067253743492,0.0135622190019693
528,1,0.06148185825131636,0,0.6144960380282376,3,0,-1.0,0.569454750778756,0.569454750778756,1,0,1.0,0.5963273439415133,0.6154424479805044,0.6144960380282376,0,VOLATILE,1.0,5227581294506072.0,2621975172029601.0,2018-02-07,267.67,0.007173011544065355,0.024022116785594294
529,1,-0.05682110303436477,0,0.3522055257575781,3,0,-1.0,0.6761124078286824,0.6761124078286824,1,0,0.9663339578435588,0.8332417158321836,0.6831918912252475,0.3522055257575781,0,DEGENERATE,1.0,5051589322269007.0,175992118271267.03,2018-02-08,257.63,0.059775647246050445,0.08244381477312435
530,-1,-0.26484799570839046,1,0.3760854773972368,3,2,-1.0,0.5179220691702184,0.5179220691702184,1,0,1.0,0.22427186743624675,0.4914239558120822,0.3760854773972368,0,VOLATILE,1.0,5450272948123178.0,398683959198018.1,2018-02-09,261.5,0.044397705544933164,0.06508604206500945
531,1,0.20518620397452736,1,0.398659074380155,3,2,-1.0,0.5649179344862818,0.5649179344862818,1,0,1.0,0.417436560108673,0.555812186702891,0.398659074380155,0,VOLATILE,1.0,6059466466380210.0,609193425227089.4,2018-02-12,265.34,0.022838622145172183,0.04288836963895393
532,-1,-0.0502647381277469,1,0.35319533172850903,3,2,-1.0,0.5616490616745983,0.5616490616745983,1,0,0.9694325358622543,0.4016479442138711,0.5403601600253751,0.35319533172850903,0,VOLATILE,1.0,5874243942475260.0,185222526990388.28,2018-02-13,266.0,0.015225563909774475,0.03496240601503753
533,-1,-0.015664223260253074,0,0.3493808447475457,3,0,-1.0,0.5427159656026617,0.5427159656026617,1,0,0.9941295253403173,0.30309097923032324,0.5157401681902135,0.3493808447475457,0,VOLATILE,1.0,6023894522038128.0,149650632172515.0,2018-02-14,269.59,0.0030045624837715668,0.02006750992247497
534,-1,-0.017246664543833945,0,0.3361814352411625,3,0,-1.0,0.5065362049868911,0.5065362049868911,1,0,0.989746305601409,0.16190053953030462,0.46721561504390446,0.3361814352411625,0,VOLATILE,1.0,5997334549015437.0,26559897045525.793,2018-02-15,273.03,0.00615316998132065,0.004285243379848369
535,-1,0.026344055480351125,0,0.3386118244604829,3,0,-1.0,0.49670049985147174,0.49670049985147174,1,0,0.9816227445102135,0.13496299827816782,0.45552858092946036,0.3386118244604829,0,VOLATILE,1.0,5948110102995747.0,49224425750858.086,2018-02-16,273.11,0.017538720662004126,-0.009593204203434569
536,1,0.06098020596959408,1,0.33397065105197365,3,2,-1.0,0.5478450006856465,0.5478450006856465,1,0,0.9806419345788948,0.32425480628125963,0.5182989136200514,0.33397065105197365,0,VOLATILE,1.0,5942166918107029.0,5943289088724.649,2018-02-20,271.4,0.011164333087693601,-0.0016580692704494249
537,-1,-0.05852671734605791,1,0.33679798713274894,3,2,-1.0,0.5404627841737633,0.5404627841737633,1,0,0.985974008496907,0.29335992250426685,0.5097779770003913,0.33679798713274894,0,VOLATILE,1.0,5974476441209484.0,32309534977632.39,2018-02-21,270.05,0.005924828735419219,0.0014071468246621421
538,-1,-0.06352108453445049,0,0.3344140254473387,3,0,-1.0,0.46955948312742957,0.46955948312742957,1,0,0.9843108072481593,0.027347773565205635,0.4205528602711216,0.3344140254473387,0,VOLATILE,1.0,5964398329015856.0,10077964979762.068,2018-02-22,270.4,-0.009985207100591698,-0.024889053254437687
539,1,0.08607703584786536,1,0.341354547134418,3,2,-1.0,0.48473321792896124,0.48473321792896124,1,0,0.9966553989089949,0.07711007867542331,0.441255159194806,0.341354547134418,0,VOLATILE,1.0,6039199968225846.0,74801611610639.42,2018-02-23,274.71,-0.020494339485275348,-0.06064577190491782
540,-1,-0.023253934868662007,1,0.33897818305281874,3,2,-1.0,0.4766530178618309,0.4766530178618309,1,0,0.9879680161273197,0.05371443814416034,0.4305608180904933,0.33897818305281874,0,VOLATILE,1.0,5986559063579676.0,52640892860913.4,2018-02-26,277.9,-0.020546959337891302,-0.046023749550197834
541,0,0.008303140598023562,0,0.3460023413859897,3,1,-1.0,0.4768759583927241,0.4768759583927241,1,0,1.0,0.04778660001220764,0.4325955333374025,0.3460023413859897,0,VOLATILE,1.0,6104703550287842.0,118144490765065.8,2018-02-27,274.43,-0.005648070546223072,-0.0503953649382356
542,-1,-0.0026941674305040464,0,0.33889920604121826,3,1,-1.0,0.4744047314931133,0.4744047314931133,1,0,0.9914976383694539,0.041694509260634505,0.42773071587669614,0.33889920604121826,0,VOLATILE,1.0,6052799153056016.0,51904394882626.12,2018-02-28,271.65,0.004159764402724031,-0.0435118718939812
543,1,0.01989101203899829,1,0.3360403672782313,3,2,-1.0,0.49182451663250076,0.49182451663250076,1,0,0.9956328766355651,0.10073933619498632,0.4487907376101838,0.3360403672782313,0,VOLATILE,1.0,6078043556780431.0,25244371585718.594,2018-03-01,267.7,0.023907358983937366,-0.016996638027642952
544,1,0.026745017015623873,0,0.3368600905887661,3,0,-1.0,0.5359893187875121,0.5359893187875121,1,0,0.9902454591989764,0.27235955419576874,0.5042016711315817,0.3368600905887661,0,VOLATILE,1.0,6045154970428406.0,32888679071266.496,2018-03-02,269.08,0.03638323175263869,-0.043147019473762316
545,-1,-0.10694725940711841,1,0.35521494469734344,3,2,-1.0,0.47320686153540503,0.47320686153540503,1,0,0.9568193514232655,0.084117587857511,0.4303123130935921,0.35521494469734344,0,VOLATILE,1.0,5841098491617719.0,204056372920057.0,2018-03-05,272.19,0.023255813953488413,-0.04195598662698852
546,1,0.08041132413529056,1,0.34988103836318357,3,2,-1.0,0.4908357284185885,0.4908357284185885,1,0,0.9820974335726422,0.12094732676945241,0.4510149201140315,0.34988103836318357,0,VOLATILE,1.0,5995413689459487.0,154315174160163.3,2018-03-06,272.88,0.014072119613016909,-0.034154206977425994
547,-1,-0.07926879055037106,1,0.4226349279480418,3,2,-1.0,0.4291958047514009,0.4291958047514009,1,0,0.8456813715081399,0.0807790922706449,0.3921534879262616,0.4226349279480418,0,VOLATILE,1.0,5162634071058033.0,832779596982805.4,2018-03-07,272.78,0.009238213945303997,-0.02617493951169436
548,-1,-0.07174665287999898,0,0.5770975495905302,3,0,-1.0,0.2958092282042143,0.2958092282042143,1,0,0.47331003970989916,0.06879772824880222,0.26403592265290043,0.5770975495905302,0,VOLATILE,1.0,2889417479803901.0,2273216583078375.0,2018-03-08,274.1,0.0032834731849689103,-0.05246260488872667
549,1,0.21033923209145367,1,0.3439593522804018,3,2,-1.0,0.37276188374848135,0.37276188374848135,1,0,0.48954222882049026,0.1662843494466163,0.30194219275570217,0.3439593522804018,0,VOLATILE,1.0,2988510182296270.0,99092651306518.39,2018-03-09,278.87,-0.01674615412199243,-0.06408003729336254
550,-1,-0.10330094589387206,1,0.4171811572880189,3,2,-1.0,0.34641359339887634,0.34641359339887634,1,0,0.36145729362847157,0.25047954958332885,0.28731228107060014,0.4171811572880189,0,VOLATILE,1.0,2206589623691165.5,781920606705128.2,2018-03-12,278.52,-0.02883096366508675,-0.048003734022691424
551,-1,-0.06288405431744531,0,0.48127696983557167,3,0,-1.0,0.257181248731826,0.257181248731826,1,0,0.13546034104417978,0.18992706907684653,0.1917958033736754,0.48127696983557167,0,VOLATILE,1.0,826945224895606.2,1379644367091875.5,2018-03-13,276.72,-0.020851402139346775,-0.04683434518647023
552,-1,0.07748551958360195,0,0.33992847622361405,3,0,-1.0,0.24543442364837764,0.24543442364837764,1,0,0.12538566619532837,0.0499397796537984,0.14177514861637558,0.33992847622361405,0,VOLATILE,1.0,765442321577827.4,61502826034725.84,2018-03-14,275.3,-0.017689792953141992,-0.03403559752996732
553,1,0.0231444906997903,1,0.3364379448021752,3,2,-1.0,0.25683208926471957,0.25683208926471957,1,0,0.1206431024320709,0.0948056909122589,0.15514959778144327,0.3364379448021752,0,VOLATILE,1.0,736490375734803.0,28951969995219.844,2018-03-15,275.0,-0.0411999999999999,-0.03581818181818186
554,1,-0.005358612937076235,0,0.3344910497926534,3,0,-1.0,0.26287114194398525,0.26287114194398525,1,0,0.12241161827449451,0.11422345135994036,0.16221168987814494,0.3344910497926534,0,VOLATILE,1.0,747286640676786.8,10796253421595.537,2018-03-16,274.2,-0.05889861415025521,-0.025054704595185995
555,-1,-0.02401254415085119,1,0.3335658646011111,3,2,-1.0,0.24489765047239978,0.24489765047239978,1,0,0.12205640022221577,0.046484187500116785,0.1395135292407775,0.3335658646011111,0,VOLATILE,1.0,745118139771914.4,2168464026889.763,2018-03-19,270.49,-0.01988982956856078,-0.001109098303079592
556,1,0.03027132013551248,1,0.35123119178628637,3,2,-1.0,0.2571954791363268,0.2571954791363268,1,0,0.09471585048613658,0.13319059011480386,0.15930214686698013,0.35123119178628637,0,VOLATILE,1.0,578212188731250.4,166905993264879.78,2018-03-20,270.95,-0.03819892969182492,-0.002066801992987699
557,1,0.014965646168032393,0,0.3410994301564185,3,0,-1.0,0.2844589539682862,0.2844589539682862,1,0,0.10657925633924382,0.21596639365914336,0.19084854999946238,0.3410994301564185,0,VOLATILE,1.0,650634764561219.8,72422525156041.45,2018-03-21,270.43,-0.03919683467070967,-0.005694634471027693
558,-1,-0.04756436023550742,1,0.3355639481557779,3,2,-1.0,0.26415806856473817,0.26415806856473817,1,0,0.10998670930388676,0.13227900893071498,0.16408857274486724,0.3355639481557779,0,VOLATILE,1.0,671436254771914.4,20801537989035.16,2018-03-22,263.67,-0.0019721621724125837,0.011150301513255245
559,1,0.04024027981872663,1,0.345682565181031,3,2,-1.0,0.2840974629799168,0.2840974629799168,1,0,0.12885125544001105,0.19577615462045025,0.19154247002015376,0.345682565181031,0,VOLATILE,1.0,786598716543681.1,115162426444276.19,2018-03-23,258.05,-0.002247626428986571,0.03301685719821723
560,1,-0.007244957627951132,0,0.3677547956380951,3,0,-1.0,0.29679189976714426,0.29679189976714426,1,0,0.1814330746178887,0.20735264623747365,0.21292857361845408,0.3677547956380951,0,VOLATILE,1.0,1107595134759464.2,320996412543309.7,2018-03-26,265.11,-0.016370563162460994,-0.008034400814756149
561,-1,-0.025364521288455788,1,0.3379616226119893,3,2,-1.0,0.28412181526591596,0.28412181526591596,1,0,0.1885031879771388,0.13042483622903794,0.18964267473539226,0.3379616226119893,0,VOLATILE,1.0,1150756080884615.8,43160986058855.375,2018-03-27,260.6,0.011358403683806584,0.011627014581734318
562,-1,-0.000514616678680635,0,0.3352914561553006,3,0,-1.0,0.270937114086007,0.270937114086007,1,0,0.19149438820184386,0.075988381737158,0.17249425664633394,0.3352914561553006,0,VOLATILE,1.0,1169016471515994.5,18260421233868.715,2018-03-28,259.83,0.0223607743524612,0.02493938344302049
563,1,0.02222073379136269,1,0.33970159888417545,3,2,-1.0,0.27997314669746076,0.27997314669746076,1,0,0.20122247765991105,0.10345302161869846,0.18489183309286983,0.33970159888417545,0,VOLATILE,1.0,1228403573768175.0,59387087563118.55,2018-03-29,263.15,-0.013034391031730763,0.012958388751662664
564,1,0.0051621951335803495,0,0.356614493993162,3,0,-1.0,0.29417137444249486,0.29417137444249486,1,0,0.16565846068850248,0.2049450639657248,0.20686784155140908,0.356614493993162,0,VOLATILE,1.0,1011295793100320.0,217107831895206.88,2018-04-02,257.47,0.013710335184681677,0.02734299141647556
565,1,0.035929210195187855,0,0.3604324801264673,3,0,-1.0,0.3442988123827168,0.3442988123827168,1,0,0.20705481021433017,0.35439009631570845,0.27048163551001286,0.3604324801264673,0,VOLATILE,1.0,1264008235019596.8,252712357963280.72,2018-04-03,260.77,0.0167964106300571,0.016144495148981974
566,-1,-0.07316038807953851,1,0.3338826646194452,3,2,-1.0,0.32126586224340026,0.32126586224340026,1,0,0.20621564940124604,0.2489433324760889,0.2350529939591116,0.3338826646194452,0,VOLATILE,1.0,1258885407024699.5,5122774000084.595,2018-04-04,263.56,0.0007588404917286962,-0.0013659128851115643
567,-1,-0.020159818784197314,0,0.338634396212454,3,0,-1.0,0.2780730933198864,0.2780730933198864,1,0,0.19811779412592026,0.0986321029829942,0.18224996570297147,0.338634396212454,0,VOLATILE,1.0,1209450401175701.2,49434918011279.305,2018-04-05,265.64,0.0010917030567685337,-0.011368769763589803
568,1,0.1094779869984055,1,0.3346916228122978,3,2,-1.0,0.344358311394778,0.344358311394778,1,0,0.20019272241399547,0.3421696624256455,0.26412079494654694,0.3346916228122978,0,VOLATILE,1.0,1222117223262506.5,12666691672846.398,2018-04-06,259.72,0.020907130756198766,0.024256892037578748
569,1,-0.023561289117213058,0,0.3417036162969966,3,0,-1.0,0.3870822403524566,0.3870822403524566,1,0,0.21297908211043604,0.49485703143402365,0.3192787045148199,0.3417036162969966,0,VOLATILE,1.0,1300174158696624.8,78056846612719.17,2018-04-09,261.0,0.02425287356321837,0.022681992337164836
570,-1,-0.10068947763244968,1,0.33415433970381225,3,2,-1.0,0.3291166916776855,0.3291166916776855,1,0,0.21423322214105694,0.2705701264281229,0.24493444952305993,0.33415433970381225,0,VOLATILE,1.0,1307830311794114.2,7656272626235.565,2018-04-10,265.15,0.019008108617763586,0.006675466716952849
571,-1,-0.01254763419293381,0,0.3444390973482324,3,0,-1.0,0.25860350880998056,0.25860350880998056,1,0,0.19726816664644853,0.030824314402152754,0.15936416034953377,0.3444390973482324,0,VOLATILE,1.0,1204263677285348.0,103566500916552.83,2018-04-11,263.76,0.02513648771610555,0.02176220806794049
572,1,0.07555205468712928,1,0.33358920427799277,3,2,-1.0,0.2636423806294049,0.2636423806294049,1,0,0.19765903330937118,0.041191797259391885,0.16295027685625435,0.33358920427799277,0,VOLATILE,1.0,1206649802390181.0,2386117550223.408,2018-04-12,265.93,0.011130748693265025,0.022900763358778553
573,1,0.016538785261529465,0,0.3460351633412964,3,0,-1.0,0.28522003771035875,0.28522003771035875,1,0,0.21706220472977183,0.11203930919004583,0.19303383797327256,0.3460351633412964,0,VOLATILE,1.0,1325100411847144.5,118450571018508.72,2018-04-13,265.15,0.005506317178955555,0.02904016594380554
574,0,-0.0222865030999585,0,0.33393813525190086,3,1,-1.0,0.2845111916913541,0.2845111916913541,1,0,0.21613831539295403,0.10123225488854945,0.18912352342716782,0.33393813525190086,0,VOLATILE,1.0,1319460341332599.8,5640063877607.036,2018-04-16,267.33,-0.002842928216062468,0.02113492686941254
575,-1,-0.0015123210130154607,0,0.34749862307662643,3,1,-1.0,0.28229002465933395,0.28229002465933395,1,0,0.23777704273620806,0.08143451704376402,0.189737186593324,0.34749862307662643,0,VOLATILE,1.0,1451558356968673.2,132098025062828.45,2018-04-17,270.19,-0.026684925422850503,0.0033680002960880806
576,-1,-0.008566483881823461,0,0.34701494378984565,3,0,-1.0,0.27150237374549036,0.27150237374549036,1,0,0.25867690318919906,0.019718206198774187,0.1761317031293244,0.34701494378984565,0,VOLATILE,1.0,1579145809276567.8,127587487000746.92,2018-04-18,270.39,-0.02500092459040637,0.006841969007729709
577,1,0.026584729546783314,1,0.3348038475245984,3,2,-1.0,0.2872994523784301,0.2872994523784301,1,0,0.2609232473802712,0.0675525846822905,0.1928252773541872,0.3348038475245984,0,VOLATILE,1.0,1592859074634974.2,13713240181688.125,2018-04-19,268.89,-0.009595001673546766,0.011603257837777603
578,-1,-0.021413902376453353,1,0.33374183862108603,3,2,-1.0,0.28168262863491644,0.28168262863491644,1,0,0.2615472731223322,0.0450689632244189,0.18553874544891702,0.33374183862108603,0,VOLATILE,1.0,1596668566798005.5,3809504974326.607,2018-04-20,266.61,-0.00018753985221864333,0.017703762049435356
579,1,0.02972270318533282,1,0.33923972014935805,3,2,-1.0,0.30578850807673563,0.30578850807673563,1,0,0.2525247558435548,0.14861193955622234,0.21704556513325907,0.33923972014935805,0,VOLATILE,1.0,1541588773533719.5,55079849956716.24,2018-04-23,266.57,-0.007727801327981454,0.025509247102074584
580,1,-0.01651867353725034,0,0.3531022622974845,3,0,-1.0,0.3133757139813045,0.3133757139813045,1,0,0.22232598011425686,0.21765964403874838,0.2299952080510017,0.3531022622974845,0,VOLATILE,1.0,1357234200124728.0,184354610537222.6,2018-04-24,262.98,0.007605141075367028,0.03661875427789174
581,-1,-0.015353948484601199,1,0.34024663971032454,3,2,-1.0,0.30560897140127213,0.30560897140127213,1,0,0.21176529311569323,0.18945332942182078,0.21707287417917132,0.34024663971032454,0,VOLATILE,1.0,1292764336711118.0,64469850995260.28,2018-04-25,263.63,-0.0016310738535068037,0.036907787429351746
582,-1,-0.025301628790539044,0,0.3369792839349187,3,0,-1.0,0.27254060003070074,0.27254060003070074,1,0,0.2061957710748028,0.06856594199151407,0.17492057102210562,0.3369792839349187,0,VOLATILE,1.0,1258764055734687.8,34000213385970.438,2018-04-26,266.31,-0.013856032443393063,0.02437009500206533
583,1,0.04260821059729125,1,0.33826997060848163,3,2,-1.0,0.2820804392574206,0.2820804392574206,1,0,0.19865462659140554,0.11284949858028305,0.18716804172389617,0.33826997060848163,0,VOLATILE,1.0,1212727604233659.0,46036476931747.734,2018-04-27,266.56,-0.00202581032412974,0.02097088835534211
584,-1,-0.013913529889888032,1,0.33833874053387947,3,2,-1.0,0.27770674859425243,0.27770674859425243,1,0,0.2063008248982845,0.08885353773057182,0.18171812087628542,0.33833874053387947,0,VOLATILE,1.0,1259405378183867.8,46677789004666.836,2018-04-30,264.51,0.009111186722619236,0.01705039507012973
585,-1,-0.017639787111868865,0,0.37901451619662746,3,0,-1.0,0.2556932708192154,0.2556932708192154,1,0,0.13651879277027315,0.10659185994925521,0.1643702175731761,0.37901451619662746,0,VOLATILE,1.0,833406758905696.6,425998631029217.4,2018-05-01,264.98,0.007321307268473021,0.028794626009510216
586,-1,0.014590861302145541,0,0.33701928173470647,3,0,-1.0,0.24827065434632387,0.24827065434632387,1,0,0.130888176703165,0.05289123839657932,0.14459313836658144,0.33701928173470647,0,VOLATILE,1.0,799033517010513.8,34373211782372.598,2018-05-02,263.2,0.02393617021276606,0.02940729483282678
587,1,0.015129415735300022,1,0.34036259851364997,3,2,-1.0,0.25597745360873236,0.25597745360873236,1,0,0.12015035801801698,0.09503704189996691,0.15506246663932793,0.34036259851364997,0,VOLATILE,1.0,733482317160943.5,65551221668612.76,2018-05-03,262.62,0.03579316122153675,0.04180945853324203
588,1,0.04259943599832014,0,0.34575297044780523,3,0,-1.0,0.306283688869461,0.306283688869461,1,0,0.13912246418610064,0.2687560969102323,0.2192928536987776,0.34575297044780523,0,VOLATILE,1.0,849301401041681.6,115818988848818.44,2018-05-04,266.02,0.02567476129614321,0.03338094880084208
589,-1,-0.1190256669211992,1,0.3791044479865708,3,2,-1.0,0.23756425720899044,0.23756425720899044,1,0,0.06920303653619687,0.10599126398744545,0.14173143350788076,0.3791044479865708,0,VOLATILE,1.0,422464022833220.3,426837287495634.0,2018-05-07,266.92,0.022703431739847124,0.030645886407912437
590,1,0.09099472482946558,1,0.3350521205726107,3,2,-1.0,0.25983955037798545,0.25983955037798545,1,0,0.07182864044765325,0.1538587638992503,0.15856246811563451,0.3350521205726107,0,VOLATILE,1.0,438492556353137.6,16028503752931.236,2018-05-08,266.92,0.015660122883260907,0.039262700434586906
591,-1,-0.04841103136190772,1,0.3354445777826988,3,2,-1.0,0.23370381218507275,0.23370381218507275,1,0,0.06860351993865446,0.059369209092392496,0.12599090967701565,0.3354445777826988,0,VOLATILE,1.0,418804151731746.6,19688352814533.32,2018-05-09,269.5,0.010166975881261697,0.029202226345083515
592,-1,0.025114005606836742,0,0.334758818286785,3,0,-1.0,0.23268207959899678,0.23268207959899678,1,0,0.07078107319398207,0.052845839017344735,0.12454230407044226,0.334758818286785,0,VOLATILE,1.0,432097468820485.94,13293321246528.03,2018-05-10,272.02,-3.676200279389974e-05,0.02268215572384391
593,1,0.005360355653665605,1,0.3336206154866575,3,2,-1.0,0.23702070266658642,0.23702070266658642,1,0,0.07034222583995946,0.06870087077473276,0.1296810322048974,0.3336206154866575,0,VOLATILE,1.0,429418435820349.7,2679041924143.6855,2018-05-11,272.85,-0.005570826461425815,0.020927249404434578
594,-1,-0.012770564438189719,1,0.3349262830809761,3,2,-1.0,0.22858876129598635,0.22858876129598635,1,0,0.07277559411630798,0.035626973054372874,0.11946752239022694,0.3349262830809761,0,VOLATILE,1.0,444273427776132.25,14855009639853.846,2018-05-14,272.98,0.001428676093486736,0.02175983588541275
595,1,0.022137826152004603,1,0.33503538705847297,3,2,-1.0,0.24229464607739087,0.24229464607739087,1,0,0.07537563501814745,0.08450582806592316,0.13662715436135686,0.33503538705847297,0,VOLATILE,1.0,460145906700485.4,15872455820978.477,2018-05-15,271.1,0.0055699004057543355,0.02556252305422335
596,1,0.012190586025449951,0,0.33381448829648286,3,0,-1.0,0.26819111688424535,0.26819111688424535,1,0,0.0746406374320712,0.18143691710621085,0.16869251817942732,0.33381448829648286,0,VOLATILE,1.0,455658964327312.6,4486997550567.421,2018-05-16,272.24,0.004114017043785001,0.023839259476932106
597,-1,-0.04053910591243959,1,0.33415216579338,3,2,-1.0,0.25354848177866024,0.25354848177866024,1,0,0.07589147148433147,0.1255294595306794,0.15047364367167027,0.33415216579338,0,VOLATILE,1.0,463294935406966.8,7635999883497.806,2018-05-17,272.01,0.002904304988787354,0.018822837395684022
598,-1,-0.014286487838008344,0,0.3357413950973362,3,0,-1.0,0.2246193588350668,0.2246193588350668,1,0,0.07956998813833073,0.01455865381617202,0.11470954731816757,0.3357413950973362,0,VOLATILE,1.0,485751189084429.1,22456314626723.668,2018-05-18,271.33,0.0030221501492646574,0.019275421073968957
599,1,0.03502710826091421,1,0.33556527363314637,3,2,-1.0,0.2307173441523876,0.2307173441523876,1,0,0.0761605048854322,0.04070349091088094,0.12228799859877104,0.33556527363314637,0,VOLATILE,1.0,464937304565812.5,20813898692262.203,2018-05-21,273.37,-0.01591249954274432,0.007791637707136756
600,-1,-0.012307876981462518,1,0.334419001299729,3,2,-1.0,0.22450745248824586,0.22450745248824586,1,0,0.0778189560603707,0.014898241745348,0.11423906593523955,0.334419001299729,0,VOLATILE,1.0,475061657341438.6,10124367156185.441,2018-05-22,272.61,0.0,0.012325299878948037
601,1,0.00992304870942623,1,0.33935938263809623,3,2,-1.0,0.22822060953353035,0.22822060953353035,1,0,0.06861363682369649,0.04173318590561466,0.12011560757643705,0.33935938263809623,0,VOLATILE,1.0,418865912315780.6,56195759247869.15,2018-05-23,273.36,-0.00885279484928303,0.0032191981270119907
602,-1,-0.010303512294174977,1,0.3388731753963074,3,2,-1.0,0.22163025428463987,0.22163025428463987,1,0,0.060151038087287854,0.025117297027342177,0.11175611170487668,0.3388731753963074,0,VOLATILE,1.0,367204255764965.4,51661646809967.29,2018-05-24,272.8,0.0029325513196480912,0.007111436950146599
603,1,0.022372505905094903,1,0.3334748826133234,3,2,-1.0,0.23741240494084428,0.23741240494084428,1,0,0.0603672720485436,0.08003540843961492,0.13013422682938616,0.3334748826133234,0,VOLATILE,1.0,368524299995936.1,1320013968977.4224,2018-05-25,272.15,0.010104721660848748,-0.004225610876354868
604,1,0.013856350812283896,0,0.33343362519718733,3,0,-1.0,0.2670509064093326,0.2670509064093326,1,0,0.06052048596780425,0.1909956319650836,0.1671720393109626,0.33343362519718733,0,VOLATILE,1.0,369459625552800.1,935269054504.2048,2018-05-29,269.02,0.022600550144970866,0.00959036502862265
605,1,0.0029994056263639435,0,0.34336162010580107,3,0,-1.0,0.29968881350418486,0.29968881350418486,1,0,0.07583958898237227,0.3055146767376718,0.2104514219066813,0.34336162010580107,0,VOLATILE,1.0,462978208113058.7,93518516134404.83,2018-05-30,272.61,0.017570888815523933,-0.011958475477788721
606,-1,-0.0551179511316785,1,0.3333384726534804,3,2,-1.0,0.2772087694673586,0.2772087694673586,1,0,0.07584743171854569,0.21368930827415936,0.17984557999756834,0.3333384726534804,0,VOLATILE,1.0,463026085692420.5,47926590552.84863,2018-05-31,270.94,0.023732191629143085,-0.00018454270318157828
607,-1,0.0003834309717147266,0,0.33470073158106006,3,0,-1.0,0.2551121564022471,0.2551121564022471,1,0,0.0779362454973564,0.12975988969686536,0.1525653783980739,0.33470073158106006,0,VOLATILE,1.0,475777674583816.4,12751635248732.057,2018-06-01,273.6,0.016776315789473584,-0.008479532163742864
608,-1,-0.012629159098644649,0,0.35643735162522994,3,0,-1.0,0.22038638423849094,0.22038638423849094,1,0,0.042642813499055694,0.05113414111420784,0.11459231820442117,0.35643735162522994,0,VOLATILE,1.0,260321734961947.6,215455895550603.97,2018-06-04,274.9,0.013313932339032553,-0.011058566751545928
609,1,0.053610662540097165,1,0.3335353228217927,3,2,-1.0,0.23927127461483194,0.23927127461483194,1,0,0.042334261928304015,0.10508450999366042,0.13247292397398813,0.3335353228217927,0,VOLATILE,1.0,258438119092532.94,1883647492743.3953,2018-06-05,275.1,0.013885859687386315,-0.01526717557251922
610,-1,-0.04109968541946768,1,0.3339335195650865,3,2,-1.0,0.21705647957170524,0.21705647957170524,1,0,0.04325109179073722,0.021160846276972317,0.10480397935590317,0.3339335195650865,0,VOLATILE,1.0,264035093608738.84,5597020415486.435,2018-06-06,277.4,0.0022710886806056596,-0.015465032444123894
611,1,0.023635246952546873,1,0.3333999585924085,3,2,-1.0,0.2184769314811254,0.2184769314811254,1,0,0.043352867970392894,0.0259855940281338,0.1064461539995089,0.3333999585924085,0,VOLATILE,1.0,264656407014017.6,621312045332.4695,2018-06-07,277.37,0.004903197894509104,-0.007030320510509336
612,1,0.002004626367207385,0,0.3333782291813626,3,0,-1.0,0.22190200975775295,0.22190200975775295,1,0,0.04328428697184076,0.038881921505754806,0.11072206949253185,0.3333782291813626,0,VOLATILE,1.0,264237740348674.06,418675012348.266,2018-06-08,278.19,-0.003810345447356145,-0.0010424529997484777
613,-1,-0.006562700541953653,1,0.3333375064278487,3,2,-1.0,0.21876438749242685,0.21876438749242685,1,0,0.043290660421642826,0.027078922495844527,0.10678986097249578,0.3333375064278487,0,VOLATILE,1.0,264276648370308.34,38916079647.79628,2018-06-11,278.56,-0.007179781734635293,0.0012205628948878111
614,1,0.01572627895528292,1,0.33341272374774017,3,2,-1.0,0.23135304418238367,0.23135304418238367,1,0,0.04341194064963673,0.07422151784510718,0.12254448616491463,0.33341272374774017,0,VOLATILE,1.0,265017028208722.44,740353154938.6805,2018-06-12,278.92,-0.012261580381471404,-0.007385630288254674
615,-1,-0.02282234034130931,1,0.334047727454516,3,2,-1.0,0.22111936053103118,0.22111936053103118,1,0,0.04232063740560707,0.03741276017664681,0.10991113252741795,0.334047727454516,0,VOLATILE,1.0,258354945420453.9,6662062988821.5205,2018-06-13,278.03,-0.0074092723806781224,0.004819623781606497
616,-1,0.007138889233795048,0,0.33465350900181323,3,0,-1.0,0.21802456611347373,0.21802456611347373,1,0,0.04030395192015578,0.028278302756730725,0.1061940848922955,0.33465350900181323,0,VOLATILE,1.0,246043678377605.5,12311262367560.393,2018-06-14,278.73,-0.016108779105227344,0.003085423169375323
617,1,0.02125568253946533,1,0.3339434776292211,3,2,-1.0,0.23618545423538162,0.23618545423538162,1,0,0.03937190786730997,0.09678115373728703,0.12871768720153232,0.3339434776292211,0,VOLATILE,1.0,240353825739173.0,5689884072317.668,2018-06-15,277.13,-0.00862411142784969,0.007974596759643404
618,1,0.03551669602171767,0,0.3456898564820239,3,0,-1.0,0.2898630383790072,0.2898630383790072,1,0,0.058247603705199935,0.28800618257759475,0.19875126209426486,0.3456898564820239,0,VOLATILE,1.0,355584353134893.3,115230421273803.0,2018-06-18,276.56,-0.02010413653456755,0.014137980908301984
619,1,-0.03975552024452983,0,0.33490530549838815,3,0,-1.0,0.3037851022781029,0.3037851022781029,1,0,0.060648934006007925,0.329724178660669,0.21345770422222565,0.33490530549838815,0,VOLATILE,1.0,370243762747649.6,14659383762750.35,2018-06-19,275.5,-0.014156079854809378,0.020181488203266706
620,-1,-0.03518167632880248,1,0.33571922919574965,3,2,-1.0,0.28252548984839615,0.28252548984839615,1,0,0.06429359275835092,0.24696641606994693,0.1870866696094326,0.33571922919574965,0,VOLATILE,1.0,392493323972665.56,22249607113048.605,2018-06-20,275.97,-0.023988114650143166,0.014603036561944949
621,-1,0.006980898193451046,0,0.3335070664572432,3,0,-1.0,0.26824677561214044,0.26824677561214044,1,0,0.0640281954750368,0.1920275129134224,0.16868523612948638,0.3335070664572432,0,VOLATILE,1.0,390873152234981.06,1620143531999.3809,2018-06-21,274.24,-0.012215577596266125,0.019836639439906545
622,-1,-0.012934618342488435,0,0.3337059021550043,3,0,-1.0,0.2410334430333963,0.2410334430333963,1,0,0.06345905461945528,0.0906957833720341,0.13471827933049646,0.3337059021550043,0,VOLATILE,1.0,387398716033298.7,3474380435177.725,2018-06-22,274.74,-0.01259372497634137,0.019873334789255237
623,1,0.06163940780888494,1,0.33472525478406395,3,2,-1.0,0.2754595182635371,0.2754595182635371,1,0,0.06558534736167244,0.21843178721463968,0.17800571152543737,0.33472525478406395,0,VOLATILE,1.0,400379102885663.1,12980325712798.357,2018-06-25,271.0,0.0031734317343175,0.039151291512915076
624,1,0.02606922460779776,0,0.3530406710202347,3,0,-1.0,0.33595481810147565,0.33595481810147565,1,0,0.09569006297204892,0.428921008173661,0.2582036903819033,0.3530406710202347,0,VOLATILE,1.0,584159467152734.2,183780242752783.4,2018-06-26,271.6,-0.002577319587629079,0.04569219440353445
625,-1,-0.09047391166554475,1,0.34188184737985616,3,2,-1.0,0.30597620627386946,0.30597620627386946,1,0,0.0826314448150766,0.3211907142468258,0.21794071968730078,0.34188184737985616,0,VOLATILE,1.0,504440474528012.0,79718935738831.77,2018-06-27,269.35,0.013959532207165282,0.051939855206979635
626,-1,-0.0030546410965202053,0,0.33799685319827755,3,0,-1.0,0.27294295334974306,0.27294295334974306,1,0,0.08975537050984414,0.18727834445040056,0.17567790498674823,0.33799685319827755,0,VOLATILE,1.0,547929929008846.2,43489527935147.56,2018-06-28,270.89,0.016722654952194826,0.03887186680940613
627,-1,0.02132067570317303,0,0.335051955871077,3,0,-1.0,0.2612303761287897,0.2612303761287897,1,0,0.08713001922881906,0.14377285815745008,0.16030095912875636,0.335051955871077,0,VOLATILE,1.0,531902937722819.7,16026967833248.96,2018-06-29,271.28,0.024402831023296878,0.03195959893836631
628,0,0.012379278523098391,0,0.3357630659127575,3,1,-1.0,0.2618970774309347,0.2618970774309347,1,0,0.09084164962995844,0.14309469017061488,0.16131211326685777,0.3357630659127575,0,VOLATILE,1.0,554561341010011.5,22658405227800.746,2018-07-02,271.86,0.025895681600823783,0.03483410578974455
629,-1,-0.0174917385552133,0,0.33771015851892267,3,1,-1.0,0.2450720401778664,0.2450720401778664,1,0,0.0841556585148691,0.08814711104132193,0.14076758985206367,0.33771015851892267,0,VOLATILE,1.0,513745347312532.6,40815964483560.91,2018-07-03,270.9,0.022000738279808196,0.03676633444075317
630,1,0.02307144644875503,1,0.3362601846588399,3,2,-1.0,0.25131844937355313,0.25131844937355313,1,0,0.08862668370790522,0.10601263993704899,0.14821310788165137,0.3362601846588399,0,VOLATILE,1.0,541039630681886.6,27294272602860.0,2018-07-05,273.11,0.022921167295228972,0.03397898282743217
631,-1,-0.023658534420736205,1,0.3343897114282192,3,2,-1.0,0.23390632414850368,0.23390632414850368,1,0,0.09024038822423379,0.03770061090381939,0.12598033304268438,0.3343897114282192,0,VOLATILE,1.0,550890818371833.2,9851225254332.365,2018-07-06,275.42,0.015140512671556028,0.029700094401277966
632,1,0.025313326791439328,1,0.33380254105125867,3,2,-1.0,0.24180752571489356,0.24180752571489356,1,0,0.09095714686325834,0.06617298035603648,0.13571004240643159,0.33380254105125867,0,VOLATILE,1.0,555266417380185.9,4375583839471.0186,2018-07-09,277.9,0.00518172004318096,0.024253328535444485
633,0,-0.00855110836964601,0,0.3366767384889492,3,1,-1.0,0.24115761891163742,0.24115761891163742,1,0,0.09606449270042043,0.06078413208493189,0.1356162082617841,0.3366767384889492,0,VOLATILE,1.0,586445249644857.1,31178834040499.97,2018-07-10,278.9,0.005629257798494214,0.023951237002509895
634,-1,-0.0008731496298864383,0,0.33479224314928024,3,1,-1.0,0.23963456247849485,0.23963456247849485,1,0,0.0982931047153037,0.051430686941012195,0.1332412638854386,0.33479224314928024,0,VOLATILE,1.0,600050265324329.1,13605023894595.22,2018-07-11,276.86,0.015170122083363324,0.0310626309326012
635,1,0.021086116060631738,1,0.3333499085655403,3,2,-1.0,0.259197622105984,0.259197622105984,1,0,0.0982677914702022,0.12373572285139296,0.15733450477386507,0.3333499085655403,0,VOLATILE,1.0,599895735467088.8,154571878103.719,2018-07-12,279.37,0.002255073916311634,0.020403049719010635
636,-1,-0.041142779915178784,1,0.3343625205396012,3,2,-1.0,0.2376179018182944,0.2376179018182944,1,0,0.09983995826681145,0.041999063956493526,0.13061300740776832,0.3343625205396012,0,VOLATILE,1.0,609493347691993.9,9597657360470.826,2018-07-13,279.59,0.0003218999248901788,0.012768697020637543
637,1,0.022832888168649923,1,0.3366765763429887,3,2,-1.0,0.2388710696992547,0.2388710696992547,1,0,0.10494705699340136,0.04332688663604523,0.13275798120981552,0.3366765763429887,0,VOLATILE,1.0,640670671419877.8,31177321952746.027,2018-07-16,279.34,0.0030786854729003554,0.009880432447913146
638,-1,-0.015960420234991557,1,0.3434795734753501,3,2,-1.0,0.22416381734522345,0.22416381734522345,1,0,0.08944777748462206,0.00877621766647844,0.11607466505036682,0.3434795734753501,0,VOLATILE,1.0,546052164775729.2,94618487080943.62,2018-07-17,280.47,0.004064605840196744,0.012229471957784899
639,1,0.02247699608856174,1,0.33344001128976253,3,2,-1.0,0.23193356107975394,0.23193356107975394,1,0,0.08961073939553404,0.030220123120865226,0.12327695417213308,0.33344001128976253,0,VOLATILE,1.0,547046998931835.3,994822387499.201,2018-07-18,281.06,0.010495979506155217,0.0025617305913328003
640,1,-0.0005379289291166933,0,0.33518472814546363,3,0,-1.0,0.23916537588516773,0.23916537588516773,1,0,0.08678257327400439,0.061476132404472354,0.13275290189282557,0.33518472814546363,0,VOLATILE,1.0,529781883168929.4,17265132074673.988,2018-07-19,280.0,0.011928571428571288,0.014499999999999957
641,-1,-0.012903031452978497,1,0.33407506357981653,3,2,-1.0,0.23349415923760303,0.23349415923760303,1,0,0.0856495130805783,0.04050988174529543,0.1253864649419579,0.33407506357981653,0,VOLATILE,1.0,522864886583431.4,6916985283424.06,2018-07-20,279.68,0.006221395881006897,0.019236270022883195
642,1,0.03413142404821917,1,0.33449476859362204,3,2,-1.0,0.2619543666382575,0.2619543666382575,1,0,0.08742371705224225,0.14577623428643996,0.1610666504462274,0.33449476859362204,0,VOLATILE,1.0,533695875868183.0,10830932999101.936,2018-07-23,280.2,-0.0008922198429692774,0.01952177016416856
643,1,-0.02180300312087552,0,0.33490824765160937,3,0,-1.0,0.26861157091803645,0.26861157091803645,1,0,0.08982953987313524,0.16864503680820847,0.1694915255604479,0.33490824765160937,0,VOLATILE,1.0,548382710984252.0,14686820732766.025,2018-07-24,281.61,-0.000994282873477581,0.01679627854124477
644,-1,-0.05303959526172536,1,0.36159219701960077,3,2,-1.0,0.22222917993609004,0.22222917993609004,1,0,0.04666162439087863,0.05789194813415954,0.11818452417501271,0.36159219701960077,0,VOLATILE,1.0,284855384081194.5,263527266376111.94,2018-07-25,284.01,-0.011091158762015385,0.007605366008239134
645,1,0.05840825124231738,1,0.33443507755278035,3,2,-1.0,0.234255040196461,0.234255040196461,1,0,0.04834463771097193,0.08093807119034206,0.12642756963377133,0.33443507755278035,0,VOLATILE,1.0,295129681471549.8,10274285817715.207,2018-07-26,283.34,-0.0033528622855932833,0.008646855368109163
646,1,-0.009095910674037366,0,0.3428115295861787,3,0,-1.0,0.23718498978279462,0.23718498978279462,1,0,0.033865860309319804,0.11268649856579417,0.13218411962503798,0.3428115295861787,0,VOLATILE,1.0,206741037663856.72,88388661922824.03,2018-07-27,281.42,0.0077464288252433455,0.021640253002629395
647,-1,-0.00610727067841868,1,0.33335482549270323,3,2,-1.0,0.23400766869070955,0.23400766869070955,1,0,0.033898689835698465,0.09364618687398983,0.12584829223656274,0.33335482549270323,0,VOLATILE,1.0,206941452190094.8,200424548918.68582,2018-07-30,279.95,0.01675299160564392,0.03511341310948368
648,-1,-0.011077702678789797,0,0.34055734535669213,3,0,-1.0,0.21975264491983468,0.21975264491983468,1,0,0.022863371351869558,0.05662705611502963,0.10983014248896639,0.34055734535669213,0,VOLATILE,1.0,139574104263307.42,67367328068079.11,2018-07-31,281.33,0.015106814061778051,0.030533537127217292
649,-1,0.013225603409936726,0,0.3336569969375277,3,0,-1.0,0.21872322455889653,0.21872322455889653,1,0,0.023357794970608758,0.04709704482839907,0.10681827993300261,0.3336569969375277,0,VOLATILE,1.0,142592413883970.78,3018316156860.998,2018-08-01,280.86,0.016378266752118398,0.03781243324076056
650,1,0.006758955604556222,1,0.33488981062694484,3,2,-1.0,0.2244527598025146,0.2244527598025146,1,0,0.020980141083598046,0.07188506614604034,0.11428840240987946,0.33488981062694484,0,VOLATILE,1.0,128077541758580.8,14514886759628.127,2018-08-02,282.39,0.009490421048903963,0.028010906901802635
651,-1,-0.010432227558700269,1,0.3333849156968295,3,2,-1.0,0.21975006748743242,0.21975006748743242,1,0,0.02090134277714991,0.05320009707334382,0.1080338132834979,0.3333849156968295,0,VOLATILE,1.0,127596501457450.2,481029930866.48956,2018-08-03,283.6,-0.0015514809590972956,0.023660084626234035
652,-1,-0.0022767731106923816,0,0.3334074200837762,3,0,-1.0,0.21277060206165785,0.21277060206165785,1,0,0.021014514509764902,0.02693080828428418,0.09931510759801636,0.3334074200837762,0,VOLATILE,1.0,128287381335337.17,690893980581.2344,2018-08-06,284.64,-0.008923552557616565,0.018163293985385076
653,1,0.016215957883604304,1,0.3351502052894192,3,2,-1.0,0.22200709451948758,0.22200709451948758,1,0,0.02378994959981379,0.060099308815329044,0.11129641947171427,0.3351502052894192,0,VOLATILE,1.0,145230589783152.06,16943190117562.852,2018-08-07,285.58,-0.00588276489950279,0.012080677918621774
654,-1,-0.020432546571414245,1,0.3344705557935531,3,2,-1.0,0.21081104040590307,0.21081104040590307,1,0,0.025527153202030188,0.015867165165271205,0.09713143945576713,0.3344705557935531,0,VOLATILE,1.0,155835702781175.34,10605137189181.252,2018-08-08,285.46,-0.012891473411336118,0.009458417992012969
655,-1,0.010296216813891562,0,0.3337092828135681,3,0,-1.0,0.20991120310621011,0.20991120310621011,1,0,0.024952856854628228,0.012496116903835806,0.09581632458615467,0.3337092828135681,0,VOLATILE,1.0,152329793830273.25,3505906674865.1714,2018-08-09,285.07,-0.0035429894411898033,0.008875013154663769
656,1,0.02693837624981571,1,0.3357351694510194,3,2,-1.0,0.23594974205633287,0.23594974205633287,1,0,0.028621881091931724,0.10799102870758108,0.12887096993317093,0.3357351694510194,0,VOLATILE,1.0,174728099117832.06,22398257530956.652,2018-08-10,283.16,0.006709987286339869,0.01744596694448375
657,1,-0.008128365633557427,0,0.3350179766614335,3,0,-1.0,0.2538599153728982,0.2538599153728982,1,0,0.031195328829974316,0.17204283631446923,0.15107938838148116,0.3350179766614335,0,VOLATILE,1.0,190438234660740.88,15710095635895.492,2018-08-13,282.1,0.012655086848635255,0.024636653668911768
658,-1,-0.05295751228305198,1,0.3335966702422566,3,2,-1.0,0.21881257640641155,0.21881257640641155,1,0,0.030793046663942572,0.039951617541793175,0.10691488806857857,0.3335966702422566,0,VOLATILE,1.0,187982421293549.4,2455741197343.7124,2018-08-14,283.9,0.008594575554772721,0.018386755899964857
659,1,0.0773755981667339,1,0.3342888012005476,3,2,-1.0,0.2611408356066588,0.2611408356066588,1,0,0.03225262132884605,0.19774211309653503,0.15999824480846037,0.3342888012005476,0,VOLATILE,1.0,196892691932295.88,8910189664829.04,2018-08-15,281.78,0.015579530129888663,0.03211725459578396
660,1,-0.01895021267522018,0,0.3420396919342333,3,0,-1.0,0.28451888213168586,0.28451888213168586,1,0,0.04555235954496739,0.2779232173995295,0.19115852564816563,0.3420396919342333,0,VOLATILE,1.0,278083651038150.7,81190910846860.08,2018-08-16,284.06,0.006090262620573217,0.024009012180525202
661,-1,-0.06568943174811731,1,0.3337165773075451,3,2,-1.0,0.2422074969085956,0.2422074969085956,1,0,0.04613778383162291,0.11242776255626953,0.1361885154626308,0.3337165773075451,0,VOLATILE,1.0,281657492759321.4,3573931280479.105,2018-08-17,285.06,0.008594681821370909,0.015014382936925363
662,-1,0.02447023714095542,0,0.33561282859235686,3,0,-1.0,0.2243663488264608,0.2243663488264608,1,0,0.04265564800748707,0.05042778153600853,0.11436114318116519,0.33561282859235686,0,VOLATILE,1.0,260400085831134.84,21257371173763.984,2018-08-20,285.67,0.014387230020653119,0.018342843140686904
663,1,0.044374689763605035,1,0.3346749478103656,3,2,-1.0,0.25089989050793104,0.25089989050793104,1,0,0.0447050911241333,0.14717570913838238,0.14729360008750522,0.3346749478103656,0,VOLATILE,1.0,272911328501438.06,12511189394878.076,2018-08-21,286.34,0.012502619263812464,0.017042676538381096
664,-1,-0.027462590069360054,1,0.3333911466729171,3,2,-1.0,0.24997084212004123,0.24997084212004123,1,0,0.044616775843358464,0.14281724211148414,0.14581133931828086,0.3333911466729171,0,VOLATILE,1.0,272372189893347.25,539136729265.91974,2018-08-22,286.17,0.0185554041304119,0.02589369954921894
665,-1,-0.013891917844038981,0,0.33416776457841096,3,0,-1.0,0.23514987588811245,0.23514987588811245,1,0,0.04334210389497589,0.0890957541192539,0.12747928600474326,0.33416776457841096,0,VOLATILE,1.0,264590695524603.84,7781465929961.878,2018-08-23,285.79,0.01578081808320797,0.021694251023478772
666,-1,-0.004643620648452029,0,0.33380195915772176,3,0,-1.0,0.21568528900773165,0.21568528900773165,1,0,0.04405796452354216,0.015113338623742837,0.10305710104909499,0.33380195915772176,0,VOLATILE,1.0,268960812445323.6,4370157407084.6025,2018-08-24,287.51,0.009738791694201998,0.012208271016660222
667,1,0.02262736509149396,1,0.3352490838777184,3,2,-1.0,0.2188480672188448,0.2188480672188448,1,0,0.0411314881001583,0.030985576878798597,0.10737235499298563,0.3352490838777184,0,VOLATILE,1.0,251095541433658.5,17865279709236.156,2018-08-27,289.78,0.00010352681344483194,0.0033473669680448292
668,-1,-0.005602685006064145,1,0.3335607821525129,3,2,-1.0,0.21640816042389383,0.21640816042389383,1,0,0.04078403885481044,0.020917149349176063,0.10390039606799549,0.3335607821525129,0,VOLATILE,1.0,248974466792038.56,2121067790421.7722,2018-08-28,289.92,-0.003069812362031077,-0.0001379690949228074
669,1,0.014151618988345604,1,0.3336201911956911,3,2,-1.0,0.22811987261728844,0.22811987261728844,1,0,0.040345842222130585,0.0653188234894694,0.11855488857053331,0.3336201911956911,0,VOLATILE,1.0,246299406252793.7,2675085210251.326,2018-08-29,291.48,-0.011390146836832704,-0.0027103060244271227
670,-1,-0.014771089915237345,1,0.333456033570945,3,2,-1.0,0.22506049489544572,0.22506049489544572,1,0,0.04053327675791082,0.05353560427821949,0.11468962701204342,0.333456033570945,0,VOLATILE,1.0,247443638528817.84,1144237735830.26,2018-08-30,290.3,-0.009300723389596977,0.0014467791939374308
671,-1,-0.008300647454241056,0,0.33347519407388054,3,0,-1.0,0.21370046971936194,0.21370046971936194,1,0,0.040316568052619274,0.011166588950398447,0.10049438566767258,0.33347519407388054,0,VOLATILE,1.0,246120696126246.25,1322918485949.7854,2018-08-31,290.31,-0.007612552099479752,0.004891323068444198
672,1,0.0177598363839071,1,0.33378904419122474,3,2,-1.0,0.22010028092718525,0.22010028092718525,1,0,0.04101270868390229,0.03470512793646105,0.10857261220678777,0.33378904419122474,0,VOLATILE,1.0,250370428309539.3,4249719237521.6987,2018-09-04,289.81,-0.0026224077844104743,0.006038438977260974
673,1,-0.000511369288757918,0,0.33505380063564094,3,0,-1.0,0.22598872284625066,0.22598872284625066,1,0,0.038384545428948334,0.06036351572122238,0.11624935371672357,0.33505380063564094,0,VOLATILE,1.0,234326270756285.84,16044171135123.965,2018-09-05,289.03,0.000311386361277588,0.009306992353735
674,1,-0.004032620520520752,0,0.33354602081568496,3,0,-1.0,0.2278445442447953,0.2278445442447953,1,0,0.038059647254877094,0.06651690927486903,0.11819218550991537,0.33354602081568496,0,VOLATILE,1.0,232342863719551.1,1983411344447.8047,2018-09-06,288.16,0.009265685730149853,0.004441976679622428
675,-1,-0.010155858499402787,1,0.3348175157803017,3,2,-1.0,0.21954450714393717,0.21954450714393717,1,0,0.035792425173757594,0.03861261345123304,0.10813501287499687,0.3348175157803017,0,VOLATILE,1.0,218502145031649.94,13840703129300.549,2018-09-07,287.6,0.011404728789985885,0.0007649513212795167
676,1,0.01650350827095884,1,0.33606912585251153,3,2,-1.0,0.22774797831403787,0.22774797831403787,1,0,0.03161326383762119,0.07449349922940458,0.11870225435567525,0.33606912585251153,0,VOLATILE,1.0,192989603985712.3,25512558889677.16,2018-09-10,288.1,0.004304061089899225,-0.0009718847622354199
677,1,-0.005028029975855441,0,0.3339098034139744,3,0,-1.0,0.23092341950828313,0.23092341950828313,1,0,0.030732656344720853,0.08566251937182175,0.12213172523884752,0.3339098034139744,0,VOLATILE,1.0,187613756297393.56,5375856091934.623,2018-09-11,289.05,0.006434872859366836,-0.00570835495589006
678,-1,-0.020693746341029745,1,0.3337342054574492,3,2,-1.0,0.21340511436149864,0.21340511436149864,1,0,0.031345017684781436,0.019224815263925436,0.10018994431623562,0.3337342054574492,0,VOLATILE,1.0,191352040744120.44,3738322113991.3887,2018-09-12,289.12,0.007263420033204238,-0.03742390702822351
679,1,0.025086297649367123,1,0.3348373990107846,3,2,-1.0,0.22097310686408128,0.22097310686408128,1,0,0.029047427722681027,0.05072977227571226,0.10992573333279776,0.3348373990107846,0,VOLATILE,1.0,177325935145380.34,14026123655547.906,2018-09-13,290.83,0.009455695767286665,-0.06416119382457097
680,-1,-0.016060467674555295,1,0.34294200379123024,3,2,-1.0,0.21248063169210862,0.21248063169210862,1,0,0.014369335562882215,0.03963953612594781,0.10133629056294334,0.34294200379123024,0,VOLATILE,1.0,87720533826004.4,89605395581033.1,2018-09-14,290.88,0.00381600660066006,-0.051327007700770144
681,-1,0.005971005458665607,0,0.3340488087674811,3,0,-1.0,0.20995916197880157,0.20995916197880157,1,0,0.013276382379632051,0.024607081616484682,0.09596115466537224,0.3340488087674811,0,VOLATILE,1.0,81048378647918.73,6672146743531.377,2018-09-17,289.34,0.005806317826778207,-0.051634754959563156
682,1,0.012137656182783507,1,0.3335922294486995,3,2,-1.0,0.21957534844827803,0.21957534844827803,1,0,0.013671872210616274,0.05992985655695097,0.10786724292252241,0.3335922294486995,0,VOLATILE,1.0,83462726823230.86,2414328697547.5693,2018-09-18,290.91,-0.0005499982812554594,-0.0361280120999623
683,-1,-0.020371602706129227,1,0.33510913856662644,3,2,-1.0,0.20881993221162526,0.20881993221162526,1,0,0.010959169920588195,0.023447429797976465,0.09480219990618821,0.33510913856662644,0,VOLATILE,1.0,66902483522422.484,16560223508687.848,2018-09-19,291.22,-0.004601332326076624,-0.03698235011331652
684,1,0.04499980266985282,1,0.3333872737556805,3,2,-1.0,0.2430643186448253,0.2430643186448253,1,0,0.011041579175538939,0.15049007105931644,0.13717721674495179,0.3333872737556805,0,VOLATILE,1.0,67405567593696.86,503019944684.9629,2018-09-20,293.58,-0.009843994822535507,-0.05851897268206285
685,1,-0.025293885583869413,0,0.3412267412951519,3,0,-1.0,0.25201481949415594,0.25201481949415594,1,0,0.023099459067683032,0.1778761700067658,0.15032520969148294,0.3412267412951519,0,VOLATILE,1.0,141015349780213.28,73609761725144.64,2018-09-21,291.99,-0.00434946402274039,-0.05390595568341383
686,-1,-0.019245892751063032,1,0.3424871148129362,3,2,-1.0,0.24171942759242354,0.24171942759242354,1,0,0.03708266151528199,0.1262305280660085,0.13777106319376348,0.3424871148129362,0,VOLATILE,1.0,226378655406464.25,85363340759391.17,2018-09-24,291.02,0.0024396948663323315,-0.05501340114081499
687,1,0.024880017614971828,1,0.33368444587286333,3,2,-1.0,0.25630405330566297,0.25630405330566297,1,0,0.037619022244910726,0.17378451205597312,0.1538011781002946,0.33368444587286333,0,VOLATILE,1.0,229652978656863.8,3274290458383.7964,2018-09-25,290.75,0.002785898538263165,-0.058950988822011996
688,-1,-0.0326684691352126,1,0.33501383302925125,3,2,-1.0,0.2382202098836898,0.2382202098836898,1,0,0.04018612685952819,0.10440003497624697,0.13152872061192505,0.33501383302925125,0,VOLATILE,1.0,245324391311679.3,15671454306435.637,2018-09-26,289.88,0.006347454118945883,-0.08472471367462397
689,1,0.0352941557853339,1,0.3334105051788649,3,2,-1.0,0.25543052224705054,0.25543052224705054,1,0,0.040068246250918454,0.16785409105966984,0.1526407791035294,0.3334105051788649,0,VOLATILE,1.0,244604765141789.4,719663951102.6644,2018-09-27,290.69,-0.004300113522996973,-0.07090027176717473
690,-1,-0.03653785941074672,1,0.33342822679885714,3,2,-1.0,0.23610297519966456,0.23610297519966456,1,0,0.04021319792998136,0.09524412916790355,0.12848577569929495,0.33342822679885714,0,VOLATILE,1.0,245489652171584.94,884926437385.5448,2018-09-28,290.72,-0.009975233902036473,-0.0873348926802423
691,-1,0.008594706979713929,0,0.3334444966479597,3,0,-1.0,0.2253701351319925,0.2253701351319925,1,0,0.04038300606872507,0.05483837316221665,0.11507379307698057,0.3334444966479597,0,VOLATILE,1.0,246526280519041.4,1036650473636.463,2018-10-01,291.73,-0.01340280396256821,-0.09553354128817748
692,-1,0.0033552558074219085,0,0.33335514537291955,3,0,-1.0,0.21799255087174235,0.21799255087174235,1,0,0.04041632344532573,0.02707210135339789,0.10582947493290787,0.33335514537291955,0,VOLATILE,1.0,246729673226261.75,203407583194.7183,2018-10-02,291.56,-0.01426807518178086,-0.08159555494580883
693,1,0.02385892444268556,1,0.33464392366623785,3,2,-1.0,0.23447389105417776,0.23447389105417776,1,0,0.04241837100376379,0.08784166319908113,0.12675334473428163,0.33464392366623785,0,VOLATILE,1.0,258951580064103.66,12221874580793.297,2018-10-03,291.72,-0.046003016591251944,-0.07229535170711654
694,0,-0.016841517424627694,0,0.3337305779099211,3,1,-1.0,0.23411371381198548,0.23411371381198548,1,0,0.04181154485505391,0.08641281537233247,0.1260747867424621,0.3337305779099211,0,VOLATILE,1.0,255247086319666.94,3704493517967.7324,2018-10-04,289.44,-0.05966694306246534,-0.0550373134328358
695,1,0.028170135981665123,0,0.34506968107323643,3,1,-1.0,0.2619236725514583,0.2619236725514583,1,0,0.059739859289051234,0.18127617358384482,0.163672010957632,0.34506968107323643,0,VOLATILE,1.0,364694131095567.2,109446992330378.62,2018-10-05,287.82,-0.04124105343617546,-0.05534709193245779
696,-1,-0.06306458522286928,1,0.3413453647374974,3,2,-1.0,0.22666904606806187,0.22666904606806187,1,0,0.07197893031265543,0.03403901599569965,0.11867264876945169,0.3413453647374974,0,VOLATILE,1.0,439410031425588.75,74715981417361.56,2018-10-08,287.82,-0.046626363699534434,-0.050135501355013545
697,1,0.03963907948235407,1,0.33354691847858875,3,2,-1.0,0.2310534990670195,0.2310534990670195,1,0,0.07230520123889589,0.04430560912136871,0.12220360345342152,0.33354691847858875,0,VOLATILE,1.0,441401818707364.6,1991782475495.1335,2018-10-09,287.4,-0.02435629784272786,-0.04272790535838544
698,1,0.07308285977793283,0,0.3352595135635897,3,0,-1.0,0.30852081184390995,0.30852081184390995,1,0,0.06936281474451331,0.33903486484284134,0.21946589319578486,0.3352595135635897,0,VOLATILE,1.0,423439421428788.25,17962541461772.906,2018-10-10,278.3,0.0077254761049225795,0.009737693136902648
699,1,-0.03715728018795411,0,0.43769920475061463,3,0,-1.0,0.3488308444328463,0.3488308444328463,1,0,0.228790892935019,0.40759917725111555,0.2954633567287115,0.43769920475061463,0,VOLATILE,1.0,1396700576373936.0,973261101468927.8,2018-10-11,272.17,0.015541756990116395,0.030605871330418477
700,1,0.017452193460909038,0,0.5229809681469149,3,0,-1.0,0.40659307048269167,0.40659307048269167,1,0,0.5184943729074954,0.3984653675127846,0.3889865801400933,0.5229809681469149,0,VOLATILE,1.0,3165254439092655.5,1768553871520496.8,2018-10-12,275.95,0.00108715346983157,0.00655915926798345
701,-1,-0.06380530079510349,1,0.36962673683608405,3,2,-1.0,0.40054999573743355,0.40054999573743355,1,0,0.5739357284304883,0.20534680821195048,0.3430941788808129,0.36962673683608405,0,VOLATILE,1.0,3503707478986641.0,338453149381690.4,2018-10-15,274.4,0.002223032069970987,-0.006669096209912517
702,1,0.04263859207676063,1,0.33753325118599437,3,2,-1.0,0.43714551306893606,0.43714551306893606,1,0,0.5675199960077207,0.3249256163902851,0.3808152041326686,0.33753325118599437,0,VOLATILE,1.0,3464541334487674.5,39166219951506.8,2018-10-16,280.4,-0.02421540656205412,-0.02974322396576312
703,-1,-0.10628527851379543,1,0.33872834201656754,3,2,-1.0,0.3674557518866431,0.3674557518866431,1,0,0.5592786219807999,0.07272670410653731,0.2940017753624457,0.33872834201656754,0,VOLATILE,1.0,3414230189206281.5,50311007057902.28,2018-10-17,280.45,-0.05394901051880907,-0.0365484043501515
704,-1,0.06272852443191701,0,0.34793111439596164,3,0,-1.0,0.3604945151362671,0.3604945151362671,1,0,0.5369792244056073,0.07582354315236552,0.2876009225193243,0.34793111439596164,0,VOLATILE,1.0,3278098977659723.0,136131211123710.0,2018-10-18,276.4,-0.022865412445730815,-0.012228654124457283
705,1,0.011399595644656868,1,0.338134747708046,3,2,-1.0,0.364932874030548,0.364932874030548,1,0,0.5443138086982763,0.07778552969731344,0.29069977946519654,0.338134747708046,0,VOLATILE,1.0,3322874440431064.5,44775459443611.34,2018-10-19,276.25,-0.039529411764705924,-0.009122171945701307
706,1,0.013943872901331256,0,0.3394642033530813,3,0,-1.0,0.3833151058261602,0.3833151058261602,1,0,0.5536792573502494,0.1383505420126623,0.31400993312097053,0.3394642033530813,0,VOLATILE,1.0,3380047728066803.0,57173261980685.63,2018-10-22,275.01,-0.04054398021890104,-0.021490127631722422
707,1,0.027325367395667988,0,0.34569854001441963,3,0,-1.0,0.42902270501744033,0.42902270501744033,1,0,0.534790332173937,0.333318716652279,0.3727030162754053,0.34569854001441963,0,VOLATILE,1.0,3264736439481847.5,115311399319493.17,2018-10-23,273.61,-0.02134424911370214,-0.034684404809765756
708,-1,-0.09472816411361795,1,0.3503716913339309,3,2,-1.0,0.3800021400951025,0.3800021400951025,1,0,0.5087627247229558,0.179024069134127,0.3125955979523609,0.3503716913339309,0,VOLATILE,1.0,3105845611870344.5,158890745122813.03,2018-10-24,265.32,0.0200135685210312,-0.001130710085934017
709,1,0.05866677645197749,1,0.3468258255293757,3,2,-1.0,0.3896483516247422,0.3896483516247422,1,0,0.5293736970645415,0.1919269906752737,0.3237668959132717,0.3468258255293757,0,VOLATILE,1.0,3231669487898907.0,125823869795300.66,2018-10-25,270.08,0.012699940758293948,-0.02528880331753547
710,1,0.002560667033472075,0,0.3516804218867288,3,0,-1.0,0.40185523018785396,0.40185523018785396,1,0,0.5013469084391745,0.2693705211803247,0.3402391432064997,0.3516804218867288,0,VOLATILE,1.0,3060574251874462.0,171095276374695.22,2018-10-26,265.33,0.024723928692571562,0.00817849470470744
711,1,0.005088335840803315,0,0.34772996586734123,3,0,-1.0,0.41915044459176903,0.41915044459176903,1,0,0.5233390379048275,0.30927260371481224,0.36087054720654654,0.34772996586734123,0,VOLATILE,1.0,3194829682701824.0,134255405979122.11,2018-10-29,263.86,0.036117638141438535,0.017206094140832073
712,-1,-0.07174188525481656,1,0.3544545188635748,3,2,-1.0,0.36470377374086754,0.36470377374086754,1,0,0.4910745502591982,0.1424054904167363,0.29449334689197815,0.3544545188635748,0,VOLATILE,1.0,2997864550423332.5,196965042444791.25,2018-10-30,267.77,0.027448930051910292,0.02543227396646386
713,-1,0.01135586526589133,0,0.3738603381889544,3,0,-1.0,0.3216129681558574,0.3216129681558574,1,0,0.429165969443568,0.057277914782612904,0.24548129474206026,0.3738603381889544,0,VOLATILE,1.0,2619931017324873.0,377933483900247.5,2018-10-31,270.63,0.0383549495621327,0.012378524184310846
714,-1,0.03371500125181154,0,0.3636356929646771,3,0,-1.0,0.31223716382265876,0.31223716382265876,1,0,0.3828764436694875,0.060739690388990755,0.2312053780194927,0.3636356929646771,0,VOLATILE,1.0,2337347184990703.0,282583832352554.25,2018-11-01,273.51,0.025556652407590308,0.007824211180578411
715,1,0.04004277595554839,1,0.33807512347487123,3,2,-1.0,0.34290413544500853,0.34290413544500853,1,0,0.39011995464665644,0.14932689587827877,0.26314895017497836,0.33807512347487123,0,VOLATILE,1.0,2381566672169575.5,44219435275308.984,2018-11-02,271.89,0.021589613446614475,0.027253668763102867
716,1,-0.019837594765970912,0,0.33834895212505134,3,0,-1.0,0.3537335123013874,0.3537335123013874,1,0,0.3824581584615378,0.19780422676245338,0.276754128407997,0.33834895212505134,0,VOLATILE,1.0,2334793677796700.0,46773016921003.35,2018-11-05,273.39,-0.0029993781776948003,-0.011485423753612056
717,1,-0.006542735477094663,0,0.3488725399452548,3,0,-1.0,0.3580201536806716,0.3580201536806716,1,0,0.40619566734088774,0.19803431392057175,0.28474332708715316,0.3488725399452548,0,VOLATILE,1.0,2479704132527456.5,144910449533866.28,2018-11-06,275.12,-0.011122419307938336,-0.01919162547252118
718,-1,-0.0228763113176062,1,0.3446546084921792,3,2,-1.0,0.3394304837423496,0.3394304837423496,1,0,0.4234899042556846,0.10786536614726082,0.2604517568009818,0.3446546084921792,0,VOLATILE,1.0,2585280322020736.0,105576244240573.1,2018-11-07,281.01,-0.03846838190811719,-0.062061848332799485
719,1,0.03756919336739778,1,0.3580843991137882,3,2,-1.0,0.35841000717142535,0.35841000717142535,1,0,0.3856804804984815,0.2269203457297047,0.2875336087427287,0.3580843991137882,0,VOLATILE,1.0,2354464998575801.0,230815392205182.2,2018-11-08,280.5,-0.026666666666666727,-0.0585739750445633
720,-1,-0.0760492776928513,1,0.4233465451319664,3,2,-1.0,0.3013402529076498,0.3013402529076498,1,0,0.24817736151139588,0.19935849574126593,0.2325119524175539,0.4233465451319664,0,VOLATILE,1.0,1515049219919687.8,839415763718591.4,2018-11-09,277.76,-0.014508928571428492,-0.04907114055299533
721,-1,0.04380294643008614,0,0.3498380736519987,3,0,-1.0,0.28807344507396043,0.28807344507396043,1,0,0.22296490875068,0.11968906551567067,0.19755132475545023,0.3498380736519987,0,VOLATILE,1.0,1361134670039881.0,153914507912047.5,2018-11-12,272.57,-0.012730674689070631,-0.026085042374435985
722,-1,-0.01361463071630109,0,0.3338781337063697,3,0,-1.0,0.26119200652396996,0.26119200652396996,1,0,0.2237971291321901,0.006081495612474532,0.15995954158155487,0.3338781337063697,0,VOLATILE,1.0,1366215128757507.5,5080521093165.225,2018-11-13,272.06,-0.02918473866058957,-0.024590163934426257
723,1,0.042432392788833984,1,0.3358741722352694,3,2,-1.0,0.27674296076281346,0.27674296076281346,1,0,0.22767848896597714,0.06201324307102537,0.17989724401233415,0.3358741722352694,0,VOLATILE,1.0,1389909679914772.0,23694524223020.1,2018-11-14,270.2,-0.01917098445595855,-0.03601036269430036
724,1,-0.009910761935782386,0,0.33363328249679175,3,0,-1.0,0.2823831530658746,0.2823831530658746,1,0,0.227220292534274,0.08194149333534959,0.18638726195654118,0.33363328249679175,0,VOLATILE,1.0,1387112526531424.5,2797167783374.892,2018-11-15,273.02,-0.035784924181378575,-0.06468390594095663
725,-1,-0.013602329807168467,1,0.33341828794389305,3,2,-1.0,0.27442101556176723,0.27442101556176723,1,0,0.22735006547405862,0.051792458840488324,0.1763808414381823,0.33341828794389305,0,VOLATILE,1.0,1387904751857659.0,792241915152.8512,2018-11-16,273.73,-0.022759653673327773,-0.06813283162240169
726,-1,0.004659299522644711,0,0.33522613441336335,3,0,-1.0,0.2711181775803046,0.2711181775803046,1,0,0.22445864424206907,0.04365412249409569,0.1727042555787216,0.33522613441336335,0,VOLATILE,1.0,1370253482397354.8,17651265102229.56,2018-11-19,269.1,-0.002601263470828896,-0.06629505759940557
727,1,0.02845002089014592,1,0.3393979726457535,3,2,-1.0,0.2962653604889879,0.2962653604889879,1,0,0.2151943823028726,0.15034919901514718,0.20518119377267324,0.3393979726457535,0,VOLATILE,1.0,1313697909646345.5,56555629316965.44,2018-11-20,264.12,0.039603210661820265,-0.06417537482962299
728,1,-0.00163339126282952,0,0.3356373955899136,3,0,-1.0,0.31977915213484165,0.31977915213484165,1,0,0.21167473164969836,0.239225135548393,0.23363328906603043,0.3356373955899136,0,VOLATILE,1.0,1292211485808139.8,21486470042744.387,2018-11-21,265.02,0.033808769149498374,-0.09176665912006643
729,-1,-0.0490410964565704,1,0.34332116542384067,3,2,-1.0,0.294251847324125,0.294251847324125,1,0,0.19641743134904918,0.1645178701843,0.2036451005111164,0.34332116542384067,0,VOLATILE,1.0,1199070190494959.0,93141257095701.0,2018-11-23,263.25,0.047103513770180294,-0.10981956315289643
730,1,0.039399224051158255,1,0.3560125623487908,3,2,-1.0,0.30812376656456664,0.30812376656456664,1,0,0.23106195543862362,0.19141159094009452,0.224157848792906,0.3560125623487908,0,VOLATILE,1.0,1410564739702616.8,211494534681720.78,2018-11-26,267.5,0.044112149532710365,-0.07970093457943928
731,-1,-0.04858211531461665,1,0.37709313105130254,3,2,-1.0,0.2734135704903916,0.2734135704903916,1,0,0.16421500267514028,0.14390573495230513,0.18604024587581514,0.37709313105130254,0,VOLATILE,1.0,1002483909841456.4,408080806001836.4,2018-11-27,268.4,0.006892697466468034,-0.0757451564828614
732,-1,0.02929332152890457,0,0.3480324338364204,3,0,-1.0,0.26799669594512116,0.26799669594512116,1,0,0.1417608278855486,0.12425110728597108,0.17200397839050657,0.3480324338364204,0,VOLATILE,1.0,865407829284652.4,137076062815953.72,2018-11-28,274.58,-0.017262728530847093,-0.09771287056595523
733,1,0.04079180840487806,1,0.34699132508846475,3,2,-1.0,0.30337162980472876,0.30337162980472876,1,0,0.1208970558874089,0.2769900496966725,0.21596236852802714,0.34699132508846475,0,VOLATILE,1.0,738040686295212.8,127367231442018.06,2018-11-29,273.98,-0.037995474122198836,-0.08781662895101838
734,-1,-0.0569364141784649,1,0.337289883837272,3,2,-1.0,0.28181014948587146,0.28181014948587146,1,0,0.1148530691228925,0.1949024043270794,0.1865851578166573,0.337289883837272,0,VOLATILE,1.0,701143938835976.8,36896704345853.46,2018-11-30,275.65,-0.04200979502992919,-0.0923997823326681
735,-1,-0.016484872183003485,0,0.333371247388559,3,0,-1.0,0.24376379698401068,0.24376379698401068,1,0,0.11479513903545441,0.049347535196005037,0.13804755807715313,0.333371247388559,0,VOLATILE,1.0,700790292825525.0,353566493040.3079,2018-12-03,279.3,-0.05431435732187617,-0.1256355173648407
736,1,0.06352757592206199,1,0.33695939549171683,3,2,-1.0,0.2692450204042119,0.2692450204042119,1,0,0.10925601729043183,0.15313235584415033,0.17079612437819403,0.33695939549171683,0,VOLATILE,1.0,666975596643209.0,33814744248652.47,2018-12-04,270.25,-0.017724329324699473,-0.06608695652173913
737,1,0.0010343032005700192,0,0.3621278607489408,3,0,-1.0,0.2957605470249831,0.2957605470249831,1,0,0.15324220441702469,0.22745574248836764,0.2102326489684641,0.3621278607489408,0,VOLATILE,1.0,935498229358545.8,268522583946450.78,2018-12-06,269.84,-0.016565372072339102,-0.05729321079158012
738,1,-0.02444411145554748,0,0.3763176114124488,3,0,-1.0,0.29783196219020686,0.29783196219020686,1,0,0.21890447403961374,0.18020359273299852,0.21636935559087073,0.3763176114124488,0,VOLATILE,1.0,1336346919843522.8,400848718656886.5,2018-12-07,263.57,-0.011761581363584517,-0.02579959782979857
739,1,-0.001167008687386728,0,0.34739675821456417,3,0,-1.0,0.2987363686680439,0.2987363686680439,1,0,0.2403875922894243,0.14042135887666354,0.21026965038869594,0.34739675821456417,0,VOLATILE,1.0,1467494988094394.8,131148087056223.97,2018-12-10,264.07,-0.032983678570076,-0.023099935623130063
740,-1,-0.023153452651561546,1,0.3374444431494003,3,2,-1.0,0.27648732249431934,0.27648732249431934,1,0,0.23410750194284066,0.055803289772907286,0.17997026390524928,0.3374444431494003,0,VOLATILE,1.0,1429156898259477.2,38338043016450.5,2018-12-11,264.13,-0.0342634308863059,-0.0198765759285201
741,1,0.02625600071662426,1,0.33468038100483943,3,2,-1.0,0.2804942770372191,0.2804942770372191,1,0,0.23204976892022003,0.07081405572298095,0.18428794154773365,0.33468038100483943,0,VOLATILE,1.0,1416595048170740.5,12561856502490.014,2018-12-12,265.46,-0.05349205153318759,-0.02441045731936997
742,1,-0.0002962283127318499,0,0.33364983677772525,3,0,-1.0,0.28420500326738696,0.28420500326738696,1,0,0.23253325737184768,0.08347288246414733,0.18866871327866497,0.33364983677772525,0,VOLATILE,1.0,1419546601837915.0,2951544280945.7583,2018-12-13,265.37,-0.06858348720654184,-0.03003353807890885
743,-1,-0.013315687986752645,1,0.3336372212473918,3,2,-1.0,0.2746000415108022,0.2746000415108022,1,0,0.2329974692138544,0.04698060238719773,0.1766593572003507,0.3336372212473918,0,VOLATILE,1.0,1422380477517899.0,2833898495200.126,2018-12-14,260.47,-0.0759012554228895,-0.00046070564748346143
744,1,0.02056958489622135,1,0.33380542496373766,3,2,-1.0,0.2855646646504388,0.2855646646504388,1,0,0.2322763118233504,0.08894524933859844,0.19040718705398293,0.33380542496373766,0,VOLATILE,1.0,1417978025435773.0,4402477687025.91,2018-12-17,255.36,-0.08231516290726826,0.02200814536340845
745,1,0.03060370564385928,0,0.34436626279840327,3,0,-1.0,0.32713299343393465,0.32713299343393465,1,0,0.2491300972626601,0.23589332521339723,0.24500780749201911,0.34436626279840327,0,VOLATILE,1.0,1520865389242916.5,102887284298811.14,2018-12-18,255.08,-0.03489101458366006,0.03089226909204945
746,1,-0.029139109091310622,0,0.3344435192856658,3,0,-1.0,0.3395622131261199,0.3395622131261199,1,0,0.2508260065358535,0.2733649321513455,0.2580636462290663,0.3344435192856658,0,VOLATILE,1.0,1531218412603946.5,10353008968634.17,2018-12-19,251.26,-0.012696012099020937,0.060495104672450895
747,-1,-0.014313178926417813,1,0.37970550420856236,3,2,-1.0,0.3376782538918873,0.3376782538918873,1,0,0.3216635826575979,0.22940899759340133,0.26702419341699973,0.37970550420856236,0,VOLATILE,1.0,1963660815048144.8,432442420981477.5,2018-12-20,247.17,0.0023465630942267612,0.06347857749726926
748,0,0.0019884817709812652,0,0.4178747304755889,3,1,-1.0,0.337782776428636,0.337782776428636,1,0,0.45080801122525327,0.1292834482388237,0.2766971531546923,0.4178747304755889,0,VOLATILE,1.0,2752049266625005.0,788388504642613.5,2018-12-21,240.7,0.03830494391358541,0.09434981304528467
749,1,0.05860022503761264,0,0.39496260008883366,3,1,-1.0,0.39648752400299736,0.39648752400299736,1,0,0.5449521565713696,0.23809800850649573,0.3443500550259551,0.39496260008883366,0,VOLATILE,1.0,3326771364958256.0,574722054543672.1,2018-12-24,234.34,0.0675940940513784,0.12464794742681584
750,1,0.0003226040125833274,0,0.38436033432721656,3,0,-1.0,0.455514875589942,0.455514875589942,1,0,0.4670039423165309,0.5294470918911643,0.41548367806923175,0.38436033432721656,0,VOLATILE,1.0,2850920624658145.0,475850912923432.4,2018-12-26,246.18,-0.008002274758306949,0.07961654074254598
751,-1,-0.10379915831209263,1,0.3371415610390699,3,2,-1.0,0.4107430688647941,0.4107430688647941,1,0,0.47282132741110205,0.32032135161117825,0.34771422634076005,0.3371415610390699,0,VOLATILE,1.0,2886434036098365.0,35513524116620.055,2018-12-27,248.07,0.01741443947272936,0.06324827669609379
752,-1,-0.03739411788902813,0,0.3594833481559635,3,0,-1.0,0.32857714425061807,0.32857714425061807,1,0,0.43287485123566866,0.0689019508211217,0.2505922673522634,0.3594833481559635,0,VOLATILE,1.0,2642572641168708.0,243861253531272.66,2018-12-28,247.75,0.026760847628657825,0.0632088799192736
753,1,0.09448048323881303,1,0.3376875477410253,3,2,-1.0,0.34089170287525505,0.34089170287525505,1,0,0.42622340885405335,0.10538613773392211,0.26053651552932516,0.3376875477410253,0,VOLATILE,1.0,2601967557247126.0,40605108287922.766,2018-12-31,249.92,0.027408770806658156,0.07066261203585156
754,-1,-0.049318285033397524,1,0.3633413444160801,3,2,-1.0,0.3038879764664945,0.3038879764664945,1,0,0.38038351985613605,0.031702400205278446,0.22069530668713816,0.3633413444160801,0,VOLATILE,1.0,2322128624136739.5,279838892951072.0,2019-01-02,250.18,0.03113758094172203,0.07894316092413467
755,1,0.051278592498179565,1,0.3481765321663628,3,2,-1.0,0.31816284255591354,0.31816284255591354,1,0,0.3577092307360873,0.09653382797336052,0.23474768623648257,0.3481765321663628,0,VOLATILE,1.0,2183708810845325.0,138419847881081.2,2019-01-03,244.21,0.0600712501535563,0.10585152123172681
756,-1,-0.029980323363136996,1,0.3504988108202856,3,2,-1.0,0.30245738528219557,0.30245738528219557,1,0,0.33148744795086055,0.06560185497258703,0.21569643430781588,0.3504988108202856,0,VOLATILE,1.0,2023632600381474.5,160076194442860.28,2019-01-04,252.39,0.02611038472205718,0.07753872974365073
757,1,0.023603546961290522,1,0.3342213499515821,3,2,-1.0,0.3103554749697681,0.3103554749697681,1,0,0.3328439722033205,0.08165507139699649,0.22149968120010566,0.3342213499515821,0,VOLATILE,1.0,2031913778801518.5,8281174873191.265,2019-01-07,254.38,0.01187200251592091,0.07359069109206717
758,1,0.009882452950731146,0,0.3393765485868274,3,0,-1.0,0.3281360176080718,0.3281360176080718,1,0,0.34207552263584534,0.1429669548345445,0.24501415915679658,0.3393765485868274,0,VOLATILE,1.0,2088269657501614.2,56355839836887.555,2019-01-08,256.77,0.01394243875842216,0.062195739377653325
759,-1,-0.0475885450288035,1,0.34806734457578564,3,2,-1.0,0.298328015217572,0.298328015217572,1,0,0.36458301214613226,0.015197553351602012,0.20992685516591142,0.34806734457578564,0,VOLATILE,1.0,2225671208623129.0,137401621968445.97,2019-01-09,257.97,0.01166802341357509,0.04717602822033551
760,1,0.04056500940654828,1,0.35097589225106884,3,2,-1.0,0.3090850222336205,0.3090850222336205,1,0,0.39153357777901104,0.030767174785367432,0.2241002508547928,0.35097589225106884,0,VOLATILE,1.0,2390196422324429.5,164525204377898.66,2019-01-10,258.88,0.015760197775030793,0.04476977750309041
761,1,0.0012888998242617244,0,0.34423318926005947,3,0,-1.0,0.3211309290739307,0.3211309290739307,1,0,0.40818407023328446,0.05423180573900018,0.2374719586574282,0.34423318926005947,0,VOLATILE,1.0,2491842742724073.5,101646310628529.34,2019-01-11,258.98,0.028882539192215395,0.04494555564136227
762,1,-7.780892357645008e-06,0,0.3496818461501859,3,0,-1.0,0.33316905502188326,0.33316905502188326,1,0,0.4331578675207586,0.07848747342394316,0.25388178031490055,0.3496818461501859,0,VOLATILE,1.0,2644300371689085.5,152457612583821.56,2019-01-14,257.4,0.02121212121212146,0.06487956487956503
763,-1,-0.015409954848036755,1,0.3510351617357391,3,2,-1.0,0.32979722612179907,0.32979722612179907,1,0,0.4601989672575234,0.0398170020010277,0.2500053230861837,0.3510351617357391,0,VOLATILE,1.0,2809378269255801.5,165077920348650.25,2019-01-15,260.35,0.0117534088726714,0.05623199539081991
764,1,0.01722498080035184,1,0.3487781582881273,3,2,-1.0,0.3436503780220667,0.3436503780220667,1,0,0.4837923015999975,0.06648023469884827,0.26675751209961523,0.3487781582881273,0,VOLATILE,1.0,2953408581179431.0,144030295951791.03,2019-01-16,260.98,0.009847497892558899,0.05134493064602652
765,1,-0.007051192796624084,0,0.3539558249824528,3,0,-1.0,0.3504523371257103,0.3504523371257103,1,0,0.5152949752449443,0.06436815771330881,0.27655437765275104,0.3539558249824528,0,VOLATILE,1.0,3145723064823297.0,192314486190668.16,2019-01-17,262.96,0.010724064496501429,0.05479920900517188
766,1,-0.002177050739432307,0,0.3436191079493481,3,0,-1.0,0.35507724548992153,0.35507724548992153,1,0,0.531007402457535,0.05824659909168181,0.2797513338497389,0.3436191079493481,0,VOLATILE,1.0,3241642775011639.0,95919712031322.47,2019-01-18,266.46,-0.010132852961044714,0.04274562786159297
767,1,-0.00043821783203057407,0,0.36535346492847637,3,0,-1.0,0.3592639360221022,0.3592639360221022,1,0,0.4820938358001502,0.1391610229790905,0.29041828625974686,0.36535346492847637,0,VOLATILE,1.0,2943039950981061.0,298602868181567.9,2019-01-22,262.86,0.0020923685612113108,0.059156965685155605
768,-1,-0.06690902590934461,1,0.40978458586455074,3,2,-1.0,0.2965416006449383,0.2965416006449383,1,0,0.3653078000502504,0.05406164176668141,0.22312314727231058,0.40978458586455074,0,VOLATILE,1.0,2230095823914604.5,712944080634497.2,2019-01-23,263.41,0.015830834060969412,0.05318704680915687
769,-1,0.029403678472519568,0,0.41823811040796466,3,0,-1.0,0.2632229437402939,0.2632229437402939,1,0,0.23560826834605017,0.06515635348602568,0.18358820727735858,0.41823811040796466,0,VOLATILE,1.0,1438318632249303.0,791777194340049.9,2019-01-24,263.55,0.024207930184025894,0.05915386074748619
770,1,0.08139490432838203,1,0.34677890030982444,3,2,-1.0,0.3112991911640316,0.3112991911640316,1,0,0.256147566947019,0.171308575150468,0.22581871403249565,0.34677890030982444,0,VOLATILE,1.0,1563704961339059.5,125386269933900.78,2019-01-25,265.78,0.016103544284746807,0.05169689216645357
771,-1,-0.08478621620548404,1,0.3925836503426811,3,2,-1.0,0.2745892223822852,0.2745892223822852,1,0,0.16563748346775678,0.15850983822282366,0.19138244056352682,0.3925836503426811,0,VOLATILE,1.0,1011167733386358.6,552537223249327.2,2019-01-28,263.76,0.03108886866848648,0.058993023961176894
772,-1,-0.003368403618238258,0,0.36490482411858066,3,0,-1.0,0.2345108499823006,0.2345108499823006,1,0,0.117409236967288,0.03568506855527461,0.13436476850752085,0.36490482411858066,0,VOLATILE,1.0,716748585750789.6,294419080484753.0,2019-01-29,263.41,0.036786758285562327,0.059944573098970944
773,1,0.06518063880379577,1,0.3404382711926356,3,2,-1.0,0.25961311638611173,0.25961311638611173,1,0,0.10655582552440397,0.12232206431799184,0.1596259632807986,0.3404382711926356,0,VOLATILE,1.0,650491726382680.8,66256905182778.055,2019-01-30,267.58,0.019283952462815,0.041482920995590256
774,-1,-0.042726494861216824,1,0.3443686739328163,3,2,-1.0,0.24198888792870604,0.24198888792870604,1,0,0.08969836593192429,0.07603646925033554,0.1385782783940866,0.3443686739328163,0,VOLATILE,1.0,547581932959636.2,102909769267342.45,2019-01-31,269.93,0.0007779794761604286,0.038861927166302435
775,0,0.017488806633099124,0,0.3379544211065201,3,1,-1.0,0.24185346610439948,0.24185346610439948,1,0,0.08263924699355608,0.07777706672783198,0.13680543790712935,0.3379544211065201,0,VOLATILE,1.0,504488104514675.7,43093828615046.64,2019-02-01,270.06,0.0015181811449307414,0.034584907057690684
776,-1,-0.014810798446073858,0,0.3460571092709698,3,1,-1.0,0.22690724583401903,0.22690724583401903,1,0,0.06320255486242825,0.04724244896837051,0.12014833461026625,0.3460571092709698,0,VOLATILE,1.0,385832861055927.8,118655227190077.28,2019-02-04,271.96,-0.004927195175761012,0.02595969995587577
777,1,0.03318981990469158,1,0.34260882612729177,3,2,-1.0,0.24515084546833016,0.24515084546833016,1,0,0.04903342907931986,0.1272388610223871,0.14209076336723564,0.34260882612729177,0,VOLATILE,1.0,299334548583311.06,86498356318234.95,2019-02-05,273.1,0.0036616623947272053,0.015488831929695968
778,-1,-0.021524361436253664,1,0.33405653833897947,3,2,-1.0,0.24187008366638763,0.24187008366638763,1,0,0.04792866802750952,0.10962654947567883,0.13585173916772944,0.33405653833897947,0,VOLATILE,1.0,292590309868104.75,6744228652763.278,2019-02-06,272.74,0.008249615017965839,0.008322944929236575
779,1,0.014901372011734193,1,0.33634661167591284,3,2,-1.0,0.2534906938761793,0.2534906938761793,1,0,0.05253171973948882,0.15031834105311812,0.1509500202642023,0.33634661167591284,0,VOLATILE,1.0,320690575996383.3,28100245404991.645,2019-02-07,270.14,0.015695565262456634,0.015991708003257443
780,1,-0.005040541068526472,0,0.33338198661369917,3,0,-1.0,0.2600707630174445,0.2600707630174445,1,0,0.05260604427612071,0.17269580699957054,0.1584339504252304,0.33338198661369917,0,VOLATILE,1.0,321144305259033.5,453714845628.3303,2019-02-08,270.47,0.025511147262173184,0.029467223721669544
781,-1,-0.037237295540778204,1,0.3335859307306325,3,2,-1.0,0.22941353661793146,0.22941353661793146,1,0,0.05222016927073538,0.05827004109448194,0.12016340345507243,0.3335859307306325,0,VOLATILE,1.0,318788652743690.4,2355590173157.644,2019-02-11,270.62,0.0267164289409505,0.032776587096297494
782,-1,0.02504508319029744,0,0.33418297366564487,3,0,-1.0,0.22380139340871588,0.22380139340871588,1,0,0.053518067843504685,0.03637438768841355,0.11329748517730608,0.33418297366564487,0,VOLATILE,1.0,326711938768788.6,7923297860195.226,2019-02-12,274.1,0.01572418825246258,0.026413717621305954
783,-1,0.0037576237877661733,0,0.333520478134473,3,0,-1.0,0.22194687398726648,0.22194687398726648,1,0,0.05323218695793814,0.029208949095165897,0.11081371201770135,0.333520478134473,0,VOLATILE,1.0,324966720711711.1,1745213764020.2188,2019-02-13,274.99,0.008836684970362496,0.0224371795338012
784,1,0.010829005551066195,1,0.33519188893448065,3,2,-1.0,0.23092136011688327,0.23092136011688327,1,0,0.05607129718305338,0.06127771995611939,0.12244967237972425,0.33519188893448065,0,VOLATILE,1.0,342298646982630.6,17331909818312.139,2019-02-14,274.38,0.017348203221809078,0.02525694292586933
785,-1,-0.01364057228636309,1,0.33352210094620993,3,2,-1.0,0.22625527396013698,0.22625527396013698,1,0,0.05578293639382311,0.042815916666347965,0.11619961768672368,0.33352210094620993,0,VOLATILE,1.0,340538289848852.8,1760347250830.4014,2019-02-15,277.37,0.007751379024407701,0.01788225114468034
786,1,0.02700308615754446,1,0.33346711882152985,3,2,-1.0,0.24859227396093514,0.24859227396093514,1,0,0.05598731266604899,0.1263340538036053,0.14410712215655141,0.33346711882152985,0,VOLATILE,1.0,341785946403504.75,1247612939311.2751,2019-02-19,277.85,0.005290624437646052,0.01637574230700012
787,1,-0.015410637892869922,0,0.34178651945890204,3,0,-1.0,0.2555186360688634,0.2555186360688634,1,0,0.04307433017632448,0.17146044467608978,0.15484492495080476,0.34178651945890204,0,VOLATILE,1.0,262956016353678.75,78829957799121.78,2019-02-20,278.41,0.0028375417549655335,0.011278330519737034
788,-1,-0.031882070965943976,1,0.3403090947058865,3,2,-1.0,0.23056292721084765,0.23056292721084765,1,0,0.03241823215695209,0.0874245659131414,0.12328093269003115,0.3403090947058865,0,VOLATILE,1.0,197903696942600.9,65052273361379.09,2019-02-21,277.42,0.0045418499026745884,0.02634993872107283
789,-1,0.022396376526584744,0,0.33396867580330414,3,0,-1.0,0.22800359487941665,0.22800359487941665,1,0,0.03338877236878341,0.07210121528150729,0.11849666255009689,0.33396867580330414,0,VOLATILE,1.0,203828557219464.7,5924868960864.059,2019-02-22,279.14,0.004585512645984169,0.000394067493014294
790,-1,0.00046483236287669927,0,0.33517995550107543,3,0,-1.0,0.22590909491086236,0.22590909491086236,1,0,0.030567893914100596,0.0679761786274399,0.11618135751384683,0.33517995550107543,0,VOLATILE,1.0,186607930502232.03,17220624908959.04,2019-02-25,279.52,-0.00042930738408697433,-0.0017172295363478973
791,-1,-0.010482322919039583,0,0.33495059081256623,3,0,-1.0,0.2133322720232685,0.2133322720232685,1,0,0.028097386492414115,0.02311157670426728,0.10040298773222713,0.33495059081256623,0,VOLATILE,1.0,171526215074050.1,15081690731098.81,2019-02-26,279.32,-0.0010740369468710265,0.006444221681225937
792,1,0.018947456167259763,1,0.33484432419326304,3,2,-1.0,0.21970290530293438,0.21970290530293438,1,0,0.030405560248075815,0.04461357778287539,0.10833971267698372,0.33484432419326304,0,VOLATILE,1.0,185616931594919.3,14090704256805.54,2019-02-27,279.2,-0.006697707736389669,0.0016117478510029315
793,-1,-0.010770506353095927,1,0.3346819409088384,3,2,-1.0,0.21530303222950434,0.21530303222950434,1,0,0.03246567522947513,0.02593215131279481,0.10279927551408997,0.3346819409088384,0,VOLATILE,1.0,198193322835868.9,12576403344897.424,2019-02-28,278.68,-0.013169226352806152,0.00728434046217874
794,0,0.004590415336531428,0,0.3349518872551927,3,1,-1.0,0.21549357449260573,0.21549357449260573,1,0,0.029993191870895084,0.029321627917770935,0.10310493992955533,0.3349518872551927,0,VOLATILE,1.0,183099544898717.66,15093780671627.248,2019-03-01,280.42,-0.021253833535411326,0.007346123671635452
795,1,0.0029619772442631143,0,0.3382618762694058,3,1,-1.0,0.21864609399997023,0.21864609399997023,1,0,0.022464410091261558,0.051154849610681265,0.10787308656731427,0.3382618762694058,0,VOLATILE,1.0,137138564039246.45,45960993392371.82,2019-03-04,279.4,-0.0034359341445955316,0.02301360057265578
796,1,0.036925079436831404,0,0.3384618896559807,3,0,-1.0,0.25872369294416614,0.25872369294416614,1,0,0.030298744289602098,0.19376152149300635,0.1580200885942028,0.3384618896559807,0,VOLATILE,1.0,184964851833997.4,47826212800621.3,2019-03-05,279.02,0.0016844670632929493,0.02490860870188527
797,1,-0.03663078841126602,0,0.33357100173223286,3,0,-1.0,0.26217050347709603,0.26217050347709603,1,0,0.03066180504472023,0.20265583429356457,0.16110587977942825,0.33357100173223286,0,VOLATILE,1.0,187181230114737.25,2216370203746.8047,2019-03-06,277.33,0.014459308405148974,0.032776836260051345
798,-1,-0.04732809914907782,1,0.3335232892834175,3,2,-1.0,0.2182892148609481,0.2182892148609481,1,0,0.03037161570442035,0.038355406986698135,0.10624234089703949,0.3335232892834175,0,VOLATILE,1.0,185409710218752.88,1771429057209.0547,2019-03-07,275.01,0.02236282317006677,0.04425293625686355
799,1,0.05776153544440149,1,0.33429117992990104,3,2,-1.0,0.23216946168920166,0.23216946168920166,1,0,0.031834815563651545,0.08951905071828041,0.12378462209397731,0.33429117992990104,0,VOLATILE,1.0,194342111594182.25,8932372440857.262,2019-03-08,274.46,0.024958099540916878,0.0514100415361074
800,-1,-0.02846161809037151,1,0.3349740172927926,3,2,-1.0,0.2175880904270837,0.2175880904270837,1,0,0.029328521573510655,0.037857330497647744,0.1057286173570528,0.3349740172927926,0,VOLATILE,1.0,179041929774504.06,15300153736667.78,2019-03-11,278.44,0.013970693865823725,0.03717138342192228
801,1,0.03244210819588475,1,0.33377921796430066,3,2,-1.0,0.23544882736085052,0.23544882736085052,1,0,0.030009655433036894,0.10325786064337798,0.1277558386921383,0.33377921796430066,0,VOLATILE,1.0,183200050064975.16,4158085025019.5977,2019-03-12,279.49,0.010411821532076093,0.027979534151490126
802,-1,-0.031638657787928376,1,0.33339740117969713,3,2,-1.0,0.22167090650668894,0.22167090650668894,1,0,0.029911781596257247,0.051402168688599134,0.11043798342828545,0.33339740117969713,0,VOLATILE,1.0,182602559306106.16,597462962499.3616,2019-03-13,281.34,0.0007464278097677468,0.024703206085163965
803,-1,0.00831748475218988,0,0.3334766362280707,3,0,-1.0,0.21621047040471725,0.21621047040471725,1,0,0.030130687255315636,0.030766053933427136,0.10363224706291425,0.3334766362280707,0,VOLATILE,1.0,183938913460138.0,1336367255711.1077,2019-03-14,281.16,0.012697396500213287,0.025074690567648217
804,1,0.017017398102508935,1,0.33354302660607665,3,2,-1.0,0.2277674324052545,0.2277674324052545,1,0,0.029810366384750094,0.07447477508951171,0.11809504715808726,0.33354302660607665,0,VOLATILE,1.0,181983449504365.25,1955488924006.507,2019-03-15,281.31,-0.007322882229568783,0.03145995520955536
805,1,-0.00812078943614189,0,0.3334807658021865,3,0,-1.0,0.23120360496964984,0.23120360496964984,1,0,0.029585151381678654,0.08753894160614822,0.12237469766260896,0.3334807658021865,0,VOLATILE,1.0,180608578675536.94,1374877487053.517,2019-03-18,282.33,-0.011653030142032228,0.027060532001558668
806,1,0.00521781547648037,0,0.33536616559910637,3,0,-1.0,0.23985759301052556,0.23985759301052556,1,0,0.026479824092306255,0.1245107738964944,0.13366353266293354,0.33536616559910637,0,VOLATILE,1.0,161651476147299.53,18957122124505.527,2019-03-19,282.4,-0.004532577903682666,0.02747875354107676
807,-1,-0.011300522776373306,1,0.3335261677089666,3,2,-1.0,0.23721105827502798,0.23721105827502798,1,0,0.02677439486557023,0.11291169944750964,0.12989536477102662,0.3335261677089666,0,VOLATILE,1.0,163449743392655.16,1798271736548.2434,2019-03-20,281.55,-0.006748357307760688,0.028058959332267763
808,-1,-0.023965925250106546,0,0.3338062876082689,3,0,-1.0,0.21059859828942384,0.21059859828942384,1,0,0.027496865118568366,0.012602594172972758,0.09669981976384703,0.3338062876082689,0,VOLATILE,1.0,167860210111110.22,4410522255190.4,2019-03-21,284.73,-0.014118638710357345,0.01857900467109186
809,1,0.051557088218893876,1,0.3339576744917085,3,2,-1.0,0.2355432265227136,0.2355432265227136,1,0,0.02654313665126457,0.10721221867769282,0.1279184517763191,0.3339576744917085,0,VOLATILE,1.0,162037980550750.16,5822276528148.406,2019-03-22,279.25,0.011566696508505059,0.03946284691136959
810,1,0.009781934864229624,0,0.3444203709829172,3,0,-1.0,0.27026978962023296,0.27026978962023296,1,0,0.04347957556736425,0.2283474137456972,0.17394232977102048,0.3444203709829172,0,VOLATILE,1.0,265429919331097.06,103391868705028.86,2019-03-25,279.04,0.02433342889908241,0.0495986238532109
811,-1,-0.06552309168107295,1,0.3335817816412873,3,2,-1.0,0.23947326103667937,0.23947326103667937,1,0,0.04310003796718464,0.10511102715132871,0.1327370217061711,0.3335817816412873,0,VOLATILE,1.0,263112954795812.84,2316897953073.4756,2019-03-26,281.12,0.017252418895845167,0.03952048947068865
812,-1,0.020583624264158384,0,0.3353795639299417,3,0,-1.0,0.22926035671728417,0.22926035671728417,1,0,0.039974237433312326,0.07128677320395967,0.12042033687909065,0.3353795639299417,0,VOLATILE,1.0,244030869179190.9,19082067895087.137,2019-03-27,279.65,0.02420883246915806,0.04434114071160389
813,-1,0.0026633561523639326,0,0.3358753309080782,3,0,-1.0,0.2217108085502529,0.2217108085502529,1,0,0.03609110961012646,0.0472309206343807,0.11110734341483572,0.3358753309080782,0,VOLATILE,1.0,220325524970766.66,23705329394853.055,2019-03-28,280.71,0.02304869794449793,0.04524242100388309
814,1,0.025076019713202696,1,0.33575989433451214,3,2,-1.0,0.23923728009642434,0.23923728009642434,1,0,0.039797900990143895,0.10916182012233154,0.13298657370415848,0.33575989433451214,0,VOLATILE,1.0,242954387468535.44,22628828760948.45,2019-03-29,282.48,0.021559048428207106,0.04032143868592453
815,-1,-0.018641887916241745,1,0.33335660165223974,3,2,-1.0,0.23812186372635402,0.23812186372635402,1,0,0.039833445160130834,0.10314099505287651,0.13099148007100242,0.33335660165223974,0,VOLATILE,1.0,243171374089246.75,216988076472.36972,2019-04-01,285.83,0.010355805898611292,0.028653395374873103
816,-1,-0.008858277878632165,0,0.3373025298528155,3,0,-1.0,0.22814816947765154,0.22814816947765154,1,0,0.03377014445544128,0.07476238847536361,0.11951084431026829,0.3373025298528155,0,VOLATILE,1.0,206156720750865.66,37014634420598.35,2019-04-02,285.97,0.004685806203447829,0.020421722558310318
817,1,0.04290202886188704,1,0.33914282792873013,3,2,-1.0,0.2610765040908361,0.2610765040908361,1,0,0.042644670377461356,0.19074934090972154,0.16113133709572763,0.33914282792873013,0,VOLATILE,1.0,260333070654143.1,54176284182852.37,2019-04-03,286.42,0.006528873682005498,0.016618951190559228
818,-1,-0.0453703239843018,1,0.33375259242753486,3,2,-1.0,0.24863451471971887,0.24863451471971887,1,0,0.043285121071850036,0.13940875344774697,0.14423129150653233,0.33375259242753486,0,VOLATILE,1.0,264242832281962.0,3909789304512.9814,2019-04-04,287.18,0.0035866007382128196,0.023852635977435588
819,-1,-0.0006606885884625768,0,0.335368364591487,3,0,-1.0,0.23553183676013906,0.23553183676013906,1,0,0.04639380622521587,0.08837685506892096,0.1282568870980456,0.335368364591487,0,VOLATILE,1.0,283220433574441.5,18977628768271.664,2019-04-05,288.57,0.00550992826697172,0.014727795682156763
820,-1,0.001976351281589739,0,0.33392826813531895,3,0,-1.0,0.22440551008214898,0.22440551008214898,1,0,0.0473026176838241,0.044664246225723785,0.11398895463651595,0.33392826813531895,0,VOLATILE,1.0,288768458112349.44,5548048349710.428,2019-04-08,288.79,0.004086014058658494,-0.002977942449530868
821,0,0.011282806037996584,0,0.33505851121505364,3,1,-1.0,0.2245619894421555,0.2245619894421555,1,0,0.04993797872404396,0.043463365095329456,0.1144671146064578,0.33505851121505364,0,VOLATILE,1.0,304856556010869.9,16088099515594.357,2019-04-09,287.31,0.009919599039365234,0.0007657234346174491
822,1,0.007783572986061221,0,0.3333693889568112,3,1,-1.0,0.23250204178822323,0.23250204178822323,1,0,0.049882903202482246,0.07202679522096324,0.12396989947448182,0.3333693889568112,0,VOLATILE,1.0,304520336278858.1,336235738212.92786,2019-04-10,288.29,0.004023726109126047,-0.005654028929203192
823,-1,-0.01242203134813169,1,0.3348356923788269,3,2,-1.0,0.22802006278615927,0.22802006278615927,1,0,0.05217788759780726,0.05402411713441015,0.1187340015774058,0.3348356923788269,0,VOLATILE,1.0,318530535664853.94,14010208505543.477,2019-04-11,288.21,0.006280142951320178,-0.00038166614621271133
824,-1,-0.0017475464039944377,0,0.33457245874612773,3,0,-1.0,0.22179053738010088,0.22179053738010088,1,0,0.05407075845944334,0.02857310077553072,0.11088128641165801,0.33457245874612773,0,VOLATILE,1.0,330085951134120.1,11555430407825.125,2019-04-12,290.16,0.00037910118555273264,-0.03205128205128205
825,1,0.023135078924226588,1,0.3340179694167011,3,2,-1.0,0.23869609089826907,0.23869609089826907,1,0,0.053024922179864466,0.09259889575117039,0.13187460597701162,0.3340179694167011,0,VOLATILE,1.0,323701430685155.1,6384555214795.628,2019-04-15,289.97,0.010035520915956608,-0.022657516294789293
826,-1,-0.020236643597216025,1,0.3351581813780869,3,2,-1.0,0.23536500081922124,0.23536500081922124,1,0,0.0558125373677313,0.07817485173791337,0.12799579636854821,0.3351581813780869,0,VOLATILE,1.0,340718995019362.1,17017570915967.174,2019-04-16,290.16,0.007133995037220897,-0.01757650951199341
827,-1,-0.014925867704897205,0,0.33459124619536695,3,0,-1.0,0.21710804303527623,0.21710804303527623,1,0,0.053890958561689094,0.011207637467121964,0.10503286534293702,0.33459124619536695,0,VOLATILE,1.0,328988326059958.4,11730632255824.512,2019-04-17,289.45,0.00898255311798235,-0.006045949214026569
828,1,0.019780979961549316,1,0.33472225254873694,3,2,-1.0,0.21863206521288053,0.21863206521288053,1,0,0.051769262722256536,0.019142671237598212,0.1069706446532849,0.33472225254873694,0,VOLATILE,1.0,316036001936343.5,12952328448735.387,2019-04-18,290.02,0.011688849044893646,-0.01441279911730231
829,1,0.018398629648171183,0,0.3343259035377242,3,0,-1.0,0.23855471703865602,0.23855471703865602,1,0,0.050253030617236676,0.0950715859310166,0.13177487218275108,0.3343259035377242,0,VOLATILE,1.0,306779854421768.4,9256186503232.041,2019-04-22,290.27,0.01240224618458674,-0.021772832190719016
830,-1,-0.0209961336516499,1,0.3493910951873982,3,2,-1.0,0.2374812352127816,0.2374812352127816,1,0,0.025723386977182107,0.1268745664612976,0.13419931781282657,0.3493910951873982,0,VOLATILE,1.0,157033651805031.66,149746222371167.84,2019-04-23,292.88,0.003892379131384738,-0.021749521988527754
831,-1,-0.01872919819048527,0,0.3363883765681244,3,0,-1.0,0.21767855519642193,0.21767855519642193,1,0,0.021056532035633336,0.04752933237704224,0.10619528813755852,0.3363883765681244,0,VOLATILE,1.0,128543885874680.5,28489722773834.42,2019-04-24,292.23,-0.001437224104301471,-0.022584950210450705
832,-1,0.013497508702425637,0,0.333366264879219,3,0,-1.0,0.2113733838824879,0.2113733838824879,1,0,0.02100622374858954,0.02166866447015432,0.09755829607291461,0.333366264879219,0,VOLATILE,1.0,128236768696155.33,307102237412.7481,2019-04-25,292.05,-0.002978941961992776,-0.03393254579695271
833,1,0.010590980356157825,1,0.33437430377849053,3,2,-1.0,0.21565919292471167,0.21565919292471167,1,0,0.01941605134627311,0.04008664995526356,0.10316756710051223,0.33437430377849053,0,VOLATILE,1.0,118529237586164.5,9707541634942.688,2019-04-26,293.41,0.0021130840802969786,-0.03622916737670856
834,0,-0.004832196882555151,0,0.33357358317733893,3,1,-1.0,0.2151128050843803,0.2151128050843803,1,0,0.019783053897901578,0.03707015255152885,0.10228440214981013,0.33357358317733893,0,VOLATILE,1.0,120769679366055.5,2240443400024.3296,2019-04-29,293.87,-0.0035730084731344647,-0.0466873107156226
835,0,0.0007130154473797556,0,0.33672655257714595,3,0,-1.0,0.21527943269142868,0.21527943269142868,1,0,0.01459961300128743,0.045243174024429504,0.1032809290085723,0.33672655257714595,0,VOLATILE,1.0,89126309321787.9,31643373968051.918,2019-04-30,294.02,-0.020712876675056058,-0.05356778450445543
836,1,0.016615514305530432,0,0.3341902640210885,3,1,-1.0,0.2320615746040075,0.2320615746040075,1,0,0.015908655637021266,0.10496494714382343,0.12362453426028155,0.3341902640210885,0,VOLATILE,1.0,97117626547630.4,7991283872028.418,2019-05-01,291.81,-0.014667077893149805,-0.04379562043795626
837,-1,-0.03866967240030217,1,0.3338410586056041,3,2,-1.0,0.21017404411628413,0.21017404411628413,1,0,0.015133053146604037,0.02340040624366451,0.09617781979675617,0.3338410586056041,0,VOLATILE,1.0,92382803270768.27,4734778247173.858,2019-05-02,291.18,-0.01552304416512118,-0.05463974174050423
838,-1,0.01991348195080031,0,0.3336281795449456,3,0,-1.0,0.20819999557936106,0.20819999557936106,1,0,0.014682648950350725,0.016288469130962522,0.09365703936043775,0.3336281795449456,0,VOLATILE,1.0,89633219174836.12,2749580344424.7295,2019-05-03,294.03,-0.020168010066999753,-0.06618372274937923
839,1,0.03327367074826629,1,0.333771663169528,3,2,-1.0,0.23949961779070428,0.23949961779070428,1,0,0.014013071170464488,0.13443924292182266,0.13281743803076237,0.333771663169528,0,VOLATILE,1.0,85545645324770.77,4087632991400.334,2019-05-06,292.82,-0.04084420463083116,-0.041971176832183654
840,0,-0.031769509051314676,0,0.34548040233136446,3,1,-1.0,0.23902973095073282,0.23902973095073282,1,0,0.03256878931348304,0.12290300350028838,0.13515726427125713,0.34548040233136446,0,VOLATILE,1.0,198822803750596.66,113277162276300.1,2019-05-07,287.93,-0.015732990657451595,-0.0172611398603828
841,1,0.04158855423380192,0,0.3685887620617897,3,1,-1.0,0.2801483983445633,0.2801483983445633,1,0,0.08642457535355595,0.24057348998489875,0.19233268844615153,0.3685887620617897,0,VOLATILE,1.0,527596411992972.2,328773543794078.94,2019-05-08,287.53,-0.00859040795743038,-0.009494661426633577
842,1,-0.03987142519200587,0,0.33683868853761056,3,0,-1.0,0.2813956405463879,0.2813956405463879,1,0,0.0917793128204163,0.2160833556317461,0.18595422281738747,0.33683868853761056,0,VOLATILE,1.0,560285496817773.9,32689094824055.47,2019-05-09,286.66,0.003627991348635895,0.003453568687643793
843,-1,-0.049372495737569966,1,0.3388592582708569,3,2,-1.0,0.2332703870106425,0.2332703870106425,1,0,0.10022063339087772,0.028687761602174386,0.12630279833101737,0.3388592582708569,0,VOLATILE,1.0,611817256473387.5,51531863034281.58,2019-05-10,288.1,-0.007844498438042469,0.003019784796945535
844,1,0.050538625128676906,1,0.34141836410241905,3,2,-1.0,0.23568375860357405,0.23568375860357405,1,0,0.11257123066500904,0.027306637175207978,0.12995928928007233,0.34141836410241905,0,VOLATILE,1.0,687213991500952.2,75396735013775.88,2019-05-13,280.86,0.011001922666096897,0.02862636188848522
845,1,0.036539102118155364,0,0.3487806141866122,3,0,-1.0,0.27463623231466094,0.27463623231466094,1,0,0.1361683246644689,0.15530300715546874,0.1804904439399792,0.3487806141866122,0,VOLATILE,1.0,831267255015930.9,144053198366459.94,2019-05-14,283.4,0.010973888496824236,0.017607621736062118
846,1,-0.032012372811208945,0,0.3369505220838355,3,0,-1.0,0.2815763332145389,0.2815763332145389,1,0,0.1306427528281993,0.1779813882891982,0.1862080470391325,0.3369505220838355,0,VOLATILE,1.0,797535277009685.1,33731995524275.105,2019-05-15,285.06,0.0019995790359923493,0.015856310952080177
847,-1,-0.051240937118799845,1,0.3365559314170982,3,2,-1.0,0.237275496995617,0.237275496995617,1,0,0.12571993563259629,0.016480126663791242,0.13073335409879583,0.3365559314170982,0,VOLATILE,1.0,767482937398269.5,30052250970592.27,2019-05-16,287.7,-0.01932568647897115,0.005422314911365911
848,1,0.05185698761605498,1,0.3353818058428716,3,2,-1.0,0.2448316483927501,0.2448316483927501,1,0,0.12259071569269195,0.047064320162274555,0.13988501195165548,0.3353818058428716,0,VOLATILE,1.0,748379977321504.0,19102974793270.367,2019-05-17,285.84,-0.010705289672544138,0.012349566190876127
849,1,0.023212663717301796,0,0.33517669786273574,3,0,-1.0,0.275600463507185,0.275600463507185,1,0,0.1254066275266019,0.1594776340223935,0.17829475384966514,0.33517669786273574,0,VOLATILE,1.0,765570284291271.6,17190245891032.387,2019-05-20,283.95,-0.013382637788343033,0.029758760345131252
850,-1,-0.04818883742687305,1,0.34038297872563567,3,2,-1.0,0.2581804411947468,0.2581804411947468,1,0,0.11463766847679879,0.10882622004772846,0.15782129617484242,0.34038297872563567,0,VOLATILE,1.0,699828981747034.2,65741276782377.78,2019-05-21,286.51,-0.028759903668283848,0.022861331192628676
851,-1,0.0070843759132483974,0,0.335148161562747,3,0,-1.0,0.24784479479555704,0.24784479479555704,1,0,0.11740997462346987,0.06336912703192928,0.14359303388513306,0.335148161562747,0,VOLATILE,1.0,716753088923102.0,16924131399947.564,2019-05-22,285.63,-0.023106816510870765,0.03581556559184973
852,1,0.020824159117987295,1,0.3336339838587333,3,2,-1.0,0.25833330751435457,0.25833330751435457,1,0,0.11786924719040072,0.1011061438824788,0.15632513035762652,0.3336339838587333,0,VOLATILE,1.0,719556811792994.5,2803708315125.8154,2019-05-23,282.14,-0.024349613666973857,0.042035868717657854
853,1,0.031829465732478746,0,0.334862691070716,3,0,-1.0,0.30065128596563084,0.30065128596563084,1,0,0.11553303360701135,0.26305630706714145,0.20952978022471758,0.334862691070716,0,VOLATILE,1.0,705294920436246.8,14261984074025.443,2019-05-24,282.78,-0.029033170662705943,0.03840441332484623
854,-1,-0.06335032949758596,1,0.3347227476825858,3,2,-1.0,0.27961893491932116,0.27961893491932116,1,0,0.11341057410099917,0.18620249260839458,0.18320435556979792,0.3347227476825858,0,VOLATILE,1.0,692337934354552.0,12956945806004.945,2019-05-28,280.15,0.0013564162056041162,0.037872568266999806
855,-1,-0.012918162087074025,0,0.3360416531415657,3,0,-1.0,0.24566842178593745,0.24566842178593745,1,0,0.10927336589581049,0.06401445565762934,0.14109594051781327,0.3360416531415657,0,VOLATILE,1.0,667081504736056.8,25256362869346.215,2019-05-29,278.27,0.016854134473712534,0.04384231142415662
856,1,0.07383510215118949,1,0.33559229965147264,3,2,-1.0,0.28555301080374323,0.28555301080374323,1,0,0.1127241487736014,0.20979386647904025,0.1908393384175472,0.33559229965147264,0,VOLATILE,1.0,688147511221379.4,21065929092691.977,2019-05-30,279.03,0.020678780059491864,0.04469053506791387
857,-1,-0.041432740050948214,1,0.3350484569841208,3,2,-1.0,0.2840048597706008,0.2840048597706008,1,0,0.11534415084694438,0.20096041603089923,0.1887681889592812,0.3350484569841208,0,VOLATILE,1.0,704141847180277.8,15994339057896.652,2019-05-31,275.27,0.04497402550223417,0.0644094888654776
858,-1,-0.03375137163503278,0,0.3354292195335902,3,0,-1.0,0.24870533710242557,0.24870533710242557,1,0,0.11214248841687476,0.07207444036741378,0.1447389762614295,0.3354292195335902,0,VOLATILE,1.0,684596647176608.5,19545129879284.85,2019-06-03,274.57,0.0524456422770152,0.0768110135848783
859,-1,0.0333251700786063,0,0.3375913747215711,3,0,-1.0,0.24673098451285663,0.24673098451285663,1,0,0.10563795468081152,0.07279676828357917,0.14281157432146357,0.3375913747215711,0,VOLATILE,1.0,644888396985096.2,39708249405086.46,2019-06-04,280.53,0.029836381135707413,0.056678430114426304
860,-1,-0.001842210037220987,0,0.3351088362239563,3,0,-1.0,0.24291442188606674,0.24291442188606674,1,0,0.10292571650571113,0.05933499273500623,0.13742023641357246,0.3351088362239563,0,VOLATILE,1.0,628330986968334.6,16557404020322.8,2019-06-05,282.96,0.01918999151823586,0.055979643765903475
861,-1,-0.017999889007130176,0,0.3521451370479036,3,0,-1.0,0.22109797025214667,0.22109797025214667,1,0,0.0741890242981447,0.01903721693333316,0.11440874707715928,0.3521451370479036,0,VOLATILE,1.0,452902000025274.9,175428964998114.47,2019-06-06,284.8,0.016783707865168473,0.047963483146067354
862,1,0.024832637972225874,1,0.333620498976407,3,2,-1.0,0.22411415659045247,0.22411415659045247,1,0,0.07462769479612742,0.016015766650374547,0.11354782048216731,0.333620498976407,0,VOLATILE,1.0,455579953371716.6,2677955410964.1914,2019-06-07,287.65,0.005597079784460224,0.031879019641926076
863,1,0.0030502809505796036,0,0.3359778741843274,3,0,-1.0,0.23018062387933788,0.23018062387933788,1,0,0.0705879279351979,0.0445728172505648,0.12172024839525422,0.3359778741843274,0,VOLATILE,1.0,430918374273465.0,24661593934546.613,2019-06-10,288.97,0.0013842267363393113,0.02844585943177491
864,-1,-0.008107554740519829,1,0.3378784011839471,3,2,-1.0,0.22813953642770346,0.22813953642770346,1,0,0.06364493636987449,0.04528712612197385,0.11964402083061611,0.3378784011839471,0,VOLATILE,1.0,388533469015016.6,42384906890231.83,2019-06-11,288.9,0.012114918656974671,0.03361024575977867
865,-1,-0.01100791050938521,0,0.3462660084795491,3,0,-1.0,0.21509053846668383,0.21509053846668383,1,0,0.043889132776735784,0.02239989283299035,0.10542967520324203,0.3462660084795491,0,VOLATILE,1.0,267930144681193.44,120603311090272.73,2019-06-12,288.39,0.016193349283955882,0.03786539061687311
866,1,0.022531613314524523,1,0.3368239093582937,3,2,-1.0,0.22457315382018872,0.22457315382018872,1,0,0.049221297576246124,0.04554596126818186,0.11492241961480931,0.3368239093582937,0,VOLATILE,1.0,300481430063484.06,32551271988435.227,2019-06-13,289.58,0.021686580564956204,0.03822777816147527
867,-1,-0.018721006642461402,1,0.33604493310531913,3,2,-1.0,0.2153347625312322,0.2153347625312322,1,0,0.05336350174958477,0.006175557571525246,0.10317968644037,0.33604493310531913,0,VOLATILE,1.0,325768358586481.6,25286950082312.203,2019-06-14,289.26,0.01638664177556537,0.03972204936735113
868,1,0.018798664502975876,1,0.33484928550664245,3,2,-1.0,0.22489503574525158,0.22489503574525158,1,0,0.05567925504246501,0.038814093132210264,0.11483111605822509,0.33484928550664245,0,VOLATILE,1.0,339905345935118.4,14136970850077.756,2019-06-17,289.37,0.014756194491481356,0.035732798838856716
869,1,0.017333659417949426,0,0.334378237452739,3,0,-1.0,0.25178896837722037,0.25178896837722037,1,0,0.0540830804963924,0.14090922900773822,0.14833076983471022,0.334378237452739,0,VOLATILE,1.0,330161173516829.8,9744225007388.643,2019-06-18,292.4,-0.005608755129958953,0.01826265389876891
870,1,-0.015598829889943794,0,0.3350108682387544,3,0,-1.0,0.26308407111924537,0.26308407111924537,1,0,0.05664566733713954,0.1811777505390965,0.16260780595874536,0.3350108682387544,0,VOLATILE,1.0,345805006501459.8,15643806233120.332,2019-06-19,293.06,-0.00883778065925056,0.019688800928137518
871,-1,-0.03329155375540588,1,0.3353196413466922,3,2,-1.0,0.2410876201058645,0.2410876201058645,1,0,0.05361139890448406,0.1019569075025269,0.13518943546900364,0.3353196413466922,0,VOLATILE,1.0,327281697228101.56,18523261471260.176,2019-06-20,295.86,-0.014736699790441454,0.004427769891164779
872,1,0.0508688208643534,1,0.34194651465883286,3,2,-1.0,0.269959989956837,0.269959989956837,1,0,0.06676880215388437,0.20204104617837906,0.17293661611075445,0.34194651465883286,0,VOLATILE,1.0,407603743557284.4,80321988693894.22,2019-06-21,294.0,-0.003401360544217691,0.013265306122448806
873,-1,-0.06348646930092994,1,0.33642244372951813,3,2,-1.0,0.23534589050687957,0.23534589050687957,1,0,0.06204990167811897,0.07281402051981817,0.12828797406597903,0.33642244372951813,0,VOLATILE,1.0,378796255069424.4,28807415162847.266,2019-06-24,293.64,0.006879171774962778,0.02176134041683686
874,1,0.06859056424456061,1,0.33500976680899613,3,2,-1.0,0.26932235530148274,0.26932235530148274,1,0,0.06461081310052207,0.19660534438678542,0.17040538582910247,0.33500976680899613,0,VOLATILE,1.0,394429860121741.25,15633534879801.684,2019-06-25,290.76,0.019500619067271963,0.03673132480396202
875,-1,-0.036874020548004455,1,0.3338678110471426,3,2,-1.0,0.26642479954808146,0.26642479954808146,1,0,0.06542727385243922,0.18406658273822318,0.16649795219688746,0.3338678110471426,0,VOLATILE,1.0,399414110972640.6,4984257414694.339,2019-06-26,290.47,0.02867766034358099,0.03280889592729008
876,-1,-0.02429934908444842,0,0.33759180243922404,3,0,-1.0,0.23922789471023176,0.23922789471023176,1,0,0.05892207873116051,0.09137637826162655,0.13343281899759568,0.33759180243922404,0,VOLATILE,1.0,359701823220455.3,39712238074450.78,2019-06-27,291.5,0.023876500857632932,0.03605488850771876
877,-1,0.025409444607426446,0,0.33749630863691427,3,0,-1.0,0.2374404344798085,0.2374404344798085,1,0,0.06528138916942006,0.07824247160754746,0.13117462025898918,0.33749630863691427,0,VOLATILE,1.0,398523528230280.94,38821713212660.94,2019-06-28,293.0,0.013037542662116097,0.028873720136518788
878,-1,-0.00831909889564425,0,0.3349256303140282,3,0,-1.0,0.227333875353741,0.227333875353741,1,0,0.06284901160095703,0.04084724371109297,0.11789875177068332,0.3349256303140282,0,VOLATILE,1.0,383674584252444.1,14848922279397.076,2019-07-01,295.66,0.005174863018331699,0.017114252858012602
879,1,0.025370710697806942,1,0.3372669622290378,3,2,-1.0,0.24259802692548044,0.24259802692548044,1,0,0.0568400527958857,0.10585276984644432,0.13756427421411,0.3372669622290378,0,VOLATILE,1.0,346991672101591.8,36682949510345.58,2019-07-02,296.43,0.007354181425631712,0.0033734777181797515
880,-1,-0.032241599823796485,1,0.3339414231242612,3,2,-1.0,0.2256205786734234,0.2256205786734234,1,0,0.0559111360506864,0.0406221013178471,0.1155110791228445,0.3339414231242612,0,VOLATILE,1.0,341320910749251.8,5670724842072.486,2019-07-03,298.8,0.0017068273092368802,-0.013253012048192847
881,1,0.03232105644113037,1,0.3361178834244216,3,2,-1.0,0.2409641868624967,0.2409641868624967,1,0,0.06016478694027111,0.09553932636240774,0.13523470443422628,0.3361178834244216,0,VOLATILE,1.0,367288188436584.6,25967246303270.496,2019-07-05,298.46,0.007337666689003486,-0.01956711117067611
882,-1,-0.026722292350613575,1,0.3338774469345722,3,2,-1.0,0.22958550270095643,0.22958550270095643,1,0,0.060995964405690266,0.05035775592382549,0.12045124010983857,0.3338774469345722,0,VOLATILE,1.0,372362280460648.2,5074116621406.575,2019-07-08,296.82,0.013240347685465892,-0.04379758776362774
883,-1,0.0018235221131757684,0,0.33400418003595667,3,0,-1.0,0.22003034065259192,0.22003034065259192,1,0,0.062020738533630465,0.013596173940556672,0.10853897082472905,0.33400418003595667,0,VOLATILE,1.0,378618222717727.9,6255962718899.889,2019-07-09,297.19,0.008479423937548303,-0.031595948719674194
884,1,0.02052145975402697,1,0.3354675683272279,3,2,-1.0,0.23099663835825437,0.23099663835825437,1,0,0.0652809739233225,0.05255709616555241,0.12261269002962497,0.3354675683272279,0,VOLATILE,1.0,398520993275954.9,19902750513588.258,2019-07-10,298.61,-0.0029134992130203097,-0.0356317604902715
885,1,-0.0036681048683938067,0,0.33333428651410296,3,0,-1.0,0.23829483119552303,0.23829483119552303,1,0,0.06528243256436064,0.07832389930442794,0.13120211062292952,0.33333428651410296,0,VOLATILE,1.0,398529897847079.06,8888861398.49576,2019-07-11,299.31,-0.0016036884835121112,-0.019010390564966118
886,-1,-0.023166491098753045,1,0.3338076659832789,3,2,-1.0,0.22242653293403863,0.22242653293403863,1,0,0.06455784235666323,0.019897405633440918,0.11148508266336804,0.3338076659832789,0,VOLATILE,1.0,394106489433644.8,4423376253937.652,2019-07-12,300.65,-0.01157492100449009,-0.03003492433061694
887,1,0.018303811978717,1,0.3347966432721903,3,2,-1.0,0.22486204665127124,0.22486204665127124,1,0,0.06679317796303409,0.0275369794333757,0.11477671913213659,0.3347966432721903,0,VOLATILE,1.0,407752550645941.9,13646057121375.414,2019-07-15,300.75,-0.009476309226932766,-0.04216126350789695
888,1,0.0008920877246558767,0,0.3366392298686409,3,0,-1.0,0.22818964809315972,0.22818964809315972,1,0,0.07184322717276713,0.036347375578062543,0.11939686758360989,0.3366392298686409,0,VOLATILE,1.0,438581603985727.44,30829048419779.152,2019-07-16,299.71,0.0010676987754829614,-0.02388976010143129
889,-1,-0.007670904125216205,1,0.33361886083036957,3,2,-1.0,0.223846345409832,0.223846345409832,1,0,0.07140705714949376,0.018230883760153464,0.1132126469698824,0.33361886083036957,0,VOLATILE,1.0,435918915296121.4,2662678924550.769,2019-07-17,297.74,0.012426949687646793,-0.04648350910190113
890,-1,0.0015340749240776441,0,0.33614110554687554,3,0,-1.0,0.22103711765058193,0.22103711765058193,1,0,0.06711793720419729,0.013877083145641518,0.11033167344994627,0.33614110554687554,0,VOLATILE,1.0,409735109538459.6,26183803575978.953,2019-07-18,298.83,0.003915269551249878,-0.04745172840745582
891,1,0.007686072510295849,1,0.33578084360495525,3,2,-1.0,0.2259139624016277,0.2259139624016277,1,0,0.06337915142277648,0.035633840287043785,0.11633766390327341,0.33578084360495525,0,VOLATILE,1.0,386910930704854.25,22824190613914.04,2019-07-19,297.17,0.016286973786048264,-0.027997442541306317
892,1,0.007677487022945323,0,0.35231379941887947,3,0,-1.0,0.2384682941756188,0.2384682941756188,1,0,0.03438482383097877,0.1241066288917513,0.13616381757424334,0.35231379941887947,0,VOLATILE,1.0,209909156116998.1,177001821361245.0,2019-07-22,297.9,0.011950318898959367,-0.018697549513259415
893,-1,-0.017485930667742816,1,0.33788450848310103,3,2,-1.0,0.23353669528186707,0.23353669528186707,1,0,0.027432500857746723,0.10174348781158064,0.12639199622310912,0.33788450848310103,0,VOLATILE,1.0,167467285379560.7,42441860342743.16,2019-07-23,300.03,0.00229977002299786,-0.03313002033130019
894,-1,-0.019998107021967165,0,0.3335090525812134,3,0,-1.0,0.2086069893661482,0.2086069893661482,1,0,0.02770091878505029,0.004707080773915445,0.09413599985298857,0.3335090525812134,0,VOLATILE,1.0,169105897253331.7,1638665077180.8582,2019-07-24,301.44,-0.013302813163481919,-0.029823513800424695
895,0,0.02464404676203258,0,0.33850082186446834,3,1,-1.0,0.20832133021246188,0.20832133021246188,1,0,0.01980712541216804,0.015273479282915272,0.09502686823169443,0.33850082186446834,0,VOLATILE,1.0,120916628824658.78,48189274054274.1,2019-07-25,300.0,-0.017200000000000104,-0.025466666666666637
896,1,0.010572650799832606,0,0.3334756883777553,3,1,-1.0,0.21860832185860818,0.21860832185860818,1,0,0.020024588321412327,0.0498633849316847,0.106629324417699,0.3334756883777553,0,VOLATILE,1.0,122244175418778.3,1327528103318.775,2019-07-26,302.01,-0.031091685705771255,-0.05681931061885359
897,-1,-0.016857271466708235,1,0.3337135594368453,3,2,-1.0,0.21203804203804624,0.21203804203804624,1,0,0.019443757296736114,0.02598406992357124,0.09847594240676912,0.3337135594368453,0,VOLATILE,1.0,118698374200320.08,3545788209171.1743,2019-07-29,301.46,-0.058515225900616974,-0.04464937305115102
898,1,0.010517064422859601,1,0.33357613229803823,3,2,-1.0,0.2159848266403439,0.2159848266403439,1,0,0.019814655426782842,0.04031054369803539,0.1033750663749394,0.33357613229803823,0,VOLATILE,1.0,120962597331611.47,2264215155924.2085,2019-07-30,300.72,-0.04296355413673858,-0.04605613194998681
899,1,0.013181709061129754,0,0.3383387286524645,3,0,-1.0,0.23311332030377133,0.23311332030377133,1,0,0.012168478825081182,0.11576051880340973,0.1259763325428303,0.3383387286524645,0,VOLATILE,1.0,74284955885075.52,46677678204853.836,2019-07-31,297.43,-0.031805803046094816,-0.028712638267827773
900,1,-0.004108457449434111,0,0.34900534235787983,3,0,-1.0,0.24613335651776463,0.24613335651776463,1,0,0.03610885752150719,0.14864523618852007,0.14491803123667574,0.34900534235787983,0,VOLATILE,1.0,220433870708382.8,146148894828616.3,2019-08-01,294.84,-0.004137837471170691,-0.007665174331840996
901,1,0.009904936443558693,0,0.37640894091020033,3,0,-1.0,0.26905832917531664,0.26905832917531664,1,0,0.10191064960025298,0.18936479048983454,0.18042514669669582,0.37640894091020033,0,VOLATILE,1.0,622134304426804.6,401700409409535.75,2019-08-02,292.62,-0.0034174014079694226,-0.0005809582393548895
902,1,-0.0027508907490166323,0,0.35269728073794493,3,0,-1.0,0.289232411083852,0.289232411083852,1,0,0.13149078819289706,0.21765371392500676,0.19971483403930126,0.35269728073794493,0,VOLATILE,1.0,802712281511325.2,180577965994715.62,2019-08-05,283.82,0.014974279472905305,0.02438165034176598
903,1,0.030749802792492065,0,0.40584735825397544,3,0,-1.0,0.34015629578487944,0.34015629578487944,1,0,0.2422623652353504,0.33770926264842915,0.27665720929459314,0.40584735825397544,0,VOLATILE,1.0,1478939921153373.5,676227571406291.0,2019-08-06,287.8,0.016504517025712317,0.021681723419040955
904,-1,-0.05759327617290766,1,0.34543951610706375,3,2,-1.0,0.3334869043129992,0.3334869043129992,1,0,0.2607556191458904,0.2488999091081546,0.253218509418015,0.34543951610706375,0,VOLATILE,1.0,1591835753957421.5,112895878901213.94,2019-08-07,287.97,-0.014133416675348287,0.034204951904712066
905,-1,-0.00459897865600728,0,0.358666850459894,3,0,-1.0,0.3222185341851117,0.3222185341851117,1,0,0.2994547928455121,0.1778648481935774,0.24243988034636316,0.358666850459894,0,VOLATILE,1.0,1828082737034707.8,236247026425879.4,2019-08-08,293.62,-0.030549690075608038,0.015087528097541103
906,1,0.022233122717599696,1,0.33508401306852365,3,2,-1.0,0.3331832867748239,0.3331832867748239,1,0,0.2967804783484609,0.2039698568585216,0.2502501117356608,0.33508401306852365,0,VOLATILE,1.0,1811756839829973.2,16325916358022.717,2019-08-09,291.62,-0.009498662643165678,0.022563610177628313
907,-1,-0.0469979642444629,1,0.3384548113407058,3,2,-1.0,0.2971500751200732,0.2971500751200732,1,0,0.2889569574733654,0.07919693273243827,0.2060512967352679,0.3384548113407058,0,VOLATILE,1.0,1763996564168027.0,47760204163627.586,2019-08-12,288.07,0.014788072343527636,0.03492206755302529
908,1,0.05257835132266642,1,0.3429608071740755,3,2,-1.0,0.3136952147879889,0.3136952147879889,1,0,0.2742501498712735,0.1593275109642414,0.22785922027850497,0.3429608071740755,0,VOLATILE,1.0,1674215863586136.0,89780746017442.75,2019-08-13,292.55,-0.00840881900529833,0.02632028713040513
909,-1,-0.0410708667906331,1,0.34064857277060995,3,2,-1.0,0.2891694876652715,0.2891694876652715,1,0,0.26307546937784176,0.07679653894488374,0.19662400277424183,0.34064857277060995,0,VOLATILE,1.0,1605997751904551.0,68218066840707.45,2019-08-14,283.9,0.03011623811201125,0.06125396266290961
910,1,0.06364043675170417,1,0.33918009474116967,3,2,-1.0,0.3282841972942583,0.3282841972942583,1,0,0.27200692508293284,0.21344388582641302,0.24515027030311526,0.33918009474116967,0,VOLATILE,1.0,1660521641256659.0,54523814830856.57,2019-08-15,284.65,0.02708589495872138,0.05775513788863518
911,-1,-0.07298394008916531,1,0.33906016585447385,3,2,-1.0,0.29441496683407975,0.29441496683407975,1,0,0.2632586730370585,0.09509257698159591,0.20278375000621812,0.33906016585447385,0,VOLATILE,1.0,1607116155933397.5,53405421252779.32,2019-08-16,288.85,-0.013848018002423412,0.03915527090185211
912,-1,0.024297124831651584,0,0.33501231070525544,3,0,-1.0,0.2848428612055528,0.2848428612055528,1,0,0.2606938839558093,0.0587260785939552,0.18980665418325482,0.33501231070525544,0,VOLATILE,1.0,1591458878923355.5,15657257915327.951,2019-08-19,292.33,-0.014812027503164127,0.02938459959634665
913,1,0.02194694711214029,1,0.3377119236810856,3,2,-1.0,0.29721770268916614,0.29721770268916614,1,0,0.2540052061320118,0.11384512171317566,0.20595010928172913,0.3377119236810856,0,VOLATILE,1.0,1550626483665687.5,40832425455405.61,2019-08-20,290.09,-0.011100003447205964,0.037953738494949985
914,-1,-0.042636015845768316,1,0.3364805154671195,3,2,-1.0,0.26695652832701117,0.26695652832701117,1,0,0.24919759808497013,0.00424976974166156,0.1678157892755439,0.3364805154671195,0,VOLATILE,1.0,1521277461752520.0,29348961575813.51,2019-08-21,292.45,-0.012173021029235787,0.029509317832107973
915,1,0.031986518696570876,1,0.3344607262487118,3,2,-1.0,0.26868187266142707,0.26868187266142707,1,0,0.24747540664358397,0.010927160523301413,0.1694675223889618,0.3344607262487118,0,VOLATILE,1.0,1510763993546014.5,10513472035532.219,2019-08-22,292.36,0.0007524969216035071,0.020249008072239505
916,1,0.0501513455752432,0,0.33477386144738536,3,0,-1.0,0.32055856257108617,0.32055856257108617,1,0,0.24967595535587167,0.20349905037124055,0.23439166857570404,0.33477386144738536,0,VOLATILE,1.0,1524197691082498.5,13433605832443.418,2019-08-23,284.85,0.02668070914516396,0.046901878181498935
917,1,0.029176035678106227,0,0.338210991779511,3,0,-1.0,0.4016112881588515,0.4016112881588515,1,0,0.2571270371920952,0.5025735372382313,0.3365668581434421,0.338210991779511,0,VOLATILE,1.0,1569684336821577.5,45486471462835.49,2019-08-26,288.0,0.009513888888888822,0.02732638888888883
918,-1,-0.15076506093565445,1,0.348473701622784,3,2,-1.0,0.3318989528109624,0.3318989528109624,1,0,0.23399876974444994,0.2719775795137471,0.251992116419399,0.348473701622784,0,VOLATILE,1.0,1428493120421930.8,141191093581920.1,2019-08-27,286.87,0.02499389967581145,0.03747342001603515
919,-1,-0.0016309764504467417,0,0.34310895606646835,3,0,-1.0,0.2605556410126265,0.2605556410126265,1,0,0.21906562116997877,0.015349749677221906,0.16147179028240022,0.34310895606646835,0,VOLATILE,1.0,1337330675302380.8,91162304492772.27,2019-08-28,288.89,0.03091141957146326,0.02807296895011957
920,1,0.07800016344082039,1,0.34053576153287385,3,2,-1.0,0.26721249265511104,0.26721249265511104,1,0,0.23006796628122192,0.027380702325099815,0.16914955620210723,0.34053576153287385,0,VOLATILE,1.0,1404496730564479.0,67166048704835.42,2019-08-29,292.58,0.018695741335703175,0.009638389500307598
921,-1,-0.011586897958193954,1,0.3391154831346483,3,2,-1.0,0.2622824463394016,0.2622824463394016,1,0,0.22123522167669962,0.016660564447042617,0.16263192870791407,0.3391154831346483,0,VOLATILE,1.0,1350575443218466.0,53921281047765.4,2019-08-30,292.45,0.019661480594973524,0.014771755855701896
922,0,0.0049387656159209925,0,0.3337001872602451,3,1,-1.0,0.2622911656396132,0.2622911656396132,1,0,0.2217956229986342,0.01207138859509908,0.16128900386457776,0.3337001872602451,0,VOLATILE,1.0,1353996527158066.0,3421086339199.8486,2019-09-03,290.74,0.02541789915388315,0.008598748022287994
923,-1,-0.011925152698054275,0,0.3774646890524012,3,1,-1.0,0.2503747322417705,0.2503747322417705,1,0,0.1543810912086701,0.06762267148726998,0.15733458756531338,0.3774646890524012,0,VOLATILE,1.0,942450795598879.6,411545760057200.3,2019-09-04,294.04,0.021119575567949855,-0.020337369065433375
924,1,0.04235946577206956,1,0.33493713145038423,3,2,-1.0,0.28081776461599733,0.28081776461599733,1,0,0.1519311557366919,0.15233831016108632,0.18475648863259272,0.33493713145038423,0,VOLATILE,1.0,927494665825118.0,14956175814350.39,2019-09-05,297.82,0.011651333019945032,-0.024847223154925713
925,0,-0.0305247649548972,0,0.35383102380308984,3,1,-1.0,0.280736032035327,0.280736032035327,1,0,0.1206191306833105,0.19751425730148306,0.18937779599493118,0.35383102380308984,0,VOLATILE,1.0,736344035315038.8,191150656179555.1,2019-09-06,298.05,0.01019963093440679,-0.012414024492534814
926,-1,-0.01416731504860158,0,0.3364092642568768,3,1,-1.0,0.26648698440605506,0.26648698440605506,1,0,0.12531788023846052,0.12631525947690367,0.16721104657178804,0.3364092642568768,0,VOLATILE,1.0,765028508406276.5,28684510348413.824,2019-09-09,298.2,0.0065727699530517825,-0.01716968477531855
927,-1,-0.015277120729161042,0,0.33409018254586814,3,0,-1.0,0.23696081604762212,0.23696081604762212,1,0,0.12647402389041223,0.012696673197571859,0.1297235656959947,0.33409018254586814,0,VOLATILE,1.0,772086422662989.0,7057976791018.111,2019-09-10,298.13,0.009358333612853542,-0.03220071780766787
928,1,0.031817338038908155,1,0.3342411946677864,3,2,-1.0,0.23925198572809733,0.23925198572809733,1,0,0.12786086280126047,0.020014979679944245,0.13262528082706823,0.3342411946677864,0,VOLATILE,1.0,780552663085721.5,8466236235580.023,2019-09-11,300.25,0.0028309741881766826,-0.02990840965861785
929,1,-0.0004695989208638174,0,0.3360459926088921,3,0,-1.0,0.24107355648770873,0.24107355648770873,1,0,0.12371703770648601,0.03234329357909083,0.13535344376185893,0.3360459926088921,0,VOLATILE,1.0,755255839317880.0,25296830454127.973,2019-09-12,301.29,-0.0006970028875835643,-0.026718444024030008
930,-1,-0.014089581734432893,1,0.3564726185056218,3,2,-1.0,0.22880554551288723,0.22880554551288723,1,0,0.08836973994009638,0.03700551961244704,0.12512508651751447,0.3564726185056218,0,VOLATILE,1.0,539471065150319.7,215784775886574.6,2019-09-13,301.09,-0.009332757647215084,-0.015975289780464363
931,0,0.011984047555108873,0,0.3396221562316748,3,1,-1.0,0.2285215820931746,0.2285215820931746,1,0,0.07876300831664161,0.032909541706519274,0.12055751667438695,0.3396221562316748,0,VOLATILE,1.0,480824816501952.9,58646247263253.75,2019-09-16,300.16,-0.006496535181236829,-0.014025852878464917
932,-1,-0.0006590081587080077,0,0.335230834435412,3,1,-1.0,0.22757861051475398,0.22757861051475398,1,0,0.07586440767339582,0.028978507583490597,0.11828097175229546,0.335230834435412,0,VOLATILE,1.0,463129718864263.7,17695095030288.113,2019-09-17,300.92,-0.01678186893526523,-0.006779210421374526
933,1,0.02534247854240476,1,0.3352182749142328,3,2,-1.0,0.2519781174787381,0.2519781174787381,1,0,0.07874382974294641,0.11758781698799615,0.14877721557698084,0.3352182749142328,0,VOLATILE,1.0,480707736995026.3,17577971556389.55,2019-09-18,301.1,-0.011557622052474348,-0.008967120557954344
934,-1,-0.027108328892871847,1,0.33382114957265396,3,2,-1.0,0.2492692955498504,0.2492692955498504,1,0,0.07799864690873813,0.10712707358269129,0.14504190683047646,0.33382114957265396,0,VOLATILE,1.0,476158616701421.5,4549117100717.444,2019-09-19,301.08,-0.013551215623754387,-0.005978477481068167
935,-1,-0.016225378395923917,0,0.33403387635203885,3,0,-1.0,0.23033509522503876,0.23033509522503876,1,0,0.07692849924863664,0.0373535151092878,0.12142733811930814,0.33403387635203885,0,VOLATILE,1.0,469625682481467.7,6532894908582.085,2019-09-20,298.28,-0.009655357382325369,-0.0010392919404584866
936,1,0.055123501526487095,1,0.33653540945168636,3,2,-1.0,0.2665243964267142,0.2665243964267142,1,0,0.08181996415999343,0.17004807952894982,0.1672893478963144,0.33653540945168636,0,VOLATILE,1.0,499486625691935.9,29860873939098.69,2019-09-23,298.21,-0.0048288119110693195,0.005968948056738643
937,1,-0.02780017093317616,0,0.36800154104340704,3,0,-1.0,0.2749135266952135,0.2749135266952135,1,0,0.028861230548533054,0.2780656503410728,0.18564229362986862,0.36800154104340704,0,VOLATILE,1.0,176189256595305.66,323297430124010.1,2019-09-24,295.87,-0.008889039105012375,0.010612769121573606
938,-1,-0.0139839488450626,1,0.33870850620294335,3,2,-1.0,0.2693187081186502,0.2693187081186502,1,0,0.03707227670888774,0.22690425838825823,0.17132551169904864,0.33870850620294335,0,VOLATILE,1.0,226315259242000.25,50126028716283.33,2019-09-25,297.62,-0.03212149721120894,0.007593575700557631
939,-1,-0.03712301706234761,0,0.3336306583473473,3,0,-1.0,0.2266008724797393,0.2266008724797393,1,0,0.03752645206638147,0.062449813493151346,0.11665875518651093,0.3336306583473473,0,VOLATILE,1.0,229087865159345.5,2772696348948.2505,2019-09-26,297.0,-0.02215488215488215,0.011346801346801438
940,1,0.0541106966248078,1,0.33340967404461586,3,2,-1.0,0.2379937334656362,0.2379937334656362,1,0,0.03764307289023434,0.10489068313936334,0.1308445853431992,0.33340967404461586,0,VOLATILE,1.0,229799800716757.6,711913231219.8676,2019-09-27,295.4,-0.0035545023696681444,0.020988490182803243
941,1,0.0029803960771772053,0,0.33481555991349327,3,0,-1.0,0.2523669905287103,0.2523669905287103,1,0,0.03990730939021077,0.15758057502757286,0.1491626281392612,0.33481555991349327,0,VOLATILE,1.0,243622293316855.0,13822463746459.15,2019-09-30,296.77,-0.01243387134818208,0.02200357178960144
942,1,-0.005274165627418587,0,0.3343231422045078,3,0,-1.0,0.2614660819643658,0.2614660819643658,1,0,0.041419332558530204,0.18982083146122272,0.16041338800658428,0.3343231422045078,0,VOLATILE,1.0,252852746520612.16,9230435765264.102,2019-10-01,293.24,-0.016061928795525926,0.033999454371845594
943,-1,-0.03715733290204276,1,0.3361416489073339,3,2,-1.0,0.2334078404979786,0.2334078404979786,1,0,0.04570927206677593,0.08167636648114426,0.12579521284930673,0.3361416489073339,0,VOLATILE,1.0,279041555467119.9,26188870669186.55,2019-10-02,288.06,0.011143511768381575,0.055821703811705925
944,1,0.06326168745017219,1,0.34697781585431714,3,2,-1.0,0.2686112864817636,0.2686112864817636,1,0,0.06655243311627645,0.20097325308107486,0.17250856206578374,0.34697781585431714,0,VOLATILE,1.0,406282874725227.0,127241251445607.66,2019-10-03,290.42,0.009710075063700918,0.044452861373183605
945,-1,-0.05724650084942515,1,0.3336964721984298,3,2,-1.0,0.24656823161612337,0.24656823161612337,1,0,0.06710715158322404,0.107796071126061,0.14163440756976167,0.3336964721984298,0,VOLATILE,1.0,409669266519812.2,3386441631066.371,2019-10-04,294.35,0.006556820112111339,0.04005435705792415
946,-1,0.007683307892906943,0,0.33584805880600366,3,0,-1.0,0.2322084846433901,0.2322084846433901,1,0,0.06326568252350069,0.05940217899371486,0.12422262050573851,0.33584805880600366,0,VOLATILE,1.0,386218236712598.1,23451004147106.93,2019-10-07,293.08,0.00979254810973118,0.04875801828852189
947,1,0.026246697084651438,1,0.3350006743804246,3,2,-1.0,0.2440954347553083,0.2440954347553083,1,0,0.06071867546300013,0.10588971065472437,0.1388694620392415,0.3350006743804246,0,VOLATILE,1.0,370669513667752.2,15548743683921.248,2019-10-08,288.53,0.0358714865005374,0.06411811596714379
948,1,0.018936156882993882,0,0.3361073780792516,3,0,-1.0,0.27491854175022035,0.27491854175022035,1,0,0.06495628396891136,0.21806878115385364,0.1776750217075883,0.3361073780792516,0,VOLATILE,1.0,396538857358518.44,25869278991996.95,2019-10-09,291.27,0.024479005733511805,0.054348199265286556
949,-1,-0.05748362039780716,1,0.33358644280821953,3,2,-1.0,0.24825802834732524,0.24825802834732524,1,0,0.06534292209110698,0.11581451631752747,0.14371914613621148,0.33358644280821953,0,VOLATILE,1.0,398899168475762.6,2360365538797.9146,2019-10-10,293.24,0.020597462829081925,0.0509480289182922
950,1,0.028243595186294157,1,0.33489428474761995,3,2,-1.0,0.2498411101307243,0.2498411101307243,1,0,0.06772741259436993,0.12034746395656114,0.14602495885031036,0.33489428474761995,0,VOLATILE,1.0,413455776116659.6,14556610050558.299,2019-10-11,296.28,0.005704063723505071,0.0427298501417579
951,1,0.041519466493541435,0,0.3361481729754908,3,0,-1.0,0.2929436584076648,0.2929436584076648,1,0,0.07202734267700482,0.27862250608335626,0.2002166162534537,0.3361481729754908,0,VOLATILE,1.0,439705574558110.3,26249710689724.688,2019-10-14,295.95,0.013650954553134031,0.0418989694205103
952,-1,-0.05318362060035453,1,0.33827645088223474,3,2,-1.0,0.28286258608425074,0.28286258608425074,1,0,0.0795783872431183,0.2348636487344979,0.18814734532587207,0.33827645088223474,0,VOLATILE,1.0,485802463129245.0,46096908548761.31,2019-10-15,298.88,0.0004349571734474367,0.033859743040685286
953,-1,-0.0467053927525265,0,0.3349084983251446,3,0,-1.0,0.2260761210083102,0.2260761210083102,1,0,0.07717216471811801,0.021794662806903658,0.11632227584167389,0.3349084983251446,0,VOLATILE,1.0,471113187938093.1,14689158382015.803,2019-10-16,298.4,0.004959785522788307,0.035857908847185094
954,0,0.056557527318531725,0,0.336457713001375,3,1,-1.0,0.2258471832509014,0.2258471832509014,1,0,0.08194492967900463,0.01732529226290681,0.11642340731397047,0.336457713001375,0,VOLATILE,1.0,500249503139507.1,29136317800359.42,2019-10-17,299.28,0.003642074311681398,0.0343156909917135
955,1,0.010167775526336742,0,0.33699120949886324,3,1,-1.0,0.23578602101982932,0.23578602101982932,1,0,0.08753266059783756,0.049408325350669836,0.12898032864950246,0.33699120949886324,0,VOLATILE,1.0,534360943917759.6,34111424908881.74,2019-10-18,297.97,0.012182434473269055,0.04638050810484273
956,1,0.005649824355503125,0,0.3365908127987405,3,0,-1.0,0.25137468314426037,0.25137468314426037,1,0,0.08255657924919542,0.11254159214083624,0.14836605713001055,0.3365908127987405,0,VOLATILE,1.0,503983442442182.9,30377536348435.203,2019-10-21,299.99,0.011033701123370765,0.04010133671122351
957,0,-0.015420824822511447,0,0.3356896120042363,3,1,-1.0,0.25154252044618,0.25154252044618,1,0,0.08615600255490613,0.10889565812144612,0.14835055355878407,0.3356896120042363,0,VOLATILE,1.0,525956854675543.9,21973412797385.637,2019-10-22,299.01,0.014046352964783848,0.04320925721547786
958,-1,-0.013219821557420741,0,0.33538205185431214,3,1,-1.0,0.23849053619067884,0.23849053619067884,1,0,0.08302640014853195,0.0628496494572478,0.13195868320192658,0.33538205185431214,0,VOLATILE,1.0,506851559754362.0,19105268966282.95,2019-10-23,299.88,0.014205682272909081,0.03631452581032413
959,-1,0.011982849494553277,0,0.3386537255767155,3,0,-1.0,0.23742140142973098,0.23742140142973098,1,0,0.09115376763394191,0.053166781910085906,0.1314401831813426,0.3386537255767155,0,VOLATILE,1.0,556466728897038.2,49615173473112.17,2019-10-24,300.37,0.009854512767586643,0.03295935013483353
960,-1,-0.006087792621780719,0,0.3378194771967642,3,0,-1.0,0.2302644740470024,0.2302644740470024,1,0,0.09800674464031144,0.018849640933520716,0.12228546185794405,0.3378194771967642,0,VOLATILE,1.0,598302121957863.1,41835412846922.55,2019-10-25,301.6,0.015053050397877854,0.03103448275862064
961,1,0.013397994615046316,1,0.33374395871736634,3,2,-1.0,0.23650554127932014,0.23650554127932014,1,0,0.09737948019795231,0.03982426863752289,0.12906791627849173,0.33374395871736634,0,VOLATILE,1.0,594472858489624.1,3829275874650.4053,2019-10-28,303.3,0.01341905703923496,0.03320145070886915
962,-1,-0.012360386732526318,1,0.33505573694932583,3,2,-1.0,0.23038622177911156,0.23038622177911156,1,0,0.10001060135625636,0.015229533027406459,0.12174671146122093,0.33505573694932583,0,VOLATILE,1.0,610535073165960.2,16062228175841.975,2019-10-29,303.21,0.012598529072260112,0.03584974110352568
963,-1,0.003329188628044988,0,0.33613007556712265,3,0,-1.0,0.22759609090694796,0.22759609090694796,1,0,0.09573833056044445,0.009844567015952346,0.1185276325254656,0.33613007556712265,0,VOLATILE,1.0,584454126470976.2,26080943799141.09,2019-10-30,304.14,0.009732360097323811,0.03728546064312499
964,-1,-0.0035278708821206706,0,0.3563954035427264,3,0,-1.0,0.2212780891526637,0.2212780891526637,1,0,0.06050898747716416,0.036580399502369534,0.11569646232651122,0.3563954035427264,0,VOLATILE,1.0,369389430676166.6,215064709845665.9,2019-10-31,303.33,0.015989186694359336,0.03619819998021967
965,1,0.016707819747428576,1,0.33720271451255035,3,2,-1.0,0.231667907145808,0.231667907145808,1,0,0.05459816944079174,0.06705851824040096,0.12388556256039757,0.33720271451255035,0,VOLATILE,1.0,333305638824418.5,36083809173890.01,2019-11-01,306.14,0.009146142287842274,0.017965636636832816
966,-1,-0.01962311365912736,1,0.3339601143729401,3,2,-1.0,0.22243461147982496,0.22243461147982496,1,0,0.05555562912810101,0.029044249700947766,0.11153329294301625,0.3339601143729401,0,VOLATILE,1.0,339150646376792.9,5845029574356.932,2019-11-04,307.37,0.003188339785925809,0.007092429319712323
967,1,0.010264191142330348,1,0.33333586889029626,3,2,-1.0,0.22346550695617226,0.22346550695617226,1,0,0.05555175632712798,0.03244579642624032,0.11266585091778943,0.33333586889029626,0,VOLATILE,1.0,339127004074943.25,23645267644.144142,2019-11-05,307.03,0.006416311109663564,0.014428557469954084
968,1,0.002453358929985633,0,0.3445598609704607,3,0,-1.0,0.2269497613625052,0.2269497613625052,1,0,0.03840224911384815,0.07107925172339195,0.11982716694574669,0.3445598609704607,0,VOLATILE,1.0,234434346504346.94,104692678798183.5,2019-11-06,307.1,0.00651253663301854,0.016020840117225488
969,-1,-0.016856548929672727,1,0.3340840090010334,3,2,-1.0,0.2135774668391654,0.2135774668391654,1,0,0.03725552075519423,0.014222986642451162,0.10049283579921513,0.3340840090010334,0,VOLATILE,1.0,227433909822056.56,7000405566208.247,2019-11-07,308.18,0.004445453955480572,0.021708092673113022
970,1,0.01986758322338919,1,0.33345696942250574,3,2,-1.0,0.2200727555392148,0.2200727555392148,1,0,0.03706665785694211,0.03829890248199269,0.10845518677964493,0.33345696942250574,0,VOLATILE,1.0,226280957816579.25,1152964994161.335,2019-11-08,308.94,0.009225092250922495,0.01599015990159902
971,-1,-0.0186134805719832,1,0.3471080535383236,3,2,-1.0,0.207954563667281,0.207954563667281,1,0,0.016024557120192347,0.024136096785854166,0.09672021796868216,0.3471080535383236,0,VOLATILE,1.0,97825170743428.53,128455779433229.84,2019-11-11,308.35,0.011902059348143146,0.016799091940975952
972,1,0.026705957584473083,1,0.3338704584545738,3,2,-1.0,0.22254232937982027,0.22254232937982027,1,0,0.016845066975119016,0.0680915120401374,0.1116455263384188,0.3338704584545738,0,VOLATILE,1.0,102834140167845.53,5008945740845.05,2019-11-12,309.0,0.00948220064724925,0.017540453074433637
973,-1,-0.02586495584693574,1,0.3333592685829781,3,2,-1.0,0.2112651392454238,0.2112651392454238,1,0,0.016884681474219853,0.025379042133352948,0.09742124120252427,0.3333592685829781,0,VOLATILE,1.0,103075974941149.28,241858466693.67184,2019-11-13,309.1,0.005402782271109574,0.025978647686832668
974,1,0.013527217930745544,1,0.33347930778751955,3,2,-1.0,0.2135151670417729,0.2135151670417729,1,0,0.017107671187070572,0.03368368606021733,0.10026378574909596,0.33347930778751955,0,VOLATILE,1.0,104437261032866.73,1361280810846.559,2019-11-14,309.55,0.0023259570344047464,0.025100952996284898
975,-1,-0.0030285854887363295,1,0.33334165927735426,3,2,-1.0,0.21273660934938565,0.21273660934938565,1,0,0.017120389343946836,0.030648140174265173,0.09925617650607066,0.33334165927735426,0,VOLATILE,1.0,104514901610302.39,77643365005.6728,2019-11-15,311.79,-0.002662048173450171,0.024728182430481915
976,1,0.009795007036281694,1,0.33358160357799954,3,2,-1.0,0.2217530586932801,0.2217530586932801,1,0,0.01674113779776424,0.06501903498553585,0.11058672426110003,0.33358160357799954,0,VOLATILE,1.0,102199683349869.34,2315237428715.493,2019-11-18,312.02,0.004326645727838141,0.024197166848278995
977,1,-0.003956813516323321,0,0.3338777802415352,3,0,-1.0,0.22681269452085123,0.22681269452085123,1,0,0.015909448878687452,0.08504649075565604,0.11698531321144783,0.3338777802415352,0,VOLATILE,1.0,97122469052846.22,5077224866443.968,2019-11-19,311.93,0.006892572051421686,0.024556791587856175
978,-1,-0.014475997902148513,1,0.3350007388378443,3,2,-1.0,0.21739633244627385,0.21739633244627385,1,0,0.018456554520539837,0.04803024628137033,0.10549560026730338,0.3350007388378443,0,VOLATILE,1.0,112671793907620.67,15549344779839.664,2019-11-20,310.77,0.015155903079447919,0.03259645396917343
979,1,0.022144394825316688,1,0.33596973794972257,3,2,-1.0,0.23012436519701315,0.23012436519701315,1,0,0.02248389878620159,0.09245977416488978,0.12164789098369712,0.33596973794972257,0,VOLATILE,1.0,137257536744437.34,24585719699551.887,2019-11-21,310.27,0.013020917265607501,0.033712572920359785
980,-1,-0.01808067342604816,1,0.33498125856069694,3,2,-1.0,0.2247717245217043,0.2247717245217043,1,0,0.01996654635832943,0.07416336451858443,0.11470997029230462,0.33498125856069694,0,VOLATILE,1.0,121889846440680.45,15367681983985.77,2019-11-22,310.96,0.002186776434268012,0.03299459737586852
981,-1,-0.002580560630384754,0,0.3333671006179841,3,0,-1.0,0.2168385232160107,0.2168385232160107,1,0,0.02001812612568123,0.0431516613978469,0.10438992917450937,0.3333671006179841,0,VOLATILE,1.0,122204725629556.0,314895896584.75146,2019-11-25,313.37,-0.012190062864983808,0.025082171235281114
982,-1,0.0057484435107758025,0,0.33394309888223717,3,0,-1.0,0.21465376542109288,0.21465376542109288,1,0,0.019086654726209292,0.03632228976456689,0.10180298149692539,0.33394309888223717,0,VOLATILE,1.0,116518368870208.1,5686352077598.101,2019-11-26,314.08,-0.008341823739174803,0.028209373408048855
983,1,0.007125256343513547,1,0.33425056456060953,3,2,-1.0,0.21959426396968862,0.21959426396968862,1,0,0.020487807971636626,0.05367860533515283,0.10805547110226314,0.33425056456060953,0,VOLATILE,1.0,125071994062065.66,8553614916808.108,2019-11-27,315.48,-0.010967414733105252,0.023392925066565207
984,-1,-0.007893681420916954,1,0.33367392276044655,3,2,-1.0,0.2166410810973674,0.2166410810973674,1,0,0.021008087233223092,0.041651408952239545,0.10421983206182087,0.33367392276044655,0,VOLATILE,1.0,128248144717413.7,3176157459132.792,2019-11-29,314.31,0.001781680506506289,0.02153924469472801
985,1,0.02130062233369337,1,0.3333369047659146,3,2,-1.0,0.23498852055873956,0.23498852055873956,1,0,0.021013548410621717,0.11019608225908752,0.12706987688990307,0.3333369047659146,0,VOLATILE,1.0,128281483586467.83,33305297609.81724,2019-12-02,311.64,0.007187780772686558,0.03279424977538192
986,1,-0.008582314844408578,0,0.33447774121211604,3,0,-1.0,0.24475364517570314,0.24475364517570314,1,0,0.022761736276051606,0.1459227390419221,0.1395614917726579,0.33447774121211604,0,VOLATILE,1.0,138953652255127.8,10672144614981.389,2019-12-03,309.55,0.012857373606848466,0.049491196898723944
987,-1,-0.03361301425114263,1,0.3357161048211568,3,2,-1.0,0.22090575554152408,0.22090575554152408,1,0,0.026401620943654475,0.053782040952928434,0.1100612206321943,0.3357161048211568,0,VOLATILE,1.0,161174069108081.3,22220470842577.35,2019-12-04,311.46,0.009503628074231107,0.03515700250433462
988,1,0.03101767630670904,1,0.3338092801001751,3,2,-1.0,0.22807554221405407,0.22807554221405407,1,0,0.02567457317679171,0.07996567020104245,0.11854674779261137,0.3338092801001751,0,VOLATILE,1.0,156735658024485.34,4438428657246.918,2019-12-05,312.02,0.016377155310557168,0.03724120248702012
989,-1,-0.015902258235424405,1,0.3339166687824787,3,2,-1.0,0.21934307065115966,0.21934307065115966,1,0,0.026565666461083475,0.04640835006762423,0.10765800550956922,0.3339166687824787,0,VOLATILE,1.0,162175518360738.94,5439878899599.069,2019-12-06,314.87,0.007780988979578796,0.024962683012036857
990,1,0.01179934855359796,1,0.33340623009526776,3,2,-1.0,0.2224099476418632,0.2224099476418632,1,0,0.026677023577690688,0.05741495265074721,0.11136399207614596,0.33340623009526776,0,VOLATILE,1.0,162855320545840.8,679796775041.3424,2019-12-09,313.88,0.017904931821078218,0.03367528991971458
991,1,0.0050700943845714,0,0.3349160079949649,3,0,-1.0,0.23054691901713814,0.23054691901713814,1,0,0.029094701256484817,0.08664325105400691,0.1219126507701639,0.3349160079949649,0,VOLATILE,1.0,177614526055027.0,14759189604116.764,2019-12-10,313.53,0.019264504194176135,0.04184607533569351
992,-1,-0.014302976018732233,1,0.33479922126698164,3,2,-1.0,0.22438091437368085,0.22438091437368085,1,0,0.026855426516012425,0.06567241833552702,0.11417594828384647,0.33479922126698164,0,VOLATILE,1.0,163944417596795.3,13670098141836.973,2019-12-11,314.42,0.016442974365498353,0.03590738502639779
993,1,0.012884997833445405,1,0.33356603085216713,3,2,-1.0,0.23109990756366897,0.23109990756366897,1,0,0.02649996170015743,0.09029921480272637,0.12226639216762793,0.33356603085216713,0,VOLATILE,1.0,161774410273442.9,2170014396600.7334,2019-12-12,317.13,0.01188786932803576,0.03411850029956165
994,1,0.020640381591867873,0,0.34291312678327396,3,0,-1.0,0.25845928234552495,0.25845928234552495,1,0,0.04113395026238432,0.18527320362078972,0.15880238462772467,0.34291312678327396,0,VOLATILE,1.0,251110572204141.06,89336103827042.67,2019-12-13,317.32,0.010746249842430444,0.0319236102357241
995,-1,-0.058881757839613774,1,0.33671264468466194,3,2,-1.0,0.22693689928776717,0.22693689928776717,1,0,0.04629613483609235,0.057251721006531135,0.11784928528087449,0.33671264468466194,0,VOLATILE,1.0,282624178698497.6,31513676294144.71,2019-12-16,319.5,0.005383411580594855,0.0271987480438185
996,0,0.030917473317051358,0,0.3366622321780822,3,1,-1.0,0.22633198954706074,0.22633198954706074,1,0,0.05138132013491102,0.04986031480012851,0.1170805449783465,0.3366622321780822,0,VOLATILE,1.0,313667727446067.5,31043555832203.637,2019-12-17,319.57,0.0051944800826111415,0.03551647526363566
997,1,0.0030178890517873758,0,0.33370268670276365,3,1,-1.0,0.2287449688581417,0.2287449688581417,1,0,0.05081710131562736,0.05725354692947679,0.11935688274836805,0.33370268670276365,0,VOLATILE,1.0,310223338816847.3,3444394822573.045,2019-12-18,319.59,0.01048218029350112,0.03867455176945467
998,1,0.014812023114388867,0,0.3333574650885148,3,0,-1.0,0.2459699712836115,0.2459699712836115,1,0,0.05078024327608487,0.1216252478538443,0.14080183037664307,0.3333574650885148,0,VOLATILE,1.0,309998331411995.6,225040028022.27664,2019-12-19,320.9,0.006107821751324405,0.032408850109068243
999,-1,-0.018099426503599803,1,0.33486890247202805,3,2,-1.0,0.24509554720548152,0.24509554720548152,1,0,0.053125960643043015,0.11713401823153366,0.1400866596248589,0.33486890247202805,0,VOLATILE,1.0,324318240550036.9,14319908328387.137,2019-12-20,320.73,0.0010912605618431659,0.033080784460449486
1000,1,0.09112789831072868,1,0.3758618636253778,3,2,-1.0,0.3353490214380802,0.3353490214380802,1,0,0.11809206620388467,0.42136316190794953,0.2631517427039447,0.3758618636253778,0,VOLATILE,1.0,720917055815681.6,396598655037303.1,2019-12-23,321.22,0.0019924039599028553,0.0326878774671564
1001,-1,-0.11649835180596582,1,0.3345371389461887,3,2,-1.0,0.3091041438647131,0.3091041438647131,1,0,0.11625313648129336,0.29379025722102214,0.2200144645674385,0.3345371389461887,0,VOLATILE,1.0,709690935009448.6,11226056572053.867,2019-12-24,321.23,0.011331444759206777,0.023472278429785387
1002,-1,-0.012884770523438283,0,0.3417834527474149,3,0,-1.0,0.26997449576790766,0.26997449576790766,1,0,0.1291614251412019,0.1395805235490129,0.17291398289673826,0.3417834527474149,0,VOLATILE,1.0,788492210619732.6,78801359264377.2,2019-12-26,322.94,-0.0016411717346874743,0.0017340682479718428
1003,-1,0.010271081596151643,0,0.33526831015558295,3,0,-1.0,0.24111592926725392,0.24111592926725392,1,0,0.13211726222291245,0.023518705145976922,0.13521198912296312,0.33526831015558295,0,VOLATILE,1.0,806536719746523.4,18044573841671.727,2019-12-27,322.86,0.0024159078238243925,0.01248219042309362
1004,1,0.031027588416219776,1,0.3337508733360346,3,2,-1.0,0.24328495118281995,0.24328495118281995,1,0,0.13275509209196798,0.029876629845632698,0.13754390731253355,0.3337508733360346,0,VOLATILE,1.0,810430482012626.4,3893757963382.6743,2019-12-30,321.08,0.0051389061916033985,0.01725426684938336
1005,-1,-0.007523996342087336,1,0.33590127608468906,3,2,-1.0,0.23792997675629865,0.23792997675629865,1,0,0.12883233175692174,0.015331038142715093,0.1313877899665456,0.33590127608468906,0,VOLATILE,1.0,786483193068341.2,23947280435199.88,2019-12-31,321.86,0.008046976946498363,0.01808239607282669
1006,1,0.007223426960602297,1,0.3344358517791511,3,2,-1.0,0.23979842929037964,0.23979842929037964,1,0,0.12714813848158993,0.022922860191697134,0.13335699955776234,0.3344358517791511,0,VOLATILE,1.0,776201692401052.2,10281505844723.256,2020-01-02,324.87,0.005479114722812151,-0.00966540462338783
1007,1,0.0013880323823916851,0,0.3345091814370913,3,0,-1.0,0.24305491420685232,0.24305491420685232,1,0,0.12535192782831314,0.03698588652520149,0.1374459381178382,0.3345091814370913,0,VOLATILE,1.0,765236358848928.5,10965339579717.697,2020-01-03,322.41,0.010235414534288445,0.005303805713222198
1008,1,0.016701127413712158,0,0.3342056067727065,3,0,-1.0,0.26301252653703716,0.26301252653703716,1,0,0.12668440904861303,0.1102667705448061,0.16231705986447303,0.3342056067727065,0,VOLATILE,1.0,773370761685185.2,8134362285848.149,2020-01-06,323.64,0.013317266098133773,0.016747002842664838
1009,-1,-0.0349153379754612,1,0.3354954235231127,3,2,-1.0,0.24805480089176077,0.24805480089176077,1,0,0.12338162110071972,0.058445449885717614,0.1439423569954791,0.3354954235231127,0,VOLATILE,1.0,753208220373833.0,20162513386837.027,2020-01-07,322.73,0.014625228519195455,0.031388467139714216
1010,1,0.026010466498859408,1,0.33437930163202517,3,2,-1.0,0.2591075417453438,0.2591075417453438,1,0,0.12497943319436998,0.09745832457468809,0.15747925258968604,0.33437930163202517,0,VOLATILE,1.0,762962389534632.6,9754148982440.945,2020-01-08,324.45,0.011527199876714578,0.02937278471259064
1011,1,-0.004242001002209478,0,0.33727782461795297,3,0,-1.0,0.2659182815967173,0.2659182815967173,1,0,0.11895387823158762,0.13119804621956702,0.16671730815038488,0.33727782461795297,0,VOLATILE,1.0,726178162760880.6,36784246423374.84,2020-01-09,326.65,0.013072095515077375,0.01699066278891781
1012,-1,-0.01933013268323497,1,0.3339428292387077,3,2,-1.0,0.2533988887648559,0.2533988887648559,1,0,0.11988493257533674,0.08081802222190361,0.1502343182657468,0.3339428292387077,0,VOLATILE,1.0,731861973518676.8,5683837524182.037,2020-01-10,325.71,0.019158146817721322,0.027539836050474387
1013,-1,-0.0015307388339362293,0,0.33338284816178726,3,0,-1.0,0.23934875709905823,0.23934875709905823,1,0,0.11996056601744104,0.027634409225367928,0.13253165841426964,0.33338284816178726,0,VOLATILE,1.0,732323693261211.4,461749188941.9956,2020-01-13,327.95,0.010214971794480832,0.022289983229150767
1014,1,0.017534325413736562,1,0.3385849267723676,3,2,-1.0,0.24283295084699713,0.24283295084699713,1,0,0.11193829612460734,0.05262396463090758,0.1381874202518383,0.3385849267723676,0,VOLATILE,1.0,683350113765062.2,48973592090327.44,2020-01-14,327.45,0.01187967628645592,0.030447396549091454
1015,-1,-0.006661906235605419,1,0.3357136965684064,3,2,-1.0,0.2396552383593306,0.2396552383593306,1,0,0.10830208063917957,0.042190335634615196,0.13349747209126492,0.3357136965684064,0,VOLATILE,1.0,661152096181559.6,22198012746911.812,2020-01-15,328.19,0.010755964532740192,0.027027027027026973
1016,1,0.009401834135852827,1,0.3354000713378949,3,2,-1.0,0.24587936000751692,0.24587936000751692,1,0,0.1051449583490546,0.068452695182555,0.14119921784386985,0.3354000713378949,0,VOLATILE,1.0,641878800528340.9,19273309171394.594,2020-01-16,330.92,-0.0064970385591685,0.02018614770941629
1017,1,0.015597198943858304,0,0.33344945891755534,3,0,-1.0,0.26770068059956154,0.26770068059956154,1,0,0.10532235725731509,0.1486422891792071,0.16798821547884074,0.33344945891755534,0,VOLATILE,1.0,642961768273415.9,1082925984077.2687,2020-01-17,331.95,-0.02545564090977559,0.014399758999849466
1018,1,-0.010434236369480543,0,0.33940749035886053,3,0,-1.0,0.2790877648221256,0.2790877648221256,1,0,0.11460117152116489,0.18653356433095164,0.18371157861737217,0.33940749035886053,0,VOLATILE,1.0,699606178652401.2,56644386492239.37,2020-01-21,331.3,-0.013311198309689187,0.021249622698460424
1019,-1,-0.04676001808374275,1,0.3350200283039081,3,2,-1.0,0.24371483096094693,0.24371483096094693,1,0,0.11202458431919673,0.053171053012285426,0.1383985457771607,0.3350200283039081,0,VOLATILE,1.0,683876877612920.0,15729228172111.963,2020-01-22,331.34,-0.01424518621355697,0.01693124886823205
1020,-1,0.024462925803267477,0,0.37715776258991196,3,0,-1.0,0.23280482290303572,0.23280482290303572,1,0,0.04507891031243969,0.11080749751637814,0.13529546927627262,0.37715776258991196,0,VOLATILE,1.0,275193383827457.8,408683525661073.9,2020-01-23,331.72,-0.012178946099119847,0.005305679488725401
1021,-1,0.009345489301057885,0,0.3333717601783864,3,0,-1.0,0.2312403041461824,0.2312403041461824,1,0,0.0451376065962314,0.07204235408574236,0.12239332022732458,0.3333717601783864,0,VOLATILE,1.0,275551707239509.75,358348500658.88477,2020-01-24,328.77,-0.021413145968306013,-0.01931441433220782
1022,1,0.01715440362881024,1,0.33595028869781135,3,2,-1.0,0.24683018901813933,0.24683018901813933,1,0,0.04113998297762085,0.1364359423637602,0.14252530844712702,0.33595028869781135,0,VOLATILE,1.0,251147400142263.4,24404346228695.957,2020-01-27,323.5,0.0019165378670789046,-0.0335394126738795
1023,-1,-0.04197342936899778,1,0.3350482825462167,3,2,-1.0,0.22044664452109847,0.22044664452109847,1,0,0.038520237935370745,0.039440890928411076,0.10932037628792726,0.3350482825462167,0,VOLATILE,1.0,235154633281990.2,15992712341956.146,2020-01-28,326.89,0.006638318700480372,-0.04708005751170119
1024,1,0.030102514743276493,1,0.3354376791438719,3,2,-1.0,0.2241656147673341,0.2241656147673341,1,0,0.03530566590115644,0.05689364883425034,0.11406643824513558,0.3354376791438719,0,VOLATILE,1.0,215530623972066.12,19624019745378.18,2020-01-29,326.62,0.019104770069193533,-0.08912497703753597
1025,1,0.0020780903869335177,0,0.33384214948749136,3,0,-1.0,0.22996267540050325,0.22996267540050325,1,0,0.034528406067925094,0.07821323879958056,0.12091388162250188,0.33384214948749136,0,VOLATILE,1.0,210785683108642.6,4744951236607.634,2020-01-30,327.68,0.01922607421875,-0.09588623046875
1026,-1,-0.007737249657664591,1,0.33386135828316066,3,2,-1.0,0.2280224863760078,0.2280224863760078,1,0,0.035335010289630105,0.07014533233276962,0.1184934475407999,0.33386135828316066,0,VOLATILE,1.0,215709762764562.3,4924082339305.403,2020-01-31,321.73,0.03254281540422088,-0.03928760140490484
1027,1,0.04624348054159272,1,0.34568783186807384,3,2,-1.0,0.2723257778931051,0.2723257778931051,1,0,0.054207609556620066,0.22627993144357952,0.17682918033339984,0.34568783186807384,0,VOLATILE,1.0,330921386512915.7,115211540791358.55,2020-02-03,324.12,0.03258052573121062,-0.07367641614216958
1028,-1,-0.06235456765607478,1,0.33396673627485773,3,2,-1.0,0.2542745017541276,0.2542745017541276,1,0,0.05324002437161867,0.15076440941250294,0.15133481126137388,0.33396673627485773,0,VOLATILE,1.0,325014565798831.75,5906781940974.831,2020-02-04,329.06,0.01884154865374099,-0.04923114325654887
1029,-1,-0.0141648018471221,0,0.33387279742340004,3,0,-1.0,0.222058423768028,0.222058423768028,1,0,0.05241593463314168,0.030707752564513368,0.11104122906588501,0.33387279742340004,0,VOLATILE,1.0,319983742246595.5,5030757731155.564,2020-02-05,332.86,0.013699453223577462,-0.09132968815718334
1030,1,0.03392083123652287,1,0.3365224676939478,3,2,-1.0,0.2237631770184513,0.2237631770184513,1,0,0.047544251667319695,0.04395951292233349,0.11383458819655105,0.3365224676939478,0,VOLATILE,1.0,290243561949265.2,29740185928539.832,2020-02-06,333.98,0.009222109108329768,-0.10934786514162531
1031,1,0.009750484730689235,0,0.33488947013859427,3,0,-1.0,0.23521841499956384,0.23521841499956384,1,0,0.04992139153013309,0.08331476732217713,0.1277453862841034,0.33488947013859427,0,VOLATILE,1.0,304755296109312.9,14511711544755.555,2020-02-07,332.2,0.016255267910897153,-0.17450331125827812
1032,1,-0.009546534622798503,0,0.33517133803614735,3,0,-1.0,0.23712711835787786,0.23712711835787786,1,0,0.04711367807342321,0.0934915192957293,0.13020173245638417,0.33517133803614735,0,VOLATILE,1.0,287615037801945.1,17140262973645.07,2020-02-10,334.68,0.006125253973945366,-0.13822158479741842
1033,1,0.0019485688942680324,0,0.3356796263723837,3,0,-1.0,0.24098439061045993,0.24098439061045993,1,0,0.05069784873507132,0.10475333583344122,0.13515039485617084,0.3356796263723837,0,VOLATILE,1.0,309495337164945.9,21880292058548.344,2020-02-11,335.26,0.0091868997196205,-0.18165006263795258
1034,-1,-0.014129073025574812,1,0.3346646099088336,3,2,-1.0,0.2307125898374672,0.2307125898374672,1,0,0.04866420304778994,0.0675064662743373,0.12205688977404242,0.3346646099088336,0,VOLATILE,1.0,297080533117771.7,12414783574706.701,2020-02-12,337.42,-0.0013929227668781907,-0.2646849623614487
1035,-1,0.00908049317301271,0,0.3361090910655278,3,0,-1.0,0.2295212822374872,0.2295212822374872,1,0,0.0529044170037784,0.05988220968594447,0.12092887556324095,0.3361090910655278,0,VOLATILE,1.0,322965782308874.5,25885253399025.984,2020-02-13,337.06,-0.010621254376075417,-0.20097312051266836
1036,-1,-0.008079773020677056,0,0.33388165939885406,3,0,-1.0,0.22025020161683012,0.22025020161683012,1,0,0.053742029917461805,0.022607470694791677,0.10878316687075115,0.33388165939885406,0,VOLATILE,1.0,328079160836804.5,5113399842742.938,2020-02-14,337.6,-0.0449644549763033,-0.2895438388625593
1037,1,0.016378844290546923,1,0.33409003899798667,3,2,-1.0,0.22735796528671998,0.22735796528671998,1,0,0.05258609800054433,0.05057380107314555,0.11771996635789662,0.33409003899798667,0,VOLATILE,1.0,321022539159707.4,7056638139145.354,2020-02-18,336.73,-0.0715112998544829,-0.24925014106257237
1038,-1,-0.018797147978210416,1,0.33798945116580953,3,2,-1.0,0.21566858097839942,0.21566858097839942,1,0,0.04547346443906212,0.016775802604292775,0.10408308901445162,0.33798945116580953,0,VOLATILE,1.0,277602019805030.44,43420500482253.99,2020-02-19,338.34,-0.07932848613820409,-0.29065437134243655
1039,1,0.02999666620176658,1,0.33344280583561203,3,2,-1.0,0.23397586287184544,0.23397586287184544,1,0,0.04564069888649253,0.08185089125963696,0.1258305300487098,0.33344280583561203,0,VOLATILE,1.0,278622936529989.3,1020882848975.8262,2020-02-20,336.95,-0.11705000741949845,-0.28621457189493993
1040,-1,-0.02091171280637416,1,0.33387492252939616,3,2,-1.0,0.2313714319589173,0.2313714319589173,1,0,0.04481337318799309,0.07323568855499404,0.1226830205809957,0.33387492252939616,0,VOLATILE,1.0,273572358401115.4,5050575349447.949,2020-02-21,333.48,-0.1116108912078686,-0.31390188317140455
1041,1,0.010245121509886795,1,0.34470944378943663,3,2,-1.0,0.23901212255587595,0.23901212255587595,1,0,0.06219138607893828,0.09263615634767404,0.1349425141422041,0.34470944378943663,0,VOLATILE,1.0,379659975393416.4,106087609316947.14,2020-02-24,322.42,-0.04134358910737557,-0.3085106382978724
1042,1,0.00893217653195022,0,0.376872457662273,3,0,-1.0,0.2555849896847848,0.2555849896847848,1,0,0.1287012386018852,0.11239681596276274,0.1636993515215493,0.376872457662273,0,VOLATILE,1.0,785682908219371.2,406022922301397.0,2020-02-25,312.65,-0.03969294738525497,-0.22229329921637608
1043,1,0.05365858162772347,0,0.4449379223360448,3,0,-1.0,0.32581643844141717,0.32581643844141717,1,0,0.29918710073224775,0.2563279851751004,0.2685050286357827,0.4449379223360448,0,VOLATILE,1.0,1826448556040479.0,1040765565857002.2,2020-02-26,311.5,0.004365971107544109,-0.20773675762439814
1044,1,-0.030544710444593393,0,0.4012226021175642,3,0,-1.0,0.3655031767534561,0.3655031767534561,1,0,0.40289394356643743,0.26865992084719614,0.30718462147121117,0.4012226021175642,0,VOLATILE,1.0,2459548087679500.0,633099533569551.8,2020-02-27,297.51,0.01663809619844714,-0.12204631777083119
1045,1,-0.0032248656087030536,0,0.5289653102859067,3,0,-1.0,0.401965049456792,0.401965049456792,1,0,0.7017390292040645,0.20235388897333567,0.38469763939246665,0.5289653102859067,0,VOLATILE,1.0,4283908742957596.0,1824360691725877.0,2020-02-28,296.26,0.004050496185782793,-0.1446027138324445
1046,1,0.13675546785418125,0,0.6666666666666666,3,0,-1.0,0.5751823900143092,0.5751823900143092,1,0,1.0,0.6569339625536592,0.6356446541845531,0.6666666666666666,0,VOLATILE,1.0,8228353238429328.0,3944444247000783.0,2020-03-02,309.09,-0.11278268465495478,-0.15348280436118933
1047,1,-0.12093365597323757,0,0.39864316972547265,3,0,-1.0,0.6274660745985887,0.6274660745985887,1,0,1.0,0.6519801570388121,0.6339933856796041,0.39864316972547265,0,VOLATILE,1.0,9001186269392732.0,772833025288609.4,2020-03-03,300.24,-0.03936850519584334,-0.14152011723954172
1048,-1,-0.11224184814376259,1,0.45317696485696624,3,2,-1.0,0.5675079110391057,0.5675079110391057,1,0,1.0,0.4680373900393713,0.5726791300131238,0.45317696485696624,0,VOLATILE,1.0,1.0419335728942392e+16,1418149568709226.8,2020-03-04,312.86,-0.12305823691107842,-0.21322636322955957
1049,1,0.07813864910640622,1,0.34518868541970066,3,2,-1.0,0.5856883965860289,0.5856883965860289,1,0,0.9865357716421406,0.4686872296202435,0.5684076670874614,0.34518868541970066,0,VOLATILE,1.0,1.0279047413350708e+16,140288325999721.27,2020-03-05,302.46,-0.17969318256959588,-0.16739403557495192
1050,-1,-0.12517203900965135,1,0.34513480376433425,3,2,-1.0,0.47869684312330074,0.47869684312330074,1,0,0.973132715575952,0.08083154895967644,0.4346547548452095,0.34513480376433425,0,VOLATILE,1.0,1.0139396472403252e+16,139650726443134.67,2020-03-06,297.46,-0.09460095475021846,-0.16563571572648417
1051,1,0.12277486391177095,1,0.341938829806417,3,2,-1.0,0.49448015357234354,0.49448015357234354,1,0,0.9633593799846216,0.14739531826647964,0.45358489941703367,0.341938829806417,0,VOLATILE,1.0,1.0037564807685558e+16,101831703167521.38,2020-03-09,274.23,-0.12536921562192327,-0.03416839878933742
1052,1,0.03864394969164975,0,0.3975152748523502,3,0,-1.0,0.5489074137130361,0.5489074137130361,1,0,1.0,0.356539257563148,0.5355130858543826,0.3975152748523502,0,VOLATILE,1.0,1.0797051191367106e+16,759486269958080.8,2020-03-10,288.42,-0.12350045073157201,-0.08075029470910489
1053,-1,-0.12196224270128053,1,0.35026440973382555,3,2,-1.0,0.48137243115244804,0.48137243115244804,1,0,0.9814438955865019,0.08640102853554768,0.4392816413740165,0.35026440973382555,0,VOLATILE,1.0,1.0596699982102214e+16,200351060710357.06,2020-03-11,274.36,-0.12523691500218692,-0.0012027992418721656
1054,1,0.12223081027515181,1,0.37261551234870693,3,2,-1.0,0.5360682588670118,0.5360682588670118,1,0,0.9383914957319777,0.35132610928084695,0.5132392016709415,0.37261551234870693,0,VOLATILE,1.0,1.013186101696171e+16,464839095080536.1,2020-03-12,248.11,-0.030631574704768183,0.12127685300874602
1055,1,0.02439257822221691,0,0.4088408440611726,3,0,-1.0,0.6151566648037925,0.6151566648037925,1,0,1.0,0.613468126060101,0.6211560420200337,0.4088408440611726,0,VOLATILE,1.0,1.1025366674252712e+16,893505498887326.5,2020-03-13,269.32,-0.15045299272241197,0.023540769345017143
1056,-1,-0.19951217640726515,1,0.3705165691212062,3,2,-1.0,0.49473289433330797,0.49473289433330797,1,0,0.9600918630876695,0.17304391750314024,0.46104526019693653,0.3705165691212062,0,VOLATILE,1.0,1.0585364831507988e+16,440001601465046.2,2020-03-16,239.85,-0.07046070460704612,0.18319783197831985
1057,-1,0.06266833406324257,0,0.4116091280167198,3,0,-1.0,0.43697745792606596,0.43697745792606596,1,0,0.876079819839123,0.07129249339616414,0.3991241044117623,0.4116091280167198,0,VOLATILE,1.0,9659101249639586.0,926263524054895.0,2020-03-17,252.8,-0.038172468354430444,0.09873417721518973
1058,1,0.06249760019904005,1,0.4578163467930392,3,2,-1.0,0.441719621717864,0.441719621717864,1,0,0.7424743932173369,0.25733644831943264,0.4166036138455898,0.4578163467930392,0,VOLATILE,1.0,8186052431464430.0,1473048918871373.2,2020-03-18,240.0,0.028291666666666604,0.16291666666666682
1059,-1,-0.028998885728625967,1,0.4641801794783571,3,2,-1.0,0.41746289978103607,0.41746289978103607,1,0,0.6020387704549665,0.31158223833268683,0.3878736695958844,0.4641801794783571,0,VOLATILE,1.0,6637698196382265.0,1548354268544807.2,2020-03-19,240.51,0.08602552908402972,0.19180075672529218
1060,-1,-0.031015843173613944,0,0.46852259875621993,3,0,-1.0,0.3621903346705942,0.3621903346705942,1,0,0.45694249901412576,0.25266320506776746,0.3198685680272977,0.46852259875621993,0,VOLATILE,1.0,5037958600680095.0,1599739560760701.2,2020-03-20,228.8,0.1076048951048949,0.2307255244755244
1061,-1,0.04644466718266488,0,0.405975449925962,3,0,-1.0,0.3533624367428172,0.3533624367428172,1,0,0.3789769891469148,0.2506137360831212,0.29319690841001195,0.405975449925962,0,VOLATILE,1.0,4178360266449026.0,859598336651263.4,2020-03-23,222.95,0.17358152052029596,0.22466920834267778
1062,-1,-0.020229198644057755,0,0.3803172355184504,3,0,-1.0,0.32430534017098245,0.32430534017098245,1,0,0.328549986514703,0.17283296576531884,0.2504609840933406,0.3803172355184504,0,VOLATILE,1.0,3622384072145384.5,555976148027197.8,2020-03-24,243.15,0.060045239564055164,0.14785112070738227
1063,1,0.10919876132228185,1,0.34098399960650205,3,2,-1.0,0.40444700492142954,0.40444700492142954,1,0,0.3203386745548343,0.4520755936054031,0.3408047560534124,0.34098399960650205,0,VOLATILE,1.0,3531851346911155.0,90532879700770.06,2020-03-25,246.79,-0.0025932979456216865,0.13083998541269892
1064,-1,-0.13200382015166834,1,0.36670437294537517,3,2,-1.0,0.3525848495202083,0.3525848495202083,1,0,0.28452211600963817,0.3126993494001744,0.2824071551366042,0.36670437294537517,0,VOLATILE,1.0,3136960655940528.5,394890615642461.44,2020-03-26,261.2,-0.03587289433384366,0.08334609494640133
1065,-1,0.0016591559874810091,0,0.3368987069691463,3,0,-1.0,0.30238185010646806,0.30238185010646806,1,0,0.28834875819390765,0.0982572099322074,0.21220198937537166,0.3368987069691463,0,VOLATILE,1.0,3179150789153263.0,42190252578572.336,2020-03-27,253.42,-0.02063767658432636,0.132704601057533
1066,-1,0.03571300393578969,0,0.36467256981668894,3,0,-1.0,0.2878918546285175,0.2878918546285175,1,0,0.2547129054338841,0.0983859767855734,0.20103296073981913,0.36467256981668894,0,VOLATILE,1.0,2808303179072828.0,370847613156507.3,2020-03-30,261.65,0.012268297343779988,0.09203133957576926
1067,1,0.06198892518377913,1,0.37427439957600084,3,2,-1.0,0.3353907843343461,0.3353907843343461,1,0,0.2986542410132998,0.23976699992249895,0.2628070803119329,0.37427439957600084,0,VOLATILE,1.0,3292772515992273.0,484469259620903.8,2020-03-31,257.75,0.0286323957322987,0.13757516973811823
1068,-1,-0.0754571293733226,1,0.35513930150932616,3,2,-1.0,0.3074325846668521,0.3074325846668521,1,0,0.3220581972967441,0.09716847133594589,0.22307555621089664,0.35513930150932616,0,VOLATILE,1.0,3550809715645427.5,258037277166231.66,2020-04-01,246.15,0.11326426975421477,0.18009343895998375
1069,-1,0.007599130905061369,0,0.3428076811756492,3,0,-1.0,0.28707351590441943,0.28707351590441943,1,0,0.31188954213042075,0.02174190339288908,0.19454381517443659,0.3428076811756492,0,VOLATILE,1.0,3438696563852678.0,112113110522121.33,2020-04-02,251.83,0.10471349720049239,0.12294007862446898
1070,1,0.03813323135385416,1,0.3397938951212363,3,2,-1.0,0.30484767849584093,0.30484767849584093,1,0,0.3188235525623509,0.07920066313797981,0.21600807190011023,0.3397938951212363,0,VOLATILE,1.0,3515146571387801.5,76449977330061.44,2020-04-03,248.19,0.11068133284983284,0.1425520770377533
1071,1,0.03630318209794603,0,0.40034077420771585,3,0,-1.0,0.35892502318520847,0.35892502318520847,1,0,0.3907414725749908,0.25548294502532776,0.2987414725334395,0.40034077420771585,0,VOLATILE,1.0,4308068009976734.0,792921343989609.8,2020-04-06,264.86,0.07147172090915954,0.0805331118326662
1072,-1,-0.062895517052652,1,0.3468465432151592,3,2,-1.0,0.350106850821924,0.350106850821924,1,0,0.4052449597233738,0.1677906382702106,0.2743451993311948,0.3468465432151592,0,VOLATILE,1.0,4467974273842968.5,159906308930646.47,2020-04-07,265.13,0.04763700826009876,0.07211556594877977
1073,-1,0.0063537881314555955,0,0.3447893374394791,3,0,-1.0,0.3476424665900951,0.3476424665900951,1,0,0.4175404865050184,0.14471076628744747,0.2707504175974886,0.3447893374394791,0,VOLATILE,1.0,4603536965063694.0,135562708470311.9,2020-04-08,274.03,0.018501623909791043,0.049812064372514175
1074,1,0.03466693232241652,1,0.3745083529260615,3,2,-1.0,0.37984501468068277,0.37984501468068277,1,0,0.4617329183109279,0.2435671514361787,0.3184333565823689,0.3745083529260615,0,VOLATILE,1.0,5090774729950754.0,487237707458043.75,2020-04-09,278.2,0.03033788641265267,0.05118619698058957
1075,-1,-0.052054937429155235,1,0.41234695520016157,3,2,-1.0,0.3599926253421152,0.3599926253421152,1,0,0.3769289848364138,0.2823035765966393,0.3030775204776843,0.41234695520016157,0,VOLATILE,1.0,4155780267975302.5,934994478621917.9,2020-04-13,275.66,0.021512007545526846,0.061089748240586106
1076,1,0.04529053599935229,1,0.35570984714499065,3,2,-1.0,0.3854307720028999,0.3854307720028999,1,0,0.40094530674857665,0.31120247362104086,0.3207159267898725,0.35570984714499065,0,VOLATILE,1.0,4420569023223788.0,264788733516975.94,2020-04-14,283.79,-0.03788012262588536,0.010148349131400058
1077,-1,-0.07778768908343453,1,0.3462846416303792,3,2,-1.0,0.33308122958025005,0.33308122958025005,1,0,0.41484570805254956,0.09392238409617273,0.2529226973829074,0.3462846416303792,0,VOLATILE,1.0,4573826044519350.0,153257140510248.28,2020-04-15,277.76,0.004824308755760454,0.01382488479262678
1078,-1,0.049654344123724714,0,0.3636618770023584,3,0,-1.0,0.33038603128132493,0.33038603128132493,1,0,0.44739680074380356,0.06429722431293361,0.25389800835224574,0.3636618770023584,0,VOLATILE,1.0,4932713777088013.0,358887748785594.2,2020-04-16,279.1,-7.16589036189319e-05,0.021031888212110328
1079,-1,-0.017567965680336695,0,0.3674130734111371,3,0,-1.0,0.3101228673020631,0.3101228673020631,1,0,0.4108196114442553,0.027700945996834266,0.22950685248036318,0.3674130734111371,0,VOLATILE,1.0,4529436853146940.0,403276904067525.4,2020-04-17,286.64,-0.01280351660619583,-0.0012559307842590073
1080,1,0.04890180101159547,1,0.3542625328972668,3,2,-1.0,0.3387615043343968,0.3387615043343968,1,0,0.38835667408369917,0.1476958668432389,0.2620175136423127,0.3542625328972668,0,VOLATILE,1.0,4281774732166038.5,247662182442866.0,2020-04-20,281.59,0.019389893106999567,0.047622429773784614
1081,-1,-0.038491213029540394,1,0.40167741197582796,3,2,-1.0,0.32890892833719004,0.32890892833719004,1,0,0.31500417667755803,0.21966236356877564,0.26155551341544453,0.40167741197582796,0,VOLATILE,1.0,3473036551791162.0,808738223453871.1,2020-04-21,273.04,0.04647670670963966,0.06933050102549076
1082,-1,-0.030604653532176673,0,0.4117401846814679,3,0,-1.0,0.28845169880780663,0.28845169880780663,1,0,0.2308514747672479,0.15964753427312778,0.21349966968012518,0.4117401846814679,0,VOLATILE,1.0,2545222156600906.0,927814361176785.2,2020-04-22,279.1,0.050555356503045434,0.06388391257613746
1083,1,0.05180935643547668,1,0.3413490436113681,3,2,-1.0,0.2998038257138999,0.2998038257138999,1,0,0.23945459529568897,0.1408215338399619,0.21009204304521695,0.3413490436113681,0,VOLATILE,1.0,2640074714969759.5,94852566875457.92,2020-04-23,279.08,0.040848502221585425,0.05661459079833753
1084,-1,-0.05762121541107601,1,0.39799679508761493,3,2,-1.0,0.25353473720891717,0.25353473720891717,1,0,0.1700524323813444,0.07920042846780619,0.16641762028305018,0.39799679508761493,0,VOLATILE,1.0,1874890420852887.2,765184259123493.8,2020-04-24,282.97,-0.0006361098349648708,0.04406827578895278
1085,-1,0.041079831639180775,0,0.35928443867775295,3,0,-1.0,0.24834548034311518,0.24834548034311518,1,0,0.14219956510661874,0.058559315188377946,0.15025296009833222,0.35928443867775295,0,VOLATILE,1.0,1567802346219743.0,307088064537321.9,2020-04-27,287.05,-0.01212332346281142,0.041909075074028745
1086,1,0.01325023193974001,1,0.34013736703889574,3,2,-1.0,0.2564064554170532,0.2564064554170532,1,0,0.1348969159427589,0.08173031715036251,0.15554241103104047,0.34013736703889574,0,VOLATILE,1.0,1487287961494763.5,80514394818915.55,2020-04-28,285.73,0.0016099114548699944,0.06229657368844688
1087,0,-0.007954589355905345,0,0.3345555537170253,3,1,-1.0,0.2565128411350859,0.2565128411350859,1,0,0.13620870359295123,0.07663111595138977,0.15427993984811367,0.3345555537170253,0,VOLATILE,1.0,1501750901336890.0,14462940483062.352,2020-04-29,293.21,-0.030558302922819802,0.033286722826643134
1088,-1,-0.015413736740352402,0,0.3462279683590717,3,1,-1.0,0.24120549011276612,0.24120549011276612,1,0,0.1223691162288619,0.041822447963314816,0.13806385473072558,0.3462279683590717,0,VOLATILE,1.0,1349164376027450.8,152586506833345.97,2020-04-30,290.48,-0.009639217846323378,0.04764527678325514
1089,-1,0.0034325048196678365,0,0.346303052562862,3,0,-1.0,0.22933064391011423,0.22933064391011423,1,0,0.10844894246085975,0.011268261624215148,0.1232390680283583,0.346303052562862,0,VOLATILE,1.0,1195689356065913.0,153475003200389.22,2020-05-01,282.79,0.03412426181972483,0.08048375119346507
1090,1,0.03372970241838033,1,0.3427338589880135,3,2,-1.0,0.2511855001258427,0.2511855001258427,1,0,0.09835952698206453,0.10063649273085568,0.14966533990430675,0.3427338589880135,0,VOLATILE,1.0,1084449850883314.6,111239548012159.38,2020-05-04,283.57,0.03149134252565511,0.08643368480445734
1091,1,-0.0035570293368608896,0,0.3422655395969756,3,0,-1.0,0.2694833270047102,0.2694833270047102,1,0,0.10794631084138555,0.15931532012400962,0.1724205436551317,0.3422655395969756,0,VOLATILE,1.0,1190147658159136.5,105697768828944.28,2020-05-05,286.19,0.0016772074495965406,0.09081379503127307
1092,-1,-0.060572729287022786,1,0.34282291253927066,3,2,-1.0,0.22720842459655496,0.22720842459655496,1,0,0.09776130448225738,0.011387472159276721,0.11971625888051136,0.34282291253927066,0,VOLATILE,1.0,1077854228470152.8,112293348315953.53,2020-05-06,284.25,-0.009322779243623458,0.09537379067722074
1093,-1,0.03722994228490084,0,0.35490208390729094,3,0,-1.0,0.22216346447330054,0.22216346447330054,1,0,0.07461194334669848,0.024677611358646788,0.11642985156844841,0.35490208390729094,0,VOLATILE,1.0,822624033675920.8,255230202349326.03,2020-05-07,287.68,-0.009420189098998777,0.1100528364849831
1094,-1,0.0030818260564189903,0,0.3347351017643772,3,0,-1.0,0.2202003304064651,0.2202003304064651,1,0,0.07310744881250204,0.0036951165350250234,0.10893418844917568,0.3347351017643772,0,VOLATILE,1.0,806036429776996.0,16587592270374.922,2020-05-08,292.44,-0.021064149911092955,0.10518396936123642
1095,-1,-0.009409509664637244,0,0.3581692955945795,3,0,-1.0,0.20882768667499244,0.20882768667499244,1,0,0.04645144606582042,0.005279350661335754,0.10057693224238538,0.3581692955945795,0,VOLATILE,1.0,512144225424943.7,293892205380303.3,2020-05-11,292.5,0.008547008547008517,0.09671794871794881
1096,1,0.023598989126100534,1,0.3353316640867617,3,2,-1.0,0.2210540320696203,0.2210540320696203,1,0,0.04859622064747374,0.031855147678673604,0.11015045610871577,0.3353316640867617,0,VOLATILE,1.0,535791151621288.5,23646912731895.88,2020-05-12,286.67,0.018488157114452175,0.11277775839815818
1097,1,0.0018355264203905042,0,0.3375302357406091,3,0,-1.0,0.23511590388463866,0.23511590388463866,1,0,0.04409176182625173,0.09074055454660002,0.12827743879095058,0.3375302357406091,0,VOLATILE,1.0,486127841448243.7,49663342666808.28,2020-05-13,281.6,0.05443892045454546,0.06750710227272716
1098,1,0.022059754127306902,0,0.33946098214450265,3,0,-1.0,0.2712375298269639,0.2712375298269639,1,0,0.05066846635122781,0.221068007108264,0.1739121578198306,0.33946098214450265,0,VOLATILE,1.0,558638420344322.0,72510507302574.12,2020-05-14,284.97,0.0347755904130258,0.06751587886444166
1099,-1,-0.07771848542842613,1,0.3354007938329596,3,2,-1.0,0.22964067034086305,0.22964067034086305,1,0,0.04844948946522238,0.06425361968773387,0.12090103638431873,0.3354007938329596,0,VOLATILE,1.0,534173386534420.7,24464948020957.04,2020-05-15,286.28,0.031996646639653514,0.07255134833030619
1100,-1,0.03600084212445398,0,0.3417645739499106,3,0,-1.0,0.22404465297921616,0.22404465297921616,1,0,0.03940038639221304,0.05709049274228058,0.11549695971149787,0.3417645739499106,0,VOLATILE,1.0,434403707081385.7,99769675635413.05,2020-05-18,295.0,0.01383050847457623,0.06088135593220323
1101,1,0.01450410448188777,1,0.33499964279642863,3,2,-1.0,0.23295274009945705,0.23295274009945705,1,0,0.04118880826973366,0.08363369920055172,0.12494083582342845,0.33499964279642863,0,VOLATILE,1.0,454121714049306.0,19717994326287.566,2020-05-19,291.97,0.03959310888104928,0.06743843545569739
1102,-1,-0.012147361706186743,1,0.33612874466973897,3,2,-1.0,0.22971346551351118,0.22971346551351118,1,0,0.03818854206421002,0.07533351211376106,0.12117401805932368,0.33612874466973897,0,VOLATILE,1.0,421042679013039.0,33079032491658.023,2020-05-20,296.93,0.020341494628363765,0.050011787289933496
1103,-1,-0.010438836789879002,0,0.3339497799089876,3,0,-1.0,0.21603535413768632,0.21603535413768632,1,0,0.03885016065845194,0.021744752289612375,0.10353163764935477,0.3339497799089876,0,VOLATILE,1.0,428337266613059.8,7294617446768.449,2020-05-21,294.88,0.03201302224633751,0.046663049376017396
1104,1,0.015113729891938404,1,0.33486442837973995,3,2,-1.0,0.21747097265379986,0.21747097265379986,1,0,0.040493458421308276,0.026171010315246157,0.1055548229121848,0.33486442837973995,0,VOLATILE,1.0,446455227003530.06,18117957142230.027,2020-05-22,295.44,0.03422014622258329,0.051380991064175596
1105,1,0.01928001789668629,0,0.3373851333772775,3,0,-1.0,0.2381866090665997,0.2381866090665997,1,0,0.04484218793439764,0.10139644609830939,0.132079544677569,0.3373851333772775,0,VOLATILE,1.0,494401564452484.8,47946298119999.29,2020-05-26,299.08,0.03009228300120359,0.04336632339173474
1106,-1,-0.030367323280029807,1,0.3345937843002301,3,2,-1.0,0.22853492219936972,0.22853492219936972,1,0,0.043489366238769124,0.06446193023403986,0.11931709882426966,0.3345937843002301,0,VOLATILE,1.0,479486209213296.1,14915335695008.072,2020-05-27,303.53,0.028498006786808583,0.0018449576648107424
1107,1,0.015322189100634681,1,0.3333634014668937,3,2,-1.0,0.23420542443277442,0.23420542443277442,1,0,0.04345709569594463,0.08483579702712978,0.12609763090769147,0.3333634014668937,0,VOLATILE,1.0,479130414645878.9,355806229320.6113,2020-05-28,302.97,0.027692510809651072,0.014456876918506723
1108,1,-0.0005614273428132532,0,0.33529246215840747,3,0,-1.0,0.23931449932336588,0.23931449932336588,1,0,0.04135439805884895,0.10754432102257867,0.1329662396938092,0.33529246215840747,0,VOLATILE,1.0,455947402191814.2,23183023269591.2,2020-05-29,304.32,0.04935594111461605,-0.01403128286014721
1109,1,0.02695307584863138,0,0.33411390294007126,3,0,-1.0,0.2713766500625887,0.2713766500625887,1,0,0.04051663208948681,0.22773123285027436,0.1727492883132537,0.33411390294007126,0,VOLATILE,1.0,446710725192385.9,9236739884043.61,2020-06-01,305.55,0.05776468663066603,-0.003567337587956243
1110,1,-0.022999873475559568,0,0.33500920519194893,3,0,-1.0,0.280438927326252,0.280438927326252,1,0,0.04231531805591021,0.26058756331149646,0.18430096045580222,0.33500920519194893,0,VOLATILE,1.0,466541897504036.5,19831149334280.805,2020-06-02,308.08,0.041255518047260464,0.0009088548428981547
1111,-1,-0.0680863594742136,1,0.33413911553240266,3,2,-1.0,0.22141484511570164,0.22141484511570164,1,0,0.043180138700973224,0.037729867132209986,0.11030333527772773,0.33413911553240266,0,VOLATILE,1.0,476076862223320.0,9535088878364.273,2020-06-03,312.18,0.021846370683579863,-0.0053174450637453186
1112,1,0.07519258157267031,1,0.3340028132861594,3,2,-1.0,0.23758334447782162,0.23758334447782162,1,0,0.04246160078694405,0.09897805096950663,0.13047988391881687,0.3340028132861594,0,VOLATILE,1.0,468154718251795.6,7922179045221.498,2020-06-04,311.36,-0.03452595066803699,0.0027941932168551453
1113,1,0.014125605857671752,0,0.3336590429429688,3,0,-1.0,0.26787744969761335,0.26787744969761335,1,0,0.04211202735337763,0.21267269121989898,0.16826157285775886,0.3336590429429688,0,VOLATILE,1.0,464300542967148.3,3854230187758.711,2020-06-05,319.34,-0.04737896912381789,-0.007171040270557927
1114,1,0.026297689357362514,0,0.34504355613175614,3,0,-1.0,0.3244692442747676,0.3244692442747676,1,0,0.054680414873398316,0.42086191825579733,0.24184744437639855,0.34504355613175614,0,VOLATILE,1.0,602871623879478.1,138570962845008.97,2020-06-08,323.2,-0.04996905940594054,-0.02914603960396045
1115,-1,-0.08974041406432065,1,0.3338662294019077,3,2,-1.0,0.2913206247876012,0.2913206247876012,1,0,0.0552523566457283,0.28759965835920687,0.19761733833497838,0.3338662294019077,0,VOLATILE,1.0,609177491635738.1,6305936495812.858,2020-06-09,320.79,-0.02440849153651936,-0.014370772156239275
1116,-1,-0.03444900469001638,0,0.33363710378755446,3,0,-1.0,0.22372300061041842,0.22372300061041842,1,0,0.05557837544248394,0.03361070468725092,0.11306302670991161,0.33363710378755446,0,VOLATILE,1.0,612771968412667.8,3594616861683.9087,2020-06-10,319.0,-0.023009404388714683,-0.014482758620689706
1117,1,0.11857018370508277,1,0.33333812898810117,3,2,-1.0,0.2746955601383184,0.2746955601383184,1,0,0.05558353130161423,0.22452841595815565,0.1767039824199233,0.33333812898810117,0,VOLATILE,1.0,612828813650100.0,56748578578.757866,2020-06-11,300.61,0.03715777918232921,0.05648514686803496
1118,1,0.011213358243866073,0,0.3765740945556034,3,0,-1.0,0.3368814779100845,0.3368814779100845,1,0,0.10199309385337398,0.4437430192261454,0.2652453710265064,0.3765740945556034,0,VOLATILE,1.0,1124511257974918.6,511682315517353.75,2020-06-12,304.21,0.014562308931330259,0.03494296702935462
1119,-1,-0.13898655141876193,1,0.3684868914203491,3,2,-1.0,0.26008084426308864,0.26008084426308864,1,0,0.13972277468939684,0.11194555986244736,0.16722277818394804,0.3684868914203491,0,VOLATILE,1.0,1540494823694596.2,415983749873812.1,2020-06-15,307.05,0.011626770884220816,0.03865819899039247
1120,1,0.11255074581151847,1,0.33748081862990037,3,2,-1.0,0.29583095642761126,0.29583095642761126,1,0,0.14417420344851606,0.21830249712745145,0.20415890019198915,0.33748081862990037,0,VOLATILE,1.0,1589573457988199.5,49078573552693.016,2020-06-16,312.96,-0.0029077198364007018,0.02840618609406964
1121,-1,-0.0607920529351097,1,0.3368993966545193,3,2,-1.0,0.2707890156570242,0.2707890156570242,1,0,0.14800159108856703,0.12013176511616323,0.17271111873491007,0.3368993966545193,0,VOLATILE,1.0,1631771810124264.2,42198413855077.57,2020-06-17,311.66,-0.024289289610473164,0.02929474427260481
1122,1,0.045378906876189784,1,0.3348713055577402,3,2,-1.0,0.2911259817626269,0.2911259817626269,1,0,0.14965227406212897,0.1932236367160269,0.19762530359271863,0.3348713055577402,0,VOLATILE,1.0,1649971195170730.2,18199337077825.926,2020-06-18,311.78,-0.014208736929886334,0.03188145487202543
1123,-1,-0.03854440804746034,1,0.33422499395088967,3,2,-1.0,0.27291853982076925,0.27291853982076925,1,0,0.15060927359474427,0.12350399619630761,0.17470442326368396,0.33422499395088967,0,VOLATILE,1.0,1660522465924902.5,10551316779592.21,2020-06-19,308.64,-0.02783177812337989,0.050803525142560924
1124,1,0.07013635179924732,1,0.3339656788969544,3,2,-1.0,0.32484744967815893,0.32484744967815893,1,0,0.15128796902165642,0.3173642264441553,0.2395507318219372,0.3339656788969544,0,VOLATILE,1.0,1668005331866747.5,7482755461625.079,2020-06-22,310.62,-0.019831305131672194,0.04632670143583795
1125,-1,-0.08181759631433105,1,0.33676744135914116,3,2,-1.0,0.29495876322121756,0.29495876322121756,1,0,0.14760219612553827,0.21106874697338351,0.20289031436630722,0.33676744135914116,0,VOLATILE,1.0,1627368334209022.5,40636942937931.1,2020-06-23,312.05,-0.011825028040378105,0.047460342893766994
1126,-1,0.016179562373380696,0,0.3382412209192291,3,0,-1.0,0.2812496391376569,0.2812496391376569,1,0,0.15286974228988867,0.15549732016574647,0.1861223541518784,0.3382412209192291,0,VOLATILE,1.0,1685444962144539.0,58076666859339.43,2020-06-24,304.09,0.021145055740076968,0.06205399717188986
1127,1,0.05804601079872934,1,0.3360679761207272,3,2,-1.0,0.32558652585282555,0.32558652585282555,1,0,0.15580479509298448,0.3171956589456569,0.24100015134621378,0.3360679761207272,0,VOLATILE,1.0,1717804995506963.5,32359938031014.117,2020-06-25,307.35,0.015877663901090022,0.044021473889702234
1128,-1,-0.0664954961900821,1,0.33352892689723296,3,2,-1.0,0.3034279163779121,0.3034279163779121,1,0,0.1560147179867844,0.2319866636033108,0.2126671271966984,0.33352892689723296,0,VOLATILE,1.0,1720119472384428.0,2314523723623.0835,2020-06-26,300.05,0.056657223796033884,0.07722046325612397
1129,0,0.022824775806566167,0,0.33447261692082925,3,1,-1.0,0.30409408270956484,0.30409408270956484,1,0,0.1572374910849746,0.23396978176651545,0.21373575761716335,0.33447261692082925,0,VOLATILE,1.0,1733600994151386.8,13481521777202.492,2020-06-29,304.46,0.030611574591079327,0.05488405701898458
1130,-1,-0.0027144889782374504,0,0.3412271404611075,3,1,-1.0,0.3020457600629801,0.3020457600629801,1,0,0.1487652067362631,0.23982674884574298,0.21286398519400201,0.3412271404611075,0,VOLATILE,1.0,1640190952638310.2,93410046336248.12,2020-06-30,308.36,0.025359968867557425,0.054352056038396546
1131,-1,-0.009087772924659121,0,0.33882992039051707,3,0,-1.0,0.2909096644917363,0.2909096644917363,1,0,0.1428658142475574,0.20216786788934143,0.1983445607122996,0.33882992039051707,0,VOLATILE,1.0,1575147987294997.8,65042943587542.53,2020-07-01,310.52,0.012430761303619864,0.04328223624887295
1132,-1,-0.0028366671594671766,0,0.3381822409782185,3,0,-1.0,0.27693690176102526,0.27693690176102526,1,0,0.1480700591484712,0.1440800031890374,0.1807166874458362,0.3381822409782185,0,VOLATILE,1.0,1632526695590182.5,57378737592315.94,2020-07-02,312.23,0.017166832142971433,0.045767543157287705
1133,-1,-0.01956429878400262,0,0.33538793283265156,3,0,-1.0,0.24339984024631162,0.24339984024631162,1,0,0.15027521829913312,0.014015132249024054,0.1380967835160524,0.33538793283265156,0,VOLATILE,1.0,1656839383801313.5,24312759524929.508,2020-07-06,317.05,-0.006970509383378176,0.03702885980129311
1134,1,0.04903611092583077,1,0.33465563568397233,3,2,-1.0,0.25889888965742874,0.25889888965742874,1,0,0.15169442484238274,0.07016813813595425,0.15728752099277898,0.33465563568397233,0,VOLATILE,1.0,1672486656327139.2,15647243699321.209,2020-07-07,313.78,0.016380903817961867,0.051883485244438976
1135,1,0.00029022692200525446,0,0.3354964997768292,3,0,-1.0,0.2746881659905511,0.2746881659905511,1,0,0.14937273932845796,0.13233025796873069,0.17723433243239622,0.3354964997768292,0,VOLATILE,1.0,1646889222233817.8,25597468300057.418,2020-07-08,316.18,0.0179328230754634,0.05038269340249224
1136,1,-0.007726449260309132,0,0.34095651067854615,3,0,-1.0,0.2827509930633644,0.2827509930633644,1,0,0.1575545632377609,0.15847904375876531,0.18867786899884206,0.34095651067854615,0,VOLATILE,1.0,1737096830898050.5,90207594069574.34,2020-07-09,314.38,0.02038933774413132,0.0634582352566957
1137,0,-0.007524511146044577,0,0.3348602155439698,3,1,-1.0,0.28328930899013305,0.28328930899013305,1,0,0.15919333895971427,0.15428673141126212,0.18782669012365877,0.3348602155439698,0,VOLATILE,1.0,1755164934129449.5,18068105254778.176,2020-07-10,317.59,0.013004187789288135,0.05346515948235142
1138,-1,-0.012893790786562442,0,0.37536650546782546,3,1,-1.0,0.2709338341303393,0.2709338341303393,1,0,0.11407987353919138,0.18344688355045005,0.18250891902988048,0.37536650546782546,0,VOLATILE,1.0,1257772435921964.5,497392512027273.25,2020-07-13,314.84,0.030110532333883944,0.0658429678566892
1139,-1,0.00022410084874785463,0,0.3754150641147006,3,0,-1.0,0.25880246011929336,0.25880246011929336,1,0,0.06891429000934611,0.18315623352402943,0.16735684117779184,0.3754150641147006,0,VOLATILE,1.0,759805316448831.2,497967122653199.94,2020-07-14,318.92,0.019095697980684667,0.043521886366486795
1140,-1,-0.026151733864052062,0,0.34171403476005785,3,0,-1.0,0.22051935224419536,0.22051935224419536,1,0,0.05991942212607381,0.023313674859702135,0.11107769899525864,0.34171403476005785,0,VOLATILE,1.0,660633599849294.8,99171628585424.66,2020-07-15,321.85,0.015566257573403686,0.04843871368649988
1141,1,0.045646442278719696,1,0.3433689089437411,3,2,-1.0,0.22788268664781705,0.22788268664781705,1,0,0.04914841662569441,0.06293834001142545,0.12069558554570661,0.3433689089437411,0,VOLATILE,1.0,541879314757219.1,118754305445442.94,2020-07-16,320.79,0.0067645500171451545,0.05000155865207767
1142,1,0.013974075073712067,0,0.33767975883122187,3,0,-1.0,0.2492200961251508,0.2492200961251508,1,0,0.053813362599508405,0.13402181699322363,0.145945059864244,0.33767975883122187,0,VOLATILE,1.0,593312054634097.2,51432699150491.83,2020-07-17,321.72,-0.0026109660574413773,0.04699738903394235
1143,-1,-0.04479680811534706,1,0.33545575235924463,3,2,-1.0,0.2257606974871375,0.2257606974871375,1,0,0.056091313144093324,0.04210311670210586,0.11606480994873306,0.33545575235924463,0,VOLATILE,1.0,618427294653959.6,25115290549442.816,2020-07-20,324.32,-0.003391711889491722,0.04190305870744959
1144,-1,0.015417823735347613,0,0.3418032225134899,3,0,-1.0,0.21771912258447182,0.21771912258447182,1,0,0.04700072880725964,0.02579839776962709,0.10759970885896224,0.3418032225134899,0,VOLATILE,1.0,518200269057149.8,100227016948208.06,2020-07-21,325.01,-0.011815021076274523,0.041937171163964226
1145,-1,0.00405933473604192,0,0.335477889463789,3,0,-1.0,0.21373688241784805,0.21373688241784805,1,0,0.049302442209385795,0.0038192839553861536,0.10104057538825731,0.335477889463789,0,VOLATILE,1.0,543577503294632.4,25377246273438.01,2020-07-22,326.86,-0.00532338004038424,0.03172612127516361
1146,1,0.013525995115870965,1,0.3348713056959342,3,2,-1.0,0.22328063736709525,0.22328063736709525,1,0,0.05095312241890671,0.03750274697965116,0.11281862313285262,0.3348713056959342,0,VOLATILE,1.0,561776857866532.8,18199338713122.17,2020-07-23,322.96,0.003096358682189715,0.04743621501114692
1147,1,-0.006855388893190456,0,0.3457746343141846,3,0,-1.0,0.225969003423152,0.225969003423152,1,0,0.03760009401897973,0.06911464455347872,0.11890491285748614,0.3457746343141846,0,VOLATILE,1.0,414554823545627.8,147222054237372.06,2020-07-24,320.88,0.01757666417352266,0.057965594614809435
1148,-1,-0.005158627660069831,1,0.3339908307503921,3,2,-1.0,0.2234987418191389,0.2234987418191389,1,0,0.0368944124457336,0.05171899243883133,0.11287113496152164,0.3339908307503921,0,VOLATILE,1.0,406774425445325.7,7780385712406.349,2020-07-27,323.22,0.01723284450219653,0.060949198688200035
1149,1,0.013657340418881558,1,0.3426573050620364,3,2,-1.0,0.23468582063400736,0.23468582063400736,1,0,0.02688716021389055,0.11017764596016436,0.1290216020580183,0.3426573050620364,0,VOLATILE,1.0,296440800187522.3,110333659933442.44,2020-07-28,321.17,0.02768004483606812,0.0714574835756765
1150,-1,-0.025059579888720457,1,0.3339160282109832,3,2,-1.0,0.22081331956015537,0.22081331956015537,1,0,0.027512553443246587,0.05097441606557358,0.10949565650294005,0.3339160282109832,0,VOLATILE,1.0,303335989856767.6,6895222373709.093,2020-07-29,325.12,0.02149975393700787,0.0690514271653544
1151,-1,0.013138303305113425,0,0.33957629025288033,3,0,-1.0,0.2200791217914168,0.2200791217914168,1,0,0.020812097607623054,0.059166826799850344,0.10999297480249112,0.33957629025288033,0,VOLATILE,1.0,229461007384381.8,73874986516742.94,2020-07-30,323.96,0.032010124706753906,0.07522533646129159
1152,-1,-0.0023883763068714703,0,0.3333807556859075,3,0,-1.0,0.21695654771580677,0.21695654771580677,1,0,0.020862994448847587,0.04275962624985842,0.10454087356623533,0.3333807556859075,0,VOLATILE,1.0,230022163721443.5,561164477372.0504,2020-07-31,326.52,0.02465392625260332,0.07368614479970592
1153,1,0.031243621133450084,1,0.33460476464176386,3,2,-1.0,0.24507759477364682,0.24507759477364682,1,0,0.022227604412060634,0.1477669494704377,0.13999818462749944,0.33460476464176386,0,VOLATILE,1.0,245067488933205.84,15045269729986.55,2020-08-03,328.79,0.02062106511755224,0.06241065725843242
1154,-1,-0.0411757076118682,1,0.33410545217688137,3,2,-1.0,0.23202293421961867,0.23202293421961867,1,0,0.023056303695798683,0.09760878876043237,0.12355503081874368,0.33410545217688137,0,VOLATILE,1.0,254204202399108.44,9136739191301.986,2020-08-04,330.06,0.008301520935587448,0.068290613827789
1155,-1,-0.0013659799534812,0,0.33483026078755185,3,0,-1.0,0.21760229371210932,0.21760229371210932,1,0,0.0246629269801991,0.042468370030874725,0.1057104323370246,0.33483026078755185,0,VOLATILE,1.0,271917813217015.25,17713640654909.445,2020-08-05,332.11,0.016048899461021948,0.07705278371623847
1156,-1,0.00411273861467773,0,0.33499108871111344,3,0,-1.0,0.2072943918192777,0.2072943918192777,1,0,0.026442164749181464,0.002155121106444964,0.09286576195187547,0.33499108871111344,0,VOLATILE,1.0,291534562020725.1,19616770988458.184,2020-08-06,334.33,0.007477641850865968,0.0330810875482308
1157,1,0.017521824414132525,1,0.3335388862862466,3,2,-1.0,0.2145083143405786,0.2145083143405786,1,0,0.026662782267359776,0.027897561224494903,0.10152011449728489,0.3335388862862466,0,VOLATILE,1.0,293966951053404.6,2432376487718.556,2020-08-07,334.57,0.006784828287055067,0.0239112891173745
1158,1,0.005328361785755215,0,0.33334500022216124,3,0,-1.0,0.22705059864763472,0.22705059864763472,1,0,0.026675306552070507,0.07477318854318059,0.11714949836508369,0.33334500022216124,0,VOLATILE,1.0,294105035884673.2,138058177553.0354,2020-08-10,335.57,0.006973209762493715,-0.007032809845933796
1159,1,-0.009382092050328306,0,0.3392785212112521,3,0,-1.0,0.23021079090436253,0.23021079090436253,1,0,0.020294441646784154,0.09745491515301441,0.12258311893326618,0.3392785212112521,0,VOLATILE,1.0,223753660605020.34,70351386367186.82,2020-08-11,332.8,0.017548076923076916,0.021003605769230882
1160,1,0.0024793168925302256,0,0.3378138789476406,3,0,-1.0,0.23585030005362057,0.23585030005362057,1,0,0.0154855519617312,0.1223134824500764,0.12926634480393587,0.3378138789476406,0,VOLATILE,1.0,170733888531279.88,53019787115336.97,2020-08-12,337.44,-0.0006223328591749011,-0.010520388809862502
1161,-1,-0.028966392787441397,1,0.33681839827646853,3,2,-1.0,0.2125234164154372,0.2125234164154372,1,0,0.011745088611389384,0.037831521653851584,0.09985887008841365,0.33681839827646853,0,VOLATILE,1.0,129493908562157.58,41239933096121.3,2020-08-13,336.83,0.0043048422052667235,-0.008223733040406134
1162,1,0.02843511593330253,1,0.33428345825672007,3,2,-1.0,0.21763164871055637,0.21763164871055637,1,0,0.012764841933015754,0.05406643442411074,0.10561042545237549,0.33428345825672007,0,VOLATILE,1.0,140737062850375.47,11243144363954.855,2020-08-14,336.84,0.007837548984681364,0.0048094050587816906
1163,-1,-0.007806334217919597,1,0.3335002339468611,3,2,-1.0,0.21493354678775595,0.21493354678775595,1,0,0.012943972818780208,0.04318200309545047,0.10204199197141023,0.3335002339468611,0,VOLATILE,1.0,142712046548612.25,1974990494551.7085,2020-08-17,337.91,0.014826433073895418,0.0066881714065876174
1164,1,0.004437974430248487,1,0.3350031729037916,3,2,-1.0,0.216673419295204,0.216673419295204,1,0,0.014736182727891976,0.04904151930696686,0.10459256734495294,0.3350031729037916,0,VOLATILE,1.0,162471817953798.62,19759767261325.51,2020-08-18,338.64,0.016182376565083922,0.000531537916371283
1165,1,0.0012420110296178788,0,0.3343285408627867,3,0,-1.0,0.21965530283226994,0.21965530283226994,1,0,0.015804321747561568,0.05864946952054083,0.10815126375603412,0.3343285408627867,0,VOLATILE,1.0,174248442304732.7,11776621842372.318,2020-08-19,337.23,0.03066156629006911,-0.004121815971295684
1166,1,0.023387752097052877,0,0.334091565575657,3,0,-1.0,0.24602493846638876,0.24602493846638876,1,0,0.01661812412258776,0.15654406930811288,0.14105406447690022,0.334091565575657,0,VOLATILE,1.0,183220911889774.2,8972414418372.555,2020-08-20,338.28,0.02970911670805254,-0.022555279649994042
1167,-1,-0.03706709240599529,1,0.3348563469503448,3,2,-1.0,0.23532748169451226,0.23532748169451226,1,0,0.014983498506307324,0.11863681806087215,0.1278734388557265,0.3348563469503448,0,VOLATILE,1.0,165198565095156.06,18022326899173.94,2020-08-21,339.48,0.032697066101095684,-0.036850477200424114
1168,-1,-0.005735458603313731,0,0.33524822751511907,3,0,-1.0,0.21889456631932203,0.21889456631932203,1,0,0.012928273227872596,0.05936252110592433,0.1074302647779323,0.33524822751511907,0,VOLATILE,1.0,142538952802220.06,22659580016879.94,2020-08-24,342.92,0.018634083751312147,-0.036801586375831086
1169,-1,0.005975804136148233,0,0.33334181246044636,3,0,-1.0,0.20843745508028003,0.20843745508028003,1,0,0.012919170716882476,0.018727645179502348,0.0938822719654616,0.33334181246044636,0,VOLATILE,1.0,142438594280897.56,100336332481.89793,2020-08-25,344.12,0.0246425665465535,-0.06242008601650595
1170,1,0.021736726087049157,1,0.3338779871536644,3,2,-1.0,0.21971706992828718,0.21971706992828718,1,0,0.013503740149098772,0.06084376244722642,0.10811583419877506,0.3338779871536644,0,VOLATILE,1.0,148883686617641.94,6445069884635.935,2020-08-26,347.57,0.029145208159507385,-0.06925223695946137
1171,-1,-0.01869634872586043,1,0.33335951262437874,3,2,-1.0,0.2123003360504339,0.2123003360504339,1,0,0.013475640999371274,0.032670253658039855,0.09871529821913703,0.33335951262437874,0,VOLATILE,1.0,148573883188661.56,309788261864.1251,2020-08-27,348.33,-0.008440272155714412,-0.05626848103809601
1172,1,0.010511302689314134,1,0.33362563844195714,3,2,-1.0,0.21539490486189478,0.21539490486189478,1,0,0.013161915642999218,0.044788206420574184,0.1026500406878578,0.33362563844195714,0,VOLATILE,1.0,145114946099649.03,3458943612240.738,2020-08-28,350.58,-0.022847852130754687,-0.046751098180158546
1173,1,0.0008441500743782693,0,0.3385945166183148,3,0,-1.0,0.2193336237477339,0.2193336237477339,1,0,0.0075151809996664015,0.06893179551807185,0.10881565883924607,0.3385945166183148,0,VOLATILE,1.0,82857626144699.12,62257332422585.79,2020-08-31,349.31,-0.04609086484784297,-0.04849560562251298
1174,1,0.001485543360418784,0,0.33446439820128687,3,0,-1.0,0.22475788599399182,0.22475788599399182,1,0,0.008729133972777301,0.08496123715565719,0.11456345704281148,0.33446439820128687,0,VOLATILE,1.0,96241902798546.03,13384266934152.438,2020-09-01,352.6,-0.03633011911514461,-0.05022688598979019
1175,-1,-0.009597709173286673,1,0.3334995659059508,3,2,-1.0,0.22058443906696307,0.22058443906696307,1,0,0.008550718616426884,0.06876560231414768,0.10910544031019151,0.3334995659059508,0,VOLATILE,1.0,94274808074465.22,1967085344175.499,2020-09-02,357.7,-0.06656415991053954,-0.057757897679619696
1176,1,0.026595519962684666,1,0.33451606343844004,3,2,-1.0,0.24300651210261898,0.24300651210261898,1,0,0.00982012588610323,0.15234134207754807,0.13738715598788376,0.33451606343844004,0,VOLATILE,1.0,108270488681608.94,13995638876528.52,2020-09-03,345.39,-0.032803497495584644,-0.03344045861200384
1177,1,0.021063147156157702,0,0.3700233584644647,3,0,-1.0,0.2864917322944326,0.2864917322944326,1,0,0.0491988944845435,0.3026626204679272,0.2006205049841569,0.3700233584644647,0,VOLATILE,1.0,542435851659961.5,434165275652415.94,2020-09-04,342.57,-0.011997547946405174,-0.008202703097177189
1178,-1,-0.10246948124894367,1,0.36054821729387915,3,2,-1.0,0.22750747123730256,0.22750747123730256,1,0,0.07840813945313699,0.045156040657156976,0.12452139337009799,0.36054821729387915,0,VOLATILE,1.0,864478487716775.8,322042777412906.75,2020-09-08,333.21,0.02088772845953013,0.0051619099066655405
1179,1,0.06732550079407168,1,0.3433363436791025,3,2,-1.0,0.2358487109742442,0.2358487109742442,1,0,0.08914419517974831,0.05279072873299424,0.13064497463758085,0.3433363436791025,0,VOLATILE,1.0,982847438737876.2,118368949833175.39,2020-09-09,339.79,-0.0028547043762324753,0.0028547043762323643
1180,1,0.0020246384910687087,0,0.3362026551712665,3,0,-1.0,0.24621458920225456,0.24621458920225456,1,0,0.09222378981246092,0.08323291107444361,0.14181890029563482,0.3362026551712665,0,VOLATILE,1.0,1016801098771593.4,33953640049287.75,2020-09-10,333.89,0.005840246787864212,0.02962053370870632
1181,-1,-0.028745218389686467,1,0.3351133173620308,3,2,-1.0,0.22783524904057847,0.22783524904057847,1,0,0.09413421185860008,0.011582960065092351,0.1185723906412308,0.3351133173620308,0,VOLATILE,1.0,1037864202332853.8,21063143285247.402,2020-09-11,334.06,-0.01020774711129746,0.038286535352930695
1182,1,0.024234097309351416,1,0.33521960295852393,3,2,-1.0,0.2336900061882538,0.2336900061882538,1,0,0.09210971293820627,0.035642512486638536,0.12591740847494826,0.33521960295852393,0,VOLATILE,1.0,1015543359403883.2,22320856114126.562,2020-09-14,338.46,-0.033947881581279815,0.04127518761448923
1183,1,-0.003111407919123038,0,0.33543442169059995,3,0,-1.0,0.2364333554168061,0.2364333554168061,1,0,0.08985465222279665,0.04834624685817629,0.12940029969365763,0.33543442169059995,0,VOLATILE,1.0,990680488143789.6,24862877649782.05,2020-09-15,340.17,-0.029014904312549605,0.0292794779081047
1184,1,0.010712398829485797,0,0.33726533695945177,3,0,-1.0,0.2498891034748442,0.2498891034748442,1,0,0.08563450431973589,0.10439863643051875,0.1466777135834182,0.33726533695945177,0,VOLATILE,1.0,944151810092966.0,46528707246687.67,2020-09-16,338.82,-0.04775396965940615,0.02688743285520334
1185,-1,-0.018525361802834373,1,0.3377168579932182,3,2,-1.0,0.24481948973004788,0.24481948973004788,1,0,0.0809297436707072,0.09043098631188594,0.1404535766608644,0.3377168579932182,0,VOLATILE,1.0,892280098822829.5,51871705878806.83,2020-09-17,335.84,-0.03674368747022383,0.034718913768461146
1186,-1,-0.010984213171673057,0,0.3344661579618256,3,0,-1.0,0.22876566281357852,0.22876566281357852,1,0,0.0821455813156656,0.0265752727066231,0.11957361800742956,0.3344661579618256,0,VOLATILE,1.0,905685154674855.8,13405090766151.457,2020-09-18,330.65,-0.005806744291546817,0.050325117193407154
1187,1,0.025805523286994786,1,0.33452382943799663,3,2,-1.0,0.23851735918410394,0.23851735918410394,1,0,0.08086784460458453,0.06446512441430265,0.13177765633962907,0.33452382943799663,0,VOLATILE,1.0,891597638922033.2,14087536533348.193,2020-09-21,326.97,0.022081536532403412,0.04599810380157199
1188,1,-0.008413854147304917,0,0.3339616111207849,3,0,-1.0,0.23985520140732444,0.23985520140732444,1,0,0.08019352513498858,0.06973468848306665,0.13330940453935175,0.3339616111207849,0,VOLATILE,1.0,884163019514150.2,7434620112695.24,2020-09-22,330.3,0.006267029972752081,0.039600363306085296
1189,1,0.028613114039753418,0,0.33642346874724055,3,0,-1.0,0.26980615767029836,0.26980615767029836,1,0,0.07687694290168946,0.18721374992235976,0.17136356427468308,0.33642346874724055,0,VOLATILE,1.0,847596484286715.6,36566600567519.1,2020-09-23,322.64,0.03796801388544502,0.06226754277212998
1190,-1,-0.045946172918021916,1,0.34090446624462595,3,2,-1.0,0.25381094101525037,0.25381094101525037,1,0,0.06875097635912522,0.1387184021315331,0.15248979283021943,0.34090446624462595,0,VOLATILE,1.0,758004723572235.2,89591734965679.7,2020-09-24,323.5,0.04185471406491503,0.06525502318392595
1191,-1,-0.008304122353942234,0,0.3378098522228796,3,0,-1.0,0.22951160200626014,0.22951160200626014,1,0,0.06394640275328754,0.05007949393734767,0.12134196556354507,0.3378098522228796,0,VOLATILE,1.0,705032537854438.4,52972137541384.125,2020-09-25,328.73,0.015544671919204056,0.051866273233352356
1192,-1,0.014160846842052266,0,0.3356050100296916,3,0,-1.0,0.21937310983932218,0.21937310983932218,1,0,0.061508250101561364,0.012844669318165478,0.10811763980657561,0.3356050100296916,0,VOLATILE,1.0,678151010861355.6,26881506227988.766,2020-09-28,334.19,0.016667165384960603,0.015560010772315058
1193,1,0.011592611568523703,1,0.33729500419651615,3,2,-1.0,0.22082722924090792,0.22082722924090792,1,0,0.0572562588203568,0.02381710398043493,0.1103577876002639,0.33729500419651615,0,VOLATILE,1.0,631271247890349.8,46879769534376.23,2020-09-29,332.37,0.007702259530041777,0.01760086650419712
1194,1,0.03429452359067475,0,0.3366713472337878,3,0,-1.0,0.2565758722331684,0.2565758722331684,1,0,0.06083889656363741,0.1538241347360849,0.15488767709990742,0.3366713472337878,0,VOLATILE,1.0,670771142671035.8,39499829178168.67,2020-09-30,334.89,0.017528143569530252,-0.0245752336588132
1195,1,-0.018781886150803118,0,0.33634165483099154,3,0,-1.0,0.2735426290746258,0.2735426290746258,1,0,0.05761012163945119,0.22043097851363902,0.17601370005103006,0.33634165483099154,0,VOLATILE,1.0,635172715223250.1,35598469273700.61,2020-10-01,337.04,0.019997626394492984,-0.020947068597199192
1196,-1,-0.0605581410491855,1,0.3348519560186199,3,2,-1.0,0.22995124486689766,0.22995124486689766,1,0,0.05598020246685719,0.05747593279797401,0.12115204508827707,0.3348519560186199,0,VOLATILE,1.0,617202258696006.8,17970367543030.516,2020-10-02,333.84,0.03897076443805436,-0.021866762520967975
1197,1,0.04623905063104489,1,0.34878238230320224,3,2,-1.0,0.23259891129021443,0.23259891129021443,1,0,0.03939901032076489,0.09443369374494104,0.12794423468856864,0.34878238230320224,0,VOLATILE,1.0,434388535389099.9,182813736992498.66,2020-10-05,339.76,0.037291028961619954,-0.02813750882976218
1198,1,0.037268286618328816,0,0.3402205002358281,3,0,-1.0,0.27251486433186,0.27251486433186,1,0,0.032007142699591616,0.24508897372175453,0.17569870547378202,0.3402205002358281,0,VOLATILE,1.0,352890484458128.4,81498137600039.55,2020-10-06,334.93,0.04538261726330872,0.00328426835458151
1199,-1,-0.04601596356545612,1,0.33783365491323253,3,2,-1.0,0.26641485380804947,0.26641485380804947,1,0,0.02717702555602587,0.22525391740908413,0.16747698098837,0.33783365491323253,0,VOLATILE,1.0,299636671870721.94,53253802696460.49,2020-10-07,340.76,0.02104120201901627,0.008158234534569875
1200,-1,-0.0262171203227608,0,0.33480555146782215,3,0,-1.0,0.2340977229614781,0.2340977229614781,1,0,0.028757125348438953,0.10021349935797058,0.12632354156880315,0.33480555146782215,0,VOLATILE,1.0,317057851463986.75,17421247052744.03,2020-10-08,343.78,0.010820873814648913,0.018791087323288158
1201,-1,0.025023140785714493,0,0.33692832852258603,3,0,-1.0,0.22680373290062122,0.22680373290062122,1,0,0.03261556913833939,0.07059467563092967,0.11773674825642301,0.33692832852258603,0,VOLATILE,1.0,359598609039632.4,42540774276730.25,2020-10-09,346.85,0.0012685598962087763,0.009543030128297492
1202,-1,-0.00037105020996752724,0,0.33406129884904595,3,0,-1.0,0.21913869262979682,0.21913869262979682,1,0,0.03339688022625562,0.03891919127226684,0.10743869049950748,0.33406129884904595,0,VOLATILE,1.0,368212850270568.1,8614258171403.123,2020-10-12,352.43,-0.02956615498113102,0.0060437533694635
1203,1,0.02114872261800818,1,0.33361728994418977,3,2,-1.0,0.2326223749769806,0.2326223749769806,1,0,0.03309211711346983,0.08945475650834972,0.12418229120727317,0.33361728994418977,0,VOLATILE,1.0,364852725203318.1,3360153060271.698,2020-10-13,350.13,-0.019278553680061705,0.011167280724302397
1204,-1,-0.030924100067744237,1,0.3355775687827989,3,2,-1.0,0.21518195725642011,0.21518195725642011,1,0,0.030683415510756214,0.027932100787918458,0.10287183876622488,0.3355775687827989,0,VOLATILE,1.0,338295906824540.3,26556784822678.766,2020-10-14,347.93,-0.01494553502141227,0.025119995401373885
1205,1,0.026613334310602088,1,0.3345558864484959,3,2,-1.0,0.22435487384646172,0.22435487384646172,1,0,0.03199556193893085,0.060252129821672516,0.11408256392020111,0.3345558864484959,0,VOLATILE,1.0,352762802325476.7,14466877805267.818,2020-10-15,347.5,-0.00831654676258986,0.016431654676258844
1206,0,-0.009415168530420903,0,0.33366935514078455,3,1,-1.0,0.22411262190608242,0.22411262190608242,1,0,0.03163491527551539,0.059039433227882146,0.11355811616779918,0.33366935514078455,0,VOLATILE,1.0,348786540621475.4,3976257855803.5293,2020-10-16,347.29,-0.004347951279910278,0.03112672406346273
1207,1,0.022003997430864924,0,0.3366842650258836,3,1,-1.0,0.24587436739656804,0.24587436739656804,1,0,0.02803842359760694,0.14650365290893594,0.14151402550218095,0.3366842650258836,0,VOLATILE,1.0,309133901131636.4,39652689710317.97,2020-10-19,342.01,-0.007660594719452685,0.06011520130990333
1208,-1,-0.045040887698386795,1,0.33638732214802713,3,2,-1.0,0.22259522518866687,0.22259522518866687,1,0,0.024760626814499156,0.06226195925402203,0.11234086202284038,0.33638732214802713,0,VOLATILE,1.0,272994989714187.1,36138865831571.66,2020-10-20,343.38,-0.015027083697361387,0.05020676801211499
1209,-1,0.01722419605581077,0,0.3336219941959226,3,0,-1.0,0.21654027903657647,0.21654027903657647,1,0,0.025070440231958525,0.037172101802145203,0.10408084734470124,0.3336219941959226,0,VOLATILE,1.0,276410796242279.94,3415820036323.557,2020-10-21,342.73,-0.04688822104863888,0.03953549441251125
1210,-1,0.0030146281729677427,0,0.335266484312669,3,0,-1.0,0.2134999610574538,0.2134999610574538,1,0,0.022995622722335393,0.029079094477618136,0.1006915723999845,0.335266484312669,0,VOLATILE,1.0,253535172416525.06,22875618777073.39,2020-10-22,344.61,-0.04245378834044278,0.038217114999564705
1211,-1,0.0009407540103518464,0,0.33392470132310664,3,0,-1.0,0.211400397088683,0.211400397088683,1,0,0.023630327152241316,0.019564687922649864,0.09773167169163038,0.33392470132310664,0,VOLATILE,1.0,260533021486010.4,6997854195365.723,2020-10-23,345.78,-0.055642315923419394,0.027618717103360613
1212,1,0.02634362185091324,1,0.33484171813407326,3,2,-1.0,0.23564445497082542,0.23564445497082542,1,0,0.025249254170245,0.10954874057090531,0.1282659982470501,0.33484171813407326,0,VOLATILE,1.0,278382285478355.56,17849219248626.258,2020-10-26,339.39,-0.02707799286956014,0.053242582279972916
1213,1,0.0010989279503187122,0,0.33552758583685993,3,0,-1.0,0.26098744080328656,0.26098744080328656,1,0,0.02760431192536301,0.20274428046460674,0.16011619746332323,0.33552758583685993,0,VOLATILE,1.0,304347660767574.06,25965319992007.676,2020-10-27,338.22,-0.006475075394713703,0.07391638578440074
1214,1,-0.022439907282386096,0,0.3346341072704645,3,0,-1.0,0.2638905193533616,0.2638905193533616,1,0,0.026208214239662353,0.21435681378829213,0.16352167600931816,0.3346341072704645,0,VOLATILE,1.0,288955171869648.7,15392490818897.043,2020-10-28,326.66,0.05167452396987682,0.11020633074144359
1215,1,0.01884854719349588,0,0.34213245912136325,3,0,-1.0,0.28564214509693253,0.28564214509693253,1,0,0.03565216590086845,0.29210522255365085,0.19258579615150642,0.34213245912136325,0,VOLATILE,1.0,393078201788363.94,104122983279692.92,2020-10-29,329.98,0.06139766046427053,0.10209709679374512
1216,-1,-0.04712209995733185,1,0.33363314149368517,3,2,-1.0,0.2602716708831716,0.2602716708831716,1,0,0.035973939676899776,0.1902696822552577,0.15874787397738582,0.33363314149368517,0,VOLATILE,1.0,396625875655268.1,3547729719911.126,2020-10-30,326.54,0.07233417039260126,0.10877687266491076
1217,-1,0.022226290140043847,0,0.34202299348594933,3,0,-1.0,0.2571274868094545,0.2571274868094545,1,0,0.04530039876604839,0.1754449218838682,0.1569151068833055,0.34202299348594933,0,VOLATILE,1.0,499453506885548.6,102827639992134.73,2020-11-02,330.2,0.07377347062386441,0.10847970926711081
1218,-1,-0.006148545070332856,0,0.3359531584379437,3,0,-1.0,0.24783475766540458,0.24783475766540458,1,0,0.04248858477403057,0.1388566252996943,0.1437817366912416,0.3359531584379437,0,VOLATILE,1.0,468452226603757.9,31001262186086.336,2020-11-03,336.03,0.05359640508287966,0.09153944588280827
1219,-1,-0.009925476333705996,0,0.333789424636523,3,0,-1.0,0.22861655218764865,0.22861655218764865,1,0,0.042978095734448614,0.06467604344662607,0.11921804639369156,0.333789424636523,0,VOLATILE,1.0,473849264433432.4,5397080150921.122,2020-11-04,343.54,0.03821971240612454,0.06738662164522324
1220,1,0.05890863387828266,1,0.34249162186989945,3,2,-1.0,0.26830698058817537,0.26830698058817537,1,0,0.052807533373907735,0.21021236023417456,0.1710066312026941,0.34249162186989945,0,VOLATILE,1.0,582222418610170.2,108373075591294.64,2020-11-05,350.24,0.008479899497487287,0.05599017816354501
1221,-1,-0.055937695865894144,1,0.3381584739787955,3,2,-1.0,0.25205971312280795,0.25205971312280795,1,0,0.0476287918458774,0.15121398784874907,0.1496142598982088,0.3381584739787955,0,VOLATILE,1.0,525124894352456.0,57097494779888.89,2020-11-06,350.16,0.02267534841215446,0.05406100068540076
1222,1,0.03678782422841048,1,0.33505785632344065,3,2,-1.0,0.272600269885851,0.272600269885851,1,0,0.04577789415942635,0.22776651015509547,0.17451480143817394,0.33505785632344065,0,VOLATILE,1.0,504718068682807.1,20406854361448.48,2020-11-09,354.56,0.02259138086642598,0.04402639891696758
1223,1,0.06103876075671544,0,0.3668878158806265,3,0,-1.0,0.3541795874056095,0.3541795874056095,1,0,0.081791347372857,0.5215479673086486,0.28444643822716853,0.3668878158806265,0,VOLATILE,1.0,901779595566924.6,397061356934276.75,2020-11-10,354.04,0.01858547056829729,0.036182352276578955
1224,-1,-0.14253775139858715,1,0.3339931326737603,3,2,-1.0,0.29322115352678085,0.29322115352678085,1,0,0.0810831840817388,0.26899099114900965,0.20002472507691615,0.3339931326737603,0,VOLATILE,1.0,893971835617100.9,7807625137566.318,2020-11-11,356.67,-0.0010934477247876995,0.028205343875290945
1225,-1,0.02018327172910034,0,0.3334953533460768,3,0,-1.0,0.25244599137705254,0.25244599137705254,1,0,0.08090928328524019,0.11588469938826439,0.14893132755783484,0.3334953533460768,0,VOLATILE,1.0,892054515570759.1,1917236721494.6252,2020-11-12,353.21,0.0129384785255231,0.037060105886016936
1226,-1,0.02101646174686672,0,0.3347795552348923,3,0,-1.0,0.2326872909741909,0.2326872909741909,1,0,0.07935707512188596,0.04430493245749906,0.12455400252646166,0.3347795552348923,0,VOLATILE,1.0,874940851415010.4,17113624978472.443,2020-11-13,358.1,-0.007735269477799567,0.018318905333705615
1227,0,0.019560199623676527,0,0.3354841672503116,3,1,-1.0,0.23248879019500582,0.23248879019500582,1,0,0.0816655272545018,0.04178056141450368,0.12448202955633515,0.3354841672503116,0,VOLATILE,1.0,900392382627060.8,25451533410237.824,2020-11-16,362.57,-0.014093830156935216,0.01936177841520248
1228,1,0.004693567354900646,0,0.3340478468353807,3,1,-1.0,0.23698385677072137,0.23698385677072137,1,0,0.08089865331970224,0.05832669469703843,0.1297417826722469,0.3340478468353807,0,VOLATILE,1.0,891937316302968.6,8455076017665.197,2020-11-17,360.62,0.007209805335256059,0.026482169596805605
1229,-1,-0.010007250763787001,1,0.3344870543546991,3,2,-1.0,0.23147167258264992,0.23147167258264992,1,0,0.07966038384599945,0.03922367910496211,0.12296135431698718,0.3344870543546991,0,VOLATILE,1.0,878284941313861.4,13652364736110.46,2020-11-18,356.28,0.017907263949702656,0.044796227686089596
1230,-1,0.004739785376033839,0,0.3344514236027533,3,0,-1.0,0.2306992737706123,0.2306992737706123,1,0,0.0784603570067074,0.03750048733515378,0.12198694811395372,0.3344514236027533,0,VOLATILE,1.0,865054205391722.1,13230734192524.025,2020-11-19,357.78,0.016462630666890465,0.03186315612946511
1231,1,0.00619941140706412,1,0.33442943510120565,3,2,-1.0,0.23612628636563882,0.23612628636563882,1,0,0.07728393130044893,0.059011718896600875,0.12876521673234992,0.33442943510120565,0,VOLATILE,1.0,852083680615205.6,12970536937234.352,2020-11-20,355.33,0.018940140151408658,0.03526299496242946
1232,-1,-0.00948033510467372,1,0.33820336724617067,3,2,-1.0,0.2320729638559916,0.2320729638559916,1,0,0.07205700895838948,0.05186913093620703,0.12464204663153217,0.33820336724617067,0,VOLATILE,1.0,794454945216156.5,57628731750570.23,2020-11-23,357.46,0.023946735299054556,0.027359704582331057
1233,-1,-0.002016169974145443,0,0.3355644621450026,3,0,-1.0,0.22600347137219895,0.22600347137219895,1,0,0.07445163907104026,0.02473472518345775,0.11639545475149933,0.3355644621450026,0,VOLATILE,1.0,820856620257338.4,26401689616519.492,2020-11-24,363.22,0.009828753923242006,0.011976212763614269
1234,1,0.009354919002093537,1,0.33398949660502303,3,2,-1.0,0.22928889789049983,0.22928889789049983,1,0,0.07515588792669117,0.03516960161645047,0.12010849651438055,0.33398949660502303,0,VOLATILE,1.0,828621222120812.6,7764598326329.177,2020-11-25,362.66,0.011112336623834818,0.01748193900623174
1235,0,-0.003677743245704135,0,0.3350203793571204,3,1,-1.0,0.22889658116309658,0.22889658116309658,1,0,0.07334521103307856,0.03628225284637395,0.11987582129315083,0.3350203793571204,0,VOLATILE,1.0,808657845440136.8,19963376948857.918,2020-11-27,363.67,0.016993428107900055,0.0233728380124838
1236,1,0.03799586343999006,0,0.3441510663890797,3,1,-1.0,0.2665001278756834,0.2665001278756834,1,0,0.08495570074949067,0.17253307857613168,0.16916292644187408,0.3441510663890797,0,VOLATILE,1.0,936667751831220.6,128009834751987.08,2020-11-30,362.06,0.019416671269955277,0.025962547644036826
1237,1,-0.02663473854567361,0,0.34089138311497763,3,0,-1.0,0.2774689360425966,0.2774689360425966,1,0,0.07684378125611292,0.21933326623985747,0.18205901583199013,0.34089138311497763,0,VOLATILE,1.0,847230864984712.6,89436917939257.61,2020-12-01,366.02,0.011338178241626196,0.016310584121086436
1238,-1,-0.05394836433287087,1,0.33370288302060797,3,2,-1.0,0.23448937987663893,0.23448937987663893,1,0,0.07644714175652755,0.0531651950463244,0.12653744560095065,0.33370288302060797,0,VOLATILE,1.0,842857769064291.8,4373004413854.594,2020-12-02,366.79,0.00016358134082183895,0.019329861773766943
1239,1,0.0654364322253943,1,0.33550327996711027,3,2,-1.0,0.25694625593607556,0.25694625593607556,1,0,0.07877611156218596,0.13639980817343011,0.15505863991187202,0.33550327996711027,0,VOLATILE,1.0,868535515144938.9,25677700547700.8,2020-12-03,366.69,0.00010908396738384951,0.005726908287654542
1240,-1,-0.041705773155461034,1,0.34561209460800707,3,2,-1.0,0.2376973588400512,0.2376973588400512,1,0,0.0655975298267902,0.084976636779407,0.13352472220206574,0.34561209460800707,0,VOLATILE,1.0,723236819265590.9,145298667810548.4,2020-12-04,369.85,-0.009598485872651108,0.0040016222793022305
1241,-1,0.01006269753844971,0,0.3342499425194235,3,0,-1.0,0.22851115928247653,0.22851115928247653,1,0,0.06658130825606728,0.041022995942787396,0.11920143473295156,0.3342499425194235,0,VOLATILE,1.0,734083337174591.2,10846541492464.672,2020-12-07,369.09,-0.012002492616976723,0.012083773605353842
1242,-1,0.0018099979476043915,0,0.3347564113441392,3,0,-1.0,0.22113495767250627,0.22113495767250627,1,0,0.06810867148511193,0.012214728294890969,0.11010779992666762,0.3347564113441392,0,VOLATILE,1.0,750923076819579.1,16839755618269.988,2020-12-08,370.17,-0.0015668476645867013,0.02412405111165139
1243,-1,0.004997899127774763,0,0.3803520625884997,3,0,-1.0,0.21875665519031076,0.21875665519031076,1,0,0.017644297224440705,0.08795720668059946,0.11853383463501338,0.3803520625884997,0,VOLATILE,1.0,194534846608958.2,556388268335484.94,2020-12-09,366.85,0.009050020444323348,0.03928035982008993
1244,1,0.02646375095708553,1,0.33515555612570713,3,2,-1.0,0.2428421036652008,0.2428421036652008,1,0,0.015688540628232057,0.14633601521055115,0.13734151861292773,0.33515555612570713,0,VOLATILE,1.0,172971913010169.44,21562968630397.684,2020-12-10,366.73,0.01502467755569481,0.03261254874158093
1245,-1,-0.046836737262223566,1,0.3333526181753087,3,2,-1.0,0.22009081487786725,0.22009081487786725,1,0,0.01570923445214718,0.05964578497133657,0.10845167314116125,0.3333526181753087,0,VOLATILE,1.0,173200070006726.06,228203951952.3774,2020-12-11,366.3,0.007862407862407883,0.03404313404313397
1246,-1,0.013244506273069584,0,0.3335536610871197,3,0,-1.0,0.2105840323636033,0.2105840323636033,1,0,0.015472758623474164,0.024382608555377966,0.09661845572628404,0.3335536610871197,0,VOLATILE,1.0,170592837286008.3,2607211622632.234,2020-12-14,364.66,0.008775297537432003,0.04149070366917118
1247,1,0.016862766350562025,1,0.3336392314890715,3,2,-1.0,0.21794001619990136,0.21794001619990136,1,0,0.01580107525527357,0.05170340911116012,0.10583482812214456,0.3336392314890715,0,VOLATILE,1.0,174212648536852.4,3619794661708.905,2020-12-15,369.59,-0.006358397142779748,0.023999567087854112
1248,-1,-0.0184315658420115,1,0.3341392972605195,3,2,-1.0,0.20686443419418793,0.20686443419418793,1,0,0.014936046259956043,0.011410054913638303,0.09211536705786477,0.3341392972605195,0,VOLATILE,1.0,164675386679616.22,9537239327639.002,2020-12-16,370.17,-0.007023799875732872,0.014939082043385454
1249,1,0.01653961258919931,1,0.3334972860707066,3,2,-1.0,0.2123284647776738,0.2123284647776738,1,0,0.014760079690962057,0.0315946277783447,0.09878490248976891,0.3334972860707066,0,VOLATILE,1.0,162735290734047.34,1940107295136.2466,2020-12-17,372.24,-0.008704061895551285,0.01722007307113671
1250,1,0.025119125507585494,0,0.33376902853072293,3,0,-1.0,0.24291162086874518,0.24291162086874518,1,0,0.01429246070162054,0.14695288895421615,0.13708178321861222,0.33376902853072293,0,VOLATILE,1.0,157579619912713.62,5155726244368.09,2020-12-18,369.18,0.008099030283330588,0.03984506202936222
1251,1,0.023106872116903765,0,0.3573491159142525,3,0,-1.0,0.2966016490767203,0.2966016490767203,1,0,0.04006818928193775,0.3401998316914529,0.21008934032446352,0.3573491159142525,0,VOLATILE,1.0,441766478806726.2,284186746315585.1,2020-12-21,367.86,0.00978633175664645,0.04452780949274171
1252,-1,-0.11417764526819402,1,0.33765599633739046,3,2,-1.0,0.23611403201650144,0.23611403201650144,1,0,0.044707615267701284,0.093962002047222,0.12955653910497442,0.33765599633739046,0,VOLATILE,1.0,492917851457825.5,51151509654228.72,2020-12-22,367.24,0.01293432088007851,0.0425879533819844
1253,1,0.08203294393269278,1,0.3343587455878636,3,2,-1.0,0.25765935888897534,0.25765935888897534,1,0,0.04580817641675186,0.1711834786078034,0.15566388500818507,0.3343587455878636,0,VOLATILE,1.0,505051941673545.0,12134044404558.438,2020-12-23,367.57,0.017166798160894503,0.045759991294175295
1254,-1,-0.05635179187563105,1,0.3345528278307127,3,2,-1.0,0.22285289388581822,0.22285289388581822,1,0,0.0471170317613051,0.03949594118354782,0.11220432431495098,0.3345528278307127,0,VOLATILE,1.0,519482551770799.8,14430684163312.188,2020-12-24,369.0,-0.0005691056910568371,0.04008130081300809
1255,1,0.05044163838572585,1,0.33754977592167135,3,2,-1.0,0.23848806726838695,0.23848806726838695,1,0,0.05164246859178692,0.0958501156059177,0.13249752806590154,0.33754977592167135,0,VOLATILE,1.0,569377152188029.9,49894568131137.33,2020-12-28,372.17,-0.002257033076282444,0.006018754870086296
1256,-1,-0.03385624458247441,1,0.335846900074011,3,2,-1.0,0.22026699606848127,0.22026699606848127,1,0,0.0489446980923986,0.028941712219914473,0.10929547010410434,0.335846900074011,0,VOLATILE,1.0,539633243229291.8,29743871609156.21,2020-12-29,371.46,0.0056264469929467875,0.01661013298874714
1257,1,0.026503918284883493,1,0.3351570053375976,3,2,-1.0,0.22854984315345908,0.22854984315345908,1,0,0.046987384619817385,0.06144228120885243,0.11947655527622326,0.3351570053375976,0,VOLATILE,1.0,518053144497629.0,21580117636910.43,2020-12-30,371.99,0.019113417027339485,-0.005161429070673962
1258,1,-0.004484040152844204,0,0.3337000081524149,3,0,-1.0,0.2323486500855927,0.2323486500855927,1,0,0.04659383932199988,0.0749886046132838,0.12386081464509455,0.3337000081524149,0,VOLATILE,1.0,513714163286263.1,4338985141939.3174,2020-12-31,373.88,0.019738953674975912,0.006285439178346008
1259,-1,-0.00656478877156727,1,0.3338256232297854,3,2,-1.0,0.22958266824615903,0.22958266824615903,1,0,0.047122204908017266,0.06418201843741804,0.1204347411151451,0.3338256232297854,0,VOLATILE,1.0,519539587610161.1,5825430149750.676,2021-01-04,368.79,0.026844545676401044,0.034599636649583765
1260,1,0.04015475890734954,1,0.3429771234224158,3,2,-1.0,0.2669714453140749,0.2669714453140749,1,0,0.05747272256922643,0.20090303992536615,0.16945858749819753,0.3429771234224158,0,VOLATILE,1.0,633657840093320.8,114118177008493.89,2021-01-05,371.33,0.020036086499878758,0.02833059542724814
1261,1,-0.0254715570100309,0,0.3340515821199817,3,0,-1.0,0.2788886653719599,0.2788886653719599,1,0,0.0567018407329557,0.2396693410018803,0.18212372724494533,0.3340515821199817,0,VOLATILE,1.0,625158585185914.8,8499276883231.35,2021-01-06,373.55,0.016704591085530796,0.03383750501940841
1262,-1,-0.014589033958505304,1,0.33961776613218325,3,2,-1.0,0.27621685147133956,0.27621685147133956,1,0,0.06344681165569804,0.22707970596096283,0.18017550587222025,0.33961776613218325,0,VOLATILE,1.0,699524362816321.8,74365784397260.17,2021-01-07,379.1,-0.0016882089158534175,0.02271168557108938
1263,-1,-0.018364582556646247,0,0.3360899324891972,3,0,-1.0,0.255180455014073,0.255180455014073,1,0,0.06048819839499894,0.14850595727467278,0.15299805188989057,0.3360899324891972,0,VOLATILE,1.0,666904566769807.8,32619755044903.992,2021-01-08,381.26,-0.01458322404658241,0.024261658710591272
1264,-1,-0.004014054221998853,0,0.3334208726982719,3,0,-1.0,0.23013000433480757,0.23013000433480757,1,0,0.06039423893642524,0.052658931842807136,0.12101772359307744,0.3334208726982719,0,VOLATILE,1.0,665868629286518.4,1035882433254.4526,2021-01-11,378.69,-0.00010562729409280269,0.030526287992817425
1265,1,0.03171261433476741,1,0.3341053313263553,3,2,-1.0,0.23679216799030955,0.23679216799030955,1,0,0.06122281230249979,0.07732681615592749,0.12951654281947575,0.3341053313263553,0,VOLATILE,1.0,675003954464010.1,9135309126814.814,2021-01-12,378.77,0.013517438023074702,0.029859809383002922
1266,-1,-0.021811717004464437,1,0.33389784896754365,3,2,-1.0,0.2216426146413471,0.2216426146413471,1,0,0.061828694097504765,0.019754497533204532,0.11052773054356976,0.33389784896754365,0,VOLATILE,1.0,681684023415194.4,6680101337108.794,2021-01-13,379.79,0.011717001500829438,0.028752731772821782
1267,1,0.019592354073823537,1,0.3353754302099762,3,2,-1.0,0.2260854153662082,0.2260854153662082,1,0,0.06402044170393167,0.03533143857683115,0.11645062676025428,0.3353754302099762,0,VOLATILE,1.0,705848844433466.8,24164811830676.316,2021-01-14,378.46,0.01167890926385895,0.03746763198224379
1268,1,0.017529135240302612,0,0.3344502235003069,3,0,-1.0,0.24805735133137188,0.24805735133137188,1,0,0.06521918378376788,0.11583355133410686,0.14368424503929156,0.3344502235003069,0,VOLATILE,1.0,719065415411517.2,13216532980951.973,2021-01-15,375.7,0.023130157040191612,0.044184189512909366
1269,1,0.032236996978402044,0,0.33972092431948203,3,0,-1.0,0.3022662842749376,0.3022662842749376,1,0,0.0720748834519258,0.3162143758187018,0.21276308642354252,0.33972092431948203,0,VOLATILE,1.0,794652018061511.0,75586489552525.27,2021-01-19,378.65,0.013574541132972406,0.03628680839825704
1270,-1,-0.07749892824644508,1,0.3344769619152608,3,2,-1.0,0.2789762889720583,0.2789762889720583,1,0,0.07330231562080934,0.22371648946085468,0.18233960169388802,0.3344769619152608,0,VOLATILE,1.0,808184907791225.4,13532937542068.555,2021-01-20,383.89,-0.024694573966500766,0.017791554872489623
1271,-1,-0.028818795281456255,0,0.3542936272206614,3,0,-1.0,0.22686749838772272,0.22686749838772272,1,0,0.050805991769061996,0.06566734760039424,0.12215777978981873,0.3542936272206614,0,VOLATILE,1.0,560154688502973.7,248030131917950.4,2021-01-21,384.24,-0.017202789922964867,0.015068707058088604
1272,0,0.05253275924736778,0,0.33712372630228304,3,1,-1.0,0.22729146705075493,0.22729146705075493,1,0,0.046737829168208955,0.058447966998834214,0.11839526538901438,0.33712372630228304,0,VOLATILE,1.0,515301704138087.4,44852981220737.89,2021-01-22,382.88,-0.03345695779356461,0.010838905139991528
1273,-1,-0.0061171734914567955,0,0.33369858079656345,3,1,-1.0,0.22159826222233034,0.22159826222233034,1,0,0.04634581422943349,0.034921604701727844,0.11042247297705376,0.33369858079656345,0,VOLATILE,1.0,510979595696303.1,4322094765208.963,2021-01-25,384.39,-0.021228439865761284,0.008090741174328286
1274,1,0.028263555794823175,1,0.3341902440484443,3,2,-1.0,0.24416861318872893,0.24416861318872893,1,0,0.045426111155691,0.12084887133837573,0.13875832749802225,0.3341902440484443,0,VOLATILE,1.0,500839532076854.9,10140109621238.264,2021-01-26,383.79,-0.0058365251830427844,0.020792620964589892
1275,1,0.013468390901566013,0,0.33729712468905565,3,0,-1.0,0.28020735505669353,0.28020735505669353,1,0,0.04117184991236586,0.2625785750670266,0.1845834749931308,0.33729712468905565,0,VOLATILE,1.0,453934741941133.0,46904862028171.37,2021-01-27,374.41,0.019871264122218957,0.021153281162362036
1276,1,-0.0112709531952985,0,0.3441396331417118,3,0,-1.0,0.30497514372935963,0.30497514372935963,1,0,0.05277006695811504,0.34899144688326766,0.21725383794712755,0.3441396331417118,0,VOLATILE,1.0,581809337638085.8,127874541331572.72,2021-01-28,377.63,0.022667690596615664,0.007229298519715099
1277,-1,-0.070376649319916,1,0.33497744874947694,3,2,-1.0,0.25936628308210974,0.25936628308210974,1,0,0.05453465816917575,0.1693219899508436,0.15795221604000642,0.33497744874947694,0,VOLATILE,1.0,601264602770193.8,19455364783838.758,2021-01-29,370.07,0.04766665765936162,0.05271975572189036
1278,1,0.05995462272417035,1,0.3438040893066742,3,2,-1.0,0.2737120451590302,0.2737120451590302,1,0,0.06577273925543313,0.2185004970709359,0.17809107877545632,0.3438040893066742,0,VOLATILE,1.0,725168567461165.5,123903939482380.72,2021-02-01,376.23,0.037955505940515,0.02740345001727662
1279,-1,-0.026390420994917008,1,0.33340690460690736,3,2,-1.0,0.26166738624103364,0.26166738624103364,1,0,0.06569377417987184,0.16561410267918483,0.16043595895301888,0.33340690460690736,0,VOLATILE,1.0,724297948548642.2,870593360380.8301,2021-02-02,381.55,0.022801729786397607,-0.0003407155025553221
1280,-1,-0.02826968435867283,0,0.3389768684175549,3,0,-1.0,0.22135304296436425,0.22135304296436425,1,0,0.05963665980311487,0.02466990262641721,0.11143552080984402,0.3389768684175549,0,VOLATILE,1.0,657516041557009.0,66781828487115.32,2021-02-03,381.85,0.02155296582427635,-0.013486971323818375
1281,1,0.04423413672833321,1,0.3347312216249343,3,2,-1.0,0.22527283641602808,0.22527283641602808,1,0,0.06113698940820013,0.03468456337060598,0.1152738509262687,0.3347312216249343,0,VOLATILE,1.0,674057725585310.8,16541677289265.88,2021-02-04,386.19,0.011704083482223737,-0.006628861441259515
1282,-1,-0.00903813269817233,1,0.3375496170214102,3,2,-1.0,0.22015449716951957,0.22015449716951957,1,0,0.0566117254462942,0.022129851705461754,0.10958052571725198,0.3375496170214102,0,VOLATILE,1.0,624165031107516.2,49892687811473.95,2021-02-05,387.71,0.012715689561785926,-0.01544969177993849
1283,1,0.007302181044439721,1,0.33479890296020515,3,2,-1.0,0.22233833896745078,0.22233833896745078,1,0,0.05818469574515196,0.026683252602942416,0.11162264944936479,0.33479890296020515,0,VOLATILE,1.0,641507605420132.0,17342573049880.883,2021-02-08,390.51,0.004583749455839836,-0.008552917979052999
1284,1,-4.498544741499133e-05,0,0.3364274911320598,3,0,-1.0,0.224477195317967,0.224477195317967,1,0,0.061505601462240406,0.032604499329180664,0.11470336693047369,0.3364274911320598,0,VOLATILE,1.0,678121808641654.2,36614198785497.56,2021-02-09,390.25,0.005483664317744941,-0.0017168481742473318
1285,1,0.005722147168214425,0,0.33616247831188995,3,0,-1.0,0.23233819883669765,0.23233819883669765,1,0,0.06454207420091898,0.05884803017061467,0.12446336812384454,0.33616247831188995,0,VOLATILE,1.0,711600033981957.9,33478213903796.812,2021-02-10,390.08,0.001640689089417613,0.008844339622641417
1286,1,0.007982512019136162,0,0.3338197611600209,3,0,-1.0,0.24818171437456446,0.24818171437456446,1,0,0.06402000284660071,0.11702624692803172,0.1436820832582108,0.3338197611600209,0,VOLATILE,1.0,705844005870475.2,5756062327676.827,2021-02-11,390.71,-0.0017404212843284972,0.00857413426838316
1287,-1,-0.027257037168867015,1,0.33374865545927274,3,2,-1.0,0.23676819274356425,0.23676819274356425,1,0,0.06446575869042485,0.0737264556923957,0.12939740479427353,0.33374865545927274,0,VOLATILE,1.0,710758627495827.4,4914644910941.436,2021-02-12,392.64,-0.014287897310513498,0.009601670741646418
1288,-1,-0.0009093799121039081,0,0.3334065118688263,3,0,-1.0,0.22444529120046014,0.22444529120046014,1,0,0.06438721516741566,0.02733751073592958,0.11390824196778174,0.3334065118688263,0,VOLATILE,1.0,709892656354763.4,865945959987.8156,2021-02-16,392.3,-0.012235534030079043,0.009202141218455306
1289,-1,0.002334955501573255,0,0.3408504888169597,3,0,-1.0,0.21445734515892928,0.21445734515892928,1,0,0.05631918279458915,0.0035337281641154438,0.10328430365290153,0.3408504888169597,0,VOLATILE,1.0,620939641104609.9,88953002103600.98,2021-02-17,392.39,-0.0015800606539412287,0.01241112158821589
1290,1,0.013966566042375672,1,0.3334642925456703,3,2,-1.0,0.2184359651597741,0.2184359651597741,1,0,0.05617862702813833,0.013054461730267329,0.10641102958613521,0.3334642925456703,0,VOLATILE,1.0,619389962241309.0,1549683935082.7783,2021-02-18,390.72,-0.021473177723177805,0.0019451269451269404
1291,1,0.004337020872194425,0,0.3333527338485057,3,0,-1.0,0.22675160603281333,0.22675160603281333,1,0,0.056199450768511294,0.04413362224091805,0.11677769100314311,0.3333527338485057,0,VOLATILE,1.0,619619551614450.4,229572751381.96014,2021-02-19,390.03,-0.024792964643745252,-0.0014101479373380688
1292,1,0.01091252947067059,0,0.33420215726194163,3,0,-1.0,0.24597977637652316,0.24597977637652316,1,0,0.05713194782727462,0.11594383153114338,0.14102525978613933,0.33420215726194163,0,VOLATILE,1.0,629900673609978.2,10281082640567.445,2021-02-22,387.03,0.006588636539803128,0.014365811435806064
1293,1,-0.013675638149275554,0,0.3338721060793465,3,0,-1.0,0.25153230857095743,0.25153230857095743,1,0,0.0565536932690967,0.1370965434315034,0.14788341223353335,0.3338721060793465,0,VOLATILE,1.0,623525205075008.6,6375477175357.221,2021-02-23,387.5,-0.0024774193548386947,0.005161290322580614
1294,1,0.015238983982041349,0,0.34068597129269684,3,0,-1.0,0.27232382474743305,0.27232382474743305,1,0,0.06444515458139824,0.21228366669099835,0.17557627375746554,0.34068597129269684,0,VOLATILE,1.0,710531459638812.6,87006211497273.4,2021-02-24,391.77,-0.02641856191132541,-0.010848201751027409
1295,1,-0.004001707027934676,0,0.3356903524083764,3,0,-1.0,0.289113633895974,0.289113633895974,1,0,0.06191540999610777,0.27402848142007685,0.19531463047206155,0.3356903524083764,0,VOLATILE,1.0,682640097993779.9,27891390991874.37,2021-02-25,382.33,-0.014725498914550217,0.019276541207857045
1296,-1,-0.01892987596471335,1,0.34649033400150964,3,2,-1.0,0.2869735670798016,0.2869735670798016,1,0,0.0760365879927311,0.25998203905765693,0.19533954235012935,0.34649033400150964,0,VOLATILE,1.0,838331263278941.4,155691166780120.84,2021-02-26,380.36,0.008597118519297453,0.04106635818698079
1297,-1,-0.030468217286969135,0,0.3596144917719437,3,0,-1.0,0.25436528297666006,0.25436528297666006,1,0,0.1042436870203292,0.11933699297110376,0.157860226663811,0.3596144917719437,0,VOLATILE,1.0,1149324872875167.5,310993692623078.94,2021-03-01,389.58,-0.020175573694748095,0.015914574670157666
1298,1,0.036416957414372564,1,0.3414482518945533,3,2,-1.0,0.2581739562878911,0.2581739562878911,1,0,0.09553408807445543,0.1287044369260511,0.15807950833350215,0.3414482518945533,0,VOLATILE,1.0,1053298350911224.4,96026531501052.28,2021-03-02,386.54,0.0016298442593263296,0.021187975371242285
1299,1,0.009619129308631957,0,0.3335545217561649,3,0,-1.0,0.27160175890775407,0.27160175890775407,1,0,0.09577148780747868,0.17290099941372278,0.17289082907373382,0.3335545217561649,0,VOLATILE,1.0,1055915770016175.4,2617396205823.39,2021-03-03,381.42,0.021393739185150196,0.039090766084631134
1300,-1,-0.027415516774487947,1,0.34268173005842834,3,2,-1.0,0.2576140447531291,0.2576140447531291,1,0,0.1058049555326174,0.11725900983543813,0.1576879884560185,0.34268173005842834,0,VOLATILE,1.0,1166538430700110.0,110622689042945.92,2021-03-04,376.7,0.04467746217148916,0.06347225909211573
1301,1,0.06606746745098846,1,0.3787329811302278,3,2,-1.0,0.3096937980494926,0.3096937980494926,1,0,0.15453161011597433,0.29086986841729384,0.23180049284442272,0.3787329811302278,0,VOLATILE,1.0,1703767664291276.5,537229138704966.75,2021-03-05,383.63,0.027187654771524628,0.05924979798243113
1302,-1,-0.10090179941207222,1,0.34820046462563986,3,2,-1.0,0.26087175193378387,0.26087175193378387,1,0,0.17048823017236145,0.06893118804855795,0.16313980607363981,0.34820046462563986,0,VOLATILE,1.0,1879695251294679.8,175927711486031.44,2021-03-08,381.72,0.03848370533375256,0.06392119878444924
1303,1,0.056622998497967036,1,0.33421105794694833,3,2,-1.0,0.2686727043160422,0.2686727043160422,1,0,0.16954618503716798,0.08863474960820156,0.16939364488178982,0.33421105794694833,0,VOLATILE,1.0,1869308858255475.5,10386407407874.256,2021-03-09,387.17,0.02257406307306864,0.05015884495182976
1304,-1,-0.028398531962270823,1,0.3429051600607944,3,2,-1.0,0.24807512473602963,0.24807512473602963,1,0,0.1592729082456024,0.02818767956010466,0.14582019593523568,0.3429051600607944,0,VOLATILE,1.0,1756042214682374.5,113266610605266.47,2021-03-10,389.58,0.019713537655937197,0.048616458750449176
1305,0,0.020630497572031947,0,0.34719537769166026,3,1,-1.0,0.24810804272804904,0.24810804272804904,1,0,0.14439501984044453,0.046406673658484617,0.1469338978329764,0.34719537769166026,0,VOLATILE,1.0,1592008039676896.2,164034183362616.97,2021-03-11,393.53,-0.005209259776891129,0.0456381978502276
1306,1,0.0015292134761351328,0,0.3389707326037335,3,1,-1.0,0.24967017419620358,0.24967017419620358,1,0,0.1383444982325407,0.0521467044560228,0.14683040089618782,0.3389707326037335,0,VOLATILE,1.0,1525298820379267.5,66709221360529.12,2021-03-12,394.06,-0.01162259554382572,0.04461249555905189
1307,1,0.007145978751276538,0,0.3415569417428157,3,0,-1.0,0.25837828441563465,0.25837828441563465,1,0,0.12951824590807734,0.09556802695766434,0.15836209095524723,0.3415569417428157,0,VOLATILE,1.0,1427986152142583.5,97312694641110.19,2021-03-15,396.41,-0.00963648747508905,0.041497439519689205
1308,-1,-0.02746321641984467,1,0.34063548138764455,3,2,-1.0,0.23962317821522108,0.23962317821522108,1,0,0.12168097531399093,0.03238255403382159,0.1346878431159375,0.34063548138764455,0,VOLATILE,1.0,1341577370117442.5,86408747650727.66,2021-03-16,395.91,-0.016190548356949885,0.03925134500265193
1309,1,0.02156592056179868,1,0.3407273883467706,3,2,-1.0,0.2424339925766062,0.2424339925766062,1,0,0.11374506629845522,0.05092794712389593,0.13822433780745036,0.3407273883467706,0,VOLATILE,1.0,1254081063327653.5,87496313279279.78,2021-03-17,397.26,-0.024517947943412444,0.0468458943764789
1310,-1,-0.0040507571086520755,1,0.3436821963452206,3,2,-1.0,0.24119404982933923,0.24119404982933923,1,0,0.10263781369797985,0.05960152042095767,0.13741311137297918,0.3436821963452206,0,VOLATILE,1.0,1131619530663865.5,122461539510714.58,2021-03-18,391.48,-0.004546847859405401,0.06585266169408399
1311,0,0.0011854457091242665,0,0.34155817176272624,3,1,-1.0,0.24113955279119653,0.24113955279119653,1,0,0.09381023931148132,0.06663171247755044,0.13681398392967725,0.34155817176272624,0,VOLATILE,1.0,1034292286208477.8,97327249875989.77,2021-03-19,389.48,0.016688918558077415,0.06606244223066637
1312,1,0.004758271135372805,0,0.3355779926387626,3,1,-1.0,0.24584332688842664,0.24584332688842664,1,0,0.09140108613820967,0.08219488417246218,0.14119865677022395,0.3355779926387626,0,VOLATILE,1.0,1007730489098718.4,26561800451331.793,2021-03-22,392.59,0.00812552535724298,0.04987391426169796
1313,1,0.02008770274623911,0,0.3353500940423061,3,0,-1.0,0.27063480373189586,0.27063480373189586,1,0,0.08923653737719672,0.17715654714914242,0.17213102817544637,0.3353500940423061,0,VOLATILE,1.0,983865545324251.2,23865000528254.844,2021-03-23,389.5,0.013427471116816525,0.06821566110397947
1314,-1,-0.05828468631234246,1,0.33457498683866016,3,2,-1.0,0.23714159426302261,0.23714159426302261,1,0,0.09056917599373451,0.04964304262159539,0.13007073953844328,0.33457498683866016,0,VOLATILE,1.0,998558374715849.2,14692899077564.273,2021-03-24,387.52,0.02273431048720065,0.06386767134599514
1315,-1,0.027240585837057185,0,0.3382311466797546,3,0,-1.0,0.23088897063120656,0.23088897063120656,1,0,0.08531243804409211,0.03419456183274849,0.12316899995894687,0.3382311466797546,0,VOLATILE,1.0,940600911310582.4,57957455031525.76,2021-03-25,389.7,0.02799589427764948,0.06938670772389033
1316,1,0.014051591695480398,1,0.33939418463077015,3,2,-1.0,0.2386879386948709,0.2386879386948709,1,0,0.07880743445048784,0.07081797412835567,0.13320846952628115,0.33939418463077015,0,VOLATILE,1.0,868880861473763.8,71720070096306.1,2021-03-26,395.98,0.026213445123490997,0.0546239709076215
1317,-1,-0.026606394236099506,1,0.3421867417749262,3,2,-1.0,0.21988051252243573,0.21988051252243573,1,0,0.06930522345155597,0.011886754838772695,0.11039732609677622,0.3421867417749262,0,VOLATILE,1.0,764115500994422.8,104765327981367.53,2021-03-29,395.78,0.02612562534741536,0.05492950629137394
1318,1,0.03382196738165247,1,0.3333664483436993,3,2,-1.0,0.23489505373165304,0.23489505373165304,1,0,0.06934076752834382,0.061540520223129606,0.12696042925049114,0.3333664483436993,0,VOLATILE,1.0,764507387474106.6,391860936382.3234,2021-03-30,394.73,0.030045854128138094,0.05743166214881046
1319,1,0.018449125628721585,0,0.3341041114251057,3,0,-1.0,0.2683587205695919,0.2683587205695919,1,0,0.07016803633636663,0.18675524936843246,0.16897442856826636,0.3341041114251057,0,VOLATILE,1.0,773628329420730.0,9120873629417.44,2021-03-31,396.33,0.03075719728509063,0.059874347134963424
1320,-1,-0.041442745252060376,1,0.33402189518636394,3,2,-1.0,0.26037964215547044,0.26037964215547044,1,0,0.0694290136872489,0.15751106578553825,0.15898002649092902,0.33402189518636394,0,VOLATILE,1.0,765480333733629.4,8147981519672.613,2021-04-01,400.61,0.027158583160679983,0.0416614662639474
1321,-1,-0.038147249206746225,0,0.3607952631656268,3,0,-1.0,0.2142533145346027,0.2142533145346027,1,0,0.0399545997373551,0.034091777141625194,0.1080154589596601,0.3607952631656268,0,VOLATILE,1.0,440514112427341.1,324966153415588.1,2021-04-05,406.36,0.012993404862683189,0.029136726055714046
1322,1,0.05183155859124838,1,0.3449157204768686,3,2,-1.0,0.21995854550498334,0.21995854550498334,1,0,0.02752342774147208,0.05600790825986693,0.11117711200044633,0.3449157204768686,0,VOLATILE,1.0,303455882982028.9,137058241004560.34,2021-04-06,406.12,0.01659607997636159,0.023392100856889586
1323,1,0.007749076827350099,0,0.3351575134366049,3,0,-1.0,0.23341285330271408,0.23341285330271408,1,0,0.02948129039206904,0.09718504457056244,0.1255554449875438,0.3351575134366049,0,VOLATILE,1.0,325042036602684.7,21586130141528.76,2021-04-07,406.59,0.011953073120342328,0.022528837403772872
1324,-1,-0.031623600982083444,1,0.3374401921759771,3,2,-1.0,0.21524356011836138,0.21524356011836138,1,0,0.03388910646697964,0.026354388108858345,0.10341449819194598,0.3374401921759771,0,VOLATILE,1.0,373639825061239.4,48597827205331.76,2021-04-08,408.52,0.01799177518848527,0.025824929012043585
1325,-1,0.013803458050689804,0,0.33619876336809484,3,0,-1.0,0.21087772498469848,0.21087772498469848,1,0,0.036964521271263914,0.005976019947426482,0.0976468470728968,0.33619876336809484,0,VOLATILE,1.0,407547400953898.6,33907587047395.227,2021-04-09,411.49,0.014022211961408404,0.025832948552820145
1326,1,0.009053702411061265,1,0.336476216113144,3,2,-1.0,0.21556559226209684,0.21556559226209684,1,0,0.04033772294694342,0.02039041012077774,0.10357604435590705,0.336476216113144,0,VOLATILE,1.0,444738186294468.9,37190777699465.82,2021-04-12,411.64,0.008672626566903041,0.015304635118064347
1327,0,-0.005133795382138789,0,0.335144388168401,3,1,-1.0,0.21511966415735642,0.21511966415735642,1,0,0.0422814961448419,0.015775535571545384,0.10268567723879576,0.335144388168401,0,VOLATILE,1.0,466168998532884.4,21430814475556.8,2021-04-13,412.86,-0.0016712687109431412,0.0032698735648888366
1328,0,-0.00012518416667900434,0,0.3364935651434547,3,0,-1.0,0.214548551885937,0.214548551885937,1,0,0.04567331724468146,0.011253926185173223,0.1023090811432849,0.3364935651434547,0,VOLATILE,1.0,503565069852082.7,37396074547866.57,2021-04-14,411.45,0.011228581844695551,-0.014679790983108454
1329,1,0.004047270072727122,0,0.3352290848568882,3,1,-1.0,0.2180247096872447,0.2180247096872447,1,0,0.04770799468139979,0.021306480288433977,0.10633815832327792,0.3352290848568882,0,VOLATILE,1.0,525998134655730.9,22433058572486.77,2021-04-15,415.87,-0.00865655132613563,-0.013441700531416134
1330,1,0.004860287497398003,0,0.33523013098585175,3,0,-1.0,0.22636115498595039,0.22636115498595039,1,0,0.04974379552570875,0.050533133910993885,0.11675897647890088,0.33523013098585175,0,VOLATILE,1.0,548443585439990.4,22445437764603.016,2021-04-16,417.26,-0.0012462253750659125,-0.001629679336624612
1331,1,-0.0005788884944759043,0,0.3376757726415768,3,0,-1.0,0.23411871179018018,0.23411871179018018,1,0,0.04508313359271742,0.08611886510164098,0.12706733289811944,0.3376757726415768,0,VOLATILE,1.0,497058078684029.6,51385529242052.83,2021-04-19,415.21,0.005780207605790011,0.0007466101490811727
1332,-1,-0.026785495202083787,1,0.33763894787772497,3,2,-1.0,0.21509077339232618,0.21509077339232618,1,0,0.040461989662872504,0.01935762146664432,0.10327320370983893,0.33763894787772497,0,VOLATILE,1.0,446108272402992.25,50949769558285.99,2021-04-20,412.17,0.012980081034524416,-0.0005580221753160863
1333,1,0.026029426591959837,1,0.33354244515639675,3,2,-1.0,0.22209226158643203,0.22209226158643203,1,0,0.040237554637638756,0.04276526017877894,0.11100093827213922,0.33354244515639675,0,VOLATILE,1.0,443633793955245.0,2474489782387.0728,2021-04-21,416.07,0.0031965774989783924,-0.012521931405773068
1334,1,0.012538768414472518,0,0.3336856861307266,3,0,-1.0,0.2416325181950104,0.2416325181950104,1,0,0.0406157322673582,0.11577047556197574,0.13546206927644464,0.3336856861307266,0,VOLATILE,1.0,447803340990901.6,4169507893777.3257,2021-04-22,412.27,0.018895384092948886,0.0073010405802023115
1335,1,-0.0079986023417421,0,0.3333342091812216,3,0,-1.0,0.25317417246184665,0.25317417246184665,1,0,0.040614794502200284,0.1587890091156408,0.1498012678726137,0.3333342091812216,0,VOLATILE,1.0,447793001786181.3,10364199492.466991,2021-04-23,416.74,0.0013437634976243285,-0.004319239813792786
1336,-1,-0.04203972300817563,1,0.33908638064939467,3,2,-1.0,0.22267610372050725,0.22267610372050725,1,0,0.034440144393604356,0.05491003004534377,0.11311672481298271,0.33908638064939467,0,VOLATILE,1.0,379715220253696.8,68077723165684.58,2021-04-26,417.61,0.0014128014175904813,0.003735542731256425
1337,1,0.035289775460968786,1,0.33707055128393615,3,2,-1.0,0.22746781044013664,0.22746781044013664,1,0,0.030429055143437772,0.07537814747002666,0.11860240087115481,0.33707055128393615,0,VOLATILE,1.0,335491490507456.9,44223743535130.33,2021-04-27,417.52,-0.004550680206936164,0.0017244682889443474
1338,-1,-0.024835712825527406,1,0.3364498611939609,3,2,-1.0,0.20742380433423863,0.20742380433423863,1,0,0.027084136840509823,0.003092525308355773,0.09339222071628853,0.3364498611939609,0,VOLATILE,1.0,298612539722257.1,36878911171410.39,2021-04-28,417.4,-0.003953042644944893,0.004000958313368441
1339,1,0.0353733346846255,1,0.33490173919214644,3,2,-1.0,0.2227531329129661,0.2227531329129661,1,0,0.028767481684088138,0.057733071133644634,0.11216685093924425,0.33490173919214644,0,VOLATILE,1.0,317172033861920.6,18559468400273.516,2021-04-29,420.06,-0.002356806170547121,-0.0018330714659809955
1340,1,-0.01079959047932147,0,0.34083166820634886,3,0,-1.0,0.22728287101237213,0.22728287101237213,1,0,0.020719652166663598,0.08721486528449345,0.11931150581705234,0.34083166820634886,0,VOLATILE,1.0,228441762500440.8,88730291555854.27,2021-04-30,417.3,0.011550443326144189,0.006566019650131816
1341,-1,-0.01166624109309125,1,0.3362195146998636,3,2,-1.0,0.2201463680186869,0.2201463680186869,1,0,0.01762196283494364,0.06009155326003004,0.10923783869832455,0.3362195146998636,0,VOLATILE,1.0,194288601775307.47,34153144461033.633,2021-05-03,418.2,-0.0006217120994739256,0.0035150645624104637
1342,1,0.025010008865386735,1,0.3357959960235491,3,2,-1.0,0.2380198738903884,0.2380198738903884,1,0,0.014978833494492895,0.12944269061212532,0.13147384136887275,0.3357959960235491,0,VOLATILE,1.0,165147131629362.25,29141507042175.11,2021-05-04,415.62,-0.0033925220153024904,0.011332467157499693
1343,1,0.0024921380555567307,0,0.33797144222318576,3,0,-1.0,0.2583855178176466,0.2583855178176466,1,0,0.01995683808141877,0.20246743540214532,0.1574747578278547,0.33797144222318576,0,VOLATILE,1.0,220031457506331.9,54884285782625.266,2021-05-05,415.75,-0.024870715574263347,0.007263980757666877
1344,-1,-0.026252685242292267,1,0.3337367091986727,3,2,-1.0,0.2524984765026126,0.2524984765026126,1,0,0.019523900809319705,0.177647917974482,0.14905727292793391,0.3337367091986727,0,VOLATILE,1.0,215258165334489.03,4773280834250.556,2021-05-06,419.07,-0.02097501610709429,0.008423413749492958
1345,-1,-0.024554443115447133,0,0.33381466433051565,3,0,-1.0,0.22205699207213142,0.22205699207213142,1,0,0.019007291055875068,0.06406742746250445,0.11102490617279316,0.33381466433051565,0,VOLATILE,1.0,209562353375266.6,5695749848217.282,2021-05-07,422.12,-0.01312423007675545,0.0001658296219084754
1346,-1,0.027157483310768116,0,0.33365327193687855,3,0,-1.0,0.21877299095241837,0.21877299095241837,1,0,0.01866390587183762,0.05197476415239014,0.10687955667474258,0.33365327193687855,0,VOLATILE,1.0,205776405810748.0,3785939952442.1655,2021-05-10,417.94,-0.005790304828444337,0.01038426568406936
1347,1,0.006471826883776399,1,0.3336831110478264,3,2,-1.0,0.2219608167164817,0.2219608167164817,1,0,0.01828849628578496,0.0643268996868913,0.11087179865755875,0.3336831110478264,0,VOLATILE,1.0,201637377471488.0,4139036080983.857,2021-05-11,414.21,-0.005480311919074832,0.01796190338234238
1348,1,0.006196964945250738,0,0.3402973072614086,3,0,-1.0,0.2313456074257958,0.2313456074257958,1,0,0.0257628089538143,0.0970061993389764,0.1242563360975969,0.3402973072614086,0,VOLATILE,1.0,284044415274523.56,82407020690580.3,2021-05-12,405.41,0.013443180977282143,0.044892824547988486
1349,1,-0.0004251513263636153,0,0.3468322456351829,3,0,-1.0,0.24030524680874626,0.24030524680874626,1,0,0.04025095594648174,0.12101790381270391,0.13708961991972854,0.3468322456351829,0,VOLATILE,1.0,443781548299153.8,159737120909395.84,2021-05-13,410.28,0.012186799259042536,0.03419615872087367
1350,-1,-0.021123670631164604,1,0.33486655367733464,3,2,-1.0,0.2281412155605321,0.2281412155605321,1,0,0.04189653159130507,0.06478294201869125,0.11889315786999877,0.33486655367733464,0,VOLATILE,1.0,461924623173550.9,18143106495841.98,2021-05-14,416.58,-0.003936818858322533,0.020836333957463093
1351,-1,0.011168022333434002,0,0.33333552703138647,3,0,-1.0,0.22714520664575194,0.22714520664575194,1,0,0.041898885928324935,0.059897284266784784,0.11726539006503656,0.33333552703138647,0,VOLATILE,1.0,461950580602469.6,25958758995.985134,2021-05-17,415.52,0.0087841740469774,0.021563342318059453
1352,-1,-0.0007892635032893669,0,0.33428191182541317,3,0,-1.0,0.2253599342276824,0.2253599342276824,1,0,0.042916978366694565,0.05289420885617436,0.1152703957409563,0.33428191182541317,0,VOLATILE,1.0,473175423043778.8,11224844927739.402,2021-05-18,411.94,0.015293489343108257,0.024688061368160374
1353,1,0.018811530836352286,1,0.3349154020814586,3,2,-1.0,0.24238619264596517,0.24238619264596517,1,0,0.04461498759738314,0.11551978638608021,0.13671159132782112,0.3349154020814586,0,VOLATILE,1.0,491896597428386.1,18721145915707.21,2021-05-19,410.86,0.019982475782504894,0.027040841162439877
1354,1,0.012463641190079089,0,0.3356348599728647,3,0,-1.0,0.271876092254327,0.271876092254327,1,0,0.047085181633205755,0.22417630930016913,0.17375383031112496,0.3356348599728647,0,VOLATILE,1.0,519131392429882.6,27234730537855.688,2021-05-20,415.28,0.0096561356193412,-0.0008668849932574885
1355,-1,-0.06243407429021808,1,0.33457875193145614,3,2,-1.0,0.23893191757247081,0.23893191757247081,1,0,0.0457484896735545,0.10118026517180306,0.13230958494845252,0.33457875193145614,0,VOLATILE,1.0,504393873444202.1,14737452673420.248,2021-05-21,414.94,0.0122909336289585,0.01426712295753596
1356,-1,0.01991680179624994,0,0.33347104220862533,3,0,-1.0,0.22590454468686455,0.22590454468686455,1,0,0.04560068640906533,0.05164463782314574,0.11574844141073702,0.33347104220862533,0,VOLATILE,1.0,502764288257557.5,1629554942719.5535,2021-05-24,419.17,0.0011928334565927123,0.009399527637951266
1357,1,0.026833206352997102,1,0.333524960405083,3,2,-1.0,0.2397103781542554,0.2397103781542554,1,0,0.045806359222107546,0.10325127916016241,0.13301921279408999,0.333524960405083,0,VOLATILE,1.0,505031906436272.9,2267586902198.302,2021-05-25,418.24,0.004997130833970909,0.010424636572303081
1358,-1,-0.028433664377886247,1,0.33466763807527994,3,2,-1.0,0.22508254724376,0.22508254724376,1,0,0.04437427061931698,0.050686010101243094,0.11502009357352001,0.33466763807527994,0,VOLATILE,1.0,489242604480488.7,15789271989351.492,2021-05-26,419.07,-0.0007158708568973937,0.014389004223638091
1359,1,0.02252921634962729,1,0.33559547074742796,3,2,-1.0,0.23298393268289191,0.23298393268289191,1,0,0.046802184479253404,0.07858416614216239,0.1251287835404719,0.33559547074742796,0,VOLATILE,1.0,516011245039788.0,26768624726852.66,2021-05-27,419.29,0.007894297502921699,0.017458083903741928
1360,-1,-0.015837891548589306,1,0.3354798544434434,3,2,-1.0,0.22504742657343452,0.22504742657343452,1,0,0.0491060064166994,0.04643173406626276,0.11517924682765404,0.3354798544434434,0,VOLATILE,1.0,541411726652317.4,25400498531518.54,2021-05-28,420.04,0.005118560137129746,0.01768879154366254
1361,-1,0.00014509212183977382,0,0.33470574612714427,3,0,-1.0,0.2172560125858169,0.2172560125858169,1,0,0.05057899141845681,0.01516036537371488,0.10524645226405722,0.33470574612714427,0,VOLATILE,1.0,557651926402367.6,16240217247173.537,2021-06-01,419.67,0.006219172206733736,0.019134081540257863
1362,-1,0.006860442501831099,0,0.3351957183958882,3,0,-1.0,0.21632504110003037,0.21632504110003037,1,0,0.05257785639766881,0.010037836524361334,0.10420523097401005,0.3351957183958882,0,VOLATILE,1.0,579690145730502.4,22038222137084.527,2021-06-02,420.33,0.003140389693812029,0.01839031237361133
1363,1,0.008346286517334378,1,0.33333765505876245,3,2,-1.0,0.22374035613157822,0.22374035613157822,1,0,0.05258249611406537,0.036447080673424836,0.1130098589291634,0.33333765505876245,0,VOLATILE,1.0,579741300305039.0,51140415018.37535,2021-06-03,418.77,0.011557656947728034,0.02784344628316271
1364,0,-0.007223202395757494,0,0.33358709794131824,3,1,-1.0,0.22393246876736858,0.22393246876736858,1,0,0.052854857309428786,0.037082224024192006,0.11331236044454027,0.33358709794131824,0,VOLATILE,1.0,582744182351758.5,3002881044175.481,2021-06-04,422.6,0.004046379555134871,0.026313298627543835
1365,-1,-0.007785114940535909,0,0.33463057714595196,3,1,-1.0,0.21633946646262303,0.21633946646262303,1,0,0.05424716490652174,0.007998767187778552,0.10408197736476676,0.33463057714595196,0,VOLATILE,1.0,598094884133056.0,15350717680922.697,2021-06-07,422.19,0.007271607570051408,0.025438783486108063
1366,1,0.008345780689349214,1,0.33510693388774965,3,2,-1.0,0.2170922448472267,0.2170922448472267,1,0,0.05615073928795638,0.009275379304956002,0.10514203953097079,0.33510693388774965,0,VOLATILE,1.0,619082489680086.8,20987605510034.973,2021-06-08,422.28,0.005209813393956653,0.028843421426541616
1367,1,0.002250869330356453,0,0.33534335310828406,3,0,-1.0,0.2200958925621868,0.2200958925621868,1,0,0.05830805878929751,0.018559053150116175,0.10895570397980456,0.33534335310828406,0,VOLATILE,1.0,642867728215888.8,23785232812986.68,2021-06-09,421.65,0.001090952211549867,0.021985058697972404
1368,-1,-0.010202132528970093,1,0.34137230922538503,3,2,-1.0,0.21289740774817684,0.21289740774817684,1,0,0.04967996622803533,0.004714544746666629,0.10146483699156732,0.34137230922538503,0,VOLATILE,1.0,547739844028581.0,95127876627543.9,2021-06-10,423.61,-0.0038714855645523016,0.028115483581596212
1369,-1,0.003312071090286861,0,0.3531291785932755,3,0,-1.0,0.20901099402445372,0.20901099402445372,1,0,0.028433433324580436,0.020204678212077738,0.09954603717888605,0.3531291785932755,0,VOLATILE,1.0,313489028211415.6,234250823850289.47,2021-06-11,424.31,-0.02213004642831884,0.030095920435530665
1370,-1,0.0026465353043503004,0,0.3408576240917599,3,0,-1.0,0.2077711156050809,0.2077711156050809,1,0,0.020357743712997842,0.014427157874875482,0.0949283005292911,0.3408576240917599,0,VOLATILE,1.0,224451589096264.1,89037436184510.77,2021-06-14,425.26,-0.0103466114847387,0.024291021963034343
1371,1,0.006334447468158783,1,0.3344959880053831,3,2,-1.0,0.21286568465386688,0.21286568465386688,1,0,0.0191098875540794,0.03000842090195871,0.09970610281867937,0.3344959880053831,0,VOLATILE,1.0,210693517387463.7,13758079597246.314,2021-06-15,424.48,-0.0032274783264228946,0.02770448548812654
1372,1,0.0014510410253439354,0,0.33342869379821116,3,0,-1.0,0.21941129472799678,0.21941129472799678,1,0,0.01900754004567518,0.05385633553297105,0.10762129185954873,0.33342869379821116,0,VOLATILE,1.0,209565098579110.97,1128432111236.3765,2021-06-16,422.11,0.0011608348534741797,0.029944801118191977
1373,1,0.0024510725744904815,0,0.335495341979965,3,0,-1.0,0.22840797737661717,0.22840797737661717,1,0,0.02132798768015172,0.08682343396713642,0.11938380721576271,0.335495341979965,0,VOLATILE,1.0,235148884597617.2,25583767704516.867,2021-06-17,421.97,0.007417588928122942,0.022205370050003337
1374,-1,-0.020708308743498133,1,0.33869897960780243,3,2,-1.0,0.21669635128173942,0.21669635128173942,1,0,0.01556913184549611,0.05106642016687855,0.10554518400412488,0.33869897960780243,0,VOLATILE,1.0,171655387396379.44,63493477736312.4,2021-06-18,414.92,0.028174105851730413,0.024221536681769962
1375,1,0.051298097548661103,1,0.34705154725703885,3,2,-1.0,0.2562828227355228,0.2562828227355228,1,0,0.030292656998764333,0.19105658870222506,0.1571164152336631,0.34705154725703885,0,VOLATILE,1.0,333987650948744.44,162332189971458.72,2021-06-21,420.86,0.015705935465475385,0.024236088010264778
1376,-1,-0.05052220490497694,1,0.3338209155137629,3,2,-1.0,0.2453470892843292,0.2453470892843292,1,0,0.029769341351255706,0.14064793010030113,0.14013909048385226,0.3338209155137629,0,VOLATILE,1.0,328217904048587.9,5769722179607.145,2021-06-22,423.11,0.01084824277374663,0.027037886128902677
1377,-1,-0.01565194775352119,0,0.3335934343591633,3,0,-1.0,0.21875940807961441,0.21875940807961441,1,0,0.029490174528611513,0.04105268153931507,0.10684761868930887,0.3335934343591633,0,VOLATILE,1.0,325139987465649.56,3077861984922.2725,2021-06-23,422.6,0.012920018930430599,0.030430667297680847
1378,-1,0.02177451411419709,0,0.3337335399560844,3,0,-1.0,0.21394624098909673,0.21394624098909673,1,0,0.029919708389767444,0.022678850286408505,0.10086618622539198,0.3337335399560844,0,VOLATILE,1.0,329875755783901.25,4735778132166.583,2021-06-24,425.1,0.012538226299694255,0.03490943307457073
1379,1,0.00988917532615638,1,0.33359156000876017,3,2,-1.0,0.21902224922473543,0.21902224922473543,1,0,0.029642559089581744,0.04188454550974636,0.10717570153310936,0.33359156000876017,0,VOLATILE,1.0,326820083125841.4,3055682172928.9224,2021-06-25,426.61,0.01666627598977999,0.03377792363048204
1380,1,-0.0010523740917854074,0,0.33335594172278304,3,0,-1.0,0.22304588336858872,0.22304588336858872,1,0,0.02961829474682287,0.056820724177472144,0.11214633964143167,0.33335594172278304,0,VOLATILE,1.0,326552559849815.06,267532595097.00885,2021-06-28,427.47,0.012772826163239381,0.026996046506187588
1381,-1,-0.010550156964040297,1,0.3334856272219923,3,2,-1.0,0.2165193605484017,0.2165193605484017,1,0,0.029781747853897554,0.03228007461910311,0.10402060749100021,0.3334856272219923,0,VOLATILE,1.0,328354690289359.3,1802144258923.4634,2021-06-29,427.7,0.015805471124620052,0.026022913256955826
1382,1,0.029947091044728702,1,0.33541770412132826,3,2,-1.0,0.2399399287729434,0.2399399287729434,1,0,0.0320188706512692,0.11931914033826471,0.1337793369965113,0.33541770412132826,0,VOLATILE,1.0,353019789425711.7,24665053089969.6,2021-06-30,428.06,0.006681306358921724,0.02941176470588225
1383,1,-0.021150181932941353,0,0.33354419780376077,3,0,-1.0,0.24221031506454374,0.24221031506454374,1,0,0.03179255404435088,0.1266542758005088,0.1361489432816199,0.33354419780376077,0,VOLATILE,1.0,350524565849964.44,2495229441823.278,2021-07-01,430.43,0.01182538391840704,0.018771925748669815
1384,-1,-0.02278594865303124,1,0.3334538043700324,3,2,-1.0,0.22169475270311287,0.22169475270311287,1,0,0.03192184967990645,0.04952382623429113,0.11048189197139918,0.3334538043700324,0,VOLATILE,1.0,351950097641345.2,1425573862914.0647,2021-07-02,433.72,0.007746933505487386,0.008922807341141592
1385,-1,0.012723604756434054,0,0.3333620619139584,3,0,-1.0,0.21390279509811605,0.21390279509811605,1,0,0.03189101434525332,0.0202660137081506,0.10071900935113463,0.3333620619139584,0,VOLATILE,1.0,351610126770271.1,339954853713.0067,2021-07-06,432.93,0.006144180352481765,0.018986903194511795
1386,1,0.015712096065692488,1,0.33346509361653265,3,2,-1.0,0.22182293355881172,0.22182293355881172,1,0,0.032032431813976456,0.04990238924396694,0.1106449403526478,0.33346509361653265,0,VOLATILE,1.0,353169306217088.4,1559163273146.3293,2021-07-07,434.46,0.004097040003682828,0.010403719559913593
1387,1,0.0020921811139172075,0,0.3339882676436346,3,0,-1.0,0.2318352531334246,0.2318352531334246,1,0,0.0313295038601952,0.08854389612287283,0.12329113332768935,0.3339882676436346,0,VOLATILE,1.0,345419267781067.9,7750055617293.937,2021-07-08,430.92,0.008887960642346648,0.025155481295832116
1388,1,0.010846413007482902,0,0.33803318379391784,3,0,-1.0,0.2526939857155204,0.2526939857155204,1,0,0.036373775044700504,0.1647535592339394,0.15037577809287994,0.33803318379391784,0,VOLATILE,1.0,401034207194605.9,55614894333049.86,2021-07-09,435.52,-0.009597722263041897,0.01600385745775168
1389,-1,-0.0512557061417058,1,0.3333477054303814,3,2,-1.0,0.22229701215591033,0.22229701215591033,1,0,0.03638919436847608,0.047235380288973824,0.1112081915524833,0.3333477054303814,0,VOLATILE,1.0,401204210893100.7,170069806555.85065,2021-07-12,437.08,-0.027706598334400923,0.011553948933833658
1390,1,0.04008068022977898,1,0.33427004048325815,3,2,-1.0,0.23198071882607926,0.23198071882607926,1,0,0.0353838451277044,0.08524638083253656,0.12354340865341365,0.33427004048325815,0,VOLATILE,1.0,390119866877911.25,11084367385936.232,2021-07-13,435.59,-0.010399687779792832,0.016276774030625107
1391,-1,-0.026676739185469228,1,0.3348660732252801,3,2,-1.0,0.21498768631077897,0.21498768631077897,1,0,0.03373877905567648,0.023614599528704688,0.10245112619479371,0.3348660732252801,0,VOLATILE,1.0,371982410230430.9,18137421146814.46,2021-07-14,436.24,-0.003874014304052764,0.017284063818081785
1392,1,0.02611556842535953,1,0.3341420647022921,3,2,-1.0,0.2241102222208382,0.2241102222208382,1,0,0.03287078369128836,0.058149098163574005,0.11367329395162079,0.3341420647022921,0,VOLATILE,1.0,362412443066500.25,9569987386975.432,2021-07-15,434.75,0.0016331224841863445,0.0238297872340425
1393,1,-0.005006556419347941,0,0.333903417639354,3,0,-1.0,0.2282262017115495,0.2282262017115495,1,0,0.03225892286446481,0.07401689678336144,0.11875860654927542,0.333903417639354,0,VOLATILE,1.0,355666453097159.1,6745997283566.219,2021-07-16,431.34,0.019937868039134,0.033801641396578264
1394,1,0.011188915202272692,0,0.33579649821180996,3,0,-1.0,0.2435310964045335,0.2435310964045335,1,0,0.029615254213065156,0.13547373096279303,0.13836299505861938,0.33579649821180996,0,VOLATILE,1.0,326519036850250.8,29147449602964.69,2021-07-19,424.97,0.037767371814480866,0.05176836011953778
1395,1,0.04522785943164076,0,0.3503992346472412,3,0,-1.0,0.30406385052915824,0.30406385052915824,1,0,0.047931797801164425,0.35510706766860994,0.21767962182325812,0.3503992346472412,0,VOLATILE,1.0,528465646113977.7,201946488772581.25,2021-07-20,431.06,0.018442908179835626,0.030111817380411132
1396,-1,-0.11975644548689149,1,0.3379464939561505,3,2,-1.0,0.24484015916689153,0.24484015916689153,1,0,0.05288301035677226,0.11872745698618385,0.14053682244765203,0.3379464939561505,0,VOLATILE,1.0,583054580021717.9,54589064637485.2,2021-07-21,434.55,0.009849269359107016,0.010654700264641548
1397,-1,0.05450915623171371,0,0.33365793051866194,3,0,-1.0,0.24012562403633853,0.24012562403633853,1,0,0.052534625077044816,0.0981799129482211,0.13357151267508863,0.33365793051866194,0,VOLATILE,1.0,579213504568810.8,3841066500786.5176,2021-07-22,435.46,0.011918431084370518,0.010104257566711183
1398,-1,0.0031522726204538942,0,0.3335737302141513,3,0,-1.0,0.23856336152623941,0.23856336152623941,1,0,0.052792638531168265,0.09200026485284314,0.13159763446133713,0.3335737302141513,0,VOLATILE,1.0,582058197507412.2,2844696280618.649,2021-07-23,439.94,-0.0032504432422603147,0.007773787334636628
1399,0,0.0019323187792310015,0,0.3353523139204112,3,1,-1.0,0.2389334177953713,0.2389334177953713,1,0,0.05062570226985903,0.09688884990309168,0.1325048507243169,0.3353523139204112,0,VOLATILE,1.0,558166930666743.6,23891269084516.86,2021-07-26,441.02,-0.007777425060087939,0.014149018185116269
1400,1,0.0061039699199416375,0,0.33533367862927305,3,1,-1.0,0.24540744398444483,0.24540744398444483,1,0,0.052772638887235566,0.11900553502638735,0.1405927246378743,0.33533367862927305,0,VOLATILE,1.0,581837694099699.8,23670751483753.773,2021-07-27,439.01,0.004874604223138457,0.020409557868841244
1401,-1,-0.007629727361117972,1,0.33418372534828517,3,2,-1.0,0.2442517428124004,0.2442517428124004,1,0,0.051859927912380845,0.1147219016453345,0.13886060985257176,0.33418372534828517,0,VOLATILE,1.0,571774720934311.8,10062971673216.959,2021-07-28,438.83,0.0003418180160883466,0.022970170681129387
1402,-1,-0.018731115393968184,0,0.33666530885688334,3,0,-1.0,0.22436492624638776,0.22436492624638776,1,0,0.048283773604946456,0.04558368146167016,0.11462248502220554,0.33666530885688334,0,VOLATILE,1.0,532346308411139.4,39428375055042.805,2021-07-29,440.65,0.002519006013843139,0.012731192556450832
1403,1,0.02506548061708258,1,0.3350913322771487,3,2,-1.0,0.22954359029745772,0.22954359029745772,1,0,0.050170603662619745,0.06193635916070824,0.12070232094110933,0.3350913322771487,0,VOLATILE,1.0,553149301648988.8,20802986460498.46,2021-07-30,438.51,0.00907618982463343,0.026772479532964022
1404,1,0.004262484475761774,0,0.3342310855779965,3,0,-1.0,0.23898473882428944,0.23898473882428944,1,0,0.049207063878936474,0.09765902089564618,0.13228869492486087,0.3342310855779965,0,VOLATILE,1.0,542525922228650.6,10623401030081.207,2021-08-02,437.59,0.010375008569665667,0.03345597477090445
1405,-1,-0.02580752159288549,1,0.3334270934998611,3,2,-1.0,0.22261836575823568,0.22261836575823568,1,0,0.04910642968924542,0.035782762029034215,0.11162973057275988,0.3334270934998611,0,VOLATILE,1.0,541416393387340.4,1109495248375.2913,2021-08-03,441.15,0.003468208092485714,0.023597415844950786
1406,-1,0.013046930704189497,0,0.33376910025013123,3,0,-1.0,0.21929892339637141,0.21929892339637141,1,0,0.049574129929210994,0.02312365799478022,0.10756592930799706,0.33376910025013123,0,VOLATILE,1.0,546572960026596.9,5156574923990.268,2021-08-04,438.98,0.010934438926602397,0.029204063966467686
1407,1,0.0049539223641641705,1,0.3350946488561302,3,2,-1.0,0.22093340339867132,0.22093340339867132,1,0,0.05146451932106202,0.028356730066052938,0.10994041646237165,0.3350946488561302,0,VOLATILE,1.0,567415196228872.0,20842232643148.004,2021-08-05,441.76,0.0075833031510323945,0.025873777616805427
1408,1,0.0021654755831588823,0,0.3346384436718612,3,0,-1.0,0.2247333589841301,0.2247333589841301,1,0,0.05006376805798224,0.04366516088640152,0.11457630964812791,0.3346384436718612,0,VOLATILE,1.0,551971399933994.8,15443804899522.389,2021-08-06,442.49,0.0077515876064995215,0.02393274424280767
1409,0,-0.0044981344119034705,0,0.3337953728527636,3,1,-1.0,0.22403518015768542,0.22403518015768542,1,0,0.050559666804673865,0.03991878842621928,0.11349281841029771,0.3337953728527636,0,VOLATILE,1.0,557438865449572.3,5467467372911.89,2021-08-09,442.13,0.010947006536539128,0.021102390699567986
1410,-1,-0.003112967934109395,0,0.33484866033398925,3,1,-1.0,0.22022403339713134,0.22022403339713134,1,0,0.05218603997151602,0.024790580518218506,0.10899220682991151,0.33484866033398925,0,VOLATILE,1.0,575370225963172.6,17931368610186.406,2021-08-10,442.68,0.003072196620583778,0.01859130749073823
1411,-1,-0.0006679200954042841,0,0.33444712382934105,3,0,-1.0,0.21574496654117298,0.21574496654117298,1,0,0.05338145087613299,0.00649751652527154,0.1032929891338015,0.33444712382934105,0,VOLATILE,1.0,588550069512974.9,13179853543025.293,2021-08-11,443.78,-0.010365496417143572,0.011717517688945023
1412,1,0.006535846952659102,1,0.3345340617182299,3,2,-1.0,0.21780174663787372,0.21780174663787372,1,0,0.054670171865972304,0.012986924314726492,0.1058856987268996,0.3345340617182299,0,VOLATILE,1.0,602758690966759.2,14208618510048.117,2021-08-12,445.11,-0.011794837231246191,0.0007413897688210991
1413,1,9.003049576872257e-05,0,0.33514018960338826,3,0,-1.0,0.21994855723034318,0.21994855723034318,1,0,0.05660943940419235,0.019552792412135905,0.10872074393877608,0.33514018960338826,0,VOLATILE,1.0,624139826655110.6,21381131458726.83,2021-08-13,445.92,-0.005740940078937884,0.001480086114101109
1414,1,0.012248699003612029,0,0.33372051708312,3,0,-1.0,0.23434406682642467,0.23434406682642467,1,0,0.05702499908826897,0.07205563932316347,0.12636021280381082,0.33372051708312,0,VOLATILE,1.0,628721524547092.0,4581674143135.13,2021-08-16,446.97,0.0006488131194486435,-0.006264402532608515
1415,-1,-0.025227930805098386,1,0.3676220185990233,3,2,-1.0,0.22351164561740777,0.22351164561740777,1,0,0.02022355581015958,0.09366162920438717,0.12129506167151557,0.3676220185990233,0,VOLATILE,1.0,222972118264223.22,405749422000414.56,2021-08-17,444.04,0.008850554004143696,0.008647869561300814
1416,0,0.011395079482289044,0,0.3357942850937664,3,1,-1.0,0.22407430389067992,0.22407430389067992,1,0,0.017582258584301423,0.07454209482607312,0.11404145113679151,0.3357942850937664,0,VOLATILE,1.0,193850847853450.56,29121261040760.59,2021-08-18,439.18,0.02215492508766337,0.018192996038070897
1417,-1,-0.014533923608289978,0,0.3380058570821148,3,1,-1.0,0.2101030385556621,0.2101030385556621,1,0,0.022597193614522462,0.0187935937807964,0.09713026246510628,0.3380058570821148,0,VOLATILE,1.0,249142345409192.16,55291528259566.86,2021-08-19,439.86,0.014550084117673778,0.003501113990815208
1418,1,0.02505431199334532,1,0.33865676131817235,3,2,-1.0,0.22118608521398958,0.22118608521398958,1,0,0.028310737131792916,0.055129653409297284,0.11114679684703006,0.33865676131817235,0,VOLATILE,1.0,312136257696398.44,62993894667363.71,2021-08-20,443.36,0.015540418621436292,-0.021021291952363796
1419,0,-0.011780239843478535,0,0.3340460186494423,3,1,-1.0,0.22048889202883853,0.22048889202883853,1,0,0.02907564949992534,0.04829220959530082,0.10912261969840871,0.3340460186494423,0,VOLATILE,1.0,320569697028729.4,8433442485143.676,2021-08-23,447.26,0.011112104815990786,-0.030474444394759215
1420,-1,-0.002638934265394799,0,0.3341699329157113,3,1,-1.0,0.2171527645782927,0.2171527645782927,1,0,0.028177741226203284,0.03677257562917774,0.10498343895179367,0.3341699329157113,0,VOLATILE,1.0,310669929071098.44,9899761229262.098,2021-08-24,447.97,0.008013929504207873,-0.022568475567560364
1421,1,0.010462685505449515,1,0.3344561046282296,3,2,-1.0,0.22427932263319636,0.22427932263319636,1,0,0.029382793458542233,0.0625067448871164,0.11396317944855287,0.3344561046282296,0,VOLATILE,1.0,323956071794262.1,13286126324553.854,2021-08-25,448.91,0.006437816043304956,-0.01276425118620661
1422,-1,-0.014222633605728147,1,0.33436194995098156,3,2,-1.0,0.21718324708237188,0.21718324708237188,1,0,0.03048678810265578,0.034721850919474904,0.10506954634071022,0.33436194995098156,0,VOLATILE,1.0,336128017552025.1,12171962699555.826,2021-08-26,446.26,0.015529063774481155,-0.005265988437233804
1423,1,0.008232956648307893,1,0.33368660955183616,3,2,-1.0,0.2183201281798553,0.2183201281798553,1,0,0.030107623122405353,0.038857814715929154,0.10632181261277816,0.33368660955183616,0,VOLATILE,1.0,331947584614728.4,4180435043027.046,2021-08-27,450.25,0.006285397001665638,-0.016901721265963343
1424,1,0.022587745538689613,0,0.3344514420157619,3,0,-1.0,0.24204475481602833,0.24204475481602833,1,0,0.03130767394646522,0.12719873812546237,0.13616880402397585,0.3344514420157619,0,VOLATILE,1.0,345178584977727.5,13230952079780.875,2021-08-30,452.23,-0.0017026734183933634,-0.04093049996683107
1425,0,-0.023826551524215228,0,0.33364147845523234,3,1,-1.0,0.24194282992798613,0.24194282992798613,1,0,0.03163840079457768,0.12587832027679471,0.13583890702379078,0.33364147845523234,0,VOLATILE,1.0,348824969747187.25,3646383759947.873,2021-08-31,451.56,-0.0014394543360792822,-0.03789086721587387
1426,-1,-0.017328967992647548,0,0.33335270009925,3,1,-1.0,0.2245119370472964,0.2245119370472964,1,0,0.031659183518338574,0.06027510548346057,0.11397809633393305,0.33335270009925,0,VOLATILE,1.0,349054106897140.8,229173385208.90863,2021-09-01,451.8,-0.006241699867197914,-0.050154935812306345
1427,-1,0.00889687495806124,0,0.3334878552577269,3,0,-1.0,0.21597791912466793,0.21597791912466793,1,0,0.03149333628636272,0.028539751874437136,0.10334436272026662,0.3334878552577269,0,VOLATILE,1.0,347225580352697.2,1828509347129.1458,2021-09-02,453.19,-0.017100995167589783,-0.041814691409784
1428,0,0.008669315086182183,0,0.33386080046560085,3,1,-1.0,0.21611321628822164,0.21611321628822164,1,0,0.03092721514471618,0.02989294628531558,0.10360672047667724,0.33386080046560085,0,VOLATILE,1.0,340983887183997.56,6241694086063.903,2021-09-03,453.08,-0.014346252317471553,-0.053941908713692976
1429,-1,-0.005530290723292086,0,0.33335927822385214,3,1,-1.0,0.21071822272848326,0.21071822272848326,1,0,0.030899367883152645,0.009313426016548672,0.0967375979665671,0.33335927822385214,0,VOLATILE,1.0,340676860914385.75,307014522437.8623,2021-09-07,451.46,-0.01614760997652054,-0.04066805475568147
1430,0,0.004958517969648746,0,0.3343038766417991,3,1,-1.0,0.21028174713839362,0.21028174713839362,1,0,0.029857700773591,0.009426758476734553,0.09642815308344185,0.3343038766417991,0,VOLATILE,1.0,329192099078959.6,11484761908629.125,2021-09-08,450.91,-0.006719744516644144,-0.035505976802466255
1431,1,0.0012355882017654751,0,0.33422979245830003,3,1,-1.0,0.21108085975006946,0.21108085975006946,1,0,0.02889554715947688,0.013330021247008694,0.09740852280216185,0.33422979245830003,0,VOLATILE,1.0,318584002686394.0,10608099114438.955,2021-09-09,448.98,-0.004031359971490955,-0.022985433649605702
1432,1,0.012870977971071867,0,0.3342387166137347,3,0,-1.0,0.22475095033281717,0.22475095033281717,1,0,0.02792381740335065,0.06557128380501479,0.11449836706945514,0.3342387166137347,0,VOLATILE,1.0,307870325816820.2,10713701615130.367,2021-09-10,445.44,-0.009069683908046078,-0.017016882183907955
1433,1,0.0033635125276428868,0,0.3351142068788523,3,0,-1.0,0.24178455344320776,0.24178455344320776,1,0,0.02983520121884374,0.12819252935232459,0.13600924352372276,0.3351142068788523,0,VOLATILE,1.0,328944033237863.7,21073669233774.64,2021-09-13,446.58,-0.028080075238478996,-0.026624568946213456
1434,-1,-0.047369792142415934,1,0.33374150325282276,3,2,-1.0,0.21144836441118242,0.21144836441118242,1,0,0.02939711386064553,0.013840380120905736,0.09774583132718376,0.33374150325282276,0,VOLATILE,1.0,324113959478373.7,4830010472186.461,2021-09-14,444.17,-0.02372965306076502,-0.023752166963099786
1435,1,0.032449493343575275,1,0.3337715620172693,3,2,-1.0,0.21356166872273236,0.21356166872273236,1,0,0.029867457458952543,0.021317471764245727,0.10039497640773275,0.3337715620172693,0,VOLATILE,1.0,329299670112595.94,5185705833666.177,2021-09-15,447.88,-0.022372063945699683,-0.028355809591854908
1436,-1,-0.007863775253869915,1,0.33592173360696936,3,2,-1.0,0.20781119778041238,0.20781119778041238,1,0,0.027089371968261926,0.004143919913511546,0.09374443062725782,0.33592173360696936,0,VOLATILE,1.0,298670258925310.6,30629401704837.047,2021-09-16,447.17,-0.008922781045240136,-0.010443455509090538
1437,1,0.02787192738997077,1,0.33534049768687424,3,2,-1.0,0.22993265422806317,0.22993265422806317,1,0,0.024935121328858147,0.08881770529153442,0.12125094220679751,0.33534049768687424,0,VOLATILE,1.0,274918855717640.6,23751443661328.79,2021-09-17,441.4,0.00568645219755326,0.010126869053013188
1438,1,-0.01945288274039328,0,0.34247496151168294,3,0,-1.0,0.23260122793532068,0.23260122793532068,1,0,0.03474667105742758,0.09436415483378721,0.1263702752970716,0.34247496151168294,0,VOLATILE,1.0,383094789117783.3,108175928028934.4,2021-09-20,434.04,0.01981384204220804,0.030296746843608835
1439,1,0.06289624799851487,0,0.3755045854028546,3,0,-1.0,0.29816604964109306,0.29816604964109306,1,0,0.08000834756462262,0.3197427776416175,0.21658370840208002,0.3755045854028546,0,VOLATILE,1.0,882121368901018.4,499026457843329.3,2021-09-21,433.63,0.00020755021562157694,0.039226990752484925
1440,0,-0.06552061387052033,0,0.33462338143917436,3,1,-1.0,0.2982102574763451,0.2982102574763451,1,0,0.08139293246249774,0.2878630691531771,0.20641866720522495,0.33462338143917436,0,VOLATILE,1.0,897386925091724.2,15265568488316.63,2021-09-22,437.86,-0.007787877403736432,0.033229799479285616
1441,-1,-0.05362926573011073,0,0.33422884986807233,3,1,-1.0,0.24462519958148646,0.24462519958148646,1,0,0.08043178010320871,0.08758435572841985,0.13933871194387618,0.33422884986807233,0,VOLATILE,1.0,886789867900739.8,10596945130635.893,2021-09-23,443.18,-0.03168012996976399,0.023489327135701066
1442,-1,0.04674978562667642,0,0.3382548180096313,3,0,-1.0,0.23778992731330426,0.23778992731330426,1,0,0.07514963616459344,0.07025370476752117,0.13180111364403818,0.3382548180096313,0,VOLATILE,1.0,828552294151324.9,58237565754378.11,2021-09-24,443.91,-0.02178369489310905,0.020747448807190594
1443,-1,0.0023757427635755224,0,0.3339007223040101,3,0,-1.0,0.23333039780869758,0.23333039780869758,1,0,0.07454066664815252,0.05087386686247098,0.1251381778368745,0.3339007223040101,0,VOLATILE,1.0,821838181939121.5,6714102483592.764,2021-09-27,442.64,-0.03162841135008132,0.02916591360925369
1444,1,0.03049245851431795,1,0.3341525158894836,3,2,-1.0,0.25936332681840885,0.25936332681840885,1,0,0.07541988478963284,0.14780697769651302,0.15774228749538194,0.3341525158894836,0,VOLATILE,1.0,831531884335596.9,9693659762550.863,2021-09-28,433.72,-0.001429493682560179,0.05127732177441646
1445,1,0.027072447774648678,0,0.34188425312667925,3,0,-1.0,0.3124687036027688,0.3124687036027688,1,0,0.08459744757467669,0.3435733807807157,0.22605694278513078,0.34188425312667925,0,VOLATILE,1.0,932717879216681.2,101185879156285.55,2021-09-29,434.45,0.001035792381171463,0.044861318908965275
1446,-1,-0.06697614519709122,1,0.3350618598783437,3,2,-1.0,0.2985979351900375,0.2985979351900375,1,0,0.08274224745212179,0.28829640441927684,0.20701288395713285,0.3350618598783437,0,VOLATILE,1.0,912263617611395.0,20454229758762.887,2021-09-30,429.14,0.02218390268909931,0.06799645803234378
1447,-1,0.0003191987476371949,0,0.3426772759067733,3,0,-1.0,0.28504636552494345,0.28504636552494345,1,0,0.09277093475836723,0.2331608928902508,0.19197727588287267,0.3426772759067733,0,VOLATILE,1.0,1022833572424174.6,110569981584333.22,2021-10-01,434.24,0.00833640383198242,0.05759487840825339
1448,-1,-0.036467237589843604,0,0.3340535898590336,3,0,-1.0,0.2350275582700058,0.2350275582700058,1,0,0.0919978864655726,0.039895649441224375,0.12729784530226565,0.3340535898590336,0,VOLATILE,1.0,1014310431539208.8,8523035127490.127,2021-10-04,428.64,0.014114408361328934,0.07325494587532666
1449,1,0.05951773143320921,1,0.33561070970024903,3,2,-1.0,0.24452648244827735,0.24452648244827735,1,0,0.08955361979430745,0.07912872166191944,0.13956078048540896,0.33561070970024903,0,VOLATILE,1.0,987361495238855.4,26948952326208.61,2021-10-05,433.1,0.001200646501962499,0.0664973447240822
1450,1,0.014316805952411554,0,0.3409312787426103,3,0,-1.0,0.26834221257896046,0.26834221257896046,1,0,0.08139888366668863,0.18058287256137082,0.17066058540935314,0.3409312787426103,0,VOLATILE,1.0,897452539300082.2,89909016175945.78,2021-10-06,434.9,0.0006438261669350354,0.06856748677856994
1451,-1,-0.03021799395638325,1,0.33910496528411577,3,2,-1.0,0.2619399487532603,0.2619399487532603,1,0,0.0752042911256438,0.16139924066216935,0.16220117726260436,0.33910496528411577,0,VOLATILE,1.0,829154885137472.1,68297641332208.945,2021-10-07,438.66,0.008753932430584088,0.06440067478229161
1452,-1,0.0030834638858300845,0,0.337392226314583,3,0,-1.0,0.25862114881339027,0.25862114881339027,1,0,0.07084795227441978,0.15202552551173096,0.15762449259538358,0.337392226314583,0,VOLATILE,1.0,781124651945434.5,48030231207246.35,2021-10-08,437.86,0.01829351847622518,0.07004521993331192
1453,-1,-0.029128159215910276,0,0.33543095014382,3,0,-1.0,0.22617418965760994,0.22617418965760994,1,0,0.07309928129316862,0.026627142530733623,0.11657547460796741,0.33543095014382,0,VOLATILE,1.0,805946379881526.0,24821797681609.016,2021-10-11,434.69,0.02875612505463665,0.07876877774966062
1454,1,0.038160407743159375,1,0.33693752191057613,3,2,-1.0,0.23188763824498898,0.23188763824498898,1,0,0.07696759470061466,0.045314190151026175,0.12409392828388027,0.33693752191057613,0,VOLATILE,1.0,848595953609546.5,42649562695834.28,2021-10-12,433.62,0.03925095705917614,0.0778561874452286
1455,-1,-0.01202138490001875,1,0.3346499210430205,3,2,-1.0,0.22557970193234927,0.22557970193234927,1,0,0.07838066389083445,0.01853065913774078,0.11563710767619173,0.3346499210430205,0,VOLATILE,1.0,864175559567809.0,15579620451442.832,2021-10-13,435.18,0.039592812169676916,0.06535226802702332
1456,-1,0.004888555283996621,0,0.33435067920206873,3,0,-1.0,0.2241603209037062,0.2241603209037062,1,0,0.07947256303151239,0.011891649758937278,0.11378807093014988,0.33435067920206873,0,VOLATILE,1.0,876214147965084.8,12038592177430.473,2021-10-14,442.5,0.02506214689265529,0.048067796610169466
1457,-1,0.0005541171015996382,0,0.3347515401487953,3,0,-1.0,0.22329505697666274,0.22329505697666274,1,0,0.08099469932798033,0.007425419446101315,0.1128067062580272,0.3347515401487953,0,VOLATILE,1.0,892996258761832.8,16782113142919.35,2021-10-15,445.87,0.016260344943593408,0.04799605266108942
1458,0,0.0015144274578866024,0,0.3343933156802109,3,1,-1.0,0.2239442205075059,0.2239442205075059,1,0,0.08213235980233442,0.008453453860970963,0.11352860455443511,0.3343933156802109,0,VOLATILE,1.0,905539382642391.0,12543123810191.367,2021-10-18,447.19,0.018694514635837045,0.045260403855184705
1459,-1,-0.005082997377005044,0,0.3540260911020393,3,1,-1.0,0.219510386661344,0.219510386661344,1,0,0.05992318671347326,0.02876033159309633,0.11289450610218986,0.3540260911020393,0,VOLATILE,1.0,660675105805751.0,244864288006059.25,2021-10-19,450.64,0.011805432274099026,0.041363394283685295
1460,1,0.01755456715211326,1,0.34000178489949184,3,2,-1.0,0.23263111996729538,0.23263111996729538,1,0,0.06708032047348061,0.06028771807849598,0.12578934618399218,0.34000178489949184,0,VOLATILE,1.0,739585129846505.1,78910006249612.19,2021-10-20,452.41,0.003381888110342235,0.03476934638933704
1461,-1,-0.020601869162207825,1,0.3372023540456243,3,2,-1.0,0.22514998411103893,0.22514998411103893,1,0,0.07123287079050138,0.025981335160112976,0.11573806865020478,0.3372023540456243,0,VOLATILE,1.0,785368519724943.2,45783409470369.4,2021-10-21,453.59,0.010427919486761139,0.03558279503516393
1462,1,0.019224652368706047,1,0.34032812604350743,3,2,-1.0,0.23689350062348852,0.23689350062348852,1,0,0.07874026103843013,0.06485646083228237,0.13119890729023748,0.34032812604350743,0,VOLATILE,1.0,868140249975066.8,82771709593828.05,2021-10-22,453.12,0.013528425141242861,0.034803142655367214
1463,1,-0.0035818308586195446,0,0.3339103316617725,3,0,-1.0,0.24505518627731857,0.24505518627731857,1,0,0.07935954455535191,0.09003015273092203,0.13979656576209132,0.3339103316617725,0,VOLATILE,1.0,874968077824450.1,6827813211422.78,2021-10-25,455.55,0.009856217758753116,0.026385687630336996
1464,-1,-0.012930146739181164,1,0.3371156541093316,3,2,-1.0,0.24028672519196745,0.24028672519196745,1,0,0.08341904216752695,0.07049291788434976,0.13463732001729223,0.3371156541093316,0,VOLATILE,1.0,919725527511933.4,44757460275593.92,2021-10-26,455.96,0.013027458548995563,0.026822528291955416
1465,-1,-0.009607940231298878,0,0.34246001151433036,3,0,-1.0,0.22591032387531745,0.22591032387531745,1,0,0.07362353652263258,0.030385186645555718,0.11800290772272942,0.34246001151433036,0,VOLATILE,1.0,811726486017260.6,107999019735784.45,2021-10-27,453.94,0.023747631845618455,0.03414548178173327
1466,1,0.03486692952366491,1,0.33339667424584873,3,2,-1.0,0.24640085208233237,0.24640085208233237,1,0,0.07355555722068041,0.10049514377245254,0.14135023366437766,0.33339667424584873,0,VOLATILE,1.0,810976989286978.2,749534093913.7261,2021-10-28,458.32,0.01874236341420854,0.0014182230755803715
1467,-1,-0.025250661509434058,1,0.34975706478375945,3,2,-1.0,0.24164071877991322,0.24164071877991322,1,0,0.05592825485106019,0.1125422391614339,0.13949016467083136,0.34975706478375945,0,VOLATILE,1.0,616629517183991.6,194347479101757.7,2021-10-29,459.25,0.02020685900925412,0.011649428415895446
1468,-1,0.00036670839987021364,0,0.34793786710639896,3,0,-1.0,0.2372472938773643,0.2372472938773643,1,0,0.04025346467702274,0.1103772876928927,0.13354358412330514,0.34793786710639896,0,VOLATILE,1.0,443809207973255.2,172820307663892.44,2021-11-01,460.04,0.019324406573341335,-0.009738283627510724
1469,-1,-0.007833449246644919,0,0.34791630101991533,3,0,-1.0,0.22502041972817044,0.22502041972817044,1,0,0.024601819763026406,0.08016197998254924,0.11825459991519188,0.34791630101991533,0,VOLATILE,1.0,271244083741243.1,172565108986610.1,2021-11-02,461.9,0.011864039835462359,-0.02468066681099801
1470,-1,-0.0053374094861048105,0,0.3354074619816685,3,0,-1.0,0.20745613609287178,0.20745613609287178,1,0,0.022375690192966206,0.007140416641554287,0.09317203561150683,0.3354074619816685,0,VOLATILE,1.0,246700188966932.84,24543854443395.867,2021-11-03,464.72,-0.0023670166982269203,-0.015751420210019074
1471,-1,0.014093186824580328,0,0.34428278848900634,3,0,-1.0,0.20398503928215345,0.20398503928215345,1,0,0.0106238322499379,0.01253215642489219,0.09105199622494337,0.34428278848900634,0,VOLATILE,1.0,117131646041316.53,129568546189762.34,2021-11-04,466.91,-0.006725064787646562,-0.028892077702340924
1472,1,0.009571199410534692,1,0.3338767494178002,3,2,-1.0,0.2100851418819698,0.2100851418819698,1,0,0.010040593900015679,0.02818625022072123,0.0960756147069123,0.3338767494178002,0,VOLATILE,1.0,110701229374937.92,6430423344309.123,2021-11-05,468.53,-0.0026892621603739064,-0.02078842336669995
1473,1,0.007529377577062318,0,0.3341482729293388,3,0,-1.0,0.22371462205884848,0.22371462205884848,1,0,0.009165936198426188,0.0803751012192598,0.11318034580589532,0.3341482729293388,0,VOLATILE,1.0,101057807500454.69,9643451403351.092,2021-11-08,468.93,-0.0031987716716780357,-0.0013861343910606116
1474,-1,-0.018977591962093615,1,0.3333673938683776,3,2,-1.0,0.21836651027363355,0.21836651027363355,1,0,0.009202491834042007,0.05969746709336701,0.10629998630913634,0.3333673938683776,0,VOLATILE,1.0,101460846787129.47,403049644515.4137,2021-11-09,467.38,0.004065214600539102,0.004578715392186128
1475,-1,-0.0008208914823603086,0,0.33400126340142294,3,0,-1.0,0.2121975070060583,0.2121975070060583,1,0,0.008485612893765744,0.03775598593002,0.09874719960792858,0.33400126340142294,0,VOLATILE,1.0,93556993609533.95,7903838743425.252,2021-11-10,463.62,0.009749363703032587,0.005888443121522036
1476,1,0.03197501390548843,1,0.333769784837751,3,2,-1.0,0.23800351764397149,0.23800351764397149,1,0,0.00801718194104907,0.13482334785215716,0.13094684326440206,0.333769784837751,0,VOLATILE,1.0,88392370594263.1,5164675877085.439,2021-11-11,463.77,0.01285119779200894,0.015029001444681667
1477,1,-0.018561028685153663,0,0.33426464461144206,3,0,-1.0,0.245248499596731,0.245248499596731,1,0,0.009016743516024862,0.16136361343029806,0.1401267856487743,0.33426464461144206,0,VOLATILE,1.0,99412903471864.75,11020516239308.717,2021-11-12,467.27,0.003466946305134,-0.0014980632182677311
1478,-1,-0.02902157678480749,1,0.333918357705845,3,2,-1.0,0.22347190476468307,0.22347190476468307,1,0,0.008388843118333699,0.08006956802861154,0.11281947038231507,0.333918357705845,0,VOLATILE,1.0,92490071352410.56,6922788061526.602,2021-11-15,467.43,0.00029951008707174154,-0.008707186102731912
1479,-1,0.0077332398183713735,0,0.3334421389706455,3,0,-1.0,0.2094285497510065,0.2094285497510065,1,0,0.008272061316743845,0.027166604477514587,0.09514622193141947,0.3334421389706455,0,VOLATILE,1.0,91202509169002.6,1287533310411.965,2021-11-16,469.28,-0.002322707125809731,0.0028128196385954762
1480,-1,0.009108454378282338,0,0.3334196606393278,3,0,-1.0,0.20449364911561227,0.20449364911561227,1,0,0.008179406817105215,0.008736522845936586,0.08897197655434726,0.3334196606393278,0,VOLATILE,1.0,90180959336467.28,1021539736467.4465,2021-11-17,468.14,0.0027769470671166196,-0.003610031187251672
1481,0,0.00507400512877082,0,0.3334014699094802,3,1,-1.0,0.20463275360898886,0.20463275360898886,1,0,0.008252536610764425,0.009171391855054008,0.08914130948860614,0.3334014699094802,0,VOLATILE,1.0,90987242126372.52,806282777379.2039,2021-11-18,469.73,-0.02290677623315518,-0.02099078193856052
1482,0,0.0004072993147366255,0,0.333935520442955,3,0,-1.0,0.20517915741710208,0.20517915741710208,1,0,0.0076062199188294405,0.0122672607275196,0.08995782688211634,0.333935520442955,0,VOLATILE,1.0,83861363610099.28,7125880440495.456,2021-11-19,468.89,-0.009149267418797513,-0.02966580647913153
1483,1,0.003814016768277473,0,0.33338858181977965,3,1,-1.0,0.20953957799349276,0.20953957799349276,1,0,0.007546923481220866,0.028267930359211754,0.09527161794681087,0.33338858181977965,0,VOLATILE,1.0,83207598642987.8,653773723556.122,2021-11-22,467.57,-0.025685993541074037,-0.009645614560386706
1484,1,0.0030191282664837338,0,0.33438832398359963,3,0,-1.0,0.2169191268363672,0.2169191268363672,1,0,0.008679227809401995,0.05555874081467464,0.10474598954135887,0.33438832398359963,0,VOLATILE,1.0,95691669048028.12,12484055403247.963,2021-11-23,468.19,-0.03778380571990003,-0.0010679425019757272
1485,-1,-0.015117281955255385,1,0.3346460533128206,3,2,-1.0,0.20918139372398623,0.20918139372398623,1,0,0.010088145495379576,0.025326620954184274,0.09513825548318794,0.3346460533128206,0,VOLATILE,1.0,111225503149770.6,15533852313035.045,2021-11-24,469.44,-0.025647580095432887,0.002471029311520212
1486,1,0.03925944111873558,1,0.3343535154789664,3,2,-1.0,0.24070310173034085,0.24070310173034085,1,0,0.008993207442715282,0.1444085606552878,0.13446725603266768,0.3343535154789664,0,VOLATILE,1.0,99153409633554.53,12072154785706.053,2021-11-26,458.97,-0.012092293613961691,0.03985009913501969
1487,1,-0.005977443256761611,0,0.34629563816216197,3,0,-1.0,0.26624736647993386,0.26624736647993386,1,0,0.022905426888823844,0.23524392603254957,0.1693831176404578,0.34629563816216197,0,VOLATILE,1.0,252540730279570.4,153387266129830.7,2021-11-29,464.6,-0.012505380972879898,0.026409814894532868
1488,-1,-0.026786601104122815,1,0.33595736251649955,3,2,-1.0,0.26500503012540405,0.26500503012540405,1,0,0.025721750230609783,0.22001513462703007,0.16524562828587994,0.33595736251649955,0,VOLATILE,1.0,283591727796017.1,31051010446506.438,2021-11-30,455.56,0.02792167881288954,0.04811660374045146
1489,1,0.014357438288407687,1,0.36434745615823705,3,2,-1.0,0.27812013205928193,0.27812013205928193,1,0,0.05900866679886821,0.25720242054211667,0.1887370291136616,0.36434745615823705,0,VOLATILE,1.0,650592188416324.0,367000435057401.75,2021-12-01,450.5,0.04221975582685911,0.05695893451720324
1490,-1,-0.06066963513616713,1,0.35046915150994357,3,2,-1.0,0.2305655988569927,0.2305655988569927,1,0,0.07740022971992622,0.050072629626254084,0.12582428644872676,0.35046915150994357,0,VOLATILE,1.0,853365913333578.9,202773838273145.25,2021-12-02,457.4,0.019567118495846136,0.0383909051158724
1491,1,0.04852537610096688,1,0.3458220274730413,3,2,-1.0,0.23153644175567037,0.23153644175567037,1,0,0.09080412545533777,0.03682405173320702,0.12587605906284827,0.3458220274730413,0,VOLATILE,1.0,1001148778679943.4,147782873255770.97,2021-12-03,453.42,0.038198579683295764,0.05357064090688546
1492,1,0.023071525474859716,0,0.3481093925379105,3,0,-1.0,0.25557881012920775,0.25557881012920775,1,0,0.1066630142058301,0.11283956818213176,0.1565008607959873,0.3481093925379105,0,VOLATILE,1.0,1175998842200302.8,174850025168512.62,2021-12-06,458.79,0.016957649469256042,0.04089016761481279
1493,1,-0.015412520790322098,0,0.3348104826951247,3,0,-1.0,0.264208657712423,0.264208657712423,1,0,0.1082484141200589,0.13364191432287106,0.16396344281430997,0.3348104826951247,0,VOLATILE,1.0,1193478457580004.0,17479599906236.72,2021-12-07,468.28,-0.010506534551977365,0.00021354745024360078
1494,-1,-0.0329440010009982,1,0.3357397340500237,3,2,-1.0,0.2398945042946401,0.2398945042946401,1,0,0.1056656618906267,0.04574352975179148,0.13380306388080604,0.3357397340500237,0,VOLATILE,1.0,1165002667221770.5,28475740388783.848,2021-12-08,469.52,0.002300221502811395,-0.003365138865224049
1495,1,0.028489540657891166,1,0.3367591194452447,3,2,-1.0,0.24406989153474834,0.24406989153474834,1,0,0.10198882683563364,0.06584260600360624,0.1392771442797466,0.3367591194452447,0,VOLATILE,1.0,1124464212539725.8,40538466961752.25,2021-12-09,466.35,0.00021443122118580682,-0.000557521175083231
1496,1,-0.0020185119494441905,0,0.3344285534169633,3,0,-1.0,0.2462267668254124,0.2462267668254124,1,0,0.10316430755669373,0.07100748310132526,0.14139059688600633,0.3344285534169633,0,VOLATILE,1.0,1137424318507928.2,12960103674222.512,2021-12-10,470.74,-0.02309130305476481,-0.011110166971151858
1497,-1,-0.01467054276912566,1,0.3426617136984681,3,2,-1.0,0.23371309934695078,0.23371309934695078,1,0,0.09315231896104874,0.040268088863867874,0.12780680260830551,0.3426617136984681,0,VOLATILE,1.0,1027038473102505.8,110385828795272.72,2021-12-13,466.57,-0.024840859892406253,0.00681569753734701
1498,-1,0.007997220206329009,0,0.3372160761971514,3,0,-1.0,0.22919665207481818,0.22919665207481818,1,0,0.0889850382499533,0.023414464178478398,0.12079983414281056,0.3372160761971514,0,VOLATILE,1.0,981092675228138.0,45945788255311.26,2021-12-14,463.36,-0.000647444751381232,0.016531422651933525
1499,1,0.005712071669020907,1,0.33928177925901903,3,2,-1.0,0.2303922764717065,0.2303922764717065,1,0,0.08260067626314034,0.03583169495002331,0.12281079040438787,0.33928177925901903,0,VOLATILE,1.0,910702743342364.6,70389939930498.97,2021-12-15,470.6,-0.006183595410114817,-0.012898427539311585
1500,1,0.007974206161633579,0,0.33689871279793426,3,0,-1.0,0.23956210703022837,0.23956210703022837,1,0,0.07877401880735382,0.07225791715445332,0.13367731198726904,0.33689871279793426,0,VOLATILE,1.0,868512441755555.2,42190321552559.734,2021-12-16,466.45,0.008896987887233365,-0.0037088648300995786
1501,-1,-0.01963604847534603,1,0.33930496253556597,3,2,-1.0,0.2290958891134042,0.2290958891134042,1,0,0.07236477208428015,0.041223533992660044,0.12119610202564672,0.33930496253556597,0,VOLATILE,1.0,797848146527915.2,70664275355905.64,2021-12-17,459.87,0.03781503468371494,-0.00734990323352247
1502,1,0.032944117806005174,1,0.33563926253208604,3,2,-1.0,0.2515737890025852,0.2515737890025852,1,0,0.06988986296026767,0.1252412926984914,0.148377051886253,0.33563926253208604,0,VOLATILE,1.0,770561365950224.1,27286827486034.098,2021-12-20,454.98,0.04811200492329326,-0.007099213152226502
1503,-1,-0.04000856212325579,1,0.3406952510218129,3,2,-1.0,0.2340431267685104,0.2340431267685104,1,0,0.061988443125227166,0.07119472052304654,0.12772772121609122,0.3406952510218129,0,VOLATILE,1.0,683445315021689.2,87116021619650.0,2021-12-21,463.06,0.031140672914957035,-0.035222217423228064
1504,1,0.031247189705723377,1,0.3340726506216522,3,2,-1.0,0.247759654240159,0.247759654240159,1,0,0.06278194180375965,0.11687124956307582,0.1432177304556118,0.3340726506216522,0,VOLATILE,1.0,692193928908044.9,8748587473852.752,2021-12-22,467.69,0.018110286728388436,-0.0635249844982787
1505,-1,-0.03491994160626205,1,0.3374955126227998,3,2,-1.0,0.22655624010554556,0.22655624010554556,1,0,0.0672491318352243,0.03545840302767139,0.11756917828763189,0.3374955126227998,0,VOLATILE,1.0,741446337008509.1,49252452459965.6,2021-12-23,470.6,0.009264768380790489,-0.06536336591585223
1506,-1,0.015307613554464639,0,0.3352021672909092,3,0,-1.0,0.22066043952539677,0.22066043952539677,1,0,0.06925491727522738,0.009623356413192426,0.10962609122947325,0.3352021672909092,0,VOLATILE,1.0,763560856954420.4,22114534057679.59,2021-12-27,477.26,0.0009428822863848385,-0.0896576289653438
1507,1,0.009930671347848669,1,0.33979443447109403,3,2,-1.0,0.22469531029309664,0.22469531029309664,1,0,0.07618950429598287,0.021263735156450084,0.11581774648414431,0.33979443447109403,0,VOLATILE,1.0,840017221592763.4,76456359636391.36,2021-12-28,476.87,0.0014259651477341873,-0.09119885922788185
1508,1,0.005374059795215103,0,0.34298290211106214,3,0,-1.0,0.23410424085601161,0.23410424085601161,1,0,0.08654621873028595,0.048581861063054364,0.1283760265977801,0.34298290211106214,0,VOLATILE,1.0,954203795771480.6,114186558154052.81,2021-12-29,477.48,-0.019058389880204474,-0.09684175253413763
1509,-1,-0.017199834465379538,1,0.34033028595935255,3,2,-1.0,0.22631333695354705,0.22631333695354705,1,0,0.07903651100729153,0.024886217038024273,0.11797424268177192,0.34033028595935255,0,VOLATILE,1.0,871406514508999.8,82797268596715.56,2021-12-30,476.16,-0.017263104838709742,-0.07184559811827962
1510,-1,0.006173217364337069,0,0.336893027905521,3,0,-1.0,0.22469565041541956,0.22469565041541956,1,0,0.07521595289835388,0.020062507088610366,0.11509281999565474,0.336893027905521,0,VOLATILE,1.0,829283460457672.6,42123050329036.695,2021-12-31,474.96,-0.018675256863735945,-0.0527412834765032
1511,-1,0.0004145589113849768,0,0.33938624988139704,3,0,-1.0,0.22349252278867704,0.22349252278867704,1,0,0.06871946391931291,0.02391718394927389,0.1142122159561956,0.33938624988139704,0,VOLATILE,1.0,757657287368504.2,71626175566757.27,2022-01-03,477.71,-0.025538506625358504,-0.05183060852818655
1512,-1,-0.0021658680394484042,0,0.34602053221739903,3,0,-1.0,0.22012352712248612,0.22012352712248612,1,0,0.0551025161644739,0.02987610970789836,0.11165954195745742,0.34602053221739903,0,VOLATILE,1.0,607525445387261.9,150131845946423.53,2022-01-04,477.55,-0.016333368233692802,-0.042299235682127456
1513,1,0.01731067035265113,1,0.3346505654989711,3,2,-1.0,0.23406520180894633,0.23406520180894633,1,0,0.053688755789382925,0.07504367511839415,0.12624414363592568,0.3346505654989711,0,VOLATILE,1.0,591938218862354.9,15587246513142.7,2022-01-05,468.38,0.005636449037106583,-0.046500704556129535
1514,1,0.007814654032317125,0,0.3349408695700468,3,0,-1.0,0.25582153052772366,0.25582153052772366,1,0,0.055414100606061965,0.1551222910504369,0.15351213055216628,0.3349408695700468,0,VOLATILE,1.0,610960778105762.6,19022511182249.34,2022-01-06,467.94,-0.007287259050305694,-0.04111638244219351
1515,-1,-0.04644119585675596,1,0.3333389371422461,3,2,-1.0,0.23113666338974506,0.23113666338974506,1,0,0.05540808153077077,0.061358609037457906,0.12225556352274289,0.3333389371422461,0,VOLATILE,1.0,610894415593637.2,66311735481.805214,2022-01-07,466.09,-0.002939346478147864,-0.04039992276169835
1516,1,0.028335722961323778,1,0.33481677747904376,3,2,-1.0,0.23478751921309024,0.23478751921309024,1,0,0.05381592731356712,0.07774985284480407,0.12718859338612373,0.33481677747904376,0,VOLATILE,1.0,593340331547009.2,17554088178883.697,2022-01-10,465.51,-0.019376597710038412,-0.03129900539193575
1517,1,0.03309210085771311,0,0.3390588692673941,3,0,-1.0,0.2715304758941485,0.2715304758941485,1,0,0.05996105152074786,0.2125723850328548,0.1741778121845342,0.3390588692673941,0,VOLATILE,1.0,661092579190003.4,67752171828306.766,2022-01-11,469.75,-0.0383182543906333,-0.025992549228312845
1518,-1,-0.051631839787537354,1,0.3335502360805618,3,2,-1.0,0.25664159278766946,0.25664159278766946,1,0,0.060193846702658066,0.15237480331152375,0.15418955000472728,0.3335502360805618,0,VOLATILE,1.0,663659231430562.8,2566682380391.7686,2022-01-12,471.02,-0.05152647445968317,-0.04607023056345805
1519,-1,-0.006607476712486626,0,0.3334800994888739,3,0,-1.0,0.23514523296870377,0.23514523296870377,1,0,0.06003632094756768,0.07186837730172684,0.12730156608309817,0.3334800994888739,0,VOLATILE,1.0,661922452220052.8,1736732753629.5366,2022-01-13,464.53,-0.057154543301831895,-0.05181581383333689
1520,-1,0.020550769408993252,0,0.33845789030028745,3,0,-1.0,0.23419964255873132,0.23419964255873132,1,0,0.05453622429979042,0.07755585302066775,0.12736402577348604,0.33845789030028745,0,VOLATILE,1.0,601281869934480.2,60640587740189.92,2022-01-14,464.72,-0.05353761404716828,-0.05530211740402835
1521,-1,-0.014076901267524533,0,0.3380382840148117,3,0,-1.0,0.21917715088123435,0.21917715088123435,1,0,0.04948648064726854,0.025956548168469144,0.10848100960524588,0.3380382840148117,0,VOLATILE,1.0,545606594554446.3,55675246943938.95,2022-01-18,456.49,-0.04823763937873771,-0.022760630024754036
1522,1,0.018176325472379573,1,0.34304626521706155,3,2,-1.0,0.22233098467611695,0.22233098467611695,1,0,0.039061762470500826,0.05196412897773396,0.11367529714941159,0.34304626521706155,0,VOLATILE,1.0,430670254179835.1,114936354870846.67,2022-01-19,451.75,-0.040664084117321586,-0.011400110680686137
1523,-1,-0.007264372755285353,1,0.33390983150060116,3,2,-1.0,0.2182204457157142,0.2182204457157142,1,0,0.03968050653711349,0.029078538522265728,0.10625301501979306,0.33390983150060116,0,VOLATILE,1.0,437492134391757.94,6821894637858.172,2022-01-20,446.75,-0.03471740346950192,-0.02168998321208726
1524,1,0.03884136113055975,1,0.3409608459968277,3,2,-1.0,0.2529512678858712,0.2529512678858712,1,0,0.04786698811544548,0.15642090095419225,0.1514292963565459,0.3409608459968277,0,VOLATILE,1.0,527751095564883.2,90258895333337.88,2022-01-21,437.98,0.009064340837481089,-0.008562034796109397
1525,1,-0.014890519993911222,0,0.3899874762364008,3,0,-1.0,0.27279157006211696,0.27279157006211696,1,0,0.10867288905295751,0.20678610585728188,0.18848633163674644,0.3899874762364008,0,VOLATILE,1.0,1198158449359240.0,670407324128294.1,2022-01-24,439.84,0.02289468897781033,-0.023349399781738778
1526,1,0.03829499858120711,0,0.436318917151065,3,0,-1.0,0.33092687081956984,0.33092687081956984,1,0,0.21920551733100424,0.3490094361056816,0.27273831781222857,0.436318917151065,0,VOLATILE,1.0,2416821205593579.5,1218662680841606.2,2022-01-25,434.47,0.042534582364720075,-0.028816719221120057
1527,1,-0.03827624024516463,0,0.34499611796160645,3,0,-1.0,0.3507859313318581,0.3507859313318581,1,0,0.23172297980755727,0.34247135115811544,0.27473144365522423,0.34499611796160645,0,VOLATILE,1.0,2554830819228776.0,138009611193003.42,2022-01-26,433.38,0.05530942821542295,-0.011721814573815048
1528,-1,-0.0706681666949473,1,0.34577673438981893,3,2,-1.0,0.29997682514919904,0.29997682514919904,1,0,0.2450782536401029,0.13916739146175766,0.2114152150339535,0.34577673438981893,0,VOLATILE,1.0,2702077610267644.0,147246905131134.7,2022-01-27,431.24,0.03561821723402292,0.015096002226138605
1529,1,0.05512101242513989,1,0.3413287959443794,3,2,-1.0,0.3042887313916799,0.3042887313916799,1,0,0.23649686510348586,0.16058247457359814,0.21569311322569468,0.3413287959443794,0,VOLATILE,1.0,2607464655077212.0,94612969494751.81,2022-01-28,441.95,0.015273220952596533,-0.012037560810046366
1530,-1,-0.028405054420948928,1,0.34009322294192246,3,2,-1.0,0.2801955832132118,0.2801955832132118,1,0,0.22924158991538432,0.07656176434060176,0.18526778475199535,0.34009322294192246,0,VOLATILE,1.0,2527472585805785.0,79992023030879.7,2022-01-31,449.91,-0.005890066902269453,-0.04429774843857659
1531,-1,0.014462376018596235,0,0.34317382485477904,3,0,-1.0,0.27056481105333996,0.27056481105333996,1,0,0.21867996178847215,0.05331844830263708,0.17399947003036975,0.34317382485477904,0,VOLATILE,1.0,2411026763029477.5,116445810508279.95,2022-02-01,452.95,-0.00443757589137872,-0.033248702947345166
1532,1,0.017191300279970123,1,0.34513135824154584,3,2,-1.0,0.27812533917343824,0.27812533917343824,1,0,0.206017350625623,0.09580118995592966,0.1839395135271842,0.34513135824154584,0,VOLATILE,1.0,2271416831905580.0,139609954425512.67,2022-02-02,457.35,0.00041543675522026646,-0.04731605991035326
1533,-1,-0.03118023774145412,1,0.3464899356400419,3,2,-1.0,0.2545056295520824,0.2545056295520824,1,0,0.19189659640660914,0.02236696614373128,0.1547545208501135,0.3464899356400419,0,VOLATILE,1.0,2115730338923951.0,155686452836321.66,2022-02-03,446.6,0.0060904612628749355,-0.0323107926556202
1534,-1,0.019731433156885025,0,0.3354064295299206,3,0,-1.0,0.25061735308761157,0.25061735308761157,1,0,0.18967157757699596,0.0016983186489878475,0.1471232987419946,0.3354064295299206,0,VOLATILE,1.0,2091198690470349.2,24531637098324.08,2022-02-04,448.7,-0.01836416313795408,-0.06523289503008689
1535,1,0.019678083060222007,1,0.3407942769245865,3,2,-1.0,0.26640715968336276,0.26640715968336276,1,0,0.18166388071380926,0.0729586757922411,0.16820751883535012,0.3407942769245865,0,VOLATILE,1.0,2002910896337452.5,88287828077148.36,2022-02-07,447.26,-0.01842328846755803,-0.06933327371104059
1536,1,-0.002331783708382329,0,0.33358476887495997,3,0,-1.0,0.2798651825707316,0.2798651825707316,1,0,0.18193374476237542,0.11774926653408828,0.18322767043215454,0.33358476887495997,0,VOLATILE,1.0,2005886246425093.0,2975320426982.2183,2022-02-08,450.94,-0.010733135228633506,-0.05217989089457575
1537,-1,-0.03439255953291742,1,0.3431245701046642,3,2,-1.0,0.25893064592518306,0.25893064592518306,1,0,0.19244250334444044,0.035890846453494045,0.15944444993264484,0.3431245701046642,0,VOLATILE,1.0,2121749163083559.8,115862962661095.81,2022-02-09,457.54,-0.023910477772435157,-0.07007037636053681
1538,1,0.03394181639487964,1,0.3405117215468393,3,2,-1.0,0.27193792567451414,0.27193792567451414,1,0,0.18473806776692564,0.09041294467263195,0.17505033747985252,0.3405117215468393,0,VOLATILE,1.0,2036804935823301.0,84944256274505.7,2022-02-10,449.32,-0.027285676132822956,-0.06509837087153925
1539,1,-0.004087564065591187,0,0.35067931542614855,3,0,-1.0,0.28085764135825403,0.28085764135825403,1,0,0.16612093243842987,0.150104709224634,0.18874188055435462,0.35067931542614855,0,VOLATILE,1.0,1831544192402451.0,205260777823751.16,2022-02-11,440.46,-0.014144303682513626,-0.05326249829723462
1540,-1,-0.020139557232285332,1,0.34032569834770643,3,2,-1.0,0.2696377998097086,0.2696377998097086,1,0,0.1586161473557335,0.10776987569145342,0.17212867434906232,0.34032569834770643,0,VOLATILE,1.0,1748801185054261.8,82742981861620.88,2022-02-14,439.02,-0.021525215252152452,-0.0292697371418158
1541,-1,-0.001028166871889169,0,0.3398205909918509,3,0,-1.0,0.257389791389274,0.257389791389274,1,0,0.1516534854505782,0.06842367550308745,0.1566923869845552,0.3398205909918509,0,VOLATILE,1.0,1672035284521073.2,76765878449854.4,2022-02-15,446.1,-0.05413584398117022,-0.02349249047298818
1542,1,0.027491467496582933,1,0.3402602845430799,3,2,-1.0,0.2726332504654223,0.2726332504654223,1,0,0.15908806350301402,0.11848183914962955,0.17585663421754782,0.3402602845430799,0,VOLATILE,1.0,1754004233617530.0,81968918545620.11,2022-02-16,446.6,-0.040976265114196164,-0.012382445141065901
1543,-1,-0.031642222766895656,1,0.34154133231216605,3,2,-1.0,0.256234486774675,0.256234486774675,1,0,0.16789756127426816,0.04913776336488751,0.15567844154638522,0.34154133231216605,0,VOLATILE,1.0,1851132176761619.0,97127983054335.27,2022-02-17,437.06,0.0015787306090697673,0.01706859470095634
1544,1,0.020114493152212143,1,0.33730014244608214,3,2,-1.0,0.2599502162361398,0.2599502162361398,1,0,0.17215506843339448,0.05563334928669133,0.15926280590669528,0.33730014244608214,0,VOLATILE,1.0,1898072754309242.5,46940572151197.19,2022-02-18,434.23,0.005527024848582585,0.023397738525666067
1545,1,0.0061624507878228485,0,0.3533696853783558,3,0,-1.0,0.26982839648542745,0.26982839648542745,1,0,0.1506504065899526,0.12623334426416716,0.17562791695137325,0.3533696853783558,0,VOLATILE,1.0,1660975972279484.5,237096820664613.75,2022-02-22,429.57,0.0009544428149079742,0.046604744279162835
1546,-1,-0.05887460316784493,1,0.3982687711587461,3,2,-1.0,0.22083197356687018,0.22083197356687018,1,0,0.0809563356802252,0.04586514356459755,0.12560715974827424,0.3982687711587461,0,VOLATILE,1.0,892573285478370.6,768402642470779.5,2022-02-23,421.95,0.03777698779476246,0.05178338665718685
1547,1,0.08957840851337195,1,0.3410898056047883,3,2,-1.0,0.26141395916168486,0.26141395916168486,1,0,0.07263145512798226,0.16348824593192735,0.16203990035330318,0.3410898056047883,0,VOLATILE,1.0,800788424870536.9,91784917284485.28,2022-02-24,428.3,0.017300957272939455,0.05180947933691327
1548,1,0.04558118626282909,0,0.35102624610457556,3,0,-1.0,0.34757713101932863,0.34757713101932863,1,0,0.09162096392789902,0.47506296197301484,0.2722279753003046,0.35102624610457556,0,VOLATILE,1.0,1010154722353567.8,209366123979639.7,2022-02-25,437.75,-0.012747001713306672,0.03412906910336955
1549,-1,-0.10918537408798878,1,0.33610368947937835,3,2,-1.0,0.3245549287889836,0.3245549287889836,1,0,0.08864758500667355,0.3805111650615488,0.23971958335607413,0.33610368947937835,0,VOLATILE,1.0,977372129485563.0,32782546087232.043,2022-02-28,436.63,-0.03939262075441452,0.04415637954332041
1550,-1,-0.05330441126989749,0,0.3384358887034309,3,0,-1.0,0.24822831528874115,0.24822831528874115,1,0,0.08317108794812732,0.10151201091222517,0.14489436628678415,0.3384358887034309,0,VOLATILE,1.0,916991741324624.2,60380235523753.27,2022-03-01,429.98,-0.03193171775431425,0.07342201962882
1551,-1,0.058756807975003156,0,0.3361278438527246,3,0,-1.0,0.23065850976350183,0.23065850976350183,1,0,0.08017178559455747,0.036893508908117933,0.12235509816755846,0.3361278438527246,0,VOLATILE,1.0,883923333109567.5,33068372824188.305,2022-03-02,437.89,-0.023932951197789265,0.04752335061316759
1552,1,0.022295334794696114,1,0.3333893139382692,3,2,-1.0,0.23538403903295863,0.23538403903295863,1,0,0.08023186930689705,0.05250026252039978,0.1275773772757656,0.3333893139382692,0,VOLATILE,1.0,884585778069261.8,662437125248.7349,2022-03-03,435.71,-0.023478919464781534,0.03656101535424949
1553,1,-0.0023780219873923703,0,0.33431524139328817,3,0,-1.0,0.23773154631502305,0.23773154631502305,1,0,0.08128573447755362,0.06094399524874892,0.13074324324210085,0.33431524139328817,0,VOLATILE,1.0,896205028000974.4,11619244794517.508,2022-03-04,432.17,-0.02799824143276952,0.0480135132008237
1554,-1,-0.006652678062426032,1,0.33349253859057937,3,2,-1.0,0.23342637553466145,0.23342637553466145,1,0,0.08145660585271072,0.04401170634520425,0.12515610406597166,0.33349253859057937,0,VOLATILE,1.0,898088947566215.2,1883928783109.6455,2022-03-07,419.43,-0.005793576997353611,0.08909710797987747
1555,1,0.007016554459331137,1,0.3344758739448816,3,2,-1.0,0.23613775921363098,0.23613775921363098,1,0,0.0826828749364409,0.053690627573336494,0.12879116750325914,0.3344758739448816,0,VOLATILE,1.0,911609013855640.4,13520063226559.182,2022-03-08,416.25,0.023831831831831796,0.08355555555555538
1556,1,0.03444723647344383,0,0.33394933642999675,3,0,-1.0,0.27329637936604434,0.27329637936604434,1,0,0.08334402703101386,0.19197939791415006,0.17510780831505462,0.33394933642999675,0,VOLATILE,1.0,918898458125757.4,7289369612306.243,2022-03-09,427.41,0.01920872230411086,0.04471116726328339
1557,-1,-0.056427128404125254,1,0.3417312549595663,3,2,-1.0,0.25402787111433245,0.25402787111433245,1,0,0.07433068236315553,0.13457227553526596,0.15296765263280715,0.3417312549595663,0,VOLATILE,1.0,819523028201198.8,99375400936074.34,2022-03-10,425.48,0.0366409701983641,0.054738178057722964
1558,-1,0.00808139164506827,0,0.3337338340132402,3,0,-1.0,0.24284075450768886,0.24284075450768886,1,0,0.07390082975196353,0.0870523751617998,0.1369844016379211,0.3337338340132402,0,VOLATILE,1.0,814783745546922.0,4739257808335.45,2022-03-11,420.07,0.05820458495012737,0.06546527959625781
1559,-1,-0.01009391779187474,0,0.336568404260735,3,0,-1.0,0.2215597201091705,0.2215597201091705,1,0,0.0773729706240275,0.005902282980913156,0.11109175120164688,0.336568404260735,0,VOLATILE,1.0,853065371806086.8,38281670724686.68,2022-03-14,417.0,0.06568345323740998,0.05496402877697837
1560,1,0.02609388625371878,1,0.33359653384194743,3,2,-1.0,0.2263725719643709,0.2263725719643709,1,0,0.07709048279097462,0.02200406245687695,0.11636484841595052,0.33359653384194743,0,VOLATILE,1.0,849950839865663.8,3114539196031.9023,2022-03-15,426.17,0.054954595583921906,0.02843935518689733
1561,1,0.008959724788649481,0,0.3343917169160698,3,0,-1.0,0.2401451486082208,0.2401451486082208,1,0,0.07822642989531212,0.07311166507256821,0.13377936498929344,0.3343917169160698,0,VOLATILE,1.0,862475073213540.2,12524205102134.535,2022-03-16,435.62,0.018777833891924223,0.017653000321381063
1562,1,0.024960536504887693,0,0.3363084999616479,3,0,-1.0,0.2788782617569584,0.2788782617569584,1,0,0.07503324306540697,0.22299161349442312,0.18267495218661,0.3363084999616479,0,VOLATILE,1.0,827269017554441.4,35206136672772.75,2022-03-17,441.07,0.021357154193212047,-0.007436461332668176
1563,-1,-0.056942249542792894,1,0.33802151017649484,3,2,-1.0,0.2606691253629031,0.2606691253629031,1,0,0.07000150219930934,0.16102385054394855,0.16034178424775264,0.33802151017649484,0,VOLATILE,1.0,771792229495893.1,55476756533792.445,2022-03-18,444.52,0.018379375506164086,-0.014734995050841304
1564,-1,-0.010825465215478225,0,0.33406401809468333,3,0,-1.0,0.2316345237533696,0.2316345237533696,1,0,0.06921726535199237,0.04996021229415606,0.1230591592153828,0.33406401809468333,0,VOLATILE,1.0,763145730694763.5,8646435909834.923,2022-03-21,444.39,0.025923175589009695,0.001462679178199311
1565,-1,0.02781765063443753,0,0.3385585621328411,3,0,-1.0,0.23041757277827363,0.23041757277827363,1,0,0.07482541153146577,0.04315940798669114,0.12266160650605229,0.3385585621328411,0,VOLATILE,1.0,824977598686267.2,61831871032443.85,2022-03-22,449.59,0.026602015169376658,-0.010854333948708828
1566,1,0.007283682799778757,1,0.3428265429788731,3,2,-1.0,0.2364843046029564,0.2364843046029564,1,0,0.08501430789355682,0.058921741601684556,0.13131201649841379,0.3428265429788731,0,VOLATILE,1.0,937313917084280.6,112336308515765.34,2022-03-23,443.8,0.03357368183866605,-0.012933753943217718
1567,-1,-0.006860863650000548,1,0.33941096691695194,3,2,-1.0,0.23569017277763865,0.23569017277763865,1,0,0.09153732473860843,0.04685904836525049,0.1294654577012863,0.33941096691695194,0,VOLATILE,1.0,1009232569623301.8,71918660472849.69,2022-03-24,450.49,0.002552775866278889,-0.054274234722191395
1568,-1,-0.005124795606059274,0,0.36468683032481974,3,0,-1.0,0.22977124534626162,0.22977124534626162,1,0,0.057886167733692574,0.0772711250584033,0.12838576426403195,0.36468683032481974,0,VOLATILE,1.0,638216224631256.8,371016362494275.2,2022-03-25,452.69,0.0005080739578962046,-0.05341403609534123
1569,1,0.008296204072571423,1,0.33717651555635303,3,2,-1.0,0.232148521987456,0.232148521987456,1,0,0.062010987064470655,0.0614283570557541,0.12447978137340825,0.33717651555635303,0,VOLATILE,1.0,683693870218130.8,45477654029297.47,2022-03-28,455.91,0.0019521396766906118,-0.08731986576297956
1570,1,-0.0002852217937287238,0,0.333653155606544,3,0,-1.0,0.23424057683492167,0.23424057683492167,1,0,0.06166772759798506,0.06697430223787919,0.12621400994528809,0.333653155606544,0,VOLATILE,1.0,679909308735718.8,3784563376886.174,2022-03-29,461.55,-0.02279276351424553,-0.09593760155996112
1571,1,-0.0007200956601872976,0,0.33714532943976805,3,0,-1.0,0.23561253602220003,0.23561253602220003,1,0,0.0575763797231859,0.07882962743989026,0.12880200238769204,0.33714532943976805,0,VOLATILE,1.0,634800698224133.4,45108618334847.4,2022-03-30,458.7,-0.02655330281229562,-0.06734248964464784
1572,1,0.00807187129109499,0,0.3341199982499783,3,0,-1.0,0.24505636650057339,0.24505636650057339,1,0,0.05842069455038255,0.11113067851425143,0.1398504576882113,0.3341199982499783,0,VOLATILE,1.0,644109578782484.8,9308867714332.928,2022-03-31,451.64,-0.0063546187228766815,-0.08776901957311134
1573,1,0.018759036882448593,0,0.3351135098444421,3,0,-1.0,0.27325923386139533,0.27325923386139533,1,0,0.06033133230702031,0.21572592705654384,0.1753524197878547,0.3351135098444421,0,VOLATILE,1.0,665175060631087.8,21065420993666.996,2022-04-01,452.92,-0.01181224057228658,-0.084871500485737
1574,-1,-0.06618853927987323,1,0.33358526924610893,3,2,-1.0,0.23527356194234406,0.23527356194234406,1,0,0.060060926574938625,0.07240388264343332,0.12748826973945732,0.33358526924610893,0,VOLATILE,1.0,662193738284067.4,2981241485282.079,2022-04-04,456.8,-0.036952714535901876,-0.0884851138353766
1575,1,0.0544225726607343,1,0.3339664493042559,3,2,-1.0,0.2517104626840271,0.2517104626840271,1,0,0.059381417719193905,0.1350076543240997,0.14812969068109788,0.3339664493042559,0,VOLATILE,1.0,654701903991080.0,7491871947569.473,2022-04-05,451.03,-0.02824645810699944,-0.048710728776356294
1576,-1,-0.04602555574772427,1,0.3531717563110064,3,2,-1.0,0.22212180767798584,0.22212180767798584,1,0,0.03808918246634325,0.05974641355935855,0.11594519867523392,0.3531717563110064,0,VOLATILE,1.0,419947203013951.56,234754660151552.34,2022-04-06,446.52,-0.007188927707605486,-0.07325539729463404
1577,1,0.06328558954531588,1,0.33511507386880324,3,2,-1.0,0.2558187422172605,0.2558187422172605,1,0,0.03617687716593935,0.17447971155038994,0.15355219623877642,0.33511507386880324,0,VOLATILE,1.0,398863335883881.6,21083928614347.38,2022-04-07,448.77,-0.024466876128083292,-0.08340575350402213
1578,-1,-0.051216992949405515,1,0.3339196265430045,3,2,-1.0,0.23829868380712957,0.23829868380712957,1,0,0.03680613217831668,0.10725365200567259,0.13135326139466308,0.3339196265430045,0,VOLATILE,1.0,405801103126953.1,6937802633829.134,2022-04-08,447.57,-0.021449158790803557,-0.11037379627767718
1579,-1,-0.005340898957045981,0,0.33362989831674,3,0,-1.0,0.21543772643995268,0.21543772643995268,1,0,0.03712442579632623,0.02098947209105138,0.10270463262912587,0.33362989831674,0,VOLATILE,1.0,409310406975582.9,3509352127981.2603,2022-04-11,439.92,0.011638479723586226,-0.09281232951445728
1580,1,0.030168421571745013,1,0.3335200897420849,3,2,-1.0,0.2227451906445208,0.2227451906445208,1,0,0.03692398485981989,0.04851054736369675,0.11181151074117221,0.3335200897420849,0,VOLATILE,1.0,407100472154069.9,2209950726272.4653,2022-04-12,438.29,0.01464783590773222,-0.10390380798101717
1581,-1,-0.015819474929434446,1,0.33461615982623416,3,2,-1.0,0.2142331799196545,0.2142331799196545,1,0,0.03554714821598927,0.01878939635239069,0.10144551485612666,0.33461615982623416,0,VOLATILE,1.0,391920343305289.8,15180112739468.914,2022-04-13,443.31,-0.011842728564661287,-0.11497597617919741
1582,1,0.01952573092727189,1,0.3474016322370878,3,2,-1.0,0.22524690012206006,0.22524690012206006,1,0,0.020447892757713238,0.0847792068778279,0.11840903321184704,0.3474016322370878,0,VOLATILE,1.0,225445515369584.9,166474862028005.53,2022-04-14,437.79,-0.026839352200826894,-0.08239110075607026
1583,1,0.00856141301439875,0,0.33398896734018746,3,0,-1.0,0.24482203333886438,0.24482203333886438,1,0,0.019744215455263968,0.148830135070618,0.13952478350862732,0.33398896734018746,0,VOLATILE,1.0,217687215089732.7,7758335359421.97,2022-04-18,437.97,-0.02159965294426569,-0.08648994223348638
1584,-1,-0.022746073885686807,1,0.33441334869641676,3,2,-1.0,0.2416510926699819,0.2416510926699819,1,0,0.01858505354736627,0.1384165554873784,0.13566720301158156,0.33441334869641676,0,VOLATILE,1.0,204907030020334.22,12780181156760.629,2022-04-19,445.04,-0.06502786266403016,-0.08250943735394578
1585,-1,-0.015600821419307354,0,0.3334535425101159,3,0,-1.0,0.22287933058179207,0.22287933058179207,1,0,0.01845603157939243,0.0674316149849148,0.11196254885476907,0.3334535425101159,0,VOLATILE,1.0,203484515514388.97,1422475187390.0608,2022-04-20,444.71,-0.06170313237840386,-0.11884149220840545
1586,1,0.023691971913496285,1,0.3342332902235506,3,2,-1.0,0.22779954040709854,0.22779954040709854,1,0,0.019421940360619363,0.08550130383366306,0.1183077480647608,0.3342332902235506,0,VOLATILE,1.0,214134014001296.44,10649489334498.79,2022-04-21,438.06,-0.023398621193443825,-0.11094370634159711
1587,0,-0.004563266627705814,0,0.33339773983012616,3,1,-1.0,0.2281564836046992,0.2281564836046992,1,0,0.01949106687569392,0.0861440515145227,0.11854503946340553,0.33339773983012616,0,VOLATILE,1.0,214896159176906.7,762143507232.1595,2022-04-22,426.04,-0.03295465214533855,-0.08546145901793267
1588,1,0.029609373309877285,0,0.34226950999874534,3,1,-1.0,0.25812280011217714,0.25812280011217714,1,0,0.02908211404146351,0.19558051887825972,0.15822087763990772,0.34226950999874534,0,VOLATILE,1.0,320640970969568.6,105744751914201.5,2022-04-25,428.51,-0.03274135959487523,-0.07372056661454807
1589,-1,-0.07182578730754896,1,0.33787252295067005,3,2,-1.0,0.21626332931210612,0.21626332931210612,1,0,0.03395393839179244,0.030437938741608123,0.10479729237780018,0.33787252295067005,0,VOLATILE,1.0,374354620804498.1,53713741116448.7,2022-04-26,416.1,0.0006729151646238662,-0.05337659216534496
1590,1,0.05897547280650467,1,0.3337640521974966,3,2,-1.0,0.23337933131853977,0.23337933131853977,1,0,0.033491658442032106,0.0920038731506146,0.12516517719754888,0.3337640521974966,0,VOLATILE,1.0,369257814852235.25,5096839637471.069,2022-04-27,417.27,0.028255086634553228,-0.047690943513791995
1591,1,-0.015144130746957696,0,0.33777670201997584,3,0,-1.0,0.23535120257801573,0.23535120257801573,1,0,0.03826064844709815,0.09763888773544267,0.12863317872751362,0.33777670201997584,0,VOLATILE,1.0,421837678323934.75,52579860159991.56,2022-04-28,427.81,-0.03272480774175457,-0.052593441013534026
1592,1,0.010261647149914621,0,0.3336719695751388,3,0,-1.0,0.2475847209874063,0.2475847209874063,1,0,0.03862410265241635,0.14007257823171132,0.14289889362804253,0.3336719695751388,0,VOLATILE,1.0,425844894206867.0,4007195327446.9507,2022-04-29,412.0,-0.001601941747572888,0.007912621359223326
1593,-1,-0.015876268670616867,1,0.3416473164189668,3,2,-1.0,0.24394197072618,0.24394197072618,1,0,0.04754735438823991,0.12347052314916042,0.14033929251246677,0.3416473164189668,0,VOLATILE,1.0,524227016520983.8,98382128255366.0,2022-05-02,414.48,-0.03935051148426949,-0.0037396255549122515
1594,1,0.017845553423855964,1,0.3503729093252699,3,2,-1.0,0.2581447738888097,0.2581447738888097,1,0,0.06583563405277908,0.16498695002420963,0.16027419469232956,0.3503729093252699,0,VOLATILE,1.0,725862005663807.5,201634972478180.3,2022-05-03,416.38,-0.04152456890340561,-0.016307219366924475
1595,1,0.021516892207673943,0,0.33931102754072184,3,0,-1.0,0.2938644692591133,0.2938644692591133,1,0,0.059419886639680106,0.29705514373753616,0.20215834345907208,0.33931102754072184,0,VOLATILE,1.0,655126037945003.0,70736044579991.08,2022-05-04,429.06,-0.0846268587143989,-0.02719899314781149
1596,-1,-0.08309945171158567,1,0.338753292379244,3,2,-1.0,0.24648471291783122,0.24648471291783122,1,0,0.06523702449074169,0.11314561823555837,0.1427942142421,0.338753292379244,0,VOLATILE,1.0,719262115747631.4,64136178832866.875,2022-05-05,413.81,-0.05188371474831455,-0.007902177327759108
1597,1,0.05870980335234843,1,0.3536664615480557,3,2,-1.0,0.2578147599288976,0.2578147599288976,1,0,0.08706021619961028,0.1449949796947974,0.1606850652981359,0.3536664615480557,0,VOLATILE,1.0,959870806340419.4,240608671830272.94,2022-05-06,411.34,-0.0233869791413428,0.0010939855107698904
1598,-1,-0.023029265581647446,1,0.33829324267697064,3,2,-1.0,0.24611554135831648,0.24611554135831648,1,0,0.09238359699715355,0.08426961510426133,0.14221773736713827,0.33829324267697064,0,VOLATILE,1.0,1018563031580009.6,58692257628467.0,2022-05-09,398.17,0.004822060928748817,0.04412688047818758
1599,-1,0.0068862083035516886,0,0.33766206012678396,3,0,-1.0,0.24130253109128708,0.24130253109128708,1,0,0.0970295421700197,0.06110149451739471,0.1360436788958048,0.33766206012678396,0,VOLATILE,1.0,1069786280659333.4,51223264491793.72,2022-05-10,399.09,0.02312761532486407,0.03039414668370566
1600,1,0.016344220869382198,1,0.334257418084967,3,2,-1.0,0.25283374169363987,0.25283374169363987,1,0,0.09603774050501583,0.10278185440985897,0.14960653163829157,0.334257418084967,0,VOLATILE,1.0,1058851303634531.4,10935002346967.658,2022-05-11,392.75,-0.0022660725652450253,0.02212603437301075
1601,-1,-0.020789506232319677,1,0.3347296557599465,3,2,-1.0,0.24357544606367298,0.24357544606367298,1,0,0.09453909039933539,0.06991607415939832,0.13815172151957789,0.3347296557599465,0,VOLATILE,1.0,1042328136702997.0,16523147887837.691,2022-05-12,392.34,-0.007340571952897945,-0.006473976652903057
1602,-1,-0.0022913000896895297,0,0.34167888391207724,3,0,-1.0,0.2320258503440166,0.2320258503440166,1,0,0.08558195582917623,0.040774145894943846,0.12545203390804002,0.34167888391207724,0,VOLATILE,1.0,943572443716367.2,98755676905141.83,2022-05-13,401.72,-0.030095588967440134,-0.0665139898436723
1603,1,0.015091719904770234,1,0.33436421740173744,3,2,-1.0,0.23556797452913045,0.23556797452913045,1,0,0.08447552645375546,0.04967754108178669,0.12805102251184736,0.33436421740173744,0,VOLATILE,1.0,931373654153188.8,12198794198824.086,2022-05-16,400.09,-0.007923217276112782,-0.06553525456772225
1604,1,0.00793865911055211,0,0.33850898567006377,3,0,-1.0,0.2470487578247964,0.2470487578247964,1,0,0.07892059226403332,0.10139398883150112,0.14343819369851146,0.33850898567006377,0,VOLATILE,1.0,870128467860159.4,61245216252277.78,2022-05-17,408.32,-0.03533992946708464,-0.07131661442006276
1605,-1,-0.020006060202043402,1,0.33513202042888723,3,2,-1.0,0.23852348091841896,0.23852348091841896,1,0,0.07699009104862102,0.0688219777171154,0.13193735625524547,0.33513202042888723,0,VOLATILE,1.0,848843984095148.2,21284462898636.63,2022-05-18,391.86,0.014061144286224625,-0.06433420099014964
1606,1,0.027165400733395018,1,0.3471981770209571,3,2,-1.0,0.25716360474543654,0.25716360474543654,1,0,0.062109202294860874,0.1626529482662441,0.15825405018703498,0.3471981770209571,0,VOLATILE,1.0,684776729146179.1,164067308757638.6,2022-05-19,389.46,0.04069737585374633,-0.060596723668669306
1607,-1,-0.025104575556058994,1,0.3369188615101418,3,2,-1.0,0.2506991530163951,0.2506991530163951,1,0,0.05826091620820833,0.13455005373587955,0.14760365664802927,0.3369188615101418,0,VOLATILE,1.0,642347963973409.8,42428747968414.234,2022-05-20,389.63,0.06578035572209529,-0.03736878577111624
1608,1,0.03207438371449656,1,0.3333973058996426,3,2,-1.0,0.27630908500185025,0.27630908500185025,1,0,0.05819226007425074,0.2280147881074197,0.17873568272722345,0.3333973058996426,0,VOLATILE,1.0,641591004922090.8,757008663434.0613,2022-05-23,396.92,0.04033558399677517,-0.0567620679230072
1609,1,-0.024596052850168193,0,0.3426613875848697,3,0,-1.0,0.2773229641371372,0.2773229641371372,1,0,0.06820389753304185,0.22875325866987492,0.1823190520676389,0.3426613875848697,0,VOLATILE,1.0,751972978914946.4,110381969784551.3,2022-05-24,393.89,0.03985884383965055,-0.04018888522176234
1610,-1,-0.045307257416422664,1,0.3359254862339425,3,2,-1.0,0.23302958585600148,0.23302958585600148,1,0,0.0709860011736672,0.05481906046179523,0.12526835387848748,0.3359254862339425,0,VOLATILE,1.0,782646691678614.2,30673807788463.316,2022-05-25,397.37,0.05038125676321803,-0.01834562246772531
1611,-1,0.03576055452006566,0,0.33703626721651236,3,0,-1.0,0.2244967620949314,0.2244967620949314,1,0,0.07496029330933285,0.01967976495904412,0.11488001942279231,0.33703626721651236,0,VOLATILE,1.0,826464719744926.9,43818048757589.56,2022-05-26,405.31,0.01290370333818558,-0.04125237472551879
1612,1,0.014811040902741102,1,0.3384360443397378,3,2,-1.0,0.23077497923660245,0.23077497923660245,1,0,0.08043694464082962,0.03879626075123299,0.12307773513068754,0.3384360443397378,0,VOLATILE,1.0,886846808821713.1,60382077219959.016,2022-05-27,415.26,-0.008356210566873745,-0.08334537398256514
1613,-1,-0.009805239069565819,1,0.3346240107622221,3,2,-1.0,0.22724795730870767,0.22724795730870767,1,0,0.08182220518475804,0.021325642794562213,0.11771594932644008,0.3346240107622221,0,VOLATILE,1.0,902119814257898.8,15273015477342.46,2022-05-31,412.93,0.006805027486499027,-0.07892378853558724
1614,1,0.010520517603736068,1,0.3399523886215061,3,2,-1.0,0.23424145298454896,0.23424145298454896,1,0,0.07471809105860264,0.058651649099585576,0.12778991338606271,0.3399523886215061,0,VOLATILE,1.0,823794351121297.1,78325483656040.02,2022-06-01,409.59,0.003979589345443069,-0.07895700578627407
1615,-1,-0.015087710467955179,1,0.33553317521048753,3,2,-1.0,0.22614723819243507,0.22614723819243507,1,0,0.07707914096447,0.022622883665027228,0.11656734154316574,0.33553317521048753,0,VOLATILE,1.0,849825792069694.5,26031460909956.76,2022-06-02,417.39,-0.03821366108435753,-0.08660964565514262
1616,-1,0.006329687317473132,0,0.3339934940780241,3,0,-1.0,0.2243827107177943,0.2243827107177943,1,0,0.07637060164998913,0.015559684100257485,0.11397676191674887,0.3339934940780241,0,VOLATILE,1.0,842013886324419.4,7811901754473.653,2022-06-03,410.54,-0.050518828859550835,-0.06961562819700895
1617,-1,-0.0018263070008402993,0,0.3468466245307816,3,0,-1.0,0.22079187624231325,0.22079187624231325,1,0,0.06186702374098227,0.026237480565778546,0.11270150143558694,0.3468466245307816,0,VOLATILE,1.0,682106621789027.2,159907271165463.22,2022-06-06,411.79,-0.08934165472692401,-0.06930717113091633
1618,1,0.013002147178415024,1,0.3356791608614779,3,2,-1.0,0.23020318894524722,0.23020318894524722,1,0,0.059349289647891074,0.055672039542894514,0.12167377639692853,0.3356791608614779,0,VOLATILE,1.0,654347680224429.8,27758957693537.918,2022-06-07,415.74,-0.10071198345119547,-0.0643430990522923
1619,-1,-0.025433997368567468,1,0.3418783802196499,3,2,-1.0,0.21418050427961371,0.21418050427961371,1,0,0.05017803834192307,0.009407637871365844,0.10319522540442963,0.3418783802196499,0,VOLATILE,1.0,553231271714413.4,101116383093249.97,2022-06-08,411.22,-0.07786586255532324,-0.05483682700257775
1620,1,0.02483048323198614,1,0.3365609421223802,3,2,-1.0,0.22298830284596635,0.22298830284596635,1,0,0.04671390394850396,0.041912938315655006,0.11287561408805298,0.3365609421223802,0,VOLATILE,1.0,515037919818077.7,38193368758575.234,2022-06-09,401.44,-0.08666301315265046,-0.04287066560382613
1621,1,-0.002320263186570748,0,0.34499542022747587,3,0,-1.0,0.22947583822574824,0.22947583822574824,1,0,0.03419719279631131,0.0850837657208514,0.12309365283905423,0.34499542022747587,0,VOLATILE,1.0,377036589809445.6,138001354672871.31,2022-06-10,389.8,-0.061416110826064685,-0.023011800923550596
1622,1,0.002604338584520721,0,0.336003014599106,3,0,-1.0,0.23856771219005085,0.23856771219005085,1,0,0.037062515751704724,0.10956866591031558,0.1322103938873401,0.336003014599106,0,VOLATILE,1.0,408627826032811.44,31591226730308.082,2022-06-13,375.0,0.0001866666666665573,0.010213333333333185
1623,1,0.0351636794994763,0,0.35933649881142254,3,0,-1.0,0.28282326565382976,0.28282326565382976,1,0,0.06497126496890951,0.265118355341519,0.19336320677014285,0.35933649881142254,0,VOLATILE,1.0,716332019572257.6,307704109421575.56,2022-06-14,373.87,0.0013908577847914216,0.010805895097226292
1624,1,-0.034885860821380676,0,0.33361463634981947,3,0,-1.0,0.292192958296228,0.292192958296228,1,0,0.06466934859122214,0.2812652222819975,0.19864485695773987,0.33361463634981947,0,VOLATILE,1.0,713003280803292.2,3328752195128.5557,2022-06-15,379.2,-0.0030063291139240667,0.01563818565400843
1625,-1,-0.0670366681424085,1,0.33694344832975487,3,2,-1.0,0.23452598279621775,0.23452598279621775,1,0,0.06854401091406603,0.0636360108190666,0.12739334057771087,0.33694344832975487,0,VOLATILE,1.0,755722853651557.8,42719691985938.99,2022-06-16,366.65,0.06390290467748527,0.04172916950770489
1626,1,0.0627778306040224,1,0.3376289578033533,3,2,-1.0,0.2396368379002299,0.2396368379002299,1,0,0.07315442992822578,0.07870543055015142,0.13395328682612573,0.3376289578033533,0,VOLATILE,1.0,806554413804615.8,50831553684138.3,2022-06-17,365.86,0.06212758978844346,0.07218608210791011
1627,-1,-0.008113076410342174,1,0.33421333623702926,3,2,-1.0,0.2366346165938999,0.2366346165938999,1,0,0.07409892101045398,0.06394089339444259,0.12934660480163218,0.33421333623702926,0,VOLATILE,1.0,816967774306743.5,10413367172482.547,2022-06-21,375.07,0.014877222918388444,0.05252352894126422
1628,1,0.02419215730162269,1,0.3373133716036541,3,2,-1.0,0.25782455258919257,0.25782455258919257,1,0,0.0698272200306587,0.14999988088155386,0.1566090336374042,0.3373133716036541,0,VOLATILE,1.0,769870704681735.8,47097117174629.25,2022-06-22,374.39,0.01589251849675466,0.06517268089425476
1629,-1,-0.04264261018673077,1,0.3346291250855274,3,2,-1.0,0.23637187839775448,0.23637187839775448,1,0,0.06843646541822763,0.06892992238749718,0.12912212926857491,0.3346291250855274,0,VOLATILE,1.0,754537125125775.1,15333534966759.14,2022-06-23,378.06,-0.002142517060784055,0.04504575993228577
1630,1,0.023712535450287564,1,0.33427248575265556,3,2,-1.0,0.23863173965660395,0.23863173965660395,1,0,0.06944444151834861,0.07612894650840782,0.1318577960089188,0.33427248575265556,0,VOLATILE,1.0,765650431228492.1,11113303072357.643,2022-06-24,390.08,-0.022662018047579946,0.014074036095159892
1631,1,0.012649559855879344,0,0.3333549491417619,3,0,-1.0,0.25354116077133276,0.25354116077133276,1,0,0.06946764404072138,0.13132792070809776,0.15026518824960639,0.3333549491417619,0,VOLATILE,1.0,765906247545419.5,255787053600.83447,2022-06-27,388.59,-0.017061684551841316,0.0059188347615739545
1632,1,-0.00804037405346053,0,0.336070421560304,3,0,-1.0,0.26041020783260105,0.26041020783260105,1,0,0.07240531422373535,0.1561857813187466,0.1595303651808273,0.336070421560304,0,VOLATILE,1.0,798295138481167.6,32388875731223.906,2022-06-28,380.65,0.006830421647182616,0.05356626822540411
1633,-1,-0.01711654620486891,1,0.3334639903664645,3,2,-1.0,0.2501627086890004,0.2501627086890004,1,0,0.07226508029038932,0.11594307006821056,0.14606938345286663,0.3334639903664645,0,VOLATILE,1.0,796749007945854.9,1546108147993.8096,2022-06-29,380.34,0.022742809065573022,0.0676499973707736
1634,1,0.02481958980926635,1,0.3364691190177762,3,2,-1.0,0.26473479935466615,0.26473479935466615,1,0,0.07563066648724708,0.16947667035608313,0.1650357789477767,0.3364691190177762,0,VOLATILE,1.0,833855829840015.2,37106795408484.59,2022-06-30,377.25,0.030271703114645554,0.09208747514910542
1635,1,0.005758506448936385,0,0.3347762487830619,3,0,-1.0,0.28506539646926826,0.28506539646926826,1,0,0.0771793261927592,0.2428980971542931,0.19002580778235076,0.3347762487830619,0,VOLATILE,1.0,850930370946926.8,17074498633771.143,2022-07-01,381.24,0.00784282866435837,0.07745776938411497
1636,-1,-0.04484807102582111,1,0.3339889365419552,3,2,-1.0,0.26054792255804926,0.26054792255804926,1,0,0.0778829691413362,0.14966344285781497,0.15918213733305037,0.3339889365419552,0,VOLATILE,1.0,858688292462740.5,7757970913691.492,2022-07-05,381.96,-0.0029584249659649897,0.0683317624882187
1637,-1,-0.0037494411359924595,0,0.33470345800595475,3,0,-1.0,0.23228100751083777,0.23228100751083777,1,0,0.0764124331171033,0.04566893855300435,0.12402712389003587,0.33470345800595475,0,VOLATILE,1.0,842475093587875.0,16213141147786.186,2022-07-06,383.25,-0.011532941943900865,0.08140900195694711
1638,-1,0.022777708897951054,0,0.3366303691259615,3,0,-1.0,0.22679180136157734,0.22679180136157734,1,0,0.07287378167530156,0.030068250275084692,0.11764734398346208,0.3366303691259615,0,VOLATILE,1.0,803460163909637.8,39014921593163.5,2022-07-07,388.99,-0.028484022725519864,0.06473174117586566
1639,1,0.007248138330788273,1,0.33478624654862643,3,2,-1.0,0.22855073354310518,0.22855073354310518,1,0,0.0713143957175419,0.036840539980572254,0.11938497856603805,0.33478624654862643,0,VOLATILE,1.0,786267361938656.8,17192805520362.941,2022-07-08,388.67,-0.009107983636504002,0.0638073429901973
1640,1,0.002842427297997774,0,0.33514129375196733,3,0,-1.0,0.2331520930226308,0.2331520930226308,1,0,0.06937394441589026,0.05630237473295061,0.12522543971628028,0.33514129375196733,0,VOLATILE,1.0,764873174824416.5,21394197216257.887,2022-07-11,384.23,-0.005933945813705432,0.07485100070270412
1641,1,-0.0032375414796652346,0,0.3385558969330659,3,0,-1.0,0.23451591102249117,0.23451591102249117,1,0,0.0749792305530275,0.05837235848111394,0.12778386301138048,0.3385558969330659,0,VOLATILE,1.0,826673509800460.2,61800332836683.19,2022-07-12,380.83,0.03003965023763877,0.08014074521440029
1642,-1,-0.00606392618394222,1,0.3366543823360101,3,2,-1.0,0.22981580283840933,0.22981580283840933,1,0,0.07141480598853452,0.04288524140750794,0.12143334913201415,0.3366543823360101,0,VOLATILE,1.0,787374421994211.5,39299077897848.07,2022-07-13,378.83,0.04207692104637961,0.108650318084629
1643,-1,-0.0010171138488140608,0,0.3616264267620367,3,0,-1.0,0.22409858080551343,0.22409858080551343,1,0,0.04104832638013592,0.07054117171206685,0.12052983269740092,0.3616264267620367,0,VOLATILE,1.0,452572849705399.0,334801588814114.0,2022-07-14,377.91,0.05525125029768985,0.1113492630520494
1644,-1,0.002831244172694508,0,0.33469664047043596,3,0,-1.0,0.22121260294531203,0.22121260294531203,1,0,0.03958511119789799,0.04098463019984905,0.110189913799249,0.33469664047043596,0,VOLATILE,1.0,436440365797892.4,16132466981519.094,2022-07-15,385.13,0.025861397450211543,0.1089761898579702
1645,-1,-0.0034108872516472877,0,0.34054249925899666,3,0,-1.0,0.21491573783346335,0.21491573783346335,1,0,0.031847639288622845,0.029493252031112253,0.10378029710657835,0.34054249925899666,0,VOLATILE,1.0,351131900866403.6,85308459183470.61,2022-07-18,381.95,0.03565911768556096,0.12281712266003408
1646,1,0.017959978537030546,1,0.34400919949770464,3,2,-1.0,0.22657885125864521,0.22657885125864521,1,0,0.02038942214312627,0.08728816970007175,0.11922586394773266,0.34400919949770464,0,VOLATILE,1.0,224800855404094.7,126331076621414.7,2022-07-19,392.27,-0.0035179850613098473,0.09541897162668578
1647,-1,-0.01675863589959345,1,0.33782336497274523,3,2,-1.0,0.22148332878423363,0.22148332878423363,1,0,0.015570349025147192,0.06835965764528791,0.11131000222347837,0.33782336497274523,0,VOLATILE,1.0,171668807248341.06,53132038406789.42,2022-07-20,394.77,0.015882665856068234,0.08075588317248017
1648,-1,-0.008400452041342682,0,0.33346971862069136,3,0,-1.0,0.20798735426847936,0.20798735426847936,1,0,0.015716726212121196,0.014338141260194955,0.09335162249077204,0.33346971862069136,0,VOLATILE,1.0,173282669407475.1,1613892486284.8687,2022-07-21,398.79,0.018255222046691166,0.07297073647784535
1649,1,0.02013572986507467,1,0.33347329767354605,3,2,-1.0,0.21462710961779977,0.21462710961779977,1,0,0.015566506230772915,0.039390128091135755,0.10165221144063621,0.33347329767354605,0,VOLATILE,1.0,171626439031310.9,1656244609612.0068,2022-07-22,395.09,0.04277506390948904,0.0684654129438862
1650,1,-0.00016107462960485153,0,0.33334965616307877,3,0,-1.0,0.22110579033751532,0.22110579033751532,1,0,0.015584026324254274,0.06357492956373728,0.10971965196266384,0.33334965616307877,0,VOLATILE,1.0,171819604486110.06,193153475652.36313,2022-07-25,395.57,0.03842556311145939,0.044947796850115074
1651,0,-0.005896809093372202,0,0.33375065919806157,3,1,-1.0,0.22168766196385867,0.22168766196385867,1,0,0.015136118089468234,0.06650560867354798,0.11054724225433873,0.33375065919806157,0,VOLATILE,1.0,166881251961176.7,4938355818755.686,2022-07-26,390.89,0.043925401007956166,0.05490035559876194
1652,0,-0.0010054198079463283,0,0.3348583174566631,3,0,-1.0,0.2212641137822557,0.2212641137822557,1,0,0.016772856295874623,0.06411130848008156,0.11029472159198539,0.3348583174566631,0,VOLATILE,1.0,184926890836565.84,18045644556107.14,2022-07-27,401.04,0.033438061041292544,0.031493117893476974
1653,1,0.01618986685406007,0,0.3337617054988161,3,1,-1.0,0.23703043245471278,0.23703043245471278,1,0,0.016313095262999382,0.12287230556628564,0.129728466943095,0.3337617054988161,0,VOLATILE,1.0,179857856866583.2,5069070371141.796,2022-07-28,406.07,0.019947299726648104,0.03309774176866065
1654,-1,-0.033603790115659116,1,0.3335529120927956,3,2,-1.0,0.21919296101151078,0.21919296101151078,1,0,0.016077421840157247,0.056060866022604836,0.10737942928758736,0.3335529120927956,0,VOLATILE,1.0,177259470964372.44,2598348523573.27,2022-07-29,411.99,0.003592320201946775,-0.0162139857763538
1655,1,0.021577313600567805,1,0.3392024679939818,3,2,-1.0,0.2229328031688766,0.2229328031688766,1,0,0.009778183719472599,0.08062167915930103,0.1134666209595912,0.3392024679939818,0,VOLATILE,1.0,107808060915393.62,69451423341203.51,2022-08-01,410.77,0.005404484261265496,-0.019816442291306524
1656,-1,-0.010595008698326108,1,0.33336002323132014,3,2,-1.0,0.2160776366279163,0.2160776366279163,1,0,0.00974953650233504,0.05056161827584098,0.10343705159272533,0.33336002323132014,0,VOLATILE,1.0,107492214842255.1,315830443701.59375,2022-08-02,408.06,0.008062539822575099,-0.02413860706758819
1657,-1,0.001893632270411727,0,0.3335222002807197,3,0,-1.0,0.21111610235736772,0.21111610235736772,1,0,0.009546828017500557,0.03228020603316818,0.09727567801688958,0.3335222002807197,0,VOLATILE,1.0,105257279468972.72,2234925432200.8354,2022-08-03,414.45,0.013367113041380163,-0.04649535529014348
1658,1,0.012682829174699206,1,0.333367610326659,3,2,-1.0,0.21883739726151835,0.21883739726151835,1,0,0.009583618131069943,0.06108232934461801,0.10688864915856265,0.333367610326659,0,VOLATILE,1.0,105662903961062.61,405611067383.79834,2022-08-04,414.17,0.014052200787116442,-0.04285679793321584
1659,1,0.0033831381061248667,0,0.33573350037216265,3,0,-1.0,0.22994183027179385,0.22994183027179385,1,0,0.012159677557994568,0.10192231124035431,0.12136066293278294,0.33573350037216265,0,VOLATILE,1.0,134064903717571.9,28401975204453.67,2022-08-05,413.47,0.032964906764698654,-0.05134592594384124
1660,-1,-0.025509864281920175,1,0.33394903210649335,3,2,-1.0,0.21553639900014918,0.21553639900014918,1,0,0.012820493500503446,0.045902776829925974,0.1029077567768098,0.33394903210649335,0,VOLATILE,1.0,141350641787924.2,7285768451029.355,2022-08-08,412.99,0.038427080558851356,-0.053826969176009154
1661,-1,0.006861502346192566,0,0.3337950903171058,3,0,-1.0,0.20799247007469707,0.20799247007469707,1,0,0.013316087722846068,0.0170019927950974,0.09343936017264781,0.3337950903171058,0,VOLATILE,1.0,146814749810892.72,5464124034461.285,2022-08-09,411.35,0.0446092135650904,-0.03298893885985188
1662,1,0.02474725106786485,1,0.33547613063298415,3,2,-1.0,0.2251957922171098,0.2251957922171098,1,0,0.015615917471875853,0.08047540131702406,0.11536377292963329,0.33547613063298415,0,VOLATILE,1.0,172171216082300.7,25356433443289.625,2022-08-10,419.99,0.015857520417152715,-0.04669158789494987
1663,1,-0.011130276876358203,0,0.33451975122581135,3,0,-1.0,0.23126883748316435,0.23126883748316435,1,0,0.014342557284882032,0.10380539669634288,0.1227159846604083,0.33451975122581135,0,VOLATILE,1.0,158131953112298.8,14039277691571.508,2022-08-11,419.99,0.018809971665991965,-0.03188171146932062
1664,-1,-0.02452859301353516,1,0.3354576826226445,3,2,-1.0,0.21281328973568372,0.21281328973568372,1,0,0.01206252716631403,0.037580571309483356,0.09988103282526578,0.3354576826226445,0,VOLATILE,1.0,132993785026746.7,25138131998531.543,2022-08-12,427.1,-0.011613205338328325,-0.03776633107000704
1665,-1,0.01472846245178941,0,0.33410957849250156,3,0,-1.0,0.2090862044399925,0.2090862044399925,1,0,0.01122939607604435,0.02342605444330381,0.09488515017311605,0.33410957849250156,0,VOLATILE,1.0,123808209268803.55,9185567257029.928,2022-08-15,428.86,-0.036165648463368005,-0.08338385487105349
1666,1,0.0077728141186287625,1,0.3337819995313609,3,2,-1.0,0.21313193326293006,0.21313193326293006,1,0,0.011710942408706522,0.03787030697580193,0.09986041646150282,0.3337819995313609,0,VOLATILE,1.0,129117434157045.67,5309216410900.781,2022-08-16,429.7,-0.04037700721433546,-0.08168489643937626
1667,-1,-0.011213741181445747,1,0.33417484427761,3,2,-1.0,0.20596392090442187,0.20596392090442187,1,0,0.010807762167255817,0.012188074432533669,0.09099861219992983,0.33417484427761,0,VOLATILE,1.0,119159540822111.55,9957879008821.55,2022-08-17,426.65,-0.030423063400914052,-0.08562053205203324
1668,1,0.015880952289569455,1,0.3336604898481126,3,2,-1.0,0.21467686083548312,0.21467686083548312,1,0,0.010456632347235055,0.04482696317191115,0.10176119850638206,0.3336604898481126,0,VOLATILE,1.0,115288205806118.3,3871351897769.513,2022-08-18,427.89,-0.019584472644838646,-0.09892729439809289
1669,1,0.003454003036871739,0,0.3340661726952039,3,0,-1.0,0.22684380380341612,0.22684380380341612,1,0,0.011243178251429372,0.089970715532784,0.11707129792807111,0.3340661726952039,0,VOLATILE,1.0,123960162805992.28,8671932014718.553,2022-08-19,422.14,-0.03986829014071158,-0.07957075851613205
1670,-1,-0.02211324324140354,1,0.3336224691553255,3,2,-1.0,0.21689750352994558,0.21689750352994558,1,0,0.010932852050460821,0.052649638053329284,0.10452749670126336,0.3336224691553255,0,VOLATILE,1.0,120538702651686.17,3421440388976.726,2022-08-22,413.35,-0.025934438127494963,-0.07078746824724824
1671,1,0.020694830707652184,1,0.333992984292729,3,2,-1.0,0.22764603396412722,0.22764603396412722,1,0,0.011640845640627132,0.0925265199443966,0.11805578852834124,0.333992984292729,0,VOLATILE,1.0,128344591586290.34,7805869295450.429,2022-08-23,412.35,-0.03429125742694328,-0.08478234509518623
1672,1,-0.007399335971580073,0,0.3337195969187167,3,0,-1.0,0.2309952284267288,0.2309952284267288,1,0,0.01205541641836545,0.10446638787090513,0.12217393476309019,0.3337195969187167,0,VOLATILE,1.0,132915386423285.42,4570785531574.296,2022-08-24,413.67,-0.04469746416225495,-0.09536587134672558
1673,-1,-0.03067036929861708,1,0.33438704114535706,3,2,-1.0,0.20367405359071328,0.20367405359071328,1,0,0.010924485265806475,0.003643496558386121,0.08818932727473086,0.33438704114535706,0,VOLATILE,1.0,120446455782987.5,12468875151470.703,2022-08-25,419.51,-0.055040404281185173,-0.12290529427188868
1674,1,0.05519865150868866,1,0.3336950217454561,3,2,-1.0,0.23155153026338643,0.23155153026338643,1,0,0.010536296004159942,0.1080532087926313,0.12286316826559707,0.3336950217454561,0,VOLATILE,1.0,116166526834327.05,4279979329213.723,2022-08-26,405.31,-0.03224692210900293,-0.10115713898003997
1675,1,0.013689510128653104,0,0.33803917295676955,3,0,-1.0,0.2731185170647127,0.2731185170647127,1,0,0.01558699931372056,0.26213681939652905,0.1759079395700832,0.33803917295676955,0,VOLATILE,1.0,171852382785094.56,55685766089914.3,2022-08-29,402.63,-0.02948116136403145,-0.09748404242108144
1676,-1,-0.06374291507795982,1,0.3336060745369242,3,2,-1.0,0.2509425887880791,0.2509425887880791,1,0,0.015294266763313037,0.17594499709467698,0.14707975461932998,0.3336060745369242,0,VOLATILE,1.0,168624899079362.44,3227437414272.6626,2022-08-30,398.21,-0.0010798322493157375,-0.06951106200246104
1677,-1,9.676782040474174e-05,0,0.33584838243380294,3,0,-1.0,0.2288634283318503,0.2288634283318503,1,0,0.017993620736489427,0.09213052233330134,0.12004138102326359,0.33584838243380294,0,VOLATILE,1.0,198386266417233.06,29761412865815.992,2022-08-31,395.18,0.013158560655903706,-0.08196264993167668
1678,-1,0.008784119352578057,0,0.3340281920980653,3,0,-1.0,0.21556838722819954,0.21556838722819954,1,0,0.018739397905077428,0.040163198274219776,0.10296753205976572,0.3340281920980653,0,VOLATILE,1.0,206608733158201.75,8222494971075.371,2022-09-01,396.42,0.025679834518944622,-0.09898592401997885
1679,0,0.013678412031766368,0,0.33354100513871515,3,1,-1.0,0.21595175815631515,0.21595175815631515,1,0,0.018516507301028648,0.0414583396391894,0.10332494898007268,0.33354100513871515,0,VOLATILE,1.0,204151282520318.28,2457449574008.1494,2022-09-02,392.24,0.047751376708137894,-0.06534264735875994
1680,1,0.021194647339131845,0,0.3381764640369713,3,1,-1.0,0.2375297764235626,0.2375297764235626,1,0,0.023714558549968463,0.12065445106611981,0.1314563365386961,0.3381764640369713,0,VOLATILE,1.0,261461703531437.0,57310377124313.37,2022-09-06,390.76,0.005988330433002398,-0.03273108813594017
1681,-1,-0.03320876876665299,1,0.3335516801392744,3,2,-1.0,0.22589902592415706,0.22589902592415706,1,0,0.02348020853274127,0.07380489878730351,0.11576170244001492,0.3335516801392744,0,VOLATILE,1.0,258877908661389.75,2583770407635.672,2022-09-07,397.78,-0.007994368746543246,-0.05201367590125194
1682,-1,0.0016333059484744672,0,0.33547660294750553,3,0,-1.0,0.215901581373226,0.215901581373226,1,0,0.021179873100818963,0.04005850925940776,0.1037461274534089,0.33547660294750553,0,VOLATILE,1.0,233515867050670.84,25362022498179.883,2022-09-08,400.38,-0.02562565562715413,-0.06788550876667165
1683,1,0.011450086738387488,1,0.33395981326108803,3,2,-1.0,0.2173542235606824,0.2173542235606824,1,0,0.021852263261217666,0.04369593503715743,0.10518273276612503,0.33395981326108803,0,VOLATILE,1.0,240929215117226.16,7413345440680.657,2022-09-09,406.6,-0.05174618789965568,-0.10774717166748649
1684,-1,-0.00943837590663485,1,0.33351974371852816,3,2,-1.0,0.20936848984150397,0.20936848984150397,1,0,0.0216521907775957,0.013619453916940378,0.09509054823151203,0.33351974371852816,0,VOLATILE,1.0,238723342623865.56,2205856114388.7124,2022-09-12,410.97,-0.05455386037910315,-0.12397498600871115
1685,1,0.04087533708256694,1,0.3336223981748137,3,2,-1.0,0.24225809320489247,0.24225809320489247,1,0,0.02134194809705199,0.13734270005240506,0.136228216049819,0.3336223981748137,0,VOLATILE,1.0,235302803312868.1,3420600452962.531,2022-09-13,393.1,-0.022920376494530825,-0.08995166624268636
1686,1,0.002875107764631013,0,0.3429911160413737,3,0,-1.0,0.278022804332912,0.278022804332912,1,0,0.031707483903153824,0.26812136937629644,0.18327628442648342,0.3429911160413737,0,VOLATILE,1.0,349586636350236.5,114283756324540.81,2022-09-14,394.6,-0.04361378611251909,-0.09640141915864175
1687,-1,-0.06737468277879874,1,0.33379436905905574,3,2,-1.0,0.2464128326821328,0.2464128326821328,1,0,0.031212656279084657,0.14318124307320507,0.1414646331174299,0.33379436905905574,0,VOLATILE,1.0,344130980354324.6,5455589147962.795,2022-09-15,390.12,-0.04075669024915407,-0.06190402952937557
1688,-1,0.0015704637986166392,0,0.33334902878417605,3,0,-1.0,0.21637332482997024,0.21637332482997024,1,0,0.03122949621617009,0.030182243484350404,0.10380391323350682,0.33334902878417605,0,VOLATILE,1.0,344316646835462.9,185729492341.8495,2022-09-16,385.56,-0.045673825085589814,-0.0724400871459695
1689,1,0.05238105936475254,1,0.33398241316151644,3,2,-1.0,0.23871487634256022,0.23871487634256022,1,0,0.030532854321899772,0.11513474183383836,0.13188919871857938,0.33398241316151644,0,VOLATILE,1.0,336635914510486.6,7680777582363.391,2022-09-19,388.55,-0.06238579333419125,-0.05592587826534556
1690,0,-0.022123445509834694,0,0.3337028365223741,3,1,-1.0,0.23893298234531551,0.23893298234531551,1,0,0.03013627329079534,0.11613953789591835,0.13209193706223787,0.3337028365223741,0,VOLATILE,1.0,332263463226507.06,4372454184781.132,2022-09-20,384.09,-0.05391965424770229,-0.03374209169725839
1691,-1,-0.015556525747045413,0,0.3333389996907783,3,1,-1.0,0.2235945626010254,0.2235945626010254,1,0,0.030142351796136082,0.05834150772579286,0.11282795317397631,0.3333389996907783,0,VOLATILE,1.0,332330480976720.1,67051893075.61423,2022-09-21,377.39,-0.018177482180237958,-0.02355653302949201
1692,1,0.0365710443266378,1,0.33459176679002517,3,2,-1.0,0.24482718718337307,0.24482718718337307,1,0,0.028791701471317568,0.14025407555885017,0.13968192567672255,0.33459176679002517,0,VOLATILE,1.0,317439065896897.5,14891461825444.605,2022-09-22,374.22,-0.03054353054353054,-0.023542301320079062
1693,-1,-0.026558470858730865,1,0.3379754871551111,3,2,-1.0,0.23950134090698988,0.23950134090698988,1,0,0.02380935836871294,0.12780228539883243,0.13387054792251513,0.3379754871551111,0,VOLATILE,1.0,262506906293747.56,54932150808012.4,2022-09-23,367.95,-0.029270281288218514,0.0172306019839652
1694,1,0.01944072008565459,1,0.3338729891465082,3,2,-1.0,0.2536162147162613,0.2536162147162613,1,0,0.024388564039028792,0.1770769830068321,0.15048851568195362,0.3338729891465082,0,VOLATILE,1.0,268892861188786.16,6385926802914.866,2022-09-26,364.31,0.006313304603222658,0.039965963053443465
1695,-1,-0.024806738807635342,1,0.33427098085023466,3,2,-1.0,0.2429243497178973,0.2429243497178973,1,0,0.023382201560651503,0.13828734551913946,0.1372231823599303,0.33427098085023466,0,VOLATILE,1.0,257797345857466.8,11095495061268.05,2022-09-27,363.38,0.04015080631845458,0.059276790137046564
1696,-1,-0.01212981949210612,0,0.3337870142348,3,0,-1.0,0.22010266522742725,0.22010266522742725,1,0,0.022895269601789236,0.052829985677163016,0.10857508509298408,0.3337870142348,0,VOLATILE,1.0,252428742465598.2,5368557065293.026,2022-09-28,370.53,0.01770436941678133,0.03100963484738073
1697,-1,0.010498884750677867,0,0.3351276093495797,3,0,-1.0,0.20777986548763505,0.20777986548763505,1,0,0.024821032227688108,0.005699170363128077,0.09350673419693872,0.3351276093495797,0,VOLATILE,1.0,273660981543705.0,21232265129443.805,2022-09-29,362.79,0.028694285950549903,0.04738278342842972
1698,1,0.033567299287679014,1,0.334317508314962,3,2,-1.0,0.22902436503552187,0.22902436503552187,1,0,0.025877333416550713,0.08370216670287789,0.11985983337314286,0.334317508314962,0,VOLATILE,1.0,285307089469364.3,11646070032982.135,2022-09-30,357.18,0.015706366537880045,0.08914272915616772
1699,1,0.030865353061689305,0,0.3473296087127287,3,0,-1.0,0.281134217645098,0.281134217645098,1,0,0.040899299878630745,0.27385122282503316,0.18825017423455462,0.3473296087127287,0,VOLATILE,1.0,450929777882123.4,165622583699084.75,2022-10-03,366.61,-0.017975505305365513,0.05346280788849178
1700,-1,-0.05324633840420956,1,0.3334224005047522,3,2,-1.0,0.27999773185046456,0.27999773185046456,1,0,0.040994893774910474,0.25906340104289577,0.18335276493926872,0.3334224005047522,0,VOLATILE,1.0,451983735640427.9,1053961475699.3533,2022-10-04,377.97,-0.05352276635711828,0.017329417678651593
1701,-1,-0.047119358443073966,0,0.3347162468428991,3,0,-1.0,0.23174188761275713,0.23174188761275713,1,0,0.03951062801575774,0.08055863566425582,0.12335642122667118,0.3347162468428991,0,VOLATILE,1.0,435619161403730.94,16364475710719.281,2022-10-05,377.09,-0.05444323636267201,-0.005887188734784776
1702,-1,0.038236472234908336,0,0.3359022352302839,3,0,-1.0,0.22172251560995804,0.22172251560995804,1,0,0.0367534690285466,0.04663264093150901,0.11112870332001853,0.3359022352302839,0,VOLATILE,1.0,405220472590516.9,30398670925608.414,2022-10-06,373.2,-0.01937299035369766,-0.0058681672025723275
1703,1,0.017332529469325564,1,0.33354003057329534,3,2,-1.0,0.2290356730764845,0.2290356730764845,1,0,0.03653162555511407,0.07250717141167431,0.11967959898892946,0.33354003057329534,0,VOLATILE,1.0,402774566951633.4,2445917217117.622,2022-10-07,362.79,-0.014223104275200571,0.037376994955759635
1704,1,0.013781535657213573,0,0.3349940475076829,3,0,-1.0,0.25013036620022455,0.25013036620022455,1,0,0.0347492142979713,0.1544851945836329,0.14641146962720142,0.3349940475076829,0,VOLATILE,1.0,383122829277318.6,19651783412777.867,2022-10-10,360.02,0.01888783956446871,0.05535803566468522
1705,-1,-0.02354140356837489,1,0.3348742250345747,3,2,-1.0,0.2476836557555897,0.2476836557555897,1,0,0.03309540200469192,0.1468739758547004,0.14332312595313076,0.3348742250345747,0,VOLATILE,1.0,364888942333526.75,18233884218638.19,2022-10-11,357.74,0.03742941801308208,0.06781461396544963
1706,-1,-0.013576930733608383,0,0.3355961441071882,3,0,-1.0,0.23166001457734647,0.23166001457734647,1,0,0.030666764012820754,0.08975539873261973,0.12347405424848015,0.3355961441071882,0,VOLATILE,1.0,338112317954126.3,26776592816949.746,2022-10-12,356.56,0.033486650213147895,0.04927641911599734
1707,1,0.04571036136987805,1,0.33448418171252126,3,2,-1.0,0.2613467347689813,0.2613467347689813,1,0,0.031901954195722816,0.19901143747234804,0.16030446388935693,0.33448418171252126,0,VOLATILE,1.0,351730742633058.8,13618371805373.893,2022-10-13,365.97,-0.0015301800694046408,0.07847637784517847
1708,1,-0.001644970594375128,0,0.3424988460480202,3,0,-1.0,0.289388484366241,0.289388484366241,1,0,0.0417391439869972,0.3003418069224219,0.19736031696980635,0.3424988460480202,0,VOLATILE,1.0,460189367126074.4,108458561694777.69,2022-10-14,357.63,0.04658445879819939,0.1143080837737327
1709,-1,-0.09054046427788526,1,0.3354540547091611,3,2,-1.0,0.22688976968561542,0.22688976968561542,1,0,0.044015264950427464,0.05841191240250126,0.11747572578430956,0.3354540547091611,0,VOLATILE,1.0,485284435342846.4,25095201691126.406,2022-10-17,366.82,0.03284989913308989,0.07714955564036852
1710,1,0.0775007044680715,1,0.33653526045623966,3,2,-1.0,0.24189175947306135,0.24189175947306135,1,0,0.04057869584448905,0.1189168475216708,0.1364985144553866,0.33653526045623966,0,VOLATILE,1.0,447395000848466.6,37889469057791.4,2022-10-18,371.13,0.037156791420795976,0.07372079864198522
1711,-1,-0.03408980967193942,1,0.33603059438322647,3,2,-1.0,0.22280393958856787,0.22280393958856787,1,0,0.03768376924815086,0.04985394999639856,0.11251257308151646,0.33603059438322647,0,VOLATILE,1.0,415477373628791.7,31917587492730.71,2022-10-19,368.5,0.03668928086838519,0.07313432835820888
1712,1,0.027763934619658065,1,0.33557918824578076,3,2,-1.0,0.23148005432373245,0.23148005432373245,1,0,0.04009420757779273,0.07964038732053957,0.12324486496611076,0.33557918824578076,0,VOLATILE,1.0,442053340058766.5,26575948467005.59,2022-10-20,365.41,0.03987301934812937,0.07889767658246893
1713,1,-0.00743369888382911,0,0.3334691150977371,3,0,-1.0,0.23272247017506792,0.23272247017506792,1,0,0.040239939709237456,0.08257115977056997,0.12427036649326914,0.3334691150977371,0,VOLATILE,1.0,443660090244165.0,1606750798350.304,2022-10-21,374.29,0.0393545112078868,0.058083304389644264
1714,1,0.04198703727972394,0,0.33510492492320537,3,0,-1.0,0.27595192330612733,0.27595192330612733,1,0,0.042141365914838406,0.24400704017554317,0.1787161353634605,0.33510492492320537,0,VOLATILE,1.0,464624011364948.5,20963832764117.332,2022-10-24,378.87,0.01937339984691322,0.0414918045767676
1715,-1,-0.06666151500361361,1,0.33415456083071265,3,2,-1.0,0.25251986143357313,0.25251986143357313,1,0,0.04302277077146302,0.15454263022747075,0.14918846699964458,0.33415456083071265,0,VOLATILE,1.0,474341823097702.0,9717858232550.203,2022-10-25,384.92,-0.001039176971838418,0.0389171775953443
1716,-1,0.0025538149750795602,0,0.3353555825268755,3,0,-1.0,0.2316416145360985,0.2316416145360985,1,0,0.04519321118484091,0.07497953022068508,0.123390913801842,0.3353555825268755,0,VOLATILE,1.0,498271724499809.9,23929947592407.75,2022-10-26,382.02,-0.018716297576043095,0.05340034553164763
1717,1,0.036970535566365204,1,0.33371082569776406,3,2,-1.0,0.24773390320498906,0.24773390320498906,1,0,0.04478805834848325,0.13449719794354872,0.1430950854306773,0.33371082569776406,0,VOLATILE,1.0,493804765919853.2,4466992755496.601,2022-10-27,379.98,-0.023606505605558215,0.05881888520448442
1718,-1,-0.020824233340787146,1,0.3339585222517472,3,2,-1.0,0.24300195853309248,0.24300195853309248,1,0,0.04545906176541687,0.11626717442249027,0.13724207872930239,0.3339585222517472,0,VOLATILE,1.0,501202824631222.8,7398068497579.283,2022-10-28,389.02,-0.03256901958768177,0.017711171662125436
1719,-1,-0.01254681294850829,0,0.34653409763995063,3,0,-1.0,0.22572320091268758,0.22572320091268758,1,0,0.03129091091644581,0.07507166573609562,0.11878752555084714,0.34653409763995063,0,VOLATILE,1.0,344993766425192.06,156209036475749.84,2022-10-31,386.21,-0.01620879832215627,0.02335516946738836
1720,-1,0.005347008558044097,0,0.3335306024846689,3,0,-1.0,0.21379145185032677,0.21379145185032677,1,0,0.031079182687026505,0.020786713615200608,0.1006219654340757,0.3335306024846689,0,VOLATILE,1.0,342659385060553.9,2334351507289.6914,2022-11-01,384.52,-0.006553625299074106,0.06023093727244366
1721,1,0.039724970662719655,1,0.3336102898103531,3,2,-1.0,0.24158467345068563,0.24158467345068563,1,0,0.03137644000737473,0.12477380279046114,0.1353834142659453,0.3336102898103531,0,VOLATILE,1.0,345936756013998.9,3277318147351.03,2022-11-02,374.87,-0.0019740176594552628,0.08672339744444746
1722,1,0.00020739975493710983,0,0.3368541164067366,3,0,-1.0,0.2695852948059816,0.2695852948059816,1,0,0.035155240102923695,0.22843020272455983,0.17119514760916116,0.3368541164067366,0,VOLATILE,1.0,387599412656127.4,41662597616470.42,2022-11-03,371.01,0.06382577289021851,0.09676289048812703
1723,-1,-0.041442451787774226,1,0.333865044263806,3,2,-1.0,0.2561434643735033,0.2561434643735033,1,0,0.03458456164674484,0.17635221295174736,0.15364559153283072,0.333865044263806,0,VOLATILE,1.0,381307473423659.0,6291912362310.978,2022-11-04,376.35,0.05888136043576453,0.06175102962667722
1724,-1,0.0009324698786741803,0,0.33361278092262026,3,0,-1.0,0.24363410381969924,0.24363410381969924,1,0,0.03428463289494022,0.12955284212089713,0.1379458250052791,0.33361278092262026,0,VOLATILE,1.0,378000648958862.2,3306796307703.51,2022-11-07,379.95,0.03992630609290693,0.03653112251612045
1725,1,0.02064047367079619,1,0.3350022393581694,3,2,-1.0,0.25176521693669135,0.25176521693669135,1,0,0.03607584217178676,0.1592954008594328,0.1484570810104065,0.3350022393581694,0,VOLATILE,1.0,397749388026418.4,19748720305349.15,2022-11-08,382.0,0.043167539267015664,0.02921465968586401
1726,-1,-0.031242812409742804,1,0.3339082817546703,3,2,-1.0,0.22865351764394065,0.22865351764394065,1,0,0.03669291988382614,0.071188982596954,0.11929396749359338,0.3339082817546703,0,VOLATILE,1.0,404552896068161.44,6803555978594.33,2022-11-09,374.13,0.05698553978563603,0.05909710528425949
1727,1,0.044786615186303114,1,0.3335790366098279,3,2,-1.0,0.25032843353749307,0.25032843353749307,1,0,0.03642921416644859,0.15248668905652135,0.14630530107432332,0.3335790366098279,0,VOLATILE,1.0,401645443839977.1,2907488626314.777,2022-11-10,394.69,-0.001140135296055056,-0.0035724239276394565
1728,1,0.02207271550847023,0,0.3356552350196988,3,0,-1.0,0.2940760649395157,0.2940760649395157,1,0,0.033937166711413606,0.3205895030765445,0.20150888992931937,0.3356552350196988,0,VOLATILE,1.0,374169706878578.06,27475835246657.098,2022-11-11,398.51,-0.006223181350530793,0.001104112820255354
1729,-1,-0.0941475525680141,1,0.3365441960575635,3,2,-1.0,0.24367614377352426,0.24367614377352426,1,0,0.030490994953551346,0.13570269124033724,0.13873122873129617,0.3365441960575635,0,VOLATILE,1.0,336174399625692.6,37995207001497.41,2022-11-14,395.12,-0.0013413646487143716,0.01733650536545861
1730,-1,0.04732607425225016,0,0.3355393115455501,3,0,-1.0,0.24060229685978296,0.24060229685978296,1,0,0.03285863195695031,0.12105446492639828,0.1346376989611162,0.3355393115455501,0,VOLATILE,1.0,362278465739695.1,26104074204563.04,2022-11-15,398.49,0.003538357298802808,0.0022836206680216797
1731,1,0.0046843027476473065,1,0.33336717904868846,3,2,-1.0,0.24221275269368897,0.24221275269368897,1,0,0.03282230613399977,0.12550090075385026,0.13610773562928336,0.33336717904868846,0,VOLATILE,1.0,361877960221921.44,400507611654.5753,2022-11-16,395.45,0.01762548994816049,-0.014717410544948795
1732,-1,-0.007920787511079413,1,0.3352006422304456,3,2,-1.0,0.23590242101651557,0.23590242101651557,1,0,0.03482645495134337,0.10120810553342434,0.12867818682825588,0.3352006422304456,0,VOLATILE,1.0,383974435802904.56,22096487509763.69,2022-11-17,394.24,0.020520495129870087,-0.027825689935064957
1733,-1,-0.011039867253436919,0,0.3347050963405109,3,0,-1.0,0.21855222208590525,0.21855222208590525,1,0,0.03629874078561094,0.034300914291916895,0.10686655169250928,0.3347050963405109,0,VOLATILE,1.0,400206926975012.56,16232528105730.012,2022-11-18,396.03,-0.000303007347928097,-0.04042623033608561
1734,1,0.045292195528562895,1,0.33981230382075794,3,2,-1.0,0.24649421868385782,0.24649421868385782,1,0,0.029344980810407914,0.14986756711962743,0.14307084931001177,0.33981230382075794,0,VOLATILE,1.0,323539173483656.75,76667813596829.64,2022-11-21,394.59,0.0016219366937835211,-0.035606578980714065
1735,1,-0.02096677299749583,0,0.339609060564479,3,0,-1.0,0.25346944228431456,0.25346944228431456,1,0,0.03608061008467435,0.16913659390486455,0.15173906799651296,0.339609060564479,0,VOLATILE,1.0,397801956014274.9,74262768517916.34,2022-11-22,399.9,0.019454863715929083,-0.034183545886471545
1736,-1,-0.04498670918377787,1,0.33630687532351417,3,2,-1.0,0.2154579567009934,0.2154579567009934,1,0,0.03927205312901157,0.020925440992349355,0.10339916470712031,0.33630687532351417,0,VOLATILE,1.0,432988785798086.1,35186911789152.086,2022-11-23,402.42,0.012325431141593235,-0.05392376124447096
1737,1,0.06110935828783981,1,0.3337004078164676,3,2,-1.0,0.23855582940551207,0.23855582940551207,1,0,0.039666031621528215,0.10519363451149276,0.131619888711007,0.3337004078164676,0,VOLATILE,1.0,437332543139851.44,4343714499659.3594,2022-11-25,402.33,0.011383690005716707,-0.04826883404170701
1738,1,0.005945932806065396,0,0.34591339250039,3,0,-1.0,0.2675996349160961,0.2675996349160961,1,0,0.05316799395537188,0.20976568135528115,0.17097789177021766,0.34591339250039,0,VOLATILE,1.0,586196628692426.8,148864026025278.25,2022-11-28,395.91,0.009295041802429793,-0.03664974362860263
1739,-1,-0.038288339620047074,1,0.3336577528606443,3,2,-1.0,0.2583551008066331,0.2583551008066331,1,0,0.052819798147280106,0.16625514452307738,0.15635831422345248,0.3336577528606443,0,VOLATILE,1.0,582357642233777.2,3838964214349.5713,2022-11-29,395.23,-0.003542241226627607,-0.04698529969890952
1740,1,0.03071385977188018,1,0.3358483303474738,3,2,-1.0,0.27982442646905026,0.27982442646905026,1,0,0.055519103341010026,0.24570874367853365,0.18374261567318123,0.3358483303474738,0,VOLATILE,1.0,612118471760364.4,29760796510951.5,2022-11-30,407.68,-0.035616169544740894,-0.05945839874411307
1741,1,0.03938168162914868,0,0.35004655108574567,3,0,-1.0,0.3406754337606161,0.3406754337606161,1,0,0.07345711861814663,0.4666106712984731,0.2633559299722066,0.35004655108574567,0,VOLATILE,1.0,809891667599142.2,197773066837122.66,2022-12-01,407.38,-0.027345475968383326,-0.06124502921105601
1742,-1,-0.11534536295972275,1,0.3418515046592573,3,2,-1.0,0.2861810780924592,0.2861810780924592,1,0,0.06431470494404519,0.2652529663971197,0.19318922378038828,0.3418515046592573,0,VOLATILE,1.0,709093204554472.0,100798355644523.56,2022-12-02,406.91,-0.03349635054434652,-0.0641173723919295
1743,-1,-0.0017540187509029748,0,0.3334188699148588,3,0,-1.0,0.2299327036733993,0.2299327036733993,1,0,0.06422288920706345,0.04808890200432809,0.12077059707046384,0.3334188699148588,0,VOLATILE,1.0,708080902387781.6,1012182830719.1952,2022-12-05,399.59,-0.0016016416827248081,-0.039615605996146
1744,-1,0.05046712039562931,0,0.3356893920607387,3,0,-1.0,0.22415144964996872,0.22415144964996872,1,0,0.06169417185404872,0.03064080837888808,0.11411166007764559,0.3356893920607387,0,VOLATILE,1.0,680200866355248.4,27880026878730.49,2022-12-06,393.83,0.020668816494426645,-0.03669095802757527
1745,0,0.005183677279047505,0,0.3338423968916124,3,1,-1.0,0.22355387290558565,0.22355387290558565,1,0,0.0611478025560003,0.02756101850865523,0.11290294035488517,0.3338423968916124,0,VOLATILE,1.0,674176944504710.5,6023918471434.706,2022-12-07,393.16,0.01587140095635342,-0.012920948214467542
1746,1,0.0027124883106883213,0,0.33394044261833694,3,1,-1.0,0.2256687844718909,0.2256687844718909,1,0,0.06179940280489708,0.034913870928446555,0.11557109124444787,0.33394044261833694,0,VOLATILE,1.0,681361076173831.9,7184126179599.76,2022-12-08,396.24,-0.016681809004643666,-0.0211487987078538
1747,1,0.005014836011718121,0,0.3346231467177815,3,0,-1.0,0.23279853204991427,0.23279853204991427,1,0,0.06318373800154267,0.06077811722397198,0.12465395174183821,0.3346231467177815,0,VOLATILE,1.0,696623879316923.2,15262790951973.797,2022-12-09,393.28,-0.025452603742880386,-0.006865337672904759
1748,-1,-0.008598743778687745,1,0.35117559501366363,3,2,-1.0,0.2313295358492499,0.2313295358492499,1,0,0.04403395285773537,0.08683350283719943,0.12695581856497826,0.35117559501366363,0,VOLATILE,1.0,485490476373290.5,211133419315384.3,2022-12-12,398.95,-0.04744955508209048,-0.008597568617621287
1749,1,0.013506014997592602,1,0.33494040690598353,3,2,-1.0,0.24336655464617812,0.24336655464617812,1,0,0.04230911014843388,0.1215207749542218,0.13794329503421854,0.33494040690598353,0,VOLATILE,1.0,466473453047830.1,19017036324441.16,2022-12-13,401.97,-0.05331243625146154,-0.012463616687812595
1750,1,0.011615956742857064,0,0.3432850753788333,3,0,-1.0,0.2670195301859634,0.2670195301859634,1,0,0.05299014511265983,0.20579689961882802,0.1695956815771626,0.3432850753788333,0,VOLATILE,1.0,584235779988934.9,117762274977024.75,2022-12-14,399.4,-0.032974461692538704,-0.0022533800701051154
1751,-1,-0.05618256716551251,1,0.33633853392682705,3,2,-1.0,0.2344899385602362,0.2344899385602362,1,0,0.05621556773480316,0.07537560231120281,0.12719705668200199,0.33633853392682705,0,VOLATILE,1.0,619797247077494.8,35561538576269.06,2022-12-15,389.63,-0.022867848984934325,0.020891615122038854
1752,-1,0.0218687236213454,0,0.3394412362880389,3,0,-1.0,0.22382907055585438,0.22382907055585438,1,0,0.06277107071700092,0.031168871083482187,0.11464664726682769,0.3394412362880389,0,VOLATILE,1.0,692074071190382.2,72276848012782.95,2022-12-16,383.27,-0.0009392856211024592,0.021447021681843204
1753,1,0.028411213397502327,1,0.3396189835851236,3,2,-1.0,0.2415794159489749,0.2415794159489749,1,0,0.06951735139568778,0.09111969610181073,0.1368790158324995,0.3396189835851236,0,VOLATILE,1.0,766454289360331.2,74380190922999.45,2022-12-19,380.02,0.003631387821693588,0.022683016683332502
1754,1,-0.004763718271181161,0,0.33386382042483953,3,0,-1.0,0.25456604307091424,0.25456604307091424,1,0,0.06894799164293867,0.13607253519161938,0.15167350894485268,0.33386382042483953,0,VOLATILE,1.0,760176889316710.5,6277430268599.329,2022-12-20,380.54,-0.010196037210280062,0.04031113680559195
1755,-1,-0.043775714135108196,1,0.33705705379948053,3,2,-1.0,0.2237769560577454,0.2237769560577454,1,0,0.0649513823256031,0.027004993240552624,0.1139854585220519,0.33705705379948053,0,VOLATILE,1.0,716112806139351.1,44064023310400.19,2022-12-21,386.23,-0.0072236750122983695,0.03728348393444314
1756,1,0.03477325144028201,1,0.3353669356597235,3,2,-1.0,0.22776112048485855,0.22776112048485855,1,0,0.06276875326750428,0.0428606502955079,0.11854313452100405,0.3353669356597235,0,VOLATILE,1.0,692048520459932.8,24064292991051.13,2022-12-22,380.72,0.004491489808783333,0.05116621138894706
1757,1,0.02748303120354806,0,0.3333567157885431,3,0,-1.0,0.2592283161155198,0.2592283161155198,1,0,0.06279385488941756,0.15932986738518898,0.1573745740915355,0.3333567157885431,0,VOLATILE,1.0,692325275045645.1,276692372798.8762,2022-12-23,382.91,-0.005458201666187934,0.04554595074560597
1758,-1,-0.04356156031108635,1,0.34334866083266824,3,2,-1.0,0.24713395143509462,0.24713395143509462,1,0,0.052044578409652445,0.13221923509645356,0.1447546045020353,0.34334866083266824,0,VOLATILE,1.0,573810560373314.2,118514702809741.12,2022-12-27,381.4,0.006187729417933996,0.06122181436811758
1759,-1,-0.002649026298480628,0,0.33695067529727973,3,0,-1.0,0.2323905604561888,0.2323905604561888,1,0,0.05592700479652748,0.06825060338714038,0.12472586939455595,0.33695067529727973,0,VOLATILE,1.0,616615734874405.6,42805211097368.61,2022-12-28,376.66,0.0072213667498539635,0.07704561142675082
1760,1,0.016104321538940897,1,0.33716914978100126,3,2,-1.0,0.2337514910162239,0.2337514910162239,1,0,0.05181009087211558,0.07763486277447501,0.12648165121553018,0.33716914978100126,0,VOLATILE,1.0,571225249291427.8,45390492358664.42,2022-12-29,383.44,0.012100980596703392,0.04472668474859165
1761,-1,-0.015022614032367237,1,0.34725552136224136,3,2,-1.0,0.22008980754389174,0.22008980754389174,1,0,0.036867648969634056,0.04891077034164093,0.11192613977042498,0.34725552136224136,0,VOLATILE,1.0,406479348307850.6,164745883428868.84,2022-12-30,382.43,0.014198676882043682,0.06288732578511103
1762,1,0.024535385893670575,1,0.33349942919422815,3,2,-1.0,0.23096350996523016,0.23096350996523016,1,0,0.03668938285791414,0.07954835140737013,0.12207924475509475,0.33349942919422815,0,VOLATILE,1.0,404513899060545.3,1965467588872.0005,2023-01-03,380.82,0.025628906044850464,0.07872485688776854
1763,-1,-0.017380799273987196,1,0.33356561257501427,3,2,-1.0,0.22445641311258138,0.22445641311258138,1,0,0.03693868283940362,0.05494707576403729,0.1139619195344803,0.33356561257501427,0,VOLATILE,1.0,407262522768351.25,2748637555638.712,2023-01-04,383.76,0.03064415259537201,0.08604336043360439
1764,0,0.007218361705141729,0,0.3334106444653515,3,1,-1.0,0.22516767796507434,0.22516767796507434,1,0,0.036855706311482044,0.05758106940656038,0.1148122585726808,0.3334106444653515,0,VOLATILE,1.0,406347676122659.44,914848349754.8339,2023-01-05,379.38,0.046338763245294956,0.08690495018187572
1765,1,0.007212808372631413,0,0.3333789629340922,3,1,-1.0,0.2330917511901987,0.2330917511901987,1,0,0.03690468103317448,0.08722360813063984,0.12470942972127144,0.3333789629340922,0,VOLATILE,1.0,406887640387088.06,539950248618.8852,2023-01-06,388.08,0.026850133992991188,0.05604514533085969
1766,1,0.010914003520340915,0,0.3337426485834317,3,0,-1.0,0.251929827935664,0.251929827935664,1,0,0.037343995497427764,0.15769984569888612,0.14834794706543797,0.3337426485834317,0,VOLATILE,1.0,411731243440783.4,4843563550381.32,2023-01-09,387.86,0.025550456350229345,0.07046356932913933
1767,-1,-0.03645180217100347,1,0.33531626926446045,3,2,-1.0,0.23431610251012583,0.23431610251012583,1,0,0.03521574215065924,0.09495684421065789,0.12672419545377236,0.33531626926446045,0,VOLATILE,1.0,388266469916954.94,23464740677116.996,2023-01-10,390.58,0.0023298684008399295,0.05138511956577396
1768,-1,0.0029754933257950256,0,0.33491141997732127,3,0,-1.0,0.2196778704103827,0.2196778704103827,1,0,0.03690947206132864,0.038066106960597486,0.1083251930073087,0.33491141997732127,0,VOLATILE,1.0,406940463229234.4,18674024352441.31,2023-01-11,395.52,-0.017394822006472466,0.029252629449838086
1769,1,0.015958950755277923,1,0.33401155893924933,3,2,-1.0,0.2209985890659175,0.2209985890659175,1,0,0.0376373997592518,0.041615978442375835,0.10975112606720921,0.33401155893924933,0,VOLATILE,1.0,414966133011181.9,8025669268272.08,2023-01-12,396.96,-0.0027206771463119672,0.02791213220475619
1770,1,0.01874854899128861,0,0.340019483578351,3,0,-1.0,0.2410678567127409,0.2410678567127409,1,0,0.030461276242199024,0.12855779911434256,0.13633969178551386,0.340019483578351,0,VOLATILE,1.0,335846739935947.0,79119440605628.47,2023-01-13,398.5,0.005345043914680048,0.03595984943538255
1771,-1,-0.02887986407959936,1,0.33501946317581216,3,2,-1.0,0.23225726027996493,0.23225726027996493,1,0,0.028651581055979997,0.0935777423757476,0.1240764411439092,0.33501946317581216,0,VOLATILE,1.0,315894186939252.2,19952535470586.12,2023-01-17,397.77,0.006109057998340717,0.03738341252482602
1772,-1,0.0034711218930599808,0,0.33853155418277614,3,0,-1.0,0.22691778574024896,0.22691778574024896,1,0,0.02307242068311777,0.08176794147989785,0.1182801207210052,0.33853155418277614,0,VOLATILE,1.0,254381898093985.66,61512276972673.03,2023-01-18,391.49,0.02263148483997046,0.05744718894480072
1773,1,0.024142986237129016,1,0.3389076104915469,3,2,-1.0,0.245721297437662,0.245721297437662,1,0,0.01708965102315555,0.1585459222367372,0.14187852441996424,0.3389076104915469,0,VOLATILE,1.0,188419668865307.97,65962276403710.36,2023-01-19,388.64,0.0414522437216962,0.050535199670646236
1774,-1,-0.04517894862710753,1,0.3337291693986265,3,2,-1.0,0.2193458605079675,0.2193458605079675,1,0,0.017514489817232783,0.055329364136615315,0.10761461798461602,0.3337291693986265,0,VOLATILE,1.0,193103672347456.78,4684059871503.792,2023-01-20,395.88,0.024754976255430883,0.028746084672122807
1775,-1,0.02046896076618221,0,0.33417075171690924,3,0,-1.0,0.21343938434445522,0.21343938434445522,1,0,0.01841327511819997,0.03261247996118902,0.10034191835979632,0.33417075171690924,0,VOLATILE,1.0,203013109852048.62,9909450376286.219,2023-01-23,400.63,-9.984274767249612e-05,-0.0038439457853880477
1776,1,0.00967414849487494,1,0.333494547213827,3,2,-1.0,0.21720705667581788,0.21720705667581788,1,0,0.01858630381449334,0.04606106913019406,0.10488245764822912,0.333494547213827,0,VOLATILE,1.0,204920814673850.9,1907697490349.7363,2023-01-24,400.2,0.015692153923038576,-0.004147926036981442
1777,1,0.020511214659652444,0,0.3342554427411767,3,0,-1.0,0.241485943666833,0.241485943666833,1,0,0.017596624483211032,0.13866724632329505,0.13542129026883537,0.3342554427411767,0,VOLATILE,1.0,194009237156534.25,10911627446619.549,2023-01-25,400.35,0.026102160609466685,0.0007743224678407046
1778,-1,-0.030639429392892215,1,0.3342639297877821,3,2,-1.0,0.23512540126495587,0.23512540126495587,1,0,0.016597830580200847,0.11582037150422017,0.12747273402814033,0.3342639297877821,0,VOLATILE,1.0,182997168143838.97,11012057493088.992,2023-01-26,404.75,0.029722050648548493,-0.020679431747992583
1779,-1,-0.015370953758580802,0,0.3361115051886112,3,0,-1.0,0.21339390510449796,0.21339390510449796,1,0,0.013616063630802162,0.038694709402523515,0.10077025767777523,0.3361115051886112,0,VOLATILE,1.0,150122094189550.53,32875031975190.9,2023-01-27,405.68,0.016441530270163707,-0.019596726483928184
1780,-1,0.01886889428202662,0,0.3335220862447323,3,0,-1.0,0.21053130322606667,0.21053130322606667,1,0,0.013818648154864938,0.025815303626434485,0.09654465059376646,0.3335220862447323,0,VOLATILE,1.0,152355662849871.62,2233576006416.877,2023-01-30,400.59,0.023065977682917627,-0.010809056641453818
1781,-1,0.0019232743834501909,0,0.33381399801855743,3,0,-1.0,0.20959197573108557,0.20959197573108557,1,0,0.013302759073466175,0.02302764843202287,0.09544346916849634,0.33381399801855743,0,VOLATILE,1.0,146667796564206.84,5687865157105.917,2023-01-31,406.48,0.021427868529816818,-0.028882109820901447
1782,1,0.0026294117298835407,1,0.3334916142742618,3,2,-1.0,0.211282059965988,0.211282059965988,1,0,0.013472639416994623,0.028953796161156856,0.09747547852605049,0.3334916142742618,0,VOLATILE,1.0,148540789642356.0,1872991040566.2715,2023-02-01,410.8,-0.00036514118792607686,-0.031621226874391506
1783,1,0.0049485276888180385,0,0.33529349026221034,3,0,-1.0,0.21792067188970848,0.21792067188970848,1,0,0.015576442791644118,0.05309619449142038,0.10622421242768816,0.33529349026221034,0,VOLATILE,1.0,171735993258396.94,23195189163983.348,2023-02-02,416.78,-0.02324967608810402,-0.030207783482892547
1784,-1,-0.01620091202347046,1,0.33509999508474314,3,2,-1.0,0.2083583717899585,0.2083583717899585,1,0,0.017472567897661346,0.015196322628240272,0.09422296350863386,0.33509999508474314,0,VOLATILE,1.0,192641467812493.16,20905496345234.504,2023-02-03,412.35,-0.010452285679641071,-0.019109979386443543
1785,1,0.023651543596403646,1,0.33401203557483067,3,2,-1.0,0.22244761528661217,0.22244761528661217,1,0,0.0182010095745796,0.06648657443133907,0.11156252800197289,0.33401203557483067,0,VOLATILE,1.0,200672804401324.47,8031309455702.062,2023-02-06,409.83,0.007320108337603326,-0.02820681746089848
1786,1,0.017247992502192416,0,0.3339129485615898,3,0,-1.0,0.25378485128545825,0.25378485128545825,1,0,0.017578924620553174,0.18454897912110743,0.1507093012472202,0.3339129485615898,0,VOLATILE,1.0,193814089680647.47,6858779857711.358,2023-02-07,415.19,-0.006141766420193151,-0.039186878296683436
1787,-1,-0.04311807568716253,1,0.33368938497275963,3,2,-1.0,0.2420040115971418,0.2420040115971418,1,0,0.017961066477829774,0.1398210157410217,0.13592736073961714,0.33368938497275963,0,VOLATILE,1.0,198027343778701.9,4213277522311.056,2023-02-08,410.65,0.008109095336661598,-0.046487276269329025
1788,-1,-0.010293539660623574,0,0.33424380021948236,3,0,-1.0,0.21992963224820178,0.21992963224820178,1,0,0.016983874327047413,0.05843509676832106,0.10847299036512281,0.33424380021948236,0,VOLATILE,1.0,187253442005124.75,10773857613465.916,2023-02-09,407.09,0.002923186518951626,-0.052027807118818825
1789,-1,0.013015532585137712,0,0.3339498611699855,3,0,-1.0,0.21087078548439947,0.21087078548439947,1,0,0.01632216407424972,0.024905677369737426,0.09707594714799571,0.3339498611699855,0,VOLATILE,1.0,179957843835917.75,7295579035195.566,2023-02-10,408.04,-0.001911577296343614,-0.05558278600137245
1790,-1,0.0076815323194456,0,0.33341835484668925,3,0,-1.0,0.20949347104004276,0.20949347104004276,1,0,0.0164134159138968,0.019250866621280543,0.09522142751172577,0.33341835484668925,0,VOLATILE,1.0,180963928827726.88,1006087857684.3597,2023-02-13,412.83,-0.033282464937141265,-0.051110626650194946
1791,1,0.014541545927427013,1,0.33347081993338945,3,2,-1.0,0.22265770252311307,0.22265770252311307,1,0,0.0162658562417592,0.06880364316995702,0.11168983313723874,0.33347081993338945,0,VOLATILE,1.0,179337029336077.38,1626924685893.2434,2023-02-14,412.64,-0.034170221015897506,-0.0566110895696007
1792,1,0.004533125814764477,0,0.33456271218569866,3,0,-1.0,0.24035505982094785,0.24035505982094785,1,0,0.014946388963516037,0.13730711950431232,0.13408450282260945,0.33456271218569866,0,VOLATILE,1.0,164789418778768.25,14547649024790.732,2023-02-15,413.98,-0.03217546741388466,-0.04316633653799706
1793,-1,-0.020640968115199165,1,0.3334059887711557,3,2,-1.0,0.23741144900358346,0.23741144900358346,1,0,0.015024368272070788,0.125323057069734,0.13011580844726828,0.3334059887711557,0,VOLATILE,1.0,165649169248589.06,859755971195.1914,2023-02-16,408.28,-0.029146664054080507,-0.044797687861271585
1794,-1,-0.02167514125800174,0,0.33351319408277263,3,0,-1.0,0.2127926969282173,0.2127926969282173,1,0,0.014831322213298411,0.03327618682959615,0.09936916968096485,0.33351319408277263,0,VOLATILE,1.0,163520765665604.28,2128352095161.4766,2023-02-17,407.26,-0.02340028483032941,-0.03319746599224083
1795,1,0.031467226448087,1,0.33357423525147917,3,2,-1.0,0.21964117130093816,0.21964117130093816,1,0,0.014572767822230496,0.059262300994897016,0.1079450229390425,0.33357423525147917,0,VOLATILE,1.0,160670108698842.38,2850672555365.32,2023-02-21,399.09,-0.007091132326041749,-0.0004510260843417768
1796,-1,-0.01566984548562908,1,0.33338703157462496,3,2,-1.0,0.21081980018802993,0.21081980018802993,1,0,0.014515132811996527,0.026099391574084498,0.09687150812869366,0.33338703157462496,0,VOLATILE,1.0,160034661577738.56,635429156810.7509,2023-02-22,398.54,-0.009534802027400091,-0.016133888693732112
1797,-1,0.007797126946337635,0,0.33500710767553415,3,0,-1.0,0.20979555602145933,0.20979555602145933,1,0,0.01271869999485385,0.02526996584226914,0.09599622194570766,0.33500710767553415,0,VOLATILE,1.0,140228331063079.78,19806328724614.9,2023-02-23,400.66,-0.007113263115858914,-0.018694154644836036
1798,1,0.0018841810890440902,1,0.33428264631748134,3,2,-1.0,0.21065549294393282,0.21065549294393282,1,0,0.01373758102591216,0.0269325022519468,0.09689002775928632,0.33428264631748134,0,VOLATILE,1.0,151461868027938.3,11233536416777.584,2023-02-24,396.38,0.019703315000756838,-0.0015893839245169072
1799,1,0.01868072743619395,0,0.33586812822372764,3,0,-1.0,0.23019615730260026,0.23019615730260026,1,0,0.016458135440102904,0.0986785506124438,0.12171222868418222,0.33586812822372764,0,VOLATILE,1.0,181456978001648.06,29995071368228.31,2023-02-27,397.73,0.01694616951198058,-0.003117692907248615
1800,1,-0.010704751257021083,0,0.3342220202893481,3,0,-1.0,0.23903207040424662,0.23903207040424662,1,0,0.015504325111220426,0.13153245412171538,0.13234559307764526,0.3342220202893481,0,VOLATILE,1.0,170940869388029.16,10516128453111.549,2023-02-28,396.26,0.005072427194266371,-0.001665573108564966
1801,-1,-0.02970713287093421,1,0.33359160384587216,3,2,-1.0,0.21816085063495877,0.21816085063495877,1,0,0.015781518444412647,0.052515374321086924,0.10609896425516652,0.33359160384587216,0,VOLATILE,1.0,173997027526131.7,3056200912061.5444,2023-03-01,394.74,0.010589248619344405,0.016745199371738462
1802,-1,0.017904445311825418,0,0.3342525272151824,3,0,-1.0,0.21519407617749634,0.21519407617749634,1,0,0.016768072406559725,0.040899108670438306,0.10255572702566601,0.3342525272151824,0,VOLATILE,1.0,184874146702740.06,10877127057413.896,2023-03-02,397.81,-0.015711017822578666,0.014806063195998087
1803,1,0.007937385237281602,1,0.3345118751155223,3,2,-1.0,0.2201646869573155,0.2201646869573155,1,0,0.015503165307409177,0.0609983171191656,0.10883382747552492,0.3345118751155223,0,VOLATILE,1.0,170928082125739.94,13946077057815.564,2023-03-03,404.19,-0.04522625497909394,0.012865236646131706
1804,-1,-0.007664024329892077,1,0.33448662898392467,3,2,-1.0,0.2174712734072426,0.2174712734072426,1,0,0.014265352711205296,0.05211689430389792,0.1054607490050344,0.33448662898392467,0,VOLATILE,1.0,157280744378583.44,13647331182198.203,2023-03-06,404.47,-0.0472470146117141,0.016020965708210655
1805,1,0.02454377581777209,1,0.3334348998045432,3,2,-1.0,0.23932163567494177,0.23932163567494177,1,0,0.014156347135608623,0.1333759614988305,0.13251076954481303,0.3334348998045432,0,VOLATILE,1.0,156078917938092.16,1201869849156.0574,2023-03-07,398.27,-0.016421020915459272,0.026112938458834556
1806,1,-0.005623930725874804,0,0.33350883134537296,3,0,-1.0,0.25554806721676615,0.25554806721676615,1,0,0.014344709197721116,0.19409216637418167,0.15281229185730094,0.33350883134537296,0,VOLATILE,1.0,158155678740400.75,2076726371849.7603,2023-03-08,398.92,-0.02416524616464466,0.021758748621277357
1807,0,-0.016101449307973775,0,0.33357988290878754,3,1,-1.0,0.25567304945061675,0.25567304945061675,1,0,0.014609326510056747,0.19434952111134668,0.1529862825404678,0.33357988290878754,0,VOLATILE,1.0,161073181637256.34,2917503163502.732,2023-03-09,391.56,0.011620185922974757,0.0450250280927571
1808,-1,-0.01404531866732861,0,0.33603022988595,3,1,-1.0,0.24175271301713872,0.24175271301713872,1,0,0.01750385584401009,0.14109149038472268,0.13619844874291093,0.33603022988595,0,VOLATILE,1.0,192986428893472.44,31913274275175.023,2023-03-10,385.91,0.010572413256976887,0.061413282889792864
1809,1,0.07144349470818906,1,0.37553115724204167,3,2,-1.0,0.29927587129184974,0.29927587129184974,1,0,0.06279405024586762,0.34113883503010023,0.2179776284253226,0.37553115724204167,0,VOLATILE,1.0,692327428922139.2,499340891257970.2,2023-03-13,385.36,0.02174589993772047,0.06321361843471052
1810,-1,-0.1119500124446777,1,0.34843214100685277,3,2,-1.0,0.24484901712188306,0.24484901712188306,1,0,0.0789993238918174,0.10050859607038373,0.14316930665406702,0.34843214100685277,0,VOLATILE,1.0,870996512925339.5,178669215193155.5,2023-03-14,391.73,0.01832895106323229,0.04166134837770907
1811,-1,0.05143388100198229,0,0.33999273316970047,3,0,-1.0,0.24185604395389868,0.24185604395389868,1,0,0.08614673956321452,0.07580797514118096,0.1373182382347985,0.33999273316970047,0,VOLATILE,1.0,949799391475793.0,78802894119109.38,2023-03-15,389.28,0.007269831483764921,0.062140361693382884
1812,1,0.023614219964089078,1,0.35364814079327256,3,2,-1.0,0.26247729075000337,0.26247729075000337,1,0,0.10795026952803528,0.14157567637943166,0.16650864863582232,0.35364814079327256,0,VOLATILE,1.0,1190191304130998.2,240391876242857.66,2023-03-16,396.11,-0.007422180707379211,0.041276413117568245
1813,-1,-0.028653643083932784,1,0.3359187489228006,3,2,-1.0,0.2544448944621753,0.2544448944621753,1,0,0.10517538645207712,0.10093202947318061,0.15203580530841926,0.3359187489228006,0,VOLATILE,1.0,1159597200740381.2,30594082943941.016,2023-03-17,389.99,0.014769609477166101,0.061411831072591516
1814,-1,0.007044165715794137,0,0.3342056440403116,3,0,-1.0,0.2534566638901413,0.2534566638901413,1,0,0.10423914995836496,0.09687757265989866,0.15037224087275453,0.3342056440403116,0,VOLATILE,1.0,1149274850103388.0,10322342849213.244,2023-03-20,393.74,0.006984304363285343,0.051988621933255263
1815,1,0.02048511106098816,1,0.3339958949052273,3,2,-1.0,0.2729535443790955,0.2729535443790955,1,0,0.10352803840923941,0.17054467419128927,0.17469090420017622,0.3339958949052273,0,VOLATILE,1.0,1141434584527983.0,7840311541623.314,2023-03-21,398.91,-0.008297610989947635,0.03817903787821808
1816,-1,-0.05308049079176841,1,0.33520893208477026,3,2,-1.0,0.23936993407628132,0.23936993407628132,1,0,0.10151498478949468,0.04752896706013796,0.13301465061654422,0.33520893208477026,0,VOLATILE,1.0,1119239930235365.6,22194584114362.18,2023-03-22,392.11,0.023564815995511523,0.05041952513325332
1817,1,0.035645585817565384,1,0.33695281414062656,3,2,-1.0,0.2414319095910325,0.2414319095910325,1,0,0.09763026036687213,0.06045401120496971,0.13602809052394726,0.33695281414062656,0,VOLATILE,1.0,1076409419047527.2,42830520742372.43,2023-03-23,393.17,0.026782307907520897,0.04840145484141711
1818,-1,-0.004642828498641227,1,0.33460653994720746,3,2,-1.0,0.23885105660714245,0.23885105660714245,1,0,0.09626374948297906,0.05038261775421076,0.13221545574572993,0.33460653994720746,0,VOLATILE,1.0,1061343135488249.0,15066277510017.965,2023-03-24,395.75,0.0344662034112444,0.042653190145293784
1819,1,0.006096278723055154,1,0.333358078538745,3,2,-1.0,0.24236648234630756,0.24236648234630756,1,0,0.09629030871017204,0.06260255899254004,0.1362976225675707,0.333358078538745,0,VOLATILE,1.0,1061635960706636.4,292818249380.6672,2023-03-27,396.49,0.0364700244646774,0.024187243057832486
1820,1,0.007582199835916348,0,0.3353715446426961,3,0,-1.0,0.253464107921389,0.253464107921389,1,0,0.09847788722377064,0.10354117596346024,0.15067302106241026,0.3353715446426961,0,VOLATILE,1.0,1085754815947777.8,24118832620163.58,2023-03-28,395.6,0.033038422649140475,0.022143579373104183
1821,-1,-0.019047854286586702,1,0.3429940832095422,3,2,-1.0,0.2455138792098838,0.2455138792098838,1,0,0.10884659891502795,0.06907601052919299,0.1426408698147403,0.3429940832095422,0,VOLATILE,1.0,1200073664283500.5,114318867812777.03,2023-03-29,401.35,0.015572443004858494,0.027556995141397866
1822,1,0.009933568159929934,1,0.3377842719396674,3,2,-1.0,0.2474972186583085,0.2474972186583085,1,0,0.11362371328239762,0.06782906064100985,0.14381759130780247,0.3377842719396674,0,VOLATILE,1.0,1252743101828592.0,52669437538524.73,2023-03-30,403.7,0.013599207332177343,0.0302947733465444
1823,1,0.011607100287951672,0,0.3377726910177676,3,0,-1.0,0.2610876583946849,0.2610876583946849,1,0,0.11838839991970614,0.11401983732368795,0.16080274574779801,0.3377726910177676,0,VOLATILE,1.0,1305275519092830.5,52532396636236.2,2023-03-31,409.39,0.0005373848897141098,0.014949070568406775
1824,1,0.020016006702664707,0,0.3352695272833888,3,0,-1.0,0.294694104833726,0.294694104833726,1,0,0.11631032339304301,0.24024471519597096,0.20218501286300467,0.3352695272833888,0,VOLATILE,1.0,1282363963409212.0,22911627262122.47,2023-04-03,410.95,-0.0029930648497382695,-0.0002676724662368235
1825,-1,-0.05403171797833001,1,0.3352449507350342,3,2,-1.0,0.2742688332944371,0.2742688332944371,1,0,0.11836202515434727,0.16157981275106753,0.1766472793018049,0.3352449507350342,0,VOLATILE,1.0,1304984727633801.5,22620804787816.527,2023-04-04,408.67,-0.0015171164998654119,-0.001590525362762163
1826,-1,-0.020888333133611325,0,0.34155027944642474,3,0,-1.0,0.23295522862153684,0.23295522862153684,1,0,0.1271811214430852,0.002563695472496556,0.12658160563852724,0.34155027944642474,0,VOLATILE,1.0,1402218497952678.5,97233857471096.53,2023-04-05,407.6,0.01440137389597651,-0.006059862610402367
1827,1,0.04335153015823259,1,0.33652104598040444,3,2,-1.0,0.2349931541068692,0.2349931541068692,1,0,0.13060243754127818,0.0030126748447846493,0.1278717041286876,0.33652104598040444,0,VOLATILE,1.0,1439939762443779.8,37721264435494.26,2023-04-06,409.19,0.007991397639238507,0.008406852562379274
1828,1,-0.00010688939109260165,0,0.3415612245654219,3,0,-1.0,0.23692419020110894,0.23692419020110894,1,0,0.13943328906552227,0.005203342612702656,0.13154554389274165,0.3415612245654219,0,VOLATILE,1.0,1537303138544454.2,97363374706079.52,2023-04-10,409.61,0.010571030980689011,0.0076414150045165385
1829,-1,-0.010974887879914214,1,0.3574940774505833,3,2,-1.0,0.22788033841543448,0.22788033841543448,1,0,0.1135019861596796,0.009169840986137105,0.1242239423819389,0.3574940774505833,0,VOLATILE,1.0,1251401015666424.0,285902124409634.25,2023-04-11,409.72,0.010958703504832412,0.002953236356536104
1830,1,0.026255317776350456,1,0.34202826085304644,3,2,-1.0,0.24509180440611048,0.24509180440611048,1,0,0.10416987576062997,0.07144558640206927,0.14187182072089974,0.34202826085304644,0,VOLATILE,1.0,1148511076672295.0,102889970499663.69,2023-04-12,408.05,0.014924641588040632,0.011763264305844956
1831,1,-0.014089786619883332,0,0.3461966155309061,3,0,-1.0,0.24821348377690314,0.24821348377690314,1,0,0.09036394223291434,0.10008408357865196,0.1468160086038554,0.3461966155309061,0,VOLATILE,1.0,996295597248871.0,152215498385290.75,2023-04-13,413.47,-0.0038455026966890404,-0.003240863907901459
1832,-1,-0.03711006620481336,1,0.36215272024355205,3,2,-1.0,0.21422509694288241,0.21422509694288241,1,0,0.05943259527880882,0.015526058439664262,0.10831955123949102,0.36215272024355205,0,VOLATILE,1.0,655266155351327.9,341029394700305.75,2023-04-14,412.46,-0.0006303641565242879,-0.0021092954468312497
1833,1,0.034805377339613336,1,0.34690715094761587,3,2,-1.0,0.21504208744847503,0.21504208744847503,1,0,0.04486405519580756,0.021724135946685746,0.10552939704749775,0.34690715094761587,0,VOLATILE,1.0,494642659027690.9,160623500395484.2,2023-04-17,413.94,-0.0031647098613325486,-0.0022467024206407338
1834,0,-0.00010060457533833667,0,0.3461846182483587,3,1,-1.0,0.2157584733787293,0.2157584733787293,1,0,0.031070997223835113,0.037661741632668964,0.10624424628550136,0.3461846182483587,0,VOLATILE,1.0,342569137327470.2,152073530548919.8,2023-04-18,414.21,-0.01962772506699495,-0.009560367929311142
1835,-1,-0.004025911576167107,0,0.333851460976538,3,1,-1.0,0.21244894773281647,0.21244894773281647,1,0,0.03162709342855636,0.015445056301908889,0.09902404991015508,0.333851460976538,0,VOLATILE,1.0,348700301890682.25,6131176804352.387,2023-04-19,414.14,-0.023615202588496587,0.00263196020669354
1836,1,0.01847674925446821,1,0.33497925407793244,3,2,-1.0,0.22761617134137185,0.22761617134137185,1,0,0.033393633930771514,0.07140144915782214,0.11826502769619787,0.33497925407793244,0,VOLATILE,1.0,368177058672522.9,19476727836159.555,2023-04-20,411.88,0.0012867825580267223,0.017845003399048265
1837,0,-0.01513600074843266,0,0.33844824555413766,3,1,-1.0,0.22764739420149457,0.22764739420149457,1,0,0.027903888899387688,0.07961002352182026,0.11917130414040264,0.33844824555413766,0,VOLATILE,1.0,307650606753359.2,60526458249797.23,2023-04-21,412.2,0.009049005337214977,0.015574963609898074
1838,-1,-0.01968831797746845,0,0.3416767347492382,3,1,-1.0,0.20799029908414884,0.20799029908414884,1,0,0.018949059318945683,0.01727211330854117,0.09540705754249561,0.3416767347492382,0,VOLATILE,1.0,208920327123541.53,98730245146152.67,2023-04-24,412.63,0.00697961854445861,0.014928628553425582
1839,1,0.041174734830406096,1,0.3382495719567507,3,2,-1.0,0.2295079387972092,0.2295079387972092,1,0,0.013672550462241905,0.10066939899485552,0.12144731648569913,0.3382495719567507,0,VOLATILE,1.0,150744882218440.4,58175487465065.55,2023-04-25,406.08,0.011721828211189944,0.01972517730496448
1840,1,-0.00589042169134546,0,0.33608817965704324,3,0,-1.0,0.24513515681892412,0.24513515681892412,1,0,0.016629281668157133,0.15469369114559067,0.14044099093791593,0.33608817965704324,0,VOLATILE,1.0,183343927920861.2,32599013198786.875,2023-04-26,404.36,0.009051340389751639,0.016643584924324717
1841,-1,-0.033224181836443156,1,0.3335620962203454,3,2,-1.0,0.2275381930041959,0.2275381930041959,1,0,0.016383751114034263,0.08705604481695942,0.11781326531033122,0.3335620962203454,0,VOLATILE,1.0,180636863531924.1,2707027360805.8438,2023-04-27,412.41,-0.01765233626730689,0.005431488082248137
1842,-1,0.008494609517894325,0,0.3347985466977886,3,0,-1.0,0.218435838707362,0.218435838707362,1,0,0.017956337242698323,0.052276967933250575,0.10674443505864963,0.3347985466977886,0,VOLATILE,1.0,197975202227288.9,17338357278162.955,2023-04-28,415.93,-0.007934027360373186,0.009833385425431995
1843,1,0.009976434000574658,1,0.334117209191576,3,2,-1.0,0.21930991841110276,0.21930991841110276,1,0,0.01879765734254493,0.054202443592772424,0.10766670031177245,0.334117209191576,0,VOLATILE,1.0,207251064818516.66,9275863858224.314,2023-05-01,415.51,-0.006666506221270185,0.011239200019253381
1844,1,0.030575886370539318,0,0.3387981245154195,3,0,-1.0,0.25075988448538283,0.25075988448538283,1,0,0.012932399057611602,0.18151576114913867,0.14814938673558342,0.3387981245154195,0,VOLATILE,1.0,142584441587928.12,64666692417721.84,2023-05-02,410.84,0.00021906338233868006,0.01706260344659727
1845,0,-0.031496190481751285,0,0.33700988782793884,3,1,-1.0,0.2507136600779116,0.2507136600779116,1,0,0.016878380509445498,0.1760552606536773,0.14764454705437424,0.33700988782793884,0,VOLATILE,1.0,186090333984196.9,43505892675094.75,2023-05-03,408.02,0.01183765501691103,0.03382187147688831
1846,-1,-0.032294891915617574,0,0.33411660857299275,3,1,-1.0,0.21837254375482287,0.21837254375482287,1,0,0.01771904993085763,0.05176544557947264,0.10649483183677674,0.33411660857299275,0,VOLATILE,1.0,195359022607097.56,9268756538678.299,2023-05-04,405.13,0.017278404462764962,0.0562535482437736
1847,-1,0.02574009747888306,0,0.3341707892548078,3,0,-1.0,0.21177152491061718,0.21177152491061718,1,0,0.018617875368074435,0.02615343498784586,0.09825710345197343,0.3341707892548078,0,VOLATILE,1.0,205268902628558.3,9909894574730.428,2023-05-05,412.63,-0.0025204178077212758,0.0350677362285825
1848,1,0.01916449207961149,1,0.33379111724290184,3,2,-1.0,0.22433499814602298,0.22433499814602298,1,0,0.018126546109769708,0.07347303486999276,0.11386652699325416,0.33379111724290184,0,VOLATILE,1.0,199851817397960.06,5417109325401.092,2023-05-08,412.74,0.0006541648495419494,0.037045113146290554
1849,1,0.004575377458451713,0,0.33580591147812777,3,0,-1.0,0.2414738488398805,0.2414738488398805,1,0,0.02078032423781764,0.13660104252032998,0.13579378891938254,0.33580591147812777,0,VOLATILE,1.0,229110694331800.5,29258839915483.34,2023-05-09,410.93,-0.0016547830530747598,0.038011340130922555
1850,-1,-0.025836119315953032,1,0.33533230640982803,3,2,-1.0,0.23277658021778497,0.23277658021778497,1,0,0.02292578460807269,0.10148562101599191,0.1248038018746882,0.33533230640982803,0,VOLATILE,1.0,252765181598940.4,23654513554467.305,2023-05-10,412.85,0.005764805619474345,0.03943320818699281
1851,1,0.04089174922172273,1,0.33444742663516375,3,2,-1.0,0.2649710608174122,0.2649710608174122,1,0,0.024121527878101717,0.22035552016356666,0.1648256826805561,0.33444742663516375,0,VOLATILE,1.0,265948689599280.4,13183436745081.594,2023-05-11,412.13,0.017227573823793474,0.04311746293645213
1852,-1,-0.06531379016329536,1,0.33338788774726225,3,2,-1.0,0.23185175125374405,0.23185175125374405,1,0,0.024062969456887344,0.09542201355509956,0.12316166100399563,0.33338788774726225,0,VOLATILE,1.0,265303061533526.6,645560532511.1249,2023-05-12,411.59,0.017080103986977457,0.053961466507932654
1853,-1,0.017071502153298335,0,0.3335065312604036,3,0,-1.0,0.21580394384337426,0.21580394384337426,1,0,0.02424885653950107,0.035145831318455056,0.1031315626193187,0.3335065312604036,0,VOLATILE,1.0,267352534779350.06,2049508701074.5183,2023-05-15,413.01,0.01399481852739659,0.057262536016077226
1854,1,0.02429877830960317,1,0.3349892563751743,3,2,-1.0,0.22405491474260764,0.22405491474260764,1,0,0.0260261314262093,0.06542174113995002,0.1138159575220531,0.3349892563751743,0,VOLATILE,1.0,286947642086249.25,19595088347596.855,2023-05-16,410.25,0.009360146252285206,0.06564290067032297
1855,-1,-0.009551453573995478,1,0.3340958227381551,3,2,-1.0,0.22275443206784554,0.22275443206784554,1,0,0.0268444973714276,0.059056489936609516,0.1119669957693457,0.3340958227381551,0,VOLATILE,1.0,295970426706002.4,9022790838744.553,2023-05-17,415.23,-0.00997037786287125,0.06591527587120383
1856,1,0.009122680645035769,1,0.33480783537974673,3,2,-1.0,0.2305766300381192,0.2305766300381192,1,0,0.025261941963814653,0.09050629721394246,0.1219227463925857,0.33480783537974673,0,VOLATILE,1.0,278522173054748.2,17448273342499.008,2023-05-18,419.23,-0.010924790687689478,0.048255134413090595
1857,-1,-0.024861016490824894,1,0.33486134134590484,3,2,-1.0,0.21353781151756798,0.21353781151756798,1,0,0.02690192289774146,0.02501087630256717,0.1006375997334362,0.33486134134590484,0,VOLATILE,1.0,296603564190074.6,18081427243676.613,2023-05-19,418.62,0.0033443218193109914,0.04433615211886677
1858,1,0.040815884152251236,1,0.3357172353789725,3,2,-1.0,0.237314877149268,0.237314877149268,1,0,0.029460527076380857,0.1122581887676035,0.13057290528132812,0.3357172353789725,0,VOLATILE,1.0,324813113433849.2,28209506128004.895,2023-05-22,418.79,0.0033190859380596294,0.038563480503354786
1859,1,0.0016510656529402923,0,0.3338624356995781,3,0,-1.0,0.2627430084339083,0.2627430084339083,1,0,0.03002840839882977,0.20565470000300973,0.1618943694672798,0.3338624356995781,0,VOLATILE,1.0,331074213241308.0,6261044353825.703,2023-05-23,414.09,0.009080151657852253,0.054142819193895075
1860,-1,-0.05716034708250775,1,0.33453139160616663,3,2,-1.0,0.23101079263604082,0.23101079263604082,1,0,0.02874254772024605,0.08844646836953204,0.1223963386965927,0.33453139160616663,0,VOLATILE,1.0,316897127767919.06,14177022185546.86,2023-05-24,411.09,0.02610134033909861,0.053808168527573086
1861,-1,0.01038577149415476,0,0.33372412589084643,3,0,-1.0,0.2096643483323281,0.2096643483323281,1,0,0.029161974481161923,0.007372426183203276,0.09551146688812173,0.33372412589084643,0,VOLATILE,1.0,321521461600010.7,4624378365759.905,2023-05-25,414.65,0.032002894006993854,0.040491981188954584
1862,0,0.020764440581667404,0,0.33354091640741934,3,1,-1.0,0.2090823446102828,0.2090823446102828,1,0,0.028939179112653278,0.005275300481471736,0.09473815986470834,0.33354091640741934,0,VOLATILE,1.0,319065060968877.6,2456399587060.3013,2023-05-26,420.02,0.016856340174277618,0.03845054997381081
1863,1,0.013882458953928506,0,0.3337735406744884,3,1,-1.0,0.222382799842166,0.222382799842166,1,0,0.02941164815419693,0.05485400675979189,0.1114218849713296,0.3337735406744884,0,VOLATILE,1.0,324274205394129.1,5209119942920.007,2023-05-30,420.18,0.01868246941786844,0.038578704364796046
1864,1,0.012884550870844225,0,0.33444028223159755,3,0,-1.0,0.24856780594489342,0.24856780594489342,1,0,0.028223584250809754,0.15473589971623875,0.14431982798901616,0.33444028223159755,0,VOLATILE,1.0,311175365226841.56,13098894640446.7,2023-05-31,417.85,0.02082086873279887,0.048486298911092574
1865,1,-0.0184632492042269,0,0.3348784772610816,3,0,-1.0,0.25628956284339394,0.25628956284339394,1,0,0.02988196170750041,0.18236275690103798,0.1540815728695128,0.3348784772610816,0,VOLATILE,1.0,329459584771170.7,18284202229785.016,2023-06-01,421.82,0.017329666682471156,0.05087478071215212
1866,-1,-0.033532320925675485,1,0.3335480028522499,3,2,-1.0,0.23047899881621897,0.23047899881621897,1,0,0.029651555898318787,0.08480569180168995,0.12148574923333624,0.3335480028522499,0,VOLATILE,1.0,326919276241065.4,2540255846690.456,2023-06-02,427.92,0.004627033090297106,0.037086371284352326
1867,-1,0.017188311254902805,0,0.3337047382430886,3,0,-1.0,0.2218567460439468,0.2218567460439468,1,0,0.029252931695532572,0.05298841965158439,0.11074711711570565,0.3337047382430886,0,VOLATILE,1.0,322524298240115.7,4394957878776.503,2023-06-05,427.1,0.01568719269491914,0.037532193865605246
1868,1,0.01229069373617217,1,0.3334732185386648,3,2,-1.0,0.22552518700784682,0.22552518700784682,1,0,0.029403068931147244,0.06642129625227698,0.11527478839447473,0.3334732185386648,0,VOLATILE,1.0,324179616314226.1,1655308180230.6418,2023-06-06,428.03,0.02016213816788559,0.02717099268742862
1869,-1,-0.005188016009563173,1,0.3360335482556893,3,2,-1.0,0.22400561196218366,0.22400561196218366,1,0,0.026504975372884213,0.06554123067707143,0.11401540201665188,0.3360335482556893,0,VOLATILE,1.0,292227072178086.44,31952541648458.67,2023-06-07,426.55,0.024920876802250636,0.028132692533114456
1870,1,0.015362986233715153,1,0.33756612329160024,3,2,-1.0,0.23784902315023565,0.23784902315023565,1,0,0.02196199906244015,0.12314643021964382,0.13170280976069465,0.33756612329160024,0,VOLATILE,1.0,242139092562996.94,50088011998945.76,2023-06-08,429.13,0.031389089553282234,0.02453801878218731
1871,1,-0.0108224922562985,0,0.33395519429414816,3,0,-1.0,0.24086994208198914,0.24086994208198914,1,0,0.022629431928668942,0.13109924659940148,0.13457622617602347,0.33395519429414816,0,VOLATILE,1.0,249497784643616.8,7358687667961.539,2023-06-09,429.9,0.022237729704582376,0.029216096766689903
1872,-1,-0.010283735446871112,1,0.3337038555124484,3,2,-1.0,0.23360712556687152,0.23360712556687152,1,0,0.022231755722626582,0.10407285678747791,0.1254348708367015,0.3337038555124484,0,VOLATILE,1.0,245113258654374.16,4384512233390.1113,2023-06-12,433.8,0.007791609036422287,0.028169663439372883
1873,-1,-0.0011098610944126897,0,0.3337186507632827,3,0,-1.0,0.2252344479573412,0.2252344479573412,1,0,0.021818199616106416,0.0730999682963851,0.11497272263749717,0.3337186507632827,0,VOLATILE,1.0,240553650939613.0,4559589359499.393,2023-06-13,436.66,-0.003938991434983774,0.029542435762377917
1874,-1,0.004573502926591977,0,0.3359194089907853,3,0,-1.0,0.22143527327440288,0.22143527327440288,1,0,0.019042609606025426,0.06327922191607446,0.11077394384069995,0.3359194089907853,0,VOLATILE,1.0,209951753341077.3,30601893748035.656,2023-06-14,437.18,-0.001532549521936044,0.0276773868886957
1875,-1,-0.008794666765270048,0,0.33529244029772953,3,0,-1.0,0.2088414318261945,0.2088414318261945,1,0,0.016939932193793684,0.017684767377732842,0.09487489985717551,0.33529244029772953,0,VOLATILE,1.0,186768963873553.5,23182764584915.754,2023-06-15,442.6,-0.02121554450971541,0.018617261635788473
1876,1,0.01610951076234937,1,0.33578116544735415,3,2,-1.0,0.21235710114033549,0.21235710114033549,1,0,0.0195671480119502,0.02860785534982348,0.09939166778725789,0.33578116544735415,0,VOLATILE,1.0,215734981601125.94,28966011899319.88,2023-06-16,439.46,-0.018249670049606315,0.033518408956446644
1877,1,0.014253742327475671,0,0.3359837742952779,3,0,-1.0,0.23012651278195215,0.23012651278195215,1,0,0.02241182256577131,0.09255043108800774,0.12165408455125967,0.3359837742952779,0,VOLATILE,1.0,247098561625919.9,31363549813073.22,2023-06-20,437.18,-0.002310261219634957,0.04121871997804094
1878,1,-0.004878584714373052,0,0.3340415680944758,3,0,-1.0,0.24301733970919576,0.24301733970919576,1,0,0.02165168943523528,0.14019451054510554,0.1372820666601136,0.3340415680944758,0,VOLATILE,1.0,238717815140512.6,8380777587343.411,2023-06-21,434.94,0.0033337931668735443,0.03963765117027629
1879,-1,-0.047045250126647536,1,0.3357750658003643,3,2,-1.0,0.20886291650979186,0.20886291650979186,1,0,0.01903101454572507,0.016036221716267514,0.09502241208733085,0.3357750658003643,0,VOLATILE,1.0,209823913549655.8,28893832746886.05,2023-06-22,436.51,0.0036654372179332206,0.035898375753132816
1880,1,0.04812374983760276,1,0.3344192934336994,3,2,-1.0,0.22283224314799072,0.22283224314799072,1,0,0.02019655885181424,0.06623882302842554,0.11214512729341325,0.3344192934336994,0,VOLATILE,1.0,222674466899376.34,12850527211084.254,2023-06-23,433.21,0.023245077445118945,0.04845225179474166
1881,1,-0.0006984845139242912,0,0.3334371689144377,3,0,-1.0,0.23610308527226528,0.23610308527226528,1,0,0.02030800629985781,0.11515644015696541,0.12848814881894105,0.3334371689144377,0,VOLATILE,1.0,223903215878966.4,1228720981563.53,2023-06-26,431.44,0.028625069534581993,0.05562766549230491
1882,-1,-0.02517555978468794,1,0.3339578938743112,3,2,-1.0,0.2241983676118519,0.2241983676118519,1,0,0.020978334034345895,0.07023396491583225,0.11373743298339271,0.3339578938743112,0,VOLATILE,1.0,231293824943618.7,7390632698291.724,2023-06-27,436.17,0.01595708095467363,0.044340509434394715
1883,-1,-0.005079922587778479,0,0.3336293157248757,3,0,-1.0,0.20721372736366006,0.20721372736366006,1,0,0.02129600351218671,0.0059774608951953636,0.09242448813579401,0.3336293157248757,0,VOLATILE,1.0,234796247418032.06,3502458124598.664,2023-06-28,436.39,0.007493297279956179,0.03689360434473765
1884,1,0.022173995296394355,1,0.3336403402289099,3,2,-1.0,0.21240308241186256,0.21240308241186256,1,0,0.020966499351441847,0.025775314864725223,0.09891393807205569,0.3336403402289099,0,VOLATILE,1.0,231163343225128.06,3632914749140.342,2023-06-29,438.11,0.0010043139850721694,0.04293442286183846
1885,1,0.014605340882296536,0,0.33543251314677597,3,0,-1.0,0.2321977783423616,0.2321977783423616,1,0,0.01871349001771928,0.10360256362621871,0.124105351214646,0.33543251314677597,0,VOLATILE,1.0,206323089200322.94,24840293215662.242,2023-06-30,443.28,-0.008166395957408312,0.032733261144197945
1886,1,0.027194126023802223,0,0.3352413426972956,3,0,-1.0,0.27918660029666287,0.27918660029666287,1,0,0.02076133151711733,0.2776194266183402,0.1827935860451525,0.3352413426972956,0,VOLATILE,1.0,228901292621937.9,22578109676713.91,2023-07-03,443.79,-0.002996912954325359,0.02859460555668214
1887,1,-0.03678380290921884,0,0.34310280826499034,3,0,-1.0,0.2893916193417453,0.2893916193417453,1,0,0.031246739814095672,0.311298938916192,0.1975152262434292,0.34310280826499034,0,VOLATILE,1.0,344506763825375.8,115605447571178.81,2023-07-05,443.13,0.006521788188567745,0.01579671879583877
1888,-1,-0.07569250643674685,1,0.3349034405790473,3,2,-1.0,0.22390413195008088,0.22390413195008088,1,0,0.032931895607107485,0.0578861796399813,0.11360602508236292,0.3349034405790473,0,VOLATILE,1.0,363086224346572.1,18579601477592.484,2023-07-06,439.66,0.022517399808943184,0.020879770731929037
1889,1,0.06886915393710466,1,0.33443646304697516,3,2,-1.0,0.22728579849552114,0.22728579849552114,1,0,0.0317479267333229,0.07140116491011274,0.1177163638811452,0.33443646304697516,0,VOLATILE,1.0,350032533382195.06,13053700958010.357,2023-07-07,438.55,0.024466993501311096,0.018834796488427674
1890,0,-0.004076307608445573,0,0.3333663327147008,3,1,-1.0,0.22659115743251582,0.22659115743251582,1,0,0.031783343995125946,0.06795824591283386,0.11658052996931993,0.3333663327147008,0,VOLATILE,1.0,350423021680171.6,390492659968.3655,2023-07-10,439.66,0.02542874039030152,0.02513305736250726
1891,1,0.006585822761451643,0,0.33340985491288855,3,1,-1.0,0.23248233913096214,0.23248233913096214,1,0,0.03170121606413452,0.09016494686164002,0.12395538764192485,0.33340985491288855,0,VOLATILE,1.0,349517531126793.5,905505312743.9198,2023-07-11,442.46,0.02651087103918992,0.014215974325362701
1892,-1,-0.014947917007359451,1,0.3342427722250006,3,2,-1.0,0.223425603822049,0.223425603822049,1,0,0.03267729889111085,0.05585079461032347,0.11284269783381143,0.3342427722250006,0,VOLATILE,1.0,360279202198648.7,10761693012707.01,2023-07-12,446.02,0.020582036679969606,-0.0006053540199990604
1893,1,0.03101464008898705,1,0.3338752339926396,3,2,-1.0,0.24538350860212294,0.24538350860212294,1,0,0.03325891562673281,0.13733566712570802,0.1401981942508136,0.3338752339926396,0,VOLATILE,1.0,366691739972762.7,6412490814139.573,2023-07-13,449.56,0.005827920633508343,-0.008119049737521089
1894,-1,-0.04117188156565921,1,0.3341982120182366,3,2,-1.0,0.22616953181653768,0.22616953181653768,1,0,0.03233065304889078,0.06645375027680284,0.11626146777523119,0.3341982120182366,0,VOLATILE,1.0,356457304682067.25,10234397259060.709,2023-07-14,449.28,0.006454772079772075,-0.008079594017094016
1895,-1,0.00979416634725705,0,0.3350947181512074,3,0,-1.0,0.21674972137820947,0.21674972137820947,1,0,0.030440187860365734,0.03369230592132532,0.10471083126056369,0.3350947181512074,0,VOLATILE,1.0,335614232793668.3,20843052634853.914,2023-07-17,450.84,0.007452754857599109,-0.006055363321799234
1896,1,0.03088136526357732,1,0.3358928748208448,3,2,-1.0,0.23821127620345858,0.23821127620345858,1,0,0.027693080958514943,0.11751886092008837,0.13173731395953442,0.3358928748208448,0,VOLATILE,1.0,305326371907393.0,30287906086123.33,2023-07-18,454.19,0.0027521521830071727,-0.024879455734384326
1897,1,-0.020726125953411445,0,0.3399693635277449,3,0,-1.0,0.23894670507529625,0.23894670507529625,1,0,0.020570746886178975,0.1304564197919907,0.13367572222605656,0.3399693635277449,0,VOLATILE,1.0,226800027183365.4,78526353369811.39,2023-07-19,455.2,0.000681019332161803,-0.03418277680140602
1898,-1,-0.017390209239200344,1,0.33349309452880527,3,2,-1.0,0.22229192470793357,0.22229192470793357,1,0,0.020742212458712186,0.06297232609264267,0.11123817951711829,0.33349309452880527,0,VOLATILE,1.0,228690497992554.75,1890507385119.883,2023-07-20,452.18,0.0006855676942809641,-0.03514087310363123
1899,-1,0.004104273913638684,0,0.33340550371526584,3,0,-1.0,0.20974141825420958,0.20974141825420958,1,0,0.02066475092314369,0.015919695316591712,0.09552814874657846,0.33340550371526584,0,VOLATILE,1.0,227836456159761.4,854016143453.02,2023-07-21,452.18,0.01048255119642616,-0.034676456278473156
1900,1,0.01859098722709862,1,0.33334061905499723,3,2,-1.0,0.2157818990275842,0.2157818990275842,1,0,0.020656932184249917,0.03853065346043875,0.10306252854822955,0.33334061905499723,0,VOLATILE,1.0,227750251696527.3,86214368707.41402,2023-07-24,454.2,0.007904007045354433,-0.032716864817261104
1901,1,0.0007840163309371095,0,0.33387274741522416,3,0,-1.0,0.22260639613189595,0.22260639613189595,1,0,0.020077990054466678,0.06510055600156116,0.11172618201867594,0.33387274741522416,0,VOLATILE,1.0,221367202432494.3,6383066316196.521,2023-07-25,455.44,0.002283506060073881,-0.03796328824872652
1902,-1,-0.01539760756962788,1,0.33422319085586577,3,2,-1.0,0.2140332856665798,0.2140332856665798,1,0,0.021033056734480405,0.032259157657093224,0.1010974047971912,0.33422319085586577,0,VOLATILE,1.0,231897162778006.84,10529980156210.475,2023-07-26,455.51,-0.011810937191280124,-0.027397861737393336
1903,1,0.010838690843490928,1,0.3333696221314522,3,2,-1.0,0.2162988660447546,0.2162988660447546,1,0,0.020994109082633567,0.040153855183785364,0.1037159880888063,0.3333696221314522,0,VOLATILE,1.0,231467750635294.3,429417422912.1159,2023-07-27,452.49,-0.008066476607217932,-0.03447590001988998
1904,1,0.01392479705518268,0,0.33529944801834477,3,0,-1.0,0.23248924347811206,0.23248924347811206,1,0,0.023104308524172393,0.10020494053250636,0.12443641635222624,0.33529944801834477,0,VOLATILE,1.0,254733473234063.16,23265689274711.344,2023-07-28,456.92,-0.02212641162566753,-0.03709620940208347
1905,-1,-0.0335618702250676,1,0.3336782920424708,3,2,-1.0,0.21511775068640193,0.21511775068640193,1,0,0.023474543348410593,0.033475740757449725,0.1023167613686201,0.3336782920424708,0,VOLATILE,1.0,258815447926866.8,4082011187130.3574,2023-07-31,457.79,-0.015465606500797424,-0.032831647698726596
1906,1,0.02052381710264256,1,0.3382993129516862,3,2,-1.0,0.21827007499733436,0.21827007499733436,1,0,0.018144645530758494,0.05409262042300991,0.10741242198458946,0.3382993129516862,0,VOLATILE,1.0,200051370150953.12,58764089209005.25,2023-08-01,456.48,-0.01693392919733616,-0.016035751840168255
1907,1,0.008357201507397133,0,0.33816142254429293,3,0,-1.0,0.22977960081566393,0.22977960081566393,1,0,0.012962744037477582,0.10233182592948188,0.12176485665565315,0.33816142254429293,0,VOLATILE,1.0,142919006117673.38,57132386136528.734,2023-08-02,450.13,-0.00973052229355964,0.001954990780441257
1908,1,0.014726785309043589,0,0.33495816952158547,3,0,-1.0,0.2560159119430371,0.2560159119430371,1,0,0.014706657206226666,0.19657163972135167,0.15375943230919276,0.33495816952158547,0,VOLATILE,1.0,162146288251189.97,19227227265209.773,2023-08-03,448.84,-0.006527938686391455,0.0033642277871848147
1909,-1,-0.031242079112738158,1,0.3335110474207168,3,2,-1.0,0.25101014395767207,0.25101014395767207,1,0,0.014515918736447156,0.17690540667036084,0.14714044180226932,0.3335110474207168,0,VOLATILE,1.0,160043326682985.0,2102949928772.6375,2023-08-04,446.81,-0.0025961818222510757,0.009802824466775606
1910,1,0.0144011579867791,1,0.33592850769810056,3,2,-1.0,0.26040553395908617,0.26040553395908617,1,0,0.0173012755540319,0.21116585756611678,0.1594890443733829,0.33592850769810056,0,VOLATILE,1.0,190752906915486.44,30709561779210.508,2023-08-07,450.71,-0.0057686760888375765,-0.003261520711765775
1911,-1,-0.01803593535404857,1,0.3337143742734528,3,2,-1.0,0.2517649886064517,0.2517649886064517,1,0,0.017710238604641784,0.17669424937464165,0.1481348293264278,0.3337143742734528,0,VOLATILE,1.0,195261874504681.38,4508984232378.181,2023-08-08,448.75,-0.013058495821727023,-0.005637883008356437
1912,-1,-0.029225643367631116,0,0.33354278656863773,3,0,-1.0,0.2138987998861861,0.2138987998861861,1,0,0.017485429048018437,0.03479216045165786,0.1007591964998921,0.33354278656863773,0,VOLATILE,1.0,192783266711032.8,2478529827036.8267,2023-08-09,445.75,-0.013707234997195727,-0.002019068984856931
1913,-1,0.03479358593490703,0,0.3348881170337524,3,0,-1.0,0.21082619710082753,0.21082619710082753,1,0,0.0158167065669912,0.025947620336426325,0.0972547756344725,0.3348881170337524,0,VOLATILE,1.0,174384989480138.8,18398272867345.883,2023-08-10,445.91,-0.021573860196003714,-0.000874615953892155
1914,1,0.023189973145198994,1,0.33527761007979934,3,2,-1.0,0.23094356746066796,0.23094356746066796,1,0,0.017903468204202265,0.09959311733315214,0.12249886184578479,0.33527761007979934,0,VOLATILE,1.0,197392301692154.7,23007273681525.773,2023-08-11,445.65,-0.02053180747223149,0.0062829574778413555
1915,-1,-0.03154452618591261,1,0.33335965737531587,3,2,-1.0,0.2195164116345958,0.2195164116345958,1,0,0.01793171907460211,0.055274567586619146,0.10773542888707374,0.33335965737531587,0,VOLATILE,1.0,197703777897179.8,311501147867.53357,2023-08-14,448.11,-0.01957108745620506,-0.004730981232286768
1916,1,0.031471255686730815,1,0.33421184261392833,3,2,-1.0,0.23956051149525442,0.23956051149525442,1,0,0.01887461146282606,0.13013618860482415,0.13300360002255007,0.33421184261392833,0,VOLATILE,1.0,208099512211710.7,10395692633339.605,2023-08-15,442.89,-0.010702431755063357,0.008173587120955617
1917,-1,-0.0297258386058597,1,0.33361418967926637,3,2,-1.0,0.22987877275005336,0.22987877275005336,1,0,0.018573171619740675,0.09368286845240908,0.12075201335738325,0.33361418967926637,0,VOLATILE,1.0,204776027411465.1,3323466593847.7153,2023-08-16,439.64,0.007710854335365225,0.02438358657083084
1918,-1,-0.007402935722024717,0,0.33347054841748675,3,0,-1.0,0.21279409828282758,0.21279409828282758,1,0,0.018720438927869645,0.02936034094584886,0.09936025995790616,0.33347054841748675,0,VOLATILE,1.0,206399703482717.16,1623711747872.3633,2023-08-17,436.29,0.0013752320704119025,0.016227738430860228
1919,1,0.0231566636285456,1,0.33552211226306633,3,2,-1.0,0.2188660874441474,0.2188660874441474,1,0,0.0210696181071864,0.05131979400566605,0.10746313737095081,0.33552211226306633,0,VOLATILE,1.0,232300265318204.44,25900549372025.734,2023-08-18,436.5,0.007949599083619807,0.016334478808705644
1920,1,0.000535923514066311,0,0.33587480936189335,3,0,-1.0,0.22547400011953353,0.22547400011953353,1,0,0.023797340525359912,0.07363626694431075,0.11581120248989021,0.33587480936189335,0,VOLATILE,1.0,262374405164146.7,30074131499232.03,2023-08-21,439.34,0.007784403878545065,0.0076705968042973804
1921,1,0.0009919146751957986,0,0.335052547397975,3,0,-1.0,0.23307382747011546,0.23307382747011546,1,0,0.021952140044926988,0.10336412351648726,0.12510542118713808,0.335052547397975,0,VOLATILE,1.0,242030393279866.44,20344032079916.29,2023-08-22,438.15,0.025128380691544105,0.0011183384685609088
1922,-1,-0.030169178478605313,1,0.33464322329256474,3,2,-1.0,0.21050447634209207,0.21050447634209207,1,0,0.020546253953410008,0.01982794979885873,0.09679140125075625,0.33464322329256474,0,VOLATILE,1.0,226529983618659.75,15500363741683.496,2023-08-23,443.03,0.018012324221835962,-0.026273615782226867
1923,1,0.028016415976377995,1,0.33347158265268667,3,2,-1.0,0.21595154119044668,0.21595154119044668,1,0,0.020694635375210376,0.0392273310784796,0.10330732215122998,0.33347158265268667,0,VOLATILE,1.0,228165943201655.75,1635950197125.5667,2023-08-24,436.89,0.030808670374693925,-0.014809219712055621
1924,1,-0.0027066199384770395,0,0.333783987483814,3,0,-1.0,0.21869198610032425,0.21869198610032425,1,0,0.02021095674547836,0.05022198174359812,0.10681097949635882,0.333783987483814,0,VOLATILE,1.0,222833208956360.16,5332740513751.936,2023-08-25,439.97,0.025501738754915015,-0.017592108552855867
1925,1,0.01936660851432634,0,0.3361333608396421,3,0,-1.0,0.24079903952452816,0.24079903952452816,1,0,0.023216180983884237,0.13188023786282804,0.13503213961557076,0.3361333608396421,0,VOLATILE,1.0,255966908123136.8,33133657166111.406,2023-08-28,442.76,0.014635468425332032,-0.03812449182401301
1926,1,-0.006257565399488352,0,0.33338992924470373,3,0,-1.0,0.2566485275492437,0.2566485275492437,1,0,0.02327692752146439,0.18919749772172748,0.15415814174773063,0.33338992924470373,0,VOLATILE,1.0,256636660974149.25,669718251026.5715,2023-08-29,449.16,-0.006545551696500174,-0.05145159853949599
1927,-1,-0.039212464646483786,1,0.33525665386314607,3,2,-1.0,0.23328555092747552,0.23328555092747552,1,0,0.02121265715167317,0.10505064922371952,0.12542110212513088,0.33525665386314607,0,VOLATILE,1.0,233877323232405.8,22759291796875.24,2023-08-30,451.01,-0.013658233742045556,-0.04986585663289067
1928,-1,0.007572166874336234,0,0.33414949691900364,3,0,-1.0,0.21749474118004355,0.21749474118004355,1,0,0.02033668019054084,0.0458807219238752,0.10540580070480535,0.33414949691900364,0,VOLATILE,1.0,224219356037724.28,9657935280326.375,2023-08-31,450.35,-0.010724991673143225,-0.050782724547574154
1929,-1,0.007129297471285573,0,0.33349905961633736,3,0,-1.0,0.20883322890389716,0.20883322890389716,1,0,0.0201588074489975,0.013090095652869982,0.09441630103395582,0.33349905961633736,0,VOLATILE,1.0,222258243840854.34,1961094250716.2124,2023-09-01,451.19,-0.006072829628316234,-0.05292670493583629
1930,1,0.009832348668200708,1,0.33454907899859115,3,2,-1.0,0.21000406529595148,0.21000406529595148,1,0,0.018853969247430376,0.01957308486133118,0.09614235136958718,0.33454907899859115,0,VOLATILE,1.0,207871924218004.38,14386322985427.596,2023-09-05,449.24,-0.007234440388211194,-0.06154839284124303
1931,1,0.005979954772580148,0,0.33382340606863203,3,0,-1.0,0.21715485646058594,0.21715485646058594,1,0,0.01937995686856217,0.045318309410109066,0.10489942209289041,0.33382340606863203,0,VOLATILE,1.0,213671130607100.3,5799193744083.005,2023-09-06,446.22,0.0006499036349780773,-0.04831697369010801
1932,1,-0.003765993148199337,0,0.3333525853558571,3,0,-1.0,0.22053965447702106,0.22053965447702106,1,0,0.01940062049222864,0.057637522813493075,0.10901271443524056,0.3333525853558571,0,VOLATILE,1.0,213898954634841.9,227815588460.93558,2023-09-07,444.85,0.012386197594694837,-0.04574575699674055
1933,-1,-0.014203733959751469,1,0.3333362347779138,3,2,-1.0,0.20972071853370472,0.20972071853370472,1,0,0.01940373244806152,0.01705113813676661,0.09548495686160938,0.3333362347779138,0,VOLATILE,1.0,213933265088973.47,34333759150.593758,2023-09-08,445.52,-0.0048258215119409975,-0.035868198958520336
1934,1,0.012941027078719608,1,0.3343550504614705,3,2,-1.0,0.21184280966910798,0.21184280966910798,1,0,0.018307141948809457,0.026869682156448256,0.09839227470175256,0.3343550504614705,0,VOLATILE,1.0,201842952743217.62,12090318744428.506,2023-09-11,448.45,-0.01074813245623818,-0.0360352324673876
1935,-1,-0.0032182750101385216,1,0.333923614176137,3,2,-1.0,0.21074662579437273,0.21074662579437273,1,0,0.01894067970824981,0.021801877652750653,0.09691418578700015,0.333923614176137,0,VOLATILE,1.0,208827938843032.06,6984989623534.959,2023-09-12,445.99,-0.007354424987107366,-0.02567322137267647
1936,1,0.005137739634510308,1,0.3358645485536201,3,2,-1.0,0.21478818155414778,0.21478818155414778,1,0,0.01622397178815193,0.04113012045511717,0.1024513640810897,0.3358645485536201,0,VOLATILE,1.0,178875237877106.47,29952711940742.598,2023-09-13,446.51,-0.01762558509327905,-0.022821437369823783
1937,1,0.005144980800062954,0,0.33399827769147006,3,0,-1.0,0.22397471811398578,0.22397471811398578,1,0,0.01693764634462067,0.07346625485142849,0.11346796706534971,0.33399827769147006,0,VOLATILE,1.0,186743761548259.0,7868507844084.487,2023-09-14,450.36,-0.04212185806910029,-0.03708144595434759
1938,-1,-0.013895380087276643,1,0.3335874200267908,3,2,-1.0,0.21926587458654714,0.21926587458654714,1,0,0.017210352271927288,0.05522724244771752,0.1074791982398816,0.3335874200267908,0,VOLATILE,1.0,189750444391056.56,3006692388743.8027,2023-09-15,443.37,-0.029208110607393367,-0.02677222184631345
1939,1,0.04755640831882835,1,0.3375024138509175,3,2,-1.0,0.26211343937793685,0.26211343937793685,1,0,0.021684960959404326,0.21436724709604707,0.16201740268515047,0.3375024138509175,0,VOLATILE,1.0,239084645894287.6,49334116988604.086,2023-09-18,443.63,-0.025697089917273375,-0.017108851971237238
1940,1,-0.04011975605220672,0,0.33506961240699057,3,0,-1.0,0.26484124811711984,0.26484124811711984,1,0,0.019821443981344205,0.22463544576309805,0.1648189632481474,0.33506961240699057,0,VOLATILE,1.0,218538687907479.38,20545968009825.45,2023-09-19,442.71,-0.038015856881479904,-0.015111472521515235
1941,-1,-0.05431868799231171,1,0.3334038515169285,3,2,-1.0,0.21325036886399112,0.21325036886399112,1,0,0.019897120214538773,0.029844651663124232,0.099913923959221,0.3334038515169285,0,VOLATILE,1.0,219373046126975.75,834465130772.5138,2023-09-20,438.64,-0.02870235272660948,-0.01921849352544225
1942,1,0.05456173528772659,1,0.3336332347197745,3,2,-1.0,0.216221224898589,0.216221224898589,1,0,0.020218999611874382,0.04083551979766519,0.10368483980317986,0.3336332347197745,0,VOLATILE,1.0,222921884507488.34,3548832895246.5356,2023-09-21,431.39,-0.006652912677623468,-0.01149771668327959
1943,1,0.009104016028719825,0,0.33729697160325595,3,0,-1.0,0.2282960969619067,0.2282960969619067,1,0,0.024473105320835385,0.08460998698875653,0.11969436410319731,0.33729697160325595,0,VOLATILE,1.0,269824959819815.2,46903050512965.14,2023-09-22,430.42,-0.006830537614423093,-0.021444170809906682
1944,-1,-0.01767049726861966,1,0.33545182823411945,3,2,-1.0,0.22270047175660473,0.22270047175660473,1,0,0.026746847268322268,0.05996879299453523,0.11223854675428582,0.33545182823411945,0,VOLATILE,1.0,294893798513487.5,25068855071119.04,2023-09-25,432.23,-0.011382828586632199,-0.02723087245216671
1945,1,0.030440280435568734,1,0.33672612291393006,3,2,-1.0,0.2475451269868715,0.2475451269868715,1,0,0.023105430709171208,0.1577333876770444,0.14361293946207188,0.33672612291393006,0,VOLATILE,1.0,254745845735151.44,40148008027407.09,2023-09-26,425.88,-0.010073260073260148,-0.005283178360101393
1946,-1,-0.04550266740892156,1,0.3347852450562962,3,2,-1.0,0.2268871148082167,0.2268871148082167,1,0,0.02466373819064948,0.0772518761323852,0.11730520477434489,0.3347852450562962,0,VOLATILE,1.0,271926757109680.66,17180954528381.97,2023-09-27,426.05,-0.0032625278723154016,-0.019950710010562145
1947,-1,0.015424686219404876,0,0.33672795714548953,3,0,-1.0,0.22165378884896675,0.22165378884896675,1,0,0.028307127273168253,0.05544054876957411,0.11124922534758078,0.33672795714548953,0,VOLATILE,1.0,312096457681419.3,40169713099774.375,2023-09-28,428.52,-0.009381125735088203,-0.037267805469989645
1948,1,0.015302833413390116,1,0.33416046122563264,3,2,-1.0,0.23172329630310692,0.23172329630310692,1,0,0.029194870790807063,0.09038783626506838,0.12319423568529181,0.33416046122563264,0,VOLATILE,1.0,321884155476078.1,9787679568942.062,2023-09-29,427.48,0.0048189388977262215,-0.03930008421446618
1949,1,0.0049272125045027315,0,0.3384517603300939,3,0,-1.0,0.24672001626174983,0.24672001626174983,1,0,0.03468839139863315,0.14435048983049917,0.14301296040971076,0.3384517603300939,0,VOLATILE,1.0,382452234509924.4,60568049763197.08,2023-10-02,427.31,0.011654302497016156,-0.02742739463153221
1950,1,-0.012783077199954973,0,0.33516476917470944,3,0,-1.0,0.24893365902043776,0.24893365902043776,1,0,0.03272274392618189,0.15215205428149184,0.14495826606922457,0.33516476917470944,0,VOLATILE,1.0,360780250373831.1,21671989704801.094,2023-10-03,421.59,0.03071704736829628,-0.008040987689461265
1951,-1,-0.015171701091740986,1,0.33434507108052736,3,2,-1.0,0.23597560068738468,0.23597560068738468,1,0,0.03163686115069867,0.10403044473738945,0.1285557686293627,0.33434507108052736,0,VOLATILE,1.0,348807994608873.44,11972229409179.47,2023-10-04,424.66,0.027457259925587563,-0.004709650072999616
1952,-1,-0.005429993346992429,0,0.33396164622353275,3,0,-1.0,0.2175875490073392,0.2175875490073392,1,0,0.03096250041184905,0.0354620430333225,0.10547484781505717,0.33396164622353275,0,VOLATILE,1.0,341372920192336.4,7435035495190.603,2023-10-05,424.5,0.02157832744405197,0.014746760895170796
1953,1,0.04878341884392659,1,0.33335799658964926,3,2,-1.0,0.2479829161712203,0.2479829161712203,1,0,0.030988976533852308,0.14896545655046076,0.1433181443614377,0.33335799658964926,0,VOLATILE,1.0,341664829145534.56,291848518463.5361,2023-10-06,429.54,0.004563020906085624,0.011989570237928904
1954,1,-0.011312540537036592,0,0.33438253780784105,3,0,-1.0,0.26706574279806483,0.26706574279806483,1,0,0.03211507305617659,0.2201683657924475,0.16742781294954134,0.33438253780784105,0,VOLATILE,1.0,354080456214760.56,12415585660198.635,2023-10-09,432.29,0.008674732239931426,0.007865090564204591
1955,-1,-0.04781534143649424,1,0.3361924838984158,3,2,-1.0,0.2383332279884151,0.2383332279884151,1,0,0.029046391884646777,0.11684757599572186,0.13196465596012286,0.3361924838984158,0,VOLATILE,1.0,320247121092269.0,33833279993245.902,2023-10-10,434.54,0.0034059004924746894,0.005500069038523403
1956,-1,0.006100307283986861,0,0.33470741055933817,3,0,-1.0,0.21570102046275225,0.21570102046275225,1,0,0.027571614547730633,0.03233777010709394,0.10330312821827485,0.33470741055933817,0,VOLATILE,1.0,303987160189890.56,16259913027148.861,2023-10-11,436.32,-0.014003483681701567,0.002131463146314738
1957,1,0.03940697264980808,1,0.33384382898046716,3,2,-1.0,0.23247578558689747,0.23247578558689747,1,0,0.02702371168193322,0.0951433560042827,0.12405568922873864,0.33384382898046716,0,VOLATILE,1.0,297946330192600.25,6040864855368.129,2023-10-12,433.66,-0.016672047225937403,0.0004150717151685246
1958,-1,-0.03000365023153495,1,0.3334459049196817,3,2,-1.0,0.21924690047950773,0.21924690047950773,1,0,0.027144530283434855,0.04511577520448031,0.10742010182930505,0.3334459049196817,0,VOLATILE,1.0,299278399575226.2,1332097038442.76,2023-10-13,431.5,-0.023893395133256057,0.02111239860950187
1959,1,0.024077046980678113,1,0.33556379361879746,3,2,-1.0,0.23009506235279611,0.23009506235279611,1,0,0.024750618588737915,0.08977871044834562,0.1215097763456945,0.33556379361879746,0,VOLATILE,1.0,272884645355410.7,26393778723488.016,2023-10-16,436.04,-0.035730666911292674,0.009517475460966818
1960,-1,-0.016950369188799913,1,0.3370179191239975,3,2,-1.0,0.22399285503728458,0.22399285503728458,1,0,0.020796016497374583,0.07194062923544076,0.1142455485776051,0.3370179191239975,0,VOLATILE,1.0,229283707247363.34,43600929673698.016,2023-10-17,436.02,-0.02841612770056412,0.02915003898903734
1961,-1,-0.00264314864404519,0,0.33463914370191117,3,0,-1.0,0.21524749907772786,0.21524749907772786,1,0,0.01939451122141557,0.03876296809649739,0.10271915977263765,0.33463914370191117,0,VOLATILE,1.0,213831597684015.47,15452088588032.436,2023-10-18,430.21,-0.029427488900769294,0.045256967527486536
1962,1,0.012357734072853177,1,0.3334163049090886,3,2,-1.0,0.21885987719102432,0.21885987719102432,1,0,0.019305460128453168,0.051481308019704505,0.10692892271605256,0.3334163049090886,0,VOLATILE,1.0,212849776731362.03,981830263957.3403,2023-10-19,426.43,-0.032549304692446546,0.05581220833431044
1963,1,0.00872928501422593,0,0.3366889528876673,3,0,-1.0,0.2312015403185467,0.2312015403185467,1,0,0.02290699004379067,0.09661550081650991,0.12317416362010018,0.3366889528876673,0,VOLATILE,1.0,252557964636248.34,39708162738648.54,2023-10-20,421.19,-0.02495310904817305,0.07027707210522571
1964,-1,-0.0169270737246896,1,0.33756903128460425,3,2,-1.0,0.22661612972137948,0.22661612972137948,1,0,0.027453088951686917,0.0755341709669393,0.11766241997287541,0.33756903128460425,0,VOLATILE,1.0,302680372033224.25,50122423247771.09,2023-10-23,420.46,-0.011582552442562899,0.08038814631593971
1965,1,0.009157549897710476,1,0.33517859324129895,3,2,-1.0,0.23118826902192274,0.23118826902192274,1,0,0.025472605044927925,0.09286734871825657,0.12277998458772815,0.33517859324129895,0,VOLATILE,1.0,280844810768749.84,21835574484588.96,2023-10-24,423.63,-0.01281778910842013,0.0699667162382267
1966,-1,-0.0077202546386927196,1,0.33400225052216426,3,2,-1.0,0.22804015368377328,0.22804015368377328,1,0,0.026190541437196662,0.07946172276857624,0.11855075473525763,0.33400225052216426,0,VOLATILE,1.0,288760322742302.8,7915519671612.641,2023-10-25,417.55,0.012238055322715935,0.08973775595737021
1967,-1,-0.007670424087531186,0,0.334068947271643,3,0,-1.0,0.21722161425809264,0.21722161425809264,1,0,0.025401017929707264,0.03973174599187236,0.10504425464052654,0.334068947271643,0,VOLATILE,1.0,280055536574290.1,8704764500937.682,2023-10-26,412.55,0.0441401042297902,0.10362380317537268
1968,1,0.024834714332206853,1,0.33570121234349515,3,2,-1.0,0.23123778916461885,0.23123778916461885,1,0,0.027942423559849012,0.09097519506509305,0.12297253954164736,0.33570121234349515,0,VOLATILE,1.0,308075465514613.1,28019900217680.336,2023-10-27,410.68,0.05846401090873665,0.10665238141618771
1969,-1,-0.028190577765502406,1,0.33460218015869825,3,2,-1.0,0.21706338630564265,0.21706338630564265,1,0,0.026580589892386736,0.03835874387279689,0.10497977792172787,0.33460218015869825,0,VOLATILE,1.0,293060749981499.2,15014686681907.906,2023-10-30,415.59,0.04836497509564719,0.09466060299814738
1970,1,0.0211256370663164,1,0.33348620669340834,3,2,-1.0,0.22401462051298285,0.22401462051298285,1,0,0.026416514856795484,0.06375296708694646,0.11338982731458064,0.33348620669340834,0,VOLATILE,1.0,291251762552014.56,1809001337002.67,2023-10-31,418.2,0.04478718316594943,0.08706360593017703
1971,0,-0.007475516381432762,0,0.33343938836422304,3,1,-1.0,0.2234903383388903,0.2234903383388903,1,0,0.026302687623581577,0.061865622420424336,0.11272277001466863,0.33343938836422304,0,VOLATILE,1.0,289996775568315.56,1254984469375.774,2023-11-01,422.66,0.03451947191596072,0.07982775753560767
1972,1,0.0035138010812908738,0,0.3335042679514043,3,1,-1.0,0.2264798572460886,0.2264798572460886,1,0,0.026486149453871392,0.0729415161825141,0.11647588854546183,0.3335042679514043,0,VOLATILE,1.0,292019509517990.3,2022726212589.9822,2023-11-02,430.76,0.007150153217568844,0.06579069551490391
1973,-1,-0.01756452648263307,1,0.33526104075012525,3,2,-1.0,0.21190484967065384,0.21190484967065384,1,0,0.024417172302180244,0.021671794525365527,0.09869632227584858,0.33526104075012525,0,VOLATILE,1.0,269208277779944.44,22811203290196.793,2023-11-03,434.69,0.013618900825876024,0.05061078009616038
1974,1,0.031107862142278647,1,0.33496003969257354,3,2,-1.0,0.22843770423749774,0.22843770423749774,1,0,0.022671259727757152,0.08519016093228952,0.11928714022001555,0.33496003969257354,0,VOLATILE,1.0,249958951465741.3,19249357620794.4,2023-11-06,435.69,0.010328444536252812,0.04799283894512163
1975,1,-0.00902220031932871,0,0.3351658077507892,3,0,-1.0,0.23594835848501292,0.23594835848501292,1,0,0.024638024050851002,0.11154267608103932,0.12872690004396342,0.3351658077507892,0,VOLATILE,1.0,271643249289689.44,21684279521129.855,2023-11-07,436.93,0.027006614331815282,0.040807451994598676
1976,-1,-0.03432152111296641,1,0.3356724507682603,3,2,-1.0,0.20913749161956172,0.20913749161956172,1,0,0.027148552660906454,0.008871378988645222,0.09533997721651721,0.3356724507682603,0,VOLATILE,1.0,299322747761752.8,27679554927771.17,2023-11-08,437.25,0.028427672955974925,0.04798170383076039
1977,1,0.03913486698132279,1,0.33350177152055416,3,2,-1.0,0.2214614917354333,0.2214614917354333,1,0,0.027329336391914455,0.05327758625637602,0.11020230754943015,0.33350177152055416,0,VOLATILE,1.0,301315954684855.5,1993185115675.2131,2023-11-09,433.84,0.03777890466531453,0.06075972708832755
1978,1,-0.008728751177943722,0,0.33347351403562575,3,0,-1.0,0.22505674067336118,0.22505674067336118,1,0,0.027178883811207366,0.06688902924061642,0.11468930435060792,0.33347351403562575,0,VOLATILE,1.0,299657159815472.25,1658804894093.9714,2023-11-10,440.61,0.023104332629763302,0.048523637684119825
1979,1,0.005078514941165152,0,0.3334332251896583,3,0,-1.0,0.2337305045524542,0.2337305045524542,1,0,0.0270716728682634,0.09949263809568357,0.12552143698798232,0.3334332251896583,0,VOLATILE,1.0,298475119858022.6,1182053574009.8325,2023-11-13,440.19,0.03196347031963476,0.05431745382675679
1980,1,0.024789800155898323,0,0.33837709326512283,3,0,-1.0,0.26719406858744554,0.26719406858744554,1,0,0.03248505827280863,0.22327551887895417,0.16858685905058757,0.33837709326512283,0,VOLATILE,1.0,358159678892181.6,59684489538600.47,2023-11-14,448.73,0.010117442560114043,0.04851469703385103
1981,-1,-0.03860726969698974,1,0.33393893812053665,3,2,-1.0,0.26205036292544714,0.26205036292544714,1,0,0.031835072379189845,0.2013079921816395,0.1610476881869431,0.33393893812053665,0,VOLATILE,1.0,350993346081942.7,7166322956521.289,2023-11-15,449.68,0.011875111190179588,0.04965753424657526
1982,-1,-0.03392486168657893,0,0.33391317817979693,3,0,-1.0,0.2229817955768698,0.2229817955768698,1,0,0.03245740236735826,0.054159214680751244,0.1122055390160365,0.33391317817979693,0,VOLATILE,1.0,357854762393882.8,6861497006359.293,2023-11-16,450.23,0.01126091108988736,0.042422761699575595
1983,1,0.042366794717482614,1,0.33614895133671,3,2,-1.0,0.2262800229457751,0.2262800229457751,1,0,0.029435449730752974,0.07122634981843601,0.11688726651639632,0.33614895133671,0,VOLATILE,1.0,324536626503084.8,33318144705513.13,2023-11-17,450.79,0.008185629672353034,0.04698418332261145
1984,1,-0.001970203750418481,0,0.33954304582495276,3,0,-1.0,0.2276080465642619,0.2276080465642619,1,0,0.02277067494661183,0.08541678403808495,0.1193958196615656,0.33954304582495276,0,VOLATILE,1.0,251055040706615.2,73481594139291.9,2023-11-20,454.26,0.001474926253687281,0.04530445119535065
1985,-1,-0.012575713496169788,1,0.33387216257069263,3,2,-1.0,0.2163603566865789,0.2163603566865789,1,0,0.023348988617359828,0.03840647088533051,0.10391848650089677,0.33387216257069263,0,VOLATILE,1.0,257431160979344.94,6376145656253.583,2023-11-21,453.27,0.002956295364793693,0.033070796655415124
1986,1,0.026892686000677957,1,0.3379813750356589,3,2,-1.0,0.23200535280957388,0.23200535280957388,1,0,0.028337653094074274,0.0951684512185719,0.12450203477088205,0.3379813750356589,0,VOLATILE,1.0,312433016049940.75,55001824057673.3,2023-11-22,455.02,0.0030328337215945744,0.03885543492593735
1987,1,-0.014214331099734412,0,0.33457546211836936,3,0,-1.0,0.23343601783283444,0.23343601783283444,1,0,0.029670807985328004,0.09664585547657809,0.12543888782063536,0.33457546211836936,0,VOLATILE,1.0,327131537559586.6,14698523220508.396,2023-11-24,455.3,0.008346145398638205,0.04030309685921374
1988,1,0.012844925094938037,0,0.33738255152331936,3,0,-1.0,0.24771160795103303,0.24771160795103303,1,0,0.03401676560040267,0.14793867785846065,0.1439851478196211,0.33738255152331936,0,VOLATILE,1.0,375047313816545.6,47915746183024.13,2023-11-27,454.48,0.004862700228832839,0.046580707621897366
1989,-1,-0.03902992832871208,1,0.3354655587537056,3,2,-1.0,0.22295726974051955,0.22295726974051955,1,0,0.03172828088308365,0.05596064970914387,0.11256297686407583,0.3354655587537056,0,VOLATILE,1.0,349815930679679.94,25231332878089.1,2023-11-28,454.93,0.0036708944233179164,0.04743586925461063
1990,-1,0.02086931679766918,0,0.33372010210479597,3,0,-1.0,0.21907224832767525,0.21907224832767525,1,0,0.0313131680398666,0.04049783976751252,0.10727033593579303,0.33372010210479597,0,VOLATILE,1.0,345239159372020.3,4576763566546.011,2023-11-29,454.61,0.00032995314665318354,0.04856910318734742
1991,-1,0.0022180158992058385,0,0.3333385034555422,3,0,-1.0,0.21740524281403678,0.21740524281403678,1,0,0.03131871653514437,0.03395482160915021,0.10509117938143152,0.3333385034555422,0,VOLATILE,1.0,345300333566948.1,61179776409.41632,2023-11-30,456.4,0.004009640666082559,0.041432953549517926
1992,1,0.0031046749494491044,1,0.3361717582350801,3,2,-1.0,0.21884291224984742,0.21884291224984742,1,0,0.028272285505767217,0.04451745410747068,0.10759657987107929,0.3361717582350801,0,VOLATILE,1.0,311712314420243.9,33588026322716.91,2023-12-01,459.1,0.002395992158571003,0.02951426704421678
1993,1,0.004692579890520326,0,0.33440780675898923,3,0,-1.0,0.2249731615761784,0.2249731615761784,1,0,0.027119073090108425,0.06733613788980247,0.11481840365997029,0.33440780675898923,0,VOLATILE,1.0,298997724684304.94,12714601567151.17,2023-12-04,456.69,0.011605246447261797,0.026494996606012844
1994,-1,-0.010790584772602058,1,0.3373571367427855,3,2,-1.0,0.2203128261299073,0.2203128261299073,1,0,0.022800395010591456,0.05639055553365006,0.10973031684808049,0.3373571367427855,0,VOLATILE,1.0,251382715309572.84,47615004628427.19,2023-12-05,456.6,0.016425755584756896,0.023390275952693607
1995,-1,-0.007322899009504391,0,0.3333387094993912,3,0,-1.0,0.20832959167413181,0.20832959167413181,1,0,0.022806162773191654,0.008433838129346002,0.09374666696751255,0.3333387094993912,0,VOLATILE,1.0,251446307007130.1,63617961833.67761,2023-12-06,454.76,0.03461166329492471,0.028938341102999532
1996,-1,0.01075552814375233,0,0.3334143289022604,3,0,-1.0,0.20710188536210866,0.20710188536210866,1,0,0.022719231424530733,0.003973585360072125,0.09223093892820095,0.3334143289022604,0,VOLATILE,1.0,250487857012656.1,958447517661.1565,2023-12-07,458.23,0.030072234467407144,0.03572441786875591
1997,1,0.01103116547665367,1,0.33353478926683666,3,2,-1.0,0.21690534452673918,0.21690534452673918,1,0,0.022503013965649837,0.04104311995974948,0.1045153779751331,0.33353478926683666,0,VOLATILE,1.0,248103980247119.06,2383895093794.1543,2023-12-08,460.2,0.019839200347674835,0.029726205997392396
1998,1,0.004432681683323281,0,0.33333572175536136,3,0,-1.0,0.23114148537469298,0.23114148537469298,1,0,0.022505580149432203,0.09427678132218749,0.12226078715720656,0.33333572175536136,0,VOLATILE,1.0,248132273364273.2,28262992583.758266,2023-12-11,461.99,0.021602199181800508,0.03153747916621574
1999,-1,-0.020924972677272252,1,0.3351697935903952,3,2,-1.0,0.22445265354537453,0.22445265354537453,1,0,0.02053453856778808,0.07254025742016286,0.11435826532931698,0.3351697935903952,0,VOLATILE,1.0,226400817196447.7,21731445287440.406,2023-12-12,464.1,0.023141564318034824,0.02639517345399689
2000,-1,0.0003709287560013652,0,0.3344126297043195,3,0,-1.0,0.21813475047205744,0.21813475047205744,1,0,0.01937614735770765,0.04943863919074735,0.10627159551615166,0.3344126297043195,0,VOLATILE,1.0,213629129353079.7,12771673084035.654,2023-12-13,470.5,-0.004760892667375116,0.013134962805525952
2001,1,0.007169853162779544,1,0.3342132027094471,3,2,-1.0,0.2189867005615199,0.2189867005615199,1,0,0.01843179905565092,0.053428230082134084,0.10728667637926166,0.3342132027094471,0,VOLATILE,1.0,203217343054696.25,10411787096172.725,2023-12-14,472.01,0.0014618334357323626,0.00618630961208444
2002,1,0.001399309252651998,0,0.3434496017598705,3,0,-1.0,0.22123795990363435,0.22123795990363435,1,0,0.029289412878919927,0.057940138079611694,0.11240985031951053,0.3434496017598705,0,VOLATILE,1.0,322926516663671.94,119709170388510.72,2023-12-15,469.33,0.009204610828201787,0.006306862974879257
2003,1,0.04603858378758077,0,0.3534116490273693,3,0,-1.0,0.26952780303332957,0.26952780303332957,1,0,0.05083912499020315,0.22494887315530962,0.17526266604850427,0.3534116490273693,0,VOLATILE,1.0,560519994415154.0,237593390486417.3,2023-12-18,471.97,0.007797105748246658,0.00957687988643352
2004,1,-0.04211929241434767,0,0.33364202837937246,3,0,-1.0,0.2756983537486771,0.2756983537486771,1,0,0.050507809053687604,0.2335925387883808,0.17803344928068948,0.33364202837937246,0,VOLATILE,1.0,556867114730046.7,3652891195280.106,2023-12-19,474.84,0.0035169741386573694,0.015984331564316445
2005,-1,-0.028834781795260667,1,0.33458334518502586,3,2,-1.0,0.253034122668764,0.253034122668764,1,0,0.05184942019924033,0.14796604869739402,0.14993848963221146,0.33458334518502586,0,VOLATILE,1.0,571658869544029.8,14791806171274.133,2023-12-20,468.26,0.01800281894673894,0.03243924315551183
2006,1,0.03752282609324564,1,0.3341684753075357,3,2,-1.0,0.26789271768209655,0.26789271768209655,1,0,0.05274576653803622,0.20247828125047757,0.1684080159295046,0.3341684753075357,0,VOLATILE,1.0,581541416596378.4,9882512866714.352,2023-12-21,472.7,0.005521472392638005,0.02572456103236731
2007,-1,-0.05887462833339813,1,0.3340710761591045,3,2,-1.0,0.22387668436203095,0.22387668436203095,1,0,0.05195395183861958,0.038136921638324925,0.11336362449231482,0.3340710761591045,0,VOLATILE,1.0,572811369197246.8,8729956334637.612,2023-12-22,473.65,-0.002111263591259349,0.024786234561384957
2008,-1,0.04312912520858761,0,0.3426410140465379,3,0,-1.0,0.22298977625055297,0.22298977625055297,1,0,0.04196418202443367,0.05122823945004334,0.11439747382482567,0.3426410140465379,0,VOLATILE,1.0,462670494004465.7,110140882926360.2,2023-12-26,475.65,-0.014422369389256673,0.02602754125932938
2009,1,0.006514053619520621,1,0.3344054135332352,3,2,-1.0,0.2286169217585956,0.2286169217585956,1,0,0.04081353795194,0.06730397879271995,0.11937250558155331,0.3344054135332352,0,VOLATILE,1.0,449984221193667.56,12686281730479.412,2023-12-27,476.51,-0.019370002728169466,0.022874651109105804
2010,-1,-0.01547160749246515,1,0.33403704744953905,3,2,-1.0,0.2187724597741731,0.2187724597741731,1,0,0.040058252107125124,0.030866257633178427,0.10697483658010118,0.33403704744953905,0,VOLATILE,1.0,441656917810710.8,8327283291603.099,2023-12-28,476.69,-0.018397700811848328,0.030585915374771844
2011,1,0.024416442400227806,1,0.33446444754303456,3,2,-1.0,0.23334444018997838,0.23334444018997838,1,0,0.038844249693348876,0.08704573667634598,0.1252966621232316,0.33446444754303456,0,VOLATILE,1.0,428272096055399.8,13384850811470.932,2023-12-29,475.31,-0.001493761965874807,0.03277860764553653
2012,1,0.006619402954928688,0,0.34048562686442807,3,0,-1.0,0.25453582356071236,0.25453582356071236,1,0,0.04652068496445793,0.1633528735365344,0.15329118616699744,0.34048562686442807,0,VOLATILE,1.0,512907609670543.7,84635469214762.94,2024-01-02,472.65,0.002602348460806203,0.021643922564265283
2013,-1,-0.05122509592139671,1,0.33992731000864485,3,2,-1.0,0.22450211101004963,0.22450211101004963,1,0,0.05359787828931715,0.04323052050485258,0.11560946626472324,0.33992731000864485,0,VOLATILE,1.0,590936261101690.2,78028720085369.97,2024-01-03,468.79,0.016574585635359185,0.04353761812325341
2014,1,0.030831825566347393,1,0.33421718727723915,3,2,-1.0,0.2253002240257343,0.2253002240257343,1,0,0.054546503105216956,0.040992227449216004,0.11517957685147764,0.33421718727723915,0,VOLATILE,1.0,601395197533281.1,10458937812684.86,2024-01-04,467.28,0.019410203732237674,0.05793100496490333
2015,1,0.007685573015151936,0,0.3344044407298972,3,0,-1.0,0.2337839100565709,0.2337839100565709,1,0,0.05339690423060629,0.07409608902895738,0.1258309977531879,0.3344044407298972,0,VOLATILE,1.0,588720448412390.2,12674770224889.559,2024-01-05,467.92,0.0187211489143444,0.052637202940673644
2016,-1,-0.020695515022129712,1,0.33461941471429424,3,2,-1.0,0.2215720810652778,0.2215720810652778,1,0,0.052016573313426254,0.02984329171708606,0.11061995501017077,0.33461941471429424,0,VOLATILE,1.0,573501793918672.8,15218628912918.686,2024-01-08,474.6,0.0006953223767383054,0.04083438685208596
2017,-1,0.011031825766091491,0,0.33441672112981446,3,0,-1.0,0.22039207784007617,0.22039207784007617,1,0,0.050853792052416816,0.026429040695229736,0.10909427758254885,0.33441672112981446,0,VOLATILE,1.0,560681704154093.8,12820088283302.928,2024-01-09,473.88,-0.0033552798176753607,0.05110998565037561
2018,1,0.0038912628827452167,1,0.3351425187566623,3,2,-1.0,0.22310333749761976,0.22310333749761976,1,0,0.05279555956721924,0.0351988451163517,0.11266480156119031,0.3351425187566623,0,VOLATILE,1.0,582090403000943.0,21408693104422.816,2024-01-10,476.56,-0.00014688601645118649,0.045660567399697705
2019,-1,-0.006304446282682008,1,0.3337319530818269,3,2,-1.0,0.21951015087248135,0.21951015087248135,1,0,0.05236772719621459,0.021094303386960746,0.10782067686105844,0.3337319530818269,0,VOLATILE,1.0,577373394235501.8,4717000121059.444,2024-01-11,476.35,0.012763724152409006,0.0521675238795003
2020,1,0.018305123374496635,1,0.3344507099502979,3,2,-1.0,0.23422208762183958,0.23422208762183958,1,0,0.05116846923484187,0.07800239180978007,0.12639028701487398,0.3344507099502979,0,VOLATILE,1.0,564151135474350.8,13222289305557.383,2024-01-12,476.68,0.01420239993286887,0.05097759503230681
2021,1,-0.001633569161406001,0,0.336489724457944,3,0,-1.0,0.2473004552097918,0.2473004552097918,1,0,0.054556170812882956,0.1251878295672942,0.14324800012672573,0.336489724457944,0,VOLATILE,1.0,601501787555198.2,37350626438265.24,2024-01-16,474.93,0.020908344387593925,0.04032173162360775
2022,-1,-0.013843893328294304,1,0.3383644141422801,3,2,-1.0,0.24653492946944972,0.24653492946944972,1,0,0.049156400293928315,0.1291228958232183,0.1427597653723822,0.3383644141422801,0,VOLATILE,1.0,541967337626903.5,59534453259138.29,2024-01-17,472.29,0.027737195367253165,0.05564377818713062
2023,-1,-0.011938384764193927,0,0.34768115825610857,3,0,-1.0,0.2338310189649137,0.2338310189649137,1,0,0.03375713002649505,0.1038700597840129,0.1292090632701693,0.34768115825610857,0,VOLATILE,1.0,372184736412534.1,169782586420845.78,2024-01-18,476.49,0.024218766395936786,0.0535583118218641
2024,-1,0.002082286884126844,0,0.3334328895192772,3,0,-1.0,0.22320939534450454,0.22320939534450454,1,0,0.03386397936775549,0.05324592031359455,0.11236996656045001,0.3334328895192772,0,VOLATILE,1.0,373362789578832.8,1178081474698.9084,2024-01-19,482.43,0.010322741123064416,0.03540410007669492
2025,1,0.03330456314869509,1,0.33371355215048,3,2,-1.0,0.24589233487279047,0.24589233487279047,1,0,0.03427206572078518,0.13810935416503903,0.14079380662860808,0.33371355215048,0,VOLATILE,1.0,377862091255743.6,4499255777686.708,2024-01-22,483.45,0.016175405936498022,0.027531285551763318
2026,-1,-0.0374778282555335,1,0.33475238842082955,3,2,-1.0,0.23109744614554292,0.23109744614554292,1,0,0.03274901615783013,0.08493069820357801,0.12255990478713605,0.33475238842082955,0,VOLATILE,1.0,361069911361103.9,16792151028155.354,2024-01-23,484.86,0.01243657963123379,0.02547127005733607
2027,1,0.03444256209222843,1,0.33745441648814667,3,2,-1.0,0.2507451195105238,0.2507451195105238,1,0,0.03717210603815523,0.15621290449241926,0.14779500351019148,0.33745441648814667,0,VOLATILE,1.0,409836099124864.7,48766148224245.91,2024-01-24,485.39,-0.0051710995282143735,0.04555100022662195
2028,-1,-0.025318715211754356,1,0.33414425642570983,3,2,-1.0,0.24507407766375033,0.24507407766375033,1,0,0.03630175552715386,0.13333422803119216,0.13987866118611533,0.33414425642570983,0,VOLATILE,1.0,400240165605951.4,9595922779453.6,2024-01-25,488.03,0.0023973936028522935,0.04061225744318997
2029,-1,-0.01992546188445038,0,0.3359215336598517,3,0,-1.0,0.21947757393252648,0.21947757393252648,1,0,0.0335238809356104,0.04145817155625275,0.10832735083062105,0.3359215336598517,0,VOLATILE,1.0,369613079659094.75,30627035664063.477,2024-01-26,487.41,0.014238526086867376,0.03811985802507123
2030,1,0.026939331256075616,1,0.3340745588044268,3,2,-1.0,0.22082040145737825,0.22082040145737825,1,0,0.03272833672022776,0.045904087848260736,0.10954414152282949,0.3340745588044268,0,VOLATILE,1.0,360841912978920.5,8771167635555.853,2024-01-29,491.27,0.0026054918883711142,0.03187656482178847
2031,1,0.0003276062513278555,0,0.33507981328291336,3,0,-1.0,0.22249083523355787,0.22249083523355787,1,0,0.03460280342602733,0.05104768866199957,0.11188349736267562,0.33507981328291336,0,VOLATILE,1.0,381508595729039.3,20666678368869.973,2024-01-30,490.89,0.006294689237914763,0.03131047688891608
2032,1,0.022576559441240096,0,0.3387924738047203,3,0,-1.0,0.24673782845097758,0.24673782845097758,1,0,0.02874360774407593,0.15061760430063037,0.1431204040149021,0.3387924738047203,0,VOLATILE,1.0,316908814919326.94,64599825677794.18,2024-01-31,482.88,0.031519218025182205,0.05218687872763428
2033,1,0.01952103943349251,0,0.3344937475558515,3,0,-1.0,0.2905058611018898,0.2905058611018898,1,0,0.029989068699828002,0.3102782210991475,0.19675576326632516,0.3344937475558515,0,VOLATILE,1.0,330640478634958.75,13731567612449.12,2024-02-01,489.2,0.018642681929681215,0.04834423548650868
2034,-1,-0.09036749626947732,1,0.33522766691420675,3,2,-1.0,0.2439063974833247,0.2439063974833247,1,0,0.02795590521633634,0.13811383553178636,0.13868991358270755,0.33522766691420675,0,VOLATILE,1.0,308224105720762.25,22416279584929.645,2024-02-02,494.35,0.01385657934661677,0.03631030646303213
2035,-1,0.02998703749091658,0,0.33499061180670797,3,0,-1.0,0.22729397135567622,0.22729397135567622,1,0,0.029734629749327515,0.07386072168948926,0.11786511714627225,0.33499061180670797,0,VOLATILE,1.0,327835195909478.9,19611127619942.805,2024-02-05,492.55,0.01711501370419244,0.029702568267180984
2036,-1,0.011472345118569122,0,0.3335233068506801,3,0,-1.0,0.22215389034659686,0.22215389034659686,1,0,0.029530733502657506,0.05368883543509069,0.11107318964591606,0.3335233068506801,0,VOLATILE,1.0,325587165026438.1,2248019842742.903,2024-02-06,493.98,0.00020243734564151517,0.031924369407668296
2037,1,0.01778155029803133,1,0.33535808565653713,3,2,-1.0,0.23479535963554882,0.23479535963554882,1,0,0.03170386713872462,0.10029729573698619,0.12733372095857026,0.33535808565653713,0,VOLATILE,1.0,349546760196230.1,23959567958588.13,2024-02-07,498.1,0.0009435856253763308,0.03354748042561728
2038,-1,-0.015495540026139759,1,0.3337020255337772,3,2,-1.0,0.23194128889836102,0.23194128889836102,1,0,0.03130815564522157,0.08874819687396512,0.12335211750639556,0.3337020255337772,0,VOLATILE,1.0,345183895883142.8,4362857486864.715,2024-02-08,498.32,0.007404880398137692,0.026890351581313254
2039,0,0.003066000726288237,0,0.3355583183263175,3,1,-1.0,0.23215321888746146,0.23215321888746146,1,0,0.03369619307893386,0.08854711649378479,0.1240811031909062,0.3355583183263175,0,VOLATILE,1.0,371512884221662.25,26328987765718.85,2024-02-09,501.2,-0.0033719074221867373,0.020111731843575287
2040,-1,-0.008213137753771443,0,0.3340099948745035,3,1,-1.0,0.22415201112279046,0.22415201112279046,1,0,0.03442244047671756,0.056655097389624244,0.11369251262211393,0.3340099948745035,0,VOLATILE,1.0,379520028078449.44,8007161169706.086,2024-02-12,500.98,-0.00842348995967912,0.03153818515709195
2041,1,0.03132286904942366,1,0.33357861802016203,3,2,-1.0,0.24747367240754312,0.24747367240754312,1,0,0.03468570393120872,0.14352453111219962,0.14273674501446942,0.33357861802016203,0,VOLATILE,1.0,382422604196144.9,2902535315516.648,2024-02-13,494.08,0.006335006476683835,0.044304566062176365
2042,1,0.016757723032120114,0,0.3385747909071125,3,0,-1.0,0.2875530567244159,0.2875530567244159,1,0,0.04031127627768608,0.2919437796192077,0.19408501863229793,0.3385747909071125,0,VOLATILE,1.0,444446602068594.06,62023911518375.81,2024-02-14,498.57,0.01791122610666518,0.03285396233227034
2043,-1,-0.07658776380093871,1,0.3333681995428559,3,2,-1.0,0.25104467724034996,0.25104467724034996,1,0,0.04034869074910746,0.15109499855934685,0.14714789643615145,0.3333681995428559,0,VOLATILE,1.0,444859110334938.1,412583458698.3871,2024-02-15,502.01,0.011633234397721237,0.015577378936674657
2044,-1,0.010048754719995223,0,0.33336584947271963,3,0,-1.0,0.22458505247627922,0.22458505247627922,1,0,0.040383584721138475,0.05183474916944845,0.11407277796352897,0.33336584947271963,0,VOLATILE,1.0,445243829171301.1,384774296810.8327,2024-02-16,499.51,0.012972713258993851,0.02672619166783452
2045,-1,0.025405877230889773,0,0.3386803112960309,3,0,-1.0,0.22353130494309825,0.22353130494309825,1,0,0.034644767407901726,0.0576078596007398,0.11408420900288051,0.3386803112960309,0,VOLATILE,1.0,381971264016316.2,63272569391407.41,2024-02-20,496.76,0.02047266285530247,0.03814719381592724
2046,-1,-0.007197749587910002,0,0.3333501424990629,3,0,-1.0,0.21527980782200729,0.21527980782200729,1,0,0.034662806634480396,0.022649079572344168,0.10243729540227485,0.3333501424990629,0,VOLATILE,1.0,382170153103866.0,198908451176.74557,2024-02-21,497.21,0.01820156473120016,0.046801150419339965
2047,1,0.02196626002113855,1,0.3349363054940263,3,2,-1.0,0.22899457072205487,0.22899457072205487,1,0,0.03294236734382225,0.07698950198440324,0.11997728977607516,0.3349363054940263,0,VOLATILE,1.0,363201679083568.6,18968502952043.387,2024-02-22,507.5,0.0011428571428571122,0.028965517241379413
2048,1,-0.009964012513691778,0,0.3335400972940843,3,0,-1.0,0.23274532110841067,0.23274532110841067,1,0,0.032720451900540126,0.09022957522656319,0.12431667570903443,0.3335400972940843,0,VOLATILE,1.0,360754979950703.94,2446706746413.912,2024-02-23,507.85,0.009845426799251822,0.0263069804076006
2049,-1,-0.01786559004377558,1,0.33401344048781517,3,2,-1.0,0.2186304814509909,0.2186304814509909,1,0,0.03345039631367021,0.03692398949340707,0.10679146193569242,0.33401344048781517,0,VOLATILE,1.0,368802884757285.25,8047934258520.282,2024-02-26,505.99,0.012470602185813862,0.027233739797229095
2050,0,0.014494336119056372,0,0.3354758198128022,3,1,-1.0,0.2190099779126275,0.2190099779126275,1,0,0.03574988958816192,0.037144392443792924,0.10763142734398494,0.3354758198128022,0,VOLATILE,1.0,394155641273534.44,25352755404654.07,2024-02-27,506.93,0.0004931647367487635,0.023435188290296338
2051,-1,-0.004060669705276604,0,0.33513653953220063,3,1,-1.0,0.2153288046689875,0.2153288046689875,1,0,0.03768523831268453,0.021150183845169014,0.10294514071928451,0.33513653953220063,0,VOLATILE,1.0,415493570603943.5,21337938951835.137,2024-02-28,506.26,0.006893690988819978,0.0334018093469759
2052,1,0.01219175051482363,1,0.33358809071938506,3,2,-1.0,0.2238393819401711,0.2238393819401711,1,0,0.037958666463244674,0.05163008385193582,0.11319625010506015,0.33358809071938506,0,VOLATILE,1.0,418508216222931.9,3014628917378.1587,2024-02-29,508.08,0.013245945520390379,0.029503227838135748
2053,1,0.0020444265004941065,0,0.34550926378429,3,0,-1.0,0.23439438571184884,0.23439438571184884,1,0,0.024890456922801018,0.11322043733484964,0.12937029808588354,0.34550926378429,0,VOLATILE,1.0,274426414263573.06,144081836457472.9,2024-03-01,512.85,-0.002203373306034928,0.018153456176269733
2054,-1,-0.02559489720238098,1,0.33524875033908036,3,2,-1.0,0.2193544922811456,0.2193544922811456,1,0,0.022834670271243925,0.051181238537362395,0.1080053029362021,0.33524875033908036,0,VOLATILE,1.0,251760612626121.9,22665766766778.94,2024-03-04,512.3,-0.0019910208861994017,0.01276595744680864
2055,1,0.03848165965691802,1,0.33618248574842663,3,2,-1.0,0.24279625850736036,0.24279625850736036,1,0,0.019776729483261698,0.1428461042306596,0.13754094457130708,0.33618248574842663,0,VOLATILE,1.0,218045694170464.6,33714968557629.69,2024-03-05,507.18,0.01892819117473077,0.024113726881974662
2056,-1,-0.03641304313117358,1,0.33352757213323414,3,2,-1.0,0.22982498160240156,0.22982498160240156,1,0,0.01956825397584437,0.09242110613308707,0.12066312003631047,0.33352757213323414,0,VOLATILE,1.0,215747175258587.66,2298492350439.235,2024-03-06,509.75,0.012202059833251733,0.0065129965669445955
2057,-1,-0.0071250096718998845,0,0.3338044783750226,3,0,-1.0,0.20972869502554287,0.20972869502554287,1,0,0.019062578557698624,0.01777338656935399,0.0956119883756842,0.3338044783750226,0,VOLATILE,1.0,210171918355374.75,5575216047582.365,2024-03-07,514.81,0.00027194498941374157,0.007031720440550782
2058,1,0.039798381484098644,1,0.33353788605476636,3,2,-1.0,0.22943078993278282,0.22943078993278282,1,0,0.019282124818410084,0.09123675197060035,0.12017295892967014,0.33353788605476636,0,VOLATILE,1.0,212592496381679.66,2420540415794.84,2024-03-08,511.72,-0.003693426092394314,0.013679355897756595
2059,1,-0.004557651201304774,0,0.33398148724736226,3,0,-1.0,0.244575233638718,0.244575233638718,1,0,0.01997777998833766,0.14766546159237665,0.13921441386023808,0.33398148724736226,0,VOLATILE,1.0,220262349708970.75,7669820932087.798,2024-03-11,511.28,0.003090283210765321,0.01572523861680497
2060,-1,-0.025765130388760882,1,0.3333903685431888,3,2,-1.0,0.2339545469558923,0.2339545469558923,1,0,0.020038992953637383,0.10733333453835041,0.1257907758306626,0.3333903685431888,0,VOLATILE,1.0,220937245096618.53,674916616173.3975,2024-03-12,516.78,-0.0020705135647662853,-0.005147258020821166
2061,-1,0.0014629596064838768,0,0.33383665015498787,3,0,-1.0,0.22479681987955047,0.22479681987955047,1,0,0.0194987900756896,0.07386677208886552,0.11445518738818504,0.33383665015498787,0,VOLATILE,1.0,214981310288757.62,5955915424782.008,2024-03-13,515.97,0.008740818264627803,0.003934337267670562
2062,1,0.03251397453716687,1,0.34153886480383266,3,2,-1.0,0.2481530673403755,0.2481530673403755,1,0,0.010691941731102947,0.17603620939817988,0.1455760503764276,0.34153886480383266,0,VOLATILE,1.0,117882578045154.28,97098784207184.83,2024-03-14,514.95,0.014079036799689248,-0.007961938052238104
2063,1,-0.013156581705453252,0,0.34121675108704463,3,0,-1.0,0.2583527330957473,0.2583527330957473,1,0,0.019153077740881822,0.205582234683454,0.15824510414144527,0.34121675108704463,0,VOLATILE,1.0,211169705033689.84,93287105415991.2,2024-03-15,509.83,0.02232116587882249,-0.010552537120216532
2064,-1,-0.05302205845227137,1,0.3393605490045116,3,2,-1.0,0.21553034039884772,0.21553034039884772,1,0,0.025621974126644766,0.037137214122418,0.10425306274968758,0.3393605490045116,0,VOLATILE,1.0,282491659664474.44,71322048538836.94,2024-03-18,512.86,0.013473462543384107,-0.018192099208361068
2065,1,0.04817905066217329,1,0.33464106110521274,3,2,-1.0,0.22088699836412143,0.22088699836412143,1,0,0.02702553626671659,0.05228150342764832,0.10976901323145496,0.33464106110521274,0,VOLATILE,1.0,297966446908865.1,15474777859298.709,2024-03-19,515.71,0.00601113028640099,-0.029396366174788247
2066,1,0.012779020755594839,0,0.33374574500949356,3,0,-1.0,0.23902267708498998,0.23902267708498998,1,0,0.027468173841661565,0.11917617398417106,0.13221478260861086,0.33374574500949356,0,VOLATILE,1.0,302846688476435.5,4880204590278.401,2024-03-20,520.48,0.005168306178911619,-0.040270519520442694
2067,-1,-0.03667764545734856,1,0.33384548965227173,3,2,-1.0,0.22048071034850997,0.22048071034850997,1,0,0.026918481988794523,0.0502682990573217,0.1090622603487054,0.33384548965227173,0,VOLATILE,1.0,296786134240727.0,6060516137405.385,2024-03-21,522.2,0.0016660283416316535,-0.05178092684795099
2068,1,0.024257725059078028,1,0.333631071608842,3,2,-1.0,0.226196468671108,0.226196468671108,1,0,0.02723804020962085,0.07122202101366551,0.11615335374109545,0.333631071608842,0,VOLATILE,1.0,300309380799109.06,3523236083826.2197,2024-03-22,521.21,0.0018226818364956987,-0.04123098175399553
2069,1,0.009596213646165225,0,0.33338659722960945,3,0,-1.0,0.24150844063987123,0.24150844063987123,1,0,0.027180875787849626,0.1285157245338747,0.13523220010724143,0.33338659722960945,0,VOLATILE,1.0,299679122088359.7,630289407717.8286,2024-03-25,519.77,-0.0017892529387997236,-0.027165861823498894
2070,1,-0.011259484156241784,0,0.33367391738029695,3,0,-1.0,0.2455609284523927,0.2455609284523927,1,0,0.027546419570107873,0.14356250016158745,0.1403696399105651,0.33367391738029695,0,VOLATILE,1.0,303709376323250.06,4030244353997.9165,2024-03-26,518.81,0.0011564927430081084,-0.025828337927179312
2071,-1,-0.03354140066471237,1,0.3353204783730247,3,2,-1.0,0.21607201560020178,0.21607201560020178,1,0,0.025413646149770427,0.036346771130754865,0.10392013909350842,0.3353204783730247,0,VOLATILE,1.0,280194767330929.6,23514548459300.23,2024-03-27,523.17,-0.019305388305904225,-0.037616835827742334
2072,1,0.03114133923904855,1,0.33392462004324813,3,2,-1.0,0.21772444198705942,0.21772444198705942,1,0,0.02477902887584616,0.04213109360806293,0.10563670749463636,0.33392462004324813,0,VOLATILE,1.0,273197879188099.9,6996892383754.667,2024-03-28,523.07,-0.008870705641692456,-0.028313610033074088
2073,1,0.01827134171985703,0,0.33508368743162664,3,0,-1.0,0.2376482100937741,0.2376482100937741,1,0,0.026657656743943645,0.11583589668142913,0.13083118447512426,0.33508368743162664,0,VOLATILE,1.0,293910440278344.3,20712522459682.21,2024-04-01,522.16,-0.006588018998008205,-0.0231729738011337
2074,1,-0.011656701454429569,0,0.33377706257983325,3,0,-1.0,0.2459152767460592,0.2459152767460592,1,0,0.027133905285669304,0.1453811794469277,0.14083836157753232,0.33377706257983325,0,VOLATILE,1.0,299161255078947.9,5250795820747.894,2024-04-02,518.84,0.0009251406984811528,-0.03249556703415313
2075,-1,-0.028862719538131715,1,0.33571849649405744,3,2,-1.0,0.22531962386021256,0.22531962386021256,1,0,0.024573947783693262,0.07216351406264682,0.11557915394878002,0.33571849649405744,0,VOLATILE,1.0,270936784949158.0,28224429322429.723,2024-04-03,519.41,-0.010184632563870477,-0.036695481411601505
2076,1,0.03657893392903602,1,0.33423984664543294,3,2,-1.0,0.24130290490340195,0.24130290490340195,1,0,0.025546895282352843,0.1300188830894791,0.13518859279061063,0.33423984664543294,0,VOLATILE,1.0,281663887876676.9,10727073656222.775,2024-04-04,513.07,0.009608825306488322,-0.01567037636190005
2077,1,-0.0023420766562188555,0,0.33535833519199915,3,0,-1.0,0.2549441092903725,0.2549441092903725,1,0,0.027720296981136823,0.1798388642517594,0.1525197204109654,0.33535833519199915,0,VOLATILE,1.0,305626438536214.0,23962520794740.902,2024-04-05,518.43,-0.014621067453657988,-0.013772351137086858
2078,-1,-0.04802283233484883,1,0.33450393756413915,3,2,-1.0,0.22056248134249418,0.22056248134249418,1,0,0.026463901493187496,0.05152335671427021,0.10932908606915256,0.33450393756413915,0,VOLATILE,1.0,291774217593696.0,13852149371150.479,2024-04-08,518.72,-0.027510024676125955,-0.004144818013571805
2079,1,0.056552924490076345,1,0.33568283793122133,3,2,-1.0,0.24273377788469222,0.24273377788469222,1,0,0.02898558774382098,0.13302820777219085,0.1373379318386706,0.33568283793122133,0,VOLATILE,1.0,319576733144351.7,27802469683323.727,2024-04-09,519.32,-0.030405145189863814,-0.004197797119310009
2080,-1,-0.04458009019725856,1,0.33373810571626056,3,2,-1.0,0.2203249842296317,0.2203249842296317,1,0,0.028551148370679277,0.047971121777635024,0.10884075671610477,0.33373810571626056,0,VOLATILE,1.0,314786879757731.94,4789806291546.745,2024-04-10,514.12,-0.026394616042947128,0.005971368552089018
2081,1,0.030273491236488925,1,0.33362041811480403,3,2,-1.0,0.2281896818110601,0.2281896818110601,1,0,0.028859272947222934,0.07706734743035555,0.11864220679252616,0.33362041811480403,0,VOLATILE,1.0,318184066195474.56,3397169744021.108,2024-04-11,518.0,-0.035675675675675755,0.004189189189189202
2082,1,-0.00512782930740277,0,0.33489624616413627,3,0,-1.0,0.23092655008508575,0.23092655008508575,1,0,0.027181826549343292,0.08996492089283058,0.12238224914739129,0.33489624616413627,0,VOLATILE,1.0,299689604582447.1,18494467572073.246,2024-04-12,510.85,-0.030713516687873144,0.019555642556523534
2083,-1,-0.0062494561380962155,1,0.3372766204044928,3,2,-1.0,0.22741396222101518,0.22741396222101518,1,0,0.02294956547623508,0.08281025815594141,0.11858660787739216,0.3372766204044928,0,VOLATILE,1.0,253027374390262.84,46662228006322.9,2024-04-15,504.45,-0.009376548716423794,0.03262959659034581
2084,-1,-0.00909811301098512,0,0.3367268556365845,3,0,-1.0,0.21480326134595948,0.21480326134595948,1,0,0.019307355059909548,0.038750016714876954,0.1026857905915955,0.3367268556365845,0,VOLATILE,1.0,212870669045491.2,40156678578383.97,2024-04-16,503.53,0.004210275455285739,0.03926280459952736
2085,1,0.021764442490969954,1,0.3343648600538988,3,2,-1.0,0.22395700296187374,0.22395700296187374,1,0,0.018200237425403464,0.07241216872204709,0.11353746871581685,0.3343648600538988,0,VOLATILE,1.0,200664291173530.3,12206398915686.72,2024-04-17,500.55,0.009709319748276934,0.05839576465887508
2086,-1,-0.025516175580939326,1,0.3339644778235202,3,2,-1.0,0.20759456899684867,0.20759456899684867,1,0,0.017522838076519748,0.011430154029303034,0.09298433070194093,0.3339644778235202,0,VOLATILE,1.0,193195714967187.3,7468542760031.483,2024-04-18,499.52,0.007947629724535554,0.0583960602178093
2087,1,0.030110425614023856,1,0.33340417242713216,3,2,-1.0,0.22134256064584745,0.22134256064584745,1,0,0.017446809911813216,0.06264092183046378,0.11002924391409233,0.33340417242713216,0,VOLATILE,1.0,192357476573727.3,838262567992.6085,2024-04-19,495.16,0.026456094999596003,0.06925034332337021
2088,1,0.014390953662858363,0,0.33556636728673334,3,0,-1.0,0.2494815059577046,0.2494815059577046,1,0,0.01984349147033354,0.16738693133610863,0.14574347426881404,0.33556636728673334,0,VOLATILE,1.0,218781769557833.38,26424233792538.62,2024-04-22,499.72,0.020691587288881763,0.060713999839910215
2089,-1,-0.04058489559187539,1,0.33353908928848014,3,2,-1.0,0.23703555567768636,0.23703555567768636,1,0,0.020064323515881877,0.11897332724180221,0.129679216919228,0.33353908928848014,0,VOLATILE,1.0,221216523833429.06,2434778680694.8433,2024-04-23,505.65,-0.00725798477207551,0.05084544645505784
2090,-1,-0.016240060172742127,0,0.3359572709235551,3,0,-1.0,0.208349545224926,0.208349545224926,1,0,0.017248092184609355,0.016030655601529466,0.09442624926204626,0.3359572709235551,0,VOLATILE,1.0,190166540766630.62,31049926596718.344,2024-04-24,505.41,-0.010011673690667022,0.048317207811479745
2091,1,0.04038823545191317,1,0.33456637864277017,3,2,-1.0,0.2200517702240788,0.2200517702240788,1,0,0.01857150008225308,0.057547422240120084,0.10870630744079104,0.33456637864277017,0,VOLATILE,1.0,204757598097754.62,14591035431298.346,2024-04-25,503.49,0.003058650618681602,0.04462849311803607
2092,0,-0.01159513216261121,0,0.3334094387808219,3,1,-1.0,0.22015886306062038,0.22015886306062038,1,0,0.018489817494211358,0.057162998068731596,0.10855093852098098,0.3334094387808219,0,VOLATILE,1.0,203857017613692.7,900581083535.5223,2024-04-26,508.26,0.0059615157596506485,0.04167158540904281
2093,-1,-0.007119690601205236,0,0.3349647710446783,3,1,-1.0,0.21314626529595673,0.21314626529595673,1,0,0.016738822795430895,0.03378325034791554,0.10017402438111547,0.3349647710446783,0,VOLATILE,1.0,184551659014965.4,19305345284564.73,2024-04-29,510.06,0.012763204328902544,0.03872093479198524
2094,1,0.03222531103099202,1,0.3358604248568257,3,2,-1.0,0.2383589785622851,0.2383589785622851,1,0,0.01945111026003268,0.12629037799115572,0.1319138294170628,0.3358604248568257,0,VOLATILE,1.0,214455622838179.3,29903914864452.293,2024-04-30,501.98,0.03020040639069288,0.048049723096537766
2095,-1,-0.029475969340609004,1,0.33341891599857,3,2,-1.0,0.23409572248800448,0.23409572248800448,1,0,0.019542963956307634,0.10838018237263673,0.12597438210964812,0.33341891599857,0,VOLATILE,1.0,215468343519996.12,1012728154607.0742,2024-05-01,500.35,0.03365644049165595,0.04448885779954037
2096,-1,-0.012598393813807951,0,0.3339843325918715,3,0,-1.0,0.21723407259991587,0.21723407259991587,1,0,0.018844254586022763,0.04627176710756525,0.10503867389786267,0.3339843325918715,0,VOLATILE,1.0,207764816513869.2,7703490840427.959,2024-05-02,505.03,0.029978417123735168,0.04423499594083524
2097,1,0.02607886947773369,1,0.33527066665613625,3,2,-1.0,0.22645129218956095,0.22645129218956095,1,0,0.01676495072832476,0.0838803949746311,0.11688178190098528,0.33527066665613625,0,VOLATILE,1.0,184839729055560.53,22925109838958.73,2024-05-03,511.29,0.018678245222867762,0.03229087210780568
2098,1,-0.007753225039507122,0,0.33335650579536097,3,0,-1.0,0.2279152867396989,0.2279152867396989,1,0,0.016740080159546956,0.08795962446084467,0.11823323487346388,0.33335650579536097,0,VOLATILE,1.0,184565521915388.03,274207453601.6086,2024-05-06,516.57,0.008401571907001859,0.02288170044718041
2099,1,0.0025295871037554485,0,0.333565993934209,3,0,-1.0,0.23190886839359232,0.23190886839359232,1,0,0.016989791644227818,0.10284296028240016,0.12327758397554264,0.333565993934209,0,VOLATILE,1.0,187318682596766.56,2753150305883.342,2024-05-07,517.14,0.011911668020265331,0.03389797733689126
2100,-1,-0.020557448381680776,1,0.3348176574390507,3,2,-1.0,0.21534500166580495,0.21534500166580495,1,0,0.018582887491653308,0.04007411183440315,0.10288566644201881,0.3348176574390507,0,VOLATILE,1.0,204883148461861.94,17564501038444.371,2024-05-08,517.19,0.024343084746417887,0.033778688683075764
2101,1,0.017424820666040786,1,0.3360354754071156,3,2,-1.0,0.21620595560405836,0.21620595560405836,1,0,0.021483049339743602,0.04131589073081187,0.10426631335685183,0.3360354754071156,0,VOLATILE,1.0,236858496251735.84,31975346272527.547,2024-05-09,520.17,0.01637926062633399,0.026606686275640667
2102,-1,-0.006667198546551428,1,0.33594386412053434,3,2,-1.0,0.21039971099576035,0.21039971099576035,1,0,0.024284884989581642,0.01667192933492045,0.09698560477483402,0.33594386412053434,0,VOLATILE,1.0,267749761652193.34,30891279435580.215,2024-05-10,520.84,0.016530988403348434,0.028454035788341825
2103,1,0.017463214936978166,1,0.3352140724226903,3,2,-1.0,0.2220566813244405,0.2220566813244405,1,0,0.022266322886878707,0.06185678639679091,0.1113743697612232,0.3352140724226903,0,VOLATILE,1.0,245494374315142.94,22255411443371.086,2024-05-13,520.91,0.01756541437100445,0.030792267378242144
2104,1,-0.00187372598210514,0,0.3333692754789138,3,0,-1.0,0.23183992567101552,0.23183992567101552,1,0,0.022304900699093393,0.09712177717640018,0.12314222595849786,0.3333692754789138,0,VOLATILE,1.0,245919708840300.3,425315368079.62683,2024-05-14,523.3,0.015402254920695801,0.034511752340913526
2105,-1,-0.016549066018791275,1,0.3337117194201577,3,2,-1.0,0.22507410399879926,0.22507410399879926,1,0,0.021898784441434418,0.07241289511918107,0.11477055985353848,0.3337117194201577,0,VOLATILE,1.0,241442128187234.8,4477568469958.783,2024-05-15,529.78,9.437879874685251e-05,0.02391558760240109
2106,-1,-0.005931841037074975,0,0.33413938069161137,3,0,-1.0,0.21237644128950803,0.21237644128950803,1,0,0.02103366554342851,0.025982524810935045,0.09900539678478784,0.33413938069161137,0,VOLATILE,1.0,231903875119894.25,9538226595510.236,2024-05-16,528.69,-0.005163706519888844,0.02665077833891294
2107,1,0.01937504510990326,1,0.33364564313606604,3,2,-1.0,0.21905382369012005,0.21905382369012005,1,0,0.020698470201775024,0.05098760098822469,0.10722869039666656,0.33364564313606604,0,VOLATILE,1.0,228208223570663.16,3695665814012.865,2024-05-17,529.45,-1.8887524789845678e-05,0.03333648125413169
2108,1,-0.003962748305802594,0,0.34115327306280036,3,0,-1.0,0.22176845778492948,0.22176845778492948,1,0,0.012305467073501157,0.07519120441708463,0.11249889049686193,0.34115327306280036,0,VOLATILE,1.0,135672286583293.7,92535948833367.25,2024-05-20,530.06,-0.0004716447194657025,0.034769648719013
2109,0,-0.002320852654723593,0,0.33448151858514297,3,1,-1.0,0.22216223922501532,0.22216223922501532,1,0,0.013537794101258872,0.07043174193140592,0.11132317867755492,0.33448151858514297,0,VOLATILE,1.0,149259143926914.5,13586858132975.008,2024-05-21,531.36,-0.009899126769045474,0.029433905450165554
2110,-1,-0.006560987531009893,0,0.3351239077817124,3,1,-1.0,0.21599503313409127,0.21599503313409127,1,0,0.015459584909586753,0.045864720179539874,0.1037747683630422,0.3351239077817124,0,VOLATILE,1.0,170447592259937.9,21188463245206.414,2024-05-22,529.83,-0.013627012437951835,0.027707000358605516
2111,-1,0.004863759735474205,0,0.3335053188082626,3,0,-1.0,0.21469158677864142,0.21469158677864142,1,0,0.01564417367555206,0.039578265850550326,0.10174081317536746,0.3335053188082626,0,VOLATILE,1.0,172482751088653.22,2035161351457.5251,2024-05-23,525.96,0.002680812229066687,0.03190356681116424
2112,1,0.0072850783387518325,1,0.3342185342312937,3,2,-1.0,0.2206732187619434,0.2206732187619434,1,0,0.014694104203960815,0.06349436682679728,0.1093961570102527,0.3342185342312937,0,VOLATILE,1.0,162007886798346.25,10474876768199.295,2024-05-24,529.44,-0.0030976125717741,0.029068449682683628
2113,-1,-0.009599467599350098,1,0.3334696475084047,3,2,-1.0,0.2170553831458953,0.2170553831458953,1,0,0.014840407206364896,0.04921951522204595,0.10468664080947028,0.3334696475084047,0,VOLATILE,1.0,163620931045395.3,1613050990935.0803,2024-05-28,529.81,-0.0026802061116248943,0.029633264755289712
2114,-1,0.00016500939285099547,0,0.33430458394833906,3,0,-1.0,0.21360255692269817,0.21360255692269817,1,0,0.015882832749816573,0.03585519367155581,0.10057934214045745,0.33430458394833906,0,VOLATILE,1.0,175114054892557.22,11493131702266.477,2024-05-29,526.1,0.016289678768294902,0.038528796806690746
2115,-1,0.0008621449859109176,0,0.3359879687124696,3,0,-1.0,0.21101187568541196,0.21101187568541196,1,0,0.013033658924049117,0.030251851430597932,0.09776183678488234,0.3359879687124696,0,VOLATILE,1.0,143700868744787.6,31413183747356.5,2024-05-30,522.61,0.023057346778668553,0.04135014638066625
2116,1,0.01774326784689853,1,0.33715731960235173,3,2,-1.0,0.2261644622950243,0.2261644622950243,1,0,0.00892944402569233,0.09205527928241261,0.1169949077693683,0.33715731960235173,0,VOLATILE,1.0,98450394580473.19,45250501918318.89,2024-05-31,527.37,0.01259078066632524,0.034074748279196765
2117,1,0.027298780366088737,0,0.33973970574751644,3,0,-1.0,0.26861582927072536,0.26861582927072536,1,0,0.015805299219163047,0.24630883985669436,0.17070471302528578,0.33973970574751644,0,VOLATILE,1.0,174259219287552.7,75808736439807.2,2024-06-03,527.8,0.014892004547176985,0.04018567639257298
2118,-1,-0.07091784142791185,1,0.33550610535155806,3,2,-1.0,0.24014935481851457,0.24014935481851457,1,0,0.013473295948065359,0.13871636363503267,0.13406321986103267,0.33550610535155806,0,VOLATILE,1.0,148548028138143.9,25711134261992.906,2024-06-04,528.39,0.016200155188402565,0.04366093226594003
2119,-1,0.01053483360910995,0,0.33418355842783426,3,0,-1.0,0.22221771397541373,0.22221771397541373,1,0,0.014385824159770414,0.06956827206890695,0.11131803207622579,0.33418355842783426,0,VOLATILE,1.0,158608986272792.25,10060996447979.576,2024-06-05,534.67,0.012512390820506258,0.03735014120859592
2120,1,0.020850405021489604,1,0.3334007801553505,3,2,-1.0,0.2251364781538025,0.2251364781538025,1,0,0.014313435155634538,0.07999894303763778,0.11477079273109077,0.3334007801553505,0,VOLATILE,1.0,157810870959010.22,798120687252.6564,2024-06-06,534.66,0.014570007107320704,0.038566565667901065
2121,1,-0.00148124875218425,0,0.33443895004239227,3,0,-1.0,0.22657399358000702,0.22657399358000702,1,0,0.015500074480318465,0.08498161397650214,0.11682722948560686,0.33443895004239227,0,VOLATILE,1.0,170894004623738.12,13083130402306.477,2024-06-07,534.01,0.01642291342858737,0.04084193179903006
2122,-1,-0.008007084749608123,1,0.33334871820295137,3,2,-1.0,0.2200044242566034,0.2200044242566034,1,0,0.015516585549206534,0.05951154406526964,0.10834270987149205,0.33334871820295137,0,VOLATILE,1.0,171076045212412.94,182054281367.51614,2024-06-10,535.66,0.021356830825523865,0.04790352089011707
2123,-1,-0.0016420950970517656,0,0.3338038062022789,3,0,-1.0,0.21179275983614804,0.21179275983614804,1,0,0.016021534317420785,0.02855416971984343,0.09819190134575473,0.3338038062022789,0,VOLATILE,1.0,176643290533687.28,5567262003846.943,2024-06-11,536.95,0.021491759009218736,0.03637210168544547
2124,1,0.01560895829931297,1,0.3333625495587682,3,2,-1.0,0.21919005371500563,0.21919005371500563,1,0,0.016052892597818315,0.055931721002529015,0.1073282045334491,0.3333625495587682,0,VOLATILE,1.0,176989027073344.1,345725317007.43146,2024-06-12,541.36,0.010418205999704444,0.034413329392640746
2125,1,0.013273709299666703,0,0.3339769449932941,3,0,-1.0,0.23986105689352993,0.23986105689352993,1,0,0.016743673821836183,0.13321799827387168,0.13332055736523596,0.3339769449932941,0,VOLATILE,1.0,184605143359830.2,7616070928305.269,2024-06-13,542.45,0.0037975850308782366,0.03517374873260204
2126,-1,-0.04061203459764037,1,0.3339925107939995,3,2,-1.0,0.21992002547441386,0.21992002547441386,1,0,0.016036186590407803,0.05915829203414373,0.10839815954151717,0.3339925107939995,0,VOLATILE,1.0,176804837215980.44,7800266227432.01,2024-06-14,542.78,-7.369468292850456e-05,0.04067946497660202
2127,-1,0.017290893502335897,0,0.33342366387802636,3,0,-1.0,0.21726988755763368,0.21726988755763368,1,0,0.016133136125558174,0.048696690124087866,0.10494327541654867,0.33342366387802636,0,VOLATILE,1.0,177873741389911.6,1068911392028.871,2024-06-17,547.1,-0.00414915006397365,0.017985743008590793
2128,1,0.012252251432638361,1,0.33366242509408883,3,2,-1.0,0.22687200107349187,0.22687200107349187,1,0,0.0157799296017412,0.08523689324442002,0.11700560761538706,0.33366242509408883,0,VOLATILE,1.0,173979509953091.3,3894252307342.3506,2024-06-18,548.49,-0.005433098142172188,0.007602691024448882
2129,1,-0.0030474060240380796,0,0.3335262155894984,3,0,-1.0,0.23342670856531197,0.23342670856531197,1,0,0.015572913538810325,0.10992190527323345,0.1251649396040146,0.3335262155894984,0,VOLATILE,1.0,171697081951818.22,2282439917036.639,2024-06-20,547.0,-0.0011517367458866445,0.0036380255941499406
2130,1,-0.004648578231288336,0,0.334886205978411,3,0,-1.0,0.23533283782584374,0.23533283782584374,1,0,0.017239585051568772,0.1164232112791536,0.12788759877690745,0.334886205978411,0,VOLATILE,1.0,190072746505511.56,18375658713605.09,2024-06-21,544.51,-0.0005325889331692091,0.018622247525297952
2131,-1,-0.023079178689763863,1,0.3344540519019161,3,2,-1.0,0.21415978839661168,0.21415978839661168,1,0,0.01844242858413013,0.03549731682960076,0.10131324847124362,0.3344540519019161,0,VOLATILE,1.0,203334537503753.97,13261835731060.172,2024-06-24,542.74,0.004790507425286528,0.020341231528908876
2132,1,0.026869059936569434,1,0.3336326636189117,3,2,-1.0,0.21985579890394905,0.21985579890394905,1,0,0.01812116370075369,0.056562579903239,0.10822791453466422,0.3336326636189117,0,VOLATILE,1.0,199792474364967.7,3542074868708.062,2024-06-25,544.83,0.007672117908338327,-0.006607565662683834
2133,-1,-0.013505739899898256,1,0.3335421501299917,3,2,-1.0,0.21204606951138816,0.21204606951138816,1,0,0.018345281662772397,0.026984091602427016,0.09844312442173313,0.3335421501299917,0,VOLATILE,1.0,202263457074510.2,2470998636768.906,2024-06-26,545.51,0.010907224432182838,-0.013015343440083593
2134,-1,0.0027663354776585047,0,0.33353654355980983,3,0,-1.0,0.20700267559648577,0.20700267559648577,1,0,0.018127178716950042,0.008285262439729064,0.09213748038555969,0.33353654355980983,0,VOLATILE,1.0,199858792124084.03,2404654226271.199,2024-06-27,546.37,0.015136262971978676,-0.0035324047806430947
2135,1,0.029037796813595584,1,0.33398853120988725,3,2,-1.0,0.23099707849517898,0.23099707849517898,1,0,0.018830395106123613,0.09790004765821293,0.1222434809214455,0.33398853120988725,0,VOLATILE,1.0,207612010666066.66,7753174484460.786,2024-06-28,544.22,0.020322663628679516,0.0009922457829554254
2136,1,0.008629245765126248,0,0.33660930962323193,3,0,-1.0,0.2636207271589984,0.2636207271589984,1,0,0.02234644936234784,0.21868825970132003,0.16367823635455594,0.33660930962323193,0,VOLATILE,1.0,246377798087505.66,38765717490004.72,2024-07-01,545.34,0.01921736898081927,-0.0061246195034291295
2137,-1,-0.0590312131851472,1,0.34093576569589706,3,2,-1.0,0.2372131626376707,0.2372131626376707,1,0,0.014186887810561854,0.13106429635262612,0.13175039472106265,0.34093576569589706,0,VOLATILE,1.0,156415640077930.7,89962111787181.44,2024-07-02,549.01,0.022422178102402546,0.003278628804575412
2138,-1,-0.0025988410395734185,0,0.33347753129480356,3,0,-1.0,0.20820675707676956,0.20820675707676956,1,0,0.01434164715751789,0.016541840351470685,0.09362782916966285,0.33347753129480356,0,VOLATILE,1.0,158121918624388.88,1706342458651.9033,2024-07-03,551.46,0.009103108113009073,-0.01532296086751539
2139,1,0.03656569121033601,1,0.3335261781772203,3,2,-1.0,0.21576604272620442,0.21576604272620442,1,0,0.014548625604756045,0.04471866825142582,0.10308909795206062,0.3335261781772203,0,VOLATILE,1.0,160403931898857.0,2281997205101.536,2024-07-05,554.64,0.009645896437328716,-0.039196595990191874
2140,0,-0.008255624203865108,0,0.3334029914940277,3,1,-1.0,0.21506970417177418,0.21506970417177418,1,0,0.014623388377244848,0.041940245887429096,0.10218787808822465,0.3334029914940277,0,VOLATILE,1.0,161228218879129.78,824288193622.5719,2024-07-08,555.28,0.011255582769053474,-0.06825385391154004
2141,-1,-0.006428995359866019,0,0.33388962404894196,3,1,-1.0,0.20794437025747792,0.20794437025747792,1,0,0.014026330037910135,0.016182276464338577,0.0934028688340829,0.33388962404894196,0,VOLATILE,1.0,154645431762044.2,6582773138527.06,2024-07-09,555.82,0.01626425821309052,-0.06057716526933188
2142,1,0.01750012041062679,1,0.33472369351764175,3,2,-1.0,0.21831915675380845,0.21831915675380845,1,0,0.015518581076834468,0.05422102688817848,0.10657986932167098,0.33472369351764175,0,VOLATILE,1.0,171098046636219.5,16452594690763.209,2024-07-10,561.32,-0.007803035701560601,-0.07599942991520003
2143,-1,-0.017280705430065796,1,0.33353604855785657,3,2,-1.0,0.21141323782007318,0.21141323782007318,1,0,0.015301009053967229,0.0276506691896997,0.09765055941455564,0.33353604855785657,0,VOLATILE,1.0,168699235306049.3,2398796703450.377,2024-07-11,556.48,-0.006864577343300815,-0.04641676250718807
2144,1,0.013453129075457593,1,0.33348251308313454,3,2,-1.0,0.2179604479617955,0.2179604479617955,1,0,0.015140898343186273,0.05232266632589769,0.10582118822302798,0.33348251308313454,0,VOLATILE,1.0,166933956011214.03,1765293617617.3044,2024-07-12,559.99,-0.019643207914427085,-0.04821514669904825
2145,-1,-0.013932311836424127,1,0.33438389308727673,3,2,-1.0,0.2105753462670937,0.2105753462670937,1,0,0.014013349517359587,0.026432118799699318,0.09681515610568629,0.33438389308727673,0,VOLATILE,1.0,154502316763351.72,12431623132717.693,2024-07-15,561.53,-0.012252239417306243,-0.05032678574608662
2146,1,0.010785835733588517,1,0.33343601200369155,3,2,-1.0,0.21397608030598042,0.21397608030598042,1,0,0.014123553489546402,0.038363756660648805,0.1008291033833984,0.33343601200369155,0,VOLATILE,1.0,155717355965670.5,1215030871752.8213,2024-07-16,564.86,-0.01961547994193258,-0.04039939099953982
2147,1,0.0016017168330473008,0,0.3335503446539397,3,0,-1.0,0.21897853117791444,0.21897853117791444,1,0,0.014356468657964479,0.05697578174966937,0.10711075013587794,0.3335503446539397,0,VOLATILE,1.0,158285331101475.12,2567967165299.458,2024-07-17,556.94,-0.028207706395662058,-0.02368298200883412
2148,1,0.0003612374358492598,0,0.33345390157329907,3,0,-1.0,0.2243422194856977,0.2243422194856977,1,0,0.014485873639926497,0.0768878756114142,0.1137912497504469,0.33345390157329907,0,VOLATILE,1.0,159712068477081.44,1426724101511.8503,2024-07-18,552.66,-0.02578438823146234,0.0007418666087650738
2149,-1,-0.01988924427415209,1,0.33372231878918157,3,2,-1.0,0.2098166635193289,0.2098166635193289,1,0,0.014903362079654911,0.022200865209714662,0.09570140909645652,0.33372231878918157,0,VOLATILE,1.0,164315031607348.84,4602994330463.1,2024-07-19,548.99,-0.008287946957139414,0.009690522596039974
2150,1,0.02897979987401314,1,0.33422659458744386,3,2,-1.0,0.22427090742697323,0.22427090742697323,1,0,0.013944643131533844,0.07774120566019858,0.11389528293057746,0.33422659458744386,0,VOLATILE,1.0,153744803666760.22,10570257644535.441,2024-07-22,554.65,-0.017831064635355554,0.008942576399531221
2151,-1,-0.018340320873887983,1,0.3348708152251723,3,2,-1.0,0.22038483046072957,0.22038483046072957,1,0,0.012294490300422501,0.06530173534619256,0.10919874188220502,0.3348708152251723,0,VOLATILE,1.0,135551263635201.45,18193534809396.402,2024-07-23,553.78,-0.02127198526490659,0.00888439452490175
2152,1,0.017150500713942973,1,0.33375921049220203,3,2,-1.0,0.23364925420842889,0.23364925420842889,1,0,0.01275157882626453,0.11375253232449531,0.1255013703835866,0.33375921049220203,0,VOLATILE,1.0,140590832235203.47,5039546127686.093,2024-07-24,541.23,0.017700423110322605,0.035825804186759846
2153,1,0.0024361703208798657,0,0.3367748194512025,3,0,-1.0,0.24934984827700807,0.24934984827700807,1,0,0.016445268766730803,0.17119777686045137,0.14588101520906072,0.3367748194512025,0,VOLATILE,1.0,181315118209842.78,40724250356286.484,2024-07-25,538.41,0.008543674894597064,0.0330788804071247
2154,-1,-0.050984882050244734,1,0.33394960477822017,3,2,-1.0,0.21406556029534252,0.21406556029534252,1,0,0.01710669537433913,0.03610135931686047,0.1010693515637332,0.33394960477822017,0,VOLATILE,1.0,188607589086831.7,7292545066124.3545,2024-07-26,544.44,-0.021196091396664563,0.03249210197634245
2155,-1,0.032464063376141994,0,0.3338490216101005,3,0,-1.0,0.21124533568981896,0.21124533568981896,1,0,0.016553215728590982,0.026003559315805426,0.0975189250147988,0.3338490216101005,0,VOLATILE,1.0,182505273045722.84,6102310969619.822,2024-07-29,544.76,-0.05026066524708128,0.02942580218811952
2156,1,0.011948408329636395,1,0.3366193392992249,3,2,-1.0,0.2203735194139318,0.2203735194139318,1,0,0.013026405097580913,0.06583879717908207,0.109621734092221,0.3366193392992249,0,VOLATILE,1.0,143620892648184.25,38884401983313.99,2024-07-30,542.0,-0.03662361623616239,0.036088560885608745
2157,-1,-0.016880122440772583,1,0.3334932664241787,3,2,-1.0,0.21262158069727205,0.21262158069727205,1,0,0.012854750171252679,0.03459612726165156,0.09915029247763474,0.3334932664241787,0,VOLATILE,1.0,141728334143973.62,1892541480270.2646,2024-07-31,550.81,-0.058368584448357796,0.013598155443800941
2158,1,0.0120765593606518,1,0.3345681732925308,3,2,-1.0,0.2169462013412641,0.2169462013412641,1,0,0.01418008297833297,0.05029430202080549,0.10482479499971281,0.3345681732925308,0,VOLATILE,1.0,156340614307450.47,14612272119069.75,2024-08-01,543.01,-0.02276201174932324,0.028249940148431962
2159,-1,-0.009715868811737277,1,0.3354097401849464,3,2,-1.0,0.21155495317351888,0.21155495317351888,1,0,0.016408652986294226,0.028479726553111404,0.09829612651313521,0.3354097401849464,0,VOLATILE,1.0,180911415804465.6,24570813180834.71,2024-08-02,532.9,0.0001688872208669423,0.057759429536498264
2160,1,0.03256306449926552,1,0.33718526122142994,3,2,-1.0,0.23872676950503918,0.23872676950503918,1,0,0.020542864033313527,0.12757146752665577,0.13270477718665644,0.33718526122142994,0,VOLATILE,1.0,226492608506599.6,45581144394193.695,2024-08-05,517.38,0.03071243573388993,0.06706869225714174
2161,1,0.03577193535514209,0,0.367125294250244,3,0,-1.0,0.30167052119170157,0.30167052119170157,1,0,0.05681119453282901,0.3497972306237349,0.21886947505218796,0.367125294250244,0,VOLATILE,1.0,626364250926740.9,399871517500751.1,2024-08-06,522.15,0.03809250215455329,0.05515656420568815
2162,-1,-0.09711093074540239,1,0.33479637781920557,3,2,-1.0,0.26750334213296156,0.26750334213296156,1,0,0.05524092731441475,0.19899388904859536,0.16807827212100335,0.33479637781920557,0,VOLATILE,1.0,609051479067164.8,17312692216215.186,2024-08-07,518.66,0.048374657771950824,0.0596730035090427
2163,-1,-0.009125923926430801,0,0.33512294662604686,3,0,-1.0,0.22421023914779076,0.22421023914779076,1,0,0.05332015877074753,0.03881044800300287,0.11404353559125013,0.33512294662604686,0,VOLATILE,1.0,587874301576863.2,21177089570400.285,2024-08-08,530.65,0.04225007066804887,0.018298313389239595
2164,-1,0.04175245788495971,0,0.3336968752839065,3,0,-1.0,0.22266959404757966,0.22266959404757966,1,0,0.0529299752811002,0.03235365886025341,0.1117612113804512,0.3336968752839065,0,VOLATILE,1.0,583572385533262.0,4301912866445.9243,2024-08-09,532.99,0.04000075048312346,0.02517870879378603
2165,1,0.008766025137451838,1,0.334159134390775,3,2,-1.0,0.2298949740848204,0.2298949740848204,1,0,0.05381629439944163,0.058909209211716204,0.12090850120371927,0.334159134390775,0,VOLATILE,1.0,593344378803376.6,9771978690578.951,2024-08-12,533.27,0.049393365462148786,0.029103456035404207
2166,-1,-0.014704272115725864,1,0.33367649760193613,3,2,-1.0,0.22241608200633528,0.22241608200633528,1,0,0.0534479807291809,0.030869699996028583,0.11143922690840316,0.33367649760193613,0,VOLATILE,1.0,589283585537612.2,4060776975199.9077,2024-08-13,542.04,0.030735739059848166,0.02283964283078732
2167,1,0.012725003686299169,1,0.3357919005983407,3,2,-1.0,0.22766219361414933,0.22766219361414933,1,0,0.05080924481677472,0.05476790668504076,0.11852571716727182,0.3357919005983407,0,VOLATILE,1.0,560190554546815.3,29093044512968.508,2024-08-14,543.75,0.03102528735632193,0.028211494252873726
2168,1,5.89771068026379e-05,0,0.33494482516609164,3,0,-1.0,0.232967282328766,0.232967282328766,1,0,0.05253883153564426,0.07229709607179707,0.12494530920248044,0.33494482516609164,0,VOLATILE,1.0,579259882317269.6,19069319066437.254,2024-08-15,553.07,0.00569548158460953,0.016164319163939345
2169,1,0.001963995232237975,0,0.3334868306697484,3,0,-1.0,0.24023636627562067,0.24023636627562067,1,0,0.05237408690024016,0.09862740963564863,0.13366716551196292,0.3334868306697484,0,VOLATILE,1.0,577443512304323.4,1816385056656.9404,2024-08-16,554.31,0.014107629304901614,0.01538850101928535
2170,-1,-0.01995456750261876,1,0.334606078401631,3,2,-1.0,0.2275508827198566,0.2275508827198566,1,0,0.053740099536370566,0.050530269464314964,0.1180901230002285,0.334606078401631,0,VOLATILE,1.0,592504302499323.6,15060815887636.043,2024-08-19,559.61,0.002108611354336043,0.006182877361019301
2171,-1,0.0025332924536752566,0,0.33405626802479366,3,0,-1.0,0.2173986916177678,0.2173986916177678,1,0,0.05451601065779598,0.011271283927428554,0.10526243152840817,0.33405626802479366,0,VOLATILE,1.0,601059007119669.5,8554726754064.191,2024-08-20,558.7,0.005119026311079189,0.004832647216753028
2172,1,0.016597394807146865,1,0.33349634993207944,3,2,-1.0,0.22384389532282584,0.22384389532282584,1,0,0.05469097470970318,0.03484589519995332,0.11317895663655217,0.33349634993207944,0,VOLATILE,1.0,602988049946759.4,1929029655269.2983,2024-08-21,560.62,-0.004138275480717879,0.01847954050872258
2173,-1,-0.008532363864227371,1,0.33403096074975874,3,2,-1.0,0.22175673516365652,0.22175673516365652,1,0,0.05543972562540246,0.026671251800628366,0.11070365914201027,0.33403096074975874,0,VOLATILE,1.0,611243303340026.4,8255257347807.787,2024-08-22,556.22,0.003829420013663709,0.02162813275322706
2174,1,0.012069733350244916,1,0.33337273411114077,3,2,-1.0,0.2317393083547321,0.2317393083547321,1,0,0.05548201561144155,0.06356994130215936,0.1230173189712003,0.33337273411114077,0,VOLATILE,1.0,611709565942756.4,466242514049.62946,2024-08-23,562.13,0.0027573692918008152,0.01341326739366333
2175,-1,-0.01960242683195998,1,0.3335223790522702,3,2,-1.0,0.22211945471384772,0.22211945471384772,1,0,0.05568491326704798,0.027404826199083642,0.11102991315537719,0.3335223790522702,0,VOLATILE,1.0,613946586993163.5,2237040895442.4214,2024-08-26,560.79,-0.015531660692950866,0.01874141835624732
2176,1,0.015383420758243949,1,0.33401172851849675,3,2,-1.0,0.2278830218312073,0.2278830218312073,1,0,0.05641302399108831,0.04865710426481162,0.1183567094186333,0.33401172851849675,0,VOLATILE,1.0,621974274705163.8,8027675955933.072,2024-08-27,561.56,-0.018893795854405426,0.015100790654605012
2177,-1,-0.01094208372383959,1,0.33560319208166184,3,2,-1.0,0.22270450522472726,0.22270450522472726,1,0,0.05884922249516711,0.027995066158806585,0.11228142955132456,0.33560319208166184,0,VOLATILE,1.0,648834256503898.5,26859993844046.33,2024-08-28,558.3,-0.015565108364678393,0.025076123947698425
2178,1,0.00756067642589478,1,0.33424989562080737,3,2,-1.0,0.22508666504414201,0.22508666504414201,1,0,0.05983295313919308,0.03492946249194488,0.11492080521037931,0.33424989562080737,0,VOLATILE,1.0,659680247562983.6,10845986525534.434,2024-08-29,558.35,-0.03221993373332144,0.023497806035640778
2179,1,0.003775768338354246,0,0.3337653748275618,3,0,-1.0,0.23124459320191101,0.23124459320191101,1,0,0.05936925144848133,0.05812200417935641,0.12249708520927924,0.3337653748275618,0,VOLATILE,1.0,654567766395415.6,5112490759125.386,2024-08-30,563.68,-0.0306379506102753,0.017882486517172946
2180,1,0.0013153162073925861,0,0.33638458786612135,3,0,-1.0,0.2387178375670726,0.2387178375670726,1,0,0.05609439539629669,0.09138593637981667,0.1324934439253711,0.33638458786612135,0,VOLATILE,1.0,618461277614684.2,36106510163972.86,2024-09-03,552.08,-0.005959281263585137,0.02995942617012015
2181,-1,-0.04229214605119083,1,0.370476527242304,3,2,-1.0,0.20389893588104333,0.20389893588104333,1,0,0.016229253286372015,0.02624915169926858,0.0974928016618802,0.370476527242304,0,VOLATILE,1.0,178933468331572.3,439527772588421.75,2024-09-04,550.95,0.006298212178963425,0.03250748706779194
2182,1,0.04422957244600742,1,0.33872885551133003,3,2,-1.0,0.21330960664102147,0.21330960664102147,1,0,0.01043833487834308,0.04351933165898498,0.10131922217910935,0.33872885551133003,0,VOLATILE,1.0,115086469502373.53,63847009243692.78,2024-09-05,549.61,0.0172485944578884,0.03313258492385507
2183,1,-0.004854213244497668,0,0.33557535926208215,3,0,-1.0,0.21786606415650195,0.21786606415650195,1,0,0.008032008335975404,0.060647251697468485,0.10622642001114796,0.33557535926208215,0,VOLATILE,1.0,88555837034783.2,26530638828839.676,2024-09-06,540.36,0.04006588200458938,0.06036716263231923
2184,1,0.017842149545263697,0,0.33416974188305026,3,0,-1.0,0.24026467121724612,0.24026467121724612,1,0,0.008929715171925543,0.14269010830503506,0.1338732744923202,0.33416974188305026,0,VOLATILE,1.0,98453384067116.7,9897500676220.146,2024-09-09,546.41,0.030068995809007903,0.039146428506066755
2185,-1,-0.03491847979973067,1,0.3335030936883829,3,2,-1.0,0.2277447984782596,0.2277447984782596,1,0,0.009111913765797874,0.0950584007939628,0.11805677151992022,0.3335030936883829,0,VOLATILE,1.0,100462190372092.4,2008830767532.4038,2024-09-10,548.79,0.026020882304706783,0.04442500774431024
2186,0,0.012557885204021985,0,0.3337055118671639,3,1,-1.0,0.22778281094329506,0.22778281094329506,1,0,0.009511365999150503,0.0949533089385789,0.11815489164590978,0.3337055118671639,0,VOLATILE,1.0,104866297713654.3,4404112429875.857,2024-09-11,554.42,0.01258973341510039,0.04097976263482561
2187,1,0.02460534820907964,0,0.33657492629618496,3,1,-1.0,0.25242617161741016,0.25242617161741016,1,0,0.012990515798067297,0.18603882248935943,0.1496764460958089,0.33657492629618496,0,VOLATILE,1.0,143225199961364.56,38358848140314.914,2024-09-12,559.09,0.02126670124666874,0.03047809833837123
2188,-1,-0.05665384809341284,1,0.3333884762714216,3,2,-1.0,0.22041568419811242,0.22041568419811242,1,0,0.012931325778705236,0.06366884716778258,0.10886672431549593,0.3333884762714216,0,VOLATILE,1.0,142572608294441.72,652524734715.1638,2024-09-13,562.01,0.011103005284603507,0.03126278891834677
2189,-1,0.025798204523447776,0,0.3337920164091106,3,0,-1.0,0.21420340130226245,0.21420340130226245,1,0,0.012439028221797061,0.041167738968520044,0.10120225573010569,0.3337920164091106,0,VOLATILE,1.0,137144847216690.3,5427749458339.181,2024-09-16,562.84,0.0121348873569751,0.038163598891336914
2190,-1,0.004802939368001802,0,0.33374607823369323,3,0,-1.0,0.2127940577744143,0.2127940577744143,1,0,0.012882019675135343,0.03540525565418815,0.09942909177644116,0.33374607823369323,0,VOLATILE,1.0,142028990423304.97,4884147743110.737,2024-09-17,563.07,0.014616299927184828,0.029676594384357102
2191,-1,8.49046103010287e-06,0,0.3335630163551701,3,0,-1.0,0.21139320470759623,0.21139320470759623,1,0,0.012635504700124906,0.030261275219738648,0.09763225997328784,0.3335630163551701,0,VOLATILE,1.0,139311072433120.66,2717915622353.935,2024-09-18,561.4,0.015390096188101055,0.037228357677235424
2192,0,0.0011999227514503663,0,0.33362968744074895,3,1,-1.0,0.21119227439222854,0.21119227439222854,1,0,0.012317433092983308,0.029875861458435377,0.09739776485047288,0.33362968744074895,0,VOLATILE,1.0,135804216335715.67,3506856762212.0713,2024-09-19,570.98,0.0023118147745979645,0.019913131808469764
2193,1,0.007300761001163086,0,0.33595071492520073,3,1,-1.0,0.21829210507802393,0.21829210507802393,1,0,0.015126624141654943,0.055431806094835494,0.10685281007883013,0.33595071492520073,0,VOLATILE,1.0,166776577705348.94,30972347286741.875,2024-09-20,568.25,0.005666520017598042,0.028754949406071262
2194,1,-0.00047723497701485096,0,0.33625705459577077,3,0,-1.0,0.22491470078680448,0.22491470078680448,1,0,0.01826460358221115,0.07735831531513374,0.11520763963244829,0.33625705459577077,0,VOLATILE,1.0,201373951653747.53,34597366540366.133,2024-09-23,569.67,0.007179595204241052,0.024505415415942533
2195,1,0.007156555413945942,0,0.3335331270848698,3,0,-1.0,0.23869385190953096,0.23869385190953096,1,0,0.0184790415878403,0.12677274838655309,0.13175059665813113,0.3335331270848698,0,VOLATILE,1.0,203738209294704.34,2364225941504.715,2024-09-24,571.3,-0.004691055487484608,0.021039733940136696
2196,-1,-0.04089545380348386,1,0.33424741954386805,3,2,-1.0,0.21157754922877361,0.21157754922877361,1,0,0.017497963832399474,0.026603410433402513,0.098033791421934,0.33424741954386805,0,VOLATILE,1.0,192921467305016.44,10816686283219.377,2024-09-25,570.04,-0.00207003017332108,0.013946389727036879
2197,1,0.03309641350786463,1,0.3341074104136607,3,2,-1.0,0.2175576600558809,0.2175576600558809,1,0,0.016667161644833083,0.04975462137496583,0.1054739276732663,0.3341074104136607,0,VOLATILE,1.0,183761568553325.7,9159911658697.36,2024-09-26,572.3,-0.007828062205136987,0.012126507076708037
2198,0,-0.0065114868379388124,0,0.3337731052071619,3,1,-1.0,0.21702628404504937,0.21702628404504937,1,0,0.016195162147802592,0.04798323192650408,0.10472613135810221,0.3337731052071619,0,VOLATILE,1.0,178557601028501.7,5203966913147.666,2024-09-27,571.47,0.0026423084326385737,0.013246539625876963
2199,1,0.005288725857533816,0,0.3336685947229315,3,1,-1.0,0.22178363389175165,0.22178363389175165,1,0,0.015835332699879558,0.06610474043638764,0.1106466910454224,0.3336685947229315,0,VOLATILE,1.0,174590349424956.28,3967259578326.2026,2024-09-30,573.76,-0.010387618516452979,0.012322225320691604
2200,-1,-0.005528585121740315,1,0.3334216847663523,3,2,-1.0,0.22101239861671362,0.22101239861671362,1,0,0.015930158750274228,0.06293259963716603,0.10962091946248008,0.3334216847663523,0,VOLATILE,1.0,175635841400828.7,1045491905057.8413,2024-10-01,568.62,0.008001828989483206,0.023126165101473806
2201,1,0.011503736895572714,1,0.3347687993604457,3,2,-1.0,0.2317449002372483,0.2317449002372483,1,0,0.017470820946914833,0.1026491544631005,0.12337332513667176,0.3347687993604457,0,VOLATILE,1.0,192622207039951.0,16986347137225.309,2024-10-02,568.86,0.014555426642759217,0.019600604718208237
2202,1,-0.0027639407163120577,0,0.3341024708123173,3,0,-1.0,0.23971346114147093,0.23971346114147093,1,0,0.018296324467500506,0.13120600792225354,0.133167444129918,0.3341024708123173,0,VOLATILE,1.0,201723686045294.56,9101459712393.602,2024-10-03,567.82,0.014634919516748113,0.0014441196153709424
2203,-1,-0.041044722577121606,1,0.3336153516138697,3,2,-1.0,0.20663729946857198,0.20663729946857198,1,0,0.018599003525609253,0.006502383191938083,0.09170046223918243,0.3336153516138697,0,VOLATILE,1.0,205060833645560.97,3337216152632.2534,2024-10-04,572.98,0.011518726657125944,-0.0033858075325492454
2204,1,0.034430373078623816,1,0.3342277788203516,3,2,-1.0,0.20799151087429685,0.20799151087429685,1,0,0.017639011195340233,0.01299998869853669,0.09354633329795897,0.3342277788203516,0,VOLATILE,1.0,194476566199874.7,10584271066575.135,2024-10-07,567.8,0.029094751673124586,0.0035399788657977105
2205,1,0.008485168391136111,0,0.33381537268209893,3,0,-1.0,0.21783089067115782,0.21783089067115782,1,0,0.017121648584988398,0.05010572094342765,0.105742456509472,0.33381537268209893,0,VOLATILE,1.0,188772453717197.2,5704132008199.525,2024-10-08,573.17,0.011532355147687356,0.006158731266465489
2206,-1,-0.010685425330757808,1,0.33345691693909196,3,2,-1.0,0.216984845137261,0.216984845137261,1,0,0.016989008391612773,0.04679684857743498,0.10459528565634925,0.33345691693909196,0,VOLATILE,1.0,187310046949487.16,1462405928274.9844,2024-10-09,577.14,0.0089406383199917,0.024084277644938812
2207,-1,-0.00917018318948884,0,0.3352352648013769,3,0,-1.0,0.20696861641387532,0.20696861641387532,1,0,0.014947696932627454,0.0126110632204376,0.09251958671768834,0.3352352648013769,0,VOLATILE,1.0,164803839617820.22,22506187911942.37,2024-10-10,576.13,0.010796174474511089,0.033811813306024785
2208,1,0.014029897024397942,1,0.3334257209199863,3,2,-1.0,0.21098228471488759,0.21098228471488759,1,0,0.015046855643822118,0.026206002726995997,0.09708428612360603,0.3334257209199863,0,VOLATILE,1.0,165897100767687.72,1093253054003.0219,2024-10-11,579.58,0.008644190620794356,0.03210945857344982
2209,-1,-0.008072114718874812,1,0.33354617334638276,3,2,-1.0,0.20692383829702504,0.20692383829702504,1,0,0.01481841743942142,0.011305606184209527,0.09204134120787698,0.33354617334638276,0,VOLATILE,1.0,163378485801762.12,2518606695013.4033,2024-10-14,584.32,-0.0011808598028478778,0.024712486308871684
2210,1,0.01657761768611893,1,0.333381297449199,3,2,-1.0,0.21944300956528143,0.21944300956528143,1,0,0.014869898664152824,0.058077360292551665,0.1076490863189015,0.333381297449199,0,VOLATILE,1.0,163946085181265.47,567575342666.0784,2024-10-15,579.78,0.006105764255407431,0.029528441822760376
2211,1,0.0016806574158945708,0,0.33342753348881576,3,0,-1.0,0.23364283824943238,0.23364283824943238,1,0,0.014971004702607232,0.11126028884937607,0.12541043118399442,0.33342753348881576,0,VOLATILE,1.0,165060816328206.4,1114701784078.0693,2024-10-16,582.3,-0.007401682981281077,0.025571011506096752
2212,-1,-0.019113761705740473,1,0.334292578987992,3,2,-1.0,0.22872890522784287,0.22872890522784287,1,0,0.016000545444510166,0.09245228340089455,0.11948427628180157,0.334292578987992,0,VOLATILE,1.0,176411880513768.44,11351073011936.39,2024-10-17,582.35,-0.00534043101227788,0.018888984287799504
2213,-1,-0.018577420045669923,0,0.3359934386303972,3,0,-1.0,0.20523755216058345,0.20523755216058345,1,0,0.013145496869031824,0.008490402705953982,0.0905452998583286,0.3359934386303972,0,VOLATILE,1.0,144933923096316.84,31477911106259.984,2024-10-18,584.59,-0.009493833284866415,0.0019842966865666334
2214,0,0.023158283275826863,0,0.337507769605776,3,1,-1.0,0.2049044823691509,0.2049044823691509,1,0,0.008665147855081615,0.01285748823356625,0.09050754536288262,0.337507769605776,0,VOLATILE,1.0,95536432388889.2,49397493417923.76,2024-10-21,583.63,-0.0047975600980072475,0.007744632729640433
2215,-1,-0.0011396850483508802,0,0.33357113881342615,3,1,-1.0,0.20343172752936747,0.20343172752936747,1,0,0.008920379874833982,0.004126952470363623,0.08768244411506586,0.33357113881342615,0,VOLATILE,1.0,98350458993669.16,2814031373572.014,2024-10-22,583.32,-0.002657203593225077,0.011965987794006594
2216,1,0.010906207677099627,1,0.33364701109016676,3,2,-1.0,0.21286518036668367,0.21286518036668367,1,0,0.00925704628835186,0.03922263840433696,0.09949322823089626,0.33364701109016676,0,VOLATILE,1.0,102062329649609.34,3711853270061.361,2024-10-23,577.99,0.0034948701534627258,0.021643973079118917
2217,1,0.0022433315963493183,0,0.3333774358121274,3,0,-1.0,0.2245419648003492,0.2245419648003492,1,0,0.009304382968980977,0.08276106189142401,0.11402181495346833,0.3333774358121274,0,VOLATILE,1.0,102584233910687.36,521879306273.6435,2024-10-24,579.24,-0.01829984117118988,0.024911953594364933
2218,-1,-0.013495770287203446,1,0.33352210530849763,3,2,-1.0,0.22272297894681126,0.22272297894681126,1,0,0.009506988290132062,0.07584576174178333,0.11178425001063846,0.33352210530849763,0,VOLATILE,1.0,104818031866532.81,2233801594295.4033,2024-10-25,579.04,-0.01381597126277978,0.02844363083724799
2219,0,0.002473322203377093,0,0.33340140356882225,3,1,-1.0,0.22337731529665042,0.22337731529665042,1,0,0.009580046945000465,0.07813593809405528,0.11257199501301858,0.33340140356882225,0,VOLATILE,1.0,105623530325184.64,805497746299.1517,2024-10-28,580.83,-0.018972849198560793,0.028751958404352296
2220,1,0.0010084560371512175,0,0.3346057565009626,3,1,-1.0,0.2250401076836408,0.2250401076836408,1,0,0.008214377944323918,0.08664034324505104,0.11495157372979165,0.3346057565009626,0,VOLATILE,1.0,90566528837065.42,15057006729916.992,2024-10-29,581.77,-0.008714784193065928,0.03245268748818253
2221,-1,-0.013483511809651239,1,0.3375968423139011,3,2,-1.0,0.21321938826097994,0.21321938826097994,1,0,0.0036384266948030464,0.04913191101929752,0.10092344590470018,0.3375968423139011,0,VOLATILE,1.0,40114988427592.95,50451520411310.08,2024-10-30,580.01,0.01901691350149126,0.03244771641868249
2222,0,0.011353782815215041,0,0.33334487130112334,3,1,-1.0,0.21275245165353412,0.21275245165353412,1,0,0.003626042721105717,0.044204304455489764,0.09927678239219849,0.33334487130112334,0,VOLATILE,1.0,39978450576695.59,136532612014.5555,2024-10-31,568.64,0.04742895329206531,0.059633511536297146
2223,1,0.014451036301439596,0,0.33493006678388987,3,1,-1.0,0.2267365513475279,0.2267365513475279,1,0,0.0053397914889469,0.09611982615220024,0.11715320588038237,0.33493006678388987,0,VOLATILE,1.0,58873159129693.42,18894678219124.242,2024-11-01,571.04,0.04754483048472968,0.057071308489773154
2224,-1,-0.028584420198811744,1,0.3334018129185944,3,2,-1.0,0.21213623084270994,0.21213623084270994,1,0,0.005413286667202892,0.04014893868190512,0.09852074178303599,0.3334018129185944,0,VOLATILE,1.0,59683470418755.3,810341718360.3823,2024-11-04,569.81,0.050806409153928644,0.05984450957336662
2225,-1,0.011633734412873936,0,0.33363367633099217,3,0,-1.0,0.2091696447507659,0.2091696447507659,1,0,0.005090933302499421,0.029520491761116936,0.09487047502120545,0.33363367633099217,0,VOLATILE,1.0,56129406374220.414,3554058627727.2856,2024-11-05,576.7,0.035026877059129324,0.05368475810646767
2226,1,0.01091863682519048,1,0.3333752534501494,3,2,-1.0,0.21712169548401236,0.21712169548401236,1,0,0.005045942313636494,0.059191855839021895,0.10474593271755278,0.3333752534501494,0,VOLATILE,1.0,55633364224969.42,496054690826.2211,2024-11-06,591.04,0.01040538711423955,0.02642799133730378
2227,1,0.01510069187064983,0,0.3362531836881478,3,0,-1.0,0.24017443808790864,0.24017443808790864,1,0,0.008179771008470333,0.14466425958729795,0.13428134353192275,0.3362531836881478,0,VOLATILE,1.0,90184974679807.31,34551560802453.926,2024-11-07,595.61,-0.003794429240610464,0.02048320209533072
2228,-1,-0.041034968308610115,1,0.33341752937988595,3,2,-1.0,0.22219221238319484,0.22219221238319484,1,0,0.00827013377067569,0.07501380970121944,0.11109464782396504,0.33341752937988595,0,VOLATILE,1.0,91181257266819.67,996319834334.0339,2024-11-08,598.19,-0.02079606813888568,0.01084939567695864
2229,-1,0.002771426659190751,0,0.3333936209984389,3,0,-1.0,0.20698141333767178,0.20698141333767178,1,0,0.008334836539389748,0.0178906792257085,0.09207517192169941,0.3333936209984389,0,VOLATILE,1.0,91894629016731.53,713404001372.1761,2024-11-11,598.76,-0.017719954572783747,0.00674727770726169
2230,1,0.02177843306369734,1,0.3334014463058619,3,2,-1.0,0.21354904735584607,0.21354904735584607,1,0,0.008261733375188226,0.04259827893863103,0.10028667077127308,0.3334014463058619,0,VOLATILE,1.0,91088639826361.66,806003467909.178,2024-11-12,596.9,-0.011057128497235724,0.017691405595577248
2231,-1,-0.014818503700236296,1,0.333907098502671,3,2,-1.0,0.20529817767378405,0.20529817767378405,1,0,0.007645919766085403,0.01265257038760807,0.09009949671789783,0.333907098502671,0,VOLATILE,1.0,84299068983008.1,6789554163970.345,2024-11-13,597.19,-0.011202464877174911,0.011955993904787299
2232,1,0.013468654894533305,1,0.3338432323790937,3,2,-1.0,0.21051596288625535,0.21051596288625535,1,0,0.007098655039414312,0.03271863006836361,0.09660576170259264,0.3338432323790937,0,VOLATILE,1.0,78265274703574.62,6033805072802.155,2024-11-14,593.35,0.0005393106935196457,0.01830285666132969
2233,1,0.014326671510660666,0,0.333583317293795,3,0,-1.0,0.2300604196093873,0.2300604196093873,1,0,0.0068303549758330665,0.10608370652971551,0.12097135383518284,0.333583317293795,0,VOLATILE,1.0,75307168123866.08,2958143384056.1514,2024-11-15,585.75,0.01666239863422958,0.03591976099018357
2234,1,0.008658820743184581,0,0.3373812095697691,3,0,-1.0,0.25826369707570385,0.25826369707570385,1,0,0.011174874921120894,0.21034989629009526,0.15717492373707204,0.3373812095697691,0,VOLATILE,1.0,123207093544268.72,47899866400140.84,2024-11-18,588.15,0.015948312505313256,0.02744197908696755
2235,-1,-0.03951499800251465,1,0.3333796876983405,3,2,-1.0,0.24695197653950576,0.24695197653950576,1,0,0.011125121513598322,0.16497955628330357,0.1420348925989673,0.3333796876983405,0,VOLATILE,1.0,122658543983038.83,548526625127.5829,2024-11-19,590.3,0.017533457563950527,-0.006810096561070567
2236,-1,-0.021219136719215326,0,0.33383056101418257,3,0,-1.0,0.21442111928409235,0.21442111928409235,1,0,0.010591449766334877,0.043860668309648375,0.10148403935866107,0.33383056101418257,0,VOLATILE,1.0,116774617285770.22,5883860595526.388,2024-11-20,590.5,0.01410668924640146,-0.007451312447078751
2237,-1,0.02332227856644567,0,0.3333552568038899,3,0,-1.0,0.20521254059512462,0.20521254059512462,1,0,0.010614978073117518,0.00894849176151717,0.08985448994487823,0.3333552568038899,0,VOLATILE,1.0,117034025495273.16,259427721933.5005,2024-11-21,593.67,0.01495780484107323,-0.004244782454899121
2238,1,0.01074416762531799,1,0.3338811578300176,3,2,-1.0,0.20674812953147487,0.20674812953147487,1,0,0.0100270080088174,0.015689346106726614,0.091905451371848,0.3338811578300176,0,VOLATILE,1.0,110551439942880.4,6482589552937.436,2024-11-22,595.51,0.013635371362361592,-0.0013769709996472868
2239,1,0.004827833930655584,0,0.3336155539198271,3,0,-1.0,0.2131115523984807,0.2131115523984807,1,0,0.010329911571474108,0.03905007536269888,0.09979332897805766,0.3336155539198271,0,VOLATILE,1.0,113891062788108.1,3339610106342.217,2024-11-25,597.53,0.010677288169631538,0.006309306645691404
2240,-1,-0.014528875787195805,1,0.3343920750794469,3,2,-1.0,0.20494609947829073,0.20494609947829073,1,0,0.009193581166201925,0.010148348186973516,0.08978064311772514,0.3343920750794469,0,VOLATILE,1.0,101362603406880.08,12528443368552.225,2024-11-26,600.65,0.011670690085740398,0.0011487555148590456
2241,1,0.014979698370471556,1,0.333393952822047,3,2,-1.0,0.21176034492857232,0.21176034492857232,1,0,0.00912852048651707,0.03501823761216435,0.09804891936622713,0.333393952822047,0,VOLATILE,1.0,100645285557278.47,717330580538.4434,2024-11-27,598.83,0.013075497219578125,-0.006379105923216999
2242,0,-0.006581511457956213,0,0.3339026521051329,3,1,-1.0,0.2119930789208977,0.2119930789208977,1,0,0.009739560472756276,0.03566147455945974,0.09846701167740533,0.3339026521051329,0,VOLATILE,1.0,107382225458196.05,6736938462403.506,2024-11-29,602.55,0.008729566011119294,-0.023782258733714978
2243,-1,-0.005109140537442686,0,0.33350128695660514,3,1,-1.0,0.20711667237578038,0.20711667237578038,1,0,0.00991982122623134,0.016893665400399042,0.0922711622088768,0.33350128695660514,0,VOLATILE,1.0,109369666362235.69,1987451109232.3975,2024-12-02,603.63,0.0017394761691764682,-0.02907410168480684
2244,0,0.004578642491416152,0,0.3340436079947474,3,1,-1.0,0.20681890832207922,0.20681890832207922,1,0,0.010682146454653653,0.015421465749203937,0.09203453740128587,0.3340436079947474,0,VOLATILE,1.0,117774581530625.16,8404916406015.833,2024-12-03,603.91,-0.001838022221854252,-0.03190872812173995
2245,1,0.009635120260323426,0,0.3344374308942033,3,1,-1.0,0.21615626452870149,0.21615626452870149,1,0,0.011867156603098181,0.049546908550184954,0.1038046883844277,0.3344374308942033,0,VOLATILE,1.0,130839752929936.7,13065153816303.797,2024-12-04,607.66,-0.00032913142217672053,-0.025853273211993377
2246,1,0.00025751797469455995,0,0.33341108664559127,3,0,-1.0,0.2257511387100183,0.2257511387100183,1,0,0.011783707170970936,0.08484137797579118,0.1155416950489207,0.33341108664559127,0,VOLATILE,1.0,129919692341975.67,920080815663.1405,2024-12-05,606.66,-0.003840701546170666,-0.01862657831404735
2247,-1,-0.018216961570983264,1,0.3351527146504447,3,2,-1.0,0.21712905132035187,0.21712905132035187,1,0,0.009830995719157265,0.05576748271999589,0.10519949281305105,0.3351527146504447,0,VOLATILE,1.0,108390332576717.6,21529344508142.33,2024-12-06,607.81,-0.005922903538934765,-0.0315559138546585
2248,-1,-0.004105461543054467,0,0.3336560294403809,3,0,-1.0,0.20440150238763097,0.20440150238763097,1,0,0.01017733734141423,0.006570318692487584,0.08891588534463393,0.3336560294403809,0,VOLATILE,1.0,112208875956656.16,3818570408920.4067,2024-12-09,604.68,0.0034894489647416815,-0.02512072501157625
2249,0,0.01334653793307436,0,0.33336686448639846,3,1,-1.0,0.20502049138798442,0.20502049138798442,1,0,0.010213325831642556,0.008638665238097885,0.08961733035658015,0.33336686448639846,0,VOLATILE,1.0,112605662257476.2,396785291409.3628,2024-12-10,602.8,0.0024717982747179956,-0.037010617120106115
2250,1,0.004098031179589817,0,0.3333429213444812,3,1,-1.0,0.2097375115679277,0.2097375115679277,1,0,0.010223617294855143,0.026299242093234504,0.09550761979602988,0.3333429213444812,0,VOLATILE,1.0,112719129413009.55,113458126236.9832,2024-12-11,607.46,-0.034866493267046494,-0.04291640601850333
2251,1,-0.001927295419196201,0,0.33386884236642134,3,0,-1.0,0.21252723632867476,0.21252723632867476,1,0,0.010798370334902826,0.03658039767244352,0.09912625600244877,0.33386884236642134,0,VOLATILE,1.0,119055992426676.7,6336856574343.069,2024-12-12,604.33,-0.03016563797924976,-0.03663561299290119
2252,-1,-0.010280318442191655,1,0.3333392185112221,3,2,-1.0,0.20503664264723018,0.20503664264723018,1,0,0.010804685376439336,0.008087138434090388,0.08963060793684324,0.3333392185112221,0,VOLATILE,1.0,119125618075179.88,69641268198.34946,2024-12-13,604.21,-0.02161500140679573,-0.01891726386521253
2253,1,0.009138382098710873,1,0.33337476667348065,3,2,-1.0,0.20668443106449647,0.20668443106449647,1,0,0.010849155365016157,0.014248536131956042,0.09169923049899073,0.33337476667348065,0,VOLATILE,1.0,119615916005239.16,490294500534.3772,2024-12-16,606.79,-0.01994100100528995,-0.024967451671912833
2254,0,-0.002357727325578124,0,0.33925130822612215,3,1,-1.0,0.20597449215618463,0.20597449215618463,1,0,0.004497497062813013,0.022345329692470883,0.0922809422517613,0.33925130822612215,0,VOLATILE,1.0,49586554233888.055,70029366059268.19,2024-12-17,604.29,-0.004947955451852559,-0.01110394016118077
2255,1,0.02279544154565158,0,0.33469353164071414,3,1,-1.0,0.22805999479352437,0.22805999479352437,1,0,0.005957377721417343,0.10028775148483474,0.11874837640208402,0.33469353164071414,0,VOLATILE,1.0,65682273795650.336,16095679164985.355,2024-12-18,586.28,0.025687384867298935,0.02860407996179304
2256,1,0.015365259865258885,0,0.3527621624283237,3,0,-1.0,0.265510757296123,0.265510757296123,1,0,0.026810006123377212,0.2334269555583269,0.1700789872272347,0.3527621624283237,0,VOLATILE,1.0,295590148049194.25,229907799449089.06,2024-12-19,586.1,0.015202183927657265,0.03470397543081383
2257,-1,-0.05254906679831009,1,0.34117379498952927,3,2,-1.0,0.25041245300041154,0.25041245300041154,1,0,0.03522503226610194,0.15970201272758833,0.14830901499789675,0.34117379498952927,0,VOLATILE,1.0,388368896846156.8,92778791620837.33,2024-12-20,591.15,-0.00495644083565927,0.03146409540725714
2258,1,0.050807582085632075,1,0.36085318327711086,3,2,-1.0,0.28612173079033215,0.28612173079033215,1,0,0.06476161043244735,0.27883476748913144,0.1978654593071929,0.36085318327711086,0,VOLATILE,1.0,714020501432841.8,325651541367174.6,2024-12-23,594.69,-0.01447813146345156,0.02233096235013199
2259,-1,-0.04977832432891055,1,0.3334116534378402,3,2,-1.0,0.2720526842513422,0.2720526842513422,1,0,0.06484566676293792,0.2054106392579756,0.1734187686736378,0.3334116534378402,0,VOLATILE,1.0,714947253297792.5,926787856940.0006,2024-12-24,601.3,-0.027706635622817166,-0.0032097122900381914
2260,-1,-0.012731880591102196,0,0.3341103013135087,3,0,-1.0,0.24525175712125008,0.24525175712125008,1,0,0.06567956792508031,0.10459724726473911,0.1400922717299398,0.3341103013135087,0,VOLATILE,1.0,724141319380497.8,9194120638520.174,2024-12-26,601.34,-0.015615126218112896,0.005288189709648394
2261,-1,0.010753788412129317,0,0.33347402409884913,3,0,-1.0,0.22920461840328726,0.22920461840328726,1,0,0.06583056581849434,0.043792271267969744,0.11987427902882136,0.33347402409884913,0,VOLATILE,1.0,725806126522427.1,1664840641935.0188,2024-12-27,595.01,0.0005882254079763172,0.011428379354968765
2262,1,0.03161068320486987,1,0.3337127728176808,3,2,-1.0,0.24476816289019432,0.24476816289019432,1,0,0.06623781446853322,0.10192737598295606,0.13938839681716308,0.3337127728176808,0,VOLATILE,1.0,730296192216700.2,4490033673358.284,2024-12-30,588.22,0.000697018122471027,0.02859474346333002
2263,-1,-0.034932239721867375,1,0.33469232280970357,3,2,-1.0,0.225399467655234,0.225399467655234,1,0,0.06477923140849508,0.031488014405910064,0.11542241527146838,0.33469232280970357,0,VOLATILE,1.0,714214779154926.1,16081374665410.018,2024-12-31,586.08,0.00581831831831825,0.026856401856401924
2264,-1,0.014835619475939421,0,0.3346940206699299,3,0,-1.0,0.2208663918962131,0.2208663918962131,1,0,0.06331882868950472,0.015950656423741875,0.10975649503774887,0.3346940206699299,0,VOLATILE,1.0,698113303685981.9,16101466010416.27,2025-01-02,584.64,-0.0070983853311439304,0.022458264915161452
2265,1,0.005271834192949132,1,0.3359757760918053,3,2,-1.0,0.22160515033014133,0.22160515033014133,1,0,0.060482741617314276,0.02251840418956955,0.11100038193562793,0.3359757760918053,0,VOLATILE,1.0,666844403794974.4,31268904410051.207,2025-01-03,591.95,-0.017839344539234858,0.016606132274685326
2266,1,0.010801030728154831,0,0.3338342385598967,3,0,-1.0,0.2331449394922244,0.2331449394922244,1,0,0.06102035641954548,0.06364884559621846,0.12488973400525463,0.3338342385598967,0,VOLATILE,1.0,672771804119079.2,5927378217631.752,2025-01-06,595.36,-0.022121069604944865,0.01488175221714605
2267,-1,-0.023064883825102717,1,0.335662004172735,3,2,-1.0,0.22161984482920474,0.22161984482920474,1,0,0.05852103286782559,0.024299888371243448,0.11094030707968967,0.335662004172735,0,VOLATILE,1.0,645215845523771.9,27555936886909.168,2025-01-07,588.63,0.007050269269320175,0.030052834548018437
2268,1,0.023629834025724827,1,0.33534645986871764,3,2,-1.0,0.23372458419190992,0.23372458419190992,1,0,0.0563603817942814,0.07161665382691901,0.1259923452070668,0.33534645986871764,0,VOLATILE,1.0,621393875182829.4,23821996142943.664,2025-01-08,589.49,0.0036472204787187934,0.01913518465113917
2269,1,-0.005214385058963572,0,0.33482040681604425,3,0,-1.0,0.24061493849565152,0.24061493849565152,1,0,0.05476433311947455,0.09865699135125194,0.13447377482357548,0.33482040681604425,0,VOLATILE,1.0,603796853313128.8,17597035331239.496,2025-01-10,580.49,0.029440644972350993,0.04196454719288889
2270,1,0.004971227951498486,0,0.33365858031825574,3,0,-1.0,0.2524765207508916,0.2524765207508916,1,0,0.054415253484241886,0.14261563457029344,0.14901029601817845,0.33365858031825574,0,VOLATILE,1.0,599948122336174.2,3848755795594.534,2025-01-13,581.39,0.0372555427509933,0.041142778513562295
2271,-1,-0.026587566316794264,1,0.3364743942449373,3,2,-1.0,0.23775053668933746,0.23775053668933746,1,0,0.05104400553211706,0.09287630273660147,0.13130676942290617,0.3364743942449373,0,VOLATILE,1.0,562778877514174.5,37169218926766.36,2025-01-14,582.19,0.041653068585856934,0.03636269946237469
2272,-1,-0.0060710682132945615,0,0.33597763892062255,3,0,-1.0,0.21695348441448875,0.21695348441448875,1,0,0.048205914860969,0.017352880883830787,0.10518626524826659,0.33597763892062255,0,VOLATILE,1.0,531487887209991.2,31290947883285.074,2025-01-15,592.78,0.028627821451465918,0.02859408212152914
2273,1,0.030912772169628372,1,0.33565183167403567,3,2,-1.0,0.2270692043092684,0.2270692043092684,1,0,0.045717513243544165,0.057530876671739055,0.11774946330509439,0.33565183167403567,0,VOLATILE,1.0,504052346945078.9,27435562324993.09,2025-01-16,591.64,0.02760124399972974,0.030525319451017552
2274,1,-0.004179265783828656,0,0.3333856240875893,3,0,-1.0,0.23300565842021942,0.23300565842021942,1,0,0.045773637024722966,0.07803680011679184,0.12460347904717159,0.3333856240875893,0,VOLATILE,1.0,504671132211720.6,618773894389.5558,2025-01-17,597.58,0.0029954148398541047,0.02327721811305583
2275,1,-0.004419793642930214,0,0.3333937296553012,3,0,-1.0,0.2345223188882402,0.2345223188882402,1,0,0.04570881499498524,0.08379517807739133,0.12650133102412553,0.3333937296553012,0,VOLATILE,1.0,503956445565292.9,714689774178.3885,2025-01-21,603.05,0.0024376088218225345,0.016383384462316464
2276,-1,-0.010478225736855085,1,0.34274248566084675,3,2,-1.0,0.22556075361940592,0.22556075361940592,1,0,0.03561013602194998,0.06729955429645733,0.1176365634394691,0.34274248566084675,0,VOLATILE,1.0,392614806962013.3,111341630302242.94,2025-01-22,606.44,-0.007634720664863925,0.006496932919991982
2277,-1,0.00031625372223120785,0,0.3369024380158196,3,0,-1.0,0.21691544207280283,0.21691544207280283,1,0,0.03177947687820326,0.03433025940667211,0.10536991209495845,0.3369024380158196,0,VOLATILE,1.0,350380385298126.8,42234403295329.51,2025-01-23,609.75,-0.007724477244772543,-0.016088560885608727
2278,-1,-0.006334048266914971,0,0.3552222166934631,3,0,-1.0,0.20193608225928478,0.20193608225928478,1,0,0.008286521168706281,0.015390449823708968,0.09122565699747175,0.3552222166934631,0,VOLATILE,1.0,91361934338943.88,259018440129405.22,2025-01-24,607.97,-0.010115630705462397,-0.017698241689557026
2279,1,0.041124801432700614,1,0.33411079399350413,3,2,-1.0,0.22808152387846733,0.22808152387846733,1,0,0.009120959810746855,0.09676785022863373,0.1186296033464602,0.33411079399350413,0,VOLATILE,1.0,100561926334606.69,9199950684840.818,2025-01-27,599.37,-0.0026694696097570025,-0.008558986936283097
2280,1,-0.003791885352484481,0,0.33373935859272386,3,0,-1.0,0.2504350801451654,0.2504350801451654,1,0,0.009556744009754899,0.17987932547915814,0.1464786898296377,0.33373935859272386,0,VOLATILE,1.0,105366606919515.89,4804631995620.076,2025-01-28,604.52,-0.004532521670085332,-0.016508965791040886
2281,-1,-0.04855304000709279,1,0.33355797227101947,3,2,-1.0,0.2242355964047707,0.2242355964047707,1,0,0.009315638183948552,0.08173632753720614,0.11368398857371823,0.33355797227101947,0,VOLATILE,1.0,102708326782702.42,2658227296225.627,2025-01-29,601.81,0.004004586165068824,-0.027849321214336697
2282,-1,0.012529794978589304,0,0.3333836735117074,3,0,-1.0,0.2105659076429653,0.2105659076429653,1,0,0.009261606415003502,0.03039830237989692,0.09655330293163347,0.3333836735117074,0,VOLATILE,1.0,102112606718024.75,595692080942.0931,2025-01-30,605.04,0.002115562607430954,-0.0179492264974217
2283,1,0.020429561947722025,1,0.3335967117288773,3,2,-1.0,0.2173257808288819,0.2173257808288819,1,0,0.00954428680631426,0.05562492509865083,0.1050564039683217,0.3335967117288773,0,VOLATILE,1.0,105229261683847.08,3116644191263.281,2025-01-31,601.82,-0.0017447077199164163,-0.02999235651856047
2284,1,0.005597438185536097,0,0.3343349558375847,3,0,-1.0,0.22968309220033462,0.22968309220033462,1,0,0.010619313236571079,0.10144349939287226,0.12068760420981445,0.3343349558375847,0,VOLATILE,1.0,117081822261941.47,11852532373682.723,2025-02-03,597.77,0.011844020275356915,-0.03498000903357479
2285,-1,-0.021139988170941898,1,0.33437292877038166,3,2,-1.0,0.22090041540084543,0.22090041540084543,1,0,0.011735090687864205,0.06742116364309224,0.10971875144365215,0.33437292877038166,0,VOLATILE,1.0,129383677789311.34,12301878722621.045,2025-02-04,601.78,0.005865931071155517,-0.03110771378244548
2286,1,0.02123406463285224,1,0.3338866917834084,3,2,-1.0,0.23335180323420848,0.23335180323420848,1,0,0.012329003294396011,0.11315527767144218,0.1251614269886127,0.3338866917834084,0,VOLATILE,1.0,135931782048785.67,6548074664783.808,2025-02-05,604.22,-0.001423322630829893,-0.052149879183079006
2287,-1,-0.0369679453111012,1,0.3348800128776135,3,2,-1.0,0.20883524575647033,0.20883524575647033,1,0,0.013989022681085402,0.02030315856388851,0.0947640604149913,0.3348800128776135,0,VOLATILE,1.0,154234104473404.3,18302373691169.4,2025-02-06,606.32,0.005624092888243837,-0.05013854070457857
2288,1,0.02685511842760077,1,0.3334981864322184,3,2,-1.0,0.21117380670633296,0.21117380670633296,1,0,0.014165957010750145,0.02785945796216225,0.0973418049909708,0.3334981864322184,0,VOLATILE,1.0,156184870335221.22,1950761572492.2786,2025-02-07,600.77,0.01486425753616194,-0.06689748156532438
2289,1,0.017809516397560787,0,0.3333539555511508,3,0,-1.0,0.23132188405375637,0.23132188405375637,1,0,0.01418809408131575,0.10328443778363375,0.12249084395498316,0.3333539555511508,0,VOLATILE,1.0,156428939655300.8,244029565291.99756,2025-02-10,604.85,0.010977928412002846,-0.08089608993965458
2290,-1,-0.022085278029910616,1,0.33425592599505594,3,2,-1.0,0.22938468337126916,0.22938468337126916,1,0,0.013197891436876356,0.09768661570167497,0.12029483571285043,0.33425592599505594,0,VOLATILE,1.0,145511592418541.8,10917345950570.88,2025-02-11,605.31,0.012588590969916158,-0.07672101898200911
2291,-1,-0.01627341575586233,0,0.3343367422476082,3,0,-1.0,0.21117406693291962,0.21117406693291962,1,0,0.01427482914247711,0.028380478541677703,0.0975517692280516,0.3343367422476082,0,VOLATILE,1.0,157385225508118.53,11873671557902.064,2025-02-12,603.36,0.011634844868735117,-0.08608459294616821
2292,1,0.02749893765044359,1,0.3333798038644712,3,2,-1.0,0.22046238814501368,0.22046238814501368,1,0,0.01422495487529251,0.06254385356686211,0.10892293614738487,0.3333798038644712,0,VOLATILE,1.0,156835343424798.7,549901257605.6747,2025-02-13,609.73,-0.016056287209092468,-0.07695209354960408
2293,-1,-0.01923616879198603,1,0.3339125798794172,3,2,-1.0,0.2105145405651217,0.2105145405651217,1,0,0.013603257882893993,0.02626070414587521,0.0966213206762564,0.3339125798794172,0,VOLATILE,1.0,149980906123324.94,6854417118886.694,2025-02-14,609.7,-0.020485484664589104,-0.06978842053468925
2294,1,0.016720825479816903,1,0.3345392432764471,3,2,-1.0,0.21728751846504663,0.21728751846504663,1,0,0.01489754113746362,0.05083508556379663,0.10524420890042008,0.3345392432764471,0,VOLATILE,1.0,164250853585300.25,14269933612548.273,2025-02-18,611.49,-0.02820978266202223,-0.08253610034505887
2295,-1,-0.017551220364569547,1,0.33338845464593964,3,2,-1.0,0.206509276000402,0.206509276000402,1,0,0.01495669976473155,0.009494426221230723,0.09148370866198742,0.33338845464593964,0,VOLATILE,1.0,164903099142874.6,652268833191.4817,2025-02-19,612.93,-0.030003426166120062,-0.07472305157195758
2296,0,0.011121550250507706,0,0.33379826457282735,3,1,-1.0,0.2068525837862651,0.2068525837862651,1,0,0.015455702399221415,0.010590185228893273,0.09201529587603823,0.33379826457282735,0,VOLATILE,1.0,170404786159543.47,5501686058619.301,2025-02-20,610.38,-0.04149873849077634,-0.07354434942167176
2297,1,0.017928969942855366,0,0.33347176666058814,3,1,-1.0,0.22512486151498354,0.22512486151498354,1,0,0.015307127458448342,0.0790149282181812,0.1147740185588765,0.33347176666058814,0,VOLATILE,1.0,168766692958914.97,1638127623850.2593,2025-02-21,599.94,-0.009600960096009747,-0.059939327266059994
2298,1,0.01307456807918217,0,0.33849649710900254,3,0,-1.0,0.25647170732288416,0.25647170732288416,1,0,0.020848666575225886,0.19479260871734172,0.15521375843085586,0.33849649710900254,0,VOLATILE,1.0,229864193661101.9,61097434953783.664,2025-02-24,597.21,-0.022504646606721357,-0.03873009494147783
2299,-1,-0.05343945833795863,1,0.3333575452229706,3,2,-1.0,0.23437909479282615,0.23437909479282615,1,0,0.020822676150379832,0.1081170882399462,0.12631325479677533,0.3333575452229706,0,VOLATILE,1.0,229577639697154.56,286507346366.53674,2025-02-25,594.24,-0.029247442110931554,-0.03160339256865907
2300,-1,0.007394960321776001,0,0.3355169432519979,3,0,-1.0,0.21968144258454414,0.21968144258454414,1,0,0.018479043271892343,0.056964073859146605,0.10848103904367964,0.3355169432519979,0,VOLATILE,1.0,203738227861995.62,25839382744110.656,2025-02-26,594.54,-0.019309045648736922,-0.043647189423756116
2301,1,0.03075046074488927,1,0.33334515334088255,3,2,-1.0,0.2357342511211514,0.2357342511211514,1,0,0.01846635985528988,0.1155459468546898,0.1280041022366599,0.33334515334088255,0,VOLATILE,1.0,203598388543271.16,139870082331.3852,2025-02-27,585.05,-0.021092214340654558,-0.030715323476625755
2302,-1,-0.023206350193503228,1,0.3371405866514375,3,2,-1.0,0.22858070946425543,0.22858070946425543,1,0,0.022552616858013012,0.087480483621523,0.12001103349317865,0.3371405866514375,0,VOLATILE,1.0,248650870323526.56,45052495342411.875,2025-02-28,594.18,-0.03073142818674479,-0.06482883974553166
2303,0,0.0068442903186379245,0,0.340996705951278,3,1,-1.0,0.2282714581259974,0.2282714581259974,1,0,0.03077757999735742,0.08098791743859117,0.12058849914531619,0.340996705951278,0,VOLATILE,1.0,339334104817011.4,90683238106426.17,2025-03-03,583.77,-0.03972454905185252,-0.04176302310841595
2304,1,0.013244030632754172,0,0.33482893646875556,3,1,-1.0,0.24120623742049352,0.24120623742049352,1,0,0.032382786506297515,0.1232623061721199,0.1352150308928058,0.33482893646875556,0,VOLATILE,1.0,357032095165973.06,17697969549937.97,2025-03-04,576.86,-0.03629996879658848,-0.027545678327497103
2305,1,0.00997599533336782,0,0.34790033886643085,3,0,-1.0,0.26411701204835747,0.26411701204835747,1,0,0.048017302203865346,0.20334674712729814,0.1671213497770545,0.34790033886643085,0,VOLATILE,1.0,529408363506018.3,172376223513165.2,2025-03-05,583.06,-0.04148801152540038,-0.03179775666312212
2306,-1,-0.03239734929905691,1,0.3339448594811792,3,2,-1.0,0.2546304373771645,0.2546304373771645,1,0,0.04867364036340529,0.15664914441184608,0.15177426159175045,0.3339448594811792,0,VOLATILE,1.0,536644732377250.4,7236392387283.342,2025-03-06,572.71,-0.0371741369977826,-0.06287649944998341
2307,-1,-0.023950576588583905,0,0.3344887022471372,3,0,-1.0,0.22119328611738762,0.22119328611738762,1,0,0.04991367129974729,0.030427678325809154,0.1101137832085188,0.3344887022471372,0,VOLATILE,1.0,550316528137837.8,13671864795652.387,2025-03-07,575.92,-0.022763578274760388,-0.12265592443394913
2308,1,0.03559149018809754,1,0.3346702801989745,3,2,-1.0,0.22334762504570826,0.22334762504570826,1,0,0.05134859306594933,0.03720771100468759,0.11285210135687897,0.3346702801989745,0,VOLATILE,1.0,566137066759081.6,15820537118172.47,2025-03-10,560.58,0.01172000428127995,-0.10025330907274621
2309,1,0.012173066773178337,0,0.3406058252927275,3,0,-1.0,0.23767503074720725,0.23767503074720725,1,0,0.059154033841453416,0.08758170043011944,0.13224524475719096,0.3406058252927275,0,VOLATILE,1.0,652194913363177.6,86057817211775.58,2025-03-11,555.92,0.009173981867894643,-0.10692185926032516
2310,-1,-0.02792137515911297,1,0.33491543133236945,3,2,-1.0,0.2240810612895933,0.2240810612895933,1,0,0.05745599316391631,0.03403456017133569,0.113830184445084,0.33491543133236945,0,VOLATILE,1.0,633473392265534.5,18721492051468.46,2025-03-12,558.87,0.01477982357256602,-0.018340580099128645
2311,1,0.022995166405414685,1,0.33761260799527315,3,2,-1.0,0.23348225823739402,0.23348225823739402,1,0,0.05286312478540364,0.07590479960127869,0.12625597479556078,0.33761260799527315,0,VOLATILE,1.0,582835334305851.9,50638080964874.586,2025-03-13,551.42,0.025515940662290237,-0.04867433172536351
2312,-1,-0.01892255536349277,1,0.3345018787131652,3,2,-1.0,0.22396089982170198,0.22396089982170198,1,0,0.05160894360226541,0.03912083976399104,0.11357659445541882,0.3345018787131652,0,VOLATILE,1.0,569007526885804.8,13827786302512.057,2025-03-14,562.81,0.0020788543202858722,-0.051296174552690754
2313,-1,0.005214299765384484,0,0.3358727849188379,3,0,-1.0,0.21965384117139441,0.21965384117139441,1,0,0.0488833941281524,0.026723098953705077,0.10853549769395249,0.3358727849188379,0,VOLATILE,1.0,538957344544892.2,30050175590941.473,2025-03-17,567.15,0.012218989685268467,-0.04942255135325746
2314,1,0.017175100181680364,1,0.3387023353877235,3,2,-1.0,0.23252188270276722,0.23252188270276722,1,0,0.04312094114227937,0.08286287053389028,0.12532793722538987,0.3387023353877235,0,VOLATILE,1.0,475424187432499.7,63533187796723.91,2025-03-18,561.02,0.025738832840183967,-0.041727567644647245
2315,-1,-0.021093035884037742,1,0.3405884015664228,3,2,-1.0,0.22429688835010228,0.22429688835010228,1,0,0.03533420263439971,0.06122042985330098,0.11551821082923355,0.3405884015664228,0,VOLATILE,1.0,389572540186602.94,85851636460823.98,2025-03-19,567.13,0.002574365665720446,-0.07312256449138654
2316,-1,-0.0072971520479402086,0,0.33974104816986267,3,0,-1.0,0.20877474194949713,0.20877474194949713,1,0,0.028456912024997585,0.009254156413013585,0.09590368947933706,0.33974104816986267,0,VOLATILE,1.0,313747889492549.6,75824621770109.12,2025-03-20,565.49,0.002811720808502338,-0.06910820704168075
2317,1,0.02678388144128771,1,0.33822180237616056,3,2,-1.0,0.2200364769901797,0.2200364769901797,1,0,0.02321020603203358,0.05559293446326071,0.10960104683176476,0.33822180237616056,0,VOLATILE,1.0,255901032088122.3,57846880777863.95,2025-03-21,563.98,-0.014752296180715718,-0.08883293733820352
2318,1,0.008091741036942407,0,0.3338007238571863,3,0,-1.0,0.23938995306780467,0.23938995306780467,1,0,0.023711851587908776,0.12435101530924854,0.13268762229905243,0.3338007238571863,0,VOLATILE,1.0,261431858282155.66,5530787588743.505,2025-03-24,574.08,-0.02558876811594213,-0.08157399665551845
2319,-1,-0.03752518883785616,1,0.33456391640611144,3,2,-1.0,0.22121824030757345,0.22121824030757345,1,0,0.02239108499390468,0.058100253464079335,0.11016377948599466,0.33456391640611144,0,VOLATILE,1.0,246869922292156.66,14561898965628.932,2025-03-25,575.46,-0.02517985611510798,-0.06957911931324523
2320,1,0.030173482878847302,1,0.33741854319894465,3,2,-1.0,0.23322001042618953,0.23322001042618953,1,0,0.026775671393510923,0.10086327510390838,0.1258796488324731,0.33741854319894465,0,VOLATILE,1.0,295211595062757.0,48341647656604.69,2025-03-26,568.59,-0.007158057651383332,-0.0385163298686223
2321,-1,-0.02036609127685096,1,0.33518053336335235,3,2,-1.0,0.22485568926795466,0.22485568926795466,1,0,0.024793102457300032,0.06980113232004422,0.11486474492578141,0.33518053336335235,0,VOLATILE,1.0,273353045584048.8,21858532594404.613,2025-03-27,567.08,-0.05357268815687377,-0.02899061860760399
2322,1,0.01596611297505579,1,0.3370030627806699,3,2,-1.0,0.23245748108477557,0.23245748108477557,1,0,0.02873175980263117,0.09573609135077966,0.12482261705113694,0.3370030627806699,0,VOLATILE,1.0,316778187020563.4,43425129619788.54,2025-03-28,555.66,-0.09066695461253282,-0.008656372601950735
2323,-1,-0.01464604475354292,1,0.33473268694322955,3,2,-1.0,0.22541322814805356,0.22541322814805356,1,0,0.027229856811658182,0.0691192639509648,0.11544970692087432,0.33473268694322955,0,VOLATILE,1.0,300219155835929.3,16559016888224.82,2025-03-31,559.39,-0.09833926241084034,-0.009063444108761254
2324,1,0.03345307078213841,1,0.33585917011213196,3,2,-1.0,0.25182204599346997,0.25182204599346997,1,0,0.0299407979217774,0.16628625213783385,0.1487423500198704,0.33585917011213196,0,VOLATILE,1.0,330108275607299.4,29889067052985.984,2025-04-01,560.97,-0.11496158439845272,-0.0114622885359289
2325,1,-0.022644017529318633,0,0.3390862194683274,3,0,-1.0,0.25558684630956774,0.25558684630956774,1,0,0.023766327441525462,0.18899901082059908,0.15425511275404152,0.3390862194683274,0,VOLATILE,1.0,262032474543172.56,68075815856483.984,2025-04-02,564.52,-0.028165521150712025,-0.01071706936866712
2326,-1,-0.02859847136041821,1,0.33354027452726887,3,2,-1.0,0.23075317526524733,0.23075317526524733,1,0,0.02398842900123857,0.09149118413889054,0.12182653771337637,0.33354027452726887,0,VOLATILE,1.0,264481225677933.0,2448804005659.5225,2025-04-03,536.7,-0.022582448295137003,0.056008943543879086
2327,1,0.04639978328488831,1,0.3462357500671937,3,2,-1.0,0.2523192875058152,0.2523192875058152,1,0,0.03783637047052951,0.1680377702266728,0.15195804689906744,0.3462357500671937,0,VOLATILE,1.0,417159858060455.5,152678590374846.75,2025-04-04,505.28,0.05672102596580131,0.11524303356554788
2328,1,0.01523458264733743,0,0.42030035265473376,3,0,-1.0,0.28911998239372055,0.28911998239372055,1,0,0.13117655233128123,0.2682486461362212,0.21647506615583412,0.42030035265473376,0,VOLATILE,1.0,1446269588516675.0,1029109677123311.5,2025-04-07,504.38,0.06887664062809784,0.10789484119116532
2329,1,0.0057628626443328446,0,0.46130363001869634,3,0,-1.0,0.3316835399259587,0.3316835399259587,1,0,0.26852483009461525,0.3212661671417524,0.2799303324121225,0.46130363001869634,0,VOLATILE,1.0,2960584712934543.0,1514315101642691.0,2025-04-08,496.48,0.08284321624234603,0.1302570093457942
2330,1,0.02675710237518858,0,0.3592050022889187,3,0,-1.0,0.4010041998333855,0.4010041998333855,1,0,0.29629244689274853,0.47687705419913623,0.34105650036396157,0.3592050022889187,0,VOLATILE,1.0,3266732869804101.0,306148067316502.75,2025-04-09,548.62,-0.04185046115708513,0.029966096751850024
2331,0,-0.06864194009681207,0,0.42347053861237705,3,1,-1.0,0.40168291964400016,0.40168291964400016,1,0,0.3930351265624505,0.43087872606183286,0.3579712842080944,0.42347053861237705,0,VOLATILE,1.0,4333356386212338.5,1066623542410957.6,2025-04-10,524.58,0.0034885050897859315,0.07579396850813991
2332,-1,-0.04693585902077413,0,0.3466656854459558,3,1,-1.0,0.3554257804338407,0.3554257804338407,1,0,0.40734449389686855,0.18550144681450093,0.2809486469037898,0.3466656854459558,0,VOLATILE,1.0,4491122407950872.0,157766158768867.12,2025-04-11,533.94,-0.03756976439300308,0.09186425441060786
2333,-1,0.045048178440424136,0,0.34022130165777703,3,0,-1.0,0.3542168196641054,0.3542168196641054,1,0,0.39995175866994703,0.183527291313781,0.277826349994576,0.34022130165777703,0,VOLATILE,1.0,4409614791348397.0,81507621092626.75,2025-04-14,539.12,-0.022017361626354037,0.08851461641193059
2334,-1,-0.026152828798591155,0,0.3407691722072064,3,0,-1.0,0.32685503009577893,0.32685503009577893,1,0,0.3919709985939694,0.08931224342060633,0.24376108067152524,0.3407691722072064,0,VOLATILE,1.0,4321623985171507.0,87990755603020.27,2025-04-15,537.61,-0.004073584940756381,0.09296702070273999
2335,1,0.030248991026276484,1,0.33670029550022335,3,2,-1.0,0.32974223155372895,0.32974223155372895,1,0,0.39558470008571434,0.09347388986593676,0.246352863317217,0.33670029550022335,0,VOLATILE,1.0,4361466369169289.0,39842383647175.94,2025-04-16,525.66,0.04000684853327252,0.12327359890423484
2336,1,-0.0015841527679184009,0,0.33765258194870196,3,0,-1.0,0.33104528024376056,0.33104528024376056,1,0,0.3909489269962176,0.10371031037941106,0.24821974579187622,0.33765258194870196,0,VOLATILE,1.0,4310355271038954.0,51111106056770.88,2025-04-17,526.41,0.046028760851807515,0.12877794874717452
2337,-1,-0.02531169197752553,1,0.3382841177426011,3,2,-1.0,0.30703663695626665,0.30703663695626665,1,0,0.385635332693609,0.019465144199341717,0.21836682563098359,0.3382841177426011,0,VOLATILE,1.0,4251770945494474.0,58584279243832.15,2025-04-21,513.88,0.07194286603876399,0.15756596870864792
2338,1,0.0336642721177417,1,0.3369286506485861,3,2,-1.0,0.31669226578651444,0.31669226578651444,1,0,0.38949412527963406,0.05079835940623472,0.23009749489528958,0.3369286506485861,0,VOLATILE,1.0,4294315548675288.0,42544586100873.77,2025-04-22,527.25,0.05134186818397346,0.12441915599810338
2339,-1,-0.018087445559622828,1,0.3389716924982458,3,2,-1.0,0.3082604490571394,0.3082604490571394,1,0,0.38344257207325816,0.026762881264698873,0.22006848444598565,0.3389716924982458,0,VOLATILE,1.0,4227594955626244.0,66720580111689.73,2025-04-23,535.42,0.03571028351574457,0.08860333943446275
2340,1,0.02120989084678926,1,0.3525143823761577,3,2,-1.0,0.3210385231745536,0.3210385231745536,1,0,0.36285589216786385,0.10542435651883036,0.23942674956223137,0.3525143823761577,0,VOLATILE,1.0,4000619261063802.0,226975735645225.53,2025-04-24,546.69,0.021547860762040516,0.06658252391666197
2341,-1,-0.015299608232488215,1,0.33850562645363647,3,2,-1.0,0.3185169890594796,0.3185169890594796,1,0,0.35730456011601086,0.09101336869726516,0.23277264293775868,0.33850562645363647,0,VOLATILE,1.0,3939413789661591.0,61205465526544.69,2025-04-25,550.64,0.029275025424960077,0.051703472323114896
2342,-1,-0.01838666577063819,0,0.34272984083518265,3,0,-1.0,0.29760878917376743,0.29760878917376743,1,0,0.3472194500691781,0.025860889958836702,0.20769344667600492,0.34272984083518265,0,VOLATILE,1.0,3828221753445069.5,111191999872707.72,2025-04-28,550.85,0.022982663156939198,0.07315966234001992
2343,1,0.029998304418907162,1,0.3436038439340372,3,2,-1.0,0.3066988937069624,0.3066988937069624,1,0,0.3582426102611323,0.04958112409050464,0.2192745781172123,0.3436038439340372,0,VOLATILE,1.0,3949756136470391.0,121534369358121.0,2025-04-29,554.32,0.008081974310867102,0.06027204502814243
2344,1,0.006439392811303735,0,0.3481348745998537,3,0,-1.0,0.3222283910514611,0.3222283910514611,1,0,0.37412884662991847,0.09532877576295098,0.2398192074642898,0.3481348745998537,0,VOLATILE,1.0,4124907717510107.0,175151562886413.34,2025-04-30,554.54,0.011919789374977396,0.06403505608251892
2345,1,0.015848213252188104,0,0.3444913304967117,3,0,-1.0,0.35360610164814793,0.35360610164814793,1,0,0.36215317073479486,0.22223820831829372,0.27813045968436284,0.3444913304967117,0,VOLATILE,1.0,3992871499594360.0,132036293157417.16,2025-05-01,558.47,0.011800096692749618,0.055365552312568234
2346,-1,-0.060124220851877797,1,0.3375828816820312,3,2,-1.0,0.32485959139295695,0.32485959139295695,1,0,0.3667141307362689,0.1046964982488432,0.24047020966170402,0.3375828816820312,0,VOLATILE,1.0,4043157755997211.5,50286319609119.57,2025-05-02,566.76,-0.004269884960124148,0.04578657632860472
2347,-1,0.014080138551402555,0,0.34077700391443017,3,0,-1.0,0.3101932196891685,0.3101932196891685,1,0,0.3747032886572036,0.044104038113001016,0.22293577559006822,0.34077700391443017,0,VOLATILE,1.0,4131241151494026.5,88083430800529.62,2025-05-05,563.51,0.03456904047842979,0.057816187822753884
2348,-1,0.010353530090630503,0,0.3751233386139602,3,0,-1.0,0.3058803780760106,0.3058803780760106,1,0,0.32985081157585644,0.09854311016965353,0.22613130724850328,0.3751233386139602,0,VOLATILE,1.0,3636726145423658.0,494515037733903.06,2025-05-06,558.8,0.05017895490336444,0.06644595561918387
2349,-1,-0.06007967181499335,0,0.44143280707173005,3,0,-1.0,0.24148786464785932,0.24148786464785932,1,0,0.2138295379396646,0.022824559793605304,0.16221803257775663,0.44143280707173005,0,VOLATILE,1.0,2357549061570834.0,1279177041873693.5,2025-05-07,561.15,0.04711752650806389,0.056847545219638196
2350,1,0.07222957127106622,1,0.35909674422113347,3,2,-1.0,0.24932492249077426,0.24932492249077426,1,0,0.1861781205373442,0.018112896968909442,0.1514303391687512,0.35909674422113347,0,VOLATILE,1.0,2052682045647439.2,304867013578501.75,2025-05-08,565.06,0.04495097865713382,0.060312179237603125
2351,-1,-0.040028889016459956,1,0.4492160097787271,3,2,-1.0,0.21713309131722927,0.21713309131722927,1,0,0.06180327905713687,0.08935782071651831,0.1337203665912184,0.4492160097787271,0,VOLATILE,1.0,681403813276097.4,1371278269296260.5,2025-05-09,564.34,0.05291136548888975,0.06262182372328717
2352,1,0.06369449424233078,1,0.3666343122722155,3,2,-1.0,0.24863575438601507,0.24863575438601507,1,0,0.026061926782408578,0.18129788636930955,0.15245327105057271,0.3666343122722155,0,VOLATILE,1.0,287342299013581.75,394061564384904.3,2025-05-12,582.99,0.020343402116674403,0.034460282337604564
2353,1,-0.02926374852816213,0,0.3371046483193211,3,0,-1.0,0.25087466892663873,0.25087466892663873,1,0,0.022014240293870696,0.17159425442051549,0.14786949823812873,0.3371046483193211,0,VOLATILE,1.0,242715071295033.2,44627225100321.76,2025-05-13,586.84,0.010241292345443354,0.02474268965987325
2354,-1,-0.03729333731415421,1,0.33333603243992715,3,2,-1.0,0.2158202461531082,0.2158202461531082,1,0,0.022011336736866456,0.03731661066723467,0.10310931580136704,0.33333603243992715,0,VOLATILE,1.0,242683058514401.84,31939426428.25775,2025-05-14,587.59,-0.0080498306642387,0.027502169880358807
2355,-1,0.029269800471402457,0,0.3335677554285464,3,0,-1.0,0.2100356238509801,0.2100356238509801,1,0,0.0217597345132457,0.016049671499339318,0.09593646867086167,0.3335677554285464,0,VOLATILE,1.0,239909051742925.7,2773994654499.3716,2025-05-15,590.46,-0.012481793855637968,0.011076110151407415
2356,-1,0.003762418438493481,0,0.3346656316747582,3,0,-1.0,0.2080134199873455,0.2080134199873455,1,0,0.02032980177931573,0.010719746929298583,0.09368318290287143,0.3346656316747582,0,VOLATILE,1.0,224143519031831.16,15765529584366.2,2025-05-16,594.2,-0.025395489734096333,0.014271289128239495
2357,1,0.007987707667829552,1,0.3337812338189433,3,2,-1.0,0.21397892379154043,0.21397892379154043,1,0,0.01984907915380792,0.032907810428676194,0.10091896319416137,0.3337812338189433,0,VOLATILE,1.0,218843375816998.06,5300155481079.76,2025-05-19,594.85,-0.0062200554761705495,0.004505337480037008
2358,-1,-0.010150357194579823,1,0.3333822269297392,3,2,-1.0,0.20979407040115555,0.20979407040115555,1,0,0.019796601676145123,0.016967832525492676,0.09558814473387926,0.3333822269297392,0,VOLATILE,1.0,218264792383625.8,578574195175.1053,2025-05-20,592.85,-0.00863624862950152,0.007742261954963414
2359,1,0.025427687949252264,1,0.33394874674383707,3,2,-1.0,0.23103690496002294,0.23103690496002294,1,0,0.019136093014912096,0.09771386064305167,0.12228331788598792,0.33394874674383707,0,VOLATILE,1.0,210982442202011.94,7282391659765.89,2025-05-21,582.86,0.012335723844490776,0.01959304121058225
2360,1,-0.0010705680307074306,0,0.3344869122173297,3,0,-1.0,0.2512091714881829,0.2512091714881829,1,0,0.020374212978897986,0.17252536426478507,0.14763319241456102,0.3344869122173297,0,VOLATILE,1.0,224633168791668.94,13650682777323.078,2025-05-22,583.09,0.010804507022929455,0.029257919017647183
2361,-1,-0.03969037411811316,1,0.33355780544886465,3,2,-1.0,0.2316910638982297,0.2316910638982297,1,0,0.02061513136755515,0.09839471233745467,0.12300328123500327,0.33355780544886465,0,VOLATILE,1.0,227289382365184.3,2656253234158.9995,2025-05-23,579.11,0.02348431213413682,0.04778021446702696
2362,-1,0.0001463286956448484,0,0.3338986827158765,3,0,-1.0,0.21231928500392133,0.21231928500392133,1,0,0.021221907313505043,0.02539942348810727,0.09887377693387077,0.3338986827158765,0,VOLATILE,1.0,233979309658398.4,6689967358554.191,2025-05-27,591.15,0.008356593081282337,0.027015139981392267
2363,-1,0.014357917741523896,0,0.33438506683534136,3,0,-1.0,0.20730542385113687,0.20730542385113687,1,0,0.020093099312221228,0.008091040256048055,0.09272804652275643,0.33438506683534136,0,VOLATILE,1.0,221533787539414.03,12445512484121.008,2025-05-28,587.73,0.013951984754904334,0.04107328194919435
2364,1,0.00722293611239877,1,0.3347508861675308,3,2,-1.0,0.20951449881075118,0.20951449881075118,1,0,0.018571665233028865,0.018170869932936113,0.09558084505532166,0.3347508861675308,0,VOLATILE,1.0,204759418945614.2,16774374365009.625,2025-05-29,590.05,0.005084314888568864,0.042132022709939765
2365,1,0.002873867834460031,0,0.3363342760788779,3,0,-1.0,0.21459744160482552,0.21459744160482552,1,0,0.015350806963132034,0.04164030611412208,0.10233037102575136,0.3363342760788779,0,VOLATILE,1.0,169248275514202.4,35511154044726.3,2025-05-30,589.39,0.016542527019460795,0.048287212202446694
2366,1,0.019656050829164218,0,0.3357931522307223,3,0,-1.0,0.23933643522806408,0.23933643522806408,1,0,0.01799089194657175,0.1313656043317102,0.13311883209276065,0.3357931522307223,0,VOLATILE,1.0,198356180507813.7,29107855495409.5,2025-06-02,592.71,0.011759545140118899,0.042077913313424586
2367,-1,-0.030140538014856888,1,0.33337817606967685,3,2,-1.0,0.23393489083644575,0.23393489083644575,1,0,0.017942762107085907,0.10934671058184323,0.12576315756297637,0.33337817606967685,0,VOLATILE,1.0,197825531379509.3,530639020169.84375,2025-06-03,596.09,0.011726417151772361,0.04086631213407377
2368,-1,-0.020151453690326504,0,0.33681148515968395,3,0,-1.0,0.20838189275450092,0.20838189275450092,1,0,0.014209718229751138,0.019830993469390247,0.09468023723304712,0.33681148515968395,0,VOLATILE,1.0,156667353820819.44,41158127884931.98,2025-06-04,595.93,0.0091118084338766,0.04935143389324259
2369,1,0.04559917891993248,1,0.33453332730238206,3,2,-1.0,0.22842807359248857,0.22842807359248857,1,0,0.01292178914043819,0.09458348230818049,0.11916842381620622,0.33453332730238206,0,VOLATILE,1.0,142467463360707.8,14199927922949.967,2025-06-05,593.05,0.01804232358148572,0.04658966360340622
2370,1,0.0024066956424884656,0,0.3347167220401472,3,0,-1.0,0.2508809500729647,0.2508809500729647,1,0,0.014406560372755292,0.17743454393097277,0.14728036810124268,0.3347167220401472,0,VOLATILE,1.0,158837610624385.94,16370098877873.193,2025-06-06,599.14,-0.003571786226925222,0.03538405047234372
2371,-1,-0.050583095650446996,1,0.33339147428525434,3,2,-1.0,0.22275073090299383,0.22275073090299383,1,0,0.014344153450829646,0.071014693149338,0.11178628220005588,0.33339147428525434,0,VOLATILE,1.0,158149551427144.22,688001229960.4523,2025-06-09,599.68,0.005002668089647777,0.040655016008537936
2372,0,0.027571457059114846,0,0.336679545062572,3,1,-1.0,0.22219196879213782,0.22219196879213782,1,0,0.010752723276070042,0.07497681849137586,0.11190984725581529,0.336679545062572,0,VOLATILE,1.0,118552716865444.1,39596836813926.695,2025-06-10,603.08,-0.00920275916959623,0.037706440273263864
2373,-1,-0.00934714314623647,0,0.33350063288783466,3,1,-1.0,0.21228606353504534,0.21228606353504534,1,0,0.010573161663330671,0.035625051258965465,0.09873273764076537,0.33350063288783466,0,VOLATILE,1.0,116572984244372.34,1979711295835.9854,2025-06-11,601.36,-0.006518557935346503,0.03701609684714646
2374,1,0.012584702041286394,1,0.33333760583573613,3,2,-1.0,0.21496486031923925,0.21496486031923925,1,0,0.010568576542432945,0.04555285403151631,0.10204047685798308,0.33333760583573613,0,VOLATILE,1.0,116522431605229.16,50557942569.24867,2025-06-12,603.75,-0.0156853002070394,0.034881987577639606
2375,1,0.007949567429618082,0,0.33343846029329305,3,0,-1.0,0.22559322453305125,0.22559322453305125,1,0,0.01068140928692007,0.0853720279319919,0.11535114573963731,0.33343846029329305,0,VOLATILE,1.0,117766453986061.97,1244002297253.345,2025-06-13,597.0,0.0052763819095476006,0.04211055276381903
2376,1,-0.0038034787196933595,0,0.334721180947165,3,0,-1.0,0.2324181100271699,0.2324181100271699,1,0,0.012170963234095463,0.11043783507816549,0.12420293277075364,0.334721180947165,0,VOLATILE,1.0,134189332434751.12,16422862608276.803,2025-06-16,602.68,0.0068029468374593005,0.03574035972655487
2377,-1,-0.025612296293014092,1,0.333535415639269,3,2,-1.0,0.21363069922827443,0.21363069922827443,1,0,0.012387851091961465,0.03887883274351931,0.10042222794516026,0.333535415639269,0,VOLATILE,1.0,136580600594917.0,2391307167205.5107,2025-06-17,597.53,0.01604940337723626,0.051060197814335684
2378,-1,0.013628252263283874,0,0.33366593800583855,3,0,-1.0,0.20847154069266285,0.20847154069266285,1,0,0.012744828838196703,0.019272902263667943,0.09400591036728821,0.33366593800583855,0,VOLATILE,1.0,140516411141708.84,3935821760966.557,2025-06-18,597.44,0.024153053026245264,0.0504485806106052
2379,1,0.01456776932466744,1,0.3339450511823451,3,2,-1.0,0.21788015148171871,0.21788015148171871,1,0,0.012088284483290775,0.0554210719599133,0.10583645214773468,0.3339450511823451,0,VOLATILE,1.0,133277768890960.28,7238660850966.354,2025-06-20,594.28,0.034714276098808616,0.058036615736689834
2380,1,-0.0038777382550620743,0,0.3335378897239133,3,0,-1.0,0.2234110240157125,0.2234110240157125,1,0,0.011868738862495546,0.07607601848936135,0.11264825245061896,0.3335378897239133,0,VOLATILE,1.0,130857197919966.42,2420583834031.0415,2025-06-23,600.15,0.02949262684328935,0.0478380404898775
2381,-1,-0.015963321047628015,1,0.334068292243905,3,2,-1.0,0.21297857550207827,0.21297857550207827,1,0,0.01265755539526233,0.03656332192045989,0.09974029243857407,0.334068292243905,0,VOLATILE,1.0,139554189432432.92,8697013339759.196,2025-06-24,606.78,0.01791423580210294,0.045205840667128294
2382,1,0.017345365943086277,1,0.3334887758825419,3,2,-1.0,0.21989149293153032,0.21989149293153032,1,0,0.012824390434079073,0.06188528997106613,0.1082365601350484,0.3334887758825419,0,VOLATILE,1.0,141393606909500.7,1839403406894.4424,2025-06-25,607.12,0.021956120701014603,0.04496639873501107
2383,-1,-0.009101653786118491,1,0.333889104883003,3,2,-1.0,0.21770275657486388,0.21770275657486388,1,0,0.013420889741829286,0.05338127607616255,0.10560072193933061,0.333889104883003,0,VOLATILE,1.0,147970230498384.7,6576629675223.897,2025-06-26,611.87,0.022014480200042597,0.041234249105202014
2384,-1,0.0004905448763610487,0,0.3333439706030429,3,0,-1.0,0.21600456509455848,0.21600456509455848,1,0,0.013409472718525429,0.046615624338351105,0.10334169901895884,0.3333439706030429,0,VOLATILE,1.0,147844353630131.2,125874351928.81923,2025-06-27,614.91,0.00938348701435987,0.03582638109642078
2385,-1,-0.005887737529840842,0,0.33386501401346863,3,0,-1.0,0.20841863608441225,0.20841863608441225,1,0,0.013980114820929678,0.017988531005717807,0.09398954860888249,0.33386501401346863,0,VOLATILE,1.0,154135892048904.5,6291554400003.546,2025-06-30,617.85,0.0040301043942705395,0.028178360443473327
2386,1,0.021063052402194915,1,0.3336036020845564,3,2,-1.0,0.22189575947646092,0.22189575947646092,1,0,0.014270191871593825,0.06804160772855199,0.11077059986671527,0.3336036020845564,0,VOLATILE,1.0,157334097896262.5,3198180062718.433,2025-07-01,617.65,0.010378045818829396,0.02721606087590067
2387,1,-0.011703191730980333,0,0.33398339915910946,3,0,-1.0,0.22366969113752927,0.22366969113752927,1,0,0.013572488204870876,0.07567640293019592,0.11308296371168892,0.33398339915910946,0,VOLATILE,1.0,149641659140671.38,7692445219963.439,2025-07-02,620.45,0.008655008461600389,0.018744459666371283
2388,-1,-0.014069096625833333,1,0.3335839761772526,3,2,-1.0,0.21137452617276428,0.21137452617276428,1,0,0.013303475278656253,0.02953898000214919,0.09761415176026847,0.3335839761772526,0,VOLATILE,1.0,146675692989041.47,2965940171247.787,2025-07-03,625.34,-0.0027505037259730747,-0.005788850865129369
2389,1,0.0319732386974331,1,0.33444206800233917,3,2,-1.0,0.2310525999054324,0.2310525999054324,1,0,0.014493464314008499,0.10278533633311743,0.1224262668823753,0.33444206800233917,0,VOLATILE,1.0,159795758442140.25,13120026259831.54,2025-07-07,620.68,0.0066539923954371805,0.016900818457175948
2390,1,-0.01640842140740076,0,0.33467877688740477,3,0,-1.0,0.23432225223069975,0.23432225223069975,1,0,0.013049424121923432,0.11666810440875426,0.1265725095102259,0.33467877688740477,0,VOLATILE,1.0,143874685832044.06,15921081259564.355,2025-07-08,620.34,0.0029016345874841587,0.012299706612502792
2391,-1,-0.015130570201838861,1,0.33404634400301625,3,2,-1.0,0.22246133435412824,0.22246133435412824,1,0,0.013814683739379505,0.07095007809086355,0.11158825394341435,0.33404634400301625,0,VOLATILE,1.0,152311953715495.62,8437292502242.765,2025-07-09,624.06,0.0002563856039483614,0.013973015415184475
2392,-1,0.0036360753823127256,0,0.3349419748667266,3,0,-1.0,0.21423649185986945,0.21423649185986945,1,0,0.012088155543557959,0.042505170080997585,0.1015311085415185,0.3349419748667266,0,VOLATILE,1.0,133276347283127.1,19035590525638.883,2025-07-10,625.82,0.0035473458822024018,0.010274519829982953
2393,0,0.008762492273692912,0,0.3342410475074251,3,1,-1.0,0.21477414163930358,0.21477414163930358,1,0,0.01306238930115138,0.043021427476805936,0.10202793892598577,0.3342410475074251,0,VOLATILE,1.0,144017631687029.6,10741283855752.645,2025-07-11,623.62,0.006350020846028093,0.02174401077579291
2394,1,0.0003707071008518803,0,0.3337618509468567,3,1,-1.0,0.2156824985195896,0.2156824985195896,1,0,0.013522309809943551,0.0456084478486599,0.10304358588620115,0.3337618509468567,0,VOLATILE,1.0,149088423937472.16,5070791506202.153,2025-07-14,624.81,0.0063379267297258846,0.017781405547286466
2395,1,0.010383899337255476,0,0.3349014421880159,3,0,-1.0,0.22697475473713108,0.22697475473713108,1,0,0.015205335536681013,0.0871260763685724,0.1174438039684178,0.3349014421880159,0,VOLATILE,1.0,167644399696953.3,18555953851571.15,2025-07-15,622.14,0.010801427331468938,0.03303115054489347
2396,-1,-0.01955359665404402,1,0.3345413463027488,3,2,-1.0,0.21871341430062854,0.21871341430062854,1,0,0.013908794964400688,0.057172518390017954,0.10702710445147287,0.3345413463027488,0,VOLATILE,1.0,153349564479517.28,14294819422539.451,2025-07-16,624.22,0.016003972958251955,0.033113325430136786
2397,1,0.018047558655076845,1,0.334257026351997,3,2,-1.0,0.22849963251920286,0.22849963251920286,1,0,0.0149001802342416,0.09266621147676678,0.11918879723700279,0.334257026351997,0,VOLATILE,1.0,164279950594966.3,10930366840388.184,2025-07-17,628.04,0.010158588624928244,0.0269250366218714
2398,-1,-0.01649662882516792,1,0.33370602090781937,3,2,-1.0,0.22178922191260925,0.22178922191260925,1,0,0.014500180060977351,0.06748891779217187,0.1106630326177164,0.33370602090781937,0,VOLATILE,1.0,159869802014963.34,4410136077330.779,2025-07-18,627.58,0.015169380796073773,0.025271678511106233
2399,-1,-0.00903125464532542,0,0.33338127463279027,3,0,-1.0,0.20604755666069022,0.20604755666069022,1,0,0.014551631654978456,0.00816266179720248,0.0909047644840603,0.33338127463279027,0,VOLATILE,1.0,160437074704800.3,567305348510.4355,2025-07-21,628.77,0.012993622469265498,0.023108608871288405
2400,-1,0.014202817208412016,0,0.3354395892390974,3,0,-1.0,0.2045087086171832,0.2045087086171832,1,0,0.01229102403441458,0.006196325209345472,0.08949578308125335,0.3354395892390974,0,VOLATILE,1.0,135513046781473.62,24924026970607.71,2025-07-22,628.86,0.010177145946633548,0.01741246064306834
2401,1,0.008624904554991014,1,0.3343974906827278,3,2,-1.0,0.2115947651286672,0.2115947651286672,1,0,0.011148883860507788,0.03312960338404019,0.09809282908151598,0.3343974906827278,0,VOLATILE,1.0,122920532570756.5,12592528004167.588,2025-07-23,634.21,0.0003941911984988167,0.00614938269658305
2402,1,-0.0059077313939097376,0,0.3333474383282103,3,0,-1.0,0.21277309024624147,0.21277309024624147,1,0,0.011164022777305351,0.036745644392257894,0.09930322238985441,0.3333474383282103,0,VOLATILE,1.0,123087444679500.62,166909097689.64047,2025-07-24,634.42,-0.003688408309952318,0.0017811544402761559
2403,-1,-0.0022605990744992144,1,0.333497250350076,3,2,-1.0,0.21169081628931652,0.21169081628931652,1,0,0.010988093145417627,0.032975405702076264,0.09798783294916463,0.333497250350076,0,VOLATILE,1.0,121147755979072.16,1939684601028.5613,2025-07-25,637.1,-0.024140637262596076,0.01288651703029342
2404,1,0.005451576430102495,1,0.3334802754886383,3,2,-1.0,0.21606011876249406,0.21606011876249406,1,0,0.01114580457307658,0.04918984740275492,0.10344521732527716,0.3334802754886383,0,VOLATILE,1.0,122886582297732.0,1738815417403.553,2025-07-28,636.94,-0.009058938047539988,0.008682136464973178
2405,-1,-0.01299286884658482,1,0.3342350539955,3,2,-1.0,0.2074365523890868,0.2074365523890868,1,0,0.010178002018324075,0.01838535993737632,0.09285445398523345,0.3342350539955,0,VOLATILE,1.0,112216204263307.1,10670360634855.348,2025-07-29,635.26,-0.011475616283096679,0.015584170260995567
2406,1,0.012427498279554583,1,0.336283661090261,3,2,-1.0,0.2112404842952341,0.2112404842952341,1,0,0.007011467902284545,0.037353094022539106,0.09812152064160788,0.336283661090261,0,VOLATILE,1.0,77304004547440.6,34912210042740.324,2025-07-30,634.46,-0.0026479210667340602,0.019181666298899724
2407,1,-0.0009718208999428546,0,0.3342255137416713,3,0,-1.0,0.21407259530143855,0.21407259530143855,1,0,0.007969029773249602,0.04547233791339844,0.101147122562216,0.3342255137416713,0,VOLATILE,1.0,87861475288113.81,10557467636866.656,2025-07-31,632.08,0.0002689532970510111,0.026642197190228867
2408,1,0.0037753860667929517,0,0.3391619007226408,3,0,-1.0,0.22068009237443595,0.22068009237443595,1,0,0.014224730205782896,0.06769704174033259,0.11064059064870516,0.3391619007226408,0,VOLATILE,1.0,156832866361074.66,68971377321030.734,2025-08-01,621.72,0.02486649938879215,0.03752493083703268
2409,1,0.049019399277208026,0,0.35304195145388534,3,0,-1.0,0.2763069887246414,0.2763069887246414,1,0,0.0353776538753726,0.26555501743244664,0.18364422376927309,0.35304195145388534,0,VOLATILE,1.0,390051606050780.4,233218636085840.44,2025-08-04,631.17,0.0075257062281159914,0.014417668773864412
2410,-1,-0.05992405485599975,1,0.3333662358952904,3,2,-1.0,0.27200983021884706,0.27200983021884706,1,0,0.03534233907002771,0.23471920117211664,0.17335384674738144,0.3333662358952904,0,VOLATILE,1.0,389662247372823.1,389346963669.8897,2025-08-05,627.97,0.023440610220233582,0.025112664617736424
2411,-1,-0.055200049030168286,0,0.3339607802201166,3,0,-1.0,0.21251262268288446,0.21251262268288446,1,0,0.03466890026543913,0.012724019960464936,0.09913097340863469,0.3339607802201166,0,VOLATILE,1.0,382237337619563.6,7424787788612.445,2025-08-06,632.78,0.019137773001675074,0.025822560763614666
2412,1,0.06506926321221845,1,0.33343288873100707,3,2,-1.0,0.2180846783591403,0.2180846783591403,1,0,0.03477575228934421,0.03311645810568734,0.10596407013167718,0.33343288873100707,0,VOLATILE,1.0,383415420363003.06,1178072146836.1838,2025-08-07,632.25,0.02008699090549637,0.02370897587979437
2413,1,-2.33310613255433e-05,0,0.33424243327092323,3,0,-1.0,0.2236334029740706,0.2236334029740706,1,0,0.033800032409953204,0.055507053696004005,0.11310236203531907,0.33424243327092323,0,VOLATILE,1.0,372657750921359.6,10757682056326.139,2025-08-08,637.18,0.009824539376628527,0.018283687498038326
2414,-1,-0.012733808454767015,1,0.33336196599059303,3,2,-1.0,0.2164483191342339,0.2164483191342339,1,0,0.033769300133923,0.02793337111239895,0.10390089041544065,0.33336196599059303,0,VOLATILE,1.0,372318916309392.3,338819760613.49896,2025-08-11,635.92,0.01160523336268704,0.022660083029311995
2415,0,0.007549229710103855,0,0.3343514988555644,3,1,-1.0,0.21681246500450105,0.21681246500450105,1,0,0.03267652108477226,0.031133846823780124,0.10460345596951745,0.3343514988555644,0,VOLATILE,1.0,360270626598564.1,12048291409976.94,2025-08-12,642.69,-0.004481165102926954,0.014812740201341157
2416,0,-0.00011624428494433348,0,0.3335972789752498,3,0,-1.0,0.21706036658982386,0.21706036658982386,1,0,0.032959809331636954,0.03121452461163993,0.10472477798109228,0.3335972789752498,0,VOLATILE,1.0,363393983394753.6,3123356606335.649,2025-08-13,644.89,-0.010513420893485614,0.01975530710663831
2417,-1,-0.004597485592577749,0,0.3339782296033154,3,1,-1.0,0.21271078258256892,0.21271078258256892,1,0,0.032267652728876606,0.015881454158243394,0.09938303562904,0.3339782296033154,0,VOLATILE,1.0,355762703053315.7,7631272146129.126,2025-08-14,644.95,-0.014574773238235639,0.019319327079618365
2418,1,0.006153385962943847,1,0.3338851137353025,3,2,-1.0,0.21451458453825784,0.21451458453825784,1,0,0.0328598691505496,0.02198365816939411,0.1016145091066479,0.3338851137353025,0,VOLATILE,1.0,362292106252774.3,6529401096465.646,2025-08-15,643.44,0.002906253885365917,0.02715093870446328
2419,1,0.014597010656325626,0,0.3334253716339882,3,0,-1.0,0.23091539715027237,0.23091539715027237,1,0,0.032761089005955854,0.0832406790330567,0.1220005893463375,0.3334253716339882,0,VOLATILE,1.0,361203018938492.56,1089119836565.8414,2025-08-18,643.3,-0.0012902222913103722,0.025959894295041197
2420,1,-0.0008787792704132436,0,0.33610646524963017,3,0,-1.0,0.24643743049187367,0.24643743049187367,1,0,0.03573744579055037,0.14048276749119862,0.14207340442724964,0.33610646524963017,0,VOLATILE,1.0,394018443842046.9,32815392700234.223,2025-08-19,639.81,0.00836185742642348,0.030274612775667675
2421,-1,-0.03581861631544614,1,0.3337608442845711,3,2,-1.0,0.22614084751802882,0.22614084751802882,1,0,0.035278601903119544,0.06307020950291696,0.11611627046867883,0.3337608442845711,0,VOLATILE,1.0,388959521736882.56,5058879336419.159,2025-08-20,638.11,0.01335192991803913,0.037846139380357524
2422,1,0.04017097729769237,1,0.33471365943134973,3,2,-1.0,0.24601524184187634,0.24601524184187634,1,0,0.03676008529528505,0.13683231618526354,0.14119746716018286,0.33471365943134973,0,VOLATILE,1.0,405293419357323.0,16333858008917.81,2025-08-21,635.55,0.021036897175674696,0.04429234521280789
2423,1,-0.007870647133039699,0,0.33442159294375773,3,0,-1.0,0.25801898903268417,0.25801898903268417,1,0,0.03792809752943908,0.1804593060509447,0.1561291345267946,0.33442159294375773,0,VOLATILE,1.0,418171182518884.25,12877738078745.912,2025-08-22,645.31,-0.0004029071299065379,0.03336380964187757
2424,-1,-0.01458157624839801,1,0.33348378857461203,3,2,-1.0,0.255441159975094,0.255441159975094,1,0,0.03776661600524138,0.17025057533231994,0.15267239711252045,0.33348378857461203,0,VOLATILE,1.0,416390789503487.4,1780386932678.8215,2025-08-25,642.47,-0.0034242844023846253,0.03228166295702528
2425,-1,-0.010665641209354704,0,0.33390659475578915,3,0,-1.0,0.2421976897081491,0.2421976897081491,1,0,0.038381885131529576,0.1202893973408713,0.13622376082413362,0.33390659475578915,0,VOLATILE,1.0,423174357224161.9,6783593159500.28,2025-08-26,645.16,-0.002201004402008766,0.024707049414098847
2426,-1,-0.016533862004037336,0,0.33449626144571154,3,0,-1.0,0.21242035743716686,0.21242035743716686,1,0,0.039630029854885444,0.007818506618773926,0.09914951215788645,0.33449626144571154,0,VOLATILE,1.0,436935610461694.0,13761315307637.273,2025-08-27,646.63,0.0038507338044941886,0.017660795199727852
2427,1,0.03832215436936781,1,0.3349587502214208,3,2,-1.0,0.22096517953555245,0.22096517953555245,1,0,0.041374562735494134,0.03846392318889323,0.10994616197479579,0.3349587502214208,0,VOLATILE,1.0,456169725145695.1,19234098879583.656,2025-08-28,648.92,-0.0025889169697342895,0.019879183874745854
2428,-1,-0.01341812079283719,1,0.338259899161165,3,2,-1.0,0.21609188084110084,0.21609188084110084,1,0,0.03608696543928327,0.02795251208571864,0.1046798258416673,0.338259899161165,0,VOLATILE,1.0,397872026129183.1,58297692711184.11,2025-08-29,645.05,0.005860010851872044,0.02888148205565466
2429,-1,-0.0035071330541897316,0,0.3563172670109259,3,0,-1.0,0.2077114490924595,0.2077114490924595,1,0,0.011418712876838542,0.03473717147807899,0.09871862811830584,0.3563172670109259,0,VOLATILE,1.0,125895496415155.97,271976534904083.2,2025-09-02,640.27,0.015712121448763883,0.04046730285660738
2430,1,0.01687209778715429,1,0.33430963341601827,3,2,-1.0,0.21620311513097246,0.21620311513097246,1,0,0.012466559321863704,0.04902734748129661,0.1038313022677201,0.33430963341601827,0,VOLATILE,1.0,137448387689870.58,11552883733479.346,2025-09-03,643.74,0.013157485941529323,0.03838506229222993
2431,-1,-0.013072870037554862,1,0.33344396258339776,3,2,-1.0,0.21162191113193055,0.21162191113193055,1,0,0.012585294907153384,0.03107984377513446,0.09788837956076261,0.33344396258339776,0,VOLATILE,1.0,138757491054971.3,1309112726900.126,2025-09-04,649.12,0.01311005669213694,0.030964998767562202
2432,1,0.012481814489415821,1,0.33333341822987905,3,2,-1.0,0.21952252162230446,0.21952252162230446,1,0,0.01258520511828956,0.060624314637761384,0.1077365065853503,0.33333341822987905,0,VOLATILE,1.0,138756501099824.38,1004609074.4931098,2025-09-05,647.24,0.015712873122798232,0.033944132006674455
2433,1,0.006829462877746523,0,0.33468687467618313,3,0,-1.0,0.2342525949904249,0.2342525949904249,1,0,0.014037940103351977,0.11542444711787862,0.12648746240707687,0.33468687467618313,0,VOLATILE,1.0,154773436990652.56,16016905088645.064,2025-09-08,648.83,0.018618128015042368,0.035109350677372975
2434,-1,-0.022308836552981298,1,0.3333469551769337,3,2,-1.0,0.22667383180556402,0.22667383180556402,1,0,0.01405255884020623,0.08598452681335915,0.11667902855118845,0.3333469551769337,0,VOLATILE,1.0,154934613924785.12,161191807869.18567,2025-09-09,650.33,0.014869374010117786,0.028893023541894047
2435,-1,-0.00941801836551917,0,0.3335251608989961,3,0,-1.0,0.209677050255184,0.209677050255184,1,0,0.013846670485464346,0.0225861386457227,0.09547760304372901,0.3335251608989961,0,VOLATILE,1.0,152664619319797.22,2269959413384.228,2025-09-10,652.21,0.010686742000275862,0.032044893515892126
2436,1,0.026752384507181953,1,0.3339367228338625,3,2,-1.0,0.2194326532119859,0.2194326532119859,1,0,0.014494279671079111,0.05883071199926497,0.10777499722344802,0.3339367228338625,0,VOLATILE,1.0,159804748052814.2,7140108732189.1455,2025-09-11,657.63,0.00704043307026736,0.020573878928880962
2437,-1,-0.01608562360698748,1,0.3334653199963966,3,2,-1.0,0.21310263256180034,0.21310263256180034,1,0,0.014352619533786685,0.03488124257026211,0.0997446207013496,0.3334653199963966,0,VOLATILE,1.0,158242893096040.22,1561842101402.841,2025-09-12,657.41,0.009567849591579192,-0.006677720144202204
2438,-1,0.004578995385289164,0,0.33346169626408484,3,0,-1.0,0.21135160729690394,0.21135160729690394,1,0,0.014214849456572727,0.028449950104880647,0.09755493318715112,0.33346169626408484,0,VOLATILE,1.0,156723927478016.22,1518961271193.3591,2025-09-15,660.91,0.008972477341846918,0.003222829129533533
2439,0,0.0017288896595150094,0,0.3333828759229443,3,1,-1.0,0.21132947169152255,0.21132947169152255,1,0,0.014268022713997654,0.028254653071420045,0.09750755859513922,0.3333828759229443,0,VOLATILE,1.0,157310182138390.47,586253947717.9585,2025-09-16,660.0,0.004863636363636514,0.00337878787878787
2440,1,0.016550982500588562,0,0.3355674829218492,3,1,-1.0,0.22785831858672972,0.22785831858672972,1,0,0.011870151905984342,0.09427415498563904,0.11871476896387445,0.3355674829218492,0,VOLATILE,1.0,130872777242557.08,26437435474082.03,2025-09-17,659.18,0.0029127097302710236,0.009087047543918203
2441,1,0.004569541204367589,0,0.337932259333783,3,0,-1.0,0.24895670668630449,0.24895670668630449,1,0,0.01680610281735099,0.17023074175662817,0.14567894819132637,0.337932259333783,0,VOLATILE,1.0,185293445926486.22,54420621614568.266,2025-09-18,662.26,-0.0063570199015492435,-0.0024461691782683426
2442,-1,-0.05057542251105246,1,0.3335969032254673,3,2,-1.0,0.21947967227482681,0.21947967227482681,1,0,0.017088982084658953,0.05615746636504212,0.10774881614990035,0.3335969032254673,0,VOLATILE,1.0,188412293573100.44,3118910234131.4897,2025-09-19,663.7,-0.002832605092662366,0.001039626337200561
2443,1,0.03733942637610685,1,0.33532466221027274,3,2,-1.0,0.227342064239456,0.227342064239456,1,0,0.019226241632353258,0.08479999592331139,0.11800874585188821,0.33532466221027274,0,VOLATILE,1.0,211976363764477.7,23564057197590.723,2025-09-22,666.84,-0.004738767920340781,0.0066882610521263874
2444,1,0.0034806757587416137,0,0.33396904529034066,3,0,-1.0,0.23868513196282679,0.23868513196282679,1,0,0.018543945472997023,0.12700208335535895,0.13184867627611865,0.33396904529034066,0,VOLATILE,1.0,204453798427140.8,7522591114701.719,2025-09-23,663.21,0.004478219568462283,0.012183169735076271
2445,-1,-0.026826198006056984,1,0.3347555237399256,3,2,-1.0,0.2232020016801406,0.2232020016801406,1,0,0.017017530624130448,0.07105661848134098,0.11269138303515713,0.3347555237399256,0,VOLATILE,1.0,187624515021362.8,16829252302268.4,2025-09-24,661.1,0.011117833913175001,0.010134624111329593
2446,1,0.020413372057240836,1,0.33519666379492696,3,2,-1.0,0.22813224345469524,0.22813224345469524,1,0,0.015017651676173667,0.09187575912512871,0.11896447026710079,0.33519666379492696,0,VOLATILE,1.0,165575116316020.53,22049409358483.277,2025-09-25,658.05,0.016974394043006047,0.020834283109186336
2447,1,0.001419686250924923,0,0.3353070109247938,3,0,-1.0,0.2344821714801748,0.2344821714801748,1,0,0.012899339458191795,0.11788906178605904,0.12692946708141695,0.3353070109247938,0,VOLATILE,1.0,142219947382220.84,23355183663212.023,2025-09-26,661.82,0.011166178114895287,0.023314496388746164
2448,-1,-0.015694103495407424,1,0.33401386612850054,3,2,-1.0,0.22513799601024695,0.22513799601024695,1,0,0.012168933879738117,0.08260895075506342,0.11492596154493384,0.33401386612850054,0,VOLATILE,1.0,134166958058849.4,8052971006377.924,2025-09-29,663.68,0.011948529411764719,0.03248553519768582
2449,-1,-0.0062162970358333736,0,0.3333507821794764,3,0,-1.0,0.20957752350448572,0.20957752350448572,1,0,0.012187658480078021,0.023741141296350583,0.09530959992547619,0.3333507821794764,0,VOLATILE,1.0,134373403643425.67,206478002357.6277,2025-09-30,666.18,0.004413221651805799,0.031342880302621
2450,1,0.028776001693079034,1,0.3336252552025476,3,2,-1.0,0.22279305269180352,0.22279305269180352,1,0,0.012500975510383185,0.07319191348579072,0.1118976296653913,0.3336252552025476,0,VOLATILE,1.0,137827838787828.05,3454408612787.9795,2025-10-01,668.45,0.006971351634377898,0.028334205998952644
2451,-1,-0.02439863877143228,1,0.3334000519313919,3,2,-1.0,0.21160994310768905,0.21160994310768905,1,0,0.012429365461929336,0.03115796014044843,0.09786244186745925,0.3334000519313919,0,VOLATILE,1.0,137038311746063.38,789503370840.2794,2025-10-02,669.22,0.0028988972236334565,0.01585427811482032
2452,1,0.025155879935599257,1,0.33439111965533014,3,2,-1.0,0.22558271345917383,0.22558271345917383,1,0,0.013564671627664717,0.08316384358573482,0.11557617173779984,0.33439111965533014,0,VOLATILE,1.0,149555478510835.88,12517137517069.506,2025-10-03,669.21,-0.0241927048310695,0.01920174534152186
2453,0,-0.014653435179207502,0,0.33362066788094286,3,1,-1.0,0.2249020486314511,0.2249020486314511,1,0,0.013256280329705087,0.08034190294894371,0.11453272775954959,0.33362066788094286,0,VOLATILE,1.0,146155351371682.22,3400125309849.282,2025-10-06,671.61,-0.012760381769181595,0.017465493366686013
2454,1,0.0038170706435730895,0,0.33448850237828115,3,1,-1.0,0.22803845444730148,0.22803845444730148,1,0,0.014496103562439633,0.09151447739865175,0.11867019365369712,0.33448850237828115,0,VOLATILE,1.0,159824857123837.94,13669499680973.436,2025-10-07,669.12,-0.010297106647537024,0.009146341463414531
2455,-1,-0.0047889294206106825,1,0.33362178045107305,3,2,-1.0,0.22638593084254116,0.22638593084254116,1,0,0.014186518053786035,0.084977057944048,0.11638785866594467,0.33362178045107305,0,VOLATILE,1.0,156411563373897.0,3413290722397.3154,2025-10-08,673.11,-0.011795991739834588,0.006640816508445946
2456,-1,-0.006953051029045865,0,0.3340980850191295,3,0,-1.0,0.21778035620873498,0.21778035620873498,1,0,0.015007311026350336,0.05224258852075313,0.10574996651570115,0.3340980850191295,0,VOLATILE,1.0,165461106860068.25,9049561162268.723,2025-10-09,671.16,-0.015674354848322247,-0.001266464032421477
2457,1,0.04549788173534486,1,0.33350308818845475,3,2,-1.0,0.25467266331027366,0.25467266331027366,1,0,0.01518951178469902,0.18996029177016824,0.15171660118495575,0.33350308818845475,0,VOLATILE,1.0,167469937029189.4,2008765685052.5093,2025-10-10,653.02,0.017411411595356974,0.027487672659336715
2458,1,0.046222471324857795,0,0.3625847753926631,3,0,-1.0,0.33778744173667014,0.33778744173667014,1,0,0.04658458734560865,0.49205690071140173,0.26288049601900343,0.3625847753926631,0,VOLATILE,1.0,513612156854088.2,346142047042200.3,2025-10-13,663.04,0.012457770270270174,0.02775096525096532
2459,-1,-0.12669338302577748,1,0.334273285980001,3,2,-1.0,0.2942088371372891,0.2942088371372891,1,0,0.04557574387424931,0.3084123598755857,0.20132936791661166,0.334273285980001,0,VOLATILE,1.0,502489287665425.5,11122772428804.291,2025-10-14,662.23,0.013681047370248889,0.03136372559382683
2460,-1,-0.02645074204915948,0,0.334458494952457,3,0,-1.0,0.22417949048874863,0.22417949048874863,1,0,0.04436811462729661,0.0471488459198535,0.11383898684905003,0.334458494952457,0,VOLATILE,1.0,489174732411220.3,13314411826495.54,2025-10-15,665.17,0.003953876452636118,0.027376460153043736
2461,1,0.07914080016508779,1,0.3353606258055194,3,2,-1.0,0.23329094400529593,0.23329094400529593,1,0,0.04219225874914141,0.08416925062485796,0.1254538364579998,0.3353606258055194,0,VOLATILE,1.0,465185123524231.1,23989626386707.324,2025-10-16,660.64,0.01683216275127153,0.017255994187454604
2462,1,0.0043002128699606845,0,0.3368220091773542,3,0,-1.0,0.2467026103918039,0.2467026103918039,1,0,0.0459365959740841,0.13181469987819625,0.14258376528409344,0.3368220091773542,0,VOLATILE,1.0,506467814381278.1,41282662087796.336,2025-10-17,664.39,0.019356101085205912,0.011348756001746008
2463,-1,-0.03030460309140448,1,0.33353820189257505,3,2,-1.0,0.22980967368690744,0.22980967368690744,1,0,0.04571671089654372,0.06622321684879032,0.12064664258177801,0.33353820189257505,0,VOLATILE,1.0,504043500775199.0,2424277829677.0576,2025-10-20,671.3,0.020765678534187426,-0.008386712349173209
2464,1,0.03237034025368388,1,0.3344848965661434,3,2,-1.0,0.24528707723569484,0.24528707723569484,1,0,0.04695266640459511,0.12373754565386808,0.1402300706861544,0.3344848965661434,0,VOLATILE,1.0,517670363444527.9,13626830906146.084,2025-10-21,671.29,0.023492082408496984,-0.016699191109654454
2465,-1,-0.030690541488757134,1,0.3355588436746889,3,2,-1.0,0.2300739392957251,0.2300739392957251,1,0,0.04934126446203325,0.06510514065295243,0.12148213503832855,0.3355588436746889,0,VOLATILE,1.0,544005532865191.0,26335204387802.477,2025-10-22,667.8,0.029335130278526522,-0.007741838873914331
2466,1,0.029281861467236797,1,0.33382647322302866,3,2,-1.0,0.24414266282299213,0.24414266282299213,1,0,0.04881198885704819,0.11709285164644383,0.13863494683449734,0.33382647322302866,0,VOLATILE,1.0,538170075248493.8,5835488402626.541,2025-10-23,671.76,0.012013219006788312,-0.028626295105394828
2467,-1,-0.02619953387222071,1,0.3335559185445066,3,2,-1.0,0.2320118524780385,0.2320118524780385,1,0,0.04905088340146234,0.07116050229956199,0.12340379523367477,0.3335559185445066,0,VOLATILE,1.0,540803975197138.4,2633924867040.155,2025-10-24,677.25,0.007102251753414501,-0.026902916205241878
2468,-1,0.007279812076856268,0,0.33361645474899115,3,0,-1.0,0.22716085420994112,0.22716085420994112,1,0,0.048747013229444774,0.05331853111957775,0.11735518144967416,0.33361645474899115,0,VOLATILE,1.0,537453695129276.5,3350269917582.946,2025-10-27,685.24,-0.0027727511528806703,-0.02409374817582155
2469,-1,0.0007127378863601153,0,0.33416567188187135,3,0,-1.0,0.22302259382820386,0.22302259382820386,1,0,0.04964034686631118,0.03731863390085671,0.11231966025572263,0.33416567188187135,0,VOLATILE,1.0,547303026038172.3,9849338998013.516,2025-10-28,687.06,-0.01720373766483263,-0.017523942595988662
2470,1,0.009054562974828734,1,0.33400418889326183,3,2,-1.0,0.22793889642129533,0.22793889642129533,1,0,0.05036036495660415,0.05491363829319978,0.11842466774993463,0.33400418889326183,0,VOLATILE,1.0,555241489495747.5,7938457061785.516,2025-10-29,687.39,-0.01427137432898351,-0.011216340068956554
2471,1,0.008091606613675334,0,0.33355000709204513,3,0,-1.0,0.24094680562806214,0.24094680562806214,1,0,0.05059291977368057,0.1031201066505863,0.13457100880808895,0.33355000709204513,0,VOLATILE,1.0,557805491625878.8,2563972683080.64,2025-10-30,679.83,-0.014003500875218955,0.005236603268464091
2472,-1,-0.026975177806396078,1,0.3351640425933491,3,2,-1.0,0.22697953702843288,0.22697953702843288,1,0,0.04862804913860018,0.05391824666303483,0.11751543193387833,0.3351640425933491,0,VOLATILE,1.0,536142072406645.7,21663391825800.824,2025-10-31,682.06,-0.016259566607043197,-0.002624402545230553
2473,1,0.026383983272844524,1,0.3333568260137352,3,2,-1.0,0.23939625170164813,0.23939625170164813,1,0,0.04865326547254696,0.09910029791893485,0.13258452113049393,0.3333568260137352,0,VOLATILE,1.0,536420091734589.4,277996704173.361,2025-11-03,683.34,-0.002780460678432406,-0.002648754646296214
2474,1,0.0006693710779911433,0,0.3338605560625301,3,0,-1.0,0.25248233745285453,0.25248233745285453,1,0,0.04808740921912748,0.14911677327597467,0.1490680608317007,0.3338605560625301,0,VOLATILE,1.0,530181319055720.7,6238801983205.158,2025-11-04,675.24,0.011492210177122208,0.012810260055683864
2475,-1,-0.030322916300499936,1,0.3335580508021288,3,2,-1.0,0.235245506903561,0.235245506903561,1,0,0.04784622076516885,0.08449296822478158,0.12744639632998347,0.3335580508021288,0,VOLATILE,1.0,527522127913230.7,2659156580972.752,2025-11-05,677.58,0.008559874848726334,0.010050473744797506
2476,-1,0.0036248830366750473,0,0.3347601937712103,3,0,-1.0,0.2216335593909425,0.2216335593909425,1,0,0.04631479397442436,0.035881199070017855,0.11073199768148073,0.3347601937712103,0,VOLATILE,1.0,510637586010498.7,16884514336370.898,2025-11-06,670.31,0.00258089540660289,0.0229446077188169
2477,-1,0.011692445924012362,0,0.3341029429570256,3,0,-1.0,0.21971405780233638,0.21971405780233638,1,0,0.04548878517563756,0.029016138800893095,0.10816830799217687,0.3341029429570256,0,VOLATILE,1.0,501530536127715.1,9107046757828.162,2025-11-07,670.97,0.0014307644156965615,0.018868205731999987
2478,1,0.010226065886892927,1,0.35835642150111724,3,2,-1.0,0.22802062210062318,0.22802062210062318,1,0,0.01863194703694648,0.10521270196622833,0.12461488300105826,0.35835642150111724,0,VOLATILE,1.0,205424047937591.28,296106528496826.0,2025-11-10,681.44,-0.023142169523362455,0.002347969006808892
2479,-1,-0.014796538368443662,1,0.33334620379023705,3,2,-1.0,0.22153064803046632,0.22153064803046632,1,0,0.018645758563183904,0.062103824393742624,0.11024986098564217,0.33334620379023705,0,VOLATILE,1.0,205576325078689.94,152300399070.34766,2025-11-11,683.0,-0.03355783308931182,0.0066910688140557895
2480,1,0.008100414902572128,1,0.33419190015799227,3,2,-1.0,0.2231410888628816,0.2231410888628816,1,0,0.01956724369335995,0.06785576466094018,0.11247433611810004,0.33419190015799227,0,VOLATILE,1.0,215736036523752.34,10159706916575.0,2025-11-12,683.38,-0.030363780034534216,0.008472592115660316
2481,1,0.002757051038795477,0,0.3339944833123531,3,0,-1.0,0.22750858073409233,0.22750858073409233,1,0,0.02027684473718607,0.08337619549992499,0.11788434674570368,0.3339944833123531,0,VOLATILE,1.0,223559648224367.8,7823607693447.825,2025-11-13,672.04,-0.029031010058925055,0.014463424796143043
2482,1,0.015904289804242883,0,0.33523265422783705,3,0,-1.0,0.24778036240954596,0.24778036240954596,1,0,0.018238341253883968,0.16236250845279104,0.14353361656889166,0.33523265422783705,0,VOLATILE,1.0,201084399854220.72,22475296126601.07,2025-11-14,671.93,-0.019198428407721013,0.013096602324647044
2483,-1,-0.05940530157046778,1,0.33339605339436623,3,2,-1.0,0.2086468425145318,0.2086468425145318,1,0,0.01830565015174466,0.014167049323524361,0.09415756649175633,0.33339605339436623,0,VOLATILE,1.0,201826505133574.7,742187351738.7084,2025-11-17,665.67,0.004596872324124757,0.019829645319753064
2484,1,0.0544380807762091,1,0.33345841066380183,3,2,-1.0,0.22395140339572675,0.22395140339572675,1,0,0.018171409563439628,0.07174016116838713,0.11330385691060892,0.33345841066380183,0,VOLATILE,1.0,200346453424944.28,1480081669790.148,2025-11-18,660.08,0.022633620167252344,0.01714943643194755
2485,1,-0.0006582576806248019,0,0.3368682741287914,3,0,-1.0,0.2385977065962969,0.2385977065962969,1,0,0.02196540235144007,0.12542720298126672,0.13246420177756893,0.3368682741287914,0,VOLATILE,1.0,242176615072119.5,41830130652399.07,2025-11-19,662.63,0.025730799993963327,0.020886467561082478
2486,1,0.00982493536802706,0,0.33424754354807745,3,0,-1.0,0.2630689451648941,0.2630689451648941,1,0,0.022946611985382327,0.21424759004402869,0.162398067343137,0.33424754354807745,0,VOLATILE,1.0,252994811070642.16,10818153666290.768,2025-11-20,652.53,0.04729284477342044,0.04300185432087433
2487,1,0.010511870759477987,0,0.36081476459055833,3,0,-1.0,0.2980520544929693,0.2980520544929693,1,0,0.05244195688161736,0.3358643209099362,0.21276875926385114,0.36081476459055833,0,VOLATILE,1.0,578191803735181.8,325196920265726.3,2025-11-21,659.03,0.0322291853178156,0.039148445442544366
2488,-1,-0.09473418558248303,1,0.33861309186021255,3,2,-1.0,0.23830097823856145,0.23830097823856145,1,0,0.058108616529891646,0.08947987075987333,0.13252949576325498,0.33861309186021255,0,VOLATILE,1.0,640668804175597.6,62477139440706.12,2025-11-24,668.73,0.019140759349812297,0.028756000179444685
2489,1,0.07845852875020881,1,0.335694130299605,3,2,-1.0,0.2570084307343624,0.2570084307343624,1,0,0.055574818543504746,0.1599773944350582,0.1551840709928543,0.335694130299605,0,VOLATILE,1.0,612732752297198.9,27936096035841.37,2025-11-25,675.02,0.013140351396995653,0.02275488133684922
2490,-1,-0.056590184483274186,1,0.33623106090174515,3,2,-1.0,0.2191256987468892,0.2191256987468892,1,0,0.052464731348879995,0.021429934628263394,0.1079648886590478,0.33623106090174515,0,VOLATILE,1.0,578442900587563.0,34289774509792.86,2025-11-26,679.68,0.006929731638418035,0.015639712806026385
2491,1,0.04394682467763614,1,0.33454835979092956,3,2,-1.0,0.22518979143705212,0.22518979143705212,1,0,0.05376879904825284,0.04160418868388983,0.11512432924404756,0.33454835979092956,0,VOLATILE,1.0,592820725141197.8,14377812361857.756,2025-11-28,683.39,0.003365574562109508,0.006526288063916752
2492,1,0.011683099073249825,0,0.3391773466876202,3,0,-1.0,0.24293698320046486,0.24293698320046486,1,0,0.0600410792602441,0.1053556177572144,0.13846556567248616,0.3391773466876202,0,VOLATILE,1.0,661974914362061.0,69154154564137.805,2025-12-01,680.27,0.004939215311567491,0.009907830714275256
2493,-1,-0.0336063476429502,1,0.3361329171588556,3,2,-1.0,0.22707782732092738,0.22707782732092738,1,0,0.06304582031093994,0.04059572001167941,0.11788051344087311,0.3361329171588556,0,VOLATILE,1.0,695103286207162.0,33128406943733.723,2025-12-02,681.53,0.0022156031282556388,0.0005722418675626617
2494,-1,0.00974933231902933,0,0.334586581172899,3,0,-1.0,0.22096800376041922,0.22096800376041922,1,0,0.061700730198684384,0.01786921978256196,0.10985664999374878,0.334586581172899,0,VOLATILE,1.0,680273174509632.8,14830098692523.041,2025-12-03,683.89,0.005380982321718575,-0.001052800889031924
2495,1,0.009852250807818402,1,0.3365945061157191,3,2,-1.0,0.22471043100772947,0.22471043100772947,1,0,0.06520089039670367,0.029909105469071297,0.11503666528859165,0.3365945061157191,0,VOLATILE,1.0,718863724111420.2,38590542659871.82,2025-12-04,684.39,0.006984321804818894,0.0048656467803445125
2496,1,-0.0022269495585081622,0,0.3351213232782351,3,0,-1.0,0.22622590869653156,0.22622590869653156,1,0,0.06711990875580517,0.03256824131486452,0.11656271669022322,0.3351213232782351,0,VOLATILE,1.0,740021605175137.2,21157879955589.125,2025-12-05,685.69,-0.005731452988960162,0.00892531610494518
2497,1,0.019444908091943713,0,0.33346119989281264,3,0,-1.0,0.24718629447727736,0.24718629447727736,1,0,0.06725714943626859,0.10978735477313109,0.14234816806979989,0.33346119989281264,0,VOLATILE,1.0,741534733999870.2,1513087544765.9294,2025-12-08,683.63,-0.004242060763863464,0.008703538463789018
2498,-1,-0.025150124828604653,1,0.33546416128345513,3,2,-1.0,0.2429965554294185,0.2429965554294185,1,0,0.06954412903879335,0.09329107478411734,0.1376117346076369,0.33546416128345513,0,VOLATILE,1.0,766749522694242.5,25214796147619.145,2025-12-09,683.04,-0.0061050597329584955,0.00947235886624509
2499,-1,-0.005487408820148143,0,0.3355294071454698,3,0,-1.0,0.2333194075614115,0.2333194075614115,1,0,0.07190113440415781,0.05469369931023772,0.12553161123813183,0.3355294071454698,0,VOLATILE,1.0,792736371100566.6,25986872142812.707,2025-12-10,687.57,-0.023517605480169346,0.009453582907922087
2500,1,0.020836084289966195,1,0.33554954731027514,3,2,-1.0,0.2444783439833707,0.2444783439833707,1,0,0.069522513236237,0.09893343718410953,0.13948531680678217,0.33554954731027514,0,VOLATILE,1.0,766511200545100.4,26225197414412.617,2025-12-11,689.17,-0.018427964072725067,0.008691614550836446
2501,-1,-0.022971855567842148,1,0.3351782399246734,3,2,-1.0,0.23266542483748776,0.23266542483748776,1,0,0.06754240486887482,0.05633661821520936,0.12462634102802805,0.3351782399246734,0,VOLATILE,1.0,744679779740176.6,21831393571395.273,2025-12-12,681.76,-0.0017161464444965802,0.017616169913165836
2502,1,0.03499225623498198,1,0.3353075360242758,3,2,-1.0,0.2558447619265868,0.2558447619265868,1,0,0.069661286477656,0.1412372227652513,0.15363283641430242,0.3353075360242758,0,VOLATILE,1.0,768041226416319.6,23361397340105.188,2025-12-15,680.73,0.006022945955077574,0.014146577938389582
2503,0,-0.022717070242161186,0,0.33381817864601426,3,1,-1.0,0.2563070287735246,0.2563070287735246,1,0,0.06914091046780159,0.1423740814174263,0.1538383306284093,0.33381817864601426,0,VOLATILE,1.0,762303890099190.1,5737335912868.936,2025-12-16,678.87,0.013389897918600013,0.01969449231811682
2504,-1,-0.0017690254228557856,0,0.3390118712740562,3,1,-1.0,0.2550002701976067,0.2550002701976067,1,0,0.07523558548829065,0.13527433120827642,0.15350330556552233,0.3390118712740562,0,VOLATILE,1.0,829499916960490.8,67196028934980.1,2025-12-17,671.4,0.02826928805481077,0.03017575215966639
2505,-1,-0.023902008048648227,0,0.3342064983659467,3,0,-1.0,0.2297915035730405,0.2297915035730405,1,0,0.07429842796029898,0.03807458421306296,0.12079100405778731,0.3342064983659467,0,VOLATILE,1.0,819167411582846.2,10332452368721.82,2025-12-18,676.47,0.020459148225346224,0.0016408709920616715
2506,-1,0.01786722822222883,0,0.335191918104064,3,0,-1.0,0.22244996517070317,0.22244996517070317,1,0,0.07629321297598127,0.009288094992203677,0.11186043598939498,0.335191918104064,0,VOLATILE,1.0,841160647817048.4,21993252019416.066,2025-12-19,680.59,0.010667215210332204,0.007067397405192466
2507,1,0.010507331885076965,1,0.35926181640211213,3,2,-1.0,0.2256157586534428,0.2256157586534428,1,0,0.04846462933834227,0.06704082791365253,0.12183515241733159,0.35926181640211213,0,VOLATILE,1.0,534340309186969.1,306820367622305.4,2025-12-22,684.83,0.0031832717608748506,0.006059898076894887
2508,1,0.011663679738586702,0,0.34020371113980524,3,0,-1.0,0.24044523187476913,0.24044523187476913,1,0,0.04109077595855367,0.11573162692668455,0.13560746762841275,0.34020371113980524,0,VOLATILE,1.0,453040871872622.2,81299466640380.11,2025-12-23,687.96,-0.008779580208151727,0.0018460375603233103
2509,-1,-0.03108833031284136,1,0.3343117471893741,3,2,-1.0,0.22418637478325407,0.22418637478325407,1,0,0.04214088695118742,0.04929182887804597,0.11381090527641112,0.3343117471893741,0,VOLATILE,1.0,464618730615072.8,11577896716937.996,2025-12-24,690.38,-0.010443523856426995,0.003403922477476229
2510,1,0.029641411152807995,1,0.33979603701177036,3,2,-1.0,0.237568928844547,0.237568928844547,1,0,0.04907719599696381,0.09665331492891518,0.1319101703086263,0.33979603701177036,0,VOLATILE,1.0,541094081210693.4,76475323033445.67,2025-12-26,690.31,-0.0037519375353101125,0.007503875070620447
2511,-1,-0.026212140772233855,1,0.33847100224148996,3,2,-1.0,0.22473934213360608,0.22473934213360608,1,0,0.054591363052729554,0.042034421629410706,0.11554192822738008,0.33847100224148996,0,VOLATILE,1.0,601889794903595.2,60795745703319.945,2025-12-29,687.85,0.005757069128443648,0.01100530638947439
2512,1,0.02973206316830429,1,0.33564842963735714,3,2,-1.0,0.24164181859096945,0.24164181859096945,1,0,0.052106614077264295,0.1057865278668891,0.1359643806480511,0.33564842963735714,0,VOLATILE,1.0,574494526355617.0,27395304892978.316,2025-12-30,687.01,0.0037408480225906704,0.01023274770381799
2513,1,-0.015303167427724335,0,0.3359688645437315,3,0,-1.0,0.24324112762060848,0.24324112762060848,1,0,0.05493528356046775,0.10919559342461271,0.13804362566169348,0.3359688645437315,0,VOLATILE,1.0,605681644608204.0,31187117761938.08,2025-12-31,681.92,0.01113033786954487,0.014737799155326137
2514,-1,-0.011221106606229436,1,0.33406839874356575,3,2,-1.0,0.23361933004401808,0.23361933004401808,1,0,0.054146349016288925,0.07247743770645318,0.12554126224091403,0.33406839874356575,0,VOLATILE,1.0,596983351976648.0,8698273585681.649,2026-01-02,683.17,0.015955033154266385,0.017916477597084146
2515,1,0.013724089388950172,1,0.3344461426631669,3,2,-1.0,0.23772162185637785,0.23772162185637785,1,0,0.052951991106271815,0.0893386978525203,0.13076356298626401,0.3344461426631669,0,VOLATILE,1.0,583815118078415.2,13168243077212.627,2026-01-05,687.72,0.010818356307799704,0.002631885069504847
2516,-1,-0.012466297786363323,1,0.33430171032288064,3,2,-1.0,0.2293576158823743,0.2293576158823743,1,0,0.051912647641083894,0.05890469465998018,0.12027244743368802,0.33430171032288064,0,VOLATILE,1.0,572355975274230.0,11459127136043.424,2026-01-06,691.81,0.0028331478296064194,-0.0081236177563202
2517,-1,-0.0011934956349692605,0,0.3336870867807122,3,0,-1.0,0.2198001142734015,0.2198001142734015,1,0,0.05229232314298211,0.022223420467807713,0.10817191453692993,0.3336870867807122,0,VOLATILE,1.0,576542036899888.8,4186082251110.959,2026-01-07,689.58,0.001131123292438918,-0.01734389048406282
2518,1,0.014803356654943145,1,0.3356225577621445,3,2,-1.0,0.22504596931937182,0.22504596931937182,1,0,0.049835339841801406,0.04580396342745135,0.11521310108975091,0.3356225577621445,0,VOLATILE,1.0,549452895091855.6,27089154384953.84,2026-01-08,689.51,0.003959333439689017,0.0016098388710823475
2519,1,0.0021944765140671507,0,0.33421161138804717,3,0,-1.0,0.2324863008794093,0.2324863008794093,1,0,0.04889270076944931,0.07358963606937105,0.12416077894627345,0.33421161138804717,0,VOLATILE,1.0,539059953677696.3,10392956460549.254,2026-01-09,694.07,-0.003472272249196884,-0.00017289322402636031
2520,1,-0.003004134209678211,0,0.3334985677040287,3,0,-1.0,0.23692249822976857,0.23692249822976857,1,0,0.04871535844343073,0.08986793569622312,0.12952776471321795,0.3334985677040287,0,VOLATILE,1.0,537104689506476.6,1955273288688.3164,2026-01-12,695.16,-0.025289142068013026,-0.004373093963979446
2521,-1,-0.005265123848425257,1,0.33400945547563127,3,2,-1.0,0.2360935717317026,0.2360935717317026,1,0,0.04944102832729135,0.08641695727331682,0.12861932853353605,0.33400945547563127,0,VOLATILE,1.0,545105466060502.4,8000778283370.946,2026-01-13,693.77,-0.012064517058967716,-0.0026089337965030657
2522,-1,-0.01604588814455621,0,0.33877653108223404,3,0,-1.0,0.2192187570890804,0.2192187570890804,1,0,0.04359893687522881,0.03255380052049821,0.10871757913190899,0.33877653108223404,0,VOLATILE,1.0,480694265656995.4,64411170137817.305,2026-01-14,690.36,-0.001998957065878715,-0.0131670432817661
2523,1,0.03389545821079193,1,0.3338646965006276,3,2,-1.0,0.23623940065725013,0.23623940065725013,1,0,0.04416924265573229,0.09212703218442633,0.12876542494671955,0.3338646965006276,0,VOLATILE,1.0,486982096003492.2,6287797164906.292,2026-01-15,692.24,-0.00434820293539806,-0.015153703917716421
2524,-1,-0.028861223688274124,1,0.34246897989936054,3,2,-1.0,0.22439882053714574,0.22439882053714574,1,0,0.034364112059538134,0.06398319987927889,0.11611577064627233,0.34246897989936054,0,VOLATILE,1.0,378876935891517.5,108105145619995.72,2026-01-16,691.66,0.0015470028626782817,-0.012737472168406372
2525,0,0.011632792714071027,0,0.33899342164265495,3,1,-1.0,0.22419103313111238,0.22419103313111238,1,0,0.02828923826993097,0.06667220220373163,0.11498714682455419,0.33899342164265495,0,VOLATILE,1.0,311899224861291.4,66977708307660.09,2026-01-20,677.58,0.026432303196670448,0.012854570678000998
2526,1,0.007650456740456835,0,0.33426956429973737,3,1,-1.0,0.23163370246553586,0.23163370246553586,1,0,0.029294080012436965,0.09003447745812543,0.12310951915685413,0.33426956429973737,0,VOLATILE,1.0,322977973522015.0,11078732547889.613,2026-01-21,685.4,0.014619200466880589,-0.0013422818791946067
2527,1,0.012386450233227153,0,0.3419728871893825,3,0,-1.0,0.2514628220331865,0.2514628220331865,1,0,0.03856676483649931,0.16089848317998687,0.14982174933882872,0.3419728871893825,0,VOLATILE,1.0,425212723762080.9,102234715512439.78,2026-01-22,688.98,0.007344189961972614,0.0006531394234954302
2528,1,-0.01832430941742122,0,0.33339814402047535,3,0,-1.0,0.2529676321834159,0.2529676321834159,1,0,0.038497205046768006,0.16018002365639822,0.14955907623438874,0.33339814402047535,0,VOLATILE,1.0,424445801574509.3,766926426124.5651,2026-01-23,689.23,0.003975450865458585,-0.00992411821888195
2529,-1,-0.03175458964827471,1,0.33349197447135814,3,2,-1.0,0.2227178526853706,0.2227178526853706,1,0,0.03866746618504805,0.04664346223861026,0.11177030947455277,0.33349197447135814,0,VOLATILE,1.0,426322993054422.44,1877253372658.7756,2026-01-26,692.73,0.003868751172895646,-0.007766373623200984
2530,-1,0.01809968213647528,0,0.3377786646677856,3,0,-1.0,0.21056775532380057,0.21056775532380057,1,0,0.03389636814081537,0.009066712824275966,0.09765436032169711,0.3377786646677856,0,VOLATILE,1.0,373719887677947.1,52603084824578.34,2026-01-27,695.49,-0.008569497764166378,-0.0033645343570720687
2531,1,0.016819885768780546,1,0.33653709909969065,3,2,-1.0,0.2152375437310111,0.2152375437310111,1,0,0.030457823480673878,0.029085789835385678,0.10318120443868652,0.33653709909969065,0,VOLATILE,1.0,335808671974093.5,37911226337538.6,2026-01-28,695.42,-0.013272554715135998,-0.0088004371458974
2532,1,0.007241179172558981,0,0.3335009270716513,3,0,-1.0,0.2271485113107806,0.2271485113107806,1,0,0.03063770078017797,0.07129491193898783,0.1173108709063886,0.3335009270716513,0,VOLATILE,1.0,337791885157500.5,1983192470825.115,2026-01-29,694.04,-0.023658578756267645,-0.011598755114978876
2533,1,0.001309075335284765,0,0.3354856225457047,3,0,-1.0,0.24036855422583486,0.24036855422583486,1,0,0.02832768940439139,0.12466860585176805,0.1343320984187198,0.3354856225457047,0,VOLATILE,1.0,312323162717758.5,25468754404860.477,2026-01-30,691.97,-0.0019509516308511277,-0.008078384901079594
2534,-1,-0.02938955117594469,1,0.33535870543562374,3,2,-1.0,0.22419904596494442,0.22419904596494442,1,0,0.03050148241157541,0.061763969033683905,0.11408848381508643,0.33535870543562374,0,VOLATILE,1.0,336290027695888.75,23966902010746.1,2026-02-02,695.41,-0.002099480881781912,-0.02168504910772051
2535,1,0.036672863270608064,1,0.3337219442265068,3,2,-1.0,0.24470240097466203,0.24470240097466203,1,0,0.03008439700548375,0.13784106481937888,0.1393084872749542,0.3337219442265068,0,VOLATILE,1.0,331691508159248.6,4598562005700.181,2026-02-03,689.53,0.0037561817469871084,-0.006381158180209678
2536,-1,-0.027761393244652238,1,0.3362198711789606,3,2,-1.0,0.23744436273972744,0.23744436273972744,1,0,0.03318246621504418,0.1093987974431542,0.13086042121939945,0.3362198711789606,0,VOLATILE,1.0,365848857176864.6,34157362796804.305,2026-02-04,686.19,0.008408749763185064,-0.007111732901966095
2537,-1,-0.01408560474805462,0,0.33485752254668444,3,0,-1.0,0.21610071975673822,0.21610071975673822,1,0,0.03481834758975048,0.026702493408031203,0.10384028033259389,0.33485752254668444,0,VOLATILE,1.0,383885049168582.1,18036238121830.45,2026-02-05,677.62,0.00538649980815209,-0.007732947669785384
2538,1,0.036057264407653666,1,0.33671719948608614,3,2,-1.0,0.23081434118140268,0.23081434118140268,1,0,0.03845019429462966,0.07964148475019488,0.12269722634827485,0.33671719948608614,0,VOLATILE,1.0,423927490794551.6,40042414136539.83,2026-02-06,690.62,-0.01284353189887344,-0.017882482407112432
2539,-1,-0.019252037540135852,1,0.3352585185526875,3,2,-1.0,0.22627592506593128,0.22627592506593128,1,0,0.036383926066706436,0.0635946818450515,0.11665953597058598,0.3352585185526875,0,VOLATILE,1.0,401146125934339.7,22781357288677.883,2026-02-09,693.95,-0.015995388716766423,-0.02416600619641196
2540,-1,-0.0011155874810178934,0,0.3338139032408934,3,0,-1.0,0.22062192146944198,0.22062192146944198,1,0,0.036899712239687535,0.04079292070138998,0.10923087764702583,0.3338139032408934,0,VOLATILE,1.0,406832857616965.9,5686743621471.336,2026-02-10,692.12,-0.008423394787031246,-0.02281396289660742
2541,1,0.009015104937729945,1,0.3335522251061078,3,2,-1.0,0.22398302281068264,0.22398302281068264,1,0,0.03666478015296475,0.05343572421667591,0.11336683478988022,0.3335522251061078,0,VOLATILE,1.0,404242645217299.8,2590219181508.599,2026-02-11,691.96,-0.010809873403086923,-0.03742990924330902
2542,1,0.003872868245230948,0,0.33347617265826596,3,0,-1.0,0.23121699239715424,0.23121699239715424,1,0,0.036818088357429724,0.08035276262559815,0.12239028366100929,0.33347617265826596,0,VOLATILE,1.0,405932924385697.44,1690265260428.1372,2026-02-12,681.27,0.01197763001453156,-0.027859732558310202
2543,1,0.02441743273862737,0,0.3374611344092331,3,0,-1.0,0.2628683947222532,0.2628683947222532,1,0,0.04124839077724882,0.1976039402381255,0.16295077700512478,0.3374611344092331,0,VOLATILE,1.0,454778633042032.0,48845643619789.24,2026-02-13,681.75,0.0009387605427209067,-0.018657865786578687
2544,-1,-0.06827552256536432,1,0.33341545929525607,3,2,-1.0,0.22624427448198786,0.22624427448198786,1,0,0.04116023941118031,0.05731738436771628,0.11615920792629886,0.33341545929525607,0,VOLATILE,1.0,453806731908290.5,971823834106.9537,2026-02-17,682.85,0.0065900270923335835,-0.017661272607454093
2545,-1,0.03223516497567236,0,0.3334691751257789,3,0,-1.0,0.22185531921739488,0.22185531921739488,1,0,0.0410144420561891,0.04104488635337576,0.11068644280318829,0.3334691751257789,0,VOLATILE,1.0,452199262609376.2,1607461130142.5935,2026-02-18,686.29,0.00999577438109256,-0.03622375380669984
2546,-1,-0.0001098640031931275,0,0.3350672559083503,3,0,-1.0,0.21735649994960876,0.21735649994960876,1,0,0.03915345271189977,0.027233864030395794,0.10546243891409851,0.3350672559083503,0,VOLATILE,1.0,431681172711709.2,20518082777311.24,2026-02-19,684.48,0.007041841982234676,-0.03605656848994865
2547,1,0.031657773043223675,1,0.3384342550394835,3,2,-1.0,0.24451545372504632,0.24451545372504632,1,0,0.033678727987323076,0.13707991476121317,0.14025288091617874,0.3384342550394835,0,VOLATILE,1.0,371320325182653.94,60360903834676.7,2026-02-20,689.43,-0.004989629113905658,-0.05926635046342621
2548,1,-0.01764397944814433,0,0.3343418238303658,3,0,-1.0,0.25403042805233955,0.25403042805233955,1,0,0.034761125062055157,0.1686093480069926,0.15112349102301592,0.3343418238303658,0,VOLATILE,1.0,383254149818713.7,11933803617524.521,2026-02-23,682.39,0.005847096235290783,-0.03958147100631604
2549,-1,-0.0469813382110518,1,0.3351502018030609,3,2,-1.0,0.21656406416858096,0.21656406416858096,1,0,0.03281110514255021,0.030666786841924025,0.1044926306614914,0.3351502018030609,0,VOLATILE,1.0,361754465184074.8,21499609148921.906,2026-02-24,687.35,-0.010213137411798856,-0.049712664581363364
2550,1,0.03824824391384332,1,0.3354178317691276,3,2,-1.0,0.21734594419866568,0.21734594419866568,1,0,0.030573849580196384,0.03603681499164574,0.10553688819061403,0.3354178317691276,0,VOLATILE,1.0,337087902265112.5,24666563588852.336,2026-02-25,693.15,-0.011570367164394413,-0.05241289764120305
2551,1,0.014700499879815976,0,0.3335526788448741,3,0,-1.0,0.23282832410856638,0.23282832410856638,1,0,0.03033843285719417,0.09293229168358534,0.1244235748469265,0.3335526788448741,0,VOLATILE,1.0,334492346572762.06,2595588423307.5327,2026-02-26,689.3,-0.011591469606847538,-0.06413753082837648
2552,-1,-0.031287512141301904,1,0.33509581088995233,3,2,-1.0,0.21702319187716518,0.21702319187716518,1,0,0.02844679376825848,0.03671203393857534,0.1050529425689446,0.33509581088995233,0,VOLATILE,1.0,313636332001896.75,20855983376021.49,2026-02-27,685.99,-0.01983993935771655,-0.07565707954926448
2553,0,0.015493460739923609,0,0.3338368706671437,3,1,-1.0,0.21671152038568758,0.21671152038568758,1,0,0.027906355989429574,0.03513949845725669,0.10434861814889541,0.3338368706671437,0,VOLATILE,1.0,307677807325689.4,5958524818495.092,2026-03-02,686.38,-0.011815612343016979,-0.07927095777849003
2554,-1,-0.0005896866797334976,0,0.3344465625887945,3,1,-1.0,0.2158101622144765,0.2158101622144765,1,0,0.02671154640462327,0.03341148384125938,0.10337434341529421,0.3344465625887945,0,VOLATILE,1.0,294504593547288.25,13173212196890.996,2026-03-03,680.33,-0.0046301059779814135,-0.04408154866020908
2555,1,0.022827832859019404,1,0.3347197552279333,3,2,-1.0,0.2377366369022848,0.2377366369022848,1,0,0.02819957264716774,0.11435263215735039,0.13085073493483937,0.3347197552279333,0,VOLATILE,1.0,310910628492251.5,16405991598212.598,2026-03-04,685.13,-0.012844277728314313,-0.04362675696583129
2556,1,-0.013835185278247425,0,0.33523952074154184,3,0,-1.0,0.2458279263118457,0.2458279263118457,1,0,0.026153696773719204,0.14713066745185843,0.14109478807519255,0.33523952074154184,0,VOLATILE,1.0,288354096817474.4,22556549868040.633,2026-03-05,681.31,-0.022383349723327117,-0.037398541045926104
2557,-1,-0.01730902923130312,1,0.33358091163958253,3,2,-1.0,0.23661018649010349,0.23661018649010349,1,0,0.026419416569331104,0.11105446649824381,0.12915796102252497,0.33358091163958253,0,VOLATILE,1.0,291283754996703.06,2929676477300.5337,2026-03-06,672.38,-0.015006395193194355,-0.02000356941015502
2558,-1,-0.014791068064604396,0,0.3357830225923003,3,0,-1.0,0.21260137860375689,0.21260137860375689,1,0,0.023790203780493926,0.02530223292781963,0.09969747890277118,0.3357830225923003,0,VOLATILE,1.0,262295719935138.6,28987988113415.926,2026-03-09,678.27,-0.013622893537971636,-0.028086160378610225
2559,1,0.03145502932101929,1,0.334610665392209,3,2,-1.0,0.22004760003842957,0.22004760003842957,1,0,0.02516114290879007,0.0509753562794776,0.10871216639608922,0.334610665392209,0,VOLATILE,1.0,277410826512683.97,15115095273425.7,2026-03-10,677.18,-0.009436191263770377,-0.0017277533299860925
2560,1,-0.006318214689294138,0,0.33382069203735665,3,0,-1.0,0.22117560678380813,0.22117560678380813,1,0,0.02463806973199353,0.05513597473530449,0.10992468148909934,0.33382069203735665,0,VOLATILE,1.0,271643752941035.9,5767077708932.054,2026-03-11,676.33,-0.022030665503526503,0.005293273993464576
2561,1,0.01834049938624213,0,0.3338484612092776,3,0,-1.0,0.2406441129154288,0.2406441129154288,1,0,0.0240851953983389,0.12871657394147737,0.13426725644660542,0.3338484612092776,0,VOLATILE,1.0,265548110687710.5,6095679560214.488,2026-03-12,666.06,-0.00939855268294143,0.02011830765997069
2562,1,-0.008385497522035018,0,0.33503435899789324,3,0,-1.0,0.2517271215250145,0.2517271215250145,1,0,0.025910878777378056,0.16934159618984615,0.14841749165574142,0.33503435899789324,0,VOLATILE,1.0,285676939372705.9,20128802689722.48,2026-03-13,662.29,-0.02071600054356837,0.035951018436032545
2563,-1,-0.05005997887949876,1,0.3372287198071852,3,2,-1.0,0.21275015125510138,0.21275015125510138,1,0,0.02173002175485915,0.029004585307159998,0.10024486902067305,0.3372287198071852,0,VOLATILE,1.0,239581457686810.5,46095404299889.305,2026-03-16,669.03,-0.02040267252589567,0.03801025365080801
2564,1,0.04913884362730658,1,0.3337353444078434,3,2,-1.0,0.22291202461249487,0.22291202461249487,1,0,0.021298552156728025,0.06492304844601032,0.11207386686757945,0.3337353444078434,0,VOLATILE,1.0,234824347158622.4,4757130810246.185,2026-03-17,670.79,-0.026252627498919212,0.043456223259142446
2565,-1,-0.019858888627383525,1,0.3333993217529208,3,2,-1.0,0.21321500934250484,0.21321500934250484,1,0,0.021227726112314795,0.02837805023676882,0.0998685921163612,0.3333993217529208,0,VOLATILE,1.0,234043464048879.62,780862926031.6791,2026-03-18,661.43,-0.0069697473655563336,0.06082276280180832
2566,1,0.022685618750002468,1,0.333917076912761,3,2,-1.0,0.22620361282251727,0.22620361282251727,1,0,0.020601206546187415,0.07810014922282328,0.1162337852563369,0.333917076912761,0,VOLATILE,1.0,227135856103731.53,6907632010791.528,2026-03-19,659.8,-0.022294634737799246,0.07629584722643235
2567,1,-0.008716325634638561,0,0.3344528502585202,3,0,-1.0,0.23047589066789115,0.23047589066789115,1,0,0.01939964983862269,0.09572457785985936,0.121708075899494,0.3344528502585202,0,VOLATILE,1.0,213888252822922.62,13247616284919.936,2026-03-20,648.57,-0.022326040365727717,0.09274249502752197
2568,1,0.03780643536906303,0,0.3556012848231751,3,0,-1.0,0.27255460388232805,0.27255460388232805,1,0,0.043299459104369706,0.24548126907174192,0.17959357605870385,0.3556012848231751,0,VOLATILE,1.0,477392413422485.94,263504079439796.66,2026-03-23,655.38,-0.03571973511550541,0.07430803503311068
2569,-1,-0.08302680562197018,1,0.3406621678047096,3,2,-1.0,0.23160651147479477,0.23160651147479477,1,0,0.05116536001327213,0.07285568387074043,0.12467368129467085,0.3406621678047096,0,VOLATILE,1.0,564116855166472.9,86724536903523.33,2026-03-24,653.18,-0.004347959214917707,0.08884227931045063
2570,1,0.05661953839282391,1,0.3351761131099841,3,2,-1.0,0.2472779574600854,0.2472779574600854,1,0,0.04918753974042404,0.1294868855673844,0.1428914751026028,0.3351761131099841,0,VOLATILE,1.0,542310661442552.06,21806226265498.473,2026-03-25,656.82,-0.0024055296732743425,0.07860601077920881
2571,-1,-0.044378587191554186,1,0.3398996384261846,3,2,-1.0,0.21857081625382185,0.21857081625382185,1,0,0.04214003476601444,0.03242525500545599,0.10818842992382346,0.3398996384261846,0,VOLATILE,1.0,464609334961066.3,77701273042647.25,2026-03-26,645.09,0.016648839696786544,0.10672929358694128
2572,-1,0.023695880805361974,0,0.33618007445859627,3,0,-1.0,0.21355955585292027,0.21355955585292027,1,0,0.039084676495311874,0.013898713797086407,0.10099446343079943,0.33618007445859627,0,VOLATILE,1.0,430922889705359.8,33686434962732.02,2026-03-27,634.09,0.03917424971218586,0.127868283682127
2573,1,0.010604536960878014,1,0.3342448922255344,3,2,-1.0,0.2191528324128967,0.2191528324128967,1,0,0.038106317364534896,0.03440047335297855,0.10750226357250448,0.3342448922255344,0,VOLATILE,1.0,420136121549440.5,10786779684434.729,2026-03-30,631.97,0.043119135401996855,0.12614522841274112
2574,1,0.018790395923331066,0,0.3339524313172012,3,0,-1.0,0.2435365048962042,0.2435365048962042,1,0,0.037441854282542965,0.12628436256612371,0.13790873894955555,0.3339524313172012,0,VOLATILE,1.0,412810172428975.4,7325992442392.532,2026-03-31,650.34,0.0394716609773349,0.09416612848663775
2575,1,0.022953423860005845,0,0.34445946752334805,3,0,-1.0,0.29087360123951755,0.29087360123951755,1,0,0.049383348029211446,0.29973725726149036,0.19970686843023394,0.34445946752334805,0,VOLATILE,1.0,544469519624291.25,131659247991486.88,2026-04-01,655.24,0.03765032659788781,0.09678896282278249
2576,-1,-0.0863808956397144,1,0.33557430778751507,3,2,-1.0,0.2518298019431165,0.2518298019431165,1,0,0.04697814206460187,0.14906434606272115,0.14868082937577431,0.33557430778751507,0,VOLATILE,1.0,517951241937371.0,26518196380418.496,2026-04-02,655.83,0.036030678681975514,0.09883658875013324
2577,-1,0.016782107082576325,0,0.33810128622734953,3,0,-1.0,0.22956810972929173,0.22956810972929173,1,0,0.052095497755830326,0.062360878399525844,0.12148545871845205,0.33810128622734953,0,VOLATILE,1.0,574371964835738.6,56420773088319.04,2026-04-06,658.93,0.041233514940889116,0.0896605102211161
2578,1,0.05227074906886231,1,0.3488631949874295,3,2,-1.0,0.2595771665843293,0.2595771665843293,1,0,0.06876343139215543,0.1662983395396513,0.1616872569772689,0.3488631949874295,0,VOLATILE,1.0,758142044878333.2,183770020374653.75,2026-04-07,659.22,0.0534571159855588,0.09791875246503445
2579,-1,-0.051284716360236265,1,0.33638776232530254,3,2,-1.0,0.23830150707913056,0.23830150707913056,1,0,0.07204169182616398,0.07387978146455267,0.13197382443023886,0.33638776232530254,0,VOLATILE,1.0,794286068216972.2,36144074595736.47,2026-04-08,676.01,0.03539888463188423,0.08553127912309
2580,1,0.04372808735504785,1,0.33428549609368663,3,2,-1.0,0.2607539349289797,0.2607539349289797,1,0,0.07101975636588419,0.15752162168805459,0.15951379268464624,0.33428549609368663,0,VOLATILE,1.0,783018855049966.4,11267258766852.148,2026-04-09,679.91,0.031989528025768044,0.07599535232604326
2581,-1,-0.035427921773874826,1,0.33659159846738285,3,2,-1.0,0.247778441004954,0.247778441004954,1,0,0.07451679287885643,0.10709605974025824,0.14387095087303822,0.33659159846738285,0,VOLATILE,1.0,821574964878735.5,38556135489614.49,2026-04-10,679.46,0.0451535042533775,0.08559738615959733
2582,-1,0.006570688826238291,0,0.34424007566533543,3,0,-1.0,0.2413736359071666,0.2413736359071666,1,0,0.08622280670861357,0.07710838469226271,0.1377770638002921,0.34424007566533543,0,VOLATILE,1.0,950638059645681.2,129063111134957.28,2026-04-13,686.1,0.03296895496283336,0.0775397172423844
2583,-1,-0.0039040144039043656,0,0.33933265046160427,3,0,-1.0,0.23106481640547485,0.23106481640547485,1,0,0.09266176613470534,0.02833078323202859,0.12366418312224464,0.33933265046160427,0,VOLATILE,1.0,1021629948318978.8,70991915797625.17,2026-04-14,694.46,0.013852489704230697,0.06295538979926829
2584,1,0.015883500216226698,1,0.3361392449797243,3,2,-1.0,0.2366394971200098,0.2366394971200098,1,0,0.09567330274787593,0.04382924518695408,0.12983418264494334,0.3361392449797243,0,VOLATILE,1.0,1054833243732121.6,33203286153598.24,2026-04-15,699.94,0.01610138011829587,0.06053376003657451
2585,-1,-0.012277299068583603,1,0.33743172276773525,3,2,-1.0,0.22993687876596117,0.22993687876596117,1,0,0.10007203085831574,0.01526505658983995,0.12177902914938522,0.33743172276773525,0,VOLATILE,1.0,1103330834050063.5,48497605879486.53,2026-04-16,701.66,0.009677051563435457,0.06628566542199921
2586,1,0.022986811862720752,1,0.3392805931563106,3,2,-1.0,0.24622107227463327,0.24622107227463327,1,0,0.10645512317799442,0.07133434271911324,0.1425964886323692,0.3392805931563106,0,VOLATILE,1.0,1173706767390127.2,70375904382484.83,2026-04-17,710.14,0.005351057537950288,0.04087926324386726
2587,1,-0.000737703066067269,0,0.3349932113128758,3,0,-1.0,0.2617675627172381,0.2617675627172381,1,0,0.10467360808166579,0.12819966059263407,0.1609577562247666,0.3349932113128758,0,VOLATILE,1.0,1154064910217387.2,19641888441388.72,2026-04-20,708.72,0.009100914324415843,0.042231064454227196
2588,-1,-0.02584038273213704,1,0.3551171448989066,3,2,-1.0,0.2514736704277059,0.2514736704277059,1,0,0.08129342517181849,0.1280706976062586,0.153121374259359,0.3551171448989066,0,VOLATILE,1.0,896289820725224.1,257775090622724.12,2026-04-21,704.08,0.010808430860129503,0.04211169185319852
2589,-1,-0.002197942768273786,0,0.34593495066787255,3,0,-1.0,0.2389818353698999,0.2389818353698999,1,0,0.06776832820108564,0.08786476743694353,0.13521103187934305,0.34593495066787255,0,VOLATILE,1.0,747170667318069.9,149119130994385.72,2026-04-22,711.21,0.0005202401541035684,0.042237876295327714
2590,1,0.014706650414737094,1,0.3353764489376265,3,2,-1.0,0.24119665072683097,0.24119665072683097,1,0,0.06996116829225733,0.08605860863657869,0.13533992564294534,0.3353764489376265,0,VOLATILE,1.0,771347533381239.5,24176866773935.957,2026-04-23,708.45,0.014411743948055555,0.04837320911849807
2591,-1,-0.006098356579696346,1,0.33381530489442646,3,2,-1.0,0.2373131095040657,0.2373131095040657,1,0,0.06944387592268222,0.07084176338838388,0.1300952131036887,0.33381530489442646,0,VOLATILE,1.0,765644195328880.9,5703329854115.382,2026-04-24,713.94,0.009398548897666448,0.04440149032131546
2592,-1,-0.008676939158166724,0,0.3338637404631233,3,0,-1.0,0.2247526291231337,0.2247526291231337,1,0,0.0688745968685332,0.02434556769056059,0.11440672151969793,0.3338637404631233,0,VOLATILE,1.0,759367685016916.1,6276484055004.535,2026-04-27,715.17,0.003971083798257835,0.049526685962778094
2593,1,0.02246071114844106,1,0.33441983157835165,3,2,-1.0,0.23465285989064277,0.23465285989064277,1,0,0.06770847934989171,0.0630546189237825,0.1269210327578914,0.33441983157835165,0,VOLATILE,1.0,746510811788624.0,12856895255817.023,2026-04-28,711.69,0.01697368236170238,0.05447596565920554
2594,-1,-0.017964317827552923,1,0.33703224788403546,3,2,-1.0,0.22658877283059892,0.22658877283059892,1,0,0.06373849805089932,0.03874358597687323,0.11749402800925751,0.33703224788403546,0,VOLATILE,1.0,702740312277306.8,43770486658993.51,2026-04-29,711.58,0.03126844486916447,0.060457011158267404
2595,-1,-0.0034588992869605817,0,0.36884123024739446,3,0,-1.0,0.21506578648359448,0.21506578648359448,1,0,0.02562849546734976,0.05749912653167539,0.11104254066634171,0.36884123024739446,0,VOLATILE,1.0,282563559836954.75,420176759117296.1,2026-04-30,718.66,0.01797790332006799,0.05262572009016786
2596,1,0.03701495543776415,1,0.3402744099770726,3,2,-1.0,0.2405577555743542,0.2405577555743542,1,0,0.018178763873246174,0.13911862701338645,0.13576579696221086,0.3402744099770726,0,VOLATILE,1.0,200427537387197.5,82136069506166.92,2026-05-01,720.65,0.02354818566571848,0.05257753417054056
2597,-1,-0.03336385355073915,1,0.3336332325793176,3,2,-1.0,0.23268587111437475,0.23268587111437475,1,0,0.017856885667926172,0.10494005544546735,0.12426564703779783,0.3336332325793176,0,VOLATILE,1.0,196878712149094.1,3548807566507.8447,2026-05-04,718.01,0.02965139761284652,0.057882202197740984
2598,-1,-0.003982319639819737,0,0.3342518981185623,3,0,-1.0,0.22083166701457557,0.22083166701457557,1,0,0.016871003970466713,0.06193667092311334,0.10960255829786002,0.3342518981185623,0,VOLATILE,1.0,186009004937168.88,10869682747782.158,2026-05-05,723.77,0.019909639802699663,0.04209900935380029
2599,1,0.018557165113851554,1,0.3333413283032502,3,2,-1.0,0.22753462802862795,0.22753462802862795,1,0,0.016879586062401895,0.08638126527239064,0.11775361711159751,0.3333413283032502,0,VOLATILE,1.0,186103625647586.4,94607139280.70435,2026-05-06,733.83,0.011555809928730065,0.03169671449790812
2600,-1,-0.016663734788727125,1,0.3407594890720526,3,2,-1.0,0.2175738542539532,0.2175738542539532,1,0,0.008909222213856472,0.0625623480425075,0.10715719008545466,0.3407594890720526,0,VOLATILE,1.0,98227441690165.11,87876171842769.48,2026-05-07,731.58,0.02267694578856716,0.00816041991306471
2601,-1,-0.0031025475628553567,0,0.3335126067569356,3,0,-1.0,0.2045105329164231,0.2045105329164231,1,0,0.00871680849068079,0.008332145013607553,0.08901631783476277,0.3335126067569356,0,VOLATILE,1.0,96106009838995.08,2121402073104.9724,2026-05-08,737.62,0.002101353000189654,0.0021691385808411123
2602,0,0.013717988853886615,0,0.3335753024052586,3,1,-1.0,0.2051652004327796,0.2051652004327796,1,0,0.008457107445691114,0.011093870981176382,0.08985032614228916,0.3335753024052586,0,VOLATILE,1.0,93242710592297.3,2863300541123.5024,2026-05-11,739.3,-0.00087921006357361,-0.0030434194508318635
2603,1,0.004996460449573692,0,0.3334417628118013,3,1,-1.0,0.2108163283987098,0.2108163283987098,1,0,0.008573483881151766,0.03206906972286116,0.09688085120133763,0.3334417628118013,0,VOLATILE,1.0,94525803465493.48,1283082097645.3933,2026-05-12,738.18,-0.006028339971280605,-0.017272210030073953
2604,1,0.0004881114142114007,0,0.33403651026237346,3,0,-1.0,0.21695556777885142,0.21695556777885142,1,0,0.007818777658416464,0.056291984209056393,0.10470358728915762,0.33403651026237346,0,VOLATILE,1.0,86204890628496.55,8320926577128.329,2026-05-13,742.31,-0.0014279748353113186,-0.006129514623270493
2605,-1,-0.010860315949477756,1,0.33356144610850075,3,2,-1.0,0.21223449120951526,0.21223449120951526,1,0,0.0075739473792121505,0.038476479237845716,0.09868347553901928,0.33356144610850075,0,VOLATILE,1.0,83505547027309.31,2699334371029.487,2026-05-14,748.17,-0.007284440701979422,-0.008580937487469353
2606,-1,0.002702581712093838,0,0.33338024800837773,3,0,-1.0,0.21021599635227295,0.21021599635227295,1,0,0.007624299535488302,0.030720872791818614,0.09611505744243563,0.33338024800837773,0,VOLATILE,1.0,84060698013093.16,555156960236.5275,2026-05-15,739.17,0.008753060865565487,0.021185924753439833
2607,1,0.014225697539085175,1,0.3348128916442643,3,2,-1.0,0.2224231990341158,0.2224231990341158,1,0,0.006036318051501669,0.0791603470596309,0.11173222170371085,0.3348128916442643,0,VOLATILE,1.0,66552619880216.57,17508105802961.723,2026-05-18,738.65,0.016164624653083326,0.01581263115142506
2608,-1,-0.017612284450278515,1,0.33342821964145275,3,2,-1.0,0.21701811726568015,0.21701811726568015,1,0,0.005934477222342677,0.057954627255047554,0.10462970149246341,0.33342821964145275,0,VOLATILE,1.0,65429787396328.75,1122821256542.876,2026-05-19,733.73,0.0228013029315961,0.009853760920229604
2609,-1,0.0004500532548913083,0,0.33366197695889843,3,0,-1.0,0.2120630887521358,0.2120630887521358,1,0,0.005581748853001273,0.0399013166866818,0.09849435517989436,0.33366197695889843,0,VOLATILE,1.0,61540827787928.53,3888949374521.174,2026-05-20,741.25,0.01801011804384478,0.007406408094435157
2610,-1,0.001433104670792329,0,0.3334464574942252,3,0,-1.0,0.2085411649093838,0.2085411649093838,1,0,0.0054603340603301435,0.02665387747052803,0.09403807051028605,0.3334464574942252,0,VOLATILE,1.0,60202185179050.96,1338635836880.0454,2026-05-21,742.72,0.01852649719948296,0.002248492029297555
2611,-1,-0.001988621775416699,0,0.3335210959896802,3,0,-1.0,0.20303061929121508,0.20303061929121508,1,0,0.005258810674027946,0.006246833660288588,0.08716854811143884,0.3335210959896802,0,VOLATILE,1.0,57980315951632.164,2221857988887.507,2026-05-22,745.64,0.01730057400354057,-0.01617402499865883
2612,0,0.005123160611161359,0,0.33345311067744193,3,1,-1.0,0.20264323428420772,0.20264323428420772,1,0,0.005387365524873194,0.004614596048987161,0.08666732052462012,0.33345311067744193,0,VOLATILE,1.0,59397680319954.88,1417365167670.5393,2026-05-26,750.59,0.011963921714917669,-0.023115149415792957
2613,0,-3.363562108357754e-05,0,0.33404890299999523,3,0,-1.0,0.20222221365611678,0.20222221365611678,1,0,0.004619357125898983,0.004250621334535493,0.08628999282014482,0.33404890299999523,0,VOLATILE,1.0,50930106112358.44,8467573964978.595,2026-05-27,750.46,0.005036910694773855,-0.021533459478186856
2614,0,0.0006648792472352949,0,0.33337856279389744,3,0,-1.0,0.20246607227526114,0.20246607227526114,1,0,0.0046679011355433495,0.004613791992109001,0.08642723104255078,0.33337856279389744,0,VOLATILE,1.0,51465321618526.04,535215256550.98627,2026-05-28,754.6,0.0032997614630267957,-0.033938510469122773
2615,1,0.006591011117315304,0,0.3333487801007191,3,1,-1.0,0.2093009420117208,0.2093009420117208,1,0,0.004684480976812012,0.03020563664268024,0.09496337253983074,0.3333487801007191,0,VOLATILE,1.0,51648120447913.945,182786738248.8705,2026-05-29,756.48,-0.025023794416243694,-0.020463197969543212
2616,1,0.0034245753821029734,0,0.33473122869719235,3,0,-1.0,0.21956038713028345,0.21956038713028345,1,0,0.0031841465571202277,0.07121572670433703,0.10813329108715242,0.33473122869719235,0,VOLATILE,1.0,35106383336809.867,16541760977648.803,2026-06-01,758.54,-0.02546998180715576,-0.015516650407361499
2617,-1,-0.022373532540312963,1,0.3333527590475183,3,2,-1.0,0.20744629970853312,0.20744629970853312,1,0,0.003163294883044137,0.024774898309593788,0.09264606439754597,0.3333527590475183,0,VOLATILE,1.0,34876485984348.957,229870939682.9613,2026-06-02,759.57,-0.029648353673789263,-0.018181339442052802
2618,1,0.027672480006201067,1,0.33419578156557406,3,2,-1.0,0.22300469229298386,0.22300469229298386,1,0,0.004088948340132876,0.0828254839327371,0.11230481075762332,0.33419578156557406,0,VOLATILE,1.0,45082154762041.95,10205636903994.08,2026-06-03,754.24,-0.03819739075095463,-0.012542426813746288
2619,-1,-0.017606599351283336,1,0.33363429021033547,3,2,-1.0,0.22095648552615127,0.22095648552615127,1,0,0.0037659363462945275,0.07504660203452428,0.10960417946027293,0.33363429021033547,0,VOLATILE,1.0,41520829089792.7,3561322866259.3237,2026-06-04,757.09,-0.025531971099869266,-0.0076741206461583555
2620,1,0.008046112441068787,1,0.3334669995947602,3,2,-1.0,0.22695439120038746,0.22695439120038746,1,0,0.003622475227075527,0.0975567414704477,0.1170597388991744,0.3334669995947602,0,VOLATILE,1.0,39939117646904.54,1581717347710.785,2026-06-05,737.55,0.005694529184462116,0.013775337265270249
2621,1,0.03460783392866501,0,0.34225458348137267,3,0,-1.0,0.26756013080328866,0.26756013080328866,1,0,0.013197504372515866,0.24684392375084618,0.170013809374454,0.34225458348137267,0,VOLATILE,1.0,145507324892040.88,105568121467465.84,2026-06-08,739.22,0.02111685289900156,0.00836016341549195
2622,-1,-0.041587725889084826,1,0.3333459746484805,3,2,-1.0,0.26657814451710504,0.26657814451710504,1,0,0.013183936208222972,0.2364935867172812,0.1665591743085014,0.3333459746484805,0,VOLATILE,1.0,145357730905615.22,149588888420.2681,2026-06-09,737.05,0.018017773556746608,0.01989010243538436
2623,-1,-0.01036347113862035,0,0.3391339547911426,3,0,-1.0,0.25523268709230107,0.25523268709230107,1,0,0.01940963937156036,0.19206340331792554,0.15382434756316196,0.3391339547911426,0,VOLATILE,1.0,213998391086464.97,68640683814855.6,2026-06-10,725.43,0.021407992500999562,0.040693106157727366
2624,-1,0.0012414870245627818,0,0.333639540914121,3,0,-1.0,0.24512871669205988,0.24512871669205988,1,0,0.019738284477060206,0.14972405880375522,0.13982078109360513,0.333639540914121,0,VOLATILE,1.0,217621823880299.22,3623456191278.272,2026-06-11,737.76,0.012171980047712028,0.015465734114074925
2625,1,0.010996848290605765,1,0.3378481162687846,3,2,-1.0,0.24602159458242445,0.24602159458242445,1,0,0.024583921893290756,0.1513831449923894,0.1419890222952267,0.3378481162687846,0,VOLATILE,1.0,271046753164719.53,53424928728594.02,2026-06-12,741.75,0.0035591506572294485,0.013589484327603651
2626,-1,-0.010506495644535818,1,0.33360575991504104,3,2,-1.0,0.2364079768282532,0.2364079768282532,1,0,0.02429152943919213,0.11244270360303821,0.12891141101407677,0.33360575991504104,0,VOLATILE,1.0,267823019145497.6,3223714388841.244,2026-06-15,754.83,-0.028152034232873602,-2.6496032219269772e-05
2627,-1,-0.016950885175150365,0,0.33334536049609975,3,0,-1.0,0.2098434738989316,0.2098434738989316,1,0,0.02427861593707996,0.01264343155598833,0.09564068249768942,0.33334536049609975,0,VOLATILE,1.0,267680643049662.16,142321418945.36905,2026-06-16,750.33,-0.022776644942891888,0.0005197713006277471
2628,1,0.03251476008990431,1,0.33378435970434367,3,2,-1.0,0.2157937310595143,0.2157937310595143,1,0,0.024762695715664994,0.034802065535771434,0.1031882537504788,0.33378435970434367,0,VOLATILE,1.0,273017800108153.22,5337145123131.975,2026-06-17,740.96,-0.008988339451522442,0.0031445692075144915
2629,1,0.006046679069480448,0,0.33711763965669345,3,0,-1.0,0.22779066728957745,0.22779066728957745,1,0,0.028824327511043354,0.07822890456739219,0.11901774402614518,0.33711763965669345,0,VOLATILE,1.0,317798779948003.0,44780955918199.63,2026-06-18,746.74,-0.02376998687628895,-0.006227066984492602
2630,-1,-0.013968273662104042,1,0.33501927110182866,3,2,-1.0,0.22581932985753655,0.22581932985753655,1,0,0.030633814184684603,0.06745312610744912,0.1160289800973779,0.33501927110182866,0,VOLATILE,1.0,337749034017071.6,19950262595228.516,2026-06-22,744.39,-0.0045540644017249,0.005225755316433656
2631,1,0.0276740940333626,1,0.33371265813501844,3,2,-1.0,0.25152208645885826,0.25152208645885826,1,0,0.030226696465934986,0.16326562135604744,0.14783077260732747,0.33371265813501844,0,VOLATILE,1.0,333260411888271.8,4488676595254.443,2026-06-23,733.58,0.01798031571198777,0.018852749529703505
2632,-1,-0.04528376306188292,1,0.3343941976365386,3,2,-1.0,0.23194107999829705,0.23194107999829705,1,0,0.029088085884270393,0.0914866123367475,0.12352489940700595,0.3343941976365386,0,VOLATILE,1.0,320706812726235.5,12553560292880.04,2026-06-24,733.24,0.01707490044187443,0.0067372211008673855
2633,-1,0.002255616462156218,0,0.3348586113702217,3,0,-1.0,0.21461568999989206,0.21461568999989206,1,0,0.027451028595576722,0.028501767431684828,0.10198426534242051,0.3348586113702217,0,VOLATILE,1.0,302657655851629.8,18049122533043.203,2026-06-25,734.3,0.014272095873621105,0.006305324799128487
2634,1,0.02178541318951771,1,0.3346474456365778,3,2,-1.0,0.21907571319100477,0.21907571319100477,1,0,0.026040615629089554,0.04647889306461167,0.1075065028979004,0.3346474456365778,0,VOLATILE,1.0,287107335733988.3,15550328143336.857,2026-06-26,728.99,0.03057655111867108,0.013854785388002666
2635,1,0.005774561152441626,0,0.334775697800379,3,0,-1.0,0.22931029753455912,0.22931029753455912,1,0,0.024492553247596176,0.08650283585728491,0.12033179636829369,0.334775697800379,0,VOLATILE,1.0,270039380343406.9,17067978672350.54,2026-06-29,741.0,0.009055330634277992,-0.00018893387314433685
2636,-1,-0.021593422633186254,1,0.3334920184380101,3,2,-1.0,0.2179514592449272,0.2179514592449272,1,0,0.024322237200763635,0.043114748796220875,0.1058123286656615,0.3334920184380101,0,VOLATILE,1.0,268161583476568.94,1877773644680.5916,2026-06-30,746.77,-0.0018345675375283088,-0.023179827791689478
2637,-1,0.003497877888752887,0,0.3347158927828705,3,0,-1.0,0.21009049884404818,0.21009049884404818,1,0,0.022838359018106418,0.016037931234227126,0.09629209675077785,0.3347158927828705,0,VOLATILE,1.0,251801282412849.38,16360286000590.664,2026-07-01,745.76,0.007978438103411367,-0.0054575198455266705
2638,1,0.015965753985138914,1,0.33656223875722374,3,2,-1.0,0.21819529242830807,0.21819529242830807,1,0,0.019372833156810963,0.05128119251726211,0.10688467522469103,0.33656223875722374,0,VOLATILE,1.0,213592589072961.56,38208712270122.734,2026-07-02,744.78,0.013655039071940767,0.0030210263433496642
2639,0,-0.00779959236291583,0,0.33385160538652964,3,1,-1.0,0.21850049364965213,0.21850049364965213,1,0,0.018816580866104705,0.0509489743599882,0.10658851840869762,0.33385160538652964,0,VOLATILE,1.0,207459703604532.06,6132885655834.803,2026-07-06,751.28,-0.0028085400915770498,0.008505483974017736
2640,-1,-0.009959482573366901,0,0.3334244799961336,3,1,-1.0,0.20884621229762929,0.20884621229762929,1,0,0.018718752874360672,0.014522903238849564,0.09441388537107007,0.3334244799961336,0,VOLATILE,1.0,206381114124548.3,1078568789148.1089,2026-07-07,747.71,0.00551015768145402,0.031589787484452625
2641,1,0.011467794776866935,1,0.33563556157132224,3,2,-1.0,0.21065972572247338,0.21065972572247338,1,0,0.016247812306755087,0.025452830331011846,0.09723354754592231,0.33563556157132224,0,VOLATILE,1.0,179138088336410.62,27243032785854.586,2026-07-08,745.4,0.012624094445935041,0.03272068687952778
2642,-1,-0.006732282018916014,1,0.3340603998115996,3,2,-1.0,0.20574095712840146,0.20574095712840146,1,0,0.017028158964085088,0.00504573012612011,0.09069129636340173,0.3340603998115996,0,VOLATILE,1.0,187741696366501.3,8603619562153.297,2026-07-09,751.71,-0.0013169972462785395,0.022415559191709455
2643,0,0.005629773324487081,0,0.3348249477208619,3,1,-1.0,0.20645196185881662,0.20645196185881662,1,0,0.01542723566539423,0.009886332095814484,0.09177118925373623,0.3348249477208619,0,VOLATILE,1.0,170090929981080.4,17650769368892.254,2026-07-10,754.95,-0.015444731439168247,0.024253261805417425
2644,-1,-0.0020536659829907267,0,0.3345403513485574,3,1,-1.0,0.20510930060624105,0.20510930060624105,1,0,0.016722706613608185,0.0033424341712137567,0.09002171359494064,0.3345403513485574,0,VOLATILE,1.0,184373972200981.12,14283045798531.227,2026-07-13,749.17,-0.009450458507414772,0.03184857909419758
2645,1,0.005959972394006224,1,0.3360325502636889,3,2,-1.0,0.2097266117476717,0.2097266117476717,1,0,0.013825685378130463,0.024673521373405175,0.09616640225051187,0.3360325502636889,0,VOLATILE,1.0,152433250816742.62,31940732077044.56,2026-07-14,751.83,-0.004721812111780688,0.02491254671933807
2646,1,0.0025975521935455714,0,0.33516976577103286,3,0,-1.0,0.21694147508264794,0.21694147508264794,1,0,0.015796697378112717,0.04911115851009171,0.10496928529606814,0.33516976577103286,0,VOLATILE,1.0,174164380835899.16,21731116091668.637,2026-07-15,754.81,-0.00980379168267509,0.02342311310131029
2647,-1,-0.012651907545240565,1,0.3337543393334789,3,2,-1.0,0.2115044308723836,0.2115044308723836,1,0,0.016248554683948015,0.027208815587599727,0.09781912342384924,0.3337543393334789,0,VOLATILE,1.0,179146273317173.25,4981904085681.19,2026-07-16,750.72,-0.016703964194373477,0.03617860187553279
2648,1,0.00653980129848461,1,0.33379054515883155,3,2,-1.0,0.21260718796060388,0.21260718796060388,1,0,0.015757837375295045,0.03186202634609313,0.09920662124046273,0.33379054515883155,0,VOLATILE,1.0,173735935055871.8,5410339664241.733,2026-07-17,743.29,-0.005865812805230797,0.04446447550754096
2649,1,0.010481648754271294,0,0.3375187919655254,3,0,-1.0,0.22419159380309545,0.22419159380309545,1,0,0.011265660592249562,0.08259191014350238,0.11461919024525064,0.3375187919655254,0,VOLATILE,1.0,124208038857230.39,49527924668429.56,2026-07-20,742.09,-0.004042636337910466,0.041207939737767596
2650,-1,-0.02634089891451563,1,0.3369250527921199,3,2,-1.0,0.20943510073107138,0.20943510073107138,1,0,0.007410728476452515,0.03066468885915515,0.09602513911186922,0.3369250527921199,0,VOLATILE,1.0,81705998776215.12,42502011468154.016,2026-07-21,748.28,-0.009916074196824609,0.025618752338696815
2651,1,0.02233598156110242,1,0.334388423897878,3,2,-1.0,0.21701458922014974,0.21701458922014974,1,0,0.008543140005340868,0.05605288749362913,0.10486534249965666,0.334388423897878,0,VOLATILE,1.0,94191251108360.34,12485237722149.406,2026-07-22,747.41,-0.02401626951739999,0.028966698331571727
2652,-1,-0.008397304068343187,1,0.33344132238931457,3,2,-1.0,0.2161967736408849,0.2161967736408849,1,0,0.008427236779601709,0.0523916561657026,0.10360629764843476,0.33344132238931457,0,VOLATILE,1.0,92913375545857.44,1277870431813.0674,2026-07-23,738.18,0.004754937820043992,0.03308136226936531
2653,1,0.014146454911773215,1,0.3334665424759957,3,2,-1.0,0.2295254129733933,0.2295254129733933,1,0,0.008284268488812432,0.10253593701840914,0.1202734018357405,0.3334665424759957,0,VOLATILE,1.0,91337097717114.47,1576308109268.0042,2026-07-24,738.93,0.010961796110592337,0.03625512565466282
2654,-1,-0.03188707050664699,1,0.33342600067742745,3,2,-1.0,0.2109669817992547,0.2109669817992547,1,0,0.008184806818591043,0.03301087543668457,0.0970652274184252,0.33342600067742745,0,VOLATILE,1.0,90240496332890.05,1096563516891.0487,2026-07-27,739.09,0.02513902231122045,0.032986510438512306
2655,-1,0.014990189396913933,0,0.33556723989847315,3,0,-1.0,0.20739874002203001,0.20739874002203001,1,0,0.005787193572165941,0.02363351143430152,0.09314023500215582,0.33556723989847315,0,VOLATILE,1.0,63805931148007.87,26434559697609.223,2026-07-28,740.86,0.041127878411575836,0.03381205625894235
2656,1,0.00926730330150341,1,0.3339106678914826,3,2,-1.0,0.21309780154630875,0.21309780154630875,1,0,0.005167551499573982,0.04438220521769569,0.09984991890575655,0.3339106678914826,0,VOLATILE,1.0,56974150090887.61,6831791929460.054,2026-07-29,729.46,0.05528747292517733,0.05020151893181257
2657,1,0.007427093136051499,0,0.33546678187833445,3,0,-1.0,0.226223956206639,0.226223956206639,1,0,0.007457346889206575,0.09248257529444054,0.11664664072788236,0.33546678187833445,0,VOLATILE,1.0,82219983870600.3,25245806518806.05,2026-07-30,741.69,0.03622807372352321,0.03965268508406483
2658,-1,-0.03489287062136873,1,0.3349450254199137,3,2,-1.0,0.2044572402456005,0.2044572402456005,1,0,0.00918714355080356,0.008736276435133658,0.08930780666197907,0.3349450254199137,0,VOLATILE,1.0,101291626336605.31,19071688736546.51,2026-07-31,747.03,0.03511237835160563,0.02987831813983388
2659,1,0.02290728842777154,1,0.333837606513292,3,2,-1.0,0.20559781271233354,0.20559781271233354,1,0,0.009728371280830681,0.01164163127538908,0.09045666751873992,0.333837606513292,0,VOLATILE,1.0,107258860514427.77,5967232330814.02,2026-08-03,757.67,0.020272678078846917,0.012380059920545916
2660,1,0.0033120393845057217,0,0.33388461384451706,3,0,-1.0,0.2100504245635723,0.2100504245635723,1,0,0.010320051718025336,0.02778250077875858,0.09603418416559463,0.33388461384451706,0,VOLATILE,1.0,113782354288480.98,6523485722467.209,2026-08-04,771.33,-0.0009982757055995162,-0.012381211673343495
2661,1,0.010370132677277183,0,0.3349065561721048,3,0,-1.0,0.22487316909208827,0.22487316909208827,1,0,0.01200856680629196,0.08244573441811745,0.11481810040813646,0.3349065561721048,0,VOLATILE,1.0,132398852271628.7,18616469326926.926,2026-08-05,769.79,0.0035074500837890543,-0.006014627365904968
2662,-1,-0.015683336602085596,1,0.33337655445219017,3,2,-1.0,0.22401257701851862,0.22401257701851862,1,0,0.011962178313600557,0.07811740134498689,0.11335985988619582,0.33337655445219017,0,VOLATILE,1.0,131887402130240.1,511449880871.8039,2026-08-06,768.56,0.012126574372853138,0.005998230456958575
2663,-1,-0.011200014220163368,0,0.33358372225207356,3,0,-1.0,0.2119519707247856,0.2119519707247856,1,0,0.012230914087399961,0.032776767819601364,0.09833589396900044,0.33358372225207356,0,VOLATILE,1.0,134850312574867.56,2962935390113.0034,2026-08-07,773.26,0.003983136331893622,-0.0039702040710756226
2664,-1,0.010575201451279631,0,0.33341344062026984,3,0,-1.0,0.21046656588233223,0.21046656588233223,1,0,0.012144936065318478,0.027164766458629766,0.09643656750798274,0.33341344062026984,0,VOLATILE,1.0,133902373355492.22,947936181298.5857,2026-08-10,773.03,-0.00046569990815359397,-0.009145828751794816
2665,-1,-0.0026335718111359374,0,0.333654135870763,3,0,-1.0,0.2063475892287429,0.2063475892287429,1,0,0.012489247032089172,0.011554814478769016,0.0913480205036194,0.333654135870763,0,VOLATILE,1.0,137698528014105.55,3796163169563.372,2026-08-11,770.56,-0.004036025747508165,-0.010589700996677665
2666,-1,0.002793254447023469,0,0.33351663651982943,3,0,-1.0,0.20502186702217706,0.20502186702217706,1,0,0.012292510699798745,0.006676968023237373,0.0896564929076787,0.33351663651982943,0,VOLATILE,1.0,135529437812455.97,2169087598294.784,2026-08-12,772.49,-0.0044401869279862005,-0.018977591942937688
2667,1,0.004376863909332673,1,0.33430513136649187,3,2,-1.0,0.2080730087249439,0.2080730087249439,1,0,0.013335525035735213,0.01766710620767333,0.09366754374780284,0.33430513136649187,0,VOLATILE,1.0,147029053312657.72,11499609483416.963,2026-08-13,777.88,-0.01964313261685602,-0.0174705610119813
2668,0,-0.002883845314536726,0,0.3340377389051697,3,1,-1.0,0.20824030511317398,0.20824030511317398,1,0,0.014091551149106134,0.017337897204173582,0.0938098161177599,0.3340377389051697,0,VOLATILE,1.0,155364518427882.28,8335465516156.104,2026-08-14,776.34,-0.01367957338279624,-0.019913955225803193
2669,1,0.0010346990357076036,0,0.3335175802648452,3,1,-1.0,0.2094423005371117,0.2094423005371117,1,0,0.014289300362898537,0.02125751184990421,0.09518227073760091,0.3335175802648452,0,VOLATILE,1.0,157544776019488.72,2180255247088.5676,2026-08-17,772.67,-0.011906764854336171,-0.019775583366767102
2670,-1,-0.002023888585586442,1,0.33389448658007087,3,2,-1.0,0.20862040737546295,0.20862040737546295,1,0,0.014891576126241176,0.017855816466798048,0.0942491308643464,0.33389448658007087,0,VOLATILE,1.0,164185087149356.75,6640313087339.064,2026-08-18,767.45,-0.002006645384064254,-0.0174604208743242
2671,1,0.006999958794152578,1,0.3339203520897613,3,2,-1.0,0.21479847300796678,0.21479847300796678,1,0,0.01426154038266622,0.04167299746453024,0.10197817928239881,0.3339203520897613,0,VOLATILE,1.0,157238712058557.4,6946388270021.657,2026-08-19,769.06,-0.0038748602189684345,-0.008399864769978782
2672,-1,-0.01125747594276899,1,0.33397825169050066,3,2,-1.0,0.20971906269770163,0.20971906269770163,1,0,0.013569359883267655,0.02336081400098911,0.09564339129475224,0.33397825169050066,0,VOLATILE,1.0,149607168247920.88,7631533511141.622,2026-08-20,762.6,0.011146079202727588,-0.001193286126409565
2673,1,0.0071726516648475125,1,0.3336478066193036,3,2,-1.0,0.211812304052284,0.211812304052284,1,0,0.013231841610647018,0.03130015354989566,0.0981773317201809,0.3336478066193036,0,VOLATILE,1.0,145885905533017.97,3721267031042.804,2026-08-21,765.72,0.004740636263908415,0.010160371937522727
2674,-1,-0.006676385606143531,1,0.3335391039716183,3,2,-1.0,0.20722915980072282,0.20722915980072282,1,0,0.01345269072167159,0.013810986509752614,0.09242122574380807,0.3335391039716183,0,VOLATILE,1.0,148320847961746.62,2434952431154.803,2026-08-24,763.47,0.004689116795682846,0.012980208783580194
2675,1,0.0053725797959222055,1,0.33402220802495386,3,2,-1.0,0.20801859534508385,0.20801859534508385,1,0,0.014192048008627122,0.0163943405541526,0.09352879618759323,0.33402220802495386,0,VOLATILE,1.0,156472533153712.03,8151683442801.462,2026-08-25,765.91,-0.005392278466138323,0.0024807092217100646
2676,1,0.0006242268861188782,0,0.3346580929328634,3,0,-1.0,0.20943225777556376,0.20943225777556376,1,0,0.015613889517019574,0.020750646840992048,0.09545484545267054,0.3346580929328634,0,VOLATILE,1.0,172148857136411.38,15676321143076.55,2026-08-26,766.08,-0.0012009189640769247,0.0014358813700918738
2677,-1,-0.004760012853626705,1,0.33546750331793335,3,2,-1.0,0.20608590735241697,0.20608590735241697,1,0,0.013323321788899454,0.011099458271114242,0.09147426002000456,0.33546750331793335,0,VOLATILE,1.0,146894508041677.06,25254343553631.742,2026-08-27,771.1,0.0026844767215665755,0.00032421216444045164
2678,1,0.00426864267004351,1,0.33574163003409446,3,2,-1.0,0.20700819959931369,0.20700819959931369,1,0,0.010738539493402253,0.017348431529595046,0.09269565700766576,0.33574163003409446,0,VOLATILE,1.0,118396335460703.8,28498176199164.973,2026-08-28,769.35,0.0010918307662313165,-0.004861246506791428
2679,-1,-0.004773714045608501,1,0.3353305269550553,3,2,-1.0,0.2031567778006019,0.2031567778006019,1,0,0.008594985951117656,0.004740826017430923,0.08777860398951619,0.3353305269550553,0,VOLATILE,1.0,94762871671122.86,23633456674043.55,2026-08-31,767.05,-0.001421028616126585,-0.003715533537578919
2680,0,0.0033437994903564305,0,0.33514280223288667,3,1,-1.0,0.20264915549224655,0.20264915549224655,1,0,0.006652914707763686,0.004638520062825833,0.08709714492352984,0.33514280223288667,0,VOLATILE,1.0,73350824105623.47,21412047572909.938,2026-09-01,761.78,0.0008138832733859402,
2681,1,0.006179890563163065,0,0.3373930865363977,3,1,-1.0,0.20832142374705426,0.20832142374705426,1,0,0.002295654034088089,0.03195449991966374,0.09475005131791728,0.3373930865363977,0,VOLATILE,1.0,25310427483048.613,48040410498211.23,2026-09-02,765.16,-0.009579695749908468,
2682,1,0.0050719325516904445,0,0.33335962675970593,3,0,-1.0,0.2190656245535524,0.2190656245535524,1,0,0.002267435655723787,0.06924837648987722,0.10717193738186699,0.33335962675970593,0,VOLATILE,1.0,24999309514629.383,311138863168.0541,2026-09-03,773.17,-0.011485184370836898,
2683,0,-0.010793830986412456,0,0.3335193004921594,3,1,-1.0,0.2190159943736381,0.2190159943736381,1,0,0.002467030975938824,0.06898242329432355,0.10714981809008746,0.3335193004921594,0,VOLATILE,1.0,27199921106465.055,2200611269287.9175,2026-09-04,770.19,-0.012087926355834333,
2684,-1,-0.003662438548744068,0,0.33351530300722065,3,1,-1.0,0.21530392564497974,0.21530392564497974,1,0,0.002271725411512157,0.05525447301257743,0.10250873280802986,0.33351530300722065,0,VOLATILE,1.0,25046605645139.16,2153307699880.872,2026-09-08,765.96,-0.011188573815865133,
2685,1,0.005590364683587035,1,0.33359054747981254,3,2,-1.0,0.2171822215999084,0.2171822215999084,1,0,0.0025477891780718246,0.06207845243144405,0.10487541386983862,0.33359054747981254,0,VOLATILE,1.0,28090309896934.805,3043700580981.2686,2026-09-09,762.4,-0.01095225603357819,
2686,0,-0.0016975795066080657,0,0.3333905329224527,3,1,-1.0,0.217362938048229,0.217362938048229,1,0,0.002609180537520474,0.06254473683517782,0.10505130579089943,0.3333905329224527,0,VOLATILE,1.0,28767172145487.01,676861770697.8202,2026-09-10,757.83,0.006294287637069074,
2687,-1,-0.008489947372305184,0,0.3334399343923835,3,1,-1.0,0.20905370712424443,0.20905370712424443,1,0,0.0027235920693720536,0.031307760440832146,0.0946771175034014,0.3334399343923835,0,VOLATILE,1.0,30028601235913.62,1261445802284.3833,2026-09-11,764.29,-0.0034018500830835796,
2688,-1,0.0034706828269450707,0,0.3336210999802259,3,0,-1.0,0.2042151590272049,0.2042151590272049,1,0,0.003032446057318635,0.012990225279869186,0.0886742237790626,0.3336210999802259,0,VOLATILE,1.0,33433829701829.906,3405238484442.292,2026-09-14,760.88,0.016586058248344138,
2689,-1,0.004056703993680411,0,0.3333342727109531,3,0,-1.0,0.2034333149238458,0.2034333149238458,1,0,0.0030314376745526964,0.009844197823084041,0.08762521183254557,0.3333342727109531,0,VOLATILE,1.0,33422711912087.438,11115967944.70806,2026-09-15,757.39,0.0211119766566763,
2690,1,0.004957090171287981,1,0.33353093991317273,3,2,-1.0,0.2076085609917747,0.2076085609917747,1,0,0.0032435260576110193,0.025436782596423593,0.09289343621801154,0.33353093991317273,0,VOLATILE,1.0,35761064102654.81,2338344411051.5186,2026-09-16,754.05,0.018248126782043572,
2691,1,0.00675540073905373,0,0.3349608666064573,3,0,-1.0,0.2185392077987573,0.2185392077987573,1,0,0.004990331032404732,0.06575234816777824,0.10691422640006099,0.3349608666064573,0,VOLATILE,1.0,55020229458164.266,19259142767928.91,2026-09-17,762.6,0.006005769735116573,
2692,0,-0.010567870152618342,0,0.3337586261069816,3,1,-1.0,0.21890198445312156,0.21890198445312156,1,0,0.005446790242653841,0.06575462103678825,0.10706713709314736,0.3337586261069816,0,VOLATILE,1.0,60052859623000.51,5032630902924.048,2026-09-18,761.69,0.012682324830311398,
2693,1,0.00536661851679282,0,0.3358748792647508,3,1,-1.0,0.22463137962427865,0.22463137962427865,1,0,0.008174587974433222,0.08609924506517481,0.11475794434653601,0.3358748792647508,0,VOLATILE,1.0,90127829829063.03,30074958683004.023,2026-09-21,773.5,-0.010200387847446701,
2694,-1,-0.019547817494242614,1,0.3336895734275898,3,2,-1.0,0.21081295730119312,0.21081295730119312,1,0,0.008556931435885668,0.03225883851428075,0.0969385899833888,0.3336895734275898,0,VOLATILE,1.0,94343306687079.25,4215507571023.1416,2026-09-22,773.38,-0.011869973363676234,
2695,1,0.030896611565578824,1,0.33349024785946624,3,2,-1.0,0.22789114654368642,0.22789114654368642,1,0,0.008388521074357072,0.09632096435906654,0.11823649514447454,0.33349024785946624,0,VOLATILE,1.0,92486520699483.02,1856821799627.5261,2026-09-23,767.81,,
2696,0,-0.01774259290124028,0,0.33356965646391473,3,1,-1.0,0.22722674288493944,0.22722674288493944,1,0,0.008134879575756806,0.09414264859070215,0.11742584272215298,0.33356965646391473,0,VOLATILE,1.0,89690030173608.12,2796490238564.9966,2026-09-24,767.18,,
2697,-1,-0.01743898498603691,0,0.334220797929301,3,1,-1.0,0.20912335424015555,0.20912335424015555,1,0,0.00718237606292311,0.02769580078463601,0.0949593922825197,0.334220797929301,0,VOLATILE,1.0,79188329686102.86,10501663859944.316,2026-09-25,771.35,,
2698,1,0.02102015879087729,1,0.33347745139391255,3,2,-1.0,0.21204012438624895,0.21204012438624895,1,0,0.007027697227042183,0.03823085776682584,0.09841951833128934,0.33347745139391255,0,VOLATILE,1.0,77482938803769.08,1705396964821.7788,2026-09-28,765.61,,
2699,-1,-0.004354117256853307,1,0.33354339967801727,3,2,-1.0,0.21060277727548904,0.21060277727548904,1,0,0.0068022364464652325,0.03311572809513162,0.09663932151386562,0.33354339967801727,0,VOLATILE,1.0,74997151027244.97,2485784954331.6353,2026-09-29,764.2,,
