date,w_k,R_k,spy_causal
2016-01-05,0.0,0.4555555555555555,
2016-01-06,1.0,0.6666666666666667,
2016-01-07,0.6816703862375646,0.4234003451054715,
2016-01-08,0.6722622775084259,0.5055505531779192,
2016-01-11,0.6013329287155,0.379194520567128,
2016-01-12,0.5028439906850343,0.3572210526736566,
2016-01-13,0.435286672025146,0.3968729125839483,
2016-01-14,0.4369102062711597,0.3956596794526735,
2016-01-15,0.482893182504229,0.4140812450388252,
2016-01-19,0.943179007013774,0.6874953488762898,
2016-01-20,0.8602672742391546,0.6905438226763941,
2016-01-21,0.9534984802060742,0.6574724213882084,
2016-01-22,0.8857688361358629,0.5482344065932274,
2016-01-25,0.8600087340177777,0.457103077309022,
2016-01-26,0.9209871733606017,0.5068191870364864,
2016-01-27,0.933772346663531,0.4832353213825547,
2016-01-28,0.8816843469417925,0.5319927745254217,
2016-01-29,0.881498577743466,0.5519297016334572,
2016-02-01,0.839184838780947,0.5807041976748142,
2016-02-02,0.8510633057278654,0.5745758925688794,
2016-02-03,0.8369790609374468,0.476199879649826,
2016-02-04,0.7313105359331679,0.4758443695425017,
2016-02-05,0.7511561704480784,0.5298484714111492,
2016-02-08,0.7476001401409211,0.4533230264201592,
2016-02-09,0.7427640213130845,0.4193978408271569,
2016-02-10,0.7433907451191316,0.4271678974258394,
2016-02-11,0.7674018493875434,0.5152593392754948,
2016-02-12,0.7653961892631297,0.5837945774260233,
2016-02-16,0.7780281313017723,0.5386851261167314,
2016-02-17,0.4962686178514723,0.3375159928032206,
2016-02-18,0.5105932969067859,0.3863778013588591,
2016-02-19,0.3483001942899936,0.3423276091629171,
2016-02-22,0.3617050060147321,0.3231141101236652,
2016-02-23,0.4049989710338633,0.3280270918126385,
2016-02-24,0.425557672159075,0.3434635623392367,
2016-02-25,0.4228707761458337,0.4036427287548708,
2016-02-26,0.4340448997140128,0.3901471162068616,
2016-02-29,0.4402446286729156,0.3487241444057955,
2016-03-01,0.3856101162336444,0.3183143878909192,
2016-03-02,0.3842719353085242,0.3585780382234363,
2016-03-03,0.3889898334142819,0.3573204132247439,
2016-03-04,0.3517151586157697,0.3307639967994763,
2016-03-07,0.3524243408333716,0.3682295863122915,
2016-03-08,0.3363337771867414,0.3510948054473003,
2016-03-09,0.2773153529624322,0.3290849978078246,
2016-03-10,0.2398081580766779,0.3559424058006217,
2016-03-11,0.2475470626464475,0.3733550901235919,
2016-03-14,0.1022639604986004,0.2673598971786395,
2016-03-15,0.1349736064867703,0.3456790227474126,
2016-03-16,0.144301486979977,0.2650744796885759,
2016-03-17,0.1408314314406995,0.2879969606776785,
2016-03-18,0.1419697550224275,0.2425342784666839,
2016-03-21,0.1480321696726947,0.3013365964365054,
2016-03-22,0.1778011063857766,0.3628554350772396,
2016-03-23,0.1835731139861384,0.2983672507442024,
2016-03-24,0.1819324860884651,0.2756390284314872,
2016-03-28,0.1948710946754768,0.2746172056786592,
2016-03-29,0.2259589682595909,0.3157198993117146,
2016-03-30,0.2243903913462329,0.3106609586896873,
2016-03-31,0.2094987271273219,0.2713161393569556,
2016-04-01,0.2109222695009559,0.2711499576838118,quiet
2016-04-04,0.2111464674712296,0.3279561643036464,mid
2016-04-05,0.2257027339126408,0.3642352119665594,mid
2016-04-06,0.225732681287294,0.320591221294019,mid
2016-04-07,0.218381198198894,0.2876517130818879,mid
2016-04-08,0.2207483209665771,0.3066995220771336,mid
2016-04-11,0.1679876881678353,0.2617030987472741,quiet
2016-04-12,0.1429453500634158,0.2794443213373937,quiet
2016-04-13,0.1406525900284903,0.2997461871289905,quiet
2016-04-14,0.140391859073949,0.2610272502098911,quiet
2016-04-15,0.137361793998097,0.2913864049504616,quiet
2016-04-18,0.1142131366704806,0.240087046407656,quiet
2016-04-19,0.0772295391032693,0.2244805231710259,quiet
2016-04-20,0.0731542774127073,0.2337129123059529,quiet
2016-04-21,0.0729132022607602,0.2338801092635931,quiet
2016-04-22,0.0721423331880121,0.2295607168659776,quiet
2016-04-25,0.0734754083473153,0.2670198012913998,quiet
2016-04-26,0.0704283276988981,0.2758116523862323,quiet
2016-04-27,0.0730425227108869,0.2328082712171939,quiet
2016-04-28,0.0749777457468676,0.2365412322096806,quiet
2016-04-29,0.0756174915115948,0.2542156231430179,quiet
2016-05-02,0.1110300866333882,0.3602819213511899,quiet
2016-05-03,0.1121643192243815,0.3850376857883708,quiet
2016-05-04,0.1150192100555378,0.3079518346135295,quiet
2016-05-05,0.115044512432179,0.249273714688471,quiet
2016-05-06,0.112379211236779,0.2839904316745801,quiet
2016-05-09,0.1115448950986714,0.2740521617647963,quiet
2016-05-10,0.1140212498108601,0.2550872992071613,quiet
2016-05-11,0.1014429454622173,0.2295229775062744,quiet
2016-05-12,0.0994432030267599,0.2323044976382025,quiet
2016-05-13,0.09346739967729,0.2318123445207296,quiet
2016-05-16,0.0934474572088118,0.2509112008293537,quiet
2016-05-17,0.0945072353335539,0.2841525468861736,quiet
2016-05-18,0.1069549304830226,0.2777161530274982,quiet
2016-05-19,0.1253562932535161,0.251481147376637,mid
2016-05-20,0.1348797082688236,0.243566644579721,mid
2016-05-23,0.1368416125908062,0.2729083948068891,mid
2016-05-24,0.1438298232978976,0.3349779749304949,mid
2016-05-25,0.1398475363100001,0.3005490385331314,mid
2016-05-26,0.1390003027063528,0.2551368454170552,mid
2016-05-27,0.1591617132019944,0.2840167951162945,mid
2016-05-31,0.121097570705616,0.266174322517393,mid
2016-06-01,0.1189608115923478,0.3318596329081005,mid
2016-06-02,0.1184060762778454,0.2865364952089164,mid
2016-06-03,0.1263154093756806,0.2760818367424481,mid
2016-06-06,0.1246683829724982,0.3206024009093021,mid
2016-06-07,0.1320000361134497,0.2872730584842625,mid
2016-06-08,0.13967765161185,0.2467882025531199,mid
2016-06-09,0.1444206296379426,0.2440512907533364,mid
2016-06-10,0.146114026672499,0.2708458526826116,mid
2016-06-13,0.1593049369791004,0.2989274466829706,mid
2016-06-14,0.1738025202607042,0.2508839609583537,mid
2016-06-15,0.1946464432004703,0.2745204608007786,mid
2016-06-16,0.1902935935025076,0.3075950992118928,mid
2016-06-17,0.2299247772224205,0.3450667169128901,mid
2016-06-20,0.2313023310055309,0.2906109643609752,mid
2016-06-21,0.2280817912205427,0.3046257968077253,mid
2016-06-22,0.2176214297357992,0.2917485375437215,mid
2016-06-23,0.2179457285931932,0.2876233873483452,mid
2016-06-24,0.2185303705891035,0.4556216671140557,mid
2016-06-27,1.0,0.6756946486081633,busy
2016-06-28,1.0,0.4968916685162176,busy
2016-06-29,1.0,0.5413203017107237,busy
2016-06-30,0.9775205123372782,0.4943731307816547,busy
2016-07-01,0.9580055374777532,0.5117072703894203,busy
2016-07-05,0.955915982443584,0.5139324362047271,busy
2016-07-06,0.915653328990702,0.4514833246309384,busy
2016-07-07,0.8754727650535334,0.4385600437357295,busy
2016-07-08,0.851423325819258,0.4611338105072033,busy
2016-07-11,0.8129938439640313,0.4915166070654743,busy
2016-07-12,0.8485279646904548,0.4955515177742694,busy
2016-07-13,0.8565591757898338,0.4615835637289758,busy
2016-07-14,0.8766647188259303,0.4474237412349748,busy
2016-07-15,0.8881061389384497,0.4438406046268515,busy
2016-07-18,0.8862072444695134,0.4775078249012789,busy
2016-07-19,0.9346170097097688,0.4897427492281738,busy
2016-07-20,0.9694741915863964,0.4614956600027508,busy
2016-07-21,0.9877228823992018,0.4664084976655312,busy
2016-07-22,1.0,0.476277380223329,busy
2016-07-25,1.0,0.4671290652686305,busy
2016-07-26,0.4809472097788076,0.2920462267701492,mid
2016-07-27,0.2400564640228022,0.2486556261819043,mid
2016-07-28,0.1909497129199232,0.2696622826955677,mid
2016-07-29,0.1707156306667502,0.269464023704471,mid
2016-08-01,0.0995269338077887,0.2368293008167849,quiet
2016-08-02,0.0936861121691905,0.240597939720566,quiet
2016-08-03,0.085683713465995,0.2607106557886493,quiet
2016-08-04,0.0892578832613055,0.2571876313764041,quiet
2016-08-05,0.0985109485032898,0.2461474084523628,quiet
2016-08-08,0.0592768859438032,0.2531783450537741,quiet
2016-08-09,0.07055164127497,0.2545036189908236,quiet
2016-08-10,0.0634319671349799,0.2242328310373555,quiet
2016-08-11,0.0603177698795554,0.2228760300168723,quiet
2016-08-12,0.0540174818630803,0.2336600036646089,quiet
2016-08-15,0.0345652733759598,0.2137039498302862,quiet
2016-08-16,0.0364103616987634,0.2224112135065145,quiet
2016-08-17,0.0366507053047455,0.2212308008633094,quiet
2016-08-18,0.0377209228398091,0.2426590761250019,quiet
2016-08-19,0.0388514977374332,0.243332982953131,quiet
2016-08-22,0.0403386976255648,0.2395822616969726,quiet
2016-08-23,0.0396561146160421,0.2205790891296333,quiet
2016-08-24,0.0404763246277287,0.2281652166235083,quiet
2016-08-25,0.0364758831688555,0.2284071542056579,quiet
2016-08-26,0.0368544852342775,0.2418604587358915,quiet
2016-08-29,0.0717778541645865,0.2942732468564929,quiet
2016-08-30,0.0713631343138351,0.2637053092870075,quiet
2016-08-31,0.0631303528064317,0.2424290586433256,quiet
2016-09-01,0.0668649178633221,0.2380798235119217,quiet
2016-09-02,0.0735740412201815,0.2408603003358213,quiet
2016-09-06,0.0748552226698408,0.2315607050054512,quiet
2016-09-07,0.0674188418906781,0.2493883389508306,quiet
2016-09-08,0.0643421932272341,0.2373831552447359,quiet
2016-09-09,0.0627631969265753,0.301522134602985,quiet
2016-09-12,0.3012984455939108,0.4273849558594188,mid
2016-09-13,0.3808476312910364,0.3531792340505157,mid
2016-09-14,0.4670437442648127,0.3565458420172898,mid
2016-09-15,0.4695094117336296,0.3780191814305356,mid
2016-09-16,0.49183982703049,0.3361238668227787,mid
2016-09-19,0.5001516037688837,0.3829156181882046,mid
2016-09-20,0.4974704019541195,0.4002846354009748,mid
2016-09-21,0.490524781416721,0.3622893954109099,mid
2016-09-22,0.4613584600606357,0.3768671473950956,mid
2016-09-23,0.4578169525030314,0.3529722762505643,mid
2016-09-26,0.4543715946453978,0.3325933068983482,mid
2016-09-27,0.4543503498542281,0.34267023940834,mid
2016-09-28,0.4488760561126236,0.334737721323673,mid
2016-09-29,0.4270847845389792,0.3325695541032346,mid
2016-09-30,0.425587131624111,0.3583034815994014,mid
2016-10-03,0.4246103446553937,0.3298679752569387,mid
2016-10-04,0.4219099720204891,0.3637880684687678,mid
2016-10-05,0.3887322296302661,0.360311727424963,mid
2016-10-06,0.3919423318409894,0.3453545493684017,mid
2016-10-07,0.402967754206929,0.3303013892556738,mid
2016-10-10,0.2689247459927223,0.3045445557281016,mid
2016-10-11,0.2520891926623707,0.3438754498061745,mid
2016-10-12,0.1856134249437463,0.3481401414798779,mid
2016-10-13,0.1754395809514554,0.3145901737412299,mid
2016-10-14,0.146262685464115,0.2669018554490782,mid
2016-10-17,0.1009253632101331,0.2403931076415416,mid
2016-10-18,0.110508758735109,0.2720286610865138,mid
2016-10-19,0.1080625481747564,0.2518918051699,mid
2016-10-20,0.1074156433378808,0.2422653888617784,mid
2016-10-21,0.1081807130785464,0.2362986601469293,mid
2016-10-24,0.1062992652125404,0.2583943719756242,mid
2016-10-25,0.1138550969808521,0.2609559753040317,mid
2016-10-26,0.1172745563215717,0.2355145839459727,mid
2016-10-27,0.1181342973598087,0.2396100106041419,mid
2016-10-28,0.096438703129262,0.2588141334952206,quiet
2016-10-31,0.1203683314748348,0.3325301494759436,mid
2016-11-01,0.1254122895450356,0.3414853211677218,mid
2016-11-02,0.1278639205195159,0.3033952197546498,mid
2016-11-03,0.1312729818317349,0.2472676763189859,mid
2016-11-04,0.1263953288367516,0.2577221048833436,mid
2016-11-07,0.1323265911809348,0.2540250636681885,mid
2016-11-08,0.1237979337510852,0.2344731622467976,mid
2016-11-09,0.1080553328456413,0.3150524028971154,mid
2016-11-10,0.4086706101289425,0.4709036274857903,mid
2016-11-11,0.4679987267540546,0.3721646884956705,mid
2016-11-14,0.467400907506497,0.3913354196815803,mid
2016-11-15,0.4470682308882847,0.3217074485430601,mid
2016-11-16,0.4409287061925496,0.3308630034059286,mid
2016-11-17,0.4416721496751933,0.3451013397006913,mid
2016-11-18,0.4443515293944198,0.3265641108840965,mid
2016-11-21,0.4453149989160334,0.341759234860132,mid
2016-11-22,0.435277307977219,0.3262574124869036,mid
2016-11-23,0.4345586450229842,0.3210772470840826,mid
2016-11-25,0.4501832648365956,0.3276888605143054,mid
2016-11-28,0.4886130510619798,0.3651996712812267,mid
2016-11-29,0.4753191420471709,0.3664173151734938,mid
2016-11-30,0.4691890361347743,0.3547186926792862,mid
2016-12-01,0.4649466870896774,0.3832591418267875,mid
2016-12-02,0.468035316474565,0.3558192200793236,mid
2016-12-05,0.4724229624918821,0.3289830112807458,mid
2016-12-06,0.4780018788834215,0.3311544140043108,mid
2016-12-07,0.4862504832050244,0.3643618962543836,mid
2016-12-08,0.487790121551436,0.38487336810879,mid
2016-12-09,0.1662153794729618,0.2194816811123368,mid
2016-12-12,0.0755448049340683,0.2299692941317828,quiet
2016-12-13,0.0762594273335595,0.2300757534151747,quiet
2016-12-14,0.0843071449469661,0.2378493976148251,quiet
2016-12-15,0.124508167237877,0.2692947056324988,mid
2016-12-16,0.139278444440877,0.2692501934180896,mid
2016-12-19,0.1879233041330788,0.3108303761845747,mid
2016-12-20,0.1877759557595445,0.3141189932549957,mid
2016-12-21,0.1841733826399359,0.260945347185932,mid
2016-12-22,0.1839268640965878,0.2650167116299702,mid
2016-12-23,0.1842325137227696,0.258659066748565,mid
2016-12-27,0.1856224667048438,0.2713324720345419,mid
2016-12-28,0.2083682382930819,0.2641132768882993,mid
2016-12-29,0.2111851753862791,0.2847103903804776,mid
2016-12-30,0.2201224071029775,0.3052843661183851,mid
2017-01-03,0.2251657029085542,0.3269979141817,mid
2017-01-04,0.2235408190734516,0.2710262767022857,mid
2017-01-05,0.2199405061175488,0.2704067405887291,mid
2017-01-06,0.2118322058056582,0.2594337952984712,mid
2017-01-09,0.2095068967580001,0.2680129544584833,mid
2017-01-10,0.2244619922227831,0.2908986574155136,mid
2017-01-11,0.22892848951071,0.2721143349972464,mid
2017-01-12,0.2256740341602772,0.2717052891032529,mid
2017-01-13,0.2172106302914411,0.2618306461793887,mid
2017-01-17,0.1744761484883298,0.2508102998591712,mid
2017-01-18,0.148663060247931,0.2404231287544637,mid
2017-01-19,0.0701784794233463,0.2235635484081077,quiet
2017-01-20,0.0644246783170747,0.2489655247503548,quiet
2017-01-23,0.1005651203800006,0.3118276132711934,quiet
2017-01-24,0.1009503420632532,0.2897718616810881,quiet
2017-01-25,0.1058825060337893,0.253300496381212,mid
2017-01-26,0.0934267719844911,0.2356252600267346,quiet
2017-01-27,0.084761248909357,0.2454448053751999,quiet
2017-01-30,0.0859644189561859,0.2342779600087816,quiet
2017-01-31,0.078573938189668,0.241627221142932,quiet
2017-02-01,0.0657845958205681,0.2217050714318559,quiet
2017-02-02,0.0626940723917768,0.2246139248071408,quiet
2017-02-03,0.0625094643476257,0.2314834071538958,quiet
2017-02-06,0.0628163029278478,0.239338179266883,quiet
2017-02-07,0.0652920982163921,0.2394007228584931,quiet
2017-02-08,0.0603624364490139,0.2193133795170899,quiet
2017-02-09,0.0644181079456652,0.2305846663566362,quiet
2017-02-10,0.064781628372296,0.2312127980863734,quiet
2017-02-13,0.0651534352247482,0.2234762154538652,quiet
2017-02-14,0.067239128412733,0.2365594422379076,quiet
2017-02-15,0.0660693400109219,0.2265243473271343,quiet
2017-02-16,0.06479727118185,0.2334257455871133,quiet
2017-02-17,0.0655261175928297,0.2211830545405417,quiet
2017-02-21,0.0308896630398956,0.2183134175160068,quiet
2017-02-22,0.0339425728874702,0.2343704265501535,quiet
2017-02-23,0.0285682200971585,0.2394797018567815,quiet
2017-02-24,0.026605186199471,0.2155694996325413,quiet
2017-02-27,0.0267966900141034,0.2285405295947631,quiet
2017-02-28,0.0277249525215604,0.2535713449068163,quiet
2017-03-01,0.0340870492970398,0.2351176844933273,quiet
2017-03-02,0.0965957578117684,0.3115908952875318,mid
2017-03-03,0.0967546334618317,0.3083506487786394,mid
2017-03-06,0.0968190179500773,0.251279235994058,mid
2017-03-07,0.100865097166641,0.2572201015344444,mid
2017-03-08,0.0987070906693152,0.2327155690256029,mid
2017-03-09,0.095378272629876,0.2326106055140117,mid
2017-03-10,0.0903182147126148,0.2401823591551727,mid
2017-03-13,0.0887641284550313,0.2357305189885041,mid
2017-03-14,0.0920339969314689,0.2495826206644947,mid
2017-03-15,0.0898645824973955,0.2433967739083599,mid
2017-03-16,0.092296317835237,0.2685174901625674,mid
2017-03-17,0.0917433729665047,0.2470572441809274,mid
2017-03-20,0.0924395780502434,0.25450565684833,mid
2017-03-21,0.1001262687332231,0.3032864836044021,mid
2017-03-22,0.1294049385835614,0.325958821474077,mid
2017-03-23,0.1281875837276551,0.26877697227952,mid
2017-03-24,0.1307984762245225,0.2407803552148089,mid
2017-03-27,0.1395221341495313,0.2613290600477055,mid
2017-03-28,0.1300489928997085,0.2611232476801963,mid
2017-03-29,0.1293821979131686,0.2574233995164633,mid
2017-03-30,0.0884056804987282,0.2477828148430549,mid
2017-03-31,0.0938522926201353,0.2386684981450866,mid
2017-04-03,0.0944631289482271,0.2364202675191347,mid
2017-04-04,0.0869467506402097,0.2493710026055008,mid
2017-04-05,0.0910491226745073,0.2796186030197511,mid
2017-04-06,0.0982438537834517,0.2966062357657006,mid
2017-04-07,0.0997489714687712,0.2676469716518052,mid
2017-04-10,0.1004423092934963,0.2353725364277955,mid
2017-04-11,0.0958731683657281,0.2426439584406109,mid
2017-04-12,0.0900187146503152,0.2463906521622766,mid
2017-04-13,0.0883718375095991,0.2351941248941365,mid
2017-04-17,0.088974454489597,0.2473182959871633,mid
2017-04-18,0.0911933022050017,0.25540949953856,mid
2017-04-19,0.0803834616751709,0.242259761250896,mid
2017-04-20,0.0563761529364174,0.239311810461649,quiet
2017-04-21,0.0548593150784774,0.229879596875799,quiet
2017-04-24,0.0601370586546904,0.2288045462702671,quiet
2017-04-25,0.065169372254305,0.2485003156651478,quiet
2017-04-26,0.065094859962834,0.2626714566482503,quiet
2017-04-27,0.0635788747080021,0.2392274367189185,quiet
2017-04-28,0.0657099974618676,0.2469037184086485,quiet
2017-05-01,0.0625801968200134,0.2208133475955126,quiet
2017-05-02,0.0641968062053412,0.2252874974215897,quiet
2017-05-03,0.069582710884926,0.2355226885248431,quiet
2017-05-04,0.064050016535216,0.2378161999551754,quiet
2017-05-05,0.0577108863247755,0.2263982042220144,quiet
2017-05-08,0.0596225490989315,0.2238215190790208,quiet
2017-05-09,0.0685158266727784,0.2321293345010953,mid
2017-05-10,0.0743751635976323,0.2209503999232291,mid
2017-05-11,0.0769080215731015,0.2242352453572023,mid
2017-05-12,0.0773928162081356,0.2327813900190895,mid
2017-05-15,0.0759978987007426,0.2324519403399818,mid
2017-05-16,0.0767822255126057,0.2337272703473774,mid
2017-05-17,0.0785076173236868,0.2978860346425193,mid
2017-05-18,0.1903886177255786,0.390391003091146,mid
2017-05-19,0.1985053365314692,0.3194354276338609,mid
2017-05-22,0.2023633333594735,0.2908422567386404,mid
2017-05-23,0.181085563465903,0.2927448308302313,mid
2017-05-24,0.1866370681710474,0.2619698435098381,mid
2017-05-25,0.1888710050516655,0.2582891788621841,mid
2017-05-26,0.1876462280007422,0.2734138220713925,mid
2017-05-30,0.1927706509676327,0.2627633882224257,mid
2017-05-31,0.2043508955647977,0.2951682098414018,mid
2017-06-01,0.2096092060643016,0.3218793229418871,mid
2017-06-02,0.209366983493333,0.2880937348154094,mid
2017-06-05,0.2130103078637564,0.2988553604138701,mid
2017-06-06,0.2190827453257896,0.3034084175302946,mid
2017-06-07,0.2182268643579569,0.2619498696375978,mid
2017-06-08,0.2172303800852793,0.2636997439199224,mid
2017-06-09,0.2148571841952778,0.2914841128967196,mid
2017-06-12,0.2548661089063294,0.3520176095968371,mid
2017-06-13,0.2520767058752294,0.300006915359334,mid
2017-06-14,0.2526368954493936,0.3020680741695892,mid
2017-06-15,0.2463491400696123,0.2892670371626362,mid
2017-06-16,0.1391122675773665,0.2479094756763603,mid
2017-06-19,0.1263815389568152,0.2600661695937333,mid
2017-06-20,0.1024690346729079,0.2400889581467236,mid
2017-06-21,0.1031984138526363,0.2349980081173474,mid
2017-06-22,0.1006803042841731,0.2330048395935458,mid
2017-06-23,0.1029579252321479,0.250750697362413,mid
2017-06-26,0.1028563081415621,0.2548016223722801,mid
2017-06-27,0.0993504912256303,0.2497130673730176,mid
2017-06-28,0.0888223434147351,0.253653074763609,mid
2017-06-29,0.0833344508324842,0.2532746626383416,mid
2017-06-30,0.0984791514911965,0.2708482940875966,mid
2017-07-03,0.0977888869131263,0.2492964118192539,mid
2017-07-05,0.1013014611482343,0.2806614984911625,mid
2017-07-06,0.0996750592009501,0.2361683442925495,mid
2017-07-07,0.09680710125738,0.2410422286843963,mid
2017-07-10,0.0984134652825007,0.2365514207459676,mid
2017-07-11,0.0647112066691875,0.2416495724728135,quiet
2017-07-12,0.0623243917082461,0.225583248835189,quiet
2017-07-13,0.0623693909943483,0.2362660523152204,quiet
2017-07-14,0.0660634897290583,0.247540756110853,mid
2017-07-17,0.0659013169458178,0.2516345345378931,mid
2017-07-18,0.0678235154024191,0.2485034407374168,mid
2017-07-19,0.070284691573524,0.2239548740171094,mid
2017-07-20,0.0708340345433351,0.2288619218637995,mid
2017-07-21,0.0720607030172561,0.2458095090832868,mid
2017-07-24,0.0796335803472552,0.2825745663173792,mid
2017-07-25,0.0807724957185106,0.2664824270653083,mid
2017-07-26,0.080889751542424,0.2333824636348622,mid
2017-07-27,0.0755012326509158,0.2391550822057491,mid
2017-07-28,0.0757151210482682,0.2533125205076222,mid
2017-07-31,0.0469676668689858,0.2378686721452349,quiet
2017-08-01,0.0364724552411866,0.2295049410741065,quiet
2017-08-02,0.0342104303041724,0.2159406394770176,quiet
2017-08-03,0.0346795972323607,0.2140773430011918,quiet
2017-08-04,0.034382096127307,0.2256514106209421,quiet
2017-08-07,0.0347107233738627,0.2427107381737664,quiet
2017-08-08,0.0365644966692725,0.2522966901777529,quiet
2017-08-09,0.0374563969393347,0.238384397171917,quiet
2017-08-10,0.0380088517564301,0.2423292933884147,quiet
2017-08-11,0.082780810312503,0.2972499273940415,mid
2017-08-14,0.0860810482017873,0.2662531553538404,mid
2017-08-15,0.0814456144357188,0.2309963775448388,mid
2017-08-16,0.0784080287382542,0.2388993759168083,mid
2017-08-17,0.0775828624500545,0.2605273865037051,mid
2017-08-18,0.1228175292142498,0.2942271452747147,mid
2017-08-21,0.1725222978721476,0.288355391446129,mid
2017-08-22,0.1677409255860533,0.3124996373413838,mid
2017-08-23,0.166072999276927,0.2508342384793296,mid
2017-08-24,0.1649358878220839,0.2567237966254035,mid
2017-08-25,0.1681613078060707,0.2520827610024522,mid
2017-08-28,0.1647882958652632,0.2694573790435673,mid
2017-08-29,0.1728416680612928,0.2738456489188533,mid
2017-08-30,0.174035449206282,0.2523255824728999,mid
2017-08-31,0.1699269293803108,0.2660011904961451,mid
2017-09-01,0.1743853236720912,0.3081776908077132,mid
2017-09-05,0.1739989222588462,0.3019540347644407,mid
2017-09-06,0.1601297366170652,0.2872222927476916,mid
2017-09-07,0.1612919379540093,0.2755381699660193,mid
2017-09-08,0.1626235850079273,0.2464619441757947,mid
2017-09-11,0.1373153049725336,0.2379975913664861,mid
2017-09-12,0.1371063073986201,0.2514749449196766,mid
2017-09-13,0.138853009093763,0.2520867194693497,mid
2017-09-14,0.1377642815563131,0.2563579125433931,mid
2017-09-15,0.1423854986364909,0.2727728141784545,mid
2017-09-18,0.1123564803133192,0.2546818448258418,mid
2017-09-19,0.0648701804686529,0.2609869550144544,quiet
2017-09-20,0.0684046309967542,0.2246698965222568,quiet
2017-09-21,0.0686488797185253,0.2362286061088928,quiet
2017-09-22,0.069313687886018,0.2309659052146768,mid
2017-09-25,0.0691749305501618,0.2212800889345448,mid
2017-09-26,0.0697216219908662,0.2257326011512225,mid
2017-09-27,0.0646666105391521,0.2344509148161883,quiet
2017-09-28,0.0651420822602975,0.2623121078425299,quiet
2017-09-29,0.0698111528657915,0.2744433258872273,mid
2017-10-02,0.0577733135128848,0.267387058983341,quiet
2017-10-03,0.0580190893610603,0.2451592202236952,quiet
2017-10-04,0.0495783023436997,0.2256181089877885,quiet
2017-10-05,0.0498365265579689,0.227670276187051,quiet
2017-10-06,0.049569721315918,0.2215429520650711,quiet
2017-10-09,0.0527997156701536,0.2542579992786341,quiet
2017-10-10,0.0602472665207413,0.2625544680330891,quiet
2017-10-11,0.0638702469899547,0.2216647242840081,quiet
2017-10-12,0.0658468017133348,0.2221595542413537,mid
2017-10-13,0.0535044903816405,0.21793739140038,quiet
2017-10-16,0.0376793532523277,0.2247854382158714,quiet
2017-10-17,0.0401618934060498,0.2234962877706178,quiet
2017-10-18,0.0457694650737048,0.2229879032979521,quiet
2017-10-19,0.0476605245472586,0.2227727315317809,quiet
2017-10-20,0.0477716052507799,0.2266308732804506,quiet
2017-10-23,0.0596848648286868,0.2542330790261619,quiet
2017-10-24,0.0601973208970028,0.2420688924982659,quiet
2017-10-25,0.0610244299069661,0.2360628974648704,quiet
2017-10-26,0.078012236027567,0.2723085519050621,mid
2017-10-27,0.0766928051486398,0.2612403949445365,mid
2017-10-30,0.0766841767731962,0.2522457499951846,mid
2017-10-31,0.0770532789374924,0.2539199043733829,mid
2017-11-01,0.0765282629972393,0.2293479287989297,mid
2017-11-02,0.076706765370199,0.2274974235235986,mid
2017-11-03,0.076626969519411,0.2220006214880654,mid
2017-11-06,0.0713523524745109,0.2268850960969583,mid
2017-11-07,0.0665015484887243,0.2309311458779987,mid
2017-11-08,0.0636250838138264,0.2279228707300715,quiet
2017-11-09,0.0629673195867927,0.2479095750744152,quiet
2017-11-10,0.0736488210530851,0.2798968638498333,mid
2017-11-13,0.073083590665456,0.2489724515954237,mid
2017-11-14,0.0681699475533179,0.232911908263261,mid
2017-11-15,0.0567614452636309,0.2235442710687525,quiet
2017-11-16,0.0526217690615188,0.2392086423905256,quiet
2017-11-17,0.0523817543799524,0.2306632171786939,quiet
2017-11-20,0.0476518895139359,0.234861137315726,quiet
2017-11-21,0.0510706703058191,0.2509609951642738,quiet
2017-11-22,0.0512005495578744,0.2466275470424376,quiet
2017-11-24,0.0377855540812507,0.2246606680310758,quiet
2017-11-27,0.0495248610476948,0.2414742306369049,quiet
2017-11-28,0.0426936574719361,0.233450570233823,quiet
2017-11-29,0.0591895623010588,0.2703897313971153,quiet
2017-11-30,0.0620207783428789,0.2638166021817255,quiet
2017-12-01,0.1064704503171173,0.2569830648006629,mid
2017-12-04,0.2069237244190864,0.3179141608330749,busy
2017-12-05,0.2107161109660267,0.3166429402907187,busy
2017-12-06,0.2047242276023104,0.2686181110121441,busy
2017-12-07,0.2015288457899869,0.2561380951794896,busy
2017-12-08,0.1945292482212191,0.2528081552995178,busy
2017-12-11,0.1904714983349111,0.2546216658364333,busy
2017-12-12,0.1881847718333072,0.2553017581878506,busy
2017-12-13,0.1806533548833612,0.2568542147348847,busy
2017-12-14,0.1831590089881596,0.2669330289410613,busy
2017-12-15,0.1874644545554992,0.2761706537907421,busy
2017-12-18,0.2262413054885581,0.3309840549160038,busy
2017-12-19,0.2252391507416298,0.3186685238135459,busy
2017-12-20,0.2091211472771,0.2570742352826343,busy
2017-12-21,0.2066809443000512,0.2596267629325742,busy
2017-12-22,0.1910112383054403,0.2649114233643246,busy
2017-12-26,0.1496534883249527,0.2651081568853294,mid
2017-12-27,0.1562430845619034,0.2798465215345917,mid
2017-12-28,0.1668406242511084,0.2621204343833004,mid
2017-12-29,0.1860461628720489,0.287466378962944,busy
2018-01-02,0.1681693286293679,0.2972468867266244,mid
2018-01-03,0.0965908993751347,0.2296092058583768,mid
2018-01-04,0.0956897729803769,0.2337749730103468,mid
2018-01-05,0.0955482430833406,0.2360824194366002,mid
2018-01-08,0.0951631548688929,0.2425533619084282,mid
2018-01-09,0.101499842070188,0.2519202448696409,mid
2018-01-10,0.1073843687701761,0.2350413592744571,mid
2018-01-11,0.108447292377056,0.2444468817825514,mid
2018-01-12,0.1110709606254446,0.2517071327786633,mid
2018-01-16,0.1060660176121314,0.2483123710977073,mid
2018-01-17,0.1094015461394786,0.2410504423724211,mid
2018-01-18,0.0736728524888102,0.2292778901122238,mid
2018-01-19,0.079414114583476,0.2543176344761562,mid
2018-01-22,0.1218054786332528,0.2931253519440487,mid
2018-01-23,0.1228856978423722,0.2837593814755259,mid
2018-01-24,0.1230607175168549,0.2525792341046154,mid
2018-01-25,0.1513234535173505,0.3003718531587217,mid
2018-01-26,0.1327186277510572,0.2940815884587154,mid
2018-01-29,0.1262940097633662,0.2645553270624142,mid
2018-01-30,0.1031183236529224,0.2644660204778061,mid
2018-01-31,0.1196641118023006,0.2772522525120099,mid
2018-02-01,0.1254659034851893,0.2469572536033145,mid
2018-02-02,0.1254621164352706,0.3058139866278133,mid
2018-02-05,0.1849551603748737,0.3039790888614898,busy
2018-02-06,0.5752800924234548,0.4059759906944647,busy
2018-02-07,1.0,0.569454750778756,busy
2018-02-08,0.9663339578435588,0.6761124078286824,busy
2018-02-09,1.0,0.5179220691702184,busy
2018-02-12,1.0,0.5649179344862818,busy
2018-02-13,0.9694325358622544,0.5616490616745983,busy
2018-02-14,0.9941295253403172,0.5427159656026617,busy
2018-02-15,0.989746305601409,0.5065362049868911,busy
2018-02-16,0.9816227445102136,0.4967004998514717,busy
2018-02-20,0.9806419345788948,0.5478450006856465,busy
2018-02-21,0.985974008496907,0.5404627841737633,busy
2018-02-22,0.9843108072481592,0.4695594831274295,busy
2018-02-23,0.9966553989089948,0.4847332179289612,busy
2018-02-26,0.9879680161273195,0.4766530178618309,busy
2018-02-27,1.0,0.4768759583927241,busy
2018-02-28,0.991497638369454,0.4744047314931133,busy
2018-03-01,0.9956328766355652,0.4918245166325007,busy
2018-03-02,0.9902454591989764,0.5359893187875121,busy
2018-03-05,0.9568193514232656,0.473206861535405,busy
2018-03-06,0.9820974335726422,0.4908357284185885,busy
2018-03-07,0.8456813715081399,0.4291958047514009,busy
2018-03-08,0.4733100397098991,0.2958092282042143,busy
2018-03-09,0.4895422288204902,0.3727618837484813,busy
2018-03-12,0.3614572936284715,0.3464135933988763,busy
2018-03-13,0.1354603410441797,0.257181248731826,mid
2018-03-14,0.1253856661953283,0.2454344236483776,mid
2018-03-15,0.1206431024320709,0.2568320892647195,mid
2018-03-16,0.1224116182744945,0.2628711419439852,mid
2018-03-19,0.1220564002222157,0.2448976504723997,mid
2018-03-20,0.0947158504861365,0.2571954791363268,mid
2018-03-21,0.1065792563392438,0.2844589539682862,mid
2018-03-22,0.1099867093038867,0.2641580685647381,mid
2018-03-23,0.128851255440011,0.2840974629799168,mid
2018-03-26,0.1814330746178887,0.2967918997671442,mid
2018-03-27,0.1885031879771388,0.2841218152659159,mid
2018-03-28,0.1914943882018438,0.270937114086007,busy
2018-03-29,0.201222477659911,0.2799731466974607,busy
2018-04-02,0.1656584606885024,0.2941713744424948,mid
2018-04-03,0.2070548102143301,0.3442988123827168,busy
2018-04-04,0.206215649401246,0.3212658622434002,busy
2018-04-05,0.1981177941259202,0.2780730933198864,busy
2018-04-06,0.2001927224139954,0.344358311394778,busy
2018-04-09,0.212979082110436,0.3870822403524566,busy
2018-04-10,0.2142332221410569,0.3291166916776855,busy
2018-04-11,0.1972681666464485,0.2586035088099805,mid
2018-04-12,0.1976590333093711,0.2636423806294049,mid
2018-04-13,0.2170622047297718,0.2852200377103587,busy
2018-04-16,0.216138315392954,0.2845111916913541,busy
2018-04-17,0.237777042736208,0.2822900246593339,busy
2018-04-18,0.258676903189199,0.2715023737454903,busy
2018-04-19,0.2609232473802712,0.2872994523784301,busy
2018-04-20,0.2615472731223322,0.2816826286349164,busy
2018-04-23,0.2525247558435548,0.3057885080767356,busy
2018-04-24,0.2223259801142568,0.3133757139813045,busy
2018-04-25,0.2117652931156932,0.3056089714012721,busy
2018-04-26,0.2061957710748028,0.2725406000307007,mid
2018-04-27,0.1986546265914055,0.2820804392574206,mid
2018-04-30,0.2063008248982845,0.2777067485942524,mid
2018-05-01,0.1365187927702731,0.2556932708192154,mid
2018-05-02,0.130888176703165,0.2482706543463238,mid
2018-05-03,0.1201503580180169,0.2559774536087323,mid
2018-05-04,0.1391224641861006,0.306283688869461,mid
2018-05-07,0.0692030365361968,0.2375642572089904,mid
2018-05-08,0.0718286404476532,0.2598395503779854,mid
2018-05-09,0.0686035199386544,0.2337038121850727,mid
2018-05-10,0.070781073193982,0.2326820795989967,mid
2018-05-11,0.0703422258399594,0.2370207026665864,mid
2018-05-14,0.0727755941163079,0.2285887612959863,mid
2018-05-15,0.0753756350181474,0.2422946460773908,mid
2018-05-16,0.0746406374320712,0.2681911168842453,mid
2018-05-17,0.0758914714843314,0.2535484817786602,mid
2018-05-18,0.0795699881383307,0.2246193588350668,mid
2018-05-21,0.0761605048854322,0.2307173441523876,mid
2018-05-22,0.0778189560603707,0.2245074524882458,mid
2018-05-23,0.0686136368236964,0.2282206095335303,mid
2018-05-24,0.0601510380872878,0.2216302542846398,quiet
2018-05-25,0.0603672720485436,0.2374124049408442,quiet
2018-05-29,0.0605204859678042,0.2670509064093326,quiet
2018-05-30,0.0758395889823722,0.2996888135041848,mid
2018-05-31,0.0758474317185456,0.2772087694673586,mid
2018-06-01,0.0779362454973564,0.2551121564022471,mid
2018-06-04,0.0426428134990556,0.2203863842384909,quiet
2018-06-05,0.042334261928304,0.2392712746148319,quiet
2018-06-06,0.0432510917907372,0.2170564795717052,quiet
2018-06-07,0.0433528679703928,0.2184769314811254,quiet
2018-06-08,0.0432842869718407,0.2219020097577529,quiet
2018-06-11,0.0432906604216428,0.2187643874924268,quiet
2018-06-12,0.0434119406496367,0.2313530441823836,quiet
2018-06-13,0.042320637405607,0.2211193605310311,quiet
2018-06-14,0.0403039519201557,0.2180245661134737,quiet
2018-06-15,0.0393719078673099,0.2361854542353816,quiet
2018-06-18,0.0582476037051999,0.2898630383790072,quiet
2018-06-19,0.0606489340060079,0.3037851022781029,quiet
2018-06-20,0.0642935927583509,0.2825254898483961,mid
2018-06-21,0.0640281954750368,0.2682467756121404,mid
2018-06-22,0.0634590546194552,0.2410334430333963,mid
2018-06-25,0.0655853473616724,0.2754595182635371,mid
2018-06-26,0.0956900629720489,0.3359548181014756,mid
2018-06-27,0.0826314448150766,0.3059762062738694,mid
2018-06-28,0.0897553705098441,0.272942953349743,mid
2018-06-29,0.087130019228819,0.2612303761287897,mid
2018-07-02,0.0908416496299584,0.2618970774309347,mid
2018-07-03,0.0841556585148691,0.2450720401778664,mid
2018-07-05,0.0886266837079052,0.2513184493735531,mid
2018-07-06,0.0902403882242337,0.2339063241485036,mid
2018-07-09,0.0909571468632583,0.2418075257148935,mid
2018-07-10,0.0960644927004204,0.2411576189116374,mid
2018-07-11,0.0982931047153037,0.2396345624784948,mid
2018-07-12,0.0982677914702022,0.259197622105984,mid
2018-07-13,0.0998399582668114,0.2376179018182944,mid
2018-07-16,0.1049470569934013,0.2388710696992547,mid
2018-07-17,0.089447777484622,0.2241638173452234,mid
2018-07-18,0.089610739395534,0.2319335610797539,mid
2018-07-19,0.0867825732740043,0.2391653758851677,mid
2018-07-20,0.0856495130805783,0.233494159237603,mid
2018-07-23,0.0874237170522422,0.2619543666382575,mid
2018-07-24,0.0898295398731352,0.2686115709180364,mid
2018-07-25,0.0466616243908786,0.22222917993609,quiet
2018-07-26,0.0483446377109719,0.234255040196461,quiet
2018-07-27,0.0338658603093198,0.2371849897827946,quiet
2018-07-30,0.0338986898356984,0.2340076686907095,quiet
2018-07-31,0.0228633713518695,0.2197526449198346,quiet
2018-08-01,0.0233577949706087,0.2187232245588965,quiet
2018-08-02,0.020980141083598,0.2244527598025146,quiet
2018-08-03,0.0209013427771499,0.2197500674874324,quiet
2018-08-06,0.0210145145097649,0.2127706020616578,quiet
2018-08-07,0.0237899495998137,0.2220070945194875,quiet
2018-08-08,0.0255271532020301,0.210811040405903,quiet
2018-08-09,0.0249528568546282,0.2099112031062101,quiet
2018-08-10,0.0286218810919317,0.2359497420563328,quiet
2018-08-13,0.0311953288299743,0.2538599153728982,quiet
2018-08-14,0.0307930466639425,0.2188125764064115,quiet
2018-08-15,0.032252621328846,0.2611408356066588,quiet
2018-08-16,0.0455523595449673,0.2845188821316858,quiet
2018-08-17,0.0461377838316229,0.2422074969085956,quiet
2018-08-20,0.042655648007487,0.2243663488264608,quiet
2018-08-21,0.0447050911241333,0.250899890507931,quiet
2018-08-22,0.0446167758433584,0.2499708421200412,quiet
2018-08-23,0.0433421038949758,0.2351498758881124,quiet
2018-08-24,0.0440579645235421,0.2156852890077316,quiet
2018-08-27,0.0411314881001583,0.2188480672188448,quiet
2018-08-28,0.0407840388548104,0.2164081604238938,quiet
2018-08-29,0.0403458422221305,0.2281198726172884,quiet
2018-08-30,0.0405332767579108,0.2250604948954457,quiet
2018-08-31,0.0403165680526192,0.2137004697193619,quiet
2018-09-04,0.0410127086839022,0.2201002809271852,quiet
2018-09-05,0.0383845454289483,0.2259887228462506,quiet
2018-09-06,0.038059647254877,0.2278445442447953,quiet
2018-09-07,0.0357924251737575,0.2195445071439371,quiet
2018-09-10,0.0316132638376211,0.2277479783140378,quiet
2018-09-11,0.0307326563447208,0.2309234195082831,quiet
2018-09-12,0.0313450176847814,0.2134051143614986,quiet
2018-09-13,0.029047427722681,0.2209731068640812,quiet
2018-09-14,0.0143693355628822,0.2124806316921086,quiet
2018-09-17,0.013276382379632,0.2099591619788015,quiet
2018-09-18,0.0136718722106162,0.219575348448278,quiet
2018-09-19,0.0109591699205881,0.2088199322116252,quiet
2018-09-20,0.0110415791755389,0.2430643186448253,quiet
2018-09-21,0.023099459067683,0.2520148194941559,quiet
2018-09-24,0.0370826615152819,0.2417194275924235,quiet
2018-09-25,0.0376190222449107,0.2563040533056629,quiet
2018-09-26,0.0401861268595281,0.2382202098836898,quiet
2018-09-27,0.0400682462509184,0.2554305222470505,quiet
2018-09-28,0.0402131979299813,0.2361029751996645,quiet
2018-10-01,0.040383006068725,0.2253701351319925,quiet
2018-10-02,0.0404163234453257,0.2179925508717423,quiet
2018-10-03,0.0424183710037637,0.2344738910541777,quiet
2018-10-04,0.0418115448550539,0.2341137138119854,quiet
2018-10-05,0.0597398592890512,0.2619236725514583,mid
2018-10-08,0.0719789303126554,0.2266690460680618,mid
2018-10-09,0.0723052012388958,0.2310534990670195,mid
2018-10-10,0.0693628147445133,0.3085208118439099,mid
2018-10-11,0.228790892935019,0.3488308444328463,busy
2018-10-12,0.5184943729074954,0.4065930704826916,busy
2018-10-15,0.5739357284304883,0.4005499957374335,busy
2018-10-16,0.5675199960077207,0.437145513068936,busy
2018-10-17,0.5592786219807999,0.3674557518866431,busy
2018-10-18,0.5369792244056073,0.3604945151362671,busy
2018-10-19,0.5443138086982763,0.364932874030548,busy
2018-10-22,0.5536792573502494,0.3833151058261602,busy
2018-10-23,0.534790332173937,0.4290227050174403,busy
2018-10-24,0.5087627247229558,0.3800021400951025,busy
2018-10-25,0.5293736970645415,0.3896483516247422,busy
2018-10-26,0.5013469084391745,0.4018552301878539,busy
2018-10-29,0.5233390379048275,0.419150444591769,busy
2018-10-30,0.4910745502591982,0.3647037737408675,busy
2018-10-31,0.429165969443568,0.3216129681558574,busy
2018-11-01,0.3828764436694875,0.3122371638226587,busy
2018-11-02,0.3901199546466564,0.3429041354450085,busy
2018-11-05,0.3824581584615378,0.3537335123013874,busy
2018-11-06,0.4061956673408877,0.3580201536806716,busy
2018-11-07,0.4234899042556846,0.3394304837423496,busy
2018-11-08,0.3856804804984815,0.3584100071714253,busy
2018-11-09,0.2481773615113958,0.3013402529076498,busy
2018-11-12,0.22296490875068,0.2880734450739604,mid
2018-11-13,0.2237971291321901,0.2611920065239699,mid
2018-11-14,0.2276784889659771,0.2767429607628134,mid
2018-11-15,0.227220292534274,0.2823831530658746,mid
2018-11-16,0.2273500654740586,0.2744210155617672,mid
2018-11-19,0.224458644242069,0.2711181775803046,mid
2018-11-20,0.2151943823028726,0.2962653604889879,mid
2018-11-21,0.2116747316496983,0.3197791521348416,mid
2018-11-23,0.1964174313490491,0.294251847324125,mid
2018-11-26,0.2310619554386236,0.3081237665645666,busy
2018-11-27,0.1642150026751402,0.2734135704903916,mid
2018-11-28,0.1417608278855486,0.2679966959451211,mid
2018-11-29,0.1208970558874089,0.3033716298047287,mid
2018-11-30,0.1148530691228925,0.2818101494858714,mid
2018-12-03,0.1147951390354544,0.2437637969840106,mid
2018-12-04,0.1092560172904318,0.2692450204042119,mid
2018-12-06,0.1532422044170246,0.2957605470249831,mid
2018-12-07,0.2189044740396137,0.2978319621902068,mid
2018-12-10,0.2403875922894243,0.2987363686680439,busy
2018-12-11,0.2341075019428406,0.2764873224943193,mid
2018-12-12,0.23204976892022,0.2804942770372191,mid
2018-12-13,0.2325332573718476,0.2842050032673869,mid
2018-12-14,0.2329974692138544,0.2746000415108022,mid
2018-12-17,0.2322763118233504,0.2855646646504388,mid
2018-12-18,0.2491300972626601,0.3271329934339346,busy
2018-12-19,0.2508260065358535,0.3395622131261199,busy
2018-12-20,0.3216635826575979,0.3376782538918873,busy
2018-12-21,0.4508080112252532,0.337782776428636,busy
2018-12-24,0.5449521565713696,0.3964875240029973,busy
2018-12-26,0.4670039423165309,0.455514875589942,busy
2018-12-27,0.472821327411102,0.4107430688647941,busy
2018-12-28,0.4328748512356686,0.328577144250618,busy
2018-12-31,0.4262234088540533,0.340891702875255,busy
2019-01-02,0.380383519856136,0.3038879764664945,busy
2019-01-03,0.3577092307360873,0.3181628425559135,busy
2019-01-04,0.3314874479508605,0.3024573852821955,mid
2019-01-07,0.3328439722033205,0.3103554749697681,mid
2019-01-08,0.3420755226358453,0.3281360176080718,mid
2019-01-09,0.3645830121461322,0.298328015217572,busy
2019-01-10,0.391533577779011,0.3090850222336205,busy
2019-01-11,0.4081840702332844,0.3211309290739307,busy
2019-01-14,0.4331578675207586,0.3331690550218832,busy
2019-01-15,0.4601989672575234,0.329797226121799,busy
2019-01-16,0.4837923015999975,0.3436503780220667,busy
2019-01-17,0.5152949752449443,0.3504523371257103,busy
2019-01-18,0.531007402457535,0.3550772454899215,busy
2019-01-22,0.4820938358001502,0.3592639360221022,busy
2019-01-23,0.3653078000502504,0.2965416006449383,mid
2019-01-24,0.2356082683460501,0.2632229437402939,mid
2019-01-25,0.256147566947019,0.3112991911640316,mid
2019-01-28,0.1656374834677567,0.2745892223822852,mid
2019-01-29,0.117409236967288,0.2345108499823006,mid
2019-01-30,0.1065558255244039,0.2596131163861117,mid
2019-01-31,0.0896983659319242,0.241988887928706,mid
2019-02-01,0.082639246993556,0.2418534661043994,mid
2019-02-04,0.0632025548624282,0.226907245834019,mid
2019-02-05,0.0490334290793198,0.2451508454683301,mid
2019-02-06,0.0479286680275095,0.2418700836663876,mid
2019-02-07,0.0525317197394888,0.2534906938761793,mid
2019-02-08,0.0526060442761207,0.2600707630174445,mid
2019-02-11,0.0522201692707353,0.2294135366179314,mid
2019-02-12,0.0535180678435046,0.2238013934087158,mid
2019-02-13,0.0532321869579381,0.2219468739872664,mid
2019-02-14,0.0560712971830533,0.2309213601168832,mid
2019-02-15,0.0557829363938231,0.2262552739601369,mid
2019-02-19,0.0559873126660489,0.2485922739609351,mid
2019-02-20,0.0430743301763244,0.2555186360688634,quiet
2019-02-21,0.032418232156952,0.2305629272108476,quiet
2019-02-22,0.0333887723687834,0.2280035948794166,quiet
2019-02-25,0.0305678939141005,0.2259090949108623,quiet
2019-02-26,0.0280973864924141,0.2133322720232685,quiet
2019-02-27,0.0304055602480758,0.2197029053029343,quiet
2019-02-28,0.0324656752294751,0.2153030322295043,quiet
2019-03-01,0.029993191870895,0.2154935744926057,quiet
2019-03-04,0.0224644100912615,0.2186460939999702,quiet
2019-03-05,0.030298744289602,0.2587236929441661,quiet
2019-03-06,0.0306618050447202,0.262170503477096,quiet
2019-03-07,0.0303716157044203,0.2182892148609481,quiet
2019-03-08,0.0318348155636515,0.2321694616892016,quiet
2019-03-11,0.0293285215735106,0.2175880904270837,quiet
2019-03-12,0.0300096554330368,0.2354488273608505,quiet
2019-03-13,0.0299117815962572,0.2216709065066889,quiet
2019-03-14,0.0301306872553156,0.2162104704047172,quiet
2019-03-15,0.02981036638475,0.2277674324052545,quiet
2019-03-18,0.0295851513816786,0.2312036049696498,quiet
2019-03-19,0.0264798240923062,0.2398575930105255,quiet
2019-03-20,0.0267743948655702,0.2372110582750279,quiet
2019-03-21,0.0274968651185683,0.2105985982894238,quiet
2019-03-22,0.0265431366512645,0.2355432265227136,quiet
2019-03-25,0.0434795755673642,0.2702697896202329,mid
2019-03-26,0.0431000379671846,0.2394732610366793,mid
2019-03-27,0.0399742374333123,0.2292603567172841,mid
2019-03-28,0.0360911096101264,0.2217108085502529,quiet
2019-03-29,0.0397979009901438,0.2392372800964243,mid
2019-04-01,0.0398334451601308,0.238121863726354,mid
2019-04-02,0.0337701444554412,0.2281481694776515,quiet
2019-04-03,0.0426446703774613,0.2610765040908361,mid
2019-04-04,0.04328512107185,0.2486345147197188,mid
2019-04-05,0.0463938062252158,0.235531836760139,mid
2019-04-08,0.0473026176838241,0.2244055100821489,mid
2019-04-09,0.0499379787240439,0.2245619894421555,mid
2019-04-10,0.0498829032024822,0.2325020417882232,mid
2019-04-11,0.0521778875978072,0.2280200627861592,mid
2019-04-12,0.0540707584594433,0.2217905373801008,mid
2019-04-15,0.0530249221798644,0.238696090898269,mid
2019-04-16,0.0558125373677313,0.2353650008192212,mid
2019-04-17,0.053890958561689,0.2171080430352762,mid
2019-04-18,0.0517692627222565,0.2186320652128805,mid
2019-04-22,0.0502530306172366,0.238554717038656,mid
2019-04-23,0.0257233869771821,0.2374812352127816,quiet
2019-04-24,0.0210565320356333,0.2176785551964219,quiet
2019-04-25,0.0210062237485895,0.2113733838824879,quiet
2019-04-26,0.0194160513462731,0.2156591929247116,quiet
2019-04-29,0.0197830538979015,0.2151128050843803,quiet
2019-04-30,0.0145996130012874,0.2152794326914286,quiet
2019-05-01,0.0159086556370212,0.2320615746040075,quiet
2019-05-02,0.015133053146604,0.2101740441162841,quiet
2019-05-03,0.0146826489503507,0.208199995579361,quiet
2019-05-06,0.0140130711704644,0.2394996177907042,quiet
2019-05-07,0.032568789313483,0.2390297309507328,mid
2019-05-08,0.0864245753535559,0.2801483983445633,mid
2019-05-09,0.0917793128204163,0.2813956405463879,mid
2019-05-10,0.1002206333908777,0.2332703870106425,mid
2019-05-13,0.112571230665009,0.235683758603574,mid
2019-05-14,0.1361683246644689,0.2746362323146609,mid
2019-05-15,0.1306427528281993,0.2815763332145389,mid
2019-05-16,0.1257199356325962,0.237275496995617,mid
2019-05-17,0.1225907156926919,0.2448316483927501,mid
2019-05-20,0.1254066275266019,0.275600463507185,mid
2019-05-21,0.1146376684767987,0.2581804411947468,mid
2019-05-22,0.1174099746234698,0.247844794795557,mid
2019-05-23,0.1178692471904007,0.2583333075143545,mid
2019-05-24,0.1155330336070113,0.3006512859656308,mid
2019-05-28,0.1134105741009991,0.2796189349193211,mid
2019-05-29,0.1092733658958104,0.2456684217859374,mid
2019-05-30,0.1127241487736014,0.2855530108037432,mid
2019-05-31,0.1153441508469443,0.2840048597706008,mid
2019-06-03,0.1121424884168747,0.2487053371024255,mid
2019-06-04,0.1056379546808115,0.2467309845128566,mid
2019-06-05,0.1029257165057111,0.2429144218860667,mid
2019-06-06,0.0741890242981447,0.2210979702521466,mid
2019-06-07,0.0746276947961274,0.2241141565904524,mid
2019-06-10,0.0705879279351979,0.2301806238793378,mid
2019-06-11,0.0636449363698744,0.2281395364277034,mid
2019-06-12,0.0438891327767357,0.2150905384666838,mid
2019-06-13,0.0492212975762461,0.2245731538201887,mid
2019-06-14,0.0533635017495847,0.2153347625312322,mid
2019-06-17,0.055679255042465,0.2248950357452515,mid
2019-06-18,0.0540830804963924,0.2517889683772203,mid
2019-06-19,0.0566456673371395,0.2630840711192453,mid
2019-06-20,0.053611398904484,0.2410876201058645,mid
2019-06-21,0.0667688021538843,0.269959989956837,mid
2019-06-24,0.0620499016781189,0.2353458905068795,mid
2019-06-25,0.064610813100522,0.2693223553014827,mid
2019-06-26,0.0654272738524392,0.2664247995480814,mid
2019-06-27,0.0589220787311605,0.2392278947102317,mid
2019-06-28,0.06528138916942,0.2374404344798085,mid
2019-07-01,0.062849011600957,0.227333875353741,mid
2019-07-02,0.0568400527958857,0.2425980269254804,mid
2019-07-03,0.0559111360506864,0.2256205786734234,mid
2019-07-05,0.0601647869402711,0.2409641868624967,mid
2019-07-08,0.0609959644056902,0.2295855027009564,mid
2019-07-09,0.0620207385336304,0.2200303406525919,mid
2019-07-10,0.0652809739233225,0.2309966383582543,mid
2019-07-11,0.0652824325643606,0.238294831195523,mid
2019-07-12,0.0645578423566632,0.2224265329340386,mid
2019-07-15,0.066793177963034,0.2248620466512712,mid
2019-07-16,0.0718432271727671,0.2281896480931597,mid
2019-07-17,0.0714070571494937,0.223846345409832,mid
2019-07-18,0.0671179372041972,0.2210371176505819,mid
2019-07-19,0.0633791514227764,0.2259139624016277,mid
2019-07-22,0.0343848238309787,0.2384682941756188,mid
2019-07-23,0.0274325008577467,0.233536695281867,quiet
2019-07-24,0.0277009187850502,0.2086069893661482,quiet
2019-07-25,0.019807125412168,0.2083213302124618,quiet
2019-07-26,0.0200245883214123,0.2186083218586081,quiet
2019-07-29,0.0194437572967361,0.2120380420380462,quiet
2019-07-30,0.0198146554267828,0.2159848266403439,quiet
2019-07-31,0.0121684788250811,0.2331133203037713,quiet
2019-08-01,0.0361088575215071,0.2461333565177646,mid
2019-08-02,0.1019106496002529,0.2690583291753166,mid
2019-08-05,0.131490788192897,0.289232411083852,mid
2019-08-06,0.2422623652353504,0.3401562957848794,busy
2019-08-07,0.2607556191458904,0.3334869043129992,busy
2019-08-08,0.2994547928455121,0.3222185341851117,busy
2019-08-09,0.2967804783484609,0.3331832867748239,busy
2019-08-12,0.2889569574733654,0.2971500751200732,busy
2019-08-13,0.2742501498712735,0.3136952147879889,busy
2019-08-14,0.2630754693778417,0.2891694876652715,busy
2019-08-15,0.2720069250829328,0.3282841972942583,busy
2019-08-16,0.2632586730370585,0.2944149668340797,busy
2019-08-19,0.2606938839558093,0.2848428612055528,busy
2019-08-20,0.2540052061320118,0.2972177026891661,mid
2019-08-21,0.2491975980849701,0.2669565283270111,mid
2019-08-22,0.2474754066435839,0.268681872661427,mid
2019-08-23,0.2496759553558716,0.3205585625710861,mid
2019-08-26,0.2571270371920952,0.4016112881588515,mid
2019-08-27,0.2339987697444499,0.3318989528109624,mid
2019-08-28,0.2190656211699787,0.2605556410126265,mid
2019-08-29,0.2300679662812219,0.267212492655111,mid
2019-08-30,0.2212352216766996,0.2622824463394016,mid
2019-09-03,0.2217956229986342,0.2622911656396132,mid
2019-09-04,0.1543810912086701,0.2503747322417705,mid
2019-09-05,0.1519311557366919,0.2808177646159973,mid
2019-09-06,0.1206191306833105,0.280736032035327,mid
2019-09-09,0.1253178802384605,0.266486984406055,mid
2019-09-10,0.1264740238904122,0.2369608160476221,mid
2019-09-11,0.1278608628012604,0.2392519857280973,mid
2019-09-12,0.123717037706486,0.2410735564877087,mid
2019-09-13,0.0883697399400963,0.2288055455128872,mid
2019-09-16,0.0787630083166416,0.2285215820931746,mid
2019-09-17,0.0758644076733958,0.2275786105147539,mid
2019-09-18,0.0787438297429464,0.2519781174787381,mid
2019-09-19,0.0779986469087381,0.2492692955498504,mid
2019-09-20,0.0769284992486366,0.2303350952250387,mid
2019-09-23,0.0818199641599934,0.2665243964267142,mid
2019-09-24,0.028861230548533,0.2749135266952135,quiet
2019-09-25,0.0370722767088877,0.2693187081186502,quiet
2019-09-26,0.0375264520663814,0.2266008724797393,quiet
2019-09-27,0.0376430728902343,0.2379937334656362,quiet
2019-09-30,0.0399073093902107,0.2523669905287103,quiet
2019-10-01,0.0414193325585302,0.2614660819643658,mid
2019-10-02,0.0457092720667759,0.2334078404979786,mid
2019-10-03,0.0665524331162764,0.2686112864817636,mid
2019-10-04,0.067107151583224,0.2465682316161233,mid
2019-10-07,0.0632656825235006,0.2322084846433901,mid
2019-10-08,0.0607186754630001,0.2440954347553083,mid
2019-10-09,0.0649562839689113,0.2749185417502203,mid
2019-10-10,0.0653429220911069,0.2482580283473252,mid
2019-10-11,0.0677274125943699,0.2498411101307243,mid
2019-10-14,0.0720273426770048,0.2929436584076648,mid
2019-10-15,0.0795783872431183,0.2828625860842507,mid
2019-10-16,0.077172164718118,0.2260761210083102,mid
2019-10-17,0.0819449296790046,0.2258471832509014,mid
2019-10-18,0.0875326605978375,0.2357860210198293,mid
2019-10-21,0.0825565792491954,0.2513746831442603,mid
2019-10-22,0.0861560025549061,0.25154252044618,mid
2019-10-23,0.0830264001485319,0.2384905361906788,mid
2019-10-24,0.0911537676339419,0.2374214014297309,mid
2019-10-25,0.0980067446403114,0.2302644740470024,mid
2019-10-28,0.0973794801979523,0.2365055412793201,mid
2019-10-29,0.1000106013562563,0.2303862217791115,mid
2019-10-30,0.0957383305604444,0.2275960909069479,mid
2019-10-31,0.0605089874771641,0.2212780891526637,mid
2019-11-01,0.0545981694407917,0.231667907145808,mid
2019-11-04,0.055555629128101,0.2224346114798249,mid
2019-11-05,0.0555517563271279,0.2234655069561722,mid
2019-11-06,0.0384022491138481,0.2269497613625052,quiet
2019-11-07,0.0372555207551942,0.2135774668391654,quiet
2019-11-08,0.0370666578569421,0.2200727555392148,quiet
2019-11-11,0.0160245571201923,0.207954563667281,quiet
2019-11-12,0.016845066975119,0.2225423293798202,quiet
2019-11-13,0.0168846814742198,0.2112651392454238,quiet
2019-11-14,0.0171076711870705,0.2135151670417729,quiet
2019-11-15,0.0171203893439468,0.2127366093493856,quiet
2019-11-18,0.0167411377977642,0.2217530586932801,quiet
2019-11-19,0.0159094488786874,0.2268126945208512,quiet
2019-11-20,0.0184565545205398,0.2173963324462738,quiet
2019-11-21,0.0224838987862015,0.2301243651970131,quiet
2019-11-22,0.0199665463583294,0.2247717245217043,quiet
2019-11-25,0.0200181261256812,0.2168385232160107,quiet
2019-11-26,0.0190866547262092,0.2146537654210928,quiet
2019-11-27,0.0204878079716366,0.2195942639696886,quiet
2019-11-29,0.021008087233223,0.2166410810973674,quiet
2019-12-02,0.0210135484106217,0.2349885205587395,quiet
2019-12-03,0.0227617362760516,0.2447536451757031,quiet
2019-12-04,0.0264016209436544,0.220905755541524,quiet
2019-12-05,0.0256745731767917,0.228075542214054,quiet
2019-12-06,0.0265656664610834,0.2193430706511596,quiet
2019-12-09,0.0266770235776906,0.2224099476418632,quiet
2019-12-10,0.0290947012564848,0.2305469190171381,quiet
2019-12-11,0.0268554265160124,0.2243809143736808,quiet
2019-12-12,0.0264999617001574,0.2310999075636689,quiet
2019-12-13,0.0411339502623843,0.2584592823455249,mid
2019-12-16,0.0462961348360923,0.2269368992877671,mid
2019-12-17,0.051381320134911,0.2263319895470607,mid
2019-12-18,0.0508171013156273,0.2287449688581417,mid
2019-12-19,0.0507802432760848,0.2459699712836115,mid
2019-12-20,0.053125960643043,0.2450955472054815,mid
2019-12-23,0.1180920662038846,0.3353490214380802,mid
2019-12-24,0.1162531364812933,0.3091041438647131,mid
2019-12-26,0.1291614251412019,0.2699744957679076,busy
2019-12-27,0.1321172622229124,0.2411159292672539,busy
2019-12-30,0.1327550920919679,0.2432849511828199,busy
2019-12-31,0.1288323317569217,0.2379299767562986,busy
2020-01-02,0.1271481384815899,0.2397984292903796,busy
2020-01-03,0.1253519278283131,0.2430549142068523,mid
2020-01-06,0.126684409048613,0.2630125265370371,busy
2020-01-07,0.1233816211007197,0.2480548008917607,mid
2020-01-08,0.1249794331943699,0.2591075417453438,mid
2020-01-09,0.1189538782315876,0.2659182815967173,mid
2020-01-10,0.1198849325753367,0.2533988887648559,mid
2020-01-13,0.119960566017441,0.2393487570990582,mid
2020-01-14,0.1119382961246073,0.2428329508469971,mid
2020-01-15,0.1083020806391795,0.2396552383593306,mid
2020-01-16,0.1051449583490546,0.2458793600075169,mid
2020-01-17,0.105322357257315,0.2677006805995615,mid
2020-01-21,0.1146011715211648,0.2790877648221256,mid
2020-01-22,0.1120245843191967,0.2437148309609469,mid
2020-01-23,0.0450789103124396,0.2328048229030357,mid
2020-01-24,0.0451376065962314,0.2312403041461824,mid
2020-01-27,0.0411399829776208,0.2468301890181393,mid
2020-01-28,0.0385202379353707,0.2204466445210984,mid
2020-01-29,0.0353056659011564,0.2241656147673341,mid
2020-01-30,0.034528406067925,0.2299626754005032,mid
2020-01-31,0.0353350102896301,0.2280224863760078,mid
2020-02-03,0.05420760955662,0.2723257778931051,mid
2020-02-04,0.0532400243716186,0.2542745017541276,mid
2020-02-05,0.0524159346331416,0.222058423768028,mid
2020-02-06,0.0475442516673196,0.2237631770184513,mid
2020-02-07,0.049921391530133,0.2352184149995638,mid
2020-02-10,0.0471136780734232,0.2371271183578778,mid
2020-02-11,0.0506978487350713,0.2409843906104599,mid
2020-02-12,0.0486642030477899,0.2307125898374672,mid
2020-02-13,0.0529044170037784,0.2295212822374872,mid
2020-02-14,0.0537420299174618,0.2202502016168301,mid
2020-02-18,0.0525860980005443,0.2273579652867199,mid
2020-02-19,0.0454734644390621,0.2156685809783994,mid
2020-02-20,0.0456406988864925,0.2339758628718454,mid
2020-02-21,0.044813373187993,0.2313714319589173,mid
2020-02-24,0.0621913860789382,0.2390121225558759,mid
2020-02-25,0.1287012386018852,0.2555849896847848,busy
2020-02-26,0.2991871007322477,0.3258164384414171,busy
2020-02-27,0.4028939435664374,0.3655031767534561,busy
2020-02-28,0.7017390292040645,0.401965049456792,busy
2020-03-02,1.0,0.5751823900143092,busy
2020-03-03,1.0,0.6274660745985887,busy
2020-03-04,1.0,0.5675079110391057,busy
2020-03-05,0.9865357716421406,0.5856883965860289,busy
2020-03-06,0.973132715575952,0.4786968431233007,busy
2020-03-09,0.9633593799846216,0.4944801535723435,busy
2020-03-10,1.0,0.5489074137130361,busy
2020-03-11,0.981443895586502,0.481372431152448,busy
2020-03-12,0.9383914957319776,0.5360682588670118,busy
2020-03-13,1.0,0.6151566648037925,busy
2020-03-16,0.9600918630876696,0.4947328943333079,busy
2020-03-17,0.876079819839123,0.4369774579260659,busy
2020-03-18,0.7424743932173369,0.441719621717864,busy
2020-03-19,0.6020387704549665,0.417462899781036,busy
2020-03-20,0.4569424990141257,0.3621903346705942,busy
2020-03-23,0.3789769891469148,0.3533624367428172,busy
2020-03-24,0.328549986514703,0.3243053401709824,busy
2020-03-25,0.3203386745548343,0.4044470049214295,busy
2020-03-26,0.2845221160096381,0.3525848495202083,busy
2020-03-27,0.2883487581939076,0.302381850106468,busy
2020-03-30,0.2547129054338841,0.2878918546285175,busy
2020-03-31,0.2986542410132998,0.3353907843343461,busy
2020-04-01,0.3220581972967441,0.3074325846668521,busy
2020-04-02,0.3118895421304207,0.2870735159044194,busy
2020-04-03,0.3188235525623509,0.3048476784958409,busy
2020-04-06,0.3907414725749908,0.3589250231852084,busy
2020-04-07,0.4052449597233738,0.350106850821924,busy
2020-04-08,0.4175404865050184,0.3476424665900951,busy
2020-04-09,0.4617329183109279,0.3798450146806827,busy
2020-04-13,0.3769289848364138,0.3599926253421152,busy
2020-04-14,0.4009453067485766,0.3854307720028999,busy
2020-04-15,0.4148457080525495,0.33308122958025,busy
2020-04-16,0.4473968007438035,0.3303860312813249,busy
2020-04-17,0.4108196114442553,0.3101228673020631,busy
2020-04-20,0.3883566740836991,0.3387615043343968,busy
2020-04-21,0.315004176677558,0.32890892833719,busy
2020-04-22,0.2308514747672479,0.2884516988078066,mid
2020-04-23,0.2394545952956889,0.2998038257138999,mid
2020-04-24,0.1700524323813444,0.2535347372089171,mid
2020-04-27,0.1421995651066187,0.2483454803431151,mid
2020-04-28,0.1348969159427589,0.2564064554170532,mid
2020-04-29,0.1362087035929512,0.2565128411350859,mid
2020-04-30,0.1223691162288619,0.2412054901127661,mid
2020-05-01,0.1084489424608597,0.2293306439101142,mid
2020-05-04,0.0983595269820645,0.2511855001258427,mid
2020-05-05,0.1079463108413855,0.2694833270047102,mid
2020-05-06,0.0977613044822573,0.2272084245965549,mid
2020-05-07,0.0746119433466984,0.2221634644733005,mid
2020-05-08,0.073107448812502,0.2202003304064651,mid
2020-05-11,0.0464514460658204,0.2088276866749924,mid
2020-05-12,0.0485962206474737,0.2210540320696203,mid
2020-05-13,0.0440917618262517,0.2351159038846386,quiet
2020-05-14,0.0506684663512278,0.2712375298269639,mid
2020-05-15,0.0484494894652223,0.229640670340863,mid
2020-05-18,0.039400386392213,0.2240446529792161,quiet
2020-05-19,0.0411888082697336,0.232952740099457,quiet
2020-05-20,0.03818854206421,0.2297134655135111,quiet
2020-05-21,0.0388501606584519,0.2160353541376863,quiet
2020-05-22,0.0404934584213082,0.2174709726537998,quiet
2020-05-26,0.0448421879343976,0.2381866090665997,mid
2020-05-27,0.0434893662387691,0.2285349221993697,mid
2020-05-28,0.0434570956959446,0.2342054244327744,mid
2020-05-29,0.0413543980588489,0.2393144993233658,mid
2020-06-01,0.0405166320894868,0.2713766500625887,quiet
2020-06-02,0.0423153180559102,0.280438927326252,mid
2020-06-03,0.0431801387009732,0.2214148451157016,mid
2020-06-04,0.042461600786944,0.2375833444778216,mid
2020-06-05,0.0421120273533776,0.2678774496976133,mid
2020-06-08,0.0546804148733983,0.3244692442747676,mid
2020-06-09,0.0552523566457283,0.2913206247876012,mid
2020-06-10,0.0555783754424839,0.2237230006104184,mid
2020-06-11,0.0555835313016142,0.2746955601383184,mid
2020-06-12,0.1019930938533739,0.3368814779100845,mid
2020-06-15,0.1397227746893968,0.2600808442630886,mid
2020-06-16,0.144174203448516,0.2958309564276112,mid
2020-06-17,0.148001591088567,0.2707890156570242,mid
2020-06-18,0.1496522740621289,0.2911259817626269,mid
2020-06-19,0.1506092735947442,0.2729185398207692,mid
2020-06-22,0.1512879690216564,0.3248474496781589,mid
2020-06-23,0.1476021961255382,0.2949587632212175,mid
2020-06-24,0.1528697422898886,0.2812496391376569,mid
2020-06-25,0.1558047950929844,0.3255865258528255,mid
2020-06-26,0.1560147179867844,0.3034279163779121,mid
2020-06-29,0.1572374910849746,0.3040940827095648,mid
2020-06-30,0.1487652067362631,0.3020457600629801,mid
2020-07-01,0.1428658142475574,0.2909096644917363,mid
2020-07-02,0.1480700591484712,0.2769369017610252,mid
2020-07-06,0.1502752182991331,0.2433998402463116,mid
2020-07-07,0.1516944248423827,0.2588988896574287,mid
2020-07-08,0.1493727393284579,0.2746881659905511,mid
2020-07-09,0.1575545632377609,0.2827509930633644,mid
2020-07-10,0.1591933389597142,0.283289308990133,mid
2020-07-13,0.1140798735391913,0.2709338341303393,mid
2020-07-14,0.0689142900093461,0.2588024601192933,mid
2020-07-15,0.0599194221260738,0.2205193522441953,mid
2020-07-16,0.0491484166256944,0.227882686647817,mid
2020-07-17,0.0538133625995084,0.2492200961251508,mid
2020-07-20,0.0560913131440933,0.2257606974871375,mid
2020-07-21,0.0470007288072596,0.2177191225844718,mid
2020-07-22,0.0493024422093857,0.213736882417848,mid
2020-07-23,0.0509531224189067,0.2232806373670952,mid
2020-07-24,0.0376000940189797,0.225969003423152,quiet
2020-07-27,0.0368944124457336,0.2234987418191389,quiet
2020-07-28,0.0268871602138905,0.2346858206340073,quiet
2020-07-29,0.0275125534432465,0.2208133195601553,quiet
2020-07-30,0.020812097607623,0.2200791217914168,quiet
2020-07-31,0.0208629944488475,0.2169565477158067,quiet
2020-08-03,0.0222276044120606,0.2450775947736468,quiet
2020-08-04,0.0230563036957986,0.2320229342196186,quiet
2020-08-05,0.0246629269801991,0.2176022937121093,quiet
2020-08-06,0.0264421647491814,0.2072943918192777,quiet
2020-08-07,0.0266627822673597,0.2145083143405786,quiet
2020-08-10,0.0266753065520705,0.2270505986476347,quiet
2020-08-11,0.0202944416467841,0.2302107909043625,quiet
2020-08-12,0.0154855519617312,0.2358503000536205,quiet
2020-08-13,0.0117450886113893,0.2125234164154372,quiet
2020-08-14,0.0127648419330157,0.2176316487105563,quiet
2020-08-17,0.0129439728187802,0.2149335467877559,quiet
2020-08-18,0.0147361827278919,0.216673419295204,quiet
2020-08-19,0.0158043217475615,0.2196553028322699,quiet
2020-08-20,0.0166181241225877,0.2460249384663887,quiet
2020-08-21,0.0149834985063073,0.2353274816945122,quiet
2020-08-24,0.0129282732278725,0.218894566319322,quiet
2020-08-25,0.0129191707168824,0.20843745508028,quiet
2020-08-26,0.0135037401490987,0.2197170699282871,quiet
2020-08-27,0.0134756409993712,0.2123003360504339,quiet
2020-08-28,0.0131619156429992,0.2153949048618947,quiet
2020-08-31,0.0075151809996664,0.2193336237477339,quiet
2020-09-01,0.0087291339727773,0.2247578859939918,quiet
2020-09-02,0.0085507186164268,0.220584439066963,quiet
2020-09-03,0.0098201258861032,0.2430065121026189,quiet
2020-09-04,0.0491988944845435,0.2864917322944326,mid
2020-09-08,0.0784081394531369,0.2275074712373025,mid
2020-09-09,0.0891441951797483,0.2358487109742442,mid
2020-09-10,0.0922237898124609,0.2462145892022545,mid
2020-09-11,0.0941342118586,0.2278352490405784,mid
2020-09-14,0.0921097129382062,0.2336900061882538,mid
2020-09-15,0.0898546522227966,0.2364333554168061,mid
2020-09-16,0.0856345043197358,0.2498891034748442,mid
2020-09-17,0.0809297436707072,0.2448194897300478,mid
2020-09-18,0.0821455813156656,0.2287656628135785,mid
2020-09-21,0.0808678446045845,0.2385173591841039,mid
2020-09-22,0.0801935251349885,0.2398552014073244,mid
2020-09-23,0.0768769429016894,0.2698061576702983,mid
2020-09-24,0.0687509763591252,0.2538109410152503,mid
2020-09-25,0.0639464027532875,0.2295116020062601,mid
2020-09-28,0.0615082501015613,0.2193731098393221,mid
2020-09-29,0.0572562588203568,0.2208272292409079,mid
2020-09-30,0.0608388965636374,0.2565758722331684,mid
2020-10-01,0.0576101216394511,0.2735426290746258,mid
2020-10-02,0.0559802024668571,0.2299512448668976,mid
2020-10-05,0.0393990103207648,0.2325989112902144,mid
2020-10-06,0.0320071426995916,0.27251486433186,mid
2020-10-07,0.0271770255560258,0.2664148538080494,quiet
2020-10-08,0.0287571253484389,0.2340977229614781,mid
2020-10-09,0.0326155691383393,0.2268037329006212,mid
2020-10-12,0.0333968802262556,0.2191386926297968,mid
2020-10-13,0.0330921171134698,0.2326223749769806,mid
2020-10-14,0.0306834155107562,0.2151819572564201,mid
2020-10-15,0.0319955619389308,0.2243548738464617,mid
2020-10-16,0.0316349152755153,0.2241126219060824,mid
2020-10-19,0.0280384235976069,0.245874367396568,mid
2020-10-20,0.0247606268144991,0.2225952251886668,quiet
2020-10-21,0.0250704402319585,0.2165402790365764,quiet
2020-10-22,0.0229956227223353,0.2134999610574538,quiet
2020-10-23,0.0236303271522413,0.211400397088683,quiet
2020-10-26,0.025249254170245,0.2356444549708254,quiet
2020-10-27,0.027604311925363,0.2609874408032865,mid
2020-10-28,0.0262082142396623,0.2638905193533616,quiet
2020-10-29,0.0356521659008684,0.2856421450969325,mid
2020-10-30,0.0359739396768997,0.2602716708831716,mid
2020-11-02,0.0453003987660483,0.2571274868094545,mid
2020-11-03,0.0424885847740305,0.2478347576654045,mid
2020-11-04,0.0429780957344486,0.2286165521876486,mid
2020-11-05,0.0528075333739077,0.2683069805881753,mid
2020-11-06,0.0476287918458774,0.2520597131228079,mid
2020-11-09,0.0457778941594263,0.272600269885851,mid
2020-11-10,0.081791347372857,0.3541795874056095,mid
2020-11-11,0.0810831840817388,0.2932211535267808,mid
2020-11-12,0.0809092832852401,0.2524459913770525,mid
2020-11-13,0.0793570751218859,0.2326872909741909,mid
2020-11-16,0.0816655272545018,0.2324887901950058,mid
2020-11-17,0.0808986533197022,0.2369838567707213,mid
2020-11-18,0.0796603838459994,0.2314716725826499,mid
2020-11-19,0.0784603570067074,0.2306992737706123,mid
2020-11-20,0.0772839313004489,0.2361262863656388,mid
2020-11-23,0.0720570089583894,0.2320729638559916,mid
2020-11-24,0.0744516390710402,0.2260034713721989,mid
2020-11-25,0.0751558879266911,0.2292888978904998,mid
2020-11-27,0.0733452110330785,0.2288965811630965,mid
2020-11-30,0.0849557007494906,0.2665001278756834,mid
2020-12-01,0.0768437812561129,0.2774689360425966,mid
2020-12-02,0.0764471417565275,0.2344893798766389,mid
2020-12-03,0.0787761115621859,0.2569462559360755,mid
2020-12-04,0.0655975298267902,0.2376973588400512,mid
2020-12-07,0.0665813082560672,0.2285111592824765,mid
2020-12-08,0.0681086714851119,0.2211349576725062,mid
2020-12-09,0.0176442972244407,0.2187566551903107,quiet
2020-12-10,0.015688540628232,0.2428421036652008,quiet
2020-12-11,0.0157092344521471,0.2200908148778672,quiet
2020-12-14,0.0154727586234741,0.2105840323636033,quiet
2020-12-15,0.0158010752552735,0.2179400161999013,quiet
2020-12-16,0.014936046259956,0.2068644341941879,quiet
2020-12-17,0.014760079690962,0.2123284647776738,quiet
2020-12-18,0.0142924607016205,0.2429116208687451,quiet
2020-12-21,0.0400681892819377,0.2966016490767203,mid
2020-12-22,0.0447076152677012,0.2361140320165014,mid
2020-12-23,0.0458081764167518,0.2576593588889753,mid
2020-12-24,0.0471170317613051,0.2228528938858182,mid
2020-12-28,0.0516424685917869,0.2384880672683869,mid
2020-12-29,0.0489446980923986,0.2202669960684812,mid
2020-12-30,0.0469873846198173,0.228549843153459,mid
2020-12-31,0.0465938393219998,0.2323486500855927,mid
2021-01-04,0.0471222049080172,0.229582668246159,mid
2021-01-05,0.0574727225692264,0.2669714453140749,mid
2021-01-06,0.0567018407329557,0.2788886653719599,mid
2021-01-07,0.063446811655698,0.2762168514713395,mid
2021-01-08,0.0604881983949989,0.255180455014073,mid
2021-01-11,0.0603942389364252,0.2301300043348075,mid
2021-01-12,0.0612228123024997,0.2367921679903095,mid
2021-01-13,0.0618286940975047,0.2216426146413471,mid
2021-01-14,0.0640204417039316,0.2260854153662082,mid
2021-01-15,0.0652191837837678,0.2480573513313718,mid
2021-01-19,0.0720748834519258,0.3022662842749376,mid
2021-01-20,0.0733023156208093,0.2789762889720583,mid
2021-01-21,0.0508059917690619,0.2268674983877227,mid
2021-01-22,0.0467378291682089,0.2272914670507549,mid
2021-01-25,0.0463458142294334,0.2215982622223303,mid
2021-01-26,0.045426111155691,0.2441686131887289,mid
2021-01-27,0.0411718499123658,0.2802073550566935,mid
2021-01-28,0.052770066958115,0.3049751437293596,mid
2021-01-29,0.0545346581691757,0.2593662830821097,mid
2021-02-01,0.0657727392554331,0.2737120451590302,mid
2021-02-02,0.0656937741798718,0.2616673862410336,mid
2021-02-03,0.0596366598031148,0.2213530429643642,mid
2021-02-04,0.0611369894082001,0.225272836416028,mid
2021-02-05,0.0566117254462942,0.2201544971695195,mid
2021-02-08,0.0581846957451519,0.2223383389674507,mid
2021-02-09,0.0615056014622404,0.224477195317967,mid
2021-02-10,0.0645420742009189,0.2323381988366976,mid
2021-02-11,0.0640200028466007,0.2481817143745644,mid
2021-02-12,0.0644657586904248,0.2367681927435642,mid
2021-02-16,0.0643872151674156,0.2244452912004601,mid
2021-02-17,0.0563191827945891,0.2144573451589292,mid
2021-02-18,0.0561786270281383,0.2184359651597741,mid
2021-02-19,0.0561994507685112,0.2267516060328133,mid
2021-02-22,0.0571319478272746,0.2459797763765231,mid
2021-02-23,0.0565536932690967,0.2515323085709574,mid
2021-02-24,0.0644451545813982,0.272323824747433,mid
2021-02-25,0.0619154099961077,0.289113633895974,mid
2021-02-26,0.0760365879927311,0.2869735670798016,mid
2021-03-01,0.1042436870203292,0.25436528297666,mid
2021-03-02,0.0955340880744554,0.2581739562878911,mid
2021-03-03,0.0957714878074786,0.271601758907754,mid
2021-03-04,0.1058049555326174,0.2576140447531291,mid
2021-03-05,0.1545316101159743,0.3096937980494926,busy
2021-03-08,0.1704882301723614,0.2608717519337838,busy
2021-03-09,0.1695461850371679,0.2686727043160422,busy
2021-03-10,0.1592729082456024,0.2480751247360296,busy
2021-03-11,0.1443950198404445,0.248108042728049,mid
2021-03-12,0.1383444982325407,0.2496701741962035,mid
2021-03-15,0.1295182459080773,0.2583782844156346,mid
2021-03-16,0.1216809753139909,0.239623178215221,mid
2021-03-17,0.1137450662984552,0.2424339925766062,mid
2021-03-18,0.1026378136979798,0.2411940498293392,mid
2021-03-19,0.0938102393114813,0.2411395527911965,mid
2021-03-22,0.0914010861382096,0.2458433268884266,mid
2021-03-23,0.0892365373771967,0.2706348037318958,mid
2021-03-24,0.0905691759937345,0.2371415942630226,mid
2021-03-25,0.0853124380440921,0.2308889706312065,mid
2021-03-26,0.0788074344504878,0.2386879386948709,mid
2021-03-29,0.0693052234515559,0.2198805125224357,mid
2021-03-30,0.0693407675283438,0.234895053731653,mid
2021-03-31,0.0701680363363666,0.2683587205695919,mid
2021-04-01,0.0694290136872489,0.2603796421554704,mid
2021-04-05,0.0399545997373551,0.2142533145346027,mid
2021-04-06,0.027523427741472,0.2199585455049833,quiet
2021-04-07,0.029481290392069,0.233412853302714,quiet
2021-04-08,0.0338891064669796,0.2152435601183613,mid
2021-04-09,0.0369645212712639,0.2108777249846984,mid
2021-04-12,0.0403377229469434,0.2155655922620968,mid
2021-04-13,0.0422814961448419,0.2151196641573564,mid
2021-04-14,0.0456733172446814,0.214548551885937,mid
2021-04-15,0.0477079946813997,0.2180247096872447,mid
2021-04-16,0.0497437955257087,0.2263611549859503,mid
2021-04-19,0.0450831335927174,0.2341187117901801,mid
2021-04-20,0.0404619896628725,0.2150907733923261,mid
2021-04-21,0.0402375546376387,0.222092261586432,mid
2021-04-22,0.0406157322673582,0.2416325181950104,mid
2021-04-23,0.0406147945022002,0.2531741724618466,mid
2021-04-26,0.0344401443936043,0.2226761037205072,mid
2021-04-27,0.0304290551434377,0.2274678104401366,quiet
2021-04-28,0.0270841368405098,0.2074238043342386,quiet
2021-04-29,0.0287674816840881,0.2227531329129661,quiet
2021-04-30,0.0207196521666635,0.2272828710123721,quiet
2021-05-03,0.0176219628349436,0.2201463680186869,quiet
2021-05-04,0.0149788334944928,0.2380198738903884,quiet
2021-05-05,0.0199568380814187,0.2583855178176466,quiet
2021-05-06,0.0195239008093197,0.2524984765026126,quiet
2021-05-07,0.019007291055875,0.2220569920721314,quiet
2021-05-10,0.0186639058718376,0.2187729909524183,quiet
2021-05-11,0.0182884962857849,0.2219608167164817,quiet
2021-05-12,0.0257628089538143,0.2313456074257958,quiet
2021-05-13,0.0402509559464817,0.2403052468087462,mid
2021-05-14,0.041896531591305,0.2281412155605321,mid
2021-05-17,0.0418988859283249,0.2271452066457519,mid
2021-05-18,0.0429169783666945,0.2253599342276824,mid
2021-05-19,0.0446149875973831,0.2423861926459651,mid
2021-05-20,0.0470851816332057,0.271876092254327,mid
2021-05-21,0.0457484896735545,0.2389319175724708,mid
2021-05-24,0.0456006864090653,0.2259045446868645,mid
2021-05-25,0.0458063592221075,0.2397103781542554,mid
2021-05-26,0.0443742706193169,0.22508254724376,mid
2021-05-27,0.0468021844792534,0.2329839326828919,mid
2021-05-28,0.0491060064166994,0.2250474265734345,mid
2021-06-01,0.0505789914184568,0.2172560125858169,mid
2021-06-02,0.0525778563976688,0.2163250411000303,mid
2021-06-03,0.0525824961140653,0.2237403561315782,mid
2021-06-04,0.0528548573094287,0.2239324687673685,mid
2021-06-07,0.0542471649065217,0.216339466462623,mid
2021-06-08,0.0561507392879563,0.2170922448472267,mid
2021-06-09,0.0583080587892975,0.2200958925621868,mid
2021-06-10,0.0496799662280353,0.2128974077481768,mid
2021-06-11,0.0284334333245804,0.2090109940244537,mid
2021-06-14,0.0203577437129978,0.2077711156050809,quiet
2021-06-15,0.0191098875540794,0.2128656846538668,quiet
2021-06-16,0.0190075400456751,0.2194112947279967,quiet
2021-06-17,0.0213279876801517,0.2284079773766171,quiet
2021-06-18,0.0155691318454961,0.2166963512817394,quiet
2021-06-21,0.0302926569987643,0.2562828227355228,mid
2021-06-22,0.0297693413512557,0.2453470892843292,mid
2021-06-23,0.0294901745286115,0.2187594080796144,mid
2021-06-24,0.0299197083897674,0.2139462409890967,mid
2021-06-25,0.0296425590895817,0.2190222492247354,mid
2021-06-28,0.0296182947468228,0.2230458833685887,mid
2021-06-29,0.0297817478538975,0.2165193605484017,mid
2021-06-30,0.0320188706512692,0.2399399287729434,mid
2021-07-01,0.0317925540443508,0.2422103150645437,mid
2021-07-02,0.0319218496799064,0.2216947527031128,mid
2021-07-06,0.0318910143452533,0.213902795098116,mid
2021-07-07,0.0320324318139764,0.2218229335588117,mid
2021-07-08,0.0313295038601952,0.2318352531334246,mid
2021-07-09,0.0363737750447005,0.2526939857155204,mid
2021-07-12,0.036389194368476,0.2222970121559103,mid
2021-07-13,0.0353838451277044,0.2319807188260792,mid
2021-07-14,0.0337387790556764,0.2149876863107789,mid
2021-07-15,0.0328707836912883,0.2241102222208382,mid
2021-07-16,0.0322589228644648,0.2282262017115495,mid
2021-07-19,0.0296152542130651,0.2435310964045335,mid
2021-07-20,0.0479317978011644,0.3040638505291582,mid
2021-07-21,0.0528830103567722,0.2448401591668915,mid
2021-07-22,0.0525346250770448,0.2401256240363385,mid
2021-07-23,0.0527926385311682,0.2385633615262394,mid
2021-07-26,0.050625702269859,0.2389334177953713,mid
2021-07-27,0.0527726388872355,0.2454074439844448,mid
2021-07-28,0.0518599279123808,0.2442517428124004,mid
2021-07-29,0.0482837736049464,0.2243649262463877,mid
2021-07-30,0.0501706036626197,0.2295435902974577,mid
2021-08-02,0.0492070638789364,0.2389847388242894,mid
2021-08-03,0.0491064296892454,0.2226183657582356,mid
2021-08-04,0.0495741299292109,0.2192989233963714,mid
2021-08-05,0.051464519321062,0.2209334033986713,mid
2021-08-06,0.0500637680579822,0.2247333589841301,mid
2021-08-09,0.0505596668046738,0.2240351801576854,mid
2021-08-10,0.052186039971516,0.2202240333971313,mid
2021-08-11,0.0533814508761329,0.2157449665411729,mid
2021-08-12,0.0546701718659723,0.2178017466378737,mid
2021-08-13,0.0566094394041923,0.2199485572303431,mid
2021-08-16,0.0570249990882689,0.2343440668264246,mid
2021-08-17,0.0202235558101595,0.2235116456174077,quiet
2021-08-18,0.0175822585843014,0.2240743038906799,quiet
2021-08-19,0.0225971936145224,0.2101030385556621,quiet
2021-08-20,0.0283107371317929,0.2211860852139895,quiet
2021-08-23,0.0290756494999253,0.2204888920288385,quiet
2021-08-24,0.0281777412262032,0.2171527645782927,quiet
2021-08-25,0.0293827934585422,0.2242793226331963,quiet
2021-08-26,0.0304867881026557,0.2171832470823718,mid
2021-08-27,0.0301076231224053,0.2183201281798553,mid
2021-08-30,0.0313076739464652,0.2420447548160283,mid
2021-08-31,0.0316384007945776,0.2419428299279861,mid
2021-09-01,0.0316591835183385,0.2245119370472964,mid
2021-09-02,0.0314933362863627,0.2159779191246679,mid
2021-09-03,0.0309272151447161,0.2161132162882216,mid
2021-09-07,0.0308993678831526,0.2107182227284832,mid
2021-09-08,0.029857700773591,0.2102817471383936,quiet
2021-09-09,0.0288955471594768,0.2110808597500694,quiet
2021-09-10,0.0279238174033506,0.2247509503328171,quiet
2021-09-13,0.0298352012188437,0.2417845534432077,mid
2021-09-14,0.0293971138606455,0.2114483644111824,quiet
2021-09-15,0.0298674574589525,0.2135616687227323,mid
2021-09-16,0.0270893719682619,0.2078111977804123,quiet
2021-09-17,0.0249351213288581,0.2299326542280631,quiet
2021-09-20,0.0347466710574275,0.2326012279353206,mid
2021-09-21,0.0800083475646226,0.298166049641093,busy
2021-09-22,0.0813929324624977,0.2982102574763451,busy
2021-09-23,0.0804317801032087,0.2446251995814864,busy
2021-09-24,0.0751496361645934,0.2377899273133042,busy
2021-09-27,0.0745406666481525,0.2333303978086975,busy
2021-09-28,0.0754198847896328,0.2593633268184088,busy
2021-09-29,0.0845974475746766,0.3124687036027688,busy
2021-09-30,0.0827422474521217,0.2985979351900375,busy
2021-10-01,0.0927709347583672,0.2850463655249434,busy
2021-10-04,0.0919978864655726,0.2350275582700058,busy
2021-10-05,0.0895536197943074,0.2445264824482773,busy
2021-10-06,0.0813988836666886,0.2683422125789604,busy
2021-10-07,0.0752042911256438,0.2619399487532603,busy
2021-10-08,0.0708479522744197,0.2586211488133902,mid
2021-10-11,0.0730992812931686,0.2261741896576099,busy
2021-10-12,0.0769675947006146,0.2318876382449889,busy
2021-10-13,0.0783806638908344,0.2255797019323492,busy
2021-10-14,0.0794725630315123,0.2241603209037062,busy
2021-10-15,0.0809946993279803,0.2232950569766627,busy
2021-10-18,0.0821323598023344,0.2239442205075059,busy
2021-10-19,0.0599231867134732,0.219510386661344,mid
2021-10-20,0.0670803204734806,0.2326311199672953,mid
2021-10-21,0.0712328707905013,0.2251499841110389,mid
2021-10-22,0.0787402610384301,0.2368935006234885,busy
2021-10-25,0.0793595445553519,0.2450551862773185,busy
2021-10-26,0.0834190421675269,0.2402867251919674,busy
2021-10-27,0.0736235365226325,0.2259103238753174,mid
2021-10-28,0.0735555572206804,0.2464008520823323,mid
2021-10-29,0.0559282548510601,0.2416407187799132,mid
2021-11-01,0.0402534646770227,0.2372472938773643,mid
2021-11-02,0.0246018197630264,0.2250204197281704,quiet
2021-11-03,0.0223756901929662,0.2074561360928717,quiet
2021-11-04,0.0106238322499379,0.2039850392821534,quiet
2021-11-05,0.0100405939000156,0.2100851418819698,quiet
2021-11-08,0.0091659361984261,0.2237146220588484,quiet
2021-11-09,0.009202491834042,0.2183665102736335,quiet
2021-11-10,0.0084856128937657,0.2121975070060583,quiet
2021-11-11,0.008017181941049,0.2380035176439714,quiet
2021-11-12,0.0090167435160248,0.245248499596731,quiet
2021-11-15,0.0083888431183336,0.223471904764683,quiet
2021-11-16,0.0082720613167438,0.2094285497510065,quiet
2021-11-17,0.0081794068171052,0.2044936491156122,quiet
2021-11-18,0.0082525366107644,0.2046327536089888,quiet
2021-11-19,0.0076062199188294,0.205179157417102,quiet
2021-11-22,0.0075469234812208,0.2095395779934927,quiet
2021-11-23,0.0086792278094019,0.2169191268363672,quiet
2021-11-24,0.0100881454953795,0.2091813937239862,quiet
2021-11-26,0.0089932074427152,0.2407031017303408,quiet
2021-11-29,0.0229054268888238,0.2662473664799338,quiet
2021-11-30,0.0257217502306097,0.265005030125404,quiet
2021-12-01,0.0590086667988682,0.2781201320592819,mid
2021-12-02,0.0774002297199262,0.2305655988569927,busy
2021-12-03,0.0908041254553377,0.2315364417556703,busy
2021-12-06,0.1066630142058301,0.2555788101292077,busy
2021-12-07,0.1082484141200589,0.264208657712423,busy
2021-12-08,0.1056656618906267,0.2398945042946401,busy
2021-12-09,0.1019888268356336,0.2440698915347483,busy
2021-12-10,0.1031643075566937,0.2462267668254124,busy
2021-12-13,0.0931523189610487,0.2337130993469507,busy
2021-12-14,0.0889850382499533,0.2291966520748181,busy
2021-12-15,0.0826006762631403,0.2303922764717065,busy
2021-12-16,0.0787740188073538,0.2395621070302283,busy
2021-12-17,0.0723647720842801,0.2290958891134042,mid
2021-12-20,0.0698898629602676,0.2515737890025852,mid
2021-12-21,0.0619884431252271,0.2340431267685104,mid
2021-12-22,0.0627819418037596,0.247759654240159,mid
2021-12-23,0.0672491318352243,0.2265562401055455,mid
2021-12-27,0.0692549172752273,0.2206604395253967,mid
2021-12-28,0.0761895042959828,0.2246953102930966,busy
2021-12-29,0.0865462187302859,0.2341042408560116,busy
2021-12-30,0.0790365110072915,0.226313336953547,busy
2021-12-31,0.0752159528983538,0.2246956504154195,mid
2022-01-03,0.0687194639193129,0.223492522788677,mid
2022-01-04,0.0551025161644739,0.2201235271224861,mid
2022-01-05,0.0536887557893829,0.2340652018089463,mid
2022-01-06,0.0554141006060619,0.2558215305277236,mid
2022-01-07,0.0554080815307707,0.231136663389745,mid
2022-01-10,0.0538159273135671,0.2347875192130902,mid
2022-01-11,0.0599610515207478,0.2715304758941485,mid
2022-01-12,0.060193846702658,0.2566415927876694,mid
2022-01-13,0.0600363209475676,0.2351452329687037,mid
2022-01-14,0.0545362242997904,0.2341996425587313,mid
2022-01-18,0.0494864806472685,0.2191771508812343,mid
2022-01-19,0.0390617624705008,0.2223309846761169,mid
2022-01-20,0.0396805065371134,0.2182204457157142,mid
2022-01-21,0.0478669881154454,0.2529512678858712,mid
2022-01-24,0.1086728890529575,0.2727915700621169,busy
2022-01-25,0.2192055173310042,0.3309268708195698,busy
2022-01-26,0.2317229798075572,0.3507859313318581,busy
2022-01-27,0.2450782536401029,0.299976825149199,busy
2022-01-28,0.2364968651034858,0.3042887313916799,busy
2022-01-31,0.2292415899153843,0.2801955832132118,busy
2022-02-01,0.2186799617884721,0.2705648110533399,busy
2022-02-02,0.206017350625623,0.2781253391734382,busy
2022-02-03,0.1918965964066091,0.2545056295520824,busy
2022-02-04,0.1896715775769959,0.2506173530876115,busy
2022-02-07,0.1816638807138092,0.2664071596833627,busy
2022-02-08,0.1819337447623754,0.2798651825707316,busy
2022-02-09,0.1924425033444404,0.258930645925183,busy
2022-02-10,0.1847380677669256,0.2719379256745141,busy
2022-02-11,0.1661209324384298,0.280857641358254,busy
2022-02-14,0.1586161473557335,0.2696377998097086,busy
2022-02-15,0.1516534854505782,0.257389791389274,busy
2022-02-16,0.159088063503014,0.2726332504654223,busy
2022-02-17,0.1678975612742681,0.256234486774675,busy
2022-02-18,0.1721550684333944,0.2599502162361398,busy
2022-02-22,0.1506504065899526,0.2698283964854274,busy
2022-02-23,0.0809563356802252,0.2208319735668701,mid
2022-02-24,0.0726314551279822,0.2614139591616848,mid
2022-02-25,0.091620963927899,0.3475771310193286,busy
2022-02-28,0.0886475850066735,0.3245549287889836,busy
2022-03-01,0.0831710879481273,0.2482283152887411,mid
2022-03-02,0.0801717855945574,0.2306585097635018,mid
2022-03-03,0.080231869306897,0.2353840390329586,mid
2022-03-04,0.0812857344775536,0.237731546315023,mid
2022-03-07,0.0814566058527107,0.2334263755346614,mid
2022-03-08,0.0826828749364409,0.2361377592136309,mid
2022-03-09,0.0833440270310138,0.2732963793660443,busy
2022-03-10,0.0743306823631555,0.2540278711143324,mid
2022-03-11,0.0739008297519635,0.2428407545076888,mid
2022-03-14,0.0773729706240275,0.2215597201091705,mid
2022-03-15,0.0770904827909746,0.2263725719643709,mid
2022-03-16,0.0782264298953121,0.2401451486082208,mid
2022-03-17,0.0750332430654069,0.2788782617569584,mid
2022-03-18,0.0700015021993093,0.2606691253629031,mid
2022-03-21,0.0692172653519923,0.2316345237533696,mid
2022-03-22,0.0748254115314657,0.2304175727782736,mid
2022-03-23,0.0850143078935568,0.2364843046029564,busy
2022-03-24,0.0915373247386084,0.2356901727776386,busy
2022-03-25,0.0578861677336925,0.2297712453462616,mid
2022-03-28,0.0620109870644706,0.232148521987456,mid
2022-03-29,0.061667727597985,0.2342405768349216,mid
2022-03-30,0.0575763797231859,0.2356125360222,mid
2022-03-31,0.0584206945503825,0.2450563665005733,mid
2022-04-01,0.0603313323070203,0.2732592338613953,mid
2022-04-04,0.0600609265749386,0.235273561942344,mid
2022-04-05,0.0593814177191939,0.2517104626840271,mid
2022-04-06,0.0380891824663432,0.2221218076779858,mid
2022-04-07,0.0361768771659393,0.2558187422172605,mid
2022-04-08,0.0368061321783166,0.2382986838071295,mid
2022-04-11,0.0371244257963262,0.2154377264399526,mid
2022-04-12,0.0369239848598198,0.2227451906445208,mid
2022-04-13,0.0355471482159892,0.2142331799196545,mid
2022-04-14,0.0204478927577132,0.22524690012206,quiet
2022-04-18,0.0197442154552639,0.2448220333388643,quiet
2022-04-19,0.0185850535473662,0.2416510926699819,quiet
2022-04-20,0.0184560315793924,0.222879330581792,quiet
2022-04-21,0.0194219403606193,0.2277995404070985,quiet
2022-04-22,0.0194910668756939,0.2281564836046992,quiet
2022-04-25,0.0290821140414635,0.2581228001121771,mid
2022-04-26,0.0339539383917924,0.2162633293121061,mid
2022-04-27,0.0334916584420321,0.2333793313185397,mid
2022-04-28,0.0382606484470981,0.2353512025780157,mid
2022-04-29,0.0386241026524163,0.2475847209874063,mid
2022-05-02,0.0475473543882399,0.24394197072618,mid
2022-05-03,0.065835634052779,0.2581447738888097,mid
2022-05-04,0.0594198866396801,0.2938644692591133,mid
2022-05-05,0.0652370244907416,0.2464847129178312,mid
2022-05-06,0.0870602161996102,0.2578147599288976,busy
2022-05-09,0.0923835969971535,0.2461155413583164,busy
2022-05-10,0.0970295421700197,0.241302531091287,busy
2022-05-11,0.0960377405050158,0.2528337416936398,busy
2022-05-12,0.0945390903993353,0.2435754460636729,busy
2022-05-13,0.0855819558291762,0.2320258503440166,busy
2022-05-16,0.0844755264537554,0.2355679745291304,busy
2022-05-17,0.0789205922640333,0.2470487578247964,mid
2022-05-18,0.076990091048621,0.2385234809184189,mid
2022-05-19,0.0621092022948608,0.2571636047454365,mid
2022-05-20,0.0582609162082083,0.2506991530163951,mid
2022-05-23,0.0581922600742507,0.2763090850018502,mid
2022-05-24,0.0682038975330418,0.2773229641371372,mid
2022-05-25,0.0709860011736672,0.2330295858560014,mid
2022-05-26,0.0749602933093328,0.2244967620949314,mid
2022-05-27,0.0804369446408296,0.2307749792366024,mid
2022-05-31,0.081822205184758,0.2272479573087076,mid
2022-06-01,0.0747180910586026,0.2342414529845489,mid
2022-06-02,0.07707914096447,0.226147238192435,mid
2022-06-03,0.0763706016499891,0.2243827107177943,mid
2022-06-06,0.0618670237409822,0.2207918762423132,mid
2022-06-07,0.059349289647891,0.2302031889452472,mid
2022-06-08,0.050178038341923,0.2141805042796137,mid
2022-06-09,0.0467139039485039,0.2229883028459663,mid
2022-06-10,0.0341971927963113,0.2294758382257482,mid
2022-06-13,0.0370625157517047,0.2385677121900508,mid
2022-06-14,0.0649712649689095,0.2828232656538297,mid
2022-06-15,0.0646693485912221,0.292192958296228,mid
2022-06-16,0.068544010914066,0.2345259827962177,mid
2022-06-17,0.0731544299282257,0.2396368379002299,mid
2022-06-21,0.0740989210104539,0.2366346165938999,mid
2022-06-22,0.0698272200306587,0.2578245525891925,mid
2022-06-23,0.0684364654182276,0.2363718783977544,mid
2022-06-24,0.0694444415183486,0.2386317396566039,mid
2022-06-27,0.0694676440407213,0.2535411607713327,mid
2022-06-28,0.0724053142237353,0.260410207832601,mid
2022-06-29,0.0722650802903893,0.2501627086890004,mid
2022-06-30,0.075630666487247,0.2647347993546661,mid
2022-07-01,0.0771793261927592,0.2850653964692682,mid
2022-07-05,0.0778829691413362,0.2605479225580492,mid
2022-07-06,0.0764124331171033,0.2322810075108377,mid
2022-07-07,0.0728737816753015,0.2267918013615773,mid
2022-07-08,0.0713143957175419,0.2285507335431051,mid
2022-07-11,0.0693739444158902,0.2331520930226308,mid
2022-07-12,0.0749792305530275,0.2345159110224911,mid
2022-07-13,0.0714148059885345,0.2298158028384093,mid
2022-07-14,0.0410483263801359,0.2240985808055134,mid
2022-07-15,0.0395851111978979,0.221212602945312,mid
2022-07-18,0.0318476392886228,0.2149157378334633,mid
2022-07-19,0.0203894221431262,0.2265788512586452,quiet
2022-07-20,0.0155703490251471,0.2214833287842336,quiet
2022-07-21,0.0157167262121211,0.2079873542684793,quiet
2022-07-22,0.0155665062307729,0.2146271096177997,quiet
2022-07-25,0.0155840263242542,0.2211057903375153,quiet
2022-07-26,0.0151361180894682,0.2216876619638586,quiet
2022-07-27,0.0167728562958746,0.2212641137822557,quiet
2022-07-28,0.0163130952629993,0.2370304324547127,quiet
2022-07-29,0.0160774218401572,0.2191929610115107,quiet
2022-08-01,0.0097781837194725,0.2229328031688766,quiet
2022-08-02,0.009749536502335,0.2160776366279163,quiet
2022-08-03,0.0095468280175005,0.2111161023573677,quiet
2022-08-04,0.0095836181310699,0.2188373972615183,quiet
2022-08-05,0.0121596775579945,0.2299418302717938,quiet
2022-08-08,0.0128204935005034,0.2155363990001491,quiet
2022-08-09,0.013316087722846,0.207992470074697,quiet
2022-08-10,0.0156159174718758,0.2251957922171098,quiet
2022-08-11,0.014342557284882,0.2312688374831643,quiet
2022-08-12,0.012062527166314,0.2128132897356837,quiet
2022-08-15,0.0112293960760443,0.2090862044399925,quiet
2022-08-16,0.0117109424087065,0.21313193326293,quiet
2022-08-17,0.0108077621672558,0.2059639209044218,quiet
2022-08-18,0.010456632347235,0.2146768608354831,quiet
2022-08-19,0.0112431782514293,0.2268438038034161,quiet
2022-08-22,0.0109328520504608,0.2168975035299455,quiet
2022-08-23,0.0116408456406271,0.2276460339641272,quiet
2022-08-24,0.0120554164183654,0.2309952284267288,quiet
2022-08-25,0.0109244852658064,0.2036740535907132,quiet
2022-08-26,0.0105362960041599,0.2315515302633864,quiet
2022-08-29,0.0155869993137205,0.2731185170647127,quiet
2022-08-30,0.015294266763313,0.2509425887880791,quiet
2022-08-31,0.0179936207364894,0.2288634283318503,quiet
2022-09-01,0.0187393979050774,0.2155683872281995,quiet
2022-09-02,0.0185165073010286,0.2159517581563151,quiet
2022-09-06,0.0237145585499684,0.2375297764235626,mid
2022-09-07,0.0234802085327412,0.225899025924157,mid
2022-09-08,0.0211798731008189,0.215901581373226,mid
2022-09-09,0.0218522632612176,0.2173542235606824,mid
2022-09-12,0.0216521907775957,0.2093684898415039,mid
2022-09-13,0.0213419480970519,0.2422580932048924,mid
2022-09-14,0.0317074839031538,0.278022804332912,mid
2022-09-15,0.0312126562790846,0.2464128326821328,mid
2022-09-16,0.03122949621617,0.2163733248299702,mid
2022-09-19,0.0305328543218997,0.2387148763425602,mid
2022-09-20,0.0301362732907953,0.2389329823453155,mid
2022-09-21,0.030142351796136,0.2235945626010254,mid
2022-09-22,0.0287917014713175,0.244827187183373,mid
2022-09-23,0.0238093583687129,0.2395013409069898,mid
2022-09-26,0.0243885640390287,0.2536162147162613,mid
2022-09-27,0.0233822015606515,0.2429243497178973,mid
2022-09-28,0.0228952696017892,0.2201026652274272,mid
2022-09-29,0.0248210322276881,0.207779865487635,mid
2022-09-30,0.0258773334165507,0.2290243650355218,mid
2022-10-03,0.0408992998786307,0.281134217645098,mid
2022-10-04,0.0409948937749104,0.2799977318504645,mid
2022-10-05,0.0395106280157577,0.2317418876127571,mid
2022-10-06,0.0367534690285466,0.221722515609958,mid
2022-10-07,0.036531625555114,0.2290356730764845,mid
2022-10-10,0.0347492142979713,0.2501303662002245,mid
2022-10-11,0.0330954020046919,0.2476836557555897,mid
2022-10-12,0.0306667640128207,0.2316600145773464,mid
2022-10-13,0.0319019541957228,0.2613467347689813,mid
2022-10-14,0.0417391439869972,0.289388484366241,mid
2022-10-17,0.0440152649504274,0.2268897696856154,mid
2022-10-18,0.040578695844489,0.2418917594730613,mid
2022-10-19,0.0376837692481508,0.2228039395885678,mid
2022-10-20,0.0400942075777927,0.2314800543237324,mid
2022-10-21,0.0402399397092374,0.2327224701750679,mid
2022-10-24,0.0421413659148384,0.2759519233061273,mid
2022-10-25,0.043022770771463,0.2525198614335731,mid
2022-10-26,0.0451932111848409,0.2316416145360985,mid
2022-10-27,0.0447880583484832,0.247733903204989,mid
2022-10-28,0.0454590617654168,0.2430019585330924,mid
2022-10-31,0.0312909109164458,0.2257232009126875,mid
2022-11-01,0.0310791826870265,0.2137914518503267,mid
2022-11-02,0.0313764400073747,0.2415846734506856,mid
2022-11-03,0.0351552401029236,0.2695852948059816,mid
2022-11-04,0.0345845616467448,0.2561434643735033,mid
2022-11-07,0.0342846328949402,0.2436341038196992,mid
2022-11-08,0.0360758421717867,0.2517652169366913,mid
2022-11-09,0.0366929198838261,0.2286535176439406,mid
2022-11-10,0.0364292141664485,0.250328433537493,mid
2022-11-11,0.0339371667114136,0.2940760649395157,mid
2022-11-14,0.0304909949535513,0.2436761437735242,mid
2022-11-15,0.0328586319569503,0.2406022968597829,mid
2022-11-16,0.0328223061339997,0.2422127526936889,mid
2022-11-17,0.0348264549513433,0.2359024210165155,mid
2022-11-18,0.0362987407856109,0.2185522220859052,mid
2022-11-21,0.0293449808104079,0.2464942186838578,mid
2022-11-22,0.0360806100846743,0.2534694422843145,mid
2022-11-23,0.0392720531290115,0.2154579567009934,mid
2022-11-25,0.0396660316215282,0.238555829405512,mid
2022-11-28,0.0531679939553718,0.2675996349160961,mid
2022-11-29,0.0528197981472801,0.2583551008066331,mid
2022-11-30,0.05551910334101,0.2798244264690502,mid
2022-12-01,0.0734571186181466,0.3406754337606161,mid
2022-12-02,0.0643147049440451,0.2861810780924592,mid
2022-12-05,0.0642228892070634,0.2299327036733993,mid
2022-12-06,0.0616941718540487,0.2241514496499687,mid
2022-12-07,0.0611478025560003,0.2235538729055856,mid
2022-12-08,0.061799402804897,0.2256687844718909,mid
2022-12-09,0.0631837380015426,0.2327985320499142,mid
2022-12-12,0.0440339528577353,0.2313295358492499,mid
2022-12-13,0.0423091101484338,0.2433665546461781,mid
2022-12-14,0.0529901451126598,0.2670195301859634,mid
2022-12-15,0.0562155677348031,0.2344899385602362,mid
2022-12-16,0.0627710707170009,0.2238290705558543,mid
2022-12-19,0.0695173513956877,0.2415794159489749,mid
2022-12-20,0.0689479916429386,0.2545660430709142,mid
2022-12-21,0.0649513823256031,0.2237769560577454,mid
2022-12-22,0.0627687532675042,0.2277611204848585,mid
2022-12-23,0.0627938548894175,0.2592283161155198,mid
2022-12-27,0.0520445784096524,0.2471339514350946,mid
2022-12-28,0.0559270047965274,0.2323905604561888,mid
2022-12-29,0.0518100908721155,0.2337514910162239,mid
2022-12-30,0.036867648969634,0.2200898075438917,mid
2023-01-03,0.0366893828579141,0.2309635099652301,mid
2023-01-04,0.0369386828394036,0.2244564131125813,mid
2023-01-05,0.036855706311482,0.2251676779650743,mid
2023-01-06,0.0369046810331744,0.2330917511901987,mid
2023-01-09,0.0373439954974277,0.251929827935664,mid
2023-01-10,0.0352157421506592,0.2343161025101258,mid
2023-01-11,0.0369094720613286,0.2196778704103827,mid
2023-01-12,0.0376373997592518,0.2209985890659175,mid
2023-01-13,0.030461276242199,0.2410678567127409,mid
2023-01-17,0.0286515810559799,0.2322572602799649,mid
2023-01-18,0.0230724206831177,0.2269177857402489,quiet
2023-01-19,0.0170896510231555,0.245721297437662,quiet
2023-01-20,0.0175144898172327,0.2193458605079675,quiet
2023-01-23,0.0184132751181999,0.2134393843444552,quiet
2023-01-24,0.0185863038144933,0.2172070566758178,quiet
2023-01-25,0.017596624483211,0.241485943666833,quiet
2023-01-26,0.0165978305802008,0.2351254012649558,quiet
2023-01-27,0.0136160636308021,0.2133939051044979,quiet
2023-01-30,0.0138186481548649,0.2105313032260666,quiet
2023-01-31,0.0133027590734661,0.2095919757310855,quiet
2023-02-01,0.0134726394169946,0.211282059965988,quiet
2023-02-02,0.0155764427916441,0.2179206718897084,quiet
2023-02-03,0.0174725678976613,0.2083583717899585,quiet
2023-02-06,0.0182010095745796,0.2224476152866121,quiet
2023-02-07,0.0175789246205531,0.2537848512854582,quiet
2023-02-08,0.0179610664778297,0.2420040115971418,quiet
2023-02-09,0.0169838743270474,0.2199296322482017,quiet
2023-02-10,0.0163221640742497,0.2108707854843994,quiet
2023-02-13,0.0164134159138968,0.2094934710400427,quiet
2023-02-14,0.0162658562417592,0.222657702523113,quiet
2023-02-15,0.014946388963516,0.2403550598209478,quiet
2023-02-16,0.0150243682720707,0.2374114490035834,quiet
2023-02-17,0.0148313222132984,0.2127926969282173,quiet
2023-02-21,0.0145727678222304,0.2196411713009381,quiet
2023-02-22,0.0145151328119965,0.2108198001880299,quiet
2023-02-23,0.0127186999948538,0.2097955560214593,quiet
2023-02-24,0.0137375810259121,0.2106554929439328,quiet
2023-02-27,0.0164581354401029,0.2301961573026002,quiet
2023-02-28,0.0155043251112204,0.2390320704042466,quiet
2023-03-01,0.0157815184444126,0.2181608506349587,quiet
2023-03-02,0.0167680724065597,0.2151940761774963,quiet
2023-03-03,0.0155031653074091,0.2201646869573155,quiet
2023-03-06,0.0142653527112052,0.2174712734072426,quiet
2023-03-07,0.0141563471356086,0.2393216356749417,quiet
2023-03-08,0.0143447091977211,0.2555480672167661,quiet
2023-03-09,0.0146093265100567,0.2556730494506167,quiet
2023-03-10,0.01750385584401,0.2417527130171387,mid
2023-03-13,0.0627940502458676,0.2992758712918497,mid
2023-03-14,0.0789993238918174,0.244849017121883,busy
2023-03-15,0.0861467395632145,0.2418560439538986,busy
2023-03-16,0.1079502695280352,0.2624772907500033,busy
2023-03-17,0.1051753864520771,0.2544448944621753,busy
2023-03-20,0.1042391499583649,0.2534566638901413,busy
2023-03-21,0.1035280384092394,0.2729535443790955,busy
2023-03-22,0.1015149847894946,0.2393699340762813,busy
2023-03-23,0.0976302603668721,0.2414319095910325,busy
2023-03-24,0.096263749482979,0.2388510566071424,busy
2023-03-27,0.096290308710172,0.2423664823463075,busy
2023-03-28,0.0984778872237706,0.253464107921389,busy
2023-03-29,0.1088465989150279,0.2455138792098838,busy
2023-03-30,0.1136237132823976,0.2474972186583085,busy
2023-03-31,0.1183883999197061,0.2610876583946849,busy
2023-04-03,0.116310323393043,0.294694104833726,busy
2023-04-04,0.1183620251543472,0.2742688332944371,busy
2023-04-05,0.1271811214430852,0.2329552286215368,busy
2023-04-06,0.1306024375412781,0.2349931541068692,busy
2023-04-10,0.1394332890655222,0.2369241902011089,busy
2023-04-11,0.1135019861596796,0.2278803384154344,busy
2023-04-12,0.1041698757606299,0.2450918044061104,busy
2023-04-13,0.0903639422329143,0.2482134837769031,busy
2023-04-14,0.0594325952788088,0.2142250969428824,mid
2023-04-17,0.0448640551958075,0.215042087448475,mid
2023-04-18,0.0310709972238351,0.2157584733787293,mid
2023-04-19,0.0316270934285563,0.2124489477328164,mid
2023-04-20,0.0333936339307715,0.2276161713413718,mid
2023-04-21,0.0279038888993876,0.2276473942014945,mid
2023-04-24,0.0189490593189456,0.2079902990841488,mid
2023-04-25,0.0136725504622419,0.2295079387972092,quiet
2023-04-26,0.0166292816681571,0.2451351568189241,mid
2023-04-27,0.0163837511140342,0.2275381930041959,mid
2023-04-28,0.0179563372426983,0.218435838707362,mid
2023-05-01,0.0187976573425449,0.2193099184111027,mid
2023-05-02,0.0129323990576116,0.2507598844853828,quiet
2023-05-03,0.0168783805094454,0.2507136600779116,mid
2023-05-04,0.0177190499308576,0.2183725437548228,mid
2023-05-05,0.0186178753680744,0.2117715249106171,mid
2023-05-08,0.0181265461097697,0.2243349981460229,mid
2023-05-09,0.0207803242378176,0.2414738488398805,mid
2023-05-10,0.0229257846080726,0.2327765802177849,mid
2023-05-11,0.0241215278781017,0.2649710608174122,mid
2023-05-12,0.0240629694568873,0.231851751253744,mid
2023-05-15,0.024248856539501,0.2158039438433742,mid
2023-05-16,0.0260261314262093,0.2240549147426076,mid
2023-05-17,0.0268444973714276,0.2227544320678455,mid
2023-05-18,0.0252619419638146,0.2305766300381192,mid
2023-05-19,0.0269019228977414,0.2135378115175679,mid
2023-05-22,0.0294605270763808,0.237314877149268,mid
2023-05-23,0.0300284083988297,0.2627430084339083,mid
2023-05-24,0.028742547720246,0.2310107926360408,mid
2023-05-25,0.0291619744811619,0.2096643483323281,mid
2023-05-26,0.0289391791126532,0.2090823446102828,mid
2023-05-30,0.0294116481541969,0.222382799842166,mid
2023-05-31,0.0282235842508097,0.2485678059448934,mid
2023-06-01,0.0298819617075004,0.2562895628433939,mid
2023-06-02,0.0296515558983187,0.2304789988162189,mid
2023-06-05,0.0292529316955325,0.2218567460439468,mid
2023-06-06,0.0294030689311472,0.2255251870078468,mid
2023-06-07,0.0265049753728842,0.2240056119621836,mid
2023-06-08,0.0219619990624401,0.2378490231502356,mid
2023-06-09,0.0226294319286689,0.2408699420819891,mid
2023-06-12,0.0222317557226265,0.2336071255668715,mid
2023-06-13,0.0218181996161064,0.2252344479573412,mid
2023-06-14,0.0190426096060254,0.2214352732744028,mid
2023-06-15,0.0169399321937936,0.2088414318261945,mid
2023-06-16,0.0195671480119502,0.2123571011403354,mid
2023-06-20,0.0224118225657713,0.2301265127819521,mid
2023-06-21,0.0216516894352352,0.2430173397091957,mid
2023-06-22,0.019031014545725,0.2088629165097918,mid
2023-06-23,0.0201965588518142,0.2228322431479907,mid
2023-06-26,0.0203080062998578,0.2361030852722652,mid
2023-06-27,0.0209783340343458,0.2241983676118519,mid
2023-06-28,0.0212960035121867,0.20721372736366,mid
2023-06-29,0.0209664993514418,0.2124030824118625,mid
2023-06-30,0.0187134900177192,0.2321977783423616,mid
2023-07-03,0.0207613315171173,0.2791866002966628,mid
2023-07-05,0.0312467398140956,0.2893916193417453,mid
2023-07-06,0.0329318956071074,0.2239041319500808,mid
2023-07-07,0.0317479267333229,0.2272857984955211,mid
2023-07-10,0.0317833439951259,0.2265911574325158,mid
2023-07-11,0.0317012160641345,0.2324823391309621,mid
2023-07-12,0.0326772988911108,0.223425603822049,mid
2023-07-13,0.0332589156267328,0.2453835086021229,mid
2023-07-14,0.0323306530488907,0.2261695318165376,mid
2023-07-17,0.0304401878603657,0.2167497213782094,mid
2023-07-18,0.0276930809585149,0.2382112762034585,mid
2023-07-19,0.0205707468861789,0.2389467050752962,mid
2023-07-20,0.0207422124587121,0.2222919247079335,mid
2023-07-21,0.0206647509231436,0.2097414182542095,mid
2023-07-24,0.0206569321842499,0.2157818990275842,mid
2023-07-25,0.0200779900544666,0.2226063961318959,mid
2023-07-26,0.0210330567344804,0.2140332856665798,mid
2023-07-27,0.0209941090826335,0.2162988660447546,mid
2023-07-28,0.0231043085241723,0.232489243478112,mid
2023-07-31,0.0234745433484105,0.2151177506864019,mid
2023-08-01,0.0181446455307584,0.2182700749973343,mid
2023-08-02,0.0129627440374775,0.2297796008156639,quiet
2023-08-03,0.0147066572062266,0.2560159119430371,quiet
2023-08-04,0.0145159187364471,0.251010143957672,quiet
2023-08-07,0.0173012755540319,0.2604055339590861,mid
2023-08-08,0.0177102386046417,0.2517649886064517,mid
2023-08-09,0.0174854290480184,0.2138987998861861,mid
2023-08-10,0.0158167065669912,0.2108261971008275,quiet
2023-08-11,0.0179034682042022,0.2309435674606679,mid
2023-08-14,0.0179317190746021,0.2195164116345958,mid
2023-08-15,0.018874611462826,0.2395605114952544,mid
2023-08-16,0.0185731716197406,0.2298787727500533,mid
2023-08-17,0.0187204389278696,0.2127940982828275,mid
2023-08-18,0.0210696181071864,0.2188660874441474,mid
2023-08-21,0.0237973405253599,0.2254740001195335,mid
2023-08-22,0.0219521400449269,0.2330738274701154,mid
2023-08-23,0.02054625395341,0.210504476342092,mid
2023-08-24,0.0206946353752103,0.2159515411904466,mid
2023-08-25,0.0202109567454783,0.2186919861003242,mid
2023-08-28,0.0232161809838842,0.2407990395245281,mid
2023-08-29,0.0232769275214643,0.2566485275492437,mid
2023-08-30,0.0212126571516731,0.2332855509274755,mid
2023-08-31,0.0203366801905408,0.2174947411800435,mid
2023-09-01,0.0201588074489975,0.2088332289038971,mid
2023-09-05,0.0188539692474303,0.2100040652959514,mid
2023-09-06,0.0193799568685621,0.2171548564605859,mid
2023-09-07,0.0194006204922286,0.220539654477021,mid
2023-09-08,0.0194037324480615,0.2097207185337047,mid
2023-09-11,0.0183071419488094,0.2118428096691079,mid
2023-09-12,0.0189406797082498,0.2107466257943727,mid
2023-09-13,0.0162239717881519,0.2147881815541477,quiet
2023-09-14,0.0169376463446206,0.2239747181139857,quiet
2023-09-15,0.0172103522719272,0.2192658745865471,quiet
2023-09-18,0.0216849609594043,0.2621134393779368,mid
2023-09-19,0.0198214439813442,0.2648412481171198,mid
2023-09-20,0.0198971202145387,0.2132503688639911,mid
2023-09-21,0.0202189996118743,0.216221224898589,mid
2023-09-22,0.0244731053208353,0.2282960969619067,mid
2023-09-25,0.0267468472683222,0.2227004717566047,mid
2023-09-26,0.0231054307091712,0.2475451269868715,mid
2023-09-27,0.0246637381906494,0.2268871148082167,mid
2023-09-28,0.0283071272731682,0.2216537888489667,mid
2023-09-29,0.029194870790807,0.2317232963031069,mid
2023-10-02,0.0346883913986331,0.2467200162617498,mid
2023-10-03,0.0327227439261818,0.2489336590204377,mid
2023-10-04,0.0316368611506986,0.2359756006873846,mid
2023-10-05,0.030962500411849,0.2175875490073392,mid
2023-10-06,0.0309889765338523,0.2479829161712203,mid
2023-10-09,0.0321150730561765,0.2670657427980648,mid
2023-10-10,0.0290463918846467,0.2383332279884151,mid
2023-10-11,0.0275716145477306,0.2157010204627522,mid
2023-10-12,0.0270237116819332,0.2324757855868974,mid
2023-10-13,0.0271445302834348,0.2192469004795077,mid
2023-10-16,0.0247506185887379,0.2300950623527961,mid
2023-10-17,0.0207960164973745,0.2239928550372845,mid
2023-10-18,0.0193945112214155,0.2152474990777278,mid
2023-10-19,0.0193054601284531,0.2188598771910243,mid
2023-10-20,0.0229069900437906,0.2312015403185467,mid
2023-10-23,0.0274530889516869,0.2266161297213794,mid
2023-10-24,0.0254726050449279,0.2311882690219227,mid
2023-10-25,0.0261905414371966,0.2280401536837732,mid
2023-10-26,0.0254010179297072,0.2172216142580926,mid
2023-10-27,0.027942423559849,0.2312377891646188,mid
2023-10-30,0.0265805898923867,0.2170633863056426,mid
2023-10-31,0.0264165148567954,0.2240146205129828,mid
2023-11-01,0.0263026876235815,0.2234903383388903,mid
2023-11-02,0.0264861494538713,0.2264798572460886,mid
2023-11-03,0.0244171723021802,0.2119048496706538,mid
2023-11-06,0.0226712597277571,0.2284377042374977,mid
2023-11-07,0.024638024050851,0.2359483584850129,mid
2023-11-08,0.0271485526609064,0.2091374916195617,mid
2023-11-09,0.0273293363919144,0.2214614917354333,mid
2023-11-10,0.0271788838112073,0.2250567406733611,mid
2023-11-13,0.0270716728682634,0.2337305045524542,mid
2023-11-14,0.0324850582728086,0.2671940685874455,mid
2023-11-15,0.0318350723791898,0.2620503629254471,mid
2023-11-16,0.0324574023673582,0.2229817955768698,mid
2023-11-17,0.0294354497307529,0.2262800229457751,mid
2023-11-20,0.0227706749466118,0.2276080465642619,mid
2023-11-21,0.0233489886173598,0.2163603566865789,mid
2023-11-22,0.0283376530940742,0.2320053528095738,mid
2023-11-24,0.029670807985328,0.2334360178328344,mid
2023-11-27,0.0340167656004026,0.247711607951033,mid
2023-11-28,0.0317282808830836,0.2229572697405195,mid
2023-11-29,0.0313131680398666,0.2190722483276752,mid
2023-11-30,0.0313187165351443,0.2174052428140367,mid
2023-12-01,0.0282722855057672,0.2188429122498474,mid
2023-12-04,0.0271190730901084,0.2249731615761784,mid
2023-12-05,0.0228003950105914,0.2203128261299073,mid
2023-12-06,0.0228061627731916,0.2083295916741318,mid
2023-12-07,0.0227192314245307,0.2071018853621086,mid
2023-12-08,0.0225030139656498,0.2169053445267391,mid
2023-12-11,0.0225055801494322,0.2311414853746929,mid
2023-12-12,0.020534538567788,0.2244526535453745,mid
2023-12-13,0.0193761473577076,0.2181347504720574,mid
2023-12-14,0.0184317990556509,0.2189867005615199,mid
2023-12-15,0.0292894128789199,0.2212379599036343,mid
2023-12-18,0.0508391249902031,0.2695278030333295,busy
2023-12-19,0.0505078090536876,0.2756983537486771,busy
2023-12-20,0.0518494201992403,0.253034122668764,busy
2023-12-21,0.0527457665380362,0.2678927176820965,busy
2023-12-22,0.0519539518386195,0.2238766843620309,busy
2023-12-26,0.0419641820244336,0.2229897762505529,busy
2023-12-27,0.04081353795194,0.2286169217585956,busy
2023-12-28,0.0400582521071251,0.2187724597741731,busy
2023-12-29,0.0388442496933488,0.2333444401899783,busy
2024-01-02,0.0465206849644579,0.2545358235607123,busy
2024-01-03,0.0535978782893171,0.2245021110100496,busy
2024-01-04,0.0545465031052169,0.2253002240257343,busy
2024-01-05,0.0533969042306062,0.2337839100565709,busy
2024-01-08,0.0520165733134262,0.2215720810652778,busy
2024-01-09,0.0508537920524168,0.2203920778400761,busy
2024-01-10,0.0527955595672192,0.2231033374976197,busy
2024-01-11,0.0523677271962145,0.2195101508724813,busy
2024-01-12,0.0511684692348418,0.2342220876218395,busy
2024-01-16,0.0545561708128829,0.2473004552097918,busy
2024-01-17,0.0491564002939283,0.2465349294694497,busy
2024-01-18,0.033757130026495,0.2338310189649137,busy
2024-01-19,0.0338639793677554,0.2232093953445045,busy
2024-01-22,0.0342720657207851,0.2458923348727904,busy
2024-01-23,0.0327490161578301,0.2310974461455429,mid
2024-01-24,0.0371721060381552,0.2507451195105238,busy
2024-01-25,0.0363017555271538,0.2450740776637503,busy
2024-01-26,0.0335238809356104,0.2194775739325264,mid
2024-01-29,0.0327283367202277,0.2208204014573782,mid
2024-01-30,0.0346028034260273,0.2224908352335578,busy
2024-01-31,0.0287436077440759,0.2467378284509775,mid
2024-02-01,0.029989068699828,0.2905058611018898,mid
2024-02-02,0.0279559052163363,0.2439063974833247,mid
2024-02-05,0.0297346297493275,0.2272939713556762,mid
2024-02-06,0.0295307335026575,0.2221538903465968,mid
2024-02-07,0.0317038671387246,0.2347953596355488,mid
2024-02-08,0.0313081556452215,0.231941288898361,mid
2024-02-09,0.0336961930789338,0.2321532188874614,mid
2024-02-12,0.0344224404767175,0.2241520111227904,busy
2024-02-13,0.0346857039312087,0.2474736724075431,busy
2024-02-14,0.040311276277686,0.2875530567244159,busy
2024-02-15,0.0403486907491074,0.2510446772403499,busy
2024-02-16,0.0403835847211384,0.2245850524762792,busy
2024-02-20,0.0346447674079017,0.2235313049430982,mid
2024-02-21,0.0346628066344803,0.2152798078220072,mid
2024-02-22,0.0329423673438222,0.2289945707220548,mid
2024-02-23,0.0327204519005401,0.2327453211084106,mid
2024-02-26,0.0334503963136702,0.2186304814509909,mid
2024-02-27,0.0357498895881619,0.2190099779126275,busy
2024-02-28,0.0376852383126845,0.2153288046689875,busy
2024-02-29,0.0379586664632446,0.2238393819401711,busy
2024-03-01,0.024890456922801,0.2343943857118488,mid
2024-03-04,0.0228346702712439,0.2193544922811456,mid
2024-03-05,0.0197767294832616,0.2427962585073603,quiet
2024-03-06,0.0195682539758443,0.2298249816024015,quiet
2024-03-07,0.0190625785576986,0.2097286950255428,quiet
2024-03-08,0.01928212481841,0.2294307899327828,quiet
2024-03-11,0.0199777799883376,0.244575233638718,quiet
2024-03-12,0.0200389929536373,0.2339545469558923,quiet
2024-03-13,0.0194987900756896,0.2247968198795504,quiet
2024-03-14,0.0106919417311029,0.2481530673403755,quiet
2024-03-15,0.0191530777408818,0.2583527330957473,quiet
2024-03-18,0.0256219741266447,0.2155303403988477,mid
2024-03-19,0.0270255362667165,0.2208869983641214,mid
2024-03-20,0.0274681738416615,0.2390226770849899,mid
2024-03-21,0.0269184819887945,0.2204807103485099,mid
2024-03-22,0.0272380402096208,0.226196468671108,mid
2024-03-25,0.0271808757878496,0.2415084406398712,mid
2024-03-26,0.0275464195701078,0.2455609284523927,mid
2024-03-27,0.0254136461497704,0.2160720156002017,mid
2024-03-28,0.0247790288758461,0.2177244419870594,mid
2024-04-01,0.0266576567439436,0.2376482100937741,mid
2024-04-02,0.0271339052856693,0.2459152767460592,mid
2024-04-03,0.0245739477836932,0.2253196238602125,mid
2024-04-04,0.0255468952823528,0.2413029049034019,mid
2024-04-05,0.0277202969811368,0.2549441092903725,mid
2024-04-08,0.0264639014931874,0.2205624813424941,mid
2024-04-09,0.0289855877438209,0.2427337778846922,mid
2024-04-10,0.0285511483706792,0.2203249842296317,mid
2024-04-11,0.0288592729472229,0.2281896818110601,mid
2024-04-12,0.0271818265493432,0.2309265500850857,mid
2024-04-15,0.022949565476235,0.2274139622210151,mid
2024-04-16,0.0193073550599095,0.2148032613459594,quiet
2024-04-17,0.0182002374254034,0.2239570029618737,quiet
2024-04-18,0.0175228380765197,0.2075945689968486,quiet
2024-04-19,0.0174468099118132,0.2213425606458474,quiet
2024-04-22,0.0198434914703335,0.2494815059577046,mid
2024-04-23,0.0200643235158818,0.2370355556776863,mid
2024-04-24,0.0172480921846093,0.208349545224926,quiet
2024-04-25,0.018571500082253,0.2200517702240788,quiet
2024-04-26,0.0184898174942113,0.2201588630606203,quiet
2024-04-29,0.0167388227954308,0.2131462652959567,quiet
2024-04-30,0.0194511102600326,0.2383589785622851,quiet
2024-05-01,0.0195429639563076,0.2340957224880044,quiet
2024-05-02,0.0188442545860227,0.2172340725999158,quiet
2024-05-03,0.0167649507283247,0.2264512921895609,quiet
2024-05-06,0.0167400801595469,0.2279152867396989,quiet
2024-05-07,0.0169897916442278,0.2319088683935923,quiet
2024-05-08,0.0185828874916533,0.2153450016658049,quiet
2024-05-09,0.0214830493397436,0.2162059556040583,mid
2024-05-10,0.0242848849895816,0.2103997109957603,mid
2024-05-13,0.0222663228868787,0.2220566813244405,mid
2024-05-14,0.0223049006990933,0.2318399256710155,mid
2024-05-15,0.0218987844414344,0.2250741039987992,mid
2024-05-16,0.0210336655434285,0.212376441289508,mid
2024-05-17,0.020698470201775,0.21905382369012,mid
2024-05-20,0.0123054670735011,0.2217684577849294,quiet
2024-05-21,0.0135377941012588,0.2221622392250153,quiet
2024-05-22,0.0154595849095867,0.2159950331340912,quiet
2024-05-23,0.015644173675552,0.2146915867786414,quiet
2024-05-24,0.0146941042039608,0.2206732187619434,quiet
2024-05-28,0.0148404072063648,0.2170553831458953,quiet
2024-05-29,0.0158828327498165,0.2136025569226981,quiet
2024-05-30,0.0130336589240491,0.2110118756854119,quiet
2024-05-31,0.0089294440256923,0.2261644622950243,quiet
2024-06-03,0.015805299219163,0.2686158292707253,quiet
2024-06-04,0.0134732959480653,0.2401493548185145,quiet
2024-06-05,0.0143858241597704,0.2222177139754137,quiet
2024-06-06,0.0143134351556345,0.2251364781538025,quiet
2024-06-07,0.0155000744803184,0.226573993580007,quiet
2024-06-10,0.0155165855492065,0.2200044242566034,quiet
2024-06-11,0.0160215343174207,0.211792759836148,quiet
2024-06-12,0.0160528925978183,0.2191900537150056,quiet
2024-06-13,0.0167436738218361,0.2398610568935299,quiet
2024-06-14,0.0160361865904078,0.2199200254744138,quiet
2024-06-17,0.0161331361255581,0.2172698875576336,quiet
2024-06-18,0.0157799296017412,0.2268720010734918,quiet
2024-06-20,0.0155729135388103,0.2334267085653119,quiet
2024-06-21,0.0172395850515687,0.2353328378258437,quiet
2024-06-24,0.0184424285841301,0.2141597883966116,quiet
2024-06-25,0.0181211637007536,0.219855798903949,quiet
2024-06-26,0.0183452816627723,0.2120460695113881,quiet
2024-06-27,0.01812717871695,0.2070026755964857,quiet
2024-06-28,0.0188303951061236,0.2309970784951789,mid
2024-07-01,0.0223464493623478,0.2636207271589984,mid
2024-07-02,0.0141868878105618,0.2372131626376707,quiet
2024-07-03,0.0143416471575178,0.2082067570767695,quiet
2024-07-05,0.014548625604756,0.2157660427262044,quiet
2024-07-08,0.0146233883772448,0.2150697041717741,quiet
2024-07-09,0.0140263300379101,0.2079443702574779,quiet
2024-07-10,0.0155185810768344,0.2183191567538084,quiet
2024-07-11,0.0153010090539672,0.2114132378200731,quiet
2024-07-12,0.0151408983431862,0.2179604479617955,quiet
2024-07-15,0.0140133495173595,0.2105753462670937,quiet
2024-07-16,0.0141235534895464,0.2139760803059804,quiet
2024-07-17,0.0143564686579644,0.2189785311779144,quiet
2024-07-18,0.0144858736399264,0.2243422194856977,quiet
2024-07-19,0.0149033620796549,0.2098166635193289,quiet
2024-07-22,0.0139446431315338,0.2242709074269732,quiet
2024-07-23,0.0122944903004225,0.2203848304607295,quiet
2024-07-24,0.0127515788262645,0.2336492542084288,quiet
2024-07-25,0.0164452687667308,0.249349848277008,quiet
2024-07-26,0.0171066953743391,0.2140655602953425,quiet
2024-07-29,0.0165532157285909,0.2112453356898189,quiet
2024-07-30,0.0130264050975809,0.2203735194139318,quiet
2024-07-31,0.0128547501712526,0.212621580697272,quiet
2024-08-01,0.0141800829783329,0.2169462013412641,quiet
2024-08-02,0.0164086529862942,0.2115549531735188,quiet
2024-08-05,0.0205428640333135,0.2387267695050391,mid
2024-08-06,0.056811194532829,0.3016705211917015,busy
2024-08-07,0.0552409273144147,0.2675033421329615,busy
2024-08-08,0.0533201587707475,0.2242102391477907,busy
2024-08-09,0.0529299752811002,0.2226695940475796,busy
2024-08-12,0.0538162943994416,0.2298949740848204,busy
2024-08-13,0.0534479807291809,0.2224160820063352,busy
2024-08-14,0.0508092448167747,0.2276621936141493,busy
2024-08-15,0.0525388315356442,0.232967282328766,busy
2024-08-16,0.0523740869002401,0.2402363662756206,busy
2024-08-19,0.0537400995363705,0.2275508827198566,busy
2024-08-20,0.0545160106577959,0.2173986916177678,busy
2024-08-21,0.0546909747097031,0.2238438953228258,busy
2024-08-22,0.0554397256254024,0.2217567351636565,busy
2024-08-23,0.0554820156114415,0.2317393083547321,busy
2024-08-26,0.0556849132670479,0.2221194547138477,busy
2024-08-27,0.0564130239910883,0.2278830218312073,busy
2024-08-28,0.0588492224951671,0.2227045052247272,busy
2024-08-29,0.059832953139193,0.225086665044142,busy
2024-08-30,0.0593692514484813,0.231244593201911,busy
2024-09-03,0.0560943953962966,0.2387178375670726,busy
2024-09-04,0.016229253286372,0.2038989358810433,quiet
2024-09-05,0.010438334878343,0.2133096066410214,quiet
2024-09-06,0.0080320083359754,0.2178660641565019,quiet
2024-09-09,0.0089297151719255,0.2402646712172461,quiet
2024-09-10,0.0091119137657978,0.2277447984782596,quiet
2024-09-11,0.0095113659991505,0.227782810943295,quiet
2024-09-12,0.0129905157980672,0.2524261716174101,quiet
2024-09-13,0.0129313257787052,0.2204156841981124,quiet
2024-09-16,0.012439028221797,0.2142034013022624,quiet
2024-09-17,0.0128820196751353,0.2127940577744143,quiet
2024-09-18,0.0126355047001249,0.2113932047075962,quiet
2024-09-19,0.0123174330929833,0.2111922743922285,quiet
2024-09-20,0.0151266241416549,0.2182921050780239,quiet
2024-09-23,0.0182646035822111,0.2249147007868044,mid
2024-09-24,0.0184790415878403,0.2386938519095309,mid
2024-09-25,0.0174979638323994,0.2115775492287736,mid
2024-09-26,0.016667161644833,0.2175576600558809,mid
2024-09-27,0.0161951621478025,0.2170262840450493,mid
2024-09-30,0.0158353326998795,0.2217836338917516,quiet
2024-10-01,0.0159301587502742,0.2210123986167136,quiet
2024-10-02,0.0174708209469148,0.2317449002372483,mid
2024-10-03,0.0182963244675005,0.2397134611414709,mid
2024-10-04,0.0185990035256092,0.2066372994685719,mid
2024-10-07,0.0176390111953402,0.2079915108742968,mid
2024-10-08,0.0171216485849883,0.2178308906711578,mid
2024-10-09,0.0169890083916127,0.216984845137261,mid
2024-10-10,0.0149476969326274,0.2069686164138753,quiet
2024-10-11,0.0150468556438221,0.2109822847148875,quiet
2024-10-14,0.0148184174394214,0.206923838297025,quiet
2024-10-15,0.0148698986641528,0.2194430095652814,quiet
2024-10-16,0.0149710047026072,0.2336428382494323,quiet
2024-10-17,0.0160005454445101,0.2287289052278428,mid
2024-10-18,0.0131454968690318,0.2052375521605834,quiet
2024-10-21,0.0086651478550816,0.2049044823691509,quiet
2024-10-22,0.0089203798748339,0.2034317275293674,quiet
2024-10-23,0.0092570462883518,0.2128651803666836,quiet
2024-10-24,0.0093043829689809,0.2245419648003492,quiet
2024-10-25,0.009506988290132,0.2227229789468112,quiet
2024-10-28,0.0095800469450004,0.2233773152966504,quiet
2024-10-29,0.0082143779443239,0.2250401076836408,quiet
2024-10-30,0.003638426694803,0.2132193882609799,quiet
2024-10-31,0.0036260427211057,0.2127524516535341,quiet
2024-11-01,0.0053397914889469,0.2267365513475279,quiet
2024-11-04,0.0054132866672028,0.2121362308427099,quiet
2024-11-05,0.0050909333024994,0.2091696447507659,quiet
2024-11-06,0.0050459423136364,0.2171216954840123,quiet
2024-11-07,0.0081797710084703,0.2401744380879086,quiet
2024-11-08,0.0082701337706756,0.2221922123831948,quiet
2024-11-11,0.0083348365393897,0.2069814133376717,quiet
2024-11-12,0.0082617333751882,0.213549047355846,quiet
2024-11-13,0.0076459197660854,0.205298177673784,quiet
2024-11-14,0.0070986550394143,0.2105159628862553,quiet
2024-11-15,0.006830354975833,0.2300604196093873,quiet
2024-11-18,0.0111748749211208,0.2582636970757038,quiet
2024-11-19,0.0111251215135983,0.2469519765395057,quiet
2024-11-20,0.0105914497663348,0.2144211192840923,quiet
2024-11-21,0.0106149780731175,0.2052125405951246,quiet
2024-11-22,0.0100270080088174,0.2067481295314748,quiet
2024-11-25,0.0103299115714741,0.2131115523984807,quiet
2024-11-26,0.0091935811662019,0.2049460994782907,quiet
2024-11-27,0.009128520486517,0.2117603449285723,quiet
2024-11-29,0.0097395604727562,0.2119930789208977,quiet
2024-12-02,0.0099198212262313,0.2071166723757803,quiet
2024-12-03,0.0106821464546536,0.2068189083220792,quiet
2024-12-04,0.0118671566030981,0.2161562645287014,quiet
2024-12-05,0.0117837071709709,0.2257511387100183,quiet
2024-12-06,0.0098309957191572,0.2171290513203518,quiet
2024-12-09,0.0101773373414142,0.2044015023876309,quiet
2024-12-10,0.0102133258316425,0.2050204913879844,quiet
2024-12-11,0.0102236172948551,0.2097375115679277,quiet
2024-12-12,0.0107983703349028,0.2125272363286747,quiet
2024-12-13,0.0108046853764393,0.2050366426472301,quiet
2024-12-16,0.0108491553650161,0.2066844310644964,quiet
2024-12-17,0.004497497062813,0.2059744921561846,quiet
2024-12-18,0.0059573777214173,0.2280599947935243,quiet
2024-12-19,0.0268100061233772,0.265510757296123,mid
2024-12-20,0.0352250322661019,0.2504124530004115,busy
2024-12-23,0.0647616104324473,0.2861217307903321,busy
2024-12-24,0.0648456667629379,0.2720526842513422,busy
2024-12-26,0.0656795679250803,0.24525175712125,busy
2024-12-27,0.0658305658184943,0.2292046184032872,busy
2024-12-30,0.0662378144685332,0.2447681628901943,busy
2024-12-31,0.064779231408495,0.225399467655234,busy
2025-01-02,0.0633188286895047,0.2208663918962131,busy
2025-01-03,0.0604827416173142,0.2216051503301413,busy
2025-01-06,0.0610203564195454,0.2331449394922244,busy
2025-01-07,0.0585210328678255,0.2216198448292047,busy
2025-01-08,0.0563603817942814,0.2337245841919099,busy
2025-01-10,0.0547643331194745,0.2406149384956515,busy
2025-01-13,0.0544152534842418,0.2524765207508916,busy
2025-01-14,0.051044005532117,0.2377505366893374,busy
2025-01-15,0.048205914860969,0.2169534844144887,busy
2025-01-16,0.0457175132435441,0.2270692043092684,busy
2025-01-17,0.0457736370247229,0.2330056584202194,busy
2025-01-21,0.0457088149949852,0.2345223188882402,busy
2025-01-22,0.0356101360219499,0.2255607536194059,busy
2025-01-23,0.0317794768782032,0.2169154420728028,mid
2025-01-24,0.0082865211687062,0.2019360822592847,quiet
2025-01-27,0.0091209598107468,0.2280815238784673,quiet
2025-01-28,0.0095567440097548,0.2504350801451654,quiet
2025-01-29,0.0093156381839485,0.2242355964047707,quiet
2025-01-30,0.0092616064150035,0.2105659076429653,quiet
2025-01-31,0.0095442868063142,0.2173257808288819,quiet
2025-02-03,0.010619313236571,0.2296830922003346,quiet
2025-02-04,0.0117350906878642,0.2209004154008454,mid
2025-02-05,0.012329003294396,0.2333518032342084,mid
2025-02-06,0.0139890226810854,0.2088352457564703,mid
2025-02-07,0.0141659570107501,0.2111738067063329,mid
2025-02-10,0.0141880940813157,0.2313218840537563,mid
2025-02-11,0.0131978914368763,0.2293846833712691,mid
2025-02-12,0.0142748291424771,0.2111740669329196,mid
2025-02-13,0.0142249548752925,0.2204623881450136,mid
2025-02-14,0.0136032578828939,0.2105145405651217,mid
2025-02-18,0.0148975411374636,0.2172875184650466,mid
2025-02-19,0.0149566997647315,0.206509276000402,mid
2025-02-20,0.0154557023992214,0.2068525837862651,mid
2025-02-21,0.0153071274584483,0.2251248615149835,mid
2025-02-24,0.0208486665752258,0.2564717073228841,mid
2025-02-25,0.0208226761503798,0.2343790947928261,mid
2025-02-26,0.0184790432718923,0.2196814425845441,mid
2025-02-27,0.0184663598552898,0.2357342511211514,mid
2025-02-28,0.022552616858013,0.2285807094642554,mid
2025-03-03,0.0307775799973574,0.2282714581259974,busy
2025-03-04,0.0323827865062975,0.2412062374204935,busy
2025-03-05,0.0480173022038653,0.2641170120483574,busy
2025-03-06,0.0486736403634052,0.2546304373771645,busy
2025-03-07,0.0499136712997472,0.2211932861173876,busy
2025-03-10,0.0513485930659493,0.2233476250457082,busy
2025-03-11,0.0591540338414534,0.2376750307472072,busy
2025-03-12,0.0574559931639163,0.2240810612895933,busy
2025-03-13,0.0528631247854036,0.233482258237394,busy
2025-03-14,0.0516089436022654,0.2239608998217019,busy
2025-03-17,0.0488833941281524,0.2196538411713944,busy
2025-03-18,0.0431209411422793,0.2325218827027672,busy
2025-03-19,0.0353342026343997,0.2242968883501022,busy
2025-03-20,0.0284569120249975,0.2087747419494971,mid
2025-03-21,0.0232102060320335,0.2200364769901797,mid
2025-03-24,0.0237118515879087,0.2393899530678046,mid
2025-03-25,0.0223910849939046,0.2212182403075734,mid
2025-03-26,0.0267756713935109,0.2332200104261895,mid
2025-03-27,0.0247931024573,0.2248556892679546,mid
2025-03-28,0.0287317598026311,0.2324574810847755,mid
2025-03-31,0.0272298568116581,0.2254132281480535,mid
2025-04-01,0.0299407979217774,0.2518220459934699,mid
2025-04-02,0.0237663274415254,0.2555868463095677,mid
2025-04-03,0.0239884290012385,0.2307531752652473,mid
2025-04-04,0.0378363704705295,0.2523192875058152,busy
2025-04-07,0.1311765523312812,0.2891199823937205,busy
2025-04-08,0.2685248300946152,0.3316835399259587,busy
2025-04-09,0.2962924468927485,0.4010041998333855,busy
2025-04-10,0.3930351265624505,0.4016829196440001,busy
2025-04-11,0.4073444938968685,0.3554257804338407,busy
2025-04-14,0.399951758669947,0.3542168196641054,busy
2025-04-15,0.3919709985939694,0.3268550300957789,busy
2025-04-16,0.3955847000857143,0.3297422315537289,busy
2025-04-17,0.3909489269962176,0.3310452802437605,busy
2025-04-21,0.385635332693609,0.3070366369562666,busy
2025-04-22,0.389494125279634,0.3166922657865144,busy
2025-04-23,0.3834425720732581,0.3082604490571394,busy
2025-04-24,0.3628558921678638,0.3210385231745536,busy
2025-04-25,0.3573045601160108,0.3185169890594796,busy
2025-04-28,0.3472194500691781,0.2976087891737674,busy
2025-04-29,0.3582426102611323,0.3066988937069624,busy
2025-04-30,0.3741288466299184,0.3222283910514611,busy
2025-05-01,0.3621531707347948,0.3536061016481479,busy
2025-05-02,0.3667141307362689,0.3248595913929569,busy
2025-05-05,0.3747032886572036,0.3101932196891685,busy
2025-05-06,0.3298508115758564,0.3058803780760106,busy
2025-05-07,0.2138295379396646,0.2414878646478593,busy
2025-05-08,0.1861781205373442,0.2493249224907742,busy
2025-05-09,0.0618032790571368,0.2171330913172292,busy
2025-05-12,0.0260619267824085,0.248635754386015,mid
2025-05-13,0.0220142402938706,0.2508746689266387,mid
2025-05-14,0.0220113367368664,0.2158202461531082,mid
2025-05-15,0.0217597345132457,0.2100356238509801,mid
2025-05-16,0.0203298017793157,0.2080134199873455,mid
2025-05-19,0.0198490791538079,0.2139789237915404,mid
2025-05-20,0.0197966016761451,0.2097940704011555,mid
2025-05-21,0.019136093014912,0.2310369049600229,mid
2025-05-22,0.0203742129788979,0.2512091714881829,mid
2025-05-23,0.0206151313675551,0.2316910638982297,mid
2025-05-27,0.021221907313505,0.2123192850039213,mid
2025-05-28,0.0200930993122212,0.2073054238511368,mid
2025-05-29,0.0185716652330288,0.2095144988107511,mid
2025-05-30,0.015350806963132,0.2145974416048255,mid
2025-06-02,0.0179908919465717,0.239336435228064,mid
2025-06-03,0.0179427621070859,0.2339348908364457,mid
2025-06-04,0.0142097182297511,0.2083818927545009,mid
2025-06-05,0.0129217891404381,0.2284280735924885,mid
2025-06-06,0.0144065603727552,0.2508809500729647,mid
2025-06-09,0.0143441534508296,0.2227507309029938,mid
2025-06-10,0.01075272327607,0.2221919687921378,quiet
2025-06-11,0.0105731616633306,0.2122860635350453,quiet
2025-06-12,0.0105685765424329,0.2149648603192392,quiet
2025-06-13,0.01068140928692,0.2255932245330512,quiet
2025-06-16,0.0121709632340954,0.2324181100271699,mid
2025-06-17,0.0123878510919614,0.2136306992282744,mid
2025-06-18,0.0127448288381967,0.2084715406926628,mid
2025-06-20,0.0120882844832907,0.2178801514817187,mid
2025-06-23,0.0118687388624955,0.2234110240157125,mid
2025-06-24,0.0126575553952623,0.2129785755020782,mid
2025-06-25,0.012824390434079,0.2198914929315303,mid
2025-06-26,0.0134208897418292,0.2177027565748638,mid
2025-06-27,0.0134094727185254,0.2160045650945584,mid
2025-06-30,0.0139801148209296,0.2084186360844122,mid
2025-07-01,0.0142701918715938,0.2218957594764609,mid
2025-07-02,0.0135724882048708,0.2236696911375292,mid
2025-07-03,0.0133034752786562,0.2113745261727642,mid
2025-07-07,0.0144934643140084,0.2310525999054324,mid
2025-07-08,0.0130494241219234,0.2343222522306997,mid
2025-07-09,0.0138146837393795,0.2224613343541282,mid
2025-07-10,0.0120881555435579,0.2142364918598694,mid
2025-07-11,0.0130623893011513,0.2147741416393035,mid
2025-07-14,0.0135223098099435,0.2156824985195896,mid
2025-07-15,0.015205335536681,0.226974754737131,mid
2025-07-16,0.0139087949644006,0.2187134143006285,mid
2025-07-17,0.0149001802342416,0.2284996325192028,mid
2025-07-18,0.0145001800609773,0.2217892219126092,mid
2025-07-21,0.0145516316549784,0.2060475566606902,mid
2025-07-22,0.0122910240344145,0.2045087086171832,mid
2025-07-23,0.0111488838605077,0.2115947651286672,mid
2025-07-24,0.0111640227773053,0.2127730902462414,mid
2025-07-25,0.0109880931454176,0.2116908162893165,mid
2025-07-28,0.0111458045730765,0.216060118762494,mid
2025-07-29,0.010178002018324,0.2074365523890868,quiet
2025-07-30,0.0070114679022845,0.2112404842952341,quiet
2025-07-31,0.0079690297732496,0.2140725953014385,quiet
2025-08-01,0.0142247302057828,0.2206800923744359,mid
2025-08-04,0.0353776538753726,0.2763069887246414,mid
2025-08-05,0.0353423390700277,0.272009830218847,mid
2025-08-06,0.0346689002654391,0.2125126226828844,mid
2025-08-07,0.0347757522893442,0.2180846783591403,mid
2025-08-08,0.0338000324099532,0.2236334029740706,mid
2025-08-11,0.033769300133923,0.2164483191342339,mid
2025-08-12,0.0326765210847722,0.216812465004501,mid
2025-08-13,0.0329598093316369,0.2170603665898238,mid
2025-08-14,0.0322676527288766,0.2127107825825689,mid
2025-08-15,0.0328598691505496,0.2145145845382578,mid
2025-08-18,0.0327610890059558,0.2309153971502723,mid
2025-08-19,0.0357374457905503,0.2464374304918736,mid
2025-08-20,0.0352786019031195,0.2261408475180288,mid
2025-08-21,0.036760085295285,0.2460152418418763,mid
2025-08-22,0.037928097529439,0.2580189890326841,mid
2025-08-25,0.0377666160052413,0.255441159975094,mid
2025-08-26,0.0383818851315295,0.2421976897081491,mid
2025-08-27,0.0396300298548854,0.2124203574371668,mid
2025-08-28,0.0413745627354941,0.2209651795355524,mid
2025-08-29,0.0360869654392832,0.2160918808411008,mid
2025-09-02,0.0114187128768385,0.2077114490924595,mid
2025-09-03,0.0124665593218637,0.2162031151309724,mid
2025-09-04,0.0125852949071533,0.2116219111319305,mid
2025-09-05,0.0125852051182895,0.2195225216223044,mid
2025-09-08,0.0140379401033519,0.2342525949904249,mid
2025-09-09,0.0140525588402062,0.226673831805564,mid
2025-09-10,0.0138466704854643,0.209677050255184,mid
2025-09-11,0.0144942796710791,0.2194326532119859,mid
2025-09-12,0.0143526195337866,0.2131026325618003,mid
2025-09-15,0.0142148494565727,0.2113516072969039,mid
2025-09-16,0.0142680227139976,0.2113294716915225,mid
2025-09-17,0.0118701519059843,0.2278583185867297,mid
2025-09-18,0.0168061028173509,0.2489567066863044,mid
2025-09-19,0.0170889820846589,0.2194796722748268,mid
2025-09-22,0.0192262416323532,0.227342064239456,mid
2025-09-23,0.018543945472997,0.2386851319628267,mid
2025-09-24,0.0170175306241304,0.2232020016801406,mid
2025-09-25,0.0150176516761736,0.2281322434546952,mid
2025-09-26,0.0128993394581917,0.2344821714801748,mid
2025-09-29,0.0121689338797381,0.2251379960102469,mid
2025-09-30,0.012187658480078,0.2095775235044857,mid
2025-10-01,0.0125009755103831,0.2227930526918035,mid
2025-10-02,0.0124293654619293,0.211609943107689,mid
2025-10-03,0.0135646716276647,0.2255827134591738,mid
2025-10-06,0.013256280329705,0.2249020486314511,mid
2025-10-07,0.0144961035624396,0.2280384544473014,mid
2025-10-08,0.014186518053786,0.2263859308425411,mid
2025-10-09,0.0150073110263503,0.2177803562087349,mid
2025-10-10,0.015189511784699,0.2546726633102736,mid
2025-10-13,0.0465845873456086,0.3377874417366701,busy
2025-10-14,0.0455757438742493,0.2942088371372891,mid
2025-10-15,0.0443681146272966,0.2241794904887486,mid
2025-10-16,0.0421922587491414,0.2332909440052959,mid
2025-10-17,0.0459365959740841,0.2467026103918039,busy
2025-10-20,0.0457167108965437,0.2298096736869074,mid
2025-10-21,0.0469526664045951,0.2452870772356948,busy
2025-10-22,0.0493412644620332,0.2300739392957251,busy
2025-10-23,0.0488119888570481,0.2441426628229921,busy
2025-10-24,0.0490508834014623,0.2320118524780385,busy
2025-10-27,0.0487470132294447,0.2271608542099411,busy
2025-10-28,0.0496403468663111,0.2230225938282038,busy
2025-10-29,0.0503603649566041,0.2279388964212953,busy
2025-10-30,0.0505929197736805,0.2409468056280621,busy
2025-10-31,0.0486280491386001,0.2269795370284328,mid
2025-11-03,0.0486532654725469,0.2393962517016481,mid
2025-11-04,0.0480874092191274,0.2524823374528545,mid
2025-11-05,0.0478462207651688,0.235245506903561,mid
2025-11-06,0.0463147939744243,0.2216335593909425,mid
2025-11-07,0.0454887851756375,0.2197140578023363,mid
2025-11-10,0.0186319470369464,0.2280206221006231,mid
2025-11-11,0.0186457585631839,0.2215306480304663,mid
2025-11-12,0.0195672436933599,0.2231410888628816,mid
2025-11-13,0.020276844737186,0.2275085807340923,mid
2025-11-14,0.0182383412538839,0.2477803624095459,mid
2025-11-17,0.0183056501517446,0.2086468425145318,mid
2025-11-18,0.0181714095634396,0.2239514033957267,mid
2025-11-19,0.02196540235144,0.2385977065962969,mid
2025-11-20,0.0229466119853823,0.2630689451648941,mid
2025-11-21,0.0524419568816173,0.2980520544929693,busy
2025-11-24,0.0581086165298916,0.2383009782385614,busy
2025-11-25,0.0555748185435047,0.2570084307343624,busy
2025-11-26,0.0524647313488799,0.2191256987468892,busy
2025-11-28,0.0537687990482528,0.2251897914370521,busy
2025-12-01,0.0600410792602441,0.2429369832004648,busy
2025-12-02,0.0630458203109399,0.2270778273209273,busy
2025-12-03,0.0617007301986843,0.2209680037604192,busy
2025-12-04,0.0652008903967036,0.2247104310077294,busy
2025-12-05,0.0671199087558051,0.2262259086965315,busy
2025-12-08,0.0672571494362685,0.2471862944772773,busy
2025-12-09,0.0695441290387933,0.2429965554294185,busy
2025-12-10,0.0719011344041578,0.2333194075614115,busy
2025-12-11,0.069522513236237,0.2444783439833707,busy
2025-12-12,0.0675424048688748,0.2326654248374877,busy
2025-12-15,0.069661286477656,0.2558447619265868,busy
2025-12-16,0.0691409104678015,0.2563070287735246,busy
2025-12-17,0.0752355854882906,0.2550002701976067,busy
2025-12-18,0.0742984279602989,0.2297915035730405,busy
2025-12-19,0.0762932129759812,0.2224499651707031,busy
2025-12-22,0.0484646293383422,0.2256157586534428,mid
2025-12-23,0.0410907759585536,0.2404452318747691,mid
2025-12-24,0.0421408869511874,0.224186374783254,mid
2025-12-26,0.0490771959969638,0.237568928844547,mid
2025-12-29,0.0545913630527295,0.224739342133606,mid
2025-12-30,0.0521066140772642,0.2416418185909694,mid
2025-12-31,0.0549352835604677,0.2432411276206084,mid
2026-01-02,0.0541463490162889,0.233619330044018,mid
2026-01-05,0.0529519911062718,0.2377216218563778,mid
2026-01-06,0.0519126476410838,0.2293576158823743,mid
2026-01-07,0.0522923231429821,0.2198001142734015,mid
2026-01-08,0.0498353398418014,0.2250459693193718,mid
2026-01-09,0.0488927007694493,0.2324863008794093,mid
2026-01-12,0.0487153584434307,0.2369224982297685,mid
2026-01-13,0.0494410283272913,0.2360935717317026,mid
2026-01-14,0.0435989368752288,0.2192187570890804,mid
2026-01-15,0.0441692426557322,0.2362394006572501,mid
2026-01-16,0.0343641120595381,0.2243988205371457,mid
2026-01-20,0.0282892382699309,0.2241910331311123,mid
2026-01-21,0.0292940800124369,0.2316337024655358,mid
2026-01-22,0.0385667648364993,0.2514628220331865,mid
2026-01-23,0.038497205046768,0.2529676321834159,mid
2026-01-26,0.038667466185048,0.2227178526853706,mid
2026-01-27,0.0338963681408153,0.2105677553238005,mid
2026-01-28,0.0304578234806738,0.2152375437310111,mid
2026-01-29,0.0306377007801779,0.2271485113107806,mid
2026-01-30,0.0283276894043913,0.2403685542258348,mid
2026-02-02,0.0305014824115754,0.2241990459649444,mid
2026-02-03,0.0300843970054837,0.244702400974662,mid
2026-02-04,0.0331824662150441,0.2374443627397274,mid
2026-02-05,0.0348183475897504,0.2161007197567382,mid
2026-02-06,0.0384501942946296,0.2308143411814026,mid
2026-02-09,0.0363839260667064,0.2262759250659312,mid
2026-02-10,0.0368997122396875,0.2206219214694419,mid
2026-02-11,0.0366647801529647,0.2239830228106826,mid
2026-02-12,0.0368180883574297,0.2312169923971542,mid
2026-02-13,0.0412483907772488,0.2628683947222532,mid
2026-02-17,0.0411602394111803,0.2262442744819878,mid
2026-02-18,0.0410144420561891,0.2218553192173948,mid
2026-02-19,0.0391534527118997,0.2173564999496087,mid
2026-02-20,0.033678727987323,0.2445154537250463,mid
2026-02-23,0.0347611250620551,0.2540304280523395,mid
2026-02-24,0.0328111051425502,0.2165640641685809,mid
2026-02-25,0.0305738495801963,0.2173459441986656,mid
2026-02-26,0.0303384328571941,0.2328283241085663,mid
2026-02-27,0.0284467937682584,0.2170231918771651,mid
2026-03-02,0.0279063559894295,0.2167115203856875,mid
2026-03-03,0.0267115464046232,0.2158101622144765,mid
2026-03-04,0.0281995726471677,0.2377366369022848,mid
2026-03-05,0.0261536967737192,0.2458279263118457,mid
2026-03-06,0.0264194165693311,0.2366101864901034,mid
2026-03-09,0.0237902037804939,0.2126013786037568,mid
2026-03-10,0.02516114290879,0.2200476000384295,mid
2026-03-11,0.0246380697319935,0.2211756067838081,mid
2026-03-12,0.0240851953983389,0.2406441129154288,mid
2026-03-13,0.025910878777378,0.2517271215250145,mid
2026-03-16,0.0217300217548591,0.2127501512551013,mid
2026-03-17,0.021298552156728,0.2229120246124948,mid
2026-03-18,0.0212277261123147,0.2132150093425048,mid
2026-03-19,0.0206012065461874,0.2262036128225172,mid
2026-03-20,0.0193996498386226,0.2304758906678911,mid
2026-03-23,0.0432994591043697,0.272554603882328,mid
2026-03-24,0.0511653600132721,0.2316065114747947,mid
2026-03-25,0.049187539740424,0.2472779574600854,mid
2026-03-26,0.0421400347660144,0.2185708162538218,mid
2026-03-27,0.0390846764953118,0.2135595558529202,mid
2026-03-30,0.0381063173645348,0.2191528324128967,mid
2026-03-31,0.0374418542825429,0.2435365048962042,mid
2026-04-01,0.0493833480292114,0.2908736012395175,mid
2026-04-02,0.0469781420646018,0.2518298019431165,mid
2026-04-06,0.0520954977558303,0.2295681097292917,busy
2026-04-07,0.0687634313921554,0.2595771665843293,busy
2026-04-08,0.0720416918261639,0.2383015070791305,busy
2026-04-09,0.0710197563658841,0.2607539349289797,busy
2026-04-10,0.0745167928788564,0.247778441004954,busy
2026-04-13,0.0862228067086135,0.2413736359071666,busy
2026-04-14,0.0926617661347053,0.2310648164054748,busy
2026-04-15,0.0956733027478759,0.2366394971200098,busy
2026-04-16,0.1000720308583157,0.2299368787659611,busy
2026-04-17,0.1064551231779944,0.2462210722746332,busy
2026-04-20,0.1046736080816657,0.2617675627172381,busy
2026-04-21,0.0812934251718184,0.2514736704277059,busy
2026-04-22,0.0677683282010856,0.2389818353698999,busy
2026-04-23,0.0699611682922573,0.2411966507268309,busy
2026-04-24,0.0694438759226822,0.2373131095040657,busy
2026-04-27,0.0688745968685332,0.2247526291231337,busy
2026-04-28,0.0677084793498917,0.2346528598906427,busy
2026-04-29,0.0637384980508993,0.2265887728305989,busy
2026-04-30,0.0256284954673497,0.2150657864835944,mid
2026-05-01,0.0181787638732461,0.2405577555743542,mid
2026-05-04,0.0178568856679261,0.2326858711143747,mid
2026-05-05,0.0168710039704667,0.2208316670145755,mid
2026-05-06,0.0168795860624018,0.2275346280286279,mid
2026-05-07,0.0089092222138564,0.2175738542539532,quiet
2026-05-08,0.0087168084906807,0.2045105329164231,quiet
2026-05-11,0.0084571074456911,0.2051652004327796,quiet
2026-05-12,0.0085734838811517,0.2108163283987098,quiet
2026-05-13,0.0078187776584164,0.2169555677788514,quiet
2026-05-14,0.0075739473792121,0.2122344912095152,quiet
2026-05-15,0.0076242995354883,0.2102159963522729,quiet
2026-05-18,0.0060363180515016,0.2224231990341158,quiet
2026-05-19,0.0059344772223426,0.2170181172656801,quiet
2026-05-20,0.0055817488530012,0.2120630887521358,quiet
2026-05-21,0.0054603340603301,0.2085411649093838,quiet
2026-05-22,0.0052588106740279,0.203030619291215,quiet
2026-05-26,0.0053873655248731,0.2026432342842077,quiet
2026-05-27,0.0046193571258989,0.2022222136561167,quiet
2026-05-28,0.0046679011355433,0.2024660722752611,quiet
2026-05-29,0.004684480976812,0.2093009420117208,quiet
2026-06-01,0.0031841465571202,0.2195603871302834,quiet
2026-06-02,0.0031632948830441,0.2074462997085331,quiet
2026-06-03,0.0040889483401328,0.2230046922929838,quiet
2026-06-04,0.0037659363462945,0.2209564855261512,quiet
2026-06-05,0.0036224752270755,0.2269543912003874,quiet
2026-06-08,0.0131975043725158,0.2675601308032886,mid
2026-06-09,0.0131839362082229,0.266578144517105,mid
2026-06-10,0.0194096393715603,0.255232687092301,mid
2026-06-11,0.0197382844770602,0.2451287166920598,mid
2026-06-12,0.0245839218932907,0.2460215945824244,mid
2026-06-15,0.0242915294391921,0.2364079768282532,mid
2026-06-16,0.0242786159370799,0.2098434738989316,mid
2026-06-17,0.0247626957156649,0.2157937310595143,mid
2026-06-18,0.0288243275110433,0.2277906672895774,mid
2026-06-22,0.0306338141846846,0.2258193298575365,mid
2026-06-23,0.0302266964659349,0.2515220864588582,mid
2026-06-24,0.0290880858842703,0.231941079998297,mid
2026-06-25,0.0274510285955767,0.214615689999892,mid
2026-06-26,0.0260406156290895,0.2190757131910047,mid
2026-06-29,0.0244925532475961,0.2293102975345591,mid
2026-06-30,0.0243222372007636,0.2179514592449272,mid
2026-07-01,0.0228383590181064,0.2100904988440481,mid
2026-07-02,0.0193728331568109,0.218195292428308,mid
2026-07-06,0.0188165808661047,0.2185004936496521,mid
2026-07-07,0.0187187528743606,0.2088462122976292,mid
2026-07-08,0.016247812306755,0.2106597257224733,mid
2026-07-09,0.017028158964085,0.2057409571284014,mid
2026-07-10,0.0154272356653942,0.2064519618588166,mid
2026-07-13,0.0167227066136081,0.205109300606241,mid
2026-07-14,0.0138256853781304,0.2097266117476717,quiet
2026-07-15,0.0157966973781127,0.2169414750826479,mid
2026-07-16,0.016248554683948,0.2115044308723836,mid
2026-07-17,0.015757837375295,0.2126071879606038,mid
2026-07-20,0.0112656605922495,0.2241915938030954,quiet
2026-07-21,0.0074107284764525,0.2094351007310713,quiet
2026-07-22,0.0085431400053408,0.2170145892201497,quiet
2026-07-23,0.0084272367796017,0.2161967736408849,quiet
2026-07-24,0.0082842684888124,0.2295254129733933,quiet
2026-07-27,0.008184806818591,0.2109669817992547,quiet
2026-07-28,0.0057871935721659,0.20739874002203,quiet
2026-07-29,0.0051675514995739,0.2130978015463087,quiet
2026-07-30,0.0074573468892065,0.226223956206639,quiet
2026-07-31,0.0091871435508035,0.2044572402456005,quiet
2026-08-03,0.0097283712808306,0.2055978127123335,quiet
2026-08-04,0.0103200517180253,0.2100504245635723,quiet
2026-08-05,0.0120085668062919,0.2248731690920882,quiet
2026-08-06,0.0119621783136005,0.2240125770185186,quiet
2026-08-07,0.0122309140873999,0.2119519707247856,quiet
2026-08-10,0.0121449360653184,0.2104665658823322,quiet
2026-08-11,0.0124892470320891,0.2063475892287429,quiet
2026-08-12,0.0122925106997987,0.205021867022177,quiet
2026-08-13,0.0133355250357352,0.2080730087249439,mid
2026-08-14,0.0140915511491061,0.2082403051131739,mid
2026-08-17,0.0142893003628985,0.2094423005371117,mid
2026-08-18,0.0148915761262411,0.2086204073754629,mid
2026-08-19,0.0142615403826662,0.2147984730079667,mid
2026-08-20,0.0135693598832676,0.2097190626977016,mid
2026-08-21,0.013231841610647,0.211812304052284,mid
2026-08-24,0.0134526907216715,0.2072291598007228,mid
2026-08-25,0.0141920480086271,0.2080185953450838,mid
2026-08-26,0.0156138895170195,0.2094322577755637,mid
2026-08-27,0.0133233217888994,0.2060859073524169,mid
2026-08-28,0.0107385394934022,0.2070081995993136,quiet
2026-08-31,0.0085949859511176,0.2031567778006019,quiet
2026-09-01,0.0066529147077636,0.2026491554922465,quiet
2026-09-02,0.002295654034088,0.2083214237470542,quiet
2026-09-03,0.0022674356557237,0.2190656245535524,quiet
2026-09-04,0.0024670309759388,0.2190159943736381,quiet
2026-09-08,0.0022717254115121,0.2153039256449797,quiet
2026-09-09,0.0025477891780718,0.2171822215999084,quiet
2026-09-10,0.0026091805375204,0.217362938048229,quiet
2026-09-11,0.002723592069372,0.2090537071242444,quiet
2026-09-14,0.0030324460573186,0.2042151590272049,quiet
2026-09-15,0.0030314376745526,0.2034333149238458,quiet
2026-09-16,0.003243526057611,0.2076085609917747,quiet
2026-09-17,0.0049903310324047,0.2185392077987573,quiet
2026-09-18,0.0054467902426538,0.2189019844531215,quiet
2026-09-21,0.0081745879744332,0.2246313796242786,quiet
2026-09-22,0.0085569314358856,0.2108129573011931,quiet
2026-09-23,0.008388521074357,0.2278911465436864,quiet
2026-09-24,0.0081348795757568,0.2272267428849394,quiet
2026-09-25,0.0071823760629231,0.2091233542401555,quiet
2026-09-28,0.0070276972270421,0.2120401243862489,quiet
2026-09-29,0.0068022364464652,0.210602777275489,quiet
