ticker,price,avg_volume,market_cap,shares_outstanding
SKHYV,168.01,107674661.841012,0,0
HONIV,256.01,515048.3694077857,0,0
AADX,12.64,1017073.2502472665,0,0
MFPVV,35.05,102399.6092734,0,0
ADIG,19.55,1828578.3775008,0,0
AGNT,3.63,1452642.7666101337,0,0
AIBZ,4.09,536743.7553739,0,0
ALMR,32.8,279795.7433970001,0,0
ALP,5.58,7315208.899094667,0,0
APMD,21.09,678228.7496409166,0,0
ARXS,50.12,801234.0966811999,0,0
ATTO,17.78,852131.1570596666,0,0
AVEX,16.07,1902520.7136831663,0,0
AVLN,28.08,224749.36274849996,0,0
AYA,28.47,711599.7446693333,0,0
BLSM,19.75,552746.9341478571,0,0
BNY,150.15,3371365.7821088326,0,0
BOT,28.62,474355.2271641332,0,0
BRNX,2.49,2020644.037163,0,0
BRUN,16.77,1945588.213716367,0,0
BRVE,20.62,872694.834902625,0,0
BSIN,1.44,1784167.9008671,0,0
BSP,33.25,2575871.6503879,0,0
BXBL,4.03,527545.952296476,0,0
BXDC,19.08,739031.3176478331,0,0
CBRS,206.75,6266140.504638268,0,0
CHRN,19.85,256799.1770288,0,0
COAG,34.74,379885.8628876999,0,0
CSQR,17.01,1902990.8718886524,0,0
DGAC,10,210866.26315789475,0,0
DMC,30.71,370767.5028998,0,0
DPC,41.03,1033116.7784042667,0,0
ECHO,90.11,4941399.825301934,0,0
EFOR,33.12,1014870.5945352998,0,0
ELMT,19.64,354842.5796544,0,0
EROC,12.6,2228760.9804494,0,0
EROK,21.57,178396.9264675333,0,0
FAC,6.28,423167.5538341334,0,0
FDXF,113.18,1208431.6104308001,0,0
FIRY,12.42,891798.7430864002,0,0
FNRN,17.17,130866.54138046668,0,0
FOIL,18.12,169367.20504133333,0,0
FRBT,17.67,143254.94080016666,0,0
FRNM,15.99,870498.4233591,0,0
FRTT,0.898,3712307.727102566,0,0
FRVO,15.18,3207231.8199536665,0,0
FTH,28,299462.9130878,0,0
GFUZ,7.77,598237.8049402307,0,0
GLAS,6.8,346936.14044366666,0,0
GMRS,11.06,615765.2836400334,0,0
GOOGM,48.9,1756188.7688995337,0,0
GOOGN,48.67,1945372.0818576,0,0
HAPN,15.03,1487352.9261459003,0,0
HAWK,16.1,978724.6722812667,0,0
HMH,19.16,202739.00434533335,0,0
HONA,158.78,3859276.0161524666,0,0
IMC,6.8,500611.0135386427,0,0
INIO,19.12,4411657.7393464,0,0
IOND,81.98,1176080.6286874667,0,0
IQMX,10.61,382661.3298987,0,0
ITG,10.48,372034.26790700003,0,0
JMKE,16.99,6408037.645588155,0,0
KARD,14.79,257296.29132220004,0,0
KEEL,3.8,31912375.94815856,0,0
KLRA,11.215,487772.6628045999,0,0
LABT,1.67,2900366.2248803326,0,0
LCLN,23.37,392037.43429019995,0,0
LFTO,15.91,781417.6422089334,0,0
LIME,29.21,306080.9758953334,0,0
LKFT,29.38,218288.65160373333,0,0
LTGO,17.15,728248.8378720001,0,0
MAIR,25.16,2496832.4184734994,0,0
MBGL,17.87,5819955.205577235,0,0
MF,13.4071,406250.089217,0,0
MFP,42.69,1281021.7054242003,0,0
HONAV,221.01,400903.18638666667,0,0
NHP,16.03,554388.4592205334,0,0
NSLR,7.96,297102.7362766,0,0
OCAC,9.98,364320,0,0
OCTV,18.83,1470921.9796902335,0,0
ODTX,20.51,218565.61176463324,0,0
OGC,28.13,456673.9935799333,0,0
OGG,2.77,1843324.913500905,0,0
ONT,14,697599.6156278667,0,0
OPI,16.6,660908.7954118333,0,0
JAB,9.9499,377925.8888888889,0,0
P,126,2742306.3518446013,0,0
PBLS,31.2,408315.93701903336,0,0
PLGO,23.96,416639.48604150006,0,0
PMA,1.27,2216369.0032619643,0,0
PPLI,40,939560.9375818999,0,0
PS,56.16,139781.75481783334,0,0
PUSA,3.72,558146.3641283333,0,0
QMLS,7.12,576695.8842048262,0,0
QNME,0.7385,22796626.906727903,0,0
QNT,49.53,1550760.036830667,0,0
QVCG,14.21,259785.686434,0,0
REF,12.37,967434.1810281537,0,0
RKTO,0.7678,5830185.533760635,0,0
RMIX,13.05,249386.546707,0,0
RVII,22.11,1192512.593813,0,0
SCTX,21.28,228090.78126388235,0,0
SECZ,15.96,1715207.4597564,0,0
SHOE,13,689432.7261112,0,0
SHOT,9.855,11940680.011231268,0,0
SKHY,191.56,40298280.77504515,0,0
SPTX,21.52,115081.2693232333,0,0
SSMR,15.35,173174.7578715667,0,0
STDN,12.34,1299795.476959478,0,0
STLN,6.66,1988255.1722289,0,0
SUJA,8.61,607972.3583194666,0,0
OCTVV,17.48,370688.34618274996,0,0
THEO,9.89,595415.5,0,0
TRAX,34.42,894399.0224209669,0,0
TRLV,12.21,814331.0340729,0,0
USDE,17.25,674019.2596634668,0,0
UZX,1.475,4927794.075608132,0,0
VBIO,3.03,12760481.161805298,0,0
VGNT,46.73,997014.4812920667,0,0
VIVK,0.5351,13423171.993839402,0,0
VOGX,22.73,208564.93325225,0,0
VSXY,82.91,1612961.4035783669,0,0
WHK,26.26,126452.73540783333,0,0
WSE,11.55,1115487.8972507664,0,0
XE,15.08,5485980.964882601,0,0
XMAX,8.71,716614.2534283667,0,0
YSWY,19.32,331156.06637719995,0,0
A,175.03,2625532.6027134,32645351424,282602317
AA,41.97,3965217.5152050005,17508405248,263839742
AAL,13.61,69385538.77573141,7289762304,660304573
AAMI,92.48,432589.27850163326,1811848704,35722568
AAOI,100.67,7557765.455564867,9551001600,75198817
AAON,85.105,1181885.3950705335,7470332416,81499853
AAP,39.73,2382829.5996397333,3205133056,60100000
AAPL,329.4,41598626.4172878,3833366052864,14681140000
AAT,21.34,475095.5377182333,1458362368,61390936
AAUC,21.32,480589.8903841667,3963041024,125214565
AB,35.51,307484.57999003335,3622161408,92284367
ABAT,2.19,3280179.9525846676,460982368,131709245
ABBV,263.29,4216433.990884334,402576703488,1768169012
ABCB,80.46,432981.4547497,5163941376,67880297
ABCL,14.82,8343558.082677534,1106535808,303160487
ABEO,5.16,1283472.8819680002,271498720,54191361
ABEV,2.88,26880144.821741927,47274672128,15616525320
ABG,173.95,244407.8603605,3878780160,19257920
ABM,48.62,505653.8789325,2394915328,58598372
ABNB,156.96,5001470.591421734,79969173504,423573275
ABR,3.97,4387359.935010167,1690837504,193115316
ABSI,10.14,3199360.8275824324,368410272,150371531
ABT,100.95,8412799.959357971,191579537408,1737682887
ABTC,8.72,1864295.5520520008,1048193664,195380091
ABUS,4.69,1677643.7407468,907769344,192324017
ABVX,98.5,1231431.8008904664,8880646144,79072628
ABX,8.06,558430.8065437668,987303872,97752855
ACA,146,659504.8954351667,5410647040,49044022
ACAD,20.22,1887829.6778219,3745766400,170494613
ACB,4.03,981194.5503545332,203586832,56709424
ACCO,4.23,664711.3454514333,316377824,90136133
ACDC,4.22,1331675.5062351336,1059905152,180871183
ACEL,10.88,310766.3751187334,946906432,81567065
ACGL,95.12,3565071.8682002663,34380566528,355803320
ACHC,28.04,1566675.3630467332,2202939392,92211777
ACHR,5.06,24854263.130570468,4720322048,734109161
ACHV,7.69,1322994.6956620333,233164880,53233988
ACI,11.64,7360044.5264506,9030616064,513913121
ACIC,9.24,265121.53017780004,543245504,48765302
ACIW,48.59,741701.6874819001,0,0
ACLS,128.69,337788.26154293335,0,0
ACLX,115.07,1568119.3924857667,0,0
ACM,58.85,2070940.2828037997,0,0
ACMR,75.61,1022511.6825344667,0,0
ACN,177.12,5005387.8587126,0,0
ACNB,62.81,77918.0868885,0,0
ACRS,5.28,2436371.839081667,0,0
ACT,46.44,390271.15564729995,0,0
ACU,63.72,45510.6685502,0,0
ACVA,10.44,10995532.665271902,0,0
AD,33.81,259729.05661093333,0,0
ADAM,7.93,1063555.3754355668,0,0
ADBE,233.17,5178340.045474233,0,0
ADC,67.65,1619601.1549063334,0,0
ADCT,1.23,1695856.402211466,0,0
ADEA,24.72,894750.0389207669,0,0
ADI,398.22,3628235.883758067,0,0
ADM,79.4,3708050.0823977003,0,0
ADMA,9.96,2597072.8657595995,0,0
ADNT,17.17,944833.2129567332,0,0
ADP,261.8,2204733.622458567,0,0
ADPT,28.77,2117190.136473633,0,0
ADSK,203.18,2219947.2651240667,0,0
ADT,6.14,7482400.720606235,0,0
ADTN,6.87,1624044.2032097003,0,0
ADUR,12.25,314007.55611279997,0,0
ADUS,112.96,206682.5442232667,0,0
AEBI,10.84,374917.1331875333,0,0
AEE,100.25,1609130.8138109664,0,0
AEG,8.79,4611121.0457694335,0,0
AEHL,8.59,3150394.3035092996,0,0
AEHR,100.78,2628761.868519333,0,0
AEIS,283.3,529369.8314868334,0,0
AEM,185.83,2651122.1363745336,0,0
AEMD,6.38,5408233.455168267,0,0
AEO,18.14,6889283.200300901,0,0
AEON,0.259,11169936.5638816,0,0
AEP,119.3,3785966.2579248,0,0
AER,145.1,1113606.3010241,0,0
AERO,15.84,359710.8011107334,0,0
AES,14.86,8001443.654760768,0,0
AESI,11.65,3444910.521746934,0,0
AEVA,13.97,1529697.5273737325,0,0
AFG,138.46,370295.07853279996,0,0
AFL,113.66,2202256.9837920005,0,0
AFRM,69.3,5287600.597432898,0,0
AFYA,11.82,303702.9305821333,0,0
AG,18.08,9793981.412059432,0,0
AGAE,0.6148,26197586.472334906,0,0
AGCO,116.16,1213240.8340444665,0,0
AGEN,9.89,1076243.6239051665,0,0
AGH,4.33,712564.3638609669,0,0
AGI,33.04,3962369.6407913333,0,0
AGIO,33.3,923947.9906188,0,0
AGL,78.15,221529.17591926668,0,0
AGM,212.22,107433.78667256668,0,0
AGNC,9.45,30178844.570541825,0,0
AGO,68.97,490346.6431062,0,0
AGPU,12.55,341233.13808473333,0,0
AGRO,10.02,840198.6542808667,0,0
AGX,378.39,416445.67453059996,0,0
AGYS,96.34,226009.3579941333,0,0
AHCO,5.67,2700692.0851799333,0,0
AHR,52.08,2959727.8793755,0,0
AHRT,6.02,762126.5784627,0,0
AI,10.34,5054348.785957533,0,0
AIB,1.71,1182963.9390345,0,0
AIFF,1.62,5475795.489323934,0,0
AIG,75.27,4117209.4411648004,0,0
AIHS,1.76,1558053.9666702666,0,0
AII,25.26,210528.18650536667,0,0
AIN,59.59,256577.67279076664,0,0
AIOT,2.75,1555701.1466663335,0,0
AIP,23.26,703423.2655990332,0,0
AIR,106.75,470011.4829740334,0,0
AIRJ,3.95,1010127.8326406002,0,0
AIRO,6.79,406165.40994046663,0,0
AIT,336.15,285422.91617723333,0,0
AIV,2.06,1651485.2982460666,0,0
AIXC,1.01,3079324.8204783667,0,0
AIXI,1.49,1901544.6893459337,0,0
AIZ,263.65,369241.19331720006,0,0
AJG,227.75,1423262.472805933,0,0
AKAM,108.45,4624319.854831501,0,0
AKAN,2.57,1750838.5609934332,0,0
AKBA,0.8861,7968208.969839599,0,0
AKR,19.2,1398379.1446172665,0,0
AKTS,19.69,434004.6949115333,0,0
AL,65,2651951.3505440336,0,0
ALAB,357.84,3755772.6781241666,0,0
ALB,107.62,2391867.004710533,0,0
ALC,65.44,1547702.6506204333,0,0
ALEC,1.87,1458420.0599079335,0,0
ALG,158.79,190865.26974016664,0,0
ALGM,36.6,2325813.452665567,0,0
ALGN,144.01,895659.9789588334,0,0
ALGT,77.03,526003.9124082667,0,0
ALH,21.73,1774830.1294749668,0,0
ALHC,7.91,8825551.027210401,0,0
ALIT,9.23,460895.5738007,0,0
ALK,39.93,2596583.7564707003,0,0
ALKS,40.8,1892808.210102567,0,0
ALKT,13.37,1848806.8424921331,0,0
ALL,225.42,1976742.6841981998,0,0
ALLE,155.43,1282931.4357240999,0,0
ALLO,1.62,5420382.054280598,0,0
ALLT,8.44,309993.65263296675,0,0
ALLY,37.81,3356846.0582313663,0,0
ALM,13.19,6519260.525233066,0,0
ALMS,7.29,3756038.868408334,0,0
ALMU,12.75,596386.4776573668,0,0
ALNT,112.1,223195.77032386663,0,0
ALNY,254.07,1560370.5792731666,0,0
ALOT,28.99,107830.35624336668,0,0
ALOY,8,2062232.3345971669,0,0
ALRM,53.84,428804.04752449994,0,0
ALRS,31.77,160974.04262103332,0,0
ALSN,113.01,806329.4829146664,0,0
ALT,2.97,3996762.7091183322,0,0
ALTO,3.63,1307114.2646748,0,0
ALTS,0.855,2724658.7431470333,0,0
ALV,113.04,652116.7597771666,0,0
ALVO,5.92,1237355.2662418333,0,0
ALX,247.02,40352.27764879999,0,0
AM,20.25,2392504.3209298,0,0
AMAL,46.85,225895.14308873337,0,0
AMAT,512.01,6468437.074162066,0,0
AMBA,68.73,1691280.2092501668,0,0
AMBP,4.35,1653563.2382569,0,0
AMBQ,64.81,520283.5900434,0,0
AMC,3.08,26653653.603571866,0,0
AMCR,42.46,3420343.8583066654,0,0
AMCX,11.54,591747.9729456999,0,0
AMD,607.57,20334338.62372007,0,0
AME,250.78,1428508.849007167,0,0
AMG,370.61,291211.59688656667,0,0
AMGN,423.64,2892885.3943070667,0,0
AMH,30.68,2714609.1613238663,0,0
AMIX,3.75,1635286.256288967,0,0
AMKR,54.14,4186293.9877443686,0,0
AMLX,29.28,3007353.1404626006,0,0
AMN,34.95,570171.0837272332,0,0
AMP,497.32,560681.4968169333,0,0
AMPG,3.22,1100512.7603687,0,0
AMPH,26.68,475492.40154089994,0,0
AMPL,13.64,1614097.504136367,0,0
AMPX,9.53,4850305.799583133,0,0
AMPY,4.15,575858.6733015333,0,0
AMR,166,354306.6202995333,0,0
AMRC,21.03,725828.7076428666,0,0
AMRX,20.2,2281870.0591599,0,0
AMRZ,37.71,4187244.591640733,0,0
AMSC,29.17,682864.9501088334,0,0
AMSF,23.87,524594.5494895333,0,0
AMT,167.35,2367120.304966867,0,0
AMTB,29.13,326197.9126534334,0,0
AMTM,18.15,1954020.5258297669,0,0
AMWD,48.09,294572.8323395334,0,0
AMX,21.78,2994684.0763652674,0,0
AMZN,246.67,33913960.78815699,0,0
AN,156.8,537919.1471616667,0,0
ANAB,50.37,490701.136547,0,0
ANDE,66.21,382765.20978286664,0,0
ANDG,55.47,576196.4511902668,0,0
ANET,202.86,5084499.547994866,0,0
ANF,133.59,2074196.1645609336,0,0
ANGI,5.72,820035.0339506001,0,0
ANGO,15.6,408135.3403618667,0,0
ANGX,4.66,1831885.184585133,0,0
ANIP,72.62,408504.9998625667,0,0
ANL,15.65,155098.69109346668,0,0
ANNX,4.13,2951662.7085900004,0,0
ANRO,26.58,532460.8974694667,0,0
AON,275.9,1795979.7985664667,0,0
AORT,22.86,651177.666161,0,0
AOS,58.02,1381029.5674715661,0,0
AOSL,27.61,569916.5585505334,0,0
AOUT,16.9,263385.5981753667,0,0
APA,42.19,5834587.602468635,0,0
APAD,12.6363,370171.7569974665,0,0
APAM,36.42,757339.1817039665,0,0
APC,15.07,161449.3738174667,0,0
APD,279.19,1135383.6868878002,0,0
APEI,41.09,254488.9564524666,0,0
APG,38.75,3335927.3064541663,0,0
APGE,135.07,1335962.4517075333,0,0
APH,84.34,11997360.847386038,0,0
APLD,25.41,15602235.503666868,0,0
APLE,16.27,2423736.691302201,0,0
APLS,41.03,7772566.5673642,0,0
APO,119,2672510.1000447334,0,0
APOG,35.84,237783.93545466667,0,0
APP,305.66,4723159.866200533,0,0
APPF,195.82,314795.8765105334,0,0
APPN,35.33,863284.8141104331,0,0
APPS,11.645,2711060.4555808674,0,0
APTV,43.37,4585481.282204969,0,0
APUS,5.02,4351789.022988767,0,0
AQN,5.05,4161830.2771585,0,0
AQST,4.67,2728853.3370560664,0,0
AR,33.57,3849241.2476361003,0,0
ARAY,0.2955,13493450.408392798,0,0
ARBE,0.6076,4930420.2779504,0,0
ARCB,128.87,242318.01236076662,0,0
ARCC,19.36,4183002.511161,0,0
ARCO,7.12,1091772.0574024667,0,0
ARCT,13.7,1344329.8211872003,0,0
ARDT,10.58,404055.4418175001,0,0
ARDX,3.39,4007731.2201060657,0,0
ARE,48.47,1992254.596541067,0,0
AREC,1.81,1674372.3685733,0,0
ARES,118.97,2107158.5237842,0,0
ARGX,970.66,261253.79765946663,0,0
ARHS,9.46,1284481.1838021004,0,0
ARI,6.23,2562446.327194166,0,0
ARIS,17.75,1519072.9133498,0,0
ARKO,4.11,912918.2016493666,0,0
ARLO,12.43,1237321.6782360338,0,0
ARLP,24.38,232176.29630329998,0,0
ARM,293.67,5138758.338276233,0,0
ARMK,54.45,2239803.0896611,0,0
AROC,29.99,1843068.3005759004,0,0
AROW,37.31,91508.43308816667,0,0
ARQQ,24.12,350466.0223375,0,0
ARQT,26.75,2919064.6920907665,0,0
ARR,14.01,3805328.9123254,0,0
ARRY,3.99,6350261.801811901,0,0
ARTL,4.07,969831.5835485667,0,0
ARTV,7.03,416108.1512307002,0,0
ARVN,7.5,767030.9064111001,0,0
ARW,230.23,531324.7947939667,0,0
ARWR,66.25,1912391.9490251332,0,0
ARX,19.73,2426115.1293521323,0,0
AS,27.24,8175320.132199865,0,0
ASAN,8.23,7436346.381906665,0,0
ASB,28.68,1996155.7084583335,0,0
ASC,18.44,629940.8362689335,0,0
ASGN,23.66,1224760.8030707003,0,0
ASH,68.44,616168.7456000667,0,0
ASIX,16.01,266770.52227099997,0,0
ASLE,5.31,449544.3006689001,0,0
ASM,5.63,3917345.4628480664,0,0
ASMB,23.48,365249.8351080333,0,0
ASML,1834.39,1260392.3497698333,0,0
ASND,228.07,738533.0190035998,0,0
ASNS,0.125,59771486.732193045,0,0
ASO,47.89,2077258.741906467,0,0
ASPI,2.635,4036792.1276499336,0,0
ASPN,5.22,852120.4455803334,0,0
ASR,240.96,54038.73953233334,0,0
ASRT,23.5,448812.5625061667,0,0
ASST,29.31,10186997.473387366,0,0
ASTE,40.69,224301.5468287667,0,0
ASTH,35.45,386747.6368337667,0,0
ASTL,4.2,1155318.6217827005,0,0
ASTS,59.4,9731232.98334573,0,0
ASX,45.31,6683965.678737266,0,0
ASYS,16.61,387568.77366000006,0,0
ATAI,7.35,11738927.169898568,0,0
ATAT,32.85,997120.4239262332,0,0
ATEC,10.37,2078606.9753862326,0,0
ATEN,25.81,1242028.2268874,0,0
ATER,0.6302,3625313.731725833,0,0
ATEX,79.04,298619.7143866333,0,0
ATHM,21.2,693325.4622280335,0,0
ATI,188.95,1848462.0636282666,0,0
ATII,10.69,299894.3998915333,0,0
ATKR,94.73,738447.3859144668,0,0
ATLC,87.48,121206.77966273333,0,0
ATLN,0.9001,20867693.109346766,0,0
ATMU,43.94,679461.4380993999,0,0
ATNI,27.92,81975.20313149999,0,0
ATO,157.6,980721.1774061333,0,0
ATR,123.29,417649.98287470004,0,0
ATRC,58.05,1285418.7739642335,0,0
ATRO,67.46,633054.0867288001,0,0
ATS,18.3,274348.6831834333,0,0
AU,94.63,2828633.7781559997,0,0
AUB,38,1183272.9920302,0,0
AUGO,79.36,1086474.6948928,0,0
AUPH,16.42,900117.5649100996,0,0
AUR,5.39,34603403.5749311,0,0
AURA,6.15,830758.9618976334,0,0
AUTL,1.86,1916726.3497689667,0,0
AVA,35.11,712743.4809578669,0,0
AVAH,12.78,3418353.091376533,0,0
AVAV,143.24,1940791.272380167,0,0
AVB,184.06,928551.5967713333,0,0
AVBC,21.53,164599.0592652333,0,0
AVBH,31.23,64879.655973433306,0,0
AVBP,29.54,565141.5783653668,0,0
AVGO,355.1,25424418.923190434,0,0
AVNS,24.99,840887.6020348999,0,0
AVNT,40.78,688409.3831667665,0,0
AVNW,19.61,180170.7929757,0,0
AVO,13.07,747896.0338996667,0,0
AVPT,13.57,1789557.8314513664,0,0
AVR,7.59,726425.5063172667,0,0
AVT,102.5,1273204.8382260331,0,0
AVTR,15.24,7965866.568970068,0,0
AVTX,15.58,1044660.9939255001,0,0
AVY,170.78,1009855.0666626666,0,0
AWI,163.09,349653.33252600004,0,0
AWK,129.8,1938785.7058437332,0,0
AWR,81.94,215367.40604996664,0,0
AX,86.29,347822.924067,0,0
AXGN,42.44,1180947.9305016333,0,0
AXIA,10.22,2766781.2943922663,0,0
AXON,419.58,951092.3111301,0,0
AXP,305.4,2917440.1845477666,0,0
AXS,95.24,612625.0544438,0,0
AXSM,186.14,632381.4878104333,0,0
AXTA,32.64,1845677.1059334662,0,0
AXTI,78.18,8875161.0565805,0,0
AYI,308.79,272689.8733095667,0,0
AZ,5.54,454643.70627309993,0,0
AZI,1.17,2224095.8383741337,0,0
AZN,164.21,3091916.563106834,0,0
AZO,2875.97,366254.8804312001,0,0
AZTA,34.28,848452.4525636334,0,0
AZZ,135.29,240258.04328406663,0,0
B,41.24,9726179.667012332,0,0
BA,187.68,6814663.9954293985,0,0
BABA,107.74,11263564.867838167,0,0
BAC,54.96,35137658.49397753,0,0
BAH,69.71,1589820.231435266,0,0
BAK,1.42,2455854.5791549324,0,0
BALL,56.65,1868409.7460333668,0,0
BAM,44.97,2455500.712567367,0,0
BANC,17.3,2417347.661388234,0,0
BAND,62.28,887286.9269372333,0,0
BANF,106.35,133260.74311973335,0,0
BANR,67.47,286086.4379802667,0,0
BAP,384.03,312193.884379,0,0
BATL,1.08,4538947.522155833,0,0
BATRA,59.41,70147.41357943336,0,0
BATRK,53.98,482568.7523372333,0,0
BAX,23.48,5956951.9469169,0,0
BB,8.72,13765844.039883504,0,0
BBAI,2.65,15670462.821219103,0,0
BBAR,12.54,728791.0755776,0,0
BBBY,4.35,2395173.358922133,0,0
BBCP,9.7,228094.75903346663,0,0
BBCQ,9.79,322863.0915563,0,0
BBD,3.36,27694096.643017936,0,0
BBDC,8.72,662562.3680355666,0,0
BBIO,65.97,2488649.261668567,0,0
BBNX,19.41,1359890.8107747994,0,0
BBOT,3.92,586449.4041743,0,0
BBSI,30.58,208858.4147846,0,0
BBT,27.74,983536.3617881334,0,0
BBU,31.46,75149.05356343332,0,0
BBUC,25.26,359565.31645813334,0,0
BBVA,28.64,1266536.7618382,0,0
BBW,25.45,860299.6613595,0,0
BBWI,15.99,7063581.313291032,0,0
BBY,88.75,4025168.152717067,0,0
BC,65.03,762195.5203455333,0,0
BCAL,21.41,211656.48987919997,0,0
BCAX,18.56,586353.8952779666,0,0
BCBP,8.55,323154.4349910001,0,0
BCC,75.97,320645.12146783335,0,0
BCE,20.14,3585121.2417247007,0,0
BCH,40.25,292876.67376659997,0,0
BCO,103.12,411869.81117206666,0,0
BCPC,167.15,200181.93466423327,0,0
BCRX,8.27,4189547.4641855005,0,0
BCS,24.49,3773821.0257429336,0,0
BCSF,11.23,505927.1559724,0,0
BDC,109.25,410344.0607338,0,0
BDN,2.82,1750989.8337414335,0,0
BDRX,0.6451,7717363.285474667,0,0
BDSX,29.14,118087.41503626666,0,0
BDX,181.97,1795226.5923125,0,0
BE,291.25,15720242.2651894,0,0
BEAG,10.68,557381.7156009333,0,0
BEAM,24.52,1911405.5644108662,0,0
BEKE,16.6,5405543.482208466,0,0
BELFA,198.34,95876.9344342333,0,0
BELFB,245.48,149589.86650623335,0,0
BEN,32.67,3530780.3616003,0,0
BENF,1.41,20185034.80095697,0,0
BEP,28,959989.1203388001,0,0
BEPC,28.1,1652949.7415215336,0,0
BETA,22.44,3364958.167237067,0,0
BETR,10.23,566567.633872,0,0
BF.A,26.85,158780.93105696666,0,0
BF.B,26.29,2441869.5901583335,0,0
BFAM,63.79,884310.0583377334,0,0
BFC,149.75,72732.63795419999,0,0
BFH,100.07,541865.0087078665,0,0
BFLY,9.1,5176847.2385688005,0,0
BFRG,0.6479,9081430.621119367,0,0
BFS,30.16,123035.8872349,0,0
BFST,30.41,203287.01426000005,0,0
BG,108.14,1840457.961193267,0,0
BGC,11.45,3553156.709252233,0,0
BGS,3.07,2064526.3851621335,0,0
BGSI,78.97,58499.487463133315,0,0
BH,339.63,150952.23713656666,0,0
BH.A,1694.33,25943.8576103,0,0
BHB,38.8,99004.08560189999,0,0
BHC,5.8,2472920.067719434,0,0
BHE,83.53,379033.25883820007,0,0
BHF,52,1133578.7805096332,0,0
BHP,84.82,2599682.741238666,0,0
BHRB,68.55,116487.91230336664,0,0
BHVN,13.29,3479133.3323500673,0,0
BIAF,6.88,6609151.901640567,0,0
BIDU,86.71,3133455.3489871,0,0
BIIB,227.07,887726.4311797667,0,0
BIII,10.055,256897.6083253667,0,0
BILI,14.84,3562761.704351666,0,0
BILL,41.92,2090552.6764616338,0,0
BIO,379.55,271532.23148336663,0,0
BIOA,7.14,645642.9858873668,0,0
BIP,35.49,774410.0056769333,0,0
BIPC,35.69,1121118.4409397,0,0
BIRK,33.04,2460016.8625092334,0,0
BITF,1.98,33171628.251476474,0,0
BIVI,1.54,4547667.714702498,0,0
BJ,95.49,1890743.0188321334,0,0
BJDX,0.939,2346261.7983001326,0,0
BJRI,59.56,422715.8446627333,0,0
BK,137.16,3751893.872169734,0,0
BKD,10.98,4231390.245057999,0,0
BKE,43.23,491916.8417001001,0,0
BKH,70.27,943034.2275351998,0,0
BKKT,8.1,1551521.160413767,0,0
BKNG,162.34,7435460.235110599,0,0
BKR,55.92,7666328.826335,0,0
BKSY,21.89,891059.9107288002,0,0
BKTI,74.79,42686.057287166645,0,0
BKU,42.55,865771.7130155334,0,0
BKV,21.64,2076549.6981014335,0,0
BKYI,3.12,5707516.1493365,0,0
BL,26.37,926567.5884666333,0,0
BLBD,56.36,548265.2377035999,0,0
BLCO,17.14,382827.59926956665,0,0
BLD,354.53,1009826.1993896668,0,0
BLDP,2.1,2691001.8294021683,0,0
BLDR,57.53,3143364.8996781656,0,0
BLFS,39.22,894128.3929309332,0,0
BLFY,13.24,270912.1001419,0,0
BLK,1067.94,558138.7776528001,0,0
BLKB,41.43,416568.8138887,0,0
BLLN,118.18,616611.0433256999,0,0
BLMN,8.06,2087127.4131394334,0,0
BLND,1.03,2013117.5047689,0,0
BLSH,35.68,1590861.6395072665,0,0
BLTE,166.66,188177.23427566662,0,0
BLX,55.51,173878.4197546,0,0
BLZE,13.38,2307825.4575079996,0,0
BMA,66.05,303854.2307822667,0,0
BMBL,2.57,2189444.5002974328,0,0
BMEA,1.26,2434779.1285705664,0,0
BMGL,3.1,1110201.6846222666,0,0
BMI,125.99,346785.6031414333,0,0
BMM,5.1,394610.06043183344,0,0
BMNR,26.73,45463622.79177206,0,0
BMO,169.61,781410.8031912665,0,0
BMRC,27.25,159816.8463975667,0,0
BMRN,59.87,1902550.6359843672,0,0
BMY,62.86,10299760.894062767,0,0
BN,36.49,4370812.094874867,0,0
BNC,5.87,3794801.256360266,0,0
BNED,11.38,274367.0863647667,0,0
BNGO,1.73,1789023.7604740334,0,0
BNL,18.88,1928735.9552138,0,0
BNS,92.47,2007409.6913790335,0,0
BNTX,98.57,1457814.5359524335,0,0
BOBS,13.84,799417.1336198668,0,0
BOC,13,155461.15251006666,0,0
BOH,69.17,377954.1742808999,0,0
BOKF,128.62,256117.32523360002,0,0
BOOT,121.89,671144.0412180999,0,0
BORR,3.91,5516220.080823268,0,0
BOW,33.77,332206.9645486668,0,0
BOX,32.75,3007587.1574422666,0,0
BP,43.52,9693871.6524615,0,0
BPOP,156.3,517907.5824897334,0,0
BPRE,12.5,898058.0299568336,0,0
BR,160.95,1113906.9550332332,0,0
BRBR,7.75,3136377.4263204676,0,0
BRBS,3.84,1328019.5171092998,0,0
BRC,84.78,257336.9206314667,0,0
BRCB,7.18,359520.8544107333,0,0
BRK.A,753367.87,191.70236333333335,0,0
BRK.B,502.35,4336236.442993466,0,0
BRKR,64.51,2169825.3034988004,0,0
BRLS,1.3,1701817.5286369668,0,0
BRO,60.6,2002623.3425672664,0,0
BROS,38.1,4171145.669699733,0,0
BRR,4.07,1794987.4519138664,0,0
BRSL,9.93,2122093.3262972995,0,0
BRSP,4.03,1461430.7549686332,0,0
BRX,27.86,2968174.3675951003,0,0
BRZE,23.15,2878248.2816701997,0,0
BSAC,33.61,289217.3311216001,0,0
BSBR,5.68,3730622.1253418657,0,0
BSM,14.31,352656.92754596664,0,0
BSVN,55.28,51373.16213990001,0,0
BSX,43.88,21154412.817694463,0,0
BSY,31.12,2515473.715007366,0,0
BTBT,1.65,31511137.888937104,0,0
BTCS,1.53,2667096.8846981,0,0
BTCT,1.1,21921456.352006096,0,0
BTDR,10.9,12213032.247106068,0,0
BTE,4.47,16417658.259336265,0,0
BTG,5.34,26946944.629445534,0,0
BTGO,7.27,2183316.6381446333,0,0
BTI,54.85,5036339.683840967,0,0
BTQ,2.84,2304840.935730634,0,0
BTSG,55.69,2414713.2476913994,0,0
BTTC,0.463,17724564.999168634,0,0
BTU,24.37,2442535.4207330667,0,0
BUD,74.29,2339707.947055833,0,0
BULL,7.17,17599061.777616832,0,0
BUR,3.9,1785822.724148933,0,0
BURL,270.05,1749835.5299416333,0,0
BUSE,29.38,723083.4818855666,0,0
BUUU,40.45,81599.65012846664,0,0
BV,10.06,875663.0696119668,0,0
BVN,31.99,1298211.0135827002,0,0
BVS,14,518755.0188376999,0,0
BW,5.81,4768657.1859226655,0,0
BWA,60.94,2175902.121871433,0,0
BWB,20.25,110654.89383866666,0,0
BWFG,65.33,71457.3028662,0,0
BWIN,31.78,3599406.0032956,0,0
BWLP,24.68,448238.84765836666,0,0
BWMN,42.59,327884.76225483336,0,0
BWXT,138.01,1155818.1938378331,0,0
BX,114,3739901.517750601,0,0
BXC,74.74,153666.01567740002,0,0
BXMT,12.31,2201859.672244733,0,0
BXP,61.71,1338794.6962703667,0,0
BXSL,24.63,1279889.3405751667,0,0
BY,36.9,270452.7900913333,0,0
BYD,67.08,975151.1279433,0,0
BYND,8.23,1424552.1968455666,0,0
BZ,14.17,9112334.751499033,0,0
BZH,33.36,670238.7159756001,0,0
C,130.8,9340420.2580229,0,0
CAAP,26,283268.33024293336,0,0
CABA,1.98,5727143.5141619,0,0
CABO,10.93,350312.1913492667,0,0
CAC,56.15,93546.48489416669,0,0
CACC,537.1,119589.34286923334,0,0
CACI,608.14,252440.65409166674,0,0
CADL,10.88,1214129.7718272002,0,0
CAE,24.25,913993.5103737998,0,0
CAEP,15,344264.8363769,0,0
CAG,14.13,10886331.538636731,0,0
CAH,223.91,1704679.1371750997,0,0
CAI,31.55,5495902.372152466,0,0
CAKE,107.35,1509612.6343635665,0,0
CAL,12.45,564736.9490842,0,0
CALM,68.55,1024989.2457339666,0,0
CALX,33.53,1008155.3785884329,0,0
CALY,14.16,1908987.0475427667,0,0
CAMT,152.82,355019.8442585334,0,0
CAN,0.3725,21673610.917311534,0,0
CAPR,8.57,5517006.860655933,0,0
CAR,106.79,388936.09703483334,0,0
CARE,30.12,279406.3239141999,0,0
CARG,31.16,1017202.2835231667,0,0
CARR,55.38,6533799.116685798,0,0
CARS,10.46,565156.2752936335,0,0
CART,43.49,4004974.5498931333,0,0
CASH,71.57,238382.57505773334,0,0
CASS,53.64,89323.486941,0,0
CAST,1.17,8151138.322593569,0,0
CASY,599.9,626928.9903250334,0,0
CAT,826.64,2428916.2517645,0,0
CATX,2.62,1819509.3785358998,0,0
CATY,59.86,461951.4332720333,0,0
CAVA,53.14,3177893.6733120005,0,0
CB,332.08,1668486.1484763334,0,0
CBAN,20.39,145524.66557023334,0,0
CBC,31.66,1378221.4088217667,0,0
CBIO,14.76,439112.4226393666,0,0
CBL,53.36,242051.7197984333,0,0
CBLL,24.86,352671.4343582667,0,0
CBOE,261.75,1103608.952811,0,0
CBRE,130.84,1802180.6710887668,0,0
CBRL,52.48,1011499.8517995,0,0
CBSH,55.33,1002506.6208551,0,0
CBT,77.76,374146.4033409333,0,0
CBU,59.83,259138.39143306663,0,0
CBZ,54.69,1016140.5673935333,0,0
CC,13.89,1740395.9349641332,0,0
CCAP,9.54,266626.4419965,0,0
CCB,39.98,198824.1688683,0,0
CCBG,48.84,73499.17024346667,0,0
CCC,6.58,11923723.8862271,0,0
CCCC,3.13,2119999.9847220005,0,0
CCEP,102.29,1674302.1239961002,0,0
CCI,67.07,3113817.4718651674,0,0
CCIX,10.88,614106.3374323001,0,0
CCJ,86.88,2851532.7273945,0,0
CCK,106.35,904744.1290578999,0,0
CCL,25.11,23517266.401355498,0,0
CCNE,33.46,147446.1933722333,0,0
CCO,2.34,5921383.664620032,0,0
CCOI,7.34,2066407.0212817006,0,0
CCRN,13.25,649120.2840037,0,0
CCS,60.52,269969.2266717001,0,0
CCSI,34.69,172887.56922530002,0,0
CCXI,12.33,2167923.2809784333,0,0
CDE,17.84,36285602.68291743,0,0
CDNA,64.02,1244378.238141567,0,0
CDNL,27.37,611013.3082807667,0,0
CDNS,324.17,2522753.4695080663,0,0
CDP,34.28,865586.9092515,0,0
CDRE,25.53,422160.48483273335,0,0
CDTG,1.22,8665782.342377065,0,0
CDW,129.71,1656378.490736034,0,0
CDZI,3.58,1012056.3590664999,0,0
CE,44.84,1753681.017197,0,0
CECO,70.6,690495.3798959,0,0
CEG,264.58,2700729.078032767,0,0
CELC,77.38,819755.1384102667,0,0
CELH,27.71,7752954.250884698,0,0
CELU,1.37,8227539.350458501,0,0
CENT,39.26,100906.34433066667,0,0
CENTA,33.95,307012.8349405,0,0
CENX,36.2,1814899.2189140667,0,0
CEPO,10.775,238802.9028057,0,0
CEPT,11.78,935823.3616910334,0,0
CEPU,11.92,246659.15302123327,0,0
CERS,2.47,1669486.6481794997,0,0
CERT,9.26,2334192.9182088664,0,0
CEVA,34.48,723324.1735011333,0,0
CF,115.71,2697964.4586514006,0,0
CFFI,99.15,75332.25568056664,0,0
CFFN,8.37,912080.5957921336,0,0
CFG,63.89,3526648.7054060674,0,0
CFR,154.21,504479.9369262999,0,0
CG,39.68,3361565.272916501,0,0
CGAU,22.02,1391791.3994241997,0,0
CGBD,11.1,434532.47515893343,0,0
CGC,0.9251,2827187.2390422,0,0
CGCT,11.9,295237.86568140023,0,0
CGEM,15.23,1046725.6204161333,0,0
CGNT,8.49,663377.1972749665,0,0
CGNX,59.67,1563786.1299166335,0,0
CGON,70.52,872230.8698891666,0,0
CHA,11.36,1170538.6511064663,0,0
CHAI,0.2819,11209231.972629664,0,0
CHCO,139.88,117716.74175776666,0,0
CHCT,14.39,373327.43394186656,0,0
CHD,94.95,1762730.4445488667,0,0
CHDN,76.16,1071022.5661576004,0,0
CHE,512.05,151894.39291909998,0,0
CHEF,111.5,625754.7114874,0,0
CHH,104.25,533336.6603527667,0,0
CHKP,126.93,1085890.801944833,0,0
CHMG,81.34,68675.40488899998,0,0
CHOW,0.573,5461446.7371699335,0,0
CHPT,9.52,3049551.0389192,0,0
CHRD,134.41,696820.5392554665,0,0
CHRW,149.71,1342193.217302633,0,0
CHT,45.59,234986.2012106333,0,0
CHTR,110.67,3172776.1529280324,0,0
CHWY,18.26,9503966.1940854,0,0
CHYM,26.52,7709621.5668467,0,0
CI,275.26,1502918.1314246,0,0
CIB,93.77,322188.1404020334,0,0
CIEN,354.92,2448945.2329165326,0,0
CIFR,16.51,34906626.73731387,0,0
CIG,2.05,4845656.1991685,0,0
CIGI,90.04,252762.3452549333,0,0
CIM,10.2,1093262.4676947,0,0
CINF,161.13,595619.6676466,0,0
CION,7.16,351791.31084839994,0,0
CIVB,26.55,159267.61223380003,0,0
CL,86.46,4956430.102985666,0,0
CLB,9.71,524690.7193934666,0,0
CLBK,10.88,4133954.5343183,0,0
CLBT,10.93,3073524.2449348,0,0
CLDT,13.48,273520.7640168333,0,0
CLDX,31.64,1482246.2591007003,0,0
CLF,11.01,14940592.692511,0,0
CLFD,30.46,148108.7733678667,0,0
CLGN,3.79,742117.1490564332,0,0
CLH,311.68,395212.30012996675,0,0
CLMB,32.74,151328.72515203332,0,0
CLMT,53.23,1330087.7023987332,0,0
CLNE,1.57,1771720.6156964332,0,0
CLOV,4.325,3855278.1066446006,0,0
CLPT,11.77,636566.8932056333,0,0
CLRO,4.56,1040342.3526781333,0,0
CLS,366.47,2216727.5110470997,0,0
CLSK,13.31,18054588.3845343,0,0
CLVT,1.7,4329693.816172834,0,0
CLW,19.39,141585.87336976666,0,0
CLX,81.6,3142732.381371366,0,0
CLYM,11.5,1630864.1803891666,0,0
CM,111.71,1489332.0850555997,0,0
CMBT,18.95,1104423.1623796998,0,0
CMC,62.05,1131184.8200448002,0,0
CMCL,23.42,188834.6506600333,0,0
CMCO,16.27,415957.81535836664,0,0
CMCSA,21.6,27790926.251719035,0,0
CME,263.22,1844567.419530967,0,0
CMG,31.88,14107906.417725032,0,0
CMI,521.37,1077568.4352989,0,0
CMP,22.05,409770.1147093334,0,0
CMPR,78.17,187502.3027424667,0,0
CMPS,12.96,2665057.5028769,0,0
CMPX,1.1,3873984.2645665,0,0
CMRC,3.11,1182344.4359539999,0,0
CMRE,14.75,356816.0834105333,0,0
CMS,63.45,3435344.8662361666,0,0
CNA,45.99,514795.929087,0,0
CNC,62.21,4474403.678688568,0,0
CNET,2.05,979375.7253178998,0,0
CNH,13.06,22602126.944977798,0,0
CNI,120.55,1332210.4038093672,0,0
CNK,38.24,2204187.292284567,0,0
CNM,41.66,2624271.683022468,0,0
CNMD,46.69,325368.1761419334,0,0
CNNE,15.52,526452.8189421,0,0
CNO,53.29,1057725.2672356,0,0
CNOB,30.21,360209.31230956665,0,0
CNP,36.94,6277104.880504099,0,0
CNQ,47.17,6497602.800563733,0,0
CNR,86.5,516923.4447002666,0,0
CNS,72.95,283311.3799060667,0,0
CNTA,40.5,1896058.4190444998,0,0
CNX,31.21,1800062.6729918332,0,0
CNXC,24.88,1753768.9476609663,0,0
CNXN,89.49,134377.40522506667,0,0
COCO,56.55,1283739.6175725004,0,0
CODI,11.04,559548.7739202,0,0
COF,196.46,3404994.2855088008,0,0
COFS,32.78,74886.83274393334,0,0
COGT,31.66,1881747.0265805335,0,0
COHR,292.21,6253786.1630702345,0,0
COHU,65.97,972441.9792774002,0,0
COIN,190.02,10576604.506050432,0,0
COKE,190.85,513817.94949123333,0,0
COLB,28.69,2906775.500953033,0,0
COLD,14.54,3564076.5895154,0,0
COLL,22.23,879309.5911035668,0,0
COLM,58.34,687085.5101204333,0,0
COMP,9.01,13391630.811407765,0,0
CON,35.34,868469.16553,0,0
COO,56.63,4027321.6367744,0,0
COP,125.44,6889291.251705034,0,0
COR,307.6,1198985.2094376,0,0
CORT,114.74,1449958.8263035666,0,0
CORZ,16.31,11312578.4023904,0,0
COSO,26.33,123392.66072520002,0,0
COST,924.59,2225152.551752766,0,0
COTY,2.69,6327293.377525235,0,0
COUR,4.67,5504265.620062933,0,0
CP,86.51,2140678.0401831,0,0
CPA,133.05,300913.47227470006,0,0
CPAY,392.7,443050.8194345666,0,0
CPB,20.23,8158915.938149301,0,0
CPF,35.95,171580.8472888,0,0
CPK,128.15,174308.00043693333,0,0
CPNG,13.85,15139660.130439537,0,0
CPRI,14.66,5316653.850644633,0,0
CPRT,27.14,10284100.113117,0,0
CPRX,31.49,2340426.4822534667,0,0
CPS,21.21,229824.89894893335,0,0
CPT,98.46,1057385.7393598666,0,0
CQP,60.9,115508.62839960003,0,0
CR,208.39,404283.9593754001,0,0
CRAI,165.94,118176.35450603331,0,0
CRBG,33.77,3953481.9918615664,0,0
CRBP,6.63,1119514.4762124333,0,0
CRC,51.09,887309.7609468001,0,0
CRCL,83.7,15796392.491254037,0,0
CRCT,6.41,737679.5143927665,0,0
CRDL,1.69,1442932.4101913997,0,0
CRDO,192.35,8102084.7187610995,0,0
CRE,2.61,2283850.5338285347,0,0
CRESY,11.64,293778.33234110003,0,0
CRGY,12.89,6193564.171855366,0,0
CRH,84.53,4943803.928732466,0,0
CRI,31.28,1511962.8334916667,0,0
CRK,12.51,2775950.2494687336,0,0
CRL,295.96,942853.5805226999,0,0
CRM,225.31,15314554.269441,0,0
CRMD,7.93,951145.9573296332,0,0
CRML,7.38,10110210.52085647,0,0
CRNC,7.67,645822.962121,0,0
CRNX,84.95,2682987.9193720003,0,0
CRON,3.38,1051348.6294161666,0,0
CROX,122.63,1073631.9353285665,0,0
CRS,391.74,785730.3863426,0,0
CRSP,56,1701227.722609233,0,0
CRSR,13.46,1188915.8199709663,0,0
CRTO,15.45,292182.8593985333,0,0
CRUS,120.8,885097.5300116665,0,0
CRVL,74.47,196532.14036433335,0,0
CRVS,11.76,1007537.8021383998,0,0
CRWD,262.74,11610955.119231371,0,0
CRWV,85.93,26693478.5145642,0,0
CSAN,2.75,2784705.107812933,0,0
CSCO,106.94,17046603.946130432,0,0
CSGP,26.95,6783747.115595402,0,0
CSGS,80.695,385457.653981,0,0
CSIQ,11.55,2036917.525805466,0,0
CSL,325.66,617236.9908433333,0,0
CSQ,20.4,177577.2391666,0,0
CSR,55.13,307467.3231401667,0,0
CSTL,34.88,359472.2698101666,0,0
CSTM,24.59,1562486.3402589,0,0
CSV,30.98,146837.79711456664,0,0
CSW,293.77,125679.07779313334,0,0
CSWC,23.32,593804.9881477334,0,0
CSX,46.93,10131272.760418767,0,0
CTAS,197.74,1981311.1736496666,0,0
CTBI,74.5,106230.78066810001,0,0
CTEV,21.64,137522.76010673333,0,0
CTGO,16.97,406463.57989099994,0,0
CTKB,5.76,1139929.4988777668,0,0
CTLP,11.195,1423991.4986120998,0,0
CTMX,2.75,4014489.9772396,0,0
CTNM,11.5,528403.9089426333,0,0
CTNT,2.87,890733.1063265,0,0
CTO,20.65,410823.8804612001,0,0
CTOS,9.22,881099.2425145996,0,0
CTRA,33.25,9397542.805706264,0,0
CTRE,37.2,2269809.1861458,0,0
CTRI,20.34,1615360.7589570333,0,0
CTRN,50.7,196672.15342586665,0,0
CTS,59.18,207382.1411509333,0,0
CTSH,56.84,6049351.678684132,0,0
CTVA,77.87,4781272.884995732,0,0
CUBE,37.87,2486881.5900196666,0,0
CUBI,74.52,258618.87076536665,0,0
CUE,25.51,349376.1366365,0,0
CUK,27.47,3281512.0425224667,0,0
CURB,27.92,1541187.6588260334,0,0
CURI,2.95,880063.7311590002,0,0
CUZ,27.61,1433625.474570067,0,0
CVBF,21.94,1233664.7197080997,0,0
CVCO,556.12,98420.4887112,0,0
CVE,30.96,6623009.057480868,0,0
CVEO,32.39,77258.44516163334,0,0
CVGW,26.09,345516.77787526674,0,0
CVI,50.57,1132916.6615741001,0,0
CVLG,33.01,213356.3117915,0,0
CVLT,146.35,533257.9256444334,0,0
CVNA,63.62,7973936.1820265995,0,0
CVS,87.1,7198130.404384166,0,0
CVSA,119.45,363652.50888,0,0
CVX,204.38,9288015.54301753,0,0
CW,533.85,450487.80778910004,0,0
CWAN,24.56,5586859.931141733,0,0
CWBC,26.24,206084.68395596667,0,0
CWCO,27.93,87801.35140736667,0,0
CWD,0.6292,3775227.9771127007,0,0
CWEN,29.29,1194328.3504531668,0,0
CWEN.A,40.98,281244.72327006666,0,0
CWH,5.1,1765461.896174767,0,0
CWK,11.75,1824576.6200023005,0,0
CWST,80.2,477119.8465208999,0,0
CWT,45.84,492215.7183400333,0,0
CX,9.65,6753533.9598748665,0,0
CXM,4.82,3832206.1446312326,0,0
CXT,47,529123.8288413001,0,0
CXW,32.67,1951205.3948195667,0,0
CYAB,0.2112,13975551.069263699,0,0
CYD,32.61,134849.91795333332,0,0
CYH,2.91,1142066.5785770998,0,0
CYPH,3.23,17028695.69207727,0,0
CYRX,17.32,596096.9617910668,0,0
CYTK,65.64,1945497.7477601666,0,0
CZFS,80.06,38957.2994062,0,0
CZR,29.62,3851204.431237833,0,0
D,60.64,4609086.426537435,0,0
DAC,154.48,123809.37259463334,0,0
DAIC,2.82,16118147.958811263,0,0
DAKT,17.41,685369.8198197334,0,0
DAL,84.87,6454400.920073899,0,0
DAN,27.37,1411656.234063,0,0
DAR,60.32,2602836.777444566,0,0
DASH,187.1,4265192.052456234,0,0
DAVE,326.44,337576.5938946,0,0
DAWN,21.53,2674935.6852056007,0,0
DB,36.11,1968665.3260937,0,0
DBD,60.25,240705.67744386668,0,0
DBGI,4.56,1466380.6087760667,0,0
DBI,6.3,708938.9836141334,0,0
DBRG,16,5382609.457569568,0,0
DBVT,11.55,286509.7850084999,0,0
DBX,32.7,4238864.447511667,0,0
DC,6.21,1492216.8813962664,0,0
DCH,5.31,3256464.3667515335,0,0
DCI,87.31,696622.5915153,0,0
DCO,171.17,230544.26932236674,0,0
DCOM,39.47,272426.3423924333,0,0
DCOY,2.13,4529775.1732912995,0,0
DCTH,15.85,386520.94752613344,0,0
DD,130.12,1146638.5773004333,0,0
DDD,3.52,2190446.6059427005,0,0
DDI,13.06,163305.28226133334,0,0
DDOG,268.56,3620425.9297538656,0,0
DDS,677.52,177132.4137151,0,0
DE,680.5,1395931.4795776,0,0
DEA,23.12,364542.74778516666,0,0
DEC,13.5,880735.1781738667,0,0
DECK,77.68,3170639.570023666,0,0
DEI,9.6,1804864.2333515335,0,0
DELL,539.59,9187795.1701789,0,0
DEO,85.34,914207.2589743332,0,0
DEVS,0.153,36540901.28555667,0,0
DFDV,5.57,2473241.2203608337,0,0
DFH,11,832263.7974045667,0,0
DFIN,46.94,224554.3439915,0,0
DFNS,6.74,1007067.3944489333,0,0
DFTX,38.21,2139054.924844066,0,0
DG,122.64,2649370.249329599,0,0
DGICA,18.07,121051.53957559999,0,0
DGII,76.5,375836.3225776334,0,0
DGX,231.97,1060767.1805712332,0,0
DGXX,4.25,2422676.0749668,0,0
DHI,139.4,2431869.2028134665,0,0
DHIL,174.99,21495.364427066666,0,0
DHR,226.11,3883745.7417111,0,0
DHT,22.42,3889499.745064333,0,0
DIN,28.14,377164.83141546673,0,0
DINO,105.59,2661681.187559067,0,0
DIOD,97.18,551163.1081999667,0,0
DIS,105.41,8213972.143420165,0,0
DJCO,657.34,65961.446161,0,0
DJT,9.1,3340737.830299,0,0
DK,68.73,2490666.4782604338,0,0
DKL,53.2,192566.90440273334,0,0
DKNG,19.59,12010922.683101533,0,0
DKS,134.7,4874519.247423067,0,0
DLB,57.93,1003209.7280496334,0,0
DLO,13.69,2139141.9805325335,0,0
DLR,176.56,1966496.893723,0,0
DLTR,113.3,2838630.791196567,0,0
DLX,23.5,454039.5255851333,0,0
DLXY,2.3,2073568.591802067,0,0
DMLP,28.55,103152.71999859999,0,0
DMRA,20.66,638282.7818701335,0,0
DNA,11.96,1614105.6888561668,0,0
DNLI,20.81,1484512.824448,0,0
DNN,2.59,25843710.71756763,0,0
DNOW,15.71,2181278.794317433,0,0
DNTH,87.16,765636.0961449333,0,0
DNUT,2.88,2309944.4836150664,0,0
DOC,20.13,4897956.3876802,0,0
DOCN,135.01,2622681.1632791986,0,0
DOCS,26.52,2755828.742059534,0,0
DOCU,66.98,3455180.8220826,0,0
DOLE,12.96,995523.5953335002,0,0
DOMO,3.55,1231175.9980756668,0,0
DOO,57.36,323342.3310352,0,0
DORM,123.89,187538.70003926673,0,0
DOV,189.7,1270783.0782009999,0,0
DOW,27.61,8785520.508362036,0,0
DOX,57.59,974055.2711116001,0,0
DPRO,6.2,1606954.6964920335,0,0
DPZ,301.81,828278.1666303666,0,0
DQ,11.34,878251.4510677332,0,0
DRD,24.49,307683.9354537001,0,0
DRH,12.47,2753580.9633815335,0,0
DRI,195.11,1170084.0795219997,0,0
DRS,36.73,941649.3051032999,0,0
DRTS,15.19,594106.5730828332,0,0
DRUG,49.74,98676.21508570001,0,0
DRVN,11.8,1152266.4048899,0,0
DSGN,12.62,727596.0080625665,0,0
DSGR,34.95,222067.28227539998,0,0
DSGX,79.465,707905.0456657,0,0
DSP,12.17,414443.00049999997,0,0
DSS,0.682,4087164.4039069,0,0
DSX,2.75,1314343.8688613668,0,0
DT,57.53,7154466.039908933,0,0
DTE,122.39,1619086.2871913998,0,0
DTM,121.63,969864.9419742667,0,0
DTSS,0.8505,6330301.713834034,0,0
DUK,114.21,3871613.9955591676,0,0
DUOL,142.62,1159286.581811,0,0
DUOT,8.97,927773.3214045668,0,0
DV,13.4,3237555.3713502334,0,0
DVA,175.19,676897.9238598666,0,0
DVLT,0.1533,64269240.022281855,0,0
DVN,46.6,12194364.678403936,0,0
DX,11.39,6053855.039368802,0,0
DXC,10.33,2469277.710311134,0,0
DXCM,86.64,4093238.3959885323,0,0
DXPE,182.56,119412.92683783335,0,0
DXST,3.04,1909493.2233985,0,0
DXYZ,30.64,961078.1029289665,0,0
DY,269.04,744569.2525772668,0,0
DYN,16.21,2915728.113004033,0,0
E,54.65,348945.8076297334,0,0
EA,209.7,4064591.0185945006,0,0
EAF,8.55,602322.6192586666,0,0
EAT,199.11,1261388.535434,0,0
EBAY,105.21,4915782.237514466,0,0
EBC,20.98,2233816.2928245994,0,0
EBF,22.46,171789.7400671333,0,0
EBS,6.92,1175551.6600950996,0,0
EC,16.52,1614159.6217740667,0,0
ECG,117.8,468135.69969473325,0,0
ECL,277.87,1336718.5650334666,0,0
ECO,80.25,684810.1644122668,0,0
ECPG,95.25,357011.57341963326,0,0
ECVT,9.8,1300900.446649933,0,0
ED,103.33,2096249.4941580666,0,0
EDIT,2.59,3242272.288312033,0,0
EDRY,52.84,183130.7445459,0,0
EDU,54.48,710515.3644197668,0,0
EE,32.19,441984.53522786667,0,0
EEFT,63.76,605185.8427490332,0,0
EFC,12.18,1219234.3476749999,0,0
EFSC,59.32,269543.42021620006,0,0
EFSI,45.6,47958.965890900006,0,0
EFTY,15.02,1162039,0,0
EFX,140.83,1495546.9798613668,0,0
EFXT,22.68,608525.5098844666,0,0
EG,368.81,369557.1958343001,0,0
EGBN,27.96,282063.8604423666,0,0
EGHT,2.17,1518157.6277743666,0,0
EGO,38.9,3190393.4735385673,0,0
EGP,202.65,471065.0037251333,0,0
EGY,5.64,1366080.1516521333,0,0
EH,4.35,697822.4109045,0,0
EHAB,13.8,1035382.4847126332,0,0
EHC,123.56,863974.2481311667,0,0
EIG,47.93,160271.810547,0,0
EIKN,7.91,621310.0529869333,0,0
EIX,53.56,6228232.5173985325,0,0
EL,94.37,3659492.5862185336,0,0
ELAN,22.61,5253973.338916767,0,0
ELDN,2.5,943351.4211959667,0,0
ELE,19.76,400517.7426196334,0,0
ELF,101.7,1525365.3303556328,0,0
ELMD,28.33,111913.31254596668,0,0
ELPC,12.18,478443.4252748667,0,0
ELS,58.71,1526924.233661,0,0
ELV,392.73,1109353.7767744001,0,0
ELVA,6.35,420484.0687639334,0,0
ELVN,46.51,1271080.0729113335,0,0
EMA,47.93,355724.8519193666,0,0
EMAT,2.91,1434570.5303474334,0,0
EMBC,5.76,1215854.7872172333,0,0
EMBJ,76.87,1224180.6611254998,0,0
EME,762.03,361959.0541367668,0,0
EMN,65.75,1058818.7193358666,0,0
EMPG,17.36,514705,0,0
EMR,157.24,2185926.7268219,0,0
ENB,46.65,5400579.709671568,0,0
ENGS,2.99,1769638.6577827001,0,0
ENIC,4.24,747651.1967139666,0,0
ENLT,69.93,186406.60786916668,0,0
ENOV,18.46,1711215.1708679334,0,0
ENPH,31.83,4437605.792964066,0,0
ENR,21.82,950007.4225225333,0,0
ENS,182.1,534343.9629302333,0,0
ENSG,175.53,333502.3660707,0,0
ENTA,12.64,255830.15625819995,0,0
ENTG,154.77,2119934.0460433336,0,0
ENVA,167.92,374112.6498270333,0,0
ENVX,2.75,7415780.066158965,0,0
EOG,139.66,3115162.1955792997,0,0
EOLS,7.99,846307.1559524,0,0
EOSE,3.11,27192760.671383068,0,0
EPAC,35.33,402794.68751509994,0,0
EPAM,107.14,1161145.4483464665,0,0
EPC,27.5,575009.0981713333,0,0
EPD,36.02,2713758.2491193996,0,0
EPM,3.49,720611.5615145001,0,0
EPR,57.19,844290.6923844669,0,0
EPRT,26.27,2204830.1336797327,0,0
EPRX,8.305,549185.3759118,0,0
EQBK,47.46,102197.9819806,0,0
EQH,52.19,2849288.1751750666,0,0
EQIX,1015.27,516383.55255079997,0,0
EQNR,41.34,3295671.5652012336,0,0
EQPT,18.5,3052829.0617100326,0,0
EQR,63.66,3623997.4521278003,0,0
EQT,48.88,7236380.594819734,0,0
EQX,11.4,13221139.17710327,0,0
ERAS,14.21,4360549.495217333,0,0
ERIC,9.32,7749759.2926025,0,0
ERIE,222.43,269542.38146163325,0,0
ERII,6.75,997782.902166033,0,0
ERO,37.14,1525473.9237688999,0,0
ES,63.9,2257198.969016433,0,0
ESAB,67.6,920319.7075036668,0,0
ESE,265.69,236566.7913824333,0,0
ESEA,70.62,38038.04233553334,0,0
ESI,35.97,4994822.084800201,0,0
ESLT,703.37,77943.70028416665,0,0
ESNT,63.24,720950.5987184,0,0
ESP,64.64,32265.29012736666,0,0
ESPR,3.18,14542519.539700432,0,0
ESQ,117.82,191134.76828013334,0,0
ESRT,4.03,3832826.8365803333,0,0
ESS,273.93,541192.9552304334,0,0
ESTA,63.7,339882.88383996673,0,0
ESTC,88.8,2656253.5649618004,0,0
ET,19.91,8451726.033434033,0,0
ETD,21.01,621454.8111225,0,0
ETHM,10.785,339464.59708576667,0,0
ETN,433.27,1989109.3057346,0,0
ETON,59.19,528860.4288136334,0,0
ETOR,25.68,1158045.8398697,0,0
ETR,99.76,2681008.293557966,0,0
ETSY,69.28,3146631.3734067334,0,0
EU,1.15,6958245.351276866,0,0
EVC,7.34,1132855.5781079,0,0
EVER,18.91,779771.3711047667,0,0
EVGO,1.33,3910843.888685934,0,0
EVH,3.52,2469601.7940693665,0,0
EVLV,4.71,2050722.0881927996,0,0
EVMN,8.35,666031.6587368335,0,0
EVR,258.46,499864.41836456675,0,0
EVRG,78.73,2192051.3494862993,0,0
EVTC,27.04,427294.9944518333,0,0
EVTL,0.6328,5849414.468994767,0,0
EW,88.08,3173675.080229034,0,0
EWBC,125.52,794867.903987,0,0
EWCZ,5.82,629079.1484917334,0,0
EWTX,39.19,1500368.3576614,0,0
EXC,40.65,7329795.619321065,0,0
EXE,84.18,3126809.074629134,0,0
EXEL,58.65,2088198.322641567,0,0
EXK,8.74,8870050.449305832,0,0
EXLS,34.58,1985897.4190729002,0,0
EXP,173.58,421006.30685820006,0,0
EXPD,188.16,899960.9932343666,0,0
EXPE,266.33,2052858.2933685665,0,0
EXPI,6.64,904329.5185630999,0,0
EXPO,64.53,475625.13389666675,0,0
EXR,133.49,1308436.1698066,0,0
EXTR,21.07,1388491.5020807004,0,0
EYE,16.38,2304415.937613768,0,0
EYPT,3.42,4575170.419260467,0,0
EZPW,30.16,874095.5672031667,0,0
F,12.3,45898503.4604218,0,0
FA,17.65,1431563.1084214335,0,0
FAF,64.03,814385.7198326002,0,0
FAMI,0.1302,51463336.18372826,0,0
FANG,183.95,2860428.4275493002,0,0
FAST,49.96,6355340.784631167,0,0
FATE,2.38,1456631.635444,0,0
FBIN,38.41,2346398.102048,0,0
FBIZ,68.95,59218.614920566666,0,0
FBK,51.89,515244.56178263325,0,0
FBNC,62.31,214682.9780599,0,0
FBP,26.35,1313333.7964640334,0,0
FBRT,6.72,2348898.028169467,0,0
FBRX,76.99,2118519.0037524328,0,0
FCBC,47.27,93679.28760546666,0,0
FCCO,32.29,66338.42117386668,0,0
FCEL,16.9,7063739.358493465,0,0
FCF,20.33,876536.3852988334,0,0
FCFS,212.82,419329.83659176657,0,0
FCN,132.09,412839.6040884667,0,0
FCNCA,2073.46,62435.09051853335,0,0
FCPT,22.03,1046881.8360522998,0,0
FCX,70.79,13290678.8727017,0,0
FDMT,14.49,1069726.4774690333,0,0
FDP,29.22,638107.3429644335,0,0
FDS,259.97,871671.3690208333,0,0
FDUS,19.53,325846.42784346663,0,0
FDX,287.47,1565364.7589903,0,0
FE,43.64,4012188.9373118,0,0
FEIM,84.15,343259.5822718333,0,0
FELE,96.62,272717.49409776664,0,0
FEMY,2.09,1382988.4844663336,0,0
FENC,10.8,219675.64264323332,0,0
FER,54.57,1441006.491669633,0,0
FERG,223.87,1392485.1694410339,0,0
FET,80.47,181826.89644343333,0,0
FFAI,1.3,2914078.920178133,0,0
FFBC,31.45,843033.4298574333,0,0
FFIC,15.47,299078.4845019666,0,0
FFIN,31.73,738887.4512536334,0,0
FFIV,438.07,517488.82617003337,0,0
FFWM,5.9,860375.5687517,0,0
FG,21.88,676502.8710843,0,0
FGMC,8.3,305354.6706876667,0,0
FHB,24.82,2016680.9366820992,0,0
FHI,57.52,628363.7076775332,0,0
FHN,23.1,4618181.775713366,0,0
FIBK,36,1118828.5622825332,0,0
FICO,617.87,532154.3520553333,0,0
FIG,20.72,14267295.977014463,0,0
FIGR,29.3,4638651.260473734,0,0
FIGS,14.06,2500947.5302666337,0,0
FIHL,20.75,415553.4954818334,0,0
FINV,3.04,1260521.134447667,0,0
FIP,2.82,1235349.4025878336,0,0
FIS,33.35,6065354.2173785325,0,0
FISI,39.29,148335.6652143,0,0
FISV,45.36,6865184.7696932675,0,0
FITB,50.97,5558124.058307565,0,0
FIVE,222.03,1232668.3541247668,0,0
FIVN,34.01,2029865.6160995667,0,0
FIX,1665.05,346903.0426469667,0,0
FIZZ,29.61,395253.36857753334,0,0
FJET,1.85,1436968.2825933334,0,0
FLEX,113.83,3132603.5206995676,0,0
FLG,11.84,4544812.4323174,0,0
FLGT,22.08,302539.67902499996,0,0
FLNA,0.9247,3751334.2851332,0,0
FLNC,7.82,7805695.619488166,0,0
FLNG,30.85,430550.0516804001,0,0
FLO,5.68,8115245.453100668,0,0
FLOC,18.04,557981.9137562,0,0
FLR,49.83,2329216.7186248,0,0
FLS,73.81,1606252.1545088333,0,0
FLUT,74.45,2750885.521192933,0,0
FLXS,86.36,103042.93132983334,0,0
FLY,22.86,2770091.6111091664,0,0
FLYE,1.42,2921401.0381471985,0,0
FLYW,17.33,1408086.2995606665,0,0
FMBH,48.88,126733.71291083333,0,0
FMC,9.09,3392680.8847813993,0,0
FMNB,15.21,376406.9086514333,0,0
FMS,22.27,693770.3065591999,0,0
FMX,119.61,380320.55979689996,0,0
FN,424.12,937270.2201760334,0,0
FNB,17.32,3920449.595325767,0,0
FND,47.07,2425295.2359794,0,0
FNF,41.16,2371378.3476073667,0,0
FNGR,0.1377,60446845.04894271,0,0
FNKO,5.33,1092361.2309241334,0,0
FNV,247.94,766579.2339248665,0,0
FOLD,14.49,3269947.201679467,0,0
FONR,19.09,116008.25496763334,0,0
FOR,26.06,150058.16070829998,0,0
FORM,136.25,1137814.5583187668,0,0
FOSL,6.16,717186.5714862333,0,0
FOUR,37.08,2022774.058707633,0,0
FOX,55.83,1159484.0344844,0,0
FOXA,62.48,5040431.172540967,0,0
FOXF,18.7,448847.0544393999,0,0
FPI,11.09,608553.5251367001,0,0
FPS,37.2,8779652.062617633,0,0
FR,61.15,948799.4032455664,0,0
FRAF,62.47,38249.80764373333,0,0
FRD,38.74,62388.24467583334,0,0
FRHC,169.98,116822.43903459999,0,0
FRME,40.075,441864.01617443335,0,0
FRMI,4.28,16570038.90359023,0,0
FRO,48.93,3443603.8647308005,0,0
FROG,90.37,1823709.4557198999,0,0
FRPH,21.06,105311.94337446666,0,0
FRPT,57.15,1086067.3717434,0,0
FRSH,12.58,4413082.3977086665,0,0
FRST,15.37,151073.31186946662,0,0
FRT,109.39,818773.0667675,0,0
FSBC,42.36,193905.3950831333,0,0
FSCO,5.18,903292.8647546002,0,0
FSK,11.11,1623571.2121949336,0,0
FSLR,176.93,2198761.2576793665,0,0
FSLY,25.48,7020412.492973167,0,0
FSM,11.35,4765904.427498465,0,0
FSS,114.26,388885.9341046667,0,0
FSSL,11.68,235499.65787576666,0,0
FSUN,38.62,344178.2037506334,0,0
FSV,129.2,228170.59457979997,0,0
FTAI,168.93,1332677.2944203666,0,0
FTDR,73.38,540653.2663459,0,0
FTFT,3.77,11040009.651325604,0,0
FTI,68.85,2804923.9811326335,0,0
FTK,28.5,503668.1780965332,0,0
FTNT,175.96,4314258.882632467,0,0
FTRE,19.74,1308816.7496691337,0,0
FTS,53.06,758610.2812345002,0,0
FTV,55.41,2200016.963828167,0,0
FUBO,9.09,1208159.7896209669,0,0
FUL,49.6,808290.8174350334,0,0
FULC,3.7,1444441.8770074002,0,0
FULT,22.65,1605986.8901567333,0,0
FUN,10.86,1977397.1733285328,0,0
FUTU,112.98,1255122.671938633,0,0
FVR,17,201879.14000676665,0,0
FVRR,8.55,529146.6663355667,0,0
FWDI,8.01,2378760.8682816,0,0
FWONA,85.35,164648.07852703333,0,0
FWONK,93.08,2029750.3998841667,0,0
FWRD,15.01,522439.7698455667,0,0
FWRG,10.38,1095832.2285786332,0,0
G,32.24,2264453.5286031,0,0
GABC,48.82,128633.74865506667,0,0
GAIN,15.83,161547.16983853327,0,0
GAP,23.54,8091829.896787534,0,0
GATX,175.86,225915.72413996665,0,0
GAU,1.98,2622249.9723038333,0,0
GBCI,43.67,1007803.0892922333,0,0
GBDC,12.65,1214524.1157943,0,0
GBTG,9.5,2062761.4493390997,0,0
GBX,41.11,384506.9519784333,0,0
GCDT,0.53,24186981.688018236,0,0
GCMG,12.8,472327.6824961333,0,0
GCO,34.5,226524.75899556663,0,0
GCT,50.41,601698.0405772,0,0
GCTK,1.74,2825087.968339334,0,0
GCTS,2.11,1611613.2897784,0,0
GD,332.34,1160426.6738826002,0,0
GDC,1.35,2275603.261969233,0,0
GDDY,94.06,2364603.3074000007,0,0
GDEN,28.55,439275.69478049997,0,0
GDOT,12.28,351814.37610620004,0,0
GDRX,3.23,1230019.7767349998,0,0
GDS,31.28,1223160.2816709331,0,0
GDYN,7.64,997154.3646011667,0,0
GE,317.89,4185948.0934005664,0,0
GEF,80.46,340566.08312986663,0,0
GEF.B,104.97,93483.59844606668,0,0
GEHC,66.46,3280749.2453126335,0,0
GEL,13.82,276754.9149618,0,0
GELS,0.5311,6007557.236165734,0,0
GEMI,5.29,3219765.695850034,0,0
GEN,20.85,9202043.1428455,0,0
GENB,15.42,1509712.778673033,0,0
GENI,6.17,6287672.719923566,0,0
GEO,30.96,2376904.4847534667,0,0
GERN,1.24,10074972.806664368,0,0
GEV,962.49,2173319.7081553,0,0
GEVO,1.33,2688577.380325066,0,0
GFF,94.31,323744.00020013336,0,0
GFI,36.78,3925121.166722867,0,0
GFL,42.2,2658995.9033307,0,0
GFR,5.64,1344152.9386065667,0,0
GFS,47.86,3906718.2754565,0,0
GGAL,37.02,837812.6297764668,0,0
GGB,4.64,11530083.627969665,0,0
GGG,78.1,2237304.118049134,0,0
GH,177.73,1852597.5837816666,0,0
GHC,1127.83,38105.10563276668,0,0
GHM,86.15,174437.92349786672,0,0
GHRS,24.67,237546.0346612,0,0
GIB,67.62,382183.25407386664,0,0
GIC,42.37,138385.1978483,0,0
GIII,27.25,772626.6541004002,0,0
GIL,42.79,1446542.7456523334,0,0
GILD,151.28,5818613.1334948335,0,0
GILT,9.94,515145.87173713336,0,0
GIPR,0.3742,30036944.246743664,0,0
GIS,33.82,9436527.334771466,0,0
GKOS,158.55,743962.0780825333,0,0
GL,166.08,440574.7045689665,0,0
GLAD,19.43,152777.1804026,0,0
GLBE,40.06,1387198.6485819332,0,0
GLDD,17,1807208.7581201668,0,0
GLIBK,23.11,318881.1988408333,0,0
GLND,4.75,22310891.215045337,0,0
GLNG,48.23,1312786.7027552335,0,0
GLOB,33.94,1066659.9902261666,0,0
GLOO,4.47,931421.5869014666,0,0
GLP,46.44,57068.874572199995,0,0
GLPG,27.73,170552.7529385667,0,0
GLPI,38.27,4057551.2270008996,0,0
GLSI,18.38,125008.38338249997,0,0
GLUE,11.74,1135505.1340808333,0,0
GLW,158.71,8640697.121517666,0,0
GLXY,23.07,5395676.076254034,0,0
GM,80.47,6783108.002509566,0,0
GMAB,35.57,2394151.710481367,0,0
GME,23.76,8474600.284571331,0,0
GMED,75.69,1385571.1993750334,0,0
GNK,25.98,685844.5268651667,0,0
GNL,8.35,2201262.6113396995,0,0
GNRC,212.22,1337052.8535146336,0,0
GNTX,22.13,2314656.3214562666,0,0
GNW,9.23,3861951.219163933,0,0
GO,10.95,2305580.5729339663,0,0
GOGO,2.23,1868738.0249169997,0,0
GOLD,42.88,676705.2532902999,0,0
GOLF,82.42,366628.73056623334,0,0
GOOD,12.62,365796.67351396667,0,0
GOOG,337.32,16697546.512079932,0,0
GOOGL,340.92,24923804.242932096,0,0
GOOS,7.71,841994.7119089334,0,0
GORO,3.2,1681971.9078490334,0,0
GOSS,11.58,310431.0060505,0,0
GPC,126.95,1018299.6140669,0,0
GPCR,32.69,1161701.4056185668,0,0
GPGI,11.77,1663056.1057117665,0,0
GPI,240.93,239133.9061583,0,0
GPK,9.21,5857757.792221367,0,0
GPN,83.33,2484975.187401499,0,0
GPOR,152.17,271242.15316053334,0,0
GPRE,14.71,1618853.4787980006,0,0
GPRK,10.51,1044455.4121903669,0,0
GPRO,1.325,65286392.41818441,0,0
GPUS,0.1594,38208566.530116834,0,0
GRAB,3.12,61188969.71027937,0,0
GRAF,10.82,321059.8758652001,0,0
GRAL,136.57,1144741.5024983333,0,0
GRBK,67.4,389754.23266299994,0,0
GRC,75.07,181233.23922790002,0,0
GRDN,40.68,599786.7478596667,0,0
GREE,2.84,858447.1700800001,0,0
GRFS,7.295,547444.2225139999,0,0
GRML,10.375,15909048.447479332,0,0
GRMN,290.23,880829.6738366998,0,0
GRND,16.12,1275021.305546133,0,0
GRNT,4.29,1498080.5161287,0,0
GROY,3.05,1921195.2609074996,0,0
GRPN,19.99,1143148.4647862997,0,0
GRRR,13.85,803488.3270636334,0,0
GS,916.24,2060900.2181359667,0,0
GSAT,82.59,612536.0531248999,0,0
GSBC,77.55,87188.90041713334,0,0
GSBD,9.49,814332.6305281332,0,0
GSHD,43.99,425082.4210992,0,0
GSIT,5.46,477521.14079419995,0,0
GSK,49.35,2946384.5000235992,0,0
GSL,44.03,297533.2383464,0,0
GSM,3.99,1251772.5140438997,0,0
GT,5,8898952.1460465,0,0
GTE,9.75,595558.7933639002,0,0
GTES,26.64,1785232.3524940338,0,0
GTLB,46.71,5207737.019832567,0,0
GTLS,209.9,1455827.772567833,0,0
GTM,3.63,5252591.349319601,0,0
GTN,4.51,958395.9958882667,0,0
GTX,26.24,2736973.570924801,0,0
GTY,28.5,707678.2610618331,0,0
GVA,116.27,514897.56575243326,0,0
GWRE,142.52,1478654.4719797,0,0
GWW,1248.67,249186.8397334,0,0
GXO,44.76,1293542.967979233,0,0
H,162.01,738998.9089087668,0,0
HAE,105.8,685494.1820867668,0,0
HAFC,31.16,220237.20794746667,0,0
HAFN,9.67,2523312.798325933,0,0
HAL,31.54,10997054.6915077,0,0
HALO,111.56,2134634.9829009664,0,0
HAS,88.26,1550514.2390412001,0,0
HASI,35.56,1104868.666942,0,0
HAYW,12.34,3107564.0299322335,0,0
HBAN,15.27,27082712.934834637,0,0
HBB,38.83,80834.34035983332,0,0
HBCP,66.49,69405.11836623332,0,0
HBM,27.01,4048855.8867481337,0,0
HBNC,18.86,502290.3483962,0,0
HBT,35.69,123494.79497989999,0,0
HCA,431.63,1445133.431328633,0,0
HCC,88.03,625839.3342019335,0,0
HCHL,3.96,918647.4491585332,0,0
HCI,176.49,157175.03302239996,0,0
HCKT,9.87,202981.90513526674,0,0
HCSG,20.9,643549.4448453333,0,0
HCWC,11.33,780731.0636201666,0,0
HD,288.04,4474228.824973467,0,0
HDB,22.64,10803285.283811098,0,0
HDSN,5.15,545415.3158360333,0,0
HE,9.08,2739789.7793934336,0,0
HEI,307.11,524485.6118415332,0,0
HEI.A,230.84,316817.11945573334,0,0
HELE,28.15,383223.6018407668,0,0
HELP,12.7,1715013.2843432666,0,0
HESM,37.63,1414300.8974446005,0,0
HFWA,27.81,386866.7697137667,0,0
HG,33.35,369669.03617456666,0,0
HGTY,13.55,488861.43856803334,0,0
HGV,35.78,1088755.9911943332,0,0
HHH,74.88,696046.8988349001,0,0
HIFS,290.86,44284.68375183334,0,0
HIG,125.85,1580828.0523049997,0,0
HII,259.64,446964.1252331667,0,0
HIMS,28.7,10523935.561294435,0,0
HIMX,14.1,926613.7751272332,0,0
HIPO,30.99,191899.22108890003,0,0
HITI,2.8,790036.2217336666,0,0
HIVE,3.01,17308270.428876635,0,0
HIW,28.64,1116991.4886329335,0,0
HL,17.15,36370982.172012135,0,0
HLF,12.44,1640418.7435273333,0,0
HLI,127.46,804991.5449030332,0,0
HLIO,68.55,336776.83373980003,0,0
HLIT,10.55,1399926.6951886998,0,0
HLLY,2.45,1197916.3908547335,0,0
HLMN,7.11,1654225.3101501002,0,0
HLN,9.07,16591933.6855799,0,0
HLNE,85.87,589365.4312089666,0,0
HLT,323.44,1704656.3827222667,0,0
HLX,10.6,1541054.4863322,0,0
HMC,32.09,836884.2905105334,0,0
HMN,45.51,310606.5984869666,0,0
HMY,17.98,4254146.575161167,0,0
HNGE,95.21,1882672.739343533,0,0
HNI,46.65,556634.4897467,0,0
HNRG,14.09,666230.1965474001,0,0
HNST,5.21,2094423.5286273668,0,0
HOG,24.82,1764993.056211767,0,0
HOLX,76.01,6351430.895384433,0,0
HOMB,28.41,1447788.1214777336,0,0
HON,210.13,2978289.8118699663,0,0
HOOD,116.22,22619189.14101367,0,0
HOPE,13.44,856918.4636950331,0,0
HOTH,1.36,6559509.681385799,0,0
HOV,112.19,125270.35510713332,0,0
HOWL,0.91,13834719.540873399,0,0
HP,36.61,1236067.381396233,0,0
HPE,61.49,23132454.925815333,0,0
HPK,7.79,469841.1043821667,0,0
HPP,11.66,600364.3188983,0,0
HPQ,30.73,16231971.950521734,0,0
HQ,14.18,444312.97124319995,0,0
HQY,87.25,957053.0839525334,0,0
HR,17.94,3690721.247597733,0,0
HRB,40.58,1832426.6540870334,0,0
HRI,127.24,729077.6493143333,0,0
HRL,19.85,5431693.396994335,0,0
HRMY,39.29,936623.0738998,0,0
HROW,31.4,549665.7359864668,0,0
HRTG,33.49,266657.2830825334,0,0
HRZN,4.63,613878.7284739,0,0
HSAI,15.52,1486116.5542379667,0,0
HSBC,100.72,1270799.6115143665,0,0
HSHP,17.24,443958.36130636657,0,0
HSIC,84.97,1037340.6029434332,0,0
HSLV,5.37,686410.1740564669,0,0
HST,22.44,8230121.424623001,0,0
HSTM,29.74,195495.58985233327,0,0
HSY,161.41,1324424.6892414005,0,0
HTB,45.79,232628.59746849997,0,0
HTBK,13.45,847409.5293818999,0,0
HTFL,49.83,2095487.0824628326,0,0
HTGC,16.97,1408894.6992346,0,0
HTH,37.6,306416.2088579333,0,0
HTHT,43.14,1548321.3585932667,0,0
HTLD,11.65,758209.8477229668,0,0
HTO,61.65,413597.7915685,0,0
HTZ,1.68,14914236.8320273,0,0
HUBB,459.09,479355.2908244667,0,0
HUBG,30.25,1272654.1951726668,0,0
HUBS,197.67,1611204.271548,0,0
HUIZ,1.33,2932732.683468667,0,0
HUM,386.87,1044887.4106251331,0,0
HUMA,0.5327,5574439.735673567,0,0
HUN,8.38,2368757.228925767,0,0
HURN,156.36,219381.1166438,0,0
HUT,92.86,4634816.619296566,0,0
HUYA,2.32,1378740.5241221664,0,0
HVT,27.5,126011.91718106666,0,0
HWC,72.2,775474.8384601665,0,0
HWKN,126.15,173830.06070776662,0,0
HWM,230.94,3424549.1525719995,0,0
HXL,84.35,815553.9917531332,0,0
HY,32,111945.3258409,0,0
HYAC,10.75,583622.9670297668,0,0
HYLN,4.01,1998266.227892433,0,0
HYMC,19.38,2169486.3011395666,0,0
HYPD,3.99,669947.4850460999,0,0
HZO,52.24,721574.4500023666,0,0
IAC,42.24,1357008.5123584329,0,0
IAG,18.64,5588263.8666433655,0,0
IART,16.64,800435.5517807666,0,0
IAUX,1.66,9593858.473958667,0,0
IBCP,35.35,182064.20323916664,0,0
IBEX,43.38,147677.58571486667,0,0
IBKR,86.18,3816940.753296067,0,0
IBM,219.99,5194259.771447099,0,0
IBN,27.25,4924200.923150833,0,0
IBOC,68.94,341398.15537869994,0,0
IBP,193.94,390010.68694116664,0,0
IBRX,8.83,9854708.031000134,0,0
IBTA,39.27,190533.97913020002,0,0
ICE,152.19,3160949.851649934,0,0
ICFI,83.12,176475.91821076671,0,0
ICHR,59.76,669824.8991659001,0,0
ICL,5.17,1186800.9643656663,0,0
ICLR,170.35,871501.7978849,0,0
ICUI,163.44,244430.12218740003,0,0
IDA,131.12,538856.7417896001,0,0
IDCC,324.3,202014.91354753336,0,0
IDR,28.71,213735.98557530003,0,0
IDT,75.56,254044.75922993335,0,0
IDXX,533.44,493425.72501876665,0,0
IDYA,37.86,857034.1989487001,0,0
IE,10.64,2180577.615872933,0,0
IEP,6.86,963870.2861883999,0,0
IESC,324.44,256386.28680620002,0,0
IEX,230.43,584476.3913892,0,0
IFF,85.25,1579037.0405892332,0,0
IFS,54.56,216608.00614440002,0,0
IGIC,24.6,90623.89560066667,0,0
IHG,163.1,174871.73848493336,0,0
IHS,8.38,1076818.9107716,0,0
IIIN,29.09,149532.33325743338,0,0
IIIV,13.98,555172.7978502333,0,0
IIPR,54.51,358025.4305252333,0,0
ILMN,272,3359818.225119867,0,0
IMAX,56.33,1000836.2395170667,0,0
IMCC,2.45,5678951.692305033,0,0
IMCR,30.85,381311.4454729999,0,0
IMKTA,84.96,109484.85897680001,0,0
IMMR,7.26,384246.62364136666,0,0
IMMX,10.54,1662960.4512751997,0,0
IMNM,21.89,1273668.2852514996,0,0
IMO,121.85,606486.2334513001,0,0
IMOS,67.76,75512.58384746665,0,0
IMPP,5.005,508471.29946646665,0,0
IMRN,1.19,4367550.120882833,0,0
IMRX,4.13,657824.2578740001,0,0
IMSR,3.97,1309182.3001125332,0,0
IMTX,8.56,693872.4178514,0,0
IMUX,8.91,343274.8262918333,0,0
IMVT,33.46,1412000.0618887667,0,0
IMXI,11.65,589222.4363788333,0,0
INBX,104.83,345415.2404173,0,0
INCY,123.2,1406979.8487908333,0,0
INDB,78.16,333686.35679780005,0,0
INDI,2.96,5525469.671911165,0,0
INDP,2.85,1570323.549658333,0,0
INDV,36.59,2007534.244114333,0,0
INFQ,13.84,8470678.747175703,0,0
INFY,10.64,15291683.557817867,0,0
ING,36.08,1792307.9008902002,0,0
INGM,26.95,2062404.7953590665,0,0
INGR,96.46,603746.2165118332,0,0
INLF,4.66,2085855.1517311335,0,0
INMD,14.22,475992.7477250332,0,0
INN,5.91,949447.4517133001,0,0
INNV,8.98,574003.1562885001,0,0
INO,1.11,3360004.1702157333,0,0
INOD,66.94,1324195.1669654332,0,0
INR,12.69,294787.55126353336,0,0
INSM,115.63,1950813.8219216662,0,0
INSP,73.18,725795.1224265002,0,0
INSW,110.24,693347.717401233,0,0
INTA,35.2,593833.4149844334,0,0
INTC,115.93,102669252.08782427,0,0
INTG,32.36,85076.38864123337,0,0
INTR,5.13,4199554.966300034,0,0
INTU,268.03,4030200.1346048345,0,0
INV,0.6001,7284299.505035099,0,0
INVA,21.11,871762.1069889,0,0
INVH,26.57,4826141.296668199,0,0
INVX,27.41,773453.5139506999,0,0
IONQ,43.91,22015168.996779468,0,0
IONS,45.89,3880625.8973013326,0,0
IOSP,96.72,195851.37004746668,0,0
IOT,37.97,6831833.1131311,0,0
IOVA,14.45,17221662.15756103,0,0
IP,33.32,4749798.2084753,0,0
IPAR,115.09,215111.3665583333,0,0
IPDN,3.55,2183955.1596788997,0,0
IPGP,78.52,518665.89435620006,0,0
IPI,32.35,215704.67028163341,0,0
IPST,3.03,1685701.0639673334,0,0
IPX,18.3,319951.71643980005,0,0
IQ,0.9894,9601506.591762898,0,0
IQV,268.99,1511830.9506510994,0,0
IR,76.48,4262396.733389467,0,0
IRD,4.955,3847332.7105113,0,0
IRDM,47.94,1024924.0926097332,0,0
IREN,41.38,39905522.819239765,0,0
IRM,111.5,1565518.4606801337,0,0
IRMD,86.46,118945.51793616668,0,0
IRON,65.87,520226.8611435333,0,0
IRS,13.97,164878.27845546667,0,0
IRT,14.83,3285565.2161648003,0,0
IRTC,114.22,528359.1065239332,0,0
IRWD,4.16,1856829.0903220668,0,0
ISBA,38.03,62183.418962400014,0,0
ISRG,412.18,2331776.5011980995,0,0
ISSC,24.78,295750.5802883334,0,0
ISTR,29.17,99251.86698969999,0,0
IT,185.85,1105961.4793799333,0,0
ITGR,126.33,799525.4562228334,0,0
ITIC,292.09,69744.34827023333,0,0
ITRG,2.66,2053840.6011598,0,0
ITRI,87.39,540959.9515343999,0,0
ITRN,51.01,104237.46698246666,0,0
ITT,204.54,783914.7052781667,0,0
ITUB,8.09,21193606.061541304,0,0
ITW,267.07,1181191.6044663666,0,0
IVA,3.29,1505866.6379413002,0,0
IVR,6.26,2992946.7543879333,0,0
IVT,30.53,617731.3021423665,0,0
IVVD,0.8501,6222310.106238334,0,0
IVZ,30.42,4037971.7546504345,0,0
IX,38.23,331055.3438596,0,0
J,136.48,806050.7617884334,0,0
JACK,13.46,566606.7829212334,0,0
JAGX,5.32,2520094.328158133,0,0
JAN,29.96,1672795.5858527336,0,0
JANX,16.95,943429.7981793334,0,0
JAZZ,232.35,948380.0415158999,0,0
JBGS,10.1,1006546.4752878334,0,0
JBHT,229.28,1053048.1922872667,0,0
JBI,4.19,2166760.8923375667,0,0
JBIO,14.18,884643.5771979667,0,0
JBL,318.84,1094232.4338953,0,0
JBLU,4.28,19852961.4877033,0,0
JBS,11.37,5144579.974859667,0,0
JBSS,67.34,142741.79935893338,0,0
JBTM,110.32,541882.8595163999,0,0
JCAP,19.12,264948.8635368333,0,0
JCI,149.42,3164948.9724621666,0,0
JD,26.3,6027435.540747068,0,0
JDZG,4.55,642698.0519952332,0,0
JEF,46.52,2171714.690543233,0,0
JELD,1.99,1799517.628489733,0,0
JEM,3.555,787433.8816750334,0,0
JFB,4.945,509878.5934849668,0,0
JHG,51.95,3229802.9727340336,0,0
JHX,25.1,11248287.8787754,0,0
JILL,24.48,177682.5038242,0,0
JJSF,77.21,189095.48276806663,0,0
JKHY,146.22,1065634.5119128998,0,0
JKS,9.6,841294.7029746,0,0
JLHL,4.03,519376.01628033334,0,0
JLL,311,340539.72022036667,0,0
JMG,6.61,962232.7916666666,0,0
JMIA,6.7,1574209.2568551002,0,0
JNJ,267.57,6418578.483939966,0,0
JOBY,5.99,24829987.861943897,0,0
JOE,66.01,262900.4630177,0,0
JOYY,80.6,403938.1924197667,0,0
JPM,334.98,7293756.705460134,0,0
JUNS,2.58,1843998.558831867,0,0
JXN,131.34,786433.2685048335,0,0
KAI,267.13,166171.61403813332,0,0
KALU,151.17,224408.99658389998,0,0
KALV,27,6041969.0774992015,0,0
KARO,60.83,67359.41876553332,0,0
KB,127.9,158618.42774,0,0
KBDC,13.07,377382.23410279996,0,0
KBH,47.42,1461498.145038233,0,0
KBR,35.13,1302341.2993450337,0,0
KC,9.09,1410769.8386261002,0,0
KD,11.29,3702861.9042107332,0,0
KDK,2.13,2482038.2427689997,0,0
KDP,31.03,9723245.017843267,0,0
KE,27.71,199893.49501549997,0,0
KELYA,16.38,288299.10089043336,0,0
KEP,11.1,957224.3867073667,0,0
KEX,131.94,411353.4376190999,0,0
KEY,20.12,13350187.571177533,0,0
KEYS,360.65,1306895.1844996002,0,0
KFRC,51.88,255217.35064153335,0,0
KFY,71.98,532922.8937343665,0,0
KGC,24.32,8340096.312664566,0,0
KGS,51.75,1910412.4218656004,0,0
KHC,23.45,19900055.7781572,0,0
KIDS,22.76,214075.6399303333,0,0
KIM,22.42,5172588.001104,0,0
KKR,93.18,3628148.119331233,0,0
KLAC,196.53,9347744.145616565,0,0
KLAR,12.36,8046806.071304564,0,0
KLIC,93.72,740491.5635998666,0,0
KMB,98.99,4137355.340987,0,0
KMI,30.45,12419283.412623202,0,0
KMPR,25.66,896073.5089615999,0,0
KMT,31.01,1408735.1510593332,0,0
KMTS,28.46,355959.30072356673,0,0
KMX,59.23,2513829.7493684334,0,0
KN,37.32,738693.3502752667,0,0
KNDI,0.81,3357307.363531867,0,0
KNF,52.68,1016158.9617615,0,0
KNRX,0.37,15454198.935540764,0,0
KNSA,75.73,529485.3055383667,0,0
KNSL,323.25,194225.90949153336,0,0
KNTK,51.16,1217300.7942339666,0,0
KNX,64.19,3451364.4598499667,0,0
KO,86.84,15300059.33502103,0,0
KOD,91.12,2201191.4260841003,0,0
KODK,9.59,853480.3688616998,0,0
KOF,108.49,124873.19037583329,0,0
KOP,46.08,168831.56057276667,0,0
KOPN,4.75,3430870.009036766,0,0
KOS,2.58,12842389.809465101,0,0
KR,60.79,7478955.156641731,0,0
KRC,33.84,1293671.9637042,0,0
KREF,6.38,762904.6653841336,0,0
KRG,24.7,2043820.2430352,0,0
KRMN,32.86,3537046.5855330997,0,0
KRNT,16.55,293881.80445840006,0,0
KRNY,9.12,614596.3312830335,0,0
KRO,7.92,385317.70216750004,0,0
KROS,11.19,185557.79928633335,0,0
KRP,14.3,962731.7087565,0,0
KRT,52.69,158582.9002872667,0,0
KRUS,39.17,215735.15026539998,0,0
KRYS,335.06,259931.02855433332,0,0
KSPI,95.75,621947.7243145999,0,0
KSS,18.32,4514616.449188934,0,0
KT,19.27,1227044.204710767,0,0
KTB,64.29,719672.628845,0,0
KTOS,43.05,3588444.1820228333,0,0
KURA,10.805,2181733.3502881667,0,0
KVUE,17.91,24563436.444430962,0,0
KVYO,15.25,6267147.582609935,0,0
KW,10.92,1896962.4390946338,0,0
KWR,158.02,148008.7774766,0,0
KXIN,1.38,3814809.216191567,0,0
KYIV,12.77,365824.69970573334,0,0
KYMR,110.51,701649.9212343,0,0
KYTX,6.84,866392.1253132998,0,0
KZIA,9.75,339947.4835350334,0,0
L,105.93,897728.6418586001,0,0
LAC,2.63,9487557.341823298,0,0
LAD,289.26,256464.5602641667,0,0
LADR,9.03,1160873.7323886,0,0
LAES,2.32,5980343.141966631,0,0
LAMR,145.96,498607.5046744666,0,0
LAND,9.48,733366.9151432664,0,0
LAR,5.49,1810123.0346115998,0,0
LASE,0.8423,4288254.8355208,0,0
LASR,39.01,1103250.6604314663,0,0
LAUR,38.38,939503.4760943667,0,0
LAWR,3.75,1368276.611111111,0,0
LAZ,35.8,1648107.9978412664,0,0
LB,80.49,258587.28546803334,0,0
LBRDA,35.99,269426.24329096667,0,0
LBRDK,36.02,2457371.9760549995,0,0
LBRT,18.44,3603243.465684567,0,0
LBRX,37.28,317745.40780519997,0,0
LBTYA,9.26,2447300.1118288,0,0
LBTYK,9.01,1668906.1334344002,0,0
LC,19.21,1884421.6295561001,0,0
LCID,4.07,11780760.833217466,0,0
LCII,85.38,310721.24840340007,0,0
LDI,0.6061,5875122.182157,0,0
LDOS,123.1,1219918.4583329665,0,0
LEA,119.32,635794.4146152666,0,0
LECO,270.81,444592.2931838666,0,0
LEG,9.2,2266802.0745844664,0,0
LEGH,28.94,76495.86088166668,0,0
LEGN,18.82,2098416.9656185997,0,0
LEN,83.01,4118116.9359257,0,0
LEN.B,81.77,116072.20496666666,0,0
LENZ,3.86,689785.5117071667,0,0
LEU,138.18,706593.7030328667,0,0
LEVI,19.75,2242950.0192315667,0,0
LFMD,2.88,743673.3239910665,0,0
LFST,11.89,5009061.0681117335,0,0
LFUS,428.76,204892.9291771667,0,0
LGIH,47.88,285038.91386033327,0,0
LGN,53.7,865872.4589087667,0,0
LGND,310.36,222657.35583846664,0,0
LGPS,0.739,2983864.035000568,0,0
LH,308.81,768561.7812122664,0,0
LHAI,1.01,3597179.674486233,0,0
LHSW,0.52875,17388636.7905283,0,0
LHX,236.47,1672487.741101433,0,0
LI,11.23,3070708.368048633,0,0
LIDR,1.19,5266975.3451483,0,0
LIF,40.04,619835.4146723666,0,0
LIFE,33.85,1560888.537272733,0,0
LII,360.16,478975.51818456675,0,0
LILA,8.44,387174.6723293333,0,0
LILAK,8.385,1404269.9786619332,0,0
LIN,473.37,1999446.5970556,0,0
LINC,21.54,865584.6031394333,0,0
LIND,31.27,857051.9313831333,0,0
LINE,35.07,875660.8132032334,0,0
LION,11.19,2557730.197564,0,0
LITE,973.49,4415856.520694067,0,0
LIVN,76.99,625547.6112212331,0,0
LIXT,7.21,425050.0363913333,0,0
LKFN,58.05,172252.90954503338,0,0
LKQ,23.11,3298815.193623566,0,0
LLY,1184.63,2409102.8385205665,0,0
LLYVA,96.58,135586.11759263332,0,0
LLYVK,99.12,282690.5026834,0,0
LMAT,82.89,286691.05388053326,0,0
LMB,47.95,390517.7079244666,0,0
LMND,44.6,1026047.0170480666,0,0
LMRI,10.26,399575.29727113334,0,0
LMT,512.21,1149571.8521278996,0,0
LNC,40.92,1917035.1179315997,0,0
LNG,267.29,2017829.9296783,0,0
LNN,112.92,163324.08518756667,0,0
LNT,64.34,2273423.313330134,0,0
LNTH,99.51,1145654.4917214669,0,0
LOAR,63.55,706386.5094356332,0,0
LOB,36.64,204113.09272790002,0,0
LOBO,0.538,6059842.897553767,0,0
LOCO,14.44,224549.62353570003,0,0
LODE,2.35,1193848.864761233,0,0
LOGI,100.67,730086.0345542332,0,0
LOKV,11.52,419804.51372406684,0,0
LOMA,9.14,373094.4484626333,0,0
LOPE,147.59,326365.7668859333,0,0
LOVE,15.62,279671.84055256663,0,0
LOW,187.26,3350364.8019530005,0,0
LPG,54.23,584299.3801339335,0,0
LPL,2.98,2451303.5893105664,0,0
LPLA,308.05,709790.9278741665,0,0
LPRO,3.14,4459145.361188133,0,0
LPTH,10.02,3262799.5483433665,0,0
LPX,65.76,1060517.7509812333,0,0
LQDA,70.69,1214985.5072870667,0,0
LQDT,43.31,214371.23846753332,0,0
LRCX,323.86,8697327.779936131,0,0
LRMR,3.14,1221730.8811857998,0,0
LRN,75.59,654510.7824563667,0,0
LSCC,125.45,1520479.3511469332,0,0
LSPD,9.75,643987.0791170666,0,0
LSTR,168.42,342962.06623846665,0,0
LTBR,6.3,757981.4086658333,0,0
LTC,43.1,588920.6412375332,0,0
LTH,40.08,3073946.5252116006,0,0
LTM,51.06,783901.9711126334,0,0
LTRX,7.22,1309261.2304672333,0,0
LUCY,0.9235,7329276.459849765,0,0
LULU,96.87,6635229.662789401,0,0
LUMN,5.54,12361969.286713598,0,0
LUNR,14.55,7133868.025782366,0,0
LUV,42.08,5539317.350736468,0,0
LUXE,9.61,270463.39443973335,0,0
LVS,38.32,5399188.166605367,0,0
LW,43.27,1431014.5777827671,0,0
LWAY,21.14,137247.16308663334,0,0
LWLG,5.17,2665494.6708768667,0,0
LX,0.7326,4542295.817977267,0,0
LXEO,3.42,1150733.3489608665,0,0
LXFR,17.27,388691.0799228999,0,0
LXP,60.89,769670.8719990666,0,0
LXRX,1.88,3155313.4979457003,0,0
LXU,9.66,779733.8124663334,0,0
LYB,58.18,3494206.0770367337,0,0
LYFT,15.07,9796960.710001567,0,0
LYG,5.69,13748639.965166833,0,0
LYTS,20.83,487907.05735226657,0,0
LYV,171.09,1860131.2358419334,0,0
LZ,5.55,2608791.247130499,0,0
LZB,29.68,899315.7545510333,0,0
M,23.27,6449827.9413214335,0,0
MA,563.58,2738291.355990366,0,0
MAA,118.43,1039602.4064999999,0,0
MAAS,16.12,398415.2891524333,0,0
MAC,22.89,3119452.494704933,0,0
MAGH,6.76,819427.3666666667,0,0
MAGN,11.62,371896.16511196666,0,0
MAIN,55.94,439818.37070346664,0,0
MAMA,12.87,771603.6181007331,0,0
MAMK,13,661430.8666666667,0,0
MAN,56.56,825478.9344293666,0,0
MANE,117.82,696510.7087331333,0,0
MANH,200.11,678073.2671794,0,0
MANU,20.81,362705.995415,0,0
MAR,361.62,1564193.9786818,0,0
MARA,11.99,49512004.18367244,0,0
MAS,68.37,2169114.1708979337,0,0
MASI,179.95,984964.1332637,0,0
MASS,11.85,415325.38268353336,0,0
MAT,13.22,3885095.2799197347,0,0
MATV,11.73,523579.98665803333,0,0
MATW,19.43,1023821.4837505333,0,0
MATX,226.43,282133.2964570333,0,0
MAX,9.38,708665.4474035335,0,0
MAXN,0.7593,3940404.1840144335,0,0
MAZE,27.02,699094.9420889334,0,0
MBAV,11.1391,376781.04950496665,0,0
MBC,6.97,2728269.0622554333,0,0
MBI,4.29,493193.35586656653,0,0
MBIN,49.61,203721.6638844,0,0
MBLY,7.565,4750749.362981834,0,0
MBUU,23.33,257361.81951886666,0,0
MBWM,58.89,104587.94733533332,0,0
MBX,57.75,484216.68412729993,0,0
MC,58,771469.3976007334,0,0
MCB,87.48,118212.07472630002,0,0
MCBS,34.4,77181.76824603333,0,0
MCD,233.98,5340213.0479733655,0,0
MCFT,20.08,265752.3928702,0,0
MCHB,14.86,474517.6917268334,0,0
MCHP,78.78,8399427.2730068,0,0
MCHPP,67.31,269072.1621436667,0,0
MCK,864.82,890555.2650412333,0,0
MCO,454.82,710633.0733114667,0,0
MCRI,116.09,178024.23904406663,0,0
MCS,28.7,238462.08597456667,0,0
MCTA,29.355,874469.625,0,0
MCW,7.1,3843023.3643200668,0,0
MCY,99.87,289254.0025417999,0,0
MD,26.06,740767.8341741,0,0
MDA,29.64,1297996.067399233,0,0
MDB,337.19,2583239.3810450668,0,0
MDGL,509.44,226587.34811556668,0,0
MDLN,34.98,8029338.495775167,0,0
MDLZ,59.32,7710325.785415634,0,0
MDT,87.09,9801891.3356043,0,0
MDU,18.68,1840950.6262579001,0,0
MDXG,4.67,1109494.6299993335,0,0
MEC,16.32,542350.3809235668,0,0
MEDP,622.11,225984.3592915,0,0
MEG,22.14,288454.99441933335,0,0
MEHA,0.168399,41617628.03085353,0,0
MEI,14.34,738176.1761549002,0,0
MELI,1724.9,549840.1150226,0,0
MEOH,59.45,801811.5056208333,0,0
MESH,10.08,212525.43939776655,0,0
MESO,14.87,201165.15968506664,0,0
MET,95.2,3049304.877762234,0,0
META,738.79,21712391.5633966,0,0
METC,8.38,2126340.9723321334,0,0
MFA,8,1601274.1095157333,0,0
MFC,43.42,2146618.302488867,0,0
MFG,11,3168377.3339587003,0,0
MFIC,8.86,540093.6765318,0,0
MG,21.34,413328.31693763327,0,0
MGA,64.56,1160775.2128233002,0,0
MGEE,69.24,175045.19925696668,0,0
MGM,31.52,3553231.479722433,0,0
MGN,3.73,1152957.0672885,0,0
MGNI,25.67,2291101.0175008667,0,0
MGPI,13.34,248998.46134513337,0,0
MGRC,114.23,140980.5402907667,0,0
MGTX,11.13,891974.1723449667,0,0
MGY,23.6,3982258.141143167,0,0
MH,12.58,587980.2824538999,0,0
MHK,124.84,1019110.9168498667,0,0
MHO,135.79,201709.55589110003,0,0
MIAX,33.87,1529480.4452389667,0,0
MICC,18.55,778957.6472430669,0,0
MIDD,105.56,575954.5799509666,0,0
MIGI,4.45,1062683.2794623333,0,0
MIMI,0.8742,9731859.297941366,0,0
MIR,14.34,3664450.3420024654,0,0
MIRM,87.54,647295.4206033668,0,0
MITK,16.59,655054.3333813999,0,0
MITT,5.97,336624.40231209993,0,0
MKC,48.4,2972675.1808134005,0,0
MKL,1740.09,67293.51967423334,0,0
MKSI,266.02,1305020.1190164995,0,0
MKTX,163.96,972947.8113894333,0,0
MLAB,130.98,141476.32333993335,0,0
MLCO,4.56,1702737.2469622002,0,0
MLI,60.79,1649808.8524236337,0,0
MLKN,19.96,684182.0903875333,0,0
MLM,479.09,812260.2777138668,0,0
MLR,53.48,100603.7558007,0,0
MLTX,11.45,1510700.1405084333,0,0
MLYS,24.48,1269243.1989771002,0,0
MMA,0.39,12631171.808040632,0,0
MMED,20.04,2451058.0113077997,0,0
MMI,29.04,147597.85729300004,0,0
MMM,168.49,2826896.3026115326,0,0
MMS,53.07,613278.0047959998,0,0
MMSI,87.87,616785.9268403332,0,0
MMYT,47.12,692699.2933069667,0,0
MNDY,76.05,1161705.7679116002,0,0
MNKD,3.34,3811644.6188729345,0,0
MNPR,80,163572.58959436667,0,0
MNRO,13.76,1068489.1597985334,0,0
MNSO,9.22,984092.7822669,0,0
MNST,41.74,10066789.17038203,0,0
MNTN,10.37,829220.2707060998,0,0
MNTS,3.7,645319.9009114334,0,0
MO,68.72,8262577.1022834005,0,0
MOBX,0.8419,6123450.720178099,0,0
MOD,183.72,1348991.6474558,0,0
MOG.A,387.59,263919.7164623667,0,0
MOH,189.38,597412.1737543666,0,0
MOMO,4.84,913546.1467005668,0,0
MORN,186.35,301023.05990433326,0,0
MOS,22.42,8263499.551043669,0,0
MOV,33.59,204232.90295793331,0,0
MOVE,11.81,434553.3003842666,0,0
MP,45.43,5247783.133918634,0,0
MPB,35.75,91273.41084886668,0,0
MPC,392.03,2865021.3296826007,0,0
MPLT,10.15,583038.8004868999,0,0
MPLX,57.05,1291202.0338518668,0,0
MPT,3.51,9809166.225663366,0,0
MPTI,76.09,83624.22363103331,0,0
MPWR,1355.99,695527.7169533334,0,0
MQ,17.01,764082.7529273999,0,0
MRAM,18.63,976211.7620644666,0,0
MRCY,82.64,822384.1708500334,0,0
MRK,149.28,11162514.563627634,0,0
MRLN,1.78,2843270.7787805665,0,0
MRNA,203.46,28768842.77084803,0,0
MRNO,0.3275,11840405.690322904,0,0
MRP,26.51,1482843.4521774,0,0
MRSH,170.42,2574263.1608378002,0,0
MRTN,13.07,649246.3379676335,0,0
MRVI,7.65,4032543.595638069,0,0
MRVL,263.27,21958443.724513765,0,0
MRX,72.13,736047.9028405,0,0
MS,192.76,4652454.208541866,0,0
MSA,180.56,236868.13109450002,0,0
MSBI,32.39,164975.67043683332,0,0
MSCI,539.76,532782.7713672334,0,0
MSDL,14.27,393533.97049659997,0,0
MSEX,53.2,124441.97582546665,0,0
MSFT,508.96,21684434.101187,0,0
MSGE,81.65,407798.83668066666,0,0
MSGS,413.84,265893.3634241667,0,0
MSGY,4.44,3265718.229181467,0,0
MSI,446.12,965067.2938419667,0,0
MSIF,12.06,197439.79043410002,0,0
MSM,124.55,652447.2698143666,0,0
MSS,1.79,7081541.122631034,0,0
MSTR,154.67,27433504.47050727,0,0
MSW,1.25,2350813.3231270327,0,0
MT,67.96,1312337.3137140335,0,0
MTA,9.62,384913.254772,0,0
MTB,217.5,1040057.0039489999,0,0
MTCH,40.13,3455390.8534490005,0,0
MTD,1537.33,210128.00470239995,0,0
MTDR,50.69,1839576.0491793004,0,0
MTG,28.25,1938320.4087437668,0,0
MTH,63.9,775809.6425184332,0,0
MTN,141.29,864020.4330868333,0,0
MTRN,268.56,259011.31855349996,0,0
MTRX,9.47,415596.99832139997,0,0
MTSI,284.27,1308152.7492607667,0,0
MTUS,18.81,334550.34105229995,0,0
MTW,22.12,437979.98257696663,0,0
MTX,66.11,180308.22352576672,0,0
MTZ,210.23,1502287.5966695666,0,0
MU,1065.08,25001515.439705703,0,0
MUFG,23.13,2791641.1260722335,0,0
MUR,35.95,1624723.9083942003,0,0
MUSA,507.42,269936.5572440667,0,0
MUX,17.98,1073825.7339056665,0,0
MVIS,1.46,1574733.7744721668,0,0
MVST,0.6477,6751153.890102967,0,0
MWA,21.47,1270498.6153416669,0,0
MWH,24.23,1563999.7191338337,0,0
MX,3.89,1085565.2010780666,0,0
MXL,92.72,2670940.4415398003,0,0
MYE,31.26,339342.47060540004,0,0
MYGN,4.23,1966391.603459633,0,0
MYRG,288.31,280450.39275689994,0,0
MYSZ,1.69,1203518.048044367,0,0
MZTI,99.9,439610.95541373326,0,0
NABL,4.2,3015938.503670834,0,0
NAK,1.45,3885473.8135071,0,0
NAKA,9.76,236136.5894696,0,0
NAMI,2.57,3141825.3664257005,0,0
NAMS,23.81,1566170.1313337334,0,0
NAT,7.98,4605903.997802766,0,0
NATH,101.55,29707.35034636666,0,0
NATL,45.44,722076.0686351332,0,0
NATR,12.76,159520.99947210003,0,0
NAUT,1.365,1728979.586561367,0,0
NAVI,9.07,1350056.6794135668,0,0
NAVN,20.69,4061236.157029234,0,0
NB,3.49,2617943.0693348665,0,0
NBBK,22.27,288911.00887439994,0,0
NBHC,39.23,379170.55522116664,0,0
NBIS,237.355,16930045.727862764,0,0
NBIX,138.35,1165467.9785110666,0,0
NBN,124.32,110864.82644700001,0,0
NBR,77.28,217045.75089743335,0,0
NBTB,50.22,315243.18799023336,0,0
NBTX,31.5,141952.66904090001,0,0
NCDL,11.68,191218.44522570007,0,0
NCLH,14.8,17301099.718583535,0,0
NCMI,2.3,1064817.2033644665,0,0
NCNO,17.95,2660518.733967433,0,0
NCPL,1.22,41775128.05568532,0,0
NCRA,1.76,2354078.928142501,0,0
NDAQ,91.85,3096692.9424775667,0,0
NDSN,329.53,415948.15843659994,0,0
NE,41.94,1156584.7936307664,0,0
NEE,75.89,11600034.572039304,0,0
NEM,117.09,7693336.542120565,0,0
NEO,18.74,1964559.3181574,0,0
NEOG,12.73,3243581.3497220674,0,0
NEOV,2.54,1773420.4742864666,0,0
NESR,26.49,1865362.4605732665,0,0
NET,352.26,3081775.463753034,0,0
NEU,904.63,118149.28901213333,0,0
NEWP,6.39,812332.2697036999,0,0
NEWT,11.22,262165.50360763335,0,0
NEXA,12.38,818177.787308,0,0
NEXN,8.93,465774.40011,0,0
NEXT,6.34,2475175.6772718,0,0
NFBK,15.31,401817.3335750999,0,0
NFE,6.08,361455.17179763335,0,0
NFG,77.14,693105.8130291667,0,0
NFGC,1.68,1224012.9778870668,0,0
NFLX,70.3,31523608.056621894,0,0
NG,6.57,5754105.172304001,0,0
NGG,74.94,903076.1231648999,0,0
NGL,14.8,198081.1282482,0,0
NGNE,28.39,299532.5000606334,0,0
NGS,31.98,120440.30342313331,0,0
NGVC,30.39,152124.10440366666,0,0
NGVT,71.06,250943.36323630007,0,0
NHC,224.16,106696.33850160002,0,0
NHI,66.66,350176.24427296664,0,0
NHIC,8.64,625059.7435387335,0,0
NI,39.32,5529894.7028142335,0,0
NIC,163.57,150724.27670626665,0,0
NICE,106.81,496131.84372959996,0,0
NIO,3.4,37045398.72324513,0,0
NIQ,17.4,1169878.1157894,0,0
NJR,50.83,673435.7685328666,0,0
NKE,35.84,31333550.892405894,0,0
NKTR,59.24,1086084.6988989334,0,0
NLY,20.32,8766415.9198111,0,0
NMAX,10.85,1181696.7923115005,0,0
NMFC,7.015,427195.6451532001,0,0
NMIH,40.73,539171.8603676667,0,0
NMM,90.99,181599.64836340005,0,0
NMR,9.91,715595.6771698999,0,0
NMRK,12.47,1859539.7702576001,0,0
NN,13.89,2309619.4436891996,0,0
NNBR,3.88,1839319.0349519996,0,0
NNDM,1.58,1662099.4118349664,0,0
NNE,15.79,1801024.1185255006,0,0
NNI,124.03,144078.35618496672,0,0
NNN,41.34,1734094.7233109665,0,0
NOC,504.61,780533.256379967,0,0
NOG,22.74,2166310.7894918667,0,0
NOK,10.36,78867510.75599562,0,0
NOMD,10.51,1541871.6193648004,0,0
NOV,18.98,3232882.4248284665,0,0
NOVT,141.22,351599.42907886655,0,0
NOW,129.94,14825480.478368301,0,0
NP,27.71,488288.85194403335,0,0
NPB,14.83,255373.99778946667,0,0
NPK,146.78,108177.40511963336,0,0
NPKI,11.4,810831.8446803333,0,0
NPO,307.72,155031.48377206663,0,0
NRC,21.05,125179.53924916664,0,0
NRDS,8.54,698900.9159570334,0,0
NRG,97.17,2762630.904855234,0,0
NRGV,3.97,3969536.749210533,0,0
NRIM,24.28,139900.76312710004,0,0
NRIX,23.675,1418126.3735622664,0,0
NRP,110.23,28717.69930193333,0,0
NSA,43.41,1810158.9392406668,0,0
NSC,313,1108393.3245053333,0,0
NSIT,155.64,327618.11004843336,0,0
NSP,46.52,385573.94711453334,0,0
NSSC,35.57,485383.74014670006,0,0
NTAP,209.18,2450544.761274033,0,0
NTB,58.43,162175.91314853338,0,0
NTCT,39,622505.6740003,0,0
NTES,121.82,719187.0294076331,0,0
NTGR,22.04,328382.82975466666,0,0
NTLA,12.03,3913299.3042785665,0,0
NTNX,70.09,2687663.7300555003,0,0
NTR,71.18,2745938.264462933,0,0
NTRA,414.52,1446241.6280464665,0,0
NTRS,172.94,972617.0276727335,0,0
NTSK,17.27,6466009.1617733,0,0
NTST,17.93,1926001.2778020336,0,0
NTWO,10.825,620724.2587524996,0,0
NU,12.35,72257765.06174517,0,0
NUAI,6.76,7588325.430300466,0,0
NUE,236.24,1410823.6860270998,0,0
NUS,4.59,512068.3470118667,0,0
NUTR,9,3442401.875,0,0
NUTX,210.1,151677.79254270002,0,0
NUVB,5.62,4847071.127484034,0,0
NUVL,123.96,4157044.859860467,0,0
NUWE,0.7459,3183765.1935323332,0,0
NVA,5.4,468450.9355319667,0,0
NVAX,10.82,5819196.078272065,0,0
NVCR,15.99,1174508.215486533,0,0
NVCT,20.53,220378.68327420004,0,0
NVDA,227.21,123091575.06792219,0,0
NVEC,111.07,109553.25509666666,0,0
NVGS,22.99,433018.3188666332,0,0
NVMI,385.12,551495.2962062999,0,0
NVO,38.31,12791944.081981136,0,0
NVR,6234.63,38089.18651673334,0,0
NVRI,19.5,324102.5939532666,0,0
NVS,145.71,2226638.8914909,0,0
NVST,23.33,2696219.431166634,0,0
NVT,161.68,2381469.4788462,0,0
NVTS,11.73,12783681.135789435,0,0
NWBI,14.92,1014636.5377839666,0,0
NWE,68.69,435224.13660533336,0,0
NWG,18.26,2866051.1715426007,0,0
NWL,5.32,6258699.559880866,0,0
NWN,47.02,257633.11249393338,0,0
NWPX,102.35,137226.53666236668,0,0
NWS,31.5,1185635.6209913667,0,0
NWSA,28.52,4290648.424759899,0,0
NX,19.13,448432.2608177332,0,0
NXDR,2.45,2164288.544924567,0,0
NXE,9.03,4121022.636230101,0,0
NXPI,236.47,3356499.706113001,0,0
NXRT,19.27,711250.5743814333,0,0
NXST,161.48,370945.59930740006,0,0
NXT,79.31,2119299.6271180334,0,0
NYT,62.32,2844320.269496834,0,0
O,55.14,7212362.617728666,0,0
OABI,4.74,1598797.6614166333,0,0
OBDC,10.81,2987370.6335979,0,0
OBE,10.23,836346.7564134334,0,0
OBIO,6.08,397433.9204129,0,0
OBK,52.75,165523.2719950333,0,0
OC,118.36,1022241.9241880336,0,0
OCC,16,251359.42178523334,0,0
OCFC,16.67,1032052.1642328667,0,0
OCGN,1.09,7169990.269984299,0,0
OCSL,12.1,448508.01877549995,0,0
OCUL,7.87,2870043.3964755004,0,0
ODC,90.76,111308.10120176667,0,0
ODD,17.9,1521791.6189883999,0,0
ODFL,177.46,1736106.246857233,0,0
ODV,2.27,2548575.7917247,0,0
OEC,5.81,420971.41753230017,0,0
OESX,30.425,90605.55274443334,0,0
OFAL,0.5209,7623363.123359799,0,0
OFG,50.47,265477.6150467667,0,0
OFIX,9.75,352569.4402891667,0,0
OFRM,15.81,361982.3917566333,0,0
OGE,45.38,1604353.018825733,0,0
OGN,13.74,2873918.8212929326,0,0
OGS,72.2,552739.8720332333,0,0
OHI,46.54,1893164.9158666665,0,0
OI,5.64,3288753.791676233,0,0
OII,44.22,905279.5122101668,0,0
OIS,8.01,546704.2195958666,0,0
OKE,86.86,3660075.1326872674,0,0
OKLO,37.11,9801154.6908339,0,0
OKTA,204.88,4319829.680985467,0,0
OLB,0.1906,13536577.022924166,0,0
OLED,76.16,764307.5006780665,0,0
OLLI,86.78,1856157.6386427335,0,0
OLMA,8.54,1109817.0504685666,0,0
OLN,15.43,2669430.4916391,0,0
OLOX,0.8202,3505589.2445423333,0,0
OLPX,2.07,7994898.931331767,0,0
OMAB,98.82,107367.87035259999,0,0
OMC,74.14,2910686.1350914324,0,0
OMCL,34.31,607048.4971230999,0,0
OMDA,19.37,1289468.1917559,0,0
OMER,19.25,1584959.9635491997,0,0
OMF,56.35,909118.9365969668,0,0
ON,75.95,9927035.856344867,0,0
ONB,24.84,3831983.2028936,0,0
ONC,365.27,374823.62393653323,0,0
ONCO,0.82,4230110.378454533,0,0
ONDS,7.48,63409380.29093193,0,0
ONIT,29.85,67571.90207523335,0,0
ONON,29.55,10103111.200064166,0,0
ONTF,8.1,609241.8082652667,0,0
ONTO,304.69,856360.2475479,0,0
OOMA,21.29,515005.09721833334,0,0
OPCH,22.81,1980669.7534417668,0,0
OPEN,2.37,30438693.61476266,0,0
OPFI,6.08,853144.4647648331,0,0
OPK,1.62,2765111.3031956675,0,0
OPLN,34.61,1217086.9966159002,0,0
OPRA,17.56,384429.25571973325,0,0
OPRT,8.23,511400.27021086676,0,0
OPTU,1.02,2151992.3511005,0,0
OPTX,7.41,283076.93219256663,0,0
OPY,118.7,119006.32209153331,0,0
OR,34.34,977994.1598891331,0,0
ORA,91.27,872410.0017179333,0,0
ORBS,1.18,15265701.863973599,0,0
ORC,5.77,4709260.809649767,0,0
ORCL,137.79,30184976.774893437,0,0
ORI,38.05,1311156.9790792002,0,0
ORIC,13.37,1330438.718994367,0,0
ORKA,82.15,928053.9066728667,0,0
ORLA,9.44,3252698.2271507005,0,0
ORLY,86.07,5890585.958702801,0,0
ORN,8.41,433019.3844530333,0,0
ORRF,40.87,96440.55955093332,0,0
OS,24,2411943.9269136,0,0
OSBC,24.65,442068.90142063337,0,0
OSCR,29.77,5219802.636402334,0,0
OSG,4.1,504710.71052033326,0,0
OSIS,192.3,304432.76751679997,0,0
OSK,131.68,584453.8394155668,0,0
OSPN,17.82,499447.7170883,0,0
OSRH,0.20759,18991389.863791667,0,0
OSS,8.65,712663.2517302001,0,0
OSUR,3.82,534650.1519874333,0,0
OSW,23.15,982571.3890929001,0,0
OTEX,22.31,1272123.2462401001,0,0
OTF,10.27,2220855.723650733,0,0
OTIS,65.63,4169040.3408067003,0,0
OTLK,0.6257,7496451.874558166,0,0
OTTR,89.15,231772.6159967667,0,0
OUST,40,2260785.6312871664,0,0
OUT,27.99,1640402.1651818333,0,0
OVID,2.54,1682033.5996429003,0,0
OVV,58.83,3247709.421214799,0,0
OWL,9.28,18085102.0446453,0,0
OXLC,9.01,856779.5792675002,0,0
OXM,25.01,519611.5022726333,0,0
OXY,54.94,8264787.907656033,0,0
OZK,46.2,1092628.059948233,0,0
PAA,23.93,2660419.1530292346,0,0
PAAS,46.14,4333318.006923366,0,0
PAC,210.41,129998.62605176665,0,0
PACB,1.83,7292703.8306871345,0,0
PACK,4.37,463410.0350857001,0,0
PACS,42.25,717848.6563849667,0,0
PAG,201.78,339785.66370293335,0,0
PAGP,26.13,1749854.9253867671,0,0
PAGS,8.8,2836355.2134070336,0,0
PAHC,35.45,252319.43620236663,0,0
PAL,3.6,820542.7641123332,0,0
PALI,1.45,3023336.466419567,0,0
PAM,76.84,185138.81969093336,0,0
PANL,8.03,419155.78213849996,0,0
PANW,388.41,6513790.970226566,0,0
PAR,13.51,924864.2567216334,0,0
PARR,78.31,924027.3448983335,0,0
PATH,12.32,59442765.03944295,0,0
PATK,69.12,535233.6386343334,0,0
PAX,10.06,1078412.9688394668,0,0
PAY,30,1224126.9147929666,0,0
PAYC,218.58,721584.3821168666,0,0
PAYO,7.14,2664294.434216966,0,0
PAYP,15.84,733762.9237969,0,0
PAYS,12.85,746520.8618681334,0,0
PAYX,99.31,3045772.8571779653,0,0
PB,66.91,1039558.2520411002,0,0
PBA,44.53,1034060.0280456002,0,0
PBF,75.23,3445521.3548083333,0,0
PBH,46.74,540667.0545861666,0,0
PBI,16.29,1563816.0913554,0,0
PBR,20.65,21784251.64460747,0,0
PBR.A,18.79,7524223.929926099,0,0
PBT,32.22,98142.23504256668,0,0
PBYI,9.78,299787.7301298,0,0
PC,9.4,561335.2142857143,0,0
PCAR,111.8,3106490.311553366,0,0
PCG,12.18,49846361.502860315,0,0
PCLA,6.62,652454.3385889,0,0
PCOR,49.54,2773170.1742935004,0,0
PCRX,25.65,512943.30938296666,0,0
PCSC,11.95,197630.01596946668,0,0
PCT,4.43,4000723.8584685335,0,0
PCTY,142.19,623850.2400289665,0,0
PCVX,56.69,1265078.1292190668,0,0
PD,14.95,1640466.944386333,0,0
PDD,77.5,6766073.956139466,0,0
PDEX,70.02,69109.86884483331,0,0
PDFS,49.77,626670.6356066,0,0
PDM,8.92,1732032.3257461335,0,0
PDS,79.24,93772.56253269999,0,0
PDSB,0.7429,44040665.86058931,0,0
PDYN,5.22,793836.5214677331,0,0
PEB,18.71,2060051.4143463334,0,0
PEBO,38.87,266069.31565776665,0,0
PECO,37.65,976810.1060446333,0,0
PEG,67.68,3084639.3049398,0,0
PEGA,32.97,2135846.2685154337,0,0
PEN,318.86,343779.6060678,0,0
PENG,55.79,1443363.4559817666,0,0
PENN,14.61,2835004.4834517664,0,0
PEP,128.69,8370113.636192966,0,0
PERI,8.6,519890.95317816676,0,0
PESI,15.41,325805.6369122001,0,0
PFBC,106.25,141677.88669050002,0,0
PFE,28.72,33775840.001098566,0,0
PFG,113.97,1324558.4380364667,0,0
PFGC,91.99,1480542.9864645668,0,0
PFIS,68.76,56669.78654373333,0,0
PFLT,7,709814.9925402,0,0
PFS,22.22,814227.0564237334,0,0
PFSA,2.27,5479925.477745901,0,0
PFSI,63.61,535215.5153027333,0,0
PG,148.32,8738093.593701601,0,0
PGC,43.71,129713.06555383331,0,0
PGEN,8.05,4650775.580918732,0,0
PGNY,24.79,1123826.900514,0,0
PGR,210.52,2617500.806002566,0,0
PGY,17.37,2434993.1557742334,0,0
PH,970.37,613888.3947865666,0,0
PHAT,7.36,1187059.2017293002,0,0
PHG,24.77,731346.9503757333,0,0
PHGE,1.85,1894983.5288743668,0,0
PHI,16.95,143601.71108223338,0,0
PHIN,60.42,365609.4442469999,0,0
PHM,118.5,1486720.4684451667,0,0
PHR,10.01,792039.0189040332,0,0
PHVS,31.73,954549.3086548002,0,0
PI,176.45,378899.3158752333,0,0
PICS,8.19,502177.77982739994,0,0
PII,52.54,806429.1848764333,0,0
PINE,17.32,142939.05843550002,0,0
PINS,18.54,13262081.471952865,0,0
PIPR,64.72,669749.9167836999,0,0
PJT,144.84,418218.2421515334,0,0
PK,15.57,3533455.827026932,0,0
PKE,29.6,240288.3226543,0,0
PKG,233.28,584752.1244389998,0,0
PKOH,47.16,70184.55932436668,0,0
PKST,20.99,332815.3483744333,0,0
PKX,56.36,203794.57849256665,0,0
PL,16.38,10403634.929656867,0,0
PLAB,31.07,1392499.4404874332,0,0
PLAG,0.715,3494222.5491391006,0,0
PLAY,6.49,2722821.2255971003,0,0
PLBC,61.57,52566.50798009999,0,0
PLD,132.61,3235529.919295133,0,0
PLMR,123.14,211063.99535676677,0,0
PLNT,40.74,2302197.8231068333,0,0
PLOW,39.85,198981.26276689998,0,0
PLPC,412.76,73952.43932356666,0,0
PLSE,50.89,601143.4279313999,0,0
PLTK,2.15,1321125.4168120997,0,0
PLTR,186.97,27370337.369240735,0,0
PLTS,17.5,675213.6,0,0
PLUG,1.91,50843505.451437674,0,0
PLUS,89.82,216060.39208280004,0,0
PLXS,266.13,221149.40863083338,0,0
PM,193.9,4445509.429815601,0,0
PMAX,0.882,2643479.5316673666,0,0
PMI,4.45,3040414.0008274005,0,0
PMT,8,1585405.718419933,0,0
PMTS,24.77,205979.2507738,0,0
PNC,221.65,1700530.7459582663,0,0
PNFP,93.52,978740.4156753998,0,0
PNR,53.47,3458536.9235647325,0,0
PNRG,199.54,104141.64774796665,0,0
PNTG,40.5,339851.80983103334,0,0
PNW,93.4,1048459.6538622667,0,0
PODD,132.84,1641190.0950663,0,0
POET,7.67,8015883.170262769,0,0
PONY,6.54,4068360.6240686,0,0
POOL,162.52,745603.4181890668,0,0
POR,44.49,1302866.467594433,0,0
POST,73.43,953578.6870938999,0,0
POWI,51.08,809644.6698157665,0,0
POWL,188.46,529639.0910845665,0,0
PPBT,1.52,2660662.7489041667,0,0
PPC,27.27,1482538.3974119327,0,0
PPG,106.02,1557467.0161569335,0,0
PPHC,10.27,239299.3847192667,0,0
PPIH,31.21,95542.39803639996,0,0
PPL,32.58,7163415.976327801,0,0
PPTA,21.53,1031203.0083825667,0,0
PR,21.2,10642526.0069019,0,0
PRA,25,1190858.6670932998,0,0
PRAA,19.44,419934.5574067,0,0
PRAX,281,398379.4288813333,0,0
PRCH,16.57,1358152.9003726665,0,0
PRCT,18.22,1202586.1093611,0,0
PRDO,30.11,639670.7446688333,0,0
PRE,22.84,258267.54019333338,0,0
PRG,31.49,600773.0674513,0,0
PRGO,15,2795604.7020312995,0,0
PRGS,39.44,493349.46612110006,0,0
PRI,275.88,193212.2838338333,0,0
PRIM,74.28,1196520.1497469,0,0
PRK,179.9,105112.9604155,0,0
PRKS,32.18,669638.5046316,0,0
PRLB,95.46,212060.33155663332,0,0
PRLD,3.96,555999.2938938667,0,0
PRM,26.92,1139489.7481401667,0,0
PRMB,19.25,4211737.8633754,0,0
PRME,3.09,3169645.411190466,0,0
PROK,1.63,1547137.0664938001,0,0
PRPO,23.58,154704.31887039996,0,0
PRSU,50.1,221349.46862029994,0,0
PRTA,8.78,416127.6285066,0,0
PRTH,7.79,1537520.1825722002,0,0
PRU,115.06,1575873.7988656664,0,0
PRVA,19.62,1166398.3136201338,0,0
PRZO,0.6257,3447920.3032457335,0,0
PSA,285.58,834508.9196482335,0,0
PSEC,2.12,4221092.642576434,0,0
PSFE,5.87,344790.48468846665,0,0
PSIG,4.6,1388132.9615204998,0,0
PSIX,47.1,357995.70053170004,0,0
PSKY,9.99,18467637.2494452,0,0
PSMT,170.38,214984.7312789,0,0
PSN,41.55,1104280.0070021334,0,0
PSNL,16.35,3232818.5422773333,0,0
PSO,15.96,621244.5661992668,0,0
PSTG,67.8,2616627.4472558335,0,0
PSTL,23.29,365216.69961126655,0,0
PSX,252.25,3166789.5471133,0,0
PTC,137.56,1507322.540611033,0,0
PTCT,64.96,1088974.2243608332,0,0
PTEN,10.55,8087997.261771868,0,0
PTGX,140.97,627933.4330585668,0,0
PTLO,3.55,1351325.3092153,0,0
PTNM,10.39,1321794,0,0
PTON,5.04,8523895.328545868,0,0
PTRN,16.89,1590355.9801152667,0,0
PUBM,18.8,683534.4007622001,0,0
PUK,25.23,1059739.1517760667,0,0
PUMP,8.88,3563767.599650034,0,0
PURR,11.92,28335391.24568914,0,0
PVH,75.74,1016505.3591341334,0,0
PVLA,139,210579.89566526667,0,0
PWP,16.37,1659258.7968620337,0,0
PWR,651.79,961347.8900932334,0,0
PXED,25.38,80106.49212193333,0,0
PYPL,53.89,13002604.872090869,0,0
PYXS,2.9,810988.1283308002,0,0
PZZA,20.33,1359876.2269116996,0,0
Q,125.61,1686697.3568281333,0,0
QBTS,16.43,16177822.245675033,0,0
QCLS,0.8933,10139307.726369532,0,0
QCOM,184.1,13391853.098183298,0,0
QCRH,99.02,123583.15190206667,0,0
QDEL,10.595,1370895.7964096337,0,0
QFIN,6.76,2851207.6577575,0,0
QGEN,44.4,2421354.3395792,0,0
QLYS,178.35,677068.7608701665,0,0
QMCO,32.86,1483843.2555023,0,0
QMMM,119.4,2905730.5172413792,0,0
QNRX,4.88,1125394.301458767,0,0
QNST,14.44,1018408.8184082,0,0
QRVO,116.75,1255382.7560807664,0,0
QS,4.59,13573781.042210203,0,0
QSI,0.9581,2778630.948037534,0,0
QSR,71.48,3120273.7805670006,0,0
QTRX,3.67,799346.4005654667,0,0
QTTB,9.53,607394.8347803666,0,0
QTWO,55.12,615432.1530165,0,0
QUAD,9.3,365123.52623556665,0,0
QUBT,8.46,7160432.248557934,0,0
QUIK,11.19,237848.87709113336,0,0
QURE,24.51,2263199.255826333,0,0
QXO,11.62,16840520.079282362,0,0
R,230.87,254815.10958306666,0,0
RAAQ,13.42,645195.9686543333,0,0
RACE,402.05,374614.736305,0,0
RAIN,0.791,2538430.453872033,0,0
RAL,69.98,1354226.0029090669,0,0
RAMP,37.65,1229384.0584194001,0,0
RAPP,33.02,416072.61796013336,0,0
RARE,15.32,5593962.158532833,0,0
RBA,81.39,1808002.9353756667,0,0
RBB,26.11,94121.1009445333,0,0
RBC,501.94,311776.6933466667,0,0
RBCAA,92.38,108028.40853756668,0,0
RBLX,41.18,11287549.272324134,0,0
RBRK,114.77,3576428.7202002346,0,0
RCAT,6.45,7933746.173454965,0,0
RCEL,11.96,350654.9360296001,0,0
RCI,30.87,1109410.1631956,0,0
RCKT,2.59,1673083.6732485662,0,0
RCKY,45.44,50700.089028366674,0,0
RCL,260.67,2577811.175305233,0,0
RCMT,41.2,83165.93896750001,0,0
RCUS,25.65,1538627.9611670335,0,0
RDAC,5.22,1488204.2754568,0,0
RDDT,145.36,4883384.327153001,0,0
RDIB,15.92,351735.517345,0,0
RDN,32.75,1135976.6804021334,0,0
RDNT,70.65,699643.539421,0,0
RDVT,79.32,215902.81815573332,0,0
RDW,10.73,12438099.546507567,0,0
RDWR,29.25,311789.2624325,0,0
RDY,12.85,2847615.0285105333,0,0
REAL,8.79,2622965.2795309,0,0
REAX,16.42,1008214.0450128332,0,0
REFI,10.7,212983.30017593334,0,0
REFR,0.6987,3446453.7931565666,0,0
REG,72.66,1274875.4023944,0,0
REGN,750.51,711002.3338344999,0,0
REI,1.29,3860636.782195433,0,0
RELL,17.3,135110.6072287333,0,0
RELX,33.24,1987195.5561125998,0,0
RELY,21.47,3971536.7724480336,0,0
REPL,13,2261348.736375034,0,0
REPX,39.79,336888.70851659996,0,0
RERE,3.8,953608.9417765002,0,0
RES,5.64,1799244.2689306666,0,0
RETO,0.142,42618030.9613059,0,0
REX,42.59,211770.44321383332,0,0
REXR,37.4,2655548.2807341334,0,0
REYN,22.07,1562765.0399077663,0,0
REZI,18.12,2239768.322087334,0,0
RF,26.89,8325709.682206068,0,0
RFAI,39.4,151673.92440013328,0,0
RFIL,7.81,264350.8206576,0,0
RGA,252.94,319175.91079166677,0,0
RGEN,194.57,1071703.5248917332,0,0
RGLD,238.93,684932.7126093666,0,0
RGNX,7.45,1429528.6376232668,0,0
RGR,42.18,184875.6070324333,0,0
RGTI,15.74,16832407.091819566,0,0
RH,122.21,819858.6358436334,0,0
RHI,36.88,1948412.9122240667,0,0
RHLD,120.17,150327.32125906664,0,0
RHP,122.08,585780.9052534333,0,0
RIG,5.21,41770003.1233621,0,0
RIGL,48.89,266937.9888056333,0,0
RILY,4.92,566838.8660251333,0,0
RIO,94.16,1954645.8358381668,0,0
RIOT,21.39,16563694.590929704,0,0
RITM,9.12,5203454.441939534,0,0
RITR,0.115,93121357.80086611,0,0
RIVN,14.97,21841823.765883967,0,0
RJF,159.85,1294458.0666432,0,0
RKLB,69.7,18345482.029828135,0,0
RKT,11.69,30418911.804907627,0,0
RL,355.92,664853.5549388,0,0
RLAY,18.36,3265927.219329633,0,0
RLGT,8.78,317092.6033528,0,0
RLI,56.48,645726.5274595666,0,0
RLJ,11.06,1659320.898250533,0,0
RLMD,3.73,1132665.4538120334,0,0
RLX,1.7,4373990.4815340005,0,0
RM,30.57,77496.35674066668,0,0
RMAX,12.36,585174.8706120667,0,0
RMBS,103.12,2460879.1315924004,0,0
RMD,222.83,1321890.1357324002,0,0
RNA,8.42,342548.02854266664,0,0
RNG,74.43,1540293.6881687003,0,0
RNGR,15.04,175684.81040536662,0,0
RNR,324.53,282959.63160630007,0,0
RNST,39.34,654373.2394107,0,0
RNW,6.85,2103489.6527788336,0,0
ROAD,91.9,572798.2226196,0,0
ROCK,40.01,309100.5254795,0,0
ROG,138.17,210410.1994945333,0,0
ROIV,36.5,9079594.010419002,0,0
ROK,431.53,674704.7095898668,0,0
ROKU,152.14,2100546.5588429333,0,0
ROL,30.5,6252366.170384533,0,0
ROOT,46.02,209290.69412586666,0,0
ROP,349.45,783527.6463583334,0,0
ROST,234.4,2470871.384134067,0,0
RPC,7.35,533476.6347559333,0,0
RPD,11.705,1864987.261314467,0,0
RPM,99.97,1383987.5809682994,0,0
RPRX,58.22,2975743.3143540006,0,0
RR,1.59,5368695.410153435,0,0
RRBI,99.86,61751.622182666666,0,0
RRC,36.88,2586302.288300167,0,0
RRGB,7.65,298169.12640766666,0,0
RRR,48.85,1018946.6993499001,0,0
RRX,155.89,1209733.1651165998,0,0
RS,387.19,325612.6837304,0,0
RSG,211.92,1588980.623378767,0,0
RSI,19.66,3102638.459949967,0,0
RSKD,7.71,2274487.8202550663,0,0
RTAC,10.43,230717.46212673324,0,0
RTO,20.05,1737606.3018378997,0,0
RTX,186.94,4105613.031555167,0,0
RUM,7.72,5424597.499928234,0,0
RUN,7.72,7498737.007874068,0,0
RUSHA,46.285,617592.9941578999,0,0
RUSHB,54.52,182767.38181839997,0,0
RVLV,21.27,844693.4046519,0,0
RVMD,204.48,2037590.8733276997,0,0
RVTY,152.77,1994793.7997477672,0,0
RWAY,6.72,381234.7057073665,0,0
RWT,3.85,5979077.942274699,0,0
RXO,20.71,1625566.3582291668,0,0
RXRX,4.03,19151328.2450028,0,0
RXST,4.77,836130.2392607668,0,0
RXT,3.94,7094282.929289299,0,0
RY,199.8,1157974.3368165335,0,0
RYAAY,55.49,1455081.2417839332,0,0
RYAM,8.01,771758.3084508334,0,0
RYAN,37.85,1830142.0634620003,0,0
RYN,18.58,3607445.2703330335,0,0
RYTM,95.71,594849.7254857334,0,0
RYZ,23.79,462977.9673654,0,0
RZLT,4.09,1576066.1396484,0,0
RZLV,2.12,17805641.201732468,0,0
S,23.31,8860772.9956989,0,0
SA,28.73,691458.1555868,0,0
SABR,2.13,4946428.840673801,0,0
SAFE,12,427734.71410116664,0,0
SAFT,103.63,129915.614411,0,0
SAH,59.85,299312.81652043335,0,0
SAIA,336.32,359513.9229629,0,0
SAIC,128.21,492617.3250674334,0,0
SAIL,20.67,4520446.130319733,0,0
SAM,162.49,235018.35410389997,0,0
SAN,14.19,13510236.238981165,0,0
SANA,2.91,3529313.445219634,0,0
SANM,222.73,607769.0045325332,0,0
SAP,210.85,2073510.7907598002,0,0
SAR,17.03,134564.38703410004,0,0
SARO,21.75,3638286.7085383995,0,0
SATL,5.6,4889587.6475036675,0,0
SATS,103.915,11020078.593765233,0,0
SB,8.3,1445066.6181524333,0,0
SBAC,162.81,885671.8338533002,0,0
SBCF,32.37,811696.6832387664,0,0
SBET,9.46,9822647.794293435,0,0
SBEV,0.4715,8585281.226643065,0,0
SBGI,12.76,422080.92333856673,0,0
SBH,16.46,1200350.307105333,0,0
SBLK,29.2,1833155.616341767,0,0
SBLX,3.4399,3193479.6989406,0,0
SBR,70.11,30627.379225466666,0,0
SBRA,19.78,2288275.073885567,0,0
SBS,5.18,9179003.661242567,0,0
SBSI,30.35,128489.89290299999,0,0
SBSW,10.19,5769472.243644833,0,0
SBUX,95.43,6668503.589949265,0,0
SCCO,202.55,1102114.4260962,0,0
SCHL,34.8,416896.55486449995,0,0
SCHW,99.1,8385140.450310267,0,0
SCI,76.83,856115.8417920333,0,0
SCL,62.19,139744.6466902,0,0
SCNI,1.41,2279526.595216334,0,0
SCSC,57.85,305285.8423891,0,0
SCVL,17.43,495804.41451910004,0,0
SCZM,8.975,502466.0494474999,0,0
SD,13.42,355383.8189901999,0,0
SDGR,30.33,1861749.1005940665,0,0
SDM,1.85,2807072.724137931,0,0
SDOT,10.32,1915490.4773625329,0,0
SDRL,44.57,556998.4247525,0,0
SDST,0.1079,33689159.0452477,0,0
SE,98.62,3575803.1829080996,0,0
SEB,4055.45,15901.909842499996,0,0
SEDG,31.52,3091968.048287766,0,0
SEE,42.15,3166079.9392810003,0,0
SEI,68.34,2749439.9664501334,0,0
SEIC,103.35,821721.5362375666,0,0
SELX,0.34,6586446.9522135,0,0
SEM,16.51,3090641.7663291,0,0
SEMR,12,1026336.0735855004,0,0
SENEA,181.36,90868.75625393333,0,0
SENS,10.05,719255.7736504668,0,0
SEPN,39.13,344123.2356929333,0,0
SERV,4.63,3361929.974534433,0,0
SES,0.5343,16741988.001454866,0,0
SEZL,107.97,467209.9739329334,0,0
SF,69.7,1274539.9969687,0,0
SFBS,40.08,627473.6199628669,0,0
SFD,19.01,1936227.4755915666,0,0
SFIX,2.53,2759092.0671156663,0,0
SFL,13.06,1474679.415964,0,0
SFM,64.65,1905162.7939114333,0,0
SFNC,22.52,1264957.397101467,0,0
SFST,59.55,97172.15652813335,0,0
SG,8.74,5084110.361471033,0,0
SGHC,11.6,2481419.6913567334,0,0
SGHT,9.35,224537.1961884334,0,0
SGI,62.26,3656454.419685266,0,0
SGML,9.71,1934564.5236466331,0,0
SGMT,9.33,1114130.8067375664,0,0
SGP,25.44,123031.9747277,0,0
SGRY,14.41,2626384.086362866,0,0
SHAK,57.88,1258863.7520938334,0,0
SHAZ,54.17,1550805.9473408337,0,0
SHBI,22.48,183501.5021747667,0,0
SHC,18.6,2032491.8041171997,0,0
SHEL,95.14,6152129.975030432,0,0
SHEN,11.33,887215.3865596,0,0
SHG,81.79,150312.87841256667,0,0
SHIP,16.425,394862.0101859334,0,0
SHLS,7.77,4641134.035664366,0,0
SHMD,4.49,1314657.7855483,0,0
SHO,11.3,2035601.0247159335,0,0
SHOO,45.14,1040763.1086036332,0,0
SHOP,148.26,9109553.224003833,0,0
SHW,330.44,1673993.3553184334,0,0
SI,18.79,118585.91109543333,0,0
SIBN,19.15,581601.9849878667,0,0
SID,1.02,6807841.963227536,0,0
SIDU,1.83,3505480.1263583344,0,0
SIG,104.32,1005336.4625802668,0,0
SIGA,3.44,710795.0311054,0,0
SIGI,84.63,436651.5182626,0,0
SII,120.25,149622.3813744667,0,0
SILA,30.36,862547.9280707669,0,0
SILC,51.37,169692.66458063334,0,0
SIMO,276.16,780823.4542901334,0,0
SION,5.15,1515001.7616718332,0,0
SIRI,25.76,3920820.2076129005,0,0
SITC,3.11,948097.3680194,0,0
SITE,89.93,893966.0996881332,0,0
SITM,651.43,420287.9486283667,0,0
SJM,120.7,1397246.026456333,0,0
SKE,30.18,511320.06419146655,0,0
SKLZ,8.84,452144.71446033346,0,0
SKM,35.91,1424352.7170412333,0,0
SKT,34.86,841577.3681888666,0,0
SKWD,53.48,386640.13324416673,0,0
SKY,86.69,574264.5335882,0,0
SKYQ,2.5,3040815.950079,0,0
SKYT,32.46,844850.2738906334,0,0
SKYW,98.9,325151.64253886667,0,0
SLAB,221.17,299879.2571312667,0,0
SLB,49.87,13642243.1897733,0,0
SLDB,7.16,1147158.8937358,0,0
SLDE,22.5,1268778.3661991665,0,0
SLDP,2.27,2759833.892764266,0,0
SLE,5.64,2025574.9703097665,0,0
SLF,79.06,894695.0542515998,0,0
SLG,49.02,811333.2562210335,0,0
SLGL,72.25,57954.04154703333,0,0
SLGN,35.09,1200054.0507785666,0,0
SLI,1.8,1881380.6381772666,0,0
SLM,22.89,1879583.0077825666,0,0
SLN,10.8,784734.7909328998,0,0
SLND,0.69,8575605.572635267,0,0
SLNH,1.17,8110569.193367498,0,0
SLNO,53.01,5284056.4999027345,0,0
SLP,18.48,177292.11663253335,0,0
SLRC,11.71,361881.3758056333,0,0
SLS,11.51,7122967.725073699,0,0
SLVM,34.02,267912.92054183333,0,0
SLXN,0.3184,20000472.699118566,0,0
SM,33.11,3983173.4577103658,0,0
SMA,32.35,771256.1571933668,0,0
SMBC,70.95,93958.13631303335,0,0
SMBK,49.54,110625.91384416666,0,0
SMCI,41.02,38438720.41352694,0,0
SMFG,26.02,1343797.7752109328,0,0
SMG,49.5,984304.4847791999,0,0
SMJF,2.57,1562909.7557882667,0,0
SMMT,16.39,6866590.721387266,0,0
SMP,37.5,189165.96330663326,0,0
SMPL,9.61,2137457.5895971335,0,0
SMR,7.76,37788296.9868545,0,0
SMTC,180.1,3587218.1671349322,0,0
SMTI,35.09,241095.57095283325,0,0
SMWB,7.69,670101.9078270334,0,0
SN,182.44,1892916.2022382997,0,0
SNA,367.08,281530.4935182,0,0
SNAP,5.34,33651709.99604557,0,0
SNBR,0.125,49856073.8654236,0,0
SNCY,16.17,693387.7411926335,0,0
SNDA,37.61,458780.0188145667,0,0
SNDK,1729.76,10687409.868574169,0,0
SNDR,31.98,638672.2221102666,0,0
SNDX,18.235,1602901.3231675667,0,0
SNEX,65.25,838245.0930219332,0,0
SNN,26.95,1675114.4474444336,0,0
SNOW,330.31,5024214.826048134,0,0
SNPS,415.09,1931248.705203067,0,0
SNX,258.19,890991.0207970333,0,0
SNY,40.74,2355553.0780149666,0,0
SNYR,0.2744,37066677.0838052,0,0
SO,83.45,6113721.753436065,0,0
SOAR,0.39,84235240.54551904,0,0
SOBO,33.26,684367.4684463999,0,0
SOC,3.4,8822242.369223934,0,0
SOFI,15.91,43755572.12500209,0,0
SOLS,56.01,2843202.2745352,0,0
SOLV,89.32,903819.8352345334,0,0
SON,49.61,1123464.6829048,0,0
SONO,17.85,1803399.9929218334,0,0
SONY,23.37,3633959.9287879993,0,0
SOPH,8.3,660733.2473318999,0,0
SOUN,5.84,21703489.97148517,0,0
SPB,80.63,298383.3134600667,0,0
SPCE,3.04,5627155.733556335,0,0
SPFI,41.8,113792.25588736667,0,0
SPG,204.28,1198064.0385578335,0,0
SPGI,392.45,1842982.2632012668,0,0
SPH,16.61,205906.00950879997,0,0
SPHR,134.3,578055.9845417666,0,0
SPIR,11.15,619751.8154402333,0,0
SPNT,24.84,896112.7674713001,0,0
SPOT,493.66,1540290.9085185332,0,0
SPRB,47.27,101387.39546936666,0,0
SPRY,4.4,1471576.3979603334,0,0
SPSC,82.15,498097.72743363323,0,0
SPT,9.41,1246702.0139582334,0,0
SPWR,0.3005,13804272.939943466,0,0
SPXC,170.63,509991.63297286665,0,0
SQM,66.08,1019909.5575167333,0,0
SR,76.77,536816.2624968666,0,0
SRAD,11.56,2158373.4982607667,0,0
SRCE,84.91,101984.50557186664,0,0
SRE,78.18,3928064.538247267,0,0
SRFM,1.2,5705338.424364434,0,0
SRPT,18.64,3021094.345585167,0,0
SRRK,47.75,1888178.8975511333,0,0
SRTA,5.1,809606.4353145334,0,0
SRZN,31.98,634123.0642167666,0,0
SSB,100.09,654545.5890094,0,0
SSD,173.99,277588.93751166656,0,0
SSL,13.85,1775344.7195850334,0,0
SSM,1.13,3028075.378521701,0,0
SSNC,77.59,1553929.995216467,0,0
SSRM,33.94,2507935.992363266,0,0
SSSS,12.54,306131.5531713,0,0
SST,2.7,981487.5177761666,0,0
SSTI,8.21,279035.03277946665,0,0
SSTK,4.02,934425.2624493332,0,0
SSYS,8.51,791158.8472253332,0,0
ST,41.91,1362278.1639936666,0,0
STAA,22.43,1012610.5531021334,0,0
STAG,36.89,1637654.3582680668,0,0
STAK,1.11,2142407.4657947333,0,0
STBA,48.76,268799.7916302333,0,0
STC,56.76,242679.6023617,0,0
STE,210.65,634085.3167665999,0,0
STEL,39.32,637890.9066214,0,0
STEP,43.15,1008247.6339870333,0,0
STGW,8.18,1167132.7433587334,0,0
STIM,2.36,1180862.5654536,0,0
STKL,6.5,1053708.1204907,0,0
STLA,4.43,23299976.432242166,0,0
STLD,221.9,1158643.2712522666,0,0
STM,53.24,8268852.359927901,0,0
STN,67.24,334232.06283706677,0,0
STNE,9.28,5752031.517986967,0,0
STNG,83.57,881361.9255187665,0,0
STOK,25.88,911018.0271893666,0,0
STRA,75.78,280689.6988245667,0,0
STRL,504.94,541763.4201091666,0,0
STRO,16.1,284633.8038284999,0,0
STRT,66.55,92830.62111253336,0,0
STRZ,22.18,299257.1637154334,0,0
STT,177.78,1792206.6153993332,0,0
STTK,6.54,1093557.6341167332,0,0
STUB,5.31,6613676.122880335,0,0
STVN,21.2,362922.31671816664,0,0
STWD,14.36,4222604.939439933,0,0
STX,913.45,3687195.3986436664,0,0
STZ,112.77,2128019.7429087334,0,0
SU,67.51,4174256.086348367,0,0
SUGP,0.5146,10976947.669389002,0,0
SUI,111.89,1736782.057778233,0,0
SUN,72.61,567616.0349096,0,0
SUNB,73.78,6969706.793889933,0,0
SUNC,73.08,501116.9730585332,0,0
SUNE,2.31,5330865.292787666,0,0
SUPN,43.97,615060.3192722665,0,0
SUPV,6.96,569432.6299987666,0,0
SUPX,7.06,769206.5283413331,0,0
SURG,0.1507,19006396.231291834,0,0
SUUN,1.335,2192737.7843505996,0,0
SUZ,8.52,3190845.564200801,0,0
SVAC,9.12,540794.4079294334,0,0
SVC,6.37,1496596.427698766,0,0
SVCO,8.45,368355.8363688999,0,0
SVM,10.83,2105377.509870233,0,0
SVRA,5.08,1726547.846363767,0,0
SVRN,67.33,166658.1523085667,0,0
SVV,9.39,1308862.9054827995,0,0
SW,44.38,4417062.761382668,0,0
SWBI,14.06,639576.2660525,0,0
SWIM,6.14,793839.0865842,0,0
SWK,88.79,1634876.8860888665,0,0
SWKS,88.04,6980493.014697633,0,0
SWMR,16.37,812015.8639039,0,0
SWVL,4.27,3088524.5826884,0,0
SWX,82.24,653224.0295675334,0,0
SXC,9.33,1040636.6975247003,0,0
SXI,273.35,126697.49499036669,0,0
SXT,128.72,324330.2081502666,0,0
SXTC,2.81,1147500.7360911672,0,0
SY,2.71,858164.2673403999,0,0
SYBT,77.25,150155.17103389994,0,0
SYF,71.72,3184023.2935645664,0,0
SYK,278.77,2866338.9237154336,0,0
SYM,41.51,1651046.6377586003,0,0
SYNA,100.79,668730.1823006332,0,0
SYRE,84.72,1251380.7827147667,0,0
SYY,78.49,3810222.139882366,0,0
T,24.48,35081526.3525498,0,0
TAC,11.79,1926306.6091133663,0,0
TAK,18.51,2281016.3862702674,0,0
TAL,11.73,4870464.718581832,0,0
TALK,5.25,1783559.805788467,0,0
TALO,16.21,2002793.1952253005,0,0
TAP,36.01,4592456.1907096,0,0
TARA,3.21,708056.6635725332,0,0
TARS,76.69,743770.0969577002,0,0
TASK,8.23,501586.54796499986,0,0
TATT,35.42,121252.78964460004,0,0
TAYD,62.95,50466.28204289999,0,0
TBBB,52.4,719554.7256900667,0,0
TBBK,48.56,540237.2776598,0,0
TBCH,12.79,355590.2562171333,0,0
TBI,9.32,272764.5883711334,0,0
TBLA,3.41,2073680.8694957993,0,0
TBN,33.02,144669.4056857,0,0
TBPH,17.03,913837.3271105667,0,0
TBRG,26.24,282383.50698383333,0,0
TCBI,93.31,492931.29705463327,0,0
TCBK,51.54,262504.8684594333,0,0
TCBX,42.6,105252.05614006672,0,0
TCGL,172.84,1375278.8666666667,0,0
TCI,44.18,60404.9412120667,0,0
TCMD,22.53,306473.86739220005,0,0
TCOM,38.64,3651788.888293366,0,0
TCPC,4.08,734317.4233703334,0,0
TD,119,1813926.8549753327,0,0
TDAY,6.3,2253111.1642131344,0,0
TDC,28.69,1717591.3173266,0,0
TDG,1099.79,384568.87077860005,0,0
TDIC,2.17,1493998.850594567,0,0
TDOC,5.75,3366485.776388633,0,0
TDS,34.16,1363116.0976445,0,0
TDUP,2.19,2225730.221423866,0,0
TDW,81.14,583620.0374586,0,0
TDY,605.59,269306.43055983336,0,0
TE,3.77,19952333.568959065,0,0
TEAM,175.96,3717749.2497215,0,0
TECH,72.38,2836179.6308952663,0,0
TECK,64.85,2998286.4051347673,0,0
TECX,23.34,242237.8124800667,0,0
TEL,212.59,2024307.4899612,0,0
TEM,82.58,8298315.775592201,0,0
TEN,47.17,436320.18779276666,0,0
TENB,34.99,4781922.219817999,0,0
TENX,1.84,5548354.177002033,0,0
TEO,12.15,289214.7875964333,0,0
TER,403.02,2490034.6260011,0,0
TERN,52.97,9577102.207471034,0,0
TEVA,39.81,5158617.256214965,0,0
TEX,53.37,1025505.0531668668,0,0
TFC,46.44,6958139.358850033,0,0
TFII,121.84,212083.7645843333,0,0
TFIN,60.13,203367.68716193334,0,0
TFPM,31.05,536710.1120355001,0,0
TFSL,16.3,757412.5298309999,0,0
TFX,126.32,735565.0675196666,0,0
TGB,8.88,5372831.394894068,0,0
TGLS,34.75,280030.155862,0,0
TGS,25.73,220743.0644412,0,0
TGT,156.43,4118153.1652884004,0,0
TGTX,56.19,1915547.5975970335,0,0
TH,19.28,2025048.2160724,0,0
THC,257.6,788364.5982746999,0,0
THFF,74.26,117036.05750870002,0,0
THG,217.96,304354.83393389994,0,0
THM,2.54,804465.5051691,0,0
THO,70.16,740805.7698631332,0,0
THR,61.14,741428.1547155665,0,0
THRM,33.92,366673.2899416334,0,0
TIC,8.46,1446604.1807373331,0,0
TIGO,91.74,880868.1236782002,0,0
TIGR,4.55,2312960.3410226335,0,0
TILE,34.94,490507.17954486667,0,0
TIMB,17.86,515633.9003847333,0,0
TIPT,17.2,212755.62787383335,0,0
TITN,23.48,284902.73275213334,0,0
TJGC,34.795,1540282.4025055666,0,0
TJX,133.8,9232967.533728233,0,0
TK,14.11,584535.2903604002,0,0
TKC,5.08,2280634.364844733,0,0
TKNO,9.08,240323.2619375333,0,0
TKO,177.58,1107089.9253723,0,0
TKR,117.26,907767.7777311667,0,0
TLK,13.2,671241.0064655666,0,0
TLN,314.84,832430.6856583332,0,0
TLRY,3.95,3526293.8333274666,0,0
TLS,4.04,666488.4194497666,0,0
TLX,11.34,377678.6342352333,0,0
TLYS,4.79,1045040.6978023001,0,0
TM,186.71,324705.06885863334,0,0
TMC,3.74,5985173.0984725,0,0
TMDX,84.07,695806.3725055334,0,0
TME,7.96,9205149.466693966,0,0
TMHC,72.45,3391723.257100767,0,0
TMO,679.61,2074896.2295374998,0,0
TMP,96.96,117144.80713246667,0,0
TMQ,3.1,1213735.223027833,0,0
TMUS,162.98,4817192.404471699,0,0
TNC,67.35,193151.35534033334,0,0
TNDM,16.57,1903480.0014037667,0,0
TNET,62.71,324753.90841876675,0,0
TNGX,24.42,2706428.558754401,0,0
TNK,96.81,523598.6018518667,0,0
TNL,63.98,693370.0271426332,0,0
TNMG,4.19,2318492.6298117,0,0
TNON,2.73,11530890.631213395,0,0
TNXP,9.65,458834.45448636654,0,0
TOI,5.13,1926226.762932467,0,0
TOL,135.88,1066402.7526188667,0,0
TOPS,0.6233,6109173.624653901,0,0
TOST,30.46,8405625.829839863,0,0
TOWN,35.82,522499.59851619997,0,0
TOYO,4.26,758433.4491463997,0,0
TPB,60.08,350185.9680811333,0,0
TPC,84.4,434805.0885891666,0,0
TPG,43.5,2534531.3559464,0,0
TPH,46.98,2316448.4401686336,0,0
TPL,328.7,390335.39225479995,0,0
TPR,114.12,3322603.588451734,0,0
TPST,0.8103,5160315.8376058,0,0
TR,38.01,164084.295101,0,0
TRC,16.36,163093.526885,0,0
TREE,24.35,412212.12531626655,0,0
TREX,44.06,1483340.9809808999,0,0
TRGP,273.49,1247559.1791034,0,0
TRI,96.24,1669816.9381626337,0,0
TRIN,17.76,862860.9028823,0,0
TRIP,8.4,3997386.2189866994,0,0
TRMB,57.34,3267990.5301725995,0,0
TRMD,36.15,1604813.0965478667,0,0
TRMK,45.24,361916.3515645667,0,0
TRN,26.71,617669.8360582332,0,0
TRNO,66.25,719941.2367625,0,0
TRNS,87.57,109081.70746276667,0,0
TROW,104.51,1389248.1796089667,0,0
TROX,3.99,2242083.3959542,0,0
TRP,58.26,2769601.6489352006,0,0
TRS,39.3,344184.02414806676,0,0
TRST,54.58,149349.33642136666,0,0
TRT,6.62,333377.9638121,0,0
TRTX,6.34,945366.1985180666,0,0
TRU,64.29,2316424.151376967,0,0
TRUG,2.96,3579111.2581795994,0,0
TRUP,23.61,448213.9967829333,0,0
TRV,363.21,1480683.642547267,0,0
TRVI,14.42,1551914.0084512332,0,0
TRX,1.24,3583598.5359808337,0,0
TS,55.05,1216749.8534495002,0,0
TSAT,45.81,148056.81154413338,0,0
TSCO,31.51,8833989.945380202,0,0
TSEM,234.43,1735739.8655507665,0,0
TSHA,4.99,3425195.1495560003,0,0
TSLA,352.84,38255314.96324109,0,0
TSLX,18.34,404290.7631036668,0,0
TSM,456.94,9787028.967103066,0,0
TSN,50.98,3512162.5498649,0,0
TSSI,9.82,934381.7395432667,0,0
TT,455.59,1060736.4746553667,0,0
TTAM,13.76,258014.81481490002,0,0
TTAN,63.52,3315454.8513664003,0,0
TTC,97.42,924836.5465135666,0,0
TTD,12.05,22885525.645583197,0,0
TTE,87.71,1573649.2622711333,0,0
TTEK,33.7,2360082.1464824663,0,0
TTI,5.81,1925292.8705122,0,0
TTMI,122.8,2087528.1062637004,0,0
TTWO,202.78,2679595.674380767,0,0
TU,8.16,6151723.735007167,0,0
TURB,1.14,3486132.8026473993,0,0
TV,2.35,1423552.105678067,0,0
TVA,10.57,389961.29242693336,0,0
TVTX,59.99,1438155.503425633,0,0
TW,100.61,1280314.9185668337,0,0
TWFG,24.17,178422.04896893332,0,0
TWI,6.93,595201.6627168,0,0
TWIN,26.45,98482.89172013334,0,0
TWLO,290.78,2213266.5057759,0,0
TWO,12.18,3589085.1873486997,0,0
TWST,186.13,2020163.5546298996,0,0
TX,53.45,494235.6581971332,0,0
TXG,90.04,2959938.1260691006,0,0
TXN,281.69,5911063.073319898,0,0
TXNM,58.5,1568514.3791413335,0,0
TXRH,157.21,970716.8015881665,0,0
TXT,77.63,1757338.8705070666,0,0
TYL,316.26,905218.7212663665,0,0
TYRA,21.98,1069097.959231333,0,0
U,39.72,10112092.273835666,0,0
UA,4.22,2478864.1910294998,0,0
UAA,4.27,8633807.228126433,0,0
UAL,112.65,3625216.9042613,0,0
UAMY,4.18,5979692.260722533,0,0
UAN,123.71,32350.68279533333,0,0
UBER,69.36,17417636.467336804,0,0
UBS,48.78,2032235.1040992,0,0
UBSI,46.15,1012122.1158661001,0,0
UBXG,5.03,2369732.6560919345,0,0
UCB,33.6,779444.1925481666,0,0
UCFI,5.51,5441353,0,0
UCTT,80.46,823855.0594876001,0,0
UDMY,4.685,1470883.5218224002,0,0
UDR,33.95,3721274.0428592335,0,0
UE,19.78,813313.2964252331,0,0
UEC,9.29,9202832.051056365,0,0
UFCS,53.525,152683.8473416,0,0
UFPI,78.77,425535.55133426667,0,0
UFPT,296.92,116401.09473169997,0,0
UGI,36.15,2475984.0946004326,0,0
UGP,7.34,3425068.0947326324,0,0
UHAL,60.88,141923.97083979996,0,0
UHAL.B,53.45,282063.1412895,0,0
UHS,175.73,743266.5727012333,0,0
UHT,38.01,110899.37915616666,0,0
UI,559.32,179904.8676128333,0,0
UL,61.24,3455057.5146134673,0,0
ULCC,6.095,2480403.3677551,0,0
ULS,64.92,759377.8444591333,0,0
ULTA,547.89,637033.1771274667,0,0
UMAC,24.94,3073860.4679122004,0,0
UMBF,131.84,593460.0229694999,0,0
UMC,24.72,11530736.035409365,0,0
UMH,15.47,706292.9794916335,0,0
UNCY,4.55,820164.3008871999,0,0
UNF,254.54,325313.1796602667,0,0
UNFI,45.47,657968.4507081334,0,0
UNH,374.94,4773631.1649534,0,0
UNIT,8.57,1973177.0041582,0,0
UNM,88.24,1776830.8982094666,0,0
UNP,274.15,2484028.499718367,0,0
UNTY,54.84,56920.65979963333,0,0
UPB,5.19,587046.9933400335,0,0
UPBD,15.62,852305.3972235668,0,0
UPS,93.93,4540861.387314132,0,0
UPST,23.14,4367098.909049833,0,0
UPWK,8.1,2627796.0049279,0,0
UPXI,1.15,4891430.8540231995,0,0
URBN,75.64,1234929.1189242664,0,0
URG,1.11,6294244.208581401,0,0
URGN,40.45,801306.775798,0,0
URI,1014.54,454085.65678063326,0,0
UROY,4.08,3711481.9198514,0,0
USAC,25.01,419087.8506949333,0,0
USAR,14.075,13145765.395400668,0,0
USAS,4.5,4407793.023057632,0,0
USAU,14.75,176722.55680106662,0,0
USB,58.14,7346781.854611,0,0
USEG,0.9854,8805912.374083769,0,0
USFD,93.7,2259545.211045633,0,0
USLM,110.5,152190.2301645667,0,0
USNA,14.7,202674.56947713334,0,0
USPH,86.15,168746.32974643336,0,0
UTHR,481.47,644729.8635892334,0,0
UTI,18.63,1882663.9154242002,0,0
UTL,50.99,137484.66792696665,0,0
UTMD,74.95,37958.91383903333,0,0
UTZ,14.25,1780394.2933288338,0,0
UUUU,10.99,6817319.730653931,0,0
UVE,42.24,166087.41008006662,0,0
UVSP,41.23,220044.8114115,0,0
UVV,41.65,323678.31207230006,0,0
UWMC,1.24,11560242.195206167,0,0
V,365.88,6204832.7536248015,0,0
VAC,104.68,493732.87488903344,0,0
VAL,78.45,1159727.7032795001,0,0
VALE,13.3,29307284.72335067,0,0
VBNK,22.17,139077.43588000003,0,0
VC,87.06,481717.66302930005,0,0
VCEL,40.61,521046.34915066673,0,0
VCTR,110.4,702020.0220990999,0,0
VCYT,46.08,1432419.4055794997,0,0
VECO,51.37,607797.1593248,0,0
VEEA,2.5,9037366.739151334,0,0
VEEE,13.39,1061970.6930307,0,0
VEEV,278.57,1796527.1808941003,0,0
VEL,15.12,154796.6884454,0,0
VELO,10.8,947213.2704543666,0,0
VEON,73.97,157316.00378166663,0,0
VERA,32.375,2314401.5123335337,0,0
VERI,1.32,3837236.0722646327,0,0
VERX,11.15,1389633.4003440998,0,0
VET,11.3,1440749.2258059995,0,0
VFC,14.5,6998905.205346934,0,0
VFF,3.1,765149.8419916333,0,0
VG,12.54,14337407.417947702,0,0
VGZ,2.68,1745821.6903378668,0,0
VIA,29.25,781338.2582324668,0,0
VIAV,41.82,4841395.710989833,0,0
VICI,23.2,9929969.492815865,0,0
VICR,290.68,885127.8361687332,0,0
VIK,78.71,4732653.916075266,0,0
VIOT,1.47,2676030.781993533,0,0
VIPS,12.38,3226109.960233,0,0
VIR,10.65,2104629.415799266,0,0
VIRT,53.75,1368622.0487861333,0,0
VISN,5.94,9174352.792931234,0,0
VIST,66.71,1183294.2696911672,0,0
VITL,9.39,1610105.6286568337,0,0
VIV,11.38,1382150.701872433,0,0
VKTX,31.81,5521642.4146944,0,0
VLGEA,45.61,59397.70685923334,0,0
VLO,387.72,3379641.253625134,0,0
VLRS,6.71,381916.1054593667,0,0
VLTO,96.65,1671962.2074240998,0,0
VLY,12.72,6885982.362719768,0,0
VMC,242.75,1108795.3496395336,0,0
VMD,9.23,326177.9011531,0,0
VMET,9.025,395088.5268138333,0,0
VMI,467.21,177286.72982613335,0,0
VNCE,10.14,434498.4378872666,0,0
VNDA,5.03,845064.2346629666,0,0
VNET,5.71,4817161.872728298,0,0
VNO,33.89,1271780.5859451664,0,0
VNOM,40.08,1715900.2394034336,0,0
VNRX,0.2561,16885241.0889589,0,0
VNT,31.57,1299952.4115558667,0,0
VOD,16.33,3039029.460029767,0,0
VOR,18.33,1121703.0586214333,0,0
VOXR,5.065,427578.56611626677,0,0
VOYA,95.09,1067227.1929984002,0,0
VOYG,30.74,2069745.252932133,0,0
VPG,71.7,403224.29598990007,0,0
VRA,4.27,658659.4954635001,0,0
VRDN,19.995,1502987.0794326,0,0
VRE,18.99,935096.7234224001,0,0
VREX,18.47,694972.8849193001,0,0
VRME,8.14,540102.6446376,0,0
VRNS,47.11,1774804.5497185667,0,0
VRRM,3.04,5764882.313344699,0,0
VRSK,165.94,1223603.0941623002,0,0
VRSN,279.84,694939.1790407668,0,0
VRT,248.34,5053900.023120432,0,0
VRTS,131.26,126420.38869153333,0,0
VRTX,526.73,1019268.3453265333,0,0
VSAT,69.09,1658797.5391113332,0,0
VSCO,54.3,2114110.3351632003,0,0
VSEC,171.59,349293.7662928666,0,0
VSH,32.46,3432817.9287942,0,0
VSNT,32.17,1582665.6309623334,0,0
VST,140.83,4412663.781023433,0,0
VSTM,7.92,2220994.5990089667,0,0
VSTS,13.46,1415442.1763327334,0,0
VTEX,3.59,691721.2832512666,0,0
VTGN,0.298,20935281.027243696,0,0
VTMX,32.39,65093.5967549,0,0
VTOL,40.98,295943.07158080005,0,0
VTR,86.91,3475339.669495134,0,0
VTRS,18.12,8239840.830001201,0,0
VTS,16.7,519974.3623292999,0,0
VUZI,2.77,792693.7433714331,0,0
VVOS,0.1505,24592888.84925013,0,0
VVV,29.65,2466635.792210534,0,0
VVX,72.8,633539.3863594667,0,0
VYX,6.62,2934315.737068566,0,0
VZ,45.98,19944634.721886136,0,0
VZLA,3.84,5033103.352820867,0,0
W,101.95,2307544.2279140335,0,0
WAB,291.23,782949.5732800333,0,0
WABC,58.37,211673.7873598667,0,0
WAFD,30.29,1060677.5138591668,0,0
WAL,75.76,1120827.0030950333,0,0
WASH,37.94,137629.1281442333,0,0
WAT,443.26,700881.9711344668,0,0
WATT,13.17,159574.94846526667,0,0
WAY,25.07,2163059.8303361665,0,0
WB,6.42,1266685.0286666001,0,0
WBD,30.85,35123771.57164887,0,0
WBI,28.46,640907.1171096999,0,0
WBS,77.57,8479915.9457114,0,0
WBTN,10.97,433074.3437590333,0,0
WBUY,0.94,2740127.987086067,0,0
WCC,365.06,489792.4476734,0,0
WCN,155.56,1127905.6436733,0,0
WCT,8.06,677458.5135434667,0,0
WD,36.3,464319.9129543667,0,0
WDAY,189.17,3309939.0692986334,0,0
WDC,453.48,6461649.501195467,0,0
WDFC,202.99,117409.15681360003,0,0
WDS,21.7,586824.9189856667,0,0
WEAV,7.36,4467752.5342052,0,0
WEC,102.58,2546933.5830158335,0,0
WELL,232.9,2598433.9546243665,0,0
WEN,6.54,6724597.3603799,0,0
WERN,34.05,846779.5073648666,0,0
WES,44.94,787809.1107383,0,0
WEST,8.12,326488.0060543333,0,0
WETO,1.1,6908561.552588666,0,0
WEX,171.46,535909.0785156,0,0
WF,79.68,80719.1828854,0,0
WFC,80.48,13234737.639208633,0,0
WFF,2.35,1494592.5506321338,0,0
WFG,70.79,214970.92313513337,0,0
WFRD,80.41,1002247.1854710666,0,0
WGO,26.66,546077.3720015,0,0
WGS,75.79,654311.2407358334,0,0
WH,72.44,1187721.2432776003,0,0
WHD,63.72,738657.9086330667,0,0
WHLR,3.34,4495826.1468043,0,0
WHR,30.67,2621281.426934767,0,0
WINA,305.94,81236.81079196667,0,0
WING,108.62,1251710.0262976333,0,0
WIT,1.61,8630170.616494335,0,0
WIX,70.9,1392990.3205225,0,0
WK,65.15,914538.0500672333,0,0
WKC,35.84,1056463.3443470665,0,0
WKSP,0.4506,7071611.007131066,0,0
WLAC,17.65,660368.0525660999,0,0
WLDN,75.72,199987.6058325,0,0
WLFC,50.74,173165.10869806667,0,0
WLK,63.39,693259.7972501334,0,0
WLTH,10.1,2925700.2412719675,0,0
WLY,47.74,538021.9196662002,0,0
WM,207.09,2159399.9535007332,0,0
WMB,68.63,7534777.152380234,0,0
WMG,27.62,1887218.2903898999,0,0
WMK,72.86,194631.2826689333,0,0
WMS,128.49,710701.1491340668,0,0
WMT,106.8,26752157.541332535,0,0
WNC,12.68,689272.5161559334,0,0
WNW,2.37,1143017.9998215332,0,0
WOLF,28.13,2956782.811191034,0,0
WOOF,2.28,2520784.1398428325,0,0
WOR,59.94,423534.4544642668,0,0
WPC,65.98,1421898.5093483333,0,0
WPM,135.39,2243122.7170119,0,0
WPP,25.26,319780.3751565666,0,0
WRB,68.22,3050742.2738340665,0,0
WRBY,27.47,2926997.8136745333,0,0
WRD,5.26,2393379.212029533,0,0
WRLD,172.51,64565.89555909998,0,0
WRN,2.22,1114495.5997401,0,0
WS,35.64,294177.47699193336,0,0
WSBC,37.73,949168.3678106334,0,0
WSC,17.45,2914261.058297866,0,0
WSFS,75.84,359272.84504013346,0,0
WSHP,5.99,578224.4567608001,0,0
WSM,229.96,1181953.4368925004,0,0
WSO,300.8,493267.2602304,0,0
WSR,18.99,703958.3540670333,0,0
WST,376.63,562605.1281041,0,0
WT,24.27,2787801.1879057344,0,0
WTFC,143.49,445257.46632763336,0,0
WTI,3.49,3526649.1022796337,0,0
WTM,2021.51,20572.1458082,0,0
WTO,9.6,272817.5786118667,0,0
WTRG,39.23,2376579.801026634,0,0
WTS,357.69,190163.6531327667,0,0
WTTR,19.34,1616776.1814309328,0,0
WTW,288.57,504283.4589280332,0,0
WU,5.97,8501337.257669633,0,0
WULF,15.09,29187920.4100014,0,0
WVE,3.64,3224024.841336033,0,0
WW,17.1,266001.7026349,0,0
WWD,329.78,690456.1781889,0,0
WWW,19.24,699664.0115431334,0,0
WY,19.55,5928106.0869943,0,0
WYFI,18.53,2379426.191684467,0,0
WYHG,3.81,941619.2001982002,0,0
WYNN,78.23,2012008.4118933335,0,0
WYY,7.35,296982.5434243,0,0
XEL,70.69,5828025.343433734,0,0
XENE,37.25,1780096.6141780333,0,0
XERS,9.98,2487169.9248377667,0,0
XFOR,2.9,971492.2722690669,0,0
XGN,8.3,274717.2058108333,0,0
XHLD,0.7432,4031146.9679560005,0,0
XHR,18.33,834926.1424920333,0,0
XIFR,10.44,777959.4975373,0,0
XMTR,104.23,726159.2027206334,0,0
XNCR,25,1504076.8257859668,0,0
XNDU,4.77,4425896.851942699,0,0
XOM,161.35,14355865.907809101,0,0
XOMA,40.17,377349.79457619996,0,0
XOS,2.81,4866608.314493936,0,0
XP,20.27,7015229.884117766,0,0
XPEL,44.18,188057.69415653337,0,0
XPER,5.53,421259.55815616663,0,0
XPEV,9.47,7797422.071495532,0,0
XPO,177.37,1036748.4217509665,0,0
XPOF,4.4,686095.3167404332,0,0
XPON,4.55,4845925.709050833,0,0
XPRO,15.97,814936.2976769336,0,0
XRAY,8.98,4260606.337565533,0,0
XRN,35.31,93896.72846806668,0,0
XRPN,12.9,295260.21802826674,0,0
XRX,3.21,2349189.501702833,0,0
XWIN,8.24,1193414.7477953,0,0
XXI,6.53,2421143.0426839334,0,0
XYL,100.93,2429175.356423366,0,0
XYZ,74.05,4064987.7594793,0,0
XZO,14.55,284061.7082759334,0,0
YDES,7.61,505739.0138391666,0,0
YELP,18.28,1250828.7985834333,0,0
YETI,42.55,1719441.5280182334,0,0
YEXT,6.48,1094640.4299357333,0,0
YJ,1.74,5075364.0860286,0,0
YMAT,1.5,2584941.674410866,0,0
YMM,8.27,6812544.811240367,0,0
YMT,1.79,1912413.8041201667,0,0
YORW,30.72,137667.97718643336,0,0
YOU,41.22,1985614.5649529004,0,0
YPF,50.31,1222652.5188246667,0,0
YSS,8.83,3617978.2092844667,0,0
YUM,137.73,2347762.5852885,0,0
YUMC,40.8,1448905.3438485665,0,0
YYGH,1.47,4941928.908337801,0,0
Z,27.34,3790902.2654098333,0,0
ZBH,91.34,1816617.7841126667,0,0
ZBIO,26.76,736294.5085794666,0,0
ZBRA,375.97,578530.1859846667,0,0
ZD,56.33,628801.0355749,0,0
ZENA,1.47,1997004.453242533,0,0
ZEO,0.3416,23360677.33082263,0,0
ZETA,28.96,6119538.648504333,0,0
ZG,28.01,940558.1363061,0,0
ZGN,12.62,1168873.1946908669,0,0
ZIM,28.75,1759266.355652667,0,0
ZION,62.61,1476954.5852522664,0,0
ZIP,3.39,971425.1817399001,0,0
ZLAB,25.93,931052.6613326666,0,0
ZM,88.355,3238204.459592233,0,0
ZNTL,2.715,1114813.801966,0,0
ZS,198.355,3359331.532308467,0,0
ZSTK,4.84,1012654.6207734001,0,0
ZTO,19.6,2738010.6793936333,0,0
ZTS,70.3,4524437.138903599,0,0
ZUMZ,13.78,332677.38170790003,0,0
ZURA,4,1795040.3164339338,0,0
ZVRA,11.34,877850.5306464664,0,0
ZWS,46.79,837140.0385720667,0,0
ZYME,27.2,804060.2535040664,0,0
