ts,source,phi_before,phi_after,energy,goal,alpha,threshold,comment
2025-11-08T23:11:36,Finance,0.0,0.0,1.0,STABILIZE,0.66,0.09,
2025-11-08T23:11:37,Finance,0.0,0.0,1.0,STABILIZE,0.7200000000000001,0.05,
2025-11-08T23:11:38,Finance,0.0,0.0,1.0,STABILIZE,0.7800000000000001,0.05,
2025-11-08T23:11:39,Finance,0.0,0.0,1.0,STABILIZE,0.8400000000000002,0.05,
2025-11-08T23:11:40,Finance,0.0,0.0,1.0,STABILIZE,0.9000000000000002,0.05,
2025-11-08T23:11:41,Finance,0.0,0.0,1.0,STABILIZE,0.95,0.05,
2025-11-08T23:11:42,Finance,0.0,0.0,1.0,STABILIZE,0.95,0.05,
2025-11-08T23:11:43,Finance,0.0,0.0,1.0,STABILIZE,0.95,0.05,
2025-11-08T23:11:44,Finance,0.0,0.0,1.0,STABILIZE,0.95,0.05,
2025-11-08T23:11:45,Finance,0.0,0.0,1.0,STABILIZE,0.95,0.05,
2025-11-08T23:11:46,Finance,0.0,0.0,1.0,STABILIZE,0.95,0.05,
2025-11-08T23:11:47,Finance,0.0,0.0,1.0,STABILIZE,0.95,0.05,
2025-11-08T23:11:48,Finance,0.0,0.0,1.0,STABILIZE,0.95,0.05,
2025-11-08T23:11:49,Finance,0.0,0.0,1.0,STABILIZE,0.95,0.05,
2025-11-08T23:11:50,Finance,0.0,0.0,1.0,STABILIZE,0.95,0.05,
2025-11-08T23:11:51,Finance,0.0,0.0,1.0,STABILIZE,0.95,0.05,
2025-11-08T23:11:52,Finance,0.0,0.0,1.0,STABILIZE,0.95,0.05,
2025-11-08T23:11:53,Finance,0.0,0.0,1.0,STABILIZE,0.95,0.05,
2025-11-08T23:11:54,Finance,0.0,0.0,1.0,STABILIZE,0.95,0.05,
2025-11-08T23:11:55,Finance,0.0,0.0,1.0,STABILIZE,0.95,0.05,
2025-11-08T23:11:56,Finance,0.0,0.0,1.0,STABILIZE,0.95,0.05,
2025-11-08T23:11:57,Finance,0.0,0.0,1.0,STABILIZE,0.95,0.05,
2025-11-08T23:11:58,Finance,0.0,0.0,1.0,STABILIZE,0.95,0.05,
2025-11-08T23:11:59,Finance,0.0,0.0,1.0,STABILIZE,0.95,0.05,
2025-11-08T23:12:00,Finance,0.0,0.0,1.0,STABILIZE,0.95,0.05,
2025-11-08T23:12:01,Finance,0.0,0.0,1.0,STABILIZE,0.95,0.05,
2025-11-08T23:12:02,Finance,0.0,0.0,1.0,STABILIZE,0.95,0.05,
2025-11-08T23:12:03,Finance,0.0,0.0,1.0,STABILIZE,0.95,0.05,
2025-11-08T23:12:04,Finance,0.0,0.0,1.0,STABILIZE,0.95,0.05,
2025-11-08T23:12:05,Finance,0.0,0.0,1.0,STABILIZE,0.95,0.05,
2025-11-08T23:12:06,Finance,0.0,0.0,1.0,STABILIZE,0.95,0.05,
2025-11-08T23:12:07,Finance,0.0,0.0,1.0,STABILIZE,0.95,0.05,
2025-11-08T23:12:08,Finance,0.0,0.0,1.0,STABILIZE,0.95,0.05,
2025-11-08T23:12:09,Finance,0.0,0.0,1.0,STABILIZE,0.95,0.05,
2025-11-08T23:12:11,Finance,0.0,0.0,1.0,STABILIZE,0.95,0.05,
2025-11-08T23:12:12,Finance,0.0,0.0,1.0,STABILIZE,0.95,0.05,
2025-11-08T23:12:13,Finance,0.0,0.0,1.0,STABILIZE,0.95,0.05,
2025-11-08T23:12:14,Finance,0.0,0.0,1.0,STABILIZE,0.95,0.05,
2025-11-08T23:12:15,Finance,0.0,0.0,1.0,STABILIZE,0.95,0.05,
2025-11-08T23:12:16,Finance,0.0,0.0,1.0,STABILIZE,0.95,0.05,
2025-11-08T23:12:17,Finance,0.0,0.0,1.0,STABILIZE,0.95,0.05,
2025-11-08T23:12:18,Finance,0.0,0.0,1.0,STABILIZE,0.95,0.05,
2025-11-08T23:12:19,Finance,0.0,0.0,1.0,STABILIZE,0.95,0.05,
2025-11-08T23:12:20,Finance,0.0,0.0,1.0,STABILIZE,0.95,0.05,
2025-11-08T23:12:21,Finance,0.0,0.0,1.0,STABILIZE,0.95,0.05,
2025-11-08T23:12:22,Finance,0.0,0.0,1.0,STABILIZE,0.95,0.05,
2025-11-08T23:12:23,Finance,0.0,0.0,1.0,STABILIZE,0.95,0.05,
2025-11-08T23:12:24,Finance,0.0,0.0,1.0,STABILIZE,0.95,0.05,
2025-11-08T23:12:25,Finance,0.0,0.0,1.0,STABILIZE,0.95,0.05,
2025-11-08T23:12:26,Finance,0.0,0.0,1.0,STABILIZE,0.95,0.05,
2025-11-08T23:12:27,Finance,0.0,0.0,1.0,STABILIZE,0.95,0.05,
2025-11-08T23:12:28,Finance,0.0,0.0,1.0,STABILIZE,0.95,0.05,
2025-11-08T23:12:29,Finance,0.0,0.0,1.0,STABILIZE,0.95,0.05,
2025-11-08T23:12:30,Finance,0.0,0.0,1.0,STABILIZE,0.95,0.05,
2025-11-08T23:12:31,Finance,0.0,0.0,1.0,STABILIZE,0.95,0.05,
2025-11-08T23:12:32,Finance,0.0,0.0,1.0,STABILIZE,0.95,0.05,
2025-11-08T23:12:33,Finance,0.0,0.0,1.0,STABILIZE,0.95,0.05,
2025-11-08T23:12:34,Finance,0.0,0.0,1.0,STABILIZE,0.95,0.05,
2025-11-08T23:12:35,Finance,0.0,0.0,1.0,STABILIZE,0.95,0.05,
2025-11-08T23:12:36,Finance,0.0,0.0,1.0,STABILIZE,0.95,0.05,
2025-11-08T23:12:37,Finance,0.0,0.0,1.0,STABILIZE,0.95,0.05,
2025-11-08T23:12:38,Finance,0.0,0.0,1.0,STABILIZE,0.95,0.05,
2025-11-08T23:12:39,Finance,0.0,0.0,1.0,STABILIZE,0.95,0.05,
2025-11-08T23:12:40,Finance,0.0,0.0,1.0,STABILIZE,0.95,0.05,
2025-11-08T23:12:41,Finance,0.0,0.0,1.0,STABILIZE,0.95,0.05,
2025-11-08T23:12:42,Finance,0.0,0.0,1.0,STABILIZE,0.95,0.05,
2025-11-08T23:12:43,Finance,0.0,0.0,1.0,STABILIZE,0.95,0.05,
2025-11-08T23:12:44,Finance,0.0,0.0,1.0,STABILIZE,0.95,0.05,
2025-11-08T23:12:45,Finance,0.0,0.0,1.0,STABILIZE,0.95,0.05,
2025-11-08T23:12:46,Finance,0.0,0.0,1.0,STABILIZE,0.95,0.05,
2025-11-08T23:12:47,Finance,0.0,0.0,1.0,STABILIZE,0.95,0.05,
2025-11-08T23:12:48,Finance,0.0,0.0,1.0,STABILIZE,0.95,0.05,
2025-11-08T23:12:49,Finance,0.0,0.0,1.0,STABILIZE,0.95,0.05,
2025-11-08T23:12:50,Finance,0.0,0.0,1.0,STABILIZE,0.95,0.05,
2025-11-08T23:12:51,Finance,0.0,0.0,1.0,STABILIZE,0.95,0.05,
2025-11-08T23:12:52,Finance,0.0,0.0,1.0,STABILIZE,0.95,0.05,
2025-11-08T23:12:53,Finance,0.0,0.0,1.0,STABILIZE,0.95,0.05,
2025-11-08T23:12:54,Finance,0.0,0.0,1.0,STABILIZE,0.95,0.05,
2025-11-08T23:12:55,Finance,0.0,0.0,1.0,STABILIZE,0.95,0.05,
2025-11-08T23:12:56,Finance,0.0,0.0,1.0,STABILIZE,0.95,0.05,
2025-11-08T23:12:57,Finance,0.0,0.0,1.0,STABILIZE,0.95,0.05,
2025-11-08T23:12:58,Finance,0.0,0.0,1.0,STABILIZE,0.95,0.05,
2025-11-08T23:12:59,Finance,0.0,0.0,1.0,STABILIZE,0.95,0.05,
2025-11-08T23:13:00,Finance,0.0,0.0,1.0,STABILIZE,0.95,0.05,
2025-11-08T23:13:01,Finance,0.0,0.0,1.0,STABILIZE,0.95,0.05,
2025-11-08T23:13:02,Finance,0.0,0.0,1.0,STABILIZE,0.95,0.05,
2025-11-08T23:13:03,Finance,0.0,0.0,1.0,STABILIZE,0.95,0.05,
2025-11-08T23:13:04,Finance,0.0,0.0,1.0,STABILIZE,0.95,0.05,
2025-11-08T23:13:05,Finance,0.0,0.0,1.0,STABILIZE,0.95,0.05,
2025-11-08T23:13:06,Finance,0.0,0.0,1.0,STABILIZE,0.95,0.05,
2025-11-08T23:13:07,Finance,0.0,0.0,1.0,STABILIZE,0.95,0.05,
2025-11-08T23:13:08,Finance,0.0,0.0,1.0,STABILIZE,0.95,0.05,
2025-11-08T23:13:09,Finance,0.0,0.0,1.0,STABILIZE,0.95,0.05,
2025-11-08T23:13:10,Finance,0.0,0.0,1.0,STABILIZE,0.95,0.05,
2025-11-08T23:13:11,Finance,0.0,0.0,1.0,STABILIZE,0.95,0.05,
2025-11-08T23:13:12,Finance,0.0,0.0,1.0,STABILIZE,0.95,0.05,
2025-11-08T23:13:13,Finance,0.0,0.0,1.0,STABILIZE,0.95,0.05,
2025-11-08T23:13:14,Finance,0.0,0.0,1.0,STABILIZE,0.95,0.05,
2025-11-08T23:13:15,Finance,0.0,0.0,1.0,STABILIZE,0.95,0.05,
2025-11-08T23:13:16,Finance,0.0,0.0,1.0,STABILIZE,0.95,0.05,
2025-11-08T23:13:17,Finance,0.0,0.0,1.0,STABILIZE,0.95,0.05,
2025-11-08T23:13:18,Finance,0.0,0.0,1.0,STABILIZE,0.95,0.05,
2025-11-08T23:13:19,Finance,0.0,0.0,1.0,STABILIZE,0.95,0.05,
2025-11-08T23:13:20,Finance,0.0,0.0,1.0,STABILIZE,0.95,0.05,
2025-11-08T23:13:21,Finance,0.0,0.0,1.0,STABILIZE,0.95,0.05,
2025-11-08T23:13:22,Finance,0.0,0.0,1.0,STABILIZE,0.95,0.05,
2025-11-08T23:13:23,Finance,0.0,0.0,1.0,STABILIZE,0.95,0.05,
2025-11-08T23:13:24,Finance,0.0,0.0,1.0,STABILIZE,0.95,0.05,
2025-11-08T23:13:25,Finance,0.0,0.0,1.0,STABILIZE,0.95,0.05,
2025-11-08T23:13:26,Finance,0.0,0.0,1.0,STABILIZE,0.95,0.05,
2025-11-08T23:13:27,Finance,0.0,0.0,1.0,STABILIZE,0.95,0.05,
2025-11-08T23:13:28,Finance,0.0,0.0,1.0,STABILIZE,0.95,0.05,
2025-11-08T23:13:30,Finance,0.0,0.0,1.0,STABILIZE,0.95,0.05,
2025-11-08T23:13:31,Finance,0.0,0.0,1.0,STABILIZE,0.95,0.05,
2025-11-08T23:13:32,Finance,0.0,0.0,1.0,STABILIZE,0.95,0.05,
2025-11-08T23:13:33,Weather,0.0,0.0,1.0,STABILIZE,0.95,0.05,
2025-11-08T23:13:34,Weather,0.0,0.0,1.0,STABILIZE,0.95,0.05,
2025-11-08T23:13:35,Weather,0.0,0.0,1.0,STABILIZE,0.95,0.05,
2025-11-08T23:13:36,Weather,0.0,0.0,1.0,STABILIZE,0.95,0.05,
2025-11-08T23:13:37,Weather,0.0,0.0,1.0,STABILIZE,0.95,0.05,
2025-11-08T23:13:38,Weather,0.0,0.0,1.0,STABILIZE,0.95,0.05,
2025-11-08T23:13:39,Weather,0.0,0.0,1.0,STABILIZE,0.95,0.05,
2025-11-08T23:13:40,Weather,0.0,0.0,1.0,STABILIZE,0.95,0.05,
2025-11-08T23:13:41,Weather,0.0,0.0,1.0,STABILIZE,0.95,0.05,
2025-11-08T23:13:42,Weather,0.0,0.0,1.0,STABILIZE,0.95,0.05,
2025-11-08T23:13:43,Weather,0.0,0.0,1.0,STABILIZE,0.95,0.05,
2025-11-08T23:13:44,Weather,0.0,0.0,1.0,STABILIZE,0.95,0.05,
2025-11-08T23:13:45,Weather,0.0,0.0,1.0,STABILIZE,0.95,0.05,
2025-11-08T23:13:46,Weather,0.0,0.0,1.0,STABILIZE,0.95,0.05,
2025-11-08T23:13:47,Weather,0.0,0.0,1.0,STABILIZE,0.95,0.05,
2025-11-08T23:13:48,Weather,0.0,0.0,1.0,STABILIZE,0.95,0.05,
2025-11-08T23:13:49,Weather,0.0,0.0,1.0,STABILIZE,0.95,0.05,
2025-11-08T23:13:50,Weather,0.0,0.0,1.0,STABILIZE,0.95,0.05,
2025-11-08T23:13:51,Weather,0.0,0.0,1.0,STABILIZE,0.95,0.05,
2025-11-08T23:13:52,Weather,0.0,0.0,1.0,STABILIZE,0.95,0.05,
2025-11-08T23:13:53,Weather,0.0,0.0,1.0,STABILIZE,0.95,0.05,
2025-11-08T23:13:54,Weather,0.0,0.0,1.0,STABILIZE,0.95,0.05,
2025-11-08T23:13:55,Weather,0.0,0.0,1.0,STABILIZE,0.95,0.05,
2025-11-08T23:13:56,Weather,0.0,0.0,1.0,STABILIZE,0.95,0.05,
2025-11-08T23:13:57,Weather,0.0,0.0,1.0,STABILIZE,0.95,0.05,
2025-11-08T23:13:58,Weather,0.0,0.0,1.0,STABILIZE,0.95,0.05,
2025-11-08T23:13:59,Weather,0.0,0.0,1.0,STABILIZE,0.95,0.05,
2025-11-08T23:14:00,Space,0.0,0.0,1.0,STABILIZE,0.95,0.05,
2025-11-08T23:14:01,Space,0.0,0.0,1.0,STABILIZE,0.95,0.05,
2025-11-08T23:14:02,Space,0.0,0.0,1.0,STABILIZE,0.95,0.05,
2025-11-08T23:14:03,Space,0.0,0.0,1.0,STABILIZE,0.95,0.05,
2025-11-08T23:14:04,Space,0.0,0.0,1.0,STABILIZE,0.95,0.05,
2025-11-08T23:14:05,Space,0.0,0.0,1.0,STABILIZE,0.95,0.05,
2025-11-08T23:14:06,Space,0.0,0.0,1.0,STABILIZE,0.95,0.05,
2025-11-08T23:14:07,Space,0.0,0.0,1.0,STABILIZE,0.95,0.05,
2025-11-08T23:14:08,Space,0.0,0.0,1.0,STABILIZE,0.95,0.05,
2025-11-08T23:14:09,Space,0.0,0.0,1.0,STABILIZE,0.95,0.05,
2025-11-08T23:14:10,Space,0.0,0.0,1.0,STABILIZE,0.95,0.05,
2025-11-08T23:14:11,Space,0.0,0.0,1.0,STABILIZE,0.95,0.05,
2025-11-08T23:14:12,Space,0.0,0.0,1.0,STABILIZE,0.95,0.05,
2025-11-08T23:14:13,Space,0.0,0.0,1.0,STABILIZE,0.95,0.05,
2025-11-08T23:14:14,Space,0.0,0.0,1.0,STABILIZE,0.95,0.05,
2025-11-08T23:14:15,Space,0.0,0.0,1.0,STABILIZE,0.95,0.05,
2025-11-08T23:14:16,Space,0.0,0.0,1.0,STABILIZE,0.95,0.05,
2025-11-08T23:14:17,Space,0.0,0.0,1.0,STABILIZE,0.95,0.05,
2025-11-08T23:14:18,Space,0.0,0.0,1.0,STABILIZE,0.95,0.05,
2025-11-08T23:14:19,Space,0.0,0.0,1.0,STABILIZE,0.95,0.05,
2025-11-08T23:14:20,Space,0.0,0.0,1.0,STABILIZE,0.95,0.05,
2025-11-08T23:14:21,Space,0.0,0.0,1.0,STABILIZE,0.95,0.05,
2025-11-08T23:14:22,Space,0.0,0.0,1.0,STABILIZE,0.95,0.05,
2025-11-08T23:14:23,Space,0.0,0.0,1.0,STABILIZE,0.95,0.05,
2025-11-08T23:14:24,Space,0.0,0.0,1.0,STABILIZE,0.95,0.05,
2025-11-08T23:14:25,Space,0.0,0.0,1.0,STABILIZE,0.95,0.05,
2025-11-08T23:14:26,Space,0.0,0.0,1.0,STABILIZE,0.95,0.05,
2025-11-08T23:14:27,Space,0.0,0.0,1.0,STABILIZE,0.95,0.05,
2025-11-08T23:14:28,Space,0.0,0.0,1.0,STABILIZE,0.95,0.05,
2025-11-08T23:14:29,Space,0.0,0.0,1.0,STABILIZE,0.95,0.05,
2025-11-08T23:14:30,Space,0.0,0.0,1.0,STABILIZE,0.95,0.05,
2025-11-08T23:14:31,Space,0.0,0.0,1.0,STABILIZE,0.95,0.05,
2025-11-08T23:14:32,Space,0.0,0.0,1.0,STABILIZE,0.95,0.05,
2025-11-08T23:14:33,Space,0.0,0.0,1.0,STABILIZE,0.95,0.05,
2025-11-08T23:14:34,Space,0.0,0.0,1.0,STABILIZE,0.95,0.05,
2025-11-08T23:14:35,Space,0.0,0.0,1.0,STABILIZE,0.95,0.05,
2025-11-08T23:14:36,Space,0.0,0.0,1.0,STABILIZE,0.95,0.05,
2025-11-08T23:14:37,Science,0.0,0.0,1.0,STABILIZE,0.95,0.05,
2025-11-08T23:14:38,Science,0.0,0.0,1.0,STABILIZE,0.95,0.05,
2025-11-08T23:14:39,Science,0.0,0.0,1.0,STABILIZE,0.95,0.05,
2025-11-08T23:14:40,Science,0.0,0.0,1.0,STABILIZE,0.95,0.05,
2025-11-08T23:14:41,Science,0.0,0.0,1.0,STABILIZE,0.95,0.05,
2025-11-08T23:14:42,Randomness,0.0,0.0,1.0,STABILIZE,0.95,0.05,
2025-11-08T23:14:43,Randomness,0.0,0.0,1.0,STABILIZE,0.95,0.05,
2025-11-08T23:14:44,Randomness,0.0,0.0,1.0,STABILIZE,0.95,0.05,
2025-11-08T23:14:45,Randomness,0.0,0.0,1.0,STABILIZE,0.95,0.05,
2025-11-08T23:14:46,Randomness,0.0,0.0,1.0,STABILIZE,0.95,0.05,
2025-11-08T23:14:47,Randomness,0.0,0.0,1.0,STABILIZE,0.95,0.05,
2025-11-08T23:14:48,Randomness,0.0,0.0,1.0,STABILIZE,0.95,0.05,
2025-11-08T23:14:49,Randomness,0.0,0.0,1.0,STABILIZE,0.95,0.05,
2025-11-08T23:14:50,Randomness,0.0,0.0,1.0,STABILIZE,0.95,0.05,
2025-11-08T23:14:51,Randomness,0.0,0.0,1.0,STABILIZE,0.95,0.05,
2025-11-08T23:14:52,Randomness,0.0,0.0,1.0,STABILIZE,0.95,0.05,
2025-11-08T23:14:53,Randomness,0.0,0.0,1.0,STABILIZE,0.95,0.05,
2025-11-08T23:14:54,Randomness,0.0,0.0,1.0,STABILIZE,0.95,0.05,
2025-11-08T23:14:55,Randomness,0.0,0.0,1.0,STABILIZE,0.95,0.05,
2025-11-08T23:14:56,Randomness,0.0,0.0,1.0,STABILIZE,0.95,0.05,
2025-11-08T23:14:57,Randomness,0.0,0.0,1.0,STABILIZE,0.95,0.05,
2025-11-08T23:14:58,Randomness,0.0,0.0,1.0,STABILIZE,0.95,0.05,
2025-11-08T23:14:59,Randomness,0.0,0.0,1.0,STABILIZE,0.95,0.05,
2025-11-08T23:15:00,Randomness,0.0,0.0,1.0,STABILIZE,0.95,0.05,
2025-11-08T23:15:01,Randomness,0.0,0.0,1.0,STABILIZE,0.95,0.05,
2025-11-08T23:15:02,Randomness,0.0,0.0,1.0,STABILIZE,0.95,0.05,
2025-11-08T23:15:03,Randomness,0.0,0.0,1.0,STABILIZE,0.95,0.05,
2025-11-08T23:15:04,Randomness,0.0,0.0,1.0,STABILIZE,0.95,0.05,
2025-11-08T23:15:06,Randomness,0.0,0.0,1.0,STABILIZE,0.95,0.05,
2025-11-08T23:15:07,Randomness,0.0,0.0,1.0,STABILIZE,0.95,0.05,
2025-11-08T23:15:08,Randomness,0.0,0.0,1.0,STABILIZE,0.95,0.05,
2025-11-08T23:15:09,Randomness,0.0,0.0,1.0,STABILIZE,0.95,0.05,
2025-11-08T23:15:10,Randomness,0.0,0.0,1.0,STABILIZE,0.95,0.05,
2025-11-08T23:15:11,Randomness,0.0,0.0,1.0,STABILIZE,0.95,0.05,
2025-11-08T23:15:12,Randomness,0.0,0.0,1.0,STABILIZE,0.95,0.05,
2025-11-08T23:15:13,Randomness,0.0,0.0,1.0,STABILIZE,0.95,0.05,
2025-11-08T23:15:14,Randomness,0.0,0.0,1.0,STABILIZE,0.95,0.05,
2025-11-08T23:15:15,Randomness,0.0,0.0,1.0,STABILIZE,0.95,0.05,
2025-11-08T23:15:16,Randomness,0.0,0.0,1.0,STABILIZE,0.95,0.05,
2025-11-08T23:15:17,Randomness,0.0,0.0,1.0,STABILIZE,0.95,0.05,
2025-11-08T23:15:18,Randomness,0.0,0.0,1.0,STABILIZE,0.95,0.05,
2025-11-08T23:15:19,Randomness,0.0,0.0,1.0,STABILIZE,0.95,0.05,
2025-11-08T23:15:20,Randomness,0.0,0.0,1.0,STABILIZE,0.95,0.05,
2025-11-08T23:15:21,Randomness,0.0,0.0,1.0,STABILIZE,0.95,0.05,
2025-11-08T23:15:22,Randomness,0.0,0.0,1.0,STABILIZE,0.95,0.05,
2025-11-08T23:15:23,Randomness,0.0,0.0,1.0,STABILIZE,0.95,0.05,
2025-11-08T23:15:24,Randomness,0.0,0.0,1.0,STABILIZE,0.95,0.05,
2025-11-08T23:15:25,Randomness,0.0,0.0,1.0,STABILIZE,0.95,0.05,
2025-11-08T23:15:26,Randomness,0.0,0.0,1.0,STABILIZE,0.95,0.05,
2025-11-08T23:15:27,Randomness,0.0,0.0,1.0,STABILIZE,0.95,0.05,
2025-11-08T23:15:28,Randomness,0.0,0.0,1.0,STABILIZE,0.95,0.05,
2025-11-08T23:15:29,Randomness,0.0,0.0,1.0,STABILIZE,0.95,0.05,
2025-11-08T23:15:30,Randomness,0.0,0.0,1.0,STABILIZE,0.95,0.05,
2025-11-08T23:15:31,Randomness,0.0,0.0,1.0,STABILIZE,0.95,0.05,
2025-11-08T23:15:32,Randomness,0.0,0.0,1.0,STABILIZE,0.95,0.05,
2025-11-08T23:15:33,Randomness,0.0,0.0,1.0,STABILIZE,0.95,0.05,
2025-11-08T23:15:34,Randomness,0.0,0.0,1.0,STABILIZE,0.95,0.05,
2025-11-08T23:15:35,Randomness,0.0,0.0,1.0,STABILIZE,0.95,0.05,
2025-11-08T23:15:36,Randomness,0.0,0.0,1.0,STABILIZE,0.95,0.05,
2025-11-08T23:15:37,Randomness,0.0,0.0,1.0,STABILIZE,0.95,0.05,
2025-11-08T23:15:38,Randomness,0.0,0.0,1.0,STABILIZE,0.95,0.05,
2025-11-08T23:15:39,Randomness,0.0,0.0,1.0,STABILIZE,0.95,0.05,
2025-11-08T23:15:40,Randomness,0.0,0.0,1.0,STABILIZE,0.95,0.05,
2025-11-08T23:15:41,Randomness,0.0,0.0,1.0,STABILIZE,0.95,0.05,
2025-11-08T23:15:42,Randomness,0.0,0.0,1.0,STABILIZE,0.95,0.05,
2025-11-08T23:15:43,Randomness,0.0,0.0,1.0,STABILIZE,0.95,0.05,
2025-11-08T23:15:44,Randomness,0.0,0.0,1.0,STABILIZE,0.95,0.05,
2025-11-08T23:15:45,Randomness,0.0,0.0,1.0,STABILIZE,0.95,0.05,
2025-11-08T23:15:46,Randomness,0.0,0.0,1.0,STABILIZE,0.95,0.05,
2025-11-08T23:15:47,Randomness,0.0,0.0,1.0,STABILIZE,0.95,0.05,
2025-11-08T23:15:48,Randomness,0.0,0.0,1.0,STABILIZE,0.95,0.05,
2025-11-08T23:15:49,Randomness,0.0,0.0,1.0,STABILIZE,0.95,0.05,
2025-11-08T23:15:50,Randomness,0.0,0.0,1.0,STABILIZE,0.95,0.05,
2025-11-08T23:15:51,Randomness,0.0,0.0,1.0,STABILIZE,0.95,0.05,
2025-11-08T23:15:52,Randomness,0.0,0.0,1.0,STABILIZE,0.95,0.05,
2025-11-08T23:15:53,Randomness,0.0,0.0,1.0,STABILIZE,0.95,0.05,
2025-11-08T23:15:54,Randomness,0.0,0.0,1.0,STABILIZE,0.95,0.05,
2025-11-08T23:15:55,Randomness,0.0,0.0,1.0,STABILIZE,0.95,0.05,
2025-11-08T23:15:56,Randomness,0.0,0.0,1.0,STABILIZE,0.95,0.05,
2025-11-08T23:15:57,Randomness,0.0,0.0,1.0,STABILIZE,0.95,0.05,
2025-11-08T23:15:58,Randomness,0.0,0.0,1.0,STABILIZE,0.95,0.05,
2025-11-08T23:15:59,Randomness,0.0,0.0,1.0,STABILIZE,0.95,0.05,
2025-11-08T23:16:00,Randomness,0.0,0.0,1.0,STABILIZE,0.95,0.05,
2025-11-08T23:16:01,Randomness,0.0,0.0,1.0,STABILIZE,0.95,0.05,
2025-11-08T23:16:02,Randomness,0.0,0.0,1.0,STABILIZE,0.95,0.05,
2025-11-08T23:16:03,Randomness,0.0,0.0,1.0,STABILIZE,0.95,0.05,
2025-11-08T23:16:04,Randomness,0.0,0.0,1.0,STABILIZE,0.95,0.05,
2025-11-08T23:16:05,Randomness,0.0,0.0,1.0,STABILIZE,0.95,0.05,
2025-11-08T23:16:06,Randomness,0.0,0.0,1.0,STABILIZE,0.95,0.05,
2025-11-08T23:16:07,Randomness,0.0,0.0,1.0,STABILIZE,0.95,0.05,
2025-11-08T23:16:08,Randomness,0.0,0.0,1.0,STABILIZE,0.95,0.05,
2025-11-08T23:16:09,Randomness,0.0,0.0,1.0,STABILIZE,0.95,0.05,
2025-11-08T23:16:10,Randomness,0.0,0.0,1.0,STABILIZE,0.95,0.05,
2025-11-08T23:16:11,Randomness,0.0,0.0,1.0,STABILIZE,0.95,0.05,
2025-11-08T23:16:12,Randomness,0.0,0.0,1.0,STABILIZE,0.95,0.05,
2025-11-08T23:16:13,Randomness,0.0,0.0,1.0,STABILIZE,0.95,0.05,
2025-11-08T23:16:14,Randomness,0.0,0.0,1.0,STABILIZE,0.95,0.05,
2025-11-08T23:16:15,Randomness,0.0,0.0,1.0,STABILIZE,0.95,0.05,
2025-11-08T23:16:16,Randomness,0.0,0.0,1.0,STABILIZE,0.95,0.05,
2025-11-08T23:16:17,Randomness,0.0,0.0,1.0,STABILIZE,0.95,0.05,
2025-11-08T23:16:18,Randomness,0.0,0.0,1.0,STABILIZE,0.95,0.05,
2025-11-08T23:16:19,Randomness,0.0,0.0,1.0,STABILIZE,0.95,0.05,
2025-11-08T23:16:20,Randomness,0.0,0.0,1.0,STABILIZE,0.95,0.05,
2025-11-08T23:16:21,Randomness,0.0,0.0,1.0,STABILIZE,0.95,0.05,
2025-11-08T23:16:22,Randomness,0.0,0.0,1.0,STABILIZE,0.95,0.05,
2025-11-08T23:16:23,Randomness,0.0,0.0,1.0,STABILIZE,0.95,0.05,
2025-11-08T23:16:24,Randomness,0.0,0.0,1.0,STABILIZE,0.95,0.05,
2025-11-08T23:16:25,Randomness,0.0,0.0,1.0,STABILIZE,0.95,0.05,
2025-11-08T23:16:26,Randomness,0.0,0.0,1.0,STABILIZE,0.95,0.05,
2025-11-08T23:16:27,Randomness,0.0,0.0,1.0,STABILIZE,0.95,0.05,
2025-11-08T23:16:28,Randomness,0.0,0.0,1.0,STABILIZE,0.95,0.05,
2025-11-08T23:16:30,Randomness,0.0,0.0,1.0,STABILIZE,0.95,0.05,
2025-11-08T23:16:31,Randomness,0.0,0.0,1.0,STABILIZE,0.95,0.05,
2025-11-08T23:16:32,Randomness,0.0,0.0,1.0,STABILIZE,0.95,0.05,
2025-11-08T23:16:33,Randomness,0.0,0.0,1.0,STABILIZE,0.95,0.05,
2025-11-08T23:16:34,Randomness,0.0,0.0,1.0,STABILIZE,0.95,0.05,
2025-11-08T23:16:35,Randomness,0.0,0.0,1.0,STABILIZE,0.95,0.05,
2025-11-08T23:16:36,Randomness,0.0,0.0,1.0,STABILIZE,0.95,0.05,
2025-11-08T23:16:37,Randomness,0.0,0.0,1.0,STABILIZE,0.95,0.05,
2025-11-08T23:16:38,Randomness,0.0,0.0,1.0,STABILIZE,0.95,0.05,
2025-11-08T23:16:39,Randomness,0.0,0.0,1.0,STABILIZE,0.95,0.05,
2025-11-08T23:16:40,Randomness,0.0,0.0,1.0,STABILIZE,0.95,0.05,
2025-11-08T23:16:41,Randomness,0.0,0.0,1.0,STABILIZE,0.95,0.05,
2025-11-08T23:16:42,Randomness,0.0,0.0,1.0,STABILIZE,0.95,0.05,
2025-11-08T23:16:43,Randomness,0.0,0.0,1.0,STABILIZE,0.95,0.05,
2025-11-08T23:16:44,Randomness,0.0,0.0,1.0,STABILIZE,0.95,0.05,
2025-11-08T23:16:45,Randomness,0.0,0.0,1.0,STABILIZE,0.95,0.05,
2025-11-08T23:16:46,Randomness,0.0,0.0,1.0,STABILIZE,0.95,0.05,
2025-11-08T23:16:47,Randomness,0.0,0.0,1.0,STABILIZE,0.95,0.05,
2025-11-08T23:16:48,Randomness,0.0,0.0,1.0,STABILIZE,0.95,0.05,
2025-11-08T23:16:49,Randomness,0.0,0.0,1.0,STABILIZE,0.95,0.05,
2025-11-08T23:16:50,Randomness,0.0,0.0,1.0,STABILIZE,0.95,0.05,
2025-11-08T23:16:51,Randomness,0.0,0.0,1.0,STABILIZE,0.95,0.05,
2025-11-08T23:16:52,Randomness,0.0,0.0,1.0,STABILIZE,0.95,0.05,
2025-11-08T23:16:53,Randomness,0.0,0.0,1.0,STABILIZE,0.95,0.05,
2025-11-08T23:16:54,Randomness,0.0,0.0,1.0,STABILIZE,0.95,0.05,
2025-11-08T23:16:55,Randomness,0.0,0.0,1.0,STABILIZE,0.95,0.05,
2025-11-08T23:16:56,Randomness,0.0,0.0,1.0,STABILIZE,0.95,0.05,
2025-11-08T23:16:57,Randomness,0.0,0.0,1.0,STABILIZE,0.95,0.05,
2025-11-08T23:16:58,Randomness,0.0,0.0,1.0,STABILIZE,0.95,0.05,
2025-11-08T23:16:59,Randomness,0.0,0.0,1.0,STABILIZE,0.95,0.05,
2025-11-08T23:17:00,Randomness,0.0,0.0,1.0,STABILIZE,0.95,0.05,
2025-11-08T23:17:01,Randomness,0.0,0.0,1.0,STABILIZE,0.95,0.05,
2025-11-08T23:17:02,Randomness,0.0,0.0,1.0,STABILIZE,0.95,0.05,
2025-11-08T23:17:03,Randomness,0.0,0.0,1.0,STABILIZE,0.95,0.05,
2025-11-08T23:17:04,Randomness,0.0,0.0,1.0,STABILIZE,0.95,0.05,
2025-11-08T23:17:05,Randomness,0.0,0.0,1.0,STABILIZE,0.95,0.05,
2025-11-08T23:17:06,Randomness,0.0,0.0,1.0,STABILIZE,0.95,0.05,
2025-11-08T23:17:07,Randomness,0.0,0.0,1.0,STABILIZE,0.95,0.05,
2025-11-08T23:17:08,Randomness,0.0,0.0,1.0,STABILIZE,0.95,0.05,
2025-11-08T23:17:09,Randomness,0.0,0.0,1.0,STABILIZE,0.95,0.05,
2025-11-08T23:17:10,Randomness,0.0,0.0,1.0,STABILIZE,0.95,0.05,
2025-11-08T23:17:11,Randomness,0.0,0.0,1.0,STABILIZE,0.95,0.05,
2025-11-08T23:17:12,Randomness,0.0,0.0,1.0,STABILIZE,0.95,0.05,
2025-11-08T23:17:13,Randomness,0.0,0.0,1.0,STABILIZE,0.95,0.05,
2025-11-08T23:17:14,Randomness,0.0,0.0,1.0,STABILIZE,0.95,0.05,
2025-11-08T23:17:15,Randomness,0.0,0.0,1.0,STABILIZE,0.95,0.05,
2025-11-08T23:17:16,Randomness,0.0,0.0,1.0,STABILIZE,0.95,0.05,
2025-11-08T23:17:17,Randomness,0.0,0.0,1.0,STABILIZE,0.95,0.05,
2025-11-08T23:17:18,Randomness,0.0,0.0,1.0,STABILIZE,0.95,0.05,
2025-11-08T23:17:19,Randomness,0.0,0.0,1.0,STABILIZE,0.95,0.05,
2025-11-08T23:17:20,Randomness,0.0,0.0,1.0,STABILIZE,0.95,0.05,
2025-11-08T23:17:21,Randomness,0.0,0.0,1.0,STABILIZE,0.95,0.05,
2025-11-08T23:17:22,Randomness,0.0,0.0,1.0,STABILIZE,0.95,0.05,
2025-11-08T23:17:23,Randomness,0.0,0.0,1.0,STABILIZE,0.95,0.05,
2025-11-08T23:17:24,Randomness,0.0,0.0,1.0,STABILIZE,0.95,0.05,
2025-11-08T23:17:25,Randomness,0.0,0.0,1.0,STABILIZE,0.95,0.05,
2025-11-08T23:17:26,Randomness,0.0,0.0,1.0,STABILIZE,0.95,0.05,
2025-11-08T23:17:27,Randomness,0.0,0.0,1.0,STABILIZE,0.95,0.05,
2025-11-08T23:17:28,Randomness,0.0,0.0,1.0,STABILIZE,0.95,0.05,
2025-11-08T23:17:29,Finance,0.0,0.0,1.0,STABILIZE,0.95,0.05,
2025-11-08T23:17:30,Finance,0.0,0.0,1.0,STABILIZE,0.95,0.05,
2025-11-08T23:17:31,Finance,0.0,0.0,1.0,STABILIZE,0.95,0.05,
2025-11-08T23:17:32,Finance,0.0,0.0,1.0,STABILIZE,0.95,0.05,
2025-11-08T23:17:33,Finance,0.0,0.0,1.0,STABILIZE,0.95,0.05,
2025-11-08T23:17:34,Finance,0.0,0.0,1.0,STABILIZE,0.95,0.05,
2025-11-08T23:17:35,Finance,0.0,0.0,1.0,STABILIZE,0.95,0.05,
2025-11-08T23:17:36,Finance,0.0,0.0,1.0,STABILIZE,0.95,0.05,
2025-11-08T23:17:37,Finance,0.0,0.0,1.0,STABILIZE,0.95,0.05,
2025-11-08T23:17:38,Finance,0.0,0.0,1.0,STABILIZE,0.95,0.05,
2025-11-08T23:17:39,Finance,0.0,0.0,1.0,STABILIZE,0.95,0.05,
2025-11-08T23:17:40,Finance,0.0,0.0,1.0,STABILIZE,0.95,0.05,
2025-11-08T23:17:41,Finance,0.0,0.0,1.0,STABILIZE,0.95,0.05,
2025-11-08T23:17:42,Finance,0.0,0.0,1.0,STABILIZE,0.95,0.05,
2025-11-08T23:17:43,Finance,0.0,0.0,1.0,STABILIZE,0.95,0.05,
2025-11-08T23:17:44,Finance,0.0,0.0,1.0,STABILIZE,0.95,0.05,
2025-11-08T23:17:45,Finance,0.0,0.0,1.0,STABILIZE,0.95,0.05,
2025-11-08T23:17:46,Finance,0.0,0.0,1.0,STABILIZE,0.95,0.05,
2025-11-08T23:17:47,Finance,0.0,0.0,1.0,STABILIZE,0.95,0.05,
2025-11-08T23:17:48,Finance,0.0,0.0,1.0,STABILIZE,0.95,0.05,
2025-11-08T23:17:49,Finance,0.0,0.0,1.0,STABILIZE,0.95,0.05,
2025-11-08T23:17:50,Finance,0.0,0.0,1.0,STABILIZE,0.95,0.05,
2025-11-08T23:17:51,Finance,0.0,0.0,1.0,STABILIZE,0.95,0.05,
2025-11-08T23:17:52,Finance,0.0,0.0,1.0,STABILIZE,0.95,0.05,
2025-11-08T23:17:53,Finance,0.0,0.0,1.0,STABILIZE,0.95,0.05,
2025-11-08T23:17:54,Finance,0.0,0.0,1.0,STABILIZE,0.95,0.05,
2025-11-08T23:17:55,Finance,0.0,0.0,1.0,STABILIZE,0.95,0.05,
2025-11-08T23:17:56,Finance,0.0,0.0,1.0,STABILIZE,0.95,0.05,
2025-11-08T23:17:57,Finance,0.0,0.0,1.0,STABILIZE,0.95,0.05,
2025-11-08T23:17:58,Finance,0.0,0.0,1.0,STABILIZE,0.95,0.05,
2025-11-08T23:17:59,Finance,0.0,0.0,1.0,STABILIZE,0.95,0.05,
2025-11-08T23:18:00,Finance,0.0,0.0,1.0,STABILIZE,0.95,0.05,
2025-11-08T23:18:01,Finance,0.0,0.0,1.0,STABILIZE,0.95,0.05,
2025-11-08T23:18:02,Finance,0.0,0.0,1.0,STABILIZE,0.95,0.05,
2025-11-08T23:18:03,Finance,0.0,0.0,1.0,STABILIZE,0.95,0.05,
2025-11-08T23:18:04,Finance,0.0,0.0,1.0,STABILIZE,0.95,0.05,
2025-11-08T23:18:05,Finance,0.0,0.0,1.0,STABILIZE,0.95,0.05,
2025-11-08T23:18:07,Finance,0.0,0.0,1.0,STABILIZE,0.95,0.05,
2025-11-08T23:18:08,Finance,0.0,0.0,1.0,STABILIZE,0.95,0.05,
2025-11-08T23:18:09,Finance,0.0,0.0,1.0,STABILIZE,0.95,0.05,
2025-11-08T23:18:10,Finance,0.0,0.0,1.0,STABILIZE,0.95,0.05,
2025-11-08T23:18:11,Finance,0.0,0.0,1.0,STABILIZE,0.95,0.05,
2025-11-08T23:18:12,Finance,0.0,0.0,1.0,STABILIZE,0.95,0.05,
2025-11-08T23:18:13,Finance,0.0,0.0,1.0,STABILIZE,0.95,0.05,
2025-11-08T23:18:14,Finance,0.0,0.0,1.0,STABILIZE,0.95,0.05,
2025-11-08T23:18:15,Finance,0.0,0.0,1.0,STABILIZE,0.95,0.05,
2025-11-08T23:18:16,Finance,0.0,0.0,1.0,STABILIZE,0.95,0.05,
2025-11-08T23:18:17,Finance,0.0,0.0,1.0,STABILIZE,0.95,0.05,
2025-11-08T23:18:18,Finance,0.0,0.0,1.0,STABILIZE,0.95,0.05,
2025-11-08T23:18:19,Finance,0.0,0.0,1.0,STABILIZE,0.95,0.05,
2025-11-08T23:18:20,Finance,0.0,0.0,1.0,STABILIZE,0.95,0.05,
2025-11-08T23:18:21,Finance,0.0,0.0,1.0,STABILIZE,0.95,0.05,
2025-11-08T23:18:22,Finance,0.0,0.0,1.0,STABILIZE,0.95,0.05,
2025-11-08T23:18:23,Finance,0.0,0.0,1.0,STABILIZE,0.95,0.05,
2025-11-08T23:18:24,Finance,0.0,0.0,1.0,STABILIZE,0.95,0.05,
2025-11-08T23:18:25,Finance,0.0,0.0,1.0,STABILIZE,0.95,0.05,
2025-11-08T23:18:26,Finance,0.0,0.0,1.0,STABILIZE,0.95,0.05,
2025-11-08T23:18:27,Finance,0.0,0.0,1.0,STABILIZE,0.95,0.05,
2025-11-08T23:18:28,Finance,0.0,0.0,1.0,STABILIZE,0.95,0.05,
2025-11-08T23:18:29,Finance,0.0,0.0,1.0,STABILIZE,0.95,0.05,
2025-11-08T23:18:30,Finance,0.0,0.0,1.0,STABILIZE,0.95,0.05,
2025-11-08T23:18:31,Finance,0.0,0.0,1.0,STABILIZE,0.95,0.05,
2025-11-08T23:18:32,Finance,0.0,0.0,1.0,STABILIZE,0.95,0.05,
2025-11-08T23:18:33,Finance,0.0,0.0,1.0,STABILIZE,0.95,0.05,
2025-11-08T23:18:34,Finance,0.0,0.0,1.0,STABILIZE,0.95,0.05,
2025-11-08T23:18:35,Finance,0.0,0.0,1.0,STABILIZE,0.95,0.05,
2025-11-08T23:18:36,Finance,0.0,0.0,1.0,STABILIZE,0.95,0.05,
2025-11-08T23:18:37,Finance,0.0,0.0,1.0,STABILIZE,0.95,0.05,
2025-11-08T23:18:38,Finance,0.0,0.0,1.0,STABILIZE,0.95,0.05,
2025-11-08T23:18:39,Finance,0.0,0.0,1.0,STABILIZE,0.95,0.05,
2025-11-08T23:18:40,Finance,0.0,0.0,1.0,STABILIZE,0.95,0.05,
2025-11-08T23:18:41,Finance,0.0,0.0,1.0,STABILIZE,0.95,0.05,
2025-11-08T23:18:42,Finance,0.0,0.0,1.0,STABILIZE,0.95,0.05,
2025-11-08T23:18:43,Finance,0.0,0.0,1.0,STABILIZE,0.95,0.05,
2025-11-08T23:18:44,Finance,0.0,0.0,1.0,STABILIZE,0.95,0.05,
2025-11-08T23:18:45,Finance,0.0,0.0,1.0,STABILIZE,0.95,0.05,
2025-11-08T23:18:46,Finance,0.0,0.0,1.0,STABILIZE,0.95,0.05,
2025-11-08T23:18:47,Finance,0.0,0.0,1.0,STABILIZE,0.95,0.05,
2025-11-08T23:18:48,Finance,0.0,0.0,1.0,STABILIZE,0.95,0.05,
2025-11-08T23:18:49,Finance,0.0,0.0,1.0,STABILIZE,0.95,0.05,
2025-11-08T23:18:50,Finance,0.0,0.0,1.0,STABILIZE,0.95,0.05,
2025-11-08T23:18:51,Finance,0.0,0.0,1.0,STABILIZE,0.95,0.05,
2025-11-08T23:18:52,Finance,0.0,0.0,1.0,STABILIZE,0.95,0.05,
2025-11-08T23:18:53,Finance,0.0,0.0,1.0,STABILIZE,0.95,0.05,
2025-11-08T23:18:54,Finance,0.0,0.0,1.0,STABILIZE,0.95,0.05,
2025-11-08T23:18:55,Finance,0.0,0.0,1.0,STABILIZE,0.95,0.05,
2025-11-08T23:18:56,Finance,0.0,0.0,1.0,STABILIZE,0.95,0.05,
2025-11-08T23:18:57,Finance,0.0,0.0,1.0,STABILIZE,0.95,0.05,
2025-11-08T23:18:58,Finance,0.0,0.0,1.0,STABILIZE,0.95,0.05,
2025-11-08T23:18:59,Finance,0.0,0.0,1.0,STABILIZE,0.95,0.05,
2025-11-08T23:19:00,Finance,0.0,0.0,1.0,STABILIZE,0.95,0.05,
2025-11-08T23:19:01,Finance,0.0,0.0,1.0,STABILIZE,0.95,0.05,
2025-11-08T23:19:02,Finance,0.0,0.0,1.0,STABILIZE,0.95,0.05,
2025-11-08T23:19:03,Finance,0.0,0.0,1.0,STABILIZE,0.95,0.05,
2025-11-08T23:19:04,Finance,0.0,0.0,1.0,STABILIZE,0.95,0.05,
2025-11-08T23:19:05,Finance,0.0,0.0,1.0,STABILIZE,0.95,0.05,
2025-11-08T23:19:06,Finance,0.0,0.0,1.0,STABILIZE,0.95,0.05,
2025-11-08T23:19:07,Finance,0.0,0.0,1.0,STABILIZE,0.95,0.05,
2025-11-08T23:19:08,Finance,0.0,0.0,1.0,STABILIZE,0.95,0.05,
2025-11-08T23:19:09,Finance,0.0,0.0,1.0,STABILIZE,0.95,0.05,
2025-11-08T23:19:10,Finance,0.0,0.0,1.0,STABILIZE,0.95,0.05,
2025-11-08T23:19:11,Finance,0.0,0.0,1.0,STABILIZE,0.95,0.05,
2025-11-08T23:19:12,Finance,0.0,0.0,1.0,STABILIZE,0.95,0.05,
2025-11-08T23:19:13,Finance,0.0,0.0,1.0,STABILIZE,0.95,0.05,
2025-11-08T23:19:14,Finance,0.0,0.0,1.0,STABILIZE,0.95,0.05,
2025-11-08T23:19:15,Finance,0.0,0.0,1.0,STABILIZE,0.95,0.05,
2025-11-08T23:19:16,Finance,0.0,0.0,1.0,STABILIZE,0.95,0.05,
2025-11-08T23:19:17,Finance,0.0,0.0,1.0,STABILIZE,0.95,0.05,
2025-11-08T23:19:18,Finance,0.0,0.0,1.0,STABILIZE,0.95,0.05,
2025-11-08T23:19:19,Finance,0.0,0.0,1.0,STABILIZE,0.95,0.05,
2025-11-08T23:19:20,Finance,0.0,0.0,1.0,STABILIZE,0.95,0.05,
2025-11-08T23:19:21,Finance,0.0,0.0,1.0,STABILIZE,0.95,0.05,
2025-11-08T23:19:22,Finance,0.0,0.0,1.0,STABILIZE,0.95,0.05,
2025-11-08T23:19:23,Finance,0.0,0.0,1.0,STABILIZE,0.95,0.05,
2025-11-08T23:19:24,Finance,0.0,0.0,1.0,STABILIZE,0.95,0.05,
2025-11-08T23:19:25,Finance,0.0,0.0,1.0,STABILIZE,0.95,0.05,
2025-11-08T23:19:26,Finance,0.0,0.0,1.0,STABILIZE,0.95,0.05,
2025-11-08T23:19:27,Finance,0.0,0.0,1.0,STABILIZE,0.95,0.05,
2025-11-08T23:19:28,Finance,0.0,0.0,1.0,STABILIZE,0.95,0.05,
2025-11-08T23:19:29,Finance,0.0,0.0,1.0,STABILIZE,0.95,0.05,
2025-11-08T23:19:30,Finance,0.0,0.0,1.0,STABILIZE,0.95,0.05,
2025-11-08T23:19:31,Finance,0.0,0.0,1.0,STABILIZE,0.95,0.05,
2025-11-08T23:19:32,Finance,0.0,0.0,1.0,STABILIZE,0.95,0.05,
2025-11-08T23:19:33,Finance,0.0,0.0,1.0,STABILIZE,0.95,0.05,
2025-11-08T23:19:34,Finance,0.0,0.0,1.0,STABILIZE,0.95,0.05,
2025-11-08T23:19:35,Finance,0.0,0.0,1.0,STABILIZE,0.95,0.05,
2025-11-08T23:19:36,Finance,0.0,0.0,1.0,STABILIZE,0.95,0.05,
2025-11-08T23:19:37,Finance,0.0,0.0,1.0,STABILIZE,0.95,0.05,
2025-11-08T23:19:38,Finance,0.0,0.0,1.0,STABILIZE,0.95,0.05,
2025-11-08T23:19:39,Finance,0.0,0.0,1.0,STABILIZE,0.95,0.05,
2025-11-08T23:19:40,Finance,0.0,0.0,1.0,STABILIZE,0.95,0.05,
2025-11-08T23:19:41,Finance,0.0,0.0,1.0,STABILIZE,0.95,0.05,
2025-11-08T23:19:42,Finance,0.0,0.0,1.0,STABILIZE,0.95,0.05,
2025-11-08T23:19:44,Finance,0.0,0.0,1.0,STABILIZE,0.95,0.05,
2025-11-08T23:19:45,Finance,0.0,0.0,1.0,STABILIZE,0.95,0.05,
2025-11-08T23:19:46,Finance,0.0,0.0,1.0,STABILIZE,0.95,0.05,
2025-11-08T23:19:47,Finance,0.0,0.0,1.0,STABILIZE,0.95,0.05,
2025-11-08T23:19:48,Finance,0.0,0.0,1.0,STABILIZE,0.95,0.05,
2025-11-08T23:19:49,Finance,0.0,0.0,1.0,STABILIZE,0.95,0.05,
2025-11-08T23:19:50,Finance,0.0,0.0,1.0,STABILIZE,0.95,0.05,
2025-11-08T23:19:51,Finance,0.0,0.0,1.0,STABILIZE,0.95,0.05,
2025-11-08T23:19:52,Finance,0.0,0.0,1.0,STABILIZE,0.95,0.05,
2025-11-08T23:19:53,Finance,0.0,0.0,1.0,STABILIZE,0.95,0.05,
2025-11-08T23:19:54,Finance,0.0,0.0,1.0,STABILIZE,0.95,0.05,
2025-11-08T23:19:55,Finance,0.0,0.0,1.0,STABILIZE,0.95,0.05,
2025-11-08T23:19:56,Finance,0.0,0.0,1.0,STABILIZE,0.95,0.05,
2025-11-08T23:19:57,Finance,0.0,0.0,1.0,STABILIZE,0.95,0.05,
2025-11-08T23:19:58,Finance,0.0,0.0,1.0,STABILIZE,0.95,0.05,
2025-11-08T23:19:59,Finance,0.0,0.0,1.0,STABILIZE,0.95,0.05,
2025-11-08T23:20:00,Finance,0.0,0.0,1.0,STABILIZE,0.95,0.05,
2025-11-08T23:20:01,Finance,0.0,0.0,1.0,STABILIZE,0.95,0.05,
2025-11-08T23:20:02,Finance,0.0,0.0,1.0,STABILIZE,0.95,0.05,
2025-11-08T23:20:03,Finance,0.0,0.0,1.0,STABILIZE,0.95,0.05,
2025-11-08T23:20:04,Finance,0.0,0.0,1.0,STABILIZE,0.95,0.05,
2025-11-08T23:20:05,Finance,0.0,0.0,1.0,STABILIZE,0.95,0.05,
2025-11-08T23:20:06,Finance,0.0,0.0,1.0,STABILIZE,0.95,0.05,
2025-11-08T23:20:07,Finance,0.0,0.0,1.0,STABILIZE,0.95,0.05,
2025-11-08T23:20:08,Finance,0.0,0.0,1.0,STABILIZE,0.95,0.05,
2025-11-08T23:20:09,Finance,0.0,0.0,1.0,STABILIZE,0.95,0.05,
2025-11-08T23:20:10,Finance,0.0,0.0,1.0,STABILIZE,0.95,0.05,
2025-11-08T23:20:11,Finance,0.0,0.0,1.0,STABILIZE,0.95,0.05,
2025-11-08T23:20:12,Finance,0.0,0.0,1.0,STABILIZE,0.95,0.05,
2025-11-08T23:20:13,Finance,0.0,0.0,1.0,STABILIZE,0.95,0.05,
2025-11-08T23:20:14,Finance,0.0,0.0,1.0,STABILIZE,0.95,0.05,
2025-11-08T23:20:15,Finance,0.0,0.0,1.0,STABILIZE,0.95,0.05,
2025-11-08T23:20:16,Finance,0.0,0.0,1.0,STABILIZE,0.95,0.05,
2025-11-08T23:20:17,Finance,0.0,0.0,1.0,STABILIZE,0.95,0.05,
2025-11-08T23:20:18,Finance,0.0,0.0,1.0,STABILIZE,0.95,0.05,
2025-11-08T23:20:19,Finance,0.0,0.0,1.0,STABILIZE,0.95,0.05,
2025-11-08T23:20:20,Finance,0.0,0.0,1.0,STABILIZE,0.95,0.05,
2025-11-08T23:20:21,Finance,0.0,0.0,1.0,STABILIZE,0.95,0.05,
2025-11-08T23:20:22,Finance,0.0,0.0,1.0,STABILIZE,0.95,0.05,
2025-11-08T23:20:23,Finance,0.0,0.0,1.0,STABILIZE,0.95,0.05,
2025-11-08T23:20:24,Finance,0.0,0.0,1.0,STABILIZE,0.95,0.05,
2025-11-08T23:20:25,Finance,0.0,0.0,1.0,STABILIZE,0.95,0.05,
2025-11-08T23:20:26,Finance,0.0,0.0,1.0,STABILIZE,0.95,0.05,
2025-11-08T23:20:27,Finance,0.0,0.0,1.0,STABILIZE,0.95,0.05,
2025-11-08T23:20:28,Finance,0.0,0.0,1.0,STABILIZE,0.95,0.05,
2025-11-08T23:20:29,Finance,0.0,0.0,1.0,STABILIZE,0.95,0.05,
2025-11-08T23:20:30,Finance,0.0,0.0,1.0,STABILIZE,0.95,0.05,
2025-11-08T23:20:31,Finance,0.0,0.0,1.0,STABILIZE,0.95,0.05,
2025-11-08T23:20:32,Finance,0.0,0.0,1.0,STABILIZE,0.95,0.05,
2025-11-08T23:20:33,Finance,0.0,0.0,1.0,STABILIZE,0.95,0.05,
2025-11-08T23:20:34,Finance,0.0,0.0,1.0,STABILIZE,0.95,0.05,
2025-11-08T23:20:35,Finance,0.0,0.0,1.0,STABILIZE,0.95,0.05,
2025-11-08T23:20:36,Finance,0.0,0.0,1.0,STABILIZE,0.95,0.05,
2025-11-08T23:20:37,Finance,0.0,0.0,1.0,STABILIZE,0.95,0.05,
2025-11-08T23:20:38,Finance,0.0,0.0,1.0,STABILIZE,0.95,0.05,
2025-11-08T23:20:39,Finance,0.0,0.0,1.0,STABILIZE,0.95,0.05,
2025-11-08T23:20:40,Finance,0.0,0.0,1.0,STABILIZE,0.95,0.05,
2025-11-08T23:20:41,Finance,0.0,0.0,1.0,STABILIZE,0.95,0.05,
2025-11-08T23:20:42,Finance,0.0,0.0,1.0,STABILIZE,0.95,0.05,
2025-11-08T23:20:43,Finance,0.0,0.0,1.0,STABILIZE,0.95,0.05,
2025-11-08T23:20:44,Finance,0.0,0.0,1.0,STABILIZE,0.95,0.05,
2025-11-08T23:20:45,Finance,0.0,0.0,1.0,STABILIZE,0.95,0.05,
2025-11-08T23:20:46,Finance,0.0,0.0,1.0,STABILIZE,0.95,0.05,
2025-11-08T23:20:47,Finance,0.0,0.0,1.0,STABILIZE,0.95,0.05,
2025-11-08T23:20:48,Finance,0.0,0.0,1.0,STABILIZE,0.95,0.05,
2025-11-08T23:20:49,Finance,0.0,0.0,1.0,STABILIZE,0.95,0.05,
2025-11-08T23:20:50,Finance,0.0,0.0,1.0,STABILIZE,0.95,0.05,
2025-11-08T23:20:51,Finance,0.0,0.0,1.0,STABILIZE,0.95,0.05,
2025-11-08T23:20:52,Finance,0.0,0.0,1.0,STABILIZE,0.95,0.05,
2025-11-08T23:20:53,Finance,0.0,0.0,1.0,STABILIZE,0.95,0.05,
2025-11-08T23:20:54,Finance,0.0,0.0,1.0,STABILIZE,0.95,0.05,
2025-11-08T23:20:55,Finance,0.0,0.0,1.0,STABILIZE,0.95,0.05,
2025-11-08T23:20:56,Finance,0.0,0.0,1.0,STABILIZE,0.95,0.05,
2025-11-08T23:20:57,Finance,0.0,0.0,1.0,STABILIZE,0.95,0.05,
2025-11-08T23:20:58,Finance,0.0,0.0,1.0,STABILIZE,0.95,0.05,
2025-11-08T23:20:59,Finance,0.0,0.0,1.0,STABILIZE,0.95,0.05,
2025-11-08T23:21:00,Finance,0.0,0.0,1.0,STABILIZE,0.95,0.05,
2025-11-08T23:21:01,Finance,0.0,0.0,1.0,STABILIZE,0.95,0.05,
2025-11-08T23:21:02,Finance,0.0,0.0,1.0,STABILIZE,0.95,0.05,
2025-11-08T23:21:03,Finance,0.0,0.0,1.0,STABILIZE,0.95,0.05,
2025-11-08T23:21:04,Finance,0.0,0.0,1.0,STABILIZE,0.95,0.05,
2025-11-08T23:21:06,Finance,0.0,0.0,1.0,STABILIZE,0.95,0.05,
2025-11-08T23:21:07,Finance,0.0,0.0,1.0,STABILIZE,0.95,0.05,
2025-11-08T23:21:08,Finance,0.0,0.0,1.0,STABILIZE,0.95,0.05,
2025-11-08T23:21:09,Finance,0.0,0.0,1.0,STABILIZE,0.95,0.05,
2025-11-08T23:21:10,Finance,0.0,0.0,1.0,STABILIZE,0.95,0.05,
2025-11-08T23:21:11,Finance,0.0,0.0,1.0,STABILIZE,0.95,0.05,
2025-11-08T23:21:12,Finance,0.0,0.0,1.0,STABILIZE,0.95,0.05,
2025-11-08T23:21:13,Finance,0.0,0.0,1.0,STABILIZE,0.95,0.05,
2025-11-08T23:21:14,Finance,0.0,0.0,1.0,STABILIZE,0.95,0.05,
2025-11-08T23:42:09,Finance,0.9403146616581477,0.9403146616581477,1.95,GROW,0.62,0.13,
2025-11-08T23:42:10,Finance,0.3834268337294779,0.3861816781406229,1.95,STABILIZE,0.6224999999999999,0.13,
2025-11-08T23:42:11,Finance,0.06815594248329908,0.07017575086954085,1.95,STABILIZE,0.6249999999999999,0.13,
2025-11-08T23:42:12,Finance,-0.28367116406067194,-0.28400154944072786,1.95,STABILIZE,0.6274999999999998,0.13,
2025-11-08T23:42:13,Finance,0.5732061877413835,0.5692822786647662,1.95,EXPLORE,0.6249999999999999,0.13,
2025-11-08T23:42:14,Finance,0.1360110781492189,0.13323238404927262,1.95,STABILIZE,0.6274999999999998,0.13,
2025-11-08T23:42:15,Finance,0.16088837882859658,0.16412636607149397,1.95,STABILIZE,0.6249999999999999,0.13,
2025-11-08T23:42:16,Finance,-0.946202532219868,-0.9473574919030772,1.95,STABILIZE,0.6274999999999998,0.13,
2025-11-08T23:42:17,Finance,0.9984444421110859,0.998383679462353,1.95,GROW,0.6249999999999999,0.13,
2025-11-08T23:42:18,Finance,0.9999970342154387,0.9999967690184919,0.05,PROTECT,0.6224999999999999,0.13,
2025-11-08T23:42:19,Finance,0.9999995026061377,0.9999994565441815,1.95,GROW,0.62,0.13,
2025-11-08T23:42:20,Finance,-0.11352728406423798,-0.11455905522332714,1.95,STABILIZE,0.6224999999999999,0.13,
2025-11-08T23:42:21,Finance,0.9180344118615731,0.9165386800800703,1.95,GROW,0.62,0.13,
2025-11-08T23:42:22,Finance,-0.052067912175172225,-0.054258983097168936,1.95,STABILIZE,0.6224999999999999,0.13,
2025-11-08T23:42:23,Finance,0.8281227164675732,0.8261081672283008,1.95,GROW,0.62,0.13,
2025-11-08T23:42:24,Finance,-0.9951464265633039,-0.995301245234312,0.05,PROTECT,0.6224999999999999,0.13,
2025-11-08T23:42:25,Finance,0.9999999632589696,0.9999999589848134,1.95,GROW,0.62,0.13,
2025-11-08T23:42:26,Finance,0.9999712953473119,0.9999732638970613,1.95,GROW,0.6224999999999999,0.13,
2025-11-08T23:42:27,Finance,-0.5253312719573908,-0.5242379576352352,1.95,STABILIZE,0.6249999999999999,0.13,
2025-11-08T23:42:28,Finance,-0.33702734123694983,-0.3331559718799085,1.95,STABILIZE,0.6224999999999999,0.13,
2025-11-08T23:42:29,Finance,0.9999998621847193,0.9999998465036454,0.15132251573555205,PROTECT,0.62,0.13,
2025-11-08T23:42:30,Finance,-0.4282871747094285,-0.42707185710392603,1.95,STABILIZE,0.6224999999999999,0.13,
2025-11-08T23:42:31,Finance,0.9999813648405779,0.999980033170678,1.95,GROW,0.62,0.13,
2025-11-08T23:42:32,Finance,-0.08555713457941502,-0.08703844255477688,1.95,STABILIZE,0.6224999999999999,0.13,
2025-11-08T23:42:33,Finance,0.15834523201171155,0.1562413213355407,1.95,STABILIZE,0.62,0.13,
2025-11-08T23:42:34,Finance,0.8759893899741328,0.8742782883893833,1.95,GROW,0.6175,0.13,
2025-11-08T23:42:35,Finance,-0.7823080848432561,-0.7832479921863857,1.95,STABILIZE,0.62,0.13,
2025-11-08T23:42:36,Finance,-0.7713532926438195,-0.7701243904385241,1.95,STABILIZE,0.6175,0.13,
2025-11-08T23:42:37,Finance,-0.2727975062861262,-0.27223822901302874,1.95,STABILIZE,0.6150000000000001,0.13,
2025-11-08T23:42:38,Finance,-0.5393237330037229,-0.5415461086985232,1.95,STABILIZE,0.6175,0.13,
2025-11-08T23:42:39,Finance,0.47109880116576147,0.47093087844653536,0.05,PROTECT,0.6150000000000001,0.13,
2025-11-08T23:42:40,Finance,0.49654244001827796,0.49680222748538844,1.95,EXPLORE,0.6125000000000002,0.13,
2025-11-08T23:42:41,Finance,-0.964135066799503,-0.9650872263772475,1.95,STABILIZE,0.6150000000000001,0.13,
2025-11-08T23:42:42,Finance,-0.6942232417151271,-0.6921117121583273,1.95,STABILIZE,0.6125000000000002,0.13,
2025-11-08T23:42:43,Finance,-0.019616639230412482,-0.022406549552954215,1.95,STABILIZE,0.6100000000000002,0.13,
2025-11-08T23:42:44,Finance,-0.11689582620248717,-0.11436555934168308,1.95,STABILIZE,0.6125000000000002,0.13,
2025-11-08T23:42:45,Finance,0.996770483637548,0.9966482077847392,1.95,GROW,0.6100000000000002,0.13,
2025-11-08T23:42:47,Finance,-0.913200678135813,-0.9141413152179039,0.05,PROTECT,0.6125000000000002,0.13,
2025-11-08T23:42:48,Finance,0.9337361844219885,0.9330459264731196,1.95,GROW,0.6100000000000002,0.13,
2025-11-08T23:42:49,Finance,-0.9055099158660684,-0.9074111136430819,1.95,STABILIZE,0.6125000000000002,0.13,
2025-11-08T23:42:50,Finance,-0.09365196169156925,-0.09248090023176851,1.95,STABILIZE,0.6100000000000002,0.13,
2025-11-08T23:42:51,Finance,-0.589313412449341,-0.5878065097926475,1.95,STABILIZE,0.6125000000000002,0.13,
2025-11-08T23:42:52,Finance,-0.5901605200475348,-0.5885578556933743,1.95,STABILIZE,0.6150000000000001,0.13,
2025-11-08T23:42:53,Finance,-0.5572396666922785,-0.5552201172412695,1.95,STABILIZE,0.6125000000000002,0.13,
2025-11-08T23:42:54,Finance,-0.9386855097878287,-0.9392271253087132,1.95,STABILIZE,0.6150000000000001,0.13,
2025-11-08T23:42:55,Finance,0.9920538732280959,0.9917870852938407,1.95,GROW,0.6125000000000002,0.13,
2025-11-08T23:42:56,Finance,0.08884857821202495,0.08662845796005475,0.05,PROTECT,0.6150000000000001,0.13,
2025-11-08T23:42:57,Finance,0.9999998313234797,0.9999998126639302,1.95,GROW,0.6125000000000002,0.13,
2025-11-08T23:42:58,Finance,0.2338545514285576,0.235114817946503,1.95,STABILIZE,0.6150000000000001,0.13,
2025-11-08T23:42:59,Finance,0.10857896690848416,0.10611830764265716,1.95,STABILIZE,0.6175,0.13,
2025-11-08T23:43:00,Finance,0.4307984578037574,0.43207355518616364,1.95,STABILIZE,0.6150000000000001,0.13,
2025-11-08T23:43:01,Finance,0.005995548648993051,0.008240795619361172,0.05,PROTECT,0.6175,0.13,
2025-11-08T23:43:02,Finance,-0.9981900255020378,-0.9982566110898823,0.05,PROTECT,0.62,0.13,
2025-11-08T23:43:03,Finance,-0.9999887144094485,-0.9999894799517633,1.95,STABILIZE,0.6224999999999999,0.13,
2025-11-08T23:43:04,Finance,-0.09986075911509298,-0.09870808469335146,1.95,STABILIZE,0.62,0.13,
2025-11-08T23:43:05,Finance,0.013627815576883183,0.012644476389704652,1.95,STABILIZE,0.6175,0.13,
2025-11-08T23:43:06,Finance,-0.9966271632091837,-0.9967228771106259,1.95,STABILIZE,0.62,0.13,
2025-11-08T23:43:07,Finance,-0.9948277994928187,-0.9946584327002658,1.95,STABILIZE,0.6175,0.13,
2025-11-08T23:43:08,Finance,-0.9998460854019634,-0.9998550609578037,0.17350659927377515,PROTECT,0.62,0.13,
2025-11-08T23:43:09,Finance,0.36869488290879143,0.36936678715405724,1.95,STABILIZE,0.6175,0.13,
2025-11-08T23:43:10,Finance,-0.9966250216530109,-0.9967209064194265,1.95,STABILIZE,0.62,0.13,
2025-11-08T23:43:11,Finance,-0.8066417215683286,-0.8055347244949691,1.95,STABILIZE,0.6175,0.13,
2025-11-08T23:43:12,Finance,0.10811885097414718,0.11018823820876693,1.95,STABILIZE,0.6150000000000001,0.13,
2025-11-08T23:43:13,Finance,-0.5058304314157354,-0.5050661771565643,1.95,STABILIZE,0.6175,0.13,
2025-11-08T23:43:14,Finance,0.5874663564143967,0.5890913115038917,1.95,EXPLORE,0.6150000000000001,0.13,
2025-11-08T23:43:15,Finance,0.9904779542651396,0.9902576276027764,1.95,GROW,0.6125000000000002,0.13,
2025-11-08T23:43:16,Finance,0.9726666536956096,0.9731284771280226,1.95,GROW,0.6150000000000001,0.13,
2025-11-08T23:43:17,Finance,0.029536278397122605,0.027822366050101962,1.95,STABILIZE,0.6175,0.13,
2025-11-08T23:43:18,Finance,0.9901487912424265,0.9898338013358605,0.05,PROTECT,0.6150000000000001,0.13,
2025-11-08T23:43:19,Finance,-0.9994857099773857,-0.999506653195537,0.050657207093306636,PROTECT,0.6175,0.13,
2025-11-08T23:43:20,Finance,0.6951766665884819,0.6932254334836672,1.95,EXPLORE,0.6150000000000001,0.13,
2025-11-08T23:43:21,Finance,0.3477531852519804,0.34738745619497036,1.95,STABILIZE,0.6175,0.13,
2025-11-08T23:43:22,Finance,0.007314833027404996,0.004680810096758704,1.95,STABILIZE,0.62,0.13,
2025-11-08T23:43:23,Finance,0.9999999637698622,0.9999999592374054,0.05,PROTECT,0.6175,0.13,
2025-11-08T23:43:24,Finance,-0.9906939444524296,-0.9909076287652885,0.05006144905119554,PROTECT,0.62,0.13,
2025-11-08T23:43:25,Finance,-0.9948277995337296,-0.9949929368524854,1.95,STABILIZE,0.6224999999999999,0.13,
2025-11-08T23:43:26,Finance,-0.20254633325229965,-0.20057212897103732,1.95,STABILIZE,0.62,0.13,
2025-11-08T23:43:27,Finance,-0.16465280894259307,-0.16768170444977548,0.05,PROTECT,0.6175,0.13,
2025-11-08T23:43:28,Finance,-0.9999493183240696,-0.9999528362706834,1.95,STABILIZE,0.62,0.13,
2025-11-08T23:43:29,Finance,-0.09918324885810811,-0.09806208379406854,1.95,STABILIZE,0.6175,0.13,
2025-11-08T23:43:30,Finance,0.9999724015071139,0.9999706628194368,0.05,PROTECT,0.6150000000000001,0.13,
2025-11-08T23:43:31,Finance,-0.6972028779539498,-0.699036062334694,1.95,STABILIZE,0.6175,0.13,
2025-11-08T23:43:32,Finance,-0.29413088001564874,-0.29332100520359106,1.95,STABILIZE,0.6150000000000001,0.13,
2025-11-08T23:43:33,Finance,-0.3308473764382429,-0.3309464278611946,0.05,PROTECT,0.6175,0.13,
2025-11-08T23:43:34,Finance,0.9999933827829065,0.9999928430319346,1.95,GROW,0.6150000000000001,0.13,
2025-11-08T23:43:35,Finance,0.9999022500731906,0.9999084050533709,0.05,PROTECT,0.6175,0.13,
2025-11-08T23:43:36,Finance,-0.403783369346225,-0.40668785722620937,1.95,STABILIZE,0.62,0.13,
2025-11-08T23:43:37,Finance,-0.9965158564405929,-0.9966450807035034,1.95,STABILIZE,0.6224999999999999,0.13,
2025-11-08T23:43:38,Finance,-0.09460439072484236,-0.09695709171781786,1.95,STABILIZE,0.62,0.13,
2025-11-08T23:43:39,Finance,0.41768040460010714,0.41866069829038377,1.95,STABILIZE,0.6175,0.13,
2025-11-08T23:43:40,Finance,-0.5870050792811047,-0.5854009299672196,1.95,STABILIZE,0.62,0.13,
2025-11-08T23:43:41,Finance,-0.6543770632482695,-0.655740537803614,1.95,STABILIZE,0.6224999999999999,0.13,
2025-11-08T23:43:42,Finance,-0.40525615090058636,-0.4007756288829894,1.95,STABILIZE,0.62,0.13,
2025-11-08T23:43:43,Finance,0.9326556424238788,0.9313905776499571,1.95,GROW,0.6175,0.13,
2025-11-08T23:43:44,Finance,0.9994127030414353,0.9993818201056778,1.95,GROW,0.6150000000000001,0.13,
2025-11-08T23:43:46,Finance,0.6080262207179586,0.6102668193194652,1.95,EXPLORE,0.6175,0.13,
2025-11-08T23:43:47,Finance,0.9394388186427546,0.9388763133708768,1.95,GROW,0.6150000000000001,0.13,
2025-11-08T23:43:48,Finance,-0.9068224656239722,-0.9079209060965533,0.17305808389501914,PROTECT,0.6175,0.13,
2025-11-08T23:43:49,Finance,-0.7022334997016279,-0.6996497838653585,1.95,STABILIZE,0.6150000000000001,0.13,
2025-11-08T23:43:50,Finance,-0.07184423628752964,-0.07388200532428957,1.95,STABILIZE,0.6125000000000002,0.13,
2025-11-08T23:43:51,Finance,0.5336321827276316,0.5342439674025441,0.4786976457467002,PROTECT,0.6100000000000002,0.13,
2025-11-08T23:43:52,Finance,-0.9905920065979926,-0.990793349404244,0.7693650740136161,PROTECT,0.6125000000000002,0.13,
2025-11-08T23:43:53,Finance,-0.9240773763444611,-0.9228000936981535,1.95,STABILIZE,0.6100000000000002,0.13,
2025-11-08T23:43:54,Finance,0.7400180967443413,0.7370527703381411,0.05,PROTECT,0.6075000000000003,0.13,
2025-11-08T23:43:55,Finance,0.3639975768068437,0.36343823561459215,1.95,STABILIZE,0.6100000000000002,0.13,
2025-11-08T23:43:56,Finance,0.994613093803616,0.9943985182405681,1.95,GROW,0.6075000000000003,0.13,
2025-11-08T23:43:57,Finance,-0.16584188436640143,-0.16777390604986425,1.95,STABILIZE,0.6100000000000002,0.13,
2025-11-08T23:43:58,Finance,0.5882330920219424,0.5897463159207328,1.95,EXPLORE,0.6075000000000003,0.13,
2025-11-08T23:43:59,Finance,-0.998521008346544,-0.9985897508462857,1.95,STABILIZE,0.6100000000000002,0.13,
2025-11-08T23:44:00,Finance,-0.9999945013200758,-0.9999948983660002,0.21092186412879782,PROTECT,0.6125000000000002,0.13,
2025-11-08T23:44:01,Finance,0.3718356354175542,0.37257675396421197,1.95,STABILIZE,0.6100000000000002,0.13,
2025-11-08T23:44:02,Finance,0.7787374532009133,0.7777935849579675,1.95,GROW,0.6075000000000003,0.13,
2025-11-08T23:44:03,Finance,0.5084852320574736,0.5085294269557177,1.95,EXPLORE,0.6100000000000002,0.13,
2025-11-08T23:44:04,Finance,0.9866627242928273,0.9862986024676348,1.95,GROW,0.6075000000000003,0.13,
2025-11-08T23:44:05,Finance,0.1903369894425229,0.1924052791842013,1.95,STABILIZE,0.6100000000000002,0.13,
2025-11-08T23:44:06,Weather,-0.5814839296005623,-0.5801875541628125,1.95,STABILIZE,0.6125000000000002,0.13,
2025-11-08T23:44:07,Weather,-0.4282596850771686,-0.429381874303286,1.95,STABILIZE,0.6100000000000002,0.13,
2025-11-08T23:44:08,Weather,0.034476551990335016,0.03208010672914639,1.95,STABILIZE,0.6075000000000003,0.13,
2025-11-08T23:44:09,Weather,0.19058931602857382,0.18851725705811778,1.95,STABILIZE,0.6050000000000003,0.13,
2025-11-08T23:44:10,Weather,0.8736869268020648,0.8717638628358442,1.95,GROW,0.6025000000000004,0.13,
2025-11-08T23:44:11,Weather,0.8755991509528207,0.8737588726269268,1.95,GROW,0.6000000000000004,0.13,
2025-11-08T23:44:12,Weather,0.949444760187884,0.9483772089498335,1.95,GROW,0.5975000000000005,0.13,
2025-11-08T23:44:13,Weather,0.9549363273756893,0.9540480695990441,1.95,GROW,0.5950000000000005,0.13,
2025-11-08T23:44:14,Weather,0.9310337553426326,0.9317181159963415,1.95,GROW,0.5975000000000005,0.13,
2025-11-08T23:44:15,Weather,0.0350449914730779,0.03230133413003614,1.95,STABILIZE,0.6000000000000004,0.13,
2025-11-08T23:44:16,Weather,0.19876844712204464,0.20204415454678235,1.95,STABILIZE,0.5975000000000005,0.13,
2025-11-08T23:44:17,Weather,0.5237834667842365,0.5216764728212456,1.95,EXPLORE,0.5950000000000005,0.13,
2025-11-08T23:44:18,Weather,0.6976214296957529,0.6959898076157058,1.95,EXPLORE,0.5925000000000006,0.13,
2025-11-08T23:44:19,Weather,0.9910308770286069,0.9907878520181632,1.95,GROW,0.5900000000000006,0.13,
2025-11-08T23:44:20,Weather,0.9395849410471523,0.940712807398412,1.95,GROW,0.5925000000000006,0.13,
2025-11-08T23:44:21,Weather,0.9896322856172438,0.9893359450881895,1.95,GROW,0.5900000000000006,0.13,
2025-11-08T23:44:22,Weather,0.9641469655760253,0.9649782476629756,1.95,GROW,0.5925000000000006,0.13,
2025-11-08T23:44:23,Weather,0.9934806024377678,0.9932761127354793,1.95,GROW,0.5900000000000006,0.13,
2025-11-08T23:44:24,Weather,0.9961610548016232,0.9960134591283937,1.95,GROW,0.5875000000000007,0.13,
2025-11-08T23:44:25,Weather,0.9996825325487859,0.9996656014335576,1.95,GROW,0.5850000000000007,0.13,
2025-11-08T23:44:26,Weather,0.9996819923560385,0.9996980214223168,1.95,GROW,0.5875000000000007,0.13,
2025-11-08T23:44:27,Weather,0.608277638016736,0.6066144107998295,1.95,EXPLORE,0.5900000000000006,0.13,
2025-11-08T23:44:28,Weather,0.4453926442185081,0.44403068025512954,1.95,STABILIZE,0.5925000000000006,0.13,
2025-11-08T23:44:29,Weather,0.8390264243544094,0.8387214263500236,1.95,GROW,0.5900000000000006,0.13,
2025-11-08T23:44:30,Weather,0.7454971714951847,0.7467091307546178,1.95,GROW,0.5925000000000006,0.13,
2025-11-08T23:44:31,Weather,0.8967828535615086,0.895652621067177,1.95,GROW,0.5900000000000006,0.13,
2025-11-08T23:44:32,Weather,0.9599061063733325,0.9592374638337927,1.95,GROW,0.5875000000000007,0.13,
2025-11-08T23:44:33,Weather,0.983980711263427,0.9836296225063337,1.95,GROW,0.5850000000000007,0.13,
2025-11-08T23:44:34,Weather,0.9968373760255727,0.9967258884714579,1.95,GROW,0.5825000000000008,0.13,
2025-11-08T23:44:35,Weather,0.9996414643094996,0.9996255341235396,1.95,GROW,0.5800000000000008,0.13,
2025-11-08T23:44:36,Weather,0.9991084212593588,0.9991412380119952,1.95,GROW,0.5825000000000008,0.13,
2025-11-08T23:44:37,Weather,0.9995529237230226,0.9995317864097002,1.95,GROW,0.5800000000000008,0.13,
2025-11-08T23:44:38,Weather,0.9997489569088013,0.9997355629404281,1.95,GROW,0.5775000000000009,0.13,
2025-11-08T23:44:39,Weather,0.6147928993302852,0.6131366950964862,1.95,EXPLORE,0.5800000000000008,0.13,
2025-11-08T23:44:40,Weather,0.38268594417886037,0.38181159370010787,1.95,STABILIZE,0.5825000000000008,0.13,
2025-11-08T23:44:41,Weather,0.3818357822042343,0.3809703188719497,1.95,STABILIZE,0.5850000000000007,0.13,
2025-11-08T23:44:42,Weather,0.3530907519715327,0.3526197204642902,1.95,STABILIZE,0.5875000000000007,0.13,
2025-11-08T23:44:43,Weather,0.5028552757727662,0.5033867604569815,1.95,EXPLORE,0.5850000000000007,0.13,
2025-11-08T23:44:44,Weather,0.9816387336701817,0.9812185789942689,1.95,GROW,0.5825000000000008,0.13,
2025-11-08T23:44:45,Weather,0.9803598227672005,0.9808118068429834,1.95,GROW,0.5850000000000007,0.13,
2025-11-08T23:44:47,Weather,0.9524519486469574,0.9533019880439969,1.95,GROW,0.5875000000000007,0.13,
2025-11-08T23:44:48,Weather,0.9921329495605067,0.9918946506869425,0.05,PROTECT,0.5850000000000007,0.13,
2025-11-08T23:44:49,Weather,0.9918355816639098,0.9920771051047568,1.95,GROW,0.5875000000000007,0.13,
2025-11-08T23:44:50,Weather,0.6050651284921981,0.6035149616491619,1.95,EXPLORE,0.5900000000000006,0.13,
2025-11-08T23:44:51,Weather,0.44411667981187447,0.4428075297957638,1.95,STABILIZE,0.5925000000000006,0.13,
2025-11-08T23:44:52,Weather,0.37837170572425066,0.3775507833636361,1.95,STABILIZE,0.5950000000000005,0.13,
2025-11-08T23:44:53,Weather,-0.2167974887039909,-0.21836009686501254,1.95,STABILIZE,0.5975000000000005,0.13,
2025-11-08T23:44:54,Weather,-0.2828481327246274,-0.28386724635642135,1.95,STABILIZE,0.6000000000000004,0.13,
2025-11-08T23:44:55,Weather,-0.3135468984986837,-0.31406961178608966,1.95,STABILIZE,0.6025000000000004,0.13,
2025-11-08T23:44:56,Weather,0.07694525382694885,0.07556421186782049,1.95,STABILIZE,0.6000000000000004,0.13,
2025-11-08T23:44:57,Weather,0.4698328872350513,0.46662577448700904,1.95,EXPLORE,0.5975000000000005,0.13,
2025-11-08T23:44:58,Weather,-0.3320078328520847,-0.3320665764118573,0.05030235924224065,PROTECT,0.6000000000000004,0.13,
2025-11-08T23:44:59,Weather,0.38727762750165995,0.38630163401311585,1.95,STABILIZE,0.5975000000000005,0.13,
2025-11-08T23:45:00,Weather,0.8360445456653524,0.834112307328249,1.95,GROW,0.5950000000000005,0.13,
2025-11-08T23:45:01,Weather,-0.12906952405196234,-0.13132396527921267,1.95,STABILIZE,0.5975000000000005,0.13,
2025-11-08T23:45:02,Weather,-0.525493706118585,-0.5295181936384696,1.95,STABILIZE,0.6000000000000004,0.13,
2025-11-08T23:45:03,Weather,-0.6501715728050644,-0.6533354198760473,1.95,STABILIZE,0.6025000000000004,0.13,
2025-11-08T23:45:04,Weather,-0.8632101351751335,-0.8652819265191722,1.95,STABILIZE,0.6050000000000003,0.13,
2025-11-08T23:45:05,Weather,-0.9507600563522238,-0.9517911601991416,1.95,STABILIZE,0.6075000000000003,0.13,
2025-11-08T23:45:06,Weather,-0.9932079479039434,-0.9934264166238592,1.95,STABILIZE,0.6100000000000002,0.13,
2025-11-08T23:45:07,Weather,-0.9932441020339714,-0.9934665542478269,1.95,STABILIZE,0.6125000000000002,0.13,
2025-11-08T23:45:08,Weather,-0.9971682270900544,-0.9972825712131601,1.95,STABILIZE,0.6150000000000001,0.13,
2025-11-08T23:45:09,Weather,-0.588955451913428,-0.5905711548079953,0.05,PROTECT,0.6125000000000002,0.13,
2025-11-08T23:45:10,Weather,-0.5912872225496714,-0.5896401571476036,0.05973990686712756,PROTECT,0.6150000000000001,0.13,
2025-11-08T23:45:11,Weather,-0.589872255422653,-0.5915311623539429,1.95,STABILIZE,0.6125000000000002,0.13,
2025-11-08T23:45:12,Weather,-0.5302926239468471,-0.5314149610969492,1.95,STABILIZE,0.6100000000000002,0.13,
2025-11-08T23:45:13,Weather,-0.9287110374346075,-0.929454480971446,0.05013035173162368,PROTECT,0.6125000000000002,0.13,
2025-11-08T23:48:55,Finance,0.6320943984974443,0.7245604774456553,1.4844999999999997,EXPLORE,0.62,0.16999999999999998,
2025-11-08T23:48:56,Finance,0.6222203843308021,0.5514087724737483,1.7219049999999998,EXPLORE,0.6224999999999999,0.16999999999999998,
2025-11-08T23:48:57,Finance,0.40643292347661353,0.3055557716944917,1.8382334499999997,STABILIZE,0.6249999999999999,0.16999999999999998,
2025-11-08T23:48:58,Finance,0.12878769096794263,0.004950918845341476,1.8952343904999998,STABILIZE,0.6274999999999998,0.16999999999999998,
2025-11-08T23:48:59,Finance,0.1754274995141541,0.29358393325933774,1.9231648513449997,STABILIZE,0.6249999999999999,0.16999999999999998,
2025-11-08T23:49:00,Finance,0.24631207672630206,0.21405368523548576,1.9368507771590497,STABILIZE,0.6224999999999999,0.16999999999999998,
2025-11-08T23:49:01,Finance,0.20004596539891373,0.18927008560068778,1.9435568808079342,STABILIZE,0.6249999999999999,0.16999999999999998,
2025-11-08T23:49:02,Finance,-0.15137169974547898,-0.3901674373927584,1.9468428715958876,STABILIZE,0.6274999999999998,0.16999999999999998,
2025-11-08T23:49:03,Finance,0.026416126458394917,0.31800639235958233,1.9484530070819848,STABILIZE,0.6249999999999999,0.16999999999999998,
2025-11-08T23:49:04,Finance,0.5226035849163393,0.665821540146985,0.9802419734701724,EXPLORE,0.6224999999999999,0.16999999999999998,
2025-11-08T23:49:05,Finance,0.7660749288847308,0.836252287182566,1.4748185670003844,GROW,0.62,0.16999999999999998,
2025-11-08T23:49:06,Finance,0.5513184158085247,0.3515551744989691,1.717161097830188,EXPLORE,0.6224999999999999,0.16999999999999998,
2025-11-08T23:49:07,Finance,0.5214989457077502,0.6409032921672873,1.835908937936792,EXPLORE,0.6249999999999999,0.16999999999999998,
2025-11-08T23:49:08,Finance,0.4316992865907268,0.28460314318273705,1.894095379589028,STABILIZE,0.6274999999999998,0.16999999999999998,
2025-11-08T23:49:09,Finance,0.4488623861780908,0.5632430796530596,1.9226067359986236,STABILIZE,0.6249999999999999,0.16999999999999998,
2025-11-08T23:49:10,Finance,0.09563453232818231,-0.23173552892985227,0.9675773006393255,STABILIZE,0.6274999999999998,0.16999999999999998,
2025-11-08T23:49:11,Finance,0.13778512092465894,0.39644957478110865,1.4686128773132694,STABILIZE,0.6249999999999999,0.16999999999999998,
2025-11-08T23:49:12,Finance,0.5775072352940542,0.7042470438749564,1.7141203098835018,EXPLORE,0.6224999999999999,0.16999999999999998,
2025-11-08T23:49:13,Finance,0.3353735491252522,0.07749009709710597,1.8344189518429157,STABILIZE,0.6249999999999999,0.16999999999999998,
2025-11-08T23:49:14,Finance,-0.04686513440311077,-0.13507755671778326,1.8933652864030284,STABILIZE,0.6274999999999998,0.16999999999999998,
2025-11-08T23:49:15,Finance,0.2054456770385889,0.4438119368319213,1.0054031000813244,STABILIZE,0.6249999999999999,0.16999999999999998,
2025-11-08T23:49:16,Finance,0.18290930499509675,0.0006378712213848392,1.4871475190398489,STABILIZE,0.6274999999999998,0.16999999999999998,
2025-11-08T23:49:17,Finance,0.3004416472724665,0.5103039379319355,1.7232022843295256,STABILIZE,0.6249999999999999,0.16999999999999998,
2025-11-08T23:49:18,Finance,0.3306553034566659,0.20534717965323301,1.8388691193214675,STABILIZE,0.6224999999999999,0.16999999999999998,
2025-11-08T23:49:19,Finance,0.19124659536077657,0.18200506853788595,1.8955458684675188,STABILIZE,0.6249999999999999,0.16999999999999998,
2025-11-08T23:49:20,Finance,0.39121743409547766,0.5371591614616722,1.923317475549084,STABILIZE,0.6224999999999999,0.16999999999999998,
2025-11-08T23:49:21,Finance,0.14075219320277793,-0.1370203379587616,1.936925563019051,STABILIZE,0.6249999999999999,0.16999999999999998,
2025-11-08T23:49:22,Finance,-0.32806194500518426,-0.462164099092258,1.9435935258793349,STABILIZE,0.6274999999999998,0.16999999999999998,
2025-11-08T23:49:23,Finance,-0.40602662404066664,-0.3668988069981623,1.9468608276808739,STABILIZE,0.6299999999999998,0.16999999999999998,
2025-11-08T23:49:24,Finance,-0.42270107111187116,-0.4624588551883087,1.948461805563628,STABILIZE,0.6324999999999997,0.16999999999999998,
2025-11-08T23:49:25,Finance,-0.18221467496092092,0.013941430210625133,0.9802462847261776,STABILIZE,0.6299999999999998,0.16999999999999998,
2025-11-08T23:49:26,Finance,0.15815799747540982,0.25921476676279154,1.474820679515827,STABILIZE,0.6274999999999998,0.16999999999999998,
2025-11-08T23:49:27,Finance,-0.10941813089664454,-0.36771300391465045,1.717162132962755,STABILIZE,0.6299999999999998,0.16999999999999998,
2025-11-08T23:49:28,Finance,-0.4694666644687645,-0.5413275290356219,1.83590944515175,STABILIZE,0.6324999999999997,0.16999999999999998,
2025-11-08T23:49:29,Finance,-0.3781661243643487,-0.2647793497713611,1.8940956281243573,STABILIZE,0.6299999999999998,0.16999999999999998,
2025-11-08T23:49:30,Finance,-0.21429395846590482,-0.17972500079485448,1.9226068577809348,STABILIZE,0.6274999999999998,0.16999999999999998,
2025-11-08T23:49:31,Finance,0.17342120525389434,0.420593172998016,1.9365773603126577,STABILIZE,0.6249999999999999,0.16999999999999998,
2025-11-08T23:49:32,Finance,0.018772212840092617,-0.26278040478242676,0.9744229065532021,STABILIZE,0.6274999999999998,0.16999999999999998,
2025-11-08T23:49:33,Finance,0.09740446451514403,0.349330414401019,1.471967224211069,STABILIZE,0.6249999999999999,0.16999999999999998,
2025-11-08T23:49:34,Finance,-0.0304246651676979,-0.2967763599851135,1.7157639398634237,STABILIZE,0.6274999999999998,0.16999999999999998,
2025-11-08T23:49:35,Finance,-0.2380062553530454,-0.19723794065088207,1.8352243305330773,STABILIZE,0.6299999999999998,0.16999999999999998,
2025-11-08T23:49:36,Finance,-0.31120145300018376,-0.39051216680168954,1.8937599219612076,STABILIZE,0.6324999999999997,0.16999999999999998,
2025-11-08T23:49:37,Finance,-0.44654206384367945,-0.4852772131057826,1.9224423617609914,STABILIZE,0.6349999999999997,0.16999999999999998,
2025-11-08T23:49:38,Finance,-0.5118721467856899,-0.5311340536625437,1.9364967572628857,STABILIZE,0.6374999999999996,0.16999999999999998,
2025-11-08T23:49:40,Finance,-0.6550394644142798,-0.7419387562954407,1.9433834110588137,STABILIZE,0.6399999999999996,0.16999999999999998,
2025-11-08T23:49:41,Finance,-0.22104897770438825,0.14351295260968097,1.9467578714188185,STABILIZE,0.6374999999999996,0.16999999999999998,
2025-11-08T23:49:42,Finance,0.1203952204972882,0.10489070099408068,0.9794113569952209,STABILIZE,0.6349999999999997,0.16999999999999998,
2025-11-08T23:49:43,Finance,0.3734234693685439,0.5613964047391826,1.4744115649276581,STABILIZE,0.6324999999999997,0.16999999999999998,
2025-11-08T23:49:44,Finance,0.46609663967991355,0.3990242533299253,1.7169616668145522,EXPLORE,0.6299999999999998,0.16999999999999998,
2025-11-08T23:49:45,Finance,0.30743168674753496,0.24256691294649763,1.8358112167391305,STABILIZE,0.6324999999999997,0.16999999999999998,
2025-11-08T23:49:46,Finance,0.29679258383432827,0.3343851711486395,1.8940474962021738,STABILIZE,0.6349999999999997,0.16999999999999998,
2025-11-08T23:49:47,Finance,0.2412899807324824,0.176805943691519,0.953583273139065,STABILIZE,0.6374999999999996,0.16999999999999998,
2025-11-08T23:49:48,Finance,-0.1758366635291873,-0.4227020502348028,0.4927558038381418,PROTECT,0.6399999999999996,0.16999999999999998,
2025-11-08T23:49:49,Finance,-0.5958895319992231,-0.7171209055995916,1.2359503438806894,STABILIZE,0.6424999999999995,0.16999999999999998,
2025-11-08T23:49:50,Finance,-0.5348232234670458,-0.40684417038366794,1.6001156685015376,STABILIZE,0.6399999999999996,0.16999999999999998,
2025-11-08T23:49:51,Finance,-0.2782166634947934,-0.18850069796395777,1.7785566775657533,STABILIZE,0.6374999999999996,0.16999999999999998,
2025-11-08T23:49:52,Finance,-0.43115208280533984,-0.60103220185474,1.865992772007219,STABILIZE,0.6399999999999996,0.16999999999999998,
2025-11-08T23:49:53,Finance,-0.719533529766232,-0.8025246357396778,1.908836458283537,STABILIZE,0.6424999999999995,0.16999999999999998,
2025-11-08T23:49:54,Finance,-0.8617423923585035,-0.9031963702748071,1.0216545933191143,STABILIZE,0.6449999999999995,0.16999999999999998,
2025-11-08T23:49:55,Finance,-0.5235212001675518,-0.257569425288439,1.495110750726366,STABILIZE,0.6424999999999995,0.16999999999999998,
2025-11-08T23:49:56,Finance,-0.4795476798162588,-0.6349088222223496,1.7271042678559192,STABILIZE,0.6399999999999996,0.16999999999999998,
2025-11-08T23:49:57,Finance,-0.6890813813046199,-0.7273334181075083,1.8407810912494003,STABILIZE,0.6424999999999995,0.16999999999999998,
2025-11-08T23:49:58,Finance,-0.4831267941260421,-0.3115212152650993,1.896482734712206,STABILIZE,0.6399999999999996,0.16999999999999998,
2025-11-08T23:49:59,Finance,-0.3675040825142302,-0.40692512806968284,1.9237765400089808,STABILIZE,0.6374999999999996,0.16999999999999998,
2025-11-08T23:50:00,Finance,-0.11252428902696246,0.09404735015541434,1.9371505046044004,STABILIZE,0.6349999999999997,0.16999999999999998,
2025-11-08T23:50:01,Finance,0.3634694210083393,0.5520066846091252,1.943703747256156,STABILIZE,0.6324999999999997,0.16999999999999998,
2025-11-08T23:50:02,Finance,0.6792771051169018,0.7682368553887593,1.9469148361555162,EXPLORE,0.6299999999999998,0.16999999999999998,
2025-11-08T23:50:03,Finance,0.5435225840390305,0.3857006275934483,1.9484882697162027,EXPLORE,0.6324999999999997,0.16999999999999998,
2025-11-08T23:50:04,Finance,0.5675549849819393,0.6947717882680875,0.9802592521609392,EXPLORE,0.6299999999999998,0.16999999999999998,
2025-11-08T23:50:05,Finance,0.1864599028067283,-0.16936351226605675,0.5061265437780599,PROTECT,0.6324999999999997,0.16999999999999998,
2025-11-08T23:50:06,Finance,0.09354638209047539,0.27818022511035817,1.2425020064512493,STABILIZE,0.6349999999999997,0.16999999999999998,
2025-11-08T23:50:07,Finance,0.2982305994192284,0.3123616861977295,1.603325983161112,STABILIZE,0.6324999999999997,0.16999999999999998,
2025-11-08T23:50:08,Finance,0.21611820204430005,0.1479624289475575,1.7801297317489446,STABILIZE,0.6349999999999997,0.16999999999999998,
2025-11-08T23:50:09,Finance,0.40357369499421436,0.5825015805388233,0.8977635685569827,STABILIZE,0.6324999999999997,0.16999999999999998,
2025-11-08T23:50:10,Finance,0.11017317638419416,-0.22051490781147615,0.46543366555077004,PROTECT,0.6349999999999997,0.16999999999999998,
2025-11-08T23:50:11,Finance,-0.4530877624359247,-0.6159311498530962,1.222562496119877,STABILIZE,0.6374999999999996,0.16999999999999998,
2025-11-08T23:50:12,Finance,-0.4953598329591348,-0.4115158260210995,1.5935556230987395,STABILIZE,0.6399999999999996,0.16999999999999998,
2025-11-08T23:50:13,Finance,-0.33010165043433926,-0.2740390261554139,0.8063422553183822,STABILIZE,0.6374999999999996,0.16999999999999998,
2025-11-08T23:50:14,Finance,-0.4918188837723441,-0.6442654009563552,1.3896077051060072,STABILIZE,0.6399999999999996,0.16999999999999998,
2025-11-08T23:50:15,Finance,-0.4835543359652221,-0.3706934566080309,1.6754077755019432,STABILIZE,0.6374999999999996,0.16999999999999998,
2025-11-08T23:50:16,Finance,0.04050958458636278,0.32835137896526967,0.8464498099959521,STABILIZE,0.6349999999999997,0.16999999999999998,
2025-11-08T23:50:17,Finance,0.016216558656895363,-0.20284690200159378,1.4092604068980163,STABILIZE,0.6374999999999996,0.16999999999999998,
2025-11-08T23:50:18,Finance,-0.23205085506657236,-0.25270586595548034,1.685037599380028,STABILIZE,0.6399999999999996,0.16999999999999998,
2025-11-08T23:50:19,Finance,-0.27640325933238546,-0.2930122475946463,0.8511684236962136,STABILIZE,0.6424999999999995,0.16999999999999998,
2025-11-08T23:50:20,Finance,0.09489054653540341,0.36642242545384174,1.4115725276111446,STABILIZE,0.6399999999999996,0.16999999999999998,
2025-11-08T23:50:21,Finance,0.5564807027934071,0.6895204228691949,0.7171705385294608,EXPLORE,0.6374999999999996,0.16999999999999998,
2025-11-08T23:50:22,Finance,0.3544517172025896,0.1190018419180949,1.3459135638794355,STABILIZE,0.6399999999999996,0.16999999999999998,
2025-11-08T23:50:23,Finance,-0.21593224905029004,-0.450416229955609,1.6539976463009232,STABILIZE,0.6424999999999995,0.16999999999999998,
2025-11-08T23:50:24,Finance,-0.33794876615999914,-0.258496521109529,1.8049588466874522,STABILIZE,0.6449999999999995,0.16999999999999998,
2025-11-08T23:50:25,Finance,-0.05852281527339816,0.08174153525921418,1.8789298348768515,STABILIZE,0.6424999999999995,0.16999999999999998,
2025-11-08T23:50:26,Finance,-0.11403843074819955,-0.25059658544737845,1.9151756190896572,STABILIZE,0.6449999999999995,0.16999999999999998,
2025-11-08T23:50:27,Finance,-0.3759734705734159,-0.46418013600489083,1.932936053353932,STABILIZE,0.6474999999999994,0.16999999999999998,
2025-11-08T23:50:28,Finance,-0.45985209883601325,-0.4581477937591455,1.9416386661434264,STABILIZE,0.6499999999999994,0.16999999999999998,
2025-11-08T23:50:29,Finance,-0.03668531218296661,0.2580097653599417,1.9459029464102788,STABILIZE,0.6474999999999994,0.16999999999999998,
2025-11-08T23:50:31,Finance,0.4805143073102413,0.6362621743278105,1.9479924437410365,EXPLORE,0.6449999999999995,0.16999999999999998,
2025-11-08T23:50:32,Finance,0.635831544539303,0.6348617944029759,1.9490162974331076,EXPLORE,0.6424999999999995,0.16999999999999998,
2025-11-08T23:50:33,Finance,0.7279254425164853,0.7929008125485926,1.9495179857422227,GROW,0.6399999999999996,0.16999999999999998,
2025-11-08T23:50:34,Finance,0.27974124536432965,-0.07978779044235976,1.036575576347943,STABILIZE,0.6424999999999995,0.16999999999999998,
2025-11-08T23:50:35,Finance,-0.27404539419989393,-0.41075635763768914,1.5024220324104918,STABILIZE,0.6449999999999995,0.16999999999999998,
2025-11-08T23:50:36,Finance,-0.30163585274351734,-0.22462093237528033,1.7306867958811407,STABILIZE,0.6474999999999994,0.16999999999999998,
2025-11-08T23:50:37,Finance,-8.388470614065224e-05,0.15732436453332013,1.091623760954371,STABILIZE,0.6449999999999995,0.16999999999999998,
2025-11-08T23:50:38,Finance,-0.18782412804600626,-0.42947745940367166,0.927271830614586,STABILIZE,0.6474999999999994,0.16999999999999998,
2025-11-08T23:50:39,Finance,-0.5828336051326026,-0.690511208140316,1.4488631970011467,STABILIZE,0.6499999999999994,0.16999999999999998,
2025-11-08T23:50:40,Finance,-0.24754911862996815,0.06168759852450087,0.7354429665305618,STABILIZE,0.6474999999999994,0.16999999999999998,
2025-11-08T23:50:41,Finance,0.14993811851924593,0.21185154033890857,1.3548670535999752,STABILIZE,0.6449999999999995,0.16999999999999998,
2025-11-08T23:50:42,Finance,0.4473860642580184,0.6122204077523055,1.6583848562639876,STABILIZE,0.6424999999999995,0.16999999999999998,
2025-11-08T23:50:43,Finance,0.37095099944462745,0.201523413756857,1.8071085795693538,STABILIZE,0.6449999999999995,0.16999999999999998,
2025-11-08T23:50:44,Finance,0.3110808465904233,0.38730334199128036,1.8799832039889832,STABILIZE,0.6474999999999994,0.16999999999999998,
2025-11-08T23:50:45,Finance,-0.028687964489575613,-0.31989213024007385,1.9156917699546017,STABILIZE,0.6499999999999994,0.16999999999999998,
2025-11-08T23:50:46,Finance,-0.5239240240302997,-0.6667463871601538,1.0345715702615859,STABILIZE,0.6524999999999993,0.16999999999999998,
2025-11-08T23:50:47,Finance,-0.3583673056928152,-0.14232163680430188,1.5014400694281766,STABILIZE,0.6499999999999994,0.16999999999999998,
2025-11-08T23:50:48,Finance,0.13884824396632334,0.335346236793599,1.7302056340198064,STABILIZE,0.6474999999999994,0.16999999999999998,
2025-11-08T23:50:49,Finance,0.3866755273960341,0.4226938047134766,1.842300760669705,STABILIZE,0.6449999999999995,0.16999999999999998,
2025-11-08T23:50:50,Finance,0.5931828263103305,0.7124455377525931,1.8972273727281552,EXPLORE,0.6424999999999995,0.16999999999999998,
2025-11-08T23:50:51,Finance,0.56401460612079,0.46065942189300313,1.924141412636796,EXPLORE,0.6449999999999995,0.16999999999999998,
2025-11-08T23:50:52,Finance,0.2809795975183568,0.15618168675279373,1.9373292921920298,STABILIZE,0.6474999999999994,0.16999999999999998,
2025-11-08T23:50:53,Finance,-0.16691005158221098,-0.39338746420299575,1.9437913531740945,STABILIZE,0.6499999999999994,0.16999999999999998,
2025-11-08T23:50:54,Finance,-0.5573139363158692,-0.6722971075840116,1.946957763055306,STABILIZE,0.6524999999999993,0.16999999999999998,
2025-11-08T23:50:55,Finance,-0.7687037078254877,-0.8362355149697415,1.9485093038970998,STABILIZE,0.6549999999999992,0.16999999999999998,
2025-11-08T23:50:56,Finance,-0.28536944201227743,0.10023647064245328,1.9492695589095788,STABILIZE,0.6524999999999993,0.16999999999999998,
2025-11-08T23:50:57,Finance,0.36591665966172515,0.5517574307255291,1.9496420838656934,STABILIZE,0.6499999999999994,0.16999999999999998,
2025-11-08T23:50:58,Finance,0.5336931910240423,0.521246384013019,1.9498246210941894,EXPLORE,0.6474999999999994,0.16999999999999998,
2025-11-08T23:50:59,Finance,0.40569083464566713,0.3238110571715438,1.9499140643361528,STABILIZE,0.6499999999999994,0.16999999999999998,
2025-11-08T23:51:00,Finance,-0.057294309631209156,-0.3242396922139308,1.9499578915247147,STABILIZE,0.6524999999999993,0.16999999999999998,
2025-11-08T23:51:01,Finance,-0.5165794577501119,-0.6514673141763536,1.94997936684711,STABILIZE,0.6549999999999992,0.16999999999999998,
2025-11-08T23:51:02,Finance,-0.7553864721092128,-0.8281504205601747,1.2352261126227446,STABILIZE,0.6574999999999992,0.16999999999999998,
2025-11-08T23:51:03,Finance,-0.4623678745563654,-0.20615930390960044,0.6307607951851448,PROTECT,0.6549999999999992,0.16999999999999998,
2025-11-08T23:51:04,Finance,0.1556006249457664,0.40882731565173147,1.3035727896407208,STABILIZE,0.6524999999999993,0.16999999999999998,
2025-11-08T23:51:05,Finance,-0.013778917053376472,-0.3096056204967565,1.633250666923953,STABILIZE,0.6549999999999992,0.16999999999999998,
2025-11-08T23:51:06,Finance,-0.3112880748587611,-0.31261685861301897,1.0088597183402193,STABILIZE,0.6574999999999992,0.16999999999999998,
2025-11-08T23:51:07,Finance,-0.5188146250949244,-0.6631541008102954,1.4888412619867073,STABILIZE,0.6599999999999991,0.16999999999999998,
2025-11-08T23:51:08,Finance,-0.16434703321345956,0.18481112396959665,1.7240322183734864,STABILIZE,0.6574999999999992,0.16999999999999998,
2025-11-08T23:51:09,Finance,-0.11636751644637996,-0.3263519040514141,1.839275787003008,STABILIZE,0.6549999999999992,0.16999999999999998,
2025-11-08T23:51:10,Finance,-0.38181708660781244,-0.42031152158814794,1.8957451356314738,STABILIZE,0.6574999999999992,0.16999999999999998,
2025-11-08T23:51:11,Finance,-0.5465477280406199,-0.6351522146688303,0.954415116459422,STABILIZE,0.6599999999999991,0.16999999999999998,
2025-11-08T23:51:12,Finance,-0.7436264464468718,-0.8195954212479493,0.49316340706511674,PROTECT,0.6624999999999991,0.16999999999999998,
2025-11-08T23:51:13,Finance,-0.8534408190343525,-0.8774331798885938,1.2361500694619072,STABILIZE,0.664999999999999,0.16999999999999998,
2025-11-08T23:51:14,Finance,-0.9141191235410662,-0.9398034318490065,1.6002135340363344,STABILIZE,0.667499999999999,0.16999999999999998,
2025-11-08T23:51:15,Finance,-0.36503069318147935,0.037150982331934645,0.8096046316778037,STABILIZE,0.664999999999999,0.16999999999999998,
2025-11-08T23:51:16,Finance,-0.004478967451806173,-0.03304416868653884,1.3912062695221237,STABILIZE,0.6624999999999991,0.16999999999999998,
2025-11-08T23:51:17,Finance,0.0928373871588675,0.181154012186039,0.7071910720658405,STABILIZE,0.6599999999999991,0.16999999999999998,
2025-11-08T23:51:18,Finance,0.029789356201476852,-0.07625702258102672,1.3410236253122616,STABILIZE,0.6624999999999991,0.16999999999999998,
2025-11-08T23:51:19,Finance,0.24612699838825514,0.4717720166575877,1.651601576403008,STABILIZE,0.6599999999999991,0.16999999999999998,
2025-11-08T23:51:20,Finance,0.17770363295108382,-0.027818960457552167,1.8037847724374738,STABILIZE,0.6624999999999991,0.16999999999999998,
2025-11-08T23:51:22,Finance,-0.18000447503227174,-0.2876061762642426,1.878354538494362,STABILIZE,0.664999999999999,0.16999999999999998,
2025-11-08T23:51:23,Finance,-0.3517238065186781,-0.39633406395831716,1.9148937238622372,STABILIZE,0.667499999999999,0.16999999999999998,
2025-11-08T23:51:24,Finance,0.022566121324401445,0.31579624728981204,1.1579988393657636,STABILIZE,0.664999999999999,0.16999999999999998,
2025-11-08T23:51:25,Finance,-0.07036003402076393,-0.3408769643437671,1.561919431289224,STABILIZE,0.667499999999999,0.16999999999999998,
2025-11-08T23:51:26,Finance,-0.22017533548458965,-0.13500961197879258,0.7908405213317196,STABILIZE,0.6699999999999989,0.16999999999999998,
2025-11-08T23:51:27,Finance,-0.39433341552045986,-0.5758672041436033,1.3820118554525425,STABILIZE,0.6724999999999989,0.16999999999999998,
2025-11-08T23:51:28,Finance,-0.683954370614078,-0.7598723444802107,1.1871858091717458,STABILIZE,0.6749999999999988,0.16999999999999998,
2025-11-08T23:51:29,Finance,-0.23191247693761313,0.1376592899535593,1.576221046494155,STABILIZE,0.6724999999999989,0.16999999999999998,
2025-11-08T23:51:30,Finance,-0.014020681006668728,-0.11890839455299403,0.7978483127821359,STABILIZE,0.6699999999999989,0.16999999999999998,
2025-11-08T23:51:31,Finance,0.012321342776299218,0.10405130610509089,1.3854456732632463,STABILIZE,0.667499999999999,0.16999999999999998,
2025-11-08T23:51:32,Finance,-0.01739636562850848,-0.10264535560909482,1.6733683798989905,STABILIZE,0.6699999999999989,0.16999999999999998,
2025-11-08T23:51:33,Finance,-0.3292756416661997,-0.4885363776924734,1.814450506150505,STABILIZE,0.6724999999999989,0.16999999999999998,
2025-11-08T23:51:34,Finance,-0.3117299316530601,-0.1869947063112405,0.9145807480137472,STABILIZE,0.6699999999999989,0.16999999999999998,
2025-11-08T23:51:35,Finance,0.1691035594350304,0.4183723301007184,1.442644566526736,STABILIZE,0.667499999999999,0.16999999999999998,
2025-11-08T23:51:36,Finance,0.17775468123944185,0.00964932058461293,1.7013958375981004,STABILIZE,0.664999999999999,0.16999999999999998,
2025-11-08T23:51:37,Finance,-0.25839209929598994,-0.44644726392836387,1.828183960423069,STABILIZE,0.667499999999999,0.16999999999999998,
2025-11-08T23:51:38,Finance,-0.3501100164282297,-0.2831119881039385,1.8903101406073035,STABILIZE,0.6699999999999989,0.16999999999999998,
2025-11-08T23:51:39,Finance,0.04300832753733949,0.270957082786084,1.9207519688975785,STABILIZE,0.667499999999999,0.16999999999999998,
2025-11-08T23:51:40,Finance,0.02296566438004008,-0.15114100900900324,1.9356684647598132,STABILIZE,0.6699999999999989,0.16999999999999998,
2025-11-08T23:51:41,Finance,-0.4050823881027158,-0.5828671833154639,1.9429775477323084,STABILIZE,0.6724999999999989,0.16999999999999998,
2025-11-08T23:51:42,Finance,-0.10801269418982085,0.2243850010398909,1.9465589983888307,STABILIZE,0.6699999999999989,0.16999999999999998,
2025-11-08T23:51:43,Finance,0.45703874237225495,0.619894412254776,1.9483139092105268,EXPLORE,0.667499999999999,0.16999999999999998,
2025-11-08T23:51:44,Finance,0.5428923596927445,0.489049115143647,0.980173815513158,EXPLORE,0.664999999999999,0.16999999999999998,
2025-11-08T23:51:45,Finance,0.21594990403273737,0.023757813777008085,1.4747851696014471,STABILIZE,0.667499999999999,0.16999999999999998,
2025-11-08T23:51:46,Finance,0.3139909256233263,0.5170711759754206,1.717144733104709,STABILIZE,0.664999999999999,0.16999999999999998,
2025-11-08T23:51:47,Finance,0.21711452276284285,0.007323374981269004,1.8359009192213072,STABILIZE,0.667499999999999,0.16999999999999998,
2025-11-08T23:51:48,Finance,0.17162633251657636,0.28613840573743576,1.8940914504184403,STABILIZE,0.6699999999999989,0.16999999999999998,
2025-11-08T23:51:49,Finance,0.09363685151784283,-0.04097001648592401,1.9226048107050355,STABILIZE,0.6724999999999989,0.16999999999999998,
2025-11-08T23:51:50,Finance,-0.056435633822918815,-0.06790798508661781,1.936576357245467,STABILIZE,0.6749999999999988,0.16999999999999998,
2025-11-08T23:51:51,Finance,-0.3473089758738166,-0.5429015171375297,1.9434224150502786,STABILIZE,0.6774999999999988,0.16999999999999998,
2025-11-08T23:51:52,Finance,-0.4384642718853818,-0.36599847521867584,0.9777769833746363,STABILIZE,0.6799999999999987,0.16999999999999998,
2025-11-08T23:51:53,Finance,0.029867704259484096,0.3068070803474274,1.4736107218535717,STABILIZE,0.6774999999999988,0.16999999999999998,
2025-11-08T23:51:54,Finance,-0.08523481686065312,-0.35966416476883123,1.71656925370825,STABILIZE,0.6799999999999987,0.16999999999999998,
2025-11-08T23:51:55,Finance,-0.15109387702793936,-0.0051204788782921035,1.8356189343170424,STABILIZE,0.6824999999999987,0.16999999999999998,
2025-11-08T23:51:56,Finance,0.00274238119492617,0.007758518076073241,1.8939532778153505,STABILIZE,0.6799999999999987,0.16999999999999998,
2025-11-08T23:51:57,Finance,0.10272442581701512,0.16911096521927987,1.9225371061295216,STABILIZE,0.6774999999999988,0.16999999999999998,
2025-11-08T23:51:58,Finance,0.41822393862571045,0.5925962682421646,1.9365431820034653,STABILIZE,0.6749999999999988,0.16999999999999998,
2025-11-08T23:51:59,Finance,0.7147024759077019,0.800170242198921,1.9434061591816978,GROW,0.6724999999999989,0.16999999999999998,
2025-11-08T23:52:00,Finance,0.6732241370553562,0.5856734266168047,1.9467690179990316,EXPLORE,0.6749999999999988,0.16999999999999998,
2025-11-08T23:52:01,Finance,0.6910591461941209,0.7645712217094437,0.9794168188195252,EXPLORE,0.6724999999999989,0.16999999999999998,
2025-11-08T23:52:02,Finance,0.4489704248933594,0.2277436545444031,0.5054142412215673,PROTECT,0.6749999999999988,0.16999999999999998,
2025-11-08T23:52:03,Finance,-0.13426310543016615,-0.38780518212712967,1.2421529781985678,STABILIZE,0.6774999999999988,0.16999999999999998,
2025-11-08T23:52:04,Finance,-0.24221632073506277,-0.1396696927003683,0.6341549593172982,PROTECT,0.6799999999999987,0.16999999999999998,
2025-11-08T23:52:05,Finance,-0.2603416038197416,-0.3443509965050944,1.305235930065476,STABILIZE,0.6824999999999987,0.16999999999999998,
2025-11-08T23:52:06,Finance,-0.21894968821974467,-0.13186080571635359,1.634065605732083,STABILIZE,0.6799999999999987,0.16999999999999998,
2025-11-08T23:52:07,Finance,-0.38527193413326427,-0.562829311179414,1.7951921468087206,STABILIZE,0.6824999999999987,0.16999999999999998,
2025-11-08T23:52:08,Finance,-0.18628969917235455,0.07640385461272173,0.905144151936273,STABILIZE,0.6799999999999987,0.16999999999999998,
2025-11-08T23:52:09,Finance,-0.027394645657596126,-0.09976817931007079,1.4380206344487738,STABILIZE,0.6774999999999988,0.16999999999999998,
2025-11-08T23:52:10,Finance,-0.22738092407197774,-0.316376324309087,1.699130110879899,STABILIZE,0.6799999999999987,0.16999999999999998,
2025-11-08T23:52:11,Finance,-0.14957990455173997,-0.03316818111842622,1.8270737543311504,STABILIZE,0.6774999999999988,0.16999999999999998,
2025-11-08T23:52:12,Finance,0.27670086658646037,0.4936047195138177,1.8897661396222636,STABILIZE,0.6749999999999988,0.16999999999999998,
2025-11-08T23:52:13,Finance,0.0597841678924827,-0.24405686622640974,1.3848988695651436,STABILIZE,0.6774999999999988,0.16999999999999998,
2025-11-08T23:52:14,Finance,0.09399190752231121,0.33012790285617366,0.7041004460869204,STABILIZE,0.6749999999999988,0.16999999999999998,
2025-11-08T23:52:15,Finance,0.3079875720625811,0.2926260930413969,1.3395092185825908,STABILIZE,0.6724999999999989,0.16999999999999998,
2025-11-08T23:52:16,Finance,-0.09344850497968735,-0.3637487202754678,0.6818595171054693,STABILIZE,0.6749999999999988,0.16999999999999998,
2025-11-08T23:52:18,Finance,-0.37111464306368286,-0.37603640825123685,1.3286111633816797,STABILIZE,0.6774999999999988,0.16999999999999998,
2025-11-08T23:52:19,Finance,0.036412049754202314,0.32510779587568855,1.645519470057023,STABILIZE,0.6749999999999988,0.16999999999999998,
2025-11-08T23:52:20,Finance,-0.07241902081004961,-0.35068814588957054,1.0818281841558222,STABILIZE,0.6774999999999988,0.16999999999999998,
2025-11-08T23:52:21,Finance,-0.5454816785048328,-0.6818371537365875,0.5721391372547995,PROTECT,0.6799999999999987,0.16999999999999998,
2025-11-08T23:52:22,Finance,-0.688211276850937,-0.6930987570068377,1.2748481772548517,STABILIZE,0.6824999999999987,0.16999999999999998,
2025-11-08T23:52:23,Finance,-0.7851486869343751,-0.8495848845620237,1.0828214394896971,STABILIZE,0.6849999999999986,0.16999999999999998,
2025-11-08T23:52:24,Finance,-0.3130699937561662,0.06221856079104934,0.7996444979574101,STABILIZE,0.6824999999999987,0.16999999999999998,
2025-11-08T23:52:25,Finance,-0.2564328519640359,-0.47948797678549515,0.41732580399913094,PROTECT,0.6799999999999987,0.16999999999999998,
2025-11-08T23:52:26,Finance,-0.32390034240907445,-0.2157467807219647,0.22998964395957416,PROTECT,0.6824999999999987,0.16999999999999998,
2025-11-08T23:52:27,Finance,-0.42822823135079136,-0.5773675284049846,1.1071949255401914,PROTECT,0.6849999999999986,0.16999999999999998,
2025-11-08T23:52:28,Finance,-0.18809573045371733,0.08371192875142916,1.5370255135146937,STABILIZE,0.6824999999999987,0.16999999999999998,
2025-11-08T23:52:29,Finance,0.30003138656356887,0.4505749708311374,1.7476425016221997,STABILIZE,0.6799999999999987,0.16999999999999998,
2025-11-08T23:52:30,Finance,0.16978758922375412,-0.02651772687920391,1.8508448257948777,STABILIZE,0.6824999999999987,0.16999999999999998,
2025-11-08T23:52:31,Finance,-0.31834334484179877,-0.5226315921214103,1.9014139646394899,STABILIZE,0.6849999999999986,0.16999999999999998,
2025-11-08T23:57:27,Finance,0.6320943984974443,0.7245604774456553,1.4844999999999997,EXPLORE,0.62,0.16999999999999998,
2025-11-08T23:57:28,Finance,0.6222203843308021,0.5514087724737483,1.7219049999999998,EXPLORE,0.6224999999999999,0.16999999999999998,
2025-11-08T23:57:29,Finance,0.40643292347661353,0.3055557716944917,1.8382334499999997,STABILIZE,0.6249999999999999,0.16999999999999998,
2025-11-08T23:57:30,Finance,0.12878769096794263,0.004950918845341476,1.8952343904999998,STABILIZE,0.6274999999999998,0.16999999999999998,
2025-11-08T23:57:31,Finance,0.1754274995141541,0.29358393325933774,1.9231648513449997,STABILIZE,0.6249999999999999,0.16999999999999998,
2025-11-08T23:57:32,Finance,0.24631207672630206,0.21405368523548576,1.9368507771590497,STABILIZE,0.6224999999999999,0.16999999999999998,
2025-11-08T23:57:33,Finance,0.20004596539891373,0.18927008560068778,1.9435568808079342,STABILIZE,0.6249999999999999,0.16999999999999998,
2025-11-08T23:57:34,Finance,-0.15137169974547898,-0.3901674373927584,1.9468428715958876,STABILIZE,0.6274999999999998,0.16999999999999998,
2025-11-08T23:57:35,Finance,0.026416126458394917,0.31800639235958233,1.9484530070819848,STABILIZE,0.6249999999999999,0.16999999999999998,
2025-11-08T23:57:36,Finance,0.5226035849163393,0.665821540146985,0.9802419734701724,EXPLORE,0.6224999999999999,0.16999999999999998,
2025-11-08T23:57:37,Finance,0.7660749288847308,0.836252287182566,1.4748185670003844,GROW,0.62,0.16999999999999998,
2025-11-08T23:57:38,Finance,0.5513184158085247,0.3515551744989691,1.717161097830188,EXPLORE,0.6224999999999999,0.16999999999999998,
2025-11-08T23:57:39,Finance,0.5214989457077502,0.6409032921672873,1.835908937936792,EXPLORE,0.6249999999999999,0.16999999999999998,
2025-11-08T23:57:40,Finance,0.4316992865907268,0.28460314318273705,1.894095379589028,STABILIZE,0.6274999999999998,0.16999999999999998,
2025-11-08T23:57:41,Finance,0.4488623861780908,0.5632430796530596,1.9226067359986236,STABILIZE,0.6249999999999999,0.16999999999999998,
2025-11-08T23:57:42,Finance,0.09563453232818231,-0.23173552892985227,0.9675773006393255,STABILIZE,0.6274999999999998,0.16999999999999998,
2025-11-08T23:57:43,Finance,0.13778512092465894,0.39644957478110865,1.4686128773132694,STABILIZE,0.6249999999999999,0.16999999999999998,
2025-11-08T23:57:44,Finance,0.5775072352940542,0.7042470438749564,1.7141203098835018,EXPLORE,0.6224999999999999,0.16999999999999998,
2025-11-08T23:57:45,Finance,0.3353735491252522,0.07749009709710597,1.8344189518429157,STABILIZE,0.6249999999999999,0.16999999999999998,
2025-11-08T23:57:46,Finance,-0.04686513440311077,-0.13507755671778326,1.8933652864030284,STABILIZE,0.6274999999999998,0.16999999999999998,
2025-11-08T23:57:47,Finance,0.2054456770385889,0.4438119368319213,1.0054031000813244,STABILIZE,0.6249999999999999,0.16999999999999998,
2025-11-08T23:57:49,Finance,0.18290930499509675,0.0006378712213848392,1.4871475190398489,STABILIZE,0.6274999999999998,0.16999999999999998,
2025-11-08T23:57:50,Finance,0.3004416472724665,0.5103039379319355,1.7232022843295256,STABILIZE,0.6249999999999999,0.16999999999999998,
2025-11-08T23:57:51,Finance,0.3306553034566659,0.20534717965323301,1.8388691193214675,STABILIZE,0.6224999999999999,0.16999999999999998,
2025-11-08T23:57:52,Finance,0.19124659536077657,0.18200506853788595,1.8955458684675188,STABILIZE,0.6249999999999999,0.16999999999999998,
2025-11-08T23:57:53,Finance,0.39121743409547766,0.5371591614616722,1.923317475549084,STABILIZE,0.6224999999999999,0.16999999999999998,
2025-11-08T23:57:54,Finance,0.14075219320277793,-0.1370203379587616,1.936925563019051,STABILIZE,0.6249999999999999,0.16999999999999998,
2025-11-08T23:57:55,Finance,-0.32806194500518426,-0.462164099092258,1.9435935258793349,STABILIZE,0.6274999999999998,0.16999999999999998,
2025-11-08T23:57:56,Finance,-0.40602662404066664,-0.3668988069981623,1.9468608276808739,STABILIZE,0.6299999999999998,0.16999999999999998,
2025-11-08T23:57:57,Finance,-0.42270107111187116,-0.4624588551883087,1.948461805563628,STABILIZE,0.6324999999999997,0.16999999999999998,
2025-11-08T23:57:58,Finance,-0.18221467496092092,0.013941430210625133,0.9802462847261776,STABILIZE,0.6299999999999998,0.16999999999999998,
2025-11-08T23:57:59,Finance,0.15815799747540982,0.25921476676279154,1.474820679515827,STABILIZE,0.6274999999999998,0.16999999999999998,
2025-11-08T23:58:00,Finance,-0.10941813089664454,-0.36771300391465045,1.717162132962755,STABILIZE,0.6299999999999998,0.16999999999999998,
2025-11-08T23:58:01,Finance,-0.4694666644687645,-0.5413275290356219,1.83590944515175,STABILIZE,0.6324999999999997,0.16999999999999998,
2025-11-08T23:58:02,Finance,-0.3781661243643487,-0.2647793497713611,1.8940956281243573,STABILIZE,0.6299999999999998,0.16999999999999998,
2025-11-08T23:58:03,Finance,-0.21429395846590482,-0.17972500079485448,1.9226068577809348,STABILIZE,0.6274999999999998,0.16999999999999998,
2025-11-08T23:58:04,Finance,0.17342120525389434,0.420593172998016,1.9365773603126577,STABILIZE,0.6249999999999999,0.16999999999999998,
2025-11-08T23:58:05,Finance,0.018772212840092617,-0.26278040478242676,0.9744229065532021,STABILIZE,0.6274999999999998,0.16999999999999998,
2025-11-08T23:58:06,Finance,0.09740446451514403,0.349330414401019,1.471967224211069,STABILIZE,0.6249999999999999,0.16999999999999998,
2025-11-08T23:58:07,Finance,-0.0304246651676979,-0.2967763599851135,1.7157639398634237,STABILIZE,0.6274999999999998,0.16999999999999998,
2025-11-08T23:58:08,Finance,-0.2380062553530454,-0.19723794065088207,1.8352243305330773,STABILIZE,0.6299999999999998,0.16999999999999998,
2025-11-08T23:58:09,Finance,-0.31120145300018376,-0.39051216680168954,1.8937599219612076,STABILIZE,0.6324999999999997,0.16999999999999998,
2025-11-08T23:58:10,Finance,-0.44654206384367945,-0.4852772131057826,1.9224423617609914,STABILIZE,0.6349999999999997,0.16999999999999998,
2025-11-08T23:58:11,Finance,-0.5118721467856899,-0.5311340536625437,1.9364967572628857,STABILIZE,0.6374999999999996,0.16999999999999998,
2025-11-08T23:58:12,Finance,-0.6550394644142798,-0.7419387562954407,1.9433834110588137,STABILIZE,0.6399999999999996,0.16999999999999998,
2025-11-08T23:58:13,Finance,-0.22104897770438825,0.14351295260968097,1.9467578714188185,STABILIZE,0.6374999999999996,0.16999999999999998,
2025-11-08T23:58:14,Finance,0.1203952204972882,0.10489070099408068,0.9794113569952209,STABILIZE,0.6349999999999997,0.16999999999999998,
2025-11-08T23:58:15,Finance,0.3734234693685439,0.5613964047391826,1.4744115649276581,STABILIZE,0.6324999999999997,0.16999999999999998,
2025-11-08T23:58:16,Finance,0.46609663967991355,0.3990242533299253,1.7169616668145522,EXPLORE,0.6299999999999998,0.16999999999999998,
2025-11-08T23:58:17,Finance,0.30743168674753496,0.24256691294649763,1.8358112167391305,STABILIZE,0.6324999999999997,0.16999999999999998,
2025-11-08T23:58:18,Finance,0.29679258383432827,0.3343851711486395,1.8940474962021738,STABILIZE,0.6349999999999997,0.16999999999999998,
2025-11-08T23:58:19,Finance,0.2412899807324824,0.176805943691519,0.953583273139065,STABILIZE,0.6374999999999996,0.16999999999999998,
2025-11-08T23:58:20,Finance,-0.1758366635291873,-0.4227020502348028,0.4927558038381418,PROTECT,0.6399999999999996,0.16999999999999998,
2025-11-08T23:58:21,Finance,-0.5958895319992231,-0.7171209055995916,1.2359503438806894,STABILIZE,0.6424999999999995,0.16999999999999998,
2025-11-08T23:58:22,Finance,-0.5348232234670458,-0.40684417038366794,1.6001156685015376,STABILIZE,0.6399999999999996,0.16999999999999998,
2025-11-08T23:58:23,Finance,-0.2782166634947934,-0.18850069796395777,1.7785566775657533,STABILIZE,0.6374999999999996,0.16999999999999998,
2025-11-08T23:58:24,Finance,-0.43115208280533984,-0.60103220185474,1.865992772007219,STABILIZE,0.6399999999999996,0.16999999999999998,
2025-11-08T23:58:25,Finance,-0.719533529766232,-0.8025246357396778,1.908836458283537,STABILIZE,0.6424999999999995,0.16999999999999998,
2025-11-08T23:58:26,Finance,-0.8617423923585035,-0.9031963702748071,1.0216545933191143,STABILIZE,0.6449999999999995,0.16999999999999998,
2025-11-08T23:58:27,Finance,-0.5235212001675518,-0.257569425288439,1.495110750726366,STABILIZE,0.6424999999999995,0.16999999999999998,auto-switch→Weather
2025-11-08T23:58:28,Weather,0.11855256546771839,0.38179778233205663,1.7271042678559192,STABILIZE,0.6399999999999996,0.16999999999999998,
2025-11-08T23:58:29,Weather,0.43920933768957104,0.47989473857512693,1.8407810912494003,STABILIZE,0.6374999999999996,0.16999999999999998,
2025-11-08T23:58:30,Weather,0.6358677126229675,0.7450455122940072,1.896482734712206,EXPLORE,0.6349999999999997,0.16999999999999998,
2025-11-08T23:58:31,Weather,0.6480046511365525,0.580433888094475,1.9237765400089808,EXPLORE,0.6324999999999997,0.16999999999999998,
2025-11-08T23:58:32,Weather,0.38967944603011334,0.25545278438646685,1.9371505046044004,STABILIZE,0.6349999999999997,0.16999999999999998,
2025-11-08T23:58:33,Weather,0.10900533523129542,0.00603252884139642,1.943703747256156,STABILIZE,0.6374999999999996,0.16999999999999998,
2025-11-08T23:58:34,Weather,-0.06825370804655834,-0.12065725327149911,1.9469148361555162,STABILIZE,0.6399999999999996,0.16999999999999998,
2025-11-08T23:58:35,Weather,-0.18066581407052462,-0.22278195107855195,0.9794882697162028,STABILIZE,0.6424999999999995,0.16999999999999998,
2025-11-08T23:58:36,Weather,-0.25511317503283526,-0.2777793924850117,1.4744492521609391,STABILIZE,0.6449999999999995,0.16999999999999998,
2025-11-08T23:58:37,Weather,-0.2939357256689502,-0.30526696467350656,1.71698013355886,STABILIZE,0.6474999999999994,0.16999999999999998,
2025-11-08T23:58:39,Weather,-0.19005503985303396,-0.10877415784999485,0.9337775207107972,STABILIZE,0.6449999999999995,0.16999999999999998,
2025-11-08T23:58:40,Weather,0.18972547668328857,0.39812994717072914,1.4520509851482903,STABILIZE,0.6424999999999995,0.16999999999999998,
2025-11-08T23:58:41,Weather,0.5604405626640792,0.6736736137977013,1.706004982722662,EXPLORE,0.6399999999999996,0.16999999999999998,
2025-11-08T23:58:42,Weather,0.5110065535327598,0.396273096888409,1.8304424415341043,EXPLORE,0.6424999999999995,0.16999999999999998,
2025-11-08T23:58:43,Weather,0.2261805924132043,0.10648366893901706,1.891416796351711,STABILIZE,0.6449999999999995,0.16999999999999998,
2025-11-08T23:58:44,Weather,0.017907884007711476,-0.04465751786966307,1.9212942302123381,STABILIZE,0.6474999999999994,0.16999999999999998,
2025-11-08T23:58:45,Weather,-0.29499227020041435,-0.4708309180583714,1.9359341728040456,STABILIZE,0.6499999999999994,0.16999999999999998,
2025-11-08T23:58:46,Weather,-0.6218184159608018,-0.7277198923425122,1.9431077446739822,STABILIZE,0.6524999999999993,0.16999999999999998,
2025-11-08T23:58:47,Weather,-0.8059531026488267,-0.860821234804243,1.946622794890251,STABILIZE,0.6549999999999992,0.16999999999999998,
2025-11-08T23:58:48,Weather,-0.8991118949259009,-0.9260227923599451,1.9483451694962228,STABILIZE,0.6574999999999992,0.16999999999999998,
2025-11-08T23:58:49,Weather,-0.947826934751423,-0.9631074284790593,1.949189133053149,STABILIZE,0.6599999999999991,0.16999999999999998,
2025-11-08T23:58:50,Weather,-0.8420622194548377,-0.7578244502352653,1.949602675196043,STABILIZE,0.6574999999999992,0.16999999999999998,
2025-11-08T23:58:51,Weather,-0.6989559583803078,-0.658246531579676,1.9498053108460607,STABILIZE,0.6549999999999992,0.16999999999999998,
2025-11-08T23:58:52,Weather,-0.6243710039526278,-0.601059773912361,1.9499046023145696,STABILIZE,0.6524999999999993,0.16999999999999998,
2025-11-08T23:58:53,Weather,-0.6596322864079933,-0.7009533757832958,1.949953255134139,STABILIZE,0.6549999999999992,0.16999999999999998,
2025-11-08T23:58:54,Weather,-0.7732164355882929,-0.8240136329978967,1.9499770950157278,STABILIZE,0.6574999999999992,0.16999999999999998,
2025-11-08T23:58:55,Weather,-0.8749993783602267,-0.9107350299292045,1.9499887765577064,STABILIZE,0.6599999999999991,0.16999999999999998,
2025-11-08T23:58:56,Weather,-0.931726447977413,-0.9465343801748238,1.949994500513276,STABILIZE,0.6624999999999991,0.16999999999999998,
2025-11-08T23:58:57,Weather,-0.9572621356922022,-0.9648741763523508,1.949997305251505,STABILIZE,0.664999999999999,0.16999999999999998,
2025-11-08T23:58:58,Weather,-0.9753489015322865,-0.9826842062387071,1.9499986795732371,STABILIZE,0.667499999999999,0.16999999999999998,auto-switch→Space
2025-11-08T23:58:59,Space,-0.7565204686705604,-0.5981575975918499,1.3255944641020085,STABILIZE,0.664999999999999,0.16999999999999998,
2025-11-08T23:59:00,Space,-0.683782720556137,-0.7432517785593453,1.644041287409984,STABILIZE,0.6624999999999991,0.16999999999999998,
2025-11-08T23:59:01,Space,-0.32579870673007144,-0.03422242645638729,0.8310802308308919,STABILIZE,0.6599999999999991,0.16999999999999998,
2025-11-08T23:59:02,Space,-0.22819496743852524,-0.3635340836920342,1.4017293131071369,STABILIZE,0.6574999999999992,0.16999999999999998,
2025-11-08T23:59:03,Space,0.008143175552274118,0.2678466807205518,0.8280370418212021,STABILIZE,0.6549999999999992,0.16999999999999998,
2025-11-08T23:59:04,Space,0.48555479893750186,0.6378987989188665,0.44266712293045735,PROTECT,0.6524999999999993,0.16999999999999998,
2025-11-08T23:59:05,Space,0.6151006706289647,0.5996091638761851,1.2114068902359238,PROTECT,0.6499999999999994,0.16999999999999998,
2025-11-08T23:59:06,Space,0.680482720085297,0.7365634518673971,0.6190893762156027,PROTECT,0.6474999999999994,0.16999999999999998,
2025-11-08T23:59:07,Space,0.26321406231474453,-0.06876127958907391,1.2978537943456452,STABILIZE,0.6499999999999994,0.16999999999999998,
2025-11-08T23:59:08,Space,0.042382346096865524,0.12166224937774707,0.6614483592293661,STABILIZE,0.6524999999999993,0.16999999999999998,
2025-11-08T23:59:09,Space,0.09085028065441883,0.06972383960939514,0.5863386845100029,PROTECT,0.6499999999999994,0.16999999999999998,
2025-11-08T23:59:10,Space,-0.23728265460441422,-0.45245813574874827,1.2818059554099013,STABILIZE,0.6524999999999993,0.16999999999999998,
2025-11-08T23:59:11,Space,-0.1501642007988854,0.060543834829565824,1.6225849181508516,STABILIZE,0.6499999999999994,0.16999999999999998,
2025-11-08T23:59:12,Space,0.11841741229660963,0.15859981516003632,0.8287555553484339,STABILIZE,0.6474999999999994,0.16999999999999998,
2025-11-08T23:59:13,Space,0.23574883760518894,0.2901008826329401,1.4005902221207323,STABILIZE,0.6449999999999995,0.16999999999999998,
2025-11-08T23:59:14,Space,-0.057159196818526964,-0.30085618510421097,0.7117892088391587,STABILIZE,0.6474999999999994,0.16999999999999998,
2025-11-08T23:59:15,Space,-0.05173382948985178,0.12294137264799218,0.37427671233118776,PROTECT,0.6449999999999995,0.16999999999999998,
2025-11-08T23:59:16,Space,0.338683391916323,0.48950682613019825,1.177895589042282,PROTECT,0.6424999999999995,0.16999999999999998,
2025-11-08T23:59:17,Space,0.37210392825960537,0.2906607732137603,1.571668838630718,STABILIZE,0.6399999999999996,0.16999999999999998,
2025-11-08T23:59:18,Space,-0.062145613172612274,-0.30948320721490924,0.7956177309290516,STABILIZE,0.6424999999999995,0.16999999999999998,
2025-11-08T23:59:19,Space,0.07522338778932944,0.3443455191088229,1.3843526881552353,STABILIZE,0.6399999999999996,0.16999999999999998,
2025-11-08T23:59:20,Space,0.05349141784032954,-0.15065296264546785,0.707765518562886,STABILIZE,0.6424999999999995,0.16999999999999998,
2025-11-08T23:59:21,Space,-0.3888053961948761,-0.5556883928798522,1.3413051040958142,STABILIZE,0.6449999999999995,0.16999999999999998,
2025-11-08T23:59:22,Space,-0.2192564621292308,0.015509588042736666,1.6517395010069489,STABILIZE,0.6424999999999995,0.16999999999999998,
2025-11-08T23:59:24,Space,-0.2832377086829896,-0.4924625099461941,1.8038523554934047,STABILIZE,0.6449999999999995,0.16999999999999998,
2025-11-08T23:59:25,Space,-0.04883704535665406,0.26159947617375595,1.8783876541917681,STABILIZE,0.6424999999999995,0.16999999999999998,
2025-11-08T23:59:26,Space,0.34869737764254316,0.4100623278081995,1.9149099505539662,STABILIZE,0.6399999999999996,0.16999999999999998,
2025-11-08T23:59:27,Space,0.3299542842470274,0.27291447751578934,1.9328058757714432,STABILIZE,0.6424999999999995,0.16999999999999998,
2025-11-08T23:59:28,Space,0.47233165803590155,0.6115770770287234,1.941574879128007,EXPLORE,0.6399999999999996,0.16999999999999998,
2025-11-08T23:59:29,Space,0.6573126709272467,0.6888701143760478,1.9458716907727232,EXPLORE,0.6374999999999996,0.16999999999999998,auto-switch→Science
2025-11-08T23:59:30,Science,0.7793437572335971,0.8425942219428734,1.2354026247681202,GROW,0.6349999999999997,0.16999999999999998,
2025-11-08T23:59:31,Science,0.7627429860849179,0.706351037435412,0.739111054853071,GROW,0.6374999999999996,0.16999999999999998,
2025-11-08T23:59:32,Science,0.7937010872734398,0.8548158918379363,0.6208840962060066,PROTECT,0.6349999999999997,0.16999999999999998,
2025-11-08T23:59:33,Science,0.8919525521062697,0.9178339178924466,0.588537624236556,PROTECT,0.6324999999999997,0.16999999999999998,
2025-11-08T23:59:34,Science,0.8158502981784741,0.7439684768198013,0.4781131620307001,PROTECT,0.6349999999999997,0.16999999999999998,
2025-11-08T23:59:35,Science,0.7735970378385648,0.7944981747406086,0.6446162664925369,PROTECT,0.6374999999999996,0.16999999999999998,
2025-11-08T23:59:36,Science,0.8555402876109172,0.8982459516852679,0.6152028957890445,PROTECT,0.6349999999999997,0.16999999999999998,
2025-11-08T23:59:37,Science,0.9287703318547731,0.9501372442078893,0.4405743265433712,PROTECT,0.6324999999999997,0.16999999999999998,
2025-11-08T23:59:38,Science,0.9650956235092079,0.9755664477376866,0.721179993975638,PROTECT,0.6299999999999998,0.16999999999999998,
2025-11-08T23:59:39,Science,0.9828061752567417,0.9878693073388825,0.4948633551373371,PROTECT,0.6274999999999998,0.16999999999999998,
2025-11-08T23:59:40,Science,0.991508412284943,0.99405577514594,0.6211179509661229,PROTECT,0.6249999999999999,0.16999999999999998,
2025-11-08T23:59:41,Science,0.9958389737236393,0.9970872051695199,0.6060873113569512,PROTECT,0.6224999999999999,0.16999999999999998,
2025-11-08T23:59:42,Science,0.9954326739684914,0.9943309302690095,0.7732291777088546,PROTECT,0.6249999999999999,0.16999999999999998,
2025-11-08T23:59:43,Science,0.9960243968321913,0.9972093473442747,0.6689625241766102,PROTECT,0.6224999999999999,0.16999999999999998,
2025-11-08T23:59:44,Science,0.9980463883968984,0.9986323013961942,0.8179957799757344,PROTECT,0.62,0.16999999999999998,
2025-11-08T23:59:45,Science,0.9980571180476814,0.9976256251846622,0.6959649195454056,PROTECT,0.6175,0.16999999999999998,
2025-11-08T23:59:46,Science,0.9484556027281461,0.9142133503240262,0.5789492405429219,PROTECT,0.62,0.16999999999999998,
2025-11-08T23:59:47,Science,0.9399493216291002,0.9579645038279014,0.725835642161138,PROTECT,0.6224999999999999,0.16999999999999998,
2025-11-08T23:59:48,Science,0.9705751526040838,0.9794026067356822,0.7654292230883711,PROTECT,0.62,0.16999999999999998,
2025-11-08T23:59:49,Science,0.985581824705761,0.9899072772831905,0.8850603193133018,PROTECT,0.6175,0.16999999999999998,
2025-11-08T23:59:50,Science,0.9929319235518249,0.99504895399423,0.9410297932613374,GROW,0.6150000000000001,0.16999999999999998,
2025-11-08T23:59:51,Science,0.9895150724343887,0.9857492259108671,0.7403576906039119,PROTECT,0.6175,0.16999999999999998,
2025-11-08T23:59:52,Science,0.9900231790712147,0.9930148464370983,0.6417004651174258,PROTECT,0.6150000000000001,0.16999999999999998,
2025-11-08T23:59:53,Science,0.9940469092465107,0.9947382088966013,0.48662396744922864,PROTECT,0.6125000000000002,0.16999999999999998,
2025-11-08T23:59:54,Science,0.9963167145116354,0.9974216651453625,0.32599300255383595,PROTECT,0.6100000000000002,0.16999999999999998,
2025-11-08T23:59:55,Science,0.8576350766936506,0.7594467754784827,0.4277905402875505,PROTECT,0.6125000000000002,0.16999999999999998,
2025-11-08T23:59:56,Science,0.8316127409927949,0.8821289170593382,0.6885181380268719,PROTECT,0.6150000000000001,0.16999999999999998,
2025-11-08T23:59:57,Science,0.8992551786954925,0.9110808609738449,0.6546561709145445,PROTECT,0.6125000000000002,0.16999999999999998,
2025-11-08T23:59:58,Science,0.9193624573019582,0.9249975147948412,0.8307815237481266,PROTECT,0.6100000000000002,0.16999999999999998,
2025-11-08T23:59:59,Science,0.8254329655281128,0.7552408011656171,0.8559355014151289,PROTECT,0.6125000000000002,0.16999999999999998,
2025-11-09T00:00:00,Science,0.8215408312162011,0.868059386882702,0.9288972231074002,PROTECT,0.6150000000000001,0.16999999999999998,
2025-11-09T00:00:01,Science,0.9006189875813486,0.9233019381940626,0.8812479432026165,GROW,0.6125000000000002,0.16999999999999998,
2025-11-09T00:00:02,Science,0.9391836149758204,0.9501915988538248,0.8587465076076045,PROTECT,0.6100000000000002,0.16999999999999998,
2025-11-09T00:00:03,Science,0.8431302459924614,0.7676875487231041,0.7253126084026447,PROTECT,0.6125000000000002,0.16999999999999998,
2025-11-09T00:00:05,Science,0.8373719332116725,0.8861515526456489,0.6656744370870229,PROTECT,0.6150000000000001,0.16999999999999998,
2025-11-09T00:00:06,Science,0.9132834927088154,0.9321670796624723,0.8252728799315625,PROTECT,0.6125000000000002,0.16999999999999998,
2025-11-09T00:00:07,Science,0.9269950856465431,0.9231034419525801,0.885156972398846,PROTECT,0.6100000000000002,0.16999999999999998,
2025-11-09T00:00:08,Science,0.9203792910514856,0.9187436333422377,0.8068139518464963,PROTECT,0.6125000000000002,0.16999999999999998,
2025-11-09T00:00:09,Science,0.7632615198286002,0.654205972509327,0.6827138805389784,PROTECT,0.6150000000000001,0.16999999999999998,
2025-11-09T00:00:10,Science,0.6140013150911994,0.5855802380211839,0.687066460412142,PROTECT,0.6175,0.16999999999999998,
2025-11-09T00:00:11,Science,0.7094945783683424,0.7962193912417518,0.6885607344605905,PROTECT,0.6150000000000001,0.16999999999999998,
2025-11-09T00:00:12,Science,0.6677023155263916,0.5775500231417275,0.719522944218054,PROTECT,0.6175,0.16999999999999998,
2025-11-09T00:00:13,Science,0.6491237666323171,0.6994799878845654,0.7205487124341499,PROTECT,0.62,0.16999999999999998,
2025-11-09T00:00:14,Science,0.7421426354075781,0.7718743222791611,0.7929249016279738,PROTECT,0.6175,0.16999999999999998,
2025-11-09T00:00:15,Science,0.8126100560010585,0.8407915362759372,0.7072886333108868,PROTECT,0.6150000000000001,0.16999999999999998,
2025-11-09T00:00:16,Science,0.6958005804043628,0.5941891232948795,0.643127565340716,PROTECT,0.6175,0.16999999999999998,
2025-11-09T00:00:17,Science,0.5637969536478704,0.5423795625820776,0.6636842233747123,PROTECT,0.62,0.16999999999999998,
2025-11-09T00:00:18,Science,0.6765537227165328,0.7703974015774222,0.6141414253088705,PROTECT,0.6175,0.16999999999999998,
2025-11-09T00:00:19,Science,0.6904025198941552,0.6346210293725166,0.4500141398858244,PROTECT,0.6150000000000001,0.16999999999999998,
2025-11-09T00:00:20,Science,0.42250775414174135,0.2734891188373523,0.6475532607871262,PROTECT,0.6175,0.16999999999999998,
2025-11-09T00:00:21,Science,0.4303124828174293,0.5397532779795002,0.5995084381719549,PROTECT,0.6150000000000001,0.16999999999999998,
2025-11-09T00:00:22,Science,0.4109328427974927,0.3201355666121666,0.450381720672951,PROTECT,0.6175,0.16999999999999998,
2025-11-09T00:00:23,Science,0.507562494998302,0.6384833852450349,0.6176180672592134,PROTECT,0.6150000000000001,0.16999999999999998,
2025-11-09T00:00:24,Science,0.36929288413053707,0.1804350591069431,0.5118979883587318,PROTECT,0.6175,0.16999999999999998,
2025-11-09T00:00:25,Science,0.14016526846732139,0.11139582676863609,0.38535670997465454,PROTECT,0.62,0.16999999999999998,
2025-11-09T00:00:26,Science,0.01558494449619515,-0.051870564189343125,0.59124752571118,PROTECT,0.6224999999999999,0.16999999999999998,
2025-11-09T00:00:27,Science,-0.02354427822546796,-0.004301640578533512,0.6389281928140546,PROTECT,0.6249999999999999,0.16999999999999998,
2025-11-09T00:00:28,Science,-0.10052231011407813,-0.1679554424466612,0.7635881657953518,PROTECT,0.6274999999999998,0.16999999999999998,
2025-11-09T00:00:29,Science,-0.07324056250903173,-0.007085194445085312,0.6303235925795546,PROTECT,0.6249999999999999,0.16999999999999998,
2025-11-09T00:00:30,Science,-0.09976958382438358,-0.1647712646756988,0.6895747203290206,PROTECT,0.6274999999999998,0.16999999999999998,
2025-11-09T00:00:31,Science,-0.21601619699077834,-0.2518715303416901,0.726280334490968,PROTECT,0.6299999999999998,0.16999999999999998,
2025-11-09T00:00:32,Science,-0.3539380135370829,-0.4260676755145509,0.6990278730704544,PROTECT,0.6324999999999997,0.16999999999999998,
2025-11-09T00:00:33,Science,-0.3811568659796165,-0.3498847583359088,0.767965476708401,PROTECT,0.6349999999999997,0.16999999999999998,
2025-11-09T00:00:34,Science,-0.22406214268969737,-0.13658725022676182,0.646425952449738,PROTECT,0.6324999999999997,0.16999999999999998,
2025-11-09T00:00:35,Science,-0.3748650637105293,-0.5419236938268415,0.6576586483901715,PROTECT,0.6349999999999997,0.16999999999999998,
2025-11-09T00:00:36,Science,-0.5975523030119007,-0.6370141949850654,0.4358751906613977,PROTECT,0.6374999999999996,0.16999999999999998,
2025-11-09T00:00:37,Science,-0.7221016678918747,-0.7819628389292661,0.4086819427105794,PROTECT,0.6399999999999996,0.16999999999999998,
2025-11-09T00:00:38,Science,-0.8447870205033066,-0.8888328430910586,0.498776440683282,PROTECT,0.6424999999999995,0.16999999999999998,
2025-11-09T00:00:39,Science,-0.9217650405938742,-0.9448348297336444,0.5233469418604368,PROTECT,0.6449999999999995,0.16999999999999998,
2025-11-09T00:00:40,Science,-0.9612421382134,-0.9727341253049071,0.7267384143591967,PROTECT,0.6474999999999994,0.16999999999999998,
2025-11-09T00:00:41,Science,-0.9805297387371604,-0.9860027481915419,0.6135974793055643,PROTECT,0.6499999999999994,0.16999999999999998,
2025-11-09T00:00:42,Science,-0.9881374071608261,-0.9896972015252682,0.659937130545696,PROTECT,0.6524999999999993,0.16999999999999998,
2025-11-09T00:00:43,Science,-0.9925501530831883,-0.9945566668398773,0.44332543237124533,PROTECT,0.6549999999999992,0.16999999999999998,
2025-11-09T00:00:44,Science,-0.9907954469689675,-0.9880647727376111,0.7028850990108115,PROTECT,0.6524999999999993,0.16999999999999998,
2025-11-09T00:00:45,Science,-0.8556598072473312,-0.7633780400555016,0.6705680110950947,PROTECT,0.6499999999999994,0.16999999999999998,
2025-11-09T00:00:46,Science,-0.8343540915672472,-0.8840366634765693,0.6887358375637571,PROTECT,0.6474999999999994,0.16999999999999998,
2025-11-09T00:00:47,Weather,-0.9158729830715746,-0.938238507561415,1.331980560406241,STABILIZE,0.6499999999999994,0.16999999999999998,
2025-11-09T00:00:48,Weather,-0.9557322740456928,-0.9680139099448208,1.6471704745990579,STABILIZE,0.6524999999999993,0.16999999999999998,
2025-11-09T00:00:49,Weather,-0.9766388100500754,-0.982709787697424,1.8016135325535383,STABILIZE,0.6549999999999992,0.16999999999999998,
2025-11-09T00:00:50,Weather,-0.9878583589620638,-0.9914645009644334,1.8772906309512336,STABILIZE,0.6574999999999992,0.16999999999999998,
2025-11-09T00:00:51,Weather,-0.9939878000482608,-0.9957562213644391,1.9143724091661043,STABILIZE,0.6599999999999991,0.16999999999999998,
2025-11-09T00:00:52,Weather,-0.8201147278199703,-0.6975048666943926,1.9325424804913909,STABILIZE,0.6574999999999992,0.16999999999999998,
2025-11-09T00:00:54,Weather,-0.6413242537982177,-0.6023310722635151,1.9414458154407814,STABILIZE,0.6549999999999992,0.16999999999999998,
2025-11-09T00:00:55,Weather,-0.5454351256116083,-0.505954079371868,1.9458084495659826,STABILIZE,0.6524999999999993,0.16999999999999998,
2025-11-09T00:00:56,Weather,-0.3265840634878784,-0.2016098680373817,1.9479461402873313,STABILIZE,0.6499999999999994,0.16999999999999998,
2025-11-09T00:00:57,Weather,-0.0659943277546266,0.02856928229450418,0.9799936087407921,STABILIZE,0.6474999999999994,0.16999999999999998,
2025-11-09T00:00:58,Weather,-0.14047362246399686,-0.2597495659434631,1.474696868282988,STABILIZE,0.6499999999999994,0.16999999999999998,
2025-11-09T00:00:59,Weather,-0.3607959625259307,-0.43227478710992545,1.7171014654586638,STABILIZE,0.6524999999999993,0.16999999999999998,
2025-11-09T00:01:00,Weather,-0.5524389958050098,-0.6368368771529636,1.835879718074745,STABILIZE,0.6549999999999992,0.16999999999999998,
2025-11-09T00:01:01,Weather,-0.7402492288331499,-0.8127937006175499,1.8940810618566248,STABILIZE,0.6574999999999992,0.16999999999999998,
2025-11-09T00:01:02,Weather,-0.8673976531418096,-0.905674029169643,1.922599720309746,STABILIZE,0.6599999999999991,0.16999999999999998,
2025-11-09T00:01:03,Weather,-0.9316991103664393,-0.9499826740574606,0.9677051688896973,STABILIZE,0.6624999999999991,0.16999999999999998,
2025-11-09T00:01:04,Weather,-0.7876034218768471,-0.6742681798205856,1.4686755327559515,STABILIZE,0.6599999999999991,0.16999999999999998,
2025-11-09T00:01:05,Weather,-0.40276168982655824,-0.21321226566999607,1.7141510110504161,STABILIZE,0.6574999999999992,0.16999999999999998,
2025-11-09T00:01:06,Weather,-0.06529414218898558,0.03789575540124726,1.8344339954147038,STABILIZE,0.6549999999999992,0.16999999999999998,
2025-11-09T00:01:07,Weather,0.24834261820945885,0.3949400932314546,1.8933726577532046,STABILIZE,0.6524999999999993,0.16999999999999998,
2025-11-09T00:01:08,Weather,0.5509446712111655,0.6597469482628135,1.92225260229907,EXPLORE,0.6499999999999994,0.16999999999999998,
2025-11-09T00:01:09,Weather,0.7525133835837314,0.8172328154964942,1.9364037751265442,GROW,0.6474999999999994,0.16999999999999998,
2025-11-09T00:01:10,Weather,0.8704558677199773,0.9076494076008372,1.9433378498120064,GROW,0.6449999999999995,0.16999999999999998,
2025-11-09T00:01:11,Weather,0.8051703001236995,0.7329772669437478,1.946735546407883,GROW,0.6474999999999994,0.16999999999999998,
2025-11-09T00:01:12,Weather,0.6891907831558908,0.6591879861710747,1.9484004177398624,EXPLORE,0.6499999999999994,0.16999999999999998,
2025-11-09T00:01:13,Weather,0.4694419161672011,0.3359593429129227,1.9492162046925323,EXPLORE,0.6524999999999993,0.16999999999999998,
2025-11-09T00:01:14,Weather,0.41290837968167804,0.4674158322818701,0.9806159402993406,STABILIZE,0.6549999999999992,0.16999999999999998,
2025-11-09T00:01:15,Weather,0.5906112684127622,0.6764173278680744,1.4750018107466767,EXPLORE,0.6524999999999993,0.16999999999999998,
2025-11-09T00:01:16,Weather,0.7484443798643096,0.7985031619001878,1.7172508872658714,GROW,0.6499999999999994,0.16999999999999998,
2025-11-09T00:01:17,Weather,0.8429804881839912,0.8737890366084973,1.8359529347602768,GROW,0.6474999999999994,0.16999999999999998,
2025-11-09T00:01:18,Weather,0.8996023436299427,0.9174507010939275,1.8941169380325353,GROW,0.6449999999999995,0.16999999999999998,
2025-11-09T00:01:19,Weather,0.9396383962827686,0.9550987676717362,1.922617299635942,GROW,0.6424999999999995,0.16999999999999998,
2025-11-09T00:01:20,Weather,0.9677718981161447,0.9766098709337296,1.9365824768216113,GROW,0.6399999999999996,0.16999999999999998,
2025-11-09T00:01:21,Weather,0.9829880544843743,0.9874269794731492,1.9434254136425893,GROW,0.6374999999999996,0.16999999999999998,
2025-11-09T00:01:22,Weather,0.9910564378919019,0.9935900064414447,1.9467784526848686,GROW,0.6349999999999997,0.16999999999999998,
2025-11-09T00:01:23,Weather,0.9954724199088429,0.99678761433808,1.9484214418155854,GROW,0.6324999999999997,0.16999999999999998,
2025-11-09T00:01:24,Weather,0.997737096495765,0.9984007689381621,1.9492265064896366,GROW,0.6299999999999998,0.16999999999999998,
2025-11-09T00:01:25,Weather,0.9522540875555243,0.9200831147704662,1.9496209881799216,GROW,0.6324999999999997,0.16999999999999998,
2025-11-09T00:01:26,Weather,0.7477051675002675,0.626942427062716,1.9498142842081614,GROW,0.6349999999999997,0.16999999999999998,
2025-11-09T00:01:27,Weather,0.7135095919130814,0.7744266544057634,1.949908999261999,GROW,0.6374999999999996,0.16999999999999998,
2025-11-09T00:01:28,Weather,0.8398968816962467,0.8856735338946676,1.9499554096383793,GROW,0.6349999999999997,0.16999999999999998,
2025-11-09T00:01:29,Weather,0.9007977100365084,0.9111663107271506,1.9499781507228056,GROW,0.6324999999999997,0.16999999999999998,
2025-11-09T00:01:30,Weather,0.9345464756725688,0.9508276632217384,1.9499892938541745,GROW,0.6299999999999998,0.16999999999999998,
2025-11-09T00:01:31,Weather,0.9642627250305491,0.9736236639389664,1.9499947539885454,GROW,0.6274999999999998,0.16999999999999998,
2025-11-09T00:01:32,Weather,0.9815301079558852,0.9870641994884777,1.949997429454387,GROW,0.6249999999999999,0.16999999999999998,
2025-11-09T00:01:33,Weather,0.9908777240141717,0.9935436766506243,1.9499987404326493,GROW,0.6224999999999999,0.16999999999999998,
2025-11-09T00:01:34,Weather,0.9954611902641504,0.9968023459892899,1.949999382811998,GROW,0.62,0.16999999999999998,
2025-11-09T00:01:35,Weather,0.9977381969408361,0.9983919263120602,1.9499996975778788,GROW,0.6175,0.16999999999999998,
2025-11-09T00:01:36,Weather,0.8100536558836731,0.6779996642904117,1.9499998518131605,GROW,0.62,0.16999999999999998,
2025-11-09T00:01:37,Weather,0.6034784784932178,0.5509349935905253,1.9499999273884485,EXPLORE,0.6224999999999999,0.16999999999999998,
2025-11-09T00:01:38,Weather,0.48971451676405997,0.446753774686131,1.9499999644203396,EXPLORE,0.6249999999999999,0.16999999999999998,
2025-11-09T00:01:39,Weather,0.28828332669149137,0.17683217380908606,1.9499999825659662,STABILIZE,0.6274999999999998,0.16999999999999998,
2025-11-09T00:01:41,Weather,0.22431649107589585,0.25753438213694624,1.9499999914573232,STABILIZE,0.6299999999999998,0.16999999999999998,
2025-11-09T00:01:42,Weather,0.4703332871072704,0.6190949395496061,0.9809999958140881,EXPLORE,0.6274999999999998,0.16999999999999998,
2025-11-09T00:01:43,Weather,0.7240032955591217,0.7972605865599925,1.475189997948903,GROW,0.6249999999999999,0.16999999999999998,
2025-11-09T00:01:44,Weather,0.7316102468515995,0.6861056616760504,1.7173430989949623,GROW,0.6224999999999999,0.16999999999999998,
2025-11-09T00:01:45,Weather,0.7787524596169775,0.8435545730205216,1.8359981185075314,GROW,0.62,0.16999999999999998,
2025-11-09T00:01:46,Weather,0.8898907845772634,0.922302324497488,1.8941390780686902,GROW,0.6175,0.16999999999999998,
2025-11-09T00:01:47,Weather,0.8214891913747977,0.7504438934594719,1.922628148253658,GROW,0.62,0.16999999999999998,
2025-11-09T00:01:48,Weather,0.6541055824433135,0.5862943493085443,1.9365877926442923,EXPLORE,0.6224999999999999,0.16999999999999998,
2025-11-09T00:01:49,Weather,0.39664643361644325,0.2631817230866019,1.9434280183957031,STABILIZE,0.6249999999999999,0.16999999999999998,
2025-11-09T00:01:50,Weather,0.12288816398109309,0.024100092085149016,1.9467797290138944,STABILIZE,0.6274999999999998,0.16999999999999998,
2025-11-09T00:01:51,Weather,-0.07136843761673883,-0.13844997767425282,1.9484220672168082,STABILIZE,0.6299999999999998,0.16999999999999998,
2025-11-09T00:01:52,Weather,-0.19178024569854832,-0.22925790374825364,1.9492268129362358,STABILIZE,0.6324999999999997,0.16999999999999998,
2025-11-09T00:01:53,Weather,-0.25895925795882163,-0.27980360074645383,1.9496211383387554,STABILIZE,0.6349999999999997,0.16999999999999998,
2025-11-09T00:01:54,Weather,-0.04121703887661038,0.12482176769783544,1.9498143577859899,STABILIZE,0.6324999999999997,0.16999999999999998,
2025-11-09T00:01:55,Weather,0.24058070973749768,0.3206223030241945,1.949909035315135,STABILIZE,0.6299999999999998,0.16999999999999998,
2025-11-09T00:01:56,Weather,0.5042542546621261,0.6323876950441969,1.949955427304416,EXPLORE,0.6274999999999998,0.16999999999999998,
2025-11-09T00:01:57,Weather,0.49210340442355593,0.3941335928970125,1.9499781593791636,EXPLORE,0.6299999999999998,0.16999999999999998,
2025-11-09T00:01:58,Weather,0.3147484091524656,0.25837417965185233,1.94998929809579,STABILIZE,0.6324999999999997,0.16999999999999998,
2025-11-09T00:01:59,Weather,0.0988853156077711,-0.01309480651834638,1.9499947560669368,STABILIZE,0.6349999999999997,0.16999999999999998,
2025-11-09T00:02:00,Weather,-0.05682093635865386,-0.0881186188685317,1.9499974304727987,STABILIZE,0.6374999999999996,0.16999999999999998,
2025-11-09T00:02:01,Weather,-0.3288287884530769,-0.4978084797413024,1.949998740931671,STABILIZE,0.6399999999999996,0.16999999999999998,
2025-11-09T00:02:02,Weather,-0.6369571863199373,-0.7346258951893975,0.9809993830565187,STABILIZE,0.6424999999999995,0.16999999999999998,
2025-11-09T00:02:03,Weather,-0.8101742197378252,-0.8631805805693942,1.475189697697694,STABILIZE,0.6449999999999995,0.16999999999999998,
2025-11-09T00:02:04,Weather,-0.9024859595800878,-0.9300636064121274,1.71734295187187,STABILIZE,0.6474999999999994,0.16999999999999998,
2025-11-09T00:02:05,Weather,-0.9503994660414892,-0.9646631358441665,1.835998046417216,STABILIZE,0.6499999999999994,0.16999999999999998,
2025-11-09T00:02:06,Weather,-0.9751049012374574,-0.982422327855246,1.8941390427444358,STABILIZE,0.6524999999999993,0.16999999999999998,
2025-11-09T00:02:07,Weather,-0.9422947758416551,-0.9140510295389329,1.9226281309447733,STABILIZE,0.6499999999999994,0.16999999999999998,
2025-11-09T00:02:08,Weather,-0.7938916487860861,-0.7101125901155659,1.9365877841629386,STABILIZE,0.6474999999999994,0.16999999999999998,
2025-11-09T00:02:09,Weather,-0.6058316443840238,-0.5330221444006057,1.9434280142398397,STABILIZE,0.6449999999999995,0.16999999999999998,
2025-11-09T00:02:10,Weather,-0.6510856313971884,-0.7339953962760645,0.9777797269775212,STABILIZE,0.6474999999999994,0.16999999999999998,
2025-11-09T00:02:11,Weather,-0.7913275227641323,-0.8317466973450887,1.4736120662189853,STABILIZE,0.6499999999999994,0.16999999999999998,
2025-11-09T00:02:12,Weather,-0.8643466259087742,-0.8873807598253178,1.7165699124473026,STABILIZE,0.6524999999999993,0.16999999999999998,
2025-11-09T00:02:13,Weather,-0.9202753672834502,-0.9433315042655182,1.835619257099178,STABILIZE,0.6549999999999992,0.16999999999999998,
2025-11-09T00:02:14,Weather,-0.9594708433515453,-0.9707975176480244,1.893953435978597,STABILIZE,0.6574999999999992,0.16999999999999998,
2025-11-09T00:02:15,Weather,-0.9794606504198494,-0.9855295442471078,1.9225371836295124,STABILIZE,0.6599999999999991,0.16999999999999998,
2025-11-09T00:02:16,Weather,-0.9898390902181753,-0.9928575267547812,1.936543219978461,STABILIZE,0.6624999999999991,0.16999999999999998,
2025-11-09T00:02:17,Weather,-0.9949670365876144,-0.996445600466557,1.9434061777894458,STABILIZE,0.664999999999999,0.16999999999999998,
2025-11-09T00:02:18,Weather,-0.9975016920922699,-0.9982416147639729,1.9467690271168283,STABILIZE,0.667499999999999,0.16999999999999998,
2025-11-09T00:02:19,Weather,-0.8505066890527847,-0.7474253308997278,1.9484168232872456,STABILIZE,0.664999999999999,0.16999999999999998,
2025-11-09T00:02:20,Weather,-0.6901973768963913,-0.650637776722425,1.94922424341075,STABILIZE,0.6624999999999991,0.16999999999999998,
2025-11-09T00:02:21,Weather,-0.6956349849327597,-0.7274634456172497,1.9496198792712673,STABILIZE,0.664999999999999,0.16999999999999998,
2025-11-09T00:02:22,Weather,-0.6167433681024516,-0.5394088989059114,1.9498137408429208,STABILIZE,0.6624999999999991,0.16999999999999998,
2025-11-09T00:02:23,Weather,-0.6154755048810681,-0.6683298892931062,1.949908733013031,STABILIZE,0.6599999999999991,0.16999999999999998,
2025-11-09T00:02:24,Weather,-0.76027908195672,-0.8248022626031024,1.949955279176385,STABILIZE,0.6624999999999991,0.16999999999999998,
2025-11-09T00:02:25,Weather,-0.8748664097440477,-0.9099822908472699,1.9499780867964285,STABILIZE,0.664999999999999,0.16999999999999998,
2025-11-09T00:02:27,Weather,-0.9361543992318118,-0.9545052023417231,1.9499892625302497,STABILIZE,0.667499999999999,0.16999999999999998,
2025-11-09T00:02:28,Weather,-0.9673507673886781,-0.9763721112250565,1.9499947386398222,STABILIZE,0.6699999999999989,0.16999999999999998,
2025-11-09T00:02:29,Weather,-0.9832094141077203,-0.9880065757808183,1.9499974219335126,STABILIZE,0.6724999999999989,0.16999999999999998,
2025-11-09T00:02:30,Weather,-0.9915240893275101,-0.9939905429424336,1.949998736747421,STABILIZE,0.6749999999999988,0.16999999999999998,
2025-11-09T00:02:31,Weather,-0.860785567201104,-0.7680415332665729,1.9499993810062362,STABILIZE,0.6724999999999989,0.16999999999999998,
2025-11-09T00:02:32,Weather,-0.6590717547478997,-0.5831210561057321,1.9499996966930555,STABILIZE,0.6699999999999989,0.16999999999999998,
2025-11-09T00:02:33,Weather,-0.3765535544415327,-0.2325287620771837,1.949999851379597,STABILIZE,0.667499999999999,0.16999999999999998,auto-switch→Randomness
2025-11-09T00:02:34,Randomness,-0.2654657309641937,-0.28710197602625565,0.9809999271760024,STABILIZE,0.664999999999999,0.16999999999999998,
2025-11-09T00:02:35,Randomness,-0.351171278485531,-0.39575002879622756,0.5061899643162411,PROTECT,0.667499999999999,0.16999999999999998,
2025-11-09T00:02:36,Randomness,-0.4432353971782763,-0.47700815560540416,0.2735330825149581,PROTECT,0.6699999999999989,0.16999999999999998,
2025-11-09T00:02:37,Randomness,-0.1720430421411421,0.04076655708388066,0.15953121043232943,PROTECT,0.667499999999999,0.16999999999999998,
2025-11-09T00:02:38,Randomness,0.26301106204937824,0.41761802030796047,0.10367029311184141,PROTECT,0.664999999999999,0.16999999999999998,
2025-11-09T00:02:39,Randomness,0.03288267566678271,-0.23698015986730558,0.07629844362480229,PROTECT,0.667499999999999,0.16999999999999998,
2025-11-09T00:02:40,Randomness,-0.44892751764568073,-0.5976467606161093,0.0628862373761531,PROTECT,0.6699999999999989,0.16999999999999998,
2025-11-09T00:02:41,Randomness,-0.16730343707184314,0.13329138022915654,0.05631425631431502,PROTECT,0.667499999999999,0.16999999999999998,
2025-11-09T00:02:42,Randomness,-0.16019677223238415,-0.3649428828268674,0.053093985594014355,PROTECT,0.664999999999999,0.16999999999999998,
2025-11-09T00:02:43,Randomness,-0.5043010838804435,-0.6025306229206246,0.05151605294106703,PROTECT,0.667499999999999,0.16999999999999998,
2025-11-09T00:02:44,Randomness,-0.3058231915151556,-0.09931770215286485,0.05074286594112284,PROTECT,0.664999999999999,0.16999999999999998,
2025-11-09T00:02:45,Randomness,0.07950159992636727,0.20381935463215248,0.050364004311150186,PROTECT,0.6624999999999991,0.16999999999999998,
2025-11-09T00:02:46,Randomness,0.30271984353614867,0.3712918005191447,0.050178362112463584,PROTECT,0.6599999999999991,0.16999999999999998,
2025-11-09T00:02:47,Randomness,0.2757529035487985,0.20924391407081158,0.05008739743510715,PROTECT,0.6624999999999991,0.16999999999999998,
2025-11-09T00:02:48,Randomness,0.42575664875284647,0.5768836979165055,0.0500428247432025,PROTECT,0.6599999999999991,0.16999999999999998,
2025-11-09T00:02:49,Randomness,0.6577528314461597,0.7138467070756173,0.05002098412416922,PROTECT,0.6574999999999992,0.16999999999999998,
2025-11-09T00:02:50,Randomness,0.3528356788510479,0.09925614301595012,0.05001028222084291,PROTECT,0.6599999999999991,0.16999999999999998,
2025-11-09T00:02:51,Randomness,-0.04941114401583602,-0.15449060656285687,0.050005038288213025,PROTECT,0.6624999999999991,0.16999999999999998,
2025-11-09T00:02:52,Randomness,-0.34812518904848744,-0.48400974983514333,0.050002468761224377,PROTECT,0.664999999999999,0.16999999999999998,
2025-11-09T00:02:53,Randomness,-0.4397696630191087,-0.4102276639487866,0.05000120969299994,PROTECT,0.667499999999999,0.16999999999999998,
2025-11-09T00:02:54,Randomness,-0.0035964840259397057,0.28070603758346224,0.050000592749569965,PROTECT,0.664999999999999,0.16999999999999998,
2025-11-09T00:02:55,Randomness,0.3457660541254416,0.3904629997783763,0.05000029044728928,PROTECT,0.6624999999999991,0.16999999999999998,
2025-11-09T00:02:56,Randomness,-0.0043983138830545054,-0.28127696342815267,0.05000014231917174,PROTECT,0.664999999999999,0.16999999999999998,
2025-11-09T00:02:57,Randomness,0.08753446311093732,0.34539774494441317,0.05000006973639415,PROTECT,0.6624999999999991,0.16999999999999998,
2025-11-09T00:02:58,Randomness,0.48931406949440454,0.5893474263906138,0.050000034170833124,PROTECT,0.6599999999999991,0.16999999999999998,
2025-11-09T00:02:59,Randomness,0.2501052232911468,0.012976022483431271,0.05000001674370823,PROTECT,0.6624999999999991,0.16999999999999998,
2025-11-09T00:03:00,Randomness,0.10911733342053628,0.1778256725842165,0.050000008204417024,PROTECT,0.664999999999999,0.16999999999999998,
2025-11-09T00:03:01,Randomness,-0.15971437379978123,-0.39634147720024593,0.050000004020164336,PROTECT,0.667499999999999,0.16999999999999998,
2025-11-09T00:03:02,Randomness,-0.11249926082059064,0.08562151809194057,0.05000000196988052,PROTECT,0.664999999999999,0.16999999999999998,
2025-11-09T00:03:03,Randomness,-0.13383551116382214,-0.28846597646834754,0.05000000096530226,PROTECT,0.667499999999999,0.16999999999999998,
2025-11-09T00:03:04,Randomness,-0.3032098974403308,-0.3149964881658828,0.0500000004729981,PROTECT,0.6699999999999989,0.16999999999999998,
2025-11-09T00:03:05,Randomness,-0.3290364033718107,-0.3401756865430149,0.050000000231769065,PROTECT,0.6724999999999989,0.16999999999999998,
2025-11-09T00:03:06,Randomness,0.003911450735878119,0.2439750723442212,0.05000000011356684,PROTECT,0.6699999999999989,0.16999999999999998,
2025-11-09T00:03:07,Randomness,0.053563839617944725,-0.07958356096214107,0.050000000055647746,PROTECT,0.667499999999999,0.16999999999999998,
2025-11-09T00:03:08,Randomness,-0.24670419781736502,-0.36434067790392155,0.05000000002726739,PROTECT,0.6699999999999989,0.16999999999999998,
2025-11-09T00:03:09,Randomness,-0.09374947073694787,0.09498168083315986,0.050000000013361016,PROTECT,0.667499999999999,0.16999999999999998,
2025-11-09T00:03:10,Randomness,0.16777569870520206,0.21726743764053502,0.05000000000654689,PROTECT,0.664999999999999,0.16999999999999998,
2025-11-09T00:03:11,Randomness,0.40051383335511453,0.5280917160914501,0.05000000000320797,PROTECT,0.6624999999999991,0.16999999999999998,
2025-11-09T00:03:12,Randomness,0.2394519697299778,0.03632756258818651,0.0500000000015719,PROTECT,0.664999999999999,0.16999999999999998,
2025-11-09T00:03:13,Randomness,-0.09423353987863761,-0.18669120039350173,0.05000000000077023,PROTECT,0.667499999999999,0.16999999999999998,
2025-11-09T00:03:14,Randomness,0.020797804297941952,0.16523497210035745,0.0500000000003774,PROTECT,0.664999999999999,0.16999999999999998,
2025-11-09T00:03:15,Randomness,-0.030356264210919304,-0.16851446490774907,0.050000000000184924,PROTECT,0.667499999999999,0.16999999999999998,
2025-11-09T00:03:16,Randomness,-0.27935617404403246,-0.35658364635563494,0.050000000000099215,PROTECT,0.6699999999999989,0.16999999999999998,
2025-11-09T00:03:17,Randomness,-0.3676914101443395,-0.376637046087402,0.05000000000004861,PROTECT,0.6724999999999989,0.16999999999999998,
2025-11-09T00:03:18,Randomness,-0.15326868090083967,0.0018005985124496943,0.05000000000002382,PROTECT,0.6699999999999989,0.16999999999999998,
2025-11-09T00:03:19,Randomness,0.12143022483702393,0.20405565639506995,0.05000000000001167,PROTECT,0.667499999999999,0.16999999999999998,
2025-11-09T00:03:21,Randomness,0.38200951359609625,0.50573278899043,0.050000000000005713,PROTECT,0.664999999999999,0.16999999999999998,
2025-11-09T00:03:22,Randomness,0.4548981182898459,0.41786723105004553,0.0500000000000028,PROTECT,0.6624999999999991,0.16999999999999998,
2025-11-09T00:03:23,Randomness,0.4513605501921928,0.4754917667192494,0.05000000000000137,PROTECT,0.664999999999999,0.16999999999999998,
2025-11-09T00:03:24,Randomness,0.21685938252739953,0.03470194174001677,0.05000000000000066,PROTECT,0.667499999999999,0.16999999999999998,
2025-11-09T00:03:25,Randomness,-0.1684963533699371,-0.3118001119034468,0.05000000000000032,PROTECT,0.6699999999999989,0.16999999999999998,
2025-11-09T00:03:26,Randomness,0.07497110796414239,0.3455090369597188,0.050000000000000155,PROTECT,0.667499999999999,0.16999999999999998,
2025-11-09T00:03:27,Randomness,-0.036114322379299096,-0.30374274000382717,0.05000000000000007,PROTECT,0.6699999999999989,0.16999999999999998,
2025-11-09T00:03:28,Randomness,-0.3601512946737151,-0.40057540390400365,0.05000000000000003,PROTECT,0.6724999999999989,0.16999999999999998,
2025-11-09T00:03:29,Randomness,-0.5630776787052062,-0.6771850118617542,0.05000000000000001,PROTECT,0.6749999999999988,0.16999999999999998,
2025-11-09T00:03:30,Randomness,-0.18991028536270632,0.15083580901170138,0.049999999999999996,PROTECT,0.6724999999999989,0.16999999999999998,
2025-11-09T00:03:31,Randomness,0.3460602897613976,0.4818667115098334,0.049999999999999996,PROTECT,0.6699999999999989,0.16999999999999998,
2025-11-09T00:03:32,Randomness,0.04337628655787856,-0.2637410217583544,0.049999999999999996,PROTECT,0.6724999999999989,0.16999999999999998,
2025-11-09T00:03:33,Randomness,0.021644551032789117,0.22238791177912795,0.049999999999999996,PROTECT,0.6749999999999988,0.16999999999999998,
2025-11-09T00:03:34,Randomness,0.006270412342725101,-0.144842191520412,0.049999999999999996,PROTECT,0.6774999999999988,0.16999999999999998,
2025-11-09T00:03:35,Randomness,-0.25178289757149225,-0.3275828223231424,0.049999999999999996,PROTECT,0.6799999999999987,0.16999999999999998,
2025-11-09T00:03:36,Randomness,-0.3804725419694468,-0.4184474049156245,0.049999999999999996,PROTECT,0.6824999999999987,0.16999999999999998,
2025-11-09T00:03:37,Randomness,-0.04832778169331828,0.20995416259761582,0.049999999999999996,PROTECT,0.6799999999999987,0.16999999999999998,
2025-11-09T00:03:38,Randomness,0.31058925013258176,0.380320069579261,0.049999999999999996,PROTECT,0.6774999999999988,0.16999999999999998,
2025-11-09T00:03:39,Randomness,0.5072876873807235,0.595656354759279,0.049999999999999996,PROTECT,0.6749999999999988,0.16999999999999998,
2025-11-09T00:03:40,Randomness,0.19512732757022658,-0.0860367710028479,0.049999999999999996,PROTECT,0.6774999999999988,0.16999999999999998,
2025-11-09T00:03:41,Randomness,0.06146144202979983,0.1658852537806228,0.049999999999999996,PROTECT,0.6799999999999987,0.16999999999999998,
2025-11-09T00:03:42,Randomness,-0.03522957188780486,-0.17695246503396797,0.049999999999999996,PROTECT,0.6824999999999987,0.16999999999999998,
2025-11-09T00:03:43,Randomness,0.04264715765307163,0.1953381806610034,0.049999999999999996,PROTECT,0.6799999999999987,0.16999999999999998,
2025-11-09T00:03:44,Randomness,0.2852995963583875,0.3485496182205079,0.049999999999999996,PROTECT,0.6774999999999988,0.16999999999999998,
2025-11-09T00:03:45,Randomness,0.4878745946675248,0.5846238231722183,0.049999999999999996,PROTECT,0.6749999999999988,0.16999999999999998,
2025-11-09T00:03:46,Randomness,0.2993781367622066,0.09830719062164833,0.049999999999999996,PROTECT,0.6774999999999988,0.16999999999999998,
2025-11-09T00:03:47,Randomness,-0.18599973480056387,-0.38524650861587617,0.049999999999999996,PROTECT,0.6799999999999987,0.16999999999999998,
2025-11-09T00:03:48,Randomness,-0.5686176940602146,-0.6970165602955228,0.049999999999999996,PROTECT,0.6824999999999987,0.16999999999999998,
2025-11-09T00:03:49,Randomness,-0.6435270817046138,-0.606978235399045,0.049999999999999996,PROTECT,0.6849999999999986,0.16999999999999998,
2025-11-09T00:03:50,Randomness,-0.5501845141313256,-0.5092457836513522,0.05000000000000005,PROTECT,0.6824999999999987,0.16999999999999998,
2025-11-09T00:03:51,Randomness,-0.48498670705811797,-0.4669520550446885,0.05000000000000002,PROTECT,0.6799999999999987,0.16999999999999998,
2025-11-09T00:03:52,Randomness,-0.20503939585876285,-0.02291453310601721,0.05,PROTECT,0.6774999999999988,0.16999999999999998,
2025-11-09T00:03:53,Randomness,-0.12819744372241995,-0.20052784021793368,0.049999999999999996,PROTECT,0.6749999999999988,0.16999999999999998,
2025-11-09T00:03:54,Space,-0.17006719885857097,-0.14935867995177607,1.019,PROTECT,0.6774999999999988,0.16999999999999998,
2025-11-09T00:03:55,Space,-0.12071742824841769,-0.09988535032325999,0.52481,PROTECT,0.6749999999999988,0.16999999999999998,
2025-11-09T00:03:56,Space,0.13559524935479172,0.2995646967196426,1.2516569,STABILIZE,0.6724999999999989,0.16999999999999998,
2025-11-09T00:03:57,Space,0.14862167903889797,0.04350085455054362,1.6078118809999997,STABILIZE,0.6699999999999989,0.16999999999999998,
2025-11-09T00:03:58,Space,0.32403943946228886,0.520281521889338,0.8133278216899997,STABILIZE,0.667499999999999,0.16999999999999998,
2025-11-09T00:03:59,Space,0.5156307249039981,0.5126944860427688,0.424044004648946,PROTECT,0.664999999999999,0.16999999999999998,
2025-11-09T00:04:00,Space,0.19195030769420443,-0.032073703834113815,1.2022815622779834,PROTECT,0.667499999999999,0.16999999999999998,
2025-11-09T00:04:01,Space,-0.20311742409173142,-0.32355835820163437,1.5836179655162117,STABILIZE,0.6699999999999989,0.16999999999999998,
2025-11-09T00:04:02,Space,0.07350914925847388,0.35145640448047505,1.7704728031029435,STABILIZE,0.667499999999999,0.16999999999999998,
2025-11-09T00:04:03,Space,0.23408783088786228,0.15274494954294102,1.862031673520442,STABILIZE,0.664999999999999,0.16999999999999998,
2025-11-09T00:04:04,Space,0.19005440980573013,0.21639240995916037,1.9068955200250164,STABILIZE,0.667499999999999,0.16999999999999998,
2025-11-09T00:04:05,Space,-0.14771248207943466,-0.40261600953301396,1.9288788048122578,STABILIZE,0.6699999999999989,0.16999999999999998,
2025-11-09T00:04:06,Space,-0.5812974310159944,-0.7063927290950083,1.9396506143580061,STABILIZE,0.6724999999999989,0.16999999999999998,
2025-11-09T00:04:07,Space,-0.33497766013574914,-0.0746645316949213,1.9449288010354229,STABILIZE,0.6699999999999989,0.16999999999999998,
2025-11-09T00:04:08,Space,0.24561902416992398,0.4697396206841682,1.947515112507357,STABILIZE,0.667499999999999,0.16999999999999998,
2025-11-09T00:04:09,Space,0.5839756975808514,0.66342105831263,1.948782405128605,EXPLORE,0.664999999999999,0.16999999999999998,
2025-11-09T00:04:10,Space,0.22462479545553335,-0.08289168629903004,1.246336863848242,STABILIZE,0.667499999999999,0.16999999999999998,
2025-11-09T00:04:11,Space,-0.17530248031541223,-0.24114189983693474,0.6362050632856385,PROTECT,0.6699999999999989,0.16999999999999998,
2025-11-09T00:04:12,Space,-0.33268510416569674,-0.39632494010343683,1.3062404810099628,STABILIZE,0.6724999999999989,0.16999999999999998,
2025-11-09T00:04:13,Space,-0.37034498538144217,-0.35232153281991907,1.6345578356948816,STABILIZE,0.6749999999999988,0.16999999999999998,
2025-11-09T00:04:14,Space,-0.21678197226921023,-0.12091235712905735,1.7954333394904918,STABILIZE,0.6724999999999989,0.16999999999999998,
2025-11-09T00:04:16,Space,0.2149692067418862,0.4500689437069759,1.8742623363503408,STABILIZE,0.6699999999999989,0.16999999999999998,
2025-11-09T00:04:17,Space,0.25307328250905536,0.11572010551392109,1.9128885448116668,STABILIZE,0.667499999999999,0.16999999999999998,
2025-11-09T00:04:18,Space,-0.10837405692512081,-0.26639733677678534,1.9318153869577166,STABILIZE,0.6699999999999989,0.16999999999999998,
2025-11-09T00:04:19,Space,0.10835333356974913,0.37057170825474556,1.9410895396092809,STABILIZE,0.667499999999999,0.16999999999999998,
2025-11-09T00:04:20,Space,0.42581322247692205,0.4649776628520578,1.9456338744085475,STABILIZE,0.664999999999999,0.16999999999999998,
2025-11-09T00:04:21,Space,0.62154956511,0.731041290087018,0.9788605984601881,EXPLORE,0.6624999999999991,0.16999999999999998,
2025-11-09T00:04:22,Space,0.4123096487337678,0.18917838997159625,1.474141693245492,STABILIZE,0.664999999999999,0.16999999999999998,
2025-11-09T00:04:23,Space,0.3823950560855258,0.5182501038836249,0.747829429690291,STABILIZE,0.667499999999999,0.16999999999999998,
2025-11-09T00:04:24,Space,0.44862607206210403,0.3997447024257557,0.39193642054824257,PROTECT,0.664999999999999,0.16999999999999998,
2025-11-09T00:04:25,Space,0.31310647554349924,0.25294711808493164,0.21754884606863883,PROTECT,0.667499999999999,0.16999999999999998,
2025-11-09T00:04:26,Space,0.3820983696577769,0.47203328130030076,1.101098934573633,PROTECT,0.664999999999999,0.16999999999999998,
2025-11-09T00:04:27,Space,0.030426879242956895,-0.27869786145146996,0.6160767527267379,PROTECT,0.667499999999999,0.16999999999999998,
2025-11-09T00:04:28,Space,-0.1922120331140489,-0.13231743212809674,1.2963776088361014,STABILIZE,0.6699999999999989,0.16999999999999998,
2025-11-09T00:04:29,Space,-0.061296634251260855,-0.01166251210943469,1.6297250283296896,STABILIZE,0.667499999999999,0.16999999999999998,
2025-11-09T00:04:30,Space,0.15833624051612186,0.277835367220886,1.7930652638815476,STABILIZE,0.664999999999999,0.16999999999999998,
2025-11-09T00:04:31,Space,0.4942801708148461,0.6457825919975919,0.9057029140333731,EXPLORE,0.6624999999999991,0.16999999999999998,
2025-11-09T00:04:32,Space,0.7476359373246877,0.8188077632369125,0.4692944278763528,PROTECT,0.6599999999999991,0.16999999999999998,
2025-11-09T00:04:33,Space,0.5903201582904549,0.4310288482784702,0.3082701487093017,PROTECT,0.6624999999999991,0.16999999999999998,
2025-11-09T00:04:34,Space,0.5828229869610371,0.6894684006058789,1.1455523728675576,PROTECT,0.664999999999999,0.16999999999999998,
2025-11-09T00:04:35,Space,0.6479496578029662,0.6193422232911383,1.555820662705103,EXPLORE,0.6624999999999991,0.16999999999999998,
2025-11-09T00:04:36,Space,0.36128863909784215,0.1802257687732668,1.7568521247255002,STABILIZE,0.664999999999999,0.16999999999999998,
2025-11-09T00:04:37,Space,0.048814885551371784,-0.04351541809942264,0.886357541115495,STABILIZE,0.667499999999999,0.16999999999999998,
2025-11-09T00:04:38,Space,0.07640947928524694,0.1600490984854562,1.4288151951465924,STABILIZE,0.664999999999999,0.16999999999999998,
2025-11-09T00:04:39,Space,0.2226671954499952,0.2652475755928501,1.6946194456218302,STABILIZE,0.6624999999999991,0.16999999999999998,
2025-11-09T00:04:40,Space,0.35072661919666553,0.4109901212360678,1.8248635283546966,STABILIZE,0.6599999999999991,0.16999999999999998,
2025-11-09T00:04:41,Space,0.5869996109262086,0.7101812893741148,1.888683128893801,EXPLORE,0.6574999999999992,0.16999999999999998,
2025-11-09T00:04:42,Space,0.7518440873067793,0.7808398002517767,0.9509547331579623,GROW,0.6549999999999992,0.16999999999999998,
2025-11-09T00:04:43,Space,0.7503150103154733,0.7293767466396774,0.4914678192474015,PROTECT,0.6574999999999992,0.16999999999999998,
2025-11-09T00:04:44,Space,0.21088670612915283,-0.15207021840151286,1.2353192314312267,STABILIZE,0.6599999999999991,0.16999999999999998,
2025-11-09T00:04:45,Space,-0.30096364085080773,-0.40580258476623077,0.6404880807238442,PROTECT,0.6624999999999991,0.16999999999999998,
2025-11-09T00:04:46,Space,-0.11847705881909273,0.08309786562710024,1.3083391595546834,STABILIZE,0.6599999999999991,0.16999999999999998,
2025-11-09T00:04:47,Space,0.27950641519918873,0.4162894063343439,1.002304115881483,STABILIZE,0.6574999999999992,0.16999999999999998,
2025-11-09T00:04:48,Space,0.5255538417317986,0.601615043041187,1.4856290167819264,EXPLORE,0.6549999999999992,0.16999999999999998,
2025-11-09T00:04:49,Space,0.2973292363761325,0.08467266487598506,0.7534582182231438,STABILIZE,0.6574999999999992,0.16999999999999998,
2025-11-09T00:04:50,Space,0.08096505718933301,0.07769207809921751,1.3636945269293403,STABILIZE,0.6599999999999991,0.16999999999999998,
2025-11-09T00:04:51,Space,0.3527525913279471,0.545236792633545,1.6627103181953766,STABILIZE,0.6574999999999992,0.16999999999999998,
2025-11-09T00:04:52,Space,0.6812349099020305,0.7764158844862257,1.8092280559157343,EXPLORE,0.6549999999999992,0.16999999999999998,
2025-11-09T00:04:53,Space,0.7124900394686611,0.6682418631680971,1.8810217473987096,GROW,0.6524999999999993,0.16999999999999998,
2025-11-09T00:04:54,Space,0.6339881419205321,0.6096025606073671,1.9162006562253675,EXPLORE,0.6549999999999992,0.16999999999999998,
2025-11-09T00:04:55,Space,0.29329376614935343,0.07192949570385798,1.9334383215504298,STABILIZE,0.6574999999999992,0.16999999999999998,
2025-11-09T00:04:56,Space,0.15838612511770045,0.2187310875823902,1.0989115957103086,STABILIZE,0.6599999999999991,0.16999999999999998,
2025-11-09T00:04:57,Space,0.3186699522922613,0.389057609109024,1.532966681898051,STABILIZE,0.6574999999999992,0.16999999999999998,
2025-11-09T00:04:58,Space,0.43659294050723607,0.47025395861565855,0.9997947355967938,STABILIZE,0.6549999999999992,0.16999999999999998,
2025-11-09T00:04:59,Space,0.16570333936401443,-0.047985818979934744,0.7652875304939322,PROTECT,0.6574999999999992,0.16999999999999998,
2025-11-09T00:05:00,Space,0.26459696265326343,0.48335832475779106,0.49167728940883637,PROTECT,0.6549999999999992,0.16999999999999998,
2025-11-09T00:05:01,Space,0.18728960427251054,-0.02103972292471784,0.2664218718103298,PROTECT,0.6574999999999992,0.16999999999999998,
2025-11-09T00:05:02,Space,-0.02462769627297885,-0.02657291419395617,1.1250467171870615,PROTECT,0.6599999999999991,0.16999999999999998,
2025-11-09T00:05:03,Space,0.2205875902804962,0.3932510005709253,1.54577289142166,STABILIZE,0.6574999999999992,0.16999999999999998,
2025-11-09T00:05:04,Space,0.41676788281609034,0.4322595377319216,0.7869621713623,STABILIZE,0.6549999999999992,0.16999999999999998,
2025-11-09T00:05:05,Space,0.6005601012149834,0.718315237059238,1.380111463967527,EXPLORE,0.6524999999999993,0.16999999999999998,
2025-11-09T00:05:06,Space,0.5640501824311932,0.4561001540469984,1.670754617344088,EXPLORE,0.6549999999999992,0.16999999999999998,
2025-11-09T00:05:07,Space,0.5578324787842399,0.6293889921749587,1.813169762498603,EXPLORE,0.6574999999999992,0.16999999999999998,
2025-11-09T00:05:09,Space,0.6088517931907458,0.594965039253716,0.9139531836243153,EXPLORE,0.6549999999999992,0.16999999999999998,
2025-11-09T00:05:10,Space,0.2983824573973794,0.0910083163645112,1.4423370599759144,STABILIZE,0.6574999999999992,0.16999999999999998,
2025-11-09T00:05:11,Space,0.3635226587954022,0.554273155714571,1.7012451593881979,STABILIZE,0.6549999999999992,0.16999999999999998,
2025-11-09T00:05:12,Space,0.2891267604800445,0.10348342128218616,1.8281101281002168,STABILIZE,0.6574999999999992,0.16999999999999998,
2025-11-09T00:05:13,Space,0.07183316201645698,0.049198257708122944,1.1276935954391263,STABILIZE,0.6599999999999991,0.16999999999999998,
2025-11-09T00:05:14,Space,0.32718985431375813,0.5216301391731255,0.5780698617651718,PROTECT,0.6574999999999992,0.16999999999999998,
2025-11-09T00:05:15,Space,0.5254952184688368,0.5275867886137533,1.277754232264934,EXPLORE,0.6549999999999992,0.16999999999999998,
2025-11-09T00:05:16,Space,0.24487593112879233,0.04582320099281906,1.6205995738098176,STABILIZE,0.6574999999999992,0.16999999999999998,
2025-11-09T00:05:17,Space,0.20028172948401607,0.30791501606928595,1.0105707213246709,STABILIZE,0.6599999999999991,0.16999999999999998,
2025-11-09T00:05:18,Space,-0.0842198512019054,-0.3587244002908499,1.4896796534490884,STABILIZE,0.6624999999999991,0.16999999999999998,
2025-11-09T00:05:19,Space,-0.05433719951962168,0.1581243121098562,1.7244430301900533,STABILIZE,0.6599999999999991,0.16999999999999998,
2025-11-09T00:05:20,Space,-0.14443003316361241,-0.3563795289948441,1.8394770847931259,STABILIZE,0.6624999999999991,0.16999999999999998,
2025-11-09T00:05:21,Space,-0.4010747568854951,-0.43205617875488145,0.945991625163761,STABILIZE,0.664999999999999,0.16999999999999998,
2025-11-09T00:05:22,Space,-0.44659769408284095,-0.4580896008603036,0.5915949138431394,PROTECT,0.667499999999999,0.16999999999999998,
2025-11-09T00:05:23,Space,-0.025434422328940054,0.2772820003226174,1.2843815077831382,STABILIZE,0.664999999999999,0.16999999999999998,
2025-11-09T00:05:24,Space,0.3728679881102557,0.4390523225442087,0.6634079992663594,STABILIZE,0.6624999999999991,0.16999999999999998,
2025-11-09T00:05:25,Space,0.23530044127973315,0.09223995439334293,1.3195699196405162,STABILIZE,0.664999999999999,0.16999999999999998,
2025-11-09T00:05:26,Space,0.0828929123812785,0.0755428308488911,1.6410892606238527,STABILIZE,0.667499999999999,0.16999999999999998,
2025-11-09T00:05:27,Space,0.16823657286481963,0.2319579999403104,0.8752780726360864,STABILIZE,0.664999999999999,0.16999999999999998,
2025-11-09T00:05:28,Space,0.27960051089403837,0.3131834752350175,0.4543862555916823,PROTECT,0.6624999999999991,0.16999999999999998,
2025-11-09T00:05:29,Space,0.5002244754484965,0.6308764721988012,1.2171492652399243,EXPLORE,0.6599999999999991,0.16999999999999998,
2025-11-09T00:05:30,Space,0.5925873270264527,0.5660725539326341,1.5909031399675628,EXPLORE,0.6574999999999992,0.16999999999999998,
2025-11-09T00:05:31,Space,0.6594761110796129,0.724407779266691,1.7740425385841057,EXPLORE,0.6549999999999992,0.16999999999999998,
2025-11-09T00:05:32,Space,0.7383417211650403,0.7476064110306311,1.8637808439062116,GROW,0.6524999999999993,0.16999999999999998,
2025-11-09T00:05:33,Space,0.5565026727496312,0.4218775577092352,1.9077526135140435,EXPLORE,0.6549999999999992,0.16999999999999998,
2025-11-09T00:05:34,Space,0.5336303194832037,0.6122110869265956,0.9602987806218811,EXPLORE,0.6574999999999992,0.16999999999999998,
2025-11-09T00:05:35,Space,0.7261180786430705,0.8057861001674504,1.4650464025047216,GROW,0.6549999999999992,0.16999999999999998,
2025-11-09T00:05:36,Space,0.863797232254756,0.9043925019967207,1.7123727372273134,GROW,0.6524999999999993,0.16999999999999998,
2025-11-09T00:05:37,Space,0.557902058388937,0.3149905646762509,1.8335626412413835,EXPLORE,0.6549999999999992,0.16999999999999998,
2025-11-09T00:05:38,Space,0.4732656644925837,0.5845755396536649,1.8929456942082779,EXPLORE,0.6574999999999992,0.16999999999999998,
2025-11-09T00:05:39,Space,0.5166185886193557,0.4692054616989895,1.0709388451719475,EXPLORE,0.6549999999999992,0.16999999999999998,
2025-11-09T00:05:40,Space,0.1393493700772634,-0.09227128083135981,0.5502600341342542,PROTECT,0.6574999999999992,0.16999999999999998,
2025-11-09T00:05:41,Space,0.1399762263911699,0.3021374368207589,1.2641274167257843,STABILIZE,0.6549999999999992,0.16999999999999998,
2025-11-09T00:05:42,Space,0.3690896188471598,0.4162409659038653,1.613922434195634,STABILIZE,0.6524999999999993,0.16999999999999998,
2025-11-09T00:05:43,Space,0.10638739924783361,-0.11117185184287488,1.7853219927558603,STABILIZE,0.6549999999999992,0.16999999999999998,
2025-11-09T00:05:44,Space,-0.06273348197017828,-0.029513697149562434,1.8693077764503714,STABILIZE,0.6574999999999992,0.16999999999999998,
2025-11-09T00:05:45,Space,0.14762814170707098,0.2721188042038343,0.9552576809368853,STABILIZE,0.6549999999999992,0.16999999999999998,
2025-11-09T00:05:46,Space,0.488760822216646,0.6403504292733349,1.4625762636590736,EXPLORE,0.6524999999999993,0.16999999999999998,
2025-11-09T00:05:47,Space,0.6174832416882879,0.601965178985178,0.7421623691929459,EXPLORE,0.6499999999999994,0.16999999999999998,
2025-11-09T00:05:48,Space,0.4383337112158624,0.3231067941047851,1.3581595609045434,STABILIZE,0.6524999999999993,0.16999999999999998,
2025-11-09T00:05:49,Space,0.36971218430740127,0.4031910462530808,1.659998184843226,STABILIZE,0.6549999999999992,0.16999999999999998,
2025-11-09T00:05:50,Space,0.18397128953427633,0.03045821482931914,1.8078991105731805,STABILIZE,0.6574999999999992,0.16999999999999998,
2025-11-09T00:05:51,Space,0.021557187346649326,0.01477537703483337,1.8803705641808584,STABILIZE,0.6599999999999991,0.16999999999999998,
2025-11-09T00:05:52,Space,-0.09753808715285425,-0.17614744223719847,1.9158815764486203,STABILIZE,0.6624999999999991,0.16999999999999998,
2025-11-09T00:05:53,Space,-0.09845236674231267,-0.04482658620452576,0.9643645694460146,STABILIZE,0.664999999999999,0.16999999999999998,
2025-11-09T00:05:54,Space,-0.27613205380950895,-0.4384224749406754,0.4980386390285471,PROTECT,0.667499999999999,0.16999999999999998,
2025-11-09T00:05:55,Space,-0.3242793854659629,-0.24508214005458986,1.238538933123988,STABILIZE,0.6699999999999989,0.16999999999999998,
2025-11-09T00:05:56,Space,-0.24487670315253202,-0.24430512740368954,0.6323840772307541,PROTECT,0.667499999999999,0.16999999999999998,
2025-11-09T00:05:57,Space,0.035234572949856824,0.23048367704760706,1.3043681978430692,STABILIZE,0.664999999999999,0.16999999999999998,
2025-11-09T00:05:59,Space,0.1324379593311866,0.06294257528266634,1.6336404169431038,STABILIZE,0.6624999999999991,0.16999999999999998,
2025-11-09T00:06:01,Space,0.18197953905117192,0.27297849966662024,0.46891788485946434,PROTECT,0.6624999999999991,0.16999999999999998,
2025-11-09T00:06:02,Space,0.3103971648387376,0.33683750149502584,1.2242697635811375,STABILIZE,0.6599999999999991,0.16999999999999998,
2025-11-09T00:06:03,Space,0.45187377314251076,0.5317094483774077,1.5943921841547573,EXPLORE,0.6574999999999992,0.16999999999999998,
2025-11-09T00:06:04,Space,0.08783477819089358,-0.22305242969260947,0.9450323762847898,STABILIZE,0.6599999999999991,0.16999999999999998,
2025-11-09T00:06:05,Space,-0.251668005086802,-0.27182327156114694,1.4575658643795468,STABILIZE,0.6624999999999991,0.16999999999999998,
2025-11-09T00:06:06,Space,-0.2138916700378946,-0.17410943763815098,1.7087072735459778,STABILIZE,0.6599999999999991,0.16999999999999998,
2025-11-09T00:06:07,Space,0.1780988302299658,0.4246432016751587,1.831766564037529,STABILIZE,0.6574999999999992,0.16999999999999998,
2025-11-09T00:06:08,Space,0.30867107482068407,0.22809364533440668,1.8920656163783889,STABILIZE,0.6549999999999992,0.16999999999999998,
2025-11-09T00:06:09,Space,0.4142496567439795,0.5443962153607613,1.9216121520254104,STABILIZE,0.6524999999999993,0.16999999999999998,
2025-11-09T00:06:10,Space,0.4186668818505852,0.331608961759953,1.9360899544924508,STABILIZE,0.6499999999999994,0.16999999999999998,
2025-11-09T00:06:11,Space,0.38596177641182505,0.42368428141477016,1.9431840777013007,STABILIZE,0.6524999999999993,0.16999999999999998,
2025-11-09T00:06:12,Space,0.4642822374721447,0.49313846608441514,1.0571136339771061,EXPLORE,0.6499999999999994,0.16999999999999998,
2025-11-09T00:06:13,Space,0.4530854080561541,0.4248875815707563,0.550634141221473,PROTECT,0.6524999999999993,0.16999999999999998,
2025-11-09T00:06:14,Space,0.013207913481143363,-0.27513574166646726,0.37392570079276227,PROTECT,0.6549999999999992,0.16999999999999998,
2025-11-09T00:06:15,Space,-0.3786821000591814,-0.4522589997785589,1.1777235933884533,PROTECT,0.6574999999999992,0.16999999999999998,
2025-11-09T00:06:16,Space,-0.03225278556294198,0.26157450125806847,0.6025845607603422,PROTECT,0.6549999999999992,0.16999999999999998,
2025-11-09T00:06:17,Space,0.12507342883194672,0.0301072180330969,1.2897664347725675,STABILIZE,0.6524999999999993,0.16999999999999998,
2025-11-09T00:06:18,Space,0.2734859314979373,0.4436374341700928,1.626485553038558,STABILIZE,0.6499999999999994,0.16999999999999998,
2025-11-09T00:06:19,Space,0.010868888216820582,-0.29208206820190585,0.8224779209888933,STABILIZE,0.6524999999999993,0.16999999999999998,
2025-11-09T00:06:20,Space,-0.03503731309379385,0.144397661499275,1.3975141812845577,STABILIZE,0.6549999999999992,0.16999999999999998,
2025-11-09T00:06:21,Space,0.2626410778977342,0.34484715455278625,0.7102819488294333,STABILIZE,0.6524999999999993,0.16999999999999998,
2025-11-09T00:06:22,Space,0.4035030955658634,0.4449161032240312,1.3425381549264221,STABILIZE,0.6499999999999994,0.16999999999999998,
2025-11-09T00:06:23,Space,0.33219933938367335,0.2525548225550842,0.6833436959139468,STABILIZE,0.6524999999999993,0.16999999999999998,
2025-11-09T00:06:24,Space,0.46102968515994835,0.6067957796077224,1.329338410997834,EXPLORE,0.6499999999999994,0.16999999999999998,
2025-11-09T00:06:25,Space,0.5486591163192491,0.5068690257438644,1.6458758213889384,EXPLORE,0.6474999999999994,0.16999999999999998,
2025-11-09T00:06:26,Space,0.4177391545999887,0.3553201580352146,1.8009791524805796,STABILIZE,0.6499999999999994,0.16999999999999998,
2025-11-09T00:06:27,Space,0.35654442294211214,0.3572443569658148,1.8769797847154839,STABILIZE,0.6524999999999993,0.16999999999999998,
2025-11-09T00:06:28,Space,0.5027911157723363,0.6044731775624493,0.997782557773918,EXPLORE,0.6499999999999994,0.16999999999999998,
2025-11-09T00:06:29,Space,0.6644442029130693,0.7060249042143983,1.4834134533092196,EXPLORE,0.6474999999999994,0.16999999999999998,
2025-11-09T00:06:30,Space,0.7143029000247305,0.7195650600889688,0.8238210171621546,GROW,0.6449999999999995,0.16999999999999998,
2025-11-09T00:06:31,Space,0.40576866315209836,0.18606036312582275,0.4291722984094557,PROTECT,0.6474999999999994,0.16999999999999998,
2025-11-09T00:06:32,Space,0.15687580781890093,0.13572720305228597,1.2047944262206332,PROTECT,0.6499999999999994,0.16999999999999998,
2025-11-09T00:06:33,Space,0.2630564252512034,0.35263811762834274,0.6482991124276577,PROTECT,0.6474999999999994,0.16999999999999998,
2025-11-09T00:06:34,Space,0.5455233643153515,0.6804949812791176,1.3121665650895522,EXPLORE,0.6449999999999995,0.16999999999999998,
2025-11-09T00:06:35,Space,0.7539408775445255,0.805068877272449,1.6374616168938805,GROW,0.6424999999999995,0.16999999999999998,
2025-11-09T00:06:36,Space,0.7844947685496151,0.769609861690075,0.8625758481454577,GROW,0.6399999999999996,0.16999999999999998,
2025-11-09T00:06:37,Space,0.2399465783597038,-0.1308598075642325,1.4171621655912743,STABILIZE,0.6424999999999995,0.16999999999999998,
2025-11-09T00:06:38,Space,-0.2521354178906702,-0.3367586367635282,0.7199094611397243,STABILIZE,0.6449999999999995,0.16999999999999998,
2025-11-09T00:06:39,Space,-0.3754171426118851,-0.4032511839447981,1.3472556359584649,STABILIZE,0.6474999999999994,0.16999999999999998,
2025-11-09T00:06:40,Space,-0.20752534592761282,-0.07086609001466573,0.6856552616196477,STABILIZE,0.6449999999999995,0.16999999999999998,
2025-11-09T00:06:41,Space,-0.012432417519622617,0.029347680346013365,0.43999354417269587,PROTECT,0.6424999999999995,0.16999999999999998,
2025-11-09T00:06:42,Space,0.12880074555492355,0.198581115190756,0.2949384902762638,PROTECT,0.6399999999999996,0.16999999999999998,
2025-11-09T00:06:43,Space,-0.144347376045961,-0.3845661242221716,0.17001986023536925,PROTECT,0.6424999999999995,0.16999999999999998,
2025-11-09T00:06:44,Space,-0.4406785746803492,-0.47945836379838247,1.0778097315153308,PROTECT,0.6449999999999995,0.16999999999999998,
2025-11-09T00:06:45,Space,-0.23317172450741874,-0.06070370330897583,0.574736722887671,PROTECT,0.6424999999999995,0.16999999999999998,
2025-11-09T00:06:47,Space,-0.2847482813829181,-0.4419858046013091,1.2761209942149587,STABILIZE,0.6449999999999995,0.16999999999999998,
2025-11-09T00:06:48,Space,-0.013522439125979335,0.28629967850888943,1.6197992871653295,STABILIZE,0.6424999999999995,0.16999999999999998,
2025-11-09T00:06:49,Space,-0.09953675022086839,-0.36962517411260276,1.7882016507110112,STABILIZE,0.6449999999999995,0.16999999999999998,
2025-11-09T00:06:50,Space,-0.08982059835100792,0.10649056390028126,0.903532538827481,STABILIZE,0.6424999999999995,0.16999999999999998,
2025-11-09T00:06:51,Space,-0.08993184469042191,-0.22706688207061282,1.4372309440254656,STABILIZE,0.6449999999999995,0.16999999999999998,
2025-11-09T00:06:52,Space,-0.027226502899576593,0.112696368777149,1.698743162572478,STABILIZE,0.6424999999999995,0.16999999999999998,
2025-11-09T00:06:53,Space,0.3660903666000084,0.5432288481280856,0.8600137904068798,STABILIZE,0.6399999999999996,0.16999999999999998,
2025-11-09T00:06:54,Space,0.6150518654761696,0.6649560305173161,1.4159067572993709,EXPLORE,0.6374999999999996,0.16999999999999998,
2025-11-09T00:06:55,Space,0.616561440968115,0.5829033124224465,1.6882943110766917,EXPLORE,0.6349999999999997,0.16999999999999998,
2025-11-09T00:06:56,Space,0.5338399654889001,0.49915735778374914,1.8217642124275788,EXPLORE,0.6374999999999996,0.16999999999999998,
2025-11-09T00:06:57,Space,0.49211632242416836,0.4879816053889934,1.8871644640895133,EXPLORE,0.6399999999999996,0.16999999999999998,
2025-11-09T00:06:58,Space,0.5996251754487115,0.677265244331495,0.9502105874038613,EXPLORE,0.6374999999999996,0.16999999999999998,
2025-11-09T00:06:59,Space,0.34860250868816645,0.1188757237060559,1.460103187827892,STABILIZE,0.6399999999999996,0.16999999999999998,
2025-11-09T00:07:00,Space,0.33493877109458026,0.4863774616683578,1.709950562035667,STABILIZE,0.6424999999999995,0.16999999999999998,
2025-11-09T00:07:01,Space,0.5733058722635219,0.6333456261722611,0.8633757753974767,EXPLORE,0.6399999999999996,0.16999999999999998,
2025-11-09T00:07:02,Space,0.6085959996004316,0.5916456759891656,0.534106596860214,PROTECT,0.6374999999999996,0.16999999999999998,
2025-11-09T00:07:03,Space,0.6912861276937201,0.7607649523774331,1.2562122324615048,EXPLORE,0.6349999999999997,0.16999999999999998,
2025-11-09T00:07:04,Space,0.23253632591502493,-0.1372237799395904,0.8403574505578724,STABILIZE,0.6374999999999996,0.16999999999999998,
2025-11-09T00:07:05,Space,-0.0676551095700218,-0.019648121301097377,0.43727515077335743,PROTECT,0.6399999999999996,0.16999999999999998,
2025-11-09T00:07:06,Space,0.08946443701499888,0.1659307250353768,0.23976482387894515,PROTECT,0.6374999999999996,0.16999999999999998,
2025-11-09T00:07:07,Space,-0.18384835627745427,-0.42869372580096077,0.14298476370068314,PROTECT,0.6399999999999996,0.16999999999999998,
2025-11-09T00:07:08,Space,-0.1760141266832035,0.001159958721538415,0.09556253421333473,PROTECT,0.6374999999999996,0.16999999999999998,
